datetime,open,high,low,close,tick_volume,spread,real_volume,volume
2023-12-31 23:00:00,14243.342,14251.579,14222.033,14235.646,3522,1420,0,3522
2024-01-01 00:00:00,14235.64,14255.308,14218.59,14240.593,3524,1420,0,3524
2024-01-01 01:00:00,14240.586,14293.133,14227.219,14280.678,3542,1420,0,3542
2024-01-01 02:00:00,14280.654,14280.654,14254.624,14257.34,3550,1420,0,3550
2024-01-01 03:00:00,14257.327,14291.105,14256.741,14281.901,3524,1420,0,3524
2024-01-01 04:00:00,14281.899,14303.783,14267.82,14290.09,3533,1420,0,3533
2024-01-01 05:00:00,14290.087,14314.591,14283.995,14283.995,3517,1420,0,3517
2024-01-01 06:00:00,14283.987,14283.987,14252.414,14263.22,3529,1420,0,3529
2024-01-01 07:00:00,14263.211,14264.01,14244.776,14256.547,3509,1420,0,3509
2024-01-01 08:00:00,14256.53,14285.14,14244.726,14244.726,3531,1420,0,3531
2024-01-01 09:00:00,14244.708,14275.537,14235.654,14254.197,3542,1420,0,3542
2024-01-01 10:00:00,14254.172,14282.382,14245.508,14245.518,3530,1420,0,3530
2024-01-01 11:00:00,14245.513,14245.513,14193.523,14193.523,3524,1410,0,3524
2024-01-01 12:00:00,14193.517,14226.977,14192.403,14203.933,3530,1410,0,3530
2024-01-01 13:00:00,14203.924,14238.796,14202.626,14216.714,3541,1420,0,3541
2024-01-01 14:00:00,14216.687,14216.687,14181.529,14191.174,3523,1410,0,3523
2024-01-01 15:00:00,14191.157,14205.887,14148.376,14202.491,3528,1410,0,3528
2024-01-01 16:00:00,14202.479,14217.558,14188.365,14191.217,3530,1410,0,3530
2024-01-01 17:00:00,14191.215,14213.262,14174.692,14178.847,3533,1410,0,3533
2024-01-01 18:00:00,14178.821,14256.591,14174.621,14255.247,3533,1410,0,3533
2024-01-01 19:00:00,14255.222,14260.076,14232.27,14256.417,3529,1420,0,3529
2024-01-01 20:00:00,14256.393,14258.01,14232.551,14257.635,3539,1420,0,3539
2024-01-01 21:00:00,14257.63,14373.872,14254.337,14363.539,3542,1420,0,3542
2024-01-01 22:00:00,14363.533,14363.533,14315.908,14315.908,3522,1430,0,3522
2024-01-01 23:00:00,14315.899,14317.426,14287.04,14317.219,3534,1420,0,3534
2024-01-02 00:00:00,14317.219,14339.815,14306.545,14328.718,3539,1430,0,3539
2024-01-02 01:00:00,14328.709,14379.322,14326.123,14356.334,3538,1430,0,3538
2024-01-02 02:00:00,14356.334,14370.906,14344.982,14344.982,3531,1430,0,3531
2024-01-02 03:00:00,14344.975,14344.975,14315.424,14315.424,3521,1430,0,3521
2024-01-02 04:00:00,14315.408,14346.665,14311.394,14315.388,3525,1430,0,3525
2024-01-02 05:00:00,14315.382,14315.382,14275.708,14275.708,3524,1420,0,3524
2024-01-02 06:00:00,14275.706,14320.864,14272.273,14302.113,3540,1420,0,3540
2024-01-02 07:00:00,14302.085,14307.827,14273.447,14299.312,3523,1420,0,3523
2024-01-02 08:00:00,14299.294,14300.781,14269.193,14269.193,3533,1420,0,3533
2024-01-02 09:00:00,14269.181,14269.181,14221.547,14230.753,3521,1420,0,3521
2024-01-02 10:00:00,14230.723,14242.372,14198.074,14230.877,3547,1410,0,3547
2024-01-02 11:00:00,14230.869,14258.11,14208.576,14254.917,3533,1420,0,3533
2024-01-02 12:00:00,14254.903,14302.645,14249.978,14269.564,3534,1420,0,3534
2024-01-02 13:00:00,14269.533,14302.585,14253.8,14276.697,3523,1420,0,3523
2024-01-02 14:00:00,14276.694,14318.814,14269.7,14277.397,3512,1420,0,3512
2024-01-02 15:00:00,14277.359,14282.481,14258.633,14258.678,3529,1420,0,3529
2024-01-02 16:00:00,14258.665,14258.665,14212.651,14212.651,3537,1420,0,3537
2024-01-02 17:00:00,14212.627,14216.954,14173.724,14173.724,3534,1410,0,3534
2024-01-02 18:00:00,14173.72,14196.756,14173.219,14173.794,3535,1410,0,3535
2024-01-02 19:00:00,14173.768,14175.788,14149.782,14173.705,3544,1410,0,3544
2024-01-02 20:00:00,14173.688,14173.688,14136.102,14166.736,3532,1410,0,3532
2024-01-02 21:00:00,14166.729,14177.931,14138.712,14173.01,3530,1410,0,3530
2024-01-02 22:00:00,14173.001,14198.971,14159.139,14179.227,3520,1410,0,3520
2024-01-02 23:00:00,14179.221,14179.221,14144.27,14153.692,3521,1410,0,3521
2024-01-03 00:00:00,14153.67,14180.212,14145.512,14145.512,3530,1410,0,3530
2024-01-03 01:00:00,14145.492,14145.492,14097.729,14097.729,3518,1400,0,3518
2024-01-03 02:00:00,14097.704,14104.808,14065.885,14065.885,3532,1400,0,3532
2024-01-03 03:00:00,14065.882,14079.2,14053.555,14073.132,3520,1400,0,3520
2024-01-03 04:00:00,14073.121,14073.121,14030.429,14030.429,3535,1400,0,3535
2024-01-03 05:00:00,14030.42,14117.164,14029.546,14095.398,3548,1400,0,3548
2024-01-03 06:00:00,14095.375,14127.076,14093.692,14113.501,3545,1400,0,3545
2024-01-03 07:00:00,14113.469,14133.216,14094.104,14094.104,3531,1400,0,3531
2024-01-03 08:00:00,14094.101,14133.532,14082.693,14128.38,3534,1400,0,3534
2024-01-03 09:00:00,14128.341,14176.184,14125.585,14170.564,3522,1410,0,3522
2024-01-03 10:00:00,14170.535,14206.986,14160.113,14203.206,3536,1410,0,3536
2024-01-03 11:00:00,14203.19,14216.965,14180.335,14190.198,3530,1410,0,3530
2024-01-03 12:00:00,14190.172,14255.672,14187.842,14249.153,3517,1410,0,3517
2024-01-03 13:00:00,14249.145,14249.145,14213.329,14237.835,3535,1420,0,3535
2024-01-03 14:00:00,14237.818,14237.818,14201.9,14222.479,3537,1420,0,3537
2024-01-03 15:00:00,14222.461,14222.461,14201.401,14203.109,3532,1420,0,3532
2024-01-03 16:00:00,14203.087,14222.893,14189.043,14199.81,3526,1410,0,3526
2024-01-03 17:00:00,14199.797,14208.978,14180.284,14181.93,3517,1410,0,3517
2024-01-03 18:00:00,14181.923,14181.923,14155.105,14167.591,3533,1410,0,3533
2024-01-03 19:00:00,14167.584,14179.471,14145.9,14162.223,3543,1410,0,3543
2024-01-03 20:00:00,14162.206,14182.276,14156.165,14169.195,3507,1410,0,3507
2024-01-03 21:00:00,14169.178,14212.551,14162.744,14183.797,3535,1410,0,3535
2024-01-03 22:00:00,14183.787,14206.52,14164.923,14202.784,3553,1410,0,3553
2024-01-03 23:00:00,14202.782,14245.257,14188.082,14229.928,3547,1410,0,3547
2024-01-04 00:00:00,14229.916,14229.916,14193.131,14224.56,3533,1410,0,3533
2024-01-04 01:00:00,14224.547,14224.82,14192.725,14192.725,3514,1410,0,3514
2024-01-04 02:00:00,14192.706,14192.706,14163.767,14167.048,3537,1410,0,3537
2024-01-04 03:00:00,14167.012,14200.995,14166.475,14189.246,3527,1410,0,3527
2024-01-04 04:00:00,14189.244,14258.96,14178.254,14245.174,3519,1410,0,3519
2024-01-04 05:00:00,14245.173,14293.165,14241.825,14280.774,3529,1420,0,3529
2024-01-04 06:00:00,14280.754,14280.754,14247.332,14247.332,3537,1420,0,3537
2024-01-04 07:00:00,14247.309,14259.002,14222.904,14222.904,3522,1420,0,3522
2024-01-04 08:00:00,14222.897,14233.974,14208.086,14208.497,3526,1420,0,3526
2024-01-04 09:00:00,14208.49,14229.099,14197.262,14208.12,3537,1410,0,3537
2024-01-04 10:00:00,14208.12,14208.12,14163.43,14163.43,3528,1410,0,3528
2024-01-04 11:00:00,14163.427,14213.556,14161.197,14198.701,3541,1410,0,3541
2024-01-04 12:00:00,14198.684,14212.839,14189.388,14193.434,3533,1410,0,3533
2024-01-04 13:00:00,14193.421,14193.421,14145.327,14145.327,3521,1410,0,3521
2024-01-04 14:00:00,14145.312,14161.52,14132.969,14141.435,3539,1410,0,3539
2024-01-04 15:00:00,14141.42,14204.443,14139.901,14202.093,3525,1410,0,3525
2024-01-04 16:00:00,14202.07,14202.07,14150.033,14150.033,3516,1410,0,3516
2024-01-04 17:00:00,14150.016,14150.016,14106.125,14106.125,3519,1410,0,3519
2024-01-04 18:00:00,14106.119,14167.243,14105.463,14159.454,3527,1410,0,3527
2024-01-04 19:00:00,14159.435,14169.469,14143.668,14168.162,3528,1410,0,3528
2024-01-04 20:00:00,14168.153,14168.153,14130.704,14153.006,3533,1410,0,3533
2024-01-04 21:00:00,14152.998,14152.998,14103.815,14103.815,3537,1410,0,3537
2024-01-04 22:00:00,14103.787,14120.527,14076.779,14076.779,3523,1400,0,3523
2024-01-04 23:00:00,14076.775,14112.073,14058.769,14105.17,3523,1400,0,3523
2024-01-05 00:00:00,14105.128,14105.184,14074.131,14074.131,3533,1400,0,3533
2024-01-05 01:00:00,14074.108,14096.047,14048.067,14048.067,3539,1400,0,3539
2024-01-05 02:00:00,14048.053,14048.224,14014.543,14014.543,3523,1400,0,3523
2024-01-05 03:00:00,14014.542,14083.859,14010.182,14066.878,3532,1400,0,3532
2024-01-05 04:00:00,14066.859,14137.868,14060.241,14131.828,3525,1400,0,3525
2024-01-05 05:00:00,14131.827,14179.035,14121.742,14178.128,3524,1410,0,3524
2024-01-05 06:00:00,14178.115,14192.441,14169.1,14181.719,3525,1410,0,3525
2024-01-05 07:00:00,14181.71,14181.71,14141.409,14146.698,3529,1410,0,3529
2024-01-05 08:00:00,14146.694,14249.198,14146.403,14247.12,3535,1410,0,3535
2024-01-05 09:00:00,14247.094,14247.094,14202.441,14202.441,3529,1420,0,3529
2024-01-05 10:00:00,14202.427,14202.427,14171.752,14171.752,3513,1410,0,3513
2024-01-05 11:00:00,14171.71,14208.933,14167.775,14200.949,3517,1410,0,3517
2024-01-05 12:00:00,14200.944,14200.944,14165.887,14184.624,3516,1410,0,3516
2024-01-05 13:00:00,14184.623,14208.083,14178.592,14205.611,3537,1410,0,3537
2024-01-05 14:00:00,14205.605,14227.952,14185.834,14202.934,3526,1410,0,3526
2024-01-05 15:00:00,14202.923,14222.855,14197.396,14214.367,3532,1410,0,3532
2024-01-05 16:00:00,14214.349,14222.187,14183.767,14183.767,3524,1410,0,3524
2024-01-05 17:00:00,14183.753,14194.138,14159.889,14169.301,3524,1410,0,3524
2024-01-05 18:00:00,14169.296,14172.556,14141.359,14141.484,3538,1410,0,3538
2024-01-05 19:00:00,14141.473,14153.524,14126.951,14126.951,3529,1410,0,3529
2024-01-05 20:00:00,14126.944,14136.952,14104.833,14109.286,3521,1410,0,3521
2024-01-05 21:00:00,14109.268,14132.805,14102.69,14111.642,3541,1410,0,3541
2024-01-05 22:00:00,14111.613,14173.259,14109.783,14171.176,3526,1410,0,3526
2024-01-05 23:00:00,14171.144,14171.758,14154.286,14158.134,3519,1410,0,3519
2024-01-06 00:00:00,14158.128,14158.128,14116.423,14138.727,3537,1410,0,3537
2024-01-06 01:00:00,14138.726,14144.951,14113.612,14124.746,3514,1410,0,3514
2024-01-06 02:00:00,14124.743,14183.819,14118.027,14148.513,3535,1410,0,3535
2024-01-06 03:00:00,14148.508,14210.927,14145.471,14186.375,3524,1410,0,3524
2024-01-06 04:00:00,14186.362,14232.298,14158.865,14223.383,3535,1410,0,3535
2024-01-06 05:00:00,14223.369,14258.233,14220.532,14244.451,3543,1420,0,3543
2024-01-06 06:00:00,14244.445,14244.445,14207.754,14213.98,3515,1420,0,3515
2024-01-06 07:00:00,14213.953,14218.599,14183.693,14183.693,3539,1410,0,3539
2024-01-06 08:00:00,14183.674,14183.674,14157.267,14159.758,3524,1410,0,3524
2024-01-06 09:00:00,14164.388,14164.388,14128.402,14141.201,3524,1410,0,3524
2024-01-06 10:00:00,14141.184,14158.819,14131.097,14157.498,3530,1410,0,3530
2024-01-06 11:00:00,14157.49,14250.089,14149.682,14240.686,3525,1410,0,3525
2024-01-06 12:00:00,14240.68,14240.68,14200.792,14200.792,3540,1420,0,3540
2024-01-06 13:00:00,14200.781,14200.781,14150.323,14150.323,3543,1410,0,3543
2024-01-06 14:00:00,14150.314,14203.339,14135.89,14189.675,3533,1410,0,3533
2024-01-06 15:00:00,14189.661,14189.661,14145.568,14159.838,3536,1410,0,3536
2024-01-06 16:00:00,14159.831,14159.831,14116.082,14116.082,3528,1410,0,3528
2024-01-06 17:00:00,14116.072,14129.499,14092.179,14110.753,3526,1400,0,3526
2024-01-06 18:00:00,14110.744,14147.402,14107.501,14141.73,3535,1410,0,3535
2024-01-06 19:00:00,14141.711,14181.675,14134.09,14172.877,3536,1410,0,3536
2024-01-06 20:00:00,14172.84,14202.015,14160.118,14191.244,3529,1410,0,3529
2024-01-06 21:00:00,14191.209,14222.391,14181.719,14218.167,3524,1410,0,3524
2024-01-06 22:00:00,14218.161,14243.961,14211.574,14211.574,3536,1420,0,3536
2024-01-06 23:00:00,14211.565,14211.565,14171.004,14173.582,3525,1410,0,3525
2024-01-07 00:00:00,14173.574,14189.783,14144.514,14144.514,3530,1410,0,3530
2024-01-07 01:00:00,14144.513,14151.471,14123.793,14143.801,3533,1410,0,3533
2024-01-07 02:00:00,14143.783,14153.062,14125.537,14125.537,3533,1410,0,3533
2024-01-07 03:00:00,14125.521,14178.584,14121.371,14136.561,3532,1410,0,3532
2024-01-07 04:00:00,14136.542,14136.542,14098.858,14118.143,3522,1410,0,3522
2024-01-07 05:00:00,14118.128,14198.956,14116.468,14174.629,3532,1410,0,3532
2024-01-07 06:00:00,14174.627,14212.156,14174.625,14178.945,3529,1410,0,3529
2024-01-07 07:00:00,14178.945,14192.654,14158.421,14184.958,3528,1410,0,3528
2024-01-07 08:00:00,14184.922,14184.922,14151.792,14167.835,3534,1410,0,3534
2024-01-07 09:00:00,14167.807,14167.807,14126.607,14126.607,3537,1410,0,3537
2024-01-07 10:00:00,14126.585,14233.851,14125.469,14227.768,3525,1410,0,3525
2024-01-07 11:00:00,14227.751,14227.751,14187.993,14187.993,3525,1410,0,3525
2024-01-07 12:00:00,14187.973,14197.461,14151.503,14196.483,3542,1410,0,3542
2024-01-07 13:00:00,14196.48,14196.48,14156.696,14156.696,3537,1410,0,3537
2024-01-07 14:00:00,14156.693,14289.207,14154.981,14285.992,3522,1410,0,3522
2024-01-07 15:00:00,14285.976,14285.976,14244.972,14251.741,3530,1420,0,3530
2024-01-07 16:00:00,14251.736,14300.201,14235.439,14278.61,3528,1420,0,3528
2024-01-07 17:00:00,14278.606,14333.953,14277.008,14309.412,3543,1420,0,3543
2024-01-07 18:00:00,14309.395,14309.395,14264.864,14264.864,3544,1420,0,3544
2024-01-07 19:00:00,14264.836,14264.836,14215.625,14215.625,3533,1420,0,3533
2024-01-07 20:00:00,14215.612,14230.998,14195.483,14219.422,3545,1410,0,3545
2024-01-07 21:00:00,14219.41,14243.795,14202.377,14234.398,3527,1420,0,3527
2024-01-07 22:00:00,14234.372,14255.136,14223.906,14223.906,3522,1420,0,3522
2024-01-07 23:00:00,14223.892,14227.405,14199.222,14199.222,3527,1420,0,3527
2024-01-08 00:00:00,14199.207,14228.417,14185.592,14213.202,3523,1410,0,3523
2024-01-08 01:00:00,14213.201,14213.201,14165.786,14165.786,3514,1410,0,3514
2024-01-08 02:00:00,14165.77,14203.646,14165.071,14192.614,3528,1410,0,3528
2024-01-08 03:00:00,14192.601,14206.689,14163.238,14163.238,3533,1410,0,3533
2024-01-08 04:00:00,14163.211,14164.738,14133.165,14162.091,3531,1410,0,3531
2024-01-08 05:00:00,14162.081,14162.081,14121.217,14147.663,3522,1410,0,3522
2024-01-08 06:00:00,14147.657,14183.641,14140.784,14164.512,3534,1410,0,3534
2024-01-08 07:00:00,14164.501,14191.963,14159.464,14161.257,3531,1410,0,3531
2024-01-08 08:00:00,14161.24,14166.273,14135.143,14135.143,3516,1410,0,3516
2024-01-08 09:00:00,14135.123,14180.417,14129.323,14174.217,3515,1410,0,3515
2024-01-08 10:00:00,14174.203,14207.97,14147.361,14203.183,3539,1410,0,3539
2024-01-08 11:00:00,14203.164,14223.199,14179.248,14179.248,3538,1410,0,3538
2024-01-08 12:00:00,14179.241,14179.241,14127.825,14127.825,3525,1410,0,3525
2024-01-08 13:00:00,14127.795,14127.795,14078.816,14078.816,3543,1400,0,3543
2024-01-08 14:00:00,14078.815,14078.815,14044.75,14064.085,3520,1400,0,3520
2024-01-08 15:00:00,14064.063,14105.984,14048.737,14089.312,3526,1400,0,3526
2024-01-08 16:00:00,14089.308,14099.423,14079.991,14079.991,3534,1400,0,3534
2024-01-08 17:00:00,14079.966,14100.322,14059.284,14092.772,3525,1400,0,3525
2024-01-08 18:00:00,14092.755,14110.062,14078.467,14107.625,3519,1400,0,3519
2024-01-08 19:00:00,14107.621,14127.436,14099.273,14117.012,3544,1410,0,3544
2024-01-08 20:00:00,14117.004,14142.809,14111.3,14116.511,3537,1410,0,3537
2024-01-08 21:00:00,14116.494,14116.494,14074.953,14074.953,3538,1400,0,3538
2024-01-08 22:00:00,14074.946,14074.946,14029.902,14029.929,3517,1400,0,3517
2024-01-08 23:00:00,14029.905,14064.629,14015.71,14045.314,3517,1400,0,3517
2024-01-09 00:00:00,14045.304,14084.508,14027.496,14056.191,3529,1400,0,3529
2024-01-09 01:00:00,14056.179,14056.179,14014.898,14045.456,3536,1400,0,3536
2024-01-09 02:00:00,14045.432,14125.253,14041.589,14117.443,3532,1400,0,3532
2024-01-09 03:00:00,14117.43,14130.946,14094.104,14107.968,3522,1400,0,3522
2024-01-09 04:00:00,14107.948,14107.948,14077.894,14094.656,3531,1400,0,3531
2024-01-09 05:00:00,14094.635,14094.635,14045.559,14053.725,3534,1400,0,3534
2024-01-09 06:00:00,14053.722,14053.722,14019.426,14040.593,3521,1400,0,3521
2024-01-09 07:00:00,14040.581,14045.12,14021.244,14027.361,3532,1400,0,3532
2024-01-09 08:00:00,14027.351,14040.502,14009.246,14031.42,3545,1400,0,3545
2024-01-09 09:00:00,14031.386,14088.929,14011.568,14087.204,3516,1400,0,3516
2024-01-09 10:00:00,14087.182,14159.082,14081.355,14152.235,3533,1400,0,3533
2024-01-09 11:00:00,14152.208,14163.187,14119.785,14119.785,3531,1410,0,3531
2024-01-09 12:00:00,14119.785,14189.907,14115.634,14185.064,3527,1410,0,3527
2024-01-09 13:00:00,14185.05,14191.829,14153.652,14189.669,3529,1410,0,3529
2024-01-09 14:00:00,14189.652,14209.828,14176.509,14199.84,3529,1410,0,3529
2024-01-09 15:00:00,14199.813,14199.813,14148.653,14148.653,3530,1410,0,3530
2024-01-09 16:00:00,14148.635,14167.589,14125.452,14125.452,3536,1410,0,3536
2024-01-09 17:00:00,14125.451,14182.499,14120.651,14143.73,3524,1410,0,3524
2024-01-09 18:00:00,14143.708,14167.788,14127.474,14152.893,3542,1410,0,3542
2024-01-09 19:00:00,14152.885,14208.109,14149.026,14192.858,3519,1410,0,3519
2024-01-09 20:00:00,14192.851,14192.851,14141.445,14141.445,3545,1410,0,3545
2024-01-09 21:00:00,14141.42,14141.42,14091.591,14091.591,3535,1400,0,3535
2024-01-09 22:00:00,14091.575,14146.864,14080.471,14142.054,3521,1400,0,3521
2024-01-09 23:00:00,14142.045,14142.045,14115.698,14130.137,3536,1410,0,3536
2024-01-10 00:00:00,14130.135,14152.102,14109.285,14109.285,3535,1410,0,3535
2024-01-10 01:00:00,14109.268,14114.032,14089.057,14089.34,3521,1400,0,3521
2024-01-10 02:00:00,14089.334,14142.513,14079.221,14120.799,3511,1400,0,3511
2024-01-10 03:00:00,14120.778,14183.748,14109.614,14176.107,3516,1410,0,3516
2024-01-10 04:00:00,14176.089,14176.089,14147.685,14151.235,3538,1410,0,3538
2024-01-10 05:00:00,14151.201,14151.201,14120.807,14120.807,3532,1410,0,3532
2024-01-10 06:00:00,14120.773,14120.773,14087.566,14088.798,3534,1400,0,3534
2024-01-10 07:00:00,14088.787,14119.062,14081.302,14084.31,3539,1400,0,3539
2024-01-10 08:00:00,14084.308,14108.067,14070.931,14105.722,3537,1400,0,3537
2024-01-10 09:00:00,14105.719,14119.272,14064.429,14117.22,3535,1400,0,3535
2024-01-10 10:00:00,14117.202,14117.202,14081.896,14089.628,3530,1400,0,3530
2024-01-10 11:00:00,14089.615,14143.374,14075.026,14110.881,3524,1400,0,3524
2024-01-10 12:00:00,14110.88,14110.88,14073.431,14093.015,3535,1400,0,3535
2024-01-10 13:00:00,14093.011,14128.199,14082.49,14119.677,3541,1400,0,3541
2024-01-10 14:00:00,14119.671,14125.268,14088.813,14088.886,3540,1400,0,3540
2024-01-10 15:00:00,14088.885,14183.513,14077.897,14181.533,3523,1400,0,3523
2024-01-10 16:00:00,14181.522,14181.522,14131.615,14131.615,3530,1410,0,3530
2024-01-10 17:00:00,14131.608,14160.786,14120.006,14125.61,3522,1410,0,3522
2024-01-10 18:00:00,14125.59,14147.924,14108.293,14108.293,3535,1410,0,3535
2024-01-10 19:00:00,14108.272,14144.789,14097.134,14136.386,3536,1400,0,3536
2024-01-10 20:00:00,14136.382,14136.382,14107.671,14107.671,3527,1410,0,3527
2024-01-10 21:00:00,14107.665,14133.301,14095.719,14114.945,3528,1400,0,3528
2024-01-10 22:00:00,14114.942,14114.942,14065.699,14065.699,3532,1400,0,3532
2024-01-10 23:00:00,14065.69,14065.69,14039.773,14045.24,3528,1400,0,3528
2024-01-11 00:00:00,14045.233,14051.339,14022.233,14023.976,3539,1400,0,3539
2024-01-11 01:00:00,14023.941,14053.312,14019.746,14048.876,3533,1400,0,3533
2024-01-11 02:00:00,14048.864,14162.881,14041.729,14152.048,3528,1400,0,3528
2024-01-11 03:00:00,14152.041,14157.939,14117.746,14117.746,3528,1410,0,3528
2024-01-11 04:00:00,14117.723,14122.527,14099.185,14099.729,3527,1410,0,3527
2024-01-11 05:00:00,14099.708,14109.714,14066.627,14104.537,3531,1400,0,3531
2024-01-11 06:00:00,14104.532,14104.532,14072.995,14072.995,3521,1400,0,3521
2024-01-11 07:00:00,14072.987,14092.648,14038.088,14081.353,3522,1400,0,3522
2024-01-11 08:00:00,14081.352,14081.352,14050.617,14050.617,3528,1400,0,3528
2024-01-11 09:00:00,14050.606,14090.604,14050.22,14055.026,3540,1400,0,3540
2024-01-11 10:00:00,14055.02,14055.02,14020.021,14038.302,3530,1400,0,3530
2024-01-11 11:00:00,14038.288,14149.825,14024.903,14145.961,3532,1400,0,3532
2024-01-11 12:00:00,14145.945,14145.945,14105.281,14105.281,3518,1410,0,3518
2024-01-11 13:00:00,14105.257,14122.531,14085.126,14085.126,3532,1400,0,3532
2024-01-11 14:00:00,14085.117,14109.126,14065.405,14097.541,3541,1400,0,3541
2024-01-11 15:00:00,14097.499,14125.453,14081.379,14111.394,3521,1400,0,3521
2024-01-11 16:00:00,14111.391,14136.239,14109.538,14110.332,3533,1410,0,3533
2024-01-11 17:00:00,14110.323,14110.323,14062.675,14062.675,3520,1400,0,3520
2024-01-11 18:00:00,14062.651,14103.968,14061.123,14079.206,3517,1400,0,3517
2024-01-11 19:00:00,14079.186,14079.186,14041.506,14041.506,3520,1400,0,3520
2024-01-11 20:00:00,14041.506,14084.836,14033.858,14062.301,3527,1400,0,3527
2024-01-11 21:00:00,14062.287,14072.001,14048.874,14048.874,3523,1400,0,3523
2024-01-11 22:00:00,14048.872,14099.286,14048.764,14081.575,3530,1400,0,3530
2024-01-11 23:00:00,14081.575,14202.828,14071.352,14197.184,3516,1400,0,3516
2024-01-12 00:00:00,14197.165,14218.183,14185.754,14185.754,3525,1410,0,3525
2024-01-12 01:00:00,14185.75,14189.045,14144.893,14144.893,3527,1410,0,3527
2024-01-12 02:00:00,14144.872,14145.905,14119.185,14132.993,3530,1410,0,3530
2024-01-12 03:00:00,14132.961,14176.731,14128.167,14162.94,3523,1410,0,3523
2024-01-12 04:00:00,14162.922,14162.922,14123.418,14138.087,3531,1410,0,3531
2024-01-12 05:00:00,14138.085,14184.066,14137.311,14159.977,3543,1410,0,3543
2024-01-12 06:00:00,14159.972,14159.972,14117.175,14117.175,3540,1410,0,3540
2024-01-12 07:00:00,14117.158,14140.372,14094.95,14116.334,3521,1400,0,3521
2024-01-12 08:00:00,14116.317,14128.883,14082.865,14122.209,3538,1400,0,3538
2024-01-12 09:00:00,14122.179,14150.533,14113.624,14113.624,3522,1410,0,3522
2024-01-12 10:00:00,14113.605,14139.897,14105.886,14128.86,3522,1410,0,3522
2024-01-12 11:00:00,14128.845,14136.161,14089.085,14089.085,3534,1400,0,3534
2024-01-12 12:00:00,14089.058,14101.447,14074.478,14074.478,3528,1400,0,3528
2024-01-12 13:00:00,14074.46,14102.557,14068.58,14073.316,3530,1400,0,3530
2024-01-12 14:00:00,14073.289,14081.436,14038.832,14038.832,3515,1400,0,3515
2024-01-12 15:00:00,14038.832,14038.832,13987.341,13987.341,3523,1390,0,3523
2024-01-12 16:00:00,13987.327,14001.35,13973.456,13981.239,3532,1390,0,3532
2024-01-12 17:00:00,13981.226,13981.226,13934.698,13934.698,3542,1390,0,3542
2024-01-12 18:00:00,13934.689,13934.689,13894.705,13929.622,3532,1380,0,3532
2024-01-12 19:00:00,13929.61,13977.573,13925.287,13936.365,3539,1390,0,3539
2024-01-12 20:00:00,13936.348,13972.215,13928.376,13968.987,3533,1390,0,3533
2024-01-12 21:00:00,13968.979,13968.979,13931.145,13931.145,3519,1390,0,3519
2024-01-12 22:00:00,13931.124,13942.124,13916.426,13925.599,3527,1390,0,3527
2024-01-12 23:00:00,13925.582,13947.555,13915.465,13917.903,3525,1390,0,3525
2024-01-13 00:00:00,13917.886,13932.713,13907.836,13910.695,3528,1390,0,3528
2024-01-13 01:00:00,13910.672,13922.16,13902.172,13913.291,3524,1390,0,3524
2024-01-13 02:00:00,13913.275,13932.902,13883.753,13931.662,3515,1380,0,3515
2024-01-13 03:00:00,13931.647,13981.035,13916.159,13968.56,3510,1390,0,3510
2024-01-13 04:00:00,13968.557,13968.557,13937.632,13937.632,3516,1390,0,3516
2024-01-13 05:00:00,13937.616,13998.261,13934.184,13984.485,3530,1390,0,3530
2024-01-13 06:00:00,13984.45,13999.853,13961.796,13964.49,3528,1390,0,3528
2024-01-13 07:00:00,13964.466,13964.466,13926.825,13950.266,3525,1390,0,3525
2024-01-13 08:00:00,13950.238,13950.238,13921.822,13921.822,3518,1390,0,3518
2024-01-13 09:00:00,13921.818,13926.099,13907.06,13910.387,3529,1390,0,3529
2024-01-13 10:00:00,13910.372,13915.227,13879.878,13879.878,3537,1380,0,3537
2024-01-13 11:00:00,13879.869,13886.837,13856.932,13856.932,3521,1380,0,3521
2024-01-13 12:00:00,13856.916,13888.008,13827.972,13881.092,3536,1380,0,3536
2024-01-13 13:00:00,13881.075,13917.96,13879.383,13900.979,3531,1380,0,3531
2024-01-13 14:00:00,13900.948,13911.229,13879.399,13879.399,3535,1380,0,3535
2024-01-13 15:00:00,13879.395,13919.16,13869.19,13911.895,3516,1380,0,3516
2024-01-13 16:00:00,13911.852,13914.748,13877.015,13910.969,3540,1380,0,3540
2024-01-13 17:00:00,13910.965,13910.965,13877.652,13896.572,3523,1380,0,3523
2024-01-13 18:00:00,13896.56,13932.646,13890.032,13915.058,3525,1380,0,3525
2024-01-13 19:00:00,13915.035,13934.634,13908.498,13930.65,3516,1390,0,3516
2024-01-13 20:00:00,13930.631,13930.631,13903.225,13903.225,3532,1390,0,3532
2024-01-13 21:00:00,13903.196,13918.297,13885.081,13904.176,3534,1380,0,3534
2024-01-13 22:00:00,13904.173,13904.173,13853.519,13853.519,3522,1380,0,3522
2024-01-13 23:00:00,13853.516,13905.311,13851.732,13866.52,3533,1380,0,3533
2024-01-14 00:00:00,13866.485,13891.833,13861.539,13885.061,3546,1380,0,3546
2024-01-14 01:00:00,13885.03,13953.726,13866.992,13942.718,3309,1380,0,3309
2024-01-14 02:00:00,13942.715,14006.245,13940.524,14002.247,3503,1390,0,3503
2024-01-14 03:00:00,14002.23,14056.298,13998.542,14046.977,3527,1390,0,3527
2024-01-14 04:00:00,14046.965,14046.965,14021.581,14021.581,3530,1400,0,3530
2024-01-14 05:00:00,14021.574,14028.003,14004.8,14004.8,3521,1400,0,3521
2024-01-14 06:00:00,14004.797,14053.171,14000.81,14040.489,3544,1400,0,3544
2024-01-14 07:00:00,14040.48,14040.48,14002.754,14023.655,3526,1400,0,3526
2024-01-14 08:00:00,14023.649,14023.649,13980.774,13980.774,3538,1390,0,3538
2024-01-14 09:00:00,13980.745,13980.745,13930.151,13930.151,3540,1390,0,3540
2024-01-14 10:00:00,13930.136,13944.527,13919.123,13921.849,3533,1390,0,3533
2024-01-14 11:00:00,13921.839,13977.574,13906.622,13967.71,3529,1390,0,3529
2024-01-14 12:00:00,13967.705,13967.705,13929.388,13929.388,3533,1390,0,3533
2024-01-14 13:00:00,13929.362,13963.049,13918.444,13948.723,3522,1390,0,3522
2024-01-14 14:00:00,13948.715,13981.66,13941.926,13959.331,3524,1390,0,3524
2024-01-14 15:00:00,13959.32,13959.32,13913.931,13913.931,3523,1390,0,3523
2024-01-14 16:00:00,13913.91,13918.997,13892.369,13895.778,3517,1380,0,3517
2024-01-14 17:00:00,13895.759,13895.759,13845.622,13845.622,3513,1380,0,3513
2024-01-14 18:00:00,13845.616,13845.616,13795.678,13795.678,3527,1370,0,3527
2024-01-14 19:00:00,13795.649,13844.688,13790.852,13828.927,3534,1370,0,3534
2024-01-14 20:00:00,13828.904,13834.558,13803.745,13803.745,3518,1380,0,3518
2024-01-14 21:00:00,13803.729,13821.825,13792.757,13792.757,3519,1370,0,3519
2024-01-14 22:00:00,13792.736,13822.389,13790.133,13800.051,3535,1370,0,3535
2024-01-14 23:00:00,13800.04,13870.319,13795.905,13839.077,3539,1370,0,3539
2024-01-15 00:00:00,13839.053,13846.734,13808.917,13808.917,3520,1380,0,3520
2024-01-15 01:00:00,13808.915,13811.654,13770.175,13809.742,3012,1370,0,3012
2024-01-15 02:00:00,13809.736,13809.736,13785.994,13798.986,3546,1370,0,3546
2024-01-15 03:00:00,13798.955,13816.235,13789.535,13797.022,3533,1370,0,3533
2024-01-15 04:00:00,13797.012,13797.012,13749.867,13778.591,3523,1370,0,3523
2024-01-15 05:00:00,13778.575,13784.498,13743.164,13770.468,3524,1370,0,3524
2024-01-15 06:00:00,13770.454,13775.082,13747.364,13747.364,3526,1370,0,3526
2024-01-15 07:00:00,13747.344,13759.953,13714.992,13714.992,3538,1370,0,3538
2024-01-15 08:00:00,13714.983,13748.175,13706.424,13712.784,3520,1370,0,3520
2024-01-15 09:00:00,13712.771,13719.046,13682.526,13718.941,3520,1360,0,3520
2024-01-15 10:00:00,13718.932,13746.983,13709.793,13738.403,3548,1370,0,3548
2024-01-15 11:00:00,13738.398,13756.344,13727.534,13734.934,3534,1370,0,3534
2024-01-15 12:00:00,13734.928,13808.014,13732.785,13782.686,3530,1370,0,3530
2024-01-15 13:00:00,13782.657,13787.456,13755.941,13757.845,3522,1370,0,3522
2024-01-15 14:00:00,13757.84,13782.01,13756.914,13756.914,3531,1370,0,3531
2024-01-15 15:00:00,13756.899,13777.252,13732.928,13769.673,3521,1370,0,3521
2024-01-15 16:00:00,13769.651,13785.74,13756.459,13777.833,3526,1370,0,3526
2024-01-15 17:00:00,13777.797,13777.797,13739.636,13739.636,3529,1370,0,3529
2024-01-15 18:00:00,13739.634,13791.528,13734.72,13772.078,3545,1370,0,3545
2024-01-15 19:00:00,13772.072,13772.072,13750.463,13750.463,3530,1370,0,3530
2024-01-15 20:00:00,13750.46,13750.46,13701.15,13701.15,3535,1370,0,3535
2024-01-15 21:00:00,13701.147,13701.147,13661.841,13661.841,3527,1360,0,3527
2024-01-15 22:00:00,13661.839,13683.557,13640.603,13664.801,3533,1360,0,3533
2024-01-15 23:00:00,13664.798,13673.343,13641.471,13649.097,3521,1360,0,3521
2024-01-16 00:00:00,13649.095,13683.78,13642.354,13652.005,3524,1360,0,3524
2024-01-16 01:00:00,13652.005,13700.177,13649.358,13697.256,3518,1360,0,3518
2024-01-16 02:00:00,13697.233,13700.504,13661.015,13661.015,3530,1360,0,3530
2024-01-16 03:00:00,13660.994,13660.994,13627.057,13642.588,3533,1360,0,3533
2024-01-16 04:00:00,13642.587,13681.253,13640.594,13644.322,3529,1360,0,3529
2024-01-16 05:00:00,13644.301,13689.439,13635.649,13688.802,3510,1360,0,3510
2024-01-16 06:00:00,13688.797,13711.257,13671.455,13707.964,3525,1360,0,3525
2024-01-16 07:00:00,13707.963,13707.963,13676.093,13678.561,3523,1360,0,3523
2024-01-16 08:00:00,13678.55,13689.493,13660.405,13678.083,3526,1360,0,3526
2024-01-16 09:00:00,13678.081,13735.094,13677.663,13729.794,3524,1360,0,3524
2024-01-16 10:00:00,13729.788,13751.854,13717.755,13743.8,3518,1370,0,3518
2024-01-16 11:00:00,13743.795,13743.795,13696.327,13696.598,3518,1360,0,3518
2024-01-16 12:00:00,13696.588,13714.124,13685.872,13690.662,3535,1360,0,3535
2024-01-16 13:00:00,13690.655,13690.655,13660.569,13673.68,3511,1360,0,3511
2024-01-16 14:00:00,13673.65,13673.65,13623.341,13623.341,3527,1360,0,3527
2024-01-16 15:00:00,13623.321,13623.321,13577.749,13577.749,3520,1350,0,3520
2024-01-16 16:00:00,13577.715,13596.761,13569.556,13583.935,3525,1350,0,3525
2024-01-16 17:00:00,13583.917,13589.31,13549.688,13549.688,3526,1350,0,3526
2024-01-16 18:00:00,13549.68,13549.68,13523.003,13523.003,3528,1350,0,3528
2024-01-16 19:00:00,13522.997,13531.926,13510.945,13510.945,3528,1350,0,3528
2024-01-16 20:00:00,13510.943,13510.943,13484.818,13484.818,3528,1340,0,3528
2024-01-16 21:00:00,13484.808,13505.907,13473.0,13493.101,3533,1340,0,3533
2024-01-16 22:00:00,13493.1,13495.344,13470.401,13487.071,3518,1340,0,3518
2024-01-16 23:00:00,13487.056,13498.567,13465.479,13465.479,3505,1340,0,3505
2024-01-17 00:00:00,13465.472,13465.472,13428.24,13437.664,3549,1340,0,3549
2024-01-17 01:00:00,13437.657,13439.114,13406.6,13437.622,3540,1340,0,3540
2024-01-17 02:00:00,13437.607,13456.037,13420.41,13446.981,3541,1340,0,3541
2024-01-17 03:00:00,13446.972,13446.972,13412.15,13412.15,3523,1340,0,3523
2024-01-17 04:00:00,13412.134,13429.471,13388.276,13413.342,3526,1330,0,3526
2024-01-17 05:00:00,13413.326,13416.449,13380.991,13408.056,3529,1330,0,3529
2024-01-17 06:00:00,13408.055,13408.055,13379.563,13384.751,3515,1330,0,3515
2024-01-17 07:00:00,13384.733,13444.568,13373.548,13418.113,3535,1330,0,3535
2024-01-17 08:00:00,13418.106,13433.057,13413.514,13418.043,3524,1340,0,3524
2024-01-17 09:00:00,13418.036,13426.523,13403.809,13418.755,3527,1340,0,3527
2024-01-17 10:00:00,13418.737,13455.936,13410.757,13436.921,3522,1340,0,3522
2024-01-17 11:00:00,13436.901,13436.901,13387.516,13387.516,3541,1330,0,3541
2024-01-17 12:00:00,13387.485,13407.348,13373.842,13373.842,3526,1330,0,3526
2024-01-17 13:00:00,13373.842,13421.071,13371.241,13392.762,3501,1330,0,3501
2024-01-17 14:00:00,13392.755,13402.034,13366.387,13366.387,3523,1330,0,3523
2024-01-17 15:00:00,13366.359,13400.527,13351.654,13396.861,3532,1330,0,3532
2024-01-17 16:00:00,13396.852,13411.965,13384.064,13398.214,3523,1330,0,3523
2024-01-17 17:00:00,13398.212,13402.842,13359.791,13401.918,3532,1330,0,3532
2024-01-17 18:00:00,13401.914,13438.45,13398.446,13425.277,3538,1330,0,3538
2024-01-17 19:00:00,13425.273,13425.273,13376.184,13376.184,3527,1330,0,3527
2024-01-17 20:00:00,13376.166,13376.166,13326.821,13326.821,3547,1330,0,3547
2024-01-17 21:00:00,13326.791,13326.791,13278.249,13278.249,3519,1320,0,3519
2024-01-17 22:00:00,13278.239,13316.394,13271.216,13290.1,3517,1320,0,3517
2024-01-17 23:00:00,13290.078,13290.078,13242.364,13242.364,3539,1320,0,3539
2024-01-18 00:00:00,13242.361,13274.308,13221.004,13271.612,3537,1320,0,3537
2024-01-18 01:00:00,13271.599,13281.995,13261.081,13261.685,3522,1320,0,3522
2024-01-18 02:00:00,13261.669,13358.063,13255.033,13355.579,3537,1320,0,3537
2024-01-18 03:00:00,13355.559,13383.639,13340.565,13371.293,3519,1330,0,3519
2024-01-18 04:00:00,13371.287,13399.497,13355.7,13373.031,3517,1330,0,3517
2024-01-18 05:00:00,13373.01,13382.036,13352.82,13379.891,3525,1330,0,3525
2024-01-18 06:00:00,13379.888,13444.217,13379.743,13423.789,3527,1330,0,3527
2024-01-18 07:00:00,13423.782,13436.948,13403.977,13419.244,3541,1340,0,3541
2024-01-18 08:00:00,13419.23,13443.449,13411.307,13418.794,3525,1340,0,3525
2024-01-18 09:00:00,13418.794,13418.794,13376.59,13392.276,3529,1330,0,3529
2024-01-18 10:00:00,13392.257,13392.257,13349.309,13349.309,3527,1330,0,3527
2024-01-18 11:00:00,13349.309,13351.548,13322.214,13322.214,3524,1330,0,3524
2024-01-18 12:00:00,13322.21,13370.182,13319.483,13346.901,3519,1330,0,3519
2024-01-18 13:00:00,13346.891,13383.752,13336.053,13370.443,3516,1330,0,3516
2024-01-18 14:00:00,13370.413,13390.964,13354.929,13373.237,3527,1330,0,3527
2024-01-18 15:00:00,13373.228,13373.228,13333.247,13355.579,3522,1330,0,3522
2024-01-18 16:00:00,13355.568,13386.588,13335.212,13377.134,3525,1330,0,3525
2024-01-18 17:00:00,13377.133,13478.942,13374.492,13472.319,3529,1330,0,3529
2024-01-18 18:00:00,13472.311,13534.723,13470.325,13531.364,3524,1340,0,3524
2024-01-18 19:00:00,13531.356,13531.356,13502.701,13502.701,3523,1350,0,3523
2024-01-18 20:00:00,13502.696,13502.696,13463.202,13472.916,3529,1340,0,3529
2024-01-18 21:00:00,13472.912,13511.015,13462.818,13486.852,3510,1340,0,3510
2024-01-18 22:00:00,13486.818,13510.992,13471.422,13471.422,3527,1340,0,3527
2024-01-18 23:00:00,13471.405,13511.906,13458.884,13494.161,3526,1340,0,3526
2024-01-19 00:00:00,13494.141,13507.247,13477.403,13502.735,3529,1340,0,3529
2024-01-19 01:00:00,13502.722,13509.309,13471.45,13487.1,3529,1340,0,3529
2024-01-19 02:00:00,13487.08,13503.221,13474.489,13492.42,3531,1340,0,3531
2024-01-19 03:00:00,13492.409,13498.101,13466.929,13482.654,3533,1340,0,3533
2024-01-19 04:00:00,13482.631,13514.637,13476.095,13496.248,3546,1340,0,3546
2024-01-19 05:00:00,13496.246,13555.073,13493.513,13545.639,3513,1340,0,3513
2024-01-19 06:00:00,13545.627,13545.627,13500.266,13500.266,3533,1350,0,3533
2024-01-19 07:00:00,13500.258,13500.972,13481.494,13495.579,3531,1340,0,3531
2024-01-19 08:00:00,13495.553,13495.553,13466.405,13466.405,3526,1340,0,3526
2024-01-19 09:00:00,13466.393,13466.393,13433.624,13433.624,3529,1340,0,3529
2024-01-19 10:00:00,13433.622,13448.654,13417.903,13429.01,3525,1340,0,3525
2024-01-19 11:00:00,13428.985,13431.068,13395.78,13395.78,3535,1330,0,3535
2024-01-19 12:00:00,13395.767,13426.485,13387.743,13412.454,3540,1330,0,3540
2024-01-19 13:00:00,13412.416,13415.44,13377.411,13413.936,3536,1330,0,3536
2024-01-19 14:00:00,13413.933,13425.781,13390.138,13423.438,3520,1330,0,3520
2024-01-19 15:00:00,13423.428,13439.593,13412.092,13430.571,3521,1340,0,3521
2024-01-19 16:00:00,13430.565,13434.608,13407.762,13428.402,3525,1340,0,3525
2024-01-19 17:00:00,13428.386,13443.81,13415.349,13431.103,3546,1340,0,3546
2024-01-19 18:00:00,13431.096,13441.668,13410.563,13428.842,3526,1340,0,3526
2024-01-19 19:00:00,13428.811,13428.811,13385.487,13385.487,3527,1330,0,3527
2024-01-19 20:00:00,13385.457,13413.592,13362.899,13404.723,3533,1330,0,3533
2024-01-19 21:00:00,13404.718,13432.3,13394.677,13395.538,3523,1330,0,3523
2024-01-19 22:00:00,13395.516,13399.292,13362.779,13365.634,3516,1330,0,3516
2024-01-19 23:00:00,13365.619,13365.619,13330.831,13336.293,3532,1330,0,3532
2024-01-20 00:00:00,13336.279,13384.37,13322.368,13373.68,3500,1330,0,3500
2024-01-20 01:00:00,13373.67,13421.287,13362.019,13413.424,3507,1330,0,3507
2024-01-20 02:00:00,13413.402,13437.118,13382.02,13426.807,3518,1330,0,3518
2024-01-20 03:00:00,13426.79,13427.368,13384.087,13425.692,3536,1330,0,3536
2024-01-20 04:00:00,13425.68,13436.994,13407.2,13407.2,3526,1340,0,3526
2024-01-20 05:00:00,13407.186,13407.186,13359.035,13359.035,3528,1330,0,3528
2024-01-20 06:00:00,13359.013,13359.013,13332.758,13340.035,3529,1330,0,3529
2024-01-20 07:00:00,13340.021,13352.261,13321.294,13334.42,3518,1330,0,3518
2024-01-20 08:00:00,13334.417,13372.845,13313.519,13357.267,3530,1330,0,3530
2024-01-20 09:00:00,13357.261,13382.048,13347.866,13353.08,3536,1330,0,3536
2024-01-20 10:00:00,13353.079,13365.821,13335.629,13347.651,3502,1330,0,3502
2024-01-20 11:00:00,13347.63,13347.63,13301.616,13309.291,3534,1330,0,3534
2024-01-20 12:00:00,13309.261,13345.289,13294.071,13336.07,3530,1320,0,3530
2024-01-20 13:00:00,13336.062,13416.619,13329.492,13404.616,3526,1330,0,3526
2024-01-20 14:00:00,13404.611,13406.028,13363.111,13363.111,3532,1330,0,3532
2024-01-20 15:00:00,13363.107,13396.022,13355.705,13391.835,3512,1330,0,3512
2024-01-20 16:00:00,13391.809,13447.953,13382.105,13422.538,3535,1330,0,3535
2024-01-20 17:00:00,13422.518,13430.808,13405.384,13418.154,3532,1340,0,3532
2024-01-20 18:00:00,13418.139,13418.139,13396.712,13400.733,3534,1330,0,3534
2024-01-20 19:00:00,13400.723,13443.613,13397.078,13425.028,3535,1330,0,3535
2024-01-20 20:00:00,13425.003,13537.867,13424.601,13535.479,3511,1340,0,3511
2024-01-20 21:00:00,13535.463,13570.972,13506.379,13569.126,3522,1350,0,3522
2024-01-20 22:00:00,13569.122,13569.122,13535.095,13543.301,3526,1350,0,3526
2024-01-20 23:00:00,13543.299,13581.336,13535.503,13570.242,3526,1350,0,3526
2024-01-21 00:00:00,13570.216,13581.485,13541.006,13542.986,3537,1350,0,3537
2024-01-21 01:00:00,13542.985,13545.075,13522.573,13540.722,3521,1350,0,3521
2024-01-21 02:00:00,13540.702,13550.03,13517.279,13532.384,3517,1350,0,3517
2024-01-21 03:00:00,13532.359,13555.849,13518.778,13518.778,3526,1350,0,3526
2024-01-21 04:00:00,13518.769,13528.203,13494.619,13521.837,3514,1340,0,3514
2024-01-21 05:00:00,13521.833,13574.121,13511.521,13573.887,3523,1350,0,3523
2024-01-21 06:00:00,13573.852,13636.133,13559.844,13634.681,3536,1350,0,3536
2024-01-21 07:00:00,13634.661,13653.238,13620.384,13647.357,3519,1360,0,3519
2024-01-21 08:00:00,13647.341,13666.827,13643.12,13657.608,3516,1360,0,3516
2024-01-21 09:00:00,13657.581,13687.54,13640.006,13677.092,3517,1360,0,3517
2024-01-21 10:00:00,13677.083,13687.626,13652.083,13652.083,3532,1360,0,3532
2024-01-21 11:00:00,13652.071,13652.071,13616.946,13633.042,3534,1360,0,3534
2024-01-21 12:00:00,13633.028,13712.352,13625.433,13691.527,3525,1360,0,3525
2024-01-21 13:00:00,13691.514,13707.178,13676.036,13676.036,3529,1360,0,3529
2024-01-21 14:00:00,13676.029,13719.423,13671.039,13696.601,3535,1360,0,3535
2024-01-21 15:00:00,13696.594,13712.361,13680.714,13688.968,3529,1360,0,3529
2024-01-21 16:00:00,13688.951,13690.754,13651.23,13652.741,3520,1360,0,3520
2024-01-21 17:00:00,13652.723,13691.221,13650.458,13661.042,3529,1360,0,3529
2024-01-21 18:00:00,13661.038,13681.837,13645.398,13670.169,3526,1360,0,3526
2024-01-21 19:00:00,13670.138,13696.202,13667.4,13689.311,3522,1360,0,3522
2024-01-21 20:00:00,13689.307,13701.363,13654.771,13654.771,3518,1360,0,3518
2024-01-21 21:00:00,13654.76,13658.005,13630.219,13630.219,3534,1360,0,3534
2024-01-21 22:00:00,13630.198,13630.198,13598.61,13611.076,3517,1360,0,3517
2024-01-21 23:00:00,13611.066,13632.466,13597.657,13630.3,3543,1350,0,3543
2024-01-22 00:00:00,13630.289,13680.264,13615.681,13669.305,3527,1360,0,3527
2024-01-22 01:00:00,13669.305,13727.201,13659.801,13709.687,3532,1360,0,3532
2024-01-22 02:00:00,13709.686,13775.085,13704.458,13768.126,3520,1370,0,3520
2024-01-22 03:00:00,13768.118,13777.044,13746.381,13746.381,3534,1370,0,3534
2024-01-22 04:00:00,13746.368,13746.368,13713.038,13723.915,3543,1370,0,3543
2024-01-22 05:00:00,13723.899,13775.653,13716.901,13774.094,3533,1370,0,3533
2024-01-22 06:00:00,13774.07,13798.532,13758.268,13775.827,3538,1370,0,3538
2024-01-22 07:00:00,13775.81,13789.519,13756.624,13770.578,3511,1370,0,3511
2024-01-22 08:00:00,13770.569,13802.681,13754.206,13785.93,3527,1370,0,3527
2024-01-22 09:00:00,13785.928,13785.928,13740.933,13740.933,3527,1370,0,3527
2024-01-22 10:00:00,13740.916,13771.04,13740.039,13766.249,3537,1370,0,3537
2024-01-22 11:00:00,13766.243,13766.243,13729.448,13729.448,3533,1370,0,3533
2024-01-22 12:00:00,13729.443,13745.338,13713.783,13726.424,3526,1370,0,3526
2024-01-22 13:00:00,13726.412,13820.491,13720.502,13811.266,3513,1370,0,3513
2024-01-22 14:00:00,13811.261,13854.743,13777.353,13854.386,3524,1370,0,3524
2024-01-22 15:00:00,13854.38,13930.95,13853.103,13909.831,3531,1380,0,3531
2024-01-22 16:00:00,13909.82,13952.425,13896.091,13947.473,3525,1380,0,3525
2024-01-22 17:00:00,13947.457,13978.23,13933.521,13963.777,3546,1390,0,3546
2024-01-22 18:00:00,13963.769,13981.961,13944.737,13981.62,3528,1390,0,3528
2024-01-22 19:00:00,13981.614,13981.614,13934.148,13934.148,3524,1390,0,3524
2024-01-22 20:00:00,13934.138,13943.873,13923.169,13924.337,3525,1390,0,3525
2024-01-22 21:00:00,13924.329,13988.53,13914.206,13969.836,3534,1390,0,3534
2024-01-22 22:00:00,13969.805,14019.692,13949.82,14004.083,3526,1390,0,3526
2024-01-22 23:00:00,14004.053,14063.997,13993.892,14049.294,3512,1390,0,3512
2024-01-23 00:00:00,14049.287,14057.514,14034.024,14035.472,3527,1400,0,3527
2024-01-23 01:00:00,14035.469,14046.846,14011.149,14036.545,3533,1400,0,3533
2024-01-23 02:00:00,14036.52,14108.111,14018.67,14090.192,3538,1400,0,3538
2024-01-23 03:00:00,14090.168,14090.168,14041.138,14052.517,3541,1400,0,3541
2024-01-23 04:00:00,14052.512,14057.012,14013.109,14013.109,3543,1400,0,3543
2024-01-23 05:00:00,14013.079,14013.079,13978.341,13978.811,3515,1390,0,3515
2024-01-23 06:00:00,13978.809,14033.94,13964.259,14026.512,3538,1390,0,3538
2024-01-23 07:00:00,14026.49,14026.49,13989.863,13989.863,3519,1390,0,3519
2024-01-23 08:00:00,13989.854,14000.341,13968.618,13968.618,3530,1390,0,3530
2024-01-23 09:00:00,13968.609,13968.609,13937.276,13945.301,3528,1390,0,3528
2024-01-23 10:00:00,13945.295,13945.295,13913.598,13926.332,3529,1390,0,3529
2024-01-23 11:00:00,13926.316,13928.514,13904.781,13919.214,3543,1390,0,3543
2024-01-23 12:00:00,13919.196,13952.564,13895.869,13935.799,3529,1380,0,3529
2024-01-23 13:00:00,13935.792,13959.958,13919.621,13919.621,3517,1390,0,3517
2024-01-23 14:00:00,13919.6,13919.6,13877.752,13912.656,3521,1380,0,3521
2024-01-23 15:00:00,13912.643,13972.149,13900.937,13959.649,3531,1390,0,3531
2024-01-23 16:00:00,13959.64,14004.976,13949.512,13994.316,3521,1390,0,3521
2024-01-23 17:00:00,13994.294,14062.39,13983.381,14047.98,3532,1390,0,3532
2024-01-23 18:00:00,14047.979,14047.979,14010.978,14018.23,3537,1400,0,3537
2024-01-23 19:00:00,14018.207,14030.495,14003.512,14014.081,3544,1400,0,3544
2024-01-23 20:00:00,14014.055,14044.448,14009.265,14023.025,3528,1400,0,3528
2024-01-23 21:00:00,14023.015,14023.015,13972.47,13972.47,3532,1390,0,3532
2024-01-23 22:00:00,13972.469,14023.661,13971.153,14016.577,3520,1390,0,3520
2024-01-23 23:00:00,14016.569,14024.633,13987.456,14016.271,3522,1390,0,3522
2024-01-24 00:00:00,14016.255,14029.974,13999.954,14026.224,3533,1400,0,3533
2024-01-24 01:00:00,14026.211,14090.412,14019.147,14089.049,3524,1400,0,3524
2024-01-24 02:00:00,14089.018,14146.219,14087.44,14125.701,3535,1400,0,3535
2024-01-24 03:00:00,14125.693,14144.919,14114.276,14114.276,3528,1410,0,3528
2024-01-24 04:00:00,14114.272,14124.537,14084.871,14084.871,3526,1400,0,3526
2024-01-24 05:00:00,14084.854,14084.854,14043.89,14044.909,3534,1400,0,3534
2024-01-24 06:00:00,14044.883,14051.107,14022.688,14038.705,3534,1400,0,3534
2024-01-24 07:00:00,14038.705,14044.207,14021.147,14021.147,3546,1400,0,3546
2024-01-24 08:00:00,14021.141,14037.338,13992.318,13992.318,3521,1390,0,3521
2024-01-24 09:00:00,13992.317,13992.317,13963.698,13969.097,3544,1390,0,3544
2024-01-24 10:00:00,13969.09,13973.971,13946.099,13946.727,3538,1390,0,3538
2024-01-24 11:00:00,13946.723,14006.898,13930.339,14006.801,3533,1390,0,3533
2024-01-24 12:00:00,14006.784,14046.493,13997.987,14015.949,3521,1390,0,3521
2024-01-24 13:00:00,14015.926,14016.199,13982.475,13982.475,3520,1390,0,3520
2024-01-24 14:00:00,13982.457,14003.394,13972.143,13979.106,3528,1390,0,3528
2024-01-24 15:00:00,13979.095,14047.355,13964.737,14030.626,3522,1390,0,3522
2024-01-24 16:00:00,14030.621,14030.621,13989.595,13989.595,3542,1390,0,3542
2024-01-24 17:00:00,13989.57,14007.042,13968.675,13999.07,3534,1390,0,3534
2024-01-24 18:00:00,13999.05,14013.043,13976.432,13989.59,3537,1390,0,3537
2024-01-24 19:00:00,13989.564,14030.487,13989.05,14009.184,3524,1390,0,3524
2024-01-24 20:00:00,14009.16,14009.16,13988.539,13995.477,3532,1390,0,3532
2024-01-24 21:00:00,13995.47,13995.747,13958.392,13958.392,3539,1390,0,3539
2024-01-24 22:00:00,13958.383,13958.848,13918.505,13918.505,3533,1390,0,3533
2024-01-24 23:00:00,13918.496,13965.143,13908.469,13957.67,3530,1390,0,3530
2024-01-25 00:00:00,13957.656,13972.58,13930.19,13932.32,3540,1390,0,3540
2024-01-25 01:00:00,13932.312,13973.176,13931.169,13941.415,3529,1390,0,3529
2024-01-25 02:00:00,13941.414,13977.204,13934.358,13971.974,3522,1390,0,3522
2024-01-25 03:00:00,13971.966,14026.23,13954.953,14024.252,3527,1390,0,3527
2024-01-25 04:00:00,14024.249,14097.747,14008.806,14088.472,3522,1400,0,3522
2024-01-25 05:00:00,14088.454,14088.454,14051.032,14056.425,3526,1400,0,3526
2024-01-25 06:00:00,14056.409,14063.645,14040.046,14047.073,3516,1400,0,3516
2024-01-25 07:00:00,14047.065,14053.077,14025.436,14032.759,3532,1400,0,3532
2024-01-25 08:00:00,14032.735,14067.447,14029.524,14029.524,3532,1400,0,3532
2024-01-25 09:00:00,14029.516,14036.97,14013.344,14029.058,3510,1400,0,3510
2024-01-25 10:00:00,14029.035,14029.035,13984.742,13997.212,3524,1390,0,3524
2024-01-25 11:00:00,13997.194,14020.926,13991.208,13991.608,3525,1390,0,3525
2024-01-25 12:00:00,13991.605,14021.997,13981.404,14006.463,3532,1390,0,3532
2024-01-25 13:00:00,14006.462,14037.703,13988.081,14036.389,3513,1390,0,3513
2024-01-25 14:00:00,14036.387,14058.291,14031.234,14037.704,3520,1400,0,3520
2024-01-25 15:00:00,14037.703,14040.768,14009.21,14037.627,3535,1400,0,3535
2024-01-25 16:00:00,14037.626,14037.626,14002.279,14002.279,3529,1400,0,3529
2024-01-25 17:00:00,14002.277,14002.277,13968.12,13986.009,3530,1390,0,3530
2024-01-25 18:00:00,13985.977,13985.977,13957.034,13957.034,3527,1390,0,3527
2024-01-25 19:00:00,13957.018,13974.853,13928.547,13953.562,3517,1390,0,3517
2024-01-25 20:00:00,13953.546,13966.872,13942.599,13943.997,3527,1390,0,3527
2024-01-25 21:00:00,13943.992,13943.992,13912.438,13932.804,3528,1390,0,3528
2024-01-25 22:00:00,13932.797,13944.369,13919.689,13919.689,3522,1390,0,3522
2024-01-25 23:00:00,13919.664,13936.041,13910.446,13910.446,3534,1390,0,3534
2024-01-26 00:00:00,13910.437,13928.111,13904.18,13921.962,3524,1390,0,3524
2024-01-26 01:00:00,13921.946,13943.397,13915.527,13922.809,3543,1390,0,3543
2024-01-26 02:00:00,13922.786,13924.516,13900.948,13909.83,3548,1390,0,3548
2024-01-26 03:00:00,13909.819,13918.605,13889.978,13889.978,3520,1380,0,3520
2024-01-26 04:00:00,13889.974,13898.524,13854.47,13854.47,3518,1380,0,3518
2024-01-26 05:00:00,13854.468,13872.574,13840.356,13840.356,3529,1380,0,3529
2024-01-26 06:00:00,13840.351,13842.363,13797.846,13797.846,3535,1380,0,3535
2024-01-26 07:00:00,13797.833,13817.458,13790.554,13790.554,3524,1370,0,3524
2024-01-26 08:00:00,13790.54,13799.977,13759.376,13775.81,3522,1370,0,3522
2024-01-26 09:00:00,13775.798,13775.798,13742.111,13742.111,3531,1370,0,3531
2024-01-26 10:00:00,13742.111,13776.609,13731.546,13752.019,3518,1370,0,3518
2024-01-26 11:00:00,13751.995,13838.314,13750.739,13836.256,3541,1370,0,3541
2024-01-26 12:00:00,13836.248,13852.531,13805.876,13839.642,3529,1380,0,3529
2024-01-26 13:00:00,13839.629,13858.88,13832.943,13849.261,3502,1380,0,3502
2024-01-26 14:00:00,13849.236,13865.137,13829.726,13842.676,3529,1380,0,3529
2024-01-26 15:00:00,13842.643,13872.034,13834.144,13834.144,3517,1380,0,3517
2024-01-26 16:00:00,13834.14,13859.589,13823.286,13832.657,3532,1380,0,3532
2024-01-26 17:00:00,13832.649,13832.649,13783.153,13783.153,3530,1370,0,3530
2024-01-26 18:00:00,13783.144,13787.642,13760.305,13774.639,3527,1370,0,3527
2024-01-26 19:00:00,13774.634,13774.634,13738.024,13751.52,3526,1370,0,3526
2024-01-26 20:00:00,13751.516,13751.516,13709.706,13709.706,3526,1370,0,3526
2024-01-26 21:00:00,13709.696,13724.396,13692.216,13704.295,3522,1360,0,3522
2024-01-26 22:00:00,13704.293,13704.293,13677.606,13693.248,3512,1360,0,3512
2024-01-26 23:00:00,13693.245,13753.177,13688.33,13750.356,3537,1360,0,3537
2024-01-27 00:00:00,13750.343,13750.343,13727.804,13728.245,3522,1370,0,3522
2024-01-27 01:00:00,13728.216,13737.542,13708.639,13716.999,3533,1370,0,3533
2024-01-27 02:00:00,13716.974,13716.974,13684.092,13684.092,3523,1360,0,3523
2024-01-27 03:00:00,13684.079,13684.079,13641.162,13661.559,3511,1360,0,3511
2024-01-27 04:00:00,13661.543,13661.543,13624.247,13624.247,3522,1360,0,3522
2024-01-27 05:00:00,13624.236,13624.236,13599.584,13609.635,3542,1360,0,3542
2024-01-27 06:00:00,13609.611,13681.67,13591.12,13681.138,3531,1350,0,3531
2024-01-27 07:00:00,13681.118,13688.953,13655.268,13655.268,3505,1360,0,3505
2024-01-27 08:00:00,13655.244,13657.297,13628.574,13638.893,3533,1360,0,3533
2024-01-27 09:00:00,13638.876,13703.125,13615.557,13698.422,3529,1360,0,3529
2024-01-27 10:00:00,13698.41,13722.571,13679.917,13700.68,3525,1360,0,3525
2024-01-27 11:00:00,13700.669,13719.35,13684.1,13705.081,3531,1360,0,3531
2024-01-27 12:00:00,13705.052,13705.052,13679.757,13679.988,3520,1360,0,3520
2024-01-27 13:00:00,13679.961,13691.694,13664.037,13670.598,3527,1360,0,3527
2024-01-27 14:00:00,13670.583,13670.583,13628.899,13648.081,3534,1360,0,3534
2024-01-27 15:00:00,13648.06,13655.618,13619.044,13619.044,3541,1360,0,3541
2024-01-27 16:00:00,13619.038,13640.42,13603.687,13619.41,3530,1360,0,3530
2024-01-27 17:00:00,13619.407,13621.828,13593.099,13611.218,3527,1350,0,3527
2024-01-27 18:00:00,13611.215,13659.339,13609.449,13651.565,3524,1360,0,3524
2024-01-27 19:00:00,13651.547,13651.547,13602.424,13602.424,3529,1360,0,3529
2024-01-27 20:00:00,13602.399,13659.542,13595.13,13652.056,3552,1350,0,3552
2024-01-27 21:00:00,13652.04,13662.908,13634.035,13635.529,3523,1360,0,3523
2024-01-27 22:00:00,13635.527,13688.822,13631.725,13673.612,3521,1360,0,3521
2024-01-27 23:00:00,13673.583,13673.583,13637.235,13637.235,3523,1360,0,3523
2024-01-28 00:00:00,13637.231,13637.231,13589.115,13598.488,3515,1350,0,3515
2024-01-28 01:00:00,13598.483,13613.592,13583.567,13599.465,3532,1350,0,3532
2024-01-28 02:00:00,13599.459,13644.024,13580.818,13637.458,3528,1350,0,3528
2024-01-28 03:00:00,13637.446,13659.344,13611.61,13658.859,3528,1360,0,3528
2024-01-28 04:00:00,13658.851,13658.851,13626.172,13645.876,3523,1360,0,3523
2024-01-28 05:00:00,13645.856,13670.496,13634.289,13650.705,3520,1360,0,3520
2024-01-28 06:00:00,13650.703,13723.718,13640.687,13716.374,3519,1360,0,3519
2024-01-28 07:00:00,13716.37,13716.37,13680.879,13694.179,3521,1360,0,3521
2024-01-28 08:00:00,13694.165,13694.165,13658.338,13658.338,3534,1360,0,3534
2024-01-28 09:00:00,13658.33,13658.33,13614.055,13637.617,3522,1360,0,3522
2024-01-28 10:00:00,13637.609,13637.609,13606.023,13616.794,3528,1360,0,3528
2024-01-28 11:00:00,13616.784,13616.784,13570.552,13570.552,3521,1350,0,3521
2024-01-28 12:00:00,13570.544,13597.112,13554.88,13584.783,3523,1350,0,3523
2024-01-28 13:00:00,13584.771,13602.467,13559.785,13587.228,3534,1350,0,3534
2024-01-28 14:00:00,13587.198,13587.198,13551.591,13551.591,3525,1350,0,3525
2024-01-28 15:00:00,13551.582,13558.873,13524.089,13524.089,3525,1350,0,3525
2024-01-28 16:00:00,13524.068,13534.764,13506.05,13506.05,3526,1350,0,3526
2024-01-28 17:00:00,13506.02,13514.768,13488.633,13488.633,3520,1340,0,3520
2024-01-28 18:00:00,13488.589,13488.589,13451.558,13451.558,3531,1340,0,3531
2024-01-28 19:00:00,13451.55,13503.152,13432.389,13499.626,3538,1340,0,3538
2024-01-28 20:00:00,13499.619,13499.619,13468.477,13468.477,3521,1340,0,3521
2024-01-28 21:00:00,13468.456,13496.693,13463.446,13487.93,3540,1340,0,3540
2024-01-28 22:00:00,13487.902,13491.015,13462.831,13473.859,3514,1340,0,3514
2024-01-28 23:00:00,13473.825,13521.713,13471.328,13521.204,3525,1340,0,3525
2024-01-29 00:00:00,13521.196,13521.196,13501.684,13501.684,3517,1350,0,3517
2024-01-29 01:00:00,13501.666,13501.666,13468.219,13468.219,3536,1340,0,3536
2024-01-29 02:00:00,13468.213,13468.213,13430.764,13431.901,3526,1340,0,3526
2024-01-29 03:00:00,13431.897,13436.279,13397.108,13397.108,3517,1330,0,3517
2024-01-29 04:00:00,13397.101,13397.459,13363.642,13363.642,3522,1330,0,3522
2024-01-29 05:00:00,13363.641,13363.641,13318.311,13318.311,3527,1330,0,3527
2024-01-29 06:00:00,13318.293,13350.185,13307.703,13333.849,3523,1330,0,3523
2024-01-29 07:00:00,13333.845,13371.725,13325.385,13359.898,3532,1330,0,3532
2024-01-29 08:00:00,13359.877,13360.14,13336.507,13357.173,3537,1330,0,3537
2024-01-29 09:00:00,13357.169,13383.057,13332.65,13363.971,3540,1330,0,3540
2024-01-29 10:00:00,13363.954,13363.954,13315.751,13315.751,3526,1330,0,3526
2024-01-29 11:00:00,13315.716,13315.716,13285.174,13298.541,3521,1320,0,3521
2024-01-29 12:00:00,13298.535,13336.516,13281.18,13319.416,3523,1320,0,3523
2024-01-29 13:00:00,13319.414,13401.304,13312.606,13374.266,3510,1330,0,3510
2024-01-29 14:00:00,13374.264,13378.194,13356.281,13356.281,3534,1330,0,3534
2024-01-29 15:00:00,13356.251,13361.113,13331.18,13331.18,3534,1330,0,3534
2024-01-29 16:00:00,13331.164,13345.941,13318.994,13325.416,3529,1330,0,3529
2024-01-29 17:00:00,13325.404,13386.645,13304.003,13377.885,3524,1330,0,3524
2024-01-29 18:00:00,13377.87,13394.353,13365.463,13388.097,3519,1330,0,3519
2024-01-29 19:00:00,13388.09,13433.759,13370.143,13422.651,3532,1330,0,3532
2024-01-29 20:00:00,13422.636,13471.894,13392.898,13471.205,3534,1330,0,3534
2024-01-29 21:00:00,13471.192,13490.032,13458.129,13486.084,3519,1340,0,3519
2024-01-29 22:00:00,13486.061,13520.555,13483.412,13520.534,3520,1340,0,3520
2024-01-29 23:00:00,13520.531,13542.357,13501.119,13539.666,3511,1350,0,3511
2024-01-30 00:00:00,13539.643,13558.198,13533.896,13546.339,3531,1350,0,3531
2024-01-30 01:00:00,13546.324,13547.151,13511.588,13511.588,3512,1350,0,3512
2024-01-30 02:00:00,13511.563,13520.919,13480.845,13498.457,3513,1340,0,3513
2024-01-30 03:00:00,13498.443,13498.443,13472.321,13473.197,3524,1340,0,3524
2024-01-30 04:00:00,13473.196,13473.196,13442.601,13450.084,3523,1340,0,3523
2024-01-30 05:00:00,13450.065,13495.888,13444.16,13463.075,3519,1340,0,3519
2024-01-30 06:00:00,13463.074,13469.161,13448.474,13449.87,3527,1340,0,3527
2024-01-30 07:00:00,13449.841,13450.75,13423.838,13423.838,2667,1340,0,2667
2024-01-30 08:00:00,13423.837,13423.837,13390.443,13398.48,3520,1330,0,3520
2024-01-30 09:00:00,13398.457,13398.457,13362.975,13362.975,3526,1330,0,3526
2024-01-30 10:00:00,13362.969,13433.098,13344.489,13428.104,3537,1330,0,3537
2024-01-30 11:00:00,13428.1,13478.596,13423.253,13440.947,3522,1340,0,3522
2024-01-30 12:00:00,13440.94,13477.915,13440.087,13446.65,3532,1340,0,3532
2024-01-30 13:00:00,13446.629,13446.629,13401.11,13401.11,3517,1340,0,3517
2024-01-30 14:00:00,13401.079,13439.57,13398.775,13435.006,3526,1340,0,3526
2024-01-30 15:00:00,13434.993,13463.829,13414.598,13453.753,3539,1340,0,3539
2024-01-30 16:00:00,13453.745,13472.883,13436.324,13468.697,3531,1340,0,3531
2024-01-30 17:00:00,13468.678,13511.496,13457.104,13482.904,3531,1340,0,3531
2024-01-30 18:00:00,13482.881,13482.881,13446.067,13446.067,3523,1340,0,3523
2024-01-30 19:00:00,13446.066,13452.911,13431.981,13431.981,3512,1340,0,3512
2024-01-30 20:00:00,13431.975,13476.471,13426.969,13450.442,3517,1340,0,3517
2024-01-30 21:00:00,13450.425,13474.068,13440.97,13450.088,3529,1340,0,3529
2024-01-30 22:00:00,13450.083,13472.565,13440.417,13444.597,3515,1340,0,3515
2024-01-30 23:00:00,13444.589,13534.269,13439.437,13532.727,3520,1340,0,3520
2024-01-31 00:00:00,13532.716,13540.999,13517.145,13526.621,3535,1350,0,3535
2024-01-31 01:00:00,13526.615,13526.615,13495.873,13498.271,3529,1340,0,3529
2024-01-31 02:00:00,13498.265,13498.265,13454.895,13454.895,3535,1340,0,3535
2024-01-31 03:00:00,13454.884,13454.884,13423.954,13423.954,3538,1340,0,3538
2024-01-31 04:00:00,13423.941,13427.432,13403.784,13403.784,3522,1340,0,3522
2024-01-31 05:00:00,13403.764,13471.355,13399.471,13450.57,3544,1340,0,3544
2024-01-31 06:00:00,13450.564,13479.835,13446.04,13468.812,3524,1340,0,3524
2024-01-31 07:00:00,13468.797,13483.116,13448.712,13448.712,3537,1340,0,3537
2024-01-31 08:00:00,13448.701,13496.731,13440.061,13478.255,3509,1340,0,3509
2024-01-31 09:00:00,13478.235,13498.623,13469.132,13469.132,3530,1340,0,3530
2024-01-31 10:00:00,13469.112,13469.112,13422.167,13422.167,3525,1340,0,3525
2024-01-31 11:00:00,13422.162,13470.249,13420.215,13463.617,3524,1340,0,3524
2024-01-31 12:00:00,13463.613,13495.535,13440.835,13489.19,3527,1340,0,3527
2024-01-31 13:00:00,13489.178,13540.803,13471.809,13539.82,3521,1340,0,3521
2024-01-31 14:00:00,13539.811,13555.681,13532.056,13551.05,3526,1350,0,3526
2024-01-31 15:00:00,13551.037,13642.857,13544.556,13629.805,3536,1350,0,3536
2024-01-31 16:00:00,13629.794,13663.391,13617.593,13655.552,3527,1360,0,3527
2024-01-31 17:00:00,13655.524,13655.929,13624.444,13624.444,3533,1360,0,3533
2024-01-31 18:00:00,13624.441,13653.212,13612.454,13632.931,3526,1360,0,3526
2024-01-31 19:00:00,13632.916,13678.721,13630.602,13664.903,3532,1360,0,3532
2024-01-31 20:00:00,13664.903,13664.903,13622.289,13624.763,3529,1360,0,3529
2024-01-31 21:00:00,13624.751,13669.87,13611.377,13647.535,3527,1360,0,3527
2024-01-31 22:00:00,13647.522,13647.522,13615.219,13622.16,3522,1360,0,3522
2024-01-31 23:00:00,13622.158,13664.53,13609.901,13660.912,3531,1360,0,3531
2024-02-01 00:00:00,13660.911,13682.781,13636.69,13636.69,3506,1360,0,3506
2024-02-01 01:00:00,13636.68,13669.542,13624.756,13656.811,3523,1360,0,3523
2024-02-01 02:00:00,13656.8,13675.019,13629.809,13629.809,3522,1360,0,3522
2024-02-01 03:00:00,13629.793,13631.432,13599.12,13620.466,3540,1360,0,3540
2024-02-01 04:00:00,13620.451,13653.865,13616.434,13631.365,3537,1360,0,3537
2024-02-01 05:00:00,13631.347,13660.304,13611.877,13657.312,3517,1360,0,3517
2024-02-01 06:00:00,13657.294,13658.824,13625.924,13637.493,3514,1360,0,3514
2024-02-01 07:00:00,13637.464,13637.464,13599.091,13623.55,3515,1360,0,3515
2024-02-01 08:00:00,13623.54,13646.694,13608.526,13615.575,3519,1360,0,3519
2024-02-01 09:00:00,13615.572,13660.239,13614.618,13652.591,3513,1360,0,3513
2024-02-01 10:00:00,13652.59,13713.755,13649.886,13696.562,3517,1360,0,3517
2024-02-01 11:00:00,13696.55,13700.881,13665.345,13665.345,3522,1360,0,3522
2024-02-01 12:00:00,13665.342,13689.814,13650.363,13662.247,3529,1360,0,3529
2024-02-01 13:00:00,13662.229,13665.278,13636.129,13656.769,3523,1360,0,3523
2024-02-01 14:00:00,13656.764,13658.905,13625.702,13649.041,3525,1360,0,3525
2024-02-01 15:00:00,13649.03,13689.583,13639.866,13685.474,3528,1360,0,3528
2024-02-01 16:00:00,13685.471,13724.342,13676.961,13698.505,3544,1360,0,3544
2024-02-01 17:00:00,13698.482,13733.032,13692.999,13715.284,3539,1360,0,3539
2024-02-01 18:00:00,13715.279,13715.279,13670.766,13670.766,3526,1360,0,3526
2024-02-01 19:00:00,13670.76,13670.76,13630.326,13647.677,3530,1360,0,3530
2024-02-01 20:00:00,13647.668,13736.234,13645.218,13735.179,3529,1360,0,3529
2024-02-01 21:00:00,13735.161,13735.161,13684.896,13684.896,3517,1360,0,3517
2024-02-01 22:00:00,13684.896,13745.483,13662.256,13738.652,3532,1360,0,3532
2024-02-01 23:00:00,13738.613,13748.229,13724.082,13738.134,3519,1370,0,3519
2024-02-02 00:00:00,13738.118,13747.022,13711.699,13738.038,3534,1370,0,3534
2024-02-02 01:00:00,13738.029,13738.029,13709.508,13731.066,3517,1370,0,3517
2024-02-02 02:00:00,13731.058,13759.528,13692.552,13758.712,3517,1360,0,3517
2024-02-02 03:00:00,13758.71,13780.811,13716.594,13776.493,3454,1370,0,3454
2024-02-02 04:00:00,13776.48,13810.193,13769.855,13796.211,3527,1370,0,3527
2024-02-02 05:00:00,13796.187,13800.508,13774.321,13778.517,3521,1370,0,3521
2024-02-02 06:00:00,13778.496,13809.227,13773.055,13778.882,3529,1370,0,3529
2024-02-02 07:00:00,13778.875,13896.476,13776.004,13884.846,3531,1370,0,3531
2024-02-02 08:00:00,13884.842,13920.421,13881.66,13895.997,3507,1380,0,3507
2024-02-02 09:00:00,13895.979,13903.182,13866.563,13900.693,3527,1380,0,3527
2024-02-02 10:00:00,13900.691,13913.381,13883.448,13883.448,3547,1380,0,3547
2024-02-02 11:00:00,13883.425,13883.463,13854.349,13863.683,3531,1380,0,3531
2024-02-02 12:00:00,13863.652,13904.727,13842.256,13892.916,3528,1380,0,3528
2024-02-02 13:00:00,13892.905,13925.653,13879.736,13903.556,3526,1380,0,3526
2024-02-02 14:00:00,13903.553,13921.428,13893.023,13893.023,3517,1380,0,3517
2024-02-02 15:00:00,13893.001,13905.162,13865.199,13904.563,3533,1380,0,3533
2024-02-02 16:00:00,13904.541,13908.945,13881.375,13895.947,3520,1380,0,3520
2024-02-02 17:00:00,13895.937,13917.472,13877.508,13888.647,3530,1380,0,3530
2024-02-02 18:00:00,13888.629,13901.894,13864.339,13901.869,3548,1380,0,3548
2024-02-02 19:00:00,13901.846,13915.52,13881.958,13884.079,3540,1380,0,3540
2024-02-02 20:00:00,13884.077,13884.077,13846.373,13856.485,3527,1380,0,3527
2024-02-02 21:00:00,13856.467,13867.464,13842.86,13846.452,3522,1380,0,3522
2024-02-02 22:00:00,13846.425,13874.321,13838.461,13866.531,3528,1380,0,3528
2024-02-02 23:00:00,13866.498,13870.635,13854.541,13858.505,3511,1380,0,3511
2024-02-03 00:00:00,13858.495,13899.843,13841.475,13892.764,3529,1380,0,3529
2024-02-03 01:00:00,13892.75,13892.75,13856.987,13871.604,3525,1380,0,3525
2024-02-03 02:00:00,13871.604,13881.922,13851.454,13853.339,3538,1380,0,3538
2024-02-03 03:00:00,13853.327,13876.094,13832.869,13868.53,3528,1380,0,3528
2024-02-03 04:00:00,13868.51,13878.13,13835.423,13835.423,3527,1380,0,3527
2024-02-03 05:00:00,13835.416,13844.142,13813.42,13825.265,3524,1380,0,3524
2024-02-03 06:00:00,13834.315,13834.315,13805.079,13805.079,3527,1380,0,3527
2024-02-03 07:00:00,13805.06,13811.121,13772.513,13789.66,3527,1370,0,3527
2024-02-03 08:00:00,13789.647,13789.647,13748.509,13783.402,3517,1370,0,3517
2024-02-03 09:00:00,13783.387,13828.342,13761.79,13820.426,3508,1370,0,3508
2024-02-03 10:00:00,13820.421,13841.437,13810.327,13819.979,3521,1380,0,3521
2024-02-03 11:00:00,13819.976,13889.086,13816.834,13874.669,3537,1380,0,3537
2024-02-03 12:00:00,13874.661,13874.661,13846.044,13846.599,3521,1380,0,3521
2024-02-03 13:00:00,13846.595,13853.143,13813.585,13813.585,3519,1380,0,3519
2024-02-03 14:00:00,13813.568,13813.568,13773.203,13776.782,3534,1370,0,3534
2024-02-03 15:00:00,13776.774,13776.774,13754.68,13775.969,3532,1370,0,3532
2024-02-03 16:00:00,13775.953,13809.51,13773.395,13799.591,3536,1370,0,3536
2024-02-03 17:00:00,13799.585,13851.159,13780.931,13850.226,3513,1370,0,3513
2024-02-03 18:00:00,13850.208,13851.679,13809.121,13824.535,3505,1380,0,3505
2024-02-03 19:00:00,13824.53,13824.53,13793.24,13793.24,3539,1370,0,3539
2024-02-03 20:00:00,13793.23,13801.506,13760.172,13760.172,3533,1370,0,3533
2024-02-03 21:00:00,13760.17,13779.377,13747.752,13771.512,3528,1370,0,3528
2024-02-03 22:00:00,13771.499,13777.636,13743.608,13753.606,3526,1370,0,3526
2024-02-03 23:00:00,13753.601,13753.601,13702.609,13702.609,3535,1370,0,3535
2024-02-04 00:00:00,13702.608,13743.232,13688.86,13741.346,3535,1360,0,3535
2024-02-04 01:00:00,13741.326,13757.92,13726.409,13738.713,3516,1370,0,3516
2024-02-04 02:00:00,13738.696,13750.309,13701.955,13738.641,3528,1370,0,3528
2024-02-04 03:00:00,13738.632,13765.246,13727.014,13760.038,3520,1370,0,3520
2024-02-04 04:00:00,13760.026,13818.65,13750.743,13803.531,3525,1370,0,3525
2024-02-04 05:00:00,13803.502,13803.502,13762.809,13779.839,3534,1370,0,3534
2024-02-04 06:00:00,13779.833,13867.597,13779.113,13856.393,3526,1370,0,3526
2024-02-04 07:00:00,13856.374,13885.06,13849.202,13869.507,3535,1380,0,3535
2024-02-04 08:00:00,13869.479,13896.326,13866.297,13885.996,3521,1380,0,3521
2024-02-04 09:00:00,13885.982,13885.982,13850.751,13870.149,3524,1380,0,3524
2024-02-04 10:00:00,13870.134,13878.705,13834.5,13867.846,3533,1380,0,3533
2024-02-04 11:00:00,13867.802,13905.204,13860.754,13882.032,3538,1380,0,3538
2024-02-04 12:00:00,13882.027,13933.906,13873.505,13905.53,3542,1380,0,3542
2024-02-04 13:00:00,13905.515,13905.515,13866.263,13870.578,3537,1380,0,3537
2024-02-04 14:00:00,13870.574,13890.909,13851.337,13889.682,3518,1380,0,3518
2024-02-04 15:00:00,13889.681,13921.253,13882.849,13888.705,3524,1380,0,3524
2024-02-04 16:00:00,13888.701,13941.713,13884.867,13896.574,3523,1380,0,3523
2024-02-04 17:00:00,13896.57,13899.04,13867.437,13867.437,3537,1380,0,3537
2024-02-04 18:00:00,13867.424,13895.451,13847.285,13880.888,3526,1380,0,3526
2024-02-04 19:00:00,13880.884,13880.884,13834.312,13836.504,3529,1380,0,3529
2024-02-04 20:00:00,13836.498,13836.498,13786.726,13786.726,3516,1370,0,3516
2024-02-04 21:00:00,13786.72,13834.561,13778.362,13830.345,3515,1370,0,3515
2024-02-04 22:00:00,13830.337,13830.337,13795.373,13795.373,3531,1370,0,3531
2024-02-04 23:00:00,13795.357,13818.628,13765.438,13816.774,3523,1370,0,3523
2024-02-05 00:00:00,13816.746,13837.583,13800.881,13835.333,3518,1380,0,3518
2024-02-05 01:00:00,13835.328,13851.85,13814.747,13838.7,3524,1380,0,3524
2024-02-05 02:00:00,13838.663,13844.62,13815.302,13818.253,3533,1380,0,3533
2024-02-05 03:00:00,13818.252,13818.252,13797.016,13811.031,3519,1370,0,3519
2024-02-05 04:00:00,13811.013,13819.583,13773.977,13776.19,3536,1370,0,3536
2024-02-05 05:00:00,13776.185,13798.723,13769.565,13769.565,3532,1370,0,3532
2024-02-05 06:00:00,13769.529,13771.888,13744.695,13757.076,3523,1370,0,3523
2024-02-05 07:00:00,13757.066,13773.809,13745.138,13754.914,3531,1370,0,3531
2024-02-05 08:00:00,13754.894,13754.894,13705.283,13705.283,3506,1370,0,3506
2024-02-05 09:00:00,13705.268,13733.105,13691.507,13730.02,3529,1360,0,3529
2024-02-05 10:00:00,13730.014,13753.913,13711.712,13719.885,3530,1370,0,3530
2024-02-05 11:00:00,13719.88,13733.829,13709.97,13717.459,3505,1370,0,3505
2024-02-05 12:00:00,13717.443,13743.572,13702.029,13729.137,3518,1370,0,3518
2024-02-05 13:00:00,13729.112,13729.112,13682.403,13686.649,3513,1360,0,3513
2024-02-05 14:00:00,13686.644,13703.576,13671.838,13676.383,3535,1360,0,3535
2024-02-05 15:00:00,13676.369,13676.369,13643.594,13663.994,3503,1360,0,3503
2024-02-05 16:00:00,13663.974,13686.009,13639.085,13683.781,3522,1360,0,3522
2024-02-05 17:00:00,13683.769,13693.137,13661.605,13661.605,3529,1360,0,3529
2024-02-05 18:00:00,13661.6,13682.523,13652.126,13661.362,3525,1360,0,3525
2024-02-05 19:00:00,13661.344,13680.463,13647.954,13666.244,3526,1360,0,3526
2024-02-05 20:00:00,13666.238,13695.709,13665.078,13682.789,3515,1360,0,3515
2024-02-05 21:00:00,13682.784,13730.114,13672.584,13712.762,3528,1360,0,3528
2024-02-05 22:00:00,13712.76,13727.376,13703.722,13703.722,3526,1370,0,3526
2024-02-05 23:00:00,13703.713,13703.713,13654.683,13654.683,3525,1360,0,3525
2024-02-06 00:00:00,13654.678,13682.418,13647.823,13650.374,3528,1360,0,3528
2024-02-06 01:00:00,13650.358,13650.358,13626.714,13640.184,3515,1360,0,3515
2024-02-06 02:00:00,13640.18,13660.839,13630.659,13638.018,3530,1360,0,3530
2024-02-06 03:00:00,13638.011,13738.52,13632.154,13736.593,3520,1360,0,3520
2024-02-06 04:00:00,13736.577,13750.962,13721.902,13727.107,3535,1370,0,3535
2024-02-06 05:00:00,13727.105,13743.513,13698.401,13698.401,3524,1360,0,3524
2024-02-06 06:00:00,13698.398,13698.398,13661.193,13661.193,3513,1360,0,3513
2024-02-06 07:00:00,13661.185,13669.526,13631.715,13631.715,3526,1360,0,3526
2024-02-06 08:00:00,13631.711,13641.903,13598.954,13638.256,3534,1360,0,3534
2024-02-06 09:00:00,13638.252,13663.77,13636.199,13646.901,3538,1360,0,3538
2024-02-06 10:00:00,13646.886,13662.39,13635.648,13644.166,3522,1360,0,3522
2024-02-06 11:00:00,13644.153,13661.024,13620.686,13647.377,3515,1360,0,3515
2024-02-06 12:00:00,13647.346,13647.495,13620.4,13644.454,3515,1360,0,3515
2024-02-06 13:00:00,13644.428,13722.426,13619.551,13717.511,3514,1360,0,3514
2024-02-06 14:00:00,13717.476,13725.634,13695.133,13709.867,3520,1360,0,3520
2024-02-06 15:00:00,13709.852,13733.08,13684.038,13726.514,3520,1360,0,3520
2024-02-06 16:00:00,13726.497,13775.264,13721.934,13771.137,3537,1370,0,3537
2024-02-06 17:00:00,13771.128,13806.994,13764.672,13771.037,3530,1370,0,3530
2024-02-06 18:00:00,13771.026,13771.026,13736.94,13742.015,3527,1370,0,3527
2024-02-06 19:00:00,13742.012,13780.509,13739.74,13778.12,3520,1370,0,3520
2024-02-06 20:00:00,13778.11,13840.346,13769.89,13830.047,3533,1370,0,3533
2024-02-06 21:00:00,13830.03,13834.488,13812.925,13823.126,3533,1380,0,3533
2024-02-06 22:00:00,13823.104,13831.93,13796.46,13808.803,3530,1370,0,3530
2024-02-06 23:00:00,13808.795,13879.553,13796.04,13876.798,3549,1370,0,3549
2024-02-07 00:00:00,13876.782,13876.782,13843.57,13862.455,3533,1380,0,3533
2024-02-07 01:00:00,13862.447,13875.281,13833.843,13847.887,3527,1380,0,3527
2024-02-07 02:00:00,13847.869,13908.912,13845.273,13903.579,3528,1380,0,3528
2024-02-07 03:00:00,13903.562,13903.562,13874.519,13874.519,3523,1380,0,3523
2024-02-07 04:00:00,13874.514,13890.61,13858.731,13863.145,3543,1380,0,3543
2024-02-07 05:00:00,13863.128,13891.163,13848.215,13877.921,3525,1380,0,3525
2024-02-07 06:00:00,13877.897,13877.897,13846.066,13857.559,3534,1380,0,3534
2024-02-07 07:00:00,13857.533,13865.549,13831.825,13840.677,3524,1380,0,3524
2024-02-07 08:00:00,13840.661,13840.661,13803.275,13830.413,3503,1380,0,3503
2024-02-07 09:00:00,13830.394,13838.13,13816.972,13830.82,3521,1380,0,3521
2024-02-07 10:00:00,13830.813,13830.813,13781.278,13781.278,3527,1370,0,3527
2024-02-07 11:00:00,13781.271,13804.777,13764.717,13764.717,3515,1370,0,3515
2024-02-07 12:00:00,13764.709,13833.369,13755.082,13830.779,3531,1370,0,3531
2024-02-07 13:00:00,13830.772,13908.909,13824.899,13880.209,3534,1380,0,3534
2024-02-07 14:00:00,13880.185,13894.686,13850.857,13850.857,3520,1380,0,3520
2024-02-07 15:00:00,13850.854,13880.489,13845.215,13846.374,3535,1380,0,3535
2024-02-07 16:00:00,13846.365,13891.418,13829.146,13889.294,3534,1380,0,3534
2024-02-07 17:00:00,13889.283,13904.143,13865.625,13890.844,3542,1380,0,3542
2024-02-07 18:00:00,13890.833,13905.078,13869.627,13888.33,3528,1380,0,3528
2024-02-07 19:00:00,13888.325,13916.086,13874.79,13908.179,3534,1380,0,3534
2024-02-07 20:00:00,13908.146,13908.146,13871.673,13878.306,3527,1380,0,3527
2024-02-07 21:00:00,13878.289,13932.257,13863.366,13930.28,3521,1380,0,3521
2024-02-07 22:00:00,13930.267,13986.998,13927.988,13966.456,3527,1390,0,3527
2024-02-07 23:00:00,13966.432,13999.82,13964.851,13968.671,3528,1390,0,3528
2024-02-08 00:00:00,13968.659,14011.334,13954.802,13980.032,3521,1390,0,3521
2024-02-08 01:00:00,13980.023,14036.274,13978.006,14012.108,3517,1390,0,3517
2024-02-08 02:00:00,14012.082,14024.666,13988.921,13988.921,3533,1390,0,3533
2024-02-08 03:00:00,13988.912,14019.363,13977.606,14008.06,3537,1390,0,3537
2024-02-08 04:00:00,14008.039,14013.143,13972.944,13972.944,3535,1390,0,3535
2024-02-08 05:00:00,13972.926,13976.693,13957.323,13959.727,3538,1390,0,3538
2024-02-08 06:00:00,13959.724,13959.724,13912.185,13916.321,3531,1390,0,3531
2024-02-08 07:00:00,13916.298,13931.607,13905.879,13915.793,3524,1390,0,3524
2024-02-08 08:00:00,13915.778,13923.366,13882.387,13919.907,3524,1380,0,3524
2024-02-08 09:00:00,13919.904,13967.781,13914.883,13962.442,3536,1390,0,3536
2024-02-08 10:00:00,13962.442,14005.211,13952.923,13986.119,3524,1390,0,3524
2024-02-08 11:00:00,13986.106,14031.633,13979.144,14029.59,3529,1390,0,3529
2024-02-08 12:00:00,14029.572,14060.62,14021.664,14033.238,3537,1400,0,3537
2024-02-08 13:00:00,14033.235,14035.032,13992.436,14033.129,3527,1390,0,3527
2024-02-08 14:00:00,14033.126,14044.083,14017.37,14028.736,3530,1400,0,3530
2024-02-08 15:00:00,14028.719,14028.719,14007.382,14009.403,3533,1400,0,3533
2024-02-08 16:00:00,14009.399,14009.399,13984.145,13984.145,3530,1390,0,3530
2024-02-08 17:00:00,13984.131,13984.131,13945.723,13957.684,3524,1390,0,3524
2024-02-08 18:00:00,13957.672,13982.656,13937.945,13978.163,3533,1390,0,3533
2024-02-08 19:00:00,13978.154,14030.562,13961.953,14030.121,3532,1390,0,3532
2024-02-08 20:00:00,14030.103,14030.103,13995.548,14005.27,3536,1390,0,3536
2024-02-08 21:00:00,14005.224,14005.224,13977.568,13982.206,3535,1390,0,3535
2024-02-08 22:00:00,13982.203,14002.517,13972.29,13986.889,3556,1390,0,3556
2024-02-08 23:00:00,13986.866,14025.698,13981.005,14019.24,3529,1390,0,3529
2024-02-09 00:00:00,14019.231,14030.721,14000.021,14016.679,3530,1400,0,3530
2024-02-09 01:00:00,14016.665,14049.846,13989.528,14028.726,3519,1390,0,3519
2024-02-09 02:00:00,14028.706,14052.007,14016.512,14042.026,3526,1400,0,3526
2024-02-09 03:00:00,14041.997,14102.369,14041.168,14098.823,3517,1400,0,3517
2024-02-09 04:00:00,14098.786,14149.472,14075.943,14145.457,3514,1400,0,3514
2024-02-09 05:00:00,14145.456,14175.201,14139.915,14170.899,3527,1410,0,3527
2024-02-09 06:00:00,14170.894,14170.894,14125.192,14125.192,3537,1410,0,3537
2024-02-09 07:00:00,14125.172,14217.877,14124.866,14187.289,3535,1410,0,3535
2024-02-09 08:00:00,14187.279,14206.356,14168.743,14168.743,3533,1410,0,3533
2024-02-09 09:00:00,14168.742,14168.742,14137.309,14137.309,3517,1410,0,3517
2024-02-09 10:00:00,14137.307,14217.283,14121.961,14215.899,3535,1410,0,3535
2024-02-09 11:00:00,14215.881,14295.639,14206.271,14287.924,3532,1420,0,3532
2024-02-09 12:00:00,14287.922,14287.922,14256.93,14272.667,3540,1420,0,3540
2024-02-09 13:00:00,14272.633,14272.633,14222.205,14241.685,3524,1420,0,3524
2024-02-09 14:00:00,14241.674,14242.104,14216.501,14216.501,3526,1420,0,3526
2024-02-09 15:00:00,14216.485,14216.485,14181.194,14185.004,3525,1410,0,3525
2024-02-09 16:00:00,14184.979,14196.978,14154.67,14187.649,3527,1410,0,3527
2024-02-09 17:00:00,14187.622,14218.68,14172.575,14205.592,3514,1410,0,3514
2024-02-09 18:00:00,14205.587,14205.587,14161.321,14161.321,3524,1410,0,3524
2024-02-09 19:00:00,14161.315,14188.192,14155.484,14171.776,3521,1410,0,3521
2024-02-09 20:00:00,14171.761,14196.357,14161.549,14180.355,3517,1410,0,3517
2024-02-09 21:00:00,14180.34,14180.34,14144.703,14149.626,3537,1410,0,3537
2024-02-09 22:00:00,14149.603,14158.91,14135.242,14148.169,3531,1410,0,3531
2024-02-09 23:00:00,14148.164,14148.164,14102.559,14111.359,3539,1410,0,3539
2024-02-10 00:00:00,14111.332,14176.177,14100.127,14169.821,3531,1410,0,3531
2024-02-10 01:00:00,14169.818,14193.497,14155.359,14158.572,3536,1410,0,3536
2024-02-10 02:00:00,14158.564,14186.368,14143.767,14173.858,3517,1410,0,3517
2024-02-10 03:00:00,14173.837,14212.753,14170.324,14205.016,3533,1410,0,3533
2024-02-10 04:00:00,14205.01,14227.165,14187.572,14221.621,3519,1410,0,3519
2024-02-10 05:00:00,14221.612,14268.312,14220.222,14249.39,3531,1420,0,3531
2024-02-10 06:00:00,14249.369,14278.764,14236.712,14256.197,3537,1420,0,3537
2024-02-10 07:00:00,14256.193,14265.691,14229.712,14260.016,3524,1420,0,3524
2024-02-10 08:00:00,14260.002,14299.382,14249.549,14272.177,3525,1420,0,3525
2024-02-10 09:00:00,14272.138,14273.236,14246.713,14246.713,3529,1420,0,3529
2024-02-10 10:00:00,14246.693,14246.693,14211.296,14242.724,3518,1420,0,3518
2024-02-10 11:00:00,14242.707,14245.007,14220.491,14220.491,3520,1420,0,3520
2024-02-10 12:00:00,14220.487,14281.614,14211.435,14267.839,3519,1420,0,3519
2024-02-10 13:00:00,14267.835,14289.618,14240.884,14277.648,3533,1420,0,3533
2024-02-10 14:00:00,14277.631,14278.622,14234.759,14234.759,3532,1420,0,3532
2024-02-10 15:00:00,14234.748,14254.341,14204.144,14204.144,3525,1420,0,3525
2024-02-10 16:00:00,14204.137,14235.225,14203.413,14213.828,3518,1420,0,3518
2024-02-10 17:00:00,14213.826,14278.255,14206.804,14276.25,3539,1420,0,3539
2024-02-10 18:00:00,14276.229,14347.707,14271.797,14339.19,3539,1420,0,3539
2024-02-10 19:00:00,14339.19,14339.19,14308.936,14329.228,3534,1430,0,3534
2024-02-10 20:00:00,14329.211,14329.211,14279.074,14293.442,3527,1420,0,3527
2024-02-10 21:00:00,14293.429,14304.177,14267.915,14295.463,3509,1420,0,3509
2024-02-10 22:00:00,14295.447,14372.227,14285.384,14368.105,3547,1420,0,3547
2024-02-10 23:00:00,14368.092,14393.252,14353.376,14384.657,3531,1430,0,3531
2024-02-11 00:00:00,14384.653,14384.653,14345.002,14359.334,3525,1430,0,3525
2024-02-11 01:00:00,14359.309,14381.082,14349.07,14361.463,3528,1430,0,3528
2024-02-11 02:00:00,14361.461,14412.49,14356.117,14385.844,3516,1430,0,3516
2024-02-11 03:00:00,14385.837,14424.378,14385.043,14411.465,3534,1430,0,3534
2024-02-11 04:00:00,14411.45,14421.83,14396.548,14403.058,3542,1430,0,3542
2024-02-11 05:00:00,14403.049,14441.186,14390.977,14424.384,3543,1430,0,3543
2024-02-11 06:00:00,14424.38,14459.584,14410.729,14445.713,3532,1440,0,3532
2024-02-11 07:00:00,14445.691,14445.691,14406.73,14415.454,3526,1440,0,3526
2024-02-11 08:00:00,14415.441,14455.378,14411.492,14451.191,3538,1440,0,3538
2024-02-11 09:00:00,14451.178,14466.843,14439.862,14444.775,3519,1440,0,3519
2024-02-11 10:00:00,14444.757,14473.489,14437.369,14444.427,3523,1440,0,3523
2024-02-11 11:00:00,14444.401,14445.334,14416.282,14427.826,3521,1440,0,3521
2024-02-11 12:00:00,14427.816,14439.382,14403.364,14413.891,3519,1440,0,3519
2024-02-11 13:00:00,14413.884,14413.884,14382.659,14389.891,3545,1430,0,3545
2024-02-11 14:00:00,14389.88,14417.314,14383.024,14408.884,3544,1430,0,3544
2024-02-11 15:00:00,14408.868,14431.381,14389.439,14412.52,3521,1430,0,3521
2024-02-11 16:00:00,14412.508,14412.508,14369.794,14378.215,3534,1430,0,3534
2024-02-11 17:00:00,14378.205,14378.205,14325.905,14325.905,3531,1430,0,3531
2024-02-11 18:00:00,14325.889,14363.102,14314.983,14355.157,3536,1430,0,3536
2024-02-11 19:00:00,14355.157,14391.649,14343.172,14388.744,3522,1430,0,3522
2024-02-11 20:00:00,14388.699,14398.48,14361.946,14384.952,3540,1430,0,3540
2024-02-11 21:00:00,14384.934,14391.365,14340.889,14340.889,3527,1430,0,3527
2024-02-11 22:00:00,14340.889,14340.889,14314.12,14315.597,3526,1430,0,3526
2024-02-11 23:00:00,14315.575,14328.014,14285.295,14324.23,3533,1420,0,3533
2024-02-12 00:00:00,14324.226,14346.995,14321.628,14346.072,3537,1430,0,3537
2024-02-12 01:00:00,14346.063,14358.22,14331.313,14338.163,3533,1430,0,3533
2024-02-12 02:00:00,14338.157,14338.157,14285.854,14285.854,3529,1420,0,3529
2024-02-12 03:00:00,14285.827,14360.529,14285.146,14355.182,3515,1420,0,3515
2024-02-12 04:00:00,14355.167,14355.167,14307.233,14331.714,3528,1430,0,3528
2024-02-12 05:00:00,14331.705,14345.553,14300.77,14300.77,3529,1430,0,3529
2024-02-12 06:00:00,14300.764,14300.764,14254.533,14264.715,3543,1420,0,3543
2024-02-12 07:00:00,14264.693,14268.386,14230.544,14253.395,3536,1420,0,3536
2024-02-12 08:00:00,14253.38,14253.38,14216.181,14239.935,3526,1420,0,3526
2024-02-12 09:00:00,14239.916,14314.423,14222.423,14313.263,3532,1420,0,3532
2024-02-12 10:00:00,14313.258,14369.038,14302.339,14363.852,3547,1430,0,3547
2024-02-12 11:00:00,14363.837,14391.415,14357.694,14388.717,3546,1430,0,3546
2024-02-12 12:00:00,14388.71,14435.669,14387.527,14399.779,3522,1430,0,3522
2024-02-12 13:00:00,14399.764,14416.213,14371.328,14371.328,3538,1430,0,3538
2024-02-12 14:00:00,14371.326,14418.796,14364.289,14398.048,3540,1430,0,3540
2024-02-12 15:00:00,14398.018,14399.092,14371.721,14393.448,3516,1430,0,3516
2024-02-12 16:00:00,14393.44,14393.44,14344.386,14344.386,3545,1430,0,3545
2024-02-12 17:00:00,14344.384,14401.364,14324.987,14391.753,3521,1430,0,3521
2024-02-12 18:00:00,14391.747,14446.588,14391.589,14431.492,3528,1430,0,3528
2024-02-12 19:00:00,14431.467,14431.467,14401.044,14401.044,3517,1440,0,3517
2024-02-12 20:00:00,14401.025,14420.795,14380.117,14385.633,3520,1430,0,3520
2024-02-12 21:00:00,14385.618,14455.404,14378.71,14447.674,3541,1430,0,3541
2024-02-12 22:00:00,14447.669,14477.969,14424.627,14468.911,3544,1440,0,3544
2024-02-12 23:00:00,14468.896,14483.922,14453.059,14459.147,3530,1440,0,3530
2024-02-13 00:00:00,14459.126,14489.041,14454.664,14465.182,3531,1440,0,3531
2024-02-13 01:00:00,14465.159,14465.159,14425.099,14425.099,3527,1440,0,3527
2024-02-13 02:00:00,14425.098,14433.638,14400.214,14421.398,3495,1440,0,3495
2024-02-13 03:00:00,14421.372,14472.787,14421.098,14470.975,3538,1440,0,3538
2024-02-13 04:00:00,14470.973,14470.973,14428.951,14428.951,3525,1440,0,3525
2024-02-13 05:00:00,14428.92,14442.179,14400.588,14400.588,3525,1440,0,3525
2024-02-13 06:00:00,14400.584,14467.401,14393.393,14466.807,3526,1430,0,3526
2024-02-13 07:00:00,14466.801,14492.027,14462.771,14462.771,3540,1440,0,3540
2024-02-13 08:00:00,14462.757,14473.941,14425.789,14425.789,3531,1440,0,3531
2024-02-13 09:00:00,14425.77,14425.77,14387.696,14416.428,3527,1430,0,3527
2024-02-13 10:00:00,14416.409,14459.614,14406.281,14445.112,3535,1440,0,3535
2024-02-13 11:00:00,14445.105,14445.105,14419.476,14432.479,3527,1440,0,3527
2024-02-13 12:00:00,14432.472,14481.672,14417.526,14459.69,3538,1440,0,3538
2024-02-13 13:00:00,14459.677,14459.677,14420.442,14422.78,3530,1440,0,3530
2024-02-13 14:00:00,14422.771,14422.771,14384.392,14401.689,3524,1430,0,3524
2024-02-13 15:00:00,14401.667,14430.34,14370.176,14429.167,3537,1430,0,3537
2024-02-13 16:00:00,14429.151,14446.982,14415.511,14433.986,3541,1440,0,3541
2024-02-13 17:00:00,14433.961,14446.623,14397.026,14405.031,3536,1430,0,3536
2024-02-13 18:00:00,14405.005,14405.005,14353.219,14353.219,3537,1430,0,3537
2024-02-13 19:00:00,14353.184,14355.056,14324.766,14324.766,3540,1430,0,3540
2024-02-13 20:00:00,14324.75,14324.75,14290.136,14290.136,3526,1420,0,3526
2024-02-13 21:00:00,14290.127,14290.127,14246.26,14257.803,3519,1420,0,3519
2024-02-13 22:00:00,14257.789,14257.789,14209.739,14209.739,3527,1420,0,3527
2024-02-13 23:00:00,14209.732,14261.594,14190.999,14248.502,3535,1410,0,3535
2024-02-14 00:00:00,14248.502,14290.112,14226.277,14284.207,3526,1420,0,3526
2024-02-14 01:00:00,14284.199,14291.963,14257.318,14277.624,3527,1420,0,3527
2024-02-14 02:00:00,14277.606,14320.154,14267.92,14305.766,3536,1420,0,3536
2024-02-14 03:00:00,14305.758,14316.977,14272.601,14272.601,3517,1420,0,3517
2024-02-14 04:00:00,14272.572,14314.438,14254.979,14313.531,3517,1420,0,3517
2024-02-14 05:00:00,14313.507,14313.507,14261.384,14261.384,3545,1420,0,3545
2024-02-14 06:00:00,14261.371,14261.371,14212.291,14232.777,3541,1420,0,3541
2024-02-14 07:00:00,14232.757,14276.207,14229.615,14251.292,3523,1420,0,3523
2024-02-14 08:00:00,14251.286,14284.332,14218.445,14278.189,3519,1420,0,3519
2024-02-14 09:00:00,14284.595,14284.595,14239.231,14247.274,3523,1420,0,3523
2024-02-14 10:00:00,14247.242,14247.242,14215.267,14232.614,3516,1420,0,3516
2024-02-14 11:00:00,14232.592,14232.592,14200.618,14209.73,3526,1420,0,3526
2024-02-14 12:00:00,14209.719,14248.825,14198.503,14225.155,3529,1420,0,3529
2024-02-14 13:00:00,14225.141,14227.476,14204.807,14212.415,3534,1420,0,3534
2024-02-14 14:00:00,14212.403,14230.731,14191.857,14191.857,3513,1410,0,3513
2024-02-14 15:00:00,14191.829,14233.024,14184.345,14228.435,3536,1410,0,3536
2024-02-14 16:00:00,14228.413,14239.386,14192.518,14192.518,3538,1410,0,3538
2024-02-14 17:00:00,14192.512,14192.512,14163.992,14175.56,3525,1410,0,3525
2024-02-14 18:00:00,14175.533,14179.482,14145.241,14158.875,3521,1410,0,3521
2024-02-14 19:00:00,14158.867,14184.015,14152.655,14157.861,3526,1410,0,3526
2024-02-14 20:00:00,14157.839,14160.038,14116.064,14116.064,3518,1410,0,3518
2024-02-14 21:00:00,14116.056,14144.571,14110.216,14118.716,3535,1410,0,3535
2024-02-14 22:00:00,14118.703,14119.169,14093.234,14114.427,3529,1400,0,3529
2024-02-14 23:00:00,14114.404,14119.203,14075.828,14075.828,3530,1400,0,3530
2024-02-15 00:00:00,14075.821,14075.821,14048.62,14053.354,3521,1400,0,3521
2024-02-15 01:00:00,14053.348,14085.683,14049.882,14081.576,3534,1400,0,3534
2024-02-15 02:00:00,14081.573,14131.44,14067.92,14115.478,3527,1400,0,3527
2024-02-15 03:00:00,14115.457,14204.819,14101.942,14185.53,3538,1410,0,3538
2024-02-15 04:00:00,14185.517,14202.623,14178.007,14186.014,3523,1410,0,3523
2024-02-15 05:00:00,14186.003,14247.884,14183.812,14245.63,3521,1410,0,3521
2024-02-15 06:00:00,14245.618,14258.75,14223.723,14223.723,3521,1420,0,3521
2024-02-15 07:00:00,14223.712,14271.879,14220.345,14239.345,3540,1420,0,3540
2024-02-15 08:00:00,14239.314,14270.218,14236.43,14247.044,3521,1420,0,3521
2024-02-15 09:00:00,14247.044,14247.044,14227.005,14227.005,3523,1420,0,3523
2024-02-15 10:00:00,14226.991,14226.991,14179.034,14179.034,3520,1410,0,3520
2024-02-15 11:00:00,14179.024,14191.799,14151.182,14180.305,3533,1410,0,3533
2024-02-15 12:00:00,14180.276,14201.253,14176.561,14188.271,3519,1410,0,3519
2024-02-15 13:00:00,14188.248,14207.58,14178.398,14184.059,3533,1410,0,3533
2024-02-15 14:00:00,14184.057,14184.057,14140.053,14140.053,3526,1410,0,3526
2024-02-15 15:00:00,14140.042,14143.452,14116.105,14136.406,3529,1410,0,3529
2024-02-15 16:00:00,14136.403,14136.403,14107.461,14131.594,3526,1410,0,3526
2024-02-15 17:00:00,14131.593,14137.677,14106.96,14106.96,3519,1410,0,3519
2024-02-15 18:00:00,14106.959,14165.954,14105.64,14133.287,3527,1410,0,3527
2024-02-15 19:00:00,14133.26,14133.26,14099.124,14104.732,3538,1400,0,3538
2024-02-15 20:00:00,14104.712,14125.744,14093.769,14120.132,3523,1400,0,3523
2024-02-15 21:00:00,14120.116,14120.116,14082.796,14107.152,3515,1400,0,3515
2024-02-15 22:00:00,14107.132,14121.665,14088.072,14112.457,3537,1400,0,3537
2024-02-15 23:00:00,14112.432,14222.098,14109.246,14216.45,3523,1410,0,3523
2024-02-16 00:00:00,14216.435,14251.843,14209.758,14228.579,3545,1420,0,3545
2024-02-16 01:00:00,14228.579,14279.611,14225.642,14262.398,3529,1420,0,3529
2024-02-16 02:00:00,14262.392,14305.52,14249.611,14298.529,3531,1420,0,3531
2024-02-16 03:00:00,14298.529,14322.311,14280.904,14280.904,3534,1420,0,3534
2024-02-16 04:00:00,14280.886,14300.803,14275.182,14284.867,3544,1420,0,3544
2024-02-16 05:00:00,14284.834,14284.834,14255.261,14271.285,3523,1420,0,3523
2024-02-16 06:00:00,14271.255,14290.216,14259.976,14259.976,3523,1420,0,3523
2024-02-16 07:00:00,14259.948,14259.948,14219.897,14219.897,3532,1420,0,3532
2024-02-16 08:00:00,14219.883,14252.946,14207.33,14232.958,3536,1420,0,3536
2024-02-16 09:00:00,14232.942,14259.194,14210.753,14250.984,3542,1420,0,3542
2024-02-16 10:00:00,14250.975,14250.975,14207.687,14207.687,3534,1420,0,3534
2024-02-16 11:00:00,14207.671,14207.671,14168.333,14168.333,3537,1410,0,3537
2024-02-16 12:00:00,14168.326,14207.277,14164.767,14172.828,3539,1410,0,3539
2024-02-16 13:00:00,14172.827,14215.09,14169.266,14212.089,3528,1410,0,3528
2024-02-16 14:00:00,14212.072,14214.341,14176.784,14183.963,3523,1410,0,3523
2024-02-16 15:00:00,14183.935,14195.243,14167.165,14167.165,3525,1410,0,3525
2024-02-16 16:00:00,14167.145,14244.736,14160.117,14223.582,3527,1410,0,3527
2024-02-16 17:00:00,14223.547,14313.234,14218.744,14293.452,3518,1420,0,3518
2024-02-16 18:00:00,14293.443,14305.396,14276.877,14294.825,3537,1420,0,3537
2024-02-16 19:00:00,14294.821,14335.098,14293.369,14316.26,3526,1420,0,3526
2024-02-16 20:00:00,14316.251,14347.799,14311.293,14321.657,3527,1430,0,3527
2024-02-16 21:00:00,14321.646,14350.177,14309.327,14309.327,3537,1430,0,3537
2024-02-16 22:00:00,14309.312,14319.424,14292.285,14315.737,3538,1420,0,3538
2024-02-16 23:00:00,14315.733,14327.321,14287.45,14327.224,3539,1420,0,3539
2024-02-17 00:00:00,14327.21,14395.917,14325.776,14375.117,3530,1430,0,3530
2024-02-17 01:00:00,14375.112,14376.793,14349.807,14350.822,3520,1430,0,3520
2024-02-17 02:00:00,14350.806,14370.623,14348.829,14356.365,3532,1430,0,3532
2024-02-17 03:00:00,14356.34,14413.762,14352.528,14381.287,3532,1430,0,3532
2024-02-17 04:00:00,14381.282,14398.424,14365.601,14370.104,3515,1430,0,3515
2024-02-17 05:00:00,14370.099,14383.039,14343.09,14357.94,3518,1430,0,3518
2024-02-17 06:00:00,14357.94,14357.94,14324.523,14324.523,3517,1430,0,3517
2024-02-17 07:00:00,14324.502,14339.748,14312.021,14324.823,3542,1430,0,3542
2024-02-17 08:00:00,14324.807,14398.309,14324.59,14366.908,3541,1430,0,3541
2024-02-17 09:00:00,14366.894,14382.488,14342.512,14342.512,3531,1430,0,3531
2024-02-17 10:00:00,14342.494,14342.494,14290.971,14290.971,3535,1420,0,3535
2024-02-17 11:00:00,14290.964,14293.262,14266.711,14267.737,3529,1420,0,3529
2024-02-17 12:00:00,14267.722,14287.308,14259.599,14259.779,3534,1420,0,3534
2024-02-17 13:00:00,14259.774,14297.034,14255.334,14283.24,3541,1420,0,3541
2024-02-17 14:00:00,14283.224,14283.224,14250.475,14250.475,3527,1420,0,3527
2024-02-17 15:00:00,14250.455,14250.455,14219.404,14226.067,3533,1420,0,3533
2024-02-17 16:00:00,14226.053,14226.053,14195.943,14195.943,3516,1410,0,3516
2024-02-17 17:00:00,14195.93,14205.047,14162.274,14162.274,3523,1410,0,3523
2024-02-17 18:00:00,14162.264,14183.53,14157.047,14161.764,3540,1410,0,3540
2024-02-17 19:00:00,14161.739,14161.739,14123.514,14140.42,3536,1410,0,3536
2024-02-17 20:00:00,14140.419,14140.419,14090.233,14090.233,3522,1400,0,3522
2024-02-17 21:00:00,14090.195,14090.195,14055.802,14066.617,3534,1400,0,3534
2024-02-17 22:00:00,14066.606,14113.854,14064.969,14102.309,3534,1400,0,3534
2024-02-17 23:00:00,14102.289,14148.505,14095.854,14138.305,3542,1400,0,3542
2024-02-18 00:00:00,14138.292,14149.03,14122.908,14141.367,3525,1410,0,3525
2024-02-18 01:00:00,14141.354,14145.002,14121.306,14121.306,3316,1410,0,3316
2024-02-18 02:00:00,14121.302,14151.847,14115.039,14147.247,3536,1410,0,3536
2024-02-18 03:00:00,14147.211,14173.585,14138.454,14149.397,3529,1410,0,3529
2024-02-18 04:00:00,14149.366,14175.222,14142.175,14142.175,3534,1410,0,3534
2024-02-18 05:00:00,14142.172,14149.793,14119.916,14132.032,3523,1410,0,3523
2024-02-18 06:00:00,14132.027,14132.027,14082.027,14082.027,3510,1400,0,3510
2024-02-18 07:00:00,14082.025,14122.958,14075.55,14117.873,3527,1400,0,3527
2024-02-18 08:00:00,14117.84,14131.16,14088.301,14088.301,3519,1400,0,3519
2024-02-18 09:00:00,14088.273,14096.833,14067.577,14076.211,3527,1400,0,3527
2024-02-18 10:00:00,14076.178,14087.474,14062.738,14068.81,3518,1400,0,3518
2024-02-18 11:00:00,14068.783,14089.775,14064.824,14074.242,3527,1400,0,3527
2024-02-18 12:00:00,14074.23,14106.211,14055.536,14105.327,3533,1400,0,3533
2024-02-18 13:00:00,14105.327,14125.799,14086.123,14120.993,3531,1400,0,3531
2024-02-18 14:00:00,14120.97,14120.97,14088.727,14098.367,3526,1400,0,3526
2024-02-18 15:00:00,14098.363,14113.893,14094.175,14098.645,3533,1400,0,3533
2024-02-18 16:00:00,14098.614,14118.33,14080.289,14080.289,3529,1400,0,3529
2024-02-18 17:00:00,14080.268,14080.268,14049.846,14065.588,3538,1400,0,3538
2024-02-18 18:00:00,14065.542,14065.542,14030.95,14030.95,3529,1400,0,3529
2024-02-18 19:00:00,14030.923,14091.616,14022.526,14087.741,3524,1400,0,3524
2024-02-18 20:00:00,14087.723,14087.723,14045.562,14070.509,3517,1400,0,3517
2024-02-18 21:00:00,14070.497,14076.645,14040.18,14056.553,3524,1400,0,3524
2024-02-18 22:00:00,14056.541,14056.622,14021.276,14046.91,3522,1400,0,3522
2024-02-18 23:00:00,14046.904,14129.089,14043.093,14118.89,3534,1400,0,3534
2024-02-19 00:00:00,14118.886,14118.886,14096.693,14096.693,3529,1400,0,3529
2024-02-19 01:00:00,14096.688,14097.165,14075.033,14079.755,3529,1400,0,3529
2024-02-19 02:00:00,14079.732,14095.122,14066.264,14073.635,3540,1400,0,3540
2024-02-19 03:00:00,14073.613,14095.357,14063.812,14078.026,3527,1400,0,3527
2024-02-19 04:00:00,14078.014,14107.289,14075.672,14083.835,3526,1400,0,3526
2024-02-19 05:00:00,14083.822,14168.22,14075.433,14163.402,3537,1400,0,3537
2024-02-19 06:00:00,14163.385,14186.433,14148.238,14148.238,3539,1410,0,3539
2024-02-19 07:00:00,14148.231,14251.6,14139.035,14237.244,3535,1410,0,3535
2024-02-19 08:00:00,14237.219,14237.219,14193.828,14193.828,3531,1410,0,3531
2024-02-19 09:00:00,14193.814,14193.814,14157.191,14157.191,3543,1410,0,3543
2024-02-19 10:00:00,14157.183,14174.894,14132.272,14147.681,3517,1410,0,3517
2024-02-19 11:00:00,14147.677,14229.594,14135.316,14222.493,3525,1410,0,3525
2024-02-19 12:00:00,14222.463,14222.463,14185.788,14193.776,3532,1410,0,3532
2024-02-19 13:00:00,14193.765,14239.288,14192.455,14221.693,3532,1410,0,3532
2024-02-19 14:00:00,14221.67,14221.67,14172.304,14188.246,3534,1410,0,3534
2024-02-19 15:00:00,14188.237,14192.357,14175.059,14175.059,3531,1410,0,3531
2024-02-19 16:00:00,14175.058,14227.085,14164.566,14219.173,3540,1410,0,3540
2024-02-19 17:00:00,14219.159,14234.564,14200.53,14213.734,3526,1420,0,3526
2024-02-19 18:00:00,14213.731,14228.436,14205.91,14205.91,3522,1420,0,3522
2024-02-19 19:00:00,14205.888,14228.977,14197.563,14212.929,3522,1410,0,3522
2024-02-19 20:00:00,14212.924,14212.924,14175.181,14185.761,3526,1410,0,3526
2024-02-19 21:00:00,14185.738,14214.163,14180.668,14199.256,3533,1410,0,3533
2024-02-19 22:00:00,14199.239,14218.265,14192.031,14192.031,3534,1410,0,3534
2024-02-19 23:00:00,14192.021,14203.607,14183.698,14187.537,3519,1410,0,3519
2024-02-20 00:00:00,14187.534,14191.594,14170.336,14172.298,3519,1410,0,3519
2024-02-20 01:00:00,14172.279,14175.256,14147.881,14167.831,3537,1410,0,3537
2024-02-20 02:00:00,14167.829,14180.703,14149.08,14149.08,3527,1410,0,3527
2024-02-20 03:00:00,14149.059,14195.863,14140.422,14192.177,3532,1410,0,3532
2024-02-20 04:00:00,14192.167,14192.167,14148.406,14148.406,3537,1410,0,3537
2024-02-20 05:00:00,14148.386,14164.814,14127.836,14127.836,3531,1410,0,3531
2024-02-20 06:00:00,14127.835,14146.945,14108.168,14108.168,3537,1410,0,3537
2024-02-20 07:00:00,14108.14,14194.158,14086.712,14188.672,3523,1400,0,3523
2024-02-20 08:00:00,14188.661,14198.508,14175.237,14181.375,3533,1410,0,3533
2024-02-20 09:00:00,14181.364,14181.364,14133.438,14133.438,3525,1410,0,3525
2024-02-20 10:00:00,14133.403,14154.626,14128.788,14147.131,3536,1410,0,3536
2024-02-20 11:00:00,14147.113,14179.167,14131.072,14153.077,3521,1410,0,3521
2024-02-20 12:00:00,14153.067,14166.944,14122.718,14122.718,3519,1410,0,3519
2024-02-20 13:00:00,14122.7,14122.7,14093.671,14113.208,3512,1400,0,3512
2024-02-20 14:00:00,14113.19,14113.19,14087.03,14089.774,3516,1400,0,3516
2024-02-20 15:00:00,14089.76,14130.428,14085.458,14110.022,3533,1400,0,3533
2024-02-20 16:00:00,14110.01,14110.01,14065.283,14065.283,3519,1400,0,3519
2024-02-20 17:00:00,14065.27,14070.078,14027.999,14043.974,3539,1400,0,3539
2024-02-20 18:00:00,14043.961,14043.961,14006.396,14006.396,3531,1400,0,3531
2024-02-20 19:00:00,14006.385,14066.554,13999.197,14053.782,3528,1400,0,3528
2024-02-20 20:00:00,14053.764,14088.464,14046.613,14077.377,3537,1400,0,3537
2024-02-20 21:00:00,14077.376,14115.015,14075.161,14086.808,3543,1400,0,3543
2024-02-20 22:00:00,14086.798,14086.798,14056.367,14056.367,3545,1400,0,3545
2024-02-20 23:00:00,14056.366,14068.831,14033.071,14068.457,3529,1400,0,3529
2024-02-21 00:00:00,14068.453,14068.453,14037.149,14054.1,3531,1400,0,3531
2024-02-21 01:00:00,14054.085,14054.085,14014.52,14014.52,3529,1400,0,3529
2024-02-21 02:00:00,14014.472,14029.782,13995.25,14029.565,3527,1390,0,3527
2024-02-21 03:00:00,14029.541,14042.481,13998.171,13998.171,3512,1390,0,3512
2024-02-21 04:00:00,13998.149,14011.381,13962.724,13962.724,3539,1390,0,3539
2024-02-21 05:00:00,13962.709,13969.19,13933.239,13945.982,3512,1390,0,3512
2024-02-21 06:00:00,13945.965,13965.145,13929.83,13959.212,3539,1390,0,3539
2024-02-21 07:00:00,13959.21,14079.585,13958.269,14077.587,3529,1390,0,3529
2024-02-21 08:00:00,14077.579,14079.246,14041.816,14041.816,3527,1400,0,3527
2024-02-21 09:00:00,14041.812,14053.156,14025.032,14028.137,3513,1400,0,3513
2024-02-21 10:00:00,14028.125,14048.706,14018.364,14023.431,3514,1400,0,3514
2024-02-21 11:00:00,14023.429,14023.429,13990.479,13990.479,3535,1390,0,3535
2024-02-21 12:00:00,13990.475,14048.129,13988.411,14033.779,3530,1390,0,3530
2024-02-21 13:00:00,14033.779,14049.071,14006.523,14006.523,3533,1400,0,3533
2024-02-21 14:00:00,14006.497,14022.535,13974.978,14015.933,3539,1390,0,3539
2024-02-21 15:00:00,14015.923,14037.709,14003.274,14034.966,3532,1400,0,3532
2024-02-21 16:00:00,14034.957,14057.573,14029.288,14047.284,3519,1400,0,3519
2024-02-21 17:00:00,14047.269,14064.032,14024.958,14024.958,3539,1400,0,3539
2024-02-21 18:00:00,14024.948,14092.884,14018.271,14079.484,3542,1400,0,3542
2024-02-21 19:00:00,14079.484,14089.889,14069.572,14069.572,3538,1400,0,3538
2024-02-21 20:00:00,14069.571,14080.159,14050.339,14050.339,3516,1400,0,3516
2024-02-21 21:00:00,14050.32,14062.361,14016.039,14016.039,3521,1400,0,3521
2024-02-21 22:00:00,14016.019,14024.226,13979.473,14015.171,3526,1390,0,3526
2024-02-21 23:00:00,14015.154,14056.049,14006.144,14022.469,3520,1400,0,3520
2024-02-22 00:00:00,14022.456,14022.456,13971.8,13971.8,3530,1390,0,3530
2024-02-22 01:00:00,13971.793,13971.793,13945.864,13945.864,3512,1390,0,3512
2024-02-22 02:00:00,13945.843,13963.077,13924.906,13946.652,3539,1390,0,3539
2024-02-22 03:00:00,13946.651,13946.651,13917.187,13926.179,3535,1390,0,3535
2024-02-22 04:00:00,13926.152,13926.152,13877.314,13877.314,3520,1380,0,3520
2024-02-22 05:00:00,13877.282,13930.997,13873.647,13893.214,3538,1380,0,3538
2024-02-22 06:00:00,13893.207,13899.033,13869.392,13893.507,3513,1380,0,3513
2024-02-22 07:00:00,13893.497,13893.497,13862.208,13862.208,3529,1380,0,3529
2024-02-22 08:00:00,13862.191,13882.886,13855.127,13859.741,3515,1380,0,3515
2024-02-22 09:00:00,13859.72,13937.562,13851.728,13933.267,3537,1380,0,3537
2024-02-22 10:00:00,13933.26,13933.26,13889.02,13902.673,3522,1380,0,3522
2024-02-22 11:00:00,13902.662,13927.339,13896.039,13924.62,3522,1380,0,3522
2024-02-22 12:00:00,13924.605,13930.47,13896.038,13920.752,3521,1380,0,3521
2024-02-22 13:00:00,13920.739,13935.739,13897.755,13897.755,3525,1380,0,3525
2024-02-22 14:00:00,13897.73,13937.615,13892.381,13936.677,3540,1380,0,3540
2024-02-22 15:00:00,13936.663,13989.054,13934.853,13962.928,3520,1390,0,3520
2024-02-22 16:00:00,13962.902,13962.902,13922.335,13922.335,3526,1390,0,3526
2024-02-22 17:00:00,13922.316,13949.602,13905.44,13941.823,3516,1390,0,3516
2024-02-22 18:00:00,13941.82,13974.888,13936.954,13966.537,3530,1390,0,3530
2024-02-22 19:00:00,13966.511,13986.534,13956.204,13957.277,3532,1390,0,3532
2024-02-22 20:00:00,13957.272,13957.272,13926.493,13926.566,3536,1390,0,3536
2024-02-22 21:00:00,13926.55,13926.55,13885.433,13894.219,3540,1380,0,3540
2024-02-22 22:00:00,13894.195,13894.195,13843.744,13843.744,3528,1380,0,3528
2024-02-22 23:00:00,13843.731,13853.482,13810.697,13811.135,3528,1380,0,3528
2024-02-23 00:00:00,13811.122,13819.235,13800.607,13812.217,3520,1380,0,3520
2024-02-23 01:00:00,13812.216,13817.687,13788.624,13806.152,3530,1370,0,3530
2024-02-23 02:00:00,13806.143,13822.883,13776.372,13776.372,3515,1370,0,3515
2024-02-23 03:00:00,13776.338,13807.319,13760.525,13803.987,3531,1370,0,3531
2024-02-23 04:00:00,13803.984,13894.418,13794.923,13883.231,3527,1370,0,3527
2024-02-23 05:00:00,13883.208,13883.208,13853.811,13853.811,3546,1380,0,3546
2024-02-23 06:00:00,13853.776,13869.454,13843.858,13843.858,3528,1380,0,3528
2024-02-23 07:00:00,13843.839,13861.779,13824.606,13848.985,3519,1380,0,3519
2024-02-23 08:00:00,13848.979,13863.019,13837.666,13850.758,3530,1380,0,3530
2024-02-23 09:00:00,13850.738,13874.88,13842.058,13842.829,3518,1380,0,3518
2024-02-23 10:00:00,13842.817,13881.343,13842.509,13849.545,3529,1380,0,3529
2024-02-23 11:00:00,13849.531,13904.954,13847.389,13891.07,3530,1380,0,3530
2024-02-23 12:00:00,13891.051,13916.047,13882.682,13892.489,3543,1380,0,3543
2024-02-23 13:00:00,13892.481,13944.935,13869.922,13940.17,3528,1380,0,3528
2024-02-23 14:00:00,13940.145,13951.644,13921.841,13921.841,3537,1390,0,3537
2024-02-23 15:00:00,13921.838,13994.372,13904.847,13975.797,3531,1390,0,3531
2024-02-23 16:00:00,13975.788,14057.94,13972.599,14030.489,3527,1390,0,3527
2024-02-23 17:00:00,14030.483,14055.458,14008.402,14043.523,3543,1400,0,3543
2024-02-23 18:00:00,14043.522,14043.522,14005.412,14005.412,3529,1400,0,3529
2024-02-23 19:00:00,14005.391,14005.391,13966.554,13990.583,3539,1390,0,3539
2024-02-23 20:00:00,13990.567,13996.096,13968.768,13968.768,3538,1390,0,3538
2024-02-23 21:00:00,13968.748,13978.587,13954.501,13968.982,3542,1390,0,3542
2024-02-23 22:00:00,13968.972,13980.803,13948.381,13959.297,3527,1390,0,3527
2024-02-23 23:00:00,13959.294,13964.75,13939.814,13949.93,3527,1390,0,3527
2024-02-24 00:00:00,13949.916,13968.899,13930.33,13930.33,3529,1390,0,3529
2024-02-24 01:00:00,13930.329,13973.861,13925.475,13962.207,3530,1390,0,3530
2024-02-24 02:00:00,13962.202,14024.172,13953.484,14011.541,3527,1390,0,3527
2024-02-24 03:00:00,14011.505,14011.505,13969.863,13992.748,3518,1390,0,3518
2024-02-24 04:00:00,13992.732,13992.732,13960.223,13960.223,3545,1390,0,3545
2024-02-24 05:00:00,13960.22,13966.292,13926.461,13926.461,3523,1390,0,3523
2024-02-24 06:00:00,13926.443,13932.224,13889.492,13889.492,3533,1380,0,3533
2024-02-24 07:00:00,13889.49,13928.343,13885.906,13908.405,3541,1380,0,3541
2024-02-24 08:00:00,13908.398,13930.07,13894.828,13901.216,3541,1380,0,3541
2024-02-24 09:00:00,13901.211,13929.817,13890.629,13890.629,3543,1380,0,3543
2024-02-24 10:00:00,13890.606,13958.338,13886.726,13922.119,3518,1380,0,3518
2024-02-24 11:00:00,13922.103,13952.626,13906.032,13940.634,3528,1390,0,3528
2024-02-24 12:00:00,13940.618,13940.618,13891.045,13891.045,3531,1380,0,3531
2024-02-24 13:00:00,13891.042,13891.042,13861.477,13861.477,3511,1380,0,3511
2024-02-24 14:00:00,13861.47,13883.9,13841.497,13867.264,3535,1380,0,3535
2024-02-24 15:00:00,13867.258,13867.258,13831.419,13832.59,3535,1380,0,3535
2024-02-24 16:00:00,13832.57,13867.697,13821.147,13860.044,3541,1380,0,3541
2024-02-24 17:00:00,13860.033,13907.473,13856.086,13877.089,3532,1380,0,3532
2024-02-24 18:00:00,13877.087,13884.942,13842.614,13842.614,3538,1380,0,3538
2024-02-24 19:00:00,13842.597,13842.597,13810.651,13831.308,3529,1380,0,3529
2024-02-24 20:00:00,13831.287,13861.742,13821.994,13837.813,3539,1380,0,3539
2024-02-24 21:00:00,13837.802,13837.802,13796.127,13802.555,3545,1370,0,3545
2024-02-24 22:00:00,13802.554,13825.404,13793.038,13804.968,3540,1370,0,3540
2024-02-24 23:00:00,13804.963,13834.433,13783.945,13830.98,3522,1370,0,3522
2024-02-25 00:00:00,13830.979,13830.979,13789.212,13789.212,3525,1370,0,3525
2024-02-25 01:00:00,13789.194,13833.745,13785.236,13828.143,3527,1370,0,3527
2024-02-25 02:00:00,13828.124,13849.889,13811.954,13811.954,3522,1380,0,3522
2024-02-25 03:00:00,13811.945,13819.96,13795.806,13802.126,3517,1370,0,3517
2024-02-25 04:00:00,13802.115,13802.115,13772.331,13774.555,3531,1370,0,3531
2024-02-25 05:00:00,13774.549,13774.549,13734.637,13734.637,3531,1370,0,3531
2024-02-25 06:00:00,13734.62,13759.291,13717.882,13727.237,3527,1370,0,3527
2024-02-25 07:00:00,13727.211,13778.241,13723.539,13767.658,3528,1370,0,3528
2024-02-25 08:00:00,13767.654,13775.205,13732.794,13745.761,3528,1370,0,3528
2024-02-25 09:00:00,13745.757,13745.757,13714.978,13714.978,3522,1370,0,3522
2024-02-25 10:00:00,13714.955,13733.743,13691.229,13722.705,3526,1360,0,3526
2024-02-25 11:00:00,13722.685,13739.513,13686.856,13733.574,3530,1360,0,3530
2024-02-25 12:00:00,13733.567,13769.341,13719.607,13767.434,3526,1370,0,3526
2024-02-25 13:00:00,13767.409,13774.994,13741.556,13741.556,3531,1370,0,3531
2024-02-25 14:00:00,13741.555,13741.555,13700.129,13700.129,3516,1370,0,3516
2024-02-25 15:00:00,13700.106,13700.106,13663.117,13663.117,3501,1360,0,3501
2024-02-25 16:00:00,13663.112,13691.98,13656.29,13666.552,3530,1360,0,3530
2024-02-25 17:00:00,13666.537,13685.658,13644.896,13656.701,3517,1360,0,3517
2024-02-25 18:00:00,13656.697,13691.844,13652.102,13670.88,3529,1360,0,3529
2024-02-25 19:00:00,13670.865,13698.763,13659.023,13659.023,3534,1360,0,3534
2024-02-25 20:00:00,13659.02,13659.02,13629.504,13629.504,3531,1360,0,3531
2024-02-25 21:00:00,13629.496,13629.496,13605.678,13617.996,3524,1360,0,3524
2024-02-25 22:00:00,13617.979,13617.979,13577.684,13577.684,3522,1350,0,3522
2024-02-25 23:00:00,13577.679,13590.752,13567.512,13588.141,3523,1350,0,3523
2024-02-26 00:00:00,13588.103,13602.492,13561.768,13567.129,3528,1350,0,3528
2024-02-26 01:00:00,13567.116,13606.937,13544.44,13598.457,3520,1350,0,3520
2024-02-26 02:00:00,13598.448,13616.643,13588.679,13615.366,3537,1350,0,3537
2024-02-26 03:00:00,13615.341,13644.255,13604.078,13618.847,3538,1360,0,3538
2024-02-26 04:00:00,13618.832,13618.832,13590.402,13590.402,3514,1350,0,3514
2024-02-26 05:00:00,13590.4,13655.261,13586.153,13643.887,3527,1350,0,3527
2024-02-26 06:00:00,13643.863,13649.672,13617.476,13617.476,3524,1360,0,3524
2024-02-26 07:00:00,13617.465,13653.853,13609.935,13634.963,3525,1360,0,3525
2024-02-26 08:00:00,13634.945,13677.997,13622.755,13659.64,3526,1360,0,3526
2024-02-26 09:00:00,13659.635,13680.737,13637.442,13678.306,3542,1360,0,3542
2024-02-26 10:00:00,13678.287,13705.781,13673.016,13675.054,3537,1360,0,3537
2024-02-26 11:00:00,13675.052,13697.203,13664.959,13670.317,3513,1360,0,3513
2024-02-26 12:00:00,13670.312,13700.715,13652.489,13652.489,3525,1360,0,3525
2024-02-26 13:00:00,13652.489,13699.311,13651.136,13695.546,3523,1360,0,3523
2024-02-26 14:00:00,13695.529,13695.529,13664.76,13666.429,3532,1360,0,3532
2024-02-26 15:00:00,13666.424,13704.639,13626.76,13696.867,3526,1360,0,3526
2024-02-26 16:00:00,13696.849,13719.34,13682.266,13682.266,3524,1360,0,3524
2024-02-26 17:00:00,13682.251,13701.526,13669.817,13701.179,3530,1360,0,3530
2024-02-26 18:00:00,13701.169,13754.666,13700.807,13731.799,3515,1370,0,3515
2024-02-26 19:00:00,13731.78,13735.991,13705.444,13727.751,3520,1370,0,3520
2024-02-26 20:00:00,13727.731,13745.669,13718.42,13728.442,3524,1370,0,3524
2024-02-26 21:00:00,13728.419,13728.419,13681.95,13694.705,3531,1360,0,3531
2024-02-26 22:00:00,13694.702,13705.587,13676.137,13677.358,3530,1360,0,3530
2024-02-26 23:00:00,13677.332,13683.652,13657.592,13659.222,3535,1360,0,3535
2024-02-27 00:00:00,13659.186,13677.347,13647.284,13654.555,3531,1360,0,3531
2024-02-27 01:00:00,13654.555,13674.497,13650.043,13663.866,3528,1360,0,3528
2024-02-27 02:00:00,13663.841,13752.342,13651.945,13751.074,3526,1360,0,3526
2024-02-27 03:00:00,13751.07,13751.07,13725.12,13725.12,3512,1370,0,3512
2024-02-27 04:00:00,13725.095,13773.617,13713.173,13772.462,3528,1370,0,3528
2024-02-27 05:00:00,13772.431,13780.979,13736.533,13743.643,3529,1370,0,3529
2024-02-27 06:00:00,13743.642,13755.353,13726.974,13730.966,3530,1370,0,3530
2024-02-27 07:00:00,13730.951,13776.493,13717.975,13774.188,3524,1370,0,3524
2024-02-27 08:00:00,13774.175,13802.928,13766.474,13790.568,3524,1370,0,3524
2024-02-27 09:00:00,13790.556,13790.556,13755.206,13777.009,3532,1370,0,3532
2024-02-27 10:00:00,13777.002,13785.049,13758.264,13758.911,3543,1370,0,3543
2024-02-27 11:00:00,13758.903,13758.903,13708.417,13708.417,3542,1370,0,3542
2024-02-27 12:00:00,13708.417,13716.759,13689.026,13689.026,3523,1360,0,3523
2024-02-27 13:00:00,13689.011,13689.011,13644.828,13644.828,3527,1360,0,3527
2024-02-27 14:00:00,13644.826,13644.826,13607.453,13616.506,3524,1360,0,3524
2024-02-27 15:00:00,13616.49,13616.49,13570.247,13570.247,3516,1350,0,3516
2024-02-27 16:00:00,13570.236,13609.052,13537.822,13608.04,3522,1350,0,3522
2024-02-27 17:00:00,13608.027,13638.764,13586.067,13630.473,3534,1350,0,3534
2024-02-27 18:00:00,13630.443,13630.443,13598.974,13598.974,3519,1350,0,3519
2024-02-27 19:00:00,13598.964,13635.509,13573.906,13634.743,3520,1350,0,3520
2024-02-27 20:00:00,13634.739,13637.317,13617.772,13632.095,3530,1360,0,3530
2024-02-27 21:00:00,13632.07,13632.07,13594.928,13611.735,3534,1350,0,3534
2024-02-27 22:00:00,13611.73,13617.531,13592.023,13592.023,3519,1350,0,3519
2024-02-27 23:00:00,13591.995,13620.074,13579.274,13579.274,3531,1350,0,3531
2024-02-28 00:00:00,13579.265,13579.265,13546.525,13559.665,3536,1350,0,3536
2024-02-28 01:00:00,13559.658,13602.289,13550.226,13596.036,3538,1350,0,3538
2024-02-28 02:00:00,13596.01,13620.187,13592.259,13608.829,3530,1350,0,3530
2024-02-28 03:00:00,13608.822,13651.605,13605.217,13649.155,3536,1360,0,3536
2024-02-28 04:00:00,13649.144,13649.144,13601.164,13601.164,3508,1360,0,3508
2024-02-28 05:00:00,13601.149,13617.286,13568.231,13616.153,3530,1350,0,3530
2024-02-28 06:00:00,13616.136,13637.304,13600.976,13627.64,3526,1360,0,3526
2024-02-28 07:00:00,13627.61,13645.729,13596.862,13639.672,3527,1350,0,3527
2024-02-28 08:00:00,13639.666,13648.594,13616.676,13634.601,3521,1360,0,3521
2024-02-28 09:00:00,13634.591,13634.591,13609.705,13624.422,3531,1360,0,3531
2024-02-28 10:00:00,13624.393,13635.278,13601.006,13601.006,3544,1360,0,3544
2024-02-28 11:00:00,13600.985,13659.943,13600.01,13657.575,3522,1360,0,3522
2024-02-28 12:00:00,13657.561,13687.581,13638.526,13672.608,3523,1360,0,3523
2024-02-28 13:00:00,13672.607,13704.263,13654.64,13680.882,3515,1360,0,3515
2024-02-28 14:00:00,13680.87,13709.379,13679.771,13703.919,3521,1360,0,3521
2024-02-28 15:00:00,13703.901,13706.015,13667.141,13667.141,3539,1360,0,3539
2024-02-28 16:00:00,13667.121,13668.24,13649.666,13653.874,3523,1360,0,3523
2024-02-28 17:00:00,13653.839,13653.839,13623.854,13625.772,3516,1360,0,3516
2024-02-28 18:00:00,13625.737,13625.737,13599.827,13613.807,3542,1360,0,3542
2024-02-28 19:00:00,13613.804,13635.223,13607.085,13620.991,3522,1360,0,3522
2024-02-28 20:00:00,13620.965,13632.456,13613.26,13623.004,3542,1360,0,3542
2024-02-28 21:00:00,13622.996,13622.996,13578.666,13578.666,3520,1350,0,3520
2024-02-28 22:00:00,13578.662,13611.163,13561.504,13598.669,3519,1350,0,3519
2024-02-28 23:00:00,13598.648,13598.648,13573.05,13578.316,3527,1350,0,3527
2024-02-29 00:00:00,13578.294,13665.797,13577.541,13657.275,3548,1350,0,3548
2024-02-29 01:00:00,13657.265,13657.265,13612.394,13612.394,3527,1360,0,3527
2024-02-29 02:00:00,13612.387,13674.491,13608.258,13671.639,3524,1360,0,3524
2024-02-29 03:00:00,13671.639,13671.639,13621.971,13621.971,3521,1360,0,3521
2024-02-29 04:00:00,13621.962,13642.795,13617.486,13620.726,3522,1360,0,3522
2024-02-29 05:00:00,13620.706,13620.706,13577.977,13590.072,3542,1350,0,3542
2024-02-29 06:00:00,13590.046,13620.45,13575.737,13609.471,3533,1350,0,3533
2024-02-29 07:00:00,13609.458,13632.998,13602.912,13608.725,3530,1360,0,3530
2024-02-29 08:00:00,13608.711,13651.736,13605.22,13633.786,3541,1360,0,3541
2024-02-29 09:00:00,13633.775,13638.995,13618.79,13629.141,3533,1360,0,3533
2024-02-29 10:00:00,13629.114,13629.114,13588.823,13619.458,3527,1350,0,3527
2024-02-29 11:00:00,13619.426,13627.437,13590.384,13590.384,3527,1350,0,3527
2024-02-29 12:00:00,13590.384,13618.261,13577.041,13590.387,3522,1350,0,3522
2024-02-29 13:00:00,13590.372,13632.197,13558.138,13623.089,3536,1350,0,3536
2024-02-29 14:00:00,13623.071,13693.117,13602.503,13687.127,3538,1360,0,3538
2024-02-29 15:00:00,13687.126,13701.798,13658.422,13692.179,3509,1360,0,3509
2024-02-29 16:00:00,13692.155,13752.681,13688.0,13724.836,3529,1360,0,3529
2024-02-29 17:00:00,13724.828,13742.801,13704.423,13714.715,3514,1370,0,3514
2024-02-29 18:00:00,13714.713,13714.713,13682.671,13682.671,3517,1360,0,3517
2024-02-29 19:00:00,13682.663,13820.228,13681.725,13796.936,3547,1360,0,3547
2024-02-29 20:00:00,13796.929,13813.076,13779.249,13811.733,3540,1370,0,3540
2024-02-29 21:00:00,13822.569,13830.264,13798.107,13813.859,3529,1370,0,3529
2024-02-29 22:00:00,13813.837,13837.81,13805.755,13828.691,3527,1380,0,3527
2024-02-29 23:00:00,13828.684,13835.513,13807.646,13808.502,3529,1380,0,3529
2024-03-01 00:00:00,13808.496,13808.496,13758.233,13758.233,3532,1370,0,3532
2024-03-01 01:00:00,13758.228,13775.708,13735.608,13750.73,3529,1370,0,3529
2024-03-01 02:00:00,13750.708,13807.6,13744.768,13776.365,3539,1370,0,3539
2024-03-01 03:00:00,13776.34,13776.34,13744.109,13744.109,3515,1370,0,3515
2024-03-01 04:00:00,13744.108,13744.108,13703.468,13703.468,3529,1370,0,3529
2024-03-01 05:00:00,13703.453,13703.453,13654.014,13654.014,3513,1360,0,3513
2024-03-01 06:00:00,13653.98,13693.011,13641.676,13682.312,3531,1360,0,3531
2024-03-01 07:00:00,13682.291,13702.53,13667.896,13673.314,3547,1360,0,3547
2024-03-01 08:00:00,13673.306,13707.551,13672.292,13679.731,3520,1360,0,3520
2024-03-01 09:00:00,13679.729,13723.846,13663.321,13720.951,3521,1360,0,3521
2024-03-01 10:00:00,13720.948,13720.948,13671.715,13671.715,3522,1360,0,3522
2024-03-01 11:00:00,13671.712,13684.944,13654.157,13658.454,3524,1360,0,3524
2024-03-01 12:00:00,13658.443,13658.443,13626.655,13626.655,3533,1360,0,3533
2024-03-01 13:00:00,13626.644,13626.644,13576.826,13576.826,3521,1350,0,3521
2024-03-01 14:00:00,13576.813,13601.502,13557.112,13591.625,3525,1350,0,3525
2024-03-01 15:00:00,13591.598,13601.158,13568.443,13568.443,3539,1350,0,3539
2024-03-01 16:00:00,13568.418,13584.146,13555.912,13573.021,3528,1350,0,3528
2024-03-01 17:00:00,13573.019,13586.192,13537.26,13537.26,3518,1350,0,3518
2024-03-01 18:00:00,13537.232,13625.593,13535.474,13623.757,3536,1350,0,3536
2024-03-01 19:00:00,13623.741,13679.12,13623.674,13661.593,3529,1360,0,3529
2024-03-01 20:00:00,13661.564,13685.391,13650.481,13670.922,3518,1360,0,3518
2024-03-01 21:00:00,13670.901,13670.901,13630.917,13630.917,3532,1360,0,3532
2024-03-01 22:00:00,13630.894,13710.369,13620.529,13680.112,3525,1360,0,3525
2024-03-01 23:00:00,13680.108,13680.108,13631.221,13631.221,3528,1360,0,3528
2024-03-02 00:00:00,13631.194,13637.716,13605.448,13626.608,3515,1360,0,3515
2024-03-02 01:00:00,13626.6,13655.063,13616.033,13616.033,3531,1360,0,3531
2024-03-02 02:00:00,13616.023,13673.582,13607.702,13653.521,3532,1360,0,3532
2024-03-02 03:00:00,13653.5,13653.5,13619.312,13650.32,3520,1360,0,3520
2024-03-02 04:00:00,13650.313,13705.52,13637.0,13695.825,3535,1360,0,3535
2024-03-02 05:00:00,13695.808,13702.216,13678.358,13678.358,3544,1360,0,3544
2024-03-02 06:00:00,13678.352,13679.101,13656.038,13656.038,3515,1360,0,3515
2024-03-02 07:00:00,13656.034,13672.182,13637.017,13637.017,3529,1360,0,3529
2024-03-02 08:00:00,13636.984,13673.3,13632.98,13658.198,3535,1360,0,3535
2024-03-02 09:00:00,13658.167,13703.883,13649.415,13703.282,3527,1360,0,3527
2024-03-02 10:00:00,13703.262,13733.458,13702.903,13720.319,3529,1370,0,3529
2024-03-02 11:00:00,13720.3,13738.83,13704.528,13704.528,3540,1370,0,3540
2024-03-02 12:00:00,13704.512,13704.811,13679.99,13679.99,3527,1360,0,3527
2024-03-02 13:00:00,13679.987,13680.992,13654.924,13675.761,3529,1360,0,3529
2024-03-02 14:00:00,13675.75,13719.385,13671.934,13705.007,3517,1360,0,3517
2024-03-02 15:00:00,13705.006,13757.107,13694.094,13746.305,3522,1360,0,3522
2024-03-02 16:00:00,13746.299,13758.197,13724.495,13749.606,3529,1370,0,3529
2024-03-02 17:00:00,13749.599,13768.888,13740.827,13741.167,3542,1370,0,3542
2024-03-02 18:00:00,13741.148,13759.575,13719.796,13748.988,3519,1370,0,3519
2024-03-02 19:00:00,13748.986,13748.986,13698.994,13698.994,3536,1370,0,3536
2024-03-02 20:00:00,13698.985,13724.594,13694.778,13721.379,3519,1360,0,3519
2024-03-02 21:00:00,13721.365,13721.365,13684.108,13694.63,3524,1360,0,3524
2024-03-02 22:00:00,13694.611,13810.23,13672.621,13808.588,3542,1360,0,3542
2024-03-02 23:00:00,13808.565,13827.015,13798.077,13798.077,3538,1370,0,3538
2024-03-03 00:00:00,13798.066,13874.268,13793.977,13860.672,3527,1370,0,3527
2024-03-03 01:00:00,13860.662,13860.662,13813.455,13813.455,3528,1380,0,3528
2024-03-03 02:00:00,13813.444,13813.444,13769.582,13769.582,3526,1370,0,3526
2024-03-03 03:00:00,13769.569,13791.178,13759.081,13759.216,3519,1370,0,3519
2024-03-03 04:00:00,13759.191,13766.553,13737.197,13760.327,3534,1370,0,3534
2024-03-03 05:00:00,13760.311,13760.311,13738.705,13740.902,3532,1370,0,3532
2024-03-03 06:00:00,13740.886,13747.647,13710.095,13710.095,3521,1370,0,3521
2024-03-03 07:00:00,13710.092,13736.576,13699.701,13716.024,3525,1370,0,3525
2024-03-03 08:00:00,13716.013,13757.915,13713.065,13724.841,3529,1370,0,3529
2024-03-03 09:00:00,13724.82,13751.821,13717.49,13744.19,3522,1370,0,3522
2024-03-03 10:00:00,13744.168,13763.753,13738.605,13738.624,3532,1370,0,3532
2024-03-03 11:00:00,13738.604,13786.147,13734.081,13772.27,3529,1370,0,3529
2024-03-03 12:00:00,13772.265,13802.29,13735.086,13800.141,3531,1370,0,3531
2024-03-03 13:00:00,13800.128,13806.469,13783.011,13783.011,3540,1370,0,3540
2024-03-03 14:00:00,13782.964,13810.764,13766.577,13784.072,3522,1370,0,3522
2024-03-03 15:00:00,13784.05,13872.417,13772.375,13871.466,3531,1370,0,3531
2024-03-03 16:00:00,13871.423,13883.124,13852.25,13881.853,3519,1380,0,3519
2024-03-03 17:00:00,13881.828,13934.654,13880.693,13914.21,3535,1380,0,3535
2024-03-03 18:00:00,13914.195,13917.994,13896.295,13900.005,3526,1380,0,3526
2024-03-03 19:00:00,13899.997,13899.997,13871.158,13899.482,3525,1380,0,3525
2024-03-03 20:00:00,13899.472,13899.472,13857.009,13857.009,3529,1380,0,3529
2024-03-03 21:00:00,13857.0,13860.633,13827.989,13833.973,3528,1380,0,3528
2024-03-03 22:00:00,13833.956,13897.588,13827.764,13887.276,3540,1380,0,3540
2024-03-03 23:00:00,13887.267,13905.468,13876.371,13894.034,3521,1380,0,3521
2024-03-04 00:00:00,13894.013,13903.192,13873.565,13879.855,3511,1380,0,3511
2024-03-04 01:00:00,13879.833,13920.785,13877.307,13899.217,3534,1380,0,3534
2024-03-04 02:00:00,13899.197,13899.197,13858.323,13858.323,3541,1380,0,3541
2024-03-04 03:00:00,13858.314,13893.453,13836.985,13890.785,3528,1380,0,3528
2024-03-04 04:00:00,13890.769,13903.956,13874.46,13878.442,3542,1380,0,3542
2024-03-04 05:00:00,13878.427,13916.648,13870.802,13901.206,3523,1380,0,3523
2024-03-04 06:00:00,13901.182,13901.182,13854.122,13884.331,3526,1380,0,3526
2024-03-04 07:00:00,13884.322,13920.435,13859.728,13915.509,3524,1380,0,3524
2024-03-04 08:00:00,13915.489,13915.489,13889.743,13890.518,3533,1380,0,3533
2024-03-04 09:00:00,13890.504,13913.524,13877.456,13909.825,3532,1380,0,3532
2024-03-04 10:00:00,13909.807,13913.651,13895.145,13897.171,3525,1380,0,3525
2024-03-04 11:00:00,13897.171,13897.171,13856.325,13856.325,3520,1380,0,3520
2024-03-04 12:00:00,13856.316,13875.019,13827.137,13837.168,3532,1380,0,3532
2024-03-04 13:00:00,13837.164,13837.164,13787.153,13787.153,3524,1370,0,3524
2024-03-04 14:00:00,13787.15,13787.15,13745.937,13745.937,3525,1370,0,3525
2024-03-04 15:00:00,13745.924,13775.978,13724.463,13759.804,3513,1370,0,3513
2024-03-04 16:00:00,13759.785,13812.295,13748.332,13792.653,3527,1370,0,3527
2024-03-04 17:00:00,13792.632,13820.617,13791.589,13795.74,3531,1370,0,3531
2024-03-04 18:00:00,13795.701,13832.566,13788.618,13829.711,3529,1370,0,3529
2024-03-04 19:00:00,13829.705,13829.705,13792.323,13825.537,3524,1370,0,3524
2024-03-04 20:00:00,13825.523,13833.1,13803.797,13803.797,3529,1380,0,3529
2024-03-04 21:00:00,13803.788,13838.024,13795.189,13821.692,3523,1370,0,3523
2024-03-04 22:00:00,13821.687,13833.617,13808.442,13818.644,3530,1380,0,3530
2024-03-04 23:00:00,13818.639,13863.797,13812.255,13854.427,3525,1380,0,3525
2024-03-05 00:00:00,13854.419,13888.642,13850.311,13870.389,3522,1380,0,3522
2024-03-05 01:00:00,13870.371,13876.957,13835.549,13835.549,3544,1380,0,3544
2024-03-05 02:00:00,13835.539,13840.355,13820.199,13820.199,3517,1380,0,3517
2024-03-05 03:00:00,13820.179,13881.831,13814.452,13875.761,3539,1380,0,3539
2024-03-05 04:00:00,13875.734,13875.734,13842.068,13842.068,3515,1380,0,3515
2024-03-05 05:00:00,13842.048,13859.896,13833.843,13837.363,3521,1380,0,3521
2024-03-05 06:00:00,13837.353,13841.252,13804.002,13830.557,3535,1380,0,3535
2024-03-05 07:00:00,13830.55,13884.833,13829.602,13862.853,3533,1380,0,3533
2024-03-05 08:00:00,13862.845,13862.845,13823.794,13823.794,3527,1380,0,3527
2024-03-05 09:00:00,13823.772,13823.772,13780.961,13807.74,3524,1370,0,3524
2024-03-05 10:00:00,13807.715,13852.353,13807.345,13849.97,3522,1380,0,3522
2024-03-05 11:00:00,13849.95,13863.93,13833.124,13844.031,3528,1380,0,3528
2024-03-05 12:00:00,13844.013,13896.635,13837.041,13889.457,3527,1380,0,3527
2024-03-05 13:00:00,13889.456,13916.034,13883.65,13893.66,3526,1380,0,3526
2024-03-05 14:00:00,13893.634,13924.377,13893.062,13900.516,3529,1380,0,3529
2024-03-05 15:00:00,13900.505,13940.693,13888.049,13935.448,3539,1380,0,3539
2024-03-05 16:00:00,13935.427,13935.427,13899.406,13901.05,3531,1390,0,3531
2024-03-05 17:00:00,13901.02,13905.845,13886.627,13886.627,3533,1380,0,3533
2024-03-05 18:00:00,13886.613,13901.162,13864.579,13864.579,3529,1380,0,3529
2024-03-05 19:00:00,13864.56,13864.56,13840.16,13842.239,3535,1380,0,3535
2024-03-05 20:00:00,13842.224,13842.224,13800.475,13811.583,3533,1380,0,3533
2024-03-05 21:00:00,13811.578,13851.833,13793.201,13833.483,3524,1370,0,3524
2024-03-05 22:00:00,13833.457,13844.185,13815.053,13828.316,3528,1380,0,3528
2024-03-05 23:00:00,13828.311,13848.751,13803.465,13836.069,3524,1380,0,3524
2024-03-06 00:00:00,13836.066,13844.699,13815.373,13815.373,3521,1380,0,3521
2024-03-06 01:00:00,13815.366,13878.762,13795.006,13861.938,3530,1370,0,3530
2024-03-06 02:00:00,13861.913,13863.311,13838.604,13841.069,3522,1380,0,3522
2024-03-06 03:00:00,13841.037,13882.527,13837.832,13837.832,3548,1380,0,3548
2024-03-06 04:00:00,13837.822,13851.349,13820.697,13826.667,3512,1380,0,3512
2024-03-06 05:00:00,13826.63,13850.304,13824.935,13827.596,3529,1380,0,3529
2024-03-06 06:00:00,13827.562,13827.562,13801.9,13810.219,3511,1380,0,3511
2024-03-06 07:00:00,13810.214,13810.214,13760.539,13760.539,3528,1370,0,3528
2024-03-06 08:00:00,13760.509,13794.301,13743.344,13783.001,3537,1370,0,3537
2024-03-06 09:00:00,13782.968,13793.909,13774.938,13776.035,3521,1370,0,3521
2024-03-06 10:00:00,13776.023,13777.019,13752.594,13752.594,3533,1370,0,3533
2024-03-06 11:00:00,13752.579,13752.579,13714.618,13714.618,3530,1370,0,3530
2024-03-06 12:00:00,13714.597,13739.351,13712.024,13714.632,3525,1370,0,3525
2024-03-06 13:00:00,13714.614,13742.488,13711.331,13716.129,3525,1370,0,3525
2024-03-06 14:00:00,13716.113,13739.554,13705.713,13731.934,3523,1370,0,3523
2024-03-06 15:00:00,13731.934,13790.584,13711.409,13768.899,3513,1370,0,3513
2024-03-06 16:00:00,13768.887,13782.414,13747.706,13761.894,3527,1370,0,3527
2024-03-06 17:00:00,13761.872,13761.872,13734.239,13742.687,3531,1370,0,3531
2024-03-06 18:00:00,13742.674,13760.053,13727.022,13748.352,3526,1370,0,3526
2024-03-06 19:00:00,13748.325,13748.325,13699.092,13699.092,3539,1370,0,3539
2024-03-06 20:00:00,13699.088,13725.039,13684.205,13703.297,3520,1360,0,3520
2024-03-06 21:00:00,13703.275,13718.082,13684.564,13695.586,3526,1360,0,3526
2024-03-06 22:00:00,13695.572,13695.572,13665.592,13665.592,3530,1360,0,3530
2024-03-06 23:00:00,13665.563,13718.551,13659.028,13710.57,3511,1360,0,3511
2024-03-07 00:00:00,13710.566,13710.566,13664.785,13665.962,3527,1360,0,3527
2024-03-07 01:00:00,13665.961,13751.626,13659.284,13743.398,3525,1360,0,3525
2024-03-07 02:00:00,13743.381,13747.444,13723.294,13740.872,3510,1370,0,3510
2024-03-07 03:00:00,13740.855,13779.442,13739.395,13765.12,3517,1370,0,3517
2024-03-07 04:00:00,13765.111,13767.995,13737.864,13760.337,3524,1370,0,3524
2024-03-07 05:00:00,13760.315,13765.28,13727.98,13736.696,3539,1370,0,3539
2024-03-07 06:00:00,13736.686,13789.376,13730.724,13781.757,3532,1370,0,3532
2024-03-07 07:00:00,13781.754,13799.863,13770.121,13770.121,3513,1370,0,3513
2024-03-07 08:00:00,13770.115,13770.115,13747.755,13758.103,3518,1370,0,3518
2024-03-07 09:00:00,13758.093,13768.1,13740.095,13752.872,3530,1370,0,3530
2024-03-07 10:00:00,13752.86,13821.976,13744.339,13818.687,3529,1370,0,3529
2024-03-07 11:00:00,13818.68,13870.694,13794.237,13864.527,3528,1370,0,3528
2024-03-07 12:00:00,13864.502,13892.493,13854.273,13880.166,3533,1380,0,3533
2024-03-07 13:00:00,13880.152,13949.011,13876.163,13948.901,3526,1380,0,3526
2024-03-07 14:00:00,13948.886,13982.38,13934.588,13966.888,3530,1390,0,3530
2024-03-07 15:00:00,13966.88,13966.88,13926.966,13926.966,3548,1390,0,3548
2024-03-07 16:00:00,13926.943,13972.39,13926.366,13954.937,3513,1390,0,3513
2024-03-07 17:00:00,13954.918,13962.791,13937.626,13944.101,3523,1390,0,3523
2024-03-07 18:00:00,13944.084,13977.664,13943.56,13947.527,3536,1390,0,3536
2024-03-07 19:00:00,13947.515,13947.515,13907.07,13928.337,3538,1390,0,3538
2024-03-07 20:00:00,13928.33,13954.929,13911.521,13911.521,3529,1390,0,3529
2024-03-07 21:00:00,13911.5,13912.186,13870.903,13870.903,3530,1380,0,3530
2024-03-07 22:00:00,13870.897,13870.897,13836.697,13836.697,3544,1380,0,3544
2024-03-07 23:00:00,13836.685,13836.685,13799.903,13818.16,3531,1380,0,3531
2024-03-08 00:00:00,13818.159,13818.159,13772.0,13772.0,3530,1370,0,3530
2024-03-08 01:00:00,13771.979,13775.304,13748.351,13748.351,3528,1370,0,3528
2024-03-08 02:00:00,13748.324,13748.324,13702.348,13702.348,3520,1370,0,3520
2024-03-08 03:00:00,13702.346,13746.263,13680.744,13744.985,3518,1360,0,3518
2024-03-08 04:00:00,13744.963,13744.963,13718.38,13723.598,3535,1370,0,3535
2024-03-08 05:00:00,13723.589,13764.199,13720.41,13756.837,3510,1370,0,3510
2024-03-08 06:00:00,13756.822,13769.318,13718.463,13763.111,3533,1370,0,3533
2024-03-08 07:00:00,13763.088,13763.088,13730.101,13751.243,3515,1370,0,3515
2024-03-08 08:00:00,13751.23,13756.683,13731.401,13732.819,3528,1370,0,3528
2024-03-08 09:00:00,13732.787,13734.782,13704.198,13722.726,3510,1370,0,3510
2024-03-08 10:00:00,13722.707,13746.801,13719.35,13732.851,3523,1370,0,3523
2024-03-08 11:00:00,13732.848,13743.51,13705.257,13739.995,3532,1370,0,3532
2024-03-08 12:00:00,13739.98,13749.018,13719.275,13738.979,3537,1370,0,3537
2024-03-08 13:00:00,13738.955,13764.502,13735.193,13748.257,3535,1370,0,3535
2024-03-08 14:00:00,13748.256,13786.706,13738.495,13780.061,3530,1370,0,3530
2024-03-08 15:00:00,13780.058,13797.664,13760.252,13794.132,3526,1370,0,3526
2024-03-08 16:00:00,13794.131,13817.098,13787.65,13797.981,3525,1370,0,3525
2024-03-08 17:00:00,13797.969,13879.996,13792.476,13879.757,3545,1370,0,3545
2024-03-08 18:00:00,13879.751,13898.462,13868.84,13871.21,3545,1380,0,3545
2024-03-08 19:00:00,13871.203,13889.726,13866.871,13872.54,3529,1380,0,3529
2024-03-08 20:00:00,13872.501,13897.769,13861.144,13889.612,3541,1380,0,3541
2024-03-08 21:00:00,13889.593,13898.045,13852.341,13852.341,3514,1380,0,3514
2024-03-08 22:00:00,13852.328,13852.328,13815.236,13825.197,3541,1380,0,3541
2024-03-08 23:00:00,13825.178,13879.294,13823.058,13876.549,3515,1380,0,3515
2024-03-09 00:00:00,13876.544,13935.833,13856.986,13923.903,3507,1380,0,3507
2024-03-09 01:00:00,13923.893,13923.893,13890.922,13894.747,3527,1380,0,3527
2024-03-09 02:00:00,13894.724,13939.037,13884.514,13923.562,3516,1380,0,3516
2024-03-09 03:00:00,13923.557,13958.194,13918.452,13931.517,3527,1390,0,3527
2024-03-09 04:00:00,13931.506,13931.506,13909.541,13923.344,3547,1390,0,3547
2024-03-09 05:00:00,13923.337,13939.111,13908.76,13925.326,3528,1390,0,3528
2024-03-09 06:00:00,13925.318,13925.318,13884.053,13917.074,3524,1380,0,3524
2024-03-09 07:00:00,13917.056,13948.148,13911.384,13932.014,3516,1390,0,3516
2024-03-09 08:00:00,13932.003,13932.003,13881.411,13881.411,3542,1380,0,3542
2024-03-09 09:00:00,13881.409,13906.775,13856.222,13899.152,3523,1380,0,3523
2024-03-09 10:00:00,13899.133,13899.133,13862.326,13867.627,3532,1380,0,3532
2024-03-09 11:00:00,13867.62,13867.62,13837.75,13837.75,3509,1380,0,3509
2024-03-09 12:00:00,13837.748,13837.748,13792.788,13792.788,3521,1370,0,3521
2024-03-09 13:00:00,13792.765,13831.179,13792.594,13823.953,3526,1370,0,3526
2024-03-09 14:00:00,13823.949,13826.764,13798.461,13806.861,3516,1380,0,3516
2024-03-09 15:00:00,13806.848,13811.425,13769.933,13773.87,3526,1370,0,3526
2024-03-09 16:00:00,13773.86,13835.278,13770.863,13809.93,3531,1370,0,3531
2024-03-09 17:00:00,13809.917,13809.917,13769.615,13769.615,3516,1370,0,3516
2024-03-09 18:00:00,13769.605,13817.737,13759.527,13799.786,3527,1370,0,3527
2024-03-09 19:00:00,13799.775,13857.157,13793.712,13835.632,3524,1370,0,3524
2024-03-09 20:00:00,13835.601,13853.636,13819.087,13850.134,3523,1380,0,3523
2024-03-09 21:00:00,13850.125,13907.174,13835.801,13904.173,3535,1380,0,3535
2024-03-09 22:00:00,13904.147,13935.274,13898.722,13901.542,3521,1390,0,3521
2024-03-09 23:00:00,13901.538,13923.29,13881.797,13910.285,3523,1380,0,3523
2024-03-10 00:00:00,13910.276,13937.976,13895.462,13930.341,3521,1380,0,3521
2024-03-10 01:00:00,13930.318,13937.027,13905.589,13924.728,3498,1390,0,3498
2024-03-10 02:00:00,13924.723,13924.723,13876.562,13876.562,3510,1380,0,3510
2024-03-10 03:00:00,13876.557,13916.117,13870.733,13890.951,3537,1380,0,3537
2024-03-10 04:00:00,13890.913,13907.32,13882.145,13884.152,3524,1380,0,3524
2024-03-10 05:00:00,13884.124,13884.124,13834.273,13834.273,3526,1380,0,3526
2024-03-10 06:00:00,13834.26,13834.26,13802.212,13822.844,3517,1380,0,3517
2024-03-10 07:00:00,13822.833,13839.431,13799.926,13817.863,3530,1380,0,3530
2024-03-10 08:00:00,13817.849,13838.532,13810.841,13819.579,3532,1380,0,3532
2024-03-10 09:00:00,13819.572,13866.585,13815.381,13864.245,3541,1380,0,3541
2024-03-10 10:00:00,13864.235,13870.734,13828.128,13859.654,3532,1380,0,3532
2024-03-10 11:00:00,13859.634,13886.053,13853.48,13879.505,3531,1380,0,3531
2024-03-10 12:00:00,13879.492,13879.492,13850.204,13859.335,3521,1380,0,3521
2024-03-10 13:00:00,13859.335,13924.887,13851.842,13889.498,3532,1380,0,3532
2024-03-10 14:00:00,13889.487,13889.487,13862.804,13868.492,3541,1380,0,3541
2024-03-10 15:00:00,13868.468,13868.468,13825.714,13846.111,3539,1380,0,3539
2024-03-10 16:00:00,13846.088,13917.449,13839.269,13903.851,3531,1380,0,3531
2024-03-10 17:00:00,13903.835,13942.166,13889.321,13937.532,3532,1380,0,3532
2024-03-10 18:00:00,13937.525,13960.608,13918.568,13918.568,3529,1390,0,3529
2024-03-10 19:00:00,13918.56,13938.405,13915.883,13925.39,3508,1390,0,3508
2024-03-10 20:00:00,13925.378,13947.556,13922.765,13936.347,3530,1390,0,3530
2024-03-10 21:00:00,13936.316,13946.133,13914.14,13917.916,3514,1390,0,3514
2024-03-10 22:00:00,13917.9,13953.609,13914.212,13916.031,3525,1390,0,3525
2024-03-10 23:00:00,13916.01,13946.365,13905.449,13944.017,3531,1390,0,3531
2024-03-11 00:00:00,13944.012,13944.012,13908.213,13908.213,3538,1390,0,3538
2024-03-11 01:00:00,13908.206,13927.019,13894.782,13914.538,3512,1380,0,3512
2024-03-11 02:00:00,13914.531,13942.317,13905.336,13907.162,3516,1390,0,3516
2024-03-11 03:00:00,13907.149,13907.149,13873.824,13873.824,3533,1380,0,3533
2024-03-11 04:00:00,13873.786,13966.603,13872.565,13962.518,3539,1380,0,3539
2024-03-11 05:00:00,13962.507,13969.713,13945.556,13957.273,3538,1390,0,3538
2024-03-11 06:00:00,13957.256,14028.458,13953.559,14002.555,3523,1390,0,3523
2024-03-11 07:00:00,14002.537,14022.054,13967.056,14020.308,3536,1390,0,3536
2024-03-11 08:00:00,14020.283,14020.283,13969.496,13969.496,3524,1390,0,3524
2024-03-11 09:00:00,13969.467,13972.945,13940.689,13963.543,3536,1390,0,3536
2024-03-11 10:00:00,13963.533,13977.18,13937.651,13970.742,3521,1390,0,3521
2024-03-11 11:00:00,13970.726,13989.452,13954.272,13973.604,3540,1390,0,3540
2024-03-11 12:00:00,13973.598,14001.111,13967.664,13984.404,3539,1390,0,3539
2024-03-11 13:00:00,13984.381,13984.381,13939.758,13954.775,3549,1390,0,3549
2024-03-11 14:00:00,13954.773,13991.579,13950.349,13958.824,3537,1390,0,3537
2024-03-11 15:00:00,13958.808,13988.241,13924.33,13986.335,3520,1390,0,3520
2024-03-11 16:00:00,13986.331,14015.772,13983.753,13987.597,3532,1390,0,3532
2024-03-11 17:00:00,13987.572,13987.572,13940.09,13951.162,3538,1390,0,3538
2024-03-11 18:00:00,13951.144,13953.814,13925.304,13940.988,3535,1390,0,3535
2024-03-11 19:00:00,13940.97,13940.97,13903.991,13930.471,3536,1390,0,3536
2024-03-11 20:00:00,13930.458,13944.166,13917.179,13932.253,3534,1390,0,3534
2024-03-11 21:00:00,13932.241,13945.053,13911.205,13923.537,3541,1390,0,3541
2024-03-11 22:00:00,13923.529,13943.301,13899.507,13902.216,3522,1390,0,3522
2024-03-11 23:00:00,13902.203,13916.447,13885.165,13885.165,3529,1380,0,3529
2024-03-12 00:00:00,13885.136,13888.603,13846.47,13846.47,3529,1380,0,3529
2024-03-12 01:00:00,13846.469,13846.469,13805.569,13822.309,3526,1380,0,3526
2024-03-12 02:00:00,13822.275,13854.424,13821.576,13828.637,3522,1380,0,3522
2024-03-12 03:00:00,13828.612,13844.477,13812.423,13822.003,3524,1380,0,3524
2024-03-12 04:00:00,13821.985,13847.326,13813.1,13835.638,3536,1380,0,3536
2024-03-12 05:00:00,13835.611,13853.612,13820.242,13841.223,3523,1380,0,3523
2024-03-12 06:00:00,13841.199,13865.389,13836.582,13845.92,3525,1380,0,3525
2024-03-12 07:00:00,13845.916,13845.916,13803.223,13803.223,3538,1380,0,3538
2024-03-12 08:00:00,13803.202,13862.283,13801.222,13847.867,3533,1380,0,3533
2024-03-12 09:00:00,13847.836,13884.507,13846.595,13876.909,3546,1380,0,3546
2024-03-12 10:00:00,13876.886,13890.169,13859.645,13859.645,3522,1380,0,3522
2024-03-12 11:00:00,13859.643,13860.83,13830.793,13850.717,3535,1380,0,3535
2024-03-12 12:00:00,13850.674,13879.406,13830.844,13876.265,3531,1380,0,3531
2024-03-12 13:00:00,13876.236,13933.52,13870.305,13903.601,3534,1380,0,3534
2024-03-12 14:00:00,13903.575,13984.24,13901.794,13965.737,3543,1390,0,3543
2024-03-12 15:00:00,13965.724,13965.724,13918.898,13925.929,3535,1390,0,3535
2024-03-12 16:00:00,13925.908,13925.908,13887.259,13899.084,3534,1380,0,3534
2024-03-12 17:00:00,13899.074,13901.673,13876.436,13882.309,3527,1380,0,3527
2024-03-12 18:00:00,13882.298,13904.278,13871.516,13898.688,3541,1380,0,3541
2024-03-12 19:00:00,13898.681,13898.681,13850.291,13850.291,3523,1380,0,3523
2024-03-12 20:00:00,13850.266,13894.028,13842.892,13882.779,3521,1380,0,3521
2024-03-12 21:00:00,13882.765,13882.765,13841.193,13857.394,3531,1380,0,3531
2024-03-12 22:00:00,13857.37,13860.5,13823.16,13823.16,3528,1380,0,3528
2024-03-12 23:00:00,13823.159,13865.834,13819.762,13849.061,3511,1380,0,3511
2024-03-13 00:00:00,13849.046,13851.674,13821.529,13851.549,3547,1380,0,3547
2024-03-13 01:00:00,13851.536,13902.266,13833.018,13901.665,3537,1380,0,3537
2024-03-13 02:00:00,13901.65,13901.65,13852.59,13852.59,3528,1380,0,3528
2024-03-13 03:00:00,13852.56,13895.86,13848.074,13880.765,3514,1380,0,3514
2024-03-13 04:00:00,13880.751,13897.162,13851.939,13895.826,3532,1380,0,3532
2024-03-13 05:00:00,13895.813,13914.187,13883.946,13883.946,3521,1380,0,3521
2024-03-13 06:00:00,13883.938,13931.399,13868.27,13915.664,3524,1380,0,3524
2024-03-13 07:00:00,13915.653,13927.273,13900.337,13900.337,3550,1390,0,3550
2024-03-13 08:00:00,13900.328,13900.676,13878.662,13885.981,3519,1380,0,3519
2024-03-13 09:00:00,13885.961,13914.934,13852.666,13912.438,3526,1380,0,3526
2024-03-13 10:00:00,13912.425,14000.119,13909.062,13972.433,3537,1390,0,3537
2024-03-13 11:00:00,13972.418,13972.418,13935.249,13958.299,3540,1390,0,3540
2024-03-13 12:00:00,13958.297,13958.297,13936.668,13940.13,3508,1390,0,3508
2024-03-13 13:00:00,13940.121,13977.221,13921.103,13972.961,3539,1390,0,3539
2024-03-13 14:00:00,13972.94,14032.714,13972.744,14022.454,3384,1390,0,3384
2024-03-13 15:00:00,14022.44,14048.775,13997.992,14032.813,3525,1400,0,3525
2024-03-13 16:00:00,14032.794,14044.684,14026.831,14026.831,3533,1400,0,3533
2024-03-13 17:00:00,14026.82,14055.164,14004.258,14041.254,3535,1400,0,3535
2024-03-13 18:00:00,14041.243,14041.243,13994.751,13994.751,3534,1390,0,3534
2024-03-13 19:00:00,13994.744,13994.744,13944.645,13944.645,3534,1390,0,3534
2024-03-13 20:00:00,13944.626,14021.016,13929.618,14005.991,3537,1390,0,3537
2024-03-13 21:00:00,14005.978,14021.772,13989.502,14010.899,3526,1390,0,3526
2024-03-13 22:00:00,14010.886,14036.174,13998.84,14013.844,3534,1400,0,3534
2024-03-13 23:00:00,14013.838,14045.747,13996.629,14039.767,3528,1390,0,3528
2024-03-14 00:00:00,14039.745,14083.472,14013.071,14072.369,3526,1400,0,3526
2024-03-14 01:00:00,14072.36,14090.592,14064.076,14071.115,3538,1400,0,3538
2024-03-14 02:00:00,14071.108,14071.108,14045.334,14052.865,3514,1400,0,3514
2024-03-14 03:00:00,14052.859,14055.388,14013.328,14032.665,3519,1400,0,3519
2024-03-14 04:00:00,14032.653,14032.653,13999.406,14008.695,3522,1400,0,3522
2024-03-14 05:00:00,14008.685,14034.641,13999.492,14028.003,3529,1400,0,3529
2024-03-14 06:00:00,14027.99,14072.347,14009.963,14062.832,3536,1400,0,3536
2024-03-14 07:00:00,14062.809,14066.499,14041.001,14041.001,3524,1400,0,3524
2024-03-14 08:00:00,14040.991,14046.594,14018.225,14036.164,3520,1400,0,3520
2024-03-14 09:00:00,14036.142,14055.672,14023.485,14044.321,3522,1400,0,3522
2024-03-14 10:00:00,14044.317,14055.004,14010.003,14010.003,3531,1400,0,3531
2024-03-14 11:00:00,14009.973,14018.637,13981.193,13981.193,3527,1390,0,3527
2024-03-14 12:00:00,13981.184,13981.184,13937.861,13949.659,3521,1390,0,3521
2024-03-14 13:00:00,13949.631,13981.379,13943.03,13956.787,3533,1390,0,3533
2024-03-14 14:00:00,13956.752,14017.122,13953.469,14014.589,3526,1390,0,3526
2024-03-14 15:00:00,14014.587,14096.743,14007.077,14085.418,3539,1400,0,3539
2024-03-14 16:00:00,14085.398,14106.891,14074.667,14093.341,3529,1400,0,3529
2024-03-14 17:00:00,14093.337,14093.337,14064.589,14083.598,3531,1400,0,3531
2024-03-14 18:00:00,14083.589,14098.761,14061.552,14061.552,3527,1400,0,3527
2024-03-14 19:00:00,14061.535,14061.535,14014.359,14017.574,3535,1400,0,3535
2024-03-14 20:00:00,14017.559,14017.559,13983.763,13991.644,3525,1390,0,3525
2024-03-14 21:00:00,13991.63,14007.23,13980.387,13996.846,3516,1390,0,3516
2024-03-14 22:00:00,13996.842,14032.236,13996.252,13997.597,3517,1390,0,3517
2024-03-14 23:00:00,13997.576,13997.576,13967.178,13986.909,3516,1390,0,3516
2024-03-15 00:00:00,13986.893,14047.634,13972.64,14037.212,3518,1390,0,3518
2024-03-15 01:00:00,14037.204,14037.204,13987.049,13987.049,3538,1390,0,3538
2024-03-15 02:00:00,13987.046,14009.879,13973.627,13992.94,3521,1390,0,3521
2024-03-15 03:00:00,13992.937,14004.543,13967.949,13967.949,3528,1390,0,3528
2024-03-15 04:00:00,13967.934,13977.312,13947.443,13947.443,3523,1390,0,3523
2024-03-15 05:00:00,13947.441,13982.132,13945.808,13949.064,3525,1390,0,3525
2024-03-15 06:00:00,13949.041,13992.714,13942.005,13978.456,3541,1390,0,3541
2024-03-15 07:00:00,13978.444,13978.444,13928.185,13928.185,3525,1390,0,3525
2024-03-15 08:00:00,13928.152,13967.286,13909.157,13958.403,3531,1390,0,3531
2024-03-15 09:00:00,13958.402,13958.402,13925.199,13927.427,3539,1390,0,3539
2024-03-15 10:00:00,13927.416,13967.709,13909.832,13966.98,3528,1390,0,3528
2024-03-15 11:00:00,13966.98,14012.227,13947.724,13992.899,3527,1390,0,3527
2024-03-15 12:00:00,13992.89,14003.825,13958.829,13991.809,3531,1390,0,3531
2024-03-15 13:00:00,13991.794,14011.849,13961.258,14011.43,3522,1390,0,3522
2024-03-15 14:00:00,14011.422,14028.615,14000.703,14011.052,3532,1400,0,3532
2024-03-15 15:00:00,14011.032,14045.965,14004.577,14027.637,3521,1400,0,3521
2024-03-15 16:00:00,14027.633,14027.633,14003.061,14016.685,3526,1400,0,3526
2024-03-15 17:00:00,14016.684,14078.679,14007.075,14071.037,3525,1400,0,3525
2024-03-15 18:00:00,14071.016,14073.206,14043.269,14043.269,3536,1400,0,3536
2024-03-15 19:00:00,14043.252,14054.994,14016.952,14031.037,3532,1400,0,3532
2024-03-15 20:00:00,14031.012,14032.552,14009.211,14013.896,3531,1400,0,3531
2024-03-15 21:00:00,14013.874,14044.823,13997.059,14028.683,3535,1390,0,3535
2024-03-15 22:00:00,14028.679,14045.25,14025.239,14026.727,3548,1400,0,3548
2024-03-15 23:00:00,14026.704,14081.792,14021.857,14066.438,3518,1400,0,3518
2024-03-16 00:00:00,14066.428,14098.629,14057.575,14062.691,3522,1400,0,3522
2024-03-16 01:00:00,14062.668,14062.668,14012.18,14012.18,3531,1400,0,3531
2024-03-16 02:00:00,14012.145,14034.797,13985.144,14026.428,3534,1390,0,3534
2024-03-16 03:00:00,14026.421,14048.49,14019.019,14021.253,3536,1400,0,3536
2024-03-16 04:00:00,14021.221,14021.221,13985.136,14011.21,3528,1390,0,3528
2024-03-16 05:00:00,14011.203,14034.153,13998.971,14028.964,3546,1400,0,3546
2024-03-16 06:00:00,14028.943,14041.631,14015.702,14019.67,3537,1400,0,3537
2024-03-16 07:00:00,14019.662,14059.905,14012.619,14025.319,3531,1400,0,3531
2024-03-16 08:00:00,14025.295,14057.531,14011.086,14051.352,3523,1400,0,3523
2024-03-16 09:00:00,14051.338,14118.297,14049.898,14096.156,3526,1400,0,3526
2024-03-16 10:00:00,14096.13,14104.624,14063.896,14080.112,3531,1400,0,3531
2024-03-16 11:00:00,14080.106,14123.733,14067.054,14120.916,3524,1400,0,3524
2024-03-16 12:00:00,14120.889,14133.267,14086.084,14086.084,3521,1400,0,3521
2024-03-16 13:00:00,14086.078,14112.97,14047.885,14111.239,3530,1400,0,3530
2024-03-16 14:00:00,14111.195,14111.195,14073.366,14073.366,3521,1400,0,3521
2024-03-16 15:00:00,14073.342,14134.116,14065.523,14113.164,3533,1400,0,3533
2024-03-16 16:00:00,14113.139,14113.139,14077.168,14077.168,3532,1400,0,3532
2024-03-16 17:00:00,14077.164,14077.164,14044.291,14044.291,3542,1400,0,3542
2024-03-16 18:00:00,14044.289,14082.151,14042.307,14054.731,3533,1400,0,3533
2024-03-16 19:00:00,14054.726,14099.502,14053.153,14077.227,3539,1400,0,3539
2024-03-16 20:00:00,14077.205,14148.564,14076.809,14136.81,3523,1400,0,3523
2024-03-16 21:00:00,14136.798,14139.083,14106.979,14106.979,3535,1410,0,3535
2024-03-16 22:00:00,14106.967,14152.901,14102.119,14121.144,3546,1410,0,3546
2024-03-16 23:00:00,14121.11,14147.536,14111.314,14111.314,3521,1410,0,3521
2024-03-17 00:00:00,14111.305,14111.305,14078.659,14078.659,3534,1400,0,3534
2024-03-17 01:00:00,14078.653,14115.295,14072.312,14072.312,3514,1400,0,3514
2024-03-17 02:00:00,14072.294,14101.285,14066.204,14091.258,3309,1400,0,3309
2024-03-17 03:00:00,14091.231,14210.831,14081.517,14191.384,3523,1400,0,3523
2024-03-17 04:00:00,14191.358,14191.358,14159.502,14159.502,3523,1410,0,3523
2024-03-17 05:00:00,14159.47,14169.291,14142.96,14142.96,3523,1410,0,3523
2024-03-17 06:00:00,14142.943,14192.662,14141.262,14168.083,3529,1410,0,3529
2024-03-17 07:00:00,14168.068,14211.513,14150.474,14205.58,3533,1410,0,3533
2024-03-17 08:00:00,14205.57,14210.586,14185.606,14188.023,3520,1410,0,3520
2024-03-17 09:00:00,14188.015,14209.723,14176.736,14195.802,3507,1410,0,3507
2024-03-17 10:00:00,14195.787,14197.032,14178.464,14178.464,3509,1410,0,3509
2024-03-17 11:00:00,14178.461,14183.668,14168.555,14171.244,3540,1410,0,3540
2024-03-17 12:00:00,14171.229,14198.096,14156.434,14156.434,3519,1410,0,3519
2024-03-17 13:00:00,14156.425,14191.571,14153.118,14173.834,3522,1410,0,3522
2024-03-17 14:00:00,14173.802,14219.893,14159.965,14200.847,3536,1410,0,3536
2024-03-17 15:00:00,14200.835,14218.748,14183.175,14214.45,3520,1410,0,3520
2024-03-17 16:00:00,14214.431,14235.071,14192.033,14192.033,3527,1410,0,3527
2024-03-17 17:00:00,14192.024,14210.717,14176.655,14193.978,3525,1410,0,3525
2024-03-17 18:00:00,14193.944,14193.944,14161.204,14178.761,3523,1410,0,3523
2024-03-17 19:00:00,14178.747,14206.395,14164.652,14164.652,3540,1410,0,3540
2024-03-17 20:00:00,14164.628,14207.656,14140.206,14206.175,3537,1410,0,3537
2024-03-17 21:00:00,14206.152,14206.152,14167.734,14167.734,3533,1410,0,3533
2024-03-17 22:00:00,14167.727,14181.558,14143.075,14148.0,3520,1410,0,3520
2024-03-17 23:00:00,14147.984,14195.558,14141.035,14170.951,3518,1410,0,3518
2024-03-18 00:00:00,14170.936,14192.4,14161.089,14161.089,3520,1410,0,3520
2024-03-18 01:00:00,14161.077,14175.661,14136.284,14169.866,3512,1410,0,3512
2024-03-18 02:00:00,14169.845,14211.826,14164.961,14196.053,3521,1410,0,3521
2024-03-18 03:00:00,14196.02,14216.438,14187.962,14196.659,3534,1410,0,3534
2024-03-18 04:00:00,14196.642,14196.642,14155.87,14155.87,3530,1410,0,3530
2024-03-18 05:00:00,14155.843,14155.843,14120.714,14120.714,3528,1410,0,3528
2024-03-18 06:00:00,14120.708,14179.556,14102.599,14167.294,3525,1410,0,3525
2024-03-18 07:00:00,14167.277,14211.3,14156.271,14203.076,3525,1410,0,3525
2024-03-18 08:00:00,14203.072,14203.072,14158.369,14177.735,3539,1410,0,3539
2024-03-18 09:00:00,14177.729,14235.769,14170.513,14211.244,3520,1410,0,3520
2024-03-18 10:00:00,14211.217,14211.474,14180.377,14204.712,3528,1410,0,3528
2024-03-18 11:00:00,14204.693,14235.681,14203.89,14214.55,3533,1420,0,3533
2024-03-18 12:00:00,14214.54,14251.808,14197.872,14249.757,3539,1420,0,3539
2024-03-18 13:00:00,14249.734,14249.734,14216.333,14216.333,3525,1420,0,3525
2024-03-18 14:00:00,14216.318,14225.107,14193.507,14211.417,3535,1410,0,3535
2024-03-18 15:00:00,14211.414,14222.731,14199.475,14201.137,3527,1420,0,3527
2024-03-18 16:00:00,14201.119,14201.119,14158.05,14176.161,3537,1410,0,3537
2024-03-18 17:00:00,14176.152,14226.736,14167.833,14208.084,3538,1410,0,3538
2024-03-18 18:00:00,14208.067,14229.019,14188.571,14189.204,3519,1410,0,3519
2024-03-18 19:00:00,14189.185,14229.605,14179.825,14193.539,3530,1410,0,3530
2024-03-18 20:00:00,14193.517,14203.853,14165.575,14165.575,3520,1410,0,3520
2024-03-18 21:00:00,14165.567,14244.709,14132.527,14240.764,3548,1410,0,3548
2024-03-18 22:00:00,14240.744,14240.744,14189.519,14192.36,3536,1410,0,3536
2024-03-18 23:00:00,14192.358,14267.048,14189.505,14264.077,3535,1410,0,3535
2024-03-19 00:00:00,14264.068,14264.068,14214.211,14225.582,3515,1420,0,3515
2024-03-19 01:00:00,14225.571,14276.157,14215.512,14264.287,3530,1420,0,3530
2024-03-19 02:00:00,14264.285,14285.091,14244.096,14279.841,3527,1420,0,3527
2024-03-19 03:00:00,14279.831,14295.608,14255.978,14290.72,3523,1420,0,3523
2024-03-19 04:00:00,14290.687,14352.158,14284.342,14329.836,3519,1420,0,3519
2024-03-19 05:00:00,14329.832,14355.315,14325.085,14341.165,3518,1430,0,3518
2024-03-19 06:00:00,14341.123,14358.4,14321.924,14350.586,3527,1430,0,3527
2024-03-19 07:00:00,14350.552,14371.667,14329.565,14329.565,3525,1430,0,3525
2024-03-19 08:00:00,14329.54,14341.039,14294.454,14294.454,3532,1420,0,3532
2024-03-19 09:00:00,14294.452,14321.431,14267.704,14310.848,3525,1420,0,3525
2024-03-19 10:00:00,14310.829,14310.829,14267.596,14267.982,3545,1420,0,3545
2024-03-19 11:00:00,14267.966,14267.966,14231.051,14250.315,3541,1420,0,3541
2024-03-19 12:00:00,14250.304,14305.675,14239.163,14288.604,3543,1420,0,3543
2024-03-19 13:00:00,14288.603,14296.733,14260.962,14260.962,3537,1420,0,3537
2024-03-19 14:00:00,14260.955,14273.197,14244.712,14256.399,3524,1420,0,3524
2024-03-19 15:00:00,14256.389,14385.7,14246.4,14384.89,3548,1420,0,3548
2024-03-19 16:00:00,14384.872,14404.893,14370.156,14384.689,3534,1430,0,3534
2024-03-19 17:00:00,14384.688,14419.658,14378.191,14385.387,3540,1430,0,3540
2024-03-19 18:00:00,14385.359,14420.934,14375.128,14375.128,3542,1430,0,3542
2024-03-19 19:00:00,14375.116,14384.885,14335.995,14358.22,3527,1430,0,3527
2024-03-19 20:00:00,14358.203,14383.162,14338.75,14375.182,3533,1430,0,3533
2024-03-19 21:00:00,14375.171,14375.171,14357.046,14361.819,3527,1430,0,3527
2024-03-19 22:00:00,14361.797,14383.278,14349.549,14349.549,3529,1430,0,3529
2024-03-19 23:00:00,14349.515,14375.901,14322.75,14371.562,3520,1430,0,3520
2024-03-20 00:00:00,14371.535,14371.535,14335.137,14339.81,3529,1430,0,3529
2024-03-20 01:00:00,14339.804,14375.37,14329.66,14374.707,3527,1430,0,3527
2024-03-20 02:00:00,14374.661,14374.661,14339.841,14339.841,3532,1430,0,3532
2024-03-20 03:00:00,14339.834,14339.834,14306.832,14306.832,3542,1430,0,3542
2024-03-20 04:00:00,14306.828,14313.989,14273.778,14273.778,3527,1420,0,3527
2024-03-20 05:00:00,14273.762,14310.052,14263.731,14310.052,3537,1420,0,3537
2024-03-20 06:00:00,14310.04,14310.04,14266.002,14279.031,3524,1420,0,3524
2024-03-20 07:00:00,14279.031,14286.211,14248.909,14280.938,3533,1420,0,3533
2024-03-20 08:00:00,14280.904,14287.648,14265.686,14272.939,3535,1420,0,3535
2024-03-20 09:00:00,14272.935,14286.872,14252.927,14282.014,3533,1420,0,3533
2024-03-20 10:00:00,14282.013,14282.013,14248.625,14248.625,3527,1420,0,3527
2024-03-20 11:00:00,14248.623,14248.623,14219.434,14243.695,3533,1420,0,3533
2024-03-20 12:00:00,14243.676,14260.546,14213.498,14213.498,3539,1420,0,3539
2024-03-20 13:00:00,14213.491,14258.525,14206.011,14238.359,3522,1420,0,3522
2024-03-20 14:00:00,14238.347,14255.016,14216.687,14239.801,3517,1420,0,3517
2024-03-20 15:00:00,14239.794,14246.007,14213.068,14239.646,3517,1420,0,3517
2024-03-20 16:00:00,14239.633,14258.904,14213.233,14213.233,3550,1420,0,3550
2024-03-20 17:00:00,14213.208,14213.208,14176.472,14200.701,3536,1410,0,3536
2024-03-20 18:00:00,14200.697,14271.739,14200.432,14271.158,3525,1420,0,3525
2024-03-20 19:00:00,14271.138,14300.433,14256.034,14285.378,3522,1420,0,3522
2024-03-20 20:00:00,14285.375,14285.375,14243.14,14243.14,3530,1420,0,3530
2024-03-20 21:00:00,14243.12,14283.889,14242.169,14259.252,3523,1420,0,3523
2024-03-20 22:00:00,14259.244,14264.377,14234.482,14249.28,3534,1420,0,3534
2024-03-20 23:00:00,14249.256,14279.856,14237.235,14249.129,3519,1420,0,3519
2024-03-21 00:00:00,14249.121,14283.983,14246.102,14253.392,3539,1420,0,3539
2024-03-21 01:00:00,14253.38,14253.38,14215.337,14215.337,3536,1420,0,3536
2024-03-21 02:00:00,14215.335,14215.335,14165.317,14165.317,3520,1410,0,3520
2024-03-21 03:00:00,14165.311,14206.567,14149.496,14205.229,3539,1410,0,3539
2024-03-21 04:00:00,14205.21,14205.21,14173.205,14173.205,3537,1410,0,3537
2024-03-21 05:00:00,14173.196,14223.832,14172.81,14173.922,3532,1410,0,3532
2024-03-21 06:00:00,14173.91,14173.91,14128.519,14144.067,3507,1410,0,3507
2024-03-21 07:00:00,14144.051,14144.051,14114.468,14131.852,3527,1410,0,3527
2024-03-21 08:00:00,14131.852,14139.712,14107.047,14132.475,3543,1410,0,3543
2024-03-21 09:00:00,14132.445,14132.445,14092.308,14094.614,3535,1400,0,3535
2024-03-21 10:00:00,14094.613,14101.64,14067.492,14091.708,3537,1400,0,3537
2024-03-21 11:00:00,14091.677,14091.677,14040.408,14040.408,3539,1400,0,3539
2024-03-21 12:00:00,14040.39,14106.362,14034.067,14094.79,3538,1400,0,3538
2024-03-21 13:00:00,14094.761,14178.203,14067.909,14172.108,3525,1400,0,3525
2024-03-21 14:00:00,14172.092,14198.539,14169.398,14187.225,3521,1410,0,3521
2024-03-21 15:00:00,14187.205,14192.264,14157.02,14157.02,3526,1410,0,3526
2024-03-21 16:00:00,14157.003,14157.003,14124.225,14124.225,3535,1410,0,3535
2024-03-21 17:00:00,14124.209,14138.095,14097.967,14106.916,3522,1400,0,3522
2024-03-21 18:00:00,14106.891,14106.891,14078.874,14094.546,3530,1400,0,3530
2024-03-21 19:00:00,14094.531,14115.32,14086.622,14102.974,3523,1400,0,3523
2024-03-21 20:00:00,14102.946,14121.247,14096.729,14096.729,3527,1400,0,3527
2024-03-21 21:00:00,14096.717,14128.386,14083.017,14083.017,3521,1400,0,3521
2024-03-21 22:00:00,14082.99,14116.828,14067.057,14097.048,3538,1400,0,3538
2024-03-21 23:00:00,14097.03,14105.154,14078.72,14078.72,3541,1400,0,3541
2024-03-22 00:00:00,14078.702,14078.702,14042.776,14046.657,3523,1400,0,3523
2024-03-22 01:00:00,14046.631,14049.102,14002.003,14002.003,3547,1400,0,3547
2024-03-22 02:00:00,14001.976,14001.976,13962.647,13972.573,3525,1390,0,3525
2024-03-22 03:00:00,13972.548,13972.548,13944.271,13946.214,3545,1390,0,3545
2024-03-22 04:00:00,13946.205,13961.144,13931.675,13940.835,3535,1390,0,3535
2024-03-22 05:00:00,13940.818,14019.379,13935.918,14002.99,3536,1390,0,3536
2024-03-22 06:00:00,14002.985,14037.049,13977.959,14022.64,3537,1390,0,3537
2024-03-22 07:00:00,14022.624,14165.477,14010.31,14157.505,3529,1400,0,3529
2024-03-22 08:00:00,14157.499,14181.092,14134.474,14175.059,3521,1410,0,3521
2024-03-22 09:00:00,14175.042,14199.456,14167.908,14167.908,3521,1410,0,3521
2024-03-22 10:00:00,14167.891,14189.933,14155.765,14155.765,3525,1410,0,3525
2024-03-22 11:00:00,14155.743,14155.743,14111.238,14111.238,3525,1410,0,3525
2024-03-22 12:00:00,14111.218,14117.876,14084.845,14097.934,3536,1400,0,3536
2024-03-22 13:00:00,14097.915,14111.815,14062.364,14111.768,3537,1400,0,3537
2024-03-22 14:00:00,14111.763,14129.091,14099.732,14099.732,3528,1410,0,3528
2024-03-22 15:00:00,14099.707,14130.177,14097.942,14113.704,3534,1400,0,3534
2024-03-22 16:00:00,14113.694,14113.694,14078.054,14078.054,3537,1400,0,3537
2024-03-22 17:00:00,14078.047,14078.047,14031.168,14031.168,3525,1400,0,3525
2024-03-22 18:00:00,14031.166,14080.231,14025.764,14078.034,3531,1400,0,3531
2024-03-22 19:00:00,14078.021,14095.913,14061.745,14061.745,3547,1400,0,3547
2024-03-22 20:00:00,14061.738,14064.21,14028.592,14045.756,3538,1400,0,3538
2024-03-22 21:00:00,14045.75,14081.577,14037.738,14075.796,3544,1400,0,3544
2024-03-22 22:00:00,14075.792,14094.136,14070.357,14074.231,3523,1400,0,3523
2024-03-22 23:00:00,14074.222,14086.113,14055.55,14055.55,3520,1400,0,3520
2024-03-23 00:00:00,14055.536,14065.583,14029.897,14049.123,3521,1400,0,3521
2024-03-23 01:00:00,14049.111,14049.111,14004.498,14009.766,3519,1400,0,3519
2024-03-23 02:00:00,14009.745,14023.947,13990.035,13990.035,3512,1390,0,3512
2024-03-23 03:00:00,13990.008,14002.536,13977.203,13977.392,3532,1390,0,3532
2024-03-23 04:00:00,13977.392,14004.894,13970.353,13990.421,3520,1390,0,3520
2024-03-23 05:00:00,13990.42,14006.848,13968.954,13983.022,3522,1390,0,3522
2024-03-23 06:00:00,13983.016,14019.492,13971.325,14001.989,3534,1390,0,3534
2024-03-23 07:00:00,14001.98,14042.885,13985.183,14041.581,3528,1390,0,3528
2024-03-23 08:00:00,14041.566,14076.807,14038.235,14075.53,3530,1400,0,3530
2024-03-23 09:00:00,14075.509,14097.539,14057.554,14065.69,3520,1400,0,3520
2024-03-23 10:00:00,14065.682,14065.682,14036.524,14042.108,3515,1400,0,3515
2024-03-23 11:00:00,14042.095,14149.796,14040.35,14123.71,3534,1400,0,3534
2024-03-23 12:00:00,14123.708,14123.708,14080.345,14080.345,3548,1400,0,3548
2024-03-23 13:00:00,14080.337,14086.422,14058.179,14075.36,3513,1400,0,3513
2024-03-23 14:00:00,14075.334,14075.334,14038.98,14065.303,3543,1400,0,3543
2024-03-23 15:00:00,14065.302,14065.302,14018.925,14018.925,3528,1400,0,3528
2024-03-23 16:00:00,14018.907,14025.641,13976.358,13976.358,3511,1390,0,3511
2024-03-23 17:00:00,13976.344,14019.421,13964.057,14011.619,3518,1390,0,3518
2024-03-23 18:00:00,14011.61,14011.61,13987.029,13997.64,3516,1390,0,3516
2024-03-23 19:00:00,13997.62,13997.62,13958.747,13967.348,3536,1390,0,3536
2024-03-23 20:00:00,13967.341,14003.123,13961.147,13990.567,3521,1390,0,3521
2024-03-23 21:00:00,13990.552,14048.295,13990.398,14013.07,3531,1390,0,3531
2024-03-23 22:00:00,14013.066,14016.618,13987.034,13987.034,3533,1390,0,3533
2024-03-23 23:00:00,13987.033,13990.884,13961.042,13974.698,3545,1390,0,3545
2024-03-24 00:00:00,13974.683,13974.683,13943.967,13948.974,3519,1390,0,3519
2024-03-24 01:00:00,13948.971,13949.767,13922.752,13922.752,3532,1390,0,3532
2024-03-24 02:00:00,13922.748,13922.748,13885.999,13885.999,3516,1380,0,3516
2024-03-24 03:00:00,13885.992,13893.39,13867.522,13876.057,3537,1380,0,3537
2024-03-24 04:00:00,13876.055,13943.74,13861.866,13934.33,3521,1380,0,3521
2024-03-24 05:00:00,13934.317,13979.415,13932.099,13967.091,3531,1390,0,3531
2024-03-24 06:00:00,13967.083,14003.641,13947.813,13989.379,3527,1390,0,3527
2024-03-24 07:00:00,13989.361,13989.361,13939.138,13939.138,3518,1390,0,3518
2024-03-24 08:00:00,13939.133,13939.133,13888.844,13888.844,3525,1380,0,3525
2024-03-24 09:00:00,13888.835,13938.789,13888.126,13924.373,3521,1380,0,3521
2024-03-24 10:00:00,13924.367,13944.358,13907.641,13922.867,3515,1390,0,3515
2024-03-24 11:00:00,13922.842,13935.523,13903.881,13933.259,3537,1390,0,3537
2024-03-24 12:00:00,13933.228,13935.367,13908.602,13924.101,3526,1390,0,3526
2024-03-24 13:00:00,13924.1,13924.1,13886.531,13886.531,3539,1380,0,3539
2024-03-24 14:00:00,13886.525,13900.562,13855.217,13855.217,3539,1380,0,3539
2024-03-24 15:00:00,13855.18,13966.915,13850.602,13961.408,3534,1380,0,3534
2024-03-24 16:00:00,13961.394,13967.909,13944.356,13953.097,3538,1390,0,3538
2024-03-24 17:00:00,13953.093,13964.979,13930.989,13930.989,3532,1390,0,3532
2024-03-24 18:00:00,13930.953,13947.446,13910.441,13910.441,3524,1390,0,3524
2024-03-24 19:00:00,13910.41,13967.094,13906.783,13959.44,3526,1390,0,3526
2024-03-24 20:00:00,13959.417,13970.3,13947.775,13954.662,3515,1390,0,3515
2024-03-24 21:00:00,13954.646,13957.478,13935.158,13947.385,3527,1390,0,3527
2024-03-24 22:00:00,13947.375,13980.064,13935.396,13956.16,3527,1390,0,3527
2024-03-24 23:00:00,13956.134,14042.786,13951.625,14015.745,3532,1390,0,3532
2024-03-25 00:00:00,14015.722,14021.119,13995.709,14008.228,3536,1390,0,3536
2024-03-25 01:00:00,14008.218,14008.218,13984.944,13993.066,3518,1390,0,3518
2024-03-25 02:00:00,13993.064,13993.064,13946.309,13959.972,3536,1390,0,3536
2024-03-25 03:00:00,13959.97,13975.015,13943.434,13965.119,3543,1390,0,3543
2024-03-25 04:00:00,13965.089,14001.182,13940.752,13987.834,3538,1390,0,3538
2024-03-25 05:00:00,13987.827,13993.722,13960.97,13984.428,3518,1390,0,3518
2024-03-25 06:00:00,13984.42,13984.42,13956.364,13961.206,3526,1390,0,3526
2024-03-25 07:00:00,13961.178,13987.292,13935.463,13965.911,3535,1390,0,3535
2024-03-25 08:00:00,13965.883,14039.262,13953.938,14034.321,3531,1390,0,3531
2024-03-25 09:00:00,14034.311,14034.311,13998.893,14016.444,3515,1390,0,3515
2024-03-25 10:00:00,14016.429,14051.392,14009.444,14009.444,3527,1400,0,3527
2024-03-25 11:00:00,14009.424,14061.671,14008.728,14021.899,3514,1400,0,3514
2024-03-25 12:00:00,14021.889,14021.889,13988.784,14002.73,3539,1390,0,3539
2024-03-25 13:00:00,14002.717,14021.493,13955.975,14018.496,3539,1390,0,3539
2024-03-25 14:00:00,14018.494,14018.494,13981.791,13981.791,3503,1390,0,3503
2024-03-25 15:00:00,13981.776,14056.896,13973.222,14044.158,3540,1390,0,3540
2024-03-25 16:00:00,14044.142,14059.346,14027.262,14027.262,3528,1400,0,3528
2024-03-25 17:00:00,14027.233,14031.263,14004.069,14004.16,3535,1400,0,3535
2024-03-25 18:00:00,14004.147,14004.147,13958.047,13967.999,3528,1390,0,3528
2024-03-25 19:00:00,13967.97,13967.97,13938.066,13961.404,3520,1390,0,3520
2024-03-25 20:00:00,13961.402,13971.107,13949.966,13952.266,3517,1390,0,3517
2024-03-25 21:00:00,13952.249,13959.951,13914.916,13956.418,3532,1390,0,3532
2024-03-25 22:00:00,13956.406,13956.406,13915.57,13925.604,3529,1390,0,3529
2024-03-25 23:00:00,13925.579,13925.579,13892.257,13892.257,3514,1380,0,3514
2024-03-26 00:00:00,13892.235,13914.958,13883.714,13899.999,3520,1380,0,3520
2024-03-26 01:00:00,13899.969,14000.822,13893.599,13989.677,3535,1380,0,3535
2024-03-26 02:00:00,13989.638,14033.632,13981.259,14014.769,3536,1390,0,3536
2024-03-26 03:00:00,14014.736,14014.736,13975.065,14013.07,3531,1390,0,3531
2024-03-26 04:00:00,14013.037,14049.198,14006.846,14034.191,3528,1400,0,3528
2024-03-26 05:00:00,14034.174,14034.174,14008.667,14017.199,3528,1400,0,3528
2024-03-26 06:00:00,14017.179,14050.615,14012.758,14028.335,3517,1400,0,3517
2024-03-26 07:00:00,14028.32,14031.994,14002.663,14002.663,3515,1400,0,3515
2024-03-26 08:00:00,14002.661,14104.198,14000.485,14099.418,3525,1400,0,3525
2024-03-26 09:00:00,14099.405,14154.037,14094.726,14148.5,3523,1400,0,3523
2024-03-26 10:00:00,14148.494,14148.494,14112.4,14112.4,3528,1410,0,3528
2024-03-26 11:00:00,14112.392,14112.392,14071.449,14071.449,3519,1400,0,3519
2024-03-26 12:00:00,14071.443,14102.025,14067.176,14098.14,3534,1400,0,3534
2024-03-26 13:00:00,14098.12,14098.12,14057.395,14060.191,3527,1400,0,3527
2024-03-26 14:00:00,14060.168,14060.168,14036.848,14036.848,3537,1400,0,3537
2024-03-26 15:00:00,14036.836,14061.023,14020.251,14043.617,3538,1400,0,3538
2024-03-26 16:00:00,14043.61,14106.748,14028.78,14099.47,3508,1400,0,3508
2024-03-26 17:00:00,14099.451,14121.362,14077.808,14119.589,3520,1400,0,3520
2024-03-26 18:00:00,14119.584,14119.584,14077.451,14105.978,3543,1400,0,3543
2024-03-26 19:00:00,14105.949,14123.08,14088.793,14112.141,3535,1400,0,3535
2024-03-26 20:00:00,14112.123,14124.755,14090.468,14104.184,3534,1400,0,3534
2024-03-26 21:00:00,14104.182,14104.182,14069.687,14092.623,3536,1400,0,3536
2024-03-26 22:00:00,14092.596,14123.221,14089.102,14120.318,3518,1400,0,3518
2024-03-26 23:00:00,14120.299,14153.485,14118.183,14144.725,3531,1410,0,3531
2024-03-27 00:00:00,14144.714,14162.496,14135.415,14135.415,3530,1410,0,3530
2024-03-27 01:00:00,14135.405,14135.405,14084.719,14084.719,3531,1400,0,3531
2024-03-27 02:00:00,14084.709,14085.861,14058.004,14061.342,3524,1400,0,3524
2024-03-27 03:00:00,14061.325,14067.92,14039.822,14047.288,3532,1400,0,3532
2024-03-27 04:00:00,14047.274,14055.214,14006.928,14053.914,3534,1400,0,3534
2024-03-27 05:00:00,14053.911,14114.366,14046.352,14102.313,3536,1400,0,3536
2024-03-27 06:00:00,14102.311,14153.829,14096.283,14143.079,3539,1400,0,3539
2024-03-27 07:00:00,14143.052,14143.052,14109.486,14138.9,3530,1410,0,3530
2024-03-27 08:00:00,14138.892,14154.016,14119.111,14130.535,3527,1410,0,3527
2024-03-27 09:00:00,14130.5,14149.343,14119.539,14119.539,3533,1410,0,3533
2024-03-27 10:00:00,14119.514,14121.082,14076.178,14120.006,3521,1400,0,3521
2024-03-27 11:00:00,14120.004,14138.472,14105.367,14112.053,3522,1410,0,3522
2024-03-27 12:00:00,14112.052,14127.038,14096.478,14118.601,3541,1400,0,3541
2024-03-27 13:00:00,14118.578,14118.578,14080.983,14095.428,3536,1400,0,3536
2024-03-27 14:00:00,14095.419,14130.358,14075.213,14102.917,3530,1400,0,3530
2024-03-27 15:00:00,14102.884,14110.52,14082.054,14096.613,3541,1400,0,3541
2024-03-27 16:00:00,14096.604,14096.604,14062.961,14088.447,3532,1400,0,3532
2024-03-27 17:00:00,14088.425,14130.305,14084.571,14116.51,3522,1400,0,3522
2024-03-27 18:00:00,14116.509,14124.574,14097.657,14097.657,3527,1400,0,3527
2024-03-27 19:00:00,14097.64,14145.413,14097.101,14105.015,3535,1400,0,3535
2024-03-27 20:00:00,14104.997,14104.997,14071.674,14071.674,3537,1400,0,3537
2024-03-27 21:00:00,14071.673,14080.129,14040.71,14076.273,3518,1400,0,3518
2024-03-27 22:00:00,14076.258,14102.504,14054.656,14081.27,3537,1400,0,3537
2024-03-27 23:00:00,14081.25,14111.378,14065.185,14090.76,3524,1400,0,3524
2024-03-28 00:00:00,14090.742,14090.742,14046.99,14050.951,3532,1400,0,3532
2024-03-28 01:00:00,14050.948,14050.948,14009.453,14009.453,3537,1400,0,3537
2024-03-28 02:00:00,14009.431,14068.904,13995.492,14060.387,3533,1390,0,3533
2024-03-28 03:00:00,14060.374,14060.374,14009.638,14009.638,3543,1400,0,3543
2024-03-28 04:00:00,14009.619,14026.087,13996.39,13998.379,3528,1390,0,3528
2024-03-28 05:00:00,13998.367,14016.364,13967.987,14007.267,3536,1390,0,3536
2024-03-28 06:00:00,14007.246,14049.338,14000.886,14030.939,3516,1400,0,3516
2024-03-28 07:00:00,14030.931,14131.711,14024.508,14122.592,3537,1400,0,3537
2024-03-28 08:00:00,14122.585,14141.851,14115.028,14124.696,3540,1410,0,3540
2024-03-28 09:00:00,14124.679,14124.679,14099.67,14116.388,3534,1410,0,3534
2024-03-28 10:00:00,14116.371,14116.371,14081.609,14083.555,3547,1400,0,3547
2024-03-28 11:00:00,14083.541,14092.419,14049.04,14089.27,3519,1400,0,3519
2024-03-28 12:00:00,14089.255,14089.255,14052.049,14060.555,3524,1400,0,3524
2024-03-28 13:00:00,14060.544,14060.544,14032.634,14054.863,3531,1400,0,3531
2024-03-28 14:00:00,14054.861,14066.306,14038.031,14048.005,3535,1400,0,3535
2024-03-28 15:00:00,14047.992,14047.992,14030.67,14036.081,3516,1400,0,3516
2024-03-28 16:00:00,14036.06,14042.055,14007.809,14007.809,3525,1400,0,3525
2024-03-28 17:00:00,14007.798,14099.874,13999.191,14097.15,3520,1400,0,3520
2024-03-28 18:00:00,14097.133,14112.597,14073.699,14087.703,3525,1400,0,3525
2024-03-28 19:00:00,14087.701,14137.812,14075.344,14122.984,3528,1400,0,3528
2024-03-28 20:00:00,14122.973,14149.005,14118.253,14119.109,3516,1410,0,3516
2024-03-28 21:00:00,14119.096,14164.831,14097.493,14153.696,3529,1400,0,3529
2024-03-28 22:00:00,14153.684,14153.684,14113.094,14116.883,3526,1410,0,3526
2024-03-28 23:00:00,14116.84,14132.127,14106.007,14106.007,3527,1410,0,3527
2024-03-29 00:00:00,14106.004,14106.004,14084.533,14084.533,3543,1400,0,3543
2024-03-29 01:00:00,14084.533,14091.088,14065.442,14079.423,3537,1400,0,3537
2024-03-29 02:00:00,14079.421,14087.123,14050.19,14050.19,3517,1400,0,3517
2024-03-29 03:00:00,14050.189,14059.543,14017.533,14017.533,3524,1400,0,3524
2024-03-29 04:00:00,14017.52,14017.52,13981.391,13981.391,3525,1390,0,3525
2024-03-29 05:00:00,13981.369,14025.051,13954.627,14011.389,3517,1390,0,3517
2024-03-29 06:00:00,14011.386,14011.386,13964.94,13976.497,3524,1390,0,3524
2024-03-29 07:00:00,13976.486,14002.599,13973.985,13976.555,3527,1390,0,3527
2024-03-29 08:00:00,13976.553,13979.475,13956.4,13968.084,3548,1390,0,3548
2024-03-29 09:00:00,13968.06,14012.518,13967.519,14004.071,3529,1390,0,3529
2024-03-29 10:00:00,14004.053,14023.586,13981.197,14014.214,3521,1390,0,3521
2024-03-29 11:00:00,14014.203,14056.862,13989.601,14051.023,3534,1390,0,3534
2024-03-29 12:00:00,14051.004,14068.488,14036.47,14049.959,3526,1400,0,3526
2024-03-29 13:00:00,14049.933,14062.344,14031.571,14057.161,3523,1400,0,3523
2024-03-29 14:00:00,14057.161,14057.161,14033.607,14033.607,3524,1400,0,3524
2024-03-29 15:00:00,14033.59,14051.745,14013.658,14025.49,3529,1400,0,3529
2024-03-29 16:00:00,14025.485,14060.025,14012.566,14039.372,3536,1400,0,3536
2024-03-29 17:00:00,14039.356,14039.356,13992.614,14017.682,3533,1390,0,3533
2024-03-29 18:00:00,14017.672,14023.557,13998.411,14009.879,3524,1390,0,3524
2024-03-29 19:00:00,14009.859,14009.859,13960.16,13960.16,3528,1390,0,3528
2024-03-29 20:00:00,13960.14,13994.959,13943.041,13991.109,3519,1390,0,3519
2024-03-29 21:00:00,13991.091,14027.65,13971.419,14018.835,3539,1390,0,3539
2024-03-29 22:00:00,14018.833,14056.187,14005.548,14052.839,3521,1400,0,3521
2024-03-29 23:00:00,14052.838,14064.222,14033.152,14033.152,3532,1400,0,3532
2024-03-30 00:00:00,14033.123,14062.574,14022.332,14055.59,3537,1400,0,3537
2024-03-30 01:00:00,14055.571,14106.242,14043.797,14088.866,3528,1400,0,3528
2024-03-30 02:00:00,14088.861,14092.636,14054.341,14076.484,3538,1400,0,3538
2024-03-30 03:00:00,14076.481,14090.0,14049.506,14066.315,3506,1400,0,3506
2024-03-30 04:00:00,14066.297,14154.535,14062.698,14151.088,3523,1400,0,3523
2024-03-30 05:00:00,14151.045,14162.443,14125.641,14125.641,3535,1410,0,3535
2024-03-30 06:00:00,14125.621,14125.621,14094.007,14119.983,3531,1400,0,3531
2024-03-30 07:00:00,14119.969,14189.312,14101.025,14182.152,3516,1410,0,3516
2024-03-30 08:00:00,14182.142,14189.072,14158.667,14172.839,3536,1410,0,3536
2024-03-30 09:00:00,14172.828,14174.771,14143.77,14150.997,3529,1410,0,3529
2024-03-30 10:00:00,14150.986,14150.986,14099.886,14099.886,3524,1410,0,3524
2024-03-30 11:00:00,14099.884,14107.667,14081.024,14102.965,3519,1400,0,3519
2024-03-30 12:00:00,14102.936,14108.105,14075.472,14076.545,3527,1400,0,3527
2024-03-30 13:00:00,14076.545,14132.403,14053.832,14114.151,3532,1400,0,3532
2024-03-30 14:00:00,14114.138,14114.138,14071.729,14083.844,3527,1400,0,3527
2024-03-30 15:00:00,14083.826,14113.652,14070.553,14099.407,3529,1400,0,3529
2024-03-30 16:00:00,14099.39,14123.863,14088.238,14107.966,3523,1400,0,3523
2024-03-30 17:00:00,14107.965,14129.576,14096.327,14102.889,3536,1400,0,3536
2024-03-30 18:00:00,14102.876,14102.876,14071.173,14071.173,3502,1400,0,3502
2024-03-30 19:00:00,14071.158,14086.867,14050.574,14074.401,3528,1400,0,3528
2024-03-30 20:00:00,14074.399,14075.564,14052.684,14064.482,3531,1400,0,3531
2024-03-30 21:00:00,14064.471,14068.314,14020.496,14020.496,3529,1400,0,3529
2024-03-30 22:00:00,14020.491,14020.491,13975.526,13975.526,3534,1390,0,3534
2024-03-30 23:00:00,13975.517,13990.057,13962.62,13973.357,3525,1390,0,3525
2024-03-31 00:00:00,13973.342,13973.342,13928.274,13928.274,3533,1390,0,3533
2024-03-31 01:00:00,13928.25,13928.25,13894.218,13894.218,3515,1380,0,3515
2024-03-31 02:00:00,13894.207,13900.354,13855.209,13863.105,3519,1380,0,3519
2024-03-31 03:00:00,13863.101,13910.709,13860.594,13891.365,3535,1380,0,3535
2024-03-31 04:00:00,13891.36,13926.606,13881.608,13924.626,3518,1380,0,3518
2024-03-31 05:00:00,13924.615,13947.868,13914.771,13917.887,3541,1390,0,3541
2024-03-31 06:00:00,13917.878,13919.432,13880.76,13900.612,3525,1380,0,3525
2024-03-31 07:00:00,13900.608,13912.944,13875.123,13905.493,3525,1380,0,3525
2024-03-31 08:00:00,13905.472,13907.181,13881.995,13898.353,3532,1380,0,3532
2024-03-31 09:00:00,13898.351,13905.35,13867.746,13904.105,3535,1380,0,3535
2024-03-31 10:00:00,13904.093,13915.24,13884.031,13894.586,3526,1380,0,3526
2024-03-31 11:00:00,13894.584,13911.886,13865.901,13865.901,3527,1380,0,3527
2024-03-31 12:00:00,13865.896,13933.928,13857.842,13922.22,3541,1380,0,3541
2024-03-31 13:00:00,13922.198,13936.874,13898.683,13926.641,3532,1390,0,3532
2024-03-31 14:00:00,13926.639,13950.314,13904.886,13921.784,3523,1390,0,3523
2024-03-31 15:00:00,13921.763,13937.95,13905.391,13905.391,3530,1390,0,3530
2024-03-31 16:00:00,13905.373,13911.05,13881.594,13883.8,3537,1380,0,3537
2024-03-31 17:00:00,13883.785,13883.785,13860.35,13880.509,3541,1380,0,3541
2024-03-31 18:00:00,13880.5,13880.5,13857.904,13860.492,3522,1380,0,3522
2024-03-31 19:00:00,13860.485,13861.123,13833.133,13849.142,3542,1380,0,3542
2024-03-31 20:00:00,13849.116,13862.088,13830.831,13846.651,3543,1380,0,3543
2024-03-31 21:00:00,13846.617,13900.909,13836.443,13885.849,3529,1380,0,3529
2024-03-31 22:00:00,13885.826,13885.826,13849.819,13849.819,3539,1380,0,3539
2024-03-31 23:00:00,13849.817,13852.03,13808.682,13848.461,3540,1380,0,3540
2024-04-01 00:00:00,13848.441,13858.929,13819.53,13843.895,3530,1380,0,3530
2024-04-01 01:00:00,13843.881,13843.881,13792.743,13792.743,3521,1370,0,3521
2024-04-01 02:00:00,13792.727,13792.727,13748.444,13753.832,3511,1370,0,3511
2024-04-01 03:00:00,13753.809,13753.809,13723.133,13726.593,3520,1370,0,3520
2024-04-01 04:00:00,13726.585,13768.994,13725.605,13743.346,3526,1370,0,3526
2024-04-01 05:00:00,13743.345,13862.307,13740.892,13858.128,3531,1370,0,3531
2024-04-01 06:00:00,13858.113,13883.169,13849.726,13865.374,3515,1380,0,3515
2024-04-01 07:00:00,13865.345,13872.753,13849.295,13866.709,3540,1380,0,3540
2024-04-01 08:00:00,13866.707,13914.601,13851.058,13903.585,3540,1380,0,3540
2024-04-01 09:00:00,13903.567,13918.477,13883.086,13903.962,3541,1380,0,3541
2024-04-01 10:00:00,13903.944,13930.304,13883.955,13886.853,3548,1380,0,3548
2024-04-01 11:00:00,13886.839,13900.534,13876.846,13882.341,3521,1380,0,3521
2024-04-01 12:00:00,13882.33,13922.078,13870.055,13887.59,3516,1380,0,3516
2024-04-01 13:00:00,13887.586,13907.666,13873.653,13890.674,3537,1380,0,3537
2024-04-01 14:00:00,13890.673,13890.673,13863.297,13863.297,3522,1380,0,3522
2024-04-01 15:00:00,13863.287,13875.385,13836.97,13873.86,3520,1380,0,3520
2024-04-01 16:00:00,13873.842,13934.283,13854.709,13925.235,3533,1380,0,3533
2024-04-01 17:00:00,13925.233,13959.401,13922.366,13945.82,3535,1390,0,3535
2024-04-01 18:00:00,13945.813,13945.813,13895.208,13895.208,3532,1380,0,3532
2024-04-01 19:00:00,13895.193,13903.915,13877.409,13884.842,3514,1380,0,3514
2024-04-01 20:00:00,13884.818,13944.641,13884.331,13943.515,3536,1380,0,3536
2024-04-01 21:00:00,13943.489,13984.839,13932.942,13973.86,3516,1390,0,3516
2024-04-01 22:00:00,13973.859,13983.122,13945.127,13945.127,3539,1390,0,3539
2024-04-01 23:00:00,13945.123,13945.123,13899.079,13903.495,3541,1390,0,3541
2024-04-02 00:00:00,13903.495,13914.21,13878.894,13878.894,3527,1380,0,3527
2024-04-02 01:00:00,13878.866,13886.816,13857.196,13864.683,3533,1380,0,3533
2024-04-02 02:00:00,13864.681,13864.681,13825.805,13825.805,3527,1380,0,3527
2024-04-02 03:00:00,13825.804,13825.804,13777.993,13777.993,3538,1370,0,3538
2024-04-02 04:00:00,13777.969,13803.092,13769.342,13769.342,3526,1370,0,3526
2024-04-02 05:00:00,13769.325,13769.325,13728.261,13741.204,3533,1370,0,3533
2024-04-02 06:00:00,13741.202,13741.202,13708.545,13708.545,3545,1370,0,3545
2024-04-02 07:00:00,13708.531,13716.236,13693.15,13693.15,3522,1360,0,3522
2024-04-02 08:00:00,13693.147,13693.147,13663.647,13679.723,3522,1360,0,3522
2024-04-02 09:00:00,13679.696,13679.696,13643.986,13652.228,3516,1360,0,3516
2024-04-02 10:00:00,13652.209,13659.082,13622.925,13657.493,3508,1360,0,3508
2024-04-02 11:00:00,13657.485,13661.756,13639.84,13651.638,3529,1360,0,3529
2024-04-02 12:00:00,13651.626,13676.583,13635.957,13635.957,3537,1360,0,3537
2024-04-02 13:00:00,13635.951,13682.292,13635.415,13639.413,3522,1360,0,3522
2024-04-02 14:00:00,13639.412,13649.117,13606.215,13641.663,3529,1360,0,3529
2024-04-02 15:00:00,13641.655,13713.645,13639.881,13699.519,3524,1360,0,3524
2024-04-02 16:00:00,13699.486,13713.54,13687.73,13701.747,3517,1360,0,3517
2024-04-02 17:00:00,13701.72,13742.896,13695.317,13714.287,3532,1360,0,3532
2024-04-02 18:00:00,13714.276,13714.276,13670.467,13670.467,3516,1360,0,3516
2024-04-02 19:00:00,13670.465,13688.735,13643.19,13676.668,3533,1360,0,3533
2024-04-02 20:00:00,13676.638,13694.525,13645.176,13692.71,3537,1360,0,3537
2024-04-02 21:00:00,13692.677,13713.742,13678.398,13704.041,3529,1360,0,3529
2024-04-02 22:00:00,13704.021,13743.427,13702.865,13721.603,3527,1370,0,3527
2024-04-02 23:00:00,13721.57,13729.363,13700.412,13700.412,3522,1370,0,3522
2024-04-03 00:00:00,13700.41,13700.41,13670.982,13681.963,3527,1360,0,3527
2024-04-03 01:00:00,13681.956,13699.506,13662.757,13696.118,3534,1360,0,3534
2024-04-03 02:00:00,13696.108,13696.108,13658.289,13679.697,3545,1360,0,3545
2024-04-03 03:00:00,13679.683,13713.423,13673.357,13694.641,3525,1360,0,3525
2024-04-03 04:00:00,13694.617,13711.848,13685.73,13685.771,3523,1360,0,3523
2024-04-03 05:00:00,13685.746,13749.214,13676.832,13747.109,3534,1360,0,3534
2024-04-03 06:00:00,13747.104,13747.104,13709.779,13709.779,3549,1370,0,3549
2024-04-03 07:00:00,13709.774,13781.305,13704.07,13765.041,3507,1370,0,3507
2024-04-03 08:00:00,13765.036,13765.036,13734.252,13734.252,3523,1370,0,3523
2024-04-03 09:00:00,13734.25,13783.305,13707.569,13772.716,3538,1370,0,3538
2024-04-03 10:00:00,13772.707,13780.772,13738.701,13738.701,3526,1370,0,3526
2024-04-03 11:00:00,13738.689,13738.689,13702.401,13707.903,3512,1370,0,3512
2024-04-03 12:00:00,13707.887,13736.494,13695.844,13718.348,3517,1360,0,3517
2024-04-03 13:00:00,13718.341,13718.341,13673.653,13673.653,3520,1360,0,3520
2024-04-03 14:00:00,13673.639,13692.823,13659.338,13670.76,3523,1360,0,3523
2024-04-03 15:00:00,13670.759,13742.748,13666.173,13709.118,3533,1360,0,3533
2024-04-03 16:00:00,13709.099,13764.712,13683.894,13753.247,3516,1360,0,3516
2024-04-03 17:00:00,13753.232,13754.324,13726.436,13726.436,3531,1370,0,3531
2024-04-03 18:00:00,13726.406,13754.332,13701.679,13741.653,3516,1370,0,3516
2024-04-03 19:00:00,13741.628,13773.904,13731.04,13764.141,3528,1370,0,3528
2024-04-03 20:00:00,13764.1,13838.932,13752.682,13819.862,3534,1370,0,3534
2024-04-03 21:00:00,13819.854,13829.204,13786.631,13790.435,3537,1370,0,3537
2024-04-03 22:00:00,13790.433,13829.81,13787.949,13824.812,3549,1370,0,3549
2024-04-03 23:00:00,13824.811,13850.49,13797.019,13849.115,3529,1370,0,3529
2024-04-04 00:00:00,13849.106,13908.434,13842.497,13879.203,3529,1380,0,3529
2024-04-04 01:00:00,13879.195,13939.781,13874.626,13916.868,3542,1380,0,3542
2024-04-04 02:00:00,13916.848,13940.66,13900.557,13900.557,3507,1390,0,3507
2024-04-04 03:00:00,13900.542,13900.542,13851.151,13851.151,3523,1380,0,3523
2024-04-04 04:00:00,13851.135,13902.531,13849.793,13886.805,3545,1380,0,3545
2024-04-04 05:00:00,13886.791,13886.791,13836.378,13836.378,3524,1380,0,3524
2024-04-04 06:00:00,13836.355,13840.403,13808.779,13817.086,3532,1380,0,3532
2024-04-04 07:00:00,13817.08,13817.08,13789.897,13798.139,3514,1370,0,3514
2024-04-04 08:00:00,13798.125,13830.421,13775.73,13810.087,3541,1370,0,3541
2024-04-04 09:00:00,13810.065,13810.065,13780.263,13780.345,3530,1370,0,3530
2024-04-04 10:00:00,13780.322,13798.321,13759.302,13763.757,3536,1370,0,3536
2024-04-04 11:00:00,13763.744,13782.582,13747.104,13747.104,3526,1370,0,3526
2024-04-04 12:00:00,13747.103,13750.246,13715.332,13748.217,3531,1370,0,3531
2024-04-04 13:00:00,13748.213,13767.145,13732.604,13732.604,3522,1370,0,3522
2024-04-04 14:00:00,13732.598,13788.992,13708.775,13783.392,3539,1370,0,3539
2024-04-04 15:00:00,13783.383,13810.006,13767.8,13791.27,3531,1370,0,3531
2024-04-04 16:00:00,13791.256,13861.849,13786.574,13861.837,3511,1370,0,3511
2024-04-04 17:00:00,13861.835,13934.444,13855.336,13924.826,3526,1380,0,3526
2024-04-04 18:00:00,13924.811,13980.808,13922.776,13964.458,3529,1390,0,3529
2024-04-04 19:00:00,13964.456,13964.456,13925.133,13925.133,3534,1390,0,3534
2024-04-04 20:00:00,13925.112,13947.097,13914.334,13930.979,3524,1390,0,3524
2024-04-04 21:00:00,13930.971,13952.731,13912.312,13932.669,3521,1390,0,3521
2024-04-04 22:00:00,13932.638,13948.817,13917.584,13920.578,3532,1390,0,3532
2024-04-04 23:00:00,13920.56,13920.56,13884.046,13884.046,3526,1380,0,3526
2024-04-05 00:00:00,13884.018,13910.114,13861.42,13861.42,3545,1380,0,3545
2024-04-05 01:00:00,13861.394,13882.523,13839.423,13874.952,3526,1380,0,3526
2024-04-05 02:00:00,13874.936,13874.936,13824.862,13824.862,3526,1380,0,3526
2024-04-05 03:00:00,13824.856,13841.513,13810.782,13827.105,3543,1380,0,3543
2024-04-05 04:00:00,13827.093,13827.093,13780.855,13788.484,3536,1370,0,3536
2024-04-05 05:00:00,13788.463,13822.495,13767.537,13810.856,3529,1370,0,3529
2024-04-05 06:00:00,13810.834,13810.834,13777.689,13778.658,3534,1370,0,3534
2024-04-05 07:00:00,13778.637,13778.637,13750.206,13750.206,3519,1370,0,3519
2024-04-05 08:00:00,13750.203,13800.59,13749.724,13775.913,3508,1370,0,3508
2024-04-05 09:00:00,13775.913,13822.817,13769.012,13822.333,3552,1370,0,3552
2024-04-05 10:00:00,13822.297,13822.297,13791.461,13799.318,3536,1370,0,3536
2024-04-05 11:00:00,13799.316,13840.013,13793.646,13835.78,3530,1370,0,3530
2024-04-05 12:00:00,13835.751,13841.918,13804.773,13804.773,3517,1380,0,3517
2024-04-05 13:00:00,13804.763,13804.763,13762.702,13762.702,3548,1370,0,3548
2024-04-05 14:00:00,13762.699,13807.527,13756.032,13799.552,3539,1370,0,3539
2024-04-05 15:00:00,13799.543,13799.543,13759.182,13759.182,3523,1370,0,3523
2024-04-05 16:00:00,13759.17,13776.37,13743.711,13755.171,3526,1370,0,3526
2024-04-05 17:00:00,13755.164,13755.164,13716.441,13741.502,3511,1370,0,3511
2024-04-05 18:00:00,13741.484,13762.883,13726.66,13762.517,3516,1370,0,3516
2024-04-05 19:00:00,13762.516,13795.147,13759.735,13783.968,3522,1370,0,3522
2024-04-05 20:00:00,13783.941,13789.403,13764.652,13770.994,3529,1370,0,3529
2024-04-05 21:00:00,13770.971,13770.971,13746.031,13748.661,3528,1370,0,3528
2024-04-05 22:00:00,13748.65,13748.65,13719.637,13722.24,3524,1370,0,3524
2024-04-05 23:00:00,13722.226,13722.226,13674.608,13674.608,3519,1360,0,3519
2024-04-06 00:00:00,13674.597,13694.431,13648.165,13690.167,3524,1360,0,3524
2024-04-06 01:00:00,13690.147,13690.147,13653.109,13679.031,3513,1360,0,3513
2024-04-06 02:00:00,13679.021,13685.677,13636.238,13682.666,3544,1360,0,3544
2024-04-06 03:00:00,13682.647,13682.647,13632.725,13632.725,3534,1360,0,3534
2024-04-06 04:00:00,13632.701,13636.705,13604.98,13615.822,3528,1360,0,3528
2024-04-06 05:00:00,13615.815,13645.832,13608.248,13627.844,3530,1360,0,3530
2024-04-06 06:00:00,13627.83,13636.415,13602.812,13602.812,3522,1360,0,3522
2024-04-06 07:00:00,13602.777,13607.314,13561.841,13561.841,3529,1350,0,3529
2024-04-06 08:00:00,13561.836,13573.673,13542.804,13542.804,3511,1350,0,3511
2024-04-06 09:00:00,13542.777,13542.787,13500.238,13500.238,3524,1350,0,3524
2024-04-06 10:00:00,13500.212,13532.74,13495.913,13495.913,3526,1340,0,3526
2024-04-06 11:00:00,13495.897,13495.897,13466.687,13466.687,3535,1340,0,3535
2024-04-06 12:00:00,13466.677,13522.302,13453.24,13520.166,3528,1340,0,3528
2024-04-06 13:00:00,13520.151,13527.429,13499.85,13506.938,3524,1350,0,3524
2024-04-06 14:00:00,13506.901,13522.978,13477.809,13507.378,3533,1340,0,3533
2024-04-06 15:00:00,13507.356,13529.218,13493.103,13512.64,3532,1340,0,3532
2024-04-06 16:00:00,13512.62,13523.348,13492.872,13515.499,3530,1340,0,3530
2024-04-06 17:00:00,13515.488,13515.488,13471.927,13493.526,3521,1340,0,3521
2024-04-06 18:00:00,13493.491,13493.491,13450.459,13453.528,3541,1340,0,3541
2024-04-06 19:00:00,13453.506,13504.552,13453.49,13500.703,3531,1340,0,3531
2024-04-06 20:00:00,13500.681,13510.369,13487.841,13503.111,3521,1340,0,3521
2024-04-06 21:00:00,13503.101,13508.279,13485.899,13489.894,3528,1340,0,3528
2024-04-06 22:00:00,13489.872,13498.03,13464.126,13464.126,3530,1340,0,3530
2024-04-06 23:00:00,13464.111,13464.111,13416.439,13416.439,3544,1340,0,3544
2024-04-07 00:00:00,13416.423,13446.294,13395.654,13440.856,3536,1330,0,3536
2024-04-07 01:00:00,13440.838,13440.943,13407.716,13411.924,3522,1340,0,3522
2024-04-07 02:00:00,13411.92,13411.92,13369.138,13386.452,3525,1330,0,3525
2024-04-07 03:00:00,13386.448,13386.448,13340.169,13340.169,3526,1330,0,3526
2024-04-07 04:00:00,13340.134,13363.362,13326.7,13329.203,3513,1330,0,3513
2024-04-07 05:00:00,13329.199,13342.935,13297.955,13328.898,3544,1330,0,3544
2024-04-07 06:00:00,13328.876,13339.911,13302.446,13327.35,3524,1330,0,3524
2024-04-07 07:00:00,13327.34,13461.257,13326.743,13451.665,3532,1330,0,3532
2024-04-07 08:00:00,13451.651,13466.525,13434.345,13444.667,3527,1340,0,3527
2024-04-07 09:00:00,13444.666,13444.666,13406.368,13406.368,3545,1340,0,3545
2024-04-07 10:00:00,13406.352,13451.379,13401.774,13447.95,3522,1340,0,3522
2024-04-07 11:00:00,13447.941,13464.764,13440.253,13443.092,3520,1340,0,3520
2024-04-07 12:00:00,13443.085,13454.994,13410.966,13450.699,3533,1340,0,3533
2024-04-07 13:00:00,13450.688,13452.416,13424.873,13444.147,3532,1340,0,3532
2024-04-07 14:00:00,13444.138,13449.479,13416.902,13416.902,3521,1340,0,3521
2024-04-07 15:00:00,13416.869,13485.299,13410.15,13478.354,3512,1340,0,3512
2024-04-07 16:00:00,13478.335,13490.662,13457.075,13457.075,3529,1340,0,3529
2024-04-07 17:00:00,13457.061,13457.061,13417.991,13417.991,3514,1340,0,3514
2024-04-07 18:00:00,13417.966,13471.526,13417.79,13450.938,3524,1340,0,3524
2024-04-07 19:00:00,13450.92,13547.359,13442.847,13516.161,3523,1340,0,3523
2024-04-07 20:00:00,13516.153,13562.612,13511.805,13552.731,3521,1350,0,3521
2024-04-07 21:00:00,13552.729,13597.28,13550.734,13573.147,3527,1350,0,3527
2024-04-07 22:00:00,13573.134,13584.471,13534.228,13577.301,3520,1350,0,3520
2024-04-07 23:00:00,13577.289,13581.994,13555.09,13564.78,3521,1350,0,3521
2024-04-08 00:00:00,13564.773,13564.773,13516.352,13516.352,3525,1350,0,3525
2024-04-08 01:00:00,13516.346,13516.346,13499.423,13499.423,3528,1350,0,3528
2024-04-08 02:00:00,13499.422,13499.422,13462.523,13462.523,3528,1340,0,3528
2024-04-08 03:00:00,13462.504,13462.504,13425.579,13427.147,3528,1340,0,3528
2024-04-08 04:00:00,13427.142,13435.369,13395.226,13395.226,3518,1330,0,3518
2024-04-08 05:00:00,13395.223,13395.223,13367.403,13367.403,3543,1330,0,3543
2024-04-08 06:00:00,13367.396,13373.903,13352.724,13358.467,3536,1330,0,3536
2024-04-08 07:00:00,13358.465,13363.583,13340.322,13340.322,3540,1330,0,3540
2024-04-08 08:00:00,13340.321,13403.112,13335.367,13400.293,3523,1330,0,3523
2024-04-08 09:00:00,13400.28,13400.28,13365.917,13365.917,3518,1330,0,3518
2024-04-08 10:00:00,13365.889,13396.669,13361.333,13361.333,3518,1330,0,3518
2024-04-08 11:00:00,13361.325,13366.027,13337.557,13342.846,3541,1330,0,3541
2024-04-08 12:00:00,13342.845,13423.883,13342.162,13401.015,3518,1330,0,3518
2024-04-08 13:00:00,13401.012,13410.182,13376.363,13386.599,3536,1330,0,3536
2024-04-08 14:00:00,13386.58,13386.58,13338.965,13372.764,3514,1330,0,3514
2024-04-08 15:00:00,13372.759,13376.055,13341.078,13366.392,3530,1330,0,3530
2024-04-08 16:00:00,13366.377,13369.42,13342.065,13352.133,3526,1330,0,3526
2024-04-08 17:00:00,13352.11,13360.958,13323.25,13323.25,3514,1330,0,3514
2024-04-08 18:00:00,13323.249,13402.048,13306.058,13397.439,3527,1330,0,3527
2024-04-08 19:00:00,13397.419,13404.516,13366.724,13395.358,3526,1330,0,3526
2024-04-08 20:00:00,13395.334,13395.334,13360.933,13360.933,3523,1330,0,3523
2024-04-08 21:00:00,13360.923,13397.766,13358.923,13392.857,3528,1330,0,3528
2024-04-08 22:00:00,13392.848,13404.463,13375.738,13381.066,3525,1330,0,3525
2024-04-08 23:00:00,13381.05,13466.55,13371.007,13452.23,3526,1330,0,3526
2024-04-09 00:00:00,13452.221,13496.236,13450.74,13489.175,3519,1340,0,3519
2024-04-09 01:00:00,13489.174,13501.814,13476.005,13488.682,3532,1340,0,3532
2024-04-09 02:00:00,13488.678,13527.608,13484.864,13516.172,3531,1340,0,3531
2024-04-09 03:00:00,13516.169,13528.469,13500.146,13505.872,3533,1350,0,3533
2024-04-09 04:00:00,13505.868,13513.782,13477.026,13499.577,3516,1340,0,3516
2024-04-09 05:00:00,13499.564,13506.688,13472.664,13472.664,3521,1340,0,3521
2024-04-09 06:00:00,13472.618,13519.355,13467.425,13492.318,3529,1340,0,3529
2024-04-09 07:00:00,13492.314,13492.314,13467.671,13474.074,3541,1340,0,3541
2024-04-09 08:00:00,13474.059,13516.711,13462.269,13512.355,3526,1340,0,3526
2024-04-09 09:00:00,13512.349,13554.739,13504.392,13535.315,3517,1350,0,3517
2024-04-09 10:00:00,13535.315,13567.632,13507.504,13562.656,3519,1350,0,3519
2024-04-09 11:00:00,13562.642,13605.342,13558.931,13580.981,3527,1350,0,3527
2024-04-09 12:00:00,13580.966,13629.232,13580.519,13596.462,3542,1350,0,3542
2024-04-09 13:00:00,13596.46,13606.094,13557.773,13606.082,3538,1350,0,3538
2024-04-09 14:00:00,13606.069,13625.597,13583.267,13585.768,3539,1350,0,3539
2024-04-09 15:00:00,13585.767,13586.882,13556.131,13556.131,3519,1350,0,3519
2024-04-09 16:00:00,13556.12,13582.409,13548.39,13564.215,3525,1350,0,3525
2024-04-09 17:00:00,13564.208,13577.584,13539.395,13539.395,3526,1350,0,3526
2024-04-09 18:00:00,13539.38,13539.38,13498.394,13498.394,3529,1350,0,3529
2024-04-09 19:00:00,13498.393,13521.334,13490.981,13502.193,3527,1340,0,3527
2024-04-09 20:00:00,13502.17,13525.612,13495.303,13513.573,3520,1340,0,3520
2024-04-09 21:00:00,13513.546,13560.021,13509.002,13550.991,3535,1350,0,3535
2024-04-09 22:00:00,13550.989,13550.989,13503.258,13503.258,3523,1350,0,3523
2024-04-09 23:00:00,13503.232,13503.232,13470.177,13488.195,3523,1340,0,3523
2024-04-10 00:00:00,13488.171,13488.171,13445.399,13449.88,3537,1340,0,3537
2024-04-10 01:00:00,13449.875,13449.875,13400.97,13400.97,3512,1340,0,3512
2024-04-10 02:00:00,13400.955,13407.075,13372.295,13404.902,3524,1330,0,3524
2024-04-10 03:00:00,13404.891,13449.468,13391.09,13443.019,3523,1330,0,3523
2024-04-10 04:00:00,13443.001,13452.641,13428.568,13441.348,3521,1340,0,3521
2024-04-10 05:00:00,13441.338,13441.338,13404.289,13407.584,3513,1340,0,3513
2024-04-10 06:00:00,13407.558,13416.403,13391.481,13404.27,3513,1330,0,3513
2024-04-10 07:00:00,13404.249,13434.665,13379.782,13415.542,3531,1330,0,3531
2024-04-10 08:00:00,13415.537,13415.537,13377.734,13393.288,3525,1330,0,3525
2024-04-10 09:00:00,13393.281,13393.281,13354.394,13377.38,3514,1330,0,3514
2024-04-10 10:00:00,13377.371,13412.521,13368.662,13406.507,3518,1330,0,3518
2024-04-10 11:00:00,13406.469,13481.302,13398.734,13465.889,3521,1340,0,3521
2024-04-10 12:00:00,13465.87,13465.87,13427.124,13427.124,3517,1340,0,3517
2024-04-10 13:00:00,13427.099,13466.584,13413.017,13462.856,3520,1340,0,3520
2024-04-10 14:00:00,13462.848,13499.769,13457.508,13494.188,3531,1340,0,3531
2024-04-10 15:00:00,13494.183,13498.987,13467.107,13467.533,3525,1340,0,3525
2024-04-10 16:00:00,13467.527,13479.242,13453.285,13454.308,3531,1340,0,3531
2024-04-10 17:00:00,13454.289,13461.516,13436.365,13444.675,3520,1340,0,3520
2024-04-10 18:00:00,13444.657,13465.989,13434.95,13443.217,3509,1340,0,3509
2024-04-10 19:00:00,13443.21,13450.838,13421.833,13444.117,3529,1340,0,3529
2024-04-10 20:00:00,13444.116,13463.973,13432.127,13456.143,3522,1340,0,3522
2024-04-10 21:00:00,13456.129,13491.787,13436.033,13478.752,3524,1340,0,3524
2024-04-10 22:00:00,13478.732,13494.758,13449.973,13449.973,3534,1340,0,3534
2024-04-10 23:00:00,13449.958,13456.988,13422.441,13443.276,3522,1340,0,3522
2024-04-11 00:00:00,13443.27,13476.747,13435.43,13439.439,3523,1340,0,3523
2024-04-11 01:00:00,13439.424,13450.71,13415.536,13415.536,3531,1340,0,3531
2024-04-11 02:00:00,13415.52,13424.665,13377.531,13377.531,3528,1330,0,3528
2024-04-11 03:00:00,13377.517,13429.246,13366.668,13428.969,3522,1330,0,3522
2024-04-11 04:00:00,13428.958,13446.986,13415.862,13423.436,3525,1340,0,3525
2024-04-11 05:00:00,13423.433,13440.897,13405.899,13409.283,3532,1340,0,3532
2024-04-11 06:00:00,13409.278,13415.117,13388.532,13388.532,3527,1330,0,3527
2024-04-11 07:00:00,13388.52,13388.52,13347.952,13348.852,3528,1330,0,3528
2024-04-11 08:00:00,13348.851,13361.605,13323.303,13353.807,3528,1330,0,3528
2024-04-11 09:00:00,13353.799,13358.024,13325.929,13349.312,3518,1330,0,3518
2024-04-11 10:00:00,13349.282,13349.282,13300.912,13300.912,3527,1330,0,3527
2024-04-11 11:00:00,13300.899,13300.899,13264.855,13283.845,3521,1320,0,3521
2024-04-11 12:00:00,13283.808,13306.392,13272.055,13298.757,3533,1320,0,3533
2024-04-11 13:00:00,13298.748,13330.019,13276.932,13328.594,3535,1320,0,3535
2024-04-11 14:00:00,13328.581,13344.316,13312.639,13327.102,3511,1330,0,3511
2024-04-11 15:00:00,13327.099,13327.099,13284.909,13290.277,3525,1320,0,3525
2024-04-11 16:00:00,13290.273,13290.273,13242.359,13242.359,3540,1320,0,3540
2024-04-11 17:00:00,13242.343,13247.87,13219.479,13219.479,3537,1320,0,3537
2024-04-11 18:00:00,13219.453,13237.232,13212.391,13215.239,3520,1320,0,3520
2024-04-11 19:00:00,13215.219,13247.84,13208.243,13246.019,3545,1320,0,3545
2024-04-11 20:00:00,13246.003,13249.243,13223.041,13242.287,3524,1320,0,3524
2024-04-11 21:00:00,13242.286,13242.295,13208.202,13236.545,3530,1320,0,3530
2024-04-11 22:00:00,13236.544,13236.544,13188.587,13188.587,3532,1310,0,3532
2024-04-11 23:00:00,13188.584,13237.162,13182.656,13213.084,3526,1310,0,3526
2024-04-12 00:00:00,13213.071,13230.248,13199.068,13211.679,3536,1320,0,3536
2024-04-12 01:00:00,13211.671,13225.518,13195.218,13224.317,3523,1310,0,3523
2024-04-12 02:00:00,13224.302,13224.302,13200.016,13217.316,3525,1320,0,3525
2024-04-12 03:00:00,13217.29,13226.611,13196.719,13218.181,3521,1310,0,3521
2024-04-12 04:00:00,13218.167,13272.728,13203.709,13249.889,3537,1320,0,3537
2024-04-12 05:00:00,13249.87,13249.87,13225.531,13243.453,3540,1320,0,3540
2024-04-12 06:00:00,13243.438,13257.239,13224.237,13239.537,3524,1320,0,3524
2024-04-12 07:00:00,13239.533,13239.533,13197.99,13197.99,3521,1320,0,3521
2024-04-12 08:00:00,13197.968,13229.466,13164.95,13218.55,3531,1310,0,3531
2024-04-12 09:00:00,13218.547,13223.706,13190.632,13208.259,3535,1310,0,3535
2024-04-12 10:00:00,13208.252,13242.674,13198.411,13237.767,3522,1310,0,3522
2024-04-12 11:00:00,13237.754,13312.253,13236.807,13309.095,3535,1320,0,3535
2024-04-12 12:00:00,13309.093,13320.407,13288.678,13304.771,3536,1320,0,3536
2024-04-12 13:00:00,13304.752,13357.999,13296.103,13340.827,3536,1320,0,3536
2024-04-12 14:00:00,13340.819,13372.581,13335.093,13337.053,3516,1330,0,3516
2024-04-12 15:00:00,13337.041,13374.339,13333.466,13367.38,3513,1330,0,3513
2024-04-12 16:00:00,13367.372,13399.258,13348.09,13393.538,3538,1330,0,3538
2024-04-12 17:00:00,13393.523,13393.523,13349.818,13359.542,3535,1330,0,3535
2024-04-12 18:00:00,13359.529,13359.529,13313.931,13313.931,3518,1330,0,3518
2024-04-12 19:00:00,13313.93,13379.608,13307.999,13369.595,3516,1330,0,3516
2024-04-12 20:00:00,13369.585,13369.585,13338.76,13348.416,3521,1330,0,3521
2024-04-12 21:00:00,13348.389,13392.946,13335.854,13380.929,3527,1330,0,3527
2024-04-12 22:00:00,13380.896,13397.299,13370.416,13383.558,3525,1330,0,3525
2024-04-12 23:00:00,13383.541,13401.661,13358.75,13389.453,3531,1330,0,3531
2024-04-13 00:00:00,13389.435,13438.726,13386.78,13429.95,3523,1330,0,3523
2024-04-13 01:00:00,13429.929,13429.929,13397.186,13400.38,3535,1330,0,3535
2024-04-13 02:00:00,13400.367,13429.391,13389.377,13422.508,3529,1330,0,3529
2024-04-13 03:00:00,13422.493,13480.232,13421.439,13472.814,3532,1340,0,3532
2024-04-13 04:00:00,13472.794,13525.983,13456.945,13523.134,3537,1340,0,3537
2024-04-13 05:00:00,13523.118,13523.118,13475.561,13475.561,3528,1340,0,3528
2024-04-13 06:00:00,13475.545,13497.522,13459.836,13480.291,3519,1340,0,3519
2024-04-13 07:00:00,13480.267,13520.555,13467.046,13508.11,3537,1340,0,3537
2024-04-13 08:00:00,13508.088,13521.118,13498.614,13500.263,3526,1340,0,3526
2024-04-13 09:00:00,13500.249,13537.928,13484.368,13525.617,3521,1340,0,3521
2024-04-13 10:00:00,13525.578,13592.225,13524.326,13570.256,3518,1350,0,3518
2024-04-13 11:00:00,13570.238,13575.535,13550.284,13563.12,3520,1350,0,3520
2024-04-13 12:00:00,13563.106,13592.005,13559.904,13581.967,3524,1350,0,3524
2024-04-13 13:00:00,13581.966,13629.729,13579.16,13611.611,3530,1350,0,3530
2024-04-13 14:00:00,13611.608,13658.176,13606.198,13627.028,3521,1360,0,3521
2024-04-13 15:00:00,13627.023,13646.026,13607.937,13607.937,3521,1360,0,3521
2024-04-13 16:00:00,13607.907,13607.907,13560.271,13560.271,3535,1350,0,3535
2024-04-13 17:00:00,13560.258,13561.9,13527.848,13528.158,3524,1350,0,3524
2024-04-13 18:00:00,13528.134,13528.134,13481.088,13481.088,3536,1340,0,3536
2024-04-13 19:00:00,13481.086,13507.526,13479.238,13499.525,3529,1340,0,3529
2024-04-13 20:00:00,13499.493,13499.493,13458.246,13481.716,3526,1340,0,3526
2024-04-13 21:00:00,13481.7,13507.67,13474.556,13474.847,3531,1340,0,3531
2024-04-13 22:00:00,13474.847,13529.604,13474.683,13493.323,3532,1340,0,3532
2024-04-13 23:00:00,13493.312,13493.312,13473.421,13475.09,3519,1340,0,3519
2024-04-14 00:00:00,13475.074,13504.16,13470.364,13479.401,3531,1340,0,3531
2024-04-14 01:00:00,13479.386,13492.474,13458.607,13458.607,3309,1340,0,3309
2024-04-14 02:00:00,13458.601,13504.914,13458.598,13479.314,3538,1340,0,3538
2024-04-14 03:00:00,13479.31,13506.246,13470.474,13491.56,3532,1340,0,3532
2024-04-14 04:00:00,13491.547,13518.907,13483.224,13497.261,3530,1340,0,3530
2024-04-14 05:00:00,13497.249,13503.197,13475.975,13475.975,3518,1340,0,3518
2024-04-14 06:00:00,13475.965,13510.944,13466.788,13501.972,3524,1340,0,3524
2024-04-14 07:00:00,13501.967,13610.568,13500.885,13600.12,3539,1350,0,3539
2024-04-14 08:00:00,13600.103,13649.28,13599.977,13600.797,3527,1360,0,3527
2024-04-14 09:00:00,13600.764,13614.127,13579.557,13601.279,3525,1350,0,3525
2024-04-14 10:00:00,13601.26,13601.26,13552.322,13552.322,3526,1350,0,3526
2024-04-14 11:00:00,13552.322,13560.068,13536.732,13549.068,3525,1350,0,3525
2024-04-14 12:00:00,13549.055,13549.055,13516.692,13533.125,3528,1350,0,3528
2024-04-14 13:00:00,13533.102,13533.102,13504.784,13512.793,3509,1350,0,3509
2024-04-14 14:00:00,13512.772,13523.728,13503.196,13506.215,3549,1350,0,3549
2024-04-14 15:00:00,13506.209,13559.458,13496.302,13554.365,3536,1340,0,3536
2024-04-14 16:00:00,13554.342,13606.695,13548.623,13594.974,3519,1350,0,3519
2024-04-14 17:00:00,13594.959,13657.902,13591.204,13637.782,3528,1350,0,3528
2024-04-14 18:00:00,13637.754,13659.122,13629.19,13657.783,3531,1360,0,3531
2024-04-14 19:00:00,13657.763,13657.763,13611.991,13611.991,3535,1360,0,3535
2024-04-14 20:00:00,13611.977,13668.169,13598.271,13660.322,3506,1350,0,3506
2024-04-14 21:00:00,13660.306,13660.306,13626.782,13639.082,3515,1360,0,3515
2024-04-14 22:00:00,13639.067,13682.466,13623.622,13676.189,3515,1360,0,3515
2024-04-14 23:00:00,13676.164,13744.461,13660.276,13734.002,3526,1360,0,3526
2024-04-15 00:00:00,13733.98,13780.553,13731.642,13760.839,3517,1370,0,3517
2024-04-15 01:00:00,13760.836,13777.884,13736.075,13736.075,3505,1370,0,3505
2024-04-15 02:00:00,13736.067,13816.587,13725.492,13803.858,3515,1370,0,3515
2024-04-15 03:00:00,13803.838,13815.329,13780.751,13803.88,3523,1370,0,3523
2024-04-15 04:00:00,13803.859,13810.835,13782.423,13796.46,3535,1370,0,3535
2024-04-15 05:00:00,13796.442,13796.442,13754.405,13754.405,3524,1370,0,3524
2024-04-15 06:00:00,13754.383,13771.126,13727.423,13752.141,3530,1370,0,3530
2024-04-15 07:00:00,13752.127,13788.894,13739.873,13788.159,3528,1370,0,3528
2024-04-15 08:00:00,13788.157,13790.699,13754.125,13766.48,3535,1370,0,3535
2024-04-15 09:00:00,13766.444,13796.405,13748.702,13790.111,3515,1370,0,3515
2024-04-15 10:00:00,13790.103,13865.723,13771.204,13865.716,3540,1370,0,3540
2024-04-15 11:00:00,13865.707,13912.317,13855.737,13902.871,3534,1380,0,3534
2024-04-15 12:00:00,13902.866,13930.907,13896.404,13910.157,3510,1380,0,3510
2024-04-15 13:00:00,13910.142,13922.146,13888.889,13899.037,3528,1380,0,3528
2024-04-15 14:00:00,13899.025,13921.565,13882.872,13903.798,3520,1380,0,3520
2024-04-15 15:00:00,13903.766,13907.605,13881.123,13881.123,3532,1380,0,3532
2024-04-15 16:00:00,13881.1,13905.283,13863.11,13903.109,3515,1380,0,3515
2024-04-15 17:00:00,13903.078,13903.984,13866.342,13891.174,3529,1380,0,3529
2024-04-15 18:00:00,13891.162,13891.162,13852.561,13868.388,3522,1380,0,3522
2024-04-15 19:00:00,13868.363,13868.363,13834.248,13834.248,3527,1380,0,3527
2024-04-15 20:00:00,13834.237,13834.237,13800.916,13811.172,3527,1380,0,3527
2024-04-15 21:00:00,13811.168,13834.705,13793.324,13802.189,3522,1370,0,3522
2024-04-15 22:00:00,13802.18,13802.18,13754.872,13754.872,3534,1370,0,3534
2024-04-15 23:00:00,13754.85,13754.85,13705.654,13705.654,3533,1370,0,3533
2024-04-16 00:00:00,13705.644,13717.058,13684.545,13684.545,3533,1360,0,3533
2024-04-16 01:00:00,13684.512,13684.512,13646.67,13648.384,3531,1360,0,3531
2024-04-16 02:00:00,13648.364,13652.097,13624.159,13638.719,3528,1360,0,3528
2024-04-16 03:00:00,13638.719,13649.283,13617.885,13649.004,3536,1360,0,3536
2024-04-16 04:00:00,13649.001,13673.921,13624.578,13666.797,3532,1360,0,3532
2024-04-16 05:00:00,13666.789,13688.705,13642.27,13642.27,3525,1360,0,3525
2024-04-16 06:00:00,13642.264,13670.764,13632.244,13669.314,3514,1360,0,3514
2024-04-16 07:00:00,13669.302,13669.302,13629.54,13629.54,3516,1360,0,3516
2024-04-16 08:00:00,13629.501,13654.04,13624.702,13630.626,3534,1360,0,3534
2024-04-16 09:00:00,13630.585,13636.287,13603.764,13627.738,3532,1360,0,3532
2024-04-16 10:00:00,13627.728,13661.835,13611.368,13657.751,3529,1360,0,3529
2024-04-16 11:00:00,13657.748,13657.748,13619.486,13626.434,3534,1360,0,3534
2024-04-16 12:00:00,13626.407,13668.376,13623.701,13658.429,3522,1360,0,3522
2024-04-16 13:00:00,13658.413,13689.473,13656.434,13675.261,3536,1360,0,3536
2024-04-16 14:00:00,13675.236,13741.173,13661.102,13713.078,3529,1360,0,3529
2024-04-16 15:00:00,13713.065,13794.031,13703.782,13781.613,3530,1370,0,3530
2024-04-16 16:00:00,13781.594,13781.594,13734.548,13747.061,3539,1370,0,3539
2024-04-16 17:00:00,13747.033,13749.946,13716.402,13716.402,3532,1370,0,3532
2024-04-16 18:00:00,13716.395,13723.372,13696.058,13696.058,3527,1360,0,3527
2024-04-16 19:00:00,13696.057,13696.057,13657.194,13657.194,3539,1360,0,3539
2024-04-16 20:00:00,13657.165,13658.73,13619.744,13619.744,3532,1360,0,3532
2024-04-16 21:00:00,13619.73,13619.73,13579.504,13579.504,3515,1350,0,3515
2024-04-16 22:00:00,13579.481,13617.485,13556.273,13605.561,3532,1350,0,3532
2024-04-16 23:00:00,13605.559,13608.153,13580.244,13601.849,3520,1350,0,3520
2024-04-17 00:00:00,13601.843,13602.275,13562.837,13562.837,3526,1350,0,3526
2024-04-17 01:00:00,13562.827,13562.827,13533.712,13533.712,3517,1350,0,3517
2024-04-17 02:00:00,13533.707,13533.707,13508.165,13527.847,3534,1350,0,3534
2024-04-17 03:00:00,13527.841,13630.223,13522.887,13629.52,3518,1350,0,3518
2024-04-17 04:00:00,13629.498,13634.65,13609.229,13609.229,3528,1360,0,3528
2024-04-17 05:00:00,13609.214,13620.55,13586.924,13600.682,3514,1350,0,3514
2024-04-17 06:00:00,13600.682,13605.195,13578.929,13587.815,3521,1350,0,3521
2024-04-17 07:00:00,13587.814,13592.889,13564.844,13589.988,3535,1350,0,3535
2024-04-17 08:00:00,13589.986,13600.622,13569.157,13593.756,3529,1350,0,3529
2024-04-17 09:00:00,13593.724,13615.673,13573.969,13573.969,3524,1350,0,3524
2024-04-17 10:00:00,13573.961,13581.783,13554.581,13563.132,3520,1350,0,3520
2024-04-17 11:00:00,13563.106,13639.864,13558.319,13619.152,3516,1350,0,3516
2024-04-17 12:00:00,13619.152,13619.152,13588.412,13607.61,3516,1350,0,3516
2024-04-17 13:00:00,13607.576,13628.437,13588.962,13622.004,3524,1350,0,3524
2024-04-17 14:00:00,13621.984,13648.656,13615.091,13615.091,3517,1360,0,3517
2024-04-17 15:00:00,13615.075,13684.291,13608.597,13678.863,3529,1360,0,3529
2024-04-17 16:00:00,13678.842,13688.939,13662.85,13683.729,3531,1360,0,3531
2024-04-17 17:00:00,13683.701,13750.995,13664.826,13734.966,3527,1360,0,3527
2024-04-17 18:00:00,13734.953,13768.655,13733.528,13756.69,3522,1370,0,3522
2024-04-17 19:00:00,13756.669,13808.57,13756.074,13789.492,3510,1370,0,3510
2024-04-17 20:00:00,13789.482,13831.438,13788.868,13821.848,3527,1370,0,3527
2024-04-17 21:00:00,13821.836,13825.077,13794.041,13818.609,3527,1370,0,3527
2024-04-17 22:00:00,13818.598,13818.598,13793.953,13793.953,3526,1370,0,3526
2024-04-17 23:00:00,13793.931,13819.151,13770.353,13770.353,3515,1370,0,3515
2024-04-18 00:00:00,13770.335,13770.335,13720.455,13720.455,3525,1370,0,3525
2024-04-18 01:00:00,13720.442,13720.442,13685.072,13693.81,3518,1360,0,3518
2024-04-18 02:00:00,13693.787,13760.912,13684.143,13743.906,3521,1360,0,3521
2024-04-18 03:00:00,13743.883,13743.883,13701.773,13701.851,3527,1370,0,3527
2024-04-18 04:00:00,13701.845,13758.249,13698.451,13756.844,3529,1360,0,3529
2024-04-18 05:00:00,13756.84,13783.104,13746.419,13758.798,3528,1370,0,3528
2024-04-18 06:00:00,13758.792,13765.906,13736.846,13736.846,3528,1370,0,3528
2024-04-18 07:00:00,13736.824,13736.824,13692.301,13692.301,3533,1360,0,3533
2024-04-18 08:00:00,13692.287,13692.287,13648.702,13648.702,3527,1360,0,3527
2024-04-18 09:00:00,13648.7,13704.462,13625.926,13695.902,3539,1360,0,3539
2024-04-18 10:00:00,13695.876,13733.176,13694.506,13730.308,3546,1360,0,3546
2024-04-18 11:00:00,13730.306,13764.604,13709.373,13747.004,3530,1370,0,3530
2024-04-18 12:00:00,13746.998,13755.849,13717.978,13717.978,3525,1370,0,3525
2024-04-18 13:00:00,13717.962,13724.651,13691.441,13713.755,3534,1360,0,3534
2024-04-18 14:00:00,13713.733,13719.117,13695.357,13715.31,3532,1360,0,3532
2024-04-18 15:00:00,13715.276,13739.292,13700.809,13715.585,3528,1370,0,3528
2024-04-18 16:00:00,13715.568,13734.217,13685.658,13727.438,3522,1360,0,3522
2024-04-18 17:00:00,13727.433,13727.433,13696.816,13714.58,3517,1360,0,3517
2024-04-18 18:00:00,13714.573,13807.131,13713.397,13803.254,3516,1370,0,3516
2024-04-18 19:00:00,13803.251,13825.842,13794.15,13820.088,3535,1370,0,3535
2024-04-18 20:00:00,13820.072,13820.072,13784.577,13784.577,3522,1370,0,3522
2024-04-18 21:00:00,13784.564,13822.349,13775.517,13814.154,3520,1370,0,3520
2024-04-18 22:00:00,13814.13,13864.442,13803.416,13860.094,3529,1380,0,3529
2024-04-18 23:00:00,13860.093,13876.719,13838.362,13845.708,3531,1380,0,3531
2024-04-19 00:00:00,13845.685,13881.664,13822.759,13873.757,3551,1380,0,3551
2024-04-19 01:00:00,13873.757,13891.883,13841.777,13887.925,3530,1380,0,3530
2024-04-19 02:00:00,13887.898,13967.354,13881.227,13964.934,3519,1380,0,3519
2024-04-19 03:00:00,13964.933,14010.964,13952.313,14005.514,3539,1390,0,3539
2024-04-19 04:00:00,14005.503,14018.846,13981.792,13992.365,3539,1390,0,3539
2024-04-19 05:00:00,13992.365,14032.4,13991.884,13997.954,3531,1390,0,3531
2024-04-19 06:00:00,13997.946,14010.045,13967.259,13993.608,3541,1390,0,3541
2024-04-19 07:00:00,13993.593,14009.362,13959.624,13999.323,3525,1390,0,3525
2024-04-19 08:00:00,13999.296,13999.296,13961.563,13969.251,3534,1390,0,3534
2024-04-19 09:00:00,13969.246,14041.932,13962.758,14018.988,3539,1390,0,3539
2024-04-19 10:00:00,14018.965,14018.965,13990.406,13990.406,3536,1390,0,3536
2024-04-19 11:00:00,13990.383,14003.174,13980.589,13980.589,3547,1390,0,3547
2024-04-19 12:00:00,13980.568,13980.568,13951.501,13958.088,3531,1390,0,3531
2024-04-19 13:00:00,13958.077,13961.261,13916.003,13916.003,3511,1390,0,3511
2024-04-19 14:00:00,13916.002,13916.002,13872.281,13907.279,3534,1380,0,3534
2024-04-19 15:00:00,13907.258,13907.258,13863.908,13863.908,3535,1380,0,3535
2024-04-19 16:00:00,13863.89,13863.89,13834.941,13834.941,3538,1380,0,3538
2024-04-19 17:00:00,13834.917,13852.079,13819.341,13851.918,3523,1380,0,3523
2024-04-19 18:00:00,13851.912,13874.588,13842.394,13861.107,3529,1380,0,3529
2024-04-19 19:00:00,13861.082,13885.476,13847.611,13848.725,3522,1380,0,3522
2024-04-19 20:00:00,13848.708,13932.957,13840.433,13929.757,3532,1380,0,3532
2024-04-19 21:00:00,13929.723,13961.705,13915.738,13958.466,3541,1390,0,3541
2024-04-19 22:00:00,13958.432,13958.432,13910.163,13930.765,3524,1390,0,3524
2024-04-19 23:00:00,13930.755,13946.489,13920.507,13920.507,3512,1390,0,3512
2024-04-20 00:00:00,13920.5,13958.783,13911.739,13940.745,3530,1390,0,3530
2024-04-20 01:00:00,13940.732,13967.154,13924.753,13962.143,3515,1390,0,3515
2024-04-20 02:00:00,13962.14,13992.769,13939.5,13992.666,3536,1390,0,3536
2024-04-20 03:00:00,13992.642,14004.505,13965.104,13986.414,3510,1390,0,3510
2024-04-20 04:00:00,13986.406,13988.798,13967.946,13984.918,3522,1390,0,3522
2024-04-20 05:00:00,13984.917,14088.027,13984.614,14078.976,3535,1390,0,3535
2024-04-20 06:00:00,14078.962,14078.962,14053.266,14053.266,3535,1400,0,3535
2024-04-20 07:00:00,14053.253,14062.851,14025.384,14049.991,3532,1400,0,3532
2024-04-20 08:00:00,14049.979,14089.788,14026.466,14083.836,3537,1400,0,3537
2024-04-20 09:00:00,14083.815,14148.837,14061.029,14139.841,3530,1400,0,3530
2024-04-20 10:00:00,14139.837,14218.108,14120.986,14213.895,3546,1410,0,3546
2024-04-20 11:00:00,14213.877,14213.877,14183.754,14192.977,3516,1410,0,3516
2024-04-20 12:00:00,14192.964,14201.206,14172.795,14175.145,3529,1410,0,3529
2024-04-20 13:00:00,14175.144,14175.144,14125.507,14145.45,3517,1410,0,3517
2024-04-20 14:00:00,14145.426,14145.426,14101.263,14101.263,3547,1410,0,3547
2024-04-20 15:00:00,14101.25,14145.418,14100.552,14128.933,3521,1410,0,3521
2024-04-20 16:00:00,14128.919,14139.857,14107.319,14125.311,3538,1410,0,3538
2024-04-20 17:00:00,14125.28,14190.176,14125.252,14166.191,3529,1410,0,3529
2024-04-20 18:00:00,14166.174,14227.638,14158.132,14217.649,3528,1410,0,3528
2024-04-20 19:00:00,14217.635,14243.0,14209.9,14239.308,3532,1420,0,3532
2024-04-20 20:00:00,14239.297,14239.297,14189.787,14189.787,3541,1410,0,3541
2024-04-20 21:00:00,14189.787,14197.011,14168.202,14168.202,3528,1410,0,3528
2024-04-20 22:00:00,14168.197,14170.918,14135.11,14156.182,3532,1410,0,3532
2024-04-20 23:00:00,14156.179,14161.012,14125.679,14129.295,3512,1410,0,3512
2024-04-21 00:00:00,14129.292,14165.808,14123.649,14139.704,3528,1410,0,3528
2024-04-21 01:00:00,14139.695,14143.019,14110.641,14113.977,3530,1410,0,3530
2024-04-21 02:00:00,14113.958,14145.09,14104.62,14140.916,3525,1410,0,3525
2024-04-21 03:00:00,14140.901,14174.0,14132.472,14155.991,3516,1410,0,3516
2024-04-21 04:00:00,14155.986,14180.061,14130.094,14162.889,3514,1410,0,3514
2024-04-21 05:00:00,14162.88,14182.301,14142.687,14180.494,3535,1410,0,3535
2024-04-21 06:00:00,14180.477,14230.243,14160.05,14217.343,3534,1410,0,3534
2024-04-21 07:00:00,14217.328,14248.722,14203.279,14236.561,3523,1420,0,3523
2024-04-21 08:00:00,14236.542,14236.542,14205.981,14217.417,3533,1420,0,3533
2024-04-21 09:00:00,14217.407,14251.686,14201.455,14241.858,3526,1420,0,3526
2024-04-21 10:00:00,14241.856,14252.636,14227.436,14247.227,3515,1420,0,3515
2024-04-21 11:00:00,14247.204,14256.381,14230.544,14245.991,3539,1420,0,3539
2024-04-21 12:00:00,14245.982,14264.641,14236.666,14244.686,3533,1420,0,3533
2024-04-21 13:00:00,14244.684,14295.876,14215.299,14288.731,3539,1420,0,3539
2024-04-21 14:00:00,14288.717,14350.286,14287.355,14340.22,3528,1420,0,3528
2024-04-21 15:00:00,14340.205,14363.966,14326.98,14332.795,3540,1430,0,3540
2024-04-21 16:00:00,14332.766,14333.098,14296.209,14296.209,3529,1420,0,3529
2024-04-21 17:00:00,14296.208,14330.531,14288.043,14298.211,3520,1420,0,3520
2024-04-21 18:00:00,14298.201,14315.34,14268.103,14268.103,3531,1420,0,3531
2024-04-21 19:00:00,14268.093,14273.312,14236.292,14273.187,3533,1420,0,3533
2024-04-21 20:00:00,14273.176,14286.204,14249.967,14249.967,3529,1420,0,3529
2024-04-21 21:00:00,14249.949,14249.949,14223.13,14224.607,3530,1420,0,3530
2024-04-21 22:00:00,14224.602,14273.888,14223.398,14265.518,3534,1420,0,3534
2024-04-21 23:00:00,14265.506,14325.515,14247.63,14312.996,3529,1420,0,3529
2024-04-22 00:00:00,14312.99,14314.661,14270.566,14276.095,3543,1420,0,3543
2024-04-22 01:00:00,14276.091,14276.091,14234.92,14234.92,3534,1420,0,3534
2024-04-22 02:00:00,14234.915,14253.65,14222.651,14250.735,3534,1420,0,3534
2024-04-22 03:00:00,14250.716,14271.846,14242.487,14268.009,3546,1420,0,3546
2024-04-22 04:00:00,14267.982,14313.394,14263.868,14299.143,3530,1420,0,3530
2024-04-22 05:00:00,14299.133,14299.133,14256.999,14256.999,3536,1420,0,3536
2024-04-22 06:00:00,14256.98,14256.98,14223.636,14223.636,3526,1420,0,3526
2024-04-22 07:00:00,14223.635,14223.635,14177.535,14177.535,3540,1410,0,3540
2024-04-22 08:00:00,14177.529,14177.529,14144.457,14158.811,3522,1410,0,3522
2024-04-22 09:00:00,14158.801,14158.801,14107.969,14107.969,3529,1410,0,3529
2024-04-22 10:00:00,14107.956,14151.329,14091.767,14148.676,3520,1400,0,3520
2024-04-22 11:00:00,14148.664,14151.542,14116.58,14140.982,3539,1410,0,3539
2024-04-22 12:00:00,14140.968,14151.448,14124.377,14130.329,3523,1410,0,3523
2024-04-22 13:00:00,14130.319,14158.849,14111.807,14145.75,3531,1410,0,3531
2024-04-22 14:00:00,14145.741,14160.685,14123.167,14147.121,3522,1410,0,3522
2024-04-22 15:00:00,14147.11,14147.11,14117.406,14117.406,3527,1410,0,3527
2024-04-22 16:00:00,14117.374,14136.993,14110.53,14121.947,3524,1410,0,3524
2024-04-22 17:00:00,14121.923,14148.852,14116.094,14146.146,3537,1410,0,3537
2024-04-22 18:00:00,14146.134,14184.184,14139.269,14162.35,3529,1410,0,3529
2024-04-22 19:00:00,14162.346,14215.23,14147.459,14198.89,3519,1410,0,3519
2024-04-22 20:00:00,14198.889,14198.889,14157.519,14179.24,3524,1410,0,3524
2024-04-22 21:00:00,14179.231,14198.234,14152.688,14152.688,3536,1410,0,3536
2024-04-22 22:00:00,14152.672,14177.865,14136.736,14159.156,3531,1410,0,3531
2024-04-22 23:00:00,14159.148,14159.148,14123.149,14142.661,3532,1410,0,3532
2024-04-23 00:00:00,14142.66,14149.803,14125.061,14125.061,3537,1410,0,3537
2024-04-23 01:00:00,14125.054,14131.746,14098.358,14110.787,3531,1400,0,3531
2024-04-23 02:00:00,14110.774,14127.841,14099.857,14101.771,3537,1410,0,3537
2024-04-23 03:00:00,14101.767,14149.036,14082.766,14132.425,3521,1400,0,3521
2024-04-23 04:00:00,14132.425,14132.425,14094.916,14094.916,3533,1400,0,3533
2024-04-23 05:00:00,14094.895,14094.895,14054.294,14054.294,3524,1400,0,3524
2024-04-23 06:00:00,14054.287,14121.565,14041.403,14119.941,3532,1400,0,3532
2024-04-23 07:00:00,14119.931,14141.856,14090.54,14139.472,3529,1400,0,3529
2024-04-23 08:00:00,14139.472,14178.259,14129.756,14163.424,3524,1410,0,3524
2024-04-23 09:00:00,14163.401,14210.362,14161.272,14186.08,3519,1410,0,3519
2024-04-23 10:00:00,14186.058,14200.918,14174.23,14174.23,3542,1410,0,3542
2024-04-23 11:00:00,14174.226,14194.926,14173.178,14173.237,3538,1410,0,3538
2024-04-23 12:00:00,14173.226,14184.477,14159.94,14174.995,3529,1410,0,3529
2024-04-23 13:00:00,14174.973,14189.225,14152.721,14166.782,3534,1410,0,3534
2024-04-23 14:00:00,14166.775,14166.775,14133.653,14136.534,3538,1410,0,3538
2024-04-23 15:00:00,14136.517,14186.792,14124.906,14167.465,3527,1410,0,3527
2024-04-23 16:00:00,14167.455,14167.455,14137.091,14141.232,3530,1410,0,3530
2024-04-23 17:00:00,14141.23,14286.25,14138.807,14281.644,3528,1410,0,3528
2024-04-23 18:00:00,14281.621,14296.128,14255.61,14282.403,3520,1420,0,3520
2024-04-23 19:00:00,14282.398,14288.988,14260.65,14275.638,3514,1420,0,3514
2024-04-23 20:00:00,14275.633,14300.114,14254.084,14293.2,3531,1420,0,3531
2024-04-23 21:00:00,14293.156,14315.77,14284.942,14315.525,3523,1420,0,3523
2024-04-23 22:00:00,14315.517,14336.706,14292.055,14336.514,3541,1420,0,3541
2024-04-23 23:00:00,14336.499,14345.752,14312.918,14328.055,3530,1430,0,3530
2024-04-24 00:00:00,14328.019,14375.052,14305.179,14373.561,3521,1430,0,3521
2024-04-24 01:00:00,14373.554,14386.452,14359.634,14371.383,3538,1430,0,3538
2024-04-24 02:00:00,14371.378,14404.431,14369.883,14390.461,3535,1430,0,3535
2024-04-24 03:00:00,14390.441,14479.778,14375.954,14463.032,3521,1430,0,3521
2024-04-24 04:00:00,14463.016,14499.049,14432.202,14494.245,3530,1440,0,3530
2024-04-24 05:00:00,14494.214,14516.294,14472.574,14514.204,3537,1440,0,3537
2024-04-24 06:00:00,14514.194,14571.634,14512.923,14569.346,3539,1450,0,3539
2024-04-24 07:00:00,14569.345,14569.345,14540.121,14541.067,3534,1450,0,3534
2024-04-24 08:00:00,14541.052,14607.373,14532.583,14602.039,3529,1450,0,3529
2024-04-24 09:00:00,14602.018,14610.272,14577.95,14577.95,3526,1450,0,3526
2024-04-24 10:00:00,14577.929,14577.929,14546.85,14562.922,3530,1450,0,3530
2024-04-24 11:00:00,14562.907,14577.316,14552.659,14552.659,3518,1450,0,3518
2024-04-24 12:00:00,14552.655,14601.654,14551.677,14562.384,3537,1450,0,3537
2024-04-24 13:00:00,14562.36,14580.39,14537.52,14537.52,3526,1450,0,3526
2024-04-24 14:00:00,14537.498,14573.074,14520.809,14572.471,3531,1450,0,3531
2024-04-24 15:00:00,14572.456,14581.238,14537.667,14576.83,3550,1450,0,3550
2024-04-24 16:00:00,14576.799,14637.597,14566.462,14622.956,3527,1450,0,3527
2024-04-24 17:00:00,14622.937,14622.937,14580.859,14602.533,3518,1450,0,3518
2024-04-24 18:00:00,14602.528,14608.659,14577.796,14580.195,3535,1450,0,3535
2024-04-24 19:00:00,14580.185,14672.844,14575.775,14667.417,3525,1450,0,3525
2024-04-24 20:00:00,14667.388,14691.869,14661.288,14664.835,3550,1460,0,3550
2024-04-24 21:00:00,14664.815,14666.379,14635.188,14643.824,3534,1460,0,3534
2024-04-24 22:00:00,14643.794,14646.315,14623.002,14623.645,3537,1460,0,3537
2024-04-24 23:00:00,14623.634,14685.689,14619.052,14651.848,3542,1460,0,3542
2024-04-25 00:00:00,14651.839,14663.043,14611.886,14655.965,3535,1460,0,3535
2024-04-25 01:00:00,14655.959,14674.357,14639.072,14653.736,3522,1460,0,3522
2024-04-25 02:00:00,14653.73,14656.457,14620.837,14620.837,3520,1460,0,3520
2024-04-25 03:00:00,14620.826,14661.631,14619.783,14641.227,3541,1460,0,3541
2024-04-25 04:00:00,14641.208,14651.632,14622.169,14637.727,3533,1460,0,3533
2024-04-25 05:00:00,14637.725,14651.334,14615.052,14630.081,3534,1460,0,3534
2024-04-25 06:00:00,14630.072,14690.588,14610.607,14687.152,3531,1460,0,3531
2024-04-25 07:00:00,14687.123,14723.61,14678.77,14713.929,3539,1460,0,3539
2024-04-25 08:00:00,14713.921,14722.808,14687.641,14687.641,3522,1460,0,3522
2024-04-25 09:00:00,14687.634,14750.634,14685.051,14738.839,3532,1460,0,3532
2024-04-25 10:00:00,14738.813,14762.483,14723.515,14740.707,3545,1470,0,3545
2024-04-25 11:00:00,14740.706,14805.801,14730.337,14789.956,3532,1470,0,3532
2024-04-25 12:00:00,14789.953,14860.878,14781.975,14860.352,3533,1470,0,3533
2024-04-25 13:00:00,14860.331,14861.433,14829.427,14836.954,3547,1480,0,3547
2024-04-25 14:00:00,14836.947,14847.374,14817.285,14820.411,3530,1480,0,3530
2024-04-25 15:00:00,14820.389,14833.668,14804.705,14823.088,3532,1480,0,3532
2024-04-25 16:00:00,14823.081,14823.081,14798.026,14798.026,3526,1470,0,3526
2024-04-25 17:00:00,14798.006,14798.006,14747.312,14748.906,3539,1470,0,3539
2024-04-25 18:00:00,14748.885,14754.537,14724.954,14724.954,3524,1470,0,3524
2024-04-25 19:00:00,14724.944,14724.944,14679.677,14689.926,3525,1460,0,3525
2024-04-25 20:00:00,14689.904,14706.102,14680.628,14704.27,3529,1460,0,3529
2024-04-25 21:00:00,14704.262,14704.262,14653.632,14653.632,3540,1460,0,3540
2024-04-25 22:00:00,14653.627,14653.627,14606.898,14607.729,3531,1460,0,3531
2024-04-25 23:00:00,14607.716,14642.513,14584.669,14634.758,3522,1450,0,3522
2024-04-26 00:00:00,14634.727,14645.55,14610.809,14624.485,3533,1460,0,3533
2024-04-26 01:00:00,14624.479,14682.818,14611.425,14679.796,3528,1460,0,3528
2024-04-26 02:00:00,14679.779,14679.779,14650.456,14650.456,3515,1460,0,3515
2024-04-26 03:00:00,14650.445,14663.466,14634.424,14642.063,3524,1460,0,3524
2024-04-26 04:00:00,14642.05,14642.05,14594.649,14594.649,3543,1450,0,3543
2024-04-26 05:00:00,14594.62,14594.62,14558.312,14558.312,3525,1450,0,3525
2024-04-26 06:00:00,14558.306,14588.167,14545.115,14545.115,3523,1450,0,3523
2024-04-26 07:00:00,14545.108,14552.236,14517.481,14538.214,3532,1450,0,3532
2024-04-26 08:00:00,14538.209,14564.993,14527.666,14544.136,3538,1450,0,3538
2024-04-26 09:00:00,14544.127,14553.799,14525.567,14539.856,3521,1450,0,3521
2024-04-26 10:00:00,14539.848,14551.026,14525.245,14525.245,3517,1450,0,3517
2024-04-26 11:00:00,14525.243,14584.106,14517.768,14580.689,3528,1450,0,3528
2024-04-26 12:00:00,14580.682,14605.592,14578.165,14579.836,3538,1450,0,3538
2024-04-26 13:00:00,14579.814,14592.577,14554.216,14582.637,3529,1450,0,3529
2024-04-26 14:00:00,14582.629,14582.629,14552.179,14552.179,3527,1450,0,3527
2024-04-26 15:00:00,14552.15,14590.618,14537.879,14568.16,3542,1450,0,3542
2024-04-26 16:00:00,14568.149,14699.154,14555.731,14697.237,3519,1450,0,3519
2024-04-26 17:00:00,14697.219,14703.799,14669.948,14689.831,3531,1460,0,3531
2024-04-26 18:00:00,14689.814,14710.525,14683.079,14686.94,3529,1460,0,3529
2024-04-26 19:00:00,14686.935,14690.089,14645.924,14645.924,3535,1460,0,3535
2024-04-26 20:00:00,14645.877,14645.877,14607.885,14629.753,3532,1460,0,3532
2024-04-26 21:00:00,14629.732,14651.309,14598.362,14645.672,3518,1460,0,3518
2024-04-26 22:00:00,14645.668,14645.668,14625.75,14626.223,3540,1460,0,3540
2024-04-26 23:00:00,14626.209,14643.223,14609.976,14620.489,3538,1460,0,3538
2024-04-27 00:00:00,14620.482,14620.482,14584.982,14589.307,3528,1450,0,3528
2024-04-27 01:00:00,14589.305,14616.429,14585.099,14600.055,3538,1450,0,3538
2024-04-27 02:00:00,14600.009,14600.009,14577.157,14584.78,3532,1450,0,3532
2024-04-27 03:00:00,14584.769,14584.769,14532.606,14532.606,3539,1450,0,3539
2024-04-27 04:00:00,14532.584,14562.415,14488.142,14558.375,3525,1440,0,3525
2024-04-27 05:00:00,14558.353,14561.658,14531.804,14541.24,3531,1450,0,3531
2024-04-27 06:00:00,14541.235,14558.729,14524.545,14540.384,3538,1450,0,3538
2024-04-27 07:00:00,14540.38,14568.04,14515.539,14554.171,3536,1450,0,3536
2024-04-27 08:00:00,14554.146,14567.217,14531.857,14531.857,3528,1450,0,3528
2024-04-27 09:00:00,14531.85,14542.294,14515.543,14515.543,3532,1450,0,3532
2024-04-27 10:00:00,14515.528,14565.592,14493.098,14545.966,3525,1440,0,3525
2024-04-27 11:00:00,14545.943,14628.903,14544.322,14622.675,3529,1450,0,3529
2024-04-27 12:00:00,14622.667,14634.853,14601.603,14623.812,3533,1460,0,3533
2024-04-27 13:00:00,14623.796,14623.796,14578.594,14578.594,3534,1450,0,3534
2024-04-27 14:00:00,14578.58,14578.58,14543.803,14555.964,3526,1450,0,3526
2024-04-27 15:00:00,14555.931,14555.931,14503.58,14503.58,3531,1450,0,3531
2024-04-27 16:00:00,14503.574,14584.49,14499.761,14561.62,3533,1450,0,3533
2024-04-27 17:00:00,14561.608,14585.039,14550.498,14574.661,3529,1450,0,3529
2024-04-27 18:00:00,14574.631,14576.684,14541.678,14541.678,3538,1450,0,3538
2024-04-27 19:00:00,14541.659,14565.942,14529.495,14540.374,3537,1450,0,3537
2024-04-27 20:00:00,14540.372,14606.149,14540.164,14591.768,3542,1450,0,3542
2024-04-27 21:00:00,14591.742,14625.615,14580.493,14607.353,3532,1450,0,3532
2024-04-27 22:00:00,14607.326,14657.563,14578.794,14644.074,3522,1450,0,3522
2024-04-27 23:00:00,14644.06,14684.448,14635.949,14646.62,3526,1460,0,3526
2024-04-28 00:00:00,14646.611,14686.313,14640.492,14682.988,3541,1460,0,3541
2024-04-28 01:00:00,14682.978,14686.365,14645.857,14645.857,3527,1460,0,3527
2024-04-28 02:00:00,14645.828,14645.828,14603.488,14615.373,3521,1460,0,3521
2024-04-28 03:00:00,14615.363,14669.413,14611.486,14647.506,3541,1460,0,3541
2024-04-28 04:00:00,14647.467,14675.499,14641.58,14653.767,3511,1460,0,3511
2024-04-28 05:00:00,14653.753,14663.969,14631.07,14631.07,3536,1460,0,3536
2024-04-28 06:00:00,14631.06,14640.039,14600.725,14600.725,3511,1460,0,3511
2024-04-28 07:00:00,14600.708,14600.708,14559.604,14564.157,3524,1450,0,3524
2024-04-28 08:00:00,14564.129,14570.31,14539.488,14557.473,3533,1450,0,3533
2024-04-28 09:00:00,14557.473,14581.91,14551.125,14563.695,3522,1450,0,3522
2024-04-28 10:00:00,14563.69,14594.849,14553.028,14591.934,3539,1450,0,3539
2024-04-28 11:00:00,14591.929,14604.582,14583.969,14585.417,3534,1450,0,3534
2024-04-28 12:00:00,14585.395,14721.656,14580.697,14718.903,3516,1450,0,3516
2024-04-28 13:00:00,14718.88,14777.898,14705.876,14768.64,3544,1470,0,3544
2024-04-28 14:00:00,14768.636,14810.355,14759.552,14784.549,3528,1470,0,3528
2024-04-28 15:00:00,14784.53,14861.315,14782.953,14851.04,3518,1470,0,3518
2024-04-28 16:00:00,14851.031,14851.031,14807.151,14807.151,3525,1480,0,3525
2024-04-28 17:00:00,14807.124,14862.303,14802.854,14827.442,3547,1480,0,3547
2024-04-28 18:00:00,14827.4,14828.348,14794.771,14821.888,3523,1470,0,3523
2024-04-28 19:00:00,14821.877,14853.693,14799.994,14852.096,3534,1480,0,3534
2024-04-28 20:00:00,14852.064,14912.663,14833.653,14895.266,3528,1480,0,3528
2024-04-28 21:00:00,14895.258,14917.334,14882.367,14895.56,3530,1480,0,3530
2024-04-28 22:00:00,14895.542,14911.532,14879.26,14879.26,3535,1480,0,3535
2024-04-28 23:00:00,14879.254,14907.526,14853.366,14904.059,3529,1480,0,3529
2024-04-29 00:00:00,14904.035,14933.93,14892.134,14920.401,3530,1480,0,3530
2024-04-29 01:00:00,14920.392,14942.536,14901.646,14901.646,3526,1490,0,3526
2024-04-29 02:00:00,14901.638,14927.315,14892.047,14897.415,3532,1480,0,3532
2024-04-29 03:00:00,14897.415,14906.572,14884.582,14903.149,3527,1480,0,3527
2024-04-29 04:00:00,14903.13,14903.13,14867.091,14885.058,3538,1480,0,3538
2024-04-29 05:00:00,14885.044,14899.986,14862.173,14862.173,3530,1480,0,3530
2024-04-29 06:00:00,14862.172,14866.313,14844.266,14864.26,3532,1480,0,3532
2024-04-29 07:00:00,14864.24,14932.428,14861.903,14893.238,3524,1480,0,3524
2024-04-29 08:00:00,14893.22,14893.22,14860.652,14860.652,3533,1480,0,3533
2024-04-29 09:00:00,14871.782,14871.782,14829.166,14829.166,3550,1480,0,3550
2024-04-29 10:00:00,14829.154,14829.154,14800.085,14807.797,3538,1480,0,3538
2024-04-29 11:00:00,14807.789,14815.586,14773.584,14793.907,3535,1470,0,3535
2024-04-29 12:00:00,14793.882,14793.882,14768.097,14768.097,3544,1470,0,3544
2024-04-29 13:00:00,14768.079,14787.088,14746.477,14746.477,3525,1470,0,3525
2024-04-29 14:00:00,14746.441,14746.441,14693.704,14693.704,3535,1460,0,3535
2024-04-29 15:00:00,14693.674,14760.057,14682.154,14756.444,3539,1460,0,3539
2024-04-29 16:00:00,14756.418,14775.878,14740.393,14746.12,3527,1470,0,3527
2024-04-29 17:00:00,14746.102,14802.981,14733.148,14800.221,3544,1470,0,3544
2024-04-29 18:00:00,14800.208,14812.468,14766.582,14793.072,3546,1470,0,3546
2024-04-29 19:00:00,14793.056,14820.653,14786.11,14786.11,3539,1470,0,3539
2024-04-29 20:00:00,14786.097,14836.347,14776.162,14829.014,3544,1470,0,3544
2024-04-29 21:00:00,14829.002,14835.504,14793.136,14822.122,3522,1470,0,3522
2024-04-29 22:00:00,14822.118,14828.242,14808.545,14808.545,3528,1480,0,3528
2024-04-29 23:00:00,14808.531,14808.932,14778.819,14778.819,3535,1470,0,3535
2024-04-30 00:00:00,14778.794,14786.795,14767.499,14770.175,3535,1470,0,3535
2024-04-30 01:00:00,14770.152,14821.142,14769.536,14787.816,3539,1470,0,3539
2024-04-30 02:00:00,14787.804,14787.804,14761.693,14777.671,3540,1470,0,3540
2024-04-30 03:00:00,14777.648,14822.411,14769.619,14804.246,3539,1470,0,3539
2024-04-30 04:00:00,14804.24,14830.386,14785.017,14829.119,3539,1470,0,3539
2024-04-30 05:00:00,14829.102,14860.269,14819.095,14833.8,3530,1480,0,3530
2024-04-30 06:00:00,14833.771,14875.716,14810.35,14869.166,3526,1480,0,3526
2024-04-30 07:00:00,14869.149,14869.149,14815.611,14815.611,3548,1480,0,3548
2024-04-30 08:00:00,14815.608,14832.381,14796.347,14796.347,3537,1470,0,3537
2024-04-30 09:00:00,14796.345,14837.268,14791.984,14802.258,3535,1470,0,3535
2024-04-30 10:00:00,14802.256,14817.708,14775.569,14775.569,3536,1470,0,3536
2024-04-30 11:00:00,14775.553,14775.553,14746.311,14751.193,3526,1470,0,3526
2024-04-30 12:00:00,14751.189,14757.478,14714.616,14714.616,3522,1470,0,3522
2024-04-30 13:00:00,14714.597,14714.597,14676.054,14676.054,3530,1460,0,3530
2024-04-30 14:00:00,14676.036,14740.19,14664.35,14729.585,3525,1460,0,3525
2024-04-30 15:00:00,14729.568,14729.568,14677.372,14677.372,3526,1460,0,3526
2024-04-30 16:00:00,14677.354,14691.162,14667.889,14676.443,3535,1460,0,3535
2024-04-30 17:00:00,14676.429,14686.248,14642.563,14642.563,3525,1460,0,3525
2024-04-30 18:00:00,14642.545,14792.436,14638.745,14785.549,3529,1460,0,3529
2024-04-30 19:00:00,14785.547,14798.326,14756.863,14756.863,3534,1470,0,3534
2024-04-30 20:00:00,14756.856,14783.38,14741.015,14741.015,3530,1470,0,3530
2024-04-30 21:00:00,14740.99,14769.634,14720.236,14767.003,3531,1470,0,3531
2024-04-30 22:00:00,14766.999,14790.84,14752.884,14762.868,3534,1470,0,3534
2024-04-30 23:00:00,14762.864,14828.35,14754.237,14813.182,3529,1470,0,3529
2024-05-01 00:00:00,14813.167,14843.62,14791.739,14791.739,3530,1470,0,3530
2024-05-01 01:00:00,14791.734,14797.224,14757.105,14788.3,3505,1470,0,3505
2024-05-01 02:00:00,14788.286,14809.687,14774.126,14785.694,3526,1470,0,3526
2024-05-01 03:00:00,14785.651,14786.251,14742.123,14742.123,3517,1470,0,3517
2024-05-01 04:00:00,14742.12,14742.12,14706.704,14706.704,3539,1470,0,3539
2024-05-01 05:00:00,14706.696,14716.651,14678.089,14678.089,3536,1460,0,3536
2024-05-01 06:00:00,14678.071,14694.31,14663.233,14673.011,3534,1460,0,3534
2024-05-01 07:00:00,14673.009,14697.479,14655.417,14661.613,3535,1460,0,3535
2024-05-01 08:00:00,14661.598,14698.947,14647.951,14669.38,3541,1460,0,3541
2024-05-01 09:00:00,14669.371,14680.997,14655.904,14661.929,3529,1460,0,3529
2024-05-01 10:00:00,14661.926,14670.061,14630.095,14633.871,3546,1460,0,3546
2024-05-01 11:00:00,14633.87,14702.832,14628.535,14702.312,3528,1460,0,3528
2024-05-01 12:00:00,14702.302,14714.476,14669.432,14696.082,3534,1460,0,3534
2024-05-01 13:00:00,14696.073,14731.212,14673.204,14730.662,3533,1460,0,3533
2024-05-01 14:00:00,14730.66,14762.625,14725.715,14727.242,3542,1470,0,3542
2024-05-01 15:00:00,14727.208,14752.194,14708.301,14745.644,3524,1470,0,3524
2024-05-01 16:00:00,14745.633,14745.633,14697.568,14697.568,3524,1460,0,3524
2024-05-01 17:00:00,14697.549,14697.549,14655.546,14655.546,3538,1460,0,3538
2024-05-01 18:00:00,14655.524,14659.898,14633.535,14640.252,3525,1460,0,3525
2024-05-01 19:00:00,14640.233,14640.233,14598.443,14598.443,3530,1450,0,3530
2024-05-01 20:00:00,14598.416,14598.416,14556.786,14582.279,3534,1450,0,3534
2024-05-01 21:00:00,14582.269,14587.895,14557.707,14579.26,3536,1450,0,3536
2024-05-01 22:00:00,14579.247,14579.247,14539.927,14539.927,3528,1450,0,3528
2024-05-01 23:00:00,14539.922,14598.548,14533.244,14594.076,3507,1450,0,3507
2024-05-02 00:00:00,14594.073,14594.073,14563.966,14586.67,3527,1450,0,3527
2024-05-02 01:00:00,14586.656,14649.336,14586.343,14616.019,3524,1450,0,3524
2024-05-02 02:00:00,14615.993,14646.541,14603.32,14635.187,3527,1460,0,3527
2024-05-02 03:00:00,14635.185,14649.267,14607.974,14607.974,3518,1460,0,3518
2024-05-02 04:00:00,14607.949,14607.949,14561.6,14561.6,3543,1450,0,3543
2024-05-02 05:00:00,14561.596,14632.102,14556.954,14607.161,3538,1450,0,3538
2024-05-02 06:00:00,14607.148,14607.148,14567.83,14567.83,3531,1450,0,3531
2024-05-02 07:00:00,14567.819,14567.819,14532.69,14555.389,3528,1450,0,3528
2024-05-02 08:00:00,14555.386,14565.912,14524.121,14558.494,3529,1450,0,3529
2024-05-02 09:00:00,14558.477,14558.477,14509.926,14509.926,3544,1450,0,3544
2024-05-02 10:00:00,14509.918,14515.853,14487.873,14491.493,3530,1440,0,3530
2024-05-02 11:00:00,14491.49,14491.49,14442.079,14468.757,3526,1440,0,3526
2024-05-02 12:00:00,14468.736,14475.419,14451.507,14455.594,3526,1440,0,3526
2024-05-02 13:00:00,14455.566,14479.315,14444.499,14461.768,3535,1440,0,3535
2024-05-02 14:00:00,14461.761,14461.761,14431.64,14448.587,3525,1440,0,3525
2024-05-02 15:00:00,14448.561,14448.561,14414.812,14414.812,3533,1440,0,3533
2024-05-02 16:00:00,14414.8,14415.701,14384.529,14411.163,3524,1430,0,3524
2024-05-02 17:00:00,14411.142,14427.539,14386.635,14402.432,3526,1430,0,3526
2024-05-02 18:00:00,14402.419,14402.419,14367.264,14392.403,3537,1430,0,3537
2024-05-02 19:00:00,14392.401,14542.137,14390.714,14526.406,3539,1430,0,3539
2024-05-02 20:00:00,14526.386,14572.173,14523.239,14560.923,3533,1450,0,3533
2024-05-02 21:00:00,14560.895,14660.28,14558.13,14643.75,3534,1450,0,3534
2024-05-02 22:00:00,14643.727,14663.267,14631.768,14663.02,3529,1460,0,3529
2024-05-02 23:00:00,14662.996,14670.026,14641.406,14666.411,3531,1460,0,3531
2024-05-03 00:00:00,14666.382,14754.685,14659.044,14742.543,3539,1460,0,3539
2024-05-03 01:00:00,14742.534,14794.134,14738.045,14770.795,3541,1470,0,3541
2024-05-03 02:00:00,14770.783,14770.783,14720.835,14720.835,3539,1470,0,3539
2024-05-03 03:00:00,14720.811,14720.811,14667.333,14667.333,3534,1460,0,3534
2024-05-03 04:00:00,14667.313,14711.804,14666.847,14678.866,3541,1460,0,3541
2024-05-03 05:00:00,14678.852,14694.611,14670.779,14674.703,3526,1460,0,3526
2024-05-03 06:00:00,14674.703,14674.703,14641.982,14664.55,3534,1460,0,3534
2024-05-03 07:00:00,14664.54,14676.101,14637.533,14647.843,3520,1460,0,3520
2024-05-03 08:00:00,14647.809,14685.812,14641.058,14677.75,3528,1460,0,3528
2024-05-03 09:00:00,14677.735,14684.705,14649.609,14670.147,3504,1460,0,3504
2024-05-03 10:00:00,14670.114,14693.938,14646.364,14651.102,3528,1460,0,3528
2024-05-03 11:00:00,14651.075,14659.127,14629.832,14629.832,3529,1460,0,3529
2024-05-03 12:00:00,14629.827,14629.827,14580.064,14597.954,3532,1450,0,3532
2024-05-03 13:00:00,14597.949,14625.464,14592.042,14599.905,3538,1450,0,3538
2024-05-03 14:00:00,14599.894,14599.894,14564.503,14564.503,3527,1450,0,3527
2024-05-03 15:00:00,14564.489,14564.489,14529.806,14551.701,3526,1450,0,3526
2024-05-03 16:00:00,14551.691,14599.211,14546.187,14595.228,3521,1450,0,3521
2024-05-03 17:00:00,14595.223,14612.826,14588.545,14588.545,3529,1450,0,3529
2024-05-03 18:00:00,14588.533,14588.533,14549.608,14549.608,3532,1450,0,3532
2024-05-03 19:00:00,14549.596,14549.596,14505.947,14517.039,3524,1450,0,3524
2024-05-03 20:00:00,14517.027,14517.027,14465.758,14465.758,3535,1440,0,3535
2024-05-03 21:00:00,14465.75,14465.75,14413.178,14413.178,3529,1440,0,3529
2024-05-03 22:00:00,14413.159,14425.424,14393.336,14417.077,3522,1430,0,3522
2024-05-03 23:00:00,14417.074,14434.332,14401.56,14431.419,3531,1440,0,3531
2024-05-04 00:00:00,14431.408,14553.021,14419.685,14552.776,3537,1440,0,3537
2024-05-04 01:00:00,14552.756,14576.648,14546.397,14546.397,3532,1450,0,3532
2024-05-04 02:00:00,14546.361,14584.06,14536.337,14581.204,3534,1450,0,3534
2024-05-04 03:00:00,14581.199,14604.744,14567.178,14595.609,3549,1450,0,3549
2024-05-04 04:00:00,14595.592,14614.059,14573.392,14605.108,3537,1450,0,3537
2024-05-04 05:00:00,14605.089,14652.528,14588.663,14643.337,3521,1450,0,3521
2024-05-04 06:00:00,14643.305,14692.59,14637.724,14685.276,3519,1460,0,3519
2024-05-04 07:00:00,14685.275,14715.732,14673.687,14715.002,3537,1460,0,3537
2024-05-04 08:00:00,14714.98,14714.98,14688.68,14697.444,3523,1460,0,3523
2024-05-04 09:00:00,14697.412,14697.412,14653.628,14653.628,3542,1460,0,3542
2024-05-04 10:00:00,14653.615,14666.031,14630.253,14653.11,3531,1460,0,3531
2024-05-04 11:00:00,14653.106,14657.514,14633.086,14646.037,3537,1460,0,3537
2024-05-04 12:00:00,14646.01,14651.592,14629.32,14647.022,3527,1460,0,3527
2024-05-04 13:00:00,14647.019,14705.206,14634.371,14700.556,3513,1460,0,3513
2024-05-04 14:00:00,14700.547,14745.251,14697.204,14726.719,3531,1460,0,3531
2024-05-04 15:00:00,14726.714,14731.423,14712.021,14720.185,3528,1470,0,3528
2024-05-04 16:00:00,14720.184,14826.321,14711.275,14810.261,3532,1470,0,3532
2024-05-04 17:00:00,14810.238,14827.559,14794.012,14819.942,3529,1470,0,3529
2024-05-04 18:00:00,14819.931,14831.931,14799.632,14799.632,3538,1480,0,3538
2024-05-04 19:00:00,14799.613,14860.669,14788.266,14854.438,3540,1470,0,3540
2024-05-04 20:00:00,14854.42,14950.069,14853.895,14939.052,3535,1480,0,3535
2024-05-04 21:00:00,14939.051,14954.272,14904.842,14904.842,3531,1490,0,3531
2024-05-04 22:00:00,14904.814,14904.814,14865.159,14875.993,3536,1480,0,3536
2024-05-04 23:00:00,14875.977,14888.559,14850.865,14850.865,3525,1480,0,3525
2024-05-05 00:00:00,14850.849,14868.878,14834.051,14863.406,3537,1480,0,3537
2024-05-05 01:00:00,14863.385,14863.385,14837.87,14839.549,3537,1480,0,3537
2024-05-05 02:00:00,14839.536,14861.711,14836.244,14847.577,3537,1480,0,3537
2024-05-05 03:00:00,14847.569,14847.569,14804.666,14804.666,3533,1480,0,3533
2024-05-05 04:00:00,14804.64,14839.377,14775.606,14838.804,3531,1470,0,3531
2024-05-05 05:00:00,14838.798,14875.853,14835.396,14858.938,3537,1480,0,3537
2024-05-05 06:00:00,14858.922,14894.461,14853.798,14857.688,3546,1480,0,3546
2024-05-05 07:00:00,14857.673,14909.377,14850.162,14883.812,3523,1480,0,3523
2024-05-05 08:00:00,14883.798,14988.01,14873.45,14985.743,3548,1480,0,3548
2024-05-05 09:00:00,14985.705,15015.273,14978.535,15009.113,3542,1490,0,3542
2024-05-05 10:00:00,15009.088,15009.088,14978.671,14984.492,3526,1490,0,3526
2024-05-05 11:00:00,14984.475,14997.396,14963.861,14978.021,3540,1490,0,3540
2024-05-05 12:00:00,14978.011,15001.23,14960.856,14962.503,3544,1490,0,3544
2024-05-05 13:00:00,14962.501,14962.501,14928.459,14928.459,3544,1490,0,3544
2024-05-05 14:00:00,14928.433,15012.451,14927.154,14975.247,3531,1490,0,3531
2024-05-05 15:00:00,14975.224,15010.494,14948.015,14988.179,3528,1490,0,3528
2024-05-05 16:00:00,14988.162,15017.071,14979.351,14979.351,3541,1490,0,3541
2024-05-05 17:00:00,14979.316,15009.04,14965.857,15008.701,3532,1490,0,3532
2024-05-05 18:00:00,15008.691,15067.788,15005.928,15034.009,3532,1500,0,3532
2024-05-05 19:00:00,15033.997,15093.829,15023.399,15090.468,3529,1500,0,3529
2024-05-05 20:00:00,15090.462,15094.35,15064.132,15074.028,3528,1500,0,3528
2024-05-05 21:00:00,15074.013,15074.013,15040.85,15040.85,3529,1500,0,3529
2024-05-05 22:00:00,15040.818,15100.387,15033.616,15096.163,3541,1500,0,3541
2024-05-05 23:00:00,15096.159,15103.94,15060.134,15091.408,3551,1500,0,3551
2024-05-06 00:00:00,15091.383,15091.383,15036.345,15036.345,3520,1500,0,3520
2024-05-06 01:00:00,15036.335,15036.335,14988.919,14988.919,3525,1490,0,3525
2024-05-06 02:00:00,14988.912,15066.003,14987.383,15040.804,3496,1490,0,3496
2024-05-06 03:00:00,15040.789,15070.107,15032.362,15059.508,3525,1500,0,3525
2024-05-06 04:00:00,15059.475,15097.278,15033.916,15086.095,3528,1500,0,3528
2024-05-06 05:00:00,15086.07,15145.588,15084.235,15126.338,3535,1500,0,3535
2024-05-06 06:00:00,15126.331,15128.554,15086.317,15103.488,3528,1500,0,3528
2024-05-06 07:00:00,15103.483,15118.824,15093.478,15104.196,3535,1500,0,3535
2024-05-06 08:00:00,15104.165,15126.798,15102.681,15104.304,3543,1510,0,3543
2024-05-06 09:00:00,15104.292,15106.387,15073.985,15089.597,3522,1500,0,3522
2024-05-06 10:00:00,15089.597,15100.63,15069.347,15069.347,3531,1500,0,3531
2024-05-06 11:00:00,15069.338,15088.762,15060.432,15068.275,3528,1500,0,3528
2024-05-06 12:00:00,15068.26,15095.956,15052.693,15083.814,3505,1500,0,3505
2024-05-06 13:00:00,15083.806,15163.611,15076.051,15154.419,3546,1500,0,3546
2024-05-06 14:00:00,15154.398,15154.398,15106.826,15110.771,3526,1510,0,3526
2024-05-06 15:00:00,15110.764,15209.205,15107.249,15175.308,3542,1510,0,3542
2024-05-06 16:00:00,15175.276,15221.936,15173.148,15194.24,3534,1510,0,3534
2024-05-06 17:00:00,15194.235,15228.702,15177.678,15219.181,3528,1510,0,3528
2024-05-06 18:00:00,15219.181,15241.525,15207.457,15218.45,3526,1520,0,3526
2024-05-06 19:00:00,15218.425,15226.589,15189.868,15189.868,3541,1510,0,3541
2024-05-06 20:00:00,15189.855,15236.242,15172.218,15219.936,3526,1510,0,3526
2024-05-06 21:00:00,15219.918,15219.918,15178.777,15178.777,3550,1510,0,3550
2024-05-06 22:00:00,15178.77,15252.438,15170.802,15235.815,3536,1510,0,3536
2024-05-06 23:00:00,15235.778,15240.03,15209.475,15217.721,3529,1520,0,3529
2024-05-07 00:00:00,15217.708,15219.614,15193.863,15201.018,3540,1510,0,3540
2024-05-07 01:00:00,15200.982,15256.593,15197.273,15241.271,3533,1510,0,3533
2024-05-07 02:00:00,15241.267,15263.288,15229.315,15250.513,3529,1520,0,3529
2024-05-07 03:00:00,15250.497,15266.784,15222.788,15235.882,3519,1520,0,3519
2024-05-07 04:00:00,15235.871,15267.995,15234.051,15237.535,3541,1520,0,3541
2024-05-07 05:00:00,15237.509,15242.893,15193.729,15193.729,3529,1510,0,3529
2024-05-07 06:00:00,15193.723,15197.294,15169.655,15183.87,3528,1510,0,3528
2024-05-07 07:00:00,15183.853,15183.853,15140.006,15144.875,3535,1510,0,3535
2024-05-07 08:00:00,15144.858,15164.794,15119.938,15156.529,3540,1510,0,3540
2024-05-07 09:00:00,15156.504,15193.376,15147.525,15165.983,3521,1510,0,3521
2024-05-07 10:00:00,15165.951,15184.729,15153.384,15170.707,3539,1510,0,3539
2024-05-07 11:00:00,15170.674,15207.92,15158.436,15206.854,3540,1510,0,3540
2024-05-07 12:00:00,15206.844,15207.651,15175.261,15175.261,3532,1510,0,3532
2024-05-07 13:00:00,15175.223,15221.537,15164.982,15211.815,3534,1510,0,3534
2024-05-07 14:00:00,15211.778,15214.467,15187.793,15199.958,3544,1510,0,3544
2024-05-07 15:00:00,15199.93,15218.351,15171.782,15217.034,3544,1510,0,3544
2024-05-07 16:00:00,15217.024,15292.049,15209.407,15249.757,3528,1520,0,3528
2024-05-07 17:00:00,15249.728,15267.931,15230.184,15261.224,3533,1520,0,3533
2024-05-07 18:00:00,15261.222,15268.071,15238.23,15238.23,3541,1520,0,3541
2024-05-07 19:00:00,15238.228,15259.664,15226.696,15226.696,3536,1520,0,3536
2024-05-07 20:00:00,15226.692,15269.495,15198.892,15267.731,3538,1520,0,3538
2024-05-07 21:00:00,15267.73,15267.73,15228.28,15245.897,3531,1520,0,3531
2024-05-07 22:00:00,15245.872,15245.872,15202.224,15210.578,3536,1520,0,3536
2024-05-07 23:00:00,15210.556,15259.811,15194.451,15257.347,3528,1510,0,3528
2024-05-08 00:00:00,15257.324,15346.274,15255.494,15332.865,3537,1520,0,3537
2024-05-08 01:00:00,15332.856,15345.113,15316.253,15316.253,3529,1530,0,3529
2024-05-08 02:00:00,15316.244,15332.347,15277.255,15277.255,3536,1520,0,3536
2024-05-08 03:00:00,15277.247,15322.967,15275.684,15309.906,3524,1520,0,3524
2024-05-08 04:00:00,15309.905,15351.272,15301.668,15331.748,3540,1530,0,3540
2024-05-08 05:00:00,15331.734,15333.658,15295.391,15319.971,3536,1520,0,3536
2024-05-08 06:00:00,15319.935,15354.936,15305.13,15347.495,3543,1530,0,3543
2024-05-08 07:00:00,15347.476,15355.606,15323.909,15342.293,3531,1530,0,3531
2024-05-08 08:00:00,15342.286,15369.114,15323.26,15366.274,3548,1530,0,3548
2024-05-08 09:00:00,15366.236,15366.236,15314.541,15344.788,3526,1530,0,3526
2024-05-08 10:00:00,15344.785,15405.508,15331.1,15394.712,3524,1530,0,3524
2024-05-08 11:00:00,15394.687,15437.588,15377.582,15412.639,3537,1530,0,3537
2024-05-08 12:00:00,15412.634,15431.073,15395.268,15424.841,3539,1530,0,3539
2024-05-08 13:00:00,15424.837,15424.837,15382.922,15383.694,3515,1530,0,3515
2024-05-08 14:00:00,15383.672,15429.803,15353.621,15428.553,3522,1530,0,3522
2024-05-08 15:00:00,15428.528,15451.431,15393.589,15443.3,3542,1530,0,3542
2024-05-08 16:00:00,15443.296,15467.122,15411.182,15460.091,3535,1540,0,3535
2024-05-08 17:00:00,15460.07,15493.325,15449.085,15456.029,3522,1540,0,3522
2024-05-08 18:00:00,15456.007,15456.007,15401.431,15401.431,3531,1540,0,3531
2024-05-08 19:00:00,15401.427,15445.424,15398.326,15419.279,3529,1530,0,3529
2024-05-08 20:00:00,15419.25,15419.25,15376.262,15380.591,3540,1530,0,3540
2024-05-08 21:00:00,15380.583,15392.533,15343.829,15343.829,3546,1530,0,3546
2024-05-08 22:00:00,15343.822,15388.718,15343.336,15358.242,3538,1530,0,3538
2024-05-08 23:00:00,15358.233,15358.233,15302.985,15302.985,3542,1530,0,3542
2024-05-09 00:00:00,15302.976,15307.867,15277.806,15289.382,3531,1520,0,3531
2024-05-09 01:00:00,15289.379,15289.379,15234.246,15234.246,3549,1520,0,3549
2024-05-09 02:00:00,15234.217,15234.382,15207.608,15207.741,3518,1520,0,3518
2024-05-09 03:00:00,15207.734,15225.956,15198.991,15202.925,3531,1510,0,3531
2024-05-09 04:00:00,15202.888,15222.57,15176.436,15176.436,3525,1510,0,3525
2024-05-09 05:00:00,15176.428,15214.05,15175.167,15198.227,3529,1510,0,3529
2024-05-09 06:00:00,15198.227,15251.808,15158.102,15250.437,3527,1510,0,3527
2024-05-09 07:00:00,15250.423,15304.212,15235.283,15286.654,3534,1520,0,3534
2024-05-09 08:00:00,15286.632,15306.519,15265.533,15302.575,3533,1520,0,3533
2024-05-09 09:00:00,15302.573,15312.413,15279.834,15279.834,3538,1520,0,3538
2024-05-09 10:00:00,15279.821,15292.459,15255.251,15255.251,3527,1520,0,3527
2024-05-09 11:00:00,15255.229,15267.618,15224.15,15248.201,3542,1520,0,3542
2024-05-09 12:00:00,15248.199,15275.707,15246.01,15271.517,3534,1520,0,3534
2024-05-09 13:00:00,15271.49,15271.49,15246.421,15253.877,3539,1520,0,3539
2024-05-09 14:00:00,15253.872,15253.872,15220.318,15239.837,3538,1520,0,3538
2024-05-09 15:00:00,15239.818,15283.307,15238.118,15268.979,3536,1520,0,3536
2024-05-09 16:00:00,15268.952,15288.522,15239.213,15265.963,3525,1520,0,3525
2024-05-09 17:00:00,15265.957,15268.215,15231.276,15251.927,3534,1520,0,3534
2024-05-09 18:00:00,15251.905,15291.267,15221.634,15287.906,3538,1520,0,3538
2024-05-09 19:00:00,15287.891,15364.338,15251.985,15364.048,3521,1520,0,3521
2024-05-09 20:00:00,15364.041,15417.817,15339.179,15412.957,3542,1530,0,3542
2024-05-09 21:00:00,15412.928,15426.62,15382.978,15382.978,3542,1530,0,3542
2024-05-09 22:00:00,15382.961,15500.311,15375.484,15495.193,3533,1530,0,3533
2024-05-09 23:00:00,15495.193,15579.054,15494.995,15565.565,3525,1550,0,3525
2024-05-10 00:00:00,15565.563,15623.391,15561.654,15601.884,3526,1550,0,3526
2024-05-10 01:00:00,15601.874,15605.301,15570.358,15570.358,3534,1550,0,3534
2024-05-10 02:00:00,15570.349,15608.865,15562.828,15602.948,3529,1550,0,3529
2024-05-10 03:00:00,15602.942,15602.942,15572.342,15572.342,3536,1550,0,3536
2024-05-10 04:00:00,15572.32,15639.776,15557.032,15623.757,3539,1550,0,3539
2024-05-10 05:00:00,15623.744,15632.38,15591.378,15591.378,3524,1550,0,3524
2024-05-10 06:00:00,15591.361,15624.804,15578.197,15613.701,3534,1550,0,3534
2024-05-10 07:00:00,15613.696,15613.696,15577.685,15577.685,3537,1550,0,3537
2024-05-10 08:00:00,15577.669,15577.669,15534.058,15570.778,3545,1550,0,3545
2024-05-10 09:00:00,15570.774,15586.176,15559.429,15559.429,3540,1550,0,3540
2024-05-10 10:00:00,15559.421,15614.923,15541.425,15595.865,3544,1550,0,3544
2024-05-10 11:00:00,15595.855,15595.855,15546.869,15583.855,3546,1550,0,3546
2024-05-10 12:00:00,15583.847,15614.866,15571.927,15603.219,3527,1550,0,3527
2024-05-10 13:00:00,15603.202,15636.855,15586.937,15610.347,3545,1550,0,3545
2024-05-10 14:00:00,15610.343,15638.044,15575.732,15635.903,3530,1550,0,3530
2024-05-10 15:00:00,15635.888,15635.888,15582.299,15611.964,3539,1550,0,3539
2024-05-10 16:00:00,15611.954,15654.991,15598.028,15654.194,3540,1550,0,3540
2024-05-10 17:00:00,15654.186,15654.186,15617.688,15641.443,3538,1560,0,3538
2024-05-10 18:00:00,15641.427,15656.729,15626.834,15626.834,3537,1560,0,3537
2024-05-10 19:00:00,15626.823,15657.382,15603.563,15648.231,3531,1560,0,3531
2024-05-10 20:00:00,15648.221,15664.415,15633.307,15633.307,3551,1560,0,3551
2024-05-10 21:00:00,15633.302,15648.254,15611.618,15622.935,3551,1560,0,3551
2024-05-10 22:00:00,15622.926,15656.732,15617.483,15617.483,3541,1560,0,3541
2024-05-10 23:00:00,15617.46,15628.745,15600.468,15616.982,3559,1560,0,3559
2024-05-11 00:00:00,15616.968,15639.833,15608.977,15608.977,3540,1560,0,3540
2024-05-11 01:00:00,15608.951,15633.167,15600.582,15600.582,3542,1560,0,3542
2024-05-11 02:00:00,15600.581,15600.581,15562.232,15562.232,3544,1550,0,3544
2024-05-11 03:00:00,15562.228,15604.248,15558.132,15594.219,3540,1550,0,3540
2024-05-11 04:00:00,15594.195,15613.235,15565.53,15565.53,3527,1550,0,3527
2024-05-11 05:00:00,15586.793,15677.17,15582.771,15672.434,3529,1550,0,3529
2024-05-11 06:00:00,15672.422,15672.422,15622.14,15622.14,3536,1560,0,3536
2024-05-11 07:00:00,15622.116,15658.906,15610.658,15629.366,3531,1560,0,3531
2024-05-11 08:00:00,15629.35,15659.266,15624.589,15639.254,3533,1560,0,3533
2024-05-11 09:00:00,15639.224,15639.224,15612.746,15617.909,3535,1560,0,3535
2024-05-11 10:00:00,15617.878,15714.835,15603.08,15702.123,3528,1560,0,3528
2024-05-11 11:00:00,15702.102,15703.613,15678.881,15678.881,3533,1560,0,3533
2024-05-11 12:00:00,15678.881,15702.896,15662.496,15692.376,3531,1560,0,3531
2024-05-11 13:00:00,15692.367,15701.437,15667.192,15689.97,3538,1560,0,3538
2024-05-11 14:00:00,15689.957,15689.957,15634.128,15634.128,3550,1560,0,3550
2024-05-11 15:00:00,15634.124,15680.221,15631.571,15657.236,3531,1560,0,3531
2024-05-11 16:00:00,15657.226,15702.569,15654.434,15698.33,3546,1560,0,3546
2024-05-11 17:00:00,15698.322,15698.322,15649.223,15666.096,3541,1560,0,3541
2024-05-11 18:00:00,15666.078,15672.092,15644.361,15667.402,3539,1560,0,3539
2024-05-11 19:00:00,15667.398,15774.202,15667.057,15760.286,3535,1560,0,3535
2024-05-11 20:00:00,15760.279,15780.634,15747.453,15753.777,3542,1570,0,3542
2024-05-11 21:00:00,15753.776,15753.776,15708.849,15708.849,3539,1570,0,3539
2024-05-11 22:00:00,15708.842,15743.386,15701.359,15738.183,3526,1570,0,3526
2024-05-11 23:00:00,15738.147,15753.458,15719.499,15722.716,3539,1570,0,3539
2024-05-12 00:00:00,15722.713,15722.713,15676.574,15704.769,3553,1560,0,3553
2024-05-12 01:00:00,15704.763,15704.763,15652.286,15652.286,3536,1560,0,3536
2024-05-12 02:00:00,15652.286,15657.588,15622.726,15631.872,3542,1560,0,3542
2024-05-12 03:00:00,15631.834,15650.543,15606.207,15624.851,3549,1560,0,3549
2024-05-12 04:00:00,15624.842,15666.594,15608.662,15659.598,3537,1560,0,3537
2024-05-12 05:00:00,15659.586,15720.863,15658.627,15683.591,3531,1560,0,3531
2024-05-12 06:00:00,15683.591,15683.591,15626.094,15626.094,3534,1560,0,3534
2024-05-12 07:00:00,15626.091,15641.273,15610.656,15613.664,3546,1560,0,3546
2024-05-12 08:00:00,15613.644,15613.644,15572.679,15573.601,3531,1550,0,3531
2024-05-12 09:00:00,15573.572,15614.977,15564.999,15564.999,3531,1550,0,3531
2024-05-12 10:00:00,15564.957,15574.149,15527.177,15527.177,3539,1550,0,3539
2024-05-12 11:00:00,15527.171,15543.586,15500.003,15541.081,3532,1550,0,3532
2024-05-12 12:00:00,15541.064,15543.324,15511.533,15530.85,3529,1550,0,3529
2024-05-12 13:00:00,15530.825,15617.887,15530.111,15601.37,3519,1550,0,3519
2024-05-12 14:00:00,15601.351,15646.624,15600.336,15631.04,3530,1560,0,3530
2024-05-12 15:00:00,15631.031,15643.566,15606.556,15606.556,3545,1560,0,3545
2024-05-12 16:00:00,15606.543,15660.066,15579.4,15657.978,3532,1550,0,3532
2024-05-12 17:00:00,15657.977,15657.977,15627.585,15635.998,3545,1560,0,3545
2024-05-12 18:00:00,15635.966,15639.059,15602.827,15624.564,3537,1560,0,3537
2024-05-12 19:00:00,15624.552,15642.487,15618.778,15624.301,3554,1560,0,3554
2024-05-12 20:00:00,15624.277,15655.735,15609.595,15646.428,3536,1560,0,3536
2024-05-12 21:00:00,15646.406,15699.886,15643.959,15670.551,3536,1560,0,3536
2024-05-12 22:00:00,15670.537,15681.451,15647.471,15666.012,3537,1560,0,3537
2024-05-12 23:00:00,15665.998,15684.061,15652.279,15652.397,3534,1560,0,3534
2024-05-13 00:00:00,15652.388,15761.107,15650.239,15751.425,3526,1560,0,3526
2024-05-13 01:00:00,15751.418,15781.604,15726.856,15780.907,2789,1570,0,2789
2024-05-13 02:00:00,15780.9,15819.284,15770.841,15814.446,3531,1570,0,3531
2024-05-13 03:00:00,15814.407,15825.082,15791.03,15791.03,3545,1570,0,3545
2024-05-13 04:00:00,15791.025,15834.242,15790.782,15802.316,3543,1570,0,3543
2024-05-13 05:00:00,15802.289,15830.348,15777.636,15809.626,3538,1570,0,3538
2024-05-13 06:00:00,15809.589,15842.37,15798.033,15812.263,3540,1580,0,3540
2024-05-13 07:00:00,15812.234,15812.234,15756.953,15778.623,3541,1570,0,3541
2024-05-13 08:00:00,15778.615,15778.615,15733.884,15733.884,3527,1570,0,3527
2024-05-13 09:00:00,15733.879,15733.879,15694.06,15727.602,3539,1560,0,3539
2024-05-13 10:00:00,15727.59,15732.326,15702.017,15711.656,3532,1570,0,3532
2024-05-13 11:00:00,15711.653,15770.68,15709.291,15729.022,3526,1570,0,3526
2024-05-13 12:00:00,15729.018,15792.994,15718.637,15782.498,3539,1570,0,3539
2024-05-13 13:00:00,15782.469,15797.939,15745.734,15790.818,3531,1570,0,3531
2024-05-13 14:00:00,15790.818,15876.038,15765.906,15875.374,3537,1570,0,3537
2024-05-13 15:00:00,15879.83,15908.449,15856.441,15864.798,3548,1580,0,3548
2024-05-13 16:00:00,15864.779,15877.472,15839.385,15839.385,3543,1580,0,3543
2024-05-13 17:00:00,15839.378,15851.232,15816.816,15841.077,3544,1580,0,3544
2024-05-13 18:00:00,15841.05,15864.87,15829.612,15829.612,3521,1580,0,3521
2024-05-13 19:00:00,15829.598,15877.581,15827.705,15867.968,3526,1580,0,3526
2024-05-13 20:00:00,15867.967,15867.967,15837.091,15837.091,3522,1580,0,3522
2024-05-13 21:00:00,15837.078,15946.352,15832.557,15933.218,3534,1580,0,3534
2024-05-13 22:00:00,15933.202,15937.552,15890.864,15934.997,3540,1580,0,3540
2024-05-13 23:00:00,15934.986,15954.954,15927.045,15929.717,3539,1590,0,3539
2024-05-14 00:00:00,15929.702,15996.315,15927.075,15994.012,3534,1590,0,3534
2024-05-14 01:00:00,15994.001,15994.001,15969.451,15973.912,3533,1590,0,3533
2024-05-14 02:00:00,15973.879,16000.4,15952.147,15987.702,3531,1590,0,3531
2024-05-14 03:00:00,15987.689,15989.055,15957.103,15962.234,3535,1590,0,3535
2024-05-14 04:00:00,15962.211,16005.778,15961.242,15985.682,3537,1590,0,3537
2024-05-14 05:00:00,15985.667,16001.336,15953.957,15986.96,3547,1590,0,3547
2024-05-14 06:00:00,15986.959,16003.274,15962.984,15970.143,3540,1590,0,3540
2024-05-14 07:00:00,15970.141,15981.68,15946.192,15965.018,3529,1590,0,3529
2024-05-14 08:00:00,15965.015,15965.015,15914.134,15939.978,3539,1590,0,3539
2024-05-14 09:00:00,15939.973,15939.973,15905.7,15910.541,3530,1590,0,3530
2024-05-14 10:00:00,15910.524,15916.521,15882.437,15907.2,3552,1580,0,3552
2024-05-14 11:00:00,15907.196,15931.379,15899.002,15899.002,3538,1590,0,3538
2024-05-14 12:00:00,15898.984,15907.426,15871.113,15891.5,3544,1580,0,3544
2024-05-14 13:00:00,15891.48,15891.48,15842.301,15842.301,3545,1580,0,3545
2024-05-14 14:00:00,15842.268,15886.394,15819.882,15882.427,3551,1580,0,3551
2024-05-14 15:00:00,15882.406,15883.943,15849.684,15849.684,3528,1580,0,3528
2024-05-14 16:00:00,15849.658,15849.658,15811.202,15823.436,3548,1580,0,3548
2024-05-14 17:00:00,15823.435,15823.435,15779.445,15779.445,3536,1570,0,3536
2024-05-14 18:00:00,15779.439,15865.639,15778.041,15862.288,3543,1570,0,3543
2024-05-14 19:00:00,15862.245,15928.66,15841.992,15922.395,3511,1580,0,3511
2024-05-14 20:00:00,15922.374,15935.646,15893.729,15907.043,3540,1580,0,3540
2024-05-14 21:00:00,15907.024,15908.408,15874.526,15886.762,3527,1580,0,3527
2024-05-14 22:00:00,15886.744,15916.231,15870.924,15907.704,3538,1580,0,3538
2024-05-14 23:00:00,15907.662,15907.662,15867.013,15867.013,3526,1580,0,3526
2024-05-15 00:00:00,15866.992,15884.024,15852.02,15879.85,3544,1580,0,3544
2024-05-15 01:00:00,15879.833,15880.371,15856.605,15858.676,3538,1580,0,3538
2024-05-15 02:00:00,15858.643,15936.912,15851.253,15924.733,3530,1580,0,3530
2024-05-15 03:00:00,15924.709,15943.229,15911.818,15924.445,3533,1590,0,3533
2024-05-15 04:00:00,15924.439,15924.439,15889.991,15907.611,3544,1580,0,3544
2024-05-15 05:00:00,15907.588,15969.286,15906.316,15946.437,3542,1590,0,3542
2024-05-15 06:00:00,15946.381,15946.381,15897.568,15897.568,3537,1580,0,3537
2024-05-15 07:00:00,15897.553,15897.553,15862.206,15864.689,3532,1580,0,3532
2024-05-15 08:00:00,15864.686,15864.686,15828.264,15832.592,3525,1580,0,3525
2024-05-15 09:00:00,15832.587,15917.323,15815.445,15899.261,3540,1580,0,3540
2024-05-15 10:00:00,15899.228,15926.593,15888.711,15907.593,3523,1580,0,3523
2024-05-15 11:00:00,15907.565,15965.732,15897.338,15932.016,3530,1580,0,3530
2024-05-15 12:00:00,15931.998,15937.755,15903.942,15909.243,3537,1590,0,3537
2024-05-15 13:00:00,15909.229,15919.188,15882.685,15887.885,3538,1580,0,3538
2024-05-15 14:00:00,15887.878,15887.878,15839.547,15839.547,3547,1580,0,3547
2024-05-15 15:00:00,15839.546,15861.319,15805.589,15805.589,3545,1580,0,3545
2024-05-15 16:00:00,15805.574,15817.149,15786.511,15794.081,3539,1570,0,3539
2024-05-15 17:00:00,15794.075,15857.181,15780.451,15823.793,3535,1570,0,3535
2024-05-15 18:00:00,15823.79,15853.014,15810.498,15814.989,3541,1580,0,3541
2024-05-15 19:00:00,15814.976,15818.342,15790.769,15799.185,3528,1570,0,3528
2024-05-15 20:00:00,15799.16,15804.703,15754.788,15795.988,3536,1570,0,3536
2024-05-15 21:00:00,15795.981,15817.978,15770.823,15802.955,3525,1570,0,3525
2024-05-15 22:00:00,15802.946,15812.102,15777.945,15782.975,3540,1570,0,3540
2024-05-15 23:00:00,15782.947,15803.551,15760.805,15803.49,3545,1570,0,3545
2024-05-16 00:00:00,15803.481,15855.334,15778.599,15838.416,3534,1570,0,3534
2024-05-16 01:00:00,15838.397,15841.883,15807.42,15807.42,3544,1580,0,3544
2024-05-16 02:00:00,15807.419,15839.514,15800.876,15811.574,3534,1580,0,3534
2024-05-16 03:00:00,15811.553,15832.191,15796.496,15805.04,3540,1570,0,3540
2024-05-16 04:00:00,15805.038,15910.093,15776.509,15900.972,3540,1570,0,3540
2024-05-16 05:00:00,15900.959,15900.959,15862.414,15897.347,3539,1580,0,3539
2024-05-16 06:00:00,15897.322,15937.015,15890.402,15917.613,3546,1580,0,3546
2024-05-16 07:00:00,15917.603,16016.573,15908.169,16008.971,3530,1590,0,3530
2024-05-16 08:00:00,16008.931,16053.394,16006.518,16036.645,3538,1600,0,3538
2024-05-16 09:00:00,16036.63,16036.63,15998.922,16017.545,3536,1600,0,3536
2024-05-16 10:00:00,16017.537,16094.166,16015.239,16083.758,3537,1600,0,3537
2024-05-16 11:00:00,16083.747,16083.747,16055.761,16065.406,3529,1600,0,3529
2024-05-16 12:00:00,16065.381,16067.541,16037.93,16037.93,3536,1600,0,3536
2024-05-16 13:00:00,16037.896,16071.783,16024.41,16059.749,3538,1600,0,3538
2024-05-16 14:00:00,16059.732,16059.732,16018.026,16018.079,3541,1600,0,3541
2024-05-16 15:00:00,16018.06,16106.331,15993.976,16101.821,3547,1590,0,3547
2024-05-16 16:00:00,16101.79,16111.003,16080.208,16080.208,3535,1600,0,3535
2024-05-16 17:00:00,16080.208,16093.478,16052.675,16052.675,3534,1600,0,3534
2024-05-16 18:00:00,16052.642,16061.832,16025.35,16031.802,3541,1600,0,3541
2024-05-16 19:00:00,16031.794,16031.794,15982.642,15990.075,3531,1590,0,3531
2024-05-16 20:00:00,15990.059,16047.496,15963.296,16042.54,3535,1590,0,3535
2024-05-16 21:00:00,16042.52,16048.545,16015.054,16029.981,3544,1600,0,3544
2024-05-16 22:00:00,16029.966,16185.232,16027.939,16182.531,3558,1600,0,3558
2024-05-16 23:00:00,16182.511,16182.511,16127.263,16127.263,3535,1610,0,3535
2024-05-17 00:00:00,16127.258,16167.041,16117.703,16148.524,3544,1610,0,3544
2024-05-17 01:00:00,16148.521,16188.333,16145.152,16164.04,3544,1610,0,3544
2024-05-17 02:00:00,16164.028,16212.677,16160.627,16177.023,3529,1610,0,3529
2024-05-17 03:00:00,16177.002,16221.571,16146.633,16212.53,3542,1610,0,3542
2024-05-17 04:00:00,16212.522,16212.522,16180.61,16180.61,3539,1610,0,3539
2024-05-17 05:00:00,16180.593,16218.687,16170.086,16174.517,3539,1610,0,3539
2024-05-17 06:00:00,16174.505,16179.203,16152.877,16154.266,3542,1610,0,3542
2024-05-17 07:00:00,16154.215,16161.684,16132.623,16142.349,3543,1610,0,3543
2024-05-17 08:00:00,16142.327,16142.327,16116.547,16123.671,3537,1610,0,3537
2024-05-17 09:00:00,16123.665,16123.665,16067.446,16082.652,3549,1600,0,3549
2024-05-17 10:00:00,16082.649,16082.649,16035.061,16035.061,3536,1600,0,3536
2024-05-17 11:00:00,16035.026,16044.321,15989.925,16038.296,3536,1590,0,3536
2024-05-17 12:00:00,16038.284,16038.284,15987.418,15987.418,3527,1590,0,3527
2024-05-17 13:00:00,15987.402,16008.2,15979.19,15979.965,3531,1590,0,3531
2024-05-17 14:00:00,15979.947,16010.665,15968.76,15984.228,3547,1590,0,3547
2024-05-17 15:00:00,15984.217,15990.699,15951.567,15953.834,3517,1590,0,3517
2024-05-17 16:00:00,15953.824,15964.539,15931.462,15956.974,3528,1590,0,3528
2024-05-17 17:00:00,15956.961,16037.253,15954.481,16017.704,3529,1590,0,3529
2024-05-17 18:00:00,16017.703,16017.703,15963.661,15963.661,3534,1590,0,3534
2024-05-17 19:00:00,15963.655,15976.064,15928.106,15928.106,3528,1590,0,3528
2024-05-17 20:00:00,15928.102,15983.044,15917.043,15958.097,3542,1590,0,3542
2024-05-17 21:00:00,15958.081,16041.163,15954.833,16034.725,3534,1590,0,3534
2024-05-17 22:00:00,16034.71,16053.708,16013.938,16013.938,3541,1600,0,3541
2024-05-17 23:00:00,16013.933,16033.883,15996.224,15997.841,3545,1590,0,3545
2024-05-18 00:00:00,15997.831,16060.729,15995.982,16034.54,3542,1590,0,3542
2024-05-18 01:00:00,16034.499,16034.499,15987.68,16000.574,3538,1590,0,3538
2024-05-18 02:00:00,16000.538,16017.406,15977.034,16003.916,3532,1590,0,3532
2024-05-18 03:00:00,16003.896,16036.947,15998.11,16018.462,3538,1590,0,3538
2024-05-18 04:00:00,16018.448,16070.099,16006.694,16062.344,3543,1600,0,3543
2024-05-18 05:00:00,16062.328,16102.563,16058.388,16096.787,3532,1600,0,3532
2024-05-18 06:00:00,16096.742,16175.871,16096.032,16158.101,3523,1600,0,3523
2024-05-18 07:00:00,16158.071,16158.071,16103.662,16103.662,3526,1610,0,3526
2024-05-18 08:00:00,16103.637,16187.18,16100.982,16149.591,3542,1610,0,3542
2024-05-18 09:00:00,16149.583,16169.705,16141.265,16148.501,3542,1610,0,3542
2024-05-18 10:00:00,16148.452,16190.042,16145.574,16188.403,3537,1610,0,3537
2024-05-18 11:00:00,16188.388,16210.052,16173.365,16189.752,3536,1610,0,3536
2024-05-18 12:00:00,16189.718,16250.073,16186.4,16225.201,3537,1610,0,3537
2024-05-18 13:00:00,16225.169,16234.632,16206.798,16217.022,3527,1620,0,3527
2024-05-18 14:00:00,16216.997,16216.997,16174.563,16174.563,3548,1610,0,3548
2024-05-18 15:00:00,16174.539,16174.539,16123.208,16123.208,3528,1610,0,3528
2024-05-18 16:00:00,16123.205,16123.205,16080.379,16109.536,3540,1600,0,3540
2024-05-18 17:00:00,16109.494,16121.992,16090.54,16094.377,3534,1600,0,3534
2024-05-18 18:00:00,16094.355,16108.026,16078.754,16100.25,3551,1600,0,3551
2024-05-18 19:00:00,16100.229,16100.229,16046.119,16046.119,3531,1600,0,3531
2024-05-18 20:00:00,16046.107,16060.964,16016.918,16059.937,3541,1600,0,3541
2024-05-18 21:00:00,16059.903,16061.229,16031.337,16061.025,3541,1600,0,3541
2024-05-18 22:00:00,16061.015,16061.015,16016.361,16029.462,3534,1600,0,3534
2024-05-18 23:00:00,16029.434,16044.463,16002.356,16007.061,3559,1600,0,3559
2024-05-19 00:00:00,16007.059,16029.338,15992.28,16019.08,3538,1590,0,3538
2024-05-19 01:00:00,16019.062,16058.581,15977.316,16046.873,3350,1590,0,3350
2024-05-19 02:00:00,16046.857,16099.558,16036.598,16086.995,3522,1600,0,3522
2024-05-19 03:00:00,16086.961,16086.961,16054.214,16059.671,3526,1600,0,3526
2024-05-19 04:00:00,16059.67,16078.515,16047.645,16067.398,3527,1600,0,3527
2024-05-19 05:00:00,16067.398,16084.028,16052.205,16055.105,3541,1600,0,3541
2024-05-19 06:00:00,16055.092,16080.434,16028.977,16078.104,3535,1600,0,3535
2024-05-19 07:00:00,16078.075,16088.039,16042.142,16042.142,3538,1600,0,3538
2024-05-19 08:00:00,16042.131,16055.17,16016.999,16047.953,3534,1600,0,3534
2024-05-19 09:00:00,16047.917,16079.746,16031.606,16060.812,3544,1600,0,3544
2024-05-19 10:00:00,16060.798,16180.115,16054.179,16175.944,3536,1600,0,3536
2024-05-19 11:00:00,16175.932,16175.932,16144.209,16166.503,3535,1610,0,3535
2024-05-19 12:00:00,16166.494,16167.724,16138.355,16138.355,3534,1610,0,3534
2024-05-19 13:00:00,16138.329,16203.394,16129.389,16184.754,3533,1610,0,3533
2024-05-19 14:00:00,16184.745,16232.895,16183.319,16200.959,3547,1610,0,3547
2024-05-19 15:00:00,16200.936,16200.936,16155.029,16170.315,3537,1610,0,3537
2024-05-19 16:00:00,16170.307,16170.307,16131.119,16131.119,3541,1610,0,3541
2024-05-19 17:00:00,16131.101,16138.722,16105.483,16131.692,3537,1610,0,3537
2024-05-19 18:00:00,16131.681,16167.643,16125.603,16158.136,3521,1610,0,3521
2024-05-19 19:00:00,16158.128,16168.95,16131.122,16131.122,3548,1610,0,3548
2024-05-19 20:00:00,16131.097,16146.803,16099.105,16099.105,3541,1610,0,3541
2024-05-19 21:00:00,16099.1,16099.1,16053.091,16069.829,3531,1600,0,3531
2024-05-19 22:00:00,16069.827,16091.757,16060.054,16063.494,3533,1600,0,3533
2024-05-19 23:00:00,16063.462,16067.429,16028.582,16060.019,3542,1600,0,3542
2024-05-20 00:00:00,16059.99,16059.99,16016.284,16016.284,3541,1600,0,3541
2024-05-20 01:00:00,16016.271,16054.389,15995.842,16039.349,3540,1590,0,3540
2024-05-20 02:00:00,16039.31,16116.512,16032.969,16110.47,3543,1600,0,3543
2024-05-20 03:00:00,16110.455,16110.455,16063.312,16065.635,3540,1600,0,3540
2024-05-20 04:00:00,16065.616,16091.474,16050.721,16050.721,3539,1600,0,3539
2024-05-20 05:00:00,16050.702,16083.742,16045.061,16045.512,3534,1600,0,3534
2024-05-20 06:00:00,16045.506,16068.604,16027.252,16054.329,3537,1600,0,3537
2024-05-20 07:00:00,16054.321,16065.264,16022.633,16059.853,3547,1600,0,3547
2024-05-20 08:00:00,16059.833,16135.427,16052.399,16114.895,3539,1600,0,3539
2024-05-20 09:00:00,16114.884,16176.999,16109.874,16170.223,3534,1610,0,3534
2024-05-20 10:00:00,16170.222,16170.222,16139.232,16157.618,3527,1610,0,3527
2024-05-20 11:00:00,16157.592,16245.886,16146.761,16225.414,3549,1610,0,3549
2024-05-20 12:00:00,16225.381,16240.721,16198.844,16198.844,3538,1620,0,3538
2024-05-20 13:00:00,16198.807,16228.854,16173.055,16223.412,3540,1610,0,3540
2024-05-20 14:00:00,16223.384,16264.4,16221.0,16262.686,3540,1620,0,3540
2024-05-20 15:00:00,16262.679,16300.934,16261.539,16274.808,3547,1620,0,3547
2024-05-20 16:00:00,16274.798,16274.798,16221.212,16221.212,3525,1620,0,3525
2024-05-20 17:00:00,16221.211,16239.842,16212.098,16230.741,3530,1620,0,3530
2024-05-20 18:00:00,16230.715,16238.63,16208.445,16236.62,3532,1620,0,3532
2024-05-20 19:00:00,16236.612,16236.612,16177.71,16177.71,3532,1610,0,3532
2024-05-20 20:00:00,16177.686,16202.963,16168.985,16182.284,3550,1610,0,3550
2024-05-20 21:00:00,16182.254,16268.556,16160.698,16262.069,3536,1610,0,3536
2024-05-20 22:00:00,16262.063,16262.063,16227.649,16227.649,3537,1620,0,3537
2024-05-20 23:00:00,16227.646,16343.247,16227.312,16333.47,3532,1620,0,3532
2024-05-21 00:00:00,16333.467,16349.763,16311.655,16311.655,3533,1630,0,3533
2024-05-21 01:00:00,16311.64,16311.64,16277.391,16289.017,3541,1620,0,3541
2024-05-21 02:00:00,16288.993,16288.993,16230.219,16230.219,3537,1620,0,3537
2024-05-21 03:00:00,16230.2,16230.2,16176.615,16206.264,3544,1610,0,3544
2024-05-21 04:00:00,16206.237,16234.029,16198.044,16209.695,3540,1610,0,3540
2024-05-21 05:00:00,16209.684,16217.066,16187.487,16197.004,3531,1610,0,3531
2024-05-21 06:00:00,16197.0,16208.803,16153.6,16153.6,3525,1610,0,3525
2024-05-21 07:00:00,16153.57,16169.306,16114.808,16114.808,3531,1610,0,3531
2024-05-21 08:00:00,16114.804,16151.18,16096.458,16096.458,3540,1600,0,3540
2024-05-21 09:00:00,16096.454,16127.5,16084.802,16110.037,3551,1600,0,3551
2024-05-21 10:00:00,16110.036,16131.239,16090.205,16099.303,3530,1600,0,3530
2024-05-21 11:00:00,16099.301,16115.832,16075.666,16086.975,3548,1600,0,3548
2024-05-21 12:00:00,16086.97,16099.463,16061.087,16094.009,3545,1600,0,3545
2024-05-21 13:00:00,16093.986,16129.164,16082.637,16086.772,3531,1600,0,3531
2024-05-21 14:00:00,16086.765,16101.4,16061.253,16061.253,3533,1600,0,3533
2024-05-21 15:00:00,16061.234,16062.371,16027.355,16027.355,3539,1600,0,3539
2024-05-21 16:00:00,16027.325,16052.98,16012.681,16012.681,3545,1600,0,3545
2024-05-21 17:00:00,16012.668,16054.718,16004.527,16025.305,3545,1600,0,3545
2024-05-21 18:00:00,16025.293,16043.97,16002.789,16002.789,3536,1600,0,3536
2024-05-21 19:00:00,16002.772,16024.151,15981.359,16019.455,3538,1590,0,3538
2024-05-21 20:00:00,16019.441,16019.441,15964.593,15964.593,3541,1590,0,3541
2024-05-21 21:00:00,15964.58,15964.58,15921.639,15928.263,3527,1590,0,3527
2024-05-21 22:00:00,15928.254,15928.254,15888.645,15890.548,3536,1580,0,3536
2024-05-21 23:00:00,15890.527,15890.527,15855.222,15859.419,3535,1580,0,3535
2024-05-22 00:00:00,15859.419,15868.132,15831.032,15831.032,3545,1580,0,3545
2024-05-22 01:00:00,15831.024,15870.193,15816.385,15860.71,3551,1580,0,3551
2024-05-22 02:00:00,15860.693,15867.158,15836.907,15846.779,3527,1580,0,3527
2024-05-22 03:00:00,15846.754,15846.754,15810.939,15828.383,3530,1580,0,3530
2024-05-22 04:00:00,15828.378,15830.135,15787.447,15787.447,3540,1570,0,3540
2024-05-22 05:00:00,15787.442,15798.005,15760.309,15796.934,3530,1570,0,3530
2024-05-22 06:00:00,15796.921,15901.032,15787.942,15890.21,3528,1570,0,3528
2024-05-22 07:00:00,15890.186,15915.792,15878.774,15896.291,3532,1580,0,3532
2024-05-22 08:00:00,15896.268,15913.722,15865.253,15865.253,3538,1580,0,3538
2024-05-22 09:00:00,15865.245,15909.316,15832.41,15900.869,3534,1580,0,3534
2024-05-22 10:00:00,15900.856,15941.767,15894.513,15922.065,3516,1580,0,3516
2024-05-22 11:00:00,15922.023,15975.473,15915.653,15969.463,3525,1590,0,3525
2024-05-22 12:00:00,15969.459,15994.85,15942.31,15989.525,3541,1590,0,3541
2024-05-22 13:00:00,15989.508,15991.039,15950.385,15950.385,3527,1590,0,3527
2024-05-22 14:00:00,15950.369,16032.664,15947.567,16031.506,3542,1590,0,3542
2024-05-22 15:00:00,16031.494,16080.324,16009.629,16048.147,3531,1600,0,3531
2024-05-22 16:00:00,16048.14,16085.032,16042.893,16047.79,3546,1600,0,3546
2024-05-22 17:00:00,16047.785,16047.785,16009.683,16027.075,3537,1600,0,3537
2024-05-22 18:00:00,16027.056,16038.286,16006.289,16017.681,3546,1600,0,3546
2024-05-22 19:00:00,16017.657,16025.21,15988.533,16020.59,3537,1590,0,3537
2024-05-22 20:00:00,16020.566,16030.64,15979.229,15979.229,3542,1590,0,3542
2024-05-22 21:00:00,15979.218,15985.405,15955.117,15963.554,3535,1590,0,3535
2024-05-22 22:00:00,15963.523,15977.037,15932.838,15955.269,3543,1590,0,3543
2024-05-22 23:00:00,15955.246,15955.246,15911.759,15917.238,3535,1590,0,3535
2024-05-23 00:00:00,15917.233,15968.335,15911.203,15961.782,3534,1590,0,3534
2024-05-23 01:00:00,15961.764,15987.452,15931.739,15979.418,3533,1590,0,3533
2024-05-23 02:00:00,15979.403,16015.813,15961.687,16004.533,3530,1590,0,3530
2024-05-23 03:00:00,16004.512,16004.512,15954.352,15954.352,3534,1590,0,3534
2024-05-23 04:00:00,15954.35,15957.785,15914.275,15914.275,3536,1590,0,3536
2024-05-23 05:00:00,15914.272,15933.312,15906.698,15916.229,3532,1590,0,3532
2024-05-23 06:00:00,15916.214,15956.756,15908.786,15909.167,3545,1590,0,3545
2024-05-23 07:00:00,15909.129,15909.129,15866.85,15866.85,3537,1580,0,3537
2024-05-23 08:00:00,15866.831,15926.113,15866.569,15889.326,3539,1580,0,3539
2024-05-23 09:00:00,15889.318,15952.311,15878.44,15939.169,3528,1580,0,3528
2024-05-23 10:00:00,15939.158,16093.58,15929.49,16092.309,3536,1590,0,3536
2024-05-23 11:00:00,16092.295,16113.148,16078.921,16102.994,3530,1600,0,3530
2024-05-23 12:00:00,16102.987,16140.778,16082.678,16117.586,3527,1600,0,3527
2024-05-23 13:00:00,16117.563,16125.36,16101.743,16107.588,3537,1610,0,3537
2024-05-23 14:00:00,16107.584,16165.783,16102.352,16149.355,3546,1610,0,3546
2024-05-23 15:00:00,16149.355,16197.151,16142.055,16193.203,3552,1610,0,3552
2024-05-23 16:00:00,16193.193,16193.193,16148.734,16148.734,3541,1610,0,3541
2024-05-23 17:00:00,16148.707,16182.93,16144.66,16144.95,3551,1610,0,3551
2024-05-23 18:00:00,16144.932,16155.305,16127.008,16130.12,3533,1610,0,3533
2024-05-23 19:00:00,16130.104,16139.934,16106.139,16137.524,3550,1610,0,3550
2024-05-23 20:00:00,16137.516,16203.997,16127.396,16202.536,3540,1610,0,3540
2024-05-23 21:00:00,16202.495,16209.807,16162.819,16162.819,3541,1610,0,3541
2024-05-23 22:00:00,16162.81,16218.687,16158.098,16207.749,3530,1610,0,3530
2024-05-23 23:00:00,16207.739,16240.755,16193.0,16234.522,3528,1610,0,3528
2024-05-24 00:00:00,16234.513,16261.759,16220.161,16227.722,3545,1620,0,3545
2024-05-24 01:00:00,16227.694,16266.021,16221.077,16252.108,3531,1620,0,3531
2024-05-24 02:00:00,16252.09,16265.531,16236.526,16248.122,3536,1620,0,3536
2024-05-24 03:00:00,16248.111,16248.111,16215.744,16235.424,3538,1620,0,3538
2024-05-24 04:00:00,16235.413,16237.988,16209.366,16209.366,3543,1620,0,3543
2024-05-24 05:00:00,16209.352,16271.227,16202.159,16251.81,3540,1620,0,3540
2024-05-24 06:00:00,16251.806,16251.806,16202.336,16202.336,3545,1620,0,3545
2024-05-24 07:00:00,16202.32,16202.32,16160.516,16167.928,3546,1610,0,3546
2024-05-24 08:00:00,16167.9,16190.1,16145.889,16145.889,3534,1610,0,3534
2024-05-24 09:00:00,16145.868,16174.8,16134.108,16134.108,3540,1610,0,3540
2024-05-24 10:00:00,16134.079,16158.181,16132.53,16138.356,3555,1610,0,3555
2024-05-24 11:00:00,16138.333,16138.333,16084.351,16084.351,3544,1600,0,3544
2024-05-24 12:00:00,16084.326,16084.641,16050.215,16078.713,3545,1600,0,3545
2024-05-24 13:00:00,16078.699,16108.534,16059.978,16102.387,3544,1600,0,3544
2024-05-24 14:00:00,16102.378,16112.465,16073.937,16073.937,3539,1600,0,3539
2024-05-24 15:00:00,16073.93,16073.93,16027.426,16030.425,3533,1600,0,3533
2024-05-24 16:00:00,16030.415,16043.972,16003.84,16032.003,3535,1600,0,3535
2024-05-24 17:00:00,16031.994,16076.795,16011.108,16069.177,3527,1600,0,3527
2024-05-24 18:00:00,16069.159,16070.823,16041.713,16054.862,3527,1600,0,3527
2024-05-24 19:00:00,16054.861,16112.303,16045.051,16110.587,3531,1600,0,3531
2024-05-24 20:00:00,16110.582,16110.582,16056.801,16056.801,3538,1600,0,3538
2024-05-24 21:00:00,16056.774,16094.259,16048.545,16073.193,3539,1600,0,3539
2024-05-24 22:00:00,16073.178,16127.907,16057.052,16126.341,3521,1600,0,3521
2024-05-24 23:00:00,16126.309,16131.675,16078.543,16123.883,3546,1600,0,3546
2024-05-25 00:00:00,16123.847,16123.847,16081.73,16081.981,3539,1600,0,3539
2024-05-25 01:00:00,16081.965,16112.34,16053.663,16053.663,3530,1600,0,3530
2024-05-25 02:00:00,16053.661,16077.47,16030.332,16030.332,3532,1600,0,3532
2024-05-25 03:00:00,16030.31,16030.31,16000.511,16003.445,3533,1600,0,3533
2024-05-25 04:00:00,16003.418,16021.0,15974.733,16000.85,3535,1590,0,3535
2024-05-25 05:00:00,16000.849,16041.154,15998.726,16007.478,3541,1590,0,3541
2024-05-25 06:00:00,16007.438,16024.2,15978.028,16015.856,3540,1590,0,3540
2024-05-25 07:00:00,16015.853,16030.642,16002.512,16021.471,3530,1600,0,3530
2024-05-25 08:00:00,16021.448,16048.09,16005.285,16038.953,3536,1600,0,3536
2024-05-25 09:00:00,16038.913,16096.375,16030.856,16072.678,3542,1600,0,3542
2024-05-25 10:00:00,16072.665,16105.345,16054.788,16081.7,3526,1600,0,3526
2024-05-25 11:00:00,16081.672,16081.672,16037.444,16044.009,3537,1600,0,3537
2024-05-25 12:00:00,16044.009,16044.009,15994.848,15994.848,3528,1590,0,3528
2024-05-25 13:00:00,15994.824,16059.065,15985.604,16046.536,3533,1590,0,3533
2024-05-25 14:00:00,16046.515,16086.716,16033.464,16033.464,3532,1600,0,3532
2024-05-25 15:00:00,16033.461,16049.845,16021.204,16021.204,3539,1600,0,3539
2024-05-25 16:00:00,16021.172,16030.23,15999.281,16011.71,3527,1600,0,3527
2024-05-25 17:00:00,16011.7,16019.572,15980.52,16002.51,3544,1590,0,3544
2024-05-25 18:00:00,16002.506,16002.506,15948.748,15948.748,3535,1590,0,3535
2024-05-25 19:00:00,15948.739,15948.739,15908.759,15911.683,3525,1590,0,3525
2024-05-25 20:00:00,15911.679,15950.007,15882.787,15947.96,3541,1580,0,3541
2024-05-25 21:00:00,15947.959,15953.515,15914.164,15938.564,3527,1590,0,3527
2024-05-25 22:00:00,15938.556,15950.901,15907.1,15934.514,3543,1590,0,3543
2024-05-25 23:00:00,15934.512,15970.369,15924.675,15934.505,3529,1590,0,3529
2024-05-26 00:00:00,15934.481,15954.45,15896.246,15951.816,3541,1580,0,3541
2024-05-26 01:00:00,15951.81,15986.486,15936.539,15936.539,3538,1590,0,3538
2024-05-26 02:00:00,15936.498,16068.329,15910.367,16060.994,3514,1590,0,3514
2024-05-26 03:00:00,16060.981,16089.799,16047.835,16085.39,3554,1600,0,3554
2024-05-26 04:00:00,16085.368,16114.022,16082.807,16082.807,3540,1600,0,3540
2024-05-26 05:00:00,16082.793,16091.243,16063.705,16067.17,3529,1600,0,3529
2024-05-26 06:00:00,16067.161,16076.938,16044.254,16062.453,3541,1600,0,3541
2024-05-26 07:00:00,16062.429,16062.429,16005.05,16005.05,3537,1600,0,3537
2024-05-26 08:00:00,16005.05,16020.693,15978.235,16019.836,3543,1590,0,3543
2024-05-26 09:00:00,16019.798,16019.882,15985.579,15985.579,3521,1590,0,3521
2024-05-26 10:00:00,15985.568,16022.976,15982.171,16008.935,3538,1590,0,3538
2024-05-26 11:00:00,16008.93,16019.796,15987.293,16010.197,3528,1590,0,3528
2024-05-26 12:00:00,16010.17,16032.069,15980.331,16026.915,3528,1590,0,3528
2024-05-26 13:00:00,16026.887,16049.654,16006.991,16006.991,3547,1600,0,3547
2024-05-26 14:00:00,16006.983,16019.579,15988.027,15988.027,3526,1590,0,3526
2024-05-26 15:00:00,15987.999,16022.955,15962.203,16022.261,3543,1590,0,3543
2024-05-26 16:00:00,16022.248,16064.185,16006.725,16033.735,3558,1600,0,3558
2024-05-26 17:00:00,16033.733,16053.879,16013.596,16033.729,3535,1600,0,3535
2024-05-26 18:00:00,16033.715,16049.358,16017.745,16019.47,3534,1600,0,3534
2024-05-26 19:00:00,16019.452,16019.452,15965.728,15965.728,3547,1590,0,3547
2024-05-26 20:00:00,15965.727,16005.683,15952.099,15994.534,3538,1590,0,3538
2024-05-26 21:00:00,15994.514,15994.514,15956.273,15964.581,3532,1590,0,3532
2024-05-26 22:00:00,15964.557,15964.557,15922.238,15922.238,3537,1590,0,3537
2024-05-26 23:00:00,15922.235,15955.092,15905.419,15924.13,3534,1590,0,3534
2024-05-27 00:00:00,15924.128,15961.442,15912.326,15941.432,3551,1590,0,3551
2024-05-27 01:00:00,15941.413,16026.022,15936.802,16022.063,3550,1590,0,3550
2024-05-27 02:00:00,16022.056,16040.734,16013.829,16020.034,3534,1600,0,3534
2024-05-27 03:00:00,16020.006,16047.909,15994.777,16036.742,2431,1590,0,2431
2024-05-27 04:00:00,16036.73,16150.415,16027.958,16146.78,3533,1600,0,3533
2024-05-27 05:00:00,16146.746,16146.746,16088.169,16088.169,3554,1600,0,3554
2024-05-27 06:00:00,16088.153,16115.405,16069.827,16093.923,3533,1600,0,3533
2024-05-27 07:00:00,16093.92,16098.732,16057.052,16076.935,3541,1600,0,3541
2024-05-27 08:00:00,16076.908,16113.119,16058.245,16058.245,3551,1600,0,3551
2024-05-27 09:00:00,16058.216,16108.573,16054.989,16078.406,3542,1600,0,3542
2024-05-27 10:00:00,16078.371,16158.185,16064.258,16151.687,3540,1600,0,3540
2024-05-27 11:00:00,16151.684,16219.535,16150.887,16219.092,3536,1610,0,3536
2024-05-27 12:00:00,16219.052,16278.177,16213.793,16258.329,3531,1620,0,3531
2024-05-27 13:00:00,16258.31,16315.375,16255.684,16314.161,3531,1620,0,3531
2024-05-27 14:00:00,16314.151,16314.151,16262.461,16262.461,3546,1620,0,3546
2024-05-27 15:00:00,16262.447,16309.924,16250.788,16307.706,3538,1620,0,3538
2024-05-27 16:00:00,16307.698,16334.56,16285.267,16285.267,3536,1620,0,3536
2024-05-27 17:00:00,16285.253,16337.951,16271.735,16337.141,3542,1620,0,3542
2024-05-27 18:00:00,16337.127,16368.9,16310.869,16355.713,3537,1630,0,3537
2024-05-27 19:00:00,16355.669,16378.704,16346.241,16372.715,3556,1630,0,3556
2024-05-27 20:00:00,16372.694,16386.711,16341.813,16351.408,3536,1630,0,3536
2024-05-27 21:00:00,16351.394,16351.728,16309.016,16348.975,3551,1630,0,3551
2024-05-27 22:00:00,16348.951,16396.621,16339.017,16386.32,3523,1630,0,3523
2024-05-27 23:00:00,16386.294,16447.09,16368.077,16447.031,3551,1630,0,3551
2024-05-28 00:00:00,16447.027,16480.93,16438.729,16463.244,3545,1640,0,3545
2024-05-28 01:00:00,16463.22,16463.22,16417.25,16417.25,3548,1640,0,3548
2024-05-28 02:00:00,16417.249,16454.379,16391.513,16422.363,3528,1630,0,3528
2024-05-28 03:00:00,16422.359,16422.359,16369.812,16404.469,3536,1630,0,3536
2024-05-28 04:00:00,16404.46,16434.226,16363.142,16430.979,3540,1630,0,3540
2024-05-28 05:00:00,16430.963,16479.628,16425.349,16460.21,3527,1640,0,3527
2024-05-28 06:00:00,16460.187,16532.554,16459.087,16499.822,3523,1640,0,3523
2024-05-28 07:00:00,16499.81,16515.911,16485.721,16489.149,3548,1640,0,3548
2024-05-28 08:00:00,16489.136,16537.414,16484.771,16532.43,3534,1640,0,3534
2024-05-28 09:00:00,16532.413,16532.413,16502.37,16521.258,3524,1650,0,3524
2024-05-28 10:00:00,16521.234,16540.009,16504.491,16523.197,3539,1650,0,3539
2024-05-28 11:00:00,16523.178,16523.178,16481.173,16501.19,3534,1640,0,3534
2024-05-28 12:00:00,16501.164,16525.54,16469.855,16512.815,3544,1640,0,3544
2024-05-28 13:00:00,16512.813,16522.198,16489.576,16509.897,3536,1640,0,3536
2024-05-28 14:00:00,16509.856,16646.892,16494.36,16646.836,3544,1640,0,3544
2024-05-28 15:00:00,16646.812,16646.812,16593.325,16596.237,3558,1650,0,3558
2024-05-28 16:00:00,16596.231,16618.265,16568.536,16609.519,3542,1650,0,3542
2024-05-28 17:00:00,16609.51,16691.194,16607.69,16678.968,3523,1660,0,3523
2024-05-28 18:00:00,16678.968,16678.968,16637.4,16637.4,3544,1660,0,3544
2024-05-28 19:00:00,16637.373,16637.373,16597.808,16613.546,3546,1650,0,3546
2024-05-28 20:00:00,16613.545,16636.635,16606.916,16606.916,3534,1660,0,3534
2024-05-28 21:00:00,16606.909,16606.909,16562.688,16562.688,3529,1650,0,3529
2024-05-28 22:00:00,16562.68,16690.005,16548.155,16683.732,3542,1650,0,3542
2024-05-28 23:00:00,16683.718,16701.224,16646.221,16692.606,3544,1660,0,3544
2024-05-29 00:00:00,16692.599,16746.035,16686.208,16701.366,3543,1660,0,3543
2024-05-29 01:00:00,16701.33,16731.618,16685.448,16717.56,3548,1660,0,3548
2024-05-29 02:00:00,16717.554,16717.554,16667.851,16667.851,3541,1660,0,3541
2024-05-29 03:00:00,16667.842,16673.319,16629.459,16629.459,3529,1660,0,3529
2024-05-29 04:00:00,16629.449,16649.515,16621.649,16639.936,3539,1660,0,3539
2024-05-29 05:00:00,16639.935,16655.104,16620.534,16651.0,3539,1660,0,3539
2024-05-29 06:00:00,16650.997,16704.122,16644.27,16664.469,3546,1660,0,3546
2024-05-29 07:00:00,16664.454,16737.773,16663.315,16713.428,3535,1660,0,3535
2024-05-29 08:00:00,16713.409,16713.409,16669.023,16669.023,3535,1660,0,3535
2024-05-29 09:00:00,16668.982,16680.531,16637.598,16664.118,3544,1660,0,3544
2024-05-29 10:00:00,16664.088,16699.926,16652.422,16679.548,3538,1660,0,3538
2024-05-29 11:00:00,16679.532,16740.886,16664.78,16713.979,3528,1660,0,3528
2024-05-29 12:00:00,16713.97,16768.566,16710.716,16765.447,3534,1670,0,3534
2024-05-29 13:00:00,16765.43,16765.43,16716.056,16727.322,3541,1670,0,3541
2024-05-29 14:00:00,16727.277,16727.277,16680.544,16680.544,3540,1660,0,3540
2024-05-29 15:00:00,16680.527,16680.527,16635.53,16638.996,3543,1660,0,3543
2024-05-29 16:00:00,16638.991,16638.991,16582.678,16582.678,3546,1650,0,3546
2024-05-29 17:00:00,16582.674,16632.847,16582.674,16628.567,3548,1650,0,3548
2024-05-29 18:00:00,16628.553,16628.553,16581.589,16581.589,3527,1650,0,3527
2024-05-29 19:00:00,16581.563,16647.945,16538.895,16641.033,3532,1650,0,3532
2024-05-29 20:00:00,16641.031,16641.031,16600.895,16600.895,3539,1660,0,3539
2024-05-29 21:00:00,16600.862,16615.552,16576.44,16586.307,3548,1650,0,3548
2024-05-29 22:00:00,16586.274,16594.959,16544.231,16587.868,3526,1650,0,3526
2024-05-29 23:00:00,16587.859,16614.487,16569.456,16569.456,3549,1650,0,3549
2024-05-30 00:00:00,16569.445,16607.787,16567.965,16588.001,3543,1650,0,3543
2024-05-30 01:00:00,16587.995,16621.743,16579.308,16579.308,3528,1650,0,3528
2024-05-30 02:00:00,16579.302,16607.604,16549.377,16549.377,3545,1650,0,3545
2024-05-30 03:00:00,16549.366,16561.54,16532.373,16532.373,3548,1650,0,3548
2024-05-30 04:00:00,16532.367,16537.453,16507.809,16528.764,3541,1650,0,3541
2024-05-30 05:00:00,16528.744,16562.909,16525.298,16535.045,3551,1650,0,3551
2024-05-30 06:00:00,16535.007,16557.946,16523.456,16540.122,3531,1650,0,3531
2024-05-30 07:00:00,16540.115,16598.505,16532.092,16585.756,3531,1650,0,3531
2024-05-30 08:00:00,16585.745,16630.524,16578.498,16615.518,3542,1650,0,3542
2024-05-30 09:00:00,16615.51,16620.782,16573.78,16619.057,3545,1650,0,3545
2024-05-30 10:00:00,16619.05,16621.425,16570.644,16575.591,3539,1650,0,3539
2024-05-30 11:00:00,16575.588,16628.014,16568.934,16598.038,3553,1650,0,3553
2024-05-30 12:00:00,16598.028,16598.028,16538.973,16538.973,3536,1650,0,3536
2024-05-30 13:00:00,16538.957,16538.957,16487.52,16490.716,3518,1640,0,3518
2024-05-30 14:00:00,16490.688,16544.603,16482.876,16510.649,3545,1640,0,3545
2024-05-30 15:00:00,16510.643,16516.437,16474.411,16474.411,3533,1640,0,3533
2024-05-30 16:00:00,16474.398,16525.916,16444.221,16518.753,3542,1640,0,3542
2024-05-30 17:00:00,16518.738,16531.936,16503.118,16507.137,3541,1650,0,3541
2024-05-30 18:00:00,16507.136,16507.136,16470.84,16470.84,3558,1640,0,3558
2024-05-30 19:00:00,16470.819,16470.819,16425.014,16432.814,3538,1640,0,3538
2024-05-30 20:00:00,16432.788,16432.788,16400.611,16413.347,3536,1640,0,3536
2024-05-30 21:00:00,16413.322,16487.775,16399.28,16452.017,3535,1640,0,3535
2024-05-30 22:00:00,16451.992,16451.992,16397.626,16421.956,3536,1630,0,3536
2024-05-30 23:00:00,16421.934,16421.934,16377.474,16377.474,3535,1630,0,3535
2024-05-31 00:00:00,16377.443,16398.578,16368.859,16391.242,3535,1630,0,3535
2024-05-31 01:00:00,16391.236,16391.236,16332.615,16332.615,3537,1630,0,3537
2024-05-31 02:00:00,16332.59,16362.451,16319.614,16319.614,3544,1630,0,3544
2024-05-31 03:00:00,16319.613,16341.669,16309.277,16318.069,3534,1630,0,3534
2024-05-31 04:00:00,16318.059,16353.474,16316.972,16330.51,3522,1630,0,3522
2024-05-31 05:00:00,16330.483,16334.961,16306.946,16306.946,3528,1630,0,3528
2024-05-31 06:00:00,16306.944,16306.944,16250.836,16250.836,3544,1620,0,3544
2024-05-31 07:00:00,16250.808,16302.291,16242.923,16288.133,3529,1620,0,3529
2024-05-31 08:00:00,16288.121,16319.189,16264.277,16292.836,3532,1620,0,3532
2024-05-31 09:00:00,16292.821,16319.105,16275.011,16299.487,3535,1620,0,3535
2024-05-31 10:00:00,16299.473,16308.249,16281.092,16303.914,3538,1620,0,3538
2024-05-31 11:00:00,16303.906,16328.486,16294.567,16294.567,3540,1620,0,3540
2024-05-31 12:00:00,16294.546,16332.093,16285.577,16322.001,3530,1620,0,3530
2024-05-31 13:00:00,16321.99,16373.829,16304.101,16369.655,3547,1630,0,3547
2024-05-31 14:00:00,16369.624,16404.094,16344.679,16399.234,3539,1630,0,3539
2024-05-31 15:00:00,16399.23,16424.157,16394.876,16395.951,3538,1630,0,3538
2024-05-31 16:00:00,16395.948,16403.959,16373.791,16398.987,3526,1630,0,3526
2024-05-31 17:00:00,16398.971,16444.992,16372.401,16434.24,3541,1630,0,3541
2024-05-31 18:00:00,16434.228,16452.797,16406.23,16406.23,3535,1640,0,3535
2024-05-31 19:00:00,16406.207,16432.809,16380.995,16421.889,3532,1630,0,3532
2024-05-31 20:00:00,16421.875,16421.875,16373.954,16373.954,3543,1630,0,3543
2024-05-31 21:00:00,16373.942,16373.942,16341.818,16346.356,3556,1630,0,3556
2024-05-31 22:00:00,16346.349,16346.349,16297.173,16312.463,3533,1620,0,3533
2024-05-31 23:00:00,16312.45,16312.45,16277.684,16277.684,3535,1620,0,3535
2024-06-01 00:00:00,16277.659,16283.384,16254.622,16275.745,3535,1620,0,3535
2024-06-01 01:00:00,16275.721,16282.384,16245.45,16268.547,3534,1620,0,3534
2024-06-01 02:00:00,16268.52,16284.881,16248.492,16256.442,3525,1620,0,3525
2024-06-01 03:00:00,16256.429,16256.429,16212.695,16212.695,3550,1620,0,3550
2024-06-01 04:00:00,16212.68,16212.68,16164.518,16164.518,3547,1610,0,3547
2024-06-01 05:00:00,16164.498,16178.183,16135.717,16160.716,3535,1610,0,3535
2024-06-01 06:00:00,16160.708,16171.575,16138.722,16164.094,3538,1610,0,3538
2024-06-01 07:00:00,16164.063,16272.777,16162.531,16242.174,3531,1610,0,3531
2024-06-01 08:00:00,16242.151,16247.329,16191.054,16191.054,3536,1610,0,3536
2024-06-01 09:00:00,16191.034,16262.353,16169.47,16257.448,3547,1610,0,3547
2024-06-01 10:00:00,16257.442,16306.367,16250.711,16291.781,3552,1620,0,3552
2024-06-01 11:00:00,16291.762,16291.762,16259.312,16259.312,3530,1620,0,3530
2024-06-01 12:00:00,16259.306,16259.306,16222.778,16245.79,3541,1620,0,3541
2024-06-01 13:00:00,16245.764,16317.967,16239.564,16314.996,3532,1620,0,3532
2024-06-01 14:00:00,16314.993,16314.993,16281.654,16281.654,3530,1620,0,3530
2024-06-01 15:00:00,16281.633,16390.129,16268.277,16381.996,3536,1620,0,3536
2024-06-01 16:00:00,16381.98,16398.601,16354.165,16354.165,3549,1630,0,3549
2024-06-01 17:00:00,16354.158,16356.825,16320.665,16336.47,3538,1630,0,3538
2024-06-01 18:00:00,16336.459,16408.775,16330.35,16387.036,3523,1630,0,3523
2024-06-01 19:00:00,16387.015,16391.316,16349.11,16349.11,3547,1630,0,3547
2024-06-01 20:00:00,16349.101,16349.101,16298.549,16298.549,3528,1620,0,3528
2024-06-01 21:00:00,16298.519,16300.652,16251.075,16251.075,3535,1620,0,3535
2024-06-01 22:00:00,16251.055,16292.367,16237.524,16286.528,3539,1620,0,3539
2024-06-01 23:00:00,16286.51,16286.51,16243.383,16265.038,3541,1620,0,3541
2024-06-02 00:00:00,16265.034,16280.501,16225.996,16270.278,3540,1620,0,3540
2024-06-02 01:00:00,16270.276,16270.276,16216.381,16216.381,3540,1620,0,3540
2024-06-02 02:00:00,16216.352,16276.094,16213.523,16266.346,3531,1620,0,3531
2024-06-02 03:00:00,16266.34,16275.469,16220.576,16220.576,3541,1620,0,3541
2024-06-02 04:00:00,16220.551,16236.321,16200.11,16216.047,3538,1620,0,3538
2024-06-02 05:00:00,16216.019,16216.019,16176.176,16189.859,3533,1610,0,3533
2024-06-02 06:00:00,16189.839,16189.839,16140.465,16140.465,3544,1610,0,3544
2024-06-02 07:00:00,16140.447,16140.447,16094.812,16125.192,3531,1600,0,3531
2024-06-02 08:00:00,16125.191,16125.191,16065.994,16065.994,3540,1600,0,3540
2024-06-02 09:00:00,16065.986,16143.529,16045.4,16133.418,3534,1600,0,3534
2024-06-02 10:00:00,16133.409,16151.66,16116.735,16120.711,3557,1610,0,3557
2024-06-02 11:00:00,16120.698,16120.698,16070.107,16073.524,3531,1600,0,3531
2024-06-02 12:00:00,16073.505,16073.505,16027.414,16027.414,3528,1600,0,3528
2024-06-02 13:00:00,16027.389,16054.62,16012.861,16025.387,3542,1600,0,3542
2024-06-02 14:00:00,16025.362,16026.746,15990.312,16014.378,3542,1590,0,3542
2024-06-02 15:00:00,16014.364,16036.428,15994.927,16022.067,3545,1590,0,3545
2024-06-02 16:00:00,16022.037,16022.037,15975.891,15975.891,3522,1590,0,3522
2024-06-02 17:00:00,15975.881,15980.087,15944.358,15977.895,3536,1590,0,3536
2024-06-02 18:00:00,15977.868,16024.137,15971.614,16023.759,3546,1590,0,3546
2024-06-02 19:00:00,16023.734,16023.734,15981.335,15988.598,3531,1590,0,3531
2024-06-02 20:00:00,15988.594,16026.194,15968.051,16010.278,3530,1590,0,3530
2024-06-02 21:00:00,16010.273,16038.927,15985.519,16020.273,3536,1590,0,3536
2024-06-02 22:00:00,16020.268,16056.078,15990.285,16043.492,3545,1590,0,3545
2024-06-02 23:00:00,16043.472,16162.98,16040.641,16144.243,3539,1600,0,3539
2024-06-03 00:00:00,16144.239,16154.253,16119.031,16119.031,3520,1610,0,3520
2024-06-03 01:00:00,16119.015,16128.676,16092.658,16119.28,3542,1600,0,3542
2024-06-03 02:00:00,16119.272,16119.272,16068.162,16068.162,3540,1600,0,3540
2024-06-03 03:00:00,16068.134,16132.113,16061.781,16088.931,3537,1600,0,3537
2024-06-03 04:00:00,16088.891,16105.252,16069.612,16085.597,3524,1600,0,3524
2024-06-03 05:00:00,16085.575,16137.318,16081.858,16107.701,3532,1600,0,3532
2024-06-03 06:00:00,16107.695,16125.397,16082.033,16109.772,3538,1600,0,3538
2024-06-03 07:00:00,16109.74,16114.886,16070.271,16070.271,3525,1600,0,3525
2024-06-03 08:00:00,16070.262,16109.893,16063.461,16096.75,3532,1600,0,3532
2024-06-03 09:00:00,16096.745,16096.745,16057.076,16067.884,3540,1600,0,3540
2024-06-03 10:00:00,16067.876,16118.993,16047.905,16107.124,3540,1600,0,3540
2024-06-03 11:00:00,16107.091,16249.265,16097.697,16222.534,3546,1610,0,3546
2024-06-03 12:00:00,16222.523,16263.233,16217.274,16217.274,3559,1620,0,3559
2024-06-03 13:00:00,16217.262,16279.327,16204.018,16273.451,3526,1620,0,3526
2024-06-03 14:00:00,16273.44,16294.779,16245.236,16294.484,3549,1620,0,3549
2024-06-03 15:00:00,16294.464,16318.741,16287.258,16305.741,3535,1620,0,3535
2024-06-03 16:00:00,16305.722,16357.148,16304.309,16342.822,3536,1630,0,3536
2024-06-03 17:00:00,16342.8,16375.236,16331.202,16355.534,3532,1630,0,3532
2024-06-03 18:00:00,16355.508,16355.508,16296.495,16296.495,3540,1620,0,3540
2024-06-03 19:00:00,16296.481,16296.481,16254.175,16268.943,3538,1620,0,3538
2024-06-03 20:00:00,16268.926,16268.926,16227.042,16244.683,3531,1620,0,3531
2024-06-03 21:00:00,16244.673,16244.673,16212.434,16214.681,3542,1620,0,3542
2024-06-03 22:00:00,16214.656,16214.656,16177.145,16177.145,3531,1610,0,3531
2024-06-03 23:00:00,16177.142,16214.966,16171.326,16201.32,3534,1610,0,3534
2024-06-04 00:00:00,16201.294,16209.096,16174.745,16195.516,3540,1610,0,3540
2024-06-04 01:00:00,16195.508,16259.352,16189.036,16258.835,3526,1610,0,3526
2024-06-04 02:00:00,16258.808,16307.73,16254.351,16306.284,3547,1620,0,3547
2024-06-04 03:00:00,16306.25,16327.892,16290.173,16303.277,3527,1620,0,3527
2024-06-04 04:00:00,16303.272,16303.272,16254.073,16254.073,3545,1620,0,3545
2024-06-04 05:00:00,16254.058,16270.549,16217.854,16217.854,3533,1620,0,3533
2024-06-04 06:00:00,16217.838,16217.838,16175.908,16193.175,3534,1610,0,3534
2024-06-04 07:00:00,16193.167,16208.95,16165.996,16202.013,3545,1610,0,3545
2024-06-04 08:00:00,16202.006,16202.006,16158.359,16158.359,3551,1610,0,3551
2024-06-04 09:00:00,16158.333,16158.333,16124.154,16130.057,3537,1610,0,3537
2024-06-04 10:00:00,16130.052,16185.553,16121.528,16175.474,3541,1610,0,3541
2024-06-04 11:00:00,16175.437,16175.437,16116.883,16116.883,3528,1610,0,3528
2024-06-04 12:00:00,16116.868,16126.711,16089.729,16104.213,3541,1600,0,3541
2024-06-04 13:00:00,16104.206,16104.206,16061.564,16063.948,3528,1600,0,3528
2024-06-04 14:00:00,16063.929,16089.521,16039.218,16039.218,3530,1600,0,3530
2024-06-04 15:00:00,16039.205,16082.314,16029.333,16040.733,3526,1600,0,3526
2024-06-04 16:00:00,16040.701,16040.701,15999.268,16007.569,3550,1600,0,3550
2024-06-04 17:00:00,16007.553,16007.553,15971.579,15971.579,3544,1590,0,3544
2024-06-04 18:00:00,15971.562,15971.562,15943.789,15947.527,3546,1590,0,3546
2024-06-04 19:00:00,15947.515,15947.515,15911.537,15930.178,3535,1590,0,3535
2024-06-04 20:00:00,15930.174,15966.935,15921.363,15921.363,3528,1590,0,3528
2024-06-04 21:00:00,15921.341,15948.457,15908.371,15909.118,3541,1590,0,3541
2024-06-04 22:00:00,15909.09,15909.09,15852.907,15852.907,3530,1580,0,3530
2024-06-04 23:00:00,15852.861,15852.861,15813.646,15829.589,3533,1580,0,3533
2024-06-05 00:00:00,15829.58,15834.135,15802.25,15820.725,3544,1580,0,3544
2024-06-05 01:00:00,15820.71,15853.954,15808.617,15808.617,3543,1580,0,3543
2024-06-05 02:00:00,15808.603,15808.603,15754.313,15754.313,3540,1570,0,3540
2024-06-05 03:00:00,15754.309,15782.196,15741.248,15758.013,3547,1570,0,3547
2024-06-05 04:00:00,15757.988,15795.154,15748.528,15766.83,3545,1570,0,3545
2024-06-05 05:00:00,15766.81,15796.16,15737.631,15775.982,3533,1570,0,3533
2024-06-05 06:00:00,15775.976,15775.976,15719.529,15719.529,3543,1570,0,3543
2024-06-05 07:00:00,15719.502,15737.314,15710.136,15727.011,3531,1570,0,3531
2024-06-05 08:00:00,15727.004,15768.678,15716.668,15757.788,3537,1570,0,3537
2024-06-05 09:00:00,15757.751,15797.006,15746.639,15769.795,3533,1570,0,3533
2024-06-05 10:00:00,15769.785,15794.061,15752.91,15773.449,3540,1570,0,3540
2024-06-05 11:00:00,15773.427,15783.974,15766.719,15772.15,3545,1570,0,3545
2024-06-05 12:00:00,15772.149,15786.65,15761.744,15775.728,3546,1570,0,3546
2024-06-05 13:00:00,15775.712,15777.547,15744.566,15761.985,3548,1570,0,3548
2024-06-05 14:00:00,15761.982,15761.982,15718.093,15749.478,3533,1570,0,3533
2024-06-05 15:00:00,15749.473,15749.473,15707.305,15717.499,3533,1570,0,3533
2024-06-05 16:00:00,15717.485,15717.485,15671.486,15678.718,3534,1560,0,3534
2024-06-05 17:00:00,15678.705,15693.935,15646.247,15646.247,3529,1560,0,3529
2024-06-05 18:00:00,15646.206,15656.246,15623.087,15633.114,3544,1560,0,3544
2024-06-05 19:00:00,15633.093,15681.504,15626.181,15673.852,3537,1560,0,3537
2024-06-05 20:00:00,15673.843,15688.399,15661.946,15676.343,3537,1560,0,3537
2024-06-05 21:00:00,15676.32,15676.32,15623.589,15623.589,3533,1560,0,3533
2024-06-05 22:00:00,15623.55,15650.256,15612.282,15642.783,3535,1560,0,3535
2024-06-05 23:00:00,15642.764,15655.841,15616.328,15650.568,3528,1560,0,3528
2024-06-06 00:00:00,15650.543,15650.543,15619.301,15634.567,3545,1560,0,3545
2024-06-06 01:00:00,15634.554,15673.403,15627.308,15663.535,3548,1560,0,3548
2024-06-06 02:00:00,15663.528,15669.487,15623.801,15630.743,3535,1560,0,3535
2024-06-06 03:00:00,15630.716,15641.304,15613.11,15634.733,2819,1560,0,2819
2024-06-06 04:00:00,15634.731,15652.242,15617.755,15621.732,3532,1560,0,3532
2024-06-06 05:00:00,15621.724,15636.166,15585.773,15603.238,3535,1550,0,3535
2024-06-06 06:00:00,15603.232,15611.669,15575.28,15581.005,3541,1550,0,3541
2024-06-06 07:00:00,15580.981,15622.612,15559.931,15613.173,3532,1550,0,3532
2024-06-06 08:00:00,15613.159,15662.535,15598.042,15650.321,3556,1550,0,3556
2024-06-06 09:00:00,15650.305,15653.967,15615.344,15615.344,3526,1560,0,3526
2024-06-06 10:00:00,15615.342,15615.342,15585.261,15588.609,3543,1550,0,3543
2024-06-06 11:00:00,15588.584,15607.433,15554.266,15603.217,3528,1550,0,3528
2024-06-06 12:00:00,15603.192,15673.911,15602.921,15670.819,3538,1560,0,3538
2024-06-06 13:00:00,15670.8,15689.806,15653.952,15653.952,3526,1560,0,3526
2024-06-06 14:00:00,15653.934,15690.691,15648.646,15673.351,3547,1560,0,3547
2024-06-06 15:00:00,15673.339,15673.339,15632.842,15632.842,3543,1560,0,3543
2024-06-06 16:00:00,15632.839,15672.718,15625.495,15661.785,3551,1560,0,3551
2024-06-06 17:00:00,15661.782,15667.905,15634.916,15650.926,3539,1560,0,3539
2024-06-06 18:00:00,15650.926,15650.926,15595.37,15622.738,3529,1550,0,3529
2024-06-06 19:00:00,15622.719,15649.222,15602.887,15602.887,3537,1560,0,3537
2024-06-06 20:00:00,15602.88,15628.533,15577.024,15625.893,3528,1550,0,3528
2024-06-06 21:00:00,15625.883,15664.577,15621.521,15659.103,3527,1560,0,3527
2024-06-06 22:00:00,15659.097,15665.87,15630.149,15638.539,3534,1560,0,3534
2024-06-06 23:00:00,15638.515,15659.667,15631.69,15631.69,3532,1560,0,3532
2024-06-07 00:00:00,15631.648,15682.588,15627.684,15644.568,3540,1560,0,3540
2024-06-07 01:00:00,15644.561,15644.561,15597.445,15597.445,3518,1550,0,3518
2024-06-07 02:00:00,15597.401,15627.372,15587.831,15615.713,3539,1550,0,3539
2024-06-07 03:00:00,15615.695,15628.879,15579.574,15587.465,3534,1550,0,3534
2024-06-07 04:00:00,15587.456,15596.231,15565.009,15565.009,3532,1550,0,3532
2024-06-07 05:00:00,15565.0,15635.004,15554.671,15627.212,3540,1550,0,3540
2024-06-07 06:00:00,15627.202,15698.617,15624.038,15693.926,3533,1560,0,3533
2024-06-07 07:00:00,15693.918,15717.666,15675.504,15682.919,3533,1560,0,3533
2024-06-07 08:00:00,15682.909,15754.772,15679.75,15736.724,3540,1560,0,3540
2024-06-07 09:00:00,15736.712,15749.433,15709.62,15737.418,3534,1570,0,3534
2024-06-07 10:00:00,15737.409,15737.409,15694.008,15694.008,3526,1560,0,3526
2024-06-07 11:00:00,15693.969,15729.225,15666.568,15721.06,3545,1560,0,3545
2024-06-07 12:00:00,15721.049,15775.468,15716.256,15743.53,3542,1570,0,3542
2024-06-07 13:00:00,15743.496,15743.496,15687.678,15687.678,3535,1560,0,3535
2024-06-07 14:00:00,15687.675,15693.525,15668.419,15675.577,3535,1560,0,3535
2024-06-07 15:00:00,15675.546,15680.856,15639.848,15639.848,3533,1560,0,3533
2024-06-07 16:00:00,15639.838,15651.483,15621.241,15636.936,3528,1560,0,3528
2024-06-07 17:00:00,15636.908,15636.918,15592.71,15592.71,3545,1550,0,3545
2024-06-07 18:00:00,15592.697,15598.7,15564.257,15583.361,3538,1550,0,3538
2024-06-07 19:00:00,15583.354,15620.44,15579.697,15593.51,3533,1550,0,3533
2024-06-07 20:00:00,15593.487,15653.798,15593.005,15653.219,3535,1550,0,3535
2024-06-07 21:00:00,15653.193,15669.705,15642.56,15648.746,3545,1560,0,3545
2024-06-07 22:00:00,15648.698,15680.152,15647.163,15671.953,3541,1560,0,3541
2024-06-07 23:00:00,15671.925,15733.082,15649.305,15717.073,3532,1560,0,3532
2024-06-08 00:00:00,15717.04,15735.495,15680.444,15680.444,3527,1560,0,3527
2024-06-08 01:00:00,15680.424,15680.424,15646.908,15666.012,3531,1560,0,3531
2024-06-08 02:00:00,15665.98,15702.162,15656.998,15668.092,3540,1560,0,3540
2024-06-08 03:00:00,15668.088,15698.955,15663.032,15687.971,3532,1560,0,3532
2024-06-08 04:00:00,15687.968,15723.042,15683.146,15683.481,3534,1560,0,3534
2024-06-08 05:00:00,15683.463,15683.463,15627.258,15627.258,3530,1560,0,3530
2024-06-08 06:00:00,15627.23,15667.862,15616.328,15653.242,3536,1560,0,3536
2024-06-08 07:00:00,15653.225,15653.225,15611.321,15623.076,3547,1560,0,3547
2024-06-08 08:00:00,15623.073,15644.321,15584.227,15636.541,3540,1550,0,3540
2024-06-08 09:00:00,15636.498,15657.903,15619.233,15630.462,3523,1560,0,3523
2024-06-08 10:00:00,15630.442,15657.162,15623.342,15631.655,3542,1560,0,3542
2024-06-08 11:00:00,15631.637,15637.461,15591.802,15596.163,3552,1550,0,3552
2024-06-08 12:00:00,15596.134,15623.287,15577.966,15591.05,3531,1550,0,3531
2024-06-08 13:00:00,15591.017,15591.017,15559.398,15567.127,3530,1550,0,3530
2024-06-08 14:00:00,15567.12,15567.12,15537.34,15560.257,3526,1550,0,3526
2024-06-08 15:00:00,15560.25,15565.851,15531.521,15531.521,3542,1550,0,3542
2024-06-08 16:00:00,15531.511,15531.511,15496.718,15526.515,3528,1540,0,3528
2024-06-08 17:00:00,15526.465,15582.495,15525.986,15560.703,3530,1550,0,3530
2024-06-08 18:00:00,15560.664,15560.664,15505.055,15505.055,3528,1550,0,3528
2024-06-08 19:00:00,15505.041,15505.041,15477.014,15479.089,3540,1540,0,3540
2024-06-08 20:00:00,15479.083,15486.17,15449.52,15449.52,3538,1540,0,3538
2024-06-08 21:00:00,15449.516,15449.516,15417.125,15440.626,3547,1540,0,3547
2024-06-08 22:00:00,15440.598,15472.348,15419.139,15469.16,3535,1540,0,3535
2024-06-08 23:00:00,15469.135,15520.018,15463.489,15513.624,3525,1540,0,3525
2024-06-09 00:00:00,15513.612,15521.133,15476.953,15491.101,3524,1540,0,3524
2024-06-09 01:00:00,15491.088,15508.68,15461.988,15461.988,3509,1540,0,3509
2024-06-09 02:00:00,15461.967,15461.967,15418.352,15418.352,3529,1540,0,3529
2024-06-09 03:00:00,15418.344,15418.344,15371.371,15371.371,3544,1530,0,3544
2024-06-09 04:00:00,15371.355,15389.884,15341.952,15367.807,3541,1530,0,3541
2024-06-09 05:00:00,15367.805,15458.786,15365.066,15449.137,3531,1530,0,3531
2024-06-09 06:00:00,15449.129,15487.177,15445.437,15460.622,3546,1540,0,3546
2024-06-09 07:00:00,15460.61,15499.571,15451.993,15487.612,3549,1540,0,3549
2024-06-09 08:00:00,15487.576,15501.913,15474.209,15475.528,3526,1540,0,3526
2024-06-09 09:00:00,15475.507,15475.507,15419.469,15419.469,3522,1540,0,3522
2024-06-09 10:00:00,15419.445,15433.723,15398.738,15411.781,3542,1530,0,3542
2024-06-09 11:00:00,15411.758,15413.21,15373.092,15411.716,3539,1530,0,3539
2024-06-09 12:00:00,15411.68,15464.48,15408.196,15424.109,3536,1540,0,3536
2024-06-09 13:00:00,15424.089,15446.007,15407.511,15407.511,3548,1540,0,3548
2024-06-09 14:00:00,15407.508,15433.249,15399.986,15406.561,3538,1540,0,3538
2024-06-09 15:00:00,15406.554,15429.049,15379.92,15390.257,3534,1530,0,3534
2024-06-09 16:00:00,15390.254,15442.067,15388.158,15423.715,3543,1530,0,3543
2024-06-09 17:00:00,15423.709,15505.318,15409.719,15485.96,3528,1540,0,3528
2024-06-09 18:00:00,15485.934,15527.844,15479.674,15479.674,3536,1540,0,3536
2024-06-09 19:00:00,15479.658,15479.658,15435.704,15439.38,3540,1540,0,3540
2024-06-09 20:00:00,15439.348,15493.098,15438.502,15486.172,3537,1540,0,3537
2024-06-09 21:00:00,15486.152,15508.605,15473.906,15483.917,3535,1540,0,3535
2024-06-09 22:00:00,15483.903,15547.851,15463.577,15520.544,3543,1540,0,3543
2024-06-09 23:00:00,15520.543,15568.085,15498.744,15548.913,3531,1550,0,3531
2024-06-10 00:00:00,15548.878,15591.463,15540.964,15557.759,3537,1550,0,3537
2024-06-10 01:00:00,15557.743,15573.051,15549.801,15549.801,3529,1550,0,3529
2024-06-10 02:00:00,15549.797,15573.741,15536.24,15536.24,3530,1550,0,3530
2024-06-10 03:00:00,15536.215,15589.295,15532.383,15582.942,3529,1550,0,3529
2024-06-10 04:00:00,15582.941,15604.715,15563.859,15579.172,3531,1550,0,3531
2024-06-10 05:00:00,15579.165,15606.373,15565.705,15565.705,3543,1550,0,3543
2024-06-10 06:00:00,15565.705,15570.918,15530.249,15549.75,3534,1550,0,3534
2024-06-10 07:00:00,15549.717,15588.83,15511.79,15587.943,3539,1550,0,3539
2024-06-10 08:00:00,15587.899,15587.899,15548.112,15553.725,3545,1550,0,3545
2024-06-10 09:00:00,15553.714,15559.712,15522.934,15538.802,3535,1550,0,3535
2024-06-10 10:00:00,15538.784,15558.621,15506.236,15556.116,3526,1550,0,3526
2024-06-10 11:00:00,15556.111,15644.169,15548.967,15626.7,3541,1550,0,3541
2024-06-10 12:00:00,15626.699,15655.717,15618.001,15650.413,3534,1560,0,3534
2024-06-10 13:00:00,15650.406,15696.603,15625.285,15675.555,3532,1560,0,3532
2024-06-10 14:00:00,15675.553,15675.553,15638.381,15653.571,3540,1560,0,3540
2024-06-10 15:00:00,15653.566,15653.566,15596.355,15596.355,3539,1550,0,3539
2024-06-10 16:00:00,15596.347,15596.347,15555.491,15555.491,3533,1550,0,3533
2024-06-10 17:00:00,15555.478,15560.232,15537.553,15537.553,3541,1550,0,3541
2024-06-10 18:00:00,15537.538,15547.23,15518.067,15523.887,3538,1550,0,3538
2024-06-10 19:00:00,15523.879,15546.124,15481.153,15542.511,3522,1540,0,3522
2024-06-10 20:00:00,15542.501,15542.501,15495.134,15507.873,3546,1540,0,3546
2024-06-10 21:00:00,15507.856,15535.421,15501.831,15528.729,3541,1550,0,3541
2024-06-10 22:00:00,15528.71,15535.705,15510.384,15524.808,3522,1550,0,3522
2024-06-10 23:00:00,15524.794,15537.308,15497.09,15514.816,3529,1540,0,3529
2024-06-11 00:00:00,15514.785,15524.33,15491.812,15518.985,3533,1540,0,3533
2024-06-11 01:00:00,15518.969,15545.851,15511.301,15527.222,3533,1550,0,3533
2024-06-11 02:00:00,15527.218,15584.203,15501.486,15577.956,3533,1550,0,3533
2024-06-11 03:00:00,15577.923,15598.841,15556.985,15556.985,3517,1550,0,3517
2024-06-11 04:00:00,15556.977,15615.605,15550.389,15608.117,3521,1550,0,3521
2024-06-11 05:00:00,15608.108,15622.604,15588.092,15615.481,3546,1550,0,3546
2024-06-11 06:00:00,15615.469,15615.469,15584.417,15584.417,3533,1550,0,3533
2024-06-11 07:00:00,15584.416,15671.754,15577.056,15643.839,3535,1550,0,3535
2024-06-11 08:00:00,15643.814,15667.699,15622.001,15622.001,3527,1560,0,3527
2024-06-11 09:00:00,15621.982,15636.243,15596.974,15596.974,3532,1550,0,3532
2024-06-11 10:00:00,15596.941,15596.941,15542.834,15542.834,3545,1550,0,3545
2024-06-11 11:00:00,15542.823,15542.823,15490.954,15490.954,3517,1540,0,3517
2024-06-11 12:00:00,15490.949,15517.874,15459.014,15502.356,3542,1540,0,3542
2024-06-11 13:00:00,15502.344,15529.671,15474.224,15526.789,3538,1540,0,3538
2024-06-11 14:00:00,15526.765,15533.391,15493.583,15533.095,3532,1540,0,3532
2024-06-11 15:00:00,15533.082,15539.43,15518.085,15526.1,3528,1550,0,3528
2024-06-11 16:00:00,15526.1,15528.407,15490.37,15490.37,3543,1540,0,3543
2024-06-11 17:00:00,15490.357,15556.538,15482.458,15539.753,3527,1540,0,3527
2024-06-11 18:00:00,15539.747,15539.747,15495.773,15506.208,3523,1540,0,3523
2024-06-11 19:00:00,15506.2,15506.2,15479.386,15501.147,3537,1540,0,3537
2024-06-11 20:00:00,15501.144,15512.515,15463.916,15499.292,3543,1540,0,3543
2024-06-11 21:00:00,15499.287,15499.287,15464.198,15465.901,3526,1540,0,3526
2024-06-11 22:00:00,15465.895,15548.777,15464.059,15526.638,3544,1540,0,3544
2024-06-11 23:00:00,15526.617,15547.076,15511.315,15518.018,3549,1550,0,3549
2024-06-12 00:00:00,15517.999,15580.856,15515.771,15570.833,3543,1550,0,3543
2024-06-12 01:00:00,15570.821,15580.651,15558.948,15570.973,3531,1550,0,3531
2024-06-12 02:00:00,15570.953,15622.588,15567.946,15583.188,3534,1550,0,3534
2024-06-12 03:00:00,15583.184,15636.816,15578.715,15628.121,3546,1550,0,3546
2024-06-12 04:00:00,15628.12,15677.373,15608.13,15677.308,3525,1560,0,3525
2024-06-12 05:00:00,15677.285,15708.32,15666.947,15683.517,3535,1560,0,3535
2024-06-12 06:00:00,15683.511,15683.511,15636.973,15668.114,3548,1560,0,3548
2024-06-12 07:00:00,15668.107,15708.102,15665.374,15694.14,3538,1560,0,3538
2024-06-12 08:00:00,15694.109,15694.109,15637.288,15637.288,3530,1560,0,3530
2024-06-12 09:00:00,15637.282,15645.331,15612.596,15618.313,3531,1560,0,3531
2024-06-12 10:00:00,15618.286,15631.076,15593.482,15630.361,3548,1550,0,3548
2024-06-12 11:00:00,15630.33,15636.409,15598.894,15622.046,3542,1560,0,3542
2024-06-12 12:00:00,15622.044,15669.516,15612.841,15649.287,3554,1560,0,3554
2024-06-12 13:00:00,15649.283,15649.283,15606.468,15619.427,3524,1560,0,3524
2024-06-12 14:00:00,15619.422,15627.0,15593.913,15597.226,3556,1550,0,3556
2024-06-12 15:00:00,15597.201,15597.201,15558.867,15569.263,3528,1550,0,3528
2024-06-12 16:00:00,15569.258,15593.562,15561.768,15579.46,3540,1550,0,3540
2024-06-12 17:00:00,15579.455,15579.455,15543.157,15545.129,3529,1550,0,3529
2024-06-12 18:00:00,15545.126,15548.636,15497.851,15541.881,3530,1540,0,3530
2024-06-12 19:00:00,15541.869,15541.869,15494.094,15494.094,3542,1540,0,3542
2024-06-12 20:00:00,15494.094,15503.361,15460.806,15470.873,3538,1540,0,3538
2024-06-12 21:00:00,15470.863,15470.863,15425.737,15425.737,3534,1540,0,3534
2024-06-12 22:00:00,15425.699,15454.41,15392.591,15443.821,3527,1530,0,3527
2024-06-12 23:00:00,15443.806,15443.806,15388.658,15420.744,3544,1530,0,3544
2024-06-13 00:00:00,15420.706,15461.149,15414.829,15452.456,3530,1540,0,3530
2024-06-13 01:00:00,15452.418,15452.418,15405.203,15405.203,3539,1540,0,3539
2024-06-13 02:00:00,15405.165,15476.44,15398.657,15463.647,3540,1540,0,3540
2024-06-13 03:00:00,15463.635,15507.098,15438.681,15506.679,3539,1540,0,3539
2024-06-13 04:00:00,15506.663,15539.898,15488.838,15537.695,3538,1540,0,3538
2024-06-13 05:00:00,15537.683,15571.459,15516.355,15554.728,3536,1550,0,3536
2024-06-13 06:00:00,15554.721,15613.922,15553.364,15591.692,3519,1550,0,3519
2024-06-13 07:00:00,15591.674,15604.955,15565.45,15586.521,3546,1550,0,3546
2024-06-13 08:00:00,15586.499,15617.751,15575.533,15575.533,3521,1550,0,3521
2024-06-13 09:00:00,15575.512,15658.661,15568.921,15654.787,3519,1550,0,3519
2024-06-13 10:00:00,15654.767,15676.935,15640.17,15661.781,3539,1560,0,3539
2024-06-13 11:00:00,15661.773,15667.087,15626.087,15659.577,3523,1560,0,3523
2024-06-13 12:00:00,15659.562,15711.739,15652.408,15701.979,3530,1560,0,3530
2024-06-13 13:00:00,15701.972,15701.972,15662.077,15662.077,3546,1560,0,3546
2024-06-13 14:00:00,15662.051,15662.051,15620.138,15620.138,3537,1560,0,3537
2024-06-13 15:00:00,15620.121,15620.121,15569.984,15570.119,3545,1550,0,3545
2024-06-13 16:00:00,15570.099,15570.099,15526.778,15526.778,3529,1550,0,3529
2024-06-13 17:00:00,15526.773,15602.799,15516.836,15592.909,3534,1550,0,3534
2024-06-13 18:00:00,15592.869,15592.869,15548.799,15557.072,3528,1550,0,3528
2024-06-13 19:00:00,15557.059,15603.669,15540.072,15599.444,3539,1550,0,3539
2024-06-13 20:00:00,15599.441,15617.887,15588.301,15588.301,3551,1550,0,3551
2024-06-13 21:00:00,15588.298,15588.298,15549.866,15549.866,3533,1550,0,3533
2024-06-13 22:00:00,15549.856,15549.856,15515.364,15515.364,3526,1550,0,3526
2024-06-13 23:00:00,15515.344,15541.639,15489.834,15527.828,3531,1540,0,3531
2024-06-14 00:00:00,15527.804,15527.804,15472.45,15472.45,3533,1540,0,3533
2024-06-14 01:00:00,15472.435,15519.269,15462.586,15498.34,3543,1540,0,3543
2024-06-14 02:00:00,15498.326,15517.742,15474.683,15512.388,3542,1540,0,3542
2024-06-14 03:00:00,15512.375,15587.953,15486.866,15585.045,3544,1540,0,3544
2024-06-14 04:00:00,15585.033,15585.033,15554.33,15575.535,3529,1550,0,3529
2024-06-14 05:00:00,15575.531,15649.781,15573.982,15642.111,3536,1550,0,3536
2024-06-14 06:00:00,15642.099,15682.762,15631.201,15667.111,3534,1560,0,3534
2024-06-14 07:00:00,15667.085,15682.568,15634.892,15679.575,3524,1560,0,3524
2024-06-14 08:00:00,15679.568,15739.409,15678.972,15731.008,3545,1560,0,3545
2024-06-14 09:00:00,15730.997,15730.997,15678.498,15711.538,3531,1560,0,3531
2024-06-14 10:00:00,15711.533,15719.248,15694.515,15697.454,3552,1560,0,3552
2024-06-14 11:00:00,15697.445,15776.986,15697.118,15736.485,3535,1570,0,3535
2024-06-14 12:00:00,15736.446,15746.499,15711.025,15719.919,3546,1570,0,3546
2024-06-14 13:00:00,15719.886,15719.886,15687.839,15709.602,3539,1560,0,3539
2024-06-14 14:00:00,15709.598,15748.891,15702.961,15736.783,3537,1570,0,3537
2024-06-14 15:00:00,15736.763,15752.319,15715.029,15719.744,3547,1570,0,3547
2024-06-14 16:00:00,15719.706,15773.434,15717.607,15749.604,3530,1570,0,3530
2024-06-14 17:00:00,15749.598,15777.079,15734.083,15773.159,3537,1570,0,3537
2024-06-14 18:00:00,15773.158,15782.378,15734.858,15762.032,3538,1570,0,3538
2024-06-14 19:00:00,15762.023,15762.023,15729.38,15731.5,3535,1570,0,3535
2024-06-14 20:00:00,15731.493,15798.667,15723.295,15784.816,3530,1570,0,3530
2024-06-14 21:00:00,15784.782,15811.506,15747.464,15811.415,3539,1570,0,3539
2024-06-14 22:00:00,15811.403,15811.403,15764.811,15764.811,3541,1570,0,3541
2024-06-14 23:00:00,15764.78,15766.429,15739.513,15739.513,3542,1570,0,3542
2024-06-15 00:00:00,15739.496,15748.218,15715.588,15734.547,3529,1570,0,3529
2024-06-15 01:00:00,15734.528,15734.528,15685.077,15685.077,3551,1560,0,3551
2024-06-15 02:00:00,15685.056,15689.241,15637.715,15637.715,3527,1560,0,3527
2024-06-15 03:00:00,15637.709,15637.709,15592.823,15592.823,3543,1550,0,3543
2024-06-15 04:00:00,15592.82,15634.895,15582.941,15621.375,3533,1550,0,3533
2024-06-15 05:00:00,15621.364,15621.364,15583.921,15587.498,3533,1550,0,3533
2024-06-15 06:00:00,15587.474,15587.474,15553.29,15575.386,3528,1550,0,3528
2024-06-15 07:00:00,15575.372,15706.495,15575.348,15699.304,3528,1550,0,3528
2024-06-15 08:00:00,15699.29,15754.925,15688.029,15751.938,3525,1560,0,3525
2024-06-15 09:00:00,15751.937,15789.296,15748.15,15762.8,3551,1570,0,3551
2024-06-15 10:00:00,15762.784,15764.172,15729.662,15744.838,3531,1570,0,3531
2024-06-15 11:00:00,15744.819,15855.502,15743.504,15834.649,3542,1570,0,3542
2024-06-15 12:00:00,15834.609,15834.609,15796.633,15796.633,3541,1570,0,3541
2024-06-15 13:00:00,15796.629,15815.632,15772.436,15793.81,3537,1570,0,3537
2024-06-15 14:00:00,15793.793,15832.664,15779.695,15811.872,3538,1570,0,3538
2024-06-15 15:00:00,15811.837,15876.779,15810.36,15873.009,3534,1580,0,3534
2024-06-15 16:00:00,15872.984,15896.926,15861.956,15864.719,3538,1580,0,3538
2024-06-15 17:00:00,15864.703,15893.049,15863.233,15887.11,3538,1580,0,3538
2024-06-15 18:00:00,15887.095,15887.095,15845.382,15858.017,3530,1580,0,3530
2024-06-15 19:00:00,15857.999,15890.037,15852.014,15870.509,3535,1580,0,3535
2024-06-15 20:00:00,15870.494,15871.19,15828.404,15861.367,3540,1580,0,3540
2024-06-15 21:00:00,15861.34,15902.766,15853.78,15858.678,3539,1580,0,3539
2024-06-15 22:00:00,15858.662,15870.512,15835.244,15845.277,3536,1580,0,3536
2024-06-15 23:00:00,15845.233,15885.043,15820.76,15881.82,3532,1580,0,3532
2024-06-16 00:00:00,15881.817,15900.056,15861.749,15861.749,3553,1580,0,3553
2024-06-16 01:00:00,15861.737,15883.013,15845.607,15856.554,3346,1580,0,3346
2024-06-16 02:00:00,15856.526,15882.215,15832.467,15849.693,3524,1580,0,3524
2024-06-16 03:00:00,15849.682,15864.878,15837.442,15843.205,3544,1580,0,3544
2024-06-16 04:00:00,15843.192,15870.322,15813.42,15855.268,3540,1580,0,3540
2024-06-16 05:00:00,15855.247,15861.482,15835.01,15837.679,3537,1580,0,3537
2024-06-16 06:00:00,15837.673,15848.94,15820.077,15835.303,3542,1580,0,3542
2024-06-16 07:00:00,15835.286,15837.345,15780.459,15780.459,3530,1570,0,3530
2024-06-16 08:00:00,15780.441,15789.733,15750.589,15763.414,3539,1570,0,3539
2024-06-16 09:00:00,15763.397,15771.998,15740.345,15740.345,3539,1570,0,3539
2024-06-16 10:00:00,15740.328,15765.471,15703.891,15755.505,3529,1570,0,3529
2024-06-16 11:00:00,15755.474,15770.104,15721.736,15721.736,3530,1570,0,3530
2024-06-16 12:00:00,15721.732,15736.199,15684.783,15684.783,3532,1560,0,3532
2024-06-16 13:00:00,15684.775,15695.179,15666.624,15685.355,3538,1560,0,3538
2024-06-16 14:00:00,15685.343,15685.343,15647.724,15647.724,3528,1560,0,3528
2024-06-16 15:00:00,15647.713,15684.539,15620.914,15678.011,3533,1560,0,3533
2024-06-16 16:00:00,15677.997,15678.151,15649.2,15664.462,3535,1560,0,3535
2024-06-16 17:00:00,15664.46,15722.014,15657.092,15695.386,3524,1560,0,3524
2024-06-16 18:00:00,15695.38,15695.38,15644.465,15644.465,3540,1560,0,3540
2024-06-16 19:00:00,15644.446,15684.312,15614.625,15670.226,3539,1560,0,3539
2024-06-16 20:00:00,15670.212,15686.787,15651.709,15670.001,3539,1560,0,3539
2024-06-16 21:00:00,15670.001,15724.162,15653.058,15703.683,3545,1560,0,3545
2024-06-16 22:00:00,15703.665,15703.665,15651.191,15651.191,3543,1560,0,3543
2024-06-16 23:00:00,15651.181,15663.148,15625.142,15625.142,3543,1560,0,3543
2024-06-17 00:00:00,15625.134,15661.488,15623.784,15649.214,3542,1560,0,3542
2024-06-17 01:00:00,15649.208,15649.208,15594.825,15594.825,3535,1550,0,3535
2024-06-17 02:00:00,15594.808,15601.282,15575.004,15584.503,3545,1550,0,3545
2024-06-17 03:00:00,15584.498,15586.967,15563.968,15563.968,3539,1550,0,3539
2024-06-17 04:00:00,15563.948,15592.771,15550.62,15580.546,3548,1550,0,3548
2024-06-17 05:00:00,15580.522,15587.292,15558.027,15565.977,3530,1550,0,3530
2024-06-17 06:00:00,15565.959,15602.487,15552.072,15598.521,3523,1550,0,3523
2024-06-17 07:00:00,15598.505,15599.072,15571.984,15580.652,3533,1550,0,3533
2024-06-17 08:00:00,15580.645,15635.436,15550.261,15616.798,3541,1550,0,3541
2024-06-17 09:00:00,15616.788,15616.788,15566.201,15567.571,3536,1550,0,3536
2024-06-17 10:00:00,15567.554,15568.56,15537.952,15568.544,3540,1550,0,3540
2024-06-17 11:00:00,15568.531,15568.531,15519.649,15526.102,3533,1550,0,3533
2024-06-17 12:00:00,15526.087,15557.27,15525.795,15537.321,3534,1550,0,3534
2024-06-17 13:00:00,15537.299,15582.682,15531.718,15541.773,3530,1550,0,3530
2024-06-17 14:00:00,15541.747,15619.465,15537.728,15612.895,3528,1550,0,3528
2024-06-17 15:00:00,15612.882,15648.333,15584.642,15625.685,3532,1550,0,3532
2024-06-17 16:00:00,15625.66,15625.66,15585.846,15585.846,3535,1550,0,3535
2024-06-17 17:00:00,15585.815,15585.815,15549.353,15558.659,3534,1550,0,3534
2024-06-17 18:00:00,15558.651,15583.346,15525.892,15576.547,3531,1550,0,3531
2024-06-17 19:00:00,15576.541,15595.799,15549.127,15593.741,3538,1550,0,3538
2024-06-17 20:00:00,15593.74,15593.74,15554.636,15554.636,3545,1550,0,3545
2024-06-17 21:00:00,15554.605,15554.605,15508.003,15508.003,3538,1550,0,3538
2024-06-17 22:00:00,15507.997,15542.139,15488.728,15488.728,3543,1540,0,3543
2024-06-17 23:00:00,15488.704,15503.713,15462.807,15462.807,3530,1540,0,3530
2024-06-18 00:00:00,15462.785,15464.23,15434.766,15434.838,3544,1540,0,3544
2024-06-18 01:00:00,15434.829,15468.323,15420.195,15433.337,3540,1540,0,3540
2024-06-18 02:00:00,15433.33,15580.368,15428.865,15571.124,3538,1540,0,3538
2024-06-18 03:00:00,15571.1,15571.1,15529.323,15535.681,3525,1550,0,3525
2024-06-18 04:00:00,15535.665,15549.383,15514.593,15514.593,3536,1550,0,3536
2024-06-18 05:00:00,15514.579,15532.811,15484.218,15484.218,3532,1540,0,3532
2024-06-18 06:00:00,15484.205,15500.641,15465.428,15465.428,3532,1540,0,3532
2024-06-18 07:00:00,15465.424,15500.272,15462.049,15485.849,3528,1540,0,3528
2024-06-18 08:00:00,15485.829,15491.561,15460.169,15466.337,3527,1540,0,3527
2024-06-18 09:00:00,15466.337,15473.691,15437.164,15444.467,3554,1540,0,3554
2024-06-18 10:00:00,15444.452,15515.76,15440.26,15479.496,3533,1540,0,3533
2024-06-18 11:00:00,15479.471,15488.698,15468.764,15474.318,3539,1540,0,3539
2024-06-18 12:00:00,15474.303,15516.575,15471.154,15514.466,3551,1540,0,3551
2024-06-18 13:00:00,15514.453,15522.11,15483.425,15490.7,3545,1540,0,3545
2024-06-18 14:00:00,15490.676,15548.259,15486.429,15531.881,3541,1540,0,3541
2024-06-18 15:00:00,15531.849,15543.006,15509.67,15509.67,3519,1550,0,3519
2024-06-18 16:00:00,15509.654,15521.039,15466.9,15491.341,3547,1540,0,3547
2024-06-18 17:00:00,15491.321,15502.404,15470.499,15476.456,3531,1540,0,3531
2024-06-18 18:00:00,15476.414,15476.414,15420.592,15420.592,3539,1540,0,3539
2024-06-18 19:00:00,15420.588,15508.488,15420.37,15507.86,3537,1540,0,3537
2024-06-18 20:00:00,15507.853,15507.853,15465.625,15473.158,3526,1540,0,3526
2024-06-18 21:00:00,15473.14,15473.14,15427.674,15427.674,3536,1540,0,3536
2024-06-18 22:00:00,15427.671,15528.63,15416.803,15498.696,3534,1540,0,3534
2024-06-18 23:00:00,15498.665,15498.665,15457.687,15458.356,3545,1540,0,3545
2024-06-19 00:00:00,15458.335,15467.031,15428.639,15462.445,3539,1540,0,3539
2024-06-19 01:00:00,15462.435,15462.435,15432.0,15432.0,3537,1540,0,3537
2024-06-19 02:00:00,15431.985,15434.004,15393.778,15393.778,3546,1530,0,3546
2024-06-19 03:00:00,15393.757,15420.605,15382.294,15420.201,3546,1530,0,3546
2024-06-19 04:00:00,15420.178,15446.566,15406.207,15444.073,3538,1540,0,3538
2024-06-19 05:00:00,15444.046,15444.046,15406.728,15406.728,3540,1540,0,3540
2024-06-19 06:00:00,15406.722,15454.788,15394.301,15427.735,3538,1530,0,3538
2024-06-19 07:00:00,15427.731,15475.105,15410.528,15473.725,3552,1540,0,3552
2024-06-19 08:00:00,15473.714,15482.088,15442.757,15442.757,3543,1540,0,3543
2024-06-19 09:00:00,15442.747,15474.719,15428.953,15428.953,3528,1540,0,3528
2024-06-19 10:00:00,15428.949,15461.767,15415.149,15415.149,3529,1540,0,3529
2024-06-19 11:00:00,15415.142,15415.142,15389.489,15389.489,3543,1530,0,3543
2024-06-19 12:00:00,15389.465,15423.857,15368.887,15410.195,3530,1530,0,3530
2024-06-19 13:00:00,15410.189,15447.891,15398.146,15419.817,3548,1530,0,3548
2024-06-19 14:00:00,15419.803,15446.445,15396.645,15402.887,3538,1530,0,3538
2024-06-19 15:00:00,15402.859,15402.859,15362.888,15383.529,3547,1530,0,3547
2024-06-19 16:00:00,15383.513,15383.513,15345.709,15352.603,3533,1530,0,3533
2024-06-19 17:00:00,15352.58,15352.58,15324.795,15329.083,3519,1530,0,3519
2024-06-19 18:00:00,15329.081,15336.417,15300.258,15315.576,3537,1530,0,3537
2024-06-19 19:00:00,15315.555,15319.925,15294.833,15303.682,3535,1520,0,3535
2024-06-19 20:00:00,15303.674,15341.901,15275.192,15322.71,3531,1520,0,3531
2024-06-19 21:00:00,15322.706,15328.66,15285.242,15285.242,3530,1520,0,3530
2024-06-19 22:00:00,15285.239,15310.14,15277.299,15286.336,3534,1520,0,3534
2024-06-19 23:00:00,15286.329,15312.244,15278.162,15291.54,3526,1520,0,3526
2024-06-20 00:00:00,15291.529,15355.522,15287.763,15340.716,3515,1520,0,3515
2024-06-20 01:00:00,15340.697,15377.492,15324.815,15361.376,3531,1530,0,3531
2024-06-20 02:00:00,15361.36,15390.525,15359.252,15382.475,3540,1530,0,3540
2024-06-20 03:00:00,15382.451,15382.451,15352.058,15352.058,3529,1530,0,3529
2024-06-20 04:00:00,15352.047,15374.901,15351.081,15357.482,3543,1530,0,3543
2024-06-20 05:00:00,15357.448,15407.513,15351.973,15403.317,3534,1530,0,3534
2024-06-20 06:00:00,15403.307,15475.518,15403.09,15461.137,3524,1540,0,3524
2024-06-20 07:00:00,15461.123,15499.964,15459.847,15482.552,3534,1540,0,3534
2024-06-20 08:00:00,15482.547,15482.547,15438.006,15440.02,3531,1540,0,3531
2024-06-20 09:00:00,15439.987,15461.849,15429.974,15430.556,3537,1540,0,3537
2024-06-20 10:00:00,15430.55,15436.612,15407.32,15420.711,3537,1540,0,3537
2024-06-20 11:00:00,15420.702,15468.415,15410.294,15437.608,3544,1540,0,3544
2024-06-20 12:00:00,15437.577,15454.449,15405.751,15405.751,3537,1540,0,3537
2024-06-20 13:00:00,15405.723,15405.723,15367.348,15385.054,3535,1530,0,3535
2024-06-20 14:00:00,15385.036,15388.018,15356.188,15361.229,3540,1530,0,3540
2024-06-20 15:00:00,15361.223,15377.21,15331.685,15374.12,3540,1530,0,3540
2024-06-20 16:00:00,15374.119,15378.438,15345.124,15369.552,3533,1530,0,3533
2024-06-20 17:00:00,15369.546,15392.746,15352.866,15352.866,3540,1530,0,3540
2024-06-20 18:00:00,15352.852,15359.438,15331.876,15347.809,3524,1530,0,3524
2024-06-20 19:00:00,15347.805,15347.805,15302.728,15330.257,3520,1530,0,3520
2024-06-20 20:00:00,15330.219,15392.212,15321.993,15390.62,3530,1530,0,3530
2024-06-20 21:00:00,15390.598,15391.29,15348.97,15374.478,3552,1530,0,3552
2024-06-20 22:00:00,15374.476,15403.833,15360.263,15380.814,3545,1530,0,3545
2024-06-20 23:00:00,15380.799,15385.203,15355.372,15366.643,3541,1530,0,3541
2024-06-21 00:00:00,15366.643,15419.045,15345.38,15416.069,3540,1530,0,3540
2024-06-21 01:00:00,15416.047,15467.812,15408.281,15443.956,3528,1540,0,3528
2024-06-21 02:00:00,15443.942,15513.359,15440.815,15475.288,3546,1540,0,3546
2024-06-21 03:00:00,15475.269,15525.822,15462.883,15516.919,3541,1540,0,3541
2024-06-21 04:00:00,15516.914,15527.878,15490.666,15498.52,3545,1540,0,3545
2024-06-21 05:00:00,15498.501,15538.423,15484.6,15530.324,3547,1540,0,3547
2024-06-21 06:00:00,15530.3,15558.497,15505.891,15549.39,3528,1550,0,3528
2024-06-21 07:00:00,15549.37,15551.219,15524.909,15524.909,3533,1550,0,3533
2024-06-21 08:00:00,15524.902,15581.531,15522.133,15573.878,3528,1550,0,3528
2024-06-21 09:00:00,15573.859,15581.32,15553.686,15561.733,3547,1550,0,3547
2024-06-21 10:00:00,15561.723,15590.949,15538.529,15575.205,3547,1550,0,3547
2024-06-21 11:00:00,15575.163,15607.893,15572.142,15591.942,3528,1550,0,3528
2024-06-21 12:00:00,15591.938,15606.213,15565.637,15565.637,3523,1550,0,3523
2024-06-21 13:00:00,15565.629,15590.872,15543.547,15579.644,3544,1550,0,3544
2024-06-21 14:00:00,15579.621,15580.398,15546.499,15546.499,3546,1550,0,3546
2024-06-21 15:00:00,15546.472,15546.472,15503.306,15533.778,3550,1550,0,3550
2024-06-21 16:00:00,15533.746,15535.496,15507.085,15509.791,3548,1550,0,3548
2024-06-21 17:00:00,15509.783,15552.509,15502.026,15537.971,3534,1550,0,3534
2024-06-21 18:00:00,15537.965,15567.063,15534.659,15545.978,3540,1550,0,3540
2024-06-21 19:00:00,15545.943,15550.428,15499.468,15549.642,3545,1550,0,3545
2024-06-21 20:00:00,15549.641,15549.641,15500.916,15500.916,3526,1550,0,3526
2024-06-21 21:00:00,15500.911,15527.302,15484.154,15518.229,3539,1540,0,3539
2024-06-21 22:00:00,15518.223,15558.609,15500.333,15541.593,3542,1550,0,3542
2024-06-21 23:00:00,15541.584,15541.584,15504.4,15520.584,3542,1550,0,3542
2024-06-22 00:00:00,15520.571,15520.571,15475.044,15475.044,3533,1540,0,3533
2024-06-22 01:00:00,15475.043,15503.326,15455.989,15500.693,3537,1540,0,3537
2024-06-22 02:00:00,15500.686,15511.66,15469.445,15469.445,3543,1540,0,3543
2024-06-22 03:00:00,15469.422,15552.35,15465.345,15544.508,3535,1540,0,3535
2024-06-22 04:00:00,15544.507,15573.497,15539.977,15553.935,3535,1550,0,3535
2024-06-22 05:00:00,15553.902,15565.545,15535.036,15542.742,3542,1550,0,3542
2024-06-22 06:00:00,15542.725,15542.725,15487.843,15487.843,3543,1540,0,3543
2024-06-22 07:00:00,15487.826,15494.373,15453.459,15453.459,3531,1540,0,3531
2024-06-22 08:00:00,15453.436,15453.436,15415.305,15433.48,3527,1540,0,3527
2024-06-22 09:00:00,15433.46,15459.932,15426.56,15443.346,3544,1540,0,3544
2024-06-22 10:00:00,15443.308,15491.603,15439.449,15479.006,3535,1540,0,3535
2024-06-22 11:00:00,15478.995,15489.468,15438.796,15438.796,3540,1540,0,3540
2024-06-22 12:00:00,15438.78,15467.783,15431.616,15448.8,3527,1540,0,3527
2024-06-22 13:00:00,15448.783,15487.473,15432.296,15467.9,3524,1540,0,3524
2024-06-22 14:00:00,15467.884,15484.894,15434.975,15434.975,3524,1540,0,3524
2024-06-22 15:00:00,15434.972,15435.002,15408.717,15418.933,3531,1540,0,3531
2024-06-22 16:00:00,15418.924,15418.924,15377.073,15377.073,3533,1530,0,3533
2024-06-22 17:00:00,15377.067,15466.064,15364.758,15462.965,3555,1530,0,3555
2024-06-22 18:00:00,15462.927,15462.927,15431.597,15438.273,3536,1540,0,3536
2024-06-22 19:00:00,15438.266,15450.295,15420.803,15438.244,3542,1540,0,3542
2024-06-22 20:00:00,15438.238,15438.238,15401.792,15407.649,3537,1540,0,3537
2024-06-22 21:00:00,15407.647,15407.647,15381.573,15381.573,3544,1530,0,3544
2024-06-22 22:00:00,15381.557,15387.703,15358.098,15358.098,3540,1530,0,3540
2024-06-22 23:00:00,15358.073,15398.124,15347.276,15387.047,3539,1530,0,3539
2024-06-23 00:00:00,15387.027,15387.027,15344.002,15344.002,3542,1530,0,3542
2024-06-23 01:00:00,15343.959,15406.981,15335.541,15399.279,3523,1530,0,3523
2024-06-23 02:00:00,15399.241,15410.047,15381.039,15396.828,3536,1530,0,3536
2024-06-23 03:00:00,15396.821,15443.014,15380.432,15433.807,3539,1530,0,3539
2024-06-23 04:00:00,15433.795,15481.054,15413.712,15476.7,3539,1540,0,3539
2024-06-23 05:00:00,15476.68,15499.82,15458.885,15473.276,3519,1540,0,3519
2024-06-23 06:00:00,15473.253,15508.074,15451.201,15483.641,3544,1540,0,3544
2024-06-23 07:00:00,15483.632,15483.632,15427.649,15427.649,3525,1540,0,3525
2024-06-23 08:00:00,15427.64,15467.604,15427.627,15462.771,3532,1540,0,3532
2024-06-23 09:00:00,15462.763,15519.779,15459.102,15517.146,3528,1540,0,3528
2024-06-23 10:00:00,15517.134,15517.134,15462.303,15462.303,3523,1540,0,3523
2024-06-23 11:00:00,15462.284,15473.999,15445.712,15454.282,3535,1540,0,3535
2024-06-23 12:00:00,15454.274,15483.724,15441.138,15444.9,3550,1540,0,3550
2024-06-23 13:00:00,15444.885,15444.885,15390.944,15395.139,3532,1530,0,3532
2024-06-23 14:00:00,15395.097,15401.917,15373.035,15373.035,3533,1530,0,3533
2024-06-23 15:00:00,15373.02,15470.671,15362.99,15461.727,3533,1530,0,3533
2024-06-23 16:00:00,15461.726,15518.944,15458.176,15514.655,3536,1540,0,3536
2024-06-23 17:00:00,15514.644,15623.725,15511.487,15603.135,3538,1550,0,3538
2024-06-23 18:00:00,15603.129,15615.968,15573.291,15613.19,3533,1550,0,3533
2024-06-23 19:00:00,15613.164,15628.659,15605.108,15605.108,3527,1560,0,3527
2024-06-23 20:00:00,15605.092,15605.092,15562.217,15562.217,3546,1550,0,3546
2024-06-23 21:00:00,15562.18,15562.18,15505.839,15505.839,3532,1550,0,3532
2024-06-23 22:00:00,15505.806,15505.806,15454.65,15460.78,3533,1540,0,3533
2024-06-23 23:00:00,15460.757,15460.757,15422.181,15422.181,3526,1540,0,3526
2024-06-24 00:00:00,15422.153,15422.153,15368.488,15368.488,3527,1530,0,3527
2024-06-24 01:00:00,15368.44,15427.114,15365.661,15424.622,3547,1530,0,3547
2024-06-24 02:00:00,15424.593,15424.761,15402.582,15407.286,3536,1540,0,3536
2024-06-24 03:00:00,15407.265,15443.086,15398.751,15440.143,3541,1540,0,3541
2024-06-24 04:00:00,15440.131,15440.131,15399.703,15399.703,3540,1540,0,3540
2024-06-24 05:00:00,15399.682,15406.269,15369.43,15385.911,3539,1530,0,3539
2024-06-24 06:00:00,15385.904,15408.503,15368.645,15374.838,3531,1530,0,3531
2024-06-24 07:00:00,15374.826,15456.91,15368.479,15437.823,3540,1530,0,3540
2024-06-24 08:00:00,15437.816,15442.48,15391.729,15391.729,3529,1530,0,3529
2024-06-24 09:00:00,15391.714,15391.714,15345.562,15372.591,3546,1530,0,3546
2024-06-24 10:00:00,15372.583,15372.583,15342.855,15342.855,3527,1530,0,3527
2024-06-24 11:00:00,15342.846,15386.878,15338.912,15343.599,3535,1530,0,3535
2024-06-24 12:00:00,15343.595,15390.259,15342.888,15349.314,3535,1530,0,3535
2024-06-24 13:00:00,15349.313,15379.671,15331.686,15331.686,3536,1530,0,3536
2024-06-24 14:00:00,15331.666,15342.849,15301.1,15301.1,3516,1530,0,3516
2024-06-24 15:00:00,15301.065,15301.776,15248.586,15248.586,3537,1520,0,3537
2024-06-24 16:00:00,15248.572,15278.686,15227.739,15227.739,3532,1520,0,3532
2024-06-24 17:00:00,15227.732,15251.668,15212.112,15241.163,3546,1520,0,3546
2024-06-24 18:00:00,15241.162,15248.944,15212.044,15244.025,3549,1520,0,3549
2024-06-24 19:00:00,15244.023,15244.023,15216.653,15222.664,3532,1520,0,3532
2024-06-24 20:00:00,15222.66,15286.522,15220.885,15284.239,3538,1520,0,3538
2024-06-24 21:00:00,15284.22,15284.22,15248.494,15260.89,3547,1520,0,3547
2024-06-24 22:00:00,15260.881,15314.106,15257.119,15310.401,3545,1520,0,3545
2024-06-24 23:00:00,15310.401,15316.304,15268.589,15268.589,3532,1520,0,3532
2024-06-25 00:00:00,15268.567,15303.446,15265.099,15293.737,3522,1520,0,3522
2024-06-25 01:00:00,15293.711,15308.243,15255.43,15255.43,3526,1520,0,3526
2024-06-25 02:00:00,15255.425,15255.425,15204.619,15204.619,3518,1520,0,3518
2024-06-25 03:00:00,15204.616,15213.581,15182.718,15182.718,3536,1510,0,3536
2024-06-25 04:00:00,15182.713,15238.263,15178.364,15208.778,3534,1510,0,3534
2024-06-25 05:00:00,15208.762,15209.94,15181.72,15181.72,3530,1510,0,3530
2024-06-25 06:00:00,15181.706,15181.706,15142.419,15142.419,3530,1510,0,3530
2024-06-25 07:00:00,15142.41,15175.113,15121.251,15147.904,3533,1510,0,3533
2024-06-25 08:00:00,15147.903,15147.903,15116.122,15116.122,3537,1510,0,3537
2024-06-25 09:00:00,15116.105,15229.324,15111.881,15225.987,3531,1510,0,3531
2024-06-25 10:00:00,15225.972,15243.654,15209.393,15232.924,3542,1520,0,3542
2024-06-25 11:00:00,15232.903,15232.903,15188.553,15188.553,3529,1510,0,3529
2024-06-25 12:00:00,15188.553,15194.056,15167.863,15167.863,3527,1510,0,3527
2024-06-25 13:00:00,15167.841,15167.841,15129.782,15151.443,3544,1510,0,3544
2024-06-25 14:00:00,15151.428,15151.428,15120.433,15132.014,3535,1510,0,3535
2024-06-25 15:00:00,15131.992,15153.036,15112.902,15134.724,3522,1510,0,3522
2024-06-25 16:00:00,15134.717,15144.048,15096.055,15096.055,3534,1500,0,3534
2024-06-25 17:00:00,15096.027,15156.968,15083.114,15148.049,3546,1500,0,3546
2024-06-25 18:00:00,15148.028,15148.028,15105.884,15120.188,3540,1510,0,3540
2024-06-25 19:00:00,15120.169,15153.518,15119.314,15134.384,3531,1510,0,3531
2024-06-25 20:00:00,15134.351,15144.052,15105.586,15119.629,3528,1510,0,3528
2024-06-25 21:00:00,15119.626,15119.626,15079.425,15101.437,3522,1500,0,3522
2024-06-25 22:00:00,15101.43,15101.43,15063.94,15085.511,3538,1500,0,3538
2024-06-25 23:00:00,15085.501,15102.913,15054.224,15101.527,3528,1500,0,3528
2024-06-26 00:00:00,15101.516,15111.136,15076.671,15104.724,3527,1500,0,3527
2024-06-26 01:00:00,15104.72,15104.72,15065.167,15065.167,3527,1500,0,3527
2024-06-26 02:00:00,15065.146,15107.932,15034.204,15095.713,3537,1500,0,3537
2024-06-26 03:00:00,15095.707,15118.609,15070.43,15070.43,3543,1500,0,3543
2024-06-26 04:00:00,15070.401,15096.52,15065.966,15065.966,3521,1500,0,3521
2024-06-26 05:00:00,15065.963,15088.786,15049.841,15049.841,3550,1500,0,3550
2024-06-26 06:00:00,15055.832,15136.64,15054.644,15124.661,3535,1500,0,3535
2024-06-26 07:00:00,15124.643,15149.457,15101.271,15103.695,3533,1510,0,3533
2024-06-26 08:00:00,15103.677,15150.147,15100.675,15130.528,3555,1510,0,3555
2024-06-26 09:00:00,15130.504,15134.547,15104.875,15107.575,3531,1510,0,3531
2024-06-26 10:00:00,15107.553,15107.553,15069.922,15077.37,3535,1500,0,3535
2024-06-26 11:00:00,15077.359,15080.78,15042.624,15042.624,3540,1500,0,3540
2024-06-26 12:00:00,15042.611,15070.69,15029.725,15062.63,3542,1500,0,3542
2024-06-26 13:00:00,15062.609,15147.256,15059.26,15142.127,3533,1500,0,3533
2024-06-26 14:00:00,15142.121,15208.114,15134.715,15201.992,3527,1510,0,3527
2024-06-26 15:00:00,15201.991,15273.205,15199.376,15254.017,3543,1510,0,3543
2024-06-26 16:00:00,15254.006,15314.862,15246.899,15274.481,3542,1520,0,3542
2024-06-26 17:00:00,15274.458,15282.158,15255.953,15260.411,3534,1520,0,3534
2024-06-26 18:00:00,15260.381,15293.587,15247.472,15247.472,3540,1520,0,3540
2024-06-26 19:00:00,15247.461,15247.461,15215.806,15225.738,3551,1520,0,3551
2024-06-26 20:00:00,15225.725,15371.41,15221.912,15362.297,3532,1520,0,3532
2024-06-26 21:00:00,15362.276,15379.903,15359.967,15360.212,3532,1530,0,3532
2024-06-26 22:00:00,15360.191,15390.632,15323.694,15372.385,3551,1530,0,3551
2024-06-26 23:00:00,15372.377,15372.377,15328.304,15328.304,3518,1530,0,3518
2024-06-27 00:00:00,15328.301,15337.769,15303.139,15303.139,3539,1530,0,3539
2024-06-27 01:00:00,15303.125,15365.131,15296.097,15358.117,3523,1520,0,3523
2024-06-27 02:00:00,15358.11,15401.798,15352.5,15391.751,3536,1530,0,3536
2024-06-27 03:00:00,15391.738,15405.061,15378.408,15378.408,3547,1530,0,3547
2024-06-27 04:00:00,15378.383,15378.383,15328.436,15351.947,3538,1530,0,3538
2024-06-27 05:00:00,15351.937,15373.165,15337.968,15337.968,3530,1530,0,3530
2024-06-27 06:00:00,15337.953,15407.594,15332.314,15383.705,3534,1530,0,3534
2024-06-27 07:00:00,15383.687,15395.556,15343.546,15343.546,3549,1530,0,3549
2024-06-27 08:00:00,15343.538,15367.73,15332.796,15354.048,3529,1530,0,3529
2024-06-27 09:00:00,15354.046,15372.314,15336.604,15359.856,3530,1530,0,3530
2024-06-27 10:00:00,15359.844,15395.122,15322.515,15390.954,3538,1530,0,3538
2024-06-27 11:00:00,15390.927,15423.912,15381.83,15420.146,3515,1530,0,3515
2024-06-27 12:00:00,15420.135,15507.658,15415.273,15505.886,3530,1540,0,3530
2024-06-27 13:00:00,15505.862,15590.352,15499.452,15578.338,3535,1550,0,3535
2024-06-27 14:00:00,15578.306,15622.889,15566.031,15602.644,3533,1550,0,3533
2024-06-27 15:00:00,15602.642,15602.642,15571.225,15571.225,3539,1550,0,3539
2024-06-27 16:00:00,15571.21,15580.646,15542.463,15561.226,3537,1550,0,3537
2024-06-27 17:00:00,15561.198,15561.198,15512.707,15526.429,3531,1550,0,3531
2024-06-27 18:00:00,15526.393,15549.353,15514.806,15542.011,3536,1550,0,3536
2024-06-27 19:00:00,15541.981,15541.981,15508.311,15522.494,3554,1550,0,3554
2024-06-27 20:00:00,15522.471,15561.11,15498.198,15544.207,3527,1550,0,3527
2024-06-27 21:00:00,15544.206,15571.859,15530.522,15554.972,3548,1550,0,3548
2024-06-27 22:00:00,15554.964,15573.361,15533.024,15561.124,3537,1550,0,3537
2024-06-27 23:00:00,15561.12,15561.12,15529.844,15557.306,3538,1550,0,3538
2024-06-28 00:00:00,15557.288,15557.288,15518.545,15518.545,3538,1550,0,3538
2024-06-28 01:00:00,15518.536,15564.561,15497.163,15561.599,3547,1540,0,3547
2024-06-28 02:00:00,15561.57,15597.637,15546.267,15595.349,3542,1550,0,3542
2024-06-28 03:00:00,15595.345,15630.09,15585.347,15598.309,3533,1550,0,3533
2024-06-28 04:00:00,15598.307,15598.307,15559.691,15560.108,3522,1550,0,3522
2024-06-28 05:00:00,15560.102,15592.068,15547.529,15547.529,3544,1550,0,3544
2024-06-28 06:00:00,15547.516,15547.516,15497.308,15513.46,3534,1540,0,3534
2024-06-28 07:00:00,15513.447,15544.904,15503.136,15529.828,3530,1550,0,3530
2024-06-28 08:00:00,15529.817,15529.993,15500.334,15514.947,3535,1550,0,3535
2024-06-28 09:00:00,15514.932,15514.932,15458.749,15458.749,3543,1540,0,3543
2024-06-28 10:00:00,15458.734,15481.353,15439.52,15439.52,3540,1540,0,3540
2024-06-28 11:00:00,15439.5,15547.806,15433.21,15516.484,3539,1540,0,3539
2024-06-28 12:00:00,15516.467,15521.95,15473.924,15509.952,3550,1540,0,3550
2024-06-28 13:00:00,15509.934,15573.501,15508.379,15547.823,3547,1550,0,3547
2024-06-28 14:00:00,15547.82,15611.782,15540.985,15604.56,3518,1550,0,3518
2024-06-28 15:00:00,15604.53,15633.063,15593.027,15601.021,3541,1550,0,3541
2024-06-28 16:00:00,15601.009,15639.146,15585.687,15632.405,3515,1550,0,3515
2024-06-28 17:00:00,15632.398,15648.802,15585.434,15645.731,3549,1550,0,3549
2024-06-28 18:00:00,15645.715,15679.368,15631.696,15654.196,3536,1560,0,3536
2024-06-28 19:00:00,15654.173,15669.295,15633.937,15659.064,3528,1560,0,3528
2024-06-28 20:00:00,15659.04,15659.04,15618.14,15618.14,3545,1560,0,3545
2024-06-28 21:00:00,15618.12,15619.329,15582.534,15583.073,3545,1550,0,3545
2024-06-28 22:00:00,15583.067,15583.067,15526.901,15526.901,3542,1550,0,3542
2024-06-28 23:00:00,15526.89,15563.868,15501.992,15558.58,3540,1550,0,3540
2024-06-29 00:00:00,15558.572,15593.328,15554.432,15580.515,3543,1550,0,3543
2024-06-29 01:00:00,15580.505,15595.68,15560.524,15560.524,3527,1550,0,3527
2024-06-29 02:00:00,15560.521,15593.772,15550.866,15550.866,3534,1550,0,3534
2024-06-29 03:00:00,15550.864,15555.366,15518.801,15531.513,3537,1550,0,3537
2024-06-29 04:00:00,15531.511,15531.511,15482.998,15482.998,3542,1540,0,3542
2024-06-29 05:00:00,15482.98,15509.871,15455.622,15497.842,3540,1540,0,3540
2024-06-29 06:00:00,15497.835,15497.835,15441.708,15441.708,3545,1540,0,3545
2024-06-29 07:00:00,15441.695,15478.688,15430.985,15447.451,3519,1540,0,3519
2024-06-29 08:00:00,15447.435,15506.59,15434.463,15486.452,3540,1540,0,3540
2024-06-29 09:00:00,15486.441,15486.441,15432.611,15464.274,3529,1540,0,3529
2024-06-29 10:00:00,15464.267,15464.267,15434.403,15434.403,3526,1540,0,3526
2024-06-29 11:00:00,15434.396,15589.834,15434.277,15589.143,3535,1540,0,3535
2024-06-29 12:00:00,15589.129,15663.704,15584.735,15646.145,3518,1550,0,3518
2024-06-29 13:00:00,15646.133,15716.267,15645.017,15697.591,3536,1560,0,3536
2024-06-29 14:00:00,15697.589,15721.671,15668.91,15668.91,3538,1560,0,3538
2024-06-29 15:00:00,15668.88,15668.88,15616.249,15625.416,3538,1560,0,3538
2024-06-29 16:00:00,15625.39,15625.39,15578.866,15578.866,3534,1550,0,3534
2024-06-29 17:00:00,15578.843,15578.843,15547.822,15547.822,3543,1550,0,3543
2024-06-29 18:00:00,15547.818,15547.818,15495.443,15505.324,3536,1540,0,3536
2024-06-29 19:00:00,15505.31,15516.229,15486.243,15486.243,3537,1540,0,3537
2024-06-29 20:00:00,15486.22,15567.828,15485.248,15562.768,3533,1540,0,3533
2024-06-29 21:00:00,15562.76,15572.755,15544.466,15545.323,3538,1550,0,3538
2024-06-29 22:00:00,15545.298,15580.21,15539.307,15571.99,3542,1550,0,3542
2024-06-29 23:00:00,15571.968,15571.968,15538.136,15553.269,3543,1550,0,3543
2024-06-30 00:00:00,15553.262,15575.794,15529.473,15533.519,3539,1550,0,3539
2024-06-30 01:00:00,15533.511,15604.092,15526.207,15574.626,3538,1550,0,3538
2024-06-30 02:00:00,15574.625,15617.608,15553.074,15607.55,3529,1550,0,3529
2024-06-30 03:00:00,15607.544,15647.013,15605.257,15616.994,3528,1560,0,3528
2024-06-30 04:00:00,15616.976,15617.09,15591.851,15604.317,3524,1550,0,3524
2024-06-30 05:00:00,15604.311,15604.311,15560.145,15560.446,3526,1550,0,3526
2024-06-30 06:00:00,15560.434,15609.31,15553.288,15585.336,3546,1550,0,3546
2024-06-30 07:00:00,15585.317,15635.387,15580.782,15616.264,3524,1550,0,3524
2024-06-30 08:00:00,15616.238,15616.238,15580.167,15580.167,3534,1550,0,3534
2024-06-30 09:00:00,15580.131,15624.34,15568.786,15594.956,3540,1550,0,3540
2024-06-30 10:00:00,15594.946,15599.18,15566.518,15566.518,3516,1550,0,3516
2024-06-30 11:00:00,15566.482,15602.878,15565.714,15569.292,3524,1550,0,3524
2024-06-30 12:00:00,15569.281,15592.23,15552.565,15559.574,3539,1550,0,3539
2024-06-30 13:00:00,15559.55,15559.55,15531.276,15549.177,3527,1550,0,3527
2024-06-30 14:00:00,15549.166,15562.448,15532.731,15532.731,3540,1550,0,3540
2024-06-30 15:00:00,15532.688,15553.578,15508.801,15553.087,3528,1550,0,3528
2024-06-30 16:00:00,15553.074,15553.074,15514.198,15521.315,3536,1550,0,3536
2024-06-30 17:00:00,15521.31,15521.31,15481.069,15501.228,3531,1540,0,3531
2024-06-30 18:00:00,15501.211,15576.52,15491.064,15553.862,3533,1540,0,3533
2024-06-30 19:00:00,15553.842,15553.842,15512.727,15525.595,3549,1550,0,3549
2024-06-30 20:00:00,15525.564,15525.564,15496.092,15496.092,3546,1540,0,3546
2024-06-30 21:00:00,15496.087,15531.437,15474.698,15514.678,3530,1540,0,3530
2024-06-30 22:00:00,15514.659,15514.659,15467.674,15467.674,3537,1540,0,3537
2024-06-30 23:00:00,15467.667,15467.667,15411.021,15411.021,3534,1540,0,3534
2024-07-01 00:00:00,15411.017,15431.25,15399.894,15404.479,3538,1540,0,3538
2024-07-01 01:00:00,15404.471,15438.835,15393.167,15393.167,3533,1530,0,3533
2024-07-01 02:00:00,15393.124,15460.803,15392.015,15441.01,3542,1540,0,3542
2024-07-01 03:00:00,15440.991,15449.58,15421.102,15423.422,3530,1540,0,3530
2024-07-01 04:00:00,15423.419,15435.88,15400.634,15400.634,3536,1540,0,3536
2024-07-01 05:00:00,15400.612,15430.43,15393.641,15414.323,3529,1530,0,3529
2024-07-01 06:00:00,15414.311,15457.496,15411.551,15442.526,3548,1540,0,3548
2024-07-01 07:00:00,15442.518,15476.891,15439.919,15446.588,3545,1540,0,3545
2024-07-01 08:00:00,15446.57,15480.734,15421.676,15479.355,3532,1540,0,3532
2024-07-01 09:00:00,15479.325,15479.325,15427.643,15441.54,3544,1540,0,3544
2024-07-01 10:00:00,15441.537,15472.051,15422.633,15444.753,3554,1540,0,3554
2024-07-01 11:00:00,15444.739,15500.759,15441.553,15495.114,3539,1540,0,3539
2024-07-01 12:00:00,15495.113,15527.394,15483.064,15514.844,3533,1540,0,3533
2024-07-01 13:00:00,15514.836,15524.634,15492.898,15503.917,3536,1540,0,3536
2024-07-01 14:00:00,15503.891,15503.891,15467.35,15497.165,3525,1540,0,3525
2024-07-01 15:00:00,15497.163,15497.163,15449.8,15474.096,3551,1540,0,3551
2024-07-01 16:00:00,15474.071,15509.694,15465.132,15465.132,3526,1540,0,3526
2024-07-01 17:00:00,15465.127,15477.917,15447.825,15447.825,3527,1540,0,3527
2024-07-01 18:00:00,15447.821,15464.332,15427.399,15429.168,3536,1540,0,3536
2024-07-01 19:00:00,15429.162,15484.685,15426.262,15477.509,3524,1540,0,3524
2024-07-01 20:00:00,15477.5,15477.5,15440.45,15451.519,3544,1540,0,3544
2024-07-01 21:00:00,15451.493,15478.15,15431.617,15452.155,3520,1540,0,3520
2024-07-01 22:00:00,15452.133,15454.44,15431.059,15450.076,3540,1540,0,3540
2024-07-01 23:00:00,15450.04,15450.04,15417.276,15417.276,3537,1540,0,3537
2024-07-02 00:00:00,15417.266,15420.395,15387.087,15387.087,3531,1530,0,3531
2024-07-02 01:00:00,15387.07,15387.07,15339.271,15360.666,3525,1530,0,3525
2024-07-02 02:00:00,15360.662,15360.662,15323.293,15323.293,3530,1530,0,3530
2024-07-02 03:00:00,15323.281,15331.803,15303.774,15314.872,3518,1530,0,3518
2024-07-02 04:00:00,15314.848,15366.954,15314.463,15356.397,3538,1530,0,3538
2024-07-02 05:00:00,15356.384,15356.384,15308.837,15308.837,3529,1530,0,3529
2024-07-02 06:00:00,15308.837,15343.076,15299.011,15308.064,3539,1530,0,3539
2024-07-02 07:00:00,15308.06,15308.06,15266.651,15266.651,3526,1520,0,3526
2024-07-02 08:00:00,15266.638,15267.186,15238.758,15254.719,3534,1520,0,3534
2024-07-02 09:00:00,15254.685,15254.685,15211.753,15237.922,3525,1520,0,3525
2024-07-02 10:00:00,15237.906,15237.906,15212.573,15212.573,3543,1520,0,3543
2024-07-02 11:00:00,15212.559,15212.559,15185.545,15192.449,3519,1510,0,3519
2024-07-02 12:00:00,15192.441,15289.764,15187.905,15271.875,3537,1510,0,3537
2024-07-02 13:00:00,15271.854,15328.478,15264.847,15317.082,3539,1520,0,3539
2024-07-02 14:00:00,15317.044,15384.975,15312.911,15383.487,3545,1530,0,3545
2024-07-02 15:00:00,15383.469,15432.966,15369.996,15429.631,3545,1530,0,3545
2024-07-02 16:00:00,15429.62,15434.561,15380.862,15420.03,3540,1530,0,3540
2024-07-02 17:00:00,15419.98,15438.929,15389.502,15422.7,3537,1530,0,3537
2024-07-02 18:00:00,15422.694,15422.694,15383.973,15406.574,3539,1530,0,3539
2024-07-02 19:00:00,15406.569,15420.285,15386.258,15400.513,3535,1530,0,3535
2024-07-02 20:00:00,15400.48,15402.716,15363.789,15363.789,3539,1530,0,3539
2024-07-02 21:00:00,15363.766,15373.732,15345.826,15345.826,3536,1530,0,3536
2024-07-02 22:00:00,15345.817,15347.751,15320.688,15320.688,3549,1530,0,3549
2024-07-02 23:00:00,15320.671,15383.587,15319.98,15356.312,3539,1530,0,3539
2024-07-03 00:00:00,15356.298,15368.305,15320.349,15366.085,3526,1530,0,3526
2024-07-03 01:00:00,15366.063,15366.063,15332.778,15339.123,3547,1530,0,3547
2024-07-03 02:00:00,15339.117,15339.117,15288.043,15288.043,3530,1520,0,3530
2024-07-03 03:00:00,15288.029,15318.717,15269.14,15269.14,3530,1520,0,3530
2024-07-03 04:00:00,15269.098,15269.098,15214.052,15214.052,3529,1520,0,3529
2024-07-03 05:00:00,15214.015,15215.96,15169.177,15169.177,3545,1510,0,3545
2024-07-03 06:00:00,15169.158,15169.158,15117.337,15117.337,3533,1510,0,3533
2024-07-03 07:00:00,15117.321,15140.182,15109.32,15125.212,3523,1510,0,3523
2024-07-03 08:00:00,15125.198,15128.639,15096.599,15104.04,3532,1500,0,3532
2024-07-03 09:00:00,15104.03,15186.241,15100.3,15171.229,3519,1510,0,3519
2024-07-03 10:00:00,15171.229,15171.558,15139.548,15139.548,3538,1510,0,3538
2024-07-03 11:00:00,15139.532,15139.532,15101.773,15112.685,3534,1510,0,3534
2024-07-03 12:00:00,15112.684,15112.684,15060.719,15073.414,3542,1500,0,3542
2024-07-03 13:00:00,15073.409,15095.095,15063.975,15092.764,3541,1500,0,3541
2024-07-03 14:00:00,15092.732,15092.732,15050.887,15050.887,3545,1500,0,3545
2024-07-03 15:00:00,15050.881,15056.806,15025.861,15035.996,3525,1500,0,3525
2024-07-03 16:00:00,15035.993,15035.993,14997.609,15012.887,3535,1490,0,3535
2024-07-03 17:00:00,15012.879,15138.083,15010.638,15131.774,3520,1500,0,3520
2024-07-03 18:00:00,15131.758,15181.996,15128.461,15144.367,3538,1510,0,3538
2024-07-03 19:00:00,15144.341,15144.341,15097.551,15097.551,3535,1510,0,3535
2024-07-03 20:00:00,15097.501,15131.533,15083.382,15125.168,3537,1500,0,3537
2024-07-03 21:00:00,15125.142,15129.299,15091.914,15121.496,3539,1500,0,3539
2024-07-03 22:00:00,15121.461,15182.566,15107.775,15182.469,3531,1510,0,3531
2024-07-03 23:00:00,15182.444,15182.444,15136.19,15159.271,3533,1510,0,3533
2024-07-04 00:00:00,15159.26,15162.059,15109.566,15158.637,3545,1510,0,3545
2024-07-04 01:00:00,15158.617,15168.745,15139.708,15141.472,3533,1510,0,3533
2024-07-04 02:00:00,15141.444,15161.64,15128.113,15133.846,3531,1510,0,3531
2024-07-04 03:00:00,15133.83,15133.83,15089.982,15095.218,3530,1500,0,3530
2024-07-04 04:00:00,15095.193,15152.163,15077.214,15132.061,3531,1500,0,3531
2024-07-04 05:00:00,15132.037,15149.233,15106.691,15122.338,3527,1510,0,3527
2024-07-04 06:00:00,15122.323,15183.623,15113.162,15169.037,3538,1510,0,3538
2024-07-04 07:00:00,15169.018,15198.728,15168.218,15180.242,3538,1510,0,3538
2024-07-04 08:00:00,15180.236,15227.144,15179.527,15205.309,3528,1510,0,3528
2024-07-04 09:00:00,15205.295,15205.295,15168.548,15168.548,3526,1510,0,3526
2024-07-04 10:00:00,15168.543,15192.185,15156.015,15156.015,3513,1510,0,3513
2024-07-04 11:00:00,15156.002,15173.296,15143.274,15159.032,3536,1510,0,3536
2024-07-04 12:00:00,15159.01,15184.573,15139.196,15176.397,3536,1510,0,3536
2024-07-04 13:00:00,15176.389,15219.743,15173.655,15211.212,3538,1510,0,3538
2024-07-04 14:00:00,15211.196,15276.633,15208.462,15244.939,3531,1520,0,3531
2024-07-04 15:00:00,15244.918,15251.731,15220.656,15220.656,3527,1520,0,3527
2024-07-04 16:00:00,15220.621,15291.646,15216.792,15276.632,3531,1520,0,3531
2024-07-04 17:00:00,15276.609,15318.32,15267.66,15292.363,3528,1520,0,3528
2024-07-04 18:00:00,15292.352,15292.352,15268.518,15269.062,3542,1520,0,3542
2024-07-04 19:00:00,15269.046,15279.912,15247.943,15264.175,3529,1520,0,3529
2024-07-04 20:00:00,15264.171,15403.949,15255.83,15398.487,3543,1520,0,3543
2024-07-04 21:00:00,15398.468,15422.651,15375.771,15408.213,3526,1530,0,3526
2024-07-04 22:00:00,15408.191,15421.868,15372.037,15372.037,3528,1530,0,3528
2024-07-04 23:00:00,15372.035,15372.035,15333.03,15361.26,3536,1530,0,3536
2024-07-05 00:00:00,15361.254,15369.36,15336.038,15359.921,3521,1530,0,3521
2024-07-05 01:00:00,15359.911,15422.506,15356.3,15400.353,3532,1530,0,3532
2024-07-05 02:00:00,15400.334,15400.334,15364.423,15370.802,3522,1530,0,3522
2024-07-05 03:00:00,15370.756,15378.251,15348.277,15351.246,3537,1530,0,3537
2024-07-05 04:00:00,15351.243,15411.75,15350.192,15406.039,3542,1530,0,3542
2024-07-05 05:00:00,15406.036,15406.036,15352.437,15373.803,3532,1530,0,3532
2024-07-05 06:00:00,15373.762,15447.624,15370.714,15441.624,3543,1530,0,3543
2024-07-05 07:00:00,15441.611,15507.795,15440.167,15496.326,3528,1540,0,3528
2024-07-05 08:00:00,15496.296,15526.389,15483.54,15519.044,3546,1540,0,3546
2024-07-05 09:00:00,15519.042,15536.679,15484.607,15484.607,3538,1540,0,3538
2024-07-05 10:00:00,15484.556,15496.085,15462.857,15481.088,3541,1540,0,3541
2024-07-05 11:00:00,15481.08,15488.772,15443.526,15443.526,3537,1540,0,3537
2024-07-05 12:00:00,15443.502,15463.406,15432.186,15449.107,3537,1540,0,3537
2024-07-05 13:00:00,15449.106,15518.478,15438.668,15505.429,3539,1540,0,3539
2024-07-05 14:00:00,15505.371,15535.773,15499.048,15524.411,3538,1550,0,3538
2024-07-05 15:00:00,15524.395,15584.716,15517.253,15574.911,3519,1550,0,3519
2024-07-05 16:00:00,15574.895,15588.535,15559.461,15561.445,3540,1550,0,3540
2024-07-05 17:00:00,15561.437,15610.112,15546.17,15591.756,3544,1550,0,3544
2024-07-05 18:00:00,15591.753,15591.753,15549.13,15549.13,3531,1550,0,3531
2024-07-05 19:00:00,15549.113,15562.889,15524.77,15554.458,3535,1550,0,3535
2024-07-05 20:00:00,15554.442,15557.012,15517.599,15524.712,3547,1550,0,3547
2024-07-05 21:00:00,15524.701,15660.615,15523.461,15645.957,3542,1550,0,3542
2024-07-05 22:00:00,15645.94,15661.901,15615.744,15615.744,3537,1560,0,3537
2024-07-05 23:00:00,15615.72,15630.205,15594.889,15605.421,3528,1550,0,3528
2024-07-06 00:00:00,15605.411,15605.411,15556.307,15556.307,3539,1550,0,3539
2024-07-06 01:00:00,15556.286,15636.292,15539.693,15635.634,3534,1550,0,3534
2024-07-06 02:00:00,15635.621,15670.103,15607.45,15664.835,3544,1560,0,3544
2024-07-06 03:00:00,15664.8,15765.928,15662.799,15746.924,3534,1560,0,3534
2024-07-06 04:00:00,15746.872,15769.217,15735.128,15749.627,3532,1570,0,3532
2024-07-06 05:00:00,15749.596,15762.163,15726.507,15757.342,3543,1570,0,3543
2024-07-06 06:00:00,15757.309,15782.007,15732.572,15753.666,3542,1570,0,3542
2024-07-06 07:00:00,15753.662,15753.662,15715.71,15736.297,3539,1570,0,3539
2024-07-06 08:00:00,15736.251,15774.732,15726.166,15749.048,3554,1570,0,3554
2024-07-06 09:00:00,15749.017,15749.017,15700.816,15700.816,3534,1570,0,3534
2024-07-06 10:00:00,15700.799,15725.509,15681.702,15700.51,3535,1560,0,3535
2024-07-06 11:00:00,15700.494,15725.396,15679.833,15714.737,3530,1560,0,3530
2024-07-06 12:00:00,15714.737,15823.494,15710.747,15801.484,3526,1570,0,3526
2024-07-06 13:00:00,15801.454,15837.802,15788.505,15788.505,3542,1570,0,3542
2024-07-06 14:00:00,15788.502,15807.28,15777.337,15801.896,3536,1570,0,3536
2024-07-06 15:00:00,15801.873,15817.405,15777.795,15777.795,3516,1570,0,3516
2024-07-06 16:00:00,15777.767,15837.249,15776.728,15833.994,3545,1570,0,3545
2024-07-06 17:00:00,15833.981,15847.318,15817.342,15821.466,3541,1580,0,3541
2024-07-06 18:00:00,15821.456,15840.511,15797.177,15823.581,3539,1570,0,3539
2024-07-06 19:00:00,15823.576,15823.576,15799.45,15799.45,3542,1580,0,3542
2024-07-06 20:00:00,15799.408,15807.681,15766.281,15791.508,3540,1570,0,3540
2024-07-06 21:00:00,15791.494,15805.733,15751.91,15751.91,3524,1570,0,3524
2024-07-06 22:00:00,15751.901,15807.579,15749.268,15775.547,3542,1570,0,3542
2024-07-06 23:00:00,15775.525,15780.197,15748.688,15767.012,3541,1570,0,3541
2024-07-07 00:00:00,15766.986,15787.0,15750.404,15750.404,3544,1570,0,3544
2024-07-07 01:00:00,15750.369,15791.832,15731.869,15769.064,3547,1570,0,3547
2024-07-07 02:00:00,15769.046,15818.887,15765.17,15810.235,3533,1570,0,3533
2024-07-07 03:00:00,15810.208,15810.208,15764.065,15764.065,3529,1570,0,3529
2024-07-07 04:00:00,15764.052,15813.221,15760.7,15778.783,3530,1570,0,3530
2024-07-07 05:00:00,15778.779,15778.779,15727.176,15730.408,3536,1570,0,3536
2024-07-07 06:00:00,15730.382,15730.382,15685.316,15710.846,3543,1560,0,3543
2024-07-07 07:00:00,15710.841,15714.288,15661.055,15671.176,3544,1560,0,3544
2024-07-07 08:00:00,15671.147,15671.147,15632.253,15632.253,3527,1560,0,3527
2024-07-07 09:00:00,15632.243,15655.016,15624.915,15645.563,3545,1560,0,3545
2024-07-07 10:00:00,15645.556,15647.266,15614.991,15614.991,3537,1560,0,3537
2024-07-07 11:00:00,15614.962,15614.962,15585.136,15591.561,3526,1550,0,3526
2024-07-07 12:00:00,15591.54,15600.169,15562.083,15597.794,3529,1550,0,3529
2024-07-07 13:00:00,15597.792,15600.884,15567.092,15592.097,3531,1550,0,3531
2024-07-07 14:00:00,15592.089,15623.403,15570.818,15595.91,3556,1550,0,3556
2024-07-07 15:00:00,15595.881,15652.772,15591.044,15649.077,3539,1550,0,3539
2024-07-07 16:00:00,15649.058,15740.478,15645.569,15721.869,3533,1560,0,3533
2024-07-07 17:00:00,15721.858,15721.858,15664.151,15664.151,3543,1560,0,3543
2024-07-07 18:00:00,15664.13,15701.242,15661.823,15675.032,3535,1560,0,3535
2024-07-07 19:00:00,15675.024,15753.264,15674.833,15732.03,3532,1560,0,3532
2024-07-07 20:00:00,15732.012,15732.012,15676.454,15676.454,3546,1560,0,3546
2024-07-07 21:00:00,15676.448,15768.564,15672.15,15763.416,3535,1560,0,3535
2024-07-07 22:00:00,15763.394,15790.004,15747.331,15787.459,3543,1570,0,3543
2024-07-07 23:00:00,15787.45,15905.008,15765.98,15893.731,3542,1570,0,3542
2024-07-08 00:00:00,15893.731,15907.089,15875.751,15892.06,3541,1580,0,3541
2024-07-08 01:00:00,15892.02,15921.269,15882.729,15920.318,3535,1580,0,3535
2024-07-08 02:00:00,15920.311,15950.809,15900.484,15917.614,3529,1590,0,3529
2024-07-08 03:00:00,15917.613,15960.938,15905.348,15957.962,3527,1590,0,3527
2024-07-08 04:00:00,15957.953,16013.998,15952.506,15973.726,3544,1590,0,3544
2024-07-08 05:00:00,15973.703,15973.703,15919.423,15919.423,3540,1590,0,3540
2024-07-08 06:00:00,15919.42,15979.973,15907.99,15959.288,3550,1590,0,3550
2024-07-08 07:00:00,15959.261,16015.01,15955.847,16004.733,3549,1590,0,3549
2024-07-08 08:00:00,16004.732,16029.615,15979.213,15979.213,3540,1590,0,3540
2024-07-08 09:00:00,15979.174,15979.174,15922.677,15922.677,3536,1590,0,3536
2024-07-08 10:00:00,15922.651,15927.002,15894.733,15919.002,3533,1580,0,3533
2024-07-08 11:00:00,15918.99,15918.99,15893.126,15896.677,3530,1580,0,3530
2024-07-08 12:00:00,15896.669,15896.669,15851.219,15851.219,3521,1580,0,3521
2024-07-08 13:00:00,15851.204,15869.659,15830.176,15847.538,3541,1580,0,3541
2024-07-08 14:00:00,15847.537,15870.997,15828.537,15828.537,3542,1580,0,3542
2024-07-08 15:00:00,15828.5,15828.5,15776.359,15795.731,3546,1570,0,3546
2024-07-08 16:00:00,15795.726,15796.299,15748.393,15765.966,3531,1570,0,3531
2024-07-08 17:00:00,15765.965,15765.965,15720.971,15720.971,3528,1570,0,3528
2024-07-08 18:00:00,15720.968,15740.91,15703.513,15703.513,3527,1570,0,3527
2024-07-08 19:00:00,15703.492,15768.252,15701.22,15748.907,3528,1570,0,3528
2024-07-08 20:00:00,15748.885,15748.885,15704.3,15704.3,3532,1570,0,3532
2024-07-08 21:00:00,15704.29,15704.29,15662.896,15662.896,3530,1560,0,3530
2024-07-08 22:00:00,15662.896,15683.018,15654.139,15662.633,3533,1560,0,3533
2024-07-08 23:00:00,15662.607,15688.814,15657.828,15661.552,3523,1560,0,3523
2024-07-09 00:00:00,15661.525,15687.968,15655.15,15673.916,3535,1560,0,3535
2024-07-09 01:00:00,15673.905,15675.172,15646.249,15646.249,3534,1560,0,3534
2024-07-09 02:00:00,15646.244,15687.81,15641.235,15674.491,3525,1560,0,3525
2024-07-09 03:00:00,15674.46,15796.587,15664.69,15790.743,3544,1560,0,3544
2024-07-09 04:00:00,15790.72,15798.779,15761.685,15762.968,3538,1570,0,3538
2024-07-09 05:00:00,15762.962,15762.962,15717.392,15743.318,3532,1570,0,3532
2024-07-09 06:00:00,15743.312,15802.273,15739.455,15764.046,3530,1570,0,3530
2024-07-09 07:00:00,15764.041,15764.041,15716.0,15717.468,3534,1570,0,3534
2024-07-09 08:00:00,15717.463,15769.08,15712.084,15754.548,3532,1570,0,3532
2024-07-09 09:00:00,15754.539,15798.992,15749.202,15788.233,3524,1570,0,3524
2024-07-09 10:00:00,15788.221,15800.739,15762.857,15762.857,3538,1570,0,3538
2024-07-09 11:00:00,15762.853,15780.162,15757.493,15757.493,3535,1570,0,3535
2024-07-09 12:00:00,15757.478,15780.991,15747.516,15747.516,3547,1570,0,3547
2024-07-09 13:00:00,15747.51,15789.381,15731.442,15784.666,3547,1570,0,3547
2024-07-09 14:00:00,15784.649,15843.666,15761.343,15839.691,3541,1570,0,3541
2024-07-09 15:00:00,15839.655,15865.871,15827.765,15862.066,3547,1580,0,3547
2024-07-09 16:00:00,15862.038,15862.038,15826.607,15841.748,3539,1580,0,3539
2024-07-09 17:00:00,15841.74,15843.84,15809.799,15827.835,3543,1580,0,3543
2024-07-09 18:00:00,15827.819,15887.252,15822.758,15883.201,3540,1580,0,3540
2024-07-09 19:00:00,15883.173,15885.622,15843.522,15843.522,3535,1580,0,3535
2024-07-09 20:00:00,15843.514,15854.096,15819.063,15850.059,3542,1580,0,3542
2024-07-09 21:00:00,15850.049,15855.926,15820.515,15841.548,3533,1580,0,3533
2024-07-09 22:00:00,15841.519,15890.344,15839.552,15855.577,3535,1580,0,3535
2024-07-09 23:00:00,15855.555,15864.287,15823.803,15823.803,3537,1580,0,3537
2024-07-10 00:00:00,15823.794,15823.794,15788.094,15788.094,3539,1570,0,3539
2024-07-10 01:00:00,15788.081,15796.915,15759.954,15787.795,3548,1570,0,3548
2024-07-10 02:00:00,15787.792,15787.792,15731.804,15731.804,3530,1570,0,3530
2024-07-10 03:00:00,15731.798,15747.879,15718.038,15731.98,3538,1570,0,3538
2024-07-10 04:00:00,15731.957,15763.704,15728.793,15750.168,3535,1570,0,3535
2024-07-10 05:00:00,15750.163,15750.163,15721.034,15721.034,3540,1570,0,3540
2024-07-10 06:00:00,15721.012,15744.734,15696.73,15696.73,3529,1560,0,3529
2024-07-10 07:00:00,15696.706,15712.622,15665.104,15696.902,3540,1560,0,3540
2024-07-10 08:00:00,15696.891,15826.582,15691.333,15822.966,3534,1560,0,3534
2024-07-10 09:00:00,15822.963,15832.79,15802.855,15812.545,3539,1580,0,3539
2024-07-10 10:00:00,15812.541,15812.541,15760.924,15760.924,3542,1570,0,3542
2024-07-10 11:00:00,15760.918,15760.918,15728.21,15731.471,3524,1570,0,3524
2024-07-10 12:00:00,15731.462,15763.256,15723.133,15757.391,3537,1570,0,3537
2024-07-10 13:00:00,15757.373,15757.532,15725.068,15725.068,3536,1570,0,3536
2024-07-10 14:00:00,15725.04,15800.121,15723.487,15789.996,3552,1570,0,3552
2024-07-10 15:00:00,15789.974,15821.295,15786.944,15804.213,3539,1570,0,3539
2024-07-10 16:00:00,15804.181,15913.247,15799.157,15895.903,3522,1570,0,3522
2024-07-10 17:00:00,15895.878,15911.136,15874.873,15903.954,3534,1580,0,3534
2024-07-10 18:00:00,15903.939,15903.939,15850.709,15853.876,3554,1580,0,3554
2024-07-10 19:00:00,15853.848,15879.025,15841.845,15842.939,3529,1580,0,3529
2024-07-10 20:00:00,15842.9,15883.221,15831.941,15870.912,3541,1580,0,3541
2024-07-10 21:00:00,15870.904,15906.456,15866.034,15887.648,3549,1580,0,3549
2024-07-10 22:00:00,15887.637,15912.523,15879.382,15879.382,3548,1580,0,3548
2024-07-10 23:00:00,15879.377,15944.125,15863.661,15919.161,3530,1580,0,3530
2024-07-11 00:00:00,15919.11,15921.714,15885.229,15914.084,3541,1580,0,3541
2024-07-11 01:00:00,15914.083,15951.815,15903.755,15941.474,3537,1590,0,3537
2024-07-11 02:00:00,15941.47,15941.47,15896.525,15896.525,3540,1580,0,3540
2024-07-11 03:00:00,15896.521,15981.032,15874.149,15976.784,3545,1580,0,3545
2024-07-11 04:00:00,15976.765,15981.444,15949.054,15949.054,3532,1590,0,3532
2024-07-11 05:00:00,15949.044,15963.066,15926.402,15940.256,3534,1590,0,3534
2024-07-11 06:00:00,15940.242,15976.851,15926.804,15974.99,3545,1590,0,3545
2024-07-11 07:00:00,15974.968,15996.307,15948.14,15989.757,3530,1590,0,3530
2024-07-11 08:00:00,15989.749,15989.749,15934.87,15934.87,3543,1590,0,3543
2024-07-11 09:00:00,15934.859,15968.035,15925.035,15927.691,3540,1590,0,3540
2024-07-11 10:00:00,15927.671,15927.671,15881.249,15890.825,3539,1580,0,3539
2024-07-11 11:00:00,15890.811,15909.018,15867.343,15884.535,3549,1580,0,3549
2024-07-11 12:00:00,15884.518,15910.393,15869.624,15876.513,3537,1580,0,3537
2024-07-11 13:00:00,15876.466,15876.466,15833.6,15853.128,3530,1580,0,3530
2024-07-11 14:00:00,15853.098,15891.555,15841.799,15885.325,3533,1580,0,3533
2024-07-11 15:00:00,15885.324,15885.324,15827.859,15827.859,3540,1580,0,3540
2024-07-11 16:00:00,15827.85,15832.611,15801.342,15801.342,3538,1580,0,3538
2024-07-11 17:00:00,15801.33,15819.334,15792.533,15795.85,3543,1570,0,3543
2024-07-11 18:00:00,15795.815,15817.311,15770.377,15798.088,3527,1570,0,3527
2024-07-11 19:00:00,15798.072,15980.865,15796.499,15971.514,3536,1570,0,3536
2024-07-11 20:00:00,15971.507,15972.091,15930.358,15930.358,3533,1590,0,3533
2024-07-11 21:00:00,15930.352,15964.417,15905.994,15959.563,3529,1590,0,3529
2024-07-11 22:00:00,15959.529,15980.563,15937.311,15961.395,3548,1590,0,3548
2024-07-11 23:00:00,15961.39,15972.267,15926.815,15926.815,3537,1590,0,3537
2024-07-12 00:00:00,15926.803,15950.386,15892.17,15943.718,3524,1580,0,3524
2024-07-12 01:00:00,15943.712,15973.058,15937.161,15937.161,3537,1590,0,3537
2024-07-12 02:00:00,15937.146,16013.936,15934.218,15998.054,3535,1590,0,3535
2024-07-12 03:00:00,15998.035,16008.626,15972.785,15988.806,3540,1590,0,3540
2024-07-12 04:00:00,15988.774,16046.409,15965.268,16040.181,3524,1590,0,3524
2024-07-12 05:00:00,16040.174,16040.174,16013.268,16013.268,3543,1600,0,3543
2024-07-12 06:00:00,16013.261,16194.826,16007.619,16179.096,3526,1600,0,3526
2024-07-12 07:00:00,16179.087,16217.978,16173.605,16201.362,3541,1610,0,3541
2024-07-12 08:00:00,16201.343,16223.056,16179.016,16212.998,3543,1610,0,3543
2024-07-12 09:00:00,16212.973,16269.232,16202.584,16260.923,3527,1620,0,3527
2024-07-12 10:00:00,16260.915,16306.123,16255.737,16290.247,3529,1620,0,3529
2024-07-12 11:00:00,16290.243,16290.243,16243.808,16268.817,3540,1620,0,3540
2024-07-12 12:00:00,16268.817,16268.817,16223.551,16234.416,3540,1620,0,3540
2024-07-12 13:00:00,16234.411,16354.006,16234.119,16352.688,3533,1620,0,3533
2024-07-12 14:00:00,16352.653,16411.568,16340.002,16380.632,3541,1630,0,3541
2024-07-12 15:00:00,16380.606,16437.766,16374.455,16412.599,3543,1630,0,3543
2024-07-12 16:00:00,16412.583,16445.172,16381.693,16434.444,3548,1630,0,3548
2024-07-12 17:00:00,16434.429,16435.922,16410.92,16410.92,3545,1640,0,3545
2024-07-12 18:00:00,16410.904,16463.013,16394.577,16458.151,3532,1630,0,3532
2024-07-12 19:00:00,16458.121,16508.375,16457.748,16488.27,3547,1640,0,3547
2024-07-12 20:00:00,16488.208,16605.941,16477.354,16588.819,3542,1640,0,3542
2024-07-12 21:00:00,16588.805,16588.805,16528.747,16528.747,3553,1650,0,3553
2024-07-12 22:00:00,16528.733,16528.733,16477.137,16517.782,3551,1640,0,3551
2024-07-12 23:00:00,16517.778,16538.239,16500.913,16510.958,3538,1650,0,3538
2024-07-13 00:00:00,16510.954,16510.954,16451.598,16451.598,3553,1640,0,3553
2024-07-13 01:00:00,16451.59,16459.554,16413.964,16436.563,3530,1640,0,3530
2024-07-13 02:00:00,16436.549,16461.816,16421.532,16460.911,3539,1640,0,3539
2024-07-13 03:00:00,16460.881,16539.806,16460.881,16525.667,3538,1640,0,3538
2024-07-13 04:00:00,16525.636,16594.629,16525.339,16550.32,3539,1650,0,3539
2024-07-13 05:00:00,16550.305,16618.202,16549.091,16597.422,3536,1650,0,3536
2024-07-13 06:00:00,16597.411,16609.261,16562.222,16597.067,3538,1650,0,3538
2024-07-13 07:00:00,16597.052,16613.151,16573.414,16604.722,3546,1650,0,3546
2024-07-13 08:00:00,16604.692,16668.842,16588.805,16660.496,3540,1650,0,3540
2024-07-13 09:00:00,16660.475,16722.798,16649.78,16709.959,3545,1660,0,3545
2024-07-13 10:00:00,16709.923,16749.408,16693.915,16732.164,3543,1660,0,3543
2024-07-13 11:00:00,16732.144,16766.186,16725.725,16733.529,3538,1670,0,3538
2024-07-13 12:00:00,16733.526,16733.526,16672.278,16672.278,3536,1660,0,3536
2024-07-13 13:00:00,16672.274,16682.542,16638.64,16676.727,3557,1660,0,3557
2024-07-13 14:00:00,16676.719,16734.812,16673.593,16702.753,3546,1660,0,3546
2024-07-13 15:00:00,16702.732,16786.308,16699.311,16777.103,3544,1670,0,3544
2024-07-13 16:00:00,16777.077,16829.631,16764.445,16814.709,3540,1670,0,3540
2024-07-13 17:00:00,16814.682,16814.682,16778.159,16778.159,3533,1670,0,3533
2024-07-13 18:00:00,16778.147,16779.578,16723.382,16732.61,3556,1670,0,3556
2024-07-13 19:00:00,16732.573,16754.495,16715.948,16740.84,3547,1670,0,3547
2024-07-13 20:00:00,16740.837,16760.626,16711.259,16711.259,3535,1670,0,3535
2024-07-13 21:00:00,16711.233,16805.846,16706.569,16780.231,3531,1670,0,3531
2024-07-13 22:00:00,16780.226,16899.472,16779.88,16867.643,3537,1670,0,3537
2024-07-13 23:00:00,16867.608,16896.738,16850.083,16889.147,3538,1680,0,3538
2024-07-14 00:00:00,16889.14,16905.598,16857.564,16857.564,3537,1680,0,3537
2024-07-14 01:00:00,16857.564,16885.523,16823.103,16865.957,3323,1680,0,3323
2024-07-14 02:00:00,16865.938,16865.938,16830.325,16834.691,3544,1680,0,3544
2024-07-14 03:00:00,16834.685,16875.806,16826.478,16861.562,3539,1680,0,3539
2024-07-14 04:00:00,16861.516,16886.858,16841.328,16880.365,3546,1680,0,3546
2024-07-14 05:00:00,16880.349,16882.529,16850.357,16865.586,3545,1680,0,3545
2024-07-14 06:00:00,16865.568,16876.713,16837.456,16844.465,3529,1680,0,3529
2024-07-14 07:00:00,16844.454,16890.384,16843.025,16859.344,3548,1680,0,3548
2024-07-14 08:00:00,16859.328,16859.328,16800.27,16800.27,3539,1680,0,3539
2024-07-14 09:00:00,16800.268,16811.695,16774.759,16805.344,3537,1670,0,3537
2024-07-14 10:00:00,16805.314,16818.849,16780.26,16780.26,3538,1670,0,3538
2024-07-14 11:00:00,16780.218,16812.003,16777.478,16787.168,3542,1670,0,3542
2024-07-14 12:00:00,16787.14,16787.14,16736.594,16736.594,3542,1670,0,3542
2024-07-14 13:00:00,16736.574,16736.574,16676.497,16676.497,3547,1660,0,3547
2024-07-14 14:00:00,16676.478,16677.856,16642.291,16664.621,3547,1660,0,3547
2024-07-14 15:00:00,16664.61,16678.343,16654.86,16660.908,3542,1660,0,3542
2024-07-14 16:00:00,16660.854,16660.854,16620.812,16622.382,3530,1660,0,3530
2024-07-14 17:00:00,16622.356,16631.584,16593.909,16593.909,3531,1650,0,3531
2024-07-14 18:00:00,16593.873,16655.965,16591.757,16608.256,3547,1650,0,3547
2024-07-14 19:00:00,16608.229,16608.229,16563.363,16563.363,3552,1650,0,3552
2024-07-14 20:00:00,16563.363,16638.294,16555.228,16631.444,3540,1650,0,3540
2024-07-14 21:00:00,16631.419,16684.233,16623.415,16672.655,3530,1660,0,3530
2024-07-14 22:00:00,16672.638,16682.99,16655.149,16655.149,3541,1660,0,3541
2024-07-14 23:00:00,16655.137,16655.137,16624.822,16629.667,3550,1660,0,3550
2024-07-15 00:00:00,16629.628,16635.345,16606.122,16614.006,3544,1660,0,3544
2024-07-15 01:00:00,16614.002,16618.106,16580.265,16603.788,3537,1650,0,3537
2024-07-15 02:00:00,16603.769,16603.769,16547.191,16547.191,3538,1650,0,3538
2024-07-15 03:00:00,16547.182,16661.774,16542.282,16628.749,3539,1650,0,3539
2024-07-15 04:00:00,16628.729,16644.751,16598.993,16598.993,3526,1660,0,3526
2024-07-15 05:00:00,16598.991,16618.081,16588.311,16591.243,3532,1650,0,3532
2024-07-15 06:00:00,16591.232,16627.427,16588.761,16597.808,3528,1650,0,3528
2024-07-15 07:00:00,16597.776,16597.776,16537.105,16537.105,3544,1650,0,3544
2024-07-15 08:00:00,16537.084,16544.085,16488.987,16528.696,3545,1640,0,3545
2024-07-15 09:00:00,16528.688,16528.688,16472.754,16484.09,3539,1640,0,3539
2024-07-15 10:00:00,16484.075,16484.075,16444.54,16450.426,3535,1640,0,3535
2024-07-15 11:00:00,16450.42,16450.42,16421.302,16436.816,3549,1640,0,3549
2024-07-15 12:00:00,16436.779,16436.779,16389.53,16411.539,3528,1630,0,3528
2024-07-15 13:00:00,16411.526,16425.859,16386.261,16386.261,3552,1630,0,3552
2024-07-15 14:00:00,16386.237,16386.237,16342.039,16343.257,3533,1630,0,3533
2024-07-15 15:00:00,16343.249,16364.615,16333.956,16333.956,3539,1630,0,3539
2024-07-15 16:00:00,16333.916,16333.916,16280.297,16280.297,3535,1620,0,3535
2024-07-15 17:00:00,16280.285,16280.285,16225.873,16225.873,3544,1620,0,3544
2024-07-15 18:00:00,16225.836,16228.373,16203.563,16221.962,3531,1620,0,3531
2024-07-15 19:00:00,16221.96,16235.055,16183.3,16217.18,3545,1610,0,3545
2024-07-15 20:00:00,16217.162,16234.94,16201.311,16234.681,3531,1620,0,3531
2024-07-15 21:00:00,16234.665,16258.83,16201.857,16250.345,3531,1620,0,3531
2024-07-15 22:00:00,16250.289,16254.298,16218.089,16228.558,3540,1620,0,3540
2024-07-15 23:00:00,16228.546,16342.158,16227.366,16318.713,3536,1620,0,3536
2024-07-16 00:00:00,16318.712,16366.505,16315.846,16361.708,3533,1630,0,3533
2024-07-16 01:00:00,16361.695,16374.659,16337.847,16337.847,3534,1630,0,3534
2024-07-16 02:00:00,16337.826,16420.762,16333.059,16413.05,3538,1630,0,3538
2024-07-16 03:00:00,16413.031,16416.585,16381.383,16407.979,3547,1630,0,3547
2024-07-16 04:00:00,16407.973,16428.463,16393.425,16413.838,3539,1630,0,3539
2024-07-16 05:00:00,16413.823,16416.863,16388.016,16395.536,3542,1630,0,3542
2024-07-16 06:00:00,16395.5,16399.771,16365.573,16369.21,3538,1630,0,3538
2024-07-16 07:00:00,16369.19,16445.484,16367.316,16412.928,3543,1630,0,3543
2024-07-16 08:00:00,16412.898,16414.648,16381.059,16395.121,3532,1630,0,3532
2024-07-16 09:00:00,16395.075,16399.971,16373.035,16390.711,3537,1630,0,3537
2024-07-16 10:00:00,16390.699,16390.699,16331.138,16331.138,3545,1630,0,3545
2024-07-16 11:00:00,16331.124,16379.428,16316.923,16353.578,3535,1630,0,3535
2024-07-16 12:00:00,16353.571,16364.193,16329.662,16347.832,3527,1630,0,3527
2024-07-16 13:00:00,16347.8,16347.8,16321.29,16336.111,3536,1630,0,3536
2024-07-16 14:00:00,16336.11,16337.254,16286.662,16296.589,3517,1620,0,3517
2024-07-16 15:00:00,16296.555,16296.555,16265.618,16265.618,3542,1620,0,3542
2024-07-16 16:00:00,16265.61,16304.015,16257.351,16272.798,3532,1620,0,3532
2024-07-16 17:00:00,16272.794,16305.242,16256.733,16303.07,3544,1620,0,3544
2024-07-16 18:00:00,16303.055,16317.373,16275.766,16308.593,3533,1620,0,3533
2024-07-16 19:00:00,16308.575,16308.575,16264.807,16264.807,3535,1620,0,3535
2024-07-16 20:00:00,16264.793,16304.284,16246.643,16284.61,3530,1620,0,3530
2024-07-16 21:00:00,16284.588,16298.497,16263.443,16278.367,3543,1620,0,3543
2024-07-16 22:00:00,16278.335,16309.688,16277.098,16290.168,3544,1620,0,3544
2024-07-16 23:00:00,16290.167,16290.167,16260.914,16260.914,3539,1620,0,3539
2024-07-17 00:00:00,16260.894,16260.894,16205.609,16205.609,3537,1620,0,3537
2024-07-17 01:00:00,16205.598,16219.01,16175.273,16211.156,3547,1610,0,3547
2024-07-17 02:00:00,16211.141,16224.049,16188.997,16189.286,3540,1610,0,3540
2024-07-17 03:00:00,16189.231,16257.95,16185.352,16234.318,3536,1610,0,3536
2024-07-17 04:00:00,16234.275,16250.032,16213.987,16224.074,3528,1620,0,3528
2024-07-17 05:00:00,16224.055,16276.398,16208.061,16256.225,3527,1620,0,3527
2024-07-17 06:00:00,16256.199,16284.931,16236.962,16273.053,3545,1620,0,3545
2024-07-17 07:00:00,16273.011,16296.872,16252.402,16258.13,3535,1620,0,3535
2024-07-17 08:00:00,16258.108,16258.108,16205.425,16206.005,3543,1620,0,3543
2024-07-17 09:00:00,16205.975,16238.876,16203.726,16203.726,3545,1620,0,3545
2024-07-17 10:00:00,16203.706,16293.164,16192.835,16285.615,3553,1610,0,3553
2024-07-17 11:00:00,16285.6,16362.306,16260.488,16355.346,3538,1620,0,3538
2024-07-17 12:00:00,16355.334,16363.0,16329.154,16329.154,3529,1630,0,3529
2024-07-17 13:00:00,16329.12,16329.12,16271.788,16271.788,3536,1620,0,3536
2024-07-17 14:00:00,16271.776,16300.932,16261.647,16273.755,3550,1620,0,3550
2024-07-17 15:00:00,16273.711,16338.976,16249.877,16331.931,3537,1620,0,3537
2024-07-17 16:00:00,16331.921,16346.573,16320.351,16342.014,3549,1630,0,3549
2024-07-17 17:00:00,16341.977,16349.537,16301.251,16301.251,3530,1630,0,3530
2024-07-17 18:00:00,16301.232,16369.354,16299.998,16352.898,3563,1630,0,3563
2024-07-17 19:00:00,16352.875,16413.833,16349.062,16409.991,3542,1630,0,3542
2024-07-17 20:00:00,16409.971,16432.71,16397.11,16417.524,3540,1630,0,3540
2024-07-17 21:00:00,16417.498,16476.979,16404.038,16476.87,3541,1640,0,3541
2024-07-17 22:00:00,16476.859,16508.94,16474.262,16503.837,3528,1640,0,3528
2024-07-17 23:00:00,16503.826,16531.33,16492.809,16514.598,3533,1640,0,3533
2024-07-18 00:00:00,16514.593,16538.564,16501.792,16532.636,3535,1650,0,3535
2024-07-18 01:00:00,16532.629,16532.629,16483.504,16483.504,3548,1640,0,3548
2024-07-18 02:00:00,16483.483,16528.073,16469.825,16514.125,3528,1640,0,3528
2024-07-18 03:00:00,16514.093,16549.39,16482.22,16547.28,3532,1640,0,3532
2024-07-18 04:00:00,16547.279,16560.918,16528.145,16528.37,3540,1650,0,3540
2024-07-18 05:00:00,16528.361,16528.361,16498.218,16514.957,3555,1650,0,3555
2024-07-18 06:00:00,16514.931,16566.132,16493.778,16557.352,3531,1640,0,3531
2024-07-18 07:00:00,16557.34,16563.799,16528.716,16537.457,3530,1650,0,3530
2024-07-18 08:00:00,16537.451,16556.419,16513.777,16548.209,3546,1650,0,3546
2024-07-18 09:00:00,16548.195,16553.638,16514.799,16527.786,3529,1650,0,3529
2024-07-18 10:00:00,16527.775,16624.045,16523.338,16623.565,3543,1650,0,3543
2024-07-18 11:00:00,16623.558,16671.233,16621.57,16623.475,3534,1660,0,3534
2024-07-18 12:00:00,16623.449,16624.765,16576.691,16576.691,3531,1650,0,3531
2024-07-18 13:00:00,16576.684,16602.474,16565.758,16589.773,3537,1650,0,3537
2024-07-18 14:00:00,16589.77,16679.386,16583.978,16667.349,3538,1650,0,3538
2024-07-18 15:00:00,16667.335,16692.901,16653.222,16687.1,3535,1660,0,3535
2024-07-18 16:00:00,16687.091,16720.881,16686.537,16712.592,3531,1660,0,3531
2024-07-18 17:00:00,16712.585,16712.585,16671.906,16673.771,3545,1660,0,3545
2024-07-18 18:00:00,16673.747,16677.929,16638.081,16664.722,3550,1660,0,3550
2024-07-18 19:00:00,16664.702,16701.204,16653.207,16678.562,3533,1660,0,3533
2024-07-18 20:00:00,16678.535,16740.912,16675.451,16702.364,3550,1660,0,3550
2024-07-18 21:00:00,16702.335,16750.906,16693.766,16729.308,3532,1660,0,3532
2024-07-18 22:00:00,16729.301,16742.546,16712.615,16719.046,3541,1670,0,3541
2024-07-18 23:00:00,16719.041,16725.039,16691.385,16714.119,3534,1660,0,3534
2024-07-19 00:00:00,16714.088,16714.088,16670.652,16674.358,3546,1660,0,3546
2024-07-19 01:00:00,16674.347,16674.347,16626.85,16666.993,3550,1660,0,3550
2024-07-19 02:00:00,16666.972,16666.972,16606.273,16606.273,3533,1660,0,3533
2024-07-19 03:00:00,16606.262,16696.554,16605.487,16689.711,3542,1660,0,3542
2024-07-19 04:00:00,16689.703,16734.4,16686.917,16686.917,3533,1660,0,3533
2024-07-19 05:00:00,16686.911,16711.453,16668.701,16691.057,3564,1660,0,3564
2024-07-19 06:00:00,16691.043,16704.54,16663.113,16700.349,3536,1660,0,3536
2024-07-19 07:00:00,16700.324,16702.336,16652.492,16652.492,3547,1660,0,3547
2024-07-19 08:00:00,16652.489,16668.37,16619.458,16619.458,3532,1660,0,3532
2024-07-19 09:00:00,16619.455,16664.884,16618.349,16651.144,3546,1660,0,3546
2024-07-19 10:00:00,16651.142,16651.142,16607.796,16607.796,3541,1660,0,3541
2024-07-19 11:00:00,16607.777,16631.755,16574.52,16574.52,3550,1650,0,3550
2024-07-19 12:00:00,16574.502,16601.035,16565.864,16577.983,3538,1650,0,3538
2024-07-19 13:00:00,16577.975,16613.727,16565.811,16576.501,3535,1650,0,3535
2024-07-19 14:00:00,16576.491,16598.512,16543.809,16582.836,3539,1650,0,3539
2024-07-19 15:00:00,16582.798,16618.786,16575.85,16601.189,3536,1650,0,3536
2024-07-19 16:00:00,16601.161,16615.527,16572.171,16599.997,3535,1650,0,3535
2024-07-19 17:00:00,16599.994,16603.281,16564.749,16564.749,3523,1650,0,3523
2024-07-19 18:00:00,16564.742,16564.742,16512.238,16519.444,3540,1650,0,3540
2024-07-19 19:00:00,16519.41,16554.856,16471.436,16551.983,3537,1640,0,3537
2024-07-19 20:00:00,16551.974,16555.824,16520.409,16536.555,3541,1650,0,3541
2024-07-19 21:00:00,16536.544,16552.348,16515.481,16539.621,3547,1650,0,3547
2024-07-19 22:00:00,16539.616,16597.272,16524.701,16590.764,3539,1650,0,3539
2024-07-19 23:00:00,16590.74,16590.74,16546.039,16546.039,3538,1650,0,3538
2024-07-20 00:00:00,16546.011,16577.132,16533.77,16533.77,3528,1650,0,3528
2024-07-20 01:00:00,16533.74,16566.058,16500.758,16550.984,3534,1650,0,3534
2024-07-20 02:00:00,16550.98,16593.774,16545.459,16586.937,3523,1650,0,3523
2024-07-20 03:00:00,16586.909,16647.836,16564.407,16635.086,3554,1650,0,3554
2024-07-20 04:00:00,16635.079,16635.079,16607.812,16615.457,3550,1660,0,3550
2024-07-20 05:00:00,16615.431,16632.428,16590.971,16590.971,3531,1650,0,3531
2024-07-20 06:00:00,16590.967,16608.347,16541.81,16605.11,3535,1650,0,3535
2024-07-20 07:00:00,16605.055,16610.958,16569.521,16569.521,3536,1650,0,3536
2024-07-20 08:00:00,16569.513,16609.451,16554.865,16594.282,3550,1650,0,3550
2024-07-20 09:00:00,16594.277,16642.305,16590.163,16618.609,3547,1650,0,3547
2024-07-20 10:00:00,16618.6,16618.6,16562.384,16562.384,3546,1650,0,3546
2024-07-20 11:00:00,16562.355,16633.315,16556.822,16617.926,3538,1650,0,3538
2024-07-20 12:00:00,16617.925,16617.925,16567.431,16567.431,3543,1650,0,3543
2024-07-20 13:00:00,16567.425,16641.431,16566.846,16637.796,3548,1650,0,3548
2024-07-20 14:00:00,16637.791,16650.219,16598.797,16598.797,3548,1660,0,3548
2024-07-20 15:00:00,16598.784,16598.784,16550.648,16562.165,3540,1650,0,3540
2024-07-20 16:00:00,16562.13,16571.997,16542.289,16548.679,3535,1650,0,3535
2024-07-20 17:00:00,16548.675,16552.442,16513.23,16513.23,3539,1650,0,3539
2024-07-20 18:00:00,16513.205,16516.421,16479.414,16508.778,3546,1640,0,3546
2024-07-20 19:00:00,16508.762,16512.07,16470.707,16474.722,3543,1640,0,3543
2024-07-20 20:00:00,16474.722,16474.722,16415.517,16415.517,3549,1640,0,3549
2024-07-20 21:00:00,16415.487,16456.491,16403.147,16434.219,3548,1640,0,3548
2024-07-20 22:00:00,16434.186,16434.186,16381.536,16401.421,3542,1630,0,3542
2024-07-20 23:00:00,16401.39,16401.39,16358.518,16361.514,3549,1630,0,3549
2024-07-21 00:00:00,16361.507,16370.444,16332.509,16353.019,3538,1630,0,3538
2024-07-21 01:00:00,16353.012,16406.924,16324.702,16391.123,3552,1630,0,3552
2024-07-21 02:00:00,16391.12,16474.863,16388.743,16455.088,3538,1630,0,3538
2024-07-21 03:00:00,16455.079,16477.273,16440.018,16466.042,3534,1640,0,3534
2024-07-21 04:00:00,16466.034,16469.346,16432.372,16457.108,3544,1640,0,3544
2024-07-21 05:00:00,16457.078,16457.078,16397.641,16397.641,3542,1630,0,3542
2024-07-21 06:00:00,16397.618,16412.49,16361.956,16383.349,3536,1630,0,3536
2024-07-21 07:00:00,16383.335,16383.335,16331.48,16354.629,3528,1630,0,3528
2024-07-21 08:00:00,16354.597,16374.589,16327.806,16327.806,3551,1630,0,3551
2024-07-21 09:00:00,16327.796,16348.868,16295.121,16295.443,3531,1620,0,3531
2024-07-21 10:00:00,16295.435,16320.814,16282.18,16308.234,3531,1620,0,3531
2024-07-21 11:00:00,16308.167,16453.072,16306.1,16443.654,3526,1630,0,3526
2024-07-21 12:00:00,16443.632,16469.233,16433.54,16456.017,3547,1640,0,3547
2024-07-21 13:00:00,16456.014,16469.131,16434.568,16454.332,3534,1640,0,3534
2024-07-21 14:00:00,16454.324,16562.021,16445.815,16545.67,3548,1640,0,3548
2024-07-21 15:00:00,16545.661,16559.778,16528.21,16528.21,3528,1650,0,3528
2024-07-21 16:00:00,16528.196,16584.289,16520.157,16564.614,3534,1650,0,3534
2024-07-21 17:00:00,16564.579,16569.2,16525.7,16525.7,3550,1650,0,3550
2024-07-21 18:00:00,16525.698,16547.357,16508.173,16539.491,3535,1650,0,3535
2024-07-21 19:00:00,16539.472,16604.347,16536.388,16590.855,3538,1650,0,3538
2024-07-21 20:00:00,16590.847,16631.041,16588.713,16608.107,3553,1650,0,3553
2024-07-21 21:00:00,16608.097,16693.461,16605.743,16679.312,3534,1660,0,3534
2024-07-21 22:00:00,16679.284,16706.212,16650.46,16650.46,3536,1660,0,3536
2024-07-21 23:00:00,16650.449,16707.788,16641.906,16662.95,3548,1660,0,3548
2024-07-22 00:00:00,16662.938,16662.938,16602.022,16602.022,3549,1660,0,3549
2024-07-22 01:00:00,16601.997,16610.487,16578.78,16586.23,3546,1650,0,3546
2024-07-22 02:00:00,16586.213,16586.229,16536.031,16536.031,3538,1650,0,3538
2024-07-22 03:00:00,16536.012,16546.371,16511.283,16511.283,3545,1650,0,3545
2024-07-22 04:00:00,16511.249,16539.674,16473.699,16535.134,3539,1640,0,3539
2024-07-22 05:00:00,16535.092,16587.778,16534.703,16576.652,3548,1650,0,3548
2024-07-22 06:00:00,16576.643,16587.854,16561.04,16561.04,3548,1650,0,3548
2024-07-22 07:00:00,16561.032,16585.36,16552.435,16552.435,3540,1650,0,3540
2024-07-22 08:00:00,16552.421,16554.286,16521.564,16521.564,3538,1650,0,3538
2024-07-22 09:00:00,16521.547,16543.469,16501.848,16522.098,3549,1650,0,3549
2024-07-22 10:00:00,16522.097,16522.097,16486.164,16491.925,3533,1640,0,3533
2024-07-22 11:00:00,16491.895,16529.691,16479.759,16523.09,3546,1640,0,3546
2024-07-22 12:00:00,16523.084,16523.084,16486.551,16504.306,3548,1640,0,3548
2024-07-22 13:00:00,16504.29,16555.977,16490.795,16540.642,3527,1640,0,3527
2024-07-22 14:00:00,16540.619,16540.619,16510.772,16516.59,3535,1650,0,3535
2024-07-22 15:00:00,16516.559,16516.559,16470.654,16490.38,3530,1640,0,3530
2024-07-22 16:00:00,16490.358,16507.503,16468.544,16482.018,3526,1640,0,3526
2024-07-22 17:00:00,16481.997,16481.997,16434.858,16448.675,3542,1640,0,3542
2024-07-22 18:00:00,16448.67,16533.492,16446.441,16533.175,3536,1640,0,3536
2024-07-22 19:00:00,16533.152,16602.639,16528.428,16590.515,3538,1650,0,3538
2024-07-22 20:00:00,16590.514,16590.514,16542.048,16542.048,3533,1650,0,3533
2024-07-22 21:00:00,16542.029,16552.598,16511.973,16511.973,3545,1650,0,3545
2024-07-22 22:00:00,16511.947,16513.158,16468.369,16478.167,3551,1640,0,3551
2024-07-22 23:00:00,16478.137,16510.263,16466.496,16466.496,3545,1640,0,3545
2024-07-23 00:00:00,16466.495,16533.752,16464.415,16514.814,3546,1640,0,3546
2024-07-23 01:00:00,16514.807,16698.171,16514.434,16675.901,3540,1650,0,3540
2024-07-23 02:00:00,16675.891,16695.935,16668.734,16673.874,3530,1660,0,3530
2024-07-23 03:00:00,16673.85,16718.879,16665.018,16718.671,3533,1660,0,3533
2024-07-23 04:00:00,16718.671,16746.959,16702.373,16722.104,3539,1670,0,3539
2024-07-23 05:00:00,16722.08,16722.08,16692.282,16692.282,3543,1660,0,3543
2024-07-23 06:00:00,16692.267,16720.172,16688.073,16688.073,3533,1660,0,3533
2024-07-23 07:00:00,16688.061,16730.655,16680.259,16705.09,3545,1660,0,3545
2024-07-23 08:00:00,16705.057,16705.057,16660.789,16660.789,3541,1660,0,3541
2024-07-23 09:00:00,16660.772,16680.314,16643.22,16663.331,3547,1660,0,3547
2024-07-23 10:00:00,16663.321,16721.912,16663.004,16681.45,3549,1660,0,3549
2024-07-23 11:00:00,16681.443,16701.771,16661.554,16669.328,3539,1660,0,3539
2024-07-23 12:00:00,16682.004,16685.831,16648.459,16655.5,3543,1660,0,3543
2024-07-23 13:00:00,16655.485,16764.214,16650.272,16752.356,3535,1660,0,3535
2024-07-23 14:00:00,16752.348,16761.719,16705.993,16756.488,3534,1670,0,3534
2024-07-23 15:00:00,16756.444,16770.916,16726.247,16726.247,3546,1670,0,3546
2024-07-23 16:00:00,16726.236,16735.508,16704.663,16712.231,3534,1670,0,3534
2024-07-23 17:00:00,16712.211,16727.374,16680.07,16720.586,3540,1660,0,3540
2024-07-23 18:00:00,16720.568,16720.568,16661.968,16661.968,3534,1660,0,3534
2024-07-23 19:00:00,16661.942,16727.534,16652.176,16713.955,3531,1660,0,3531
2024-07-23 20:00:00,16713.928,16740.47,16696.777,16716.192,3544,1660,0,3544
2024-07-23 21:00:00,16716.157,16766.972,16704.148,16765.506,3544,1670,0,3544
2024-07-23 22:00:00,16765.471,16807.867,16759.778,16762.477,3543,1670,0,3543
2024-07-23 23:00:00,16762.457,16813.312,16726.812,16800.16,3524,1670,0,3524
2024-07-24 00:00:00,16800.132,16838.025,16792.786,16812.631,3538,1670,0,3538
2024-07-24 01:00:00,16812.626,16840.213,16788.869,16788.869,3551,1670,0,3551
2024-07-24 02:00:00,16788.866,16803.094,16761.415,16761.415,3510,1670,0,3510
2024-07-24 03:00:00,16761.407,16761.407,16714.531,16745.744,3534,1670,0,3534
2024-07-24 04:00:00,16745.733,16852.673,16729.138,16852.451,3536,1670,0,3536
2024-07-24 05:00:00,16852.438,16884.793,16814.997,16884.533,3541,1680,0,3541
2024-07-24 06:00:00,16884.503,16884.503,16831.922,16831.922,3536,1680,0,3536
2024-07-24 07:00:00,16831.9,16831.9,16781.425,16804.591,3548,1670,0,3548
2024-07-24 08:00:00,16804.567,16851.941,16802.743,16838.895,3536,1680,0,3536
2024-07-24 09:00:00,16838.847,16838.847,16811.565,16811.565,3538,1680,0,3538
2024-07-24 10:00:00,16811.559,16857.841,16791.583,16846.641,3530,1670,0,3530
2024-07-24 11:00:00,16846.618,16880.234,16829.643,16847.673,3551,1680,0,3551
2024-07-24 12:00:00,16847.669,16849.152,16814.967,16825.981,3548,1680,0,3548
2024-07-24 13:00:00,16825.973,16876.922,16821.622,16876.895,3538,1680,0,3538
2024-07-24 14:00:00,16876.889,16876.889,16816.341,16833.707,3548,1680,0,3548
2024-07-24 15:00:00,16833.693,16833.693,16797.884,16797.884,3539,1670,0,3539
2024-07-24 16:00:00,16797.87,16856.452,16797.372,16833.536,3537,1680,0,3537
2024-07-24 17:00:00,16833.505,16839.938,16806.046,16807.58,3561,1680,0,3561
2024-07-24 18:00:00,16807.566,16838.264,16791.765,16823.567,3551,1670,0,3551
2024-07-24 19:00:00,16823.554,16861.371,16811.09,16859.711,3538,1680,0,3538
2024-07-24 20:00:00,16859.698,16890.11,16825.521,16887.536,3544,1680,0,3544
2024-07-24 21:00:00,16887.517,16887.517,16833.363,16838.779,3538,1680,0,3538
2024-07-24 22:00:00,16838.757,16893.179,16829.072,16892.533,3542,1680,0,3542
2024-07-24 23:00:00,16892.523,16961.515,16889.165,16950.157,3543,1680,0,3543
2024-07-25 00:00:00,16950.146,16995.862,16936.332,16971.294,3536,1690,0,3536
2024-07-25 01:00:00,16971.292,17021.384,16961.628,17017.327,3523,1690,0,3523
2024-07-25 02:00:00,17017.284,17051.978,17015.619,17037.651,3548,1700,0,3548
2024-07-25 03:00:00,17037.642,17037.642,16979.751,16994.79,3530,1690,0,3530
2024-07-25 04:00:00,16994.782,16997.29,16959.815,16980.175,3537,1690,0,3537
2024-07-25 05:00:00,16980.172,16989.032,16943.031,16986.097,3552,1690,0,3552
2024-07-25 06:00:00,16986.071,16986.071,16948.911,16958.548,3545,1690,0,3545
2024-07-25 07:00:00,16958.546,16958.546,16921.268,16940.788,3542,1690,0,3542
2024-07-25 08:00:00,16940.787,16961.28,16923.156,16939.699,3530,1690,0,3530
2024-07-25 09:00:00,16939.687,17000.218,16917.182,16994.746,3549,1690,0,3549
2024-07-25 10:00:00,16994.736,17024.46,16976.86,17012.062,3557,1690,0,3557
2024-07-25 11:00:00,17012.046,17033.041,16993.614,16993.614,3544,1690,0,3544
2024-07-25 12:00:00,16993.612,17046.16,16988.204,17018.234,3535,1690,0,3535
2024-07-25 13:00:00,17018.221,17036.044,16995.817,17012.125,3523,1690,0,3523
2024-07-25 14:00:00,17012.117,17067.361,16997.524,17047.671,3538,1690,0,3538
2024-07-25 15:00:00,17047.618,17085.733,17018.944,17082.889,3551,1700,0,3551
2024-07-25 16:00:00,17082.86,17099.008,17040.351,17094.748,3534,1700,0,3534
2024-07-25 17:00:00,17094.734,17147.72,17088.766,17138.243,3546,1700,0,3546
2024-07-25 18:00:00,17138.231,17224.873,17115.134,17219.17,3554,1710,0,3554
2024-07-25 19:00:00,17219.168,17272.978,17212.956,17237.628,3538,1720,0,3538
2024-07-25 20:00:00,17237.613,17248.995,17193.844,17240.245,3543,1710,0,3543
2024-07-25 21:00:00,17240.237,17325.944,17239.244,17325.765,3537,1720,0,3537
2024-07-25 22:00:00,17325.763,17325.763,17274.403,17274.403,3542,1720,0,3542
2024-07-25 23:00:00,17274.395,17302.855,17262.557,17262.557,3538,1720,0,3538
2024-07-26 00:00:00,17262.518,17262.518,17207.369,17207.369,3525,1720,0,3525
2024-07-26 01:00:00,17207.358,17229.282,17186.626,17186.626,3544,1710,0,3544
2024-07-26 02:00:00,17186.625,17207.191,17171.146,17188.963,3539,1710,0,3539
2024-07-26 03:00:00,17188.946,17204.543,17160.22,17160.22,3546,1710,0,3546
2024-07-26 04:00:00,17160.189,17161.079,17132.541,17135.219,3537,1710,0,3537
2024-07-26 05:00:00,17135.207,17135.207,17101.249,17102.914,3549,1710,0,3549
2024-07-26 06:00:00,17102.91,17128.082,17072.027,17120.752,3545,1700,0,3545
2024-07-26 07:00:00,17120.745,17149.592,17093.715,17128.541,3542,1700,0,3542
2024-07-26 08:00:00,17128.532,17131.003,17106.704,17112.828,3528,1710,0,3528
2024-07-26 09:00:00,17112.804,17122.471,17092.853,17108.68,3539,1700,0,3539
2024-07-26 10:00:00,17108.675,17124.753,17084.692,17086.629,3541,1700,0,3541
2024-07-26 11:00:00,17086.62,17116.728,17063.366,17094.18,3536,1700,0,3536
2024-07-26 12:00:00,17094.158,17094.158,17045.904,17050.457,3535,1700,0,3535
2024-07-26 13:00:00,17050.427,17176.207,17043.923,17171.726,3551,1700,0,3551
2024-07-26 14:00:00,17171.706,17190.792,17150.354,17150.354,3538,1710,0,3538
2024-07-26 15:00:00,17150.346,17150.346,17099.115,17110.791,3539,1710,0,3539
2024-07-26 16:00:00,17110.789,17110.789,17071.327,17071.327,3549,1700,0,3549
2024-07-26 17:00:00,17071.303,17071.303,17031.9,17044.088,3552,1700,0,3552
2024-07-26 18:00:00,17044.047,17074.549,17032.801,17032.801,3534,1700,0,3534
2024-07-26 19:00:00,17032.761,17088.452,17015.0,17080.437,3528,1700,0,3528
2024-07-26 20:00:00,17080.435,17093.054,17044.818,17044.818,3541,1700,0,3541
2024-07-26 21:00:00,17044.802,17093.206,17019.218,17089.781,3531,1700,0,3531
2024-07-26 22:00:00,17089.78,17097.047,17060.596,17060.596,3546,1700,0,3546
2024-07-26 23:00:00,17060.575,17065.172,17028.979,17046.737,3538,1700,0,3538
2024-07-27 00:00:00,17046.729,17065.065,17018.624,17044.805,3540,1700,0,3540
2024-07-27 01:00:00,17044.797,17071.517,17032.759,17041.264,3550,1700,0,3550
2024-07-27 02:00:00,17041.243,17073.373,17021.724,17021.724,3536,1700,0,3536
2024-07-27 03:00:00,17021.687,17051.867,17011.347,17035.474,3542,1700,0,3542
2024-07-27 04:00:00,17035.464,17035.956,17008.629,17008.629,3547,1700,0,3547
2024-07-27 05:00:00,17008.605,17008.605,16952.678,16952.678,3538,1690,0,3538
2024-07-27 06:00:00,16952.672,16952.672,16913.877,16913.877,3547,1690,0,3547
2024-07-27 07:00:00,16913.867,16913.867,16852.638,16852.638,3532,1680,0,3532
2024-07-27 08:00:00,16852.624,16884.153,16849.964,16878.036,3545,1680,0,3545
2024-07-27 09:00:00,16878.029,16928.323,16869.447,16920.269,3540,1680,0,3540
2024-07-27 10:00:00,16920.243,16920.243,16884.719,16884.719,3532,1680,0,3532
2024-07-27 11:00:00,16884.718,16884.718,16847.409,16865.024,3545,1680,0,3545
2024-07-27 12:00:00,16864.998,16878.655,16825.067,16845.849,3551,1680,0,3551
2024-07-27 13:00:00,16845.834,16873.569,16832.796,16845.415,3549,1680,0,3549
2024-07-27 14:00:00,16845.401,16900.483,16814.627,16891.294,3550,1680,0,3550
2024-07-27 15:00:00,16891.271,16898.584,16859.841,16859.841,3549,1680,0,3549
2024-07-27 16:00:00,16859.838,16863.479,16813.149,16813.149,3543,1680,0,3543
2024-07-27 17:00:00,16813.124,16844.774,16800.488,16830.105,3537,1680,0,3537
2024-07-27 18:00:00,16830.073,16872.946,16819.814,16872.896,3533,1680,0,3533
2024-07-27 19:00:00,16872.888,16872.888,16835.692,16835.692,3542,1680,0,3542
2024-07-27 20:00:00,16835.663,16838.896,16808.936,16824.097,3541,1680,0,3541
2024-07-27 21:00:00,16824.066,16856.5,16776.326,16849.017,3535,1670,0,3535
2024-07-27 22:00:00,16849.016,16892.672,16821.807,16888.682,3552,1680,0,3552
2024-07-27 23:00:00,16888.666,16900.226,16854.306,16890.595,3543,1680,0,3543
2024-07-28 00:00:00,16890.593,16890.593,16841.441,16841.441,3541,1680,0,3541
2024-07-28 01:00:00,16841.439,16898.899,16841.36,16891.061,3537,1680,0,3537
2024-07-28 02:00:00,16891.044,16891.044,16857.788,16857.788,3535,1680,0,3535
2024-07-28 03:00:00,16857.761,16891.466,16845.875,16868.194,3526,1680,0,3526
2024-07-28 04:00:00,16868.191,16901.908,16862.494,16886.368,3543,1680,0,3543
2024-07-28 05:00:00,16886.348,16886.936,16850.002,16871.286,3541,1680,0,3541
2024-07-28 06:00:00,16871.278,16916.905,16849.398,16915.215,3544,1680,0,3544
2024-07-28 07:00:00,16915.18,16929.53,16897.03,16900.439,3546,1680,0,3546
2024-07-28 08:00:00,16900.384,16933.171,16890.878,16893.88,3553,1680,0,3553
2024-07-28 09:00:00,16893.851,16963.076,16885.094,16958.432,3550,1680,0,3550
2024-07-28 10:00:00,16958.428,16958.428,16910.317,16932.685,3538,1690,0,3538
2024-07-28 11:00:00,16932.654,16932.654,16887.856,16891.15,3557,1680,0,3557
2024-07-28 12:00:00,16891.109,16926.688,16878.748,16926.032,3551,1680,0,3551
2024-07-28 13:00:00,16925.997,16975.796,16922.587,16944.984,3540,1690,0,3540
2024-07-28 14:00:00,16944.957,16944.957,16899.382,16899.754,3551,1690,0,3551
2024-07-28 15:00:00,16899.748,16917.746,16881.043,16881.043,3551,1680,0,3551
2024-07-28 16:00:00,16881.039,16942.417,16875.496,16940.876,3541,1680,0,3541
2024-07-28 17:00:00,16940.874,16944.749,16912.822,16912.822,3541,1690,0,3541
2024-07-28 18:00:00,16912.817,16930.022,16899.188,16913.576,3538,1690,0,3538
2024-07-28 19:00:00,16913.557,16916.555,16881.134,16883.101,3539,1680,0,3539
2024-07-28 20:00:00,16883.101,16907.713,16854.479,16865.851,3542,1680,0,3542
2024-07-28 21:00:00,16865.84,16891.8,16832.858,16884.916,3547,1680,0,3547
2024-07-28 22:00:00,16884.888,16884.888,16842.987,16862.63,3541,1680,0,3541
2024-07-28 23:00:00,16862.619,16933.813,16855.755,16924.745,3547,1680,0,3547
2024-07-29 00:00:00,16924.739,16924.739,16885.336,16897.449,3538,1680,0,3538
2024-07-29 01:00:00,16897.415,16897.415,16838.096,16838.096,3534,1680,0,3534
2024-07-29 02:00:00,16838.086,16861.637,16822.232,16846.35,3560,1680,0,3560
2024-07-29 03:00:00,16846.345,16876.483,16834.851,16854.751,3535,1680,0,3535
2024-07-29 04:00:00,16854.749,16871.315,16815.277,16815.277,3529,1680,0,3529
2024-07-29 05:00:00,16815.257,16872.93,16785.828,16868.625,3547,1670,0,3547
2024-07-29 06:00:00,16868.594,16903.206,16846.814,16887.324,3530,1680,0,3530
2024-07-29 07:00:00,16887.319,16939.492,16880.549,16911.403,3539,1680,0,3539
2024-07-29 08:00:00,16911.37,16926.723,16902.529,16920.056,3536,1690,0,3536
2024-07-29 09:00:00,16920.019,16958.404,16914.333,16914.333,3534,1690,0,3534
2024-07-29 10:00:00,16914.319,16914.319,16853.8,16865.15,3540,1680,0,3540
2024-07-29 11:00:00,16865.144,16865.144,16807.659,16818.581,3547,1680,0,3547
2024-07-29 12:00:00,16818.555,16832.777,16775.976,16775.976,3529,1670,0,3529
2024-07-29 13:00:00,16775.969,16802.534,16766.42,16782.262,3550,1670,0,3550
2024-07-29 14:00:00,16782.259,16844.611,16779.586,16823.718,3530,1670,0,3530
2024-07-29 15:00:00,16823.715,16829.148,16785.202,16790.742,3534,1670,0,3534
2024-07-29 16:00:00,16790.724,16817.329,16762.442,16762.442,3559,1670,0,3559
2024-07-29 17:00:00,16762.417,16762.417,16701.409,16701.409,3546,1670,0,3546
2024-07-29 18:00:00,16701.39,16705.306,16681.193,16688.082,3529,1660,0,3529
2024-07-29 19:00:00,16688.05,16698.597,16672.722,16683.522,3540,1660,0,3540
2024-07-29 20:00:00,16683.499,16698.12,16640.415,16640.415,3543,1660,0,3543
2024-07-29 21:00:00,16640.384,16647.231,16625.053,16627.324,3536,1660,0,3536
2024-07-29 22:00:00,16627.312,16637.206,16599.845,16615.214,3534,1660,0,3534
2024-07-29 23:00:00,16615.189,16627.601,16590.689,16616.927,3542,1650,0,3542
2024-07-30 00:00:00,16616.917,16616.917,16566.665,16576.778,3535,1650,0,3535
2024-07-30 01:00:00,16576.75,16640.243,16576.214,16603.109,3540,1650,0,3540
2024-07-30 02:00:00,16603.103,16603.103,16569.42,16586.484,3548,1650,0,3548
2024-07-30 03:00:00,16586.478,16657.906,16564.676,16651.478,3548,1650,0,3548
2024-07-30 04:00:00,16651.451,16674.314,16635.771,16652.53,3532,1660,0,3532
2024-07-30 05:00:00,16652.525,16652.525,16596.846,16596.846,3539,1650,0,3539
2024-07-30 06:00:00,16596.83,16647.708,16581.281,16616.51,3542,1650,0,3542
2024-07-30 07:00:00,16616.495,16649.68,16603.29,16614.236,3548,1660,0,3548
2024-07-30 08:00:00,16614.222,16621.627,16586.143,16599.226,3531,1650,0,3531
2024-07-30 09:00:00,16599.184,16630.257,16596.613,16610.924,3536,1650,0,3536
2024-07-30 10:00:00,16610.901,16652.189,16589.267,16635.992,3537,1650,0,3537
2024-07-30 11:00:00,16635.962,16657.715,16611.238,16611.238,3544,1660,0,3544
2024-07-30 12:00:00,16611.223,16611.223,16557.32,16557.32,3546,1650,0,3546
2024-07-30 13:00:00,16557.3,16569.698,16510.717,16567.801,3537,1650,0,3537
2024-07-30 14:00:00,16567.784,16588.425,16549.527,16582.93,3543,1650,0,3543
2024-07-30 15:00:00,16582.92,16600.271,16554.533,16596.398,3538,1650,0,3538
2024-07-30 16:00:00,16596.372,16628.172,16571.525,16602.31,3541,1650,0,3541
2024-07-30 17:00:00,16602.304,16630.155,16586.685,16610.643,3530,1650,0,3530
2024-07-30 18:00:00,16610.634,16678.237,16593.803,16676.798,3536,1650,0,3536
2024-07-30 19:00:00,16676.781,16676.781,16616.081,16616.081,3531,1660,0,3531
2024-07-30 20:00:00,16616.074,16660.405,16610.543,16629.647,3526,1660,0,3526
2024-07-30 21:00:00,16629.623,16629.623,16599.687,16599.687,3557,1660,0,3557
2024-07-30 22:00:00,16599.661,16599.661,16552.355,16552.355,3536,1650,0,3536
2024-07-30 23:00:00,16552.337,16561.596,16531.907,16538.083,3537,1650,0,3537
2024-07-31 00:00:00,16538.072,16587.06,16527.274,16582.295,3545,1650,0,3545
2024-07-31 01:00:00,16582.277,16596.352,16567.401,16577.909,3538,1650,0,3538
2024-07-31 02:00:00,16577.862,16577.862,16518.52,16518.52,3528,1650,0,3528
2024-07-31 03:00:00,16518.489,16518.489,16474.853,16474.853,3536,1640,0,3536
2024-07-31 04:00:00,16474.842,16474.842,16440.9,16440.9,3529,1640,0,3529
2024-07-31 05:00:00,16440.89,16440.89,16397.066,16404.565,3540,1630,0,3540
2024-07-31 06:00:00,16404.532,16411.373,16374.267,16378.172,3551,1630,0,3551
2024-07-31 07:00:00,16378.152,16397.67,16360.897,16396.193,3539,1630,0,3539
2024-07-31 08:00:00,16396.172,16423.926,16373.606,16373.606,3541,1630,0,3541
2024-07-31 09:00:00,16373.58,16403.199,16356.315,16374.299,3543,1630,0,3543
2024-07-31 10:00:00,16374.284,16423.363,16368.024,16384.893,3517,1630,0,3517
2024-07-31 11:00:00,16384.877,16449.767,16360.021,16442.326,3545,1630,0,3545
2024-07-31 12:00:00,16442.319,16493.151,16413.926,16483.383,3542,1640,0,3542
2024-07-31 13:00:00,16483.352,16541.15,16476.844,16533.354,3541,1640,0,3541
2024-07-31 14:00:00,16533.343,16533.343,16473.693,16496.225,3547,1640,0,3547
2024-07-31 15:00:00,16507.993,16544.678,16494.029,16525.364,3525,1640,0,3525
2024-07-31 16:00:00,16525.352,16581.518,16518.396,16537.016,3536,1650,0,3536
2024-07-31 17:00:00,16537.006,16553.639,16509.438,16524.493,3534,1650,0,3534
2024-07-31 18:00:00,16524.493,16639.941,16523.871,16599.124,3538,1650,0,3538
2024-07-31 19:00:00,16599.1,16679.279,16594.458,16660.285,3540,1650,0,3540
2024-07-31 20:00:00,16660.281,16720.944,16653.646,16689.632,3542,1660,0,3542
2024-07-31 21:00:00,16689.616,16738.342,16669.51,16716.784,3543,1660,0,3543
2024-07-31 22:00:00,16716.774,16716.774,16666.91,16666.91,3547,1660,0,3547
2024-07-31 23:00:00,16666.881,16666.881,16629.448,16629.448,3536,1660,0,3536
2024-08-01 00:00:00,16629.432,16695.347,16627.563,16675.418,3550,1660,0,3550
2024-08-01 01:00:00,16675.403,16710.745,16670.427,16684.807,3549,1660,0,3549
2024-08-01 02:00:00,16684.804,16699.417,16650.669,16650.669,3542,1660,0,3542
2024-08-01 03:00:00,16650.62,16661.52,16628.645,16644.334,3548,1660,0,3548
2024-08-01 04:00:00,16644.323,16728.675,16636.635,16726.879,3543,1660,0,3543
2024-08-01 05:00:00,16726.863,16750.292,16709.153,16736.28,3542,1670,0,3542
2024-08-01 06:00:00,16736.248,16758.205,16719.353,16745.301,3547,1670,0,3547
2024-08-01 07:00:00,16745.282,16770.736,16734.017,16740.198,3546,1670,0,3546
2024-08-01 08:00:00,16740.196,16740.196,16678.747,16678.747,3539,1660,0,3539
2024-08-01 09:00:00,16678.736,16696.026,16636.788,16636.788,3552,1660,0,3552
2024-08-01 10:00:00,16636.763,16636.763,16602.033,16602.033,3539,1660,0,3539
2024-08-01 11:00:00,16602.013,16634.329,16575.54,16628.187,3539,1650,0,3539
2024-08-01 12:00:00,16628.185,16651.421,16608.84,16619.944,3552,1660,0,3552
2024-08-01 13:00:00,16619.935,16635.858,16602.87,16602.87,3542,1660,0,3542
2024-08-01 14:00:00,16602.863,16730.151,16596.573,16727.696,3533,1650,0,3533
2024-08-01 15:00:00,16727.681,16735.931,16697.709,16697.709,3549,1660,0,3549
2024-08-01 16:00:00,16697.707,16730.162,16688.545,16726.449,3533,1660,0,3533
2024-08-01 17:00:00,16726.427,16811.34,16714.629,16791.97,3531,1670,0,3531
2024-08-01 18:00:00,16791.947,16809.411,16756.882,16806.25,3539,1670,0,3539
2024-08-01 19:00:00,16816.786,16816.786,16773.129,16781.314,3528,1670,0,3528
2024-08-01 20:00:00,16781.303,16781.303,16744.283,16761.451,3525,1670,0,3525
2024-08-01 21:00:00,16761.429,16761.429,16717.697,16731.612,3539,1670,0,3539
2024-08-01 22:00:00,16731.595,16756.058,16718.073,16739.083,3529,1670,0,3529
2024-08-01 23:00:00,16739.055,16769.646,16733.039,16739.723,3538,1670,0,3538
2024-08-02 00:00:00,16739.689,16750.852,16713.859,16713.859,3552,1670,0,3552
2024-08-02 01:00:00,16713.827,16750.305,16698.825,16741.421,3542,1660,0,3542
2024-08-02 02:00:00,16741.413,16793.502,16735.529,16782.784,3541,1670,0,3541
2024-08-02 03:00:00,16782.746,16788.805,16757.963,16757.963,3551,1670,0,3551
2024-08-02 04:00:00,16757.928,16801.228,16752.631,16783.819,3534,1670,0,3534
2024-08-02 05:00:00,16783.812,16840.741,16769.81,16816.621,3554,1670,0,3554
2024-08-02 06:00:00,16816.593,16816.593,16756.076,16756.076,3548,1670,0,3548
2024-08-02 07:00:00,16756.066,16756.066,16709.146,16709.146,3534,1670,0,3534
2024-08-02 08:00:00,16709.126,16738.978,16678.632,16735.371,3538,1660,0,3538
2024-08-02 09:00:00,16735.356,16749.185,16715.077,16719.451,3537,1670,0,3537
2024-08-02 10:00:00,16719.428,16719.428,16659.308,16659.308,3532,1660,0,3532
2024-08-02 11:00:00,16659.296,16759.785,16636.106,16748.42,3520,1660,0,3520
2024-08-02 12:00:00,16748.397,16772.845,16739.979,16739.979,3528,1670,0,3528
2024-08-02 13:00:00,16739.969,16784.112,16695.655,16783.317,3538,1660,0,3538
2024-08-02 14:00:00,16783.295,16815.812,16778.039,16802.7,3547,1670,0,3547
2024-08-02 15:00:00,16802.677,16917.398,16794.408,16909.384,3526,1670,0,3526
2024-08-02 16:00:00,16909.364,16947.147,16883.059,16936.734,3536,1680,0,3536
2024-08-02 17:00:00,16936.734,16936.734,16901.45,16902.889,3539,1690,0,3539
2024-08-02 18:00:00,16902.881,16907.439,16867.393,16867.393,3526,1680,0,3526
2024-08-02 19:00:00,16867.359,16910.724,16856.118,16905.267,3548,1680,0,3548
2024-08-02 20:00:00,16905.227,16930.663,16892.68,16905.324,3535,1680,0,3535
2024-08-02 21:00:00,16905.296,16907.576,16880.662,16894.739,3538,1680,0,3538
2024-08-02 22:00:00,16894.736,16922.825,16894.631,16911.094,3534,1690,0,3534
2024-08-02 23:00:00,16911.073,16918.105,16883.119,16902.955,3540,1680,0,3540
2024-08-03 00:00:00,16902.928,16966.07,16898.912,16926.933,3543,1690,0,3543
2024-08-03 01:00:00,16926.899,16937.164,16912.239,16914.365,3540,1690,0,3540
2024-08-03 02:00:00,16914.361,16918.24,16867.718,16867.718,3546,1680,0,3546
2024-08-03 03:00:00,16867.715,16919.073,16862.213,16904.124,3549,1680,0,3549
2024-08-03 04:00:00,16904.104,16942.577,16892.039,16935.071,3540,1680,0,3540
2024-08-03 05:00:00,16935.064,16939.372,16906.792,16915.645,3544,1690,0,3544
2024-08-03 06:00:00,16915.628,16915.628,16868.459,16868.459,3531,1680,0,3531
2024-08-03 07:00:00,16868.436,16868.436,16816.931,16817.471,3532,1680,0,3532
2024-08-03 08:00:00,16817.425,16866.932,16804.559,16862.687,3537,1680,0,3537
2024-08-03 09:00:00,16862.642,16862.642,16816.908,16816.908,3523,1680,0,3523
2024-08-03 10:00:00,16816.904,16872.949,16813.839,16850.062,3542,1680,0,3542
2024-08-03 11:00:00,16850.052,16856.889,16815.442,16815.442,3536,1680,0,3536
2024-08-03 12:00:00,16815.427,16854.893,16798.729,16811.586,3540,1680,0,3540
2024-08-03 13:00:00,16811.576,16874.809,16808.034,16859.31,3558,1680,0,3558
2024-08-03 14:00:00,16859.3,16869.397,16831.255,16856.882,3543,1680,0,3543
2024-08-03 15:00:00,16856.843,16880.267,16838.652,16859.647,3539,1680,0,3539
2024-08-03 16:00:00,16859.642,16859.642,16817.967,16841.931,3536,1680,0,3536
2024-08-03 17:00:00,16841.924,16858.619,16813.827,16813.827,3545,1680,0,3545
2024-08-03 18:00:00,16813.824,16860.799,16811.111,16856.465,3535,1680,0,3535
2024-08-03 19:00:00,16856.462,16856.462,16809.799,16818.43,3549,1680,0,3549
2024-08-03 20:00:00,16818.425,16903.101,16817.67,16881.346,3543,1680,0,3543
2024-08-03 21:00:00,16881.312,16934.883,16876.679,16891.294,3530,1680,0,3530
2024-08-03 22:00:00,16891.237,16899.429,16856.858,16887.356,3540,1680,0,3540
2024-08-03 23:00:00,16887.353,16985.4,16883.542,16971.496,3550,1680,0,3550
2024-08-04 00:00:00,16971.475,16999.163,16965.98,16983.36,3539,1690,0,3539
2024-08-04 01:00:00,16983.345,17018.735,16973.264,16975.269,3533,1690,0,3533
2024-08-04 02:00:00,16975.255,17003.835,16956.108,16983.657,3543,1690,0,3543
2024-08-04 03:00:00,16983.645,17000.403,16964.134,16969.556,3544,1690,0,3544
2024-08-04 04:00:00,16969.545,16969.545,16930.575,16930.575,3548,1690,0,3548
2024-08-04 05:00:00,16930.564,16931.043,16889.871,16889.871,3536,1680,0,3536
2024-08-04 06:00:00,16889.867,16921.268,16887.527,16914.621,3530,1680,0,3530
2024-08-04 07:00:00,16914.609,16954.511,16900.843,16940.955,3553,1690,0,3553
2024-08-04 08:00:00,16940.923,16940.923,16888.982,16888.982,3542,1680,0,3542
2024-08-04 09:00:00,16888.964,16888.964,16842.283,16858.938,3538,1680,0,3538
2024-08-04 10:00:00,16858.911,16962.453,16857.762,16960.421,3545,1680,0,3545
2024-08-04 11:00:00,16960.408,16985.933,16922.043,16983.468,3546,1690,0,3546
2024-08-04 12:00:00,16983.459,17041.869,16979.827,17040.628,3556,1690,0,3556
2024-08-04 13:00:00,17040.622,17040.622,16995.582,17010.038,3530,1690,0,3530
2024-08-04 14:00:00,17010.032,17010.032,16977.794,16990.086,3559,1690,0,3559
2024-08-04 15:00:00,16990.058,16990.058,16929.3,16929.3,3548,1690,0,3548
2024-08-04 16:00:00,16929.279,16929.279,16883.255,16920.045,3528,1680,0,3528
2024-08-04 17:00:00,16920.024,16920.024,16880.075,16880.075,3535,1680,0,3535
2024-08-04 18:00:00,16880.052,16897.85,16853.358,16853.358,3525,1680,0,3525
2024-08-04 19:00:00,16853.336,16853.336,16794.756,16794.756,3541,1670,0,3541
2024-08-04 20:00:00,16794.736,16817.667,16787.227,16792.171,3533,1670,0,3533
2024-08-04 21:00:00,16792.153,16849.409,16781.793,16799.453,3539,1670,0,3539
2024-08-04 22:00:00,16799.447,16799.447,16759.134,16763.408,3520,1670,0,3520
2024-08-04 23:00:00,16763.392,16763.392,16723.159,16723.159,3535,1670,0,3535
2024-08-05 00:00:00,16723.136,16784.496,16717.462,16776.299,3545,1670,0,3545
2024-08-05 01:00:00,16776.293,16804.631,16753.871,16797.367,3550,1670,0,3550
2024-08-05 02:00:00,16797.337,16821.394,16787.827,16801.458,2536,1670,0,2536
2024-08-05 03:00:00,16801.432,16857.856,16789.619,16817.995,3531,1670,0,3531
2024-08-05 04:00:00,16817.985,16864.915,16811.182,16837.331,3535,1680,0,3535
2024-08-05 05:00:00,16837.325,16869.016,16830.51,16838.037,3542,1680,0,3542
2024-08-05 06:00:00,16838.02,16888.014,16826.635,16879.108,3545,1680,0,3545
2024-08-05 07:00:00,16879.093,16879.093,16825.356,16838.038,3535,1680,0,3535
2024-08-05 08:00:00,16838.031,16839.561,16819.123,16819.123,3546,1680,0,3546
2024-08-05 09:00:00,16819.11,16843.717,16816.208,16825.985,3544,1680,0,3544
2024-08-05 10:00:00,16825.97,16866.824,16820.087,16851.928,3525,1680,0,3525
2024-08-05 11:00:00,16851.917,16851.917,16812.019,16812.019,3535,1680,0,3535
2024-08-05 12:00:00,16812.01,16812.01,16782.393,16789.377,3539,1670,0,3539
2024-08-05 13:00:00,16789.366,16789.366,16728.683,16728.683,3550,1670,0,3550
2024-08-05 14:00:00,16728.68,16750.309,16721.466,16741.252,3545,1670,0,3545
2024-08-05 15:00:00,16741.237,16751.047,16721.223,16734.932,3526,1670,0,3526
2024-08-05 16:00:00,16734.915,16734.915,16696.982,16696.982,3546,1660,0,3546
2024-08-05 17:00:00,16696.95,16743.179,16684.171,16716.784,3544,1660,0,3544
2024-08-05 18:00:00,16716.779,16729.335,16683.443,16719.546,3543,1660,0,3543
2024-08-05 19:00:00,16719.525,16720.348,16690.829,16696.514,3530,1660,0,3530
2024-08-05 20:00:00,16696.506,16735.056,16682.105,16734.103,3543,1660,0,3543
2024-08-05 21:00:00,16734.063,16865.468,16721.671,16853.322,3539,1670,0,3539
2024-08-05 22:00:00,16853.322,16891.308,16834.033,16880.857,3534,1680,0,3534
2024-08-05 23:00:00,16880.848,16906.642,16873.843,16902.77,3528,1680,0,3528
2024-08-06 00:00:00,16902.756,17003.828,16894.491,16973.686,3540,1680,0,3540
2024-08-06 01:00:00,16973.639,16973.639,16931.947,16931.947,3545,1690,0,3545
2024-08-06 02:00:00,16931.926,16975.711,16918.303,16958.183,3532,1690,0,3532
2024-08-06 03:00:00,16958.156,17065.33,16951.172,17051.298,3522,1690,0,3522
2024-08-06 04:00:00,17051.297,17117.951,17041.936,17101.55,3540,1700,0,3540
2024-08-06 05:00:00,17101.527,17101.527,17058.699,17058.699,3525,1700,0,3525
2024-08-06 06:00:00,17058.688,17074.532,17032.708,17039.245,3529,1700,0,3529
2024-08-06 07:00:00,17039.221,17052.565,16995.256,16995.256,3534,1690,0,3534
2024-08-06 08:00:00,16995.245,16995.245,16952.021,16963.794,3550,1690,0,3550
2024-08-06 09:00:00,16963.744,16994.66,16962.157,16975.86,3540,1690,0,3540
2024-08-06 10:00:00,16975.856,16975.856,16939.346,16964.388,3528,1690,0,3528
2024-08-06 11:00:00,16964.378,17018.52,16937.869,17013.406,3542,1690,0,3542
2024-08-06 12:00:00,17013.399,17052.271,17004.092,17042.452,3548,1700,0,3548
2024-08-06 13:00:00,17042.426,17049.512,16997.994,17039.318,3546,1700,0,3546
2024-08-06 14:00:00,17039.296,17049.638,17013.171,17020.321,3541,1700,0,3541
2024-08-06 15:00:00,17020.316,17020.316,16989.125,17015.194,3535,1690,0,3535
2024-08-06 16:00:00,17015.178,17015.178,16975.667,16975.667,3544,1690,0,3544
2024-08-06 17:00:00,16975.648,16975.648,16933.046,16935.29,3535,1690,0,3535
2024-08-06 18:00:00,16935.284,16949.032,16908.549,16928.47,3548,1690,0,3548
2024-08-06 19:00:00,16928.431,16982.732,16924.936,16969.724,3521,1690,0,3521
2024-08-06 20:00:00,16969.695,17021.123,16966.406,17003.894,3547,1690,0,3547
2024-08-06 21:00:00,17003.89,17003.89,16961.64,16988.344,3540,1690,0,3540
2024-08-06 22:00:00,16988.316,17011.219,16964.2,17008.538,3536,1690,0,3536
2024-08-06 23:00:00,17008.538,17020.404,16980.429,17012.334,3540,1690,0,3540
2024-08-07 00:00:00,17012.323,17012.323,16964.964,16971.666,3536,1690,0,3536
2024-08-07 01:00:00,16971.647,17101.429,16969.641,17091.952,3540,1690,0,3540
2024-08-07 02:00:00,17091.933,17111.175,17077.22,17077.22,3534,1700,0,3534
2024-08-07 03:00:00,17077.189,17087.001,17056.995,17056.995,3534,1700,0,3534
2024-08-07 04:00:00,17056.988,17136.855,17053.344,17136.051,3552,1700,0,3552
2024-08-07 05:00:00,17136.026,17184.124,17131.264,17150.763,3554,1710,0,3554
2024-08-07 06:00:00,17150.746,17150.746,17112.22,17112.22,3544,1710,0,3544
2024-08-07 07:00:00,17112.207,17118.559,17083.398,17099.221,3545,1700,0,3545
2024-08-07 08:00:00,17099.22,17099.22,17066.944,17066.944,3547,1700,0,3547
2024-08-07 09:00:00,17066.909,17091.359,17040.666,17083.986,3543,1700,0,3543
2024-08-07 10:00:00,17083.954,17083.954,17056.63,17056.63,3553,1700,0,3553
2024-08-07 11:00:00,17056.62,17100.059,17018.363,17094.343,3541,1700,0,3541
2024-08-07 12:00:00,17094.32,17133.755,17069.379,17125.007,3554,1700,0,3554
2024-08-07 13:00:00,17124.983,17304.977,17117.091,17296.463,3554,1710,0,3554
2024-08-07 14:00:00,17296.463,17335.658,17279.9,17296.757,3555,1720,0,3555
2024-08-07 15:00:00,17296.754,17301.074,17274.304,17279.135,3551,1720,0,3551
2024-08-07 16:00:00,17279.116,17314.719,17263.211,17312.766,3539,1720,0,3539
2024-08-07 17:00:00,17312.731,17316.017,17268.496,17296.349,3527,1720,0,3527
2024-08-07 18:00:00,17296.325,17296.325,17242.708,17247.691,3548,1720,0,3548
2024-08-07 19:00:00,17247.661,17268.092,17227.483,17245.893,3551,1720,0,3551
2024-08-07 20:00:00,17245.869,17308.798,17244.121,17306.028,3548,1720,0,3548
2024-08-07 21:00:00,17305.994,17331.088,17290.169,17310.119,3554,1720,0,3554
2024-08-07 22:00:00,17310.098,17352.223,17299.356,17318.314,3547,1730,0,3547
2024-08-07 23:00:00,17318.31,17374.024,17311.069,17355.801,3544,1730,0,3544
2024-08-08 00:00:00,17355.777,17400.189,17322.128,17398.973,3531,1730,0,3531
2024-08-08 01:00:00,17398.937,17453.072,17396.256,17450.565,3526,1730,0,3526
2024-08-08 02:00:00,17450.543,17489.187,17438.849,17459.977,3552,1740,0,3552
2024-08-08 03:00:00,17459.959,17459.959,17416.446,17443.527,3546,1740,0,3546
2024-08-08 04:00:00,17443.524,17462.191,17420.383,17420.383,3535,1740,0,3535
2024-08-08 05:00:00,17420.372,17422.337,17375.322,17375.322,3543,1730,0,3543
2024-08-08 06:00:00,17375.307,17375.307,17332.435,17356.688,3525,1730,0,3525
2024-08-08 07:00:00,17356.662,17408.639,17351.272,17380.683,3541,1730,0,3541
2024-08-08 08:00:00,17380.667,17380.667,17341.155,17341.155,3537,1730,0,3537
2024-08-08 09:00:00,17341.138,17450.894,17338.361,17448.756,3545,1730,0,3545
2024-08-08 10:00:00,17448.723,17455.543,17413.945,17413.945,3542,1740,0,3542
2024-08-08 11:00:00,17413.926,17413.926,17353.816,17353.816,3549,1730,0,3549
2024-08-08 12:00:00,17353.797,17381.648,17336.737,17336.737,3535,1730,0,3535
2024-08-08 13:00:00,17336.707,17428.954,17336.611,17408.705,3540,1730,0,3540
2024-08-08 14:00:00,17408.684,17431.122,17391.609,17404.562,3546,1730,0,3546
2024-08-08 15:00:00,17404.549,17404.549,17345.502,17345.502,3556,1730,0,3556
2024-08-08 16:00:00,17345.457,17371.2,17336.086,17355.842,3551,1730,0,3551
2024-08-08 17:00:00,17355.83,17418.848,17345.77,17398.37,3542,1730,0,3542
2024-08-08 18:00:00,17398.36,17423.859,17368.03,17413.456,3543,1730,0,3543
2024-08-08 19:00:00,17413.436,17427.431,17380.097,17407.704,3543,1730,0,3543
2024-08-08 20:00:00,17407.688,17420.888,17367.666,17367.666,3542,1730,0,3542
2024-08-08 21:00:00,17367.638,17367.638,17329.971,17359.139,3546,1730,0,3546
2024-08-08 22:00:00,17359.13,17359.13,17315.397,17315.397,3534,1730,0,3534
2024-08-08 23:00:00,17315.387,17330.846,17295.976,17313.6,3549,1720,0,3549
2024-08-09 00:00:00,17313.58,17314.617,17286.678,17303.395,3526,1720,0,3526
2024-08-09 01:00:00,17303.37,17320.644,17272.405,17320.611,3537,1720,0,3537
2024-08-09 02:00:00,17320.601,17320.601,17257.738,17257.738,3539,1720,0,3539
2024-08-09 03:00:00,17257.712,17257.712,17215.662,17215.662,3547,1720,0,3547
2024-08-09 04:00:00,17215.637,17215.637,17172.438,17201.278,3541,1710,0,3541
2024-08-09 05:00:00,17201.27,17239.808,17193.977,17221.304,3549,1710,0,3549
2024-08-09 06:00:00,17221.27,17281.159,17212.905,17256.867,3539,1720,0,3539
2024-08-09 07:00:00,17256.857,17312.44,17246.305,17295.296,3538,1720,0,3538
2024-08-09 08:00:00,17295.296,17358.578,17289.619,17354.278,3537,1720,0,3537
2024-08-09 09:00:00,17354.258,17354.747,17324.298,17345.752,3531,1730,0,3531
2024-08-09 10:00:00,17345.741,17349.777,17308.878,17349.523,3540,1730,0,3540
2024-08-09 11:00:00,17349.514,17358.497,17324.537,17324.537,3550,1730,0,3550
2024-08-09 12:00:00,17324.535,17379.187,17316.9,17366.984,3537,1730,0,3537
2024-08-09 13:00:00,17366.968,17366.968,17304.744,17304.744,3540,1730,0,3540
2024-08-09 14:00:00,17304.711,17346.468,17296.083,17305.901,3537,1720,0,3537
2024-08-09 15:00:00,17305.884,17310.188,17266.193,17266.193,3540,1720,0,3540
2024-08-09 16:00:00,17266.166,17266.569,17213.065,17213.065,3553,1720,0,3553
2024-08-09 17:00:00,17213.042,17251.944,17206.327,17248.586,3532,1720,0,3532
2024-08-09 18:00:00,17248.57,17257.488,17204.404,17223.032,3544,1720,0,3544
2024-08-09 19:00:00,17222.99,17222.99,17162.065,17162.065,3557,1710,0,3557
2024-08-09 20:00:00,17162.055,17251.287,17160.433,17244.621,3533,1710,0,3533
2024-08-09 21:00:00,17244.6,17260.776,17210.021,17237.101,3548,1720,0,3548
2024-08-09 22:00:00,17237.099,17247.849,17195.436,17241.471,3545,1710,0,3545
2024-08-09 23:00:00,17241.467,17298.837,17204.709,17293.842,3541,1720,0,3541
2024-08-10 00:00:00,17293.825,17293.825,17243.069,17243.069,3541,1720,0,3541
2024-08-10 01:00:00,17243.068,17243.068,17196.794,17217.563,3539,1710,0,3539
2024-08-10 02:00:00,17217.533,17239.618,17193.677,17237.9,3541,1710,0,3541
2024-08-10 03:00:00,17237.877,17309.552,17218.048,17306.426,3545,1720,0,3545
2024-08-10 04:00:00,17306.399,17327.646,17271.578,17312.454,3553,1720,0,3553
2024-08-10 05:00:00,17312.432,17344.839,17298.736,17321.449,3537,1720,0,3537
2024-08-10 06:00:00,17321.449,17321.449,17275.774,17275.774,3540,1720,0,3540
2024-08-10 07:00:00,17275.751,17275.751,17226.524,17226.524,3546,1720,0,3546
2024-08-10 08:00:00,17226.497,17263.921,17220.965,17232.736,3534,1720,0,3534
2024-08-10 09:00:00,17232.724,17280.013,17227.883,17248.442,3545,1720,0,3545
2024-08-10 10:00:00,17248.424,17264.796,17211.83,17211.83,3556,1720,0,3556
2024-08-10 11:00:00,17211.828,17241.462,17186.357,17186.357,3544,1710,0,3544
2024-08-10 12:00:00,17186.338,17194.297,17152.952,17152.952,3544,1710,0,3544
2024-08-10 13:00:00,17152.945,17152.945,17090.124,17090.124,3546,1700,0,3546
2024-08-10 14:00:00,17090.114,17174.037,17086.085,17142.924,3547,1700,0,3547
2024-08-10 15:00:00,17142.903,17142.903,17114.071,17122.642,3553,1710,0,3553
2024-08-10 16:00:00,17122.629,17122.629,17067.989,17067.989,3543,1700,0,3543
2024-08-10 17:00:00,17067.95,17067.95,17030.516,17030.516,3537,1700,0,3537
2024-08-10 18:00:00,17030.508,17035.71,16999.851,17010.084,3533,1700,0,3533
2024-08-10 19:00:00,17010.078,17024.208,16990.085,17009.034,3539,1690,0,3539
2024-08-10 20:00:00,17009.03,17078.058,17003.957,17062.153,3537,1700,0,3537
2024-08-10 21:00:00,17062.106,17062.106,17017.474,17022.411,3541,1700,0,3541
2024-08-10 22:00:00,17022.396,17036.328,17006.113,17015.089,3550,1700,0,3550
2024-08-10 23:00:00,17015.071,17015.071,16990.729,16994.529,3543,1690,0,3543
2024-08-11 00:00:00,16994.528,17039.793,16993.717,17023.952,3547,1690,0,3547
2024-08-11 01:00:00,17023.921,17101.084,17018.248,17059.769,3544,1700,0,3544
2024-08-11 02:00:00,17059.715,17059.715,17017.3,17024.212,3540,1700,0,3540
2024-08-11 03:00:00,17024.178,17030.164,17000.436,17000.436,3534,1700,0,3534
2024-08-11 04:00:00,17000.401,17000.401,16962.463,16962.463,3541,1690,0,3541
2024-08-11 05:00:00,16962.456,16989.156,16953.564,16954.398,3550,1690,0,3550
2024-08-11 06:00:00,16954.377,17055.004,16952.172,17050.123,3552,1690,0,3552
2024-08-11 07:00:00,17050.104,17067.211,17043.782,17045.957,3538,1700,0,3538
2024-08-11 08:00:00,17045.952,17093.293,17032.97,17087.175,3546,1700,0,3546
2024-08-11 09:00:00,17087.145,17087.145,17042.889,17042.889,3541,1700,0,3541
2024-08-11 10:00:00,17042.872,17062.898,17032.09,17048.083,3538,1700,0,3538
2024-08-11 11:00:00,17048.078,17048.078,16986.576,16986.576,3531,1690,0,3531
2024-08-11 12:00:00,16986.572,16986.572,16944.863,16968.28,3538,1690,0,3538
2024-08-11 13:00:00,16968.255,17040.918,16962.18,17021.838,3561,1690,0,3561
2024-08-11 14:00:00,17021.833,17054.633,17003.606,17031.489,3550,1700,0,3550
2024-08-11 15:00:00,17031.444,17052.339,17017.562,17026.76,3548,1700,0,3548
2024-08-11 16:00:00,17026.745,17034.539,16998.998,17008.762,3532,1700,0,3532
2024-08-11 17:00:00,17008.758,17050.624,16999.645,17004.555,3541,1700,0,3541
2024-08-11 18:00:00,17004.549,17041.042,16998.231,17015.322,3541,1690,0,3541
2024-08-11 19:00:00,17015.301,17155.463,17013.67,17154.477,3540,1700,0,3540
2024-08-11 20:00:00,17154.474,17186.827,17151.652,17179.521,3531,1710,0,3531
2024-08-11 21:00:00,17179.519,17253.159,17165.077,17249.273,3553,1710,0,3553
2024-08-11 22:00:00,17249.264,17302.923,17243.275,17300.951,3545,1720,0,3545
2024-08-11 23:00:00,17300.95,17300.95,17265.405,17280.849,3549,1720,0,3549
2024-08-12 00:00:00,17280.812,17300.157,17263.55,17263.55,3530,1720,0,3530
2024-08-12 01:00:00,17263.549,17330.303,17240.322,17315.054,3543,1720,0,3543
2024-08-12 02:00:00,17315.053,17315.053,17251.638,17251.638,3559,1720,0,3559
2024-08-12 03:00:00,17251.607,17282.249,17229.813,17270.919,3555,1720,0,3555
2024-08-12 04:00:00,17270.911,17371.324,17265.881,17362.785,3550,1720,0,3550
2024-08-12 05:00:00,17362.771,17362.771,17311.28,17311.28,3541,1730,0,3541
2024-08-12 06:00:00,17311.276,17329.668,17279.394,17313.513,3548,1720,0,3548
2024-08-12 07:00:00,17313.491,17340.346,17290.582,17290.582,3553,1720,0,3553
2024-08-12 08:00:00,17290.565,17332.67,17284.454,17294.091,3556,1720,0,3556
2024-08-12 09:00:00,17294.069,17295.089,17264.718,17265.872,3555,1720,0,3555
2024-08-12 10:00:00,17265.858,17265.858,17222.615,17228.973,3545,1720,0,3545
2024-08-12 11:00:00,17228.948,17229.258,17183.087,17190.462,3547,1710,0,3547
2024-08-12 12:00:00,17190.428,17287.238,17183.298,17258.095,3539,1710,0,3539
2024-08-12 13:00:00,17258.086,17280.821,17227.777,17259.615,3531,1720,0,3531
2024-08-12 14:00:00,17259.593,17278.82,17238.754,17238.754,3548,1720,0,3548
2024-08-12 15:00:00,17238.745,17296.091,17228.85,17256.998,3551,1720,0,3551
2024-08-12 16:00:00,17256.978,17338.211,17245.711,17310.644,3541,1720,0,3541
2024-08-12 17:00:00,17310.622,17321.663,17276.978,17296.948,3536,1720,0,3536
2024-08-12 18:00:00,17296.936,17335.147,17285.747,17324.501,3535,1720,0,3535
2024-08-12 19:00:00,17324.499,17336.015,17282.839,17296.491,3544,1720,0,3544
2024-08-12 20:00:00,17296.467,17373.142,17290.082,17372.423,3532,1720,0,3532
2024-08-12 21:00:00,17372.399,17403.776,17363.105,17363.105,3543,1730,0,3543
2024-08-12 22:00:00,17363.084,17363.084,17303.791,17303.791,3538,1730,0,3538
2024-08-12 23:00:00,17303.784,17303.784,17259.767,17263.786,3547,1720,0,3547
2024-08-13 00:00:00,17263.782,17263.782,17207.324,17212.592,3543,1720,0,3543
2024-08-13 01:00:00,17212.58,17213.206,17180.597,17180.597,3535,1710,0,3535
2024-08-13 02:00:00,17180.594,17195.59,17146.535,17149.311,3548,1710,0,3548
2024-08-13 03:00:00,17149.305,17196.88,17123.423,17178.673,3543,1710,0,3543
2024-08-13 04:00:00,17178.661,17183.893,17145.858,17177.099,3547,1710,0,3547
2024-08-13 05:00:00,17177.094,17183.299,17143.301,17170.203,3540,1710,0,3540
2024-08-13 06:00:00,17170.191,17170.191,17109.349,17109.349,3540,1710,0,3540
2024-08-13 07:00:00,17109.343,17158.975,17100.661,17153.922,3546,1710,0,3546
2024-08-13 08:00:00,17153.911,17162.363,17133.708,17144.028,3539,1710,0,3539
2024-08-13 09:00:00,17144.016,17144.016,17110.933,17126.095,3542,1710,0,3542
2024-08-13 10:00:00,17126.078,17126.078,17064.276,17064.276,3519,1700,0,3519
2024-08-13 11:00:00,17064.252,17102.671,17053.052,17097.468,3542,1700,0,3542
2024-08-13 12:00:00,17097.443,17153.462,17082.116,17151.186,3546,1700,0,3546
2024-08-13 13:00:00,17151.156,17173.9,17143.032,17147.13,3546,1710,0,3546
2024-08-13 14:00:00,17147.128,17147.128,17099.86,17099.86,3535,1710,0,3535
2024-08-13 15:00:00,17099.856,17126.222,17093.737,17118.356,3543,1700,0,3543
2024-08-13 16:00:00,17118.351,17118.351,17082.574,17091.328,3531,1700,0,3531
2024-08-13 17:00:00,17091.319,17105.655,17047.254,17097.142,3539,1700,0,3539
2024-08-13 18:00:00,17097.135,17097.135,17047.855,17047.855,3539,1700,0,3539
2024-08-13 19:00:00,17047.855,17086.945,17029.445,17056.64,3531,1700,0,3531
2024-08-13 20:00:00,17056.627,17056.627,17013.756,17013.756,3528,1700,0,3528
2024-08-13 21:00:00,17013.742,17031.276,16977.832,16977.832,3543,1690,0,3543
2024-08-13 22:00:00,16977.819,17053.028,16952.38,17046.581,3536,1690,0,3536
2024-08-13 23:00:00,17046.558,17174.267,17046.527,17153.355,3532,1700,0,3532
2024-08-14 00:00:00,17153.331,17228.763,17144.279,17216.312,3533,1710,0,3533
2024-08-14 01:00:00,17216.308,17226.563,17187.064,17187.064,3552,1710,0,3552
2024-08-14 02:00:00,17187.054,17231.747,17169.516,17226.315,3552,1710,0,3552
2024-08-14 03:00:00,17226.297,17354.15,17222.345,17337.396,3537,1720,0,3537
2024-08-14 04:00:00,17337.353,17342.98,17285.815,17285.815,3545,1720,0,3545
2024-08-14 05:00:00,17285.789,17285.789,17224.793,17224.867,3541,1720,0,3541
2024-08-14 06:00:00,17224.867,17224.867,17178.067,17178.067,3541,1710,0,3541
2024-08-14 07:00:00,17178.044,17178.044,17117.04,17117.04,3549,1710,0,3549
2024-08-14 08:00:00,17117.039,17117.039,17077.918,17101.717,3529,1700,0,3529
2024-08-14 09:00:00,17101.703,17148.402,17075.195,17136.233,3552,1700,0,3552
2024-08-14 10:00:00,17136.204,17205.028,17129.595,17161.872,3549,1710,0,3549
2024-08-14 11:00:00,17161.868,17178.978,17137.707,17168.407,3538,1710,0,3538
2024-08-14 12:00:00,17168.402,17202.42,17166.313,17176.513,3543,1710,0,3543
2024-08-14 13:00:00,17176.507,17176.507,17133.843,17141.046,3546,1710,0,3546
2024-08-14 14:00:00,17141.031,17211.674,17137.268,17176.939,3550,1710,0,3550
2024-08-14 15:00:00,17176.911,17191.584,17150.267,17187.834,3553,1710,0,3553
2024-08-14 16:00:00,17187.824,17193.739,17155.358,17155.358,3562,1710,0,3562
2024-08-14 17:00:00,17155.356,17218.269,17130.844,17203.744,3548,1710,0,3548
2024-08-14 18:00:00,17203.722,17203.722,17157.977,17158.787,3542,1710,0,3542
2024-08-14 19:00:00,17158.757,17171.07,17139.651,17153.281,3546,1710,0,3546
2024-08-14 20:00:00,17153.249,17201.256,17144.167,17199.735,3548,1710,0,3548
2024-08-14 21:00:00,17199.732,17231.795,17182.144,17230.073,3532,1710,0,3532
2024-08-14 22:00:00,17230.06,17236.681,17214.738,17214.738,3545,1720,0,3545
2024-08-14 23:00:00,17214.699,17214.699,17151.398,17151.398,3541,1710,0,3541
2024-08-15 00:00:00,17151.394,17151.394,17111.832,17144.319,3551,1710,0,3551
2024-08-15 01:00:00,17144.299,17170.627,17106.002,17154.259,3550,1710,0,3550
2024-08-15 02:00:00,17154.216,17178.675,17128.355,17159.659,3530,1710,0,3530
2024-08-15 03:00:00,17159.631,17261.51,17142.384,17229.758,3550,1710,0,3550
2024-08-15 04:00:00,17229.745,17257.709,17205.598,17253.041,3545,1720,0,3545
2024-08-15 05:00:00,17253.016,17291.744,17235.341,17281.478,3529,1720,0,3529
2024-08-15 06:00:00,17281.469,17281.469,17242.994,17264.329,3537,1720,0,3537
2024-08-15 07:00:00,17264.312,17283.483,17244.82,17277.979,3548,1720,0,3548
2024-08-15 08:00:00,17277.959,17418.016,17271.86,17406.358,3535,1720,0,3535
2024-08-15 09:00:00,17406.349,17453.823,17366.504,17450.443,3558,1730,0,3558
2024-08-15 10:00:00,17450.431,17490.038,17449.545,17484.11,3536,1740,0,3536
2024-08-15 11:00:00,17484.073,17508.582,17475.193,17489.522,3542,1740,0,3542
2024-08-15 12:00:00,17489.509,17524.63,17475.009,17511.644,3544,1740,0,3544
2024-08-15 13:00:00,17511.621,17564.532,17510.683,17552.405,3548,1750,0,3548
2024-08-15 14:00:00,17552.368,17619.463,17531.45,17612.19,3550,1750,0,3550
2024-08-15 15:00:00,17612.164,17624.438,17578.714,17578.714,3541,1750,0,3541
2024-08-15 16:00:00,17578.701,17604.83,17542.734,17542.734,3551,1750,0,3551
2024-08-15 17:00:00,17542.717,17542.717,17495.049,17495.049,3546,1740,0,3546
2024-08-15 18:00:00,17495.048,17527.566,17474.653,17501.984,3536,1740,0,3536
2024-08-15 19:00:00,17501.949,17559.938,17498.346,17532.894,3550,1740,0,3550
2024-08-15 20:00:00,17532.858,17532.858,17470.901,17470.901,3537,1740,0,3537
2024-08-15 21:00:00,17470.897,17470.897,17426.579,17443.985,3541,1740,0,3541
2024-08-15 22:00:00,17443.968,17485.79,17435.139,17464.11,3529,1740,0,3529
2024-08-15 23:00:00,17464.08,17511.275,17459.113,17488.287,3549,1740,0,3549
2024-08-16 00:00:00,17488.274,17500.012,17471.46,17471.46,3542,1740,0,3542
2024-08-16 01:00:00,17471.429,17479.248,17450.156,17450.156,3538,1740,0,3538
2024-08-16 02:00:00,17450.123,17450.123,17414.086,17424.427,3535,1740,0,3535
2024-08-16 03:00:00,17424.424,17435.442,17375.542,17375.542,3519,1730,0,3519
2024-08-16 04:00:00,17375.538,17375.79,17352.402,17352.402,3529,1730,0,3529
2024-08-16 05:00:00,17352.391,17358.741,17301.117,17301.117,3562,1730,0,3562
2024-08-16 06:00:00,17301.08,17318.689,17270.11,17318.328,3552,1720,0,3552
2024-08-16 07:00:00,17318.325,17393.802,17308.547,17387.137,3546,1730,0,3546
2024-08-16 08:00:00,17387.124,17442.924,17379.427,17441.683,3546,1730,0,3546
2024-08-16 09:00:00,17441.659,17445.693,17400.153,17400.153,3548,1740,0,3548
2024-08-16 10:00:00,17400.116,17459.228,17396.876,17447.679,3544,1730,0,3544
2024-08-16 11:00:00,17447.666,17498.783,17401.216,17489.828,3538,1740,0,3538
2024-08-16 12:00:00,17489.825,17509.431,17449.751,17507.797,3545,1740,0,3545
2024-08-16 13:00:00,17507.793,17528.077,17482.396,17501.961,3545,1740,0,3545
2024-08-16 14:00:00,17501.951,17539.754,17497.576,17506.965,3545,1740,0,3545
2024-08-16 15:00:00,17506.962,17506.962,17457.621,17457.621,3539,1740,0,3539
2024-08-16 16:00:00,17457.607,17530.909,17445.928,17516.747,3530,1740,0,3530
2024-08-16 17:00:00,17516.72,17521.077,17469.961,17469.961,3556,1740,0,3556
2024-08-16 18:00:00,17469.945,17570.886,17462.61,17568.414,3552,1740,0,3552
2024-08-16 19:00:00,17568.406,17610.611,17552.823,17597.307,3545,1750,0,3545
2024-08-16 20:00:00,17597.274,17597.274,17559.005,17559.005,3531,1750,0,3531
2024-08-16 21:00:00,17558.993,17603.976,17532.556,17588.574,3550,1750,0,3550
2024-08-16 22:00:00,17588.56,17588.56,17525.724,17525.724,3542,1750,0,3542
2024-08-16 23:00:00,17525.693,17556.047,17512.204,17549.683,3551,1750,0,3551
2024-08-17 00:00:00,17549.677,17551.716,17497.477,17497.477,3538,1740,0,3538
2024-08-17 01:00:00,17497.449,17497.449,17450.352,17458.258,3555,1740,0,3555
2024-08-17 02:00:00,17458.247,17462.973,17438.008,17444.827,3545,1740,0,3545
2024-08-17 03:00:00,17444.8,17444.8,17403.812,17403.812,3545,1740,0,3545
2024-08-17 04:00:00,17403.802,17427.948,17370.21,17414.282,3543,1730,0,3543
2024-08-17 05:00:00,17414.26,17444.957,17388.479,17409.906,3551,1730,0,3551
2024-08-17 06:00:00,17409.875,17455.003,17407.037,17447.786,3544,1740,0,3544
2024-08-17 07:00:00,17447.761,17495.382,17412.125,17491.409,3536,1740,0,3536
2024-08-17 08:00:00,17491.398,17516.668,17483.834,17494.893,3552,1740,0,3552
2024-08-17 09:00:00,17494.885,17505.093,17470.543,17491.931,3549,1740,0,3549
2024-08-17 10:00:00,17491.899,17491.899,17439.541,17439.541,3546,1740,0,3546
2024-08-17 11:00:00,17439.533,17551.635,17417.616,17543.234,3535,1740,0,3535
2024-08-17 12:00:00,17543.222,17564.659,17514.957,17534.332,3547,1750,0,3547
2024-08-17 13:00:00,17534.3,17538.332,17493.43,17493.43,3559,1740,0,3559
2024-08-17 14:00:00,17493.425,17493.425,17432.302,17432.302,3541,1740,0,3541
2024-08-17 15:00:00,17432.286,17435.61,17396.36,17409.149,3540,1730,0,3540
2024-08-17 16:00:00,17409.136,17463.21,17394.587,17452.738,3555,1730,0,3555
2024-08-17 17:00:00,17452.724,17486.933,17450.201,17453.124,3541,1740,0,3541
2024-08-17 18:00:00,17453.122,17483.353,17444.219,17472.771,3541,1740,0,3541
2024-08-17 19:00:00,17472.721,17528.749,17465.112,17510.989,3533,1740,0,3533
2024-08-17 20:00:00,17510.964,17579.998,17494.77,17577.638,3539,1740,0,3539
2024-08-17 21:00:00,17577.622,17597.913,17564.644,17585.497,3548,1750,0,3548
2024-08-17 22:00:00,17585.497,17585.497,17546.416,17578.898,3534,1750,0,3534
2024-08-17 23:00:00,17578.898,17622.146,17567.216,17615.008,3526,1750,0,3526
2024-08-18 00:00:00,17614.99,17614.99,17559.966,17559.966,3539,1750,0,3539
2024-08-18 01:00:00,17559.936,17559.936,17503.485,17515.601,3337,1750,0,3337
2024-08-18 02:00:00,17515.572,17568.115,17496.216,17559.891,3543,1740,0,3543
2024-08-18 03:00:00,17559.888,17620.333,17555.077,17608.518,3543,1750,0,3543
2024-08-18 04:00:00,17608.493,17612.759,17579.911,17595.673,3543,1750,0,3543
2024-08-18 05:00:00,17595.672,17622.729,17586.928,17609.233,3533,1750,0,3533
2024-08-18 06:00:00,17609.199,17671.086,17602.438,17623.205,3539,1760,0,3539
2024-08-18 07:00:00,17623.195,17677.322,17612.631,17643.022,3533,1760,0,3533
2024-08-18 08:00:00,17643.007,17695.076,17630.407,17686.758,3539,1760,0,3539
2024-08-18 09:00:00,17686.736,17729.637,17680.385,17706.072,3540,1760,0,3540
2024-08-18 10:00:00,17706.066,17741.336,17686.351,17724.275,3545,1760,0,3545
2024-08-18 11:00:00,17724.26,17724.26,17673.873,17680.045,3542,1760,0,3542
2024-08-18 12:00:00,17680.021,17718.23,17667.854,17706.675,3536,1760,0,3536
2024-08-18 13:00:00,17706.654,17706.654,17657.214,17657.214,3545,1760,0,3545
2024-08-18 14:00:00,17657.203,17721.429,17634.22,17713.17,3540,1760,0,3540
2024-08-18 15:00:00,17713.154,17720.581,17678.929,17678.929,3547,1760,0,3547
2024-08-18 16:00:00,17678.907,17714.899,17670.808,17711.717,3538,1760,0,3538
2024-08-18 17:00:00,17711.694,17800.469,17700.572,17764.377,3548,1770,0,3548
2024-08-18 18:00:00,17764.364,17764.364,17698.859,17698.859,3542,1760,0,3542
2024-08-18 19:00:00,17698.826,17698.826,17649.564,17690.594,3525,1760,0,3525
2024-08-18 20:00:00,17690.592,17690.592,17637.407,17637.407,3545,1760,0,3545
2024-08-18 21:00:00,17637.37,17670.841,17616.425,17616.425,3535,1760,0,3535
2024-08-18 22:00:00,17616.403,17616.403,17577.782,17589.241,3545,1750,0,3545
2024-08-18 23:00:00,17589.216,17595.551,17542.463,17542.463,3546,1750,0,3546
2024-08-19 00:00:00,17542.42,17562.928,17521.794,17544.819,3554,1750,0,3554
2024-08-19 01:00:00,17544.798,17617.445,17543.449,17588.247,3550,1750,0,3550
2024-08-19 02:00:00,17588.241,17588.241,17541.189,17550.518,3546,1750,0,3546
2024-08-19 03:00:00,17550.485,17550.485,17492.463,17492.463,3542,1740,0,3542
2024-08-19 04:00:00,17492.421,17492.421,17452.19,17461.416,3531,1740,0,3531
2024-08-19 05:00:00,17461.415,17490.931,17451.402,17466.433,3556,1740,0,3556
2024-08-19 06:00:00,17466.415,17533.799,17458.498,17504.947,3548,1740,0,3548
2024-08-19 07:00:00,17504.942,17543.978,17493.889,17538.496,3542,1740,0,3542
2024-08-19 08:00:00,17538.465,17538.465,17486.121,17522.05,3529,1740,0,3529
2024-08-19 09:00:00,17522.046,17522.046,17493.023,17493.023,3548,1740,0,3548
2024-08-19 10:00:00,17493.005,17523.009,17471.043,17516.52,3528,1740,0,3528
2024-08-19 11:00:00,17516.495,17522.357,17475.043,17476.162,3547,1740,0,3547
2024-08-19 12:00:00,17476.152,17490.95,17452.14,17452.14,3550,1740,0,3550
2024-08-19 13:00:00,17452.122,17452.122,17402.12,17402.12,3541,1740,0,3541
2024-08-19 14:00:00,17402.118,17443.534,17396.893,17409.55,3534,1730,0,3534
2024-08-19 15:00:00,17409.539,17428.289,17390.197,17425.462,3554,1730,0,3554
2024-08-19 16:00:00,17425.451,17433.497,17408.437,17409.184,3529,1740,0,3529
2024-08-19 17:00:00,17409.157,17445.501,17387.031,17416.972,3533,1730,0,3533
2024-08-19 18:00:00,17416.957,17416.957,17376.359,17410.133,3545,1730,0,3545
2024-08-19 19:00:00,17410.113,17506.699,17409.702,17489.239,3554,1740,0,3554
2024-08-19 20:00:00,17489.205,17498.238,17450.667,17450.667,3543,1740,0,3543
2024-08-19 21:00:00,17450.639,17450.639,17415.247,17444.746,3553,1740,0,3553
2024-08-19 22:00:00,17444.724,17491.565,17434.987,17479.601,3547,1740,0,3547
2024-08-19 23:00:00,17479.587,17560.518,17478.457,17535.234,3550,1740,0,3550
2024-08-20 00:00:00,17535.232,17566.112,17521.128,17558.889,3560,1750,0,3560
2024-08-20 01:00:00,17558.871,17628.787,17547.566,17593.091,3548,1750,0,3548
2024-08-20 02:00:00,17593.087,17596.663,17557.829,17565.273,3533,1750,0,3533
2024-08-20 03:00:00,17565.265,17565.265,17520.884,17520.884,3532,1750,0,3532
2024-08-20 04:00:00,17520.859,17554.205,17508.86,17519.96,3546,1750,0,3546
2024-08-20 05:00:00,17519.921,17519.921,17458.292,17469.004,3558,1740,0,3558
2024-08-20 06:00:00,17469.0,17469.0,17405.211,17405.211,3539,1740,0,3539
2024-08-20 07:00:00,17405.202,17412.784,17367.267,17367.267,3536,1730,0,3536
2024-08-20 08:00:00,17367.244,17394.253,17354.424,17377.057,3552,1730,0,3552
2024-08-20 09:00:00,17377.039,17458.394,17373.717,17458.13,3544,1730,0,3544
2024-08-20 10:00:00,17458.115,17476.55,17445.743,17464.291,3542,1740,0,3542
2024-08-20 11:00:00,17464.276,17470.017,17426.605,17463.691,3550,1740,0,3550
2024-08-20 12:00:00,17463.679,17472.01,17434.289,17454.591,3545,1740,0,3545
2024-08-20 13:00:00,17454.57,17568.399,17452.638,17558.826,3551,1740,0,3551
2024-08-20 14:00:00,17558.812,17578.259,17541.668,17566.232,3525,1750,0,3525
2024-08-20 15:00:00,17566.2,17566.2,17525.912,17533.603,3545,1750,0,3545
2024-08-20 16:00:00,17533.567,17587.482,17525.932,17569.833,3546,1750,0,3546
2024-08-20 17:00:00,17569.828,17574.29,17535.082,17535.082,3550,1750,0,3550
2024-08-20 18:00:00,17535.05,17541.165,17507.176,17510.016,3537,1750,0,3537
2024-08-20 19:00:00,17510.006,17510.006,17459.407,17459.407,3548,1740,0,3548
2024-08-20 20:00:00,17459.39,17459.39,17406.351,17406.351,3536,1740,0,3536
2024-08-20 21:00:00,17406.323,17416.678,17370.659,17375.381,3529,1730,0,3529
2024-08-20 22:00:00,17375.378,17426.292,17373.322,17406.263,3535,1730,0,3535
2024-08-20 23:00:00,17406.256,17423.952,17387.884,17405.703,3544,1730,0,3544
2024-08-21 00:00:00,17405.686,17405.686,17371.654,17381.45,3544,1730,0,3544
2024-08-21 01:00:00,17381.438,17381.438,17338.061,17342.186,3544,1730,0,3544
2024-08-21 02:00:00,17342.185,17460.205,17336.272,17457.391,3532,1730,0,3532
2024-08-21 03:00:00,17457.374,17479.286,17433.491,17443.134,3546,1740,0,3546
2024-08-21 04:00:00,17443.104,17447.872,17407.161,17407.161,3540,1740,0,3540
2024-08-21 05:00:00,17407.152,17438.842,17392.953,17402.154,3556,1730,0,3556
2024-08-21 06:00:00,17402.142,17418.173,17366.148,17398.086,3551,1730,0,3551
2024-08-21 07:00:00,17398.071,17408.107,17371.956,17381.499,3545,1730,0,3545
2024-08-21 08:00:00,17381.475,17381.475,17317.376,17317.376,3545,1730,0,3545
2024-08-21 09:00:00,17317.355,17319.63,17274.577,17303.291,3527,1720,0,3527
2024-08-21 10:00:00,17303.29,17303.29,17261.446,17272.328,3549,1720,0,3549
2024-08-21 11:00:00,17272.31,17272.31,17213.855,17213.855,3534,1720,0,3534
2024-08-21 12:00:00,17213.85,17263.062,17209.118,17238.227,3538,1720,0,3538
2024-08-21 13:00:00,17238.21,17238.21,17199.96,17210.569,3550,1720,0,3550
2024-08-21 14:00:00,17210.562,17248.469,17204.223,17204.223,3543,1720,0,3543
2024-08-21 15:00:00,17204.203,17204.203,17174.428,17178.882,3541,1710,0,3541
2024-08-21 16:00:00,17178.848,17210.768,17177.165,17192.239,3536,1710,0,3536
2024-08-21 17:00:00,17192.222,17232.97,17171.151,17216.721,3546,1710,0,3546
2024-08-21 18:00:00,17216.697,17260.0,17212.252,17213.947,3544,1720,0,3544
2024-08-21 19:00:00,17213.924,17300.222,17202.914,17263.949,3541,1720,0,3541
2024-08-21 20:00:00,17263.926,17275.501,17229.752,17244.084,3553,1720,0,3553
2024-08-21 21:00:00,17244.063,17299.989,17243.189,17275.08,3538,1720,0,3538
2024-08-21 22:00:00,17275.08,17383.413,17270.301,17382.164,3542,1720,0,3542
2024-08-21 23:00:00,17382.156,17421.973,17357.108,17415.191,3552,1730,0,3552
2024-08-22 00:00:00,17415.162,17484.599,17409.974,17472.301,3531,1740,0,3531
2024-08-22 01:00:00,17472.29,17497.566,17457.59,17490.589,3535,1740,0,3535
2024-08-22 02:00:00,17490.584,17491.875,17429.428,17429.428,3518,1740,0,3518
2024-08-22 03:00:00,17429.415,17429.415,17378.149,17378.149,3548,1730,0,3548
2024-08-22 04:00:00,17378.115,17433.359,17374.881,17424.631,3528,1730,0,3528
2024-08-22 05:00:00,17424.602,17455.022,17372.227,17452.264,3528,1730,0,3528
2024-08-22 06:00:00,17452.249,17465.558,17410.625,17438.85,3557,1740,0,3557
2024-08-22 07:00:00,17438.84,17563.547,17421.221,17554.162,3547,1740,0,3547
2024-08-22 08:00:00,17554.138,17560.198,17532.456,17545.805,3537,1750,0,3537
2024-08-22 09:00:00,17545.791,17621.006,17540.782,17600.12,3530,1750,0,3530
2024-08-22 10:00:00,17600.113,17611.978,17556.696,17556.696,3548,1750,0,3548
2024-08-22 11:00:00,17556.68,17685.034,17553.631,17665.041,3545,1750,0,3545
2024-08-22 12:00:00,17665.032,17715.24,17655.032,17674.354,3544,1760,0,3544
2024-08-22 13:00:00,17674.352,17674.821,17626.066,17641.298,3522,1760,0,3522
2024-08-22 14:00:00,17641.284,17690.088,17636.371,17671.197,3544,1760,0,3544
2024-08-22 15:00:00,17671.162,17717.884,17660.403,17682.182,3542,1760,0,3542
2024-08-22 16:00:00,17682.153,17698.938,17650.984,17686.184,3565,1760,0,3565
2024-08-22 17:00:00,17686.158,17747.383,17683.731,17739.182,3545,1760,0,3545
2024-08-22 18:00:00,17739.175,17754.934,17694.056,17694.056,3553,1760,0,3553
2024-08-22 19:00:00,17694.048,17694.048,17644.78,17658.388,3546,1760,0,3546
2024-08-22 20:00:00,17658.358,17685.999,17640.43,17676.13,3535,1760,0,3535
2024-08-22 21:00:00,17676.113,17676.113,17635.279,17644.487,3548,1760,0,3548
2024-08-22 22:00:00,17644.486,17712.343,17642.888,17691.77,3502,1760,0,3502
2024-08-22 23:00:00,17691.758,17691.831,17663.631,17688.14,3557,1760,0,3557
2024-08-23 00:00:00,17688.123,17769.783,17675.51,17757.097,3529,1760,0,3529
2024-08-23 01:00:00,17757.089,17767.179,17718.791,17752.848,3546,1770,0,3546
2024-08-23 02:00:00,17752.823,17811.329,17743.796,17795.089,3522,1770,0,3522
2024-08-23 03:00:00,17795.076,17879.901,17765.699,17875.975,3544,1770,0,3544
2024-08-23 04:00:00,17875.948,17921.918,17871.716,17872.177,3546,1780,0,3546
2024-08-23 05:00:00,17872.176,17917.495,17851.357,17905.763,3547,1780,0,3547
2024-08-23 06:00:00,17905.741,17905.741,17869.698,17869.698,3560,1780,0,3560
2024-08-23 07:00:00,17869.686,17971.985,17860.398,17964.214,3535,1780,0,3535
2024-08-23 08:00:00,17964.189,17975.52,17930.493,17975.062,3540,1790,0,3540
2024-08-23 09:00:00,17975.046,17991.142,17949.218,17960.305,3528,1790,0,3528
2024-08-23 10:00:00,17960.302,17989.106,17931.594,17979.615,3557,1790,0,3557
2024-08-23 11:00:00,17979.586,17988.221,17946.352,17983.903,3553,1790,0,3553
2024-08-23 12:00:00,17983.898,17983.898,17923.781,17929.031,3542,1790,0,3542
2024-08-23 13:00:00,17929.007,17946.338,17907.221,17907.221,3553,1790,0,3553
2024-08-23 14:00:00,17907.207,17907.207,17874.112,17889.073,3550,1780,0,3550
2024-08-23 15:00:00,17889.053,17943.854,17879.56,17879.56,3475,1780,0,3475
2024-08-23 16:00:00,17879.525,17894.03,17866.733,17878.505,3545,1780,0,3545
2024-08-23 17:00:00,17878.489,17989.401,17876.854,17980.178,3545,1780,0,3545
2024-08-23 18:00:00,17980.162,18013.853,17968.358,17993.602,3541,1790,0,3541
2024-08-23 19:00:00,17993.574,18021.171,17983.513,17983.513,3544,1790,0,3544
2024-08-23 20:00:00,17983.488,17983.488,17940.984,17940.984,3546,1790,0,3546
2024-08-23 21:00:00,17940.978,18002.805,17940.231,17955.654,3552,1790,0,3552
2024-08-23 22:00:00,17955.636,17997.594,17947.136,17982.241,3540,1790,0,3540
2024-08-23 23:00:00,17982.23,17984.022,17939.638,17941.908,3549,1790,0,3549
2024-08-24 00:00:00,17941.895,18007.358,17914.58,18003.84,3539,1790,0,3539
2024-08-24 01:00:00,18003.826,18011.782,17951.922,17967.856,3540,1790,0,3540
2024-08-24 02:00:00,17967.837,18137.578,17961.673,18137.051,3546,1790,0,3546
2024-08-24 03:00:00,18137.014,18186.606,18127.13,18183.886,3548,1810,0,3548
2024-08-24 04:00:00,18183.874,18196.068,18158.187,18167.275,3528,1810,0,3528
2024-08-24 05:00:00,18167.264,18167.264,18109.529,18144.582,3549,1810,0,3549
2024-08-24 06:00:00,18144.581,18144.581,18106.683,18115.522,3527,1810,0,3527
2024-08-24 07:00:00,18115.488,18149.628,18097.639,18141.169,3552,1800,0,3552
2024-08-24 08:00:00,18141.144,18141.144,18079.044,18090.653,3549,1800,0,3549
2024-08-24 09:00:00,18090.628,18105.202,18075.686,18075.686,3544,1800,0,3544
2024-08-24 10:00:00,18075.662,18075.662,18036.238,18036.238,3540,1800,0,3540
2024-08-24 11:00:00,18036.227,18048.125,18008.032,18014.901,3553,1800,0,3553
2024-08-24 12:00:00,18014.89,18040.071,18003.317,18016.749,3537,1800,0,3537
2024-08-24 13:00:00,18016.72,18016.72,17957.434,17957.434,3535,1790,0,3535
2024-08-24 14:00:00,17957.413,17972.124,17914.765,17951.064,3539,1790,0,3539
2024-08-24 15:00:00,17951.042,17951.042,17889.536,17916.951,3539,1780,0,3539
2024-08-24 16:00:00,17916.938,17958.447,17906.72,17925.418,3548,1790,0,3548
2024-08-24 17:00:00,17925.416,17986.081,17897.833,17980.415,3551,1790,0,3551
2024-08-24 18:00:00,17980.386,18008.89,17958.734,17962.74,3545,1790,0,3545
2024-08-24 19:00:00,17962.737,17962.737,17910.727,17910.727,3543,1790,0,3543
2024-08-24 20:00:00,17910.72,17942.112,17892.561,17934.458,3538,1780,0,3538
2024-08-24 21:00:00,17934.433,17934.433,17869.764,17869.764,3538,1780,0,3538
2024-08-24 22:00:00,17869.74,17881.314,17823.385,17823.385,3554,1780,0,3554
2024-08-24 23:00:00,17823.37,17844.779,17800.713,17832.324,3541,1780,0,3541
2024-08-25 00:00:00,17832.294,17832.294,17771.883,17771.883,3538,1770,0,3538
2024-08-25 01:00:00,17771.846,17803.635,17738.007,17778.205,3541,1770,0,3541
2024-08-25 02:00:00,17778.191,17820.955,17772.926,17788.703,3530,1770,0,3530
2024-08-25 03:00:00,17788.7,17788.7,17742.131,17742.131,3555,1770,0,3555
2024-08-25 04:00:00,17742.107,17747.508,17718.169,17718.169,3549,1770,0,3549
2024-08-25 05:00:00,17718.138,17751.259,17702.27,17731.367,3538,1770,0,3538
2024-08-25 06:00:00,17731.347,17731.347,17702.876,17727.57,3531,1770,0,3531
2024-08-25 07:00:00,17727.539,17773.217,17725.567,17751.585,3539,1770,0,3539
2024-08-25 08:00:00,17751.576,17751.576,17718.274,17718.274,3556,1770,0,3556
2024-08-25 09:00:00,17718.266,17754.435,17705.906,17711.375,3529,1770,0,3529
2024-08-25 10:00:00,17711.368,17711.368,17678.954,17679.544,3554,1760,0,3554
2024-08-25 11:00:00,17679.54,17741.217,17658.216,17723.121,3546,1760,0,3546
2024-08-25 12:00:00,17723.11,17724.817,17683.19,17683.19,3551,1760,0,3551
2024-08-25 13:00:00,17683.171,17683.171,17638.455,17657.224,3545,1760,0,3545
2024-08-25 14:00:00,17657.189,17667.246,17629.611,17636.673,3531,1760,0,3531
2024-08-25 15:00:00,17636.646,17664.006,17630.722,17630.722,3541,1760,0,3541
2024-08-25 16:00:00,17630.669,17677.654,17616.073,17659.948,3547,1760,0,3547
2024-08-25 17:00:00,17659.935,17687.987,17626.261,17676.915,3528,1760,0,3528
2024-08-25 18:00:00,17676.908,17712.473,17662.37,17697.114,3549,1760,0,3549
2024-08-25 19:00:00,17697.092,17697.092,17668.881,17668.881,3543,1760,0,3543
2024-08-25 20:00:00,17668.873,17676.611,17616.068,17675.278,3548,1760,0,3548
2024-08-25 21:00:00,17675.244,17675.244,17628.754,17628.754,3532,1760,0,3532
2024-08-25 22:00:00,17628.748,17653.702,17620.096,17637.199,3541,1760,0,3541
2024-08-25 23:00:00,17637.196,17667.368,17620.203,17661.901,3542,1760,0,3542
2024-08-26 00:00:00,17661.9,17661.9,17597.611,17597.611,3536,1760,0,3536
2024-08-26 01:00:00,17597.602,17627.433,17589.278,17595.133,3538,1750,0,3538
2024-08-26 02:00:00,17595.123,17624.468,17582.121,17596.566,3549,1750,0,3549
2024-08-26 03:00:00,17596.561,17625.899,17573.369,17573.369,3535,1750,0,3535
2024-08-26 04:00:00,17573.353,17573.353,17512.599,17544.421,3540,1750,0,3540
2024-08-26 05:00:00,17544.381,17547.762,17506.339,17527.428,3549,1750,0,3549
2024-08-26 06:00:00,17527.404,17527.404,17489.837,17505.289,3531,1740,0,3531
2024-08-26 07:00:00,17505.281,17539.483,17486.528,17508.387,3539,1740,0,3539
2024-08-26 08:00:00,17508.357,17530.021,17482.516,17526.7,3542,1740,0,3542
2024-08-26 09:00:00,17526.697,17568.162,17518.524,17531.465,3529,1750,0,3529
2024-08-26 10:00:00,17531.425,17566.905,17526.077,17546.877,3555,1750,0,3555
2024-08-26 11:00:00,17546.849,17634.216,17530.635,17630.466,3537,1750,0,3537
2024-08-26 12:00:00,17630.445,17703.581,17608.547,17695.553,3541,1760,0,3541
2024-08-26 13:00:00,17695.528,17695.528,17650.896,17662.619,3535,1760,0,3535
2024-08-26 14:00:00,17662.597,17662.597,17609.221,17625.333,3535,1760,0,3535
2024-08-26 15:00:00,17625.31,17652.715,17611.941,17649.339,3543,1760,0,3543
2024-08-26 16:00:00,17649.313,17649.313,17602.558,17602.558,3544,1760,0,3544
2024-08-26 17:00:00,17602.553,17610.983,17572.3,17602.878,3546,1750,0,3546
2024-08-26 18:00:00,17602.865,17602.865,17542.843,17557.656,3542,1750,0,3542
2024-08-26 19:00:00,17557.641,17557.641,17506.517,17518.099,3538,1750,0,3538
2024-08-26 20:00:00,17518.064,17588.39,17505.605,17573.898,3545,1750,0,3545
2024-08-26 21:00:00,17573.883,17578.62,17523.318,17523.318,3542,1750,0,3542
2024-08-26 22:00:00,17523.317,17532.19,17504.499,17512.032,3542,1750,0,3542
2024-08-26 23:00:00,17512.022,17530.582,17487.92,17517.707,3550,1740,0,3550
2024-08-27 00:00:00,17517.693,17571.92,17499.207,17571.874,3550,1750,0,3550
2024-08-27 01:00:00,17571.85,17579.28,17554.08,17559.689,3544,1750,0,3544
2024-08-27 02:00:00,17559.666,17589.376,17553.065,17553.065,3546,1750,0,3546
2024-08-27 03:00:00,17553.052,17582.635,17537.737,17545.915,3548,1750,0,3548
2024-08-27 04:00:00,17545.883,17545.883,17498.198,17498.198,3538,1750,0,3538
2024-08-27 05:00:00,17498.163,17498.163,17434.301,17434.301,3553,1740,0,3553
2024-08-27 06:00:00,17434.289,17434.289,17383.211,17401.4,3547,1730,0,3547
2024-08-27 07:00:00,17401.393,17429.32,17387.402,17410.051,3535,1730,0,3535
2024-08-27 08:00:00,17410.046,17410.046,17348.285,17348.285,3550,1730,0,3550
2024-08-27 09:00:00,17348.269,17360.788,17315.268,17347.046,3547,1730,0,3547
2024-08-27 10:00:00,17347.024,17381.808,17329.508,17357.062,3546,1730,0,3546
2024-08-27 11:00:00,17357.036,17357.036,17297.478,17329.74,3542,1730,0,3542
2024-08-27 12:00:00,17329.698,17383.907,17323.499,17357.408,3540,1730,0,3540
2024-08-27 13:00:00,17357.389,17430.4,17356.3,17394.486,3534,1730,0,3534
2024-08-27 14:00:00,17394.457,17394.457,17356.523,17360.524,3539,1730,0,3539
2024-08-27 15:00:00,17360.522,17396.154,17342.887,17384.372,3543,1730,0,3543
2024-08-27 16:00:00,17384.347,17384.347,17344.574,17354.418,3557,1730,0,3557
2024-08-27 17:00:00,17354.407,17375.27,17337.422,17351.727,3544,1730,0,3544
2024-08-27 18:00:00,17351.721,17383.524,17333.111,17333.111,3539,1730,0,3539
2024-08-27 19:00:00,17333.09,17378.547,17321.654,17347.184,3554,1730,0,3554
2024-08-27 20:00:00,17347.156,17368.312,17324.314,17333.4,3553,1730,0,3553
2024-08-27 21:00:00,17333.37,17354.582,17305.471,17334.485,3545,1730,0,3545
2024-08-27 22:00:00,17334.464,17401.715,17314.616,17400.472,3544,1730,0,3544
2024-08-27 23:00:00,17400.461,17480.947,17374.046,17479.428,3538,1730,0,3538
2024-08-28 00:00:00,17479.425,17495.48,17456.731,17456.731,3542,1740,0,3542
2024-08-28 01:00:00,17456.705,17456.705,17412.696,17412.696,3551,1740,0,3551
2024-08-28 02:00:00,17412.677,17487.876,17397.89,17458.588,3553,1730,0,3553
2024-08-28 03:00:00,17458.583,17484.218,17440.545,17454.446,3543,1740,0,3543
2024-08-28 04:00:00,17454.442,17527.258,17454.126,17508.536,3542,1740,0,3542
2024-08-28 05:00:00,17508.517,17508.517,17456.398,17461.686,3545,1740,0,3545
2024-08-28 06:00:00,17461.679,17475.918,17439.327,17464.927,3540,1740,0,3540
2024-08-28 07:00:00,17464.9,17552.306,17457.2,17544.263,3539,1740,0,3539
2024-08-28 08:00:00,17544.245,17577.502,17539.324,17539.324,3546,1750,0,3546
2024-08-28 09:00:00,17539.313,17550.137,17511.337,17544.143,3545,1750,0,3545
2024-08-28 10:00:00,17544.123,17572.869,17530.517,17530.517,3525,1750,0,3525
2024-08-28 11:00:00,17530.502,17600.654,17523.096,17571.637,3554,1750,0,3554
2024-08-28 12:00:00,17586.823,17669.264,17586.823,17656.66,3541,1760,0,3541
2024-08-28 13:00:00,17656.658,17678.02,17631.895,17660.655,3549,1760,0,3549
2024-08-28 14:00:00,17660.617,17689.901,17628.997,17677.856,3535,1760,0,3535
2024-08-28 15:00:00,17677.833,17712.487,17661.723,17691.555,3542,1760,0,3542
2024-08-28 16:00:00,17691.543,17751.779,17690.806,17742.076,3542,1760,0,3542
2024-08-28 17:00:00,17742.067,17742.067,17679.1,17679.1,3537,1760,0,3537
2024-08-28 18:00:00,17679.075,17730.569,17644.307,17729.441,3533,1760,0,3533
2024-08-28 19:00:00,17729.426,17854.014,17720.361,17853.251,3534,1770,0,3534
2024-08-28 20:00:00,17853.239,17863.422,17819.014,17841.676,3534,1780,0,3534
2024-08-28 21:00:00,17841.673,17841.673,17787.297,17811.143,3533,1770,0,3533
2024-08-28 22:00:00,17811.114,17811.114,17746.243,17746.243,3534,1770,0,3534
2024-08-28 23:00:00,17746.211,17751.772,17718.311,17730.582,3535,1770,0,3535
2024-08-29 00:00:00,17730.58,17748.525,17689.249,17703.217,3539,1760,0,3539
2024-08-29 01:00:00,17703.21,17715.35,17672.955,17693.775,3560,1760,0,3560
2024-08-29 02:00:00,17693.75,17698.752,17673.75,17685.704,3538,1760,0,3538
2024-08-29 03:00:00,17685.68,17766.159,17685.489,17753.693,3530,1760,0,3530
2024-08-29 04:00:00,17753.666,17753.666,17721.26,17730.397,3535,1770,0,3535
2024-08-29 05:00:00,17730.386,17760.487,17725.921,17758.722,3543,1770,0,3543
2024-08-29 06:00:00,17758.704,17916.104,17757.65,17913.897,3541,1770,0,3541
2024-08-29 07:00:00,17913.895,17957.428,17912.284,17930.316,3557,1790,0,3557
2024-08-29 08:00:00,17930.299,17977.471,17925.056,17927.773,3543,1790,0,3543
2024-08-29 09:00:00,17927.759,17929.54,17901.891,17910.72,3548,1790,0,3548
2024-08-29 10:00:00,17910.713,17911.482,17859.759,17910.906,3539,1780,0,3539
2024-08-29 11:00:00,17910.884,17910.884,17865.774,17871.008,3536,1780,0,3536
2024-08-29 12:00:00,17870.975,17905.578,17860.152,17882.552,3548,1780,0,3548
2024-08-29 13:00:00,17882.529,17893.346,17858.687,17886.303,3546,1780,0,3546
2024-08-29 14:00:00,17886.303,17993.48,17870.852,17991.343,3548,1780,0,3548
2024-08-29 15:00:00,17991.322,18004.799,17970.627,17991.864,3536,1790,0,3536
2024-08-29 16:00:00,17991.838,18118.811,17983.599,18111.942,3547,1790,0,3547
2024-08-29 17:00:00,18111.926,18141.262,18084.321,18138.943,3538,1800,0,3538
2024-08-29 18:00:00,18138.922,18138.922,18082.001,18082.001,3539,1800,0,3539
2024-08-29 19:00:00,18081.982,18094.985,18054.371,18089.88,3538,1800,0,3538
2024-08-29 20:00:00,18089.872,18107.428,18064.945,18100.895,3544,1800,0,3544
2024-08-29 21:00:00,18100.88,18169.111,18097.096,18149.728,3535,1800,0,3535
2024-08-29 22:00:00,18149.724,18158.562,18121.606,18138.148,3533,1810,0,3533
2024-08-29 23:00:00,18138.128,18186.745,18116.105,18186.087,3538,1810,0,3538
2024-08-30 00:00:00,18186.066,18203.823,18156.168,18156.168,3542,1810,0,3542
2024-08-30 01:00:00,18156.163,18176.947,18137.98,18149.48,3542,1810,0,3542
2024-08-30 02:00:00,18149.449,18182.987,18131.082,18131.082,3555,1810,0,3555
2024-08-30 03:00:00,18131.063,18151.389,18107.676,18150.026,3537,1810,0,3537
2024-08-30 04:00:00,18150.006,18150.006,18103.673,18116.842,3556,1810,0,3556
2024-08-30 05:00:00,18116.837,18125.484,18060.565,18119.888,3554,1800,0,3554
2024-08-30 06:00:00,18119.855,18183.587,18115.355,18162.318,3550,1810,0,3550
2024-08-30 07:00:00,18162.316,18162.316,18095.646,18095.646,3544,1800,0,3544
2024-08-30 08:00:00,18095.601,18165.622,18082.604,18121.2,3547,1800,0,3547
2024-08-30 09:00:00,18121.162,18129.995,18083.371,18083.371,3536,1800,0,3536
2024-08-30 10:00:00,18083.328,18116.172,18077.896,18098.842,3553,1800,0,3553
2024-08-30 11:00:00,18098.811,18120.459,18063.241,18114.194,3537,1800,0,3537
2024-08-30 12:00:00,18114.191,18114.191,18061.351,18061.351,3547,1800,0,3547
2024-08-30 13:00:00,18061.336,18109.494,18052.958,18052.958,3545,1800,0,3545
2024-08-30 14:00:00,18052.932,18115.544,18045.35,18098.891,3535,1800,0,3535
2024-08-30 15:00:00,18098.859,18125.005,18081.443,18103.688,3550,1800,0,3550
2024-08-30 16:00:00,18103.662,18203.608,18102.686,18197.506,3550,1810,0,3550
2024-08-30 17:00:00,18197.477,18197.477,18154.375,18155.911,3548,1810,0,3548
2024-08-30 18:00:00,18155.863,18204.654,18141.762,18195.987,3547,1810,0,3547
2024-08-30 19:00:00,18195.958,18202.966,18156.782,18156.782,3545,1810,0,3545
2024-08-30 20:00:00,18156.773,18168.507,18132.242,18157.596,3541,1810,0,3541
2024-08-30 21:00:00,18157.591,18235.163,18121.675,18233.457,3538,1810,0,3538
2024-08-30 22:00:00,18233.444,18261.937,18223.526,18223.526,3551,1820,0,3551
2024-08-30 23:00:00,18223.518,18309.913,18195.532,18306.913,3541,1810,0,3541
2024-08-31 00:00:00,18306.88,18339.2,18291.907,18331.704,3546,1820,0,3546
2024-08-31 01:00:00,18331.683,18346.388,18308.877,18330.434,3552,1830,0,3552
2024-08-31 02:00:00,18330.375,18330.375,18289.145,18300.99,3539,1820,0,3539
2024-08-31 03:00:00,18300.975,18423.856,18293.038,18408.907,3534,1820,0,3534
2024-08-31 04:00:00,18408.904,18408.904,18366.617,18383.41,3553,1830,0,3553
2024-08-31 05:00:00,18383.4,18404.899,18351.196,18404.572,3555,1830,0,3555
2024-08-31 06:00:00,18404.568,18433.067,18385.687,18400.046,3553,1830,0,3553
2024-08-31 07:00:00,18400.046,18400.046,18333.583,18333.583,3540,1830,0,3540
2024-08-31 08:00:00,18333.565,18333.565,18278.249,18278.249,3544,1820,0,3544
2024-08-31 09:00:00,18278.248,18393.47,18273.873,18387.927,3547,1820,0,3547
2024-08-31 10:00:00,18387.925,18401.544,18353.141,18361.895,3533,1830,0,3533
2024-08-31 11:00:00,18361.894,18361.894,18322.06,18337.718,3549,1830,0,3549
2024-08-31 12:00:00,18337.715,18423.505,18327.021,18404.708,3536,1830,0,3536
2024-08-31 13:00:00,18404.705,18404.705,18361.326,18376.503,3553,1830,0,3553
2024-08-31 14:00:00,18376.489,18523.195,18371.394,18522.244,3537,1830,0,3537
2024-08-31 15:00:00,18522.214,18522.214,18465.608,18465.608,3544,1840,0,3544
2024-08-31 16:00:00,18465.578,18514.291,18445.844,18510.668,3554,1840,0,3554
2024-08-31 17:00:00,18510.662,18515.882,18482.371,18486.521,3552,1840,0,3552
2024-08-31 18:00:00,18486.514,18520.339,18473.535,18506.488,3548,1840,0,3548
2024-08-31 19:00:00,18506.471,18521.537,18477.15,18477.15,3552,1840,0,3552
2024-08-31 20:00:00,18477.132,18520.241,18466.942,18520.034,3540,1840,0,3540
2024-08-31 21:00:00,18520.028,18606.179,18494.928,18595.647,3549,1840,0,3549
2024-08-31 22:00:00,18595.627,18595.627,18556.056,18556.056,3539,1850,0,3539
2024-08-31 23:00:00,18556.029,18583.608,18540.826,18557.419,3551,1850,0,3551
2024-09-01 00:00:00,18557.411,18557.411,18512.907,18512.907,3560,1850,0,3560
2024-09-01 01:00:00,18512.896,18566.445,18490.616,18559.965,3534,1840,0,3534
2024-09-01 02:00:00,18559.95,18563.528,18510.741,18510.741,3554,1850,0,3554
2024-09-01 03:00:00,18510.696,18559.8,18502.948,18513.299,3549,1850,0,3549
2024-09-01 04:00:00,18513.294,18521.26,18470.105,18470.105,3550,1840,0,3550
2024-09-01 05:00:00,18470.088,18527.254,18435.467,18517.708,3556,1840,0,3556
2024-09-01 06:00:00,18517.684,18568.481,18514.499,18547.559,3550,1850,0,3550
2024-09-01 07:00:00,18547.558,18640.063,18542.347,18632.215,3547,1850,0,3547
2024-09-01 08:00:00,18632.2,18657.935,18614.728,18614.728,3538,1860,0,3538
2024-09-01 09:00:00,18614.675,18730.59,18612.937,18720.854,3547,1860,0,3547
2024-09-01 10:00:00,18720.819,18720.819,18652.661,18652.661,3546,1860,0,3546
2024-09-01 11:00:00,18652.639,18701.017,18631.763,18684.04,3524,1860,0,3524
2024-09-01 12:00:00,18684.016,18684.016,18627.712,18647.245,3540,1860,0,3540
2024-09-01 13:00:00,18647.207,18647.207,18580.021,18580.021,3547,1850,0,3547
2024-09-01 14:00:00,18580.005,18580.005,18530.506,18543.704,3552,1850,0,3552
2024-09-01 15:00:00,18543.69,18654.57,18533.574,18648.266,3547,1850,0,3547
2024-09-01 16:00:00,18648.245,18648.245,18585.884,18585.884,3544,1850,0,3544
2024-09-01 17:00:00,18585.876,18585.876,18519.039,18519.039,3540,1850,0,3540
2024-09-01 18:00:00,18518.981,18654.773,18518.259,18639.925,3544,1850,0,3544
2024-09-01 19:00:00,18639.925,18639.925,18595.89,18604.261,3542,1850,0,3542
2024-09-01 20:00:00,18604.242,18653.688,18594.379,18632.855,3552,1850,0,3552
2024-09-01 21:00:00,18632.855,18721.062,18609.742,18720.222,3560,1860,0,3560
2024-09-01 22:00:00,18720.21,18751.487,18701.029,18701.029,3556,1870,0,3556
2024-09-01 23:00:00,18701.015,18701.015,18646.709,18662.195,3538,1860,0,3538
2024-09-02 00:00:00,18662.171,18662.171,18612.441,18615.373,3539,1860,0,3539
2024-09-02 01:00:00,18615.338,18630.628,18586.235,18586.235,3537,1850,0,3537
2024-09-02 02:00:00,18586.193,18665.723,18583.42,18640.675,3553,1850,0,3553
2024-09-02 03:00:00,18640.66,18646.992,18597.586,18602.359,3547,1850,0,3547
2024-09-02 04:00:00,18602.341,18605.668,18565.929,18565.929,3550,1850,0,3550
2024-09-02 05:00:00,18565.905,18565.905,18512.757,18512.757,3551,1850,0,3551
2024-09-02 06:00:00,18512.734,18512.734,18482.101,18482.101,3534,1840,0,3534
2024-09-02 07:00:00,18482.098,18482.098,18444.645,18458.911,3548,1840,0,3548
2024-09-02 08:00:00,18458.886,18496.801,18451.167,18494.696,3540,1840,0,3540
2024-09-02 09:00:00,18494.666,18554.556,18459.801,18547.908,3537,1840,0,3537
2024-09-02 10:00:00,18547.867,18621.018,18540.053,18611.845,3549,1850,0,3549
2024-09-02 11:00:00,18611.793,18611.793,18573.369,18603.518,3552,1850,0,3552
2024-09-02 12:00:00,18603.474,18647.58,18591.656,18632.868,3540,1850,0,3540
2024-09-02 13:00:00,18632.852,18642.493,18611.099,18611.099,3545,1860,0,3545
2024-09-02 14:00:00,18611.09,18611.09,18567.401,18588.339,3547,1850,0,3547
2024-09-02 15:00:00,18588.303,18631.091,18563.94,18629.801,3553,1850,0,3553
2024-09-02 16:00:00,18629.767,18651.827,18619.514,18637.215,3544,1860,0,3544
2024-09-02 17:00:00,18637.184,18669.338,18613.382,18642.05,3546,1860,0,3546
2024-09-02 18:00:00,18642.045,18642.045,18585.569,18585.569,3545,1850,0,3545
2024-09-02 19:00:00,18585.55,18589.857,18533.957,18533.957,3557,1850,0,3557
2024-09-02 20:00:00,18533.953,18580.849,18520.419,18575.195,3545,1850,0,3545
2024-09-02 21:00:00,18575.179,18585.211,18547.729,18570.967,3545,1850,0,3545
2024-09-02 22:00:00,18570.964,18570.964,18539.909,18540.476,3546,1850,0,3546
2024-09-02 23:00:00,18540.455,18540.455,18504.952,18518.578,3537,1850,0,3537
2024-09-03 00:00:00,18518.556,18622.679,18498.327,18621.94,3543,1850,0,3543
2024-09-03 01:00:00,18621.93,18628.045,18589.531,18624.512,3538,1850,0,3538
2024-09-03 02:00:00,18624.485,18636.67,18594.82,18594.82,3545,1850,0,3545
2024-09-03 03:00:00,18594.792,18603.704,18555.063,18555.063,3549,1850,0,3549
2024-09-03 04:00:00,18555.032,18585.93,18524.571,18576.3,3545,1850,0,3545
2024-09-03 05:00:00,18576.271,18582.957,18530.765,18530.765,3561,1850,0,3561
2024-09-03 06:00:00,18530.734,18539.862,18503.154,18521.954,3537,1850,0,3537
2024-09-03 07:00:00,18521.944,18521.944,18470.329,18471.837,3557,1840,0,3557
2024-09-03 08:00:00,18471.801,18501.788,18458.377,18474.771,3539,1840,0,3539
2024-09-03 09:00:00,18474.74,18474.74,18430.234,18430.234,3528,1840,0,3528
2024-09-03 10:00:00,18430.228,18430.228,18386.792,18387.603,3546,1830,0,3546
2024-09-03 11:00:00,18387.57,18481.09,18377.498,18467.828,3546,1830,0,3546
2024-09-03 12:00:00,18467.813,18470.09,18433.957,18433.957,3548,1840,0,3548
2024-09-03 13:00:00,18433.948,18436.242,18400.671,18430.894,3538,1840,0,3538
2024-09-03 14:00:00,18430.869,18445.459,18417.455,18417.455,3547,1840,0,3547
2024-09-03 15:00:00,18417.431,18417.431,18354.603,18354.603,3555,1830,0,3555
2024-09-03 16:00:00,18354.587,18376.085,18313.457,18364.971,3558,1830,0,3558
2024-09-03 17:00:00,18364.954,18429.923,18334.167,18424.221,3536,1830,0,3536
2024-09-03 18:00:00,18424.213,18480.669,18422.83,18453.397,3563,1840,0,3563
2024-09-03 19:00:00,18453.386,18453.386,18416.931,18427.792,3557,1840,0,3557
2024-09-03 20:00:00,18427.768,18427.768,18377.337,18388.669,3540,1830,0,3540
2024-09-03 21:00:00,18388.639,18388.639,18322.812,18322.812,3541,1830,0,3541
2024-09-03 22:00:00,18322.775,18364.494,18292.127,18352.444,3556,1820,0,3556
2024-09-03 23:00:00,18352.419,18352.419,18322.878,18341.851,3556,1830,0,3556
2024-09-04 00:00:00,18341.831,18341.831,18275.614,18275.614,3550,1820,0,3550
2024-09-04 01:00:00,18275.607,18281.443,18235.466,18273.34,3556,1820,0,3556
2024-09-04 02:00:00,18273.312,18279.253,18248.928,18266.628,3544,1820,0,3544
2024-09-04 03:00:00,18266.615,18266.615,18226.335,18226.335,3541,1820,0,3541
2024-09-04 04:00:00,18226.334,18226.334,18186.877,18200.819,3555,1810,0,3555
2024-09-04 05:00:00,18200.797,18268.134,18194.608,18262.977,3536,1810,0,3536
2024-09-04 06:00:00,18262.964,18299.29,18243.33,18273.377,3542,1820,0,3542
2024-09-04 07:00:00,18273.35,18273.35,18215.817,18223.682,3543,1820,0,3543
2024-09-04 08:00:00,18223.674,18244.628,18203.156,18205.611,3519,1820,0,3519
2024-09-04 09:00:00,18205.609,18208.333,18170.397,18207.172,3545,1810,0,3545
2024-09-04 10:00:00,18207.171,18258.195,18199.661,18243.291,3550,1820,0,3550
2024-09-04 11:00:00,18243.274,18288.502,18232.638,18273.143,3539,1820,0,3539
2024-09-04 12:00:00,18273.117,18293.436,18244.8,18268.115,3554,1820,0,3554
2024-09-04 13:00:00,18268.094,18268.149,18231.068,18231.881,3540,1820,0,3540
2024-09-04 14:00:00,18231.862,18263.21,18222.782,18222.782,3540,1820,0,3540
2024-09-04 15:00:00,18222.764,18233.774,18192.458,18204.308,3543,1810,0,3543
2024-09-04 16:00:00,18204.307,18240.943,18187.31,18225.827,3537,1810,0,3537
2024-09-04 17:00:00,18225.826,18234.31,18189.601,18189.601,3549,1810,0,3549
2024-09-04 18:00:00,18189.6,18270.732,18183.071,18267.52,3553,1810,0,3553
2024-09-04 19:00:00,18267.506,18267.506,18220.261,18220.261,3547,1820,0,3547
2024-09-04 20:00:00,18220.26,18239.869,18196.75,18221.696,3557,1810,0,3557
2024-09-04 21:00:00,18221.694,18221.694,18172.514,18172.514,3556,1810,0,3556
2024-09-04 22:00:00,18172.488,18183.821,18146.489,18167.534,3538,1810,0,3538
2024-09-04 23:00:00,18167.507,18167.507,18113.591,18130.385,3542,1810,0,3542
2024-09-05 00:00:00,18130.361,18240.558,18117.14,18229.068,3545,1810,0,3545
2024-09-05 01:00:00,18229.066,18229.066,18188.175,18212.627,3549,1810,0,3549
2024-09-05 02:00:00,18212.62,18238.058,18196.257,18210.523,3540,1810,0,3540
2024-09-05 03:00:00,18210.48,18224.136,18184.44,18184.44,3551,1810,0,3551
2024-09-05 04:00:00,18184.438,18199.641,18161.364,18185.594,3543,1810,0,3543
2024-09-05 05:00:00,18185.567,18241.086,18170.105,18234.42,3551,1810,0,3551
2024-09-05 06:00:00,18234.394,18234.394,18191.003,18207.891,3549,1810,0,3549
2024-09-05 07:00:00,18207.838,18223.508,18168.626,18168.626,3548,1810,0,3548
2024-09-05 08:00:00,18168.619,18181.254,18137.972,18137.972,3540,1810,0,3540
2024-09-05 09:00:00,18137.957,18164.553,18114.499,18148.437,3554,1810,0,3554
2024-09-05 10:00:00,18148.417,18225.633,18145.881,18218.944,3540,1810,0,3540
2024-09-05 11:00:00,18218.943,18267.252,18197.092,18246.983,3537,1820,0,3537
2024-09-05 12:00:00,18246.956,18258.445,18212.646,18258.428,3537,1820,0,3537
2024-09-05 13:00:00,18258.415,18271.853,18237.079,18237.079,3541,1820,0,3541
2024-09-05 14:00:00,18237.068,18237.068,18181.891,18181.891,3549,1810,0,3549
2024-09-05 15:00:00,18181.861,18225.504,18157.978,18198.895,3542,1810,0,3542
2024-09-05 16:00:00,18198.855,18204.809,18161.01,18161.01,3545,1810,0,3545
2024-09-05 17:00:00,18160.969,18202.354,18155.999,18156.322,3541,1810,0,3541
2024-09-05 18:00:00,18156.284,18161.919,18122.91,18122.91,3548,1810,0,3548
2024-09-05 19:00:00,18122.894,18174.116,18121.172,18165.958,3543,1810,0,3543
2024-09-05 20:00:00,18165.914,18165.914,18123.73,18160.483,3546,1810,0,3546
2024-09-05 21:00:00,18160.45,18192.862,18145.59,18159.76,3555,1810,0,3555
2024-09-05 22:00:00,18159.745,18244.547,18158.541,18232.069,3549,1810,0,3549
2024-09-05 23:00:00,18232.048,18316.12,18218.14,18311.094,3538,1820,0,3538
2024-09-06 00:00:00,18311.065,18389.306,18284.792,18378.403,3543,1820,0,3543
2024-09-06 01:00:00,18378.394,18447.649,18361.899,18440.737,3547,1830,0,3547
2024-09-06 02:00:00,18440.727,18542.135,18427.622,18515.912,3542,1840,0,3542
2024-09-06 03:00:00,18515.905,18534.073,18482.749,18513.444,3543,1840,0,3543
2024-09-06 04:00:00,18513.437,18578.857,18495.761,18571.654,3537,1840,0,3537
2024-09-06 05:00:00,18571.651,18598.036,18548.598,18548.598,3534,1850,0,3534
2024-09-06 06:00:00,18548.579,18659.394,18545.045,18658.423,3533,1850,0,3533
2024-09-06 07:00:00,18658.414,18687.06,18651.967,18664.505,3548,1860,0,3548
2024-09-06 08:00:00,18664.474,18680.15,18633.783,18653.901,3555,1860,0,3555
2024-09-06 09:00:00,18653.895,18738.63,18653.804,18732.304,3547,1860,0,3547
2024-09-06 10:00:00,18732.292,18732.292,18696.956,18711.73,3540,1860,0,3540
2024-09-06 11:00:00,18711.723,18711.723,18666.831,18687.631,3545,1860,0,3545
2024-09-06 12:00:00,18687.601,18758.502,18678.109,18747.746,3550,1860,0,3550
2024-09-06 13:00:00,18747.722,18761.86,18728.455,18744.74,3551,1870,0,3551
2024-09-06 14:00:00,18744.715,18746.817,18701.982,18734.219,3538,1870,0,3538
2024-09-06 15:00:00,18734.202,18734.202,18691.943,18720.382,3543,1860,0,3543
2024-09-06 16:00:00,18720.365,18728.107,18688.811,18724.524,3542,1860,0,3542
2024-09-06 17:00:00,18724.494,18765.133,18715.293,18716.98,3543,1870,0,3543
2024-09-06 18:00:00,18716.969,18762.261,18706.377,18747.687,3554,1870,0,3554
2024-09-06 19:00:00,18747.666,18747.666,18685.707,18685.707,3547,1860,0,3547
2024-09-06 20:00:00,18685.653,18712.031,18655.066,18655.066,3547,1860,0,3547
2024-09-06 21:00:00,18655.048,18659.166,18616.818,18616.818,3550,1860,0,3550
2024-09-06 22:00:00,18616.812,18648.271,18608.929,18608.929,3546,1860,0,3546
2024-09-06 23:00:00,18608.923,18647.929,18607.417,18610.364,3548,1860,0,3548
2024-09-07 00:00:00,18610.343,18610.343,18547.099,18547.099,3546,1850,0,3546
2024-09-07 01:00:00,18547.077,18624.822,18529.247,18589.881,3554,1850,0,3554
2024-09-07 02:00:00,18589.862,18602.253,18559.844,18570.948,3553,1850,0,3553
2024-09-07 03:00:00,18570.941,18635.615,18563.22,18631.722,3545,1850,0,3545
2024-09-07 04:00:00,18631.69,18717.886,18628.425,18709.804,3546,1860,0,3546
2024-09-07 05:00:00,18709.789,18709.789,18657.824,18665.904,3534,1860,0,3534
2024-09-07 06:00:00,18665.882,18757.765,18651.144,18754.217,3554,1860,0,3554
2024-09-07 07:00:00,18754.21,18769.592,18725.863,18725.863,3536,1870,0,3536
2024-09-07 08:00:00,18725.859,18725.859,18683.082,18683.082,3558,1860,0,3558
2024-09-07 09:00:00,18683.077,18734.416,18666.478,18718.125,3532,1860,0,3532
2024-09-07 10:00:00,18718.111,18744.92,18692.367,18692.367,3547,1860,0,3547
2024-09-07 11:00:00,18692.331,18708.536,18662.854,18702.337,3542,1860,0,3542
2024-09-07 12:00:00,18702.319,18708.06,18654.559,18654.559,3554,1860,0,3554
2024-09-07 13:00:00,18654.54,18654.54,18588.73,18588.73,3538,1850,0,3538
2024-09-07 14:00:00,18588.697,18588.697,18527.968,18527.968,3559,1850,0,3559
2024-09-07 15:00:00,18527.965,18583.372,18522.671,18550.121,3553,1850,0,3553
2024-09-07 16:00:00,18550.116,18619.007,18526.689,18594.083,3537,1850,0,3537
2024-09-07 17:00:00,18594.064,18594.064,18547.027,18547.027,3547,1850,0,3547
2024-09-07 18:00:00,18547.012,18658.556,18546.666,18654.69,3548,1850,0,3548
2024-09-07 19:00:00,18654.667,18654.667,18608.663,18608.663,3556,1860,0,3556
2024-09-07 20:00:00,18608.626,18608.626,18545.418,18569.634,3551,1850,0,3551
2024-09-07 21:00:00,18569.611,18581.432,18536.262,18536.262,3547,1850,0,3547
2024-09-07 22:00:00,18536.249,18590.111,18516.734,18559.111,3535,1850,0,3535
2024-09-07 23:00:00,18559.105,18587.929,18530.914,18530.914,3551,1850,0,3551
2024-09-08 00:00:00,18530.897,18531.041,18466.574,18466.574,3544,1840,0,3544
2024-09-08 01:00:00,18466.56,18534.905,18449.549,18528.245,3553,1840,0,3553
2024-09-08 02:00:00,18528.236,18586.934,18523.172,18575.685,3547,1850,0,3547
2024-09-08 03:00:00,18575.664,18600.937,18529.53,18597.62,3549,1850,0,3549
2024-09-08 04:00:00,18597.573,18605.982,18540.778,18540.778,3545,1850,0,3545
2024-09-08 05:00:00,18540.757,18575.608,18508.251,18571.014,3536,1850,0,3536
2024-09-08 06:00:00,18571.004,18626.69,18558.776,18611.887,3542,1850,0,3542
2024-09-08 07:00:00,18611.869,18611.869,18545.292,18545.292,3550,1850,0,3550
2024-09-08 08:00:00,18545.252,18561.246,18526.001,18541.283,3555,1850,0,3555
2024-09-08 09:00:00,18541.268,18541.268,18510.799,18534.881,3548,1850,0,3548
2024-09-08 10:00:00,18534.857,18572.9,18511.035,18511.035,3548,1850,0,3548
2024-09-08 11:00:00,18511.031,18577.796,18472.884,18573.837,3547,1840,0,3547
2024-09-08 12:00:00,18573.815,18606.272,18556.465,18601.354,3554,1850,0,3554
2024-09-08 13:00:00,18601.324,18607.359,18557.737,18557.737,3545,1850,0,3545
2024-09-08 14:00:00,18557.721,18580.054,18538.328,18538.328,3535,1850,0,3535
2024-09-08 15:00:00,18538.311,18542.117,18495.973,18517.377,3550,1840,0,3550
2024-09-08 16:00:00,18517.364,18517.364,18458.637,18458.637,3539,1840,0,3539
2024-09-08 17:00:00,18458.619,18490.711,18439.71,18464.432,3548,1840,0,3548
2024-09-08 18:00:00,18464.423,18483.728,18437.879,18476.387,3544,1840,0,3544
2024-09-08 19:00:00,18476.354,18501.405,18449.129,18482.89,3544,1840,0,3544
2024-09-08 20:00:00,18482.835,18485.237,18451.135,18475.249,3541,1840,0,3541
2024-09-08 21:00:00,18475.219,18529.518,18463.211,18495.632,3541,1840,0,3541
2024-09-08 22:00:00,18495.599,18495.599,18432.648,18432.648,3537,1840,0,3537
2024-09-08 23:00:00,18432.641,18442.393,18405.165,18430.46,3547,1840,0,3547
2024-09-09 00:00:00,18430.442,18509.281,18415.768,18499.735,3553,1840,0,3553
2024-09-09 01:00:00,18499.726,18560.465,18480.482,18546.35,3552,1840,0,3552
2024-09-09 02:00:00,18546.331,18602.968,18543.932,18573.267,3541,1850,0,3541
2024-09-09 03:00:00,18573.22,18573.22,18531.714,18552.502,3556,1850,0,3556
2024-09-09 04:00:00,18552.456,18585.843,18537.45,18537.45,3544,1850,0,3544
2024-09-09 05:00:00,18537.446,18537.446,18486.413,18521.162,3555,1840,0,3555
2024-09-09 06:00:00,18521.152,18563.993,18511.517,18551.881,3538,1850,0,3538
2024-09-09 07:00:00,18575.819,18575.819,18509.22,18509.22,3545,1850,0,3545
2024-09-09 08:00:00,18509.213,18554.006,18497.716,18505.354,3545,1850,0,3545
2024-09-09 09:00:00,18505.336,18567.944,18475.09,18554.464,3536,1840,0,3536
2024-09-09 10:00:00,18554.461,18554.461,18497.003,18532.908,3556,1840,0,3556
2024-09-09 11:00:00,18532.893,18613.198,18532.758,18592.206,3540,1850,0,3540
2024-09-09 12:00:00,18592.183,18652.961,18580.102,18624.044,3540,1850,0,3540
2024-09-09 13:00:00,18624.042,18624.042,18580.502,18605.782,3543,1850,0,3543
2024-09-09 14:00:00,18605.771,18695.776,18597.358,18689.412,3549,1850,0,3549
2024-09-09 15:00:00,18689.406,18721.844,18679.672,18690.43,3545,1860,0,3545
2024-09-09 16:00:00,18690.428,18734.707,18674.866,18674.866,3532,1860,0,3532
2024-09-09 17:00:00,18674.855,18708.605,18644.672,18694.062,3546,1860,0,3546
2024-09-09 18:00:00,18694.029,18715.757,18672.823,18693.453,3527,1860,0,3527
2024-09-09 19:00:00,18693.429,18706.413,18674.196,18674.196,3547,1860,0,3547
2024-09-09 20:00:00,18674.185,18769.754,18670.001,18751.292,3542,1860,0,3542
2024-09-09 21:00:00,18751.259,18770.829,18727.993,18761.14,3557,1870,0,3557
2024-09-09 22:00:00,18761.138,18818.608,18732.455,18803.421,3544,1870,0,3544
2024-09-09 23:00:00,18803.391,18945.642,18794.02,18928.706,3554,1870,0,3554
2024-09-10 00:00:00,18928.687,18988.671,18905.052,18987.337,3552,1890,0,3552
2024-09-10 01:00:00,18987.334,18987.334,18937.185,18941.634,3536,1890,0,3536
2024-09-10 02:00:00,18941.629,19023.067,18910.767,19018.815,3545,1890,0,3545
2024-09-10 03:00:00,19018.809,19018.809,18957.454,18957.454,3538,1890,0,3538
2024-09-10 04:00:00,18957.452,18957.452,18910.588,18942.291,3536,1890,0,3536
2024-09-10 05:00:00,18942.265,18974.554,18927.034,18927.034,3546,1890,0,3546
2024-09-10 06:00:00,18927.026,18951.443,18913.79,18913.79,3552,1890,0,3552
2024-09-10 07:00:00,18913.774,18929.147,18898.325,18898.325,3553,1880,0,3553
2024-09-10 08:00:00,18898.316,18898.316,18865.727,18885.242,3543,1880,0,3543
2024-09-10 09:00:00,18885.242,18980.011,18884.681,18945.136,3558,1880,0,3558
2024-09-10 10:00:00,18945.124,19003.826,18938.712,18998.03,3548,1890,0,3548
2024-09-10 11:00:00,18998.012,19013.682,18981.826,18993.683,3553,1890,0,3553
2024-09-10 12:00:00,18993.675,19009.479,18979.194,18996.146,3549,1890,0,3549
2024-09-10 13:00:00,18996.138,19028.708,18977.81,18988.64,3549,1890,0,3549
2024-09-10 14:00:00,18988.626,18988.626,18942.945,18942.945,3565,1890,0,3565
2024-09-10 15:00:00,18942.93,18958.19,18891.702,18891.702,3556,1880,0,3556
2024-09-10 16:00:00,18891.675,18928.819,18884.378,18919.207,3558,1880,0,3558
2024-09-10 17:00:00,18919.192,18919.192,18856.848,18880.314,3547,1880,0,3547
2024-09-10 18:00:00,18880.29,18890.815,18852.403,18880.695,3550,1880,0,3550
2024-09-10 19:00:00,18880.659,18917.504,18870.534,18890.68,3541,1880,0,3541
2024-09-10 20:00:00,18890.632,18890.632,18829.929,18829.929,3544,1880,0,3544
2024-09-10 21:00:00,18829.926,18865.99,18799.477,18860.885,3541,1880,0,3541
2024-09-10 22:00:00,18860.859,18862.431,18824.293,18824.293,3538,1880,0,3538
2024-09-10 23:00:00,18824.287,18847.581,18789.856,18789.856,3557,1870,0,3557
2024-09-11 00:00:00,18789.84,18803.02,18767.193,18778.572,3562,1870,0,3562
2024-09-11 01:00:00,18778.572,18803.89,18753.993,18753.993,3552,1870,0,3552
2024-09-11 02:00:00,18753.988,18779.032,18745.297,18774.03,3539,1870,0,3539
2024-09-11 03:00:00,18774.016,18832.893,18766.203,18803.628,3542,1870,0,3542
2024-09-11 04:00:00,18803.602,18803.602,18742.044,18742.044,3555,1870,0,3555
2024-09-11 05:00:00,18742.034,18841.373,18737.421,18813.568,3546,1870,0,3546
2024-09-11 06:00:00,18813.549,18897.634,18788.802,18871.275,3542,1870,0,3542
2024-09-11 07:00:00,18871.261,18871.261,18810.982,18822.735,3548,1880,0,3548
2024-09-11 08:00:00,18822.702,18837.167,18812.493,18831.247,3555,1880,0,3555
2024-09-11 09:00:00,18831.225,18888.827,18829.168,18866.878,3549,1880,0,3549
2024-09-11 10:00:00,18866.853,18882.989,18843.941,18843.941,3550,1880,0,3550
2024-09-11 11:00:00,18843.928,18929.059,18816.635,18919.226,3548,1880,0,3548
2024-09-11 12:00:00,18919.217,18919.217,18858.113,18858.113,3553,1880,0,3553
2024-09-11 13:00:00,18858.079,18892.7,18847.716,18849.845,3557,1880,0,3557
2024-09-11 14:00:00,18849.802,18955.876,18839.296,18944.485,3554,1880,0,3554
2024-09-11 15:00:00,18944.461,19063.882,18929.077,19062.121,3555,1890,0,3555
2024-09-11 16:00:00,19062.084,19143.353,19038.31,19142.575,3543,1900,0,3543
2024-09-11 17:00:00,19142.532,19228.88,19141.817,19225.335,3543,1910,0,3543
2024-09-11 18:00:00,19225.294,19225.294,19187.814,19196.834,3545,1910,0,3545
2024-09-11 19:00:00,19196.822,19196.822,19150.461,19150.461,3552,1910,0,3552
2024-09-11 20:00:00,19150.437,19194.79,19133.578,19172.183,3549,1910,0,3549
2024-09-11 21:00:00,19172.162,19172.162,19122.138,19122.138,3536,1910,0,3536
2024-09-11 22:00:00,19122.133,19245.474,19121.757,19231.082,3542,1910,0,3542
2024-09-11 23:00:00,19231.076,19247.438,19187.721,19215.761,3562,1910,0,3562
2024-09-12 00:00:00,19215.76,19262.125,19209.239,19233.778,3543,1920,0,3543
2024-09-12 01:00:00,19233.76,19233.76,19179.995,19207.423,3541,1910,0,3541
2024-09-12 02:00:00,19207.401,19290.803,19205.755,19248.854,3540,1920,0,3540
2024-09-12 03:00:00,19248.848,19354.9,19245.395,19326.875,3540,1920,0,3540
2024-09-12 04:00:00,19326.865,19485.737,19313.103,19468.62,3556,1930,0,3556
2024-09-12 05:00:00,19468.603,19471.472,19431.85,19431.85,3553,1940,0,3553
2024-09-12 06:00:00,19431.778,19431.778,19383.074,19400.107,3556,1930,0,3556
2024-09-12 07:00:00,19400.084,19484.868,19396.012,19442.914,3552,1930,0,3552
2024-09-12 08:00:00,19442.91,19464.81,19433.656,19433.656,3560,1940,0,3560
2024-09-12 09:00:00,19433.642,19467.118,19412.052,19438.81,3535,1940,0,3535
2024-09-12 10:00:00,19438.774,19440.605,19389.639,19404.857,3558,1930,0,3558
2024-09-12 11:00:00,19404.85,19404.85,19371.015,19385.752,3548,1930,0,3548
2024-09-12 12:00:00,19385.733,19385.733,19344.15,19379.44,3530,1930,0,3530
2024-09-12 13:00:00,19379.431,19379.431,19320.324,19336.67,3556,1930,0,3556
2024-09-12 14:00:00,19336.668,19336.668,19292.479,19292.479,3548,1920,0,3548
2024-09-12 15:00:00,19292.465,19293.304,19253.585,19257.21,3535,1920,0,3535
2024-09-12 16:00:00,19257.202,19279.162,19218.0,19277.055,3548,1920,0,3548
2024-09-12 17:00:00,19277.044,19438.345,19274.943,19426.328,3551,1920,0,3551
2024-09-12 18:00:00,19426.321,19532.494,19424.332,19508.208,3554,1940,0,3554
2024-09-12 19:00:00,19508.183,19609.826,19496.805,19596.495,3538,1940,0,3538
2024-09-12 20:00:00,19596.483,19649.444,19579.411,19622.182,3559,1950,0,3559
2024-09-12 21:00:00,19622.153,19623.833,19581.922,19617.897,3541,1950,0,3541
2024-09-12 22:00:00,19617.86,19658.977,19616.219,19617.015,3548,1960,0,3548
2024-09-12 23:00:00,19616.984,19616.984,19558.763,19558.763,3547,1950,0,3547
2024-09-13 00:00:00,19558.731,19558.731,19517.411,19517.411,3543,1950,0,3543
2024-09-13 01:00:00,19517.367,19536.119,19477.937,19477.937,3549,1940,0,3549
2024-09-13 02:00:00,19477.906,19477.906,19423.065,19456.063,3554,1940,0,3554
2024-09-13 03:00:00,19456.045,19481.494,19438.772,19452.733,3547,1940,0,3547
2024-09-13 04:00:00,19452.71,19457.646,19420.059,19420.059,3555,1940,0,3555
2024-09-13 05:00:00,19420.032,19420.032,19356.16,19356.16,3540,1930,0,3540
2024-09-13 06:00:00,19356.137,19356.137,19289.889,19289.889,3558,1920,0,3558
2024-09-13 07:00:00,19289.872,19289.872,19229.718,19229.718,3558,1920,0,3558
2024-09-13 08:00:00,19229.693,19274.961,19223.509,19256.607,3545,1920,0,3545
2024-09-13 09:00:00,19256.6,19302.726,19240.993,19299.733,3555,1920,0,3555
2024-09-13 10:00:00,19299.733,19299.733,19233.625,19233.625,3563,1920,0,3563
2024-09-13 11:00:00,19233.607,19290.514,19213.615,19274.435,3550,1920,0,3550
2024-09-13 12:00:00,19274.401,19320.34,19246.879,19311.753,3549,1920,0,3549
2024-09-13 13:00:00,19311.723,19352.965,19285.051,19327.286,3553,1920,0,3553
2024-09-13 14:00:00,19327.25,19401.119,19311.368,19374.862,3545,1930,0,3545
2024-09-13 15:00:00,19374.848,19374.848,19317.728,19342.793,3558,1930,0,3558
2024-09-13 16:00:00,19342.791,19362.602,19333.523,19351.442,3542,1930,0,3542
2024-09-13 17:00:00,19351.427,19382.897,19341.566,19373.768,3552,1930,0,3552
2024-09-13 18:00:00,19373.714,19422.398,19359.036,19391.995,3564,1930,0,3564
2024-09-13 19:00:00,19391.97,19406.502,19363.298,19387.705,3553,1930,0,3553
2024-09-13 20:00:00,19387.691,19387.691,19342.588,19342.588,3544,1930,0,3544
2024-09-13 21:00:00,19342.582,19379.755,19330.771,19330.771,3550,1930,0,3550
2024-09-13 22:00:00,19330.751,19419.642,19318.837,19372.414,3559,1930,0,3559
2024-09-13 23:00:00,19372.399,19451.78,19343.716,19442.246,3534,1930,0,3534
2024-09-14 00:00:00,19442.22,19499.38,19416.436,19498.22,3547,1940,0,3547
2024-09-14 01:00:00,19498.149,19554.157,19488.524,19520.012,3543,1940,0,3543
2024-09-14 02:00:00,19519.985,19519.985,19477.271,19484.239,3545,1940,0,3545
2024-09-14 03:00:00,19484.217,19552.311,19448.818,19540.298,3549,1940,0,3549
2024-09-14 04:00:00,19540.26,19540.26,19482.696,19491.565,3554,1940,0,3554
2024-09-14 05:00:00,19491.533,19522.382,19472.871,19519.513,3558,1940,0,3558
2024-09-14 06:00:00,19519.486,19526.633,19472.182,19472.182,3539,1940,0,3539
2024-09-14 07:00:00,19472.172,19487.67,19440.86,19440.86,3548,1940,0,3548
2024-09-14 08:00:00,19440.847,19493.583,19439.928,19458.649,3543,1940,0,3543
2024-09-14 09:00:00,19458.617,19482.632,19444.391,19444.391,3547,1940,0,3547
2024-09-14 10:00:00,19444.39,19444.39,19372.889,19372.889,3551,1930,0,3551
2024-09-14 11:00:00,19372.888,19378.321,19327.099,19327.099,3529,1930,0,3529
2024-09-14 12:00:00,19327.088,19327.088,19274.082,19274.082,3544,1920,0,3544
2024-09-14 13:00:00,19274.057,19274.057,19233.382,19235.818,3543,1920,0,3543
2024-09-14 14:00:00,19235.792,19303.694,19227.038,19303.665,3542,1920,0,3542
2024-09-14 15:00:00,19303.658,19398.033,19301.677,19374.667,3545,1930,0,3545
2024-09-14 16:00:00,19374.663,19380.252,19336.152,19356.729,3556,1930,0,3556
2024-09-14 17:00:00,19356.726,19460.427,19353.586,19425.72,3527,1930,0,3527
2024-09-14 18:00:00,19425.714,19425.714,19364.932,19364.932,3538,1930,0,3538
2024-09-14 19:00:00,19364.911,19374.584,19329.327,19329.327,3554,1930,0,3554
2024-09-14 20:00:00,19329.322,19405.368,19305.283,19404.875,3557,1930,0,3557
2024-09-14 21:00:00,19404.834,19404.834,19349.653,19349.653,3545,1930,0,3545
2024-09-14 22:00:00,19349.63,19379.332,19342.847,19370.087,3540,1930,0,3540
2024-09-14 23:00:00,19370.07,19404.405,19344.327,19392.847,3557,1930,0,3557
2024-09-15 00:00:00,19392.797,19445.094,19391.196,19419.993,3546,1930,0,3546
2024-09-15 01:00:00,19419.946,19419.946,19375.63,19382.956,3331,1930,0,3331
2024-09-15 02:00:00,19382.917,19440.776,19362.884,19423.888,3553,1930,0,3553
2024-09-15 03:00:00,19423.884,19439.587,19402.321,19407.142,3540,1940,0,3540
2024-09-15 04:00:00,19407.128,19427.203,19373.487,19418.813,3546,1930,0,3546
2024-09-15 05:00:00,19418.783,19418.783,19352.418,19353.264,3542,1930,0,3542
2024-09-15 06:00:00,19353.255,19404.581,19324.381,19379.675,3538,1930,0,3538
2024-09-15 07:00:00,19379.661,19478.4,19379.483,19453.183,3552,1930,0,3552
2024-09-15 08:00:00,19453.16,19496.393,19442.91,19478.384,3543,1940,0,3543
2024-09-15 09:00:00,19478.383,19493.903,19455.489,19467.474,3554,1940,0,3554
2024-09-15 10:00:00,19467.448,19467.448,19408.332,19421.339,3560,1940,0,3560
2024-09-15 11:00:00,19421.315,19476.959,19396.888,19456.979,3553,1930,0,3553
2024-09-15 12:00:00,19456.946,19569.166,19443.725,19546.008,3554,1940,0,3554
2024-09-15 13:00:00,19546.002,19546.002,19484.181,19493.92,3546,1940,0,3546
2024-09-15 14:00:00,19493.877,19584.608,19492.782,19564.703,3546,1940,0,3546
2024-09-15 15:00:00,19564.699,19589.742,19555.643,19568.136,3540,1950,0,3540
2024-09-15 16:00:00,19568.097,19668.676,19564.473,19667.014,3539,1950,0,3539
2024-09-15 17:00:00,19667.01,19674.863,19626.81,19626.81,3541,1960,0,3541
2024-09-15 18:00:00,19626.806,19662.261,19615.253,19654.879,3550,1960,0,3550
2024-09-15 19:00:00,19654.859,19709.66,19640.851,19689.538,3549,1960,0,3549
2024-09-15 20:00:00,19689.537,19725.354,19672.82,19672.82,3549,1960,0,3549
2024-09-15 21:00:00,19672.817,19701.298,19659.655,19676.621,3563,1960,0,3563
2024-09-15 22:00:00,19676.582,19759.229,19665.255,19749.346,3559,1960,0,3559
2024-09-15 23:00:00,19749.329,19778.658,19731.932,19737.907,3543,1970,0,3543
2024-09-16 00:00:00,19737.895,19737.895,19707.695,19707.695,3540,1970,0,3540
2024-09-16 01:00:00,19707.671,19707.671,19668.912,19668.912,3553,1960,0,3553
2024-09-16 02:00:00,19668.911,19673.512,19608.009,19608.009,3546,1960,0,3546
2024-09-16 03:00:00,19608.001,19608.001,19563.906,19563.906,3550,1950,0,3550
2024-09-16 04:00:00,19563.877,19571.226,19541.312,19543.023,3557,1950,0,3557
2024-09-16 05:00:00,19542.983,19577.16,19515.89,19552.369,3547,1950,0,3547
2024-09-16 06:00:00,19552.329,19590.194,19540.016,19573.627,3556,1950,0,3556
2024-09-16 07:00:00,19573.607,19634.691,19572.923,19600.831,3550,1950,0,3550
2024-09-16 08:00:00,19600.808,19613.361,19563.135,19590.117,3551,1950,0,3551
2024-09-16 09:00:00,19590.087,19615.352,19557.853,19557.853,3554,1950,0,3554
2024-09-16 10:00:00,19557.804,19557.804,19529.673,19529.673,3554,1950,0,3554
2024-09-16 11:00:00,19529.662,19615.059,19512.843,19599.12,3552,1950,0,3552
2024-09-16 12:00:00,19599.09,19686.511,19590.798,19683.134,3551,1950,0,3551
2024-09-16 13:00:00,19683.126,19683.126,19623.66,19623.66,3555,1960,0,3555
2024-09-16 14:00:00,19623.644,19623.644,19564.86,19564.86,3552,1950,0,3552
2024-09-16 15:00:00,19564.858,19566.429,19533.568,19533.568,3545,1950,0,3545
2024-09-16 16:00:00,19533.555,19552.171,19519.9,19538.133,3552,1950,0,3552
2024-09-16 17:00:00,19538.115,19538.115,19502.776,19508.25,3556,1950,0,3556
2024-09-16 18:00:00,19508.223,19508.223,19452.186,19452.186,3560,1940,0,3560
2024-09-16 19:00:00,19452.158,19478.405,19440.25,19464.59,3548,1940,0,3548
2024-09-16 20:00:00,19464.545,19464.545,19421.843,19449.37,3558,1940,0,3558
2024-09-16 21:00:00,19449.332,19457.394,19394.721,19394.721,3547,1930,0,3547
2024-09-16 22:00:00,19394.67,19406.169,19356.802,19394.758,3544,1930,0,3544
2024-09-16 23:00:00,19394.757,19427.381,19378.138,19407.063,3543,1930,0,3543
2024-09-17 00:00:00,19407.028,19445.752,19387.725,19444.15,3541,1930,0,3541
2024-09-17 01:00:00,19444.129,19484.289,19423.752,19473.454,3542,1940,0,3542
2024-09-17 02:00:00,19473.429,19495.556,19460.434,19460.434,3549,1940,0,3549
2024-09-17 03:00:00,19460.421,19502.983,19458.429,19486.984,3543,1940,0,3543
2024-09-17 04:00:00,19486.962,19525.294,19456.728,19516.371,3553,1940,0,3553
2024-09-17 05:00:00,19516.365,19516.365,19445.889,19445.889,3548,1940,0,3548
2024-09-17 06:00:00,19445.879,19496.257,19405.333,19486.633,3547,1940,0,3547
2024-09-17 07:00:00,19486.617,19515.045,19474.14,19474.14,3557,1940,0,3557
2024-09-17 08:00:00,19474.13,19514.126,19465.641,19477.542,3540,1940,0,3540
2024-09-17 09:00:00,19477.537,19477.537,19433.193,19459.484,3551,1940,0,3551
2024-09-17 10:00:00,19459.476,19459.476,19390.166,19390.166,3551,1930,0,3551
2024-09-17 11:00:00,19390.115,19417.516,19368.542,19368.542,3545,1930,0,3545
2024-09-17 12:00:00,19368.53,19405.989,19345.15,19367.993,3556,1930,0,3556
2024-09-17 13:00:00,19367.963,19367.963,19312.069,19312.069,3549,1930,0,3549
2024-09-17 14:00:00,19312.052,19331.278,19295.058,19302.75,3543,1920,0,3543
2024-09-17 15:00:00,19302.745,19398.103,19275.558,19371.662,3542,1920,0,3542
2024-09-17 16:00:00,19371.655,19472.795,19359.57,19472.782,3549,1930,0,3549
2024-09-17 17:00:00,19472.772,19546.251,19468.725,19528.486,3546,1940,0,3546
2024-09-17 18:00:00,19528.481,19528.481,19479.022,19506.904,3547,1940,0,3547
2024-09-17 19:00:00,19506.862,19574.066,19487.948,19559.726,3546,1940,0,3546
2024-09-17 20:00:00,19559.718,19559.718,19494.133,19494.133,3543,1940,0,3543
2024-09-17 21:00:00,19494.123,19568.818,19483.244,19546.38,3542,1940,0,3542
2024-09-17 22:00:00,19546.371,19590.33,19528.844,19573.963,3548,1950,0,3548
2024-09-17 23:00:00,19573.963,19573.963,19509.185,19509.185,3539,1950,0,3539
2024-09-18 00:00:00,19509.173,19529.202,19470.081,19518.525,3559,1940,0,3559
2024-09-18 01:00:00,19518.525,19518.525,19466.801,19466.801,3554,1940,0,3554
2024-09-18 02:00:00,19466.769,19505.662,19461.581,19473.226,3558,1940,0,3558
2024-09-18 03:00:00,19473.185,19487.248,19419.689,19419.689,3551,1940,0,3551
2024-09-18 04:00:00,19419.661,19419.661,19374.04,19389.708,3550,1930,0,3550
2024-09-18 05:00:00,19389.698,19546.407,19374.705,19534.592,3547,1930,0,3547
2024-09-18 06:00:00,19534.57,19534.57,19491.342,19491.342,3552,1940,0,3552
2024-09-18 07:00:00,19491.294,19595.121,19486.851,19592.673,3553,1940,0,3553
2024-09-18 08:00:00,19592.647,19602.902,19538.127,19538.127,3543,1950,0,3543
2024-09-18 09:00:00,19538.101,19538.101,19489.876,19491.341,3564,1940,0,3564
2024-09-18 10:00:00,19491.31,19536.922,19490.202,19527.513,3542,1940,0,3542
2024-09-18 11:00:00,19527.481,19527.481,19472.664,19472.664,3555,1940,0,3555
2024-09-18 12:00:00,19472.655,19650.703,19466.3,19609.36,3549,1940,0,3549
2024-09-18 13:00:00,19609.318,19609.318,19552.729,19552.729,3550,1950,0,3550
2024-09-18 14:00:00,19552.72,19639.766,19546.856,19607.034,3554,1950,0,3554
2024-09-18 15:00:00,19607.024,19607.024,19545.828,19571.269,3558,1950,0,3558
2024-09-18 16:00:00,19571.269,19598.151,19523.261,19589.548,3546,1950,0,3546
2024-09-18 17:00:00,19589.524,19589.524,19554.418,19554.418,3555,1950,0,3555
2024-09-18 18:00:00,19554.369,19564.965,19530.244,19542.848,3540,1950,0,3540
2024-09-18 19:00:00,19542.826,19580.44,19511.377,19551.203,3534,1950,0,3534
2024-09-18 20:00:00,19551.186,19616.797,19535.226,19590.552,3545,1950,0,3545
2024-09-18 21:00:00,19590.519,19629.406,19574.988,19616.098,3556,1950,0,3556
2024-09-18 22:00:00,19616.06,19616.06,19558.505,19559.886,3535,1950,0,3535
2024-09-18 23:00:00,19559.882,19560.757,19494.771,19494.771,3549,1940,0,3549
2024-09-19 00:00:00,19494.734,19568.546,19479.1,19546.291,3551,1940,0,3551
2024-09-19 01:00:00,19546.273,19563.89,19525.445,19528.827,3566,1950,0,3566
2024-09-19 02:00:00,19528.812,19566.919,19496.912,19560.806,3536,1940,0,3536
2024-09-19 03:00:00,19560.776,19572.915,19542.939,19563.219,3559,1950,0,3559
2024-09-19 04:00:00,19563.193,19563.193,19491.755,19491.755,3551,1940,0,3551
2024-09-19 05:00:00,19491.747,19550.001,19469.451,19528.345,3552,1940,0,3552
2024-09-19 06:00:00,19528.323,19586.749,19495.674,19585.872,3563,1940,0,3563
2024-09-19 07:00:00,19585.83,19707.639,19583.244,19675.474,3548,1950,0,3548
2024-09-19 08:00:00,19675.422,19689.643,19620.799,19685.878,3537,1960,0,3537
2024-09-19 09:00:00,19685.836,19698.354,19654.913,19693.386,3546,1960,0,3546
2024-09-19 10:00:00,19693.347,19783.145,19659.467,19761.54,3547,1960,0,3547
2024-09-19 11:00:00,19761.517,19772.946,19707.862,19707.862,3553,1970,0,3553
2024-09-19 12:00:00,19707.833,19829.262,19707.587,19814.149,3558,1970,0,3558
2024-09-19 13:00:00,19814.117,19819.591,19781.627,19800.652,3548,1970,0,3548
2024-09-19 14:00:00,19800.64,19800.64,19757.384,19765.687,3553,1970,0,3553
2024-09-19 15:00:00,19765.667,19796.857,19754.571,19764.36,3572,1970,0,3572
2024-09-19 16:00:00,19764.343,19892.982,19762.941,19861.67,3542,1970,0,3542
2024-09-19 17:00:00,19861.625,19861.625,19805.18,19805.18,3548,1980,0,3548
2024-09-19 18:00:00,19805.134,19818.305,19777.289,19777.289,3561,1970,0,3561
2024-09-19 19:00:00,19777.272,19843.826,19773.381,19802.391,3550,1970,0,3550
2024-09-19 20:00:00,19802.376,19836.908,19779.966,19802.55,3532,1970,0,3532
2024-09-19 21:00:00,19802.547,19844.418,19786.694,19820.343,3542,1970,0,3542
2024-09-19 22:00:00,19820.32,19820.32,19747.908,19747.908,3549,1970,0,3549
2024-09-19 23:00:00,19747.883,19769.681,19735.247,19765.29,3557,1970,0,3557
2024-09-20 00:00:00,19765.263,19952.62,19752.263,19938.591,3559,1970,0,3559
2024-09-20 01:00:00,19938.568,19938.568,19898.408,19914.911,3545,1990,0,3545
2024-09-20 02:00:00,19914.868,19914.868,19871.001,19905.574,3551,1980,0,3551
2024-09-20 03:00:00,19905.561,19992.289,19896.977,19972.213,3551,1980,0,3551
2024-09-20 04:00:00,19972.201,20015.078,19969.156,19992.121,3556,1990,0,3556
2024-09-20 05:00:00,19992.111,20029.436,19979.838,20001.003,3549,1990,0,3549
2024-09-20 06:00:00,20000.993,20037.029,19974.573,19974.573,3553,1990,0,3553
2024-09-20 07:00:00,19974.545,20060.547,19965.587,20009.775,3563,1990,0,3563
2024-09-20 08:00:00,20009.75,20039.503,20003.34,20003.34,3564,2000,0,3564
2024-09-20 09:00:00,20003.338,20090.194,19985.998,20084.391,3562,1990,0,3562
2024-09-20 10:00:00,20084.362,20099.718,20051.401,20091.55,3539,2000,0,3539
2024-09-20 11:00:00,20091.541,20091.541,20033.243,20033.243,3560,2000,0,3560
2024-09-20 12:00:00,20033.222,20091.038,20023.104,20083.323,3547,2000,0,3547
2024-09-20 13:00:00,20083.312,20085.039,20016.735,20016.735,3558,2000,0,3558
2024-09-20 14:00:00,20016.715,20035.862,19979.897,20021.488,3538,1990,0,3538
2024-09-20 15:00:00,20021.48,20039.096,19999.646,20032.222,3551,2000,0,3551
2024-09-20 16:00:00,20032.209,20032.209,19973.273,19977.441,3545,1990,0,3545
2024-09-20 17:00:00,19977.433,19997.215,19943.578,19943.578,3547,1990,0,3547
2024-09-20 18:00:00,19943.532,19976.284,19910.361,19915.464,3544,1990,0,3544
2024-09-20 19:00:00,19915.436,19944.865,19891.017,19927.819,3564,1980,0,3564
2024-09-20 20:00:00,19927.784,19970.385,19914.533,19963.429,3557,1990,0,3557
2024-09-20 21:00:00,19963.385,20024.855,19947.913,20008.883,3544,1990,0,3544
2024-09-20 22:00:00,20008.855,20024.324,19987.111,20014.872,3552,1990,0,3552
2024-09-20 23:00:00,20014.856,20023.322,19987.034,19987.034,3537,1990,0,3537
2024-09-21 00:00:00,19987.02,19987.02,19934.157,19978.805,3567,1990,0,3567
2024-09-21 01:00:00,19978.796,19985.324,19945.369,19975.906,3545,1990,0,3545
2024-09-21 02:00:00,19975.881,20042.458,19957.352,20010.424,3543,1990,0,3543
2024-09-21 03:00:00,20010.408,20016.882,19977.183,19992.69,3560,1990,0,3560
2024-09-21 04:00:00,19992.642,19992.642,19943.377,19943.377,3559,1990,0,3559
2024-09-21 05:00:00,19943.367,19944.74,19907.861,19907.861,3541,1990,0,3541
2024-09-21 06:00:00,19907.852,19926.996,19876.965,19897.182,3551,1980,0,3551
2024-09-21 07:00:00,19897.151,19897.151,19838.347,19838.347,3550,1980,0,3550
2024-09-21 08:00:00,19838.34,19892.589,19809.388,19889.821,3533,1980,0,3533
2024-09-21 09:00:00,19889.764,19924.808,19830.826,19923.232,3547,1980,0,3547
2024-09-21 10:00:00,19923.199,20007.175,19909.965,19997.91,3567,1990,0,3567
2024-09-21 11:00:00,19997.885,20034.774,19970.288,19970.288,3554,1990,0,3554
2024-09-21 12:00:00,19970.263,19970.263,19946.617,19956.23,3553,1990,0,3553
2024-09-21 13:00:00,19956.229,19983.901,19940.783,19940.783,3551,1990,0,3551
2024-09-21 14:00:00,19940.763,19940.843,19905.639,19905.639,3548,1990,0,3548
2024-09-21 15:00:00,19905.613,19908.664,19868.502,19898.506,3548,1980,0,3548
2024-09-21 16:00:00,19898.497,19922.513,19878.131,19902.911,3557,1980,0,3557
2024-09-21 17:00:00,19902.877,19911.305,19855.411,19908.202,3557,1980,0,3557
2024-09-21 18:00:00,19908.189,19908.189,19838.492,19844.894,3544,1980,0,3544
2024-09-21 19:00:00,19844.891,19921.841,19842.277,19915.034,3563,1980,0,3563
2024-09-21 20:00:00,19915.027,19915.027,19862.197,19862.197,3545,1980,0,3545
2024-09-21 21:00:00,19862.146,19920.238,19848.989,19899.863,3554,1980,0,3554
2024-09-21 22:00:00,19899.851,19923.423,19869.346,19917.056,3544,1980,0,3544
2024-09-21 23:00:00,19917.019,19917.019,19863.673,19906.835,3547,1980,0,3547
2024-09-22 00:00:00,19906.807,19937.492,19892.971,19892.971,3545,1980,0,3545
2024-09-22 01:00:00,19892.968,19892.968,19850.117,19850.117,3565,1980,0,3565
2024-09-22 02:00:00,19850.097,19882.302,19844.619,19872.244,3545,1980,0,3545
2024-09-22 03:00:00,19872.229,19872.229,19822.185,19822.185,3549,1980,0,3549
2024-09-22 04:00:00,19822.166,19825.522,19766.545,19766.545,3557,1970,0,3557
2024-09-22 05:00:00,19766.525,19826.54,19746.57,19794.016,3547,1970,0,3547
2024-09-22 06:00:00,19794.01,19810.527,19762.736,19766.85,3550,1970,0,3550
2024-09-22 07:00:00,19766.848,19773.905,19719.414,19754.853,3537,1970,0,3537
2024-09-22 08:00:00,19754.78,19754.78,19684.941,19684.941,3552,1960,0,3552
2024-09-22 09:00:00,19684.928,19748.757,19677.425,19720.11,3546,1960,0,3546
2024-09-22 10:00:00,19720.086,19729.679,19690.803,19714.689,3549,1960,0,3549
2024-09-22 11:00:00,19714.641,19717.087,19682.458,19709.844,3549,1960,0,3549
2024-09-22 12:00:00,19709.829,19781.686,19690.636,19756.347,3558,1960,0,3558
2024-09-22 13:00:00,19756.326,19767.94,19719.347,19719.347,3538,1970,0,3538
2024-09-22 14:00:00,19719.308,19746.065,19706.0,19709.044,3545,1970,0,3545
2024-09-22 15:00:00,19709.008,19709.008,19640.183,19640.183,3544,1960,0,3544
2024-09-22 16:00:00,19640.163,19656.205,19601.461,19624.295,3559,1960,0,3559
2024-09-22 17:00:00,19624.261,19624.261,19553.718,19553.718,3537,1950,0,3537
2024-09-22 18:00:00,19553.714,19553.714,19498.824,19498.824,3554,1950,0,3554
2024-09-22 19:00:00,19498.781,19548.821,19491.321,19537.265,3540,1940,0,3540
2024-09-22 20:00:00,19537.237,19571.327,19523.72,19523.72,3551,1950,0,3551
2024-09-22 21:00:00,19523.704,19524.233,19484.731,19485.156,3548,1940,0,3548
2024-09-22 22:00:00,19485.128,19485.128,19420.194,19420.194,3550,1940,0,3550
2024-09-22 23:00:00,19420.184,19445.506,19403.522,19403.522,3549,1940,0,3549
2024-09-23 00:00:00,19403.495,19420.723,19380.359,19380.359,3543,1930,0,3543
2024-09-23 01:00:00,19380.337,19435.076,19362.451,19422.984,3551,1930,0,3551
2024-09-23 02:00:00,19422.952,19512.881,19382.932,19512.344,3548,1930,0,3548
2024-09-23 03:00:00,19512.329,19631.506,19507.68,19605.978,3549,1950,0,3549
2024-09-23 04:00:00,19605.977,19610.327,19567.707,19606.381,3565,1950,0,3565
2024-09-23 05:00:00,19606.365,19702.102,19577.334,19698.73,3555,1950,0,3555
2024-09-23 06:00:00,19698.706,19706.179,19670.469,19671.271,3550,1960,0,3550
2024-09-23 07:00:00,19671.255,19701.45,19652.147,19676.698,3545,1960,0,3545
2024-09-23 08:00:00,19676.695,19676.695,19619.545,19642.592,3542,1960,0,3542
2024-09-23 09:00:00,19642.553,19656.277,19618.598,19618.598,3541,1960,0,3541
2024-09-23 10:00:00,19618.591,19618.591,19558.973,19558.973,3549,1950,0,3549
2024-09-23 11:00:00,19558.954,19558.954,19524.946,19525.027,3538,1950,0,3538
2024-09-23 12:00:00,19525.024,19546.392,19489.503,19489.503,3563,1940,0,3563
2024-09-23 13:00:00,19489.477,19490.358,19448.849,19472.918,3552,1940,0,3552
2024-09-23 14:00:00,19472.891,19472.891,19422.516,19428.685,3555,1940,0,3555
2024-09-23 15:00:00,19428.674,19428.674,19363.35,19363.35,3529,1930,0,3529
2024-09-23 16:00:00,19363.34,19363.34,19292.503,19292.503,3554,1920,0,3554
2024-09-23 17:00:00,19292.497,19378.783,19280.452,19369.431,3547,1920,0,3547
2024-09-23 18:00:00,19369.43,19386.227,19344.502,19365.797,3556,1930,0,3556
2024-09-23 19:00:00,19365.797,19466.538,19361.48,19428.566,3560,1930,0,3560
2024-09-23 20:00:00,19428.561,19459.185,19412.185,19441.865,3556,1940,0,3556
2024-09-23 21:00:00,19441.834,19447.728,19399.207,19447.536,3551,1940,0,3551
2024-09-23 22:00:00,19447.511,19447.511,19379.494,19379.494,3531,1930,0,3531
2024-09-23 23:00:00,19379.473,19384.324,19338.091,19338.091,3549,1930,0,3549
2024-09-24 00:00:00,19338.091,19338.388,19289.538,19317.973,3550,1920,0,3550
2024-09-24 01:00:00,19317.966,19317.966,19264.544,19264.544,3550,1920,0,3550
2024-09-24 02:00:00,19264.516,19289.02,19232.977,19274.441,3553,1920,0,3553
2024-09-24 03:00:00,19274.415,19388.339,19272.315,19354.958,3551,1920,0,3551
2024-09-24 04:00:00,19354.943,19504.001,19350.078,19482.91,3543,1930,0,3543
2024-09-24 05:00:00,19482.898,19490.96,19450.11,19459.96,3556,1940,0,3556
2024-09-24 06:00:00,19459.929,19477.872,19436.94,19442.579,3545,1940,0,3545
2024-09-24 07:00:00,19442.548,19478.622,19431.807,19431.807,3543,1940,0,3543
2024-09-24 08:00:00,19431.796,19431.796,19398.129,19398.129,3558,1940,0,3558
2024-09-24 09:00:00,19398.11,19460.541,19386.044,19422.284,3550,1930,0,3550
2024-09-24 10:00:00,19422.25,19436.343,19386.034,19430.943,3554,1930,0,3554
2024-09-24 11:00:00,19430.927,19491.046,19402.251,19488.693,3553,1940,0,3553
2024-09-24 12:00:00,19488.664,19497.492,19434.759,19434.759,3550,1940,0,3550
2024-09-24 13:00:00,19434.739,19434.739,19373.168,19373.168,3542,1930,0,3542
2024-09-24 14:00:00,19373.16,19439.451,19368.171,19390.669,3552,1930,0,3552
2024-09-24 15:00:00,19390.64,19435.699,19378.521,19428.95,3557,1930,0,3557
2024-09-24 16:00:00,19428.914,19429.717,19378.506,19378.506,3552,1930,0,3552
2024-09-24 17:00:00,19378.477,19482.277,19350.913,19475.962,3543,1930,0,3543
2024-09-24 18:00:00,19475.92,19564.78,19454.096,19537.021,3544,1940,0,3544
2024-09-24 19:00:00,19537.02,19557.51,19498.988,19498.988,3544,1940,0,3544
2024-09-24 20:00:00,19498.986,19539.505,19485.584,19505.778,3547,1940,0,3547
2024-09-24 21:00:00,19505.763,19562.448,19484.098,19561.154,3564,1940,0,3564
2024-09-24 22:00:00,19561.13,19561.13,19490.337,19490.337,3540,1940,0,3540
2024-09-24 23:00:00,19490.317,19490.317,19436.511,19451.471,3547,1940,0,3547
2024-09-25 00:00:00,19451.432,19484.3425,19417.578,19467.8865,3568,1940,0,3568
2024-09-25 01:00:00,19467.8765,19467.8765,19405.4435,19420.109,3569,8000,0,3569
2024-09-25 02:00:00,19420.089,19425.859,19380.619,19409.887,3554,8000,0,3554
2024-09-25 03:00:00,19409.868,19425.256,19391.279,19391.279,3567,8000,0,3567
2024-09-25 04:00:00,19391.261,19391.261,19326.6055,19326.6055,3577,8000,0,3577
2024-09-25 05:00:00,19326.5545,19444.8375,19325.1075,19435.023,3531,1950,0,3531
2024-09-25 06:00:00,19375.437,19375.437,19375.217,19375.217,14,1930,0,14
2024-09-25 07:00:00,19375.199,19375.199,19337.564,19354.204,3548,1930,0,3548
2024-09-25 08:00:00,19354.178,19474.036,19348.983,19466.388,3546,1930,0,3546
2024-09-25 09:00:00,19466.341,19471.926,19435.916,19458.153,3547,1940,0,3547
2024-09-25 10:00:00,19458.141,19458.141,19385.192,19385.192,3554,1930,0,3554
2024-09-25 11:00:00,19385.179,19434.813,19369.735,19419.479,3556,1930,0,3556
2024-09-25 12:00:00,19419.444,19467.271,19408.275,19453.936,3556,1940,0,3556
2024-09-25 13:00:00,19453.914,19453.914,19402.091,19410.479,3533,1940,0,3533
2024-09-25 14:00:00,19410.461,19433.558,19387.812,19392.212,3542,1930,0,3542
2024-09-25 15:00:00,19392.191,19440.25,19356.631,19439.111,3562,1930,0,3562
2024-09-25 16:00:00,19439.087,19486.958,19428.72,19450.109,3536,1940,0,3536
2024-09-25 17:00:00,19450.091,19493.024,19450.048,19488.048,3552,1940,0,3552
2024-09-25 18:00:00,19488.032,19556.819,19486.335,19518.882,3539,1940,0,3539
2024-09-25 19:00:00,19518.881,19552.576,19503.933,19503.933,3542,1950,0,3542
2024-09-25 20:00:00,19503.91,19591.93,19501.244,19586.867,3548,1950,0,3548
2024-09-25 21:00:00,19586.834,19631.335,19576.337,19630.479,3557,1950,0,3557
2024-09-25 22:00:00,19630.47,19630.47,19592.184,19622.502,3535,1950,0,3535
2024-09-25 23:00:00,19622.466,19648.56,19609.107,19609.107,3543,1960,0,3543
2024-09-26 00:00:00,19609.096,19675.401,19604.757,19628.088,3547,1960,0,3547
2024-09-26 01:00:00,19628.084,19680.798,19622.799,19641.896,3551,1960,0,3551
2024-09-26 02:00:00,19641.854,19641.854,19597.956,19619.328,3552,1950,0,3552
2024-09-26 03:00:00,19619.312,19670.122,19596.838,19658.286,3560,1950,0,3560
2024-09-26 04:00:00,19658.283,19740.618,19657.195,19723.68,3549,1960,0,3549
2024-09-26 05:00:00,19723.678,19728.277,19696.808,19704.308,3545,1960,0,3545
2024-09-26 06:00:00,19704.268,19721.937,19680.332,19680.332,3550,1960,0,3550
2024-09-26 07:00:00,19680.323,19774.902,19668.142,19749.536,3544,1960,0,3544
2024-09-26 08:00:00,19749.534,19774.297,19715.507,19756.167,3557,1970,0,3557
2024-09-26 09:00:00,19756.137,19768.565,19729.928,19751.369,3561,1970,0,3561
2024-09-26 10:00:00,19751.364,19838.588,19716.755,19829.978,3535,1970,0,3535
2024-09-26 11:00:00,19829.958,19920.581,19815.21,19913.25,3561,1980,0,3561
2024-09-26 12:00:00,19913.22,19940.441,19899.511,19904.547,3551,1990,0,3551
2024-09-26 13:00:00,19904.528,20012.411,19898.077,19964.648,3540,1990,0,3540
2024-09-26 14:00:00,19964.615,19964.615,19934.304,19949.601,3549,1990,0,3549
2024-09-26 15:00:00,19949.579,19949.579,19877.607,19877.607,3551,1980,0,3551
2024-09-26 16:00:00,19877.606,19933.763,19853.702,19927.277,3539,1980,0,3539
2024-09-26 17:00:00,19927.251,19927.251,19893.367,19900.816,3552,1980,0,3552
2024-09-26 18:00:00,19900.803,19942.999,19889.31,19914.57,3542,1980,0,3542
2024-09-26 19:00:00,19914.536,19914.536,19860.844,19860.844,3546,1980,0,3546
2024-09-26 20:00:00,19860.82,19863.942,19805.333,19805.333,3559,1980,0,3559
2024-09-26 21:00:00,19805.324,19805.324,19755.716,19784.814,3543,1970,0,3543
2024-09-26 22:00:00,19784.791,19864.595,19759.941,19855.442,3557,1970,0,3557
2024-09-26 23:00:00,19855.431,19927.27,19828.796,19926.347,3542,1980,0,3542
2024-09-27 00:00:00,19926.329,19979.211,19901.702,19965.37,3559,1990,0,3559
2024-09-27 01:00:00,19965.352,19965.352,19906.174,19906.174,3555,1990,0,3555
2024-09-27 02:00:00,19906.168,19958.093,19894.999,19953.215,3532,1980,0,3532
2024-09-27 03:00:00,19953.155,19989.786,19927.28,19931.908,3539,1990,0,3539
2024-09-27 04:00:00,19931.903,19963.146,19931.545,19931.716,3548,1990,0,3548
2024-09-27 05:00:00,19931.678,19975.444,19921.754,19947.974,3541,1990,0,3541
2024-09-27 06:00:00,19947.974,20063.202,19933.831,20036.927,3545,1990,0,3545
2024-09-27 07:00:00,20036.878,20068.437,20008.516,20035.037,3551,2000,0,3551
2024-09-27 08:00:00,20035.014,20046.656,20007.234,20034.524,3548,2000,0,3548
2024-09-27 09:00:00,20034.488,20053.699,19995.81,20036.667,3558,1990,0,3558
2024-09-27 10:00:00,20036.659,20040.35,19995.093,20018.31,3541,1990,0,3541
2024-09-27 11:00:00,20018.278,20032.703,19980.901,19980.901,3552,1990,0,3552
2024-09-27 12:00:00,19980.897,20054.816,19970.306,20023.927,3541,1990,0,3541
2024-09-27 13:00:00,20023.897,20025.902,19976.154,19976.154,3550,1990,0,3550
2024-09-27 14:00:00,19976.137,20041.274,19972.377,20017.059,3556,1990,0,3556
2024-09-27 15:00:00,20017.055,20106.243,20011.059,20049.36,3543,2000,0,3543
2024-09-27 16:00:00,20049.341,20122.972,20042.629,20073.162,3554,2000,0,3554
2024-09-27 17:00:00,20073.157,20154.767,20067.999,20132.836,3551,2000,0,3551
2024-09-27 18:00:00,20132.793,20155.714,20114.97,20126.893,3563,2010,0,3563
2024-09-27 19:00:00,20126.886,20146.717,20086.873,20086.873,3550,2000,0,3550
2024-09-27 20:00:00,20086.854,20087.301,20039.473,20039.473,3541,2000,0,3541
2024-09-27 21:00:00,20039.454,20039.454,19967.059,19967.059,3543,1990,0,3543
2024-09-27 22:00:00,19967.049,20040.065,19932.868,20031.541,3547,1990,0,3547
2024-09-27 23:00:00,20031.519,20031.519,19968.118,19973.19,3555,1990,0,3555
2024-09-28 00:00:00,19973.177,19976.408,19945.335,19945.335,3558,1990,0,3558
2024-09-28 01:00:00,19945.28,19945.28,19884.239,19884.239,3558,1980,0,3558
2024-09-28 02:00:00,19884.233,19903.177,19873.821,19884.595,3562,1980,0,3562
2024-09-28 03:00:00,19884.583,19924.345,19865.203,19913.471,3563,1980,0,3563
2024-09-28 04:00:00,19913.455,19927.502,19884.167,19910.608,3556,1980,0,3556
2024-09-28 05:00:00,19910.591,19921.186,19854.641,19854.641,3554,1980,0,3554
2024-09-28 06:00:00,19854.624,19885.308,19842.982,19858.576,3562,1980,0,3562
2024-09-28 07:00:00,19858.565,19883.745,19825.165,19857.074,3539,1980,0,3539
2024-09-28 08:00:00,19857.071,19857.071,19820.067,19820.067,3544,1980,0,3544
2024-09-28 09:00:00,19820.056,19864.678,19813.554,19849.633,3558,1980,0,3558
2024-09-28 10:00:00,19849.608,19849.608,19783.956,19783.956,3540,1970,0,3540
2024-09-28 11:00:00,19783.917,19856.596,19762.414,19845.691,3549,1970,0,3549
2024-09-28 12:00:00,19845.682,19845.682,19802.412,19811.622,3544,1980,0,3544
2024-09-28 13:00:00,19811.606,19828.437,19796.44,19809.897,3554,1970,0,3554
2024-09-28 14:00:00,19809.895,19809.895,19757.043,19757.043,3548,1970,0,3548
2024-09-28 15:00:00,19757.032,19781.619,19739.012,19747.99,3543,1970,0,3543
2024-09-28 16:00:00,19747.988,19755.025,19705.897,19705.897,3549,1970,0,3549
2024-09-28 17:00:00,19705.89,19732.724,19682.899,19682.899,3545,1960,0,3545
2024-09-28 18:00:00,19682.873,19720.8,19666.612,19718.206,3556,1960,0,3556
2024-09-28 19:00:00,19718.201,19747.564,19703.155,19746.605,3542,1970,0,3542
2024-09-28 20:00:00,19746.575,19746.575,19675.693,19675.693,3557,1960,0,3557
2024-09-28 21:00:00,19675.684,19697.997,19660.811,19660.811,3545,1960,0,3545
2024-09-28 22:00:00,19660.781,19671.757,19617.74,19651.741,3541,1960,0,3541
2024-09-28 23:00:00,19651.729,19655.236,19595.969,19641.755,3552,1950,0,3552
2024-09-29 00:00:00,19641.739,19683.355,19632.624,19668.948,3542,1960,0,3542
2024-09-29 01:00:00,19668.911,19679.922,19628.817,19677.594,3554,1960,0,3554
2024-09-29 02:00:00,19677.576,19677.576,19632.756,19632.756,3554,1960,0,3554
2024-09-29 03:00:00,19632.748,19632.748,19579.996,19595.49,3552,1950,0,3552
2024-09-29 04:00:00,19595.482,19631.846,19577.511,19591.484,3548,1950,0,3548
2024-09-29 05:00:00,19591.453,19591.453,19522.581,19522.581,3558,1950,0,3558
2024-09-29 06:00:00,19522.578,19573.836,19516.383,19568.812,3546,1950,0,3546
2024-09-29 07:00:00,19568.805,19647.047,19559.135,19625.012,3543,1950,0,3543
2024-09-29 08:00:00,19624.986,19624.986,19584.564,19584.564,3547,1950,0,3547
2024-09-29 09:00:00,19584.556,19584.556,19520.146,19520.146,3541,1950,0,3541
2024-09-29 10:00:00,19520.12,19520.12,19459.234,19460.676,3552,1940,0,3552
2024-09-29 11:00:00,19460.667,19508.298,19433.119,19479.082,3554,1940,0,3554
2024-09-29 12:00:00,19479.064,19479.064,19428.138,19467.839,3556,1940,0,3556
2024-09-29 13:00:00,19467.832,19509.272,19428.057,19498.84,3540,1940,0,3540
2024-09-29 14:00:00,19498.831,19512.904,19460.213,19511.142,3557,1940,0,3557
2024-09-29 15:00:00,19511.13,19512.029,19483.078,19489.877,3539,1940,0,3539
2024-09-29 16:00:00,19489.845,19490.581,19453.543,19453.543,3543,1940,0,3543
2024-09-29 17:00:00,19453.502,19458.685,19425.427,19439.563,3543,1940,0,3543
2024-09-29 18:00:00,19439.533,19439.533,19374.718,19404.677,3558,1930,0,3558
2024-09-29 19:00:00,19404.644,19404.644,19339.619,19339.619,3544,1930,0,3544
2024-09-29 20:00:00,19339.604,19339.604,19284.109,19322.349,3547,1920,0,3547
2024-09-29 21:00:00,19322.325,19343.932,19311.588,19328.861,3556,1930,0,3556
2024-09-29 22:00:00,19328.827,19328.827,19271.361,19294.772,3548,1920,0,3548
2024-09-29 23:00:00,19294.721,19333.232,19279.412,19305.093,3546,1920,0,3546
2024-09-30 00:00:00,19305.065,19348.639,19302.556,19341.08,3556,1930,0,3556
2024-09-30 01:00:00,19341.075,19376.476,19332.362,19332.362,3553,1930,0,3553
2024-09-30 02:00:00,19332.336,19360.904,19316.505,19343.389,3540,1930,0,3540
2024-09-30 03:00:00,19343.381,19382.31,19332.707,19332.707,3558,1930,0,3558
2024-09-30 04:00:00,19332.682,19339.733,19299.374,19310.984,3555,1930,0,3555
2024-09-30 05:00:00,19310.952,19347.301,19306.542,19332.627,3554,1930,0,3554
2024-09-30 06:00:00,19332.597,19332.597,19287.798,19287.798,3546,1920,0,3546
2024-09-30 07:00:00,19287.798,19327.289,19265.021,19316.416,3548,1920,0,3548
2024-09-30 08:00:00,19316.394,19407.133,19308.203,19348.856,3545,1930,0,3545
2024-09-30 09:00:00,19348.855,19364.259,19327.413,19346.352,3534,1930,0,3534
2024-09-30 10:00:00,19346.345,19346.345,19302.016,19302.016,3552,1930,0,3552
2024-09-30 11:00:00,19301.977,19301.977,19262.523,19264.827,3536,1920,0,3536
2024-09-30 12:00:00,19264.816,19279.688,19219.388,19219.388,3553,1920,0,3553
2024-09-30 13:00:00,19219.382,19291.422,19212.62,19275.905,3557,1920,0,3557
2024-09-30 14:00:00,19275.887,19302.595,19251.57,19275.839,3537,1920,0,3537
2024-09-30 15:00:00,19275.823,19292.046,19248.489,19283.534,3546,1920,0,3546
2024-09-30 16:00:00,19283.527,19283.527,19213.019,19213.019,3555,1920,0,3555
2024-09-30 17:00:00,19213.018,19213.018,19142.299,19142.299,3542,1910,0,3542
2024-09-30 18:00:00,19142.266,19142.266,19100.4,19108.1,3545,1910,0,3545
2024-09-30 19:00:00,19108.095,19145.157,19087.891,19130.661,3554,1900,0,3554
2024-09-30 20:00:00,19130.619,19186.592,19124.391,19152.241,3552,1910,0,3552
2024-09-30 21:00:00,19152.236,19172.773,19115.573,19122.622,3545,1910,0,3545
2024-09-30 22:00:00,19122.605,19142.239,19076.527,19076.527,3557,1900,0,3557
2024-09-30 23:00:00,19076.508,19135.353,19058.178,19110.766,3548,1900,0,3548
2024-10-01 00:00:00,19110.761,19193.491,19107.128,19162.065,3548,1910,0,3548
2024-10-01 01:00:00,19162.049,19162.049,19094.318,19094.318,3552,1900,0,3552
2024-10-01 02:00:00,19094.313,19136.881,19091.364,19096.941,3543,1900,0,3543
2024-10-01 03:00:00,19096.931,19127.375,19088.441,19100.265,3534,1900,0,3534
2024-10-01 04:00:00,19100.246,19100.246,19059.592,19059.592,3542,1900,0,3542
2024-10-01 05:00:00,19059.557,19059.557,19016.426,19047.641,3543,1900,0,3543
2024-10-01 06:00:00,19047.639,19063.275,19023.602,19034.348,3543,1900,0,3543
2024-10-01 07:00:00,19034.305,19034.305,18990.776,18992.418,3543,1890,0,3543
2024-10-01 08:00:00,18992.413,19042.117,18974.815,18996.885,3562,1890,0,3562
2024-10-01 09:00:00,18996.856,18996.856,18949.947,18991.457,3550,1890,0,3550
2024-10-01 10:00:00,18991.457,19024.003,18976.664,18996.326,3550,1890,0,3550
2024-10-01 11:00:00,18996.32,19044.273,18987.489,19037.063,3557,1890,0,3557
2024-10-01 12:00:00,19037.051,19083.66,19034.196,19046.87,3541,1900,0,3541
2024-10-01 13:00:00,19046.861,19046.861,19006.706,19026.506,3553,1900,0,3553
2024-10-01 14:00:00,19026.481,19026.481,18971.964,18971.964,3552,1890,0,3552
2024-10-01 15:00:00,18971.934,19031.535,18965.211,18992.435,3548,1890,0,3548
2024-10-01 16:00:00,18992.424,19067.139,18984.636,19033.773,3545,1890,0,3545
2024-10-01 17:00:00,19033.767,19035.578,18996.71,19026.874,3538,1890,0,3538
2024-10-01 18:00:00,19026.852,19086.308,19011.653,19037.944,3552,1900,0,3552
2024-10-01 19:00:00,19037.921,19070.76,19017.623,19068.494,3545,1900,0,3545
2024-10-01 20:00:00,19068.474,19068.474,19017.398,19024.326,3552,1900,0,3552
2024-10-01 21:00:00,19024.316,19043.891,19007.552,19007.552,3564,1900,0,3564
2024-10-01 22:00:00,19007.531,19067.511,18999.909,19028.616,3546,1900,0,3546
2024-10-01 23:00:00,19028.592,19028.592,18995.095,19010.607,3550,1890,0,3550
2024-10-02 00:00:00,19010.563,19063.699,18967.283,19057.716,3555,1890,0,3555
2024-10-02 01:00:00,19057.677,19065.406,19033.447,19037.723,3545,1900,0,3545
2024-10-02 02:00:00,19037.668,19163.387,19037.454,19157.4,3543,1900,0,3543
2024-10-02 03:00:00,19157.392,19168.625,19116.966,19116.966,3545,1910,0,3545
2024-10-02 04:00:00,19116.931,19116.931,19078.493,19096.6,3559,1900,0,3559
2024-10-02 05:00:00,19096.576,19103.608,19068.281,19074.452,3538,1900,0,3538
2024-10-02 06:00:00,19074.425,19139.85,19058.412,19105.415,3540,1900,0,3540
2024-10-02 07:00:00,19105.401,19125.966,19075.555,19098.765,3540,1900,0,3540
2024-10-02 08:00:00,19098.731,19129.895,19079.082,19098.132,3545,1900,0,3545
2024-10-02 09:00:00,19098.081,19198.981,19055.939,19186.673,3556,1900,0,3556
2024-10-02 10:00:00,19186.663,19186.663,19140.241,19157.868,3562,1910,0,3562
2024-10-02 11:00:00,19157.839,19157.839,19101.751,19101.751,3551,1910,0,3551
2024-10-02 12:00:00,19101.74,19101.74,19057.278,19057.278,3544,1900,0,3544
2024-10-02 13:00:00,19057.259,19082.206,19038.13,19038.13,3547,1900,0,3547
2024-10-02 14:00:00,19038.091,19089.215,19008.381,19081.318,3547,1900,0,3547
2024-10-02 15:00:00,19081.311,19118.545,19068.002,19118.37,3547,1900,0,3547
2024-10-02 16:00:00,19118.341,19140.207,19075.69,19124.973,3549,1900,0,3549
2024-10-02 17:00:00,19124.963,19124.963,19074.485,19074.485,3534,1900,0,3534
2024-10-02 18:00:00,19074.48,19098.263,19037.803,19093.638,3549,1900,0,3549
2024-10-02 19:00:00,19093.625,19093.625,19058.431,19064.092,3563,1900,0,3563
2024-10-02 20:00:00,19064.092,19089.161,19018.256,19088.902,3537,1900,0,3537
2024-10-02 21:00:00,19088.898,19088.898,19047.164,19078.46,3545,1900,0,3545
2024-10-02 22:00:00,19078.444,19125.651,19072.238,19102.56,3552,1900,0,3552
2024-10-02 23:00:00,19102.528,19148.267,19097.02,19115.91,3551,1900,0,3551
2024-10-03 00:00:00,19115.894,19125.057,19094.447,19094.447,3551,1900,0,3551
2024-10-03 01:00:00,19094.446,19094.446,19056.438,19075.408,3553,1900,0,3553
2024-10-03 02:00:00,19075.388,19177.993,19069.365,19145.701,3551,1900,0,3551
2024-10-03 03:00:00,19145.663,19166.71,19100.797,19100.797,3546,1910,0,3546
2024-10-03 04:00:00,19100.787,19113.28,19068.247,19101.024,3551,1900,0,3551
2024-10-03 05:00:00,19101.015,19101.015,19045.832,19045.832,3553,1900,0,3553
2024-10-03 06:00:00,19045.816,19065.134,19021.447,19022.413,3543,1900,0,3543
2024-10-03 07:00:00,19022.378,19022.378,18977.887,18977.887,3547,1890,0,3547
2024-10-03 08:00:00,18977.882,19004.267,18945.364,18987.738,3554,1890,0,3554
2024-10-03 09:00:00,18987.706,19003.096,18954.299,18954.299,3552,1890,0,3552
2024-10-03 10:00:00,18954.274,18968.752,18931.547,18935.422,3541,1890,0,3541
2024-10-03 11:00:00,18935.401,18939.248,18904.16,18918.57,3549,1890,0,3549
2024-10-03 12:00:00,18918.525,19027.774,18905.035,19016.615,3550,1890,0,3550
2024-10-03 13:00:00,19016.581,19018.125,18985.535,18990.639,3548,1890,0,3548
2024-10-03 14:00:00,18990.625,18990.625,18939.588,18939.588,3552,1890,0,3552
2024-10-03 15:00:00,18939.58,18939.58,18881.359,18905.096,3556,1880,0,3556
2024-10-03 16:00:00,18905.083,18923.858,18858.099,18858.099,3552,1880,0,3552
2024-10-03 17:00:00,18858.098,18870.596,18832.593,18858.551,3552,1880,0,3552
2024-10-03 18:00:00,18858.514,18858.514,18791.028,18791.028,3564,1870,0,3564
2024-10-03 19:00:00,18791.007,18842.029,18775.276,18835.328,3555,1870,0,3555
2024-10-03 20:00:00,18835.29,18892.95,18817.549,18882.826,3561,1880,0,3561
2024-10-03 21:00:00,18882.814,18884.14,18833.699,18864.682,3543,1880,0,3543
2024-10-03 22:00:00,18864.639,18864.639,18813.395,18813.395,3547,1880,0,3547
2024-10-03 23:00:00,18813.381,18817.562,18778.472,18778.472,3548,1870,0,3548
2024-10-04 00:00:00,18778.452,18810.335,18757.947,18780.201,3551,1870,0,3551
2024-10-04 01:00:00,18780.173,18780.173,18737.866,18761.169,3543,1870,0,3543
2024-10-04 02:00:00,18761.138,18834.815,18753.655,18806.514,3555,1870,0,3555
2024-10-04 03:00:00,18806.485,18806.485,18744.013,18765.05,3550,1870,0,3550
2024-10-04 04:00:00,18765.044,18765.044,18731.024,18738.504,3556,1870,0,3556
2024-10-04 05:00:00,18738.5,18864.053,18712.889,18861.556,3548,1870,0,3548
2024-10-04 06:00:00,18861.555,18868.864,18803.495,18803.495,3548,1880,0,3548
2024-10-04 07:00:00,18803.465,18839.348,18789.896,18822.378,3547,1870,0,3547
2024-10-04 08:00:00,18822.351,18830.931,18786.279,18816.649,3552,1870,0,3552
2024-10-04 09:00:00,18816.647,18816.647,18751.469,18751.469,3538,1870,0,3538
2024-10-04 10:00:00,18751.447,18751.447,18687.065,18687.065,3544,1860,0,3544
2024-10-04 11:00:00,18687.031,18687.986,18636.01,18636.01,3555,1860,0,3555
2024-10-04 12:00:00,18635.998,18652.551,18607.962,18614.128,3551,1860,0,3551
2024-10-04 13:00:00,18614.099,18614.128,18556.2,18584.978,3541,1850,0,3541
2024-10-04 14:00:00,18584.971,18614.407,18573.096,18582.576,3539,1850,0,3539
2024-10-04 15:00:00,18582.56,18608.194,18555.709,18596.076,3542,1850,0,3542
2024-10-04 16:00:00,18596.073,18631.54,18571.228,18627.047,3558,1850,0,3558
2024-10-04 17:00:00,18627.03,18631.134,18599.928,18599.928,3543,1860,0,3543
2024-10-04 18:00:00,18599.914,18631.821,18591.173,18621.825,3555,1850,0,3555
2024-10-04 19:00:00,18621.789,18645.31,18599.52,18617.57,3555,1860,0,3555
2024-10-04 20:00:00,18617.551,18695.01,18612.052,18675.504,3535,1860,0,3535
2024-10-04 21:00:00,18675.474,18693.093,18641.598,18682.518,3554,1860,0,3554
2024-10-04 22:00:00,18682.492,18683.407,18651.908,18651.908,3534,1860,0,3534
2024-10-04 23:00:00,18651.891,18663.483,18601.241,18601.241,3545,1860,0,3545
2024-10-05 00:00:00,18601.218,18656.86,18598.879,18600.128,3554,1860,0,3554
2024-10-05 01:00:00,18600.099,18600.099,18558.854,18558.854,3557,1850,0,3557
2024-10-05 02:00:00,18558.825,18616.067,18557.361,18569.558,3543,1850,0,3543
2024-10-05 03:00:00,18569.525,18580.751,18546.617,18546.617,3546,1850,0,3546
2024-10-05 04:00:00,18546.566,18546.566,18490.529,18511.904,3545,1840,0,3545
2024-10-05 05:00:00,18511.899,18531.793,18480.384,18480.384,3552,1840,0,3552
2024-10-05 06:00:00,18480.371,18502.96,18445.544,18445.544,3549,1840,0,3549
2024-10-05 07:00:00,18445.515,18476.318,18435.529,18453.973,3547,1840,0,3547
2024-10-05 08:00:00,18453.949,18453.949,18424.204,18432.955,3553,1840,0,3553
2024-10-05 09:00:00,18432.936,18541.62,18426.393,18526.517,3538,1840,0,3538
2024-10-05 10:00:00,18526.506,18549.338,18508.433,18525.482,3543,1850,0,3543
2024-10-05 11:00:00,18525.466,18550.269,18501.021,18535.081,3547,1850,0,3547
2024-10-05 12:00:00,18535.064,18535.214,18472.582,18472.582,3541,1840,0,3541
2024-10-05 13:00:00,18472.573,18485.594,18431.418,18431.418,3536,1840,0,3536
2024-10-05 14:00:00,18431.381,18431.381,18384.021,18403.969,3547,1830,0,3547
2024-10-05 15:00:00,18403.962,18403.962,18342.347,18342.347,3542,1830,0,3542
2024-10-05 16:00:00,18342.291,18342.291,18276.736,18276.736,3551,1820,0,3551
2024-10-05 17:00:00,18276.698,18276.698,18211.333,18211.333,3541,1820,0,3541
2024-10-05 18:00:00,18211.313,18231.942,18190.451,18220.8,3546,1810,0,3546
2024-10-05 19:00:00,18220.78,18273.104,18205.556,18234.362,3547,1820,0,3547
2024-10-05 20:00:00,18234.341,18234.341,18176.68,18176.68,3539,1810,0,3539
2024-10-05 21:00:00,18176.665,18176.665,18128.471,18144.386,3559,1810,0,3559
2024-10-05 22:00:00,18144.362,18153.349,18120.719,18144.696,3555,1810,0,3555
2024-10-05 23:00:00,18144.685,18144.685,18095.91,18143.105,3546,1800,0,3546
2024-10-06 00:00:00,18143.082,18143.082,18089.718,18107.571,3550,1800,0,3550
2024-10-06 01:00:00,18107.563,18143.938,18096.937,18130.368,3540,1800,0,3540
2024-10-06 02:00:00,18130.356,18135.822,18108.216,18116.881,3546,1810,0,3546
2024-10-06 03:00:00,18116.873,18181.204,18114.642,18155.715,3545,1810,0,3545
2024-10-06 04:00:00,18155.692,18165.565,18129.764,18132.326,3526,1810,0,3526
2024-10-06 05:00:00,18132.314,18157.186,18127.128,18127.128,3544,1810,0,3544
2024-10-06 06:00:00,18127.075,18190.17,18099.577,18180.372,3549,1810,0,3549
2024-10-06 07:00:00,18180.345,18222.118,18164.991,18197.997,3549,1810,0,3549
2024-10-06 08:00:00,18197.961,18197.961,18132.16,18132.16,3551,1810,0,3551
2024-10-06 09:00:00,18132.126,18169.018,18115.939,18165.188,3550,1810,0,3550
2024-10-06 10:00:00,18165.176,18173.894,18133.347,18157.275,3548,1810,0,3548
2024-10-06 11:00:00,18157.254,18157.254,18094.375,18094.375,3546,1800,0,3546
2024-10-06 12:00:00,18094.356,18122.76,18076.631,18082.814,3549,1800,0,3549
2024-10-06 13:00:00,18082.754,18180.603,18076.668,18153.716,3546,1800,0,3546
2024-10-06 14:00:00,18153.663,18153.663,18093.941,18093.941,3543,1800,0,3543
2024-10-06 15:00:00,18093.905,18093.905,18046.194,18046.194,3556,1800,0,3556
2024-10-06 16:00:00,18046.177,18064.258,18019.448,18037.725,3548,1800,0,3548
2024-10-06 17:00:00,18037.71,18094.696,18006.587,18089.577,3552,1800,0,3552
2024-10-06 18:00:00,18089.557,18122.591,18069.577,18112.274,3542,1800,0,3542
2024-10-06 19:00:00,18112.252,18177.165,18104.182,18161.847,3537,1810,0,3537
2024-10-06 20:00:00,18161.82,18187.992,18152.711,18158.619,3550,1810,0,3550
2024-10-06 21:00:00,18158.601,18160.48,18129.677,18159.54,3542,1810,0,3542
2024-10-06 22:00:00,18159.524,18159.524,18093.135,18093.135,3543,1800,0,3543
2024-10-06 23:00:00,18093.124,18104.351,18071.425,18078.482,3547,1800,0,3547
2024-10-07 00:00:00,18078.473,18078.473,18014.358,18014.358,3545,1800,0,3545
2024-10-07 01:00:00,18014.321,18046.82,18012.45,18018.068,3541,1800,0,3541
2024-10-07 02:00:00,18018.064,18018.064,17963.932,17986.641,3553,1790,0,3553
2024-10-07 03:00:00,17986.634,17998.364,17961.054,17961.054,3543,1790,0,3543
2024-10-07 04:00:00,17961.034,17961.034,17907.869,17907.869,3551,1790,0,3551
2024-10-07 05:00:00,17907.846,17907.846,17864.387,17880.736,3560,1780,0,3560
2024-10-07 06:00:00,17880.725,17948.339,17876.842,17931.876,3551,1780,0,3551
2024-10-07 07:00:00,17931.85,17958.622,17922.133,17941.494,3546,1790,0,3546
2024-10-07 08:00:00,17941.477,18038.901,17936.104,18037.173,3557,1790,0,3557
2024-10-07 09:00:00,18037.165,18037.165,18002.594,18002.594,3547,1800,0,3547
2024-10-07 10:00:00,18002.588,18049.341,17995.954,17995.954,3548,1790,0,3548
2024-10-07 11:00:00,17995.953,17995.953,17944.194,17963.125,3554,1790,0,3554
2024-10-07 12:00:00,17963.108,17964.521,17930.113,17931.405,3532,1790,0,3532
2024-10-07 13:00:00,17931.4,17961.725,17891.413,17957.676,3549,1780,0,3549
2024-10-07 14:00:00,17957.644,18001.443,17948.406,17983.32,3549,1790,0,3549
2024-10-07 15:00:00,17983.31,18002.078,17966.11,17966.11,3550,1790,0,3550
2024-10-07 16:00:00,17966.107,18080.273,17936.503,18071.233,3550,1790,0,3550
2024-10-07 17:00:00,18071.215,18089.244,18041.298,18065.576,3541,1800,0,3541
2024-10-07 18:00:00,18065.531,18158.813,18059.9,18153.678,3556,1800,0,3556
2024-10-07 19:00:00,18153.641,18153.641,18114.056,18114.056,3548,1810,0,3548
2024-10-07 20:00:00,18114.018,18226.555,18113.632,18209.6,3546,1810,0,3546
2024-10-07 21:00:00,18209.599,18238.106,18189.29,18234.229,3551,1810,0,3551
2024-10-07 22:00:00,18234.221,18234.221,18193.297,18193.297,3548,1810,0,3548
2024-10-07 23:00:00,18193.252,18193.252,18140.466,18154.485,3543,1810,0,3543
2024-10-08 00:00:00,18154.473,18163.589,18129.48,18143.88,3553,1810,0,3553
2024-10-08 01:00:00,18143.846,18143.846,18081.029,18081.029,3546,1800,0,3546
2024-10-08 02:00:00,18081.013,18087.553,18049.385,18077.051,3557,1800,0,3557
2024-10-08 03:00:00,18077.044,18077.044,18030.661,18030.661,3534,1800,0,3534
2024-10-08 04:00:00,18030.658,18098.943,18030.439,18046.775,3538,1800,0,3538
2024-10-08 05:00:00,18046.743,18070.185,18031.912,18031.912,3535,1800,0,3535
2024-10-08 06:00:00,18031.902,18062.389,17977.227,18061.713,3541,1790,0,3541
2024-10-08 07:00:00,18061.655,18061.655,18008.815,18010.315,3537,1800,0,3537
2024-10-08 08:00:00,18010.311,18032.095,17978.178,18028.239,3548,1790,0,3548
2024-10-08 09:00:00,18028.221,18031.893,17997.363,18023.868,3543,1790,0,3543
2024-10-08 10:00:00,18023.845,18023.845,17974.531,17994.989,3536,1790,0,3536
2024-10-08 11:00:00,17994.984,18036.56,17984.711,18028.956,3529,1790,0,3529
2024-10-08 12:00:00,18028.921,18028.921,17987.316,18003.625,3541,1790,0,3541
2024-10-08 13:00:00,18003.603,18005.873,17970.857,17984.12,3541,1790,0,3541
2024-10-08 14:00:00,17984.109,17984.109,17929.971,17929.971,3541,1790,0,3541
2024-10-08 15:00:00,17929.967,17954.195,17908.528,17930.261,3556,1790,0,3556
2024-10-08 16:00:00,17930.259,17950.186,17908.667,17915.736,3553,1790,0,3553
2024-10-08 17:00:00,17915.733,17963.059,17902.256,17929.202,3552,1790,0,3552
2024-10-08 18:00:00,17929.167,17962.119,17908.679,17955.206,3551,1790,0,3551
2024-10-08 19:00:00,17955.174,17955.174,17899.881,17899.881,3552,1790,0,3552
2024-10-08 20:00:00,17899.863,17964.286,17878.28,17957.686,3550,1780,0,3550
2024-10-08 21:00:00,17957.659,17993.143,17949.931,17949.931,3546,1790,0,3546
2024-10-08 22:00:00,17949.931,17992.259,17945.582,17948.406,3538,1790,0,3538
2024-10-08 23:00:00,17948.403,17948.403,17894.417,17911.263,3548,1780,0,3548
2024-10-09 00:00:00,17911.237,18028.61,17909.62,18015.74,3552,1790,0,3552
2024-10-09 01:00:00,18015.72,18047.081,18013.123,18013.123,3525,1800,0,3525
2024-10-09 02:00:00,18013.094,18047.069,17985.321,18046.143,3542,1790,0,3542
2024-10-09 03:00:00,18046.142,18046.142,17986.0,17986.0,3550,1790,0,3550
2024-10-09 04:00:00,17985.985,18056.84,17966.127,18030.258,3541,1790,0,3541
2024-10-09 05:00:00,18030.23,18033.469,18007.474,18011.091,3548,1800,0,3548
2024-10-09 06:00:00,18011.08,18015.464,17957.817,17957.817,3537,1790,0,3537
2024-10-09 07:00:00,17957.801,17965.393,17925.827,17946.603,3543,1790,0,3543
2024-10-09 08:00:00,17946.595,18014.836,17932.392,18014.481,3547,1790,0,3547
2024-10-09 09:00:00,18014.479,18035.161,17988.371,17996.736,3548,1790,0,3548
2024-10-09 10:00:00,17996.704,18025.105,17979.38,17999.605,3539,1790,0,3539
2024-10-09 11:00:00,17999.599,18054.642,17997.9,18016.53,3541,1800,0,3541
2024-10-09 12:00:00,18016.512,18017.153,17977.332,17996.542,3541,1790,0,3541
2024-10-09 13:00:00,17996.505,18000.242,17963.818,17974.864,3553,1790,0,3553
2024-10-09 14:00:00,17974.835,17981.497,17956.59,17967.506,3551,1790,0,3551
2024-10-09 15:00:00,17967.479,17994.631,17955.81,17965.912,3551,1790,0,3551
2024-10-09 16:00:00,17965.898,17965.898,17914.823,17916.307,3551,1790,0,3551
2024-10-09 17:00:00,17916.304,17962.485,17911.086,17951.488,3550,1790,0,3550
2024-10-09 18:00:00,17951.483,17951.483,17900.097,17909.796,3542,1790,0,3542
2024-10-09 19:00:00,17909.765,18005.096,17899.886,17989.747,3544,1790,0,3544
2024-10-09 20:00:00,17989.745,18038.405,17971.677,18004.96,3542,1790,0,3542
2024-10-09 21:00:00,18004.952,18063.69,17999.676,18038.169,3539,1800,0,3539
2024-10-09 22:00:00,18038.155,18054.718,18016.581,18044.159,3539,1800,0,3539
2024-10-09 23:00:00,18044.131,18125.363,18021.81,18119.03,3543,1800,0,3543
2024-10-10 00:00:00,18119.026,18119.026,18071.545,18071.545,3546,1800,0,3546
2024-10-10 01:00:00,18071.515,18071.515,18009.165,18023.016,3544,1800,0,3544
2024-10-10 02:00:00,18023.002,18023.002,17974.113,17974.113,3552,1790,0,3552
2024-10-10 03:00:00,17974.094,17979.612,17949.224,17971.517,3553,1790,0,3553
2024-10-10 04:00:00,17971.487,17985.763,17934.377,17975.684,3548,1790,0,3548
2024-10-10 05:00:00,17975.659,17993.607,17949.404,17949.404,3549,1790,0,3549
2024-10-10 06:00:00,17949.381,17954.691,17897.346,17897.346,3549,1780,0,3549
2024-10-10 07:00:00,17897.331,17977.759,17896.949,17972.92,3559,1780,0,3559
2024-10-10 08:00:00,17972.911,18004.063,17959.587,17961.109,3537,1790,0,3537
2024-10-10 09:00:00,17961.079,17996.763,17944.645,17970.238,3554,1790,0,3554
2024-10-10 10:00:00,17970.217,17986.856,17933.247,17982.289,3543,1790,0,3543
2024-10-10 11:00:00,17982.289,18042.628,17933.324,18039.451,3554,1790,0,3554
2024-10-10 12:00:00,18039.411,18093.333,18020.474,18084.987,3555,1800,0,3555
2024-10-10 13:00:00,18084.974,18095.047,18045.876,18078.269,3524,1800,0,3524
2024-10-10 14:00:00,18078.224,18088.952,18037.765,18067.673,3537,1800,0,3537
2024-10-10 15:00:00,18067.654,18091.712,18062.081,18070.041,3547,1800,0,3547
2024-10-10 16:00:00,18070.035,18097.702,18047.689,18081.484,3560,1800,0,3560
2024-10-10 17:00:00,18081.458,18103.67,18053.272,18076.557,3541,1800,0,3541
2024-10-10 18:00:00,18076.537,18085.701,18051.388,18052.257,3555,1800,0,3555
2024-10-10 19:00:00,18052.255,18113.623,18042.614,18106.543,3553,1800,0,3553
2024-10-10 20:00:00,18106.509,18155.079,18084.467,18136.685,3531,1800,0,3531
2024-10-10 21:00:00,18136.672,18158.58,18130.344,18151.752,3523,1810,0,3523
2024-10-10 22:00:00,18151.743,18180.254,18130.397,18163.266,3551,1810,0,3551
2024-10-10 23:00:00,18163.258,18175.012,18135.818,18153.868,3546,1810,0,3546
2024-10-11 00:00:00,18153.839,18289.703,18143.771,18270.533,3523,1810,0,3523
2024-10-11 01:00:00,18270.523,18270.523,18225.749,18261.152,3547,1820,0,3547
2024-10-11 02:00:00,18261.13,18261.13,18202.759,18203.193,3548,1820,0,3548
2024-10-11 03:00:00,18203.186,18204.389,18164.078,18192.403,3555,1810,0,3555
2024-10-11 04:00:00,18192.393,18257.054,18173.016,18254.642,3555,1810,0,3555
2024-10-11 05:00:00,18254.623,18301.216,18236.789,18283.92,3548,1820,0,3548
2024-10-11 06:00:00,18283.896,18376.712,18275.859,18376.413,3545,1820,0,3545
2024-10-11 07:00:00,18376.41,18420.49,18367.548,18405.546,3548,1830,0,3548
2024-10-11 08:00:00,18405.537,18543.015,18387.836,18537.769,3550,1830,0,3550
2024-10-11 09:00:00,18537.756,18598.06,18532.257,18573.96,3549,1850,0,3549
2024-10-11 10:00:00,18573.944,18679.707,18569.136,18676.48,3543,1850,0,3543
2024-10-11 11:00:00,18676.465,18689.969,18635.497,18674.306,3547,1860,0,3547
2024-10-11 12:00:00,18674.295,18691.195,18651.76,18651.76,3552,1860,0,3552
2024-10-11 13:00:00,18651.758,18683.161,18649.931,18680.37,3542,1860,0,3542
2024-10-11 14:00:00,18680.37,18692.097,18652.871,18686.497,3544,1860,0,3544
2024-10-11 15:00:00,18686.465,18734.428,18672.611,18731.66,3537,1860,0,3537
2024-10-11 16:00:00,18731.652,18742.4,18711.497,18711.497,3541,1870,0,3541
2024-10-11 17:00:00,18711.495,18711.495,18670.37,18684.992,3547,1860,0,3547
2024-10-11 18:00:00,18684.965,18734.951,18683.548,18725.71,3556,1860,0,3556
2024-10-11 19:00:00,18725.705,18725.705,18680.063,18715.339,3543,1860,0,3543
2024-10-11 20:00:00,18715.327,18715.327,18648.167,18648.167,3532,1860,0,3532
2024-10-11 21:00:00,18648.136,18648.136,18606.911,18606.911,3540,1860,0,3540
2024-10-11 22:00:00,18606.887,18691.051,18599.817,18674.966,3558,1860,0,3558
2024-10-11 23:00:00,18674.955,18710.794,18674.867,18684.064,3556,1860,0,3556
2024-10-12 00:00:00,18684.036,18684.036,18632.745,18645.648,3548,1860,0,3548
2024-10-12 01:00:00,18645.626,18645.626,18577.969,18577.969,3552,1850,0,3552
2024-10-12 02:00:00,18577.937,18579.722,18537.385,18537.385,3542,1850,0,3542
2024-10-12 03:00:00,18537.346,18537.346,18479.556,18511.231,3539,1840,0,3539
2024-10-12 04:00:00,18511.219,18511.219,18468.863,18468.863,3554,1840,0,3554
2024-10-12 05:00:00,18468.837,18582.996,18467.392,18571.614,3549,1840,0,3549
2024-10-12 06:00:00,18571.591,18706.467,18550.381,18703.23,3547,1850,0,3547
2024-10-12 07:00:00,18703.229,18739.446,18690.081,18690.081,3541,1860,0,3541
2024-10-12 08:00:00,18690.07,18690.07,18628.044,18628.044,3537,1860,0,3537
2024-10-12 09:00:00,18628.021,18631.602,18596.682,18601.591,3550,1850,0,3550
2024-10-12 10:00:00,18601.582,18676.916,18592.197,18658.136,3545,1850,0,3545
2024-10-12 11:00:00,18658.121,18662.729,18635.784,18644.229,3552,1860,0,3552
2024-10-12 12:00:00,18644.196,18648.381,18589.961,18640.921,3561,1850,0,3561
2024-10-12 13:00:00,18640.902,18640.902,18575.569,18606.945,3550,1850,0,3550
2024-10-12 14:00:00,18606.906,18768.902,18606.584,18758.411,3551,1860,0,3551
2024-10-12 15:00:00,18758.367,18827.18,18746.5,18788.543,3540,1870,0,3540
2024-10-12 16:00:00,18788.522,18797.427,18767.983,18777.823,3544,1870,0,3544
2024-10-12 17:00:00,18777.787,18804.981,18761.69,18772.5,3549,1870,0,3549
2024-10-12 18:00:00,18772.496,18820.758,18760.876,18784.143,3553,1870,0,3553
2024-10-12 19:00:00,18784.128,18837.301,18758.658,18835.954,3547,1870,0,3547
2024-10-12 20:00:00,18835.923,18887.812,18834.795,18850.44,3551,1880,0,3551
2024-10-12 21:00:00,18850.404,18877.907,18818.739,18877.561,3541,1880,0,3541
2024-10-12 22:00:00,18877.502,18895.12,18857.716,18871.383,3535,1880,0,3535
2024-10-12 23:00:00,18871.38,18871.38,18828.02,18831.108,3528,1880,0,3528
2024-10-13 00:00:00,18831.065,18873.736,18820.23,18849.0,3557,1880,0,3557
2024-10-13 01:00:00,18848.974,18848.974,18810.577,18817.642,3338,1880,0,3338
2024-10-13 02:00:00,18817.622,18966.144,18816.845,18955.804,3561,1880,0,3561
2024-10-13 03:00:00,18955.761,18955.835,18924.011,18928.606,3557,1890,0,3557
2024-10-13 04:00:00,18928.589,18928.589,18861.183,18861.183,3534,1880,0,3534
2024-10-13 05:00:00,18861.141,18880.226,18826.021,18826.021,3574,1880,0,3574
2024-10-13 06:00:00,18826.015,18887.842,18810.614,18883.242,3554,1880,0,3554
2024-10-13 07:00:00,18883.219,18920.554,18856.23,18902.386,3552,1880,0,3552
2024-10-13 08:00:00,18902.372,18902.372,18853.408,18879.682,3538,1880,0,3538
2024-10-13 09:00:00,18879.646,18907.51,18866.028,18872.467,3551,1880,0,3551
2024-10-13 10:00:00,18872.45,18872.45,18838.415,18859.142,3544,1880,0,3544
2024-10-13 11:00:00,18859.123,18886.227,18839.212,18839.212,3540,1880,0,3540
2024-10-13 12:00:00,18839.201,18839.201,18794.18,18794.18,3550,1870,0,3550
2024-10-13 13:00:00,18794.165,18824.967,18785.29,18804.993,3542,1870,0,3542
2024-10-13 14:00:00,18804.967,18804.967,18772.758,18793.911,3536,1870,0,3536
2024-10-13 15:00:00,18793.867,18828.632,18755.96,18821.9,3549,1870,0,3549
2024-10-13 16:00:00,18821.896,18821.896,18764.145,18774.397,3542,1870,0,3542
2024-10-13 17:00:00,18774.371,18776.762,18742.91,18743.464,3537,1870,0,3537
2024-10-13 18:00:00,18743.457,18792.865,18726.755,18767.342,3549,1870,0,3549
2024-10-13 19:00:00,18767.342,18772.412,18738.287,18738.287,3545,1870,0,3545
2024-10-13 20:00:00,18738.268,18738.268,18682.523,18698.249,3553,1860,0,3553
2024-10-13 21:00:00,18698.236,18733.851,18666.551,18721.305,3545,1860,0,3545
2024-10-13 22:00:00,18721.274,18846.424,18703.462,18842.185,3532,1870,0,3532
2024-10-13 23:00:00,18842.143,18911.236,18824.434,18887.328,3550,1880,0,3550
2024-10-14 00:00:00,18887.326,19028.097,18887.048,19020.565,3541,1880,0,3541
2024-10-14 01:00:00,19020.551,19020.551,18965.364,18965.364,3560,1890,0,3560
2024-10-14 02:00:00,18965.356,19002.126,18938.731,18938.731,3550,1890,0,3550
2024-10-14 03:00:00,18938.718,18995.841,18930.003,18961.934,3550,1890,0,3550
2024-10-14 04:00:00,18961.924,19028.371,18934.945,18999.126,3550,1890,0,3550
2024-10-14 05:00:00,18999.106,19019.245,18957.027,19004.058,3538,1890,0,3538
2024-10-14 06:00:00,19004.034,19048.364,18984.556,19019.842,3555,1890,0,3555
2024-10-14 07:00:00,19019.82,19083.157,18982.8,19058.935,3539,1890,0,3539
2024-10-14 08:00:00,19058.934,19065.874,19021.112,19063.226,3553,1900,0,3553
2024-10-14 09:00:00,19063.225,19142.331,19053.07,19121.262,3543,1900,0,3543
2024-10-14 10:00:00,19121.254,19202.567,19115.095,19172.682,3544,1910,0,3544
2024-10-14 11:00:00,19172.671,19189.317,19133.0,19133.0,3562,1910,0,3562
2024-10-14 12:00:00,19132.997,19132.997,19085.914,19093.944,3554,1900,0,3554
2024-10-14 13:00:00,19093.917,19148.193,19092.131,19120.33,3563,1900,0,3563
2024-10-14 14:00:00,19120.294,19200.952,19095.366,19198.654,3550,1900,0,3550
2024-10-14 15:00:00,19198.617,19210.437,19163.348,19196.478,3540,1910,0,3540
2024-10-14 16:00:00,19196.453,19212.185,19167.652,19181.484,3556,1910,0,3556
2024-10-14 17:00:00,19181.46,19353.466,19176.401,19345.671,3554,1910,0,3554
2024-10-14 18:00:00,19345.658,19362.833,19311.505,19327.425,3547,1930,0,3547
2024-10-14 19:00:00,19327.395,19395.314,19314.268,19352.601,3543,1930,0,3543
2024-10-14 20:00:00,19352.593,19352.593,19288.337,19288.337,3558,1920,0,3558
2024-10-14 21:00:00,19288.323,19355.312,19277.528,19344.408,3563,1920,0,3563
2024-10-14 22:00:00,19344.376,19368.461,19317.471,19364.091,3550,1930,0,3550
2024-10-14 23:00:00,19364.087,19400.705,19356.627,19379.562,3552,1930,0,3552
2024-10-15 00:00:00,19379.55,19383.595,19334.264,19378.797,3556,1930,0,3556
2024-10-15 01:00:00,19378.787,19445.019,19377.774,19431.286,3547,1930,0,3547
2024-10-15 02:00:00,19431.266,19478.616,19399.426,19449.282,3541,1940,0,3541
2024-10-15 03:00:00,19449.241,19472.952,19414.673,19414.673,3538,1940,0,3538
2024-10-15 04:00:00,19414.641,19594.166,19413.046,19582.447,3555,1940,0,3555
2024-10-15 05:00:00,19582.428,19587.314,19555.786,19555.786,3548,1950,0,3548
2024-10-15 06:00:00,19555.753,19555.753,19496.589,19516.265,3544,1940,0,3544
2024-10-15 07:00:00,19516.261,19520.176,19472.8,19472.8,3552,1940,0,3552
2024-10-15 08:00:00,19472.774,19481.933,19447.969,19457.955,3544,1940,0,3544
2024-10-15 09:00:00,19457.952,19527.022,19443.181,19507.762,3552,1940,0,3552
2024-10-15 10:00:00,19507.743,19542.069,19507.532,19516.392,3555,1950,0,3555
2024-10-15 11:00:00,19516.378,19568.449,19515.664,19553.78,3555,1950,0,3555
2024-10-15 12:00:00,19553.779,19553.779,19508.649,19508.649,3552,1950,0,3552
2024-10-15 13:00:00,19508.629,19512.359,19477.751,19478.495,3555,1940,0,3555
2024-10-15 14:00:00,19478.482,19515.126,19463.765,19511.715,3549,1940,0,3549
2024-10-15 15:00:00,19511.675,19511.675,19468.725,19499.45,3533,1940,0,3533
2024-10-15 16:00:00,19499.444,19540.523,19485.332,19537.214,3552,1940,0,3552
2024-10-15 17:00:00,19537.212,19537.212,19495.676,19520.229,3545,1940,0,3545
2024-10-15 18:00:00,19520.204,19540.965,19487.765,19523.464,3539,1940,0,3539
2024-10-15 19:00:00,19523.443,19523.443,19470.039,19470.039,3559,1940,0,3559
2024-10-15 20:00:00,19470.028,19495.954,19451.977,19482.123,3551,1940,0,3551
2024-10-15 21:00:00,19482.106,19482.106,19443.227,19449.38,3553,1940,0,3553
2024-10-15 22:00:00,19449.364,19545.098,19435.715,19519.153,3542,1940,0,3542
2024-10-15 23:00:00,19519.139,19519.139,19457.585,19494.903,3540,1940,0,3540
2024-10-16 00:00:00,19494.856,19522.203,19487.971,19501.038,3558,1940,0,3558
2024-10-16 01:00:00,19501.018,19540.882,19454.803,19539.206,3550,1940,0,3550
2024-10-16 02:00:00,19539.184,19539.184,19471.632,19471.632,3549,1940,0,3549
2024-10-16 03:00:00,19471.63,19513.735,19458.462,19486.528,3547,1940,0,3547
2024-10-16 04:00:00,19486.491,19486.491,19445.634,19445.634,3541,1940,0,3541
2024-10-16 05:00:00,19445.627,19460.986,19426.951,19447.439,3551,1940,0,3551
2024-10-16 06:00:00,19447.39,19454.7,19423.378,19432.685,3555,1940,0,3555
2024-10-16 07:00:00,19432.654,19449.336,19406.364,19409.509,3555,1940,0,3555
2024-10-16 08:00:00,19409.471,19511.904,19407.339,19504.032,3540,1940,0,3540
2024-10-16 09:00:00,19504.0,19515.099,19471.068,19479.561,3537,1940,0,3537
2024-10-16 10:00:00,19479.542,19479.542,19408.933,19408.933,3547,1940,0,3547
2024-10-16 11:00:00,19408.924,19528.785,19395.527,19515.484,3546,1930,0,3546
2024-10-16 12:00:00,19515.473,19515.473,19470.216,19470.216,3549,1940,0,3549
2024-10-16 13:00:00,19470.197,19483.808,19430.349,19430.349,3550,1940,0,3550
2024-10-16 14:00:00,19430.332,19433.158,19388.762,19388.762,3558,1930,0,3558
2024-10-16 15:00:00,19388.76,19446.786,19376.656,19420.705,3557,1930,0,3557
2024-10-16 16:00:00,19420.671,19457.421,19407.03,19409.342,3558,1940,0,3558
2024-10-16 17:00:00,19409.302,19499.172,19387.131,19491.758,3563,1930,0,3563
2024-10-16 18:00:00,19491.722,19524.06,19481.327,19502.851,3540,1940,0,3540
2024-10-16 19:00:00,19502.818,19537.29,19493.088,19521.89,3540,1940,0,3540
2024-10-16 20:00:00,19521.879,19534.551,19505.427,19505.427,3551,1950,0,3551
2024-10-16 21:00:00,19505.418,19505.418,19448.632,19448.632,3561,1940,0,3561
2024-10-16 22:00:00,19448.582,19537.019,19413.778,19511.3,3552,1940,0,3552
2024-10-16 23:00:00,19511.299,19559.472,19500.75,19529.371,3561,1950,0,3561
2024-10-17 00:00:00,19529.369,19529.369,19459.571,19459.571,3545,1940,0,3545
2024-10-17 01:00:00,19459.567,19553.113,19452.297,19535.463,3548,1940,0,3548
2024-10-17 02:00:00,19535.402,19535.402,19474.515,19477.379,3558,1940,0,3558
2024-10-17 03:00:00,19477.35,19487.464,19433.064,19482.084,3545,1940,0,3545
2024-10-17 04:00:00,19482.079,19482.079,19411.699,19411.699,3552,1940,0,3552
2024-10-17 05:00:00,19411.669,19463.135,19407.339,19460.007,3541,1940,0,3541
2024-10-17 06:00:00,19459.99,19484.876,19420.245,19477.432,3550,1940,0,3550
2024-10-17 07:00:00,19477.418,19513.959,19455.833,19479.924,3560,1940,0,3560
2024-10-17 08:00:00,19479.917,19479.917,19431.498,19431.498,3540,1940,0,3540
2024-10-17 09:00:00,19431.498,19431.498,19382.137,19382.137,3561,1930,0,3561
2024-10-17 10:00:00,19382.127,19386.259,19337.759,19370.245,3549,1930,0,3549
2024-10-17 11:00:00,19370.217,19382.205,19346.592,19368.052,3556,1930,0,3556
2024-10-17 12:00:00,19368.016,19376.99,19343.713,19356.396,3542,1930,0,3542
2024-10-17 13:00:00,19356.37,19409.257,19348.38,19383.874,3555,1930,0,3555
2024-10-17 14:00:00,19383.86,19417.943,19361.499,19389.996,3553,1930,0,3553
2024-10-17 15:00:00,19389.977,19449.175,19388.963,19426.537,3559,1930,0,3559
2024-10-17 16:00:00,19426.531,19494.496,19425.587,19478.551,3553,1940,0,3553
2024-10-17 17:00:00,19478.542,19537.486,19468.072,19530.742,3547,1940,0,3547
2024-10-17 18:00:00,19530.719,19541.029,19494.264,19509.99,3541,1940,0,3541
2024-10-17 19:00:00,19509.986,19537.533,19484.117,19526.669,3544,1940,0,3544
2024-10-17 20:00:00,19526.65,19564.295,19507.336,19514.01,3554,1950,0,3554
2024-10-17 21:00:00,19513.988,19607.193,19512.473,19605.057,3545,1950,0,3545
2024-10-17 22:00:00,19605.039,19605.039,19568.537,19568.537,3548,1950,0,3548
2024-10-17 23:00:00,19568.535,19599.228,19549.154,19565.687,3547,1950,0,3547
2024-10-18 00:00:00,19565.674,19565.674,19513.769,19548.737,3540,1950,0,3540
2024-10-18 01:00:00,19548.719,19596.023,19537.455,19559.829,3556,1950,0,3556
2024-10-18 02:00:00,19559.787,19623.215,19553.452,19594.53,3553,1950,0,3553
2024-10-18 03:00:00,19594.517,19658.438,19590.207,19654.746,3562,1950,0,3562
2024-10-18 04:00:00,19654.729,19693.914,19647.447,19662.801,3543,1960,0,3543
2024-10-18 05:00:00,19662.789,19662.789,19596.202,19599.633,3538,1950,0,3538
2024-10-18 06:00:00,19599.611,19628.49,19576.568,19588.627,3561,1950,0,3561
2024-10-18 07:00:00,19588.612,19588.612,19527.571,19541.047,3550,1950,0,3550
2024-10-18 08:00:00,19541.043,19600.087,19504.788,19594.783,3557,1950,0,3557
2024-10-18 09:00:00,19594.768,19624.265,19575.862,19575.862,3552,1950,0,3552
2024-10-18 10:00:00,19575.854,19575.854,19531.685,19543.983,3558,1950,0,3558
2024-10-18 11:00:00,19543.948,19560.383,19527.792,19539.447,3556,1950,0,3556
2024-10-18 12:00:00,19539.445,19556.08,19502.367,19502.367,3553,1950,0,3553
2024-10-18 13:00:00,19502.315,19534.688,19492.768,19500.579,3554,1940,0,3554
2024-10-18 14:00:00,19500.57,19540.979,19489.26,19513.079,3542,1940,0,3542
2024-10-18 15:00:00,19513.074,19539.423,19504.253,19534.556,3542,1950,0,3542
2024-10-18 16:00:00,19534.536,19561.73,19501.708,19553.402,3555,1950,0,3555
2024-10-18 17:00:00,19553.373,19700.464,19553.37,19693.124,3563,1950,0,3563
2024-10-18 18:00:00,19693.122,19693.122,19623.313,19623.313,3548,1960,0,3548
2024-10-18 19:00:00,19623.31,19623.31,19568.278,19568.278,3548,1950,0,3548
2024-10-18 20:00:00,19568.267,19600.874,19544.132,19562.356,3551,1950,0,3551
2024-10-18 21:00:00,19562.324,19562.974,19530.473,19548.051,3538,1950,0,3538
2024-10-18 22:00:00,19548.031,19572.822,19531.65,19533.236,3552,1950,0,3552
2024-10-18 23:00:00,19533.215,19533.215,19493.856,19518.234,3541,1940,0,3541
2024-10-19 00:00:00,19518.2,19518.2,19450.117,19450.117,3543,1940,0,3543
2024-10-19 01:00:00,19450.105,19544.024,19444.615,19540.906,3544,1940,0,3544
2024-10-19 02:00:00,19540.879,19567.509,19503.486,19556.246,3550,1950,0,3550
2024-10-19 03:00:00,19556.219,19601.059,19553.725,19599.361,3545,1950,0,3545
2024-10-19 04:00:00,19599.359,19599.359,19528.879,19528.879,3536,1950,0,3536
2024-10-19 05:00:00,19528.872,19538.098,19504.144,19519.848,3559,1950,0,3559
2024-10-19 06:00:00,19519.843,19540.515,19503.513,19511.058,3552,1950,0,3552
2024-10-19 07:00:00,19511.027,19541.207,19498.916,19521.94,3550,1950,0,3550
2024-10-19 08:00:00,19521.928,19574.726,19511.038,19573.575,3548,1950,0,3548
2024-10-19 09:00:00,19573.575,19596.686,19539.576,19545.356,3549,1950,0,3549
2024-10-19 10:00:00,19545.335,19545.335,19507.542,19535.25,3553,1950,0,3553
2024-10-19 11:00:00,19535.213,19535.213,19496.429,19502.571,3549,1940,0,3549
2024-10-19 12:00:00,19502.525,19502.525,19453.985,19486.941,3563,1940,0,3563
2024-10-19 13:00:00,19486.939,19508.815,19444.7,19444.7,3557,1940,0,3557
2024-10-19 14:00:00,19444.699,19478.415,19429.473,19459.536,3549,1940,0,3549
2024-10-19 15:00:00,19459.495,19493.841,19426.751,19480.179,3558,1940,0,3558
2024-10-19 16:00:00,19480.158,19489.867,19461.772,19463.03,3553,1940,0,3553
2024-10-19 17:00:00,19463.029,19463.029,19406.227,19406.227,3548,1940,0,3548
2024-10-19 18:00:00,19406.208,19406.208,19352.666,19369.746,3544,1930,0,3544
2024-10-19 19:00:00,19369.713,19477.456,19358.824,19476.515,3558,1930,0,3558
2024-10-19 20:00:00,19476.487,19509.462,19449.933,19498.728,3562,1940,0,3562
2024-10-19 21:00:00,19498.7,19546.341,19485.14,19506.827,3548,1940,0,3548
2024-10-19 22:00:00,19506.826,19533.284,19486.667,19486.667,3545,1940,0,3545
2024-10-19 23:00:00,19486.649,19486.649,19450.8,19451.018,3543,1940,0,3543
2024-10-20 00:00:00,19450.986,19513.301,19450.081,19507.967,3550,1940,0,3550
2024-10-20 01:00:00,19507.942,19507.942,19437.62,19437.62,3533,1940,0,3533
2024-10-20 02:00:00,19437.616,19437.616,19369.12,19369.12,3546,1930,0,3546
2024-10-20 03:00:00,19369.1,19373.036,19344.129,19345.493,3556,1930,0,3556
2024-10-20 04:00:00,19345.452,19407.368,19337.042,19391.834,3556,1930,0,3556
2024-10-20 05:00:00,19391.805,19392.848,19353.749,19389.809,3539,1930,0,3539
2024-10-20 06:00:00,19389.807,19508.303,19352.205,19508.067,3550,1930,0,3550
2024-10-20 07:00:00,19508.044,19508.044,19463.852,19463.852,3559,1940,0,3559
2024-10-20 08:00:00,19463.822,19476.962,19433.885,19444.285,3546,1940,0,3546
2024-10-20 09:00:00,19444.276,19444.276,19406.097,19421.176,3540,1940,0,3540
2024-10-20 10:00:00,19421.153,19421.153,19357.215,19357.215,3555,1930,0,3555
2024-10-20 11:00:00,19357.176,19404.765,19342.412,19382.708,3542,1930,0,3542
2024-10-20 12:00:00,19382.689,19467.509,19376.032,19453.382,3559,1930,0,3559
2024-10-20 13:00:00,19453.368,19541.371,19447.436,19516.531,3547,1940,0,3547
2024-10-20 14:00:00,19516.528,19536.707,19484.382,19524.322,3555,1940,0,3555
2024-10-20 15:00:00,19524.315,19636.416,19517.303,19630.108,3549,1950,0,3549
2024-10-20 16:00:00,19630.102,19630.102,19563.54,19610.197,3560,1950,0,3560
2024-10-20 17:00:00,19610.179,19629.236,19582.529,19582.529,3542,1950,0,3542
2024-10-20 18:00:00,19582.488,19643.146,19570.912,19633.586,3549,1950,0,3549
2024-10-20 19:00:00,19633.558,19637.549,19584.321,19590.502,3553,1950,0,3553
2024-10-20 20:00:00,19590.46,19656.44,19568.5,19648.693,3553,1950,0,3553
2024-10-20 21:00:00,19648.658,19707.002,19626.665,19677.966,3548,1960,0,3548
2024-10-20 22:00:00,19677.952,19677.952,19625.006,19639.48,3555,1960,0,3555
2024-10-20 23:00:00,19639.474,19660.361,19606.589,19615.188,3554,1960,0,3554
2024-10-21 00:00:00,19615.16,19615.16,19551.519,19551.519,3559,1950,0,3559
2024-10-21 01:00:00,19551.515,19589.223,19543.73,19569.903,3554,1950,0,3554
2024-10-21 02:00:00,19569.886,19613.388,19569.538,19572.008,3550,1950,0,3550
2024-10-21 03:00:00,19571.978,19625.259,19569.848,19604.98,3547,1950,0,3547
2024-10-21 04:00:00,19604.965,19604.965,19568.773,19568.773,3549,1950,0,3549
2024-10-21 05:00:00,19568.746,19568.746,19543.242,19547.154,3548,1950,0,3548
2024-10-21 06:00:00,19547.134,19576.063,19514.808,19514.808,3552,1950,0,3552
2024-10-21 07:00:00,19514.803,19540.193,19492.419,19516.395,3551,1940,0,3551
2024-10-21 08:00:00,19516.385,19524.496,19486.338,19500.023,3549,1940,0,3549
2024-10-21 09:00:00,19500.008,19500.008,19469.169,19476.364,3551,1940,0,3551
2024-10-21 10:00:00,19476.328,19501.17,19420.662,19497.944,3534,1940,0,3534
2024-10-21 11:00:00,19497.94,19531.978,19473.411,19515.115,3548,1940,0,3548
2024-10-21 12:00:00,19515.069,19554.033,19495.307,19528.261,3552,1940,0,3552
2024-10-21 13:00:00,19528.249,19551.927,19509.93,19539.436,3552,1950,0,3552
2024-10-21 14:00:00,19539.429,19556.3,19518.489,19531.688,3544,1950,0,3544
2024-10-21 15:00:00,19531.661,19564.586,19522.897,19539.937,3545,1950,0,3545
2024-10-21 16:00:00,19539.92,19539.92,19503.265,19503.265,3553,1950,0,3553
2024-10-21 17:00:00,19503.245,19581.17,19474.593,19568.226,3553,1940,0,3553
2024-10-21 18:00:00,19568.206,19569.571,19526.571,19546.752,3552,1950,0,3552
2024-10-21 19:00:00,19546.737,19546.737,19476.02,19476.02,3547,1940,0,3547
2024-10-21 20:00:00,19476.005,19476.005,19406.243,19406.243,3558,1940,0,3558
2024-10-21 21:00:00,19406.213,19433.297,19388.074,19393.292,3548,1930,0,3548
2024-10-21 22:00:00,19393.284,19431.683,19375.898,19424.396,3565,1930,0,3565
2024-10-21 23:00:00,19424.38,19516.684,19415.68,19499.111,3554,1940,0,3554
2024-10-22 00:00:00,19499.09,19529.759,19468.15,19522.196,3542,1940,0,3542
2024-10-22 01:00:00,19522.193,19522.193,19478.152,19478.152,3553,1940,0,3553
2024-10-22 02:00:00,19478.132,19518.278,19454.324,19505.391,3548,1940,0,3548
2024-10-22 03:00:00,19505.36,19505.732,19465.635,19503.128,3555,1940,0,3555
2024-10-22 04:00:00,19503.113,19718.294,19498.352,19691.217,3544,1940,0,3544
2024-10-22 05:00:00,19691.185,19691.185,19619.523,19619.523,3538,1960,0,3538
2024-10-22 06:00:00,19619.478,19659.59,19609.301,19643.71,3533,1960,0,3533
2024-10-22 07:00:00,19643.698,19732.398,19637.963,19720.236,3552,1960,0,3552
2024-10-22 08:00:00,19720.224,19747.126,19713.9,19715.102,3560,1970,0,3560
2024-10-22 09:00:00,19715.072,19779.192,19684.233,19777.338,3534,1960,0,3534
2024-10-22 10:00:00,19777.334,19777.334,19711.627,19711.627,3543,1970,0,3543
2024-10-22 11:00:00,19711.604,19711.604,19640.39,19640.39,3551,1960,0,3551
2024-10-22 12:00:00,19640.364,19705.413,19639.087,19697.7,3560,1960,0,3560
2024-10-22 13:00:00,19697.674,19702.204,19649.296,19655.772,3544,1960,0,3544
2024-10-22 14:00:00,19655.764,19655.764,19604.713,19604.713,3554,1960,0,3554
2024-10-22 15:00:00,19604.691,19643.926,19596.005,19629.029,3539,1950,0,3539
2024-10-22 16:00:00,19629.013,19629.379,19592.844,19622.674,3557,1950,0,3557
2024-10-22 17:00:00,19622.636,19675.001,19620.788,19639.027,3539,1960,0,3539
2024-10-22 18:00:00,19639.019,19703.294,19637.491,19695.075,3557,1960,0,3557
2024-10-22 19:00:00,19695.046,19695.046,19667.586,19679.206,3537,1960,0,3537
2024-10-22 20:00:00,19679.189,19679.189,19635.963,19635.963,3553,1960,0,3553
2024-10-22 21:00:00,19635.939,19655.739,19614.42,19645.371,3549,1960,0,3549
2024-10-22 22:00:00,19645.332,19789.869,19640.098,19760.683,3540,1960,0,3540
2024-10-22 23:00:00,19760.676,19760.676,19707.769,19707.769,3543,1970,0,3543
2024-10-23 00:00:00,19707.725,19707.725,19640.304,19654.43,3540,1960,0,3540
2024-10-23 01:00:00,19654.41,19654.41,19620.437,19638.346,3552,1960,0,3552
2024-10-23 02:00:00,19638.339,19726.85,19632.586,19695.781,3554,1960,0,3554
2024-10-23 03:00:00,19695.74,19791.78,19665.379,19781.09,3549,1960,0,3549
2024-10-23 04:00:00,19781.077,19790.151,19749.081,19749.081,3558,1970,0,3558
2024-10-23 05:00:00,19749.052,19749.052,19684.377,19684.377,3549,1960,0,3549
2024-10-23 06:00:00,19684.371,19707.473,19662.313,19680.706,3551,1960,0,3551
2024-10-23 07:00:00,19680.671,19680.671,19616.496,19629.933,3544,1960,0,3544
2024-10-23 08:00:00,19629.904,19659.579,19619.356,19625.77,3554,1960,0,3554
2024-10-23 09:00:00,19625.748,19625.748,19568.816,19615.958,3552,1950,0,3552
2024-10-23 10:00:00,19615.912,19615.912,19572.929,19593.453,3554,1950,0,3554
2024-10-23 11:00:00,19593.412,19644.791,19581.136,19597.831,3549,1950,0,3549
2024-10-23 12:00:00,19597.817,19630.729,19570.176,19615.608,3551,1950,0,3551
2024-10-23 13:00:00,19615.606,19654.003,19607.576,19615.43,3556,1960,0,3556
2024-10-23 14:00:00,19615.42,19675.42,19578.658,19657.856,3556,1950,0,3556
2024-10-23 15:00:00,19657.851,19687.26,19628.53,19653.771,3534,1960,0,3534
2024-10-23 16:00:00,19653.77,19653.77,19608.382,19617.067,3547,1960,0,3547
2024-10-23 17:00:00,19617.033,19648.056,19601.251,19637.69,3548,1960,0,3548
2024-10-23 18:00:00,19637.683,19637.683,19582.629,19582.629,3547,1950,0,3547
2024-10-23 19:00:00,19582.594,19582.594,19558.513,19558.513,3558,1950,0,3558
2024-10-23 20:00:00,19558.501,19572.823,19539.91,19542.02,3555,1950,0,3555
2024-10-23 21:00:00,19541.967,19564.293,19525.259,19526.975,3548,1950,0,3548
2024-10-23 22:00:00,19526.944,19526.944,19456.634,19456.634,3552,1940,0,3552
2024-10-23 23:00:00,19456.614,19488.591,19424.876,19424.876,3550,1940,0,3550
2024-10-24 00:00:00,19424.848,19426.035,19367.007,19367.007,3548,1930,0,3548
2024-10-24 01:00:00,19366.979,19366.979,19298.278,19298.278,3540,1930,0,3540
2024-10-24 02:00:00,19298.256,19298.256,19233.908,19233.908,3549,1920,0,3549
2024-10-24 03:00:00,19233.906,19302.166,19221.604,19280.822,3556,1920,0,3556
2024-10-24 04:00:00,19280.794,19349.324,19278.487,19340.982,3547,1920,0,3547
2024-10-24 05:00:00,19340.977,19360.722,19317.29,19343.133,3547,1930,0,3547
2024-10-24 06:00:00,19343.121,19343.121,19290.397,19341.982,3545,1920,0,3545
2024-10-24 07:00:00,19341.964,19388.714,19337.239,19387.347,3547,1930,0,3547
2024-10-24 08:00:00,19387.334,19387.334,19332.676,19334.328,3548,1930,0,3548
2024-10-24 09:00:00,19334.291,19350.102,19303.401,19303.401,3562,1930,0,3562
2024-10-24 10:00:00,19303.397,19334.054,19278.12,19321.74,3548,1920,0,3548
2024-10-24 11:00:00,19321.713,19324.93,19268.206,19268.206,3555,1920,0,3555
2024-10-24 12:00:00,19268.193,19317.935,19256.969,19301.81,3547,1920,0,3547
2024-10-24 13:00:00,19301.774,19313.107,19287.336,19287.336,3542,1920,0,3542
2024-10-24 14:00:00,19287.325,19334.774,19282.03,19302.931,3548,1920,0,3548
2024-10-24 15:00:00,19302.928,19316.491,19274.125,19297.439,3546,1920,0,3546
2024-10-24 16:00:00,19297.418,19364.239,19296.833,19360.931,3541,1930,0,3541
2024-10-24 17:00:00,19360.911,19383.706,19333.526,19356.654,3564,1930,0,3564
2024-10-24 18:00:00,19356.634,19356.634,19288.372,19288.372,3552,1920,0,3552
2024-10-24 19:00:00,19288.331,19296.12,19230.199,19230.199,3549,1920,0,3549
2024-10-24 20:00:00,19230.186,19290.277,19225.702,19285.135,3544,1920,0,3544
2024-10-24 21:00:00,19285.128,19285.128,19235.965,19243.917,3547,1920,0,3547
2024-10-24 22:00:00,19243.906,19255.471,19220.232,19247.976,3541,1920,0,3541
2024-10-24 23:00:00,19247.951,19261.203,19214.336,19214.336,3548,1920,0,3548
2024-10-25 00:00:00,19214.309,19304.387,19206.478,19270.154,3533,1920,0,3533
2024-10-25 01:00:00,19270.13,19311.288,19260.951,19309.553,3546,1920,0,3546
2024-10-25 02:00:00,19309.534,19364.625,19301.062,19355.83,3551,1930,0,3551
2024-10-25 03:00:00,19355.828,19365.23,19318.579,19318.579,3545,1930,0,3545
2024-10-25 04:00:00,19318.543,19319.053,19260.71,19260.71,3555,1920,0,3555
2024-10-25 05:00:00,19260.683,19285.557,19237.623,19241.053,3549,1920,0,3549
2024-10-25 06:00:00,19241.023,19253.88,19194.799,19194.799,3545,1910,0,3545
2024-10-25 07:00:00,19194.775,19255.799,19180.464,19244.667,3544,1910,0,3544
2024-10-25 08:00:00,19244.655,19244.655,19201.171,19201.171,3539,1920,0,3539
2024-10-25 09:00:00,19201.158,19213.261,19171.967,19171.967,3557,1910,0,3557
2024-10-25 10:00:00,19171.935,19241.984,19168.971,19210.407,3555,1910,0,3555
2024-10-25 11:00:00,19210.402,19240.87,19202.438,19202.438,3550,1920,0,3550
2024-10-25 12:00:00,19202.426,19205.098,19178.482,19196.926,3551,1910,0,3551
2024-10-25 13:00:00,19196.89,19240.025,19184.244,19207.009,3548,1910,0,3548
2024-10-25 14:00:00,19206.999,19243.038,19191.841,19191.841,3550,1910,0,3550
2024-10-25 15:00:00,19191.807,19255.655,19177.647,19247.685,3543,1910,0,3543
2024-10-25 16:00:00,19247.659,19257.483,19198.877,19198.877,3543,1920,0,3543
2024-10-25 17:00:00,19198.856,19198.856,19157.114,19157.114,3551,1910,0,3551
2024-10-25 18:00:00,19157.088,19223.393,19151.067,19220.989,3547,1910,0,3547
2024-10-25 19:00:00,19220.967,19258.42,19211.819,19224.082,3555,1920,0,3555
2024-10-25 20:00:00,19224.051,19224.051,19152.503,19152.503,3536,1910,0,3536
2024-10-25 21:00:00,19152.474,19152.474,19110.468,19124.041,3555,1910,0,3555
2024-10-25 22:00:00,19124.027,19203.053,19098.349,19202.834,3546,1900,0,3546
2024-10-25 23:00:00,19202.817,19254.946,19189.319,19209.207,3558,1910,0,3558
2024-10-26 00:00:00,19209.202,19327.198,19194.499,19316.184,3554,1910,0,3554
2024-10-26 01:00:00,19316.151,19335.187,19301.662,19315.442,3546,1930,0,3546
2024-10-26 02:00:00,19315.437,19315.437,19258.533,19258.533,3542,1920,0,3542
2024-10-26 03:00:00,19258.51,19258.51,19206.135,19206.135,3549,1920,0,3549
2024-10-26 04:00:00,19206.117,19206.117,19161.346,19163.905,3554,1910,0,3554
2024-10-26 05:00:00,19163.896,19236.55,19146.81,19186.459,3555,1910,0,3555
2024-10-26 06:00:00,19186.437,19191.702,19136.328,19189.449,3548,1910,0,3548
2024-10-26 07:00:00,19189.428,19189.428,19127.294,19136.756,3550,1910,0,3550
2024-10-26 08:00:00,19136.747,19136.747,19104.043,19123.359,3548,1910,0,3548
2024-10-26 09:00:00,19123.341,19169.403,19101.637,19165.025,3531,1910,0,3531
2024-10-26 10:00:00,19165.019,19165.019,19108.07,19141.774,3545,1910,0,3545
2024-10-26 11:00:00,19141.771,19213.102,19113.536,19207.824,3552,1910,0,3552
2024-10-26 12:00:00,19207.811,19266.333,19196.697,19262.27,3553,1910,0,3553
2024-10-26 13:00:00,19262.226,19314.654,19245.385,19310.69,3560,1920,0,3560
2024-10-26 14:00:00,19310.677,19329.675,19290.005,19315.532,3556,1920,0,3556
2024-10-26 15:00:00,19315.51,19315.51,19252.304,19252.304,3533,1920,0,3533
2024-10-26 16:00:00,19252.259,19344.472,19241.907,19334.012,3551,1920,0,3551
2024-10-26 17:00:00,19333.999,19333.999,19279.703,19286.508,3560,1920,0,3560
2024-10-26 18:00:00,19286.502,19304.88,19266.749,19293.362,3560,1920,0,3560
2024-10-26 19:00:00,19293.349,19406.855,19283.594,19400.934,3547,1920,0,3547
2024-10-26 20:00:00,19400.899,19411.632,19361.317,19380.36,3555,1930,0,3555
2024-10-26 21:00:00,19380.333,19422.434,19365.775,19386.018,3555,1930,0,3555
2024-10-26 22:00:00,19386.013,19386.013,19349.87,19361.678,3558,1930,0,3558
2024-10-26 23:00:00,19361.672,19402.232,19323.576,19380.192,3547,1930,0,3547
2024-10-27 00:00:00,19380.167,19380.167,19327.259,19327.259,3560,1930,0,3560
2024-10-27 01:00:00,19327.247,19385.19,19303.075,19381.406,3532,1930,0,3532
2024-10-27 02:00:00,19381.406,19421.919,19347.171,19410.983,3549,1930,0,3549
2024-10-27 03:00:00,19429.813,19474.891,19414.628,19464.554,3553,1940,0,3553
2024-10-27 04:00:00,19464.548,19578.751,19451.288,19556.899,3548,1940,0,3548
2024-10-27 05:00:00,19556.898,19591.461,19548.764,19582.534,3553,1950,0,3553
2024-10-27 06:00:00,19582.494,19582.494,19528.534,19570.065,3554,1950,0,3554
2024-10-27 07:00:00,19570.042,19570.042,19515.067,19529.265,3541,1950,0,3541
2024-10-27 08:00:00,19529.256,19529.256,19471.833,19471.833,3561,1940,0,3561
2024-10-27 09:00:00,19471.805,19546.633,19456.386,19536.503,3532,1940,0,3532
2024-10-27 10:00:00,19536.472,19586.635,19523.568,19577.712,3542,1950,0,3542
2024-10-27 11:00:00,19577.678,19597.855,19543.66,19570.074,3546,1950,0,3546
2024-10-27 12:00:00,19570.05,19573.586,19527.961,19527.961,3552,1950,0,3552
2024-10-27 13:00:00,19527.915,19529.801,19476.008,19476.008,3557,1940,0,3557
2024-10-27 14:00:00,19476.001,19476.001,19405.461,19405.461,3545,1940,0,3545
2024-10-27 15:00:00,19405.437,19405.437,19334.765,19334.765,3548,1930,0,3548
2024-10-27 16:00:00,19334.748,19340.013,19302.062,19307.875,3551,1930,0,3551
2024-10-27 17:00:00,19307.869,19356.591,19303.419,19323.359,3547,1930,0,3547
2024-10-27 18:00:00,19323.35,19353.117,19290.464,19335.964,3541,1920,0,3541
2024-10-27 19:00:00,19335.939,19394.621,19325.433,19381.659,3545,1930,0,3545
2024-10-27 20:00:00,19381.647,19381.647,19339.848,19361.321,3550,1930,0,3550
2024-10-27 21:00:00,19361.293,19378.789,19333.729,19336.908,3543,1930,0,3543
2024-10-27 22:00:00,19336.898,19344.24,19314.021,19330.283,3562,1930,0,3562
2024-10-27 23:00:00,19330.257,19349.137,19312.495,19331.838,3553,1930,0,3553
2024-10-28 00:00:00,19331.825,19353.447,19318.303,19318.303,3549,1930,0,3549
2024-10-28 01:00:00,19318.278,19347.591,19300.754,19342.457,3560,1930,0,3560
2024-10-28 02:00:00,19342.451,19352.165,19319.663,19329.304,3559,1930,0,3559
2024-10-28 03:00:00,19329.297,19343.126,19289.238,19289.238,3552,1920,0,3552
2024-10-28 04:00:00,19289.237,19383.067,19285.696,19359.098,3551,1920,0,3551
2024-10-28 05:00:00,19359.075,19443.082,19355.58,19388.564,3550,1930,0,3550
2024-10-28 06:00:00,19388.543,19465.237,19379.048,19434.921,3548,1930,0,3548
2024-10-28 07:00:00,19434.893,19470.542,19410.161,19410.161,3550,1940,0,3550
2024-10-28 08:00:00,19410.137,19432.1,19393.9,19406.79,3554,1930,0,3554
2024-10-28 09:00:00,19406.767,19423.152,19375.768,19421.361,3538,1930,0,3538
2024-10-28 10:00:00,19421.334,19449.339,19381.101,19443.613,3540,1930,0,3540
2024-10-28 11:00:00,19443.58,19491.068,19430.28,19445.633,3540,1940,0,3540
2024-10-28 12:00:00,19445.61,19457.704,19400.37,19410.945,3553,1940,0,3553
2024-10-28 13:00:00,19410.918,19431.741,19370.289,19370.289,3554,1930,0,3554
2024-10-28 14:00:00,19370.283,19390.46,19335.047,19389.158,3555,1930,0,3555
2024-10-28 15:00:00,19389.103,19435.558,19381.684,19403.39,3545,1930,0,3545
2024-10-28 16:00:00,19403.362,19470.345,19389.095,19444.422,3549,1930,0,3549
2024-10-28 17:00:00,19444.419,19444.419,19413.376,19416.284,3564,1940,0,3564
2024-10-28 18:00:00,19416.278,19473.827,19404.767,19454.425,3556,1940,0,3556
2024-10-28 19:00:00,19454.407,19488.861,19450.038,19450.038,3551,1940,0,3551
2024-10-28 20:00:00,19450.018,19485.543,19447.607,19460.732,3553,1940,0,3553
2024-10-28 21:00:00,19460.699,19503.237,19435.655,19459.736,3554,1940,0,3554
2024-10-28 22:00:00,19459.718,19520.072,19454.78,19472.245,3549,1940,0,3549
2024-10-28 23:00:00,19472.219,19480.964,19442.018,19452.441,3549,1940,0,3549
2024-10-29 00:00:00,19452.4,19479.948,19424.087,19467.686,3542,1940,0,3542
2024-10-29 01:00:00,19467.665,19477.857,19421.336,19429.056,3549,1940,0,3549
2024-10-29 02:00:00,19429.032,19441.025,19394.713,19431.081,3547,1930,0,3547
2024-10-29 03:00:00,19431.048,19462.193,19406.726,19409.313,3552,1940,0,3552
2024-10-29 04:00:00,19409.288,19471.267,19384.638,19456.197,3548,1930,0,3548
2024-10-29 05:00:00,19456.195,19515.729,19451.29,19466.924,3559,1940,0,3559
2024-10-29 06:00:00,19466.87,19501.302,19446.423,19485.895,3551,1940,0,3551
2024-10-29 07:00:00,19485.883,19564.057,19461.46,19550.365,3569,1940,0,3569
2024-10-29 08:00:00,19550.328,19567.981,19522.18,19539.783,3543,1950,0,3543
2024-10-29 09:00:00,19539.775,19542.55,19494.791,19507.015,3558,1940,0,3558
2024-10-29 10:00:00,19507.011,19507.011,19455.168,19471.047,3537,1940,0,3537
2024-10-29 11:00:00,19471.04,19486.22,19454.83,19454.83,3540,1940,0,3540
2024-10-29 12:00:00,19454.817,19464.757,19429.311,19429.311,3545,1940,0,3545
2024-10-29 13:00:00,19429.306,19429.306,19360.088,19360.088,3558,1930,0,3558
2024-10-29 14:00:00,19360.06,19368.977,19332.509,19360.143,3545,1930,0,3545
2024-10-29 15:00:00,19360.132,19417.802,19338.198,19400.0,3558,1930,0,3558
2024-10-29 16:00:00,19399.921,19497.843,19396.664,19497.668,3547,1940,0,3547
2024-10-29 17:00:00,19497.666,19508.971,19478.363,19498.431,3552,1940,0,3552
2024-10-29 18:00:00,19498.398,19498.398,19450.451,19470.362,3558,1940,0,3558
2024-10-29 19:00:00,19470.362,19497.935,19449.46,19463.263,3532,1940,0,3532
2024-10-29 20:00:00,19463.239,19483.374,19442.091,19446.358,3554,1940,0,3554
2024-10-29 21:00:00,19446.346,19463.417,19426.841,19431.417,3545,1940,0,3545
2024-10-29 22:00:00,19431.396,19434.368,19378.362,19378.362,3550,1930,0,3550
2024-10-29 23:00:00,19378.35,19393.783,19355.701,19385.416,3549,1930,0,3549
2024-10-30 00:00:00,19385.404,19420.112,19372.509,19372.509,3554,1930,0,3554
2024-10-30 01:00:00,19372.462,19408.945,19361.149,19394.792,3548,1930,0,3548
2024-10-30 02:00:00,19394.759,19394.759,19336.895,19354.556,3549,1930,0,3549
2024-10-30 03:00:00,19354.535,19426.311,19346.597,19420.301,3551,1930,0,3551
2024-10-30 04:00:00,19420.271,19451.371,19390.615,19390.615,3553,1930,0,3553
2024-10-30 05:00:00,19390.592,19418.149,19385.982,19390.597,3551,1930,0,3551
2024-10-30 06:00:00,19390.573,19400.929,19341.372,19355.143,3551,1930,0,3551
2024-10-30 07:00:00,19355.142,19379.788,19327.642,19358.299,3542,1930,0,3542
2024-10-30 08:00:00,19358.29,19389.512,19321.835,19373.613,3553,1930,0,3553
2024-10-30 09:00:00,19373.552,19424.669,19362.572,19393.94,3546,1930,0,3546
2024-10-30 10:00:00,19393.913,19449.229,19382.597,19415.547,3550,1930,0,3550
2024-10-30 11:00:00,19415.536,19415.536,19349.279,19354.66,3544,1930,0,3544
2024-10-30 12:00:00,19354.645,19386.77,19320.541,19382.327,3559,1930,0,3559
2024-10-30 13:00:00,19382.316,19382.316,19345.876,19376.599,3534,1930,0,3534
2024-10-30 14:00:00,19376.555,19433.904,19357.646,19421.446,3553,1930,0,3553
2024-10-30 15:00:00,19421.436,19421.436,19381.936,19381.936,3542,1930,0,3542
2024-10-30 16:00:00,19381.906,19444.767,19339.996,19442.275,3544,1930,0,3544
2024-10-30 17:00:00,19442.241,19442.241,19376.917,19376.917,3560,1930,0,3560
2024-10-30 18:00:00,19376.911,19446.37,19354.187,19443.48,3550,1930,0,3550
2024-10-30 19:00:00,19443.429,19523.884,19439.307,19513.021,3556,1940,0,3556
2024-10-30 20:00:00,19513.014,19537.405,19474.815,19536.965,3547,1940,0,3547
2024-10-30 21:00:00,19536.95,19536.95,19472.758,19472.758,3543,1940,0,3543
2024-10-30 22:00:00,19472.733,19472.733,19410.679,19444.397,3545,1940,0,3545
2024-10-30 23:00:00,19444.368,19462.646,19425.129,19428.531,3552,1940,0,3552
2024-10-31 00:00:00,19428.525,19457.497,19409.545,19419.926,3549,1940,0,3549
2024-10-31 01:00:00,19419.899,19419.899,19371.56,19374.515,3544,1930,0,3544
2024-10-31 02:00:00,19374.495,19410.309,19351.309,19398.754,3547,1930,0,3547
2024-10-31 03:00:00,19398.753,19402.068,19356.294,19356.294,3559,1930,0,3559
2024-10-31 04:00:00,19356.283,19363.197,19314.011,19314.011,3551,1930,0,3551
2024-10-31 05:00:00,19313.975,19313.975,19256.854,19300.699,3559,1920,0,3559
2024-10-31 06:00:00,19300.662,19300.662,19250.558,19283.855,3548,1920,0,3548
2024-10-31 07:00:00,19283.848,19283.848,19237.291,19237.291,3533,1920,0,3533
2024-10-31 08:00:00,19237.275,19268.094,19208.29,19265.997,3543,1920,0,3543
2024-10-31 09:00:00,19265.984,19301.026,19231.785,19245.347,3557,1920,0,3557
2024-10-31 10:00:00,19245.337,19302.963,19241.435,19269.747,3541,1920,0,3541
2024-10-31 11:00:00,19269.723,19269.723,19230.781,19230.781,3547,1920,0,3547
2024-10-31 12:00:00,19230.736,19254.619,19207.84,19231.166,3536,1920,0,3536
2024-10-31 13:00:00,19231.13,19364.447,19223.901,19346.07,3544,1920,0,3544
2024-10-31 14:00:00,19346.053,19382.41,19337.119,19377.01,3543,1930,0,3543
2024-10-31 15:00:00,19376.984,19410.429,19368.083,19374.617,3562,1930,0,3562
2024-10-31 16:00:00,19374.585,19478.571,19371.075,19448.731,3546,1930,0,3546
2024-10-31 17:00:00,19448.728,19491.196,19433.727,19473.043,3534,1940,0,3534
2024-10-31 18:00:00,19472.997,19472.997,19409.563,19430.731,3550,1940,0,3550
2024-10-31 19:00:00,19430.713,19441.907,19410.175,19415.262,3555,1940,0,3555
2024-10-31 20:00:00,19415.256,19532.513,19413.339,19498.807,3544,1940,0,3544
2024-10-31 21:00:00,19498.794,19536.267,19479.984,19523.241,3551,1940,0,3551
2024-10-31 22:00:00,19523.221,19583.295,19481.301,19583.25,3559,1940,0,3559
2024-10-31 23:00:00,19583.23,19780.458,19581.136,19776.853,3542,1950,0,3542
2024-11-01 00:00:00,19776.812,19854.48,19771.647,19829.115,3555,1970,0,3555
2024-11-01 01:00:00,19829.073,19829.073,19786.803,19791.95,3553,1970,0,3553
2024-11-01 02:00:00,19791.936,19809.26,19773.902,19777.428,3544,1970,0,3544
2024-11-01 03:00:00,19777.402,19777.402,19715.106,19715.106,3546,1970,0,3546
2024-11-01 04:00:00,19715.103,19770.126,19698.607,19765.227,3540,1970,0,3540
2024-11-01 05:00:00,19765.206,19852.786,19747.312,19842.693,3554,1970,0,3554
2024-11-01 06:00:00,19842.662,19931.047,19823.899,19901.025,3551,1980,0,3551
2024-11-01 07:00:00,19900.984,19902.351,19853.023,19889.817,3550,1980,0,3550
2024-11-01 08:00:00,19889.794,19899.164,19855.713,19855.713,3551,1980,0,3551
2024-11-01 09:00:00,19855.696,19864.938,19817.124,19860.513,3547,1980,0,3547
2024-11-01 10:00:00,19860.48,19860.48,19798.282,19817.303,3560,1980,0,3560
2024-11-01 11:00:00,19817.285,19935.521,19813.393,19928.042,3537,1980,0,3537
2024-11-01 12:00:00,19928.011,19991.477,19904.134,19978.021,3552,1990,0,3552
2024-11-01 13:00:00,19977.985,20003.624,19958.162,19960.809,3538,1990,0,3538
2024-11-01 14:00:00,19960.774,19960.774,19922.591,19939.017,3547,1990,0,3547
2024-11-01 15:00:00,19938.982,19976.622,19920.297,19921.294,3543,1990,0,3543
2024-11-01 16:00:00,19921.281,19939.932,19887.464,19933.067,3545,1980,0,3545
2024-11-01 17:00:00,19933.067,19999.923,19898.407,19996.333,3542,1990,0,3542
2024-11-01 18:00:00,19996.308,20021.036,19963.969,19981.409,3547,1990,0,3547
2024-11-01 19:00:00,19981.392,19981.392,19912.117,19912.117,3551,1990,0,3551
2024-11-01 20:00:00,19912.095,19916.909,19878.49,19895.121,3543,1980,0,3543
2024-11-01 21:00:00,19895.091,19952.651,19889.079,19951.141,3544,1980,0,3544
2024-11-01 22:00:00,19951.105,19989.415,19938.621,19938.621,3545,1990,0,3545
2024-11-01 23:00:00,19938.615,19968.598,19911.994,19963.63,3545,1990,0,3545
2024-11-02 00:00:00,19963.603,20017.484,19941.671,20015.517,3556,1990,0,3556
2024-11-02 01:00:00,20015.502,20032.188,19996.679,20001.56,3555,1990,0,3555
2024-11-02 02:00:00,20001.552,20046.127,19999.742,20025.306,3558,2000,0,3558
2024-11-02 03:00:00,20025.266,20025.266,19980.323,20005.365,3551,1990,0,3551
2024-11-02 04:00:00,20005.36,20078.763,20004.989,20037.117,3552,2000,0,3552
2024-11-02 05:00:00,20037.097,20095.324,20030.7,20073.097,3547,2000,0,3547
2024-11-02 06:00:00,20073.073,20090.875,20050.93,20065.608,3547,2000,0,3547
2024-11-02 07:00:00,20065.591,20090.529,20053.152,20065.643,3540,2000,0,3540
2024-11-02 08:00:00,20065.632,20078.496,20043.78,20056.436,3552,2000,0,3552
2024-11-02 09:00:00,20056.436,20080.644,20035.621,20044.017,3549,2000,0,3549
2024-11-02 10:00:00,20043.98,20043.98,20005.686,20013.682,3543,2000,0,3543
2024-11-02 11:00:00,20013.68,20028.599,19963.066,19963.066,3552,1990,0,3552
2024-11-02 12:00:00,19963.055,20004.263,19952.643,19965.719,3544,1990,0,3544
2024-11-02 13:00:00,19965.715,19965.715,19921.0,19929.057,3557,1990,0,3557
2024-11-02 14:00:00,19929.041,19947.229,19910.303,19935.248,3553,1990,0,3553
2024-11-02 15:00:00,19935.226,20140.531,19928.657,20136.276,3549,1990,0,3549
2024-11-02 16:00:00,20136.259,20136.259,20066.076,20066.076,3551,2000,0,3551
2024-11-02 17:00:00,20066.038,20073.327,20032.866,20062.632,3545,2000,0,3545
2024-11-02 18:00:00,20062.618,20111.97,20059.993,20059.993,3551,2000,0,3551
2024-11-02 19:00:00,20059.974,20165.137,20054.574,20146.364,3549,2000,0,3549
2024-11-02 20:00:00,20146.343,20164.122,20119.86,20138.574,3548,2010,0,3548
2024-11-02 21:00:00,20138.569,20185.818,20121.155,20173.804,3553,2010,0,3553
2024-11-02 22:00:00,20173.801,20221.313,20155.572,20185.021,3549,2010,0,3549
2024-11-02 23:00:00,20185.01,20185.01,20120.164,20150.874,3556,2010,0,3556
2024-11-03 00:00:00,20150.844,20221.156,20136.26,20184.11,3559,2010,0,3559
2024-11-03 01:00:00,20184.086,20282.022,20177.351,20275.221,3529,2010,0,3529
2024-11-03 02:00:00,20275.2,20297.299,20258.094,20264.847,3567,2020,0,3567
2024-11-03 03:00:00,20264.822,20264.822,20201.822,20201.822,3546,2020,0,3546
2024-11-03 04:00:00,20201.791,20255.045,20193.592,20212.763,3567,2010,0,3567
2024-11-03 05:00:00,20212.755,20251.566,20206.641,20210.767,3545,2020,0,3545
2024-11-03 06:00:00,20210.72,20333.078,20207.624,20306.414,3552,2020,0,3552
2024-11-03 07:00:00,20306.376,20374.606,20295.134,20368.902,3551,2030,0,3551
2024-11-03 08:00:00,20368.886,20394.473,20336.414,20336.414,3540,2030,0,3540
2024-11-03 09:00:00,20336.4,20336.4,20294.928,20294.928,3555,2020,0,3555
2024-11-03 10:00:00,20294.91,20294.91,20225.235,20234.996,3557,2020,0,3557
2024-11-03 11:00:00,20234.974,20234.974,20185.593,20189.502,3554,2010,0,3554
2024-11-03 12:00:00,20189.488,20192.352,20131.719,20185.499,3557,2010,0,3557
2024-11-03 13:00:00,20185.462,20268.148,20158.152,20267.622,3556,2010,0,3556
2024-11-03 14:00:00,20267.622,20350.21,20231.328,20348.908,3564,2020,0,3564
2024-11-03 15:00:00,20348.903,20348.903,20298.792,20298.792,3546,2030,0,3546
2024-11-03 16:00:00,20298.787,20310.92,20248.166,20296.382,3543,2020,0,3543
2024-11-03 17:00:00,20296.342,20296.342,20225.309,20225.309,3547,2020,0,3547
2024-11-03 18:00:00,20225.302,20265.04,20214.023,20240.788,3529,2020,0,3529
2024-11-03 19:00:00,20240.788,20274.592,20213.175,20213.175,3540,2020,0,3540
2024-11-03 20:00:00,20213.16,20217.767,20162.528,20162.528,3552,2010,0,3552
2024-11-03 21:00:00,20162.521,20310.742,20144.633,20303.168,3545,2010,0,3545
2024-11-03 22:00:00,20303.13,20315.326,20278.412,20311.319,3557,2020,0,3557
2024-11-03 23:00:00,20311.303,20388.893,20294.917,20341.137,3560,2020,0,3560
2024-11-04 00:00:00,20341.124,20357.605,20297.037,20297.037,3563,2020,0,3563
2024-11-04 01:00:00,20296.99,20327.607,20275.589,20323.292,3549,2020,0,3549
2024-11-04 02:00:00,20323.263,20360.627,20310.058,20340.364,3550,2030,0,3550
2024-11-04 03:00:00,20340.349,20428.726,20294.89,20420.619,3553,2020,0,3553
2024-11-04 04:00:00,20420.584,20523.368,20399.387,20509.969,3556,2040,0,3556
2024-11-04 05:00:00,20509.945,20509.945,20469.403,20483.486,3553,2040,0,3553
2024-11-04 06:00:00,20483.461,20517.039,20480.318,20511.25,3549,2040,0,3549
2024-11-04 07:00:00,20511.24,20511.24,20436.818,20436.818,3561,2040,0,3561
2024-11-04 08:00:00,20436.802,20456.792,20400.285,20400.285,3547,2040,0,3547
2024-11-04 09:00:00,20400.264,20404.829,20376.424,20397.567,3558,2030,0,3558
2024-11-04 10:00:00,20397.553,20532.268,20396.942,20531.86,3552,2040,0,3552
2024-11-04 11:00:00,20531.85,20605.11,20513.802,20577.416,3551,2050,0,3551
2024-11-04 12:00:00,20577.369,20628.41,20561.391,20622.423,3560,2050,0,3560
2024-11-04 13:00:00,20622.416,20661.521,20609.553,20623.044,3556,2060,0,3556
2024-11-04 14:00:00,20623.026,20676.636,20607.727,20656.81,3548,2060,0,3548
2024-11-04 15:00:00,20656.802,20656.802,20590.938,20590.938,3544,2050,0,3544
2024-11-04 16:00:00,20590.929,20612.751,20566.271,20592.761,3559,2050,0,3559
2024-11-04 17:00:00,20592.753,20592.753,20551.954,20553.415,3555,2050,0,3555
2024-11-04 18:00:00,20553.414,20553.414,20484.915,20484.915,3564,2040,0,3564
2024-11-04 19:00:00,20484.891,20484.891,20449.632,20449.632,3564,2040,0,3564
2024-11-04 20:00:00,20449.599,20463.325,20420.488,20420.488,3546,2040,0,3546
2024-11-04 21:00:00,20420.47,20488.999,20398.955,20463.362,3552,2040,0,3552
2024-11-04 22:00:00,20463.324,20501.622,20416.86,20477.663,3555,2040,0,3555
2024-11-04 23:00:00,20477.656,20532.353,20472.735,20484.006,3550,2040,0,3550
2024-11-05 00:00:00,20483.971,20535.808,20472.144,20505.708,3544,2040,0,3544
2024-11-05 01:00:00,20505.697,20505.697,20450.621,20450.621,3550,2040,0,3550
2024-11-05 02:00:00,20450.601,20476.438,20410.232,20410.232,3548,2040,0,3548
2024-11-05 03:00:00,20410.21,20410.21,20356.344,20372.676,3563,2030,0,3563
2024-11-05 04:00:00,20372.652,20382.519,20340.264,20340.264,3545,2030,0,3545
2024-11-05 05:00:00,20340.259,20367.437,20320.862,20338.583,3543,2030,0,3543
2024-11-05 06:00:00,20338.54,20377.424,20335.531,20350.664,3554,2030,0,3554
2024-11-05 07:00:00,20350.652,20454.694,20349.776,20436.1,3561,2030,0,3561
2024-11-05 08:00:00,20436.085,20475.831,20381.159,20475.622,3557,2030,0,3557
2024-11-05 09:00:00,20475.598,20475.598,20426.447,20450.186,3545,2040,0,3545
2024-11-05 10:00:00,20450.157,20450.157,20374.942,20374.942,3557,2030,0,3557
2024-11-05 11:00:00,20374.941,20397.024,20320.838,20391.61,3545,2030,0,3545
2024-11-05 12:00:00,20391.565,20471.055,20385.353,20459.042,3560,2030,0,3560
2024-11-05 13:00:00,20459.032,20459.032,20423.316,20434.027,3550,2040,0,3550
2024-11-05 14:00:00,20434.007,20434.007,20360.277,20360.277,3544,2030,0,3544
2024-11-05 15:00:00,20360.264,20362.822,20317.338,20317.338,3551,2030,0,3551
2024-11-05 16:00:00,20317.324,20371.027,20290.139,20355.143,3544,2020,0,3544
2024-11-05 17:00:00,20355.112,20367.074,20335.555,20351.795,3551,2030,0,3551
2024-11-05 18:00:00,20351.784,20370.554,20315.7,20329.128,3544,2030,0,3544
2024-11-05 19:00:00,20329.111,20329.111,20254.337,20254.337,3555,2020,0,3555
2024-11-05 20:00:00,20254.316,20346.543,20239.911,20341.206,3559,2020,0,3559
2024-11-05 21:00:00,20341.178,20448.06,20333.565,20399.652,3560,2030,0,3560
2024-11-05 22:00:00,20399.61,20413.754,20362.288,20362.288,3541,2030,0,3541
2024-11-05 23:00:00,20362.229,20362.229,20310.813,20310.813,3547,2030,0,3547
2024-11-06 00:00:00,20310.808,20310.808,20237.684,20237.684,3559,2020,0,3559
2024-11-06 01:00:00,20237.643,20271.334,20218.786,20244.281,3550,2020,0,3550
2024-11-06 02:00:00,20244.251,20305.965,20231.012,20280.068,3567,2020,0,3567
2024-11-06 03:00:00,20280.038,20295.271,20236.535,20236.535,3536,2020,0,3536
2024-11-06 04:00:00,20236.473,20236.473,20195.292,20206.178,3539,2010,0,3539
2024-11-06 05:00:00,20206.157,20330.622,20196.916,20288.192,3563,2020,0,3563
2024-11-06 06:00:00,20288.183,20409.545,20272.652,20384.304,3562,2020,0,3562
2024-11-06 07:00:00,20384.282,20454.18,20370.894,20407.589,3558,2030,0,3558
2024-11-06 08:00:00,20407.573,20435.799,20386.271,20386.271,3542,2030,0,3542
2024-11-06 09:00:00,20386.256,20452.337,20382.792,20405.554,3561,2030,0,3561
2024-11-06 10:00:00,20405.541,20405.541,20370.919,20378.703,3559,2030,0,3559
2024-11-06 11:00:00,20378.681,20383.663,20338.839,20338.839,3553,2030,0,3553
2024-11-06 12:00:00,20338.816,20338.816,20265.776,20265.776,3558,2020,0,3558
2024-11-06 13:00:00,20265.736,20293.561,20251.004,20251.004,3551,2020,0,3551
2024-11-06 14:00:00,20250.993,20281.485,20232.913,20255.397,3554,2020,0,3554
2024-11-06 15:00:00,20255.37,20255.37,20202.49,20228.694,3548,2020,0,3548
2024-11-06 16:00:00,20228.652,20228.652,20170.852,20184.125,3559,2010,0,3559
2024-11-06 17:00:00,20184.106,20184.106,20119.173,20119.173,3559,2010,0,3559
2024-11-06 18:00:00,20119.167,20164.29,20069.439,20150.61,3549,2000,0,3549
2024-11-06 19:00:00,20150.607,20185.728,20142.562,20153.07,3554,2010,0,3554
2024-11-06 20:00:00,20153.037,20162.804,20125.58,20153.788,3550,2010,0,3550
2024-11-06 21:00:00,20153.781,20153.781,20109.793,20109.793,3551,2010,0,3551
2024-11-06 22:00:00,20109.75,20139.141,20083.445,20115.24,3553,2000,0,3553
2024-11-06 23:00:00,20115.209,20117.699,20087.7,20100.215,3551,2000,0,3551
2024-11-07 00:00:00,20100.182,20100.182,20047.171,20077.383,3539,2000,0,3539
2024-11-07 01:00:00,20077.378,20095.111,20049.799,20089.919,3553,2000,0,3553
2024-11-07 02:00:00,20089.904,20143.741,20078.207,20136.71,3556,2000,0,3556
2024-11-07 03:00:00,20136.651,20178.841,20125.966,20129.491,3556,2010,0,3556
2024-11-07 04:00:00,20129.466,20129.515,20090.353,20090.558,3558,2000,0,3558
2024-11-07 05:00:00,20090.55,20120.415,20072.872,20111.561,3557,2000,0,3557
2024-11-07 06:00:00,20111.533,20111.942,20086.26,20089.12,3544,2000,0,3544
2024-11-07 07:00:00,20089.108,20152.922,20087.899,20105.109,3550,2000,0,3550
2024-11-07 08:00:00,20105.104,20105.104,20062.479,20062.479,3549,2000,0,3549
2024-11-07 09:00:00,20062.452,20089.1,20053.55,20070.069,3557,2000,0,3557
2024-11-07 10:00:00,20070.042,20159.798,20062.939,20151.276,3542,2000,0,3542
2024-11-07 11:00:00,20151.198,20152.6,20081.767,20081.767,3558,2000,0,3558
2024-11-07 12:00:00,20081.763,20081.763,20038.683,20042.833,3551,2000,0,3551
2024-11-07 13:00:00,20042.821,20054.657,20026.824,20029.4,3546,2000,0,3546
2024-11-07 14:00:00,20029.364,20029.364,19994.685,20001.42,3540,1990,0,3540
2024-11-07 15:00:00,20001.401,20041.111,19987.365,20009.377,3551,1990,0,3551
2024-11-07 16:00:00,20009.347,20009.347,19935.618,19935.618,3559,1990,0,3559
2024-11-07 17:00:00,19935.595,20035.834,19924.113,20035.834,3527,1990,0,3527
2024-11-07 18:00:00,20035.816,20133.138,20023.669,20099.701,3557,2000,0,3557
2024-11-07 19:00:00,20099.683,20103.32,20050.283,20050.283,3558,2000,0,3558
2024-11-07 20:00:00,20050.254,20050.254,20000.414,20011.751,3560,2000,0,3560
2024-11-07 21:00:00,20011.746,20029.909,19972.193,20028.701,3565,1990,0,3565
2024-11-07 22:00:00,20028.66,20126.778,20009.179,20121.083,3535,2000,0,3535
2024-11-07 23:00:00,20121.054,20150.313,20092.226,20142.705,3546,2000,0,3546
2024-11-08 00:00:00,20142.669,20194.608,20134.483,20168.224,3554,2010,0,3554
2024-11-08 01:00:00,20168.214,20255.25,20144.865,20245.052,3543,2010,0,3543
2024-11-08 02:00:00,20245.041,20251.031,20210.465,20212.461,3550,2020,0,3550
2024-11-08 03:00:00,20212.431,20253.205,20208.577,20208.806,3543,2020,0,3543
2024-11-08 04:00:00,20208.79,20222.07,20176.879,20176.879,3555,2010,0,3555
2024-11-08 05:00:00,20176.871,20256.239,20164.993,20228.188,3554,2010,0,3554
2024-11-08 06:00:00,20228.175,20348.147,20228.152,20307.592,3540,2020,0,3540
2024-11-08 07:00:00,20307.555,20334.355,20286.626,20286.626,3548,2020,0,3548
2024-11-08 08:00:00,20286.586,20286.586,20221.007,20221.007,3542,2020,0,3542
2024-11-08 09:00:00,20220.99,20239.945,20206.369,20206.369,3545,2020,0,3545
2024-11-08 10:00:00,20206.362,20242.519,20192.93,20238.414,3542,2010,0,3542
2024-11-08 11:00:00,20238.392,20349.134,20234.074,20346.411,3561,2020,0,3561
2024-11-08 12:00:00,20346.379,20416.507,20345.082,20370.114,3548,2030,0,3548
2024-11-08 13:00:00,20370.068,20370.068,20324.996,20324.996,3549,2030,0,3549
2024-11-08 14:00:00,20324.984,20349.505,20300.975,20300.975,3554,2030,0,3554
2024-11-08 15:00:00,20300.945,20300.945,20229.445,20240.949,3544,2020,0,3544
2024-11-08 16:00:00,20240.931,20320.816,20223.266,20314.691,3556,2020,0,3556
2024-11-08 17:00:00,20314.69,20314.69,20253.865,20253.865,3538,2020,0,3538
2024-11-08 18:00:00,20253.841,20283.095,20194.412,20276.898,3544,2010,0,3544
2024-11-08 19:00:00,20276.853,20278.297,20222.722,20222.722,3543,2020,0,3543
2024-11-08 20:00:00,20222.706,20235.121,20184.522,20201.949,3541,2010,0,3541
2024-11-08 21:00:00,20201.948,20227.343,20170.02,20170.02,3550,2010,0,3550
2024-11-08 22:00:00,20169.977,20175.42,20137.819,20137.819,3553,2010,0,3553
2024-11-08 23:00:00,20137.793,20137.793,20065.971,20065.971,3558,2000,0,3558
2024-11-09 00:00:00,20065.964,20065.964,20011.398,20047.863,3551,2000,0,3551
2024-11-09 01:00:00,20047.826,20109.985,20025.878,20106.994,3553,2000,0,3553
2024-11-09 02:00:00,20106.974,20106.974,20066.959,20104.949,3546,2000,0,3546
2024-11-09 03:00:00,20104.948,20104.948,20047.122,20094.814,3545,2000,0,3545
2024-11-09 04:00:00,20094.805,20094.805,20052.805,20086.54,3542,2000,0,3542
2024-11-09 05:00:00,20086.529,20141.598,20079.289,20109.757,3551,2000,0,3551
2024-11-09 06:00:00,20109.711,20109.711,20069.183,20069.183,3546,2000,0,3546
2024-11-09 07:00:00,20069.159,20077.705,20024.953,20024.953,3555,2000,0,3555
2024-11-09 08:00:00,20024.934,20065.9,20013.221,20062.393,3556,2000,0,3556
2024-11-09 09:00:00,20062.385,20062.385,20010.098,20015.308,3557,2000,0,3557
2024-11-09 10:00:00,20015.287,20016.687,19977.376,20005.625,3551,1990,0,3551
2024-11-09 11:00:00,20005.605,20029.779,19985.792,19987.415,3552,1990,0,3552
2024-11-09 12:00:00,19987.411,20007.987,19968.001,19968.001,3545,1990,0,3545
2024-11-09 13:00:00,19967.973,20063.567,19959.251,20024.809,3552,1990,0,3552
2024-11-09 14:00:00,20024.761,20024.761,19989.684,19993.43,3557,1990,0,3557
2024-11-09 15:00:00,19993.415,19993.415,19948.03,19960.897,3533,1990,0,3533
2024-11-09 16:00:00,19960.863,19988.542,19926.297,19975.812,3551,1990,0,3551
2024-11-09 17:00:00,19975.797,20004.614,19963.049,19971.107,3544,1990,0,3544
2024-11-09 18:00:00,19971.06,20033.355,19958.729,20022.562,3556,1990,0,3556
2024-11-09 19:00:00,20022.508,20066.939,20004.596,20031.138,3552,2000,0,3552
2024-11-09 20:00:00,20031.13,20096.005,20028.631,20080.014,3544,2000,0,3544
2024-11-09 21:00:00,20079.967,20149.735,20062.77,20134.278,3548,2000,0,3548
2024-11-09 22:00:00,20134.258,20138.95,20105.446,20105.446,3555,2010,0,3555
2024-11-09 23:00:00,20105.434,20148.513,20086.278,20142.713,3543,2000,0,3543
2024-11-10 00:00:00,20142.713,20213.895,20127.282,20199.669,3535,2010,0,3535
2024-11-10 01:00:00,20199.661,20249.965,20185.284,20185.284,3563,2010,0,3563
2024-11-10 02:00:00,20185.256,20197.699,20132.066,20132.066,3547,2010,0,3547
2024-11-10 03:00:00,20132.042,20132.042,20080.626,20102.503,3553,2000,0,3553
2024-11-10 04:00:00,20102.503,20107.905,20056.99,20056.99,3554,2000,0,3554
2024-11-10 05:00:00,20056.967,20093.333,20046.906,20075.317,3553,2000,0,3553
2024-11-10 06:00:00,20075.301,20075.301,20003.699,20003.699,3548,2000,0,3548
2024-11-10 07:00:00,20003.674,20003.674,19944.61,19947.695,3540,1990,0,3540
2024-11-10 08:00:00,19947.688,19947.688,19910.14,19919.653,3565,1990,0,3565
2024-11-10 09:00:00,19919.62,19920.967,19856.642,19856.642,3547,1980,0,3547
2024-11-10 10:00:00,19856.628,19898.282,19816.391,19885.919,3548,1980,0,3548
2024-11-10 11:00:00,19885.908,19907.767,19866.871,19889.386,3540,1980,0,3540
2024-11-10 12:00:00,19889.362,19889.362,19837.669,19837.669,3561,1980,0,3561
2024-11-10 13:00:00,19837.638,19838.289,19805.302,19805.302,3558,1980,0,3558
2024-11-10 14:00:00,19805.283,19813.83,19772.714,19793.194,3555,1970,0,3555
2024-11-10 15:00:00,19793.16,19813.33,19770.762,19770.762,3558,1970,0,3558
2024-11-10 16:00:00,19770.756,19792.78,19730.376,19730.376,3557,1970,0,3557
2024-11-10 17:00:00,19730.341,19753.159,19703.672,19703.672,3552,1970,0,3552
2024-11-10 18:00:00,19703.638,19715.15,19666.687,19696.358,3548,1960,0,3548
2024-11-10 19:00:00,19696.351,19704.099,19670.833,19670.833,3546,1960,0,3546
2024-11-10 20:00:00,19670.814,19700.328,19635.66,19641.723,3547,1960,0,3547
2024-11-10 21:00:00,19641.715,19655.852,19599.862,19624.822,3537,1960,0,3537
2024-11-10 22:00:00,19624.799,19624.799,19553.001,19553.001,3561,1950,0,3561
2024-11-10 23:00:00,19552.994,19552.994,19497.504,19513.239,3550,1940,0,3550
2024-11-11 00:00:00,19513.215,19547.394,19483.956,19490.833,3551,1940,0,3551
2024-11-11 01:00:00,19490.798,19490.798,19456.001,19460.485,3553,1940,0,3553
2024-11-11 02:00:00,19460.477,19560.543,19437.363,19559.057,3558,1940,0,3558
2024-11-11 03:00:00,19559.021,19583.017,19526.383,19567.889,3550,1950,0,3550
2024-11-11 04:00:00,19567.888,19572.697,19521.075,19521.075,3532,1950,0,3532
2024-11-11 05:00:00,19521.034,19534.218,19477.05,19516.244,3551,1940,0,3551
2024-11-11 06:00:00,19516.241,19516.241,19459.92,19459.92,3549,1940,0,3549
2024-11-11 07:00:00,19459.894,19462.344,19435.781,19438.302,3542,1940,0,3542
2024-11-11 08:00:00,19438.269,19440.775,19404.548,19437.029,3551,1940,0,3551
2024-11-11 09:00:00,19437.018,19513.384,19423.679,19507.14,3545,1940,0,3545
2024-11-11 10:00:00,19507.121,19525.842,19490.89,19503.158,3558,1940,0,3558
2024-11-11 11:00:00,19503.139,19503.139,19439.895,19450.501,3528,1940,0,3528
2024-11-11 12:00:00,19450.487,19480.694,19440.07,19440.07,3550,1940,0,3550
2024-11-11 13:00:00,19440.055,19485.777,19430.518,19436.181,3559,1940,0,3559
2024-11-11 14:00:00,19436.172,19460.042,19406.411,19429.821,3549,1940,0,3549
2024-11-11 15:00:00,19429.789,19495.479,19420.174,19473.25,3549,1940,0,3549
2024-11-11 16:00:00,19473.227,19565.893,19454.437,19556.512,3560,1940,0,3560
2024-11-11 17:00:00,19556.492,19556.492,19507.709,19507.709,3546,1950,0,3546
2024-11-11 18:00:00,19507.703,19517.529,19462.89,19513.612,3559,1940,0,3559
2024-11-11 19:00:00,19513.587,19591.619,19501.247,19550.784,3547,1950,0,3547
2024-11-11 20:00:00,19550.77,19552.794,19518.637,19537.803,3544,1950,0,3544
2024-11-11 21:00:00,19537.775,19627.814,19536.86,19606.593,3565,1950,0,3565
2024-11-11 22:00:00,19606.573,19718.052,19601.095,19699.291,3552,1960,0,3552
2024-11-11 23:00:00,19699.289,19773.925,19673.734,19761.284,3553,1960,0,3553
2024-11-12 00:00:00,19761.249,19820.178,19752.188,19784.784,3555,1970,0,3555
2024-11-12 01:00:00,19784.758,19818.099,19769.63,19797.722,3547,1970,0,3547
2024-11-12 02:00:00,19797.72,19841.975,19794.568,19841.866,3563,1970,0,3563
2024-11-12 03:00:00,19841.839,19877.603,19823.682,19870.668,3546,1980,0,3546
2024-11-12 04:00:00,19870.659,19901.638,19856.218,19878.826,3556,1980,0,3556
2024-11-12 05:00:00,19878.826,19893.806,19834.578,19834.578,3563,1980,0,3563
2024-11-12 06:00:00,19834.554,19902.598,19814.375,19890.793,3527,1980,0,3527
2024-11-12 07:00:00,19890.771,19891.597,19843.721,19869.101,3537,1980,0,3537
2024-11-12 08:00:00,19869.085,19869.085,19819.506,19841.874,3553,1980,0,3553
2024-11-12 09:00:00,19841.86,19898.032,19822.13,19858.14,3547,1980,0,3547
2024-11-12 10:00:00,19858.118,19902.721,19854.898,19882.839,3546,1980,0,3546
2024-11-12 11:00:00,19882.804,19906.319,19844.931,19844.931,3544,1980,0,3544
2024-11-12 12:00:00,19844.926,19872.799,19825.895,19842.288,3551,1980,0,3551
2024-11-12 13:00:00,19842.287,19842.287,19777.949,19786.707,3544,1970,0,3544
2024-11-12 14:00:00,19786.67,19878.537,19781.192,19860.192,3539,1970,0,3539
2024-11-12 15:00:00,19860.174,19946.808,19856.691,19943.61,3545,1980,0,3545
2024-11-12 16:00:00,19943.597,19990.077,19908.0,19972.762,3542,1990,0,3542
2024-11-12 17:00:00,19972.753,20032.824,19961.263,19993.1,3559,1990,0,3559
2024-11-12 18:00:00,19993.083,20079.278,19975.005,20065.584,3543,1990,0,3543
2024-11-12 19:00:00,20065.553,20097.153,20058.636,20073.694,3553,2000,0,3553
2024-11-12 20:00:00,20073.691,20104.241,20046.962,20050.261,3540,2000,0,3540
2024-11-12 21:00:00,20050.255,20082.361,20033.474,20068.854,3557,2000,0,3557
2024-11-12 22:00:00,20068.827,20068.827,20013.553,20048.998,3554,2000,0,3554
2024-11-12 23:00:00,20048.993,20161.069,20040.916,20155.147,3563,2000,0,3563
2024-11-13 00:00:00,20155.107,20176.436,20122.309,20150.018,3550,2010,0,3550
2024-11-13 01:00:00,20150.005,20187.969,20141.085,20143.239,3554,2010,0,3554
2024-11-13 02:00:00,20143.223,20203.812,20111.94,20199.654,3475,2010,0,3475
2024-11-13 03:00:00,20199.649,20214.968,20180.501,20195.866,3554,2010,0,3554
2024-11-13 04:00:00,20195.856,20266.418,20188.242,20245.287,3552,2010,0,3552
2024-11-13 05:00:00,20245.275,20263.499,20217.122,20243.785,3546,2020,0,3546
2024-11-13 06:00:00,20243.74,20342.467,20227.786,20333.466,3549,2020,0,3549
2024-11-13 07:00:00,20333.429,20338.315,20305.445,20318.014,3553,2030,0,3553
2024-11-13 08:00:00,20318.008,20335.392,20296.023,20296.023,3564,2020,0,3564
2024-11-13 09:00:00,20296.014,20439.548,20293.956,20412.427,3541,2020,0,3541
2024-11-13 10:00:00,20412.419,20438.198,20387.882,20432.673,3557,2030,0,3557
2024-11-13 11:00:00,20432.651,20565.95,20393.782,20558.011,3549,2030,0,3549
2024-11-13 12:00:00,20557.981,20557.981,20504.746,20504.746,3549,2050,0,3549
2024-11-13 13:00:00,20504.732,20568.468,20478.789,20531.266,3559,2040,0,3559
2024-11-13 14:00:00,20531.253,20531.253,20458.635,20489.215,3542,2040,0,3542
2024-11-13 15:00:00,20489.21,20568.95,20488.97,20555.87,3560,2040,0,3560
2024-11-13 16:00:00,20555.862,20584.624,20540.853,20557.467,3552,2050,0,3552
2024-11-13 17:00:00,20557.447,20566.004,20538.244,20543.261,3558,2050,0,3558
2024-11-13 18:00:00,20543.242,20543.242,20475.035,20506.568,3548,2040,0,3548
2024-11-13 19:00:00,20506.554,20570.332,20484.337,20566.397,3557,2040,0,3557
2024-11-13 20:00:00,20566.391,20654.798,20547.847,20634.132,3549,2050,0,3549
2024-11-13 21:00:00,20634.124,20652.795,20608.262,20608.262,3564,2060,0,3564
2024-11-13 22:00:00,20608.227,20649.4,20595.991,20623.122,3549,2050,0,3549
2024-11-13 23:00:00,20623.074,20623.074,20558.215,20558.215,3553,2050,0,3553
2024-11-14 00:00:00,20558.215,20591.502,20548.277,20548.277,3551,2050,0,3551
2024-11-14 01:00:00,20548.243,20559.046,20512.753,20540.338,3557,2050,0,3557
2024-11-14 02:00:00,20540.319,20560.744,20510.48,20510.48,3559,2050,0,3559
2024-11-14 03:00:00,20510.458,20511.446,20464.968,20497.273,3563,2040,0,3563
2024-11-14 04:00:00,20497.26,20528.955,20476.092,20522.03,3554,2040,0,3554
2024-11-14 05:00:00,20522.015,20559.172,20498.106,20520.704,3545,2040,0,3545
2024-11-14 06:00:00,20520.675,20622.573,20498.417,20615.479,3547,2050,0,3547
2024-11-14 07:00:00,20615.455,20656.535,20584.921,20641.004,3559,2050,0,3559
2024-11-14 08:00:00,20640.992,20676.178,20617.695,20662.145,3552,2060,0,3552
2024-11-14 09:00:00,20662.127,20675.569,20618.022,20633.799,3557,2060,0,3557
2024-11-14 10:00:00,20633.782,20698.095,20620.491,20688.883,3540,2060,0,3540
2024-11-14 11:00:00,20688.883,20756.393,20680.35,20732.835,3549,2060,0,3549
2024-11-14 12:00:00,20732.814,20817.247,20731.927,20799.075,3557,2070,0,3557
2024-11-14 13:00:00,20799.052,20819.971,20788.304,20788.304,3559,2070,0,3559
2024-11-14 14:00:00,20788.272,20865.115,20766.243,20856.986,3554,2070,0,3554
2024-11-14 15:00:00,20856.971,20871.431,20840.607,20840.607,3555,2080,0,3555
2024-11-14 16:00:00,20840.597,20874.597,20795.088,20856.466,3557,2070,0,3557
2024-11-14 17:00:00,20856.418,20856.418,20793.226,20793.226,3542,2070,0,3542
2024-11-14 18:00:00,20793.185,20850.425,20784.708,20837.272,3547,2070,0,3547
2024-11-14 19:00:00,20837.266,20877.052,20813.956,20837.952,3547,2080,0,3547
2024-11-14 20:00:00,20837.949,20888.008,20834.607,20844.967,3555,2080,0,3555
2024-11-14 21:00:00,20844.921,20852.948,20804.088,20839.665,3557,2080,0,3557
2024-11-14 22:00:00,20839.665,20847.416,20789.335,20789.335,3548,2070,0,3548
2024-11-14 23:00:00,20789.315,20812.858,20745.035,20768.198,3540,2070,0,3540
2024-11-15 00:00:00,20768.16,20833.858,20764.924,20830.589,3560,2070,0,3560
2024-11-15 01:00:00,20830.557,20853.062,20810.833,20810.833,3543,2080,0,3543
2024-11-15 02:00:00,20810.808,20836.009,20789.804,20789.804,3559,2070,0,3559
2024-11-15 03:00:00,20789.773,20842.028,20771.243,20841.96,3539,2070,0,3539
2024-11-15 04:00:00,20841.936,20856.357,20800.634,20847.263,3552,2080,0,3552
2024-11-15 05:00:00,20847.26,20925.367,20829.0,20898.761,3555,2080,0,3555
2024-11-15 06:00:00,20898.747,20924.257,20873.229,20875.963,3552,2080,0,3552
2024-11-15 07:00:00,20875.955,20916.473,20874.72,20884.404,3547,2080,0,3547
2024-11-15 08:00:00,20884.373,20884.373,20825.963,20826.317,3551,2080,0,3551
2024-11-15 09:00:00,20826.312,20826.729,20783.483,20797.207,3541,2070,0,3541
2024-11-15 10:00:00,20797.155,20835.501,20780.034,20825.824,3549,2070,0,3549
2024-11-15 11:00:00,20825.808,20830.922,20798.33,20798.33,3559,2070,0,3559
2024-11-15 12:00:00,20798.302,20798.302,20746.297,20746.297,3553,2070,0,3553
2024-11-15 13:00:00,20746.282,20785.025,20708.181,20771.781,3564,2070,0,3564
2024-11-15 14:00:00,20771.735,20816.514,20763.835,20806.287,3550,2070,0,3550
2024-11-15 15:00:00,20806.274,20858.857,20795.467,20795.467,3553,2070,0,3553
2024-11-15 16:00:00,20795.454,20805.456,20762.493,20762.493,3543,2070,0,3543
2024-11-15 17:00:00,20762.469,20762.469,20714.583,20716.635,3539,2070,0,3539
2024-11-15 18:00:00,20716.629,20722.321,20673.09,20673.09,3550,2060,0,3550
2024-11-15 19:00:00,20673.082,20685.884,20649.455,20653.221,3539,2060,0,3539
2024-11-15 20:00:00,20653.178,20680.489,20629.053,20669.571,3559,2060,0,3559
2024-11-15 21:00:00,20669.546,20692.662,20636.151,20636.151,3551,2060,0,3551
2024-11-15 22:00:00,20636.112,20662.944,20615.036,20658.448,3540,2060,0,3540
2024-11-15 23:00:00,20658.441,20658.441,20585.723,20585.723,3553,2050,0,3553
2024-11-16 00:00:00,20585.702,20614.981,20571.022,20584.321,3556,2050,0,3556
2024-11-16 01:00:00,20584.279,20592.95,20525.636,20525.636,3553,2050,0,3553
2024-11-16 02:00:00,20525.593,20579.041,20510.61,20542.981,3552,2050,0,3552
2024-11-16 03:00:00,20542.965,20565.758,20520.281,20543.658,3559,2050,0,3559
2024-11-16 04:00:00,20543.617,20543.617,20494.041,20494.041,3553,2040,0,3553
2024-11-16 05:00:00,20494.017,20501.891,20454.158,20454.158,3546,2040,0,3546
2024-11-16 06:00:00,20454.139,20462.996,20411.883,20452.233,3547,2040,0,3547
2024-11-16 07:00:00,20452.2,20574.052,20451.915,20571.114,3556,2040,0,3556
2024-11-16 08:00:00,20571.111,20571.111,20496.06,20496.06,3564,2040,0,3564
2024-11-16 09:00:00,20496.026,20550.12,20461.522,20544.343,3551,2040,0,3551
2024-11-16 10:00:00,20544.325,20635.543,20534.737,20632.52,3550,2050,0,3550
2024-11-16 11:00:00,20632.518,20638.049,20574.828,20574.828,3542,2050,0,3542
2024-11-16 12:00:00,20574.814,20618.651,20572.251,20596.287,3549,2050,0,3549
2024-11-16 13:00:00,20596.277,20617.546,20566.758,20588.591,3556,2050,0,3556
2024-11-16 14:00:00,20588.544,20624.818,20572.433,20591.378,3548,2050,0,3548
2024-11-16 15:00:00,20591.362,20591.362,20526.017,20526.017,3550,2050,0,3550
2024-11-16 16:00:00,20526.011,20526.011,20451.832,20451.832,3546,2040,0,3546
2024-11-16 17:00:00,20451.83,20496.014,20427.8,20427.8,3545,2040,0,3545
2024-11-16 18:00:00,20427.789,20427.789,20370.004,20387.472,3546,2030,0,3546
2024-11-16 19:00:00,20387.468,20387.468,20321.219,20351.313,3543,2030,0,3543
2024-11-16 20:00:00,20351.309,20366.492,20317.589,20331.932,3547,2030,0,3547
2024-11-16 21:00:00,20331.915,20338.349,20308.673,20308.673,3544,2030,0,3544
2024-11-16 22:00:00,20308.673,20308.673,20261.482,20274.761,3546,2020,0,3546
2024-11-16 23:00:00,20274.746,20321.047,20266.907,20276.695,3545,2020,0,3545
2024-11-17 00:00:00,20276.66,20276.66,20209.424,20231.071,3546,2020,0,3546
2024-11-17 01:00:00,20231.052,20244.857,20174.825,20174.825,3336,2010,0,3336
2024-11-17 02:00:00,20174.817,20174.817,20133.207,20133.794,3564,2010,0,3564
2024-11-17 03:00:00,20133.761,20133.761,20062.489,20062.489,3546,2000,0,3546
2024-11-17 04:00:00,20062.462,20114.445,20047.527,20082.604,3540,2000,0,3540
2024-11-17 05:00:00,20082.587,20135.282,20064.516,20116.687,3548,2000,0,3548
2024-11-17 06:00:00,20116.672,20149.883,20100.556,20128.882,3562,2010,0,3562
2024-11-17 07:00:00,20128.872,20210.265,20120.235,20193.48,3556,2010,0,3556
2024-11-17 08:00:00,20193.48,20196.907,20160.828,20184.521,3546,2010,0,3546
2024-11-17 09:00:00,20184.504,20234.369,20157.386,20231.145,3543,2010,0,3543
2024-11-17 10:00:00,20231.128,20238.01,20196.155,20196.155,3552,2010,0,3552
2024-11-17 11:00:00,20196.154,20200.626,20152.356,20170.908,3552,2010,0,3552
2024-11-17 12:00:00,20170.887,20187.951,20146.893,20146.893,3552,2010,0,3552
2024-11-17 13:00:00,20146.865,20146.865,20105.082,20123.266,3541,2010,0,3541
2024-11-17 14:00:00,20123.26,20213.545,20109.855,20170.647,3549,2010,0,3549
2024-11-17 15:00:00,20170.631,20227.645,20166.595,20218.991,3558,2010,0,3558
2024-11-17 16:00:00,20218.974,20237.585,20172.955,20172.955,3549,2010,0,3549
2024-11-17 17:00:00,20172.938,20198.462,20157.145,20182.388,3553,2010,0,3553
2024-11-17 18:00:00,20182.367,20189.146,20150.831,20150.831,3548,2010,0,3548
2024-11-17 19:00:00,20150.824,20198.311,20134.363,20173.32,3544,2010,0,3544
2024-11-17 20:00:00,20173.299,20205.997,20142.665,20198.163,3547,2010,0,3547
2024-11-17 21:00:00,20198.132,20214.687,20175.644,20184.202,3555,2010,0,3555
2024-11-17 22:00:00,20184.192,20218.547,20158.228,20196.901,3551,2010,0,3551
2024-11-17 23:00:00,20196.897,20218.39,20170.436,20172.322,3553,2010,0,3553
2024-11-18 00:00:00,20172.305,20219.986,20146.337,20205.271,3545,2010,0,3545
2024-11-18 01:00:00,20205.262,20245.961,20204.12,20219.898,3552,2020,0,3552
2024-11-18 02:00:00,20219.87,20230.438,20174.205,20226.931,3545,2010,0,3545
2024-11-18 03:00:00,20226.9,20226.9,20196.718,20208.235,3549,2010,0,3549
2024-11-18 04:00:00,20208.234,20243.069,20178.773,20219.757,3549,2010,0,3549
2024-11-18 05:00:00,20219.729,20295.938,20190.226,20290.113,3555,2010,0,3555
2024-11-18 06:00:00,20290.082,20290.082,20226.209,20227.767,3548,2020,0,3548
2024-11-18 07:00:00,20227.765,20261.676,20196.33,20254.429,3546,2010,0,3546
2024-11-18 08:00:00,20254.389,20272.851,20222.348,20270.702,3547,2020,0,3547
2024-11-18 09:00:00,20270.682,20330.614,20267.794,20322.925,3559,2020,0,3559
2024-11-18 10:00:00,20322.924,20322.924,20257.169,20257.169,3553,2020,0,3553
2024-11-18 11:00:00,20257.157,20302.419,20229.697,20301.817,3553,2020,0,3553
2024-11-18 12:00:00,20301.804,20348.0,20296.84,20312.968,3546,2020,0,3546
2024-11-18 13:00:00,20312.953,20349.276,20297.2,20297.2,3539,2020,0,3539
2024-11-18 14:00:00,20297.177,20316.673,20274.485,20274.485,3555,2020,0,3555
2024-11-18 15:00:00,20274.463,20307.164,20239.398,20304.894,3562,2020,0,3562
2024-11-18 16:00:00,20304.878,20304.878,20261.907,20294.636,3549,2020,0,3549
2024-11-18 17:00:00,20294.622,20299.046,20263.646,20294.503,3557,2020,0,3557
2024-11-18 18:00:00,20294.473,20294.473,20247.51,20276.985,3557,2020,0,3557
2024-11-18 19:00:00,20276.962,20324.887,20237.124,20304.66,3554,2020,0,3554
2024-11-18 20:00:00,20304.643,20306.871,20268.368,20274.017,3545,2020,0,3545
2024-11-18 21:00:00,20274.01,20274.787,20209.613,20209.613,3558,2020,0,3558
2024-11-18 22:00:00,20209.603,20213.7,20170.308,20177.455,3549,2010,0,3549
2024-11-18 23:00:00,20177.421,20177.421,20112.622,20112.622,3544,2010,0,3544
2024-11-19 00:00:00,20112.602,20225.95,20104.072,20207.24,3543,2010,0,3543
2024-11-19 01:00:00,20207.195,20215.779,20143.765,20143.765,3537,2010,0,3537
2024-11-19 02:00:00,20143.754,20231.303,20142.429,20226.397,3545,2010,0,3545
2024-11-19 03:00:00,20226.364,20257.776,20197.866,20245.591,3549,2010,0,3549
2024-11-19 04:00:00,20245.571,20316.48,20207.475,20303.181,3553,2020,0,3553
2024-11-19 05:00:00,20303.152,20305.8,20257.455,20301.283,3557,2020,0,3557
2024-11-19 06:00:00,20301.268,20308.749,20252.914,20293.995,3561,2020,0,3561
2024-11-19 07:00:00,20293.959,20293.959,20220.329,20220.329,3545,2020,0,3545
2024-11-19 08:00:00,20220.327,20221.177,20188.913,20210.126,3558,2010,0,3558
2024-11-19 09:00:00,20210.124,20258.706,20204.245,20212.952,3550,2020,0,3550
2024-11-19 10:00:00,20212.926,20290.931,20204.191,20254.848,3555,2020,0,3555
2024-11-19 11:00:00,20254.847,20327.04,20250.38,20311.045,3547,2020,0,3547
2024-11-19 12:00:00,20311.038,20311.038,20253.843,20256.374,3565,2020,0,3565
2024-11-19 13:00:00,20256.353,20317.367,20251.761,20270.025,3552,2020,0,3552
2024-11-19 14:00:00,20270.0,20270.0,20200.56,20223.903,3543,2020,0,3543
2024-11-19 15:00:00,20223.878,20233.093,20183.842,20194.41,3556,2010,0,3556
2024-11-19 16:00:00,20194.397,20228.544,20187.746,20220.32,3551,2010,0,3551
2024-11-19 17:00:00,20220.294,20249.14,20209.65,20209.902,3537,2020,0,3537
2024-11-19 18:00:00,20209.874,20280.358,20207.045,20238.796,3552,2020,0,3552
2024-11-19 19:00:00,20238.772,20284.983,20215.824,20256.528,3547,2020,0,3547
2024-11-19 20:00:00,20256.478,20279.883,20225.767,20237.753,3553,2020,0,3553
2024-11-19 21:00:00,20237.713,20237.713,20164.748,20164.748,3552,2010,0,3552
2024-11-19 22:00:00,20164.747,20164.747,20121.704,20138.569,3541,2010,0,3541
2024-11-19 23:00:00,20138.563,20151.16,20114.14,20114.451,3533,2010,0,3533
2024-11-20 00:00:00,20114.395,20114.395,20050.886,20070.769,3546,2000,0,3546
2024-11-20 01:00:00,20070.758,20150.491,20064.02,20110.416,3545,2000,0,3545
2024-11-20 02:00:00,20110.366,20123.854,20074.046,20074.046,3550,2000,0,3550
2024-11-20 03:00:00,20074.035,20097.125,20035.711,20035.711,3553,2000,0,3553
2024-11-20 04:00:00,20035.709,20091.551,20016.215,20051.29,3542,2000,0,3542
2024-11-20 05:00:00,20051.259,20094.628,20046.474,20066.059,3548,2000,0,3548
2024-11-20 06:00:00,20066.057,20151.54,20044.095,20144.403,3546,2000,0,3546
2024-11-20 07:00:00,20144.4,20198.175,20136.554,20166.272,3532,2010,0,3532
2024-11-20 08:00:00,20166.245,20174.455,20138.316,20138.316,3562,2010,0,3562
2024-11-20 09:00:00,20138.298,20179.139,20104.653,20176.343,3539,2010,0,3539
2024-11-20 10:00:00,20176.326,20261.261,20144.654,20259.513,3555,2010,0,3555
2024-11-20 11:00:00,20259.481,20300.152,20254.556,20254.556,3556,2020,0,3556
2024-11-20 12:00:00,20254.539,20304.876,20236.403,20280.422,3549,2020,0,3549
2024-11-20 13:00:00,20280.391,20351.059,20279.382,20332.855,3550,2020,0,3550
2024-11-20 14:00:00,20332.825,20332.825,20292.097,20296.476,3547,2020,0,3547
2024-11-20 15:00:00,20296.43,20338.853,20251.541,20332.146,3552,2020,0,3552
2024-11-20 16:00:00,20332.121,20349.209,20314.744,20338.872,3548,2030,0,3548
2024-11-20 17:00:00,20338.868,20361.193,20321.119,20325.937,3563,2030,0,3563
2024-11-20 18:00:00,20325.921,20350.488,20309.577,20324.792,3556,2030,0,3556
2024-11-20 19:00:00,20324.761,20371.596,20322.963,20360.199,3559,2030,0,3559
2024-11-20 20:00:00,20360.159,20418.589,20348.773,20386.762,3551,2030,0,3551
2024-11-20 21:00:00,20386.724,20386.724,20326.633,20326.633,3546,2030,0,3546
2024-11-20 22:00:00,20326.613,20326.613,20254.108,20254.108,3558,2020,0,3558
2024-11-20 23:00:00,20254.099,20254.099,20206.472,20206.472,3563,2020,0,3563
2024-11-21 00:00:00,20206.443,20206.443,20136.358,20136.358,3548,2010,0,3548
2024-11-21 01:00:00,20136.34,20162.18,20122.963,20135.804,3559,2010,0,3559
2024-11-21 02:00:00,20135.782,20182.925,20124.512,20136.771,3552,2010,0,3552
2024-11-21 03:00:00,20136.742,20175.796,20118.502,20118.502,3557,2010,0,3557
2024-11-21 04:00:00,20118.482,20118.482,20060.333,20072.675,3548,2000,0,3548
2024-11-21 05:00:00,20072.658,20088.654,20047.49,20082.189,3545,2000,0,3545
2024-11-21 06:00:00,20082.182,20146.131,20077.081,20110.036,3543,2000,0,3543
2024-11-21 07:00:00,20110.025,20246.056,20101.06,20242.581,3552,2010,0,3552
2024-11-21 08:00:00,20242.573,20242.573,20185.845,20185.845,3556,2010,0,3556
2024-11-21 09:00:00,20185.835,20200.095,20148.325,20197.607,3551,2010,0,3551
2024-11-21 10:00:00,20197.577,20199.775,20132.123,20132.123,3542,2010,0,3542
2024-11-21 11:00:00,20132.117,20163.303,20105.733,20140.437,3555,2010,0,3555
2024-11-21 12:00:00,20140.419,20197.268,20138.28,20194.062,3554,2010,0,3554
2024-11-21 13:00:00,20194.053,20230.721,20176.901,20218.886,3555,2010,0,3555
2024-11-21 14:00:00,20218.883,20259.224,20217.153,20222.106,3554,2020,0,3554
2024-11-21 15:00:00,20222.1,20227.112,20163.357,20163.357,3544,2010,0,3544
2024-11-21 16:00:00,20163.334,20199.618,20158.633,20163.727,3549,2010,0,3549
2024-11-21 17:00:00,20163.699,20167.043,20139.146,20166.758,3550,2010,0,3550
2024-11-21 18:00:00,20166.712,20190.205,20149.891,20155.65,3545,2010,0,3545
2024-11-21 19:00:00,20155.599,20329.392,20154.367,20315.36,3541,2010,0,3541
2024-11-21 20:00:00,20315.331,20333.197,20294.961,20317.598,3568,2020,0,3568
2024-11-21 21:00:00,20317.576,20352.29,20303.089,20347.458,3554,2030,0,3554
2024-11-21 22:00:00,20347.435,20432.252,20343.944,20385.785,3552,2030,0,3552
2024-11-21 23:00:00,20385.779,20399.532,20355.669,20362.074,3535,2030,0,3535
2024-11-22 00:00:00,20362.073,20457.524,20326.95,20456.585,3533,2030,0,3533
2024-11-22 01:00:00,20456.566,20476.254,20403.097,20465.763,3556,2040,0,3556
2024-11-22 02:00:00,20465.748,20465.748,20411.507,20411.507,3543,2040,0,3543
2024-11-22 03:00:00,20411.471,20411.471,20375.692,20384.173,3547,2030,0,3547
2024-11-22 04:00:00,20384.172,20384.172,20334.189,20347.047,3551,2030,0,3551
2024-11-22 05:00:00,20347.013,20387.298,20338.794,20384.75,3542,2030,0,3542
2024-11-22 06:00:00,20384.729,20430.392,20374.111,20374.111,3553,2030,0,3553
2024-11-22 07:00:00,20374.099,20439.047,20372.097,20427.229,3541,2030,0,3541
2024-11-22 08:00:00,20427.182,20427.182,20370.889,20391.854,3544,2030,0,3544
2024-11-22 09:00:00,20391.845,20437.015,20378.607,20391.655,3545,2030,0,3545
2024-11-22 10:00:00,20391.598,20440.081,20360.494,20432.643,3545,2030,0,3545
2024-11-22 11:00:00,20432.625,20482.583,20412.975,20474.629,3556,2040,0,3556
2024-11-22 12:00:00,20474.612,20529.57,20461.554,20502.695,3559,2040,0,3559
2024-11-22 13:00:00,20502.66,20635.899,20493.429,20623.306,3558,2040,0,3558
2024-11-22 14:00:00,20623.302,20672.092,20598.306,20664.148,3559,2060,0,3559
2024-11-22 15:00:00,20664.12,20760.476,20655.663,20743.243,3552,2060,0,3552
2024-11-22 16:00:00,20743.218,20754.521,20707.79,20707.79,3557,2070,0,3557
2024-11-22 17:00:00,20707.74,20746.741,20689.25,20716.164,3552,2060,0,3552
2024-11-22 18:00:00,20716.137,20720.425,20673.859,20673.859,3552,2060,0,3552
2024-11-22 19:00:00,20673.826,20789.743,20651.088,20789.539,3558,2060,0,3558
2024-11-22 20:00:00,20789.515,20826.694,20758.525,20807.744,3538,2070,0,3538
2024-11-22 21:00:00,20807.737,20813.502,20784.117,20784.294,3545,2070,0,3545
2024-11-22 22:00:00,20784.272,20847.63,20766.795,20833.592,3560,2070,0,3560
2024-11-22 23:00:00,20833.589,20883.014,20820.029,20850.727,3548,2080,0,3548
2024-11-23 00:00:00,20850.696,20858.086,20787.322,20787.322,3557,2070,0,3557
2024-11-23 01:00:00,20787.3,20843.728,20765.865,20811.264,3556,2070,0,3556
2024-11-23 02:00:00,20811.209,20825.236,20791.325,20802.724,3552,2070,0,3552
2024-11-23 03:00:00,20802.698,20802.698,20727.382,20727.382,3553,2070,0,3553
2024-11-23 04:00:00,20727.347,20819.086,20723.486,20818.23,3547,2070,0,3547
2024-11-23 05:00:00,20818.224,20836.656,20784.219,20784.219,3550,2070,0,3550
2024-11-23 06:00:00,20784.175,20794.844,20737.868,20737.868,3557,2070,0,3557
2024-11-23 07:00:00,20737.847,20749.957,20707.889,20709.275,3551,2070,0,3551
2024-11-23 08:00:00,20709.273,20777.075,20688.183,20746.081,3548,2060,0,3548
2024-11-23 09:00:00,20746.043,20782.038,20724.507,20735.048,3549,2070,0,3549
2024-11-23 10:00:00,20735.039,20875.295,20730.928,20856.704,3561,2070,0,3561
2024-11-23 11:00:00,20856.683,20856.683,20809.392,20809.392,3535,2080,0,3535
2024-11-23 12:00:00,20809.379,20809.379,20755.154,20755.154,3568,2070,0,3568
2024-11-23 13:00:00,20755.103,20791.209,20739.441,20743.369,3555,2070,0,3555
2024-11-23 14:00:00,20743.353,20802.093,20718.113,20781.508,3552,2070,0,3552
2024-11-23 15:00:00,20781.503,20847.7,20780.496,20838.518,3563,2070,0,3563
2024-11-23 16:00:00,20838.5,20986.76,20809.653,20963.41,3565,2080,0,3565
2024-11-23 17:00:00,20963.407,20963.407,20910.685,20927.437,3540,2090,0,3540
2024-11-23 18:00:00,20927.435,20961.026,20923.679,20947.61,3556,2090,0,3556
2024-11-23 19:00:00,20947.61,21044.268,20942.442,21020.119,3563,2090,0,3563
2024-11-23 20:00:00,21020.111,21034.563,20977.647,20977.647,3559,2090,0,3559
2024-11-23 21:00:00,20977.64,20989.456,20936.397,20936.397,3544,2090,0,3544
2024-11-23 22:00:00,20936.395,20965.451,20926.081,20926.081,3558,2090,0,3558
2024-11-23 23:00:00,20926.063,20926.063,20849.066,20849.066,3543,2080,0,3543
2024-11-24 00:00:00,20849.057,20878.86,20810.485,20872.122,3547,2080,0,3547
2024-11-24 01:00:00,20872.067,20937.435,20865.311,20900.186,3529,2080,0,3529
2024-11-24 02:00:00,20900.155,20900.155,20833.208,20833.208,3555,2080,0,3555
2024-11-24 03:00:00,20833.181,20898.992,20800.925,20882.005,3549,2080,0,3549
2024-11-24 04:00:00,20881.991,20903.078,20854.18,20887.757,3545,2080,0,3545
2024-11-24 05:00:00,20887.746,20887.746,20836.839,20862.987,3560,2080,0,3560
2024-11-24 06:00:00,20862.95,20862.95,20793.899,20793.899,3552,2070,0,3552
2024-11-24 07:00:00,20793.897,20830.932,20784.159,20821.233,3563,2070,0,3563
2024-11-24 08:00:00,20821.223,20917.95,20813.753,20909.482,3559,2080,0,3559
2024-11-24 09:00:00,20909.465,20950.597,20878.623,20930.365,3542,2080,0,3542
2024-11-24 10:00:00,20930.359,20994.584,20901.553,20975.203,3547,2090,0,3547
2024-11-24 11:00:00,20975.195,20978.29,20944.198,20949.915,3545,2090,0,3545
2024-11-24 12:00:00,20949.907,20949.907,20909.623,20909.658,3552,2090,0,3552
2024-11-24 13:00:00,20909.658,20947.978,20884.868,20910.366,3557,2080,0,3557
2024-11-24 14:00:00,20910.338,20930.394,20885.127,20909.308,3549,2080,0,3549
2024-11-24 15:00:00,20909.282,20912.605,20874.438,20888.598,3542,2080,0,3542
2024-11-24 16:00:00,20888.592,20888.592,20835.031,20835.031,3538,2080,0,3538
2024-11-24 17:00:00,20835.009,20872.83,20773.528,20865.323,3553,2070,0,3553
2024-11-24 18:00:00,20865.308,20865.308,20803.845,20805.461,3555,2080,0,3555
2024-11-24 19:00:00,20805.439,20823.112,20776.778,20797.471,3545,2070,0,3545
2024-11-24 20:00:00,20797.461,20833.717,20781.115,20788.412,3554,2070,0,3554
2024-11-24 21:00:00,20788.407,20803.031,20767.211,20771.121,3553,2070,0,3553
2024-11-24 22:00:00,20771.093,20771.093,20695.132,20695.132,3541,2060,0,3541
2024-11-24 23:00:00,20695.118,20695.118,20638.476,20638.476,3534,2060,0,3534
2024-11-25 00:00:00,20638.444,20638.782,20598.496,20598.496,3551,2050,0,3551
2024-11-25 01:00:00,20598.482,20659.237,20596.827,20642.905,3549,2050,0,3549
2024-11-25 02:00:00,20642.897,20642.897,20568.75,20568.75,3550,2050,0,3550
2024-11-25 03:00:00,20568.707,20613.013,20551.368,20606.863,3555,2050,0,3555
2024-11-25 04:00:00,20606.813,20606.813,20556.182,20556.182,3550,2050,0,3550
2024-11-25 05:00:00,20556.153,20632.13,20538.556,20624.213,3552,2050,0,3552
2024-11-25 06:00:00,20624.163,20624.163,20557.053,20557.053,3554,2050,0,3554
2024-11-25 07:00:00,20557.027,20569.364,20515.415,20515.415,3560,2050,0,3560
2024-11-25 08:00:00,20515.381,20568.147,20513.006,20567.64,3538,2050,0,3538
2024-11-25 09:00:00,20567.623,20576.947,20524.0,20545.186,3548,2050,0,3548
2024-11-25 10:00:00,20545.172,20545.172,20508.043,20508.043,3548,2050,0,3548
2024-11-25 11:00:00,20508.032,20577.612,20497.497,20553.863,3557,2040,0,3557
2024-11-25 12:00:00,20553.854,20603.398,20544.796,20554.097,3558,2050,0,3558
2024-11-25 13:00:00,20554.056,20554.056,20514.053,20514.053,3550,2050,0,3550
2024-11-25 14:00:00,20514.05,20566.74,20479.97,20546.02,3549,2040,0,3549
2024-11-25 15:00:00,20545.981,20558.44,20516.174,20554.252,3553,2050,0,3553
2024-11-25 16:00:00,20554.233,20556.941,20504.332,20504.332,3558,2050,0,3558
2024-11-25 17:00:00,20504.32,20526.258,20492.921,20492.921,3558,2040,0,3558
2024-11-25 18:00:00,20492.895,20551.187,20461.165,20549.204,3563,2040,0,3563
2024-11-25 19:00:00,20549.167,20549.167,20502.73,20526.462,3543,2050,0,3543
2024-11-25 20:00:00,20526.447,20527.842,20485.104,20504.169,3558,2040,0,3558
2024-11-25 21:00:00,20504.134,20514.387,20469.021,20485.645,3544,2040,0,3544
2024-11-25 22:00:00,20485.629,20485.629,20414.734,20414.734,3550,2040,0,3550
2024-11-25 23:00:00,20414.726,20429.955,20380.136,20403.38,3552,2030,0,3552
2024-11-26 00:00:00,20403.347,20425.913,20383.678,20400.352,3550,2030,0,3550
2024-11-26 01:00:00,20400.342,20400.342,20343.292,20370.754,3552,2030,0,3552
2024-11-26 02:00:00,20370.754,20374.752,20318.646,20374.371,3547,2030,0,3547
2024-11-26 03:00:00,20374.37,20393.721,20359.336,20388.646,3548,2030,0,3548
2024-11-26 04:00:00,20388.632,20393.056,20339.839,20339.839,3544,2030,0,3544
2024-11-26 05:00:00,20339.828,20357.13,20297.036,20351.912,3553,2020,0,3553
2024-11-26 06:00:00,20351.901,20375.857,20329.016,20366.433,3552,2030,0,3552
2024-11-26 07:00:00,20366.418,20395.704,20347.806,20381.657,3545,2030,0,3545
2024-11-26 08:00:00,20381.651,20406.76,20342.151,20368.669,3547,2030,0,3547
2024-11-26 09:00:00,20368.641,20368.641,20307.986,20307.986,3554,2030,0,3554
2024-11-26 10:00:00,20307.959,20397.638,20307.338,20373.014,3553,2030,0,3553
2024-11-26 11:00:00,20372.988,20390.893,20326.095,20326.095,3560,2030,0,3560
2024-11-26 12:00:00,20326.086,20326.086,20296.255,20303.797,3556,2020,0,3556
2024-11-26 13:00:00,20303.765,20387.663,20277.056,20362.799,3548,2020,0,3548
2024-11-26 14:00:00,20362.793,20391.648,20346.694,20387.773,3542,2030,0,3542
2024-11-26 15:00:00,20387.762,20498.159,20378.381,20480.575,3553,2030,0,3553
2024-11-26 16:00:00,20480.54,20565.196,20450.68,20538.392,3552,2040,0,3552
2024-11-26 17:00:00,20538.365,20563.759,20510.886,20510.886,3543,2050,0,3543
2024-11-26 18:00:00,20510.886,20510.886,20466.193,20485.23,3553,2040,0,3553
2024-11-26 19:00:00,20485.213,20616.551,20451.547,20615.062,3537,2040,0,3537
2024-11-26 20:00:00,20615.039,20638.562,20582.817,20633.506,3544,2050,0,3544
2024-11-26 21:00:00,20633.481,20663.809,20610.401,20610.401,3556,2060,0,3556
2024-11-26 22:00:00,20610.394,20712.09,20604.028,20684.54,3563,2060,0,3563
2024-11-26 23:00:00,20684.516,20717.188,20661.783,20671.515,3558,2060,0,3558
2024-11-27 00:00:00,20671.491,20750.214,20669.596,20725.523,3549,2060,0,3549
2024-11-27 01:00:00,20725.519,20763.04,20711.308,20739.076,3542,2070,0,3542
2024-11-27 02:00:00,20739.066,20767.633,20706.468,20746.665,3550,2070,0,3550
2024-11-27 03:00:00,20746.655,20773.642,20724.281,20746.409,3552,2070,0,3552
2024-11-27 04:00:00,20746.369,20773.642,20713.844,20734.047,3553,2070,0,3553
2024-11-27 05:00:00,20734.033,20764.188,20697.519,20748.734,3562,2060,0,3562
2024-11-27 06:00:00,20748.721,20792.447,20717.205,20789.763,3539,2070,0,3539
2024-11-27 07:00:00,20789.731,20804.136,20747.118,20779.319,3553,2070,0,3553
2024-11-27 08:00:00,20779.284,20787.442,20744.679,20757.492,3548,2070,0,3548
2024-11-27 09:00:00,20757.49,20830.407,20730.2,20826.187,3547,2070,0,3547
2024-11-27 10:00:00,20826.178,20858.69,20818.351,20826.946,3545,2080,0,3545
2024-11-27 11:00:00,20826.921,20826.921,20751.96,20751.96,3543,2070,0,3543
2024-11-27 12:00:00,20751.946,20751.946,20707.55,20713.972,3552,2070,0,3552
2024-11-27 13:00:00,20713.94,20751.587,20709.194,20712.432,3538,2070,0,3538
2024-11-27 14:00:00,20712.389,20804.888,20703.238,20752.788,3548,2070,0,3548
2024-11-27 15:00:00,20752.785,20802.977,20734.846,20743.488,3556,2070,0,3556
2024-11-27 16:00:00,20743.46,20747.482,20704.37,20728.329,3557,2070,0,3557
2024-11-27 17:00:00,20728.314,20730.208,20683.724,20683.724,3563,2060,0,3563
2024-11-27 18:00:00,20683.693,20716.62,20662.497,20697.164,3557,2060,0,3557
2024-11-27 19:00:00,20697.149,20708.2,20655.487,20703.865,3554,2060,0,3554
2024-11-27 20:00:00,20703.854,20727.781,20673.068,20720.336,3549,2060,0,3549
2024-11-27 21:00:00,20720.317,20720.317,20660.077,20660.077,3549,2060,0,3549
2024-11-27 22:00:00,20660.05,20668.387,20614.791,20667.393,3543,2060,0,3543
2024-11-27 23:00:00,20667.39,20667.39,20593.09,20593.09,3555,2050,0,3555
2024-11-28 00:00:00,20593.084,20603.431,20561.92,20561.92,3551,2050,0,3551
2024-11-28 01:00:00,20561.919,20587.743,20529.898,20529.898,3560,2050,0,3560
2024-11-28 02:00:00,20529.877,20529.877,20483.318,20483.318,3561,2040,0,3561
2024-11-28 03:00:00,20483.313,20497.518,20440.09,20479.698,3559,2040,0,3559
2024-11-28 04:00:00,20479.672,20556.346,20475.757,20549.403,3538,2040,0,3538
2024-11-28 05:00:00,20549.386,20618.341,20534.122,20602.289,3556,2050,0,3556
2024-11-28 06:00:00,20602.288,20602.288,20534.748,20534.748,3555,2050,0,3555
2024-11-28 07:00:00,20534.695,20560.924,20512.4,20512.4,3550,2050,0,3550
2024-11-28 08:00:00,20512.385,20515.74,20459.252,20459.252,3548,2040,0,3548
2024-11-28 09:00:00,20459.225,20459.225,20408.8,20408.8,3553,2040,0,3553
2024-11-28 10:00:00,20408.785,20487.601,20396.568,20475.237,3550,2030,0,3550
2024-11-28 11:00:00,20475.233,20533.502,20458.748,20530.039,3558,2040,0,3558
2024-11-28 12:00:00,20530.012,20622.043,20523.386,20607.248,3555,2050,0,3555
2024-11-28 13:00:00,20607.241,20613.329,20565.727,20594.444,3540,2050,0,3540
2024-11-28 14:00:00,20594.431,20667.57,20593.036,20649.928,3556,2050,0,3556
2024-11-28 15:00:00,20649.899,20649.899,20595.826,20607.598,3550,2050,0,3550
2024-11-28 16:00:00,20607.577,20627.673,20602.302,20608.675,3552,2060,0,3552
2024-11-28 17:00:00,20608.674,20628.472,20574.596,20615.407,3547,2050,0,3547
2024-11-28 18:00:00,20615.4,20665.948,20597.615,20658.646,3550,2050,0,3550
2024-11-28 19:00:00,20658.627,20658.627,20612.215,20612.215,3548,2060,0,3548
2024-11-28 20:00:00,20612.178,20679.954,20610.375,20625.814,3561,2060,0,3561
2024-11-28 21:00:00,20625.812,20625.812,20585.265,20585.265,3557,2050,0,3557
2024-11-28 22:00:00,20585.245,20592.234,20557.412,20557.412,3556,2050,0,3556
2024-11-28 23:00:00,20557.389,20654.825,20524.566,20641.329,3561,2050,0,3561
2024-11-29 00:00:00,20641.303,20651.853,20590.611,20590.611,3550,2050,0,3550
2024-11-29 01:00:00,20590.606,20640.357,20587.908,20616.759,3533,2050,0,3533
2024-11-29 02:00:00,20616.727,20618.089,20563.594,20598.836,3563,2050,0,3563
2024-11-29 03:00:00,20598.796,20602.953,20559.553,20595.609,3557,2050,0,3557
2024-11-29 04:00:00,20595.587,20614.913,20568.469,20603.855,3553,2050,0,3553
2024-11-29 05:00:00,20603.84,20620.483,20556.611,20616.492,3545,2050,0,3545
2024-11-29 06:00:00,20616.448,20640.305,20575.39,20575.39,3553,2050,0,3553
2024-11-29 07:00:00,20575.339,20617.142,20525.8,20610.381,3546,2050,0,3546
2024-11-29 08:00:00,20610.345,20610.345,20542.807,20542.807,3547,2050,0,3547
2024-11-29 09:00:00,20542.796,20542.796,20504.839,20522.412,3554,2050,0,3554
2024-11-29 10:00:00,20522.388,20582.418,20518.352,20552.705,3539,2050,0,3539
2024-11-29 11:00:00,20552.688,20601.047,20552.607,20559.37,3540,2050,0,3540
2024-11-29 12:00:00,20559.34,20563.495,20514.809,20514.809,3553,2050,0,3553
2024-11-29 13:00:00,20514.782,20535.69,20477.188,20477.188,3554,2040,0,3554
2024-11-29 14:00:00,20477.187,20530.154,20472.443,20518.16,3559,2040,0,3559
2024-11-29 15:00:00,20518.136,20650.603,20504.098,20650.374,3556,2050,0,3556
2024-11-29 16:00:00,20650.349,20771.602,20640.332,20762.843,3550,2060,0,3550
2024-11-29 17:00:00,20762.832,20824.922,20746.356,20817.732,3541,2070,0,3541
2024-11-29 18:00:00,20817.731,20832.376,20791.881,20822.922,3553,2070,0,3553
2024-11-29 19:00:00,20822.918,20836.473,20793.74,20807.254,3553,2070,0,3553
2024-11-29 20:00:00,20807.241,20808.877,20786.094,20786.296,3551,2070,0,3551
2024-11-29 21:00:00,20786.278,20790.282,20749.373,20769.937,3553,2070,0,3553
2024-11-29 22:00:00,20769.908,20827.28,20752.597,20799.264,3553,2070,0,3553
2024-11-29 23:00:00,20799.25,20802.031,20758.458,20786.237,3560,2070,0,3560
2024-11-30 00:00:00,20786.22,20812.591,20774.689,20774.689,3561,2070,0,3561
2024-11-30 01:00:00,20774.653,20934.622,20772.66,20903.754,3554,2070,0,3554
2024-11-30 02:00:00,20903.745,20930.972,20876.478,20876.478,3546,2080,0,3546
2024-11-30 03:00:00,20876.464,20972.49,20838.826,20966.873,3556,2080,0,3556
2024-11-30 04:00:00,20966.854,20998.497,20937.511,20990.36,3551,2090,0,3551
2024-11-30 05:00:00,20990.355,20990.355,20922.063,20922.063,3551,2090,0,3551
2024-11-30 06:00:00,20922.061,20950.504,20895.643,20943.81,3550,2080,0,3550
2024-11-30 07:00:00,20943.771,20961.604,20925.679,20932.58,3558,2090,0,3558
2024-11-30 08:00:00,20932.571,20941.842,20870.66,20870.66,3549,2080,0,3549
2024-11-30 09:00:00,20870.655,20890.902,20840.504,20853.72,3541,2080,0,3541
2024-11-30 10:00:00,20853.693,20853.693,20811.954,20832.541,3551,2080,0,3551
2024-11-30 11:00:00,20832.503,20832.503,20772.042,20772.042,3555,2070,0,3555
2024-11-30 12:00:00,20772.04,20961.973,20760.74,20958.715,3551,2070,0,3551
2024-11-30 13:00:00,20958.7,21055.538,20952.66,21028.054,3548,2090,0,3548
2024-11-30 14:00:00,21028.05,21178.988,20994.561,21165.38,3554,2090,0,3554
2024-11-30 15:00:00,21165.369,21196.223,21148.636,21148.636,3557,2110,0,3557
2024-11-30 16:00:00,21148.629,21202.546,21125.9,21184.808,3550,2110,0,3550
2024-11-30 17:00:00,21184.793,21201.677,21144.78,21196.992,3549,2110,0,3549
2024-11-30 18:00:00,21196.972,21196.972,21158.218,21176.278,3566,2110,0,3566
2024-11-30 19:00:00,21176.222,21202.375,21153.51,21201.327,3550,2110,0,3550
2024-11-30 20:00:00,21201.262,21230.658,21184.212,21184.789,3553,2110,0,3553
2024-11-30 21:00:00,21184.771,21184.771,21131.205,21134.458,3555,2110,0,3555
2024-11-30 22:00:00,21134.44,21158.215,21108.864,21124.612,3568,2110,0,3568
2024-11-30 23:00:00,21124.573,21197.171,21103.822,21186.472,3567,2110,0,3567
2024-12-01 00:00:00,21186.446,21223.926,21159.117,21183.39,3550,2110,0,3550
2024-12-01 01:00:00,21183.32,21216.586,21168.061,21168.061,3547,2110,0,3547
2024-12-01 02:00:00,21168.026,21177.226,21138.417,21146.05,3555,2110,0,3555
2024-12-01 03:00:00,21146.049,21196.838,21143.015,21167.019,3564,2110,0,3564
2024-12-01 04:00:00,21166.982,21166.982,21112.655,21156.722,3553,2110,0,3553
2024-12-01 05:00:00,21156.696,21179.877,21137.942,21137.942,3558,2110,0,3558
2024-12-01 06:00:00,21137.934,21187.663,21093.562,21160.765,3553,2100,0,3553
2024-12-01 07:00:00,21160.763,21169.449,21128.534,21159.304,3559,2110,0,3559
2024-12-01 08:00:00,21159.302,21161.642,21096.1,21096.1,3557,2100,0,3557
2024-12-01 09:00:00,21096.05,21111.752,21047.952,21091.925,3557,2100,0,3557
2024-12-01 10:00:00,21091.882,21186.761,21091.74,21181.56,3552,2100,0,3552
2024-12-01 11:00:00,21181.52,21234.816,21174.832,21191.759,3557,2110,0,3557
2024-12-01 12:00:00,21191.746,21195.673,21158.188,21173.067,3547,2110,0,3547
2024-12-01 13:00:00,21173.024,21173.024,21126.557,21126.557,3538,2110,0,3538
2024-12-01 14:00:00,21126.535,21126.535,21074.276,21074.276,3550,2100,0,3550
2024-12-01 15:00:00,21074.244,21074.244,21003.785,21003.785,3553,2100,0,3553
2024-12-01 16:00:00,21003.779,21028.089,20955.149,20955.149,3560,2090,0,3560
2024-12-01 17:00:00,20955.124,20955.124,20886.317,20886.317,3556,2080,0,3556
2024-12-01 18:00:00,20886.313,20943.077,20883.849,20899.972,3555,2080,0,3555
2024-12-01 19:00:00,20899.964,20931.705,20876.898,20880.047,3546,2080,0,3546
2024-12-01 20:00:00,20880.017,20898.291,20840.119,20881.284,3549,2080,0,3549
2024-12-01 21:00:00,20881.264,20904.739,20842.304,20880.264,3545,2080,0,3545
2024-12-01 22:00:00,20880.255,20883.699,20833.75,20833.75,3543,2080,0,3543
2024-12-01 23:00:00,20833.749,20842.647,20802.915,20837.52,3547,2080,0,3547
2024-12-02 00:00:00,20837.516,20845.558,20800.309,20830.342,3548,2080,0,3548
2024-12-02 01:00:00,20830.339,20857.064,20810.647,20842.417,3550,2080,0,3550
2024-12-02 02:00:00,20842.404,20881.613,20813.365,20816.002,3553,2080,0,3553
2024-12-02 03:00:00,20815.964,20815.964,20746.115,20746.115,3551,2070,0,3551
2024-12-02 04:00:00,20746.073,20754.637,20701.538,20719.062,3565,2070,0,3565
2024-12-02 05:00:00,20719.021,20779.08,20695.069,20775.394,3544,2060,0,3544
2024-12-02 06:00:00,20775.388,20788.163,20725.28,20755.313,3544,2070,0,3544
2024-12-02 07:00:00,20755.293,20776.291,20721.211,20721.211,3557,2070,0,3557
2024-12-02 08:00:00,20721.199,20721.199,20646.984,20646.984,3555,2060,0,3555
2024-12-02 09:00:00,20646.983,20716.194,20642.267,20679.303,3556,2060,0,3556
2024-12-02 10:00:00,20679.255,20679.255,20604.961,20604.961,3553,2060,0,3553
2024-12-02 11:00:00,20604.95,20604.95,20550.944,20550.944,3558,2050,0,3558
2024-12-02 12:00:00,20550.935,20550.935,20484.588,20484.588,3551,2040,0,3551
2024-12-02 13:00:00,20484.555,20484.555,20412.741,20412.741,3547,2040,0,3547
2024-12-02 14:00:00,20412.735,20412.735,20340.168,20340.168,3551,2030,0,3551
2024-12-02 15:00:00,20340.164,20401.169,20333.451,20360.463,3544,2030,0,3544
2024-12-02 16:00:00,20360.457,20385.238,20321.036,20378.484,3553,2030,0,3553
2024-12-02 17:00:00,20378.467,20407.698,20353.432,20353.432,3553,2030,0,3553
2024-12-02 18:00:00,20353.416,20436.502,20338.139,20425.429,3543,2030,0,3543
2024-12-02 19:00:00,20425.4,20457.269,20410.973,20426.492,3552,2040,0,3552
2024-12-02 20:00:00,20426.456,20468.328,20397.184,20442.825,3549,2030,0,3549
2024-12-02 21:00:00,20442.823,20537.513,20421.383,20535.448,3551,2040,0,3551
2024-12-02 22:00:00,20535.42,20535.42,20472.417,20495.337,3559,2040,0,3559
2024-12-02 23:00:00,20495.325,20571.797,20481.298,20559.559,3536,2040,0,3536
2024-12-03 00:00:00,20559.555,20608.697,20553.544,20580.514,3556,2050,0,3556
2024-12-03 01:00:00,20580.503,20580.503,20508.887,20508.887,3555,2050,0,3555
2024-12-03 02:00:00,20508.885,20549.017,20476.662,20530.031,3555,2040,0,3555
2024-12-03 03:00:00,20530.008,20617.076,20517.243,20595.516,3552,2050,0,3552
2024-12-03 04:00:00,20595.512,20595.512,20550.408,20550.408,3549,2050,0,3549
2024-12-03 05:00:00,20550.395,20550.395,20477.105,20477.105,3557,2040,0,3557
2024-12-03 06:00:00,20477.08,20477.08,20414.503,20418.219,3562,2040,0,3562
2024-12-03 07:00:00,20418.19,20494.162,20414.766,20484.106,3547,2040,0,3547
2024-12-03 08:00:00,20484.085,20556.301,20469.63,20520.112,3555,2040,0,3555
2024-12-03 09:00:00,20520.093,20593.765,20498.544,20590.691,3547,2040,0,3547
2024-12-03 10:00:00,20590.657,20646.492,20580.272,20591.826,3547,2050,0,3547
2024-12-03 11:00:00,20591.786,20597.056,20551.855,20593.195,3552,2050,0,3552
2024-12-03 12:00:00,20593.163,20644.832,20575.232,20634.475,3555,2050,0,3555
2024-12-03 13:00:00,20634.47,20675.596,20622.953,20650.065,3549,2060,0,3549
2024-12-03 14:00:00,20650.045,20709.063,20643.154,20704.92,3550,2060,0,3550
2024-12-03 15:00:00,20704.919,20706.691,20653.352,20659.8,3560,2060,0,3560
2024-12-03 16:00:00,20659.785,20681.648,20618.41,20618.41,3550,2060,0,3550
2024-12-03 17:00:00,20618.357,20668.905,20607.172,20607.172,3554,2060,0,3554
2024-12-03 18:00:00,20607.128,20607.128,20550.965,20585.668,3555,2050,0,3555
2024-12-03 19:00:00,20585.651,20586.527,20535.155,20535.155,3550,2050,0,3550
2024-12-03 20:00:00,20535.138,20625.864,20511.541,20625.639,3558,2050,0,3558
2024-12-03 21:00:00,20625.613,20695.685,20624.489,20631.382,3563,2060,0,3563
2024-12-03 22:00:00,20631.368,20680.075,20621.358,20663.352,3554,2060,0,3554
2024-12-03 23:00:00,20663.349,20663.349,20617.413,20629.042,3540,2060,0,3540
2024-12-04 00:00:00,20629.03,20630.844,20583.805,20589.354,3542,2050,0,3542
2024-12-04 01:00:00,20589.327,20616.668,20570.417,20573.848,3533,2050,0,3533
2024-12-04 02:00:00,20573.813,20587.027,20542.204,20542.204,3553,2050,0,3553
2024-12-04 03:00:00,20542.195,20575.384,20531.831,20547.436,3554,2050,0,3554
2024-12-04 04:00:00,20547.433,20547.433,20492.727,20492.727,3538,2040,0,3538
2024-12-04 05:00:00,20492.724,20631.972,20489.645,20619.0,3552,2040,0,3552
2024-12-04 06:00:00,20618.955,20632.443,20589.776,20589.776,3544,2050,0,3544
2024-12-04 07:00:00,20589.763,20596.286,20555.069,20555.069,3561,2050,0,3561
2024-12-04 08:00:00,20555.057,20673.267,20543.153,20666.42,3556,2050,0,3556
2024-12-04 09:00:00,20666.41,20679.425,20628.66,20628.66,3551,2060,0,3551
2024-12-04 10:00:00,20628.649,20693.804,20603.481,20674.368,3546,2060,0,3546
2024-12-04 11:00:00,20674.347,20674.347,20611.107,20611.107,3559,2060,0,3559
2024-12-04 12:00:00,20611.094,20644.752,20600.106,20602.3,3554,2060,0,3554
2024-12-04 13:00:00,20602.284,20630.572,20588.228,20597.35,3558,2050,0,3558
2024-12-04 14:00:00,20597.326,20597.326,20550.073,20584.618,3553,2050,0,3553
2024-12-04 15:00:00,20584.601,20665.271,20562.96,20626.3,3546,2050,0,3546
2024-12-04 16:00:00,20626.277,20642.9,20586.873,20616.001,3545,2050,0,3545
2024-12-04 17:00:00,20615.983,20615.983,20545.187,20545.187,3561,2050,0,3561
2024-12-04 18:00:00,20545.139,20612.273,20528.32,20595.6,3558,2050,0,3558
2024-12-04 19:00:00,20595.581,20612.839,20547.517,20601.311,3552,2050,0,3552
2024-12-04 20:00:00,20601.266,20601.266,20564.729,20564.729,3545,2050,0,3545
2024-12-04 21:00:00,20564.705,20564.705,20515.414,20515.414,3552,2050,0,3552
2024-12-04 22:00:00,20515.4,20533.042,20466.375,20466.375,3549,2040,0,3549
2024-12-04 23:00:00,20466.37,20466.37,20393.228,20393.228,3550,2030,0,3550
2024-12-05 00:00:00,20393.215,20433.422,20375.268,20421.348,3564,2030,0,3564
2024-12-05 01:00:00,20421.327,20459.716,20409.89,20453.353,3550,2040,0,3550
2024-12-05 02:00:00,20453.338,20512.414,20449.368,20502.089,3562,2040,0,3562
2024-12-05 03:00:00,20502.058,20532.82,20479.563,20527.622,3548,2040,0,3548
2024-12-05 04:00:00,20527.594,20537.118,20502.246,20502.246,3557,2050,0,3557
2024-12-05 05:00:00,20502.228,20507.741,20437.065,20437.065,3551,2040,0,3551
2024-12-05 06:00:00,20437.06,20478.992,20425.942,20461.02,3546,2040,0,3546
2024-12-05 07:00:00,20461.003,20461.003,20417.231,20417.231,3560,2040,0,3560
2024-12-05 08:00:00,20417.198,20417.198,20369.473,20384.717,3547,2030,0,3547
2024-12-05 09:00:00,20384.7,20415.706,20366.116,20387.416,3546,2030,0,3546
2024-12-05 10:00:00,20387.415,20462.591,20379.52,20403.971,3548,2030,0,3548
2024-12-05 11:00:00,20403.959,20457.352,20394.421,20447.986,3544,2030,0,3544
2024-12-05 12:00:00,20447.963,20513.665,20439.58,20467.322,3553,2040,0,3553
2024-12-05 13:00:00,20467.284,20584.586,20465.113,20574.831,3546,2040,0,3546
2024-12-05 14:00:00,20574.816,20642.473,20572.793,20602.99,3551,2050,0,3551
2024-12-05 15:00:00,20602.97,20647.37,20583.248,20613.687,3546,2050,0,3546
2024-12-05 16:00:00,20613.678,20627.79,20570.553,20570.553,3552,2050,0,3552
2024-12-05 17:00:00,20570.549,20570.549,20507.002,20507.002,3552,2050,0,3552
2024-12-05 18:00:00,20506.988,20506.988,20457.578,20464.862,3557,2040,0,3557
2024-12-05 19:00:00,20464.851,20468.562,20411.384,20461.506,3558,2040,0,3558
2024-12-05 20:00:00,20461.492,20461.492,20419.275,20419.275,3547,2040,0,3547
2024-12-05 21:00:00,20419.246,20456.361,20413.303,20437.067,3550,2040,0,3550
2024-12-05 22:00:00,20437.065,20459.327,20388.894,20445.946,3553,2030,0,3553
2024-12-05 23:00:00,20445.936,20485.712,20420.454,20463.384,3540,2040,0,3540
2024-12-06 00:00:00,20463.384,20587.201,20463.341,20569.666,3552,2040,0,3552
2024-12-06 01:00:00,20569.662,20604.979,20528.685,20595.657,3562,2050,0,3562
2024-12-06 02:00:00,20595.634,20652.695,20595.563,20615.633,3554,2050,0,3554
2024-12-06 03:00:00,20615.62,20725.953,20612.195,20698.364,3554,2060,0,3554
2024-12-06 04:00:00,20698.347,20698.347,20625.888,20625.888,3551,2060,0,3551
2024-12-06 05:00:00,20625.884,20663.684,20602.231,20663.141,3559,2060,0,3559
2024-12-06 06:00:00,20663.127,20723.381,20659.53,20711.404,3550,2060,0,3550
2024-12-06 07:00:00,20711.37,20777.809,20710.944,20751.644,3555,2070,0,3555
2024-12-06 08:00:00,20751.626,20751.626,20698.241,20705.653,3547,2060,0,3547
2024-12-06 09:00:00,20705.628,20732.396,20683.303,20714.705,3568,2060,0,3568
2024-12-06 10:00:00,20714.696,20758.887,20694.453,20728.853,3557,2060,0,3557
2024-12-06 11:00:00,20728.811,20772.361,20718.892,20744.737,3563,2070,0,3563
2024-12-06 12:00:00,20744.728,20827.251,20736.485,20782.136,3559,2070,0,3559
2024-12-06 13:00:00,20782.134,20852.591,20772.362,20829.356,3538,2070,0,3538
2024-12-06 14:00:00,20829.353,20919.447,20824.583,20873.347,3552,2080,0,3552
2024-12-06 15:00:00,20873.338,20910.092,20864.582,20904.046,3551,2080,0,3551
2024-12-06 16:00:00,20904.015,20949.346,20878.883,20937.414,3547,2080,0,3547
2024-12-06 17:00:00,20937.399,20955.35,20904.06,20904.06,3543,2090,0,3543
2024-12-06 18:00:00,20904.021,21017.177,20902.554,21007.682,3555,2090,0,3555
2024-12-06 19:00:00,21007.656,21045.238,20983.274,21028.965,3560,2090,0,3560
2024-12-06 20:00:00,21028.956,21094.093,21025.641,21091.507,3550,2100,0,3550
2024-12-06 21:00:00,21091.502,21091.502,21027.817,21027.817,3544,2100,0,3544
2024-12-06 22:00:00,21027.794,21082.064,21026.306,21054.989,3555,2100,0,3555
2024-12-06 23:00:00,21054.949,21082.337,21038.907,21061.151,3541,2100,0,3541
2024-12-07 00:00:00,21061.106,21061.106,20989.662,20989.662,3558,2090,0,3558
2024-12-07 01:00:00,20989.632,20989.632,20962.384,20964.274,3552,2090,0,3552
2024-12-07 02:00:00,20964.269,21028.703,20930.664,21009.94,3547,2090,0,3547
2024-12-07 03:00:00,21009.935,21015.727,20958.165,21004.271,3563,2090,0,3563
2024-12-07 04:00:00,21004.226,21091.7,20993.766,21076.188,3553,2090,0,3553
2024-12-07 05:00:00,21076.153,21079.115,21039.663,21039.663,3550,2100,0,3550
2024-12-07 06:00:00,21039.624,21046.206,21007.035,21007.035,3553,2100,0,3553
2024-12-07 07:00:00,21007.008,21038.474,21001.411,21004.626,3542,2100,0,3542
2024-12-07 08:00:00,21004.558,21012.159,20955.265,20955.265,3557,2090,0,3557
2024-12-07 09:00:00,20955.231,20977.695,20918.913,20938.113,3541,2090,0,3541
2024-12-07 10:00:00,20938.107,20990.499,20900.022,20966.84,3554,2090,0,3554
2024-12-07 11:00:00,20966.83,20966.83,20889.864,20889.864,3553,2080,0,3553
2024-12-07 12:00:00,20889.853,20889.853,20822.69,20836.937,3533,2080,0,3533
2024-12-07 13:00:00,20836.926,20836.926,20802.639,20802.639,3549,2080,0,3549
2024-12-07 14:00:00,20802.621,20813.424,20774.803,20774.803,3563,2070,0,3563
2024-12-07 15:00:00,20774.784,20774.784,20704.308,20731.83,3567,2070,0,3567
2024-12-07 16:00:00,20731.811,20731.811,20682.603,20694.581,3545,2060,0,3545
2024-12-07 17:00:00,20694.541,20711.324,20644.423,20644.423,3549,2060,0,3549
2024-12-07 18:00:00,20644.377,20689.343,20638.129,20664.738,3558,2060,0,3558
2024-12-07 19:00:00,20664.715,20723.477,20659.911,20721.976,3546,2060,0,3546
2024-12-07 20:00:00,20721.938,20721.938,20663.325,20663.325,3553,2060,0,3553
2024-12-07 21:00:00,20663.286,20663.286,20614.791,20614.791,3547,2060,0,3547
2024-12-07 22:00:00,20614.791,20614.791,20541.816,20541.816,3551,2050,0,3551
2024-12-07 23:00:00,20541.804,20608.367,20513.106,20599.09,3558,2050,0,3558
2024-12-08 00:00:00,20599.044,20628.181,20561.581,20606.236,3554,2050,0,3554
2024-12-08 01:00:00,20606.205,20642.452,20592.287,20604.432,3554,2050,0,3554
2024-12-08 02:00:00,20604.422,20604.422,20529.817,20529.817,3559,2050,0,3559
2024-12-08 03:00:00,20529.805,20529.805,20456.679,20456.679,3554,2040,0,3554
2024-12-08 04:00:00,20456.67,20456.67,20387.97,20387.97,3541,2030,0,3541
2024-12-08 05:00:00,20387.955,20434.985,20366.573,20434.405,3557,2030,0,3557
2024-12-08 06:00:00,20434.382,20450.842,20391.531,20435.575,3547,2030,0,3547
2024-12-08 07:00:00,20435.545,20435.545,20378.916,20378.916,3548,2030,0,3548
2024-12-08 08:00:00,20378.899,20402.554,20353.582,20375.344,3547,2030,0,3547
2024-12-08 09:00:00,20375.32,20375.32,20340.697,20349.321,3549,2030,0,3549
2024-12-08 10:00:00,20349.304,20447.013,20344.975,20423.755,3559,2030,0,3559
2024-12-08 11:00:00,20423.747,20447.551,20394.763,20404.44,3549,2030,0,3549
2024-12-08 12:00:00,20404.431,20423.319,20380.678,20406.119,3555,2030,0,3555
2024-12-08 13:00:00,20406.094,20416.56,20377.465,20377.465,3554,2030,0,3554
2024-12-08 14:00:00,20377.441,20448.63,20374.524,20445.848,3561,2030,0,3561
2024-12-08 15:00:00,20445.847,20464.867,20411.539,20411.539,3549,2040,0,3549
2024-12-08 16:00:00,20411.495,20423.531,20377.704,20377.704,3542,2030,0,3542
2024-12-08 17:00:00,20377.658,20427.252,20361.324,20389.762,3543,2030,0,3543
2024-12-08 18:00:00,20389.736,20389.736,20349.281,20360.446,3554,2030,0,3554
2024-12-08 19:00:00,20360.382,20467.69,20351.146,20437.349,3555,2030,0,3555
2024-12-08 20:00:00,20437.298,20540.342,20404.329,20537.43,3551,2040,0,3551
2024-12-08 21:00:00,20537.422,20567.459,20520.418,20520.418,3540,2050,0,3540
2024-12-08 22:00:00,20520.402,20552.197,20502.736,20544.539,3552,2050,0,3552
2024-12-08 23:00:00,20544.523,20615.557,20523.092,20612.28,3556,2050,0,3556
2024-12-09 00:00:00,20612.259,20647.409,20586.943,20586.943,3552,2050,0,3552
2024-12-09 01:00:00,20586.939,20586.939,20513.247,20513.247,3561,2050,0,3561
2024-12-09 02:00:00,20513.222,20513.222,20473.195,20473.195,3544,2040,0,3544
2024-12-09 03:00:00,20473.187,20473.187,20419.791,20419.791,3556,2040,0,3556
2024-12-09 04:00:00,20419.78,20419.78,20364.061,20390.301,3538,2030,0,3538
2024-12-09 05:00:00,20390.293,20410.825,20369.159,20383.898,3552,2030,0,3552
2024-12-09 06:00:00,20383.896,20411.887,20354.368,20378.257,3550,2030,0,3550
2024-12-09 07:00:00,20378.235,20378.235,20333.155,20333.155,3548,2030,0,3548
2024-12-09 08:00:00,20333.133,20379.754,20320.332,20376.93,3548,2030,0,3548
2024-12-09 09:00:00,20376.93,20376.93,20310.678,20328.025,3552,2030,0,3552
2024-12-09 10:00:00,20328.003,20335.684,20295.971,20328.191,3554,2020,0,3554
2024-12-09 11:00:00,20328.182,20335.005,20296.287,20326.764,3550,2020,0,3550
2024-12-09 12:00:00,20326.735,20360.621,20293.313,20349.877,3545,2020,0,3545
2024-12-09 13:00:00,20349.845,20553.147,20339.866,20530.349,3552,2030,0,3552
2024-12-09 14:00:00,20530.33,20563.316,20510.422,20510.422,3546,2050,0,3546
2024-12-09 15:00:00,20510.395,20575.608,20509.951,20553.803,3554,2050,0,3554
2024-12-09 16:00:00,20553.79,20589.288,20536.089,20570.686,3553,2050,0,3553
2024-12-09 17:00:00,20570.671,20570.671,20511.434,20511.434,3553,2050,0,3553
2024-12-09 18:00:00,20511.405,20511.405,20455.587,20481.493,3552,2040,0,3552
2024-12-09 19:00:00,20481.473,20516.007,20459.883,20500.95,3553,2040,0,3553
2024-12-09 20:00:00,20500.928,20618.915,20498.403,20591.44,3546,2050,0,3546
2024-12-09 21:00:00,20591.418,20598.351,20540.433,20540.433,3557,2050,0,3557
2024-12-09 22:00:00,20540.421,20573.959,20517.24,20534.551,3557,2050,0,3557
2024-12-09 23:00:00,20534.525,20534.525,20470.895,20470.895,3557,2040,0,3557
2024-12-10 00:00:00,20470.885,20480.67,20434.125,20459.882,3560,2040,0,3560
2024-12-10 01:00:00,20459.841,20466.525,20409.456,20456.672,3551,2040,0,3551
2024-12-10 02:00:00,20456.643,20470.613,20423.112,20423.112,3546,2040,0,3546
2024-12-10 03:00:00,20423.091,20458.985,20394.212,20394.212,3553,2030,0,3553
2024-12-10 04:00:00,20394.207,20394.207,20329.318,20329.318,3550,2030,0,3550
2024-12-10 05:00:00,20329.314,20334.859,20282.067,20284.914,3553,2020,0,3553
2024-12-10 06:00:00,20284.874,20284.874,20220.496,20220.496,3550,2020,0,3550
2024-12-10 07:00:00,20220.478,20242.478,20184.963,20226.908,3544,2010,0,3544
2024-12-10 08:00:00,20226.902,20226.902,20194.175,20199.178,3537,2010,0,3537
2024-12-10 09:00:00,20199.175,20199.175,20136.624,20136.624,3549,2010,0,3549
2024-12-10 10:00:00,20136.607,20173.997,20132.164,20156.977,3553,2010,0,3553
2024-12-10 11:00:00,20156.968,20156.968,20097.579,20097.579,3545,2000,0,3545
2024-12-10 12:00:00,20097.545,20151.637,20090.45,20151.099,3549,2000,0,3549
2024-12-10 13:00:00,20151.066,20151.066,20104.553,20121.542,3549,2010,0,3549
2024-12-10 14:00:00,20121.537,20130.449,20080.314,20080.314,3547,2000,0,3547
2024-12-10 15:00:00,20080.274,20080.274,20032.81,20059.196,3552,2000,0,3552
2024-12-10 16:00:00,20059.192,20088.387,20040.783,20059.895,3561,2000,0,3561
2024-12-10 17:00:00,20059.874,20121.624,20052.549,20108.643,3558,2000,0,3558
2024-12-10 18:00:00,20108.637,20123.012,20084.225,20100.351,3539,2000,0,3539
2024-12-10 19:00:00,20100.348,20100.348,20036.513,20036.513,3552,2000,0,3552
2024-12-10 20:00:00,20036.505,20036.505,19976.767,19976.767,3553,1990,0,3553
2024-12-10 21:00:00,19976.759,20015.389,19960.391,19960.391,3542,1990,0,3542
2024-12-10 22:00:00,19960.357,19960.357,19924.725,19935.164,3549,1990,0,3549
2024-12-10 23:00:00,19935.159,19935.159,19863.426,19863.426,3546,1980,0,3546
2024-12-11 00:00:00,19863.413,19998.881,19855.467,19997.19,3552,1980,0,3552
2024-12-11 01:00:00,19997.172,20007.826,19957.546,19957.546,3554,1990,0,3554
2024-12-11 02:00:00,19957.523,19957.523,19911.612,19916.862,3561,1990,0,3561
2024-12-11 03:00:00,19916.853,19982.906,19901.869,19980.458,3553,1990,0,3553
2024-12-11 04:00:00,19980.439,19980.439,19914.889,19914.889,3536,1990,0,3536
2024-12-11 05:00:00,19914.882,19914.882,19876.754,19880.596,3545,1980,0,3545
2024-12-11 06:00:00,19880.582,19900.077,19851.772,19863.596,3548,1980,0,3548
2024-12-11 07:00:00,19863.596,19863.596,19794.191,19794.191,3553,1970,0,3553
2024-12-11 08:00:00,19794.177,19857.587,19784.948,19802.671,3553,1970,0,3553
2024-12-11 09:00:00,19802.658,19830.841,19795.723,19795.723,3545,1970,0,3545
2024-12-11 10:00:00,19795.711,19800.067,19760.337,19784.484,3563,1970,0,3563
2024-12-11 11:00:00,19784.46,19847.142,19752.576,19836.297,3555,1970,0,3555
2024-12-11 12:00:00,19836.277,19854.603,19786.258,19786.258,3546,1970,0,3546
2024-12-11 13:00:00,19786.252,19899.803,19785.887,19890.434,3561,1970,0,3561
2024-12-11 14:00:00,19890.414,19918.619,19863.176,19891.408,3548,1980,0,3548
2024-12-11 15:00:00,19891.387,19938.983,19869.599,19921.632,3542,1980,0,3542
2024-12-11 16:00:00,19921.619,20005.159,19905.204,19992.058,3538,1990,0,3538
2024-12-11 17:00:00,19992.058,20018.456,19947.503,20013.868,3552,1990,0,3552
2024-12-11 18:00:00,20013.817,20031.877,19976.217,20015.416,3559,1990,0,3559
2024-12-11 19:00:00,20015.413,20072.13,20013.677,20026.345,3560,2000,0,3560
2024-12-11 20:00:00,20026.343,20043.911,19990.858,20022.914,3548,1990,0,3548
2024-12-11 21:00:00,20022.899,20022.899,19970.635,19987.503,3554,1990,0,3554
2024-12-11 22:00:00,19987.49,20027.958,19950.937,20017.252,3546,1990,0,3546
2024-12-11 23:00:00,20017.243,20017.243,19962.666,19987.261,3550,1990,0,3550
2024-12-12 00:00:00,19987.234,19994.951,19945.129,19977.795,3552,1990,0,3552
2024-12-12 01:00:00,19977.759,19980.78,19950.288,19954.602,3554,1990,0,3554
2024-12-12 02:00:00,19954.578,19980.416,19918.078,19918.078,3545,1990,0,3545
2024-12-12 03:00:00,19918.074,19942.098,19880.629,19880.629,3555,1980,0,3555
2024-12-12 04:00:00,19880.607,19918.801,19863.94,19915.798,3558,1980,0,3558
2024-12-12 05:00:00,19915.779,19946.81,19892.149,19946.581,3551,1980,0,3551
2024-12-12 06:00:00,19946.57,19946.57,19886.246,19921.445,3544,1980,0,3544
2024-12-12 07:00:00,19921.39,20017.254,19917.463,20001.714,3552,1990,0,3552
2024-12-12 08:00:00,20001.701,20018.032,19959.306,20010.278,3549,1990,0,3549
2024-12-12 09:00:00,20010.245,20090.767,20006.166,20066.138,3546,2000,0,3546
2024-12-12 10:00:00,20066.092,20124.982,20056.148,20116.974,3547,2000,0,3547
2024-12-12 11:00:00,20116.957,20149.514,20106.06,20127.488,3551,2010,0,3551
2024-12-12 12:00:00,20127.477,20185.521,20114.249,20133.41,3544,2010,0,3544
2024-12-12 13:00:00,20133.4,20133.4,20086.562,20123.099,3548,2000,0,3548
2024-12-12 14:00:00,20123.06,20162.763,20120.412,20161.862,3560,2010,0,3560
2024-12-12 15:00:00,20161.851,20223.746,20151.613,20187.556,3544,2010,0,3544
2024-12-12 16:00:00,20187.516,20190.084,20142.609,20159.132,3560,2010,0,3560
2024-12-12 17:00:00,20159.118,20159.118,20093.958,20093.958,3553,2000,0,3553
2024-12-12 18:00:00,20093.942,20129.986,20074.046,20095.039,3546,2000,0,3546
2024-12-12 19:00:00,20095.036,20095.036,20037.377,20052.487,3557,2000,0,3557
2024-12-12 20:00:00,20052.472,20088.449,20034.238,20087.021,3543,2000,0,3543
2024-12-12 21:00:00,20087.002,20090.666,20048.041,20048.041,3554,2000,0,3554
2024-12-12 22:00:00,20048.015,20048.015,19993.808,20002.709,3550,1990,0,3550
2024-12-12 23:00:00,20002.693,20002.693,19931.614,19931.614,3547,1990,0,3547
2024-12-13 00:00:00,19931.599,19938.175,19891.456,19891.456,3552,1980,0,3552
2024-12-13 01:00:00,19891.416,19909.768,19871.302,19881.157,3563,1980,0,3563
2024-12-13 02:00:00,19881.157,19898.164,19868.952,19868.952,3554,1980,0,3554
2024-12-13 03:00:00,19868.95,19919.709,19867.112,19881.856,3557,1980,0,3557
2024-12-13 04:00:00,19881.826,19903.494,19859.343,19879.648,3544,1980,0,3544
2024-12-13 05:00:00,19879.622,19962.319,19877.304,19935.981,3559,1980,0,3559
2024-12-13 06:00:00,19935.959,19955.416,19920.571,19926.758,3547,1990,0,3547
2024-12-13 07:00:00,19926.741,19926.741,19881.106,19881.106,3540,1980,0,3540
2024-12-13 08:00:00,19881.102,19881.102,19835.3,19840.19,3557,1980,0,3557
2024-12-13 09:00:00,19840.167,19896.841,19836.57,19869.503,3546,1980,0,3546
2024-12-13 10:00:00,19869.494,19869.494,19802.904,19802.904,3565,1980,0,3565
2024-12-13 11:00:00,19802.878,19870.105,19799.486,19859.074,3559,1980,0,3559
2024-12-13 12:00:00,19859.031,19892.469,19838.711,19865.139,3543,1980,0,3543
2024-12-13 13:00:00,19865.132,19934.702,19838.38,19912.886,3543,1980,0,3543
2024-12-13 14:00:00,19912.866,19952.742,19910.026,19940.266,3552,1990,0,3552
2024-12-13 15:00:00,19940.237,19940.237,19877.856,19877.856,3553,1980,0,3553
2024-12-13 16:00:00,19877.836,19890.484,19843.153,19843.153,3551,1980,0,3551
2024-12-13 17:00:00,19843.126,19902.028,19842.552,19854.496,3547,1980,0,3547
2024-12-13 18:00:00,19854.49,19856.155,19817.869,19830.281,3547,1980,0,3547
2024-12-13 19:00:00,19830.247,19849.28,19793.856,19801.687,3558,1970,0,3558
2024-12-13 20:00:00,19801.648,19802.897,19737.737,19737.737,3557,1970,0,3557
2024-12-13 21:00:00,19737.682,19790.957,19723.905,19775.083,3551,1970,0,3551
2024-12-13 22:00:00,19775.066,19791.703,19715.585,19789.431,3551,1970,0,3551
2024-12-13 23:00:00,19789.426,19789.426,19735.744,19753.251,3553,1970,0,3553
2024-12-14 00:00:00,19753.244,19757.312,19709.951,19738.673,3554,1970,0,3554
2024-12-14 01:00:00,19738.637,19802.059,19729.233,19768.461,3548,1970,0,3548
2024-12-14 02:00:00,19768.447,19792.017,19736.659,19777.594,3547,1970,0,3547
2024-12-14 03:00:00,19777.575,19938.174,19773.248,19927.858,3568,1970,0,3568
2024-12-14 04:00:00,19927.828,19935.015,19888.272,19934.672,3548,1980,0,3548
2024-12-14 05:00:00,19934.657,19963.761,19911.621,19939.847,3550,1990,0,3550
2024-12-14 06:00:00,19939.838,19972.315,19920.182,19920.182,3553,1990,0,3553
2024-12-14 07:00:00,19920.161,19968.537,19909.807,19909.807,3551,1990,0,3551
2024-12-14 08:00:00,19909.793,19941.825,19882.05,19919.17,3556,1980,0,3556
2024-12-14 09:00:00,19919.164,19935.125,19896.67,19916.586,3559,1980,0,3559
2024-12-14 10:00:00,19916.572,19917.697,19881.389,19897.711,3548,1980,0,3548
2024-12-14 11:00:00,19897.67,19932.596,19881.971,19881.971,3535,1980,0,3535
2024-12-14 12:00:00,19881.957,19916.255,19859.423,19859.423,3544,1980,0,3544
2024-12-14 13:00:00,19859.389,19882.238,19815.969,19815.969,3554,1980,0,3554
2024-12-14 14:00:00,19815.942,19815.942,19762.189,19772.235,3549,1970,0,3549
2024-12-14 15:00:00,19772.206,19836.822,19760.543,19817.228,3549,1970,0,3549
2024-12-14 16:00:00,19817.211,19817.211,19755.952,19775.988,3556,1970,0,3556
2024-12-14 17:00:00,19775.964,19787.307,19738.588,19738.588,3550,1970,0,3550
2024-12-14 18:00:00,19738.549,19776.462,19722.307,19749.515,3548,1970,0,3548
2024-12-14 19:00:00,19749.513,19758.372,19706.547,19742.242,3547,1970,0,3547
2024-12-14 20:00:00,19742.23,19756.735,19722.612,19743.267,3554,1970,0,3554
2024-12-14 21:00:00,19743.229,19743.229,19703.388,19738.785,3544,1970,0,3544
2024-12-14 22:00:00,19738.738,19769.556,19718.151,19752.88,3552,1970,0,3552
2024-12-14 23:00:00,19752.834,19814.4,19719.608,19813.688,3552,1970,0,3552
2024-12-15 00:00:00,19813.685,19891.572,19798.173,19867.788,3535,1980,0,3535
2024-12-15 01:00:00,19867.773,19974.167,19858.372,19946.695,3345,1980,0,3345
2024-12-15 02:00:00,19946.694,19952.502,19910.327,19932.748,3546,1990,0,3546
2024-12-15 03:00:00,19932.726,19958.014,19906.519,19918.599,3553,1990,0,3553
2024-12-15 04:00:00,19918.586,19986.97,19916.421,19972.0,3557,1990,0,3557
2024-12-15 05:00:00,19971.953,20043.249,19969.248,19984.252,3553,1990,0,3553
2024-12-15 06:00:00,19984.205,19984.205,19933.511,19963.604,3546,1990,0,3546
2024-12-15 07:00:00,19963.568,19982.826,19948.657,19957.512,3557,1990,0,3557
2024-12-15 08:00:00,19957.495,20011.333,19939.648,19988.018,3552,1990,0,3552
2024-12-15 09:00:00,19987.974,19987.974,19933.666,19954.543,3550,1990,0,3550
2024-12-15 10:00:00,19954.506,19978.843,19926.571,19926.571,3565,1990,0,3565
2024-12-15 11:00:00,19926.547,19930.494,19892.278,19892.278,3555,1980,0,3555
2024-12-15 12:00:00,19892.252,19892.252,19829.781,19840.026,3548,1980,0,3548
2024-12-15 13:00:00,19840.003,19853.499,19815.623,19851.961,3546,1980,0,3546
2024-12-15 14:00:00,19851.958,19853.413,19811.749,19822.465,3558,1980,0,3558
2024-12-15 15:00:00,19822.441,19866.015,19811.1,19862.897,3542,1980,0,3542
2024-12-15 16:00:00,19862.882,19903.186,19829.508,19875.603,3550,1980,0,3550
2024-12-15 17:00:00,19875.598,19888.012,19854.262,19854.262,3550,1980,0,3550
2024-12-15 18:00:00,19854.246,19854.246,19820.039,19833.931,3552,1980,0,3552
2024-12-15 19:00:00,19833.89,19833.89,19787.235,19805.434,3551,1970,0,3551
2024-12-15 20:00:00,19805.407,19854.614,19797.365,19805.638,3543,1970,0,3543
2024-12-15 21:00:00,19805.591,19954.358,19798.945,19946.176,3557,1980,0,3557
2024-12-15 22:00:00,19946.17,20002.404,19938.49,19947.665,3558,1990,0,3558
2024-12-15 23:00:00,19947.633,20001.645,19944.336,19982.041,3554,1990,0,3554
2024-12-16 00:00:00,19982.029,19996.159,19931.029,19931.029,3550,1990,0,3550
2024-12-16 01:00:00,19931.013,19931.013,19872.55,19889.073,3541,1980,0,3541
2024-12-16 02:00:00,19889.064,19901.404,19840.189,19852.909,3538,1980,0,3538
2024-12-16 03:00:00,19852.885,19913.755,19848.644,19893.087,3556,1980,0,3556
2024-12-16 04:00:00,19893.076,19908.358,19866.564,19893.49,3552,1980,0,3552
2024-12-16 05:00:00,19893.48,19920.42,19864.354,19864.354,3548,1980,0,3548
2024-12-16 06:00:00,19864.346,19877.271,19836.708,19836.889,3554,1980,0,3554
2024-12-16 07:00:00,19836.87,19857.271,19809.387,19832.25,3555,1980,0,3555
2024-12-16 08:00:00,19832.222,19879.841,19816.427,19857.076,3552,1980,0,3552
2024-12-16 09:00:00,19857.068,19944.223,19851.715,19912.049,3545,1980,0,3545
2024-12-16 10:00:00,19912.0,20001.381,19899.502,19986.111,3539,1990,0,3539
2024-12-16 11:00:00,19986.088,19986.088,19914.331,19914.331,3542,1990,0,3542
2024-12-16 12:00:00,19914.3,19914.3,19853.181,19853.181,3544,1980,0,3544
2024-12-16 13:00:00,19853.171,19853.171,19793.638,19793.638,3545,1970,0,3545
2024-12-16 14:00:00,19793.626,19846.797,19784.806,19819.07,3541,1970,0,3541
2024-12-16 15:00:00,19819.069,19945.965,19818.371,19926.003,3549,1980,0,3549
2024-12-16 16:00:00,19926.002,19934.792,19890.886,19927.323,3552,1980,0,3552
2024-12-16 17:00:00,19927.32,19932.06,19868.477,19868.477,3552,1980,0,3552
2024-12-16 18:00:00,19868.465,19938.769,19867.171,19904.77,3552,1980,0,3552
2024-12-16 19:00:00,19904.727,19915.775,19879.556,19892.012,3545,1980,0,3545
2024-12-16 20:00:00,19892.003,19909.765,19868.367,19888.063,3537,1980,0,3537
2024-12-16 21:00:00,19888.024,19888.024,19842.053,19859.144,3558,1980,0,3558
2024-12-16 22:00:00,19859.126,19992.72,19841.606,19988.007,3560,1980,0,3560
2024-12-16 23:00:00,19987.979,20069.918,19984.692,20039.093,3556,1990,0,3556
2024-12-17 00:00:00,20039.079,20042.824,20006.06,20006.06,3549,2000,0,3549
2024-12-17 01:00:00,20006.052,20006.052,19948.979,19948.979,3560,1990,0,3560
2024-12-17 02:00:00,19948.974,20035.368,19944.323,20027.33,3556,1990,0,3556
2024-12-17 03:00:00,20027.329,20062.881,20014.892,20019.884,3540,2000,0,3540
2024-12-17 04:00:00,20019.876,20092.322,19987.193,20083.295,3540,1990,0,3540
2024-12-17 05:00:00,20083.285,20091.488,20054.131,20069.657,3555,2000,0,3555
2024-12-17 06:00:00,20069.637,20069.637,20004.303,20051.994,3546,2000,0,3546
2024-12-17 07:00:00,20051.989,20063.395,20027.643,20045.028,3530,2000,0,3530
2024-12-17 08:00:00,20045.002,20088.929,20029.641,20057.614,3546,2000,0,3546
2024-12-17 09:00:00,20057.594,20057.594,20009.632,20009.632,3558,2000,0,3558
2024-12-17 10:00:00,20009.604,20058.341,19981.295,20045.167,3554,1990,0,3554
2024-12-17 11:00:00,20045.162,20045.162,19996.956,20039.391,3548,1990,0,3548
2024-12-17 12:00:00,20039.349,20092.091,20029.579,20081.318,3552,2000,0,3552
2024-12-17 13:00:00,20081.31,20081.31,20028.154,20034.722,3544,2000,0,3544
2024-12-17 14:00:00,20034.695,20034.695,19963.963,19963.963,3566,1990,0,3566
2024-12-17 15:00:00,19963.953,19987.736,19927.064,19973.566,3549,1990,0,3549
2024-12-17 16:00:00,19973.555,20009.779,19951.882,19988.741,3561,1990,0,3561
2024-12-17 17:00:00,19988.73,19994.375,19947.226,19987.993,3548,1990,0,3548
2024-12-17 18:00:00,19987.989,20015.992,19968.467,19983.391,3548,1990,0,3548
2024-12-17 19:00:00,19983.374,19983.736,19952.683,19952.683,3540,1990,0,3540
2024-12-17 20:00:00,19952.661,19985.495,19946.373,19957.797,3538,1990,0,3538
2024-12-17 21:00:00,19957.774,19957.774,19907.687,19907.687,3546,1990,0,3546
2024-12-17 22:00:00,19907.661,19907.661,19845.396,19886.035,3555,1980,0,3555
2024-12-17 23:00:00,19886.025,19901.008,19859.221,19872.46,3548,1980,0,3548
2024-12-18 00:00:00,19872.419,19966.963,19853.533,19953.35,3545,1980,0,3545
2024-12-18 01:00:00,19953.334,19953.334,19902.295,19927.872,3537,1990,0,3537
2024-12-18 02:00:00,19927.829,19942.617,19891.943,19912.344,3546,1980,0,3546
2024-12-18 03:00:00,19912.342,20011.58,19890.758,20000.807,3552,1980,0,3552
2024-12-18 04:00:00,20000.751,20111.556,19992.485,20107.155,3555,1990,0,3555
2024-12-18 05:00:00,20107.153,20114.541,20080.736,20100.94,3539,2000,0,3539
2024-12-18 06:00:00,20100.921,20120.258,20079.019,20079.019,3561,2000,0,3561
2024-12-18 07:00:00,20079.009,20113.735,20068.171,20093.993,3541,2000,0,3541
2024-12-18 08:00:00,20093.986,20127.171,20083.426,20083.426,3564,2000,0,3564
2024-12-18 09:00:00,20083.396,20083.396,20009.871,20009.871,3534,2000,0,3534
2024-12-18 10:00:00,20009.838,20039.91,19971.364,19971.364,3543,1990,0,3543
2024-12-18 11:00:00,19971.355,20060.74,19961.257,20051.161,3548,1990,0,3548
2024-12-18 12:00:00,20051.153,20070.375,20019.486,20051.457,3558,2000,0,3558
2024-12-18 13:00:00,20051.45,20095.082,20046.932,20057.7,3563,2000,0,3563
2024-12-18 14:00:00,20057.688,20066.669,20018.99,20022.781,3548,2000,0,3548
2024-12-18 15:00:00,20022.774,20022.774,19957.83,19971.37,3550,1990,0,3550
2024-12-18 16:00:00,19971.349,20056.804,19961.841,20039.232,3551,1990,0,3551
2024-12-18 17:00:00,20039.215,20039.215,19967.913,19967.913,3555,1990,0,3555
2024-12-18 18:00:00,19967.905,19967.905,19910.975,19910.975,3559,1990,0,3559
2024-12-18 19:00:00,19910.959,19916.58,19877.648,19877.648,3552,1980,0,3552
2024-12-18 20:00:00,19877.637,19877.637,19805.308,19805.308,3561,1980,0,3561
2024-12-18 21:00:00,19805.303,19877.306,19781.793,19870.563,3540,1970,0,3540
2024-12-18 22:00:00,19870.506,19870.506,19799.665,19799.665,3548,1980,0,3548
2024-12-18 23:00:00,19799.634,19799.634,19747.137,19758.468,3549,1970,0,3549
2024-12-19 00:00:00,19758.467,19866.521,19754.242,19864.284,3544,1970,0,3544
2024-12-19 01:00:00,19864.281,19943.346,19857.41,19906.203,3543,1980,0,3543
2024-12-19 02:00:00,19906.18,19944.218,19901.026,19928.218,3549,1990,0,3549
2024-12-19 03:00:00,19928.215,20015.772,19924.003,19958.144,3557,1990,0,3557
2024-12-19 04:00:00,19958.109,19974.317,19926.024,19942.063,3555,1990,0,3555
2024-12-19 05:00:00,19942.053,19942.053,19888.487,19910.24,3552,1980,0,3552
2024-12-19 06:00:00,19910.239,19926.309,19873.522,19873.522,3554,1980,0,3554
2024-12-19 07:00:00,19873.489,19873.489,19832.243,19869.499,3550,1980,0,3550
2024-12-19 08:00:00,19869.465,19952.597,19860.272,19935.426,3550,1980,0,3550
2024-12-19 09:00:00,19935.394,19996.484,19917.603,19983.011,3537,1990,0,3537
2024-12-19 10:00:00,19982.957,20032.837,19941.483,20022.428,3553,1990,0,3553
2024-12-19 11:00:00,20022.404,20109.996,20017.298,20082.038,3556,2000,0,3556
2024-12-19 12:00:00,20082.012,20172.73,20071.995,20147.991,3548,2000,0,3548
2024-12-19 13:00:00,20147.967,20186.86,20133.055,20164.671,3542,2010,0,3542
2024-12-19 14:00:00,20164.664,20190.471,20128.033,20169.404,3542,2010,0,3542
2024-12-19 15:00:00,20169.371,20214.257,20168.786,20208.266,3556,2010,0,3556
2024-12-19 16:00:00,20208.248,20246.383,20180.298,20228.806,3547,2010,0,3547
2024-12-19 17:00:00,20228.794,20291.342,20201.629,20288.998,3549,2020,0,3549
2024-12-19 18:00:00,20288.99,20352.374,20267.052,20315.653,3545,2020,0,3545
2024-12-19 19:00:00,20315.633,20322.052,20268.358,20268.358,3567,2020,0,3567
2024-12-19 20:00:00,20268.327,20327.005,20267.783,20294.652,3549,2020,0,3549
2024-12-19 21:00:00,20294.638,20338.777,20289.727,20318.549,3539,2020,0,3539
2024-12-19 22:00:00,20318.547,20340.503,20281.372,20332.385,3552,2020,0,3552
2024-12-19 23:00:00,20332.379,20368.504,20318.019,20362.8,3553,2030,0,3553
2024-12-20 00:00:00,20362.799,20395.43,20341.348,20341.348,3547,2030,0,3547
2024-12-20 01:00:00,20341.321,20341.321,20283.118,20306.246,3558,2020,0,3558
2024-12-20 02:00:00,20306.213,20358.987,20290.346,20337.264,3539,2020,0,3539
2024-12-20 03:00:00,20337.249,20337.249,20298.725,20306.002,3552,2020,0,3552
2024-12-20 04:00:00,20306.0,20306.0,20249.785,20275.952,3552,2020,0,3552
2024-12-20 05:00:00,20275.947,20300.71,20244.753,20255.358,3547,2020,0,3547
2024-12-20 06:00:00,20255.337,20262.751,20214.69,20241.1,3551,2020,0,3551
2024-12-20 07:00:00,20241.074,20241.074,20208.579,20221.005,3552,2020,0,3552
2024-12-20 08:00:00,20220.997,20341.369,20213.443,20340.569,3551,2020,0,3551
2024-12-20 09:00:00,20340.519,20341.251,20303.661,20312.275,3540,2030,0,3540
2024-12-20 10:00:00,20312.265,20344.339,20293.264,20315.022,3551,2020,0,3551
2024-12-20 11:00:00,20314.997,20351.327,20295.392,20326.367,3537,2020,0,3537
2024-12-20 12:00:00,20326.347,20437.156,20325.495,20419.565,3557,2030,0,3557
2024-12-20 13:00:00,20419.529,20486.566,20410.074,20437.631,3555,2040,0,3555
2024-12-20 14:00:00,20437.601,20460.381,20426.222,20426.53,3561,2040,0,3561
2024-12-20 15:00:00,20426.528,20454.589,20396.657,20454.02,3548,2030,0,3548
2024-12-20 16:00:00,20453.956,20453.956,20385.977,20398.944,3555,2030,0,3555
2024-12-20 17:00:00,20398.93,20398.93,20352.265,20382.576,3558,2030,0,3558
2024-12-20 18:00:00,20382.565,20415.809,20343.977,20390.608,3560,2030,0,3560
2024-12-20 19:00:00,20390.594,20423.548,20385.597,20403.771,3549,2030,0,3549
2024-12-20 20:00:00,20403.743,20485.366,20396.947,20451.966,3539,2030,0,3539
2024-12-20 21:00:00,20451.915,20451.915,20420.706,20428.931,3539,2040,0,3539
2024-12-20 22:00:00,20428.895,20435.067,20385.671,20430.273,3554,2030,0,3554
2024-12-20 23:00:00,20430.243,20437.601,20403.234,20408.952,3543,2040,0,3543
2024-12-21 00:00:00,20408.951,20408.951,20357.197,20357.197,3544,2030,0,3544
2024-12-21 01:00:00,20357.177,20357.177,20291.927,20291.927,3561,2020,0,3561
2024-12-21 02:00:00,20291.905,20297.546,20265.745,20269.686,3552,2020,0,3552
2024-12-21 03:00:00,20269.673,20280.339,20243.357,20250.743,3548,2020,0,3548
2024-12-21 04:00:00,20250.734,20250.734,20190.134,20190.134,3548,2010,0,3548
2024-12-21 05:00:00,20190.104,20242.682,20182.96,20207.882,3556,2010,0,3556
2024-12-21 06:00:00,20207.86,20207.86,20162.485,20162.485,3540,2010,0,3540
2024-12-21 07:00:00,20162.449,20223.92,20129.862,20206.906,3559,2010,0,3559
2024-12-21 08:00:00,20206.897,20221.99,20189.348,20195.227,3538,2010,0,3538
2024-12-21 09:00:00,20195.197,20210.629,20167.07,20204.944,3546,2010,0,3546
2024-12-21 10:00:00,20204.91,20247.115,20177.72,20210.944,3553,2010,0,3553
2024-12-21 11:00:00,20210.854,20210.854,20139.234,20139.234,3555,2010,0,3555
2024-12-21 12:00:00,20139.213,20206.911,20135.521,20151.158,3549,2010,0,3549
2024-12-21 13:00:00,20151.143,20164.468,20123.574,20136.521,3564,2010,0,3564
2024-12-21 14:00:00,20136.503,20136.503,20067.283,20067.283,3550,2000,0,3550
2024-12-21 15:00:00,20067.256,20086.633,20033.061,20072.407,3544,2000,0,3544
2024-12-21 16:00:00,20072.385,20125.012,20071.496,20121.694,3553,2000,0,3553
2024-12-21 17:00:00,20121.666,20148.02,20084.613,20084.613,3536,2000,0,3536
2024-12-21 18:00:00,20084.601,20085.196,20045.472,20045.472,3558,2000,0,3558
2024-12-21 19:00:00,20045.44,20072.305,20029.48,20035.529,3551,2000,0,3551
2024-12-21 20:00:00,20035.485,20066.462,20028.943,20034.514,3545,2000,0,3545
2024-12-21 21:00:00,20034.492,20034.492,19979.459,20010.613,3545,1990,0,3545
2024-12-21 22:00:00,20010.6,20080.483,19995.517,20045.133,3555,1990,0,3555
2024-12-21 23:00:00,20045.127,20123.739,20033.657,20093.412,3554,2000,0,3554
2024-12-22 00:00:00,20093.378,20114.749,20070.54,20070.54,3545,2000,0,3545
2024-12-22 01:00:00,20070.535,20079.452,20032.931,20071.277,3547,2000,0,3547
2024-12-22 02:00:00,20071.262,20071.262,20006.038,20006.038,3541,2000,0,3541
2024-12-22 03:00:00,20006.031,20006.031,19945.088,19945.088,3551,1990,0,3551
2024-12-22 04:00:00,19945.085,19994.837,19918.932,19967.041,3544,1990,0,3544
2024-12-22 05:00:00,19967.032,20017.856,19952.104,19969.797,3555,1990,0,3555
2024-12-22 06:00:00,19969.766,20016.094,19944.024,19996.477,3549,1990,0,3549
2024-12-22 07:00:00,19996.471,20067.156,19989.549,20060.331,3552,1990,0,3552
2024-12-22 08:00:00,20060.321,20064.041,20018.531,20045.202,3559,2000,0,3559
2024-12-22 09:00:00,20045.179,20071.096,20010.271,20027.222,3551,2000,0,3551
2024-12-22 10:00:00,20027.196,20027.196,19975.223,19975.223,3549,1990,0,3549
2024-12-22 11:00:00,19975.187,20059.044,19958.065,20047.555,3555,1990,0,3555
2024-12-22 12:00:00,20047.52,20078.14,20001.66,20070.11,3544,2000,0,3544
2024-12-22 13:00:00,20070.08,20070.08,20024.298,20044.192,3554,2000,0,3554
2024-12-22 14:00:00,20044.183,20152.715,20040.631,20151.363,3552,2000,0,3552
2024-12-22 15:00:00,20151.34,20233.239,20137.411,20216.525,3559,2010,0,3559
2024-12-22 16:00:00,20216.477,20248.055,20198.654,20202.283,3548,2020,0,3548
2024-12-22 17:00:00,20202.247,20297.888,20184.295,20282.947,3533,2010,0,3533
2024-12-22 18:00:00,20282.934,20344.52,20266.738,20311.117,3546,2020,0,3546
2024-12-22 19:00:00,20311.085,20311.085,20251.794,20257.6,3547,2020,0,3547
2024-12-22 20:00:00,20257.573,20272.21,20205.521,20205.521,3547,2020,0,3547
2024-12-22 21:00:00,20205.511,20205.511,20137.42,20170.8,3541,2010,0,3541
2024-12-22 22:00:00,20170.798,20171.853,20119.428,20119.428,3553,2010,0,3553
2024-12-22 23:00:00,20119.41,20124.741,20069.179,20105.745,3553,2000,0,3553
2024-12-23 00:00:00,20105.729,20113.636,20070.07,20110.088,3546,2000,0,3546
2024-12-23 01:00:00,20110.078,20128.0,20082.326,20083.389,3552,2000,0,3552
2024-12-23 02:00:00,20083.376,20151.325,20052.236,20134.705,3555,2000,0,3555
2024-12-23 03:00:00,20134.7,20138.355,20088.949,20128.48,3550,2000,0,3550
2024-12-23 04:00:00,20128.477,20163.927,20111.314,20150.564,3541,2010,0,3541
2024-12-23 05:00:00,20150.561,20183.642,20122.499,20166.289,3554,2010,0,3554
2024-12-23 06:00:00,20166.277,20253.092,20141.352,20242.834,3547,2010,0,3547
2024-12-23 07:00:00,20242.813,20242.813,20192.738,20217.732,3552,2010,0,3552
2024-12-23 08:00:00,20217.712,20217.712,20169.09,20190.036,3550,2010,0,3550
2024-12-23 09:00:00,20189.986,20201.628,20163.982,20180.576,3555,2010,0,3555
2024-12-23 10:00:00,20180.563,20180.563,20147.07,20147.07,3551,2010,0,3551
2024-12-23 11:00:00,20147.032,20182.542,20136.341,20181.775,3540,2010,0,3540
2024-12-23 12:00:00,20181.739,20182.724,20151.705,20151.705,3559,2010,0,3559
2024-12-23 13:00:00,20151.704,20246.192,20144.79,20230.806,3553,2010,0,3553
2024-12-23 14:00:00,20230.766,20286.532,20197.445,20263.349,3564,2010,0,3564
2024-12-23 15:00:00,20263.343,20333.874,20254.761,20323.274,3556,2020,0,3556
2024-12-23 16:00:00,20323.26,20348.596,20296.762,20296.762,3553,2020,0,3553
2024-12-23 17:00:00,20296.751,20302.842,20251.649,20251.649,3560,2020,0,3560
2024-12-23 18:00:00,20251.62,20251.62,20179.059,20179.059,3548,2010,0,3548
2024-12-23 19:00:00,20179.044,20179.044,20125.27,20162.983,3562,2010,0,3562
2024-12-23 20:00:00,20162.961,20162.961,20126.472,20155.304,3549,2010,0,3549
2024-12-23 21:00:00,20155.295,20170.59,20128.035,20163.623,3544,2010,0,3544
2024-12-23 22:00:00,20163.617,20163.617,20095.349,20095.349,3562,2000,0,3562
2024-12-23 23:00:00,20095.339,20221.43,20088.517,20215.242,3552,2000,0,3552
2024-12-24 00:00:00,20215.184,20245.965,20197.015,20238.725,3538,2010,0,3538
2024-12-24 01:00:00,20238.712,20247.932,20207.645,20222.124,3561,2020,0,3561
2024-12-24 02:00:00,20222.098,20222.098,20161.547,20161.547,3556,2010,0,3556
2024-12-24 03:00:00,20161.538,20161.538,20119.526,20152.58,3554,2010,0,3554
2024-12-24 04:00:00,20152.566,20213.7,20109.117,20203.487,3553,2010,0,3553
2024-12-24 05:00:00,20203.459,20220.925,20156.512,20156.512,3548,2010,0,3548
2024-12-24 06:00:00,20156.503,20156.503,20109.698,20109.698,3545,2010,0,3545
2024-12-24 07:00:00,20109.69,20111.044,20067.576,20073.135,3547,2000,0,3547
2024-12-24 08:00:00,20073.116,20115.804,20060.138,20104.89,3549,2000,0,3549
2024-12-24 09:00:00,20104.879,20137.853,20045.918,20134.254,3561,2000,0,3561
2024-12-24 10:00:00,20134.247,20205.207,20092.341,20193.607,3553,2000,0,3553
2024-12-24 11:00:00,20193.564,20227.893,20168.416,20168.416,3544,2010,0,3544
2024-12-24 12:00:00,20168.38,20287.998,20136.91,20270.653,3549,2010,0,3549
2024-12-24 13:00:00,20270.63,20270.63,20228.116,20231.979,3552,2020,0,3552
2024-12-24 14:00:00,20231.977,20231.977,20187.099,20195.278,3545,2010,0,3545
2024-12-24 15:00:00,20195.26,20206.312,20159.03,20159.03,3547,2010,0,3547
2024-12-24 16:00:00,20159.007,20334.053,20154.15,20301.41,3546,2010,0,3546
2024-12-24 17:00:00,20301.405,20344.762,20296.374,20298.827,3549,2030,0,3549
2024-12-24 18:00:00,20298.805,20298.805,20260.494,20277.767,3561,2020,0,3561
2024-12-24 19:00:00,20277.736,20332.213,20247.402,20325.634,3546,2020,0,3546
2024-12-24 20:00:00,20325.614,20325.614,20253.265,20253.265,3548,2020,0,3548
2024-12-24 21:00:00,20253.203,20337.902,20245.959,20296.966,3560,2020,0,3560
2024-12-24 22:00:00,20296.96,20353.284,20295.292,20309.845,3547,2020,0,3547
2024-12-24 23:00:00,20309.818,20357.422,20308.215,20328.13,3549,2030,0,3549
2024-12-25 00:00:00,20328.125,20415.393,20327.555,20393.111,3551,2030,0,3551
2024-12-25 01:00:00,20393.08,20408.312,20352.654,20407.387,3543,2030,0,3543
2024-12-25 02:00:00,20407.38,20429.588,20364.342,20416.699,3553,2030,0,3553
2024-12-25 03:00:00,20416.663,20440.582,20375.832,20375.832,3542,2030,0,3542
2024-12-25 04:00:00,20375.808,20375.808,20301.429,20301.429,3551,2030,0,3551
2024-12-25 05:00:00,20301.424,20340.668,20275.807,20326.177,3549,2020,0,3549
2024-12-25 06:00:00,20326.138,20360.732,20298.974,20353.441,3550,2030,0,3550
2024-12-25 07:00:00,20353.422,20437.157,20348.852,20380.037,3550,2030,0,3550
2024-12-25 08:00:00,20380.012,20394.247,20357.134,20357.134,3554,2030,0,3554
2024-12-25 09:00:00,20357.114,20357.114,20283.898,20283.898,3562,2020,0,3562
2024-12-25 10:00:00,20283.897,20354.051,20262.601,20346.53,3556,2020,0,3556
2024-12-25 11:00:00,20373.335,20405.387,20341.798,20375.495,3556,2030,0,3556
2024-12-25 12:00:00,20375.475,20431.21,20373.723,20379.012,3546,2030,0,3546
2024-12-25 13:00:00,20378.999,20480.693,20364.413,20478.628,3541,2030,0,3541
2024-12-25 14:00:00,20478.627,20503.523,20451.429,20481.147,3558,2040,0,3558
2024-12-25 15:00:00,20481.135,20543.799,20438.477,20538.886,3558,2040,0,3558
2024-12-25 16:00:00,20538.873,20538.873,20475.167,20483.405,3546,2040,0,3546
2024-12-25 17:00:00,20483.405,20562.724,20478.912,20558.076,3554,2040,0,3554
2024-12-25 18:00:00,20558.056,20558.056,20493.231,20493.231,3559,2040,0,3559
2024-12-25 19:00:00,20493.212,20500.417,20457.095,20466.651,3559,2040,0,3559
2024-12-25 20:00:00,20466.637,20504.469,20449.997,20457.391,3557,2040,0,3557
2024-12-25 21:00:00,20457.388,20586.437,20455.493,20557.671,3555,2040,0,3555
2024-12-25 22:00:00,20557.649,20606.512,20553.192,20593.973,3552,2050,0,3552
2024-12-25 23:00:00,20593.952,20593.952,20529.015,20529.015,3560,2050,0,3560
2024-12-26 00:00:00,20529.0,20529.0,20480.285,20504.474,3551,2040,0,3551
2024-12-26 01:00:00,20504.472,20546.511,20489.074,20489.074,3554,2040,0,3554
2024-12-26 02:00:00,20489.045,20582.933,20486.343,20576.51,3552,2040,0,3552
2024-12-26 03:00:00,20576.491,20613.899,20540.519,20586.36,3555,2050,0,3555
2024-12-26 04:00:00,20586.355,20586.355,20532.65,20581.313,3561,2050,0,3561
2024-12-26 05:00:00,20581.279,20594.167,20546.4,20546.4,3548,2050,0,3548
2024-12-26 06:00:00,20546.371,20546.371,20471.105,20471.105,3551,2040,0,3551
2024-12-26 07:00:00,20471.077,20471.077,20399.121,20399.121,3550,2040,0,3550
2024-12-26 08:00:00,20399.081,20442.074,20391.71,20438.479,3557,2030,0,3557
2024-12-26 09:00:00,20438.449,20438.449,20369.866,20369.866,3548,2030,0,3548
2024-12-26 10:00:00,20369.817,20413.954,20358.85,20394.152,3544,2030,0,3544
2024-12-26 11:00:00,20394.147,20394.147,20346.234,20382.475,3546,2030,0,3546
2024-12-26 12:00:00,20382.456,20443.243,20376.561,20391.949,3556,2030,0,3556
2024-12-26 13:00:00,20391.922,20417.139,20352.527,20352.527,3550,2030,0,3550
2024-12-26 14:00:00,20352.524,20352.524,20300.935,20300.935,3543,2030,0,3543
2024-12-26 15:00:00,20300.918,20300.918,20264.771,20296.47,3545,2020,0,3545
2024-12-26 16:00:00,20296.45,20299.294,20249.665,20249.665,3554,2020,0,3554
2024-12-26 17:00:00,20249.659,20310.063,20247.617,20289.513,3555,2020,0,3555
2024-12-26 18:00:00,20289.499,20325.745,20257.487,20257.487,3551,2020,0,3551
2024-12-26 19:00:00,20257.475,20276.412,20232.057,20232.057,3543,2020,0,3543
2024-12-26 20:00:00,20232.037,20241.005,20189.058,20223.751,3557,2010,0,3557
2024-12-26 21:00:00,20223.749,20249.69,20198.88,20223.587,3549,2010,0,3549
2024-12-26 22:00:00,20223.559,20268.726,20207.811,20217.537,3560,2020,0,3560
2024-12-26 23:00:00,20217.533,20243.695,20188.097,20221.263,3557,2010,0,3557
2024-12-27 00:00:00,20221.243,20242.174,20201.957,20201.957,3550,2020,0,3550
2024-12-27 01:00:00,20201.946,20201.946,20134.962,20134.962,3557,2010,0,3557
2024-12-27 02:00:00,20134.953,20158.74,20105.336,20128.887,3558,2010,0,3558
2024-12-27 03:00:00,20128.85,20144.656,20095.823,20112.129,3547,2000,0,3547
2024-12-27 04:00:00,20112.128,20112.128,20065.66,20097.698,3553,2000,0,3553
2024-12-27 05:00:00,20097.683,20097.683,20047.803,20075.196,3557,2000,0,3557
2024-12-27 06:00:00,20075.168,20075.168,20024.432,20025.331,3540,2000,0,3540
2024-12-27 07:00:00,20025.283,20121.723,20005.344,20109.341,3551,2000,0,3551
2024-12-27 08:00:00,20109.316,20154.469,20077.728,20152.318,3543,2000,0,3543
2024-12-27 09:00:00,20152.305,20169.458,20140.482,20156.331,3537,2010,0,3537
2024-12-27 10:00:00,20156.318,20200.934,20138.522,20198.999,3562,2010,0,3562
2024-12-27 11:00:00,20198.974,20267.267,20188.292,20236.227,3561,2010,0,3561
2024-12-27 12:00:00,20236.195,20259.232,20205.495,20252.783,3556,2020,0,3556
2024-12-27 13:00:00,20252.764,20278.666,20232.961,20265.871,3551,2020,0,3551
2024-12-27 14:00:00,20265.817,20299.25,20255.585,20276.876,3546,2020,0,3546
2024-12-27 15:00:00,20276.859,20333.518,20273.046,20290.947,3551,2020,0,3551
2024-12-27 16:00:00,20290.931,20330.288,20278.196,20315.972,3559,2020,0,3559
2024-12-27 17:00:00,20315.933,20331.258,20288.633,20308.676,3547,2020,0,3547
2024-12-27 18:00:00,20308.637,20308.637,20243.418,20258.805,3555,2020,0,3555
2024-12-27 19:00:00,20258.771,20270.332,20218.91,20218.91,3550,2020,0,3550
2024-12-27 20:00:00,20218.893,20254.674,20191.714,20191.714,3556,2010,0,3556
2024-12-27 21:00:00,20191.68,20248.194,20174.194,20243.2,3546,2010,0,3546
2024-12-27 22:00:00,20243.199,20243.199,20185.506,20185.506,3540,2010,0,3540
2024-12-27 23:00:00,20185.481,20205.163,20147.517,20147.517,3545,2010,0,3545
2024-12-28 00:00:00,20147.508,20155.403,20104.668,20104.668,3555,2010,0,3555
2024-12-28 01:00:00,20104.641,20122.547,20088.282,20120.581,3557,2000,0,3557
2024-12-28 02:00:00,20120.567,20120.567,20059.586,20082.028,3558,2000,0,3558
2024-12-28 03:00:00,20081.997,20081.997,20035.541,20047.204,3542,2000,0,3542
2024-12-28 04:00:00,20047.179,20047.179,19995.767,20017.648,3551,1990,0,3551
2024-12-28 05:00:00,20017.618,20037.232,19984.205,19990.416,3557,1990,0,3557
2024-12-28 06:00:00,19990.398,20022.267,19976.592,20015.164,3555,1990,0,3555
2024-12-28 07:00:00,20015.138,20086.672,20009.044,20078.974,3543,2000,0,3543
2024-12-28 08:00:00,20078.948,20078.948,20023.937,20023.937,3555,2000,0,3555
2024-12-28 09:00:00,20023.929,20107.833,20013.335,20092.309,3547,2000,0,3547
2024-12-28 10:00:00,20092.304,20105.398,20045.852,20098.136,3552,2000,0,3552
2024-12-28 11:00:00,20098.113,20098.113,20025.4,20025.4,3553,2000,0,3553
2024-12-28 12:00:00,20025.372,20099.747,20020.062,20062.828,3556,2000,0,3556
2024-12-28 13:00:00,20062.801,20062.801,20017.526,20026.562,3555,2000,0,3555
2024-12-28 14:00:00,20026.523,20026.523,19980.589,20005.375,3550,1990,0,3550
2024-12-28 15:00:00,20005.362,20020.923,19962.737,19962.737,3552,1990,0,3552
2024-12-28 16:00:00,19962.725,20008.194,19954.843,19985.856,3564,1990,0,3564
2024-12-28 17:00:00,19985.844,20003.93,19942.383,19990.121,3554,1990,0,3554
2024-12-28 18:00:00,19990.087,19993.38,19948.442,19971.878,3541,1990,0,3541
2024-12-28 19:00:00,19971.861,20026.69,19968.307,19994.648,3550,1990,0,3550
2024-12-28 20:00:00,19994.636,20013.075,19972.479,19972.479,3551,1990,0,3551
2024-12-28 21:00:00,19972.439,19984.494,19942.555,19969.974,3549,1990,0,3549
2024-12-28 22:00:00,19969.927,19969.927,19921.285,19921.285,3552,1990,0,3552
2024-12-28 23:00:00,19921.278,19956.553,19907.103,19907.103,3548,1990,0,3548
2024-12-29 00:00:00,19907.089,19951.785,19892.633,19910.494,3556,1980,0,3556
2024-12-29 01:00:00,19910.467,19917.145,19862.725,19911.116,3560,1980,0,3560
2024-12-29 02:00:00,19911.105,19974.96,19911.105,19912.911,3549,1990,0,3549
2024-12-29 03:00:00,19932.011,19936.575,19888.551,19924.144,3552,1980,0,3552
2024-12-29 04:00:00,19924.124,20073.47,19897.503,20067.098,3545,1990,0,3545
2024-12-29 05:00:00,20067.092,20077.172,20030.693,20056.504,3552,2000,0,3552
2024-12-29 06:00:00,20056.485,20056.485,20010.988,20013.293,3555,2000,0,3555
2024-12-29 07:00:00,20013.261,20013.261,19975.692,19975.692,3543,1990,0,3543
2024-12-29 08:00:00,19975.648,20022.742,19957.48,19990.912,3551,1990,0,3551
2024-12-29 09:00:00,19990.902,20017.06,19980.286,19993.149,3543,1990,0,3543
2024-12-29 10:00:00,19993.116,20050.871,19983.422,20041.826,3547,1990,0,3547
2024-12-29 11:00:00,20041.826,20151.857,20032.505,20146.402,3550,2000,0,3550
2024-12-29 12:00:00,20146.396,20174.72,20105.981,20168.149,3561,2010,0,3561
2024-12-29 13:00:00,20168.118,20208.787,20148.51,20199.108,3548,2010,0,3548
2024-12-29 14:00:00,20199.105,20270.02,20166.407,20265.799,3548,2010,0,3548
2024-12-29 15:00:00,20265.756,20306.636,20239.602,20266.911,3547,2020,0,3547
2024-12-29 16:00:00,20266.906,20314.587,20256.536,20256.536,3547,2020,0,3547
2024-12-29 17:00:00,20256.532,20256.532,20217.042,20226.138,3530,2020,0,3530
2024-12-29 18:00:00,20226.123,20251.783,20196.923,20217.959,3552,2010,0,3552
2024-12-29 19:00:00,20217.941,20264.491,20188.969,20243.84,3542,2010,0,3542
2024-12-29 20:00:00,20243.833,20267.566,20213.208,20213.208,3543,2020,0,3543
2024-12-29 21:00:00,20213.192,20213.192,20149.02,20149.02,3561,2010,0,3561
2024-12-29 22:00:00,20148.994,20197.464,20147.883,20175.358,3558,2010,0,3558
2024-12-29 23:00:00,20175.31,20273.666,20150.142,20253.242,3555,2010,0,3555
2024-12-30 00:00:00,20253.223,20276.443,20232.586,20261.489,3543,2020,0,3543
2024-12-30 01:00:00,20261.476,20291.832,20217.399,20283.746,3561,2020,0,3561
2024-12-30 02:00:00,20283.738,20283.738,20243.031,20257.32,3545,2020,0,3545
2024-12-30 03:00:00,20257.298,20257.298,20205.785,20205.785,3549,2020,0,3549
2024-12-30 04:00:00,20205.777,20264.309,20198.427,20233.189,3548,2020,0,3548
2024-12-30 05:00:00,20233.131,20286.887,20201.164,20284.515,3560,2020,0,3560
2024-12-30 06:00:00,20284.509,20303.996,20249.38,20288.591,3553,2020,0,3553
2024-12-30 07:00:00,20288.584,20288.584,20231.11,20242.448,3539,2020,0,3539
2024-12-30 08:00:00,20242.407,20255.037,20196.77,20196.77,3547,2010,0,3547
2024-12-30 09:00:00,20196.74,20196.74,20146.043,20155.161,3543,2010,0,3543
2024-12-30 10:00:00,20155.148,20155.148,20099.532,20139.673,3551,2010,0,3551
2024-12-30 11:00:00,20139.67,20141.407,20089.899,20089.899,3551,2000,0,3551
2024-12-30 12:00:00,20089.895,20121.513,20060.264,20112.505,3552,2000,0,3552
2024-12-30 13:00:00,20112.498,20135.155,20079.475,20111.191,3555,2000,0,3555
2024-12-30 14:00:00,20111.189,20130.371,20077.907,20089.316,3546,2000,0,3546
2024-12-30 15:00:00,20089.297,20181.35,20088.057,20157.581,3549,2000,0,3549
2024-12-30 16:00:00,20157.577,20187.377,20115.329,20115.329,3556,2010,0,3556
2024-12-30 17:00:00,20115.288,20118.064,20074.207,20080.367,3555,2000,0,3555
2024-12-30 18:00:00,20080.342,20142.142,20062.773,20092.59,3559,2000,0,3559
2024-12-30 19:00:00,20092.561,20092.561,20020.044,20020.044,3552,2000,0,3552
2024-12-30 20:00:00,20020.023,20058.933,20006.124,20058.327,3544,2000,0,3544
2024-12-30 21:00:00,20058.319,20086.16,20024.24,20081.921,3567,2000,0,3567
2024-12-30 22:00:00,20081.916,20182.077,20075.476,20158.35,3550,2000,0,3550
2024-12-30 23:00:00,20158.331,20202.024,20132.408,20191.814,3560,2010,0,3560
