datetime,open,high,low,close,tick_volume,spread,real_volume,volume
2023-12-31 23:00:00,3385.05,3400.38,3385.05,3400.38,3448,47,0,3448
2024-01-01 00:00:00,3400.39,3414.24,3398.38,3399.655,3462,47,0,3462
2024-01-01 01:00:00,3399.668,3412.311,3399.232,3406.294,3460,47,0,3460
2024-01-01 02:00:00,3406.304,3419.089,3397.063,3397.961,3448,47,0,3448
2024-01-01 03:00:00,3397.973,3414.043,3397.973,3414.043,3449,47,0,3449
2024-01-01 04:00:00,3414.045,3418.064,3410.085,3413.398,3461,47,0,3461
2024-01-01 05:00:00,3413.404,3424.151,3407.72,3411.253,3453,47,0,3453
2024-01-01 06:00:00,3411.256,3419.93,3411.256,3416.829,3453,47,0,3453
2024-01-01 07:00:00,3416.831,3417.573,3397.595,3408.792,3450,47,0,3450
2024-01-01 08:00:00,3408.797,3414.887,3399.874,3406.382,3453,47,0,3453
2024-01-01 09:00:00,3406.385,3408.164,3397.495,3399.724,3440,47,0,3440
2024-01-01 10:00:00,3399.729,3400.677,3385.764,3391.816,3465,47,0,3465
2024-01-01 11:00:00,3391.822,3404.31,3389.742,3404.31,3456,47,0,3456
2024-01-01 12:00:00,3404.311,3411.418,3381.681,3382.064,3463,47,0,3463
2024-01-01 13:00:00,3382.074,3392.833,3382.074,3392.833,3451,47,0,3451
2024-01-01 14:00:00,3392.838,3395.042,3383.296,3384.103,3454,47,0,3454
2024-01-01 15:00:00,3384.107,3390.884,3365.692,3365.938,3439,47,0,3439
2024-01-01 16:00:00,3365.941,3373.501,3362.149,3363.788,3455,47,0,3455
2024-01-01 17:00:00,3363.793,3371.297,3361.354,3362.282,3445,47,0,3445
2024-01-01 18:00:00,3362.288,3364.463,3345.653,3360.677,3453,46,0,3453
2024-01-01 19:00:00,3360.679,3373.649,3360.679,3366.866,3446,47,0,3446
2024-01-01 20:00:00,3366.877,3376.04,3366.877,3373.43,3445,47,0,3445
2024-01-01 21:00:00,3373.431,3376.159,3363.426,3368.871,3443,47,0,3443
2024-01-01 22:00:00,3368.88,3384.029,3368.88,3384.029,3450,47,0,3450
2024-01-01 23:00:00,3384.034,3388.935,3374.305,3386.127,3446,47,0,3446
2024-01-02 00:00:00,3386.141,3399.486,3385.915,3389.983,3460,47,0,3460
2024-01-02 01:00:00,3389.995,3400.529,3379.571,3382.992,3441,47,0,3441
2024-01-02 02:00:00,3382.994,3383.521,3364.012,3376.143,3446,47,0,3446
2024-01-02 03:00:00,3376.149,3390.683,3376.149,3382.114,3445,47,0,3445
2024-01-02 04:00:00,3382.116,3390.965,3378.928,3390.965,3460,47,0,3460
2024-01-02 05:00:00,3390.979,3396.267,3371.502,3372.403,3452,47,0,3452
2024-01-02 06:00:00,3372.412,3381.551,3370.168,3372.131,3446,47,0,3446
2024-01-02 07:00:00,3372.139,3387.7,3372.139,3385.916,3454,47,0,3454
2024-01-02 08:00:00,3385.921,3394.051,3381.819,3383.276,3435,47,0,3435
2024-01-02 09:00:00,3383.291,3388.685,3378.27,3388.685,3465,47,0,3465
2024-01-02 10:00:00,3388.686,3401.546,3387.063,3399.919,3459,47,0,3459
2024-01-02 11:00:00,3399.921,3405.425,3392.053,3397.08,3466,47,0,3466
2024-01-02 12:00:00,3397.087,3397.921,3380.941,3392.994,3460,47,0,3460
2024-01-02 13:00:00,3392.995,3395.655,3385.991,3393.8,3455,47,0,3455
2024-01-02 14:00:00,3393.816,3416.132,3393.816,3415.739,3439,47,0,3439
2024-01-02 15:00:00,3415.752,3421.705,3412.22,3412.459,3455,47,0,3455
2024-01-02 16:00:00,3412.471,3423.769,3412.471,3417.98,3442,47,0,3442
2024-01-02 17:00:00,3417.991,3430.851,3411.098,3428.466,3458,47,0,3458
2024-01-02 18:00:00,3428.472,3430.842,3420.242,3422.038,3454,47,0,3454
2024-01-02 19:00:00,3422.038,3424.651,3413.967,3419.68,3441,47,0,3441
2024-01-02 20:00:00,3419.69,3430.827,3419.69,3429.905,3443,47,0,3443
2024-01-02 21:00:00,3429.909,3438.234,3421.957,3425.21,3437,47,0,3437
2024-01-02 22:00:00,3425.214,3435.847,3418.84,3435.847,3450,47,0,3450
2024-01-02 23:00:00,3435.858,3439.481,3425.47,3439.481,3449,47,0,3449
2024-01-03 00:00:00,3439.494,3447.394,3429.355,3429.397,3454,48,0,3454
2024-01-03 01:00:00,3429.41,3432.834,3408.034,3408.443,3460,47,0,3460
2024-01-03 02:00:00,3408.447,3419.912,3401.739,3403.008,3439,47,0,3439
2024-01-03 03:00:00,3403.012,3413.43,3395.786,3397.95,3450,47,0,3450
2024-01-03 04:00:00,3397.967,3404.079,3393.526,3401.81,3437,47,0,3437
2024-01-03 05:00:00,3401.821,3410.88,3397.033,3407.528,3475,47,0,3475
2024-01-03 06:00:00,3407.535,3408.8,3385.861,3391.344,3456,47,0,3456
2024-01-03 07:00:00,3391.346,3395.502,3384.052,3395.502,3468,47,0,3468
2024-01-03 08:00:00,3395.502,3400.622,3390.217,3392.749,3475,47,0,3475
2024-01-03 09:00:00,3392.751,3393.596,3379.807,3381.175,3433,47,0,3433
2024-01-03 10:00:00,3381.177,3391.478,3376.721,3391.478,3473,47,0,3473
2024-01-03 11:00:00,3391.481,3403.522,3390.978,3394.732,3454,47,0,3454
2024-01-03 12:00:00,3394.742,3394.816,3365.181,3373.966,3468,47,0,3468
2024-01-03 13:00:00,3373.974,3381.212,3370.285,3376.224,3470,47,0,3470
2024-01-03 14:00:00,3376.224,3383.329,3367.484,3380.657,3461,47,0,3461
2024-01-03 15:00:00,3380.66,3386.763,3373.37,3384.768,3467,47,0,3467
2024-01-03 16:00:00,3384.773,3393.057,3378.735,3386.566,3458,47,0,3458
2024-01-03 17:00:00,3386.575,3394.583,3382.95,3386.361,3419,47,0,3419
2024-01-03 18:00:00,3386.371,3392.395,3383.812,3392.395,3458,47,0,3458
2024-01-03 19:00:00,3392.397,3407.338,3392.397,3406.612,3452,47,0,3452
2024-01-03 20:00:00,3406.612,3413.964,3395.404,3397.924,3453,47,0,3453
2024-01-03 21:00:00,3397.933,3400.094,3387.974,3389.315,3450,47,0,3450
2024-01-03 22:00:00,3389.316,3390.181,3371.869,3372.963,3446,47,0,3446
2024-01-03 23:00:00,3372.969,3377.557,3368.094,3375.931,3456,47,0,3456
2024-01-04 00:00:00,3375.942,3382.461,3375.834,3382.461,3451,47,0,3451
2024-01-04 01:00:00,3382.471,3382.747,3340.916,3342.301,3433,46,0,3433
2024-01-04 02:00:00,3342.309,3348.794,3333.535,3333.862,3443,46,0,3443
2024-01-04 03:00:00,3333.868,3345.464,3330.576,3345.464,3425,46,0,3425
2024-01-04 04:00:00,3345.466,3352.119,3338.216,3344.479,3443,46,0,3443
2024-01-04 05:00:00,3344.487,3348.646,3331.176,3339.032,3452,46,0,3452
2024-01-04 06:00:00,3339.041,3353.372,3334.236,3346.078,3441,46,0,3441
2024-01-04 07:00:00,3346.082,3354.105,3343.384,3346.783,3439,46,0,3439
2024-01-04 08:00:00,3346.784,3367.668,3346.784,3367.668,3457,46,0,3457
2024-01-04 09:00:00,3367.67,3371.543,3356.102,3358.127,3449,47,0,3449
2024-01-04 10:00:00,3358.132,3366.834,3354.198,3364.614,3447,46,0,3447
2024-01-04 11:00:00,3364.616,3366.265,3342.491,3353.747,3442,46,0,3442
2024-01-04 12:00:00,3353.751,3353.823,3340.153,3343.976,3435,46,0,3435
2024-01-04 13:00:00,3343.983,3359.02,3343.781,3347.46,3443,46,0,3443
2024-01-04 14:00:00,3347.46,3352.71,3320.22,3322.709,3450,46,0,3450
2024-01-04 15:00:00,3322.72,3335.895,3322.215,3333.207,3471,46,0,3471
2024-01-04 16:00:00,3333.217,3339.075,3314.207,3322.356,3442,46,0,3442
2024-01-04 17:00:00,3322.368,3324.577,3293.546,3297.497,3447,46,0,3447
2024-01-04 18:00:00,3297.505,3309.009,3295.528,3308.151,3436,46,0,3436
2024-01-04 19:00:00,3308.16,3317.831,3307.985,3315.133,3438,46,0,3438
2024-01-04 20:00:00,3315.142,3315.19,3292.448,3295.255,3480,46,0,3480
2024-01-04 21:00:00,3295.263,3303.367,3287.132,3303.367,3446,46,0,3446
2024-01-04 22:00:00,3303.374,3323.736,3303.374,3319.853,3452,46,0,3452
2024-01-04 23:00:00,3319.858,3321.84,3309.711,3310.35,3448,46,0,3448
2024-01-05 00:00:00,3310.358,3316.883,3304.384,3310.619,3455,46,0,3455
2024-01-05 01:00:00,3310.62,3318.131,3307.586,3313.116,3449,46,0,3449
2024-01-05 02:00:00,3313.128,3313.24,3291.694,3292.391,3450,46,0,3450
2024-01-05 03:00:00,3292.395,3303.269,3288.681,3300.169,3434,46,0,3434
2024-01-05 04:00:00,3300.178,3304.788,3282.678,3286.372,3439,45,0,3439
2024-01-05 05:00:00,3286.379,3287.116,3272.385,3280.52,3439,45,0,3439
2024-01-05 06:00:00,3280.52,3281.576,3265.198,3274.77,3442,45,0,3442
2024-01-05 07:00:00,3274.78,3285.409,3274.78,3282.344,3448,45,0,3448
2024-01-05 08:00:00,3282.345,3288.01,3278.445,3282.768,3447,45,0,3447
2024-01-05 09:00:00,3282.776,3288.568,3278.072,3284.765,3444,45,0,3444
2024-01-05 10:00:00,3284.765,3286.718,3277.524,3283.769,3462,45,0,3462
2024-01-05 11:00:00,3283.774,3291.651,3281.281,3286.829,3474,45,0,3474
2024-01-05 12:00:00,3286.837,3288.577,3271.011,3274.187,3429,45,0,3429
2024-01-05 13:00:00,3274.19,3277.822,3259.147,3270.686,3449,45,0,3449
2024-01-05 14:00:00,3270.69,3278.381,3267.255,3278.381,3448,45,0,3448
2024-01-05 15:00:00,3278.384,3287.877,3270.523,3287.877,3425,45,0,3425
2024-01-05 16:00:00,3287.886,3295.329,3282.837,3295.329,3448,45,0,3448
2024-01-05 17:00:00,3295.332,3297.218,3272.574,3275.38,3438,45,0,3438
2024-01-05 18:00:00,3275.385,3287.521,3271.409,3287.521,3443,45,0,3443
2024-01-05 19:00:00,3287.528,3304.876,3287.366,3304.876,3444,46,0,3444
2024-01-05 20:00:00,3304.894,3306.808,3290.143,3291.603,3437,46,0,3437
2024-01-05 21:00:00,3291.603,3297.504,3269.034,3272.358,3454,45,0,3454
2024-01-05 22:00:00,3272.359,3277.752,3253.657,3260.672,3475,45,0,3475
2024-01-05 23:00:00,3260.675,3261.746,3249.669,3256.491,3452,45,0,3452
2024-01-06 00:00:00,3256.499,3263.79,3250.238,3254.738,3438,45,0,3438
2024-01-06 01:00:00,3254.762,3255.524,3225.811,3231.784,3443,45,0,3443
2024-01-06 02:00:00,3231.794,3238.677,3221.653,3230.679,3436,45,0,3436
2024-01-06 03:00:00,3230.681,3236.546,3216.757,3223.108,3458,45,0,3458
2024-01-06 04:00:00,3223.118,3234.753,3220.722,3234.753,3459,45,0,3459
2024-01-06 05:00:00,3234.763,3240.591,3229.545,3240.591,3445,45,0,3445
2024-01-06 06:00:00,3240.601,3251.354,3238.181,3251.354,3453,45,0,3453
2024-01-06 07:00:00,3251.354,3258.833,3248.424,3252.533,3451,45,0,3451
2024-01-06 08:00:00,3252.54,3254.867,3244.68,3254.322,3421,45,0,3421
2024-01-06 09:00:00,3254.324,3266.15,3254.324,3263.269,3463,45,0,3463
2024-01-06 10:00:00,3263.282,3270.553,3261.975,3267.705,3465,45,0,3465
2024-01-06 11:00:00,3267.706,3273.482,3264.187,3264.989,3473,45,0,3473
2024-01-06 12:00:00,3264.999,3269.632,3250.155,3250.33,3476,45,0,3476
2024-01-06 13:00:00,3250.339,3257.723,3242.846,3242.987,3437,45,0,3437
2024-01-06 14:00:00,3242.993,3254.046,3242.993,3250.972,3448,45,0,3448
2024-01-06 15:00:00,3250.973,3262.691,3250.973,3258.708,3448,45,0,3448
2024-01-06 16:00:00,3258.711,3278.62,3258.711,3278.62,3441,45,0,3441
2024-01-06 17:00:00,3278.631,3283.572,3259.465,3261.52,3439,45,0,3439
2024-01-06 18:00:00,3261.528,3264.33,3235.723,3237.627,3460,45,0,3460
2024-01-06 19:00:00,3237.628,3237.985,3220.265,3220.723,3450,45,0,3450
2024-01-06 20:00:00,3220.731,3223.85,3207.177,3218.184,3463,44,0,3463
2024-01-06 21:00:00,3218.186,3228.92,3214.104,3228.92,3469,45,0,3469
2024-01-06 22:00:00,3228.927,3231.048,3218.431,3218.538,3428,45,0,3428
2024-01-06 23:00:00,3218.551,3228.191,3211.173,3214.945,3456,44,0,3456
2024-01-07 00:00:00,3214.969,3215.78,3204.004,3212.465,3450,44,0,3450
2024-01-07 01:00:00,3212.477,3226.287,3212.477,3226.287,3453,44,0,3453
2024-01-07 02:00:00,3226.294,3238.046,3226.294,3237.2,3457,45,0,3457
2024-01-07 03:00:00,3237.2,3243.243,3224.393,3227.84,3446,45,0,3446
2024-01-07 04:00:00,3227.842,3230.199,3215.009,3224.099,3479,45,0,3479
2024-01-07 05:00:00,3224.103,3230.491,3217.282,3227.393,3440,45,0,3440
2024-01-07 06:00:00,3227.398,3231.836,3224.1,3231.836,3441,45,0,3441
2024-01-07 07:00:00,3231.836,3243.766,3222.071,3241.749,3450,45,0,3450
2024-01-07 08:00:00,3241.753,3246.152,3232.178,3245.675,3458,45,0,3458
2024-01-07 09:00:00,3245.687,3263.355,3245.687,3263.355,3438,45,0,3438
2024-01-07 10:00:00,3263.366,3278.9,3263.366,3267.309,3458,45,0,3458
2024-01-07 11:00:00,3267.31,3276.115,3266.507,3276.115,3450,45,0,3450
2024-01-07 12:00:00,3276.121,3279.487,3260.218,3266.171,3451,45,0,3451
2024-01-07 13:00:00,3266.183,3272.736,3258.59,3259.729,3448,45,0,3448
2024-01-07 14:00:00,3259.735,3268.642,3258.601,3268.642,3458,45,0,3458
2024-01-07 15:00:00,3268.648,3269.046,3251.682,3253.483,3461,45,0,3461
2024-01-07 16:00:00,3253.491,3262.825,3248.057,3248.741,3454,45,0,3454
2024-01-07 17:00:00,3248.749,3252.562,3240.614,3249.159,3433,45,0,3433
2024-01-07 18:00:00,3249.159,3260.367,3249.159,3251.648,3442,45,0,3442
2024-01-07 19:00:00,3251.657,3255.786,3243.039,3246.623,3455,45,0,3455
2024-01-07 20:00:00,3246.63,3253.654,3242.522,3242.565,3461,45,0,3461
2024-01-07 21:00:00,3242.566,3244.975,3232.683,3240.988,3438,45,0,3438
2024-01-07 22:00:00,3240.999,3248.498,3235.987,3245.99,3415,45,0,3415
2024-01-07 23:00:00,3245.997,3248.87,3236.079,3241.658,3436,45,0,3436
2024-01-08 00:00:00,3241.669,3243.259,3232.863,3243.259,3461,45,0,3461
2024-01-08 01:00:00,3243.264,3243.945,3224.328,3235.1,3438,45,0,3438
2024-01-08 02:00:00,3235.116,3243.274,3230.934,3237.22,3441,45,0,3441
2024-01-08 03:00:00,3237.226,3252.099,3235.985,3237.543,3451,45,0,3451
2024-01-08 04:00:00,3237.544,3248.21,3237.332,3237.718,3466,45,0,3466
2024-01-08 05:00:00,3237.73,3240.07,3227.127,3230.122,3432,45,0,3432
2024-01-08 06:00:00,3230.126,3232.921,3208.304,3210.749,3437,44,0,3437
2024-01-08 07:00:00,3210.757,3224.811,3210.757,3224.811,3419,44,0,3419
2024-01-08 08:00:00,3224.816,3241.118,3224.816,3229.54,3452,45,0,3452
2024-01-08 09:00:00,3229.543,3234.105,3223.922,3234.105,3426,45,0,3426
2024-01-08 10:00:00,3234.111,3241.819,3222.789,3222.977,3415,45,0,3415
2024-01-08 11:00:00,3222.983,3224.62,3211.409,3221.256,3446,44,0,3446
2024-01-08 12:00:00,3221.268,3229.501,3218.844,3226.501,3445,45,0,3445
2024-01-08 13:00:00,3226.504,3230.597,3220.898,3224.013,3449,45,0,3449
2024-01-08 14:00:00,3224.016,3231.487,3221.365,3230.804,3451,45,0,3451
2024-01-08 15:00:00,3230.807,3234.451,3220.455,3225.729,3449,45,0,3449
2024-01-08 16:00:00,3225.738,3233.009,3220.029,3233.009,3440,45,0,3440
2024-01-08 17:00:00,3233.021,3237.612,3223.913,3227.327,3431,45,0,3431
2024-01-08 18:00:00,3227.339,3230.69,3220.386,3229.072,3424,45,0,3424
2024-01-08 19:00:00,3229.082,3238.698,3229.082,3237.778,3451,45,0,3451
2024-01-08 20:00:00,3237.78,3240.771,3233.225,3240.248,3421,45,0,3421
2024-01-08 21:00:00,3240.251,3244.879,3217.241,3219.755,3456,45,0,3456
2024-01-08 22:00:00,3219.763,3233.241,3219.763,3223.069,3451,45,0,3451
2024-01-08 23:00:00,3223.078,3234.146,3220.248,3233.054,3436,45,0,3436
2024-01-09 00:00:00,3233.056,3239.896,3229.441,3237.431,3433,45,0,3433
2024-01-09 01:00:00,3237.436,3240.349,3224.421,3225.777,3453,45,0,3453
2024-01-09 02:00:00,3225.778,3227.259,3196.872,3199.654,3441,44,0,3441
2024-01-09 03:00:00,3199.661,3208.556,3191.262,3191.839,3455,44,0,3455
2024-01-09 04:00:00,3191.848,3200.381,3191.848,3200.155,3453,44,0,3453
2024-01-09 05:00:00,3200.163,3200.32,3181.394,3188.21,3448,44,0,3448
2024-01-09 06:00:00,3188.214,3193.166,3179.929,3180.689,3443,44,0,3443
2024-01-09 07:00:00,3180.698,3180.97,3169.003,3179.343,3444,44,0,3444
2024-01-09 08:00:00,3179.348,3181.999,3172.369,3180.585,3462,44,0,3462
2024-01-09 09:00:00,3180.592,3181.957,3160.908,3170.083,3443,44,0,3443
2024-01-09 10:00:00,3170.1,3177.231,3158.037,3158.15,3458,44,0,3458
2024-01-09 11:00:00,3158.151,3170.256,3158.151,3167.624,3454,44,0,3454
2024-01-09 12:00:00,3167.63,3174.537,3158.739,3161.575,3425,44,0,3425
2024-01-09 13:00:00,3161.58,3169.646,3145.806,3149.93,3448,44,0,3448
2024-01-09 14:00:00,3149.936,3152.345,3138.931,3149.043,3450,43,0,3450
2024-01-09 15:00:00,3149.051,3158.539,3140.774,3141.829,3439,43,0,3439
2024-01-09 16:00:00,3141.83,3150.29,3134.664,3139.204,3434,43,0,3434
2024-01-09 17:00:00,3139.208,3150.375,3139.208,3147.271,3442,43,0,3442
2024-01-09 18:00:00,3147.279,3155.23,3147.279,3151.793,3431,44,0,3431
2024-01-09 19:00:00,3151.808,3168.298,3151.808,3165.595,3454,44,0,3454
2024-01-09 20:00:00,3165.602,3168.961,3161.457,3167.496,3450,44,0,3450
2024-01-09 21:00:00,3167.504,3174.942,3167.504,3174.942,3435,44,0,3435
2024-01-09 22:00:00,3174.946,3188.43,3174.946,3188.43,3462,44,0,3462
2024-01-09 23:00:00,3188.441,3208.308,3188.441,3208.308,3428,44,0,3428
2024-01-10 00:00:00,3208.314,3213.227,3196.136,3202.807,3440,44,0,3440
2024-01-10 01:00:00,3202.81,3203.18,3183.642,3188.448,3431,44,0,3431
2024-01-10 02:00:00,3188.461,3195.429,3184.454,3187.779,3453,44,0,3453
2024-01-10 03:00:00,3187.781,3197.394,3187.781,3195.424,3459,44,0,3459
2024-01-10 04:00:00,3195.429,3198.969,3185.372,3194.496,3442,44,0,3442
2024-01-10 05:00:00,3194.509,3194.906,3180.8,3185.113,3432,44,0,3432
2024-01-10 06:00:00,3185.118,3187.801,3173.606,3175.62,3406,44,0,3406
2024-01-10 07:00:00,3175.623,3187.448,3172.632,3187.448,3435,44,0,3435
2024-01-10 08:00:00,3187.452,3200.177,3187.452,3200.177,3446,44,0,3446
2024-01-10 09:00:00,3200.177,3215.901,3200.177,3213.655,3450,44,0,3450
2024-01-10 10:00:00,3213.663,3224.816,3210.971,3212.146,3454,44,0,3454
2024-01-10 11:00:00,3212.148,3214.486,3200.148,3207.079,3430,44,0,3430
2024-01-10 12:00:00,3207.084,3216.259,3201.308,3207.362,3443,44,0,3443
2024-01-10 13:00:00,3207.363,3214.857,3199.292,3210.861,3440,44,0,3440
2024-01-10 14:00:00,3210.87,3214.901,3203.576,3209.814,3447,44,0,3447
2024-01-10 15:00:00,3209.817,3217.685,3207.064,3216.37,3443,44,0,3443
2024-01-10 16:00:00,3216.383,3227.734,3216.383,3226.573,3433,45,0,3433
2024-01-10 17:00:00,3226.573,3235.529,3223.735,3232.97,3445,45,0,3445
2024-01-10 18:00:00,3232.981,3245.526,3229.444,3232.187,3446,45,0,3446
2024-01-10 19:00:00,3232.195,3238.289,3225.747,3238.01,3432,45,0,3432
2024-01-10 20:00:00,3238.013,3253.642,3237.247,3246.296,3451,45,0,3451
2024-01-10 21:00:00,3246.298,3267.465,3246.298,3267.43,3445,45,0,3445
2024-01-10 22:00:00,3267.439,3272.386,3252.345,3263.25,3436,45,0,3436
2024-01-10 23:00:00,3263.258,3281.329,3263.258,3279.243,3440,45,0,3440
2024-01-11 00:00:00,3279.254,3285.526,3271.114,3285.526,3449,45,0,3449
2024-01-11 01:00:00,3285.533,3291.537,3273.75,3274.381,3449,45,0,3449
2024-01-11 02:00:00,3274.392,3287.871,3272.608,3285.783,3454,45,0,3454
2024-01-11 03:00:00,3285.788,3290.157,3276.042,3286.741,3453,45,0,3453
2024-01-11 04:00:00,3286.747,3298.298,3286.352,3295.403,3447,46,0,3447
2024-01-11 05:00:00,3295.404,3312.129,3295.404,3308.138,3448,46,0,3448
2024-01-11 06:00:00,3308.147,3319.375,3301.0,3308.085,3430,46,0,3430
2024-01-11 07:00:00,3308.092,3328.964,3308.092,3323.031,3453,46,0,3453
2024-01-11 08:00:00,3323.038,3331.024,3317.613,3319.243,3461,46,0,3461
2024-01-11 09:00:00,3319.249,3326.763,3318.511,3325.676,3454,46,0,3454
2024-01-11 10:00:00,3325.68,3329.047,3316.786,3326.075,3466,46,0,3466
2024-01-11 11:00:00,3326.081,3326.841,3305.723,3307.008,3435,46,0,3435
2024-01-11 12:00:00,3307.011,3311.298,3293.86,3311.298,3459,46,0,3459
2024-01-11 13:00:00,3311.308,3313.196,3291.479,3296.579,3442,46,0,3442
2024-01-11 14:00:00,3296.582,3301.858,3289.447,3298.894,3455,46,0,3455
2024-01-11 15:00:00,3298.894,3319.498,3298.894,3314.822,3443,46,0,3443
2024-01-11 16:00:00,3314.829,3316.889,3292.166,3292.166,3467,46,0,3467
2024-01-11 17:00:00,3292.168,3302.609,3291.165,3302.609,3446,46,0,3446
2024-01-11 18:00:00,3302.613,3305.945,3294.196,3297.764,3453,46,0,3453
2024-01-11 19:00:00,3297.77,3309.119,3297.77,3305.047,3446,46,0,3446
2024-01-11 20:00:00,3305.05,3309.452,3288.538,3291.248,3431,46,0,3431
2024-01-11 21:00:00,3291.254,3296.737,3273.296,3278.649,3468,45,0,3468
2024-01-11 22:00:00,3278.653,3296.945,3278.653,3290.671,3451,45,0,3451
2024-01-11 23:00:00,3290.675,3302.957,3290.675,3298.397,3456,46,0,3456
2024-01-12 00:00:00,3298.398,3300.847,3290.817,3295.044,3444,46,0,3444
2024-01-12 01:00:00,3295.048,3295.881,3282.288,3293.357,3473,45,0,3473
2024-01-12 02:00:00,3293.368,3299.664,3287.566,3287.871,3450,46,0,3450
2024-01-12 03:00:00,3287.873,3290.721,3271.219,3273.645,3447,45,0,3447
2024-01-12 04:00:00,3273.648,3277.609,3253.953,3256.022,3461,45,0,3461
2024-01-12 05:00:00,3256.027,3257.967,3247.026,3251.267,3432,45,0,3432
2024-01-12 06:00:00,3251.275,3254.24,3238.77,3239.479,3414,45,0,3414
2024-01-12 07:00:00,3239.487,3246.259,3233.297,3233.824,3444,45,0,3444
2024-01-12 08:00:00,3233.825,3241.55,3225.635,3230.2,3443,45,0,3443
2024-01-12 09:00:00,3230.205,3251.6,3230.205,3251.6,3460,45,0,3460
2024-01-12 10:00:00,3251.601,3260.659,3246.268,3260.659,3462,45,0,3462
2024-01-12 11:00:00,3260.669,3263.251,3246.7,3247.309,3476,45,0,3476
2024-01-12 12:00:00,3247.31,3251.092,3244.77,3251.092,3464,45,0,3464
2024-01-12 13:00:00,3251.096,3262.766,3251.096,3262.766,3456,45,0,3456
2024-01-12 14:00:00,3262.773,3266.207,3243.329,3246.343,3441,45,0,3441
2024-01-12 15:00:00,3246.346,3248.836,3229.13,3231.194,3457,45,0,3457
2024-01-12 16:00:00,3231.196,3232.701,3222.228,3232.53,3466,45,0,3466
2024-01-12 17:00:00,3232.533,3245.979,3232.47,3241.708,3438,45,0,3438
2024-01-12 18:00:00,3241.723,3255.781,3241.723,3245.148,3448,45,0,3448
2024-01-12 19:00:00,3245.148,3253.881,3233.524,3236.105,3461,45,0,3461
2024-01-12 20:00:00,3236.108,3236.319,3218.974,3229.77,3440,45,0,3440
2024-01-12 21:00:00,3229.774,3234.628,3223.779,3234.628,3456,45,0,3456
2024-01-12 22:00:00,3234.629,3238.62,3226.448,3235.613,3458,45,0,3458
2024-01-12 23:00:00,3235.62,3241.64,3231.739,3234.959,3437,45,0,3437
2024-01-13 00:00:00,3234.971,3247.983,3234.336,3245.74,3439,45,0,3439
2024-01-13 01:00:00,3245.753,3258.08,3245.753,3258.08,3458,45,0,3458
2024-01-13 02:00:00,3258.088,3266.255,3252.745,3257.061,3443,45,0,3443
2024-01-13 03:00:00,3257.066,3261.746,3250.892,3260.771,3465,45,0,3465
2024-01-13 04:00:00,3260.775,3273.488,3258.775,3273.488,3461,45,0,3461
2024-01-13 05:00:00,3273.492,3283.636,3271.092,3278.29,3454,45,0,3454
2024-01-13 06:00:00,3278.299,3281.742,3252.559,3260.751,3448,45,0,3448
2024-01-13 07:00:00,3260.758,3275.167,3256.63,3263.802,3458,45,0,3458
2024-01-13 08:00:00,3263.816,3272.906,3262.315,3266.966,3433,45,0,3433
2024-01-13 09:00:00,3266.966,3267.72,3250.74,3253.457,3439,45,0,3439
2024-01-13 10:00:00,3253.463,3264.193,3251.029,3264.193,3434,45,0,3434
2024-01-13 11:00:00,3264.197,3265.772,3250.573,3253.085,3455,45,0,3455
2024-01-13 12:00:00,3253.099,3263.156,3246.103,3248.91,3457,45,0,3457
2024-01-13 13:00:00,3248.922,3263.089,3248.922,3255.973,3443,45,0,3443
2024-01-13 14:00:00,3255.978,3258.343,3250.243,3254.374,3440,45,0,3440
2024-01-13 15:00:00,3254.39,3270.316,3253.89,3267.289,3468,45,0,3468
2024-01-13 16:00:00,3267.292,3270.24,3249.725,3250.342,3473,45,0,3473
2024-01-13 17:00:00,3250.346,3262.555,3235.924,3240.583,3442,45,0,3442
2024-01-13 18:00:00,3240.584,3242.62,3232.416,3242.522,3449,45,0,3449
2024-01-13 19:00:00,3242.528,3242.916,3213.969,3216.51,3459,45,0,3459
2024-01-13 20:00:00,3216.516,3219.747,3205.178,3211.725,3448,44,0,3448
2024-01-13 21:00:00,3211.728,3221.281,3208.177,3219.928,3456,44,0,3456
2024-01-13 22:00:00,3219.928,3227.959,3212.362,3227.959,3449,44,0,3449
2024-01-13 23:00:00,3227.966,3231.984,3208.128,3211.426,3454,44,0,3454
2024-01-14 00:00:00,3211.428,3216.881,3204.188,3206.318,3434,44,0,3434
2024-01-14 01:00:00,3206.324,3215.094,3206.296,3207.285,3226,44,0,3226
2024-01-14 02:00:00,3207.299,3210.955,3194.716,3210.955,3430,44,0,3430
2024-01-14 03:00:00,3210.956,3217.378,3204.319,3214.975,3462,44,0,3462
2024-01-14 04:00:00,3214.976,3235.28,3214.976,3233.194,3442,45,0,3442
2024-01-14 05:00:00,3233.195,3233.534,3203.535,3217.08,3436,44,0,3436
2024-01-14 06:00:00,3217.09,3230.252,3214.487,3230.252,3416,45,0,3416
2024-01-14 07:00:00,3230.255,3237.867,3209.347,3209.393,3444,44,0,3444
2024-01-14 08:00:00,3209.403,3214.973,3203.938,3214.973,3445,44,0,3445
2024-01-14 09:00:00,3214.985,3220.305,3209.315,3220.305,3426,44,0,3426
2024-01-14 10:00:00,3220.314,3225.818,3215.023,3219.834,3431,45,0,3431
2024-01-14 11:00:00,3219.844,3236.926,3219.844,3225.806,3443,45,0,3443
2024-01-14 12:00:00,3225.817,3229.561,3203.439,3210.038,3454,44,0,3454
2024-01-14 13:00:00,3210.051,3222.769,3207.293,3213.872,3441,44,0,3441
2024-01-14 14:00:00,3213.875,3229.119,3213.875,3226.079,3434,44,0,3434
2024-01-14 15:00:00,3226.085,3234.597,3221.965,3234.597,3442,45,0,3442
2024-01-14 16:00:00,3234.598,3243.433,3228.93,3232.056,3446,45,0,3446
2024-01-14 17:00:00,3232.057,3239.759,3232.057,3239.759,3430,45,0,3430
2024-01-14 18:00:00,3239.76,3250.975,3236.549,3239.789,3467,45,0,3467
2024-01-14 19:00:00,3239.792,3240.427,3228.55,3232.725,3433,45,0,3433
2024-01-14 20:00:00,3232.728,3246.606,3225.437,3229.384,3441,45,0,3441
2024-01-14 21:00:00,3229.392,3231.843,3218.816,3220.989,3461,45,0,3461
2024-01-14 22:00:00,3220.991,3231.51,3218.247,3227.106,3438,45,0,3438
2024-01-14 23:00:00,3227.114,3227.666,3212.837,3212.885,3449,45,0,3449
2024-01-15 00:00:00,3212.896,3221.831,3212.896,3216.653,3432,44,0,3432
2024-01-15 01:00:00,3216.665,3232.964,3213.739,3232.964,2934,45,0,2934
2024-01-15 02:00:00,3232.967,3251.164,3232.967,3245.36,3417,45,0,3417
2024-01-15 03:00:00,3245.363,3251.912,3238.756,3251.738,3442,45,0,3442
2024-01-15 04:00:00,3251.742,3257.441,3245.511,3257.441,3449,45,0,3449
2024-01-15 05:00:00,3257.446,3278.669,3255.934,3278.669,3459,45,0,3459
2024-01-15 06:00:00,3278.671,3287.296,3271.439,3287.296,3445,45,0,3445
2024-01-15 07:00:00,3287.299,3294.459,3278.116,3280.048,3460,45,0,3460
2024-01-15 08:00:00,3280.057,3283.278,3262.439,3265.974,3439,45,0,3439
2024-01-15 09:00:00,3265.98,3266.748,3247.063,3249.349,3444,45,0,3444
2024-01-15 10:00:00,3249.358,3250.97,3237.304,3238.352,3436,45,0,3436
2024-01-15 11:00:00,3238.354,3244.022,3231.243,3235.036,3436,45,0,3436
2024-01-15 12:00:00,3235.044,3236.426,3224.899,3228.045,3421,45,0,3421
2024-01-15 13:00:00,3228.045,3238.274,3225.298,3238.274,3456,45,0,3456
2024-01-15 14:00:00,3238.279,3242.342,3230.811,3241.369,3453,45,0,3453
2024-01-15 15:00:00,3241.384,3244.539,3224.807,3233.94,3443,45,0,3443
2024-01-15 16:00:00,3233.949,3235.575,3223.412,3226.974,3433,45,0,3433
2024-01-15 17:00:00,3226.984,3235.35,3225.839,3231.919,3438,45,0,3438
2024-01-15 18:00:00,3231.929,3234.357,3213.366,3214.814,3466,44,0,3466
2024-01-15 19:00:00,3214.824,3223.955,3207.541,3219.952,3437,44,0,3437
2024-01-15 20:00:00,3219.953,3220.918,3204.8,3212.233,3439,44,0,3439
2024-01-15 21:00:00,3212.246,3227.376,3212.246,3227.376,3434,44,0,3434
2024-01-15 22:00:00,3227.381,3229.137,3218.14,3222.477,3425,45,0,3425
2024-01-15 23:00:00,3222.479,3227.298,3212.216,3219.482,3425,44,0,3425
2024-01-16 00:00:00,3219.487,3221.346,3208.364,3220.475,3442,44,0,3442
2024-01-16 01:00:00,3220.478,3241.42,3219.466,3239.473,3462,45,0,3462
2024-01-16 02:00:00,3239.484,3244.912,3225.878,3226.097,3454,45,0,3454
2024-01-16 03:00:00,3226.1,3228.004,3210.794,3216.728,3432,44,0,3432
2024-01-16 04:00:00,3216.737,3219.758,3209.128,3219.593,3428,44,0,3428
2024-01-16 05:00:00,3219.597,3229.697,3218.662,3221.963,3456,45,0,3456
2024-01-16 06:00:00,3221.978,3235.523,3221.978,3235.523,3466,45,0,3466
2024-01-16 07:00:00,3235.525,3235.795,3224.137,3230.338,3448,45,0,3448
2024-01-16 08:00:00,3230.346,3235.946,3226.257,3231.692,3455,45,0,3455
2024-01-16 09:00:00,3231.701,3240.729,3229.183,3237.69,3450,45,0,3450
2024-01-16 10:00:00,3237.694,3242.543,3224.149,3227.864,3482,45,0,3482
2024-01-16 11:00:00,3227.877,3228.665,3219.023,3222.723,3443,45,0,3443
2024-01-16 12:00:00,3222.726,3229.855,3219.127,3229.153,3467,45,0,3467
2024-01-16 13:00:00,3229.161,3241.274,3226.357,3237.311,3442,45,0,3442
2024-01-16 14:00:00,3237.32,3245.585,3235.852,3241.092,3454,45,0,3454
2024-01-16 15:00:00,3241.108,3248.678,3238.189,3240.231,3450,45,0,3450
2024-01-16 16:00:00,3240.236,3244.257,3233.645,3242.68,3457,45,0,3457
2024-01-16 17:00:00,3242.684,3244.019,3225.685,3239.778,3459,45,0,3459
2024-01-16 18:00:00,3239.778,3243.043,3229.572,3234.797,3456,45,0,3456
2024-01-16 19:00:00,3234.804,3238.114,3226.266,3238.114,3445,45,0,3445
2024-01-16 20:00:00,3238.122,3243.552,3214.859,3223.504,3425,45,0,3425
2024-01-16 21:00:00,3223.511,3235.871,3219.887,3235.871,3438,45,0,3438
2024-01-16 22:00:00,3235.88,3237.344,3217.703,3225.281,3435,45,0,3435
2024-01-16 23:00:00,3225.286,3226.147,3215.286,3220.43,3434,45,0,3434
2024-01-17 00:00:00,3220.442,3223.687,3212.774,3222.507,3447,44,0,3447
2024-01-17 01:00:00,3222.516,3223.614,3212.56,3222.249,3465,44,0,3465
2024-01-17 02:00:00,3222.249,3235.854,3221.777,3224.035,3443,45,0,3443
2024-01-17 03:00:00,3224.036,3245.12,3224.036,3239.211,3453,45,0,3453
2024-01-17 04:00:00,3239.217,3246.358,3233.674,3246.358,3429,45,0,3429
2024-01-17 05:00:00,3246.361,3246.828,3236.854,3238.078,3457,45,0,3457
2024-01-17 06:00:00,3238.089,3243.917,3230.944,3236.008,3451,45,0,3451
2024-01-17 07:00:00,3236.008,3249.822,3233.811,3249.737,3461,45,0,3461
2024-01-17 08:00:00,3249.739,3251.503,3236.915,3244.989,3446,45,0,3446
2024-01-17 09:00:00,3244.991,3253.243,3238.98,3245.657,3440,45,0,3440
2024-01-17 10:00:00,3245.657,3251.469,3234.626,3237.399,3445,45,0,3445
2024-01-17 11:00:00,3237.409,3243.058,3229.398,3230.792,3431,45,0,3431
2024-01-17 12:00:00,3230.796,3238.985,3230.796,3236.028,3450,45,0,3450
2024-01-17 13:00:00,3236.043,3248.094,3231.301,3248.094,3444,45,0,3444
2024-01-17 14:00:00,3248.103,3252.307,3240.873,3252.307,3449,45,0,3449
2024-01-17 15:00:00,3252.316,3253.407,3219.481,3228.537,3434,45,0,3434
2024-01-17 16:00:00,3228.551,3239.69,3224.629,3239.69,3477,45,0,3477
2024-01-17 17:00:00,3239.691,3239.769,3225.481,3231.167,3448,45,0,3448
2024-01-17 18:00:00,3231.173,3236.988,3224.958,3231.193,3453,45,0,3453
2024-01-17 19:00:00,3231.208,3237.565,3227.248,3237.565,3438,45,0,3438
2024-01-17 20:00:00,3237.579,3255.785,3237.579,3255.785,3446,45,0,3446
2024-01-17 21:00:00,3255.791,3259.503,3251.145,3255.267,3439,45,0,3439
2024-01-17 22:00:00,3255.269,3256.982,3245.754,3252.305,3437,45,0,3437
2024-01-17 23:00:00,3252.319,3260.991,3243.426,3247.464,3445,45,0,3445
2024-01-18 00:00:00,3247.466,3259.715,3246.923,3259.613,3434,45,0,3434
2024-01-18 01:00:00,3259.617,3269.803,3257.855,3269.803,3459,45,0,3459
2024-01-18 02:00:00,3269.811,3273.024,3260.483,3268.284,3441,45,0,3441
2024-01-18 03:00:00,3268.29,3275.641,3265.487,3265.901,3440,45,0,3440
2024-01-18 04:00:00,3265.912,3270.457,3252.197,3257.855,3444,45,0,3444
2024-01-18 05:00:00,3257.856,3260.939,3247.577,3253.232,3468,45,0,3468
2024-01-18 06:00:00,3253.242,3265.501,3250.433,3265.501,3442,45,0,3442
2024-01-18 07:00:00,3265.509,3268.06,3256.435,3268.06,3451,45,0,3451
2024-01-18 08:00:00,3268.066,3270.244,3258.416,3265.903,3443,45,0,3443
2024-01-18 09:00:00,3265.904,3273.24,3265.904,3273.24,3447,45,0,3447
2024-01-18 10:00:00,3273.244,3286.635,3270.993,3286.635,3423,45,0,3423
2024-01-18 11:00:00,3286.638,3292.406,3283.341,3284.546,3457,45,0,3457
2024-01-18 12:00:00,3284.548,3297.53,3282.259,3282.781,3464,45,0,3464
2024-01-18 13:00:00,3282.786,3283.184,3270.72,3275.907,3436,45,0,3436
2024-01-18 14:00:00,3275.912,3284.441,3257.235,3260.742,3444,45,0,3444
2024-01-18 15:00:00,3260.758,3270.026,3260.056,3265.981,3412,45,0,3412
2024-01-18 16:00:00,3265.987,3266.824,3248.7,3250.588,3429,45,0,3429
2024-01-18 17:00:00,3250.59,3256.703,3246.251,3254.506,3443,45,0,3443
2024-01-18 18:00:00,3254.521,3264.461,3247.448,3264.461,3457,45,0,3457
2024-01-18 19:00:00,3264.464,3278.946,3262.968,3278.946,3447,45,0,3447
2024-01-18 20:00:00,3278.948,3284.626,3273.482,3273.628,3449,45,0,3449
2024-01-18 21:00:00,3273.631,3279.498,3264.473,3277.06,3455,45,0,3455
2024-01-18 22:00:00,3277.074,3283.059,3270.638,3280.799,3459,45,0,3459
2024-01-18 23:00:00,3280.8,3287.581,3279.947,3280.021,3447,45,0,3447
2024-01-19 00:00:00,3280.023,3285.956,3275.937,3285.956,3458,45,0,3458
2024-01-19 01:00:00,3285.971,3291.834,3283.826,3287.783,3456,45,0,3456
2024-01-19 02:00:00,3287.792,3293.19,3285.578,3292.544,3442,46,0,3442
2024-01-19 03:00:00,3292.546,3296.691,3282.17,3296.691,3465,45,0,3465
2024-01-19 04:00:00,3296.696,3310.758,3296.696,3310.758,3457,46,0,3457
2024-01-19 05:00:00,3310.762,3319.022,3310.762,3314.235,3459,46,0,3459
2024-01-19 06:00:00,3314.242,3316.936,3293.963,3299.681,3456,46,0,3456
2024-01-19 07:00:00,3299.692,3307.999,3290.504,3292.251,3455,46,0,3455
2024-01-19 08:00:00,3292.254,3297.823,3288.155,3292.979,3449,46,0,3449
2024-01-19 09:00:00,3292.979,3299.724,3289.136,3298.8,3455,46,0,3455
2024-01-19 10:00:00,3298.803,3299.56,3284.799,3294.452,3431,45,0,3431
2024-01-19 11:00:00,3294.456,3295.709,3275.763,3276.023,3455,45,0,3455
2024-01-19 12:00:00,3276.028,3291.621,3273.838,3291.621,3452,45,0,3452
2024-01-19 13:00:00,3291.634,3304.64,3287.628,3302.724,3454,46,0,3454
2024-01-19 14:00:00,3302.732,3317.063,3302.732,3313.714,3448,46,0,3448
2024-01-19 15:00:00,3313.722,3321.8,3302.588,3304.189,3462,46,0,3462
2024-01-19 16:00:00,3304.196,3315.717,3301.996,3313.789,3438,46,0,3438
2024-01-19 17:00:00,3313.792,3318.244,3306.11,3308.214,3450,46,0,3450
2024-01-19 18:00:00,3308.223,3315.071,3303.601,3313.625,3454,46,0,3454
2024-01-19 19:00:00,3313.628,3314.463,3298.149,3299.9,3441,46,0,3441
2024-01-19 20:00:00,3299.914,3306.523,3279.45,3282.467,3454,45,0,3454
2024-01-19 21:00:00,3282.478,3294.577,3282.478,3282.763,3442,45,0,3442
2024-01-19 22:00:00,3282.764,3288.545,3271.7,3282.022,3472,45,0,3472
2024-01-19 23:00:00,3282.026,3293.552,3282.026,3293.552,3445,45,0,3445
2024-01-20 00:00:00,3293.553,3311.075,3293.553,3310.952,3439,46,0,3439
2024-01-20 01:00:00,3310.956,3312.856,3301.58,3311.913,3445,46,0,3445
2024-01-20 02:00:00,3311.916,3315.448,3302.517,3312.413,3438,46,0,3438
2024-01-20 03:00:00,3312.414,3317.264,3306.808,3314.984,3451,46,0,3451
2024-01-20 04:00:00,3314.985,3318.362,3300.096,3306.146,3465,46,0,3465
2024-01-20 05:00:00,3306.152,3308.185,3293.781,3300.049,3447,46,0,3447
2024-01-20 06:00:00,3300.05,3307.668,3292.035,3306.65,3454,46,0,3454
2024-01-20 07:00:00,3306.652,3319.567,3306.652,3319.567,3455,46,0,3455
2024-01-20 08:00:00,3319.571,3320.373,3303.689,3310.081,3446,46,0,3446
2024-01-20 09:00:00,3310.087,3311.211,3275.848,3279.059,3445,45,0,3445
2024-01-20 10:00:00,3279.077,3289.169,3275.704,3279.264,3453,45,0,3453
2024-01-20 11:00:00,3279.271,3292.645,3275.215,3276.016,3446,45,0,3446
2024-01-20 12:00:00,3276.021,3277.438,3270.146,3276.769,3443,45,0,3443
2024-01-20 13:00:00,3276.771,3293.221,3276.771,3283.758,3457,45,0,3457
2024-01-20 14:00:00,3283.766,3287.782,3275.84,3286.883,3450,45,0,3450
2024-01-20 15:00:00,3286.888,3292.529,3285.188,3292.529,3462,45,0,3462
2024-01-20 16:00:00,3292.541,3296.666,3284.276,3291.504,3433,45,0,3433
2024-01-20 17:00:00,3291.507,3298.479,3287.445,3293.581,3437,46,0,3437
2024-01-20 18:00:00,3293.594,3299.732,3289.42,3299.732,3467,46,0,3467
2024-01-20 19:00:00,3299.733,3318.844,3299.733,3309.753,3449,46,0,3449
2024-01-20 20:00:00,3309.758,3310.103,3296.688,3297.728,3443,46,0,3443
2024-01-20 21:00:00,3297.743,3299.262,3280.883,3284.336,3434,45,0,3434
2024-01-20 22:00:00,3284.344,3287.999,3267.24,3273.664,3451,45,0,3451
2024-01-20 23:00:00,3273.666,3273.888,3256.102,3261.52,3422,45,0,3422
2024-01-21 00:00:00,3261.526,3264.276,3252.894,3257.394,3444,45,0,3444
2024-01-21 01:00:00,3257.396,3271.039,3257.396,3270.268,3453,45,0,3453
2024-01-21 02:00:00,3270.269,3279.649,3267.544,3279.649,3433,45,0,3433
2024-01-21 03:00:00,3279.655,3288.236,3278.195,3288.236,3448,45,0,3448
2024-01-21 04:00:00,3288.245,3292.335,3272.685,3277.105,3441,45,0,3441
2024-01-21 05:00:00,3277.11,3293.992,3277.11,3293.992,3458,45,0,3458
2024-01-21 06:00:00,3293.996,3299.755,3289.078,3293.251,3464,46,0,3464
2024-01-21 07:00:00,3293.256,3300.337,3289.769,3292.03,3448,46,0,3448
2024-01-21 08:00:00,3292.035,3297.972,3283.132,3285.29,3443,45,0,3443
2024-01-21 09:00:00,3285.292,3288.059,3278.743,3285.689,3472,45,0,3472
2024-01-21 10:00:00,3285.695,3292.595,3280.109,3284.637,3459,45,0,3459
2024-01-21 11:00:00,3284.649,3298.306,3284.649,3298.306,3456,46,0,3456
2024-01-21 12:00:00,3298.313,3300.805,3283.632,3287.466,3456,45,0,3456
2024-01-21 13:00:00,3287.475,3297.515,3286.656,3289.909,3451,46,0,3451
2024-01-21 14:00:00,3289.91,3304.463,3289.91,3297.586,3458,46,0,3458
2024-01-21 15:00:00,3297.593,3310.782,3297.593,3308.989,3442,46,0,3442
2024-01-21 16:00:00,3309.002,3330.938,3309.002,3325.357,3463,46,0,3463
2024-01-21 17:00:00,3325.359,3330.047,3312.757,3316.037,3470,46,0,3470
2024-01-21 18:00:00,3316.037,3319.063,3298.905,3303.962,3444,46,0,3444
2024-01-21 19:00:00,3303.972,3308.979,3301.16,3302.834,3441,46,0,3441
2024-01-21 20:00:00,3302.841,3313.278,3300.544,3309.296,3465,46,0,3465
2024-01-21 21:00:00,3309.296,3310.511,3286.932,3288.837,3445,46,0,3445
2024-01-21 22:00:00,3288.843,3291.837,3274.397,3280.567,3443,45,0,3443
2024-01-21 23:00:00,3280.582,3291.769,3276.879,3285.391,3453,45,0,3453
2024-01-22 00:00:00,3285.392,3295.49,3282.303,3295.49,3478,45,0,3478
2024-01-22 01:00:00,3295.499,3306.121,3293.107,3305.745,3451,46,0,3451
2024-01-22 02:00:00,3305.747,3317.944,3304.069,3314.939,3470,46,0,3470
2024-01-22 03:00:00,3314.944,3323.776,3309.423,3319.186,3437,46,0,3437
2024-01-22 04:00:00,3319.19,3333.134,3317.982,3320.296,3447,46,0,3447
2024-01-22 05:00:00,3320.3,3327.623,3317.451,3321.932,3435,46,0,3435
2024-01-22 06:00:00,3321.937,3323.828,3307.905,3310.238,3461,46,0,3461
2024-01-22 07:00:00,3310.248,3314.142,3306.659,3307.382,3460,46,0,3460
2024-01-22 08:00:00,3307.387,3317.569,3303.119,3313.055,3435,46,0,3435
2024-01-22 09:00:00,3313.065,3324.036,3313.065,3315.461,3450,46,0,3450
2024-01-22 10:00:00,3315.472,3321.596,3314.448,3321.596,3445,46,0,3445
2024-01-22 11:00:00,3321.6,3328.27,3314.505,3320.451,3450,46,0,3450
2024-01-22 12:00:00,3320.456,3320.982,3307.158,3320.762,3458,46,0,3458
2024-01-22 13:00:00,3320.768,3328.825,3319.24,3326.104,3451,46,0,3451
2024-01-22 14:00:00,3326.104,3329.639,3313.842,3318.085,3472,46,0,3472
2024-01-22 15:00:00,3318.098,3326.338,3310.994,3321.228,3447,46,0,3447
2024-01-22 16:00:00,3321.234,3325.404,3311.402,3313.355,3444,46,0,3444
2024-01-22 17:00:00,3313.367,3315.729,3291.583,3293.571,3458,46,0,3458
2024-01-22 18:00:00,3293.574,3296.774,3289.356,3295.225,3452,46,0,3452
2024-01-22 19:00:00,3295.227,3304.83,3295.227,3299.988,3448,46,0,3448
2024-01-22 20:00:00,3300.0,3312.982,3300.0,3307.701,3449,46,0,3449
2024-01-22 21:00:00,3307.703,3309.4,3299.208,3305.931,3441,46,0,3441
2024-01-22 22:00:00,3305.94,3317.864,3300.202,3305.692,3426,46,0,3426
2024-01-22 23:00:00,3305.713,3310.38,3300.577,3302.309,3462,46,0,3462
2024-01-23 00:00:00,3302.31,3318.153,3300.949,3318.153,3449,46,0,3449
2024-01-23 01:00:00,3318.159,3333.207,3318.159,3333.207,3445,46,0,3445
2024-01-23 02:00:00,3333.211,3336.045,3326.026,3334.2,3462,46,0,3462
2024-01-23 03:00:00,3334.202,3334.37,3317.008,3324.053,3474,46,0,3474
2024-01-23 04:00:00,3324.055,3324.865,3307.784,3314.355,3475,46,0,3475
2024-01-23 05:00:00,3314.358,3331.351,3314.358,3327.233,3453,46,0,3453
2024-01-23 06:00:00,3327.242,3333.488,3318.791,3319.398,3458,46,0,3458
2024-01-23 07:00:00,3319.41,3320.263,3309.554,3318.405,3444,46,0,3444
2024-01-23 08:00:00,3318.418,3321.41,3304.651,3311.418,3437,46,0,3437
2024-01-23 09:00:00,3311.426,3315.134,3306.472,3307.951,3460,46,0,3460
2024-01-23 10:00:00,3307.951,3313.595,3301.801,3305.651,3453,46,0,3453
2024-01-23 11:00:00,3305.667,3319.205,3305.375,3319.205,3450,46,0,3450
2024-01-23 12:00:00,3319.223,3321.101,3311.268,3316.777,3457,46,0,3457
2024-01-23 13:00:00,3316.787,3324.188,3311.566,3324.188,3453,46,0,3453
2024-01-23 14:00:00,3324.196,3332.612,3324.196,3329.448,3442,46,0,3442
2024-01-23 15:00:00,3329.462,3339.276,3329.001,3331.157,3427,46,0,3427
2024-01-23 16:00:00,3331.164,3347.795,3331.164,3342.663,3455,46,0,3455
2024-01-23 17:00:00,3342.671,3345.071,3337.489,3340.71,3461,46,0,3461
2024-01-23 18:00:00,3340.716,3345.801,3336.624,3345.801,3438,46,0,3438
2024-01-23 19:00:00,3345.801,3353.181,3343.457,3346.522,3444,46,0,3444
2024-01-23 20:00:00,3346.526,3365.659,3346.526,3365.659,3456,46,0,3456
2024-01-23 21:00:00,3365.667,3367.821,3357.09,3362.787,3438,47,0,3438
2024-01-23 22:00:00,3362.792,3372.338,3357.352,3364.596,3448,47,0,3448
2024-01-23 23:00:00,3364.599,3367.229,3354.464,3364.686,3460,46,0,3460
2024-01-24 00:00:00,3364.689,3384.266,3364.689,3384.266,3432,47,0,3432
2024-01-24 01:00:00,3384.281,3400.847,3384.281,3388.929,3464,47,0,3464
2024-01-24 02:00:00,3388.931,3398.759,3384.733,3387.523,3482,47,0,3482
2024-01-24 03:00:00,3387.527,3389.96,3374.724,3387.516,3470,47,0,3470
2024-01-24 04:00:00,3387.518,3396.004,3383.952,3396.004,3466,47,0,3466
2024-01-24 05:00:00,3396.01,3401.674,3382.91,3389.68,3462,47,0,3462
2024-01-24 06:00:00,3389.682,3394.759,3384.029,3394.759,3444,47,0,3444
2024-01-24 07:00:00,3394.764,3397.7,3381.762,3391.646,3446,47,0,3446
2024-01-24 08:00:00,3391.653,3405.323,3383.353,3405.323,3459,47,0,3459
2024-01-24 09:00:00,3405.335,3422.281,3405.335,3422.281,3441,47,0,3441
2024-01-24 10:00:00,3422.293,3434.805,3415.453,3434.805,3447,47,0,3447
2024-01-24 11:00:00,3434.805,3443.014,3416.631,3421.082,3457,47,0,3457
2024-01-24 12:00:00,3421.091,3427.051,3418.687,3425.403,3456,47,0,3456
2024-01-24 13:00:00,3425.409,3437.524,3420.505,3434.745,3453,47,0,3453
2024-01-24 14:00:00,3434.757,3449.302,3434.757,3448.081,3467,48,0,3467
2024-01-24 15:00:00,3448.086,3449.492,3427.407,3428.043,3471,47,0,3471
2024-01-24 16:00:00,3428.049,3429.436,3390.155,3393.633,3465,47,0,3465
2024-01-24 17:00:00,3393.64,3407.766,3393.64,3407.766,3445,47,0,3445
2024-01-24 18:00:00,3407.77,3409.89,3388.868,3389.156,3441,47,0,3441
2024-01-24 19:00:00,3389.161,3405.141,3387.919,3401.078,3453,47,0,3453
2024-01-24 20:00:00,3401.082,3402.662,3388.729,3392.518,3467,47,0,3467
2024-01-24 21:00:00,3392.519,3402.874,3377.012,3377.154,3431,47,0,3431
2024-01-24 22:00:00,3377.157,3382.721,3366.232,3382.691,3452,47,0,3452
2024-01-24 23:00:00,3382.703,3392.53,3382.279,3388.588,3457,47,0,3457
2024-01-25 00:00:00,3388.604,3397.857,3383.199,3391.281,3453,47,0,3453
2024-01-25 01:00:00,3391.287,3392.333,3360.263,3363.489,3457,47,0,3457
2024-01-25 02:00:00,3363.493,3374.334,3360.106,3361.061,3436,47,0,3436
2024-01-25 03:00:00,3361.063,3369.573,3355.744,3361.682,3443,46,0,3443
2024-01-25 04:00:00,3361.694,3372.811,3361.694,3368.258,3457,47,0,3457
2024-01-25 05:00:00,3368.263,3381.111,3367.46,3369.683,3438,47,0,3438
2024-01-25 06:00:00,3369.69,3376.998,3368.158,3376.998,3454,47,0,3454
2024-01-25 07:00:00,3377.01,3377.164,3365.149,3371.349,3448,47,0,3448
2024-01-25 08:00:00,3371.353,3380.255,3367.791,3372.802,3446,47,0,3446
2024-01-25 09:00:00,3372.802,3387.905,3372.38,3387.905,3448,47,0,3448
2024-01-25 10:00:00,3387.909,3392.253,3383.069,3392.253,3446,47,0,3446
2024-01-25 11:00:00,3392.259,3394.053,3380.119,3383.918,3472,47,0,3472
2024-01-25 12:00:00,3383.921,3400.599,3383.921,3397.014,3445,47,0,3445
2024-01-25 13:00:00,3397.023,3398.175,3372.103,3373.678,3452,47,0,3452
2024-01-25 14:00:00,3373.678,3381.0,3365.176,3366.365,3468,47,0,3468
2024-01-25 15:00:00,3366.371,3366.529,3352.21,3359.363,3437,46,0,3437
2024-01-25 16:00:00,3359.367,3361.431,3332.68,3334.552,3449,46,0,3449
2024-01-25 17:00:00,3334.576,3337.903,3328.063,3331.523,3458,46,0,3458
2024-01-25 18:00:00,3331.532,3340.179,3330.318,3337.524,3451,46,0,3451
2024-01-25 19:00:00,3337.531,3358.199,3337.531,3349.14,3459,46,0,3459
2024-01-25 20:00:00,3349.146,3357.995,3340.381,3342.366,3443,46,0,3443
2024-01-25 21:00:00,3342.367,3353.977,3342.367,3353.606,3482,46,0,3482
2024-01-25 22:00:00,3353.61,3358.697,3349.137,3354.935,3436,46,0,3436
2024-01-25 23:00:00,3354.938,3362.01,3351.215,3357.495,3453,46,0,3453
2024-01-26 00:00:00,3357.504,3360.147,3349.027,3351.909,3459,46,0,3459
2024-01-26 01:00:00,3351.916,3354.201,3329.692,3329.889,3450,46,0,3450
2024-01-26 02:00:00,3329.892,3345.935,3329.892,3338.516,3441,46,0,3441
2024-01-26 03:00:00,3338.519,3338.579,3304.489,3307.495,3451,46,0,3451
2024-01-26 04:00:00,3307.499,3318.121,3307.499,3317.656,3452,46,0,3452
2024-01-26 05:00:00,3317.666,3317.863,3306.165,3314.158,3474,46,0,3474
2024-01-26 06:00:00,3314.159,3321.798,3305.033,3307.484,3427,46,0,3427
2024-01-26 07:00:00,3307.492,3319.444,3301.09,3319.444,3474,46,0,3474
2024-01-26 08:00:00,3319.45,3324.358,3317.488,3323.284,3456,46,0,3456
2024-01-26 09:00:00,3323.296,3327.366,3315.962,3321.625,3423,46,0,3423
2024-01-26 10:00:00,3321.635,3322.621,3289.685,3296.485,3436,46,0,3436
2024-01-26 11:00:00,3296.488,3303.997,3285.752,3290.948,3446,46,0,3446
2024-01-26 12:00:00,3290.955,3300.653,3289.432,3294.857,3454,46,0,3454
2024-01-26 13:00:00,3294.86,3298.537,3286.006,3287.62,3438,46,0,3438
2024-01-26 14:00:00,3287.628,3299.098,3285.078,3299.098,3450,46,0,3450
2024-01-26 15:00:00,3299.106,3309.476,3299.106,3304.63,3467,46,0,3467
2024-01-26 16:00:00,3304.632,3313.445,3301.712,3310.913,3455,46,0,3455
2024-01-26 17:00:00,3310.914,3324.086,3302.648,3308.929,3448,46,0,3448
2024-01-26 18:00:00,3308.94,3310.387,3300.666,3309.532,3455,46,0,3455
2024-01-26 19:00:00,3309.536,3316.963,3309.536,3315.946,3463,46,0,3463
2024-01-26 20:00:00,3315.947,3329.693,3312.821,3327.788,3471,46,0,3471
2024-01-26 21:00:00,3327.796,3334.068,3321.541,3330.644,3458,46,0,3458
2024-01-26 22:00:00,3330.656,3334.353,3323.929,3329.397,3447,46,0,3447
2024-01-26 23:00:00,3329.41,3336.11,3324.638,3327.455,3452,46,0,3452
2024-01-27 00:00:00,3327.457,3329.587,3317.209,3319.014,3478,46,0,3478
2024-01-27 01:00:00,3319.024,3320.588,3311.192,3315.623,3449,46,0,3449
2024-01-27 02:00:00,3315.625,3317.986,3310.196,3311.457,3452,46,0,3452
2024-01-27 03:00:00,3311.465,3318.138,3304.206,3305.103,3466,46,0,3466
2024-01-27 04:00:00,3305.106,3314.471,3304.834,3309.25,3476,46,0,3476
2024-01-27 05:00:00,3309.265,3309.525,3298.538,3303.815,3454,46,0,3454
2024-01-27 06:00:00,3303.827,3316.22,3301.186,3313.021,3454,46,0,3454
2024-01-27 07:00:00,3313.029,3320.212,3295.516,3296.242,3479,46,0,3479
2024-01-27 08:00:00,3296.243,3305.47,3296.243,3300.878,3415,46,0,3415
2024-01-27 09:00:00,3300.891,3306.769,3297.094,3306.769,3416,46,0,3416
2024-01-27 10:00:00,3306.782,3315.076,3305.504,3314.388,3423,46,0,3423
2024-01-27 11:00:00,3314.392,3320.686,3310.072,3319.387,3465,46,0,3465
2024-01-27 12:00:00,3319.401,3333.003,3319.083,3325.282,3457,46,0,3457
2024-01-27 13:00:00,3325.287,3331.866,3321.501,3327.344,3452,46,0,3452
2024-01-27 14:00:00,3327.35,3327.663,3305.689,3306.614,3440,46,0,3440
2024-01-27 15:00:00,3306.623,3317.123,3306.623,3313.958,3437,46,0,3437
2024-01-27 16:00:00,3313.971,3314.631,3299.505,3312.657,3463,46,0,3463
2024-01-27 17:00:00,3312.663,3320.875,3302.434,3320.875,3465,46,0,3465
2024-01-27 18:00:00,3320.884,3326.317,3309.517,3312.769,3442,46,0,3442
2024-01-27 19:00:00,3312.776,3316.371,3305.956,3315.76,3450,46,0,3450
2024-01-27 20:00:00,3315.765,3325.067,3313.763,3325.067,3474,46,0,3474
2024-01-27 21:00:00,3325.076,3340.249,3323.903,3340.249,3460,46,0,3460
2024-01-27 22:00:00,3340.252,3343.137,3333.82,3334.732,3451,46,0,3451
2024-01-27 23:00:00,3334.741,3347.38,3334.741,3339.039,3442,46,0,3442
2024-01-28 00:00:00,3339.048,3352.633,3337.531,3351.602,3450,46,0,3450
2024-01-28 01:00:00,3351.603,3357.649,3347.709,3347.724,3453,46,0,3453
2024-01-28 02:00:00,3347.725,3349.729,3330.622,3332.615,3454,46,0,3454
2024-01-28 03:00:00,3332.623,3335.372,3321.945,3334.646,3453,46,0,3453
2024-01-28 04:00:00,3334.651,3335.139,3315.097,3319.918,3452,46,0,3452
2024-01-28 05:00:00,3319.92,3332.333,3319.92,3324.205,3439,46,0,3439
2024-01-28 06:00:00,3324.206,3337.42,3324.206,3335.375,3418,46,0,3418
2024-01-28 07:00:00,3335.377,3336.458,3319.788,3336.021,3443,46,0,3443
2024-01-28 08:00:00,3336.027,3345.465,3330.128,3340.223,3453,46,0,3453
2024-01-28 09:00:00,3340.235,3358.403,3340.235,3358.403,3441,46,0,3441
2024-01-28 10:00:00,3358.413,3358.631,3348.356,3348.582,3451,46,0,3451
2024-01-28 11:00:00,3348.588,3357.047,3343.448,3344.527,3442,46,0,3442
2024-01-28 12:00:00,3344.529,3358.479,3344.529,3348.987,3441,46,0,3441
2024-01-28 13:00:00,3349.001,3351.459,3319.613,3319.998,3462,46,0,3462
2024-01-28 14:00:00,3320.007,3326.255,3310.702,3326.255,3436,46,0,3436
2024-01-28 15:00:00,3326.255,3345.041,3326.255,3345.041,3462,46,0,3462
2024-01-28 16:00:00,3345.042,3351.869,3341.814,3344.872,3440,46,0,3440
2024-01-28 17:00:00,3344.88,3351.151,3331.442,3332.327,3471,46,0,3471
2024-01-28 18:00:00,3332.336,3334.333,3324.86,3332.467,3444,46,0,3444
2024-01-28 19:00:00,3332.476,3339.678,3315.374,3317.668,3441,46,0,3441
2024-01-28 20:00:00,3317.672,3319.413,3294.405,3303.002,3439,46,0,3439
2024-01-28 21:00:00,3303.004,3315.496,3297.319,3315.496,3449,46,0,3449
2024-01-28 22:00:00,3315.499,3317.565,3295.273,3297.958,3457,46,0,3457
2024-01-28 23:00:00,3297.96,3313.75,3297.96,3304.983,3437,46,0,3437
2024-01-29 00:00:00,3304.983,3310.452,3298.911,3310.452,3442,46,0,3442
2024-01-29 01:00:00,3310.462,3316.723,3307.557,3312.589,3480,46,0,3480
2024-01-29 02:00:00,3312.592,3314.851,3292.699,3295.503,3462,46,0,3462
2024-01-29 03:00:00,3295.504,3300.403,3269.678,3281.17,3480,45,0,3480
2024-01-29 04:00:00,3281.17,3294.803,3281.17,3291.427,3443,45,0,3443
2024-01-29 05:00:00,3291.431,3304.734,3289.815,3298.732,3448,46,0,3448
2024-01-29 06:00:00,3298.743,3316.521,3298.743,3314.256,3467,46,0,3467
2024-01-29 07:00:00,3314.271,3331.846,3314.271,3329.865,3435,46,0,3435
2024-01-29 08:00:00,3329.88,3342.135,3328.982,3342.135,3453,46,0,3453
2024-01-29 09:00:00,3342.139,3359.234,3339.829,3356.626,3460,46,0,3460
2024-01-29 10:00:00,3356.632,3358.602,3329.508,3340.328,3442,46,0,3442
2024-01-29 11:00:00,3340.333,3341.342,3327.517,3331.356,3472,46,0,3472
2024-01-29 12:00:00,3331.356,3335.349,3324.685,3326.312,3465,46,0,3465
2024-01-29 13:00:00,3326.32,3327.48,3297.474,3300.791,3454,46,0,3454
2024-01-29 14:00:00,3300.793,3308.269,3297.884,3298.928,3454,46,0,3454
2024-01-29 15:00:00,3298.932,3301.162,3285.932,3289.332,3448,46,0,3448
2024-01-29 16:00:00,3289.345,3293.913,3279.486,3284.254,3441,45,0,3441
2024-01-29 17:00:00,3284.268,3290.623,3279.85,3287.626,3473,45,0,3473
2024-01-29 18:00:00,3287.626,3294.929,3277.876,3282.716,3453,45,0,3453
2024-01-29 19:00:00,3282.724,3283.835,3265.295,3269.168,3451,45,0,3451
2024-01-29 20:00:00,3269.177,3274.118,3264.712,3271.534,3425,45,0,3425
2024-01-29 21:00:00,3271.544,3273.964,3263.191,3270.967,3460,45,0,3460
2024-01-29 22:00:00,3270.972,3275.982,3261.506,3275.523,3440,45,0,3440
2024-01-29 23:00:00,3275.526,3283.588,3273.43,3281.204,3429,45,0,3429
2024-01-30 00:00:00,3281.219,3285.02,3271.657,3279.244,3438,45,0,3438
2024-01-30 01:00:00,3279.26,3294.793,3278.85,3294.793,3436,45,0,3436
2024-01-30 02:00:00,3294.799,3299.702,3291.456,3296.551,3427,46,0,3427
2024-01-30 03:00:00,3296.559,3301.659,3290.617,3291.155,3438,46,0,3438
2024-01-30 04:00:00,3291.166,3305.727,3291.166,3298.846,3457,46,0,3457
2024-01-30 05:00:00,3298.852,3304.098,3296.619,3303.591,3443,46,0,3443
2024-01-30 06:00:00,3303.591,3303.964,3286.918,3290.893,3440,46,0,3440
2024-01-30 07:00:00,3290.903,3297.989,3287.796,3297.989,2615,46,0,2615
2024-01-30 08:00:00,3297.991,3299.674,3279.354,3280.778,3445,45,0,3445
2024-01-30 09:00:00,3280.787,3286.079,3272.44,3280.418,3443,45,0,3443
2024-01-30 10:00:00,3280.422,3283.504,3254.587,3255.262,3464,45,0,3464
2024-01-30 11:00:00,3255.264,3262.097,3240.251,3247.862,3439,45,0,3439
2024-01-30 12:00:00,3247.865,3250.987,3227.124,3234.915,3436,45,0,3436
2024-01-30 13:00:00,3234.919,3242.917,3234.919,3240.657,3430,45,0,3430
2024-01-30 14:00:00,3240.663,3244.48,3231.447,3234.283,3443,45,0,3443
2024-01-30 15:00:00,3234.29,3253.149,3234.29,3253.149,3463,45,0,3463
2024-01-30 16:00:00,3253.149,3259.461,3242.702,3249.152,3460,45,0,3460
2024-01-30 17:00:00,3249.166,3259.645,3249.166,3251.77,3448,45,0,3448
2024-01-30 18:00:00,3251.771,3261.962,3249.883,3253.023,3449,45,0,3449
2024-01-30 19:00:00,3253.033,3254.107,3243.11,3252.13,3434,45,0,3434
2024-01-30 20:00:00,3252.134,3268.336,3252.134,3268.336,3454,45,0,3454
2024-01-30 21:00:00,3268.345,3288.322,3268.345,3277.791,3451,45,0,3451
2024-01-30 22:00:00,3277.792,3281.725,3261.239,3266.643,3425,45,0,3425
2024-01-30 23:00:00,3266.649,3272.682,3262.375,3271.296,3452,45,0,3452
2024-01-31 00:00:00,3271.297,3283.635,3267.58,3283.635,3457,45,0,3457
2024-01-31 01:00:00,3283.645,3289.387,3276.891,3286.163,3466,45,0,3466
2024-01-31 02:00:00,3286.175,3292.194,3281.49,3288.676,3443,45,0,3443
2024-01-31 03:00:00,3288.679,3292.891,3279.537,3283.668,3461,45,0,3461
2024-01-31 04:00:00,3283.669,3289.518,3278.846,3285.4,3443,45,0,3443
2024-01-31 05:00:00,3285.406,3288.754,3281.835,3287.604,3444,45,0,3444
2024-01-31 06:00:00,3287.615,3290.592,3280.036,3287.249,3454,45,0,3454
2024-01-31 07:00:00,3287.255,3291.695,3276.124,3280.111,3438,45,0,3438
2024-01-31 08:00:00,3280.115,3291.295,3275.546,3291.295,3458,45,0,3458
2024-01-31 09:00:00,3291.296,3304.871,3291.296,3299.846,3450,46,0,3450
2024-01-31 10:00:00,3299.854,3302.842,3280.109,3280.473,3445,45,0,3445
2024-01-31 11:00:00,3280.482,3293.639,3279.751,3288.422,3445,45,0,3445
2024-01-31 12:00:00,3288.43,3306.666,3288.43,3306.666,3442,46,0,3442
2024-01-31 13:00:00,3306.67,3323.184,3306.67,3321.983,3432,46,0,3432
2024-01-31 14:00:00,3321.987,3326.641,3312.376,3319.52,3461,46,0,3461
2024-01-31 15:00:00,3319.522,3323.308,3306.893,3310.483,3424,46,0,3424
2024-01-31 16:00:00,3310.486,3319.337,3305.586,3318.829,3442,46,0,3442
2024-01-31 17:00:00,3318.829,3333.977,3318.829,3333.2,3461,46,0,3461
2024-01-31 18:00:00,3333.205,3339.898,3327.974,3330.693,3451,46,0,3451
2024-01-31 19:00:00,3330.695,3337.588,3326.609,3329.756,3449,46,0,3449
2024-01-31 20:00:00,3329.761,3335.705,3322.971,3333.349,3440,46,0,3440
2024-01-31 21:00:00,3333.356,3344.179,3330.961,3344.179,3422,46,0,3422
2024-01-31 22:00:00,3344.187,3351.073,3338.715,3350.113,3444,46,0,3444
2024-01-31 23:00:00,3350.119,3356.181,3348.241,3354.623,3471,46,0,3471
2024-02-01 00:00:00,3354.632,3356.219,3342.488,3355.434,3435,46,0,3435
2024-02-01 01:00:00,3355.444,3366.337,3349.691,3366.337,3436,46,0,3436
2024-02-01 02:00:00,3366.338,3373.064,3363.403,3366.435,3447,47,0,3447
2024-02-01 03:00:00,3366.45,3385.144,3366.45,3381.88,3450,47,0,3450
2024-02-01 04:00:00,3381.885,3393.873,3379.986,3390.863,3468,47,0,3468
2024-02-01 05:00:00,3390.868,3406.904,3390.868,3392.732,3454,47,0,3454
2024-02-01 06:00:00,3392.741,3409.213,3392.741,3406.896,3458,47,0,3458
2024-02-01 07:00:00,3406.901,3424.358,3403.952,3424.358,3452,47,0,3452
2024-02-01 08:00:00,3424.359,3433.9,3417.739,3418.369,3451,47,0,3451
2024-02-01 09:00:00,3418.37,3421.446,3409.263,3418.591,3458,47,0,3458
2024-02-01 10:00:00,3418.599,3433.596,3413.775,3433.596,3478,47,0,3478
2024-02-01 11:00:00,3433.614,3435.118,3403.676,3405.363,3470,47,0,3470
2024-02-01 12:00:00,3405.373,3408.478,3396.444,3399.076,3455,47,0,3455
2024-02-01 13:00:00,3399.079,3400.483,3393.89,3399.272,3444,47,0,3444
2024-02-01 14:00:00,3399.278,3404.395,3395.294,3395.357,3464,47,0,3464
2024-02-01 15:00:00,3395.364,3406.668,3395.364,3401.806,3451,47,0,3451
2024-02-01 16:00:00,3401.812,3415.172,3400.576,3414.104,3467,47,0,3467
2024-02-01 17:00:00,3414.113,3416.083,3402.727,3404.431,3451,47,0,3451
2024-02-01 18:00:00,3404.433,3407.543,3397.654,3402.888,3455,47,0,3455
2024-02-01 19:00:00,3402.902,3403.459,3394.622,3397.04,3445,47,0,3445
2024-02-01 20:00:00,3397.051,3404.85,3394.107,3396.942,3451,47,0,3451
2024-02-01 21:00:00,3396.944,3406.683,3394.848,3401.952,3455,47,0,3455
2024-02-01 22:00:00,3401.952,3406.027,3391.056,3397.213,3469,47,0,3469
2024-02-01 23:00:00,3397.217,3410.59,3396.235,3410.59,3451,47,0,3451
2024-02-02 00:00:00,3410.601,3421.236,3408.145,3421.236,3454,47,0,3454
2024-02-02 01:00:00,3421.241,3438.76,3421.241,3438.76,3466,47,0,3466
2024-02-02 02:00:00,3438.775,3450.842,3438.775,3443.507,3461,48,0,3461
2024-02-02 03:00:00,3443.514,3447.862,3428.952,3435.682,3393,48,0,3393
2024-02-02 04:00:00,3435.692,3447.711,3434.34,3439.722,3443,48,0,3443
2024-02-02 05:00:00,3439.728,3448.42,3435.414,3447.376,3454,48,0,3454
2024-02-02 06:00:00,3447.384,3464.676,3446.08,3463.116,3440,48,0,3440
2024-02-02 07:00:00,3463.125,3484.744,3462.288,3479.988,3467,48,0,3467
2024-02-02 08:00:00,3479.994,3482.425,3458.848,3462.568,3450,48,0,3450
2024-02-02 09:00:00,3462.569,3474.67,3462.569,3467.905,3445,48,0,3445
2024-02-02 10:00:00,3467.911,3470.846,3457.285,3459.709,3457,48,0,3457
2024-02-02 11:00:00,3459.721,3470.917,3459.721,3468.112,3451,48,0,3451
2024-02-02 12:00:00,3468.114,3480.874,3462.742,3464.577,3446,48,0,3446
2024-02-02 13:00:00,3464.581,3473.51,3464.359,3470.2,3466,48,0,3466
2024-02-02 14:00:00,3470.205,3474.204,3457.171,3458.251,3456,48,0,3456
2024-02-02 15:00:00,3458.252,3465.294,3453.007,3465.294,3457,48,0,3457
2024-02-02 16:00:00,3465.3,3466.38,3446.393,3455.225,3451,48,0,3451
2024-02-02 17:00:00,3455.242,3468.619,3455.193,3468.619,3447,48,0,3447
2024-02-02 18:00:00,3468.621,3479.529,3464.898,3474.311,3437,48,0,3437
2024-02-02 19:00:00,3474.313,3493.174,3474.313,3482.1,3435,48,0,3435
2024-02-02 20:00:00,3482.103,3483.964,3457.426,3463.434,3460,48,0,3460
2024-02-02 21:00:00,3463.441,3467.056,3457.545,3459.549,3470,48,0,3470
2024-02-02 22:00:00,3459.553,3468.126,3458.338,3467.585,3467,48,0,3467
2024-02-02 23:00:00,3467.592,3472.98,3459.54,3472.98,3464,48,0,3464
2024-02-03 00:00:00,3472.996,3477.42,3460.591,3461.784,3451,48,0,3451
2024-02-03 01:00:00,3461.793,3473.134,3458.65,3473.134,3444,48,0,3444
2024-02-03 02:00:00,3473.14,3480.325,3467.762,3469.658,3445,48,0,3445
2024-02-03 03:00:00,3469.66,3476.053,3460.7,3472.267,3481,48,0,3481
2024-02-03 04:00:00,3472.268,3490.016,3470.191,3490.016,3456,48,0,3456
2024-02-03 05:00:00,3490.018,3498.347,3482.895,3483.941,3468,48,0,3468
2024-02-03 06:00:00,3483.947,3487.863,3470.513,3481.065,3461,48,0,3461
2024-02-03 07:00:00,3481.071,3496.168,3481.071,3485.248,3461,48,0,3461
2024-02-03 08:00:00,3485.255,3497.711,3485.255,3497.076,3456,48,0,3456
2024-02-03 09:00:00,3497.092,3504.245,3490.572,3495.878,3443,48,0,3443
2024-02-03 10:00:00,3495.888,3499.684,3486.831,3490.856,3453,48,0,3453
2024-02-03 11:00:00,3490.87,3495.68,3487.664,3493.383,3465,48,0,3465
2024-02-03 12:00:00,3493.392,3512.372,3493.392,3496.462,3460,48,0,3460
2024-02-03 13:00:00,3496.474,3514.077,3496.474,3511.823,3441,48,0,3441
2024-02-03 14:00:00,3511.832,3515.924,3504.241,3504.538,3461,49,0,3461
2024-02-03 15:00:00,3504.543,3511.557,3488.759,3498.901,3451,48,0,3451
2024-02-03 16:00:00,3498.915,3508.656,3489.273,3492.414,3451,48,0,3451
2024-02-03 17:00:00,3492.414,3498.555,3483.001,3489.286,3445,48,0,3445
2024-02-03 18:00:00,3489.296,3513.427,3489.296,3513.427,3447,48,0,3447
2024-02-03 19:00:00,3513.445,3521.309,3507.67,3519.229,3451,49,0,3451
2024-02-03 20:00:00,3519.243,3529.939,3518.645,3525.9,3464,49,0,3464
2024-02-03 21:00:00,3525.905,3530.277,3518.871,3525.14,3452,49,0,3452
2024-02-03 22:00:00,3525.149,3529.693,3510.823,3518.5,3462,49,0,3462
2024-02-03 23:00:00,3518.51,3533.905,3516.581,3517.634,3444,49,0,3444
2024-02-04 00:00:00,3517.642,3520.054,3502.672,3506.47,3466,49,0,3466
2024-02-04 01:00:00,3506.477,3506.869,3489.821,3493.111,3444,48,0,3444
2024-02-04 02:00:00,3493.119,3497.445,3470.124,3475.575,3463,48,0,3463
2024-02-04 03:00:00,3475.579,3482.347,3471.884,3481.143,3462,48,0,3462
2024-02-04 04:00:00,3481.148,3484.214,3475.39,3478.029,3468,48,0,3468
2024-02-04 05:00:00,3478.034,3488.753,3478.034,3487.575,3465,48,0,3465
2024-02-04 06:00:00,3487.581,3506.607,3487.581,3504.35,3446,48,0,3446
2024-02-04 07:00:00,3504.361,3515.771,3504.361,3514.459,3440,49,0,3440
2024-02-04 08:00:00,3514.469,3515.969,3508.094,3509.229,3458,49,0,3458
2024-02-04 09:00:00,3509.239,3526.101,3509.239,3522.202,3461,49,0,3461
2024-02-04 10:00:00,3522.207,3526.782,3515.598,3519.875,3453,49,0,3453
2024-02-04 11:00:00,3519.878,3526.278,3514.087,3522.276,3442,49,0,3442
2024-02-04 12:00:00,3522.286,3537.03,3522.286,3528.518,3464,49,0,3464
2024-02-04 13:00:00,3528.528,3530.595,3520.206,3528.655,3450,49,0,3450
2024-02-04 14:00:00,3528.663,3532.305,3507.155,3512.826,3479,49,0,3479
2024-02-04 15:00:00,3512.834,3519.323,3509.029,3512.547,3445,49,0,3445
2024-02-04 16:00:00,3512.548,3524.016,3507.957,3523.742,3464,49,0,3464
2024-02-04 17:00:00,3523.75,3531.726,3518.556,3529.353,3477,49,0,3477
2024-02-04 18:00:00,3529.354,3543.59,3525.326,3535.499,3463,49,0,3463
2024-02-04 19:00:00,3535.517,3539.363,3516.65,3519.123,3465,49,0,3465
2024-02-04 20:00:00,3519.125,3523.971,3510.281,3522.579,3439,49,0,3439
2024-02-04 21:00:00,3522.579,3528.656,3502.878,3506.514,3460,49,0,3460
2024-02-04 22:00:00,3506.522,3508.132,3489.114,3493.563,3474,48,0,3474
2024-02-04 23:00:00,3493.566,3496.683,3479.331,3495.693,3440,48,0,3440
2024-02-05 00:00:00,3495.708,3500.636,3483.233,3484.908,3468,48,0,3468
2024-02-05 01:00:00,3484.911,3500.19,3484.911,3497.699,3443,48,0,3443
2024-02-05 02:00:00,3497.711,3506.956,3483.059,3487.226,3454,48,0,3454
2024-02-05 03:00:00,3487.227,3492.679,3482.924,3488.808,3456,48,0,3456
2024-02-05 04:00:00,3488.814,3497.644,3482.644,3497.644,3464,48,0,3464
2024-02-05 05:00:00,3497.656,3498.776,3462.496,3463.671,3466,48,0,3466
2024-02-05 06:00:00,3463.688,3472.782,3457.506,3465.595,3457,48,0,3457
2024-02-05 07:00:00,3465.6,3478.841,3464.012,3478.841,3443,48,0,3443
2024-02-05 08:00:00,3478.843,3481.302,3467.532,3470.548,3462,48,0,3462
2024-02-05 09:00:00,3470.551,3470.829,3456.524,3458.789,3462,48,0,3462
2024-02-05 10:00:00,3458.793,3465.355,3452.647,3457.85,3461,48,0,3461
2024-02-05 11:00:00,3457.854,3464.07,3443.328,3443.701,3477,48,0,3477
2024-02-05 12:00:00,3443.708,3448.363,3431.444,3448.363,3462,48,0,3462
2024-02-05 13:00:00,3448.365,3448.786,3441.694,3448.658,3465,48,0,3465
2024-02-05 14:00:00,3448.669,3456.975,3445.011,3448.637,3454,48,0,3454
2024-02-05 15:00:00,3448.655,3458.681,3446.236,3455.682,3429,48,0,3429
2024-02-05 16:00:00,3455.687,3455.727,3415.928,3419.711,3455,47,0,3455
2024-02-05 17:00:00,3419.712,3422.66,3406.584,3410.798,3440,47,0,3440
2024-02-05 18:00:00,3410.803,3414.217,3395.663,3396.07,3480,47,0,3480
2024-02-05 19:00:00,3396.071,3404.242,3389.545,3393.985,3448,47,0,3448
2024-02-05 20:00:00,3393.993,3407.97,3393.993,3405.81,3447,47,0,3447
2024-02-05 21:00:00,3405.812,3412.279,3403.676,3412.279,3446,47,0,3446
2024-02-05 22:00:00,3412.281,3422.672,3411.475,3422.105,3431,47,0,3431
2024-02-05 23:00:00,3422.122,3433.684,3414.501,3429.048,3439,47,0,3439
2024-02-06 00:00:00,3429.051,3435.813,3419.537,3419.662,3438,47,0,3438
2024-02-06 01:00:00,3419.677,3430.01,3416.534,3417.092,3467,47,0,3467
2024-02-06 02:00:00,3417.104,3424.698,3413.629,3415.353,3454,47,0,3454
2024-02-06 03:00:00,3415.365,3421.308,3403.719,3411.366,3473,47,0,3473
2024-02-06 04:00:00,3411.373,3420.468,3403.842,3404.281,3467,47,0,3467
2024-02-06 05:00:00,3404.29,3407.558,3391.023,3395.339,3452,47,0,3452
2024-02-06 06:00:00,3395.348,3398.928,3376.342,3379.296,3470,47,0,3470
2024-02-06 07:00:00,3379.301,3383.522,3354.918,3355.286,3474,46,0,3474
2024-02-06 08:00:00,3355.288,3375.911,3355.288,3374.096,3441,46,0,3441
2024-02-06 09:00:00,3374.107,3376.933,3363.614,3365.028,3466,47,0,3466
2024-02-06 10:00:00,3365.041,3371.988,3356.794,3358.937,3436,46,0,3436
2024-02-06 11:00:00,3358.943,3359.136,3347.653,3349.483,3457,46,0,3457
2024-02-06 12:00:00,3349.486,3358.609,3347.984,3354.219,3461,46,0,3461
2024-02-06 13:00:00,3354.229,3354.951,3317.232,3321.221,3438,46,0,3438
2024-02-06 14:00:00,3321.229,3329.088,3313.339,3314.521,3434,46,0,3434
2024-02-06 15:00:00,3314.525,3316.676,3306.704,3314.053,3439,46,0,3439
2024-02-06 16:00:00,3314.054,3322.197,3313.827,3318.127,3450,46,0,3450
2024-02-06 17:00:00,3318.134,3336.429,3318.134,3336.429,3447,46,0,3447
2024-02-06 18:00:00,3336.43,3338.861,3323.98,3328.005,3446,46,0,3446
2024-02-06 19:00:00,3328.019,3332.859,3320.776,3326.636,3454,46,0,3454
2024-02-06 20:00:00,3326.647,3337.167,3325.492,3331.342,3472,46,0,3472
2024-02-06 21:00:00,3331.349,3332.823,3322.448,3328.383,3441,46,0,3441
2024-02-06 22:00:00,3328.39,3328.697,3309.452,3322.034,3449,46,0,3449
2024-02-06 23:00:00,3322.045,3342.623,3322.045,3339.321,3449,46,0,3449
2024-02-07 00:00:00,3339.327,3358.014,3339.327,3358.014,3451,46,0,3451
2024-02-07 01:00:00,3358.021,3371.022,3357.283,3360.58,3449,47,0,3449
2024-02-07 02:00:00,3360.587,3363.534,3351.026,3363.534,3434,46,0,3434
2024-02-07 03:00:00,3363.538,3364.072,3351.718,3358.798,3464,46,0,3464
2024-02-07 04:00:00,3358.803,3360.184,3347.569,3359.047,3470,46,0,3470
2024-02-07 05:00:00,3359.053,3364.396,3351.954,3364.396,3445,46,0,3445
2024-02-07 06:00:00,3364.399,3370.046,3359.362,3370.046,3462,47,0,3462
2024-02-07 07:00:00,3370.054,3384.798,3370.054,3376.553,3464,47,0,3464
2024-02-07 08:00:00,3376.562,3387.371,3373.899,3382.176,3453,47,0,3453
2024-02-07 09:00:00,3382.182,3385.174,3376.053,3376.651,3443,47,0,3443
2024-02-07 10:00:00,3376.651,3381.79,3367.105,3378.712,3451,47,0,3451
2024-02-07 11:00:00,3378.717,3389.901,3373.038,3389.901,3476,47,0,3476
2024-02-07 12:00:00,3389.907,3395.952,3377.84,3380.89,3468,47,0,3468
2024-02-07 13:00:00,3380.892,3392.197,3380.892,3383.716,3458,47,0,3458
2024-02-07 14:00:00,3383.729,3399.422,3379.974,3399.422,3456,47,0,3456
2024-02-07 15:00:00,3399.43,3401.047,3388.553,3392.454,3450,47,0,3450
2024-02-07 16:00:00,3392.457,3400.099,3388.836,3400.099,3461,47,0,3461
2024-02-07 17:00:00,3400.1,3407.3,3391.436,3404.089,3445,47,0,3445
2024-02-07 18:00:00,3404.098,3414.616,3392.036,3394.776,3456,47,0,3456
2024-02-07 19:00:00,3394.78,3400.336,3385.913,3386.446,3454,47,0,3454
2024-02-07 20:00:00,3386.467,3393.903,3378.157,3382.358,3443,47,0,3443
2024-02-07 21:00:00,3382.37,3385.021,3368.402,3371.533,3461,47,0,3461
2024-02-07 22:00:00,3371.541,3372.538,3359.234,3371.408,3436,47,0,3436
2024-02-07 23:00:00,3371.412,3379.74,3368.393,3379.74,3468,47,0,3468
2024-02-08 00:00:00,3379.745,3382.399,3369.147,3377.668,3439,47,0,3439
2024-02-08 01:00:00,3377.669,3390.881,3377.669,3386.311,3453,47,0,3453
2024-02-08 02:00:00,3386.314,3386.781,3363.114,3366.898,3439,47,0,3439
2024-02-08 03:00:00,3366.901,3376.224,3364.904,3376.224,3444,47,0,3444
2024-02-08 04:00:00,3376.234,3389.82,3376.234,3389.704,3452,47,0,3452
2024-02-08 05:00:00,3389.718,3400.238,3389.718,3400.238,3453,47,0,3453
2024-02-08 06:00:00,3400.245,3403.712,3391.273,3392.394,3467,47,0,3467
2024-02-08 07:00:00,3392.413,3392.804,3383.68,3384.984,3451,47,0,3451
2024-02-08 08:00:00,3384.992,3387.68,3366.001,3369.354,3453,47,0,3453
2024-02-08 09:00:00,3369.355,3386.03,3368.342,3382.48,3435,47,0,3435
2024-02-08 10:00:00,3382.493,3391.318,3377.331,3386.275,3441,47,0,3441
2024-02-08 11:00:00,3386.285,3392.999,3377.589,3382.476,3444,47,0,3444
2024-02-08 12:00:00,3382.485,3391.264,3379.589,3382.977,3448,47,0,3448
2024-02-08 13:00:00,3382.98,3387.614,3377.221,3384.029,3457,47,0,3457
2024-02-08 14:00:00,3384.045,3384.932,3364.698,3365.157,3446,47,0,3446
2024-02-08 15:00:00,3365.16,3365.365,3333.874,3340.328,3451,46,0,3451
2024-02-08 16:00:00,3340.334,3347.825,3332.702,3334.023,3433,46,0,3433
2024-02-08 17:00:00,3334.029,3336.036,3319.13,3328.917,3446,46,0,3446
2024-02-08 18:00:00,3328.919,3341.616,3327.066,3329.788,3448,46,0,3448
2024-02-08 19:00:00,3329.8,3337.196,3321.782,3327.736,3452,46,0,3452
2024-02-08 20:00:00,3327.736,3334.587,3312.3,3313.739,3450,46,0,3450
2024-02-08 21:00:00,3313.743,3317.124,3299.417,3301.687,3441,46,0,3441
2024-02-08 22:00:00,3301.694,3303.91,3283.427,3288.526,3440,45,0,3440
2024-02-08 23:00:00,3288.535,3291.332,3272.88,3285.647,3441,45,0,3441
2024-02-09 00:00:00,3285.649,3295.42,3283.672,3285.032,3428,45,0,3428
2024-02-09 01:00:00,3285.037,3291.405,3283.954,3291.362,3439,45,0,3439
2024-02-09 02:00:00,3291.364,3298.062,3285.567,3290.5,3443,46,0,3443
2024-02-09 03:00:00,3290.505,3299.241,3285.667,3286.785,3449,46,0,3449
2024-02-09 04:00:00,3286.79,3287.734,3275.715,3280.684,3462,45,0,3462
2024-02-09 05:00:00,3280.691,3281.321,3270.659,3273.035,3458,45,0,3458
2024-02-09 06:00:00,3273.046,3279.12,3268.635,3272.586,3452,45,0,3452
2024-02-09 07:00:00,3272.591,3284.281,3270.288,3284.281,3466,45,0,3466
2024-02-09 08:00:00,3284.284,3292.502,3276.656,3288.421,3442,45,0,3442
2024-02-09 09:00:00,3288.425,3299.319,3287.253,3296.853,3438,46,0,3438
2024-02-09 10:00:00,3296.857,3310.264,3296.857,3308.238,3424,46,0,3424
2024-02-09 11:00:00,3308.244,3309.182,3298.881,3304.848,3462,46,0,3462
2024-02-09 12:00:00,3304.851,3311.558,3301.93,3302.236,3446,46,0,3446
2024-02-09 13:00:00,3302.244,3314.77,3298.892,3314.77,3459,46,0,3459
2024-02-09 14:00:00,3314.777,3336.158,3314.777,3336.158,3432,46,0,3432
2024-02-09 15:00:00,3336.169,3347.461,3331.693,3339.736,3443,46,0,3443
2024-02-09 16:00:00,3339.745,3349.419,3335.887,3347.403,3453,46,0,3453
2024-02-09 17:00:00,3347.405,3351.392,3342.611,3345.7,3446,46,0,3446
2024-02-09 18:00:00,3345.704,3356.996,3345.704,3354.857,3453,46,0,3453
2024-02-09 19:00:00,3354.865,3355.548,3335.016,3335.758,3439,46,0,3439
2024-02-09 20:00:00,3335.764,3338.698,3323.74,3328.448,3460,46,0,3460
2024-02-09 21:00:00,3328.455,3348.769,3328.455,3347.422,3454,46,0,3454
2024-02-09 22:00:00,3347.428,3352.424,3339.908,3348.678,3462,46,0,3462
2024-02-09 23:00:00,3348.694,3358.302,3348.694,3355.36,3466,46,0,3466
2024-02-10 00:00:00,3355.372,3370.282,3355.372,3367.72,3470,46,0,3470
2024-02-10 01:00:00,3367.727,3369.755,3351.797,3352.312,3478,46,0,3478
2024-02-10 02:00:00,3352.313,3354.176,3343.423,3347.229,3426,46,0,3426
2024-02-10 03:00:00,3347.235,3354.333,3343.009,3347.821,3464,46,0,3464
2024-02-10 04:00:00,3347.824,3356.075,3342.518,3356.075,3457,46,0,3457
2024-02-10 05:00:00,3356.093,3357.954,3339.378,3346.014,3467,46,0,3467
2024-02-10 06:00:00,3346.014,3346.837,3333.047,3341.26,3458,46,0,3458
2024-02-10 07:00:00,3341.266,3345.013,3325.836,3330.172,3434,46,0,3434
2024-02-10 08:00:00,3330.18,3330.347,3317.708,3326.671,3457,46,0,3457
2024-02-10 09:00:00,3326.686,3334.638,3322.411,3334.638,3453,46,0,3453
2024-02-10 10:00:00,3334.643,3346.645,3334.643,3341.705,3452,46,0,3452
2024-02-10 11:00:00,3341.711,3348.279,3334.615,3343.41,3442,46,0,3442
2024-02-10 12:00:00,3343.411,3352.464,3337.84,3352.464,3448,46,0,3448
2024-02-10 13:00:00,3352.468,3360.903,3349.014,3358.805,3471,46,0,3471
2024-02-10 14:00:00,3358.809,3372.716,3358.809,3369.477,3448,47,0,3448
2024-02-10 15:00:00,3369.485,3375.527,3358.679,3372.251,3467,47,0,3467
2024-02-10 16:00:00,3372.266,3376.987,3342.632,3348.793,3455,46,0,3455
2024-02-10 17:00:00,3348.797,3353.121,3332.818,3339.802,3456,46,0,3456
2024-02-10 18:00:00,3339.81,3341.809,3330.2,3331.786,3446,46,0,3446
2024-02-10 19:00:00,3331.792,3345.902,3328.868,3345.902,3433,46,0,3433
2024-02-10 20:00:00,3345.911,3346.785,3320.088,3320.125,3434,46,0,3434
2024-02-10 21:00:00,3320.127,3322.12,3297.147,3306.712,3465,46,0,3465
2024-02-10 22:00:00,3306.716,3312.114,3291.881,3296.421,3449,46,0,3449
2024-02-10 23:00:00,3296.426,3300.182,3286.52,3297.871,3461,46,0,3461
2024-02-11 00:00:00,3297.879,3304.657,3293.177,3299.969,3445,46,0,3445
2024-02-11 01:00:00,3299.971,3305.907,3291.645,3302.528,3446,46,0,3446
2024-02-11 02:00:00,3302.537,3314.107,3301.137,3303.345,3451,46,0,3451
2024-02-11 03:00:00,3303.357,3316.358,3303.357,3316.358,3438,46,0,3438
2024-02-11 04:00:00,3316.363,3336.478,3316.363,3336.478,3454,46,0,3454
2024-02-11 05:00:00,3336.481,3338.263,3323.692,3326.33,3449,46,0,3449
2024-02-11 06:00:00,3326.341,3341.313,3326.151,3339.9,3443,46,0,3443
2024-02-11 07:00:00,3339.908,3342.96,3334.494,3336.939,3443,46,0,3443
2024-02-11 08:00:00,3336.948,3349.005,3336.948,3341.48,3450,46,0,3450
2024-02-11 09:00:00,3341.492,3341.802,3330.25,3332.482,3439,46,0,3439
2024-02-11 10:00:00,3332.495,3342.031,3329.573,3340.486,3450,46,0,3450
2024-02-11 11:00:00,3340.5,3343.784,3332.273,3337.411,3447,46,0,3447
2024-02-11 12:00:00,3337.412,3338.202,3323.063,3325.546,3454,46,0,3454
2024-02-11 13:00:00,3325.551,3333.179,3320.91,3331.761,3434,46,0,3434
2024-02-11 14:00:00,3331.766,3332.642,3320.569,3332.642,3450,46,0,3450
2024-02-11 15:00:00,3332.652,3349.642,3332.652,3349.642,3471,46,0,3471
2024-02-11 16:00:00,3349.646,3352.248,3333.637,3343.153,3449,46,0,3449
2024-02-11 17:00:00,3343.157,3347.824,3335.587,3343.001,3449,46,0,3449
2024-02-11 18:00:00,3343.007,3355.416,3339.681,3355.416,3461,46,0,3461
2024-02-11 19:00:00,3355.417,3370.604,3354.205,3368.671,3449,46,0,3449
2024-02-11 20:00:00,3368.679,3382.555,3368.501,3382.555,3432,47,0,3432
2024-02-11 21:00:00,3382.558,3390.711,3376.777,3383.6,3458,47,0,3458
2024-02-11 22:00:00,3383.617,3385.661,3370.017,3370.527,3463,47,0,3463
2024-02-11 23:00:00,3370.535,3381.278,3370.535,3376.142,3456,47,0,3456
2024-02-12 00:00:00,3376.144,3387.955,3375.17,3387.955,3440,47,0,3440
2024-02-12 01:00:00,3387.959,3391.121,3372.08,3380.358,3464,47,0,3464
2024-02-12 02:00:00,3380.361,3386.313,3377.013,3377.216,3468,47,0,3468
2024-02-12 03:00:00,3377.222,3396.008,3377.222,3396.008,3437,47,0,3437
2024-02-12 04:00:00,3396.01,3396.964,3384.173,3390.533,3469,47,0,3469
2024-02-12 05:00:00,3390.537,3402.059,3388.121,3389.161,3470,47,0,3470
2024-02-12 06:00:00,3389.162,3413.743,3389.162,3413.743,3446,47,0,3446
2024-02-12 07:00:00,3413.747,3422.024,3401.171,3403.39,3465,47,0,3465
2024-02-12 08:00:00,3403.392,3411.114,3396.574,3397.838,3447,47,0,3447
2024-02-12 09:00:00,3397.84,3400.392,3390.92,3392.71,3432,47,0,3432
2024-02-12 10:00:00,3392.722,3412.88,3392.722,3412.57,3458,47,0,3458
2024-02-12 11:00:00,3412.582,3413.069,3401.059,3402.873,3464,47,0,3464
2024-02-12 12:00:00,3402.873,3412.532,3397.787,3404.289,3451,47,0,3451
2024-02-12 13:00:00,3404.294,3423.716,3404.294,3423.716,3447,47,0,3447
2024-02-12 14:00:00,3423.717,3428.711,3409.534,3414.268,3463,47,0,3463
2024-02-12 15:00:00,3414.285,3420.905,3406.863,3420.469,3450,47,0,3450
2024-02-12 16:00:00,3420.476,3428.58,3420.476,3423.449,3439,47,0,3439
2024-02-12 17:00:00,3423.451,3438.483,3423.451,3438.483,3453,47,0,3453
2024-02-12 18:00:00,3438.488,3443.622,3427.101,3428.372,3452,47,0,3452
2024-02-12 19:00:00,3428.372,3442.673,3428.372,3438.402,3436,48,0,3436
2024-02-12 20:00:00,3438.413,3451.214,3435.631,3444.31,3449,48,0,3449
2024-02-12 21:00:00,3444.316,3446.682,3422.552,3426.397,3471,47,0,3471
2024-02-12 22:00:00,3426.398,3442.924,3426.398,3438.66,3478,47,0,3478
2024-02-12 23:00:00,3438.661,3451.025,3434.248,3451.025,3451,48,0,3451
2024-02-13 00:00:00,3451.032,3462.266,3448.237,3462.266,3447,48,0,3447
2024-02-13 01:00:00,3462.273,3470.448,3456.054,3470.448,3454,48,0,3454
2024-02-13 02:00:00,3470.452,3481.232,3468.417,3475.55,3424,48,0,3424
2024-02-13 03:00:00,3475.561,3487.421,3475.561,3480.661,3449,48,0,3449
2024-02-13 04:00:00,3480.669,3493.978,3480.669,3488.431,3437,48,0,3437
2024-02-13 05:00:00,3488.444,3491.672,3475.313,3485.033,3457,48,0,3457
2024-02-13 06:00:00,3485.033,3491.665,3483.179,3488.761,3450,48,0,3450
2024-02-13 07:00:00,3488.762,3492.237,3481.181,3484.901,3454,48,0,3454
2024-02-13 08:00:00,3484.917,3485.235,3467.192,3473.058,3423,48,0,3423
2024-02-13 09:00:00,3473.072,3483.233,3469.006,3482.075,3459,48,0,3459
2024-02-13 10:00:00,3482.082,3487.648,3476.694,3485.036,3454,48,0,3454
2024-02-13 11:00:00,3485.05,3501.081,3485.05,3495.033,3464,48,0,3464
2024-02-13 12:00:00,3495.047,3497.117,3482.53,3485.006,3439,48,0,3439
2024-02-13 13:00:00,3485.016,3490.445,3475.414,3479.508,3474,48,0,3474
2024-02-13 14:00:00,3479.521,3482.701,3472.919,3478.374,3453,48,0,3453
2024-02-13 15:00:00,3478.377,3483.891,3475.755,3481.663,3453,48,0,3453
2024-02-13 16:00:00,3481.664,3486.647,3476.742,3480.259,3450,48,0,3450
2024-02-13 17:00:00,3480.267,3488.702,3476.286,3481.753,3441,48,0,3441
2024-02-13 18:00:00,3481.754,3486.321,3460.56,3462.415,3465,48,0,3465
2024-02-13 19:00:00,3462.423,3473.642,3456.855,3464.001,3440,48,0,3440
2024-02-13 20:00:00,3464.016,3469.371,3459.123,3469.371,3452,48,0,3452
2024-02-13 21:00:00,3469.393,3482.444,3468.716,3478.396,3454,48,0,3454
2024-02-13 22:00:00,3478.412,3480.474,3457.72,3459.302,3450,48,0,3450
2024-02-13 23:00:00,3459.302,3460.574,3444.259,3448.485,3473,48,0,3473
2024-02-14 00:00:00,3448.492,3453.443,3440.17,3451.86,3464,48,0,3464
2024-02-14 01:00:00,3451.86,3464.377,3451.86,3462.167,3449,48,0,3449
2024-02-14 02:00:00,3462.169,3471.516,3455.466,3471.516,3456,48,0,3456
2024-02-14 03:00:00,3471.516,3474.622,3464.03,3464.115,3450,48,0,3450
2024-02-14 04:00:00,3464.125,3476.988,3458.409,3472.466,3463,48,0,3463
2024-02-14 05:00:00,3472.476,3494.908,3472.476,3494.175,3463,48,0,3463
2024-02-14 06:00:00,3494.187,3504.448,3493.317,3503.851,3468,48,0,3468
2024-02-14 07:00:00,3503.866,3511.556,3486.002,3486.677,3479,48,0,3479
2024-02-14 08:00:00,3486.679,3501.411,3486.679,3501.411,3472,48,0,3472
2024-02-14 09:00:00,3501.427,3520.709,3501.427,3514.29,3460,49,0,3460
2024-02-14 10:00:00,3514.293,3522.251,3512.671,3514.645,3468,49,0,3468
2024-02-14 11:00:00,3514.65,3524.329,3511.174,3524.329,3460,49,0,3460
2024-02-14 12:00:00,3524.338,3525.205,3502.641,3504.602,3462,49,0,3462
2024-02-14 13:00:00,3504.603,3512.437,3480.693,3482.007,3444,48,0,3444
2024-02-14 14:00:00,3482.017,3501.37,3479.532,3501.37,3441,48,0,3441
2024-02-14 15:00:00,3501.38,3502.45,3474.663,3476.483,3432,48,0,3432
2024-02-14 16:00:00,3476.487,3482.591,3472.15,3478.683,3452,48,0,3452
2024-02-14 17:00:00,3478.692,3486.924,3473.168,3477.989,3445,48,0,3445
2024-02-14 18:00:00,3477.999,3490.181,3477.999,3490.181,3440,48,0,3440
2024-02-14 19:00:00,3490.188,3506.898,3490.188,3502.79,3452,48,0,3452
2024-02-14 20:00:00,3502.794,3505.165,3490.968,3498.892,3456,48,0,3456
2024-02-14 21:00:00,3498.892,3510.612,3491.828,3510.078,3484,48,0,3484
2024-02-14 22:00:00,3510.079,3523.967,3510.079,3519.721,3463,49,0,3463
2024-02-14 23:00:00,3519.733,3535.189,3515.418,3527.509,3463,49,0,3463
2024-02-15 00:00:00,3527.517,3531.682,3522.873,3527.179,3459,49,0,3459
2024-02-15 01:00:00,3527.187,3533.371,3517.584,3522.849,3447,49,0,3447
2024-02-15 02:00:00,3522.858,3532.742,3522.858,3530.71,3452,49,0,3452
2024-02-15 03:00:00,3530.719,3540.223,3528.3,3534.166,3466,49,0,3466
2024-02-15 04:00:00,3534.167,3544.284,3534.167,3540.935,3474,49,0,3474
2024-02-15 05:00:00,3540.958,3541.574,3524.037,3533.041,3456,49,0,3456
2024-02-15 06:00:00,3533.041,3541.403,3525.288,3528.338,3484,49,0,3484
2024-02-15 07:00:00,3528.341,3547.139,3528.341,3547.139,3453,49,0,3453
2024-02-15 08:00:00,3547.147,3549.705,3539.946,3547.598,3469,49,0,3469
2024-02-15 09:00:00,3547.604,3561.491,3546.958,3561.491,3448,49,0,3448
2024-02-15 10:00:00,3561.499,3580.993,3559.888,3580.512,3470,49,0,3470
2024-02-15 11:00:00,3580.533,3588.208,3575.178,3577.025,3451,50,0,3451
2024-02-15 12:00:00,3577.026,3580.358,3569.001,3576.758,3465,49,0,3465
2024-02-15 13:00:00,3576.759,3587.323,3576.759,3584.317,3475,50,0,3475
2024-02-15 14:00:00,3584.32,3594.169,3580.561,3589.058,3471,50,0,3471
2024-02-15 15:00:00,3589.065,3610.478,3589.065,3610.478,3446,50,0,3446
2024-02-15 16:00:00,3610.483,3611.705,3597.18,3608.852,3452,50,0,3452
2024-02-15 17:00:00,3608.854,3612.655,3598.646,3608.116,3476,50,0,3476
2024-02-15 18:00:00,3608.122,3614.45,3601.452,3609.507,3435,50,0,3435
2024-02-15 19:00:00,3609.511,3616.819,3589.462,3590.381,3462,50,0,3462
2024-02-15 20:00:00,3590.383,3601.057,3587.376,3597.063,3471,50,0,3471
2024-02-15 21:00:00,3597.066,3602.12,3584.958,3599.683,3455,50,0,3455
2024-02-15 22:00:00,3599.689,3604.472,3595.725,3600.128,3472,50,0,3472
2024-02-15 23:00:00,3600.136,3600.548,3578.904,3582.304,3479,50,0,3479
2024-02-16 00:00:00,3582.308,3586.768,3571.27,3575.786,3450,50,0,3450
2024-02-16 01:00:00,3575.787,3580.305,3569.928,3577.782,3468,49,0,3468
2024-02-16 02:00:00,3577.792,3591.461,3577.792,3588.228,3450,50,0,3450
2024-02-16 03:00:00,3588.231,3598.732,3581.166,3585.371,3480,50,0,3480
2024-02-16 04:00:00,3585.373,3590.114,3565.857,3568.399,3472,49,0,3472
2024-02-16 05:00:00,3568.414,3569.392,3541.848,3547.533,3429,49,0,3429
2024-02-16 06:00:00,3547.547,3557.646,3545.52,3549.045,3470,49,0,3470
2024-02-16 07:00:00,3549.055,3550.172,3533.743,3550.172,3460,49,0,3460
2024-02-16 08:00:00,3550.181,3561.147,3547.804,3558.499,3475,49,0,3475
2024-02-16 09:00:00,3558.508,3568.322,3558.508,3568.322,3449,49,0,3449
2024-02-16 10:00:00,3568.324,3569.153,3558.158,3559.048,3475,49,0,3475
2024-02-16 11:00:00,3559.049,3568.046,3554.933,3560.804,3461,49,0,3461
2024-02-16 12:00:00,3560.809,3578.521,3560.809,3577.004,3478,49,0,3478
2024-02-16 13:00:00,3577.01,3579.894,3564.925,3571.021,3454,49,0,3454
2024-02-16 14:00:00,3571.028,3574.269,3557.337,3560.108,3477,49,0,3477
2024-02-16 15:00:00,3560.113,3574.219,3560.113,3569.781,3467,49,0,3467
2024-02-16 16:00:00,3569.793,3575.585,3560.922,3566.829,3460,49,0,3460
2024-02-16 17:00:00,3566.841,3577.19,3566.841,3571.89,3458,49,0,3458
2024-02-16 18:00:00,3571.894,3577.599,3565.486,3574.148,3442,49,0,3442
2024-02-16 19:00:00,3574.166,3586.108,3574.166,3585.565,3478,50,0,3478
2024-02-16 20:00:00,3585.572,3588.948,3568.019,3571.899,3466,49,0,3466
2024-02-16 21:00:00,3571.905,3580.99,3557.588,3562.424,3469,49,0,3469
2024-02-16 22:00:00,3562.425,3565.642,3553.54,3557.409,3471,49,0,3471
2024-02-16 23:00:00,3557.418,3570.271,3557.418,3566.08,3463,49,0,3463
2024-02-17 00:00:00,3566.088,3570.49,3547.695,3552.651,3444,49,0,3444
2024-02-17 01:00:00,3552.66,3555.631,3544.548,3546.888,3451,49,0,3451
2024-02-17 02:00:00,3546.888,3561.507,3542.281,3561.507,3471,49,0,3471
2024-02-17 03:00:00,3561.509,3564.004,3552.198,3556.07,3448,49,0,3448
2024-02-17 04:00:00,3556.079,3561.175,3546.72,3550.574,3452,49,0,3452
2024-02-17 05:00:00,3550.584,3572.701,3550.584,3566.419,3475,49,0,3475
2024-02-17 06:00:00,3566.422,3575.864,3564.459,3571.874,3461,49,0,3461
2024-02-17 07:00:00,3571.882,3577.782,3569.361,3575.909,3461,49,0,3461
2024-02-17 08:00:00,3575.916,3583.487,3571.464,3575.77,3443,50,0,3443
2024-02-17 09:00:00,3575.775,3587.846,3556.915,3560.964,3473,49,0,3473
2024-02-17 10:00:00,3560.975,3574.961,3560.975,3574.961,3477,49,0,3477
2024-02-17 11:00:00,3574.964,3583.375,3572.688,3582.871,3479,50,0,3479
2024-02-17 12:00:00,3582.872,3596.185,3582.872,3588.093,3461,50,0,3461
2024-02-17 13:00:00,3588.094,3589.322,3556.635,3557.609,3462,49,0,3462
2024-02-17 14:00:00,3557.613,3557.686,3540.345,3548.164,3455,49,0,3455
2024-02-17 15:00:00,3548.172,3554.508,3545.412,3549.13,3441,49,0,3441
2024-02-17 16:00:00,3549.133,3557.502,3542.97,3557.502,3435,49,0,3435
2024-02-17 17:00:00,3557.505,3561.364,3551.73,3556.286,3467,49,0,3467
2024-02-17 18:00:00,3556.292,3561.253,3549.281,3554.45,3470,49,0,3470
2024-02-17 19:00:00,3554.459,3562.131,3547.754,3555.145,3459,49,0,3459
2024-02-17 20:00:00,3555.153,3569.314,3551.215,3565.17,3478,49,0,3478
2024-02-17 21:00:00,3565.179,3567.389,3550.233,3554.91,3469,49,0,3469
2024-02-17 22:00:00,3554.914,3555.673,3539.452,3553.801,3473,49,0,3473
2024-02-17 23:00:00,3553.809,3567.354,3553.809,3567.354,3467,49,0,3467
2024-02-18 00:00:00,3567.36,3580.296,3564.557,3574.045,3461,49,0,3461
2024-02-18 01:00:00,3574.056,3592.611,3574.056,3592.611,3256,50,0,3256
2024-02-18 02:00:00,3592.617,3597.046,3563.737,3567.835,3474,49,0,3474
2024-02-18 03:00:00,3567.836,3571.182,3548.105,3551.54,3452,49,0,3452
2024-02-18 04:00:00,3551.555,3561.748,3541.994,3551.482,3461,49,0,3461
2024-02-18 05:00:00,3551.493,3554.832,3526.908,3530.334,3467,49,0,3467
2024-02-18 06:00:00,3530.336,3541.722,3529.073,3536.853,3458,49,0,3458
2024-02-18 07:00:00,3536.86,3546.186,3536.171,3536.291,3479,49,0,3479
2024-02-18 08:00:00,3536.303,3542.947,3528.239,3531.25,3466,49,0,3466
2024-02-18 09:00:00,3531.264,3548.608,3531.264,3540.599,3471,49,0,3471
2024-02-18 10:00:00,3540.61,3553.506,3531.201,3535.744,3470,49,0,3470
2024-02-18 11:00:00,3535.753,3549.078,3535.753,3541.582,3477,49,0,3477
2024-02-18 12:00:00,3541.582,3549.455,3536.411,3538.639,3453,49,0,3453
2024-02-18 13:00:00,3538.642,3545.638,3532.211,3533.385,3441,49,0,3441
2024-02-18 14:00:00,3533.391,3535.654,3522.369,3535.149,3459,49,0,3459
2024-02-18 15:00:00,3535.16,3535.353,3518.095,3523.013,3458,49,0,3458
2024-02-18 16:00:00,3523.026,3527.136,3515.522,3523.427,3439,49,0,3439
2024-02-18 17:00:00,3523.434,3531.6,3519.881,3528.87,3459,49,0,3459
2024-02-18 18:00:00,3528.892,3532.883,3510.694,3513.981,3440,49,0,3440
2024-02-18 19:00:00,3513.984,3515.201,3501.931,3502.662,3452,49,0,3452
2024-02-18 20:00:00,3502.668,3513.009,3502.668,3506.885,3473,49,0,3473
2024-02-18 21:00:00,3506.886,3521.858,3506.886,3517.41,3479,49,0,3479
2024-02-18 22:00:00,3517.413,3530.873,3515.535,3519.938,3478,49,0,3478
2024-02-18 23:00:00,3519.945,3524.202,3513.193,3516.438,3448,49,0,3448
2024-02-19 00:00:00,3516.441,3522.073,3512.391,3521.413,3442,49,0,3442
2024-02-19 01:00:00,3521.413,3532.287,3519.172,3527.737,3469,49,0,3469
2024-02-19 02:00:00,3527.749,3530.335,3510.912,3510.994,3449,49,0,3449
2024-02-19 03:00:00,3511.0,3524.628,3511.0,3518.177,3474,49,0,3474
2024-02-19 04:00:00,3518.185,3527.409,3511.551,3527.409,3443,49,0,3443
2024-02-19 05:00:00,3527.417,3538.332,3525.269,3531.947,3473,49,0,3473
2024-02-19 06:00:00,3531.96,3537.886,3521.856,3534.095,3451,49,0,3451
2024-02-19 07:00:00,3534.1,3538.448,3521.979,3536.516,3472,49,0,3472
2024-02-19 08:00:00,3536.524,3542.426,3531.766,3535.667,3454,49,0,3454
2024-02-19 09:00:00,3535.668,3544.567,3531.627,3544.567,3441,49,0,3441
2024-02-19 10:00:00,3544.574,3545.764,3529.146,3529.833,3452,49,0,3452
2024-02-19 11:00:00,3529.843,3533.466,3521.918,3533.466,3452,49,0,3452
2024-02-19 12:00:00,3533.47,3546.709,3532.407,3545.957,3451,49,0,3451
2024-02-19 13:00:00,3545.964,3556.77,3540.507,3552.081,3443,49,0,3443
2024-02-19 14:00:00,3552.09,3558.87,3547.67,3557.506,3447,49,0,3447
2024-02-19 15:00:00,3557.512,3560.455,3552.123,3559.574,3458,49,0,3458
2024-02-19 16:00:00,3559.587,3560.585,3547.886,3555.36,3461,49,0,3461
2024-02-19 17:00:00,3555.365,3556.189,3537.898,3549.846,3476,49,0,3476
2024-02-19 18:00:00,3549.851,3561.181,3545.414,3556.666,3454,49,0,3454
2024-02-19 19:00:00,3556.671,3570.591,3556.659,3567.247,3466,49,0,3466
2024-02-19 20:00:00,3567.253,3568.229,3558.83,3565.392,3429,49,0,3429
2024-02-19 21:00:00,3565.396,3579.59,3564.744,3573.884,3492,49,0,3492
2024-02-19 22:00:00,3573.893,3582.901,3571.275,3582.901,3478,50,0,3478
2024-02-19 23:00:00,3582.907,3588.947,3566.661,3567.24,3442,49,0,3442
2024-02-20 00:00:00,3567.242,3579.029,3564.965,3579.029,3474,49,0,3474
2024-02-20 01:00:00,3579.039,3588.021,3576.186,3588.021,3472,50,0,3472
2024-02-20 02:00:00,3588.023,3602.218,3588.023,3602.218,3479,50,0,3479
2024-02-20 03:00:00,3602.222,3612.318,3593.259,3596.238,3477,50,0,3477
2024-02-20 04:00:00,3596.246,3609.716,3590.493,3592.046,3456,50,0,3456
2024-02-20 05:00:00,3592.062,3598.527,3588.303,3594.541,3485,50,0,3485
2024-02-20 06:00:00,3594.542,3594.791,3563.745,3564.665,3451,49,0,3451
2024-02-20 07:00:00,3564.671,3569.653,3559.32,3562.417,3452,49,0,3452
2024-02-20 08:00:00,3562.419,3571.423,3559.27,3566.503,3453,49,0,3453
2024-02-20 09:00:00,3566.505,3578.157,3558.385,3558.653,3445,49,0,3445
2024-02-20 10:00:00,3556.69,3561.136,3546.45,3550.791,3463,49,0,3463
2024-02-20 11:00:00,3550.792,3556.567,3539.927,3541.618,3452,49,0,3452
2024-02-20 12:00:00,3541.631,3559.38,3541.631,3559.38,3468,49,0,3468
2024-02-20 13:00:00,3559.383,3564.077,3540.874,3554.746,3464,49,0,3464
2024-02-20 14:00:00,3554.756,3565.582,3553.858,3565.522,3485,49,0,3485
2024-02-20 15:00:00,3565.534,3566.404,3551.007,3566.404,3478,49,0,3478
2024-02-20 16:00:00,3566.416,3575.698,3563.396,3575.249,3447,49,0,3447
2024-02-20 17:00:00,3575.259,3587.934,3571.417,3587.934,3484,50,0,3484
2024-02-20 18:00:00,3587.935,3590.245,3570.916,3574.942,3454,50,0,3454
2024-02-20 19:00:00,3574.948,3579.864,3572.674,3576.713,3464,50,0,3464
2024-02-20 20:00:00,3576.715,3584.905,3575.488,3584.183,3465,50,0,3465
2024-02-20 21:00:00,3584.189,3584.263,3559.124,3565.603,3459,49,0,3459
2024-02-20 22:00:00,3565.615,3580.563,3565.615,3580.563,3459,49,0,3459
2024-02-20 23:00:00,3580.571,3595.502,3580.376,3588.788,3464,50,0,3464
2024-02-21 00:00:00,3588.793,3598.848,3584.241,3590.506,3461,50,0,3461
2024-02-21 01:00:00,3590.511,3593.648,3584.632,3593.48,3458,50,0,3458
2024-02-21 02:00:00,3593.499,3593.602,3565.08,3567.035,3463,49,0,3463
2024-02-21 03:00:00,3567.046,3568.912,3544.198,3547.622,3482,49,0,3482
2024-02-21 04:00:00,3547.641,3552.488,3543.321,3550.37,3452,49,0,3452
2024-02-21 05:00:00,3550.37,3574.847,3550.37,3574.847,3448,49,0,3448
2024-02-21 06:00:00,3574.854,3587.431,3569.363,3587.431,3471,49,0,3471
2024-02-21 07:00:00,3587.437,3599.291,3587.437,3593.627,3452,50,0,3452
2024-02-21 08:00:00,3593.629,3594.792,3584.638,3588.583,3454,50,0,3454
2024-02-21 09:00:00,3588.588,3595.803,3578.985,3586.8,3468,50,0,3468
2024-02-21 10:00:00,3586.803,3586.984,3568.545,3576.024,3453,49,0,3453
2024-02-21 11:00:00,3576.029,3589.865,3571.719,3583.32,3476,50,0,3476
2024-02-21 12:00:00,3583.322,3594.916,3580.279,3587.267,3474,50,0,3474
2024-02-21 13:00:00,3587.273,3599.541,3584.96,3599.541,3452,50,0,3452
2024-02-21 14:00:00,3599.554,3612.614,3599.554,3612.614,3459,50,0,3459
2024-02-21 15:00:00,3612.619,3619.722,3600.915,3608.102,3456,50,0,3456
2024-02-21 16:00:00,3608.106,3622.336,3602.179,3622.336,3461,50,0,3461
2024-02-21 17:00:00,3622.34,3634.112,3615.771,3625.556,3459,50,0,3459
2024-02-21 18:00:00,3625.57,3627.136,3609.675,3610.082,3460,50,0,3460
2024-02-21 19:00:00,3610.089,3624.469,3610.089,3624.469,3478,50,0,3478
2024-02-21 20:00:00,3624.478,3625.789,3604.583,3607.897,3452,50,0,3452
2024-02-21 21:00:00,3607.9,3609.082,3590.006,3593.944,3469,50,0,3469
2024-02-21 22:00:00,3593.95,3611.748,3591.847,3611.748,3464,50,0,3464
2024-02-21 23:00:00,3611.752,3631.328,3611.226,3631.328,3461,50,0,3461
2024-02-22 00:00:00,3631.333,3631.374,3596.901,3605.224,3471,50,0,3471
2024-02-22 01:00:00,3605.234,3608.257,3597.858,3606.562,3459,50,0,3459
2024-02-22 02:00:00,3606.571,3629.953,3606.571,3629.953,3460,50,0,3460
2024-02-22 03:00:00,3629.954,3634.784,3611.249,3613.74,3475,50,0,3475
2024-02-22 04:00:00,3613.744,3631.321,3613.744,3631.321,3459,50,0,3459
2024-02-22 05:00:00,3631.326,3638.403,3628.059,3637.531,3471,50,0,3471
2024-02-22 06:00:00,3637.54,3644.889,3628.934,3634.867,3460,50,0,3460
2024-02-22 07:00:00,3634.881,3637.85,3608.677,3609.556,3452,50,0,3452
2024-02-22 08:00:00,3609.576,3619.743,3606.678,3610.067,3454,50,0,3454
2024-02-22 09:00:00,3610.069,3624.76,3610.069,3624.76,3456,50,0,3456
2024-02-22 10:00:00,3624.764,3625.522,3603.916,3606.039,3446,50,0,3446
2024-02-22 11:00:00,3606.051,3630.891,3606.051,3627.517,3476,50,0,3476
2024-02-22 12:00:00,3627.521,3629.69,3617.265,3629.3,3457,50,0,3457
2024-02-22 13:00:00,3629.302,3638.359,3621.52,3624.231,3464,50,0,3464
2024-02-22 14:00:00,3624.24,3625.962,3612.937,3621.819,3451,50,0,3451
2024-02-22 15:00:00,3621.837,3641.713,3620.419,3641.713,3479,50,0,3479
2024-02-22 16:00:00,3641.722,3649.108,3638.455,3644.987,3475,50,0,3475
2024-02-22 17:00:00,3644.992,3646.143,3630.945,3636.934,3454,50,0,3454
2024-02-22 18:00:00,3636.945,3645.184,3629.83,3638.787,3454,50,0,3454
2024-02-22 19:00:00,3638.795,3640.242,3619.393,3629.443,3457,50,0,3457
2024-02-22 20:00:00,3629.459,3633.615,3623.164,3626.236,3460,50,0,3460
2024-02-22 21:00:00,3626.237,3628.413,3612.329,3613.693,3460,50,0,3460
2024-02-22 22:00:00,3613.702,3614.362,3597.993,3609.002,3457,50,0,3457
2024-02-22 23:00:00,3609.016,3609.736,3591.702,3596.145,3486,50,0,3486
2024-02-23 00:00:00,3596.147,3603.29,3594.046,3602.302,3453,50,0,3453
2024-02-23 01:00:00,3602.31,3616.838,3600.757,3610.428,3452,50,0,3452
2024-02-23 02:00:00,3610.439,3628.339,3609.521,3627.597,3472,50,0,3472
2024-02-23 03:00:00,3627.607,3645.525,3627.607,3645.525,3476,50,0,3476
2024-02-23 04:00:00,3645.53,3648.12,3635.569,3641.137,3463,50,0,3463
2024-02-23 05:00:00,3641.141,3644.021,3599.424,3599.999,3473,50,0,3473
2024-02-23 06:00:00,3600.001,3601.198,3588.582,3595.927,3461,50,0,3461
2024-02-23 07:00:00,3595.943,3604.737,3592.922,3604.696,3475,50,0,3475
2024-02-23 08:00:00,3604.702,3622.48,3604.702,3621.886,3478,50,0,3478
2024-02-23 09:00:00,3621.894,3632.732,3613.156,3632.732,3472,50,0,3472
2024-02-23 10:00:00,3632.747,3653.124,3632.747,3653.124,3444,50,0,3444
2024-02-23 11:00:00,3653.132,3656.767,3636.784,3653.714,3461,50,0,3461
2024-02-23 12:00:00,3653.719,3656.953,3646.401,3656.953,3467,51,0,3467
2024-02-23 13:00:00,3656.959,3657.25,3642.893,3655.794,3483,51,0,3483
2024-02-23 14:00:00,3655.801,3672.77,3655.801,3668.238,3448,51,0,3448
2024-02-23 15:00:00,3668.238,3673.691,3645.898,3655.051,3473,51,0,3473
2024-02-23 16:00:00,3655.059,3668.68,3647.414,3647.656,3474,51,0,3474
2024-02-23 17:00:00,3647.67,3655.729,3642.281,3646.158,3453,50,0,3453
2024-02-23 18:00:00,3646.164,3654.118,3642.135,3647.542,3473,50,0,3473
2024-02-23 19:00:00,3647.546,3649.837,3608.331,3613.266,3455,50,0,3455
2024-02-23 20:00:00,3613.266,3630.581,3613.266,3627.516,3480,50,0,3480
2024-02-23 21:00:00,3627.518,3632.307,3608.062,3611.086,3464,50,0,3464
2024-02-23 22:00:00,3611.099,3616.963,3588.261,3598.056,3454,50,0,3454
2024-02-23 23:00:00,3598.057,3600.475,3588.579,3597.314,3465,50,0,3465
2024-02-24 00:00:00,3597.317,3599.841,3573.443,3574.432,3482,50,0,3482
2024-02-24 01:00:00,3574.442,3577.373,3559.998,3564.538,3466,49,0,3466
2024-02-24 02:00:00,3564.54,3566.986,3554.938,3564.82,3455,49,0,3455
2024-02-24 03:00:00,3564.836,3566.888,3551.227,3556.642,3455,49,0,3455
2024-02-24 04:00:00,3556.648,3573.216,3556.648,3572.901,3456,49,0,3456
2024-02-24 05:00:00,3572.903,3591.515,3572.903,3590.735,3453,50,0,3453
2024-02-24 06:00:00,3590.749,3592.788,3570.894,3574.304,3448,49,0,3448
2024-02-24 07:00:00,3574.308,3593.69,3574.308,3577.932,3472,50,0,3472
2024-02-24 08:00:00,3577.936,3580.695,3556.289,3557.98,3462,49,0,3462
2024-02-24 09:00:00,3557.989,3559.386,3544.404,3547.079,3438,49,0,3438
2024-02-24 10:00:00,3547.08,3552.129,3543.425,3546.573,3440,49,0,3440
2024-02-24 11:00:00,3546.577,3559.621,3546.577,3557.157,3449,49,0,3449
2024-02-24 12:00:00,3557.158,3574.767,3557.158,3560.485,3449,49,0,3449
2024-02-24 13:00:00,3560.491,3576.517,3559.177,3560.925,3460,49,0,3460
2024-02-24 14:00:00,3560.929,3570.844,3560.027,3569.515,3465,49,0,3465
2024-02-24 15:00:00,3569.52,3576.574,3566.713,3576.574,3465,49,0,3465
2024-02-24 16:00:00,3576.585,3588.584,3574.628,3584.632,3475,50,0,3475
2024-02-24 17:00:00,3584.641,3597.558,3584.641,3594.108,3465,50,0,3465
2024-02-24 18:00:00,3594.119,3618.882,3594.119,3618.882,3462,50,0,3462
2024-02-24 19:00:00,3618.892,3632.647,3613.955,3617.909,3445,50,0,3445
2024-02-24 20:00:00,3617.917,3630.91,3616.724,3619.752,3494,50,0,3494
2024-02-24 21:00:00,3619.776,3620.115,3597.209,3599.293,3467,50,0,3467
2024-02-24 22:00:00,3599.311,3604.821,3581.123,3585.98,3470,50,0,3470
2024-02-24 23:00:00,3585.989,3598.853,3585.989,3593.896,3461,50,0,3461
2024-02-25 00:00:00,3593.911,3602.708,3580.176,3583.475,3450,50,0,3450
2024-02-25 01:00:00,3583.495,3584.3,3562.828,3563.407,3461,49,0,3461
2024-02-25 02:00:00,3563.411,3574.962,3563.411,3574.962,3443,49,0,3443
2024-02-25 03:00:00,3574.967,3584.566,3566.325,3573.192,3446,49,0,3446
2024-02-25 04:00:00,3573.195,3573.413,3550.117,3553.691,3461,49,0,3461
2024-02-25 05:00:00,3553.697,3568.808,3553.697,3568.663,3474,49,0,3474
2024-02-25 06:00:00,3568.672,3578.424,3561.987,3578.424,3458,49,0,3458
2024-02-25 07:00:00,3578.433,3587.852,3574.88,3579.764,3465,50,0,3465
2024-02-25 08:00:00,3579.78,3594.497,3579.78,3585.362,3440,50,0,3440
2024-02-25 09:00:00,3585.365,3590.583,3579.904,3589.292,3431,50,0,3431
2024-02-25 10:00:00,3589.305,3595.724,3565.491,3569.347,3451,49,0,3451
2024-02-25 11:00:00,3569.357,3582.399,3569.357,3579.432,3474,49,0,3474
2024-02-25 12:00:00,3579.444,3581.218,3548.618,3551.611,3478,49,0,3478
2024-02-25 13:00:00,3551.611,3554.117,3540.844,3551.977,3457,49,0,3457
2024-02-25 14:00:00,3551.991,3563.699,3548.795,3563.498,3462,49,0,3462
2024-02-25 15:00:00,3563.501,3574.98,3563.501,3567.717,3468,49,0,3468
2024-02-25 16:00:00,3567.723,3575.217,3562.598,3575.217,3471,49,0,3471
2024-02-25 17:00:00,3575.22,3582.168,3571.796,3582.168,3463,50,0,3463
2024-02-25 18:00:00,3582.183,3587.227,3572.545,3574.085,3452,50,0,3452
2024-02-25 19:00:00,3574.101,3586.506,3569.597,3585.27,3469,50,0,3469
2024-02-25 20:00:00,3585.273,3600.23,3585.273,3591.038,3477,50,0,3477
2024-02-25 21:00:00,3591.045,3602.691,3591.045,3596.834,3446,50,0,3446
2024-02-25 22:00:00,3596.835,3596.871,3557.977,3559.263,3457,49,0,3457
2024-02-25 23:00:00,3559.264,3563.086,3524.947,3529.317,3451,49,0,3451
2024-02-26 00:00:00,3529.319,3549.302,3527.852,3549.302,3446,49,0,3446
2024-02-26 01:00:00,3549.306,3558.111,3547.95,3558.111,3439,49,0,3439
2024-02-26 02:00:00,3558.125,3559.548,3545.655,3556.054,3461,49,0,3461
2024-02-26 03:00:00,3556.057,3574.543,3556.057,3571.527,3462,49,0,3462
2024-02-26 04:00:00,3571.534,3581.524,3571.534,3575.228,3457,50,0,3457
2024-02-26 05:00:00,3575.232,3585.168,3570.825,3585.168,3479,50,0,3479
2024-02-26 06:00:00,3585.175,3597.349,3579.089,3582.841,3441,50,0,3441
2024-02-26 07:00:00,3582.846,3593.584,3582.846,3586.625,3446,50,0,3446
2024-02-26 08:00:00,3586.64,3588.671,3567.524,3574.246,3455,49,0,3455
2024-02-26 09:00:00,3574.263,3589.057,3574.263,3584.258,3439,50,0,3439
2024-02-26 10:00:00,3584.263,3588.288,3574.46,3577.538,3447,50,0,3447
2024-02-26 11:00:00,3577.544,3589.688,3575.138,3589.688,3455,50,0,3455
2024-02-26 12:00:00,3589.695,3599.358,3584.338,3585.147,3457,50,0,3457
2024-02-26 13:00:00,3585.151,3595.906,3583.843,3589.014,3457,50,0,3457
2024-02-26 14:00:00,3589.018,3594.043,3575.82,3590.506,3462,50,0,3462
2024-02-26 15:00:00,3590.515,3594.892,3576.309,3593.139,3440,50,0,3440
2024-02-26 16:00:00,3593.152,3606.802,3593.152,3606.104,3467,50,0,3467
2024-02-26 17:00:00,3606.112,3616.334,3606.112,3609.938,3428,50,0,3428
2024-02-26 18:00:00,3609.943,3615.926,3607.23,3615.122,3464,50,0,3464
2024-02-26 19:00:00,3615.131,3624.177,3607.375,3618.258,3468,50,0,3468
2024-02-26 20:00:00,3618.276,3622.783,3612.357,3613.798,3457,50,0,3457
2024-02-26 21:00:00,3613.819,3620.652,3603.751,3605.268,3474,50,0,3474
2024-02-26 22:00:00,3605.269,3615.51,3604.997,3615.232,3450,50,0,3450
2024-02-26 23:00:00,3615.236,3619.059,3606.201,3607.116,3461,50,0,3461
2024-02-27 00:00:00,3607.135,3616.309,3605.649,3616.309,3463,50,0,3463
2024-02-27 01:00:00,3616.313,3624.248,3612.233,3614.91,3478,50,0,3478
2024-02-27 02:00:00,3614.916,3618.411,3606.097,3618.411,3472,50,0,3472
2024-02-27 03:00:00,3618.42,3639.543,3618.42,3635.716,3480,50,0,3480
2024-02-27 04:00:00,3635.722,3637.915,3620.434,3630.418,3454,50,0,3454
2024-02-27 05:00:00,3630.43,3630.645,3608.046,3620.201,3461,50,0,3461
2024-02-27 06:00:00,3620.211,3621.98,3602.532,3615.397,3482,50,0,3482
2024-02-27 07:00:00,3615.41,3617.452,3595.703,3601.055,3450,50,0,3450
2024-02-27 08:00:00,3601.071,3620.421,3601.071,3619.48,3456,50,0,3456
2024-02-27 09:00:00,3619.49,3632.954,3615.353,3632.954,3476,50,0,3476
2024-02-27 10:00:00,3632.959,3646.005,3632.959,3646.005,3456,50,0,3456
2024-02-27 11:00:00,3646.014,3659.997,3646.014,3654.834,3482,51,0,3482
2024-02-27 12:00:00,3654.842,3668.413,3654.842,3664.118,3452,51,0,3452
2024-02-27 13:00:00,3664.132,3669.244,3657.254,3663.789,3456,51,0,3456
2024-02-27 14:00:00,3663.799,3672.296,3652.235,3654.67,3460,51,0,3460
2024-02-27 15:00:00,3654.671,3673.316,3653.712,3663.489,3457,51,0,3457
2024-02-27 16:00:00,3663.504,3665.834,3645.049,3654.742,3457,51,0,3457
2024-02-27 17:00:00,3654.747,3661.747,3648.142,3650.899,3460,51,0,3460
2024-02-27 18:00:00,3650.913,3653.552,3641.682,3645.718,3466,50,0,3466
2024-02-27 19:00:00,3645.735,3655.727,3643.0,3649.334,3450,51,0,3450
2024-02-27 20:00:00,3649.335,3655.423,3639.879,3652.936,3441,50,0,3441
2024-02-27 21:00:00,3652.948,3664.403,3652.948,3660.465,3457,51,0,3457
2024-02-27 22:00:00,3660.472,3664.715,3650.047,3661.252,3463,51,0,3463
2024-02-27 23:00:00,3661.257,3663.945,3639.651,3649.406,3455,50,0,3455
2024-02-28 00:00:00,3649.408,3670.134,3649.408,3670.134,3460,51,0,3460
2024-02-28 01:00:00,3670.134,3675.656,3659.597,3666.19,3451,51,0,3451
2024-02-28 02:00:00,3666.202,3676.568,3666.202,3674.559,3473,51,0,3473
2024-02-28 03:00:00,3674.572,3691.801,3674.495,3691.648,3468,51,0,3468
2024-02-28 04:00:00,3691.653,3696.144,3687.749,3691.133,3452,51,0,3452
2024-02-28 05:00:00,3691.142,3702.829,3683.389,3690.525,3475,51,0,3475
2024-02-28 06:00:00,3690.54,3702.121,3690.54,3697.432,3470,51,0,3470
2024-02-28 07:00:00,3697.433,3708.441,3695.898,3697.768,3484,51,0,3484
2024-02-28 08:00:00,3697.786,3707.905,3695.276,3696.954,3464,51,0,3464
2024-02-28 09:00:00,3696.964,3703.315,3688.996,3703.315,3466,51,0,3466
2024-02-28 10:00:00,3703.317,3710.921,3697.884,3703.811,3453,51,0,3453
2024-02-28 11:00:00,3703.819,3727.552,3703.819,3727.552,3465,51,0,3465
2024-02-28 12:00:00,3727.562,3739.797,3727.562,3736.051,3474,52,0,3474
2024-02-28 13:00:00,3736.054,3752.718,3732.69,3752.718,3468,52,0,3468
2024-02-28 14:00:00,3752.723,3765.262,3745.408,3746.66,3457,52,0,3457
2024-02-28 15:00:00,3746.661,3753.063,3733.229,3734.147,3460,52,0,3460
2024-02-28 16:00:00,3734.16,3737.266,3715.246,3724.222,3476,52,0,3476
2024-02-28 17:00:00,3724.235,3734.531,3723.968,3730.29,3482,52,0,3482
2024-02-28 18:00:00,3730.292,3735.188,3720.032,3729.333,3463,52,0,3463
2024-02-28 19:00:00,3729.336,3743.357,3729.336,3738.202,3457,52,0,3457
2024-02-28 20:00:00,3738.21,3752.196,3738.21,3752.196,3459,52,0,3459
2024-02-28 21:00:00,3752.205,3763.731,3745.474,3763.731,3462,52,0,3462
2024-02-28 22:00:00,3763.732,3770.974,3758.527,3765.859,3451,52,0,3451
2024-02-28 23:00:00,3765.863,3777.943,3759.482,3777.943,3477,52,0,3477
2024-02-29 00:00:00,3777.949,3787.804,3770.055,3772.516,3470,52,0,3470
2024-02-29 01:00:00,3772.522,3794.902,3772.521,3794.238,3466,52,0,3466
2024-02-29 02:00:00,3794.257,3800.381,3790.93,3798.988,3461,53,0,3461
2024-02-29 03:00:00,3798.988,3809.03,3793.611,3804.353,3499,53,0,3499
2024-02-29 04:00:00,3804.358,3820.568,3804.358,3810.799,3479,53,0,3479
2024-02-29 05:00:00,3810.807,3828.892,3810.807,3828.892,3482,53,0,3482
2024-02-29 06:00:00,3828.9,3846.484,3826.057,3842.59,3460,53,0,3460
2024-02-29 07:00:00,3842.593,3850.423,3840.11,3849.124,3474,53,0,3474
2024-02-29 08:00:00,3849.139,3850.608,3824.624,3834.044,3499,53,0,3499
2024-02-29 09:00:00,3834.047,3840.911,3826.61,3836.326,3476,53,0,3476
2024-02-29 10:00:00,3836.342,3853.059,3836.342,3850.898,3487,53,0,3487
2024-02-29 11:00:00,3850.905,3851.4,3836.268,3841.847,3472,53,0,3472
2024-02-29 12:00:00,3841.848,3844.951,3838.003,3841.144,3489,53,0,3489
2024-02-29 13:00:00,3841.15,3846.341,3836.793,3837.046,3456,53,0,3456
2024-02-29 14:00:00,3837.059,3837.989,3797.314,3802.236,3473,53,0,3473
2024-02-29 15:00:00,3802.25,3802.838,3782.895,3793.11,3468,52,0,3468
2024-02-29 16:00:00,3793.123,3799.433,3788.642,3799.433,3460,53,0,3460
2024-02-29 17:00:00,3799.448,3799.771,3785.549,3791.338,3453,53,0,3453
2024-02-29 18:00:00,3791.343,3794.695,3764.012,3764.804,3455,52,0,3455
2024-02-29 19:00:00,3764.808,3771.358,3759.218,3767.005,3471,52,0,3471
2024-02-29 20:00:00,3767.016,3770.481,3753.758,3765.991,3482,52,0,3482
2024-02-29 21:00:00,3765.992,3771.115,3758.646,3761.842,3489,52,0,3489
2024-02-29 22:00:00,3761.842,3773.067,3758.0,3772.735,3477,52,0,3477
2024-02-29 23:00:00,3772.743,3773.701,3749.079,3764.187,3478,52,0,3478
2024-03-01 00:00:00,3764.198,3773.671,3760.806,3767.13,3472,52,0,3472
2024-03-01 01:00:00,3767.147,3776.991,3758.269,3776.991,3468,52,0,3468
2024-03-01 02:00:00,3776.996,3787.231,3766.866,3771.603,3469,52,0,3469
2024-03-01 03:00:00,3771.608,3787.421,3769.166,3782.544,3461,52,0,3461
2024-03-01 04:00:00,3782.549,3787.808,3774.324,3787.117,3454,52,0,3454
2024-03-01 05:00:00,3787.121,3798.59,3783.726,3798.59,3477,52,0,3477
2024-03-01 06:00:00,3798.597,3802.567,3790.815,3797.236,3468,53,0,3468
2024-03-01 07:00:00,3797.237,3800.2,3749.994,3756.308,3470,52,0,3470
2024-03-01 08:00:00,3756.323,3760.416,3748.355,3755.407,3455,52,0,3455
2024-03-01 09:00:00,3755.415,3759.507,3747.758,3755.466,3485,52,0,3485
2024-03-01 10:00:00,3755.478,3762.41,3737.474,3743.932,3468,52,0,3468
2024-03-01 11:00:00,3743.938,3745.083,3729.81,3737.663,3468,52,0,3468
2024-03-01 12:00:00,3737.664,3739.502,3721.537,3728.775,3471,52,0,3471
2024-03-01 13:00:00,3728.788,3731.504,3718.169,3722.055,3446,52,0,3446
2024-03-01 14:00:00,3722.062,3737.297,3722.062,3737.297,3458,52,0,3458
2024-03-01 15:00:00,3737.301,3742.101,3726.986,3729.238,3460,52,0,3460
2024-03-01 16:00:00,3729.239,3730.78,3716.16,3716.635,3468,52,0,3468
2024-03-01 17:00:00,3716.641,3717.435,3671.213,3672.547,3472,51,0,3472
2024-03-01 18:00:00,3672.548,3676.89,3661.08,3662.17,3467,51,0,3467
2024-03-01 19:00:00,3662.174,3668.907,3645.274,3660.094,3462,51,0,3462
2024-03-01 20:00:00,3660.102,3661.559,3644.946,3647.007,3441,51,0,3441
2024-03-01 21:00:00,3647.015,3665.67,3647.015,3665.67,3473,51,0,3473
2024-03-01 22:00:00,3665.679,3676.579,3665.679,3671.97,3451,51,0,3451
2024-03-01 23:00:00,3671.982,3675.085,3663.335,3668.256,3463,51,0,3463
2024-03-02 00:00:00,3668.258,3686.855,3668.258,3678.549,3473,51,0,3473
2024-03-02 01:00:00,3678.555,3698.264,3676.397,3698.264,3478,51,0,3478
2024-03-02 02:00:00,3698.272,3700.703,3676.979,3681.3,3461,51,0,3461
2024-03-02 03:00:00,3681.302,3689.742,3675.313,3683.69,3460,51,0,3460
2024-03-02 04:00:00,3683.696,3690.268,3682.447,3682.952,3469,51,0,3469
2024-03-02 05:00:00,3682.97,3688.682,3677.991,3682.484,3472,51,0,3472
2024-03-02 06:00:00,3682.494,3691.389,3676.777,3691.389,3458,51,0,3458
2024-03-02 07:00:00,3691.397,3703.351,3678.102,3681.662,3472,51,0,3472
2024-03-02 08:00:00,3681.667,3688.656,3677.011,3687.54,3478,51,0,3478
2024-03-02 09:00:00,3687.541,3711.129,3687.541,3711.129,3473,51,0,3473
2024-03-02 10:00:00,3711.137,3720.056,3710.501,3715.315,3461,51,0,3461
2024-03-02 11:00:00,3715.322,3723.943,3711.312,3718.563,3493,51,0,3493
2024-03-02 12:00:00,3718.572,3727.55,3712.32,3724.138,3471,51,0,3471
2024-03-02 13:00:00,3724.139,3738.693,3724.139,3737.204,3480,52,0,3480
2024-03-02 14:00:00,3737.214,3749.36,3736.162,3749.36,3466,52,0,3466
2024-03-02 15:00:00,3749.373,3759.753,3748.696,3759.394,3475,52,0,3475
2024-03-02 16:00:00,3759.405,3769.984,3747.158,3769.984,3480,52,0,3480
2024-03-02 17:00:00,3769.993,3779.692,3763.122,3779.692,3469,52,0,3469
2024-03-02 18:00:00,3779.702,3791.421,3779.702,3787.484,3456,52,0,3456
2024-03-02 19:00:00,3787.488,3811.17,3787.488,3805.424,3456,53,0,3456
2024-03-02 20:00:00,3805.434,3812.668,3790.951,3795.776,3477,53,0,3477
2024-03-02 21:00:00,3795.778,3810.428,3795.778,3810.428,3469,53,0,3469
2024-03-02 22:00:00,3810.433,3822.095,3806.214,3817.319,3475,53,0,3475
2024-03-02 23:00:00,3817.319,3833.705,3815.605,3828.754,3476,53,0,3476
2024-03-03 00:00:00,3828.757,3856.527,3828.757,3856.527,3481,53,0,3481
2024-03-03 01:00:00,3856.535,3858.484,3832.061,3843.182,3456,53,0,3456
2024-03-03 02:00:00,3843.182,3853.923,3839.002,3853.923,3476,53,0,3476
2024-03-03 03:00:00,3853.938,3865.217,3848.268,3850.983,3455,53,0,3455
2024-03-03 04:00:00,3850.991,3855.879,3842.783,3855.879,3459,53,0,3459
2024-03-03 05:00:00,3855.888,3859.66,3832.113,3836.024,3486,53,0,3486
2024-03-03 06:00:00,3836.031,3851.069,3828.83,3829.237,3474,53,0,3474
2024-03-03 07:00:00,3829.244,3846.049,3829.244,3846.049,3447,53,0,3447
2024-03-03 08:00:00,3846.057,3869.189,3846.057,3869.189,3485,53,0,3485
2024-03-03 09:00:00,3869.198,3872.136,3862.347,3869.585,3464,54,0,3464
2024-03-03 10:00:00,3869.594,3870.906,3855.556,3870.906,3462,53,0,3462
2024-03-03 11:00:00,3870.915,3875.758,3862.387,3867.825,3462,54,0,3462
2024-03-03 12:00:00,3867.83,3874.115,3848.62,3851.191,3474,53,0,3474
2024-03-03 13:00:00,3851.193,3860.433,3838.363,3839.219,3461,53,0,3461
2024-03-03 14:00:00,3839.219,3843.71,3818.295,3821.249,3468,53,0,3468
2024-03-03 15:00:00,3821.257,3826.291,3812.918,3822.12,3476,53,0,3476
2024-03-03 16:00:00,3822.13,3835.428,3819.961,3834.195,3462,53,0,3462
2024-03-03 17:00:00,3834.198,3855.549,3831.912,3855.549,3503,53,0,3503
2024-03-03 18:00:00,3855.55,3860.032,3846.836,3847.186,3477,53,0,3477
2024-03-03 19:00:00,3847.201,3849.6,3827.348,3833.079,3474,53,0,3474
2024-03-03 20:00:00,3833.082,3833.668,3806.221,3817.617,3472,53,0,3472
2024-03-03 21:00:00,3817.625,3824.428,3793.081,3798.424,3465,53,0,3465
2024-03-03 22:00:00,3798.424,3800.03,3783.175,3788.199,3471,52,0,3471
2024-03-03 23:00:00,3788.212,3789.653,3773.536,3781.291,3480,52,0,3480
2024-03-04 00:00:00,3781.312,3785.243,3751.468,3759.281,3439,52,0,3439
2024-03-04 01:00:00,3759.288,3767.911,3758.37,3767.371,3459,52,0,3459
2024-03-04 02:00:00,3767.378,3768.55,3752.625,3755.16,3475,52,0,3475
2024-03-04 03:00:00,3755.167,3761.795,3747.476,3749.668,3462,52,0,3462
2024-03-04 04:00:00,3749.672,3752.372,3736.794,3749.49,3458,52,0,3458
2024-03-04 05:00:00,3749.494,3764.524,3749.494,3763.984,3461,52,0,3461
2024-03-04 06:00:00,3763.99,3784.242,3763.99,3784.242,3469,52,0,3469
2024-03-04 07:00:00,3784.246,3793.39,3774.015,3774.102,3479,52,0,3479
2024-03-04 08:00:00,3774.113,3787.102,3774.113,3775.306,3474,52,0,3474
2024-03-04 09:00:00,3775.31,3782.285,3764.162,3768.885,3470,52,0,3470
2024-03-04 10:00:00,3768.886,3771.135,3759.546,3771.135,3470,52,0,3470
2024-03-04 11:00:00,3771.138,3771.27,3748.533,3761.155,3468,52,0,3468
2024-03-04 12:00:00,3761.164,3762.225,3739.843,3751.547,3476,52,0,3476
2024-03-04 13:00:00,3751.555,3768.869,3751.555,3764.135,3451,52,0,3451
2024-03-04 14:00:00,3764.139,3766.215,3751.965,3762.907,3455,52,0,3455
2024-03-04 15:00:00,3762.911,3770.992,3762.585,3770.992,3458,52,0,3458
2024-03-04 16:00:00,3771.008,3777.067,3755.752,3756.486,3473,52,0,3473
2024-03-04 17:00:00,3756.486,3756.81,3734.422,3734.542,3483,52,0,3483
2024-03-04 18:00:00,3734.545,3752.552,3734.545,3751.673,3487,52,0,3487
2024-03-04 19:00:00,3751.675,3769.664,3751.675,3766.637,3475,52,0,3475
2024-03-04 20:00:00,3766.638,3785.514,3766.638,3785.514,3464,52,0,3464
2024-03-04 21:00:00,3785.522,3793.744,3785.37,3792.1,3474,53,0,3474
2024-03-04 22:00:00,3792.101,3810.678,3791.888,3810.678,3467,53,0,3467
2024-03-04 23:00:00,3810.688,3832.979,3810.688,3830.843,3457,53,0,3457
2024-03-05 00:00:00,3830.856,3838.923,3820.003,3838.923,3443,53,0,3443
2024-03-05 01:00:00,3838.927,3860.41,3838.927,3856.151,3455,53,0,3455
2024-03-05 02:00:00,3856.167,3870.566,3850.827,3870.566,3488,53,0,3488
2024-03-05 03:00:00,3870.587,3887.601,3861.698,3887.601,3457,54,0,3457
2024-03-05 04:00:00,3887.607,3887.726,3863.662,3875.015,3485,54,0,3485
2024-03-05 05:00:00,3875.024,3897.197,3875.024,3895.951,3475,54,0,3475
2024-03-05 06:00:00,3895.955,3909.808,3895.169,3899.088,3462,54,0,3462
2024-03-05 07:00:00,3899.099,3904.807,3890.804,3896.384,3459,54,0,3459
2024-03-05 08:00:00,3896.386,3902.522,3876.683,3883.168,3484,54,0,3484
2024-03-05 09:00:00,3883.176,3898.435,3883.176,3894.679,3483,54,0,3483
2024-03-05 10:00:00,3894.682,3912.041,3890.989,3906.757,3470,54,0,3470
2024-03-05 11:00:00,3906.76,3914.595,3893.952,3898.081,3474,54,0,3474
2024-03-05 12:00:00,3898.095,3900.749,3886.744,3889.775,3477,54,0,3477
2024-03-05 13:00:00,3889.78,3890.71,3860.86,3862.885,3481,54,0,3481
2024-03-05 14:00:00,3862.891,3865.228,3838.113,3850.971,3471,53,0,3471
2024-03-05 15:00:00,3850.975,3861.977,3850.48,3861.977,3481,53,0,3481
2024-03-05 16:00:00,3861.986,3868.065,3850.206,3857.33,3481,53,0,3481
2024-03-05 17:00:00,3857.338,3858.981,3836.944,3854.442,3468,53,0,3468
2024-03-05 18:00:00,3854.445,3863.258,3854.191,3860.319,3469,53,0,3469
2024-03-05 19:00:00,3860.331,3877.206,3860.331,3865.167,3490,54,0,3490
2024-03-05 20:00:00,3865.176,3880.77,3865.176,3880.77,3488,54,0,3488
2024-03-05 21:00:00,3880.782,3888.615,3874.29,3876.196,3478,54,0,3478
2024-03-05 22:00:00,3876.205,3883.531,3869.48,3883.531,3454,54,0,3454
2024-03-05 23:00:00,3883.548,3895.91,3883.484,3892.252,3471,54,0,3471
2024-03-06 00:00:00,3892.272,3898.819,3883.263,3885.257,3479,54,0,3479
2024-03-06 01:00:00,3885.276,3892.895,3881.045,3884.705,3465,54,0,3465
2024-03-06 02:00:00,3884.708,3912.731,3884.708,3912.654,3475,54,0,3475
2024-03-06 03:00:00,3912.666,3914.358,3892.362,3899.619,3487,54,0,3487
2024-03-06 04:00:00,3899.64,3900.405,3879.171,3888.719,3466,54,0,3466
2024-03-06 05:00:00,3888.721,3902.048,3888.721,3892.747,3467,54,0,3467
2024-03-06 06:00:00,3892.751,3899.792,3887.118,3889.63,3466,54,0,3466
2024-03-06 07:00:00,3889.636,3894.577,3879.416,3884.023,3474,54,0,3474
2024-03-06 08:00:00,3884.038,3894.809,3882.371,3886.754,3460,54,0,3460
2024-03-06 09:00:00,3886.765,3893.075,3857.972,3858.472,3473,54,0,3473
2024-03-06 10:00:00,3858.48,3862.801,3847.598,3849.461,3469,53,0,3469
2024-03-06 11:00:00,3849.462,3861.789,3832.633,3839.461,3485,53,0,3485
2024-03-06 12:00:00,3839.461,3847.907,3837.749,3841.079,3464,53,0,3464
2024-03-06 13:00:00,3841.093,3853.97,3839.926,3840.364,3481,53,0,3481
2024-03-06 14:00:00,3840.372,3852.283,3840.372,3846.389,3472,53,0,3472
2024-03-06 15:00:00,3846.389,3849.741,3837.525,3849.635,3492,53,0,3492
2024-03-06 16:00:00,3849.642,3855.283,3835.594,3844.043,3470,53,0,3470
2024-03-06 17:00:00,3844.043,3859.668,3840.915,3850.959,3494,53,0,3494
2024-03-06 18:00:00,3850.965,3853.53,3837.772,3850.315,3473,53,0,3473
2024-03-06 19:00:00,3850.316,3855.84,3831.938,3838.061,3453,53,0,3453
2024-03-06 20:00:00,3838.062,3853.584,3838.062,3841.398,3462,53,0,3462
2024-03-06 21:00:00,3841.401,3852.492,3839.497,3848.576,3477,53,0,3477
2024-03-06 22:00:00,3848.577,3848.775,3825.879,3841.891,3452,53,0,3452
2024-03-06 23:00:00,3841.901,3866.441,3841.901,3866.441,3479,53,0,3479
2024-03-07 00:00:00,3866.448,3868.411,3838.259,3851.823,3471,53,0,3471
2024-03-07 01:00:00,3851.837,3872.636,3851.837,3861.422,3469,53,0,3469
2024-03-07 02:00:00,3861.423,3876.604,3861.423,3873.533,3482,54,0,3482
2024-03-07 03:00:00,3873.544,3881.212,3869.972,3877.609,3484,54,0,3484
2024-03-07 04:00:00,3877.61,3894.101,3874.82,3877.833,3464,54,0,3464
2024-03-07 05:00:00,3877.838,3890.966,3877.778,3888.457,3452,54,0,3452
2024-03-07 06:00:00,3888.459,3895.505,3886.173,3894.502,3480,54,0,3480
2024-03-07 07:00:00,3894.503,3909.969,3891.33,3903.888,3471,54,0,3471
2024-03-07 08:00:00,3903.903,3920.221,3902.487,3920.221,3484,54,0,3484
2024-03-07 09:00:00,3920.233,3926.578,3913.216,3920.198,3476,54,0,3476
2024-03-07 10:00:00,3920.205,3939.891,3920.205,3939.891,3469,54,0,3469
2024-03-07 11:00:00,3939.902,3941.541,3927.319,3934.374,3491,55,0,3491
2024-03-07 12:00:00,3934.375,3939.23,3912.796,3913.617,3484,54,0,3484
2024-03-07 13:00:00,3913.631,3918.596,3901.798,3909.833,3475,54,0,3475
2024-03-07 14:00:00,3909.848,3918.071,3902.785,3908.66,3476,54,0,3476
2024-03-07 15:00:00,3908.671,3913.321,3895.192,3903.508,3476,54,0,3476
2024-03-07 16:00:00,3903.516,3918.477,3898.684,3916.667,3491,54,0,3491
2024-03-07 17:00:00,3916.669,3925.48,3914.519,3918.813,3464,54,0,3464
2024-03-07 18:00:00,3918.817,3925.059,3909.588,3911.76,3467,54,0,3467
2024-03-07 19:00:00,3911.768,3918.108,3887.225,3898.776,3461,54,0,3461
2024-03-07 20:00:00,3898.778,3911.797,3894.808,3907.784,3470,54,0,3470
2024-03-07 21:00:00,3907.798,3919.902,3902.212,3906.968,3482,54,0,3482
2024-03-07 22:00:00,3906.97,3911.52,3903.355,3909.505,3474,54,0,3474
2024-03-07 23:00:00,3909.514,3918.513,3903.912,3909.756,3463,54,0,3463
2024-03-08 00:00:00,3909.77,3912.402,3899.605,3906.907,3454,54,0,3454
2024-03-08 01:00:00,3906.926,3907.212,3884.997,3889.782,3467,54,0,3467
2024-03-08 02:00:00,3889.787,3895.569,3871.312,3882.973,3457,54,0,3457
2024-03-08 03:00:00,3882.984,3899.662,3882.984,3889.484,3466,54,0,3466
2024-03-08 04:00:00,3889.49,3891.002,3880.554,3889.913,3480,54,0,3480
2024-03-08 05:00:00,3889.92,3892.907,3862.233,3870.702,3485,54,0,3485
2024-03-08 06:00:00,3870.717,3888.44,3870.717,3884.696,3455,54,0,3455
2024-03-08 07:00:00,3884.704,3899.29,3881.976,3899.29,3462,54,0,3462
2024-03-08 08:00:00,3899.299,3911.09,3895.406,3903.188,3454,54,0,3454
2024-03-08 09:00:00,3903.192,3906.41,3889.912,3892.666,3466,54,0,3466
2024-03-08 10:00:00,3892.669,3901.114,3882.219,3891.522,3468,54,0,3468
2024-03-08 11:00:00,3891.534,3894.777,3868.748,3871.521,3466,54,0,3466
2024-03-08 12:00:00,3871.528,3893.138,3871.528,3892.479,3460,54,0,3460
2024-03-08 13:00:00,3892.492,3907.468,3892.492,3903.873,3461,54,0,3461
2024-03-08 14:00:00,3903.88,3917.103,3902.812,3910.207,3473,54,0,3473
2024-03-08 15:00:00,3910.216,3914.309,3901.394,3908.653,3489,54,0,3489
2024-03-08 16:00:00,3908.661,3920.441,3905.776,3920.441,3478,54,0,3478
2024-03-08 17:00:00,3920.453,3939.79,3916.084,3939.79,3495,54,0,3495
2024-03-08 18:00:00,3939.796,3942.643,3932.346,3938.835,3473,55,0,3473
2024-03-08 19:00:00,3938.838,3946.929,3937.339,3946.929,3462,55,0,3462
2024-03-08 20:00:00,3946.944,3968.375,3946.944,3965.014,3460,55,0,3460
2024-03-08 21:00:00,3965.03,3975.596,3959.401,3971.238,3474,55,0,3474
2024-03-08 22:00:00,3971.247,3981.059,3967.323,3981.059,3464,55,0,3464
2024-03-08 23:00:00,3981.061,3991.313,3976.205,3984.059,3484,55,0,3484
2024-03-09 00:00:00,3984.06,3994.689,3978.887,3992.224,3459,55,0,3459
2024-03-09 01:00:00,3992.245,3997.958,3980.445,3995.506,3457,55,0,3457
2024-03-09 02:00:00,3995.512,3997.746,3972.372,3980.746,3473,55,0,3473
2024-03-09 03:00:00,3980.75,3986.956,3965.075,3986.956,3481,55,0,3481
2024-03-09 04:00:00,3986.964,3991.13,3974.812,3988.346,3478,55,0,3478
2024-03-09 05:00:00,3988.361,3998.449,3987.866,3990.203,3483,55,0,3483
2024-03-09 06:00:00,3990.215,3991.687,3955.583,3962.621,3472,55,0,3472
2024-03-09 07:00:00,3962.626,3985.152,3962.626,3985.152,3494,55,0,3494
2024-03-09 08:00:00,3985.162,4000.384,3980.554,3981.597,3463,55,0,3463
2024-03-09 09:00:00,3981.606,3997.466,3971.489,3971.636,3488,55,0,3488
2024-03-09 10:00:00,3971.643,3981.145,3971.643,3980.876,3455,55,0,3455
2024-03-09 11:00:00,3980.881,3994.098,3969.897,3970.649,3479,55,0,3479
2024-03-09 12:00:00,3970.65,3987.249,3970.65,3985.958,3480,55,0,3480
2024-03-09 13:00:00,3985.967,3994.946,3983.276,3988.92,3475,55,0,3475
2024-03-09 14:00:00,3988.929,4004.762,3988.929,3997.399,3461,55,0,3461
2024-03-09 15:00:00,3997.406,4006.322,3993.821,3996.467,3486,55,0,3486
2024-03-09 16:00:00,3996.478,4004.724,3995.146,4003.267,3487,55,0,3487
2024-03-09 17:00:00,4003.268,4019.68,4002.705,4019.68,3477,56,0,3477
2024-03-09 18:00:00,4019.685,4021.713,3981.726,3987.923,3483,55,0,3483
2024-03-09 19:00:00,3987.931,4003.697,3987.931,4001.939,3486,55,0,3486
2024-03-09 20:00:00,4001.944,4014.218,4001.944,4014.218,3477,56,0,3477
2024-03-09 21:00:00,4014.232,4021.808,4009.825,4014.854,3466,56,0,3466
2024-03-09 22:00:00,4014.864,4020.614,4008.346,4013.353,3458,56,0,3458
2024-03-09 23:00:00,4013.363,4015.17,4000.702,4004.153,3488,56,0,3488
2024-03-10 00:00:00,4004.166,4018.489,4003.06,4017.908,3495,56,0,3495
2024-03-10 01:00:00,4017.909,4021.047,4000.647,4010.262,3457,56,0,3457
2024-03-10 02:00:00,4010.278,4017.512,3998.801,4006.221,3459,55,0,3459
2024-03-10 03:00:00,4006.228,4023.112,4006.228,4022.967,3481,56,0,3481
2024-03-10 04:00:00,4022.987,4029.41,3999.642,4005.135,3473,55,0,3473
2024-03-10 05:00:00,4005.151,4013.29,4000.853,4005.803,3469,56,0,3469
2024-03-10 06:00:00,4005.815,4021.234,4000.196,4002.524,3477,56,0,3477
2024-03-10 07:00:00,4002.528,4003.116,3981.095,3982.877,3472,55,0,3472
2024-03-10 08:00:00,3982.89,4004.441,3982.89,4004.441,3495,55,0,3495
2024-03-10 09:00:00,4004.444,4013.654,3985.383,3986.122,3491,55,0,3491
2024-03-10 10:00:00,3986.136,3990.984,3978.532,3990.984,3476,55,0,3476
2024-03-10 11:00:00,3990.985,3992.161,3954.106,3962.607,3470,55,0,3470
2024-03-10 12:00:00,3962.609,3986.324,3962.609,3980.196,3457,55,0,3457
2024-03-10 13:00:00,3980.202,3993.101,3979.641,3989.552,3472,55,0,3472
2024-03-10 14:00:00,3989.553,3993.145,3979.658,3992.604,3460,55,0,3460
2024-03-10 15:00:00,3992.606,3997.865,3982.061,3989.364,3453,55,0,3453
2024-03-10 16:00:00,3989.372,3996.138,3977.923,3990.767,3464,55,0,3464
2024-03-10 17:00:00,3990.776,3997.492,3967.004,3971.539,3482,55,0,3482
2024-03-10 18:00:00,3971.542,3995.877,3971.542,3995.654,3486,55,0,3486
2024-03-10 19:00:00,3995.667,4004.902,3994.017,4001.414,3477,55,0,3477
2024-03-10 20:00:00,4001.424,4007.176,3992.932,4006.356,3480,55,0,3480
2024-03-10 21:00:00,4006.356,4034.534,4006.356,4034.534,3493,56,0,3493
2024-03-10 22:00:00,4034.541,4049.463,4030.305,4037.41,3481,56,0,3481
2024-03-10 23:00:00,4037.413,4051.187,4036.61,4051.187,3473,56,0,3473
2024-03-11 00:00:00,4051.195,4067.356,4051.195,4067.356,3477,56,0,3477
2024-03-11 01:00:00,4067.375,4093.72,4067.375,4093.72,3478,56,0,3478
2024-03-11 02:00:00,4093.725,4098.033,4080.921,4095.053,3462,57,0,3462
2024-03-11 03:00:00,4095.069,4107.922,4095.069,4103.202,3490,57,0,3490
2024-03-11 04:00:00,4103.218,4104.805,4069.226,4069.26,3483,56,0,3483
2024-03-11 05:00:00,4069.269,4085.699,4062.197,4064.707,3499,56,0,3499
2024-03-11 06:00:00,4064.717,4066.698,4034.625,4043.285,3472,56,0,3472
2024-03-11 07:00:00,4043.298,4050.262,4035.644,4046.143,3465,56,0,3465
2024-03-11 08:00:00,4046.144,4058.132,4044.806,4057.078,3467,56,0,3467
2024-03-11 09:00:00,4057.086,4067.386,4054.666,4061.315,3468,56,0,3468
2024-03-11 10:00:00,4061.329,4072.16,4057.055,4066.315,3476,56,0,3476
2024-03-11 11:00:00,4066.317,4081.106,4066.317,4078.834,3481,56,0,3481
2024-03-11 12:00:00,4078.838,4079.309,4068.215,4071.258,3468,56,0,3468
2024-03-11 13:00:00,4071.265,4075.297,4062.949,4073.467,3474,56,0,3474
2024-03-11 14:00:00,4073.493,4080.001,4052.642,4052.987,3479,56,0,3479
2024-03-11 15:00:00,4052.993,4059.537,4039.785,4045.939,3476,56,0,3476
2024-03-11 16:00:00,4045.962,4050.139,4033.676,4040.128,3480,56,0,3480
2024-03-11 17:00:00,4040.133,4056.748,4039.838,4056.748,3469,56,0,3469
2024-03-11 18:00:00,4056.75,4067.062,4055.868,4066.404,3466,56,0,3466
2024-03-11 19:00:00,4066.405,4070.622,4050.288,4057.932,3486,56,0,3486
2024-03-11 20:00:00,4057.939,4068.945,4056.509,4063.299,3469,56,0,3469
2024-03-11 21:00:00,4063.312,4076.691,4058.602,4065.762,3466,56,0,3466
2024-03-11 22:00:00,4065.777,4083.225,4065.188,4068.754,3472,56,0,3472
2024-03-11 23:00:00,4068.768,4079.735,4065.684,4079.735,3507,56,0,3507
2024-03-12 00:00:00,4079.747,4080.545,4046.135,4059.296,3457,56,0,3457
2024-03-12 01:00:00,4059.299,4075.767,4059.299,4075.32,3475,56,0,3475
2024-03-12 02:00:00,4075.328,4081.742,4055.76,4058.355,3470,56,0,3470
2024-03-12 03:00:00,4058.357,4072.979,4051.917,4072.979,3492,56,0,3492
2024-03-12 04:00:00,4072.979,4081.333,4066.817,4073.722,3483,56,0,3483
2024-03-12 05:00:00,4073.724,4079.532,4060.893,4064.237,3462,56,0,3462
2024-03-12 06:00:00,4064.246,4074.525,4058.971,4064.592,3463,56,0,3463
2024-03-12 07:00:00,4064.598,4064.674,4046.211,4058.956,3472,56,0,3472
2024-03-12 08:00:00,4058.957,4066.131,4053.299,4056.564,3472,56,0,3472
2024-03-12 09:00:00,4056.579,4078.589,4056.579,4073.857,3482,56,0,3482
2024-03-12 10:00:00,4073.861,4085.233,4072.955,4079.788,3463,57,0,3463
2024-03-12 11:00:00,4079.79,4085.011,4067.435,4085.011,3487,56,0,3487
2024-03-12 12:00:00,4085.013,4086.671,4048.057,4050.203,3478,56,0,3478
2024-03-12 13:00:00,4050.21,4051.405,4032.029,4036.678,3493,56,0,3493
2024-03-12 14:00:00,4036.701,4046.637,4036.701,4041.058,3474,56,0,3474
2024-03-12 15:00:00,4041.08,4050.628,4037.421,4045.188,3495,56,0,3495
2024-03-12 16:00:00,4045.199,4053.706,4039.33,4044.239,3452,56,0,3452
2024-03-12 17:00:00,4044.242,4045.901,4022.484,4025.369,3478,56,0,3478
2024-03-12 18:00:00,4025.374,4032.837,4013.364,4020.163,3473,56,0,3473
2024-03-12 19:00:00,4020.173,4029.478,4014.893,4026.868,3484,56,0,3484
2024-03-12 20:00:00,4026.875,4035.92,4012.092,4012.753,3463,56,0,3463
2024-03-12 21:00:00,4012.763,4020.08,4006.663,4011.441,3478,56,0,3478
2024-03-12 22:00:00,4011.449,4018.06,3992.364,3994.433,3458,55,0,3458
2024-03-12 23:00:00,3994.435,4001.295,3984.622,4001.295,3472,55,0,3472
2024-03-13 00:00:00,4001.304,4018.56,3999.339,4013.916,3478,56,0,3478
2024-03-13 01:00:00,4013.921,4029.87,4008.576,4009.637,3468,56,0,3468
2024-03-13 02:00:00,4009.643,4025.195,4009.643,4024.102,3479,56,0,3479
2024-03-13 03:00:00,4024.11,4036.333,4021.723,4036.333,3471,56,0,3471
2024-03-13 04:00:00,4036.342,4045.637,4033.939,4040.453,3478,56,0,3478
2024-03-13 05:00:00,4040.469,4046.339,4034.011,4036.794,3451,56,0,3451
2024-03-13 06:00:00,4036.803,4053.933,4035.425,4048.314,3455,56,0,3455
2024-03-13 07:00:00,4048.316,4050.575,4027.651,4030.332,3482,56,0,3482
2024-03-13 08:00:00,4030.348,4044.417,4030.348,4042.039,3446,56,0,3446
2024-03-13 09:00:00,4042.047,4057.83,4039.661,4057.83,3476,56,0,3476
2024-03-13 10:00:00,4057.851,4074.781,4057.851,4074.781,3488,56,0,3488
2024-03-13 11:00:00,4074.782,4075.004,4039.139,4039.738,3486,56,0,3486
2024-03-13 12:00:00,4039.76,4052.116,4035.91,4041.832,3464,56,0,3464
2024-03-13 13:00:00,4041.839,4058.756,4041.635,4054.953,3493,56,0,3493
2024-03-13 14:00:00,4054.955,4064.055,4052.43,4059.266,3317,56,0,3317
2024-03-13 15:00:00,4059.27,4081.248,4059.242,4072.935,3482,56,0,3482
2024-03-13 16:00:00,4072.956,4081.736,4066.221,4081.736,3456,56,0,3456
2024-03-13 17:00:00,4081.741,4090.644,4078.943,4090.439,3480,57,0,3480
2024-03-13 18:00:00,4090.446,4104.037,4090.446,4099.518,3465,57,0,3465
2024-03-13 19:00:00,4099.521,4101.837,4087.791,4094.381,3483,57,0,3483
2024-03-13 20:00:00,4094.398,4097.002,4084.812,4096.592,3470,57,0,3470
2024-03-13 21:00:00,4096.598,4112.242,4094.843,4112.242,3469,57,0,3469
2024-03-13 22:00:00,4112.255,4114.647,4104.619,4114.647,3479,57,0,3479
2024-03-13 23:00:00,4114.661,4119.221,4109.587,4116.938,3464,57,0,3464
2024-03-14 00:00:00,4116.943,4120.361,4094.793,4097.101,3501,57,0,3501
2024-03-14 01:00:00,4097.108,4105.397,4089.982,4095.252,3489,57,0,3489
2024-03-14 02:00:00,4095.266,4115.418,4094.818,4115.418,3479,57,0,3479
2024-03-14 03:00:00,4115.434,4131.936,4113.858,4131.936,3477,57,0,3477
2024-03-14 04:00:00,4131.941,4142.309,4124.083,4139.111,3476,57,0,3476
2024-03-14 05:00:00,4139.111,4144.403,4130.832,4139.909,3476,57,0,3476
2024-03-14 06:00:00,4139.932,4141.986,4112.358,4116.661,3484,57,0,3484
2024-03-14 07:00:00,4116.67,4121.071,4101.558,4102.233,3497,57,0,3497
2024-03-14 08:00:00,4102.239,4114.777,4102.194,4114.403,3476,57,0,3476
2024-03-14 09:00:00,4114.411,4121.527,4105.596,4107.896,3466,57,0,3466
2024-03-14 10:00:00,4107.911,4128.716,4106.758,4128.716,3470,57,0,3470
2024-03-14 11:00:00,4128.725,4141.374,4122.069,4123.958,3472,57,0,3472
2024-03-14 12:00:00,4123.962,4136.111,4119.246,4129.636,3461,57,0,3461
2024-03-14 13:00:00,4129.645,4134.269,4120.114,4128.497,3473,57,0,3473
2024-03-14 14:00:00,4128.5,4134.826,4098.595,4101.801,3494,57,0,3494
2024-03-14 15:00:00,4101.803,4114.554,4098.161,4112.056,3472,57,0,3472
2024-03-14 16:00:00,4112.059,4128.912,4105.674,4128.912,3473,57,0,3473
2024-03-14 17:00:00,4128.924,4143.612,4126.737,4143.612,3482,57,0,3482
2024-03-14 18:00:00,4143.625,4145.949,4131.457,4138.975,3473,57,0,3473
2024-03-14 19:00:00,4138.975,4152.104,4134.077,4141.182,3494,57,0,3494
2024-03-14 20:00:00,4141.187,4151.391,4134.261,4151.391,3489,57,0,3489
2024-03-14 21:00:00,4151.396,4157.989,4145.538,4153.195,3481,58,0,3481
2024-03-14 22:00:00,4153.201,4168.414,4153.201,4168.414,3470,58,0,3470
2024-03-14 23:00:00,4168.425,4184.284,4165.837,4167.132,3470,58,0,3470
2024-03-15 00:00:00,4167.15,4172.762,4159.845,4163.142,3471,58,0,3471
2024-03-15 01:00:00,4163.155,4173.086,4145.202,4151.711,3490,58,0,3490
2024-03-15 02:00:00,4151.728,4167.364,4151.408,4167.364,3482,58,0,3482
2024-03-15 03:00:00,4167.378,4171.887,4156.809,4156.924,3476,58,0,3476
2024-03-15 04:00:00,4156.937,4157.479,4125.544,4127.251,3478,57,0,3478
2024-03-15 05:00:00,4127.255,4150.467,4127.255,4143.59,3471,57,0,3471
2024-03-15 06:00:00,4143.609,4146.249,4125.659,4133.908,3495,57,0,3495
2024-03-15 07:00:00,4133.915,4139.723,4124.005,4131.934,3465,57,0,3465
2024-03-15 08:00:00,4131.938,4156.672,4131.938,4156.672,3472,57,0,3472
2024-03-15 09:00:00,4156.682,4161.697,4147.516,4152.598,3481,58,0,3481
2024-03-15 10:00:00,4152.599,4174.488,4152.599,4166.101,3491,58,0,3491
2024-03-15 11:00:00,4166.111,4175.73,4158.592,4160.497,3475,58,0,3475
2024-03-15 12:00:00,4160.509,4174.147,4155.61,4157.642,3478,58,0,3478
2024-03-15 13:00:00,4157.648,4171.42,4153.602,4171.42,3501,58,0,3501
2024-03-15 14:00:00,4171.42,4186.115,4171.42,4178.928,3483,58,0,3483
2024-03-15 15:00:00,4178.94,4197.243,4175.03,4197.243,3502,58,0,3502
2024-03-15 16:00:00,4197.244,4203.509,4189.531,4197.305,3481,58,0,3481
2024-03-15 17:00:00,4197.311,4206.801,4189.458,4198.072,3475,58,0,3475
2024-03-15 18:00:00,4198.096,4202.689,4182.64,4185.383,3484,58,0,3484
2024-03-15 19:00:00,4185.388,4195.492,4174.919,4191.45,3494,58,0,3494
2024-03-15 20:00:00,4191.458,4192.935,4177.205,4179.703,3490,58,0,3490
2024-03-15 21:00:00,4179.724,4185.385,4171.797,4177.224,3472,58,0,3472
2024-03-15 22:00:00,4177.229,4180.339,4167.505,4172.841,3488,58,0,3488
2024-03-15 23:00:00,4172.851,4175.192,4135.896,4152.616,3497,57,0,3497
2024-03-16 00:00:00,4152.626,4160.507,4147.439,4153.148,3485,58,0,3485
2024-03-16 01:00:00,4153.148,4154.963,4138.294,4140.737,3484,57,0,3484
2024-03-16 02:00:00,4140.744,4146.266,4135.51,4144.458,3487,57,0,3487
2024-03-16 03:00:00,4144.462,4151.376,4138.939,4151.376,3478,57,0,3478
2024-03-16 04:00:00,4151.381,4152.451,4127.883,4127.968,3466,57,0,3466
2024-03-16 05:00:00,4127.975,4130.402,4112.235,4121.752,3472,57,0,3472
2024-03-16 06:00:00,4121.759,4141.246,4121.759,4136.311,3478,57,0,3478
2024-03-16 07:00:00,4136.319,4146.52,4136.319,4138.842,3482,57,0,3482
2024-03-16 08:00:00,4138.853,4147.957,4134.487,4141.636,3470,57,0,3470
2024-03-16 09:00:00,4141.657,4156.526,4139.153,4156.526,3487,57,0,3487
2024-03-16 10:00:00,4156.546,4157.588,4135.663,4147.401,3489,57,0,3489
2024-03-16 11:00:00,4147.402,4150.657,4138.357,4146.93,3480,57,0,3480
2024-03-16 12:00:00,4146.936,4150.701,4124.531,4127.924,3484,57,0,3484
2024-03-16 13:00:00,4127.944,4137.952,4127.944,4137.685,3473,57,0,3473
2024-03-16 14:00:00,4137.703,4146.426,4133.252,4137.964,3468,57,0,3468
2024-03-16 15:00:00,4137.978,4138.817,4114.329,4133.708,3487,57,0,3487
2024-03-16 16:00:00,4133.72,4137.973,4126.52,4136.08,3483,57,0,3483
2024-03-16 17:00:00,4136.092,4136.497,4106.039,4111.683,3483,57,0,3483
2024-03-16 18:00:00,4111.699,4118.804,4095.219,4095.905,3472,57,0,3472
2024-03-16 19:00:00,4095.909,4122.334,4095.909,4122.334,3472,57,0,3472
2024-03-16 20:00:00,4122.343,4136.647,4118.034,4127.288,3471,57,0,3471
2024-03-16 21:00:00,4127.288,4149.007,4127.288,4129.742,3488,57,0,3488
2024-03-16 22:00:00,4129.75,4133.613,4119.028,4123.915,3478,57,0,3478
2024-03-16 23:00:00,4123.915,4130.412,4118.73,4128.791,3487,57,0,3487
2024-03-17 00:00:00,4128.793,4134.594,4120.79,4129.168,3467,57,0,3467
2024-03-17 01:00:00,4129.176,4142.729,4129.176,4132.41,3470,57,0,3470
2024-03-17 02:00:00,4132.421,4138.161,4112.102,4113.644,3263,57,0,3263
2024-03-17 03:00:00,4113.659,4129.737,4113.659,4126.258,3478,57,0,3478
2024-03-17 04:00:00,4126.269,4133.122,4120.982,4122.26,3465,57,0,3465
2024-03-17 05:00:00,4122.272,4124.581,4112.394,4113.511,3484,57,0,3484
2024-03-17 06:00:00,4113.525,4113.551,4097.522,4105.592,3493,57,0,3493
2024-03-17 07:00:00,4105.596,4125.896,4105.596,4125.896,3483,57,0,3483
2024-03-17 08:00:00,4125.913,4126.781,4098.003,4104.155,3463,57,0,3463
2024-03-17 09:00:00,4104.159,4113.056,4091.456,4100.206,3486,57,0,3486
2024-03-17 10:00:00,4100.211,4124.681,4100.211,4124.681,3461,57,0,3461
2024-03-17 11:00:00,4124.687,4131.456,4114.854,4118.98,3482,57,0,3482
2024-03-17 12:00:00,4118.98,4127.611,4112.404,4116.7,3479,57,0,3479
2024-03-17 13:00:00,4116.704,4129.105,4116.704,4129.105,3459,57,0,3459
2024-03-17 14:00:00,4129.108,4130.562,4105.352,4119.722,3485,57,0,3485
2024-03-17 15:00:00,4119.733,4145.543,4119.627,4145.543,3488,57,0,3488
2024-03-17 16:00:00,4145.543,4146.634,4129.988,4139.117,3489,57,0,3489
2024-03-17 17:00:00,4139.125,4150.054,4136.347,4143.756,3477,57,0,3477
2024-03-17 18:00:00,4143.764,4150.64,4134.844,4148.127,3477,57,0,3477
2024-03-17 19:00:00,4148.129,4160.644,4142.001,4150.777,3478,57,0,3478
2024-03-17 20:00:00,4150.782,4160.84,4150.782,4160.43,3486,58,0,3486
2024-03-17 21:00:00,4160.433,4163.896,4147.267,4157.8,3494,58,0,3494
2024-03-17 22:00:00,4157.814,4161.878,4133.512,4134.735,3455,57,0,3455
2024-03-17 23:00:00,4134.735,4138.304,4124.777,4137.763,3477,57,0,3477
2024-03-18 00:00:00,4137.781,4159.056,4137.781,4156.857,3483,57,0,3483
2024-03-18 01:00:00,4156.862,4159.249,4144.71,4146.527,3470,58,0,3470
2024-03-18 02:00:00,4146.539,4148.153,4136.766,4146.134,3460,57,0,3460
2024-03-18 03:00:00,4146.138,4151.461,4116.673,4121.605,3477,57,0,3477
2024-03-18 04:00:00,4121.607,4145.398,4121.607,4145.398,3472,57,0,3472
2024-03-18 05:00:00,4145.408,4170.134,4145.408,4170.134,3485,58,0,3485
2024-03-18 06:00:00,4170.151,4172.388,4149.676,4152.309,3477,58,0,3477
2024-03-18 07:00:00,4152.313,4155.003,4121.989,4132.417,3492,57,0,3492
2024-03-18 08:00:00,4132.427,4151.633,4131.072,4143.568,3490,57,0,3490
2024-03-18 09:00:00,4143.573,4146.98,4118.214,4122.593,3485,57,0,3485
2024-03-18 10:00:00,4122.6,4127.239,4112.956,4124.426,3478,57,0,3478
2024-03-18 11:00:00,4124.43,4133.47,4093.654,4100.954,3474,57,0,3474
2024-03-18 12:00:00,4100.964,4105.449,4072.71,4074.656,3467,57,0,3467
2024-03-18 13:00:00,4074.667,4078.429,4059.858,4065.962,3489,56,0,3489
2024-03-18 14:00:00,4065.962,4072.0,4059.263,4067.028,3483,56,0,3483
2024-03-18 15:00:00,4067.036,4077.007,4061.016,4063.526,3465,56,0,3465
2024-03-18 16:00:00,4063.539,4070.919,4052.815,4070.919,3494,56,0,3494
2024-03-18 17:00:00,4070.919,4075.872,4043.398,4048.271,3494,56,0,3494
2024-03-18 18:00:00,4048.283,4052.324,4029.249,4036.092,3468,56,0,3468
2024-03-18 19:00:00,4036.099,4048.787,4036.099,4047.021,3455,56,0,3455
2024-03-18 20:00:00,4047.033,4050.396,4033.445,4035.325,3481,56,0,3481
2024-03-18 21:00:00,4035.336,4038.392,4021.708,4038.392,3478,56,0,3478
2024-03-18 22:00:00,4038.395,4041.88,4018.182,4024.464,3491,56,0,3491
2024-03-18 23:00:00,4024.477,4031.617,4013.259,4013.934,3483,56,0,3483
2024-03-19 00:00:00,4013.943,4029.697,4009.814,4027.603,3486,56,0,3486
2024-03-19 01:00:00,4027.606,4036.566,4022.215,4023.979,3481,56,0,3481
2024-03-19 02:00:00,4023.999,4027.441,3995.844,3997.647,3449,55,0,3449
2024-03-19 03:00:00,3997.65,3998.245,3982.349,3986.48,3484,55,0,3484
2024-03-19 04:00:00,3986.481,4003.64,3986.481,4003.64,3482,55,0,3482
2024-03-19 05:00:00,4003.656,4004.509,3991.359,4000.804,3478,55,0,3478
2024-03-19 06:00:00,4000.813,4005.444,3987.448,3993.067,3479,55,0,3479
2024-03-19 07:00:00,3993.073,4015.902,3993.073,4015.902,3471,55,0,3471
2024-03-19 08:00:00,4015.91,4017.661,4000.596,4001.732,3444,56,0,3444
2024-03-19 09:00:00,4001.735,4013.303,4000.912,4009.109,3484,56,0,3484
2024-03-19 10:00:00,4009.122,4031.519,4009.122,4028.516,3439,56,0,3439
2024-03-19 11:00:00,4028.521,4033.701,4017.634,4033.701,3477,56,0,3477
2024-03-19 12:00:00,4033.708,4042.15,4026.595,4042.15,3473,56,0,3473
2024-03-19 13:00:00,4042.164,4043.392,4029.359,4040.09,3491,56,0,3491
2024-03-19 14:00:00,4040.096,4049.778,4037.22,4044.096,3456,56,0,3456
2024-03-19 15:00:00,4044.104,4047.626,4031.815,4037.364,3466,56,0,3466
2024-03-19 16:00:00,4037.387,4052.582,4037.387,4046.878,3471,56,0,3471
2024-03-19 17:00:00,4046.893,4051.498,4040.997,4050.244,3479,56,0,3479
2024-03-19 18:00:00,4050.253,4056.364,4032.734,4038.405,3476,56,0,3476
2024-03-19 19:00:00,4038.411,4039.344,4018.081,4028.004,3470,56,0,3470
2024-03-19 20:00:00,4028.01,4030.591,4011.852,4014.143,3483,56,0,3483
2024-03-19 21:00:00,4014.155,4027.282,4011.677,4027.282,3471,56,0,3471
2024-03-19 22:00:00,4027.295,4029.42,4014.47,4020.024,3467,56,0,3467
2024-03-19 23:00:00,4020.029,4033.645,4019.439,4033.645,3476,56,0,3476
2024-03-20 00:00:00,4033.647,4042.541,4028.807,4041.369,3482,56,0,3482
2024-03-20 01:00:00,4041.376,4041.648,4029.268,4033.367,3474,56,0,3474
2024-03-20 02:00:00,4033.369,4036.922,4004.556,4009.447,3465,56,0,3465
2024-03-20 03:00:00,4009.456,4018.522,4009.443,4018.522,3469,56,0,3469
2024-03-20 04:00:00,4018.529,4020.144,4002.008,4013.376,3480,56,0,3480
2024-03-20 05:00:00,4013.377,4017.795,4004.625,4013.662,3480,56,0,3480
2024-03-20 06:00:00,4013.675,4032.633,4013.675,4032.633,3476,56,0,3476
2024-03-20 07:00:00,4032.649,4033.284,4019.215,4028.726,3463,56,0,3463
2024-03-20 08:00:00,4028.729,4040.601,4025.812,4040.601,3476,56,0,3476
2024-03-20 09:00:00,4040.602,4064.614,4040.602,4064.614,3476,56,0,3476
2024-03-20 10:00:00,4064.618,4079.854,4061.815,4079.854,3463,56,0,3463
2024-03-20 11:00:00,4079.858,4087.923,4075.435,4087.923,3465,57,0,3465
2024-03-20 12:00:00,4087.925,4096.983,4071.123,4076.218,3491,57,0,3491
2024-03-20 13:00:00,4076.227,4102.409,4076.227,4101.555,3483,57,0,3483
2024-03-20 14:00:00,4101.556,4122.478,4101.556,4114.033,3485,57,0,3485
2024-03-20 15:00:00,4114.039,4120.068,4108.354,4120.068,3479,57,0,3479
2024-03-20 16:00:00,4120.077,4125.563,4108.479,4110.7,3479,57,0,3479
2024-03-20 17:00:00,4110.701,4119.326,4106.492,4116.823,3471,57,0,3471
2024-03-20 18:00:00,4116.828,4135.489,4116.828,4135.489,3469,57,0,3469
2024-03-20 19:00:00,4135.491,4150.489,4135.491,4149.191,3487,57,0,3487
2024-03-20 20:00:00,4149.193,4163.852,4139.573,4163.852,3473,57,0,3473
2024-03-20 21:00:00,4163.862,4176.04,4156.351,4176.04,3481,58,0,3481
2024-03-20 22:00:00,4176.045,4183.109,4169.313,4173.671,3488,58,0,3488
2024-03-20 23:00:00,4173.679,4184.458,4167.94,4179.684,3489,58,0,3489
2024-03-21 00:00:00,4179.691,4189.253,4175.171,4189.253,3488,58,0,3488
2024-03-21 01:00:00,4189.261,4195.454,4186.84,4194.048,3478,58,0,3478
2024-03-21 02:00:00,4194.051,4208.857,4190.855,4206.829,3476,58,0,3476
2024-03-21 03:00:00,4206.841,4228.105,4206.841,4221.935,3509,58,0,3509
2024-03-21 04:00:00,4221.939,4237.801,4221.939,4235.327,3479,59,0,3479
2024-03-21 05:00:00,4235.346,4238.521,4217.945,4228.887,3473,59,0,3473
2024-03-21 06:00:00,4228.896,4231.513,4208.755,4223.302,3458,58,0,3458
2024-03-21 07:00:00,4223.305,4224.328,4202.27,4212.76,3508,58,0,3508
2024-03-21 08:00:00,4212.774,4231.7,4209.916,4220.889,3495,58,0,3495
2024-03-21 09:00:00,4220.9,4232.11,4216.311,4229.722,3457,59,0,3457
2024-03-21 10:00:00,4229.729,4236.967,4217.05,4222.513,3498,59,0,3498
2024-03-21 11:00:00,4222.525,4229.212,4209.957,4228.206,3486,58,0,3486
2024-03-21 12:00:00,4228.208,4231.127,4210.849,4215.975,3501,58,0,3501
2024-03-21 13:00:00,4215.978,4237.197,4215.978,4237.197,3481,59,0,3481
2024-03-21 14:00:00,4237.204,4245.06,4231.351,4233.16,3490,59,0,3490
2024-03-21 15:00:00,4233.161,4240.618,4230.177,4238.307,3471,59,0,3471
2024-03-21 16:00:00,4238.318,4257.301,4237.099,4257.301,3471,59,0,3471
2024-03-21 17:00:00,4257.307,4270.02,4249.605,4268.217,3488,59,0,3488
2024-03-21 18:00:00,4268.226,4288.128,4268.226,4288.128,3478,59,0,3478
2024-03-21 19:00:00,4288.148,4291.436,4267.048,4279.661,3493,59,0,3493
2024-03-21 20:00:00,4279.677,4285.693,4257.105,4262.707,3481,59,0,3481
2024-03-21 21:00:00,4262.713,4274.451,4262.574,4267.166,3475,59,0,3475
2024-03-21 22:00:00,4267.181,4273.809,4261.152,4271.727,3467,59,0,3467
2024-03-21 23:00:00,4271.729,4281.746,4264.939,4264.96,3466,59,0,3466
2024-03-22 00:00:00,4264.966,4278.512,4264.361,4278.512,3501,59,0,3501
2024-03-22 01:00:00,4278.53,4284.514,4267.939,4276.661,3489,59,0,3489
2024-03-22 02:00:00,4276.674,4282.342,4270.798,4278.307,3499,59,0,3499
2024-03-22 03:00:00,4278.315,4282.693,4245.558,4250.377,3494,59,0,3494
2024-03-22 04:00:00,4250.381,4255.356,4242.463,4247.637,3486,59,0,3486
2024-03-22 05:00:00,4247.642,4258.982,4247.642,4251.741,3494,59,0,3494
2024-03-22 06:00:00,4251.752,4265.426,4251.752,4264.159,3478,59,0,3478
2024-03-22 07:00:00,4264.164,4273.491,4250.324,4251.591,3484,59,0,3484
2024-03-22 08:00:00,4251.61,4253.534,4213.103,4220.762,3487,58,0,3487
2024-03-22 09:00:00,4220.772,4228.501,4211.233,4213.332,3473,58,0,3473
2024-03-22 10:00:00,4213.345,4233.608,4213.345,4229.774,3488,58,0,3488
2024-03-22 11:00:00,4229.775,4232.454,4209.131,4218.329,3469,58,0,3469
2024-03-22 12:00:00,4218.329,4222.764,4199.562,4214.117,3500,58,0,3500
2024-03-22 13:00:00,4214.126,4214.425,4205.414,4208.299,3471,58,0,3471
2024-03-22 14:00:00,4208.3,4214.456,4191.578,4195.142,3475,58,0,3475
2024-03-22 15:00:00,4195.155,4203.532,4188.061,4193.571,3497,58,0,3497
2024-03-22 16:00:00,4193.584,4202.314,4189.233,4198.167,3503,58,0,3503
2024-03-22 17:00:00,4198.185,4210.197,4194.464,4202.496,3487,58,0,3487
2024-03-22 18:00:00,4202.511,4203.009,4185.168,4191.895,3485,58,0,3485
2024-03-22 19:00:00,4191.897,4194.3,4181.977,4192.561,3492,58,0,3492
2024-03-22 20:00:00,4186.982,4202.958,4186.982,4202.958,3469,58,0,3469
2024-03-22 21:00:00,4202.966,4204.678,4186.085,4190.804,3451,58,0,3451
2024-03-22 22:00:00,4190.81,4192.581,4173.262,4189.132,3508,58,0,3508
2024-03-22 23:00:00,4189.148,4196.604,4185.697,4196.508,3483,58,0,3483
2024-03-23 00:00:00,4196.523,4198.328,4167.734,4173.836,3469,58,0,3469
2024-03-23 01:00:00,4173.841,4177.177,4164.267,4164.903,3476,58,0,3476
2024-03-23 02:00:00,4164.918,4184.713,4164.918,4184.713,3475,58,0,3475
2024-03-23 03:00:00,4184.721,4190.375,4169.844,4190.375,3481,58,0,3481
2024-03-23 04:00:00,4190.381,4196.156,4185.066,4196.156,3473,58,0,3473
2024-03-23 05:00:00,4196.165,4209.365,4194.243,4209.365,3478,58,0,3478
2024-03-23 06:00:00,4209.369,4221.69,4209.369,4220.088,3500,58,0,3500
2024-03-23 07:00:00,4220.092,4222.165,4201.972,4215.397,3495,58,0,3495
2024-03-23 08:00:00,4215.405,4224.452,4198.932,4201.339,3467,58,0,3467
2024-03-23 09:00:00,4201.345,4214.426,4199.162,4210.137,3482,58,0,3482
2024-03-23 10:00:00,4210.152,4222.275,4205.094,4210.65,3482,58,0,3482
2024-03-23 11:00:00,4210.656,4217.693,4182.383,4183.508,3490,58,0,3490
2024-03-23 12:00:00,4183.514,4190.066,4179.915,4184.927,3484,58,0,3484
2024-03-23 13:00:00,4184.931,4188.209,4156.952,4162.649,3481,58,0,3481
2024-03-23 14:00:00,4162.666,4181.4,4162.666,4181.4,3500,58,0,3500
2024-03-23 15:00:00,4181.404,4197.381,4180.235,4190.49,3478,58,0,3478
2024-03-23 16:00:00,4190.506,4203.381,4184.839,4185.274,3489,58,0,3489
2024-03-23 17:00:00,4185.285,4188.6,4174.929,4179.854,3478,58,0,3478
2024-03-23 18:00:00,4179.856,4185.021,4171.77,4185.021,3505,58,0,3505
2024-03-23 19:00:00,4185.033,4204.862,4185.033,4196.381,3480,58,0,3480
2024-03-23 20:00:00,4196.395,4208.072,4195.945,4208.072,3488,58,0,3488
2024-03-23 21:00:00,4208.086,4220.875,4204.335,4220.875,3484,58,0,3484
2024-03-23 22:00:00,4220.885,4242.541,4220.885,4235.069,3480,59,0,3480
2024-03-23 23:00:00,4235.08,4255.152,4235.08,4255.152,3475,59,0,3475
2024-03-24 00:00:00,4255.17,4255.431,4227.707,4237.426,3498,59,0,3498
2024-03-24 01:00:00,4237.435,4261.381,4237.435,4261.381,3492,59,0,3492
2024-03-24 02:00:00,4261.396,4264.288,4248.987,4255.056,3460,59,0,3460
2024-03-24 03:00:00,4255.076,4256.763,4231.828,4237.303,3507,59,0,3507
2024-03-24 04:00:00,4237.312,4251.778,4237.312,4247.641,3468,59,0,3468
2024-03-24 05:00:00,4247.642,4257.737,4236.978,4242.433,3482,59,0,3482
2024-03-24 06:00:00,4242.434,4258.313,4240.516,4258.313,3491,59,0,3491
2024-03-24 07:00:00,4258.316,4267.877,4255.958,4267.877,3495,59,0,3495
2024-03-24 08:00:00,4267.883,4273.431,4251.876,4267.394,3492,59,0,3492
2024-03-24 09:00:00,4267.413,4276.168,4267.053,4276.168,3480,59,0,3480
2024-03-24 10:00:00,4276.176,4293.195,4276.176,4290.042,3468,59,0,3468
2024-03-24 11:00:00,4290.053,4300.431,4289.626,4297.861,3489,60,0,3489
2024-03-24 12:00:00,4297.869,4304.837,4285.757,4286.085,3474,60,0,3474
2024-03-24 13:00:00,4286.095,4289.822,4281.436,4288.375,3482,59,0,3482
2024-03-24 14:00:00,4288.377,4299.391,4283.382,4299.331,3495,59,0,3495
2024-03-24 15:00:00,4299.333,4303.996,4269.545,4275.081,3482,59,0,3482
2024-03-24 16:00:00,4275.081,4275.14,4261.61,4272.455,3474,59,0,3474
2024-03-24 17:00:00,4272.47,4274.298,4257.261,4266.153,3486,59,0,3486
2024-03-24 18:00:00,4266.165,4273.207,4263.615,4271.163,3468,59,0,3468
2024-03-24 19:00:00,4271.185,4277.796,4266.465,4277.796,3482,59,0,3482
2024-03-24 20:00:00,4277.808,4296.556,4274.854,4296.556,3494,59,0,3494
2024-03-24 21:00:00,4296.559,4318.284,4296.559,4318.284,3495,60,0,3495
2024-03-24 22:00:00,4318.293,4323.705,4307.924,4318.982,3487,60,0,3487
2024-03-24 23:00:00,4318.984,4328.462,4312.765,4321.152,3486,60,0,3486
2024-03-25 00:00:00,4321.158,4325.364,4310.813,4325.364,3491,60,0,3491
2024-03-25 01:00:00,4325.372,4326.742,4306.166,4311.72,3493,60,0,3493
2024-03-25 02:00:00,4311.722,4312.366,4290.348,4294.078,3482,60,0,3482
2024-03-25 03:00:00,4294.086,4314.472,4294.086,4311.363,3483,60,0,3483
2024-03-25 04:00:00,4311.366,4330.162,4306.296,4330.162,3476,60,0,3476
2024-03-25 05:00:00,4330.171,4338.344,4322.384,4325.577,3484,60,0,3484
2024-03-25 06:00:00,4325.584,4333.624,4317.642,4330.287,3485,60,0,3485
2024-03-25 07:00:00,4330.287,4352.542,4330.287,4352.172,3494,60,0,3494
2024-03-25 08:00:00,4352.187,4354.708,4337.062,4343.473,3478,60,0,3478
2024-03-25 09:00:00,4343.478,4371.332,4343.478,4357.453,3493,60,0,3493
2024-03-25 10:00:00,4357.456,4366.419,4352.777,4355.194,3492,60,0,3492
2024-03-25 11:00:00,4355.201,4363.942,4344.716,4350.772,3490,60,0,3490
2024-03-25 12:00:00,4350.785,4365.651,4350.785,4361.487,3477,60,0,3477
2024-03-25 13:00:00,4361.493,4365.428,4352.431,4356.431,3499,60,0,3499
2024-03-25 14:00:00,4356.457,4383.286,4356.457,4378.972,3487,61,0,3487
2024-03-25 15:00:00,4378.973,4396.382,4378.973,4393.048,3478,61,0,3478
2024-03-25 16:00:00,4393.059,4405.275,4391.937,4398.386,3511,61,0,3511
2024-03-25 17:00:00,4398.386,4413.214,4396.052,4399.547,3487,61,0,3487
2024-03-25 18:00:00,4399.57,4410.753,4367.691,4367.793,3504,61,0,3504
2024-03-25 19:00:00,4367.794,4380.689,4358.408,4359.752,3479,61,0,3479
2024-03-25 20:00:00,4359.769,4366.772,4347.275,4356.128,3485,60,0,3485
2024-03-25 21:00:00,4356.146,4368.388,4350.115,4350.527,3493,60,0,3493
2024-03-25 22:00:00,4350.53,4360.649,4345.585,4348.249,3466,60,0,3466
2024-03-25 23:00:00,4348.256,4362.679,4346.121,4358.646,3464,60,0,3464
2024-03-26 00:00:00,4358.657,4367.073,4346.495,4348.778,3480,60,0,3480
2024-03-26 01:00:00,4348.782,4349.898,4301.026,4301.546,3485,60,0,3485
2024-03-26 02:00:00,4301.547,4316.533,4300.16,4313.391,3477,60,0,3477
2024-03-26 03:00:00,4313.397,4328.999,4313.397,4321.4,3482,60,0,3482
2024-03-26 04:00:00,4321.4,4321.829,4307.591,4312.802,3492,60,0,3492
2024-03-26 05:00:00,4312.81,4323.089,4303.535,4323.089,3495,60,0,3495
2024-03-26 06:00:00,4323.095,4347.056,4320.385,4347.056,3485,60,0,3485
2024-03-26 07:00:00,4347.066,4359.572,4342.228,4343.531,3484,60,0,3484
2024-03-26 08:00:00,4343.537,4356.356,4340.792,4354.304,3494,60,0,3494
2024-03-26 09:00:00,4354.307,4370.441,4353.507,4367.754,3470,60,0,3470
2024-03-26 10:00:00,4367.756,4387.705,4362.398,4387.705,3485,61,0,3485
2024-03-26 11:00:00,4387.712,4404.937,4387.712,4395.7,3464,61,0,3464
2024-03-26 12:00:00,4395.701,4410.414,4395.701,4409.71,3489,61,0,3489
2024-03-26 13:00:00,4409.721,4417.688,4392.631,4417.688,3489,61,0,3489
2024-03-26 14:00:00,4417.694,4430.017,4417.694,4428.953,3491,61,0,3491
2024-03-26 15:00:00,4428.963,4430.061,4403.17,4403.214,3505,61,0,3505
2024-03-26 16:00:00,4403.222,4412.064,4397.392,4409.646,3479,61,0,3479
2024-03-26 17:00:00,4409.647,4412.161,4381.551,4381.594,3493,61,0,3493
2024-03-26 18:00:00,4381.606,4401.846,4380.774,4396.827,3481,61,0,3481
2024-03-26 19:00:00,4396.841,4401.357,4367.398,4371.104,3496,61,0,3496
2024-03-26 20:00:00,4371.109,4391.187,4368.981,4370.23,3493,61,0,3493
2024-03-26 21:00:00,4370.235,4373.738,4352.337,4356.84,3472,60,0,3472
2024-03-26 22:00:00,4356.844,4369.982,4356.844,4363.637,3495,61,0,3495
2024-03-26 23:00:00,4363.643,4378.389,4360.669,4372.065,3487,61,0,3487
2024-03-27 00:00:00,4372.068,4373.103,4356.637,4366.295,3494,61,0,3494
2024-03-27 01:00:00,4366.312,4390.32,4366.312,4383.336,3496,61,0,3496
2024-03-27 02:00:00,4383.346,4398.068,4383.346,4391.389,3483,61,0,3483
2024-03-27 03:00:00,4391.395,4396.253,4380.836,4381.499,3518,61,0,3518
2024-03-27 04:00:00,4381.511,4398.708,4380.15,4393.715,3474,61,0,3474
2024-03-27 05:00:00,4393.732,4408.495,4393.732,4408.495,3502,61,0,3502
2024-03-27 06:00:00,4408.501,4410.594,4389.611,4391.706,3492,61,0,3492
2024-03-27 07:00:00,4391.717,4400.41,4385.667,4398.732,3470,61,0,3470
2024-03-27 08:00:00,4398.744,4409.37,4389.606,4396.918,3499,61,0,3499
2024-03-27 09:00:00,4396.922,4414.208,4391.038,4413.995,3479,61,0,3479
2024-03-27 10:00:00,4414.011,4434.936,4393.587,4395.437,3494,61,0,3494
2024-03-27 11:00:00,4395.442,4409.632,4395.442,4398.987,3488,61,0,3488
2024-03-27 12:00:00,4398.993,4425.602,4398.993,4415.747,3480,61,0,3480
2024-03-27 13:00:00,4415.753,4420.494,4391.307,4392.494,3486,61,0,3486
2024-03-27 14:00:00,4392.507,4406.738,4392.507,4403.177,3492,61,0,3492
2024-03-27 15:00:00,4403.18,4418.234,4400.721,4415.627,3494,61,0,3494
2024-03-27 16:00:00,4415.635,4434.721,4415.635,4434.721,3495,61,0,3495
2024-03-27 17:00:00,4434.729,4449.025,4433.833,4449.025,3484,62,0,3484
2024-03-27 18:00:00,4449.028,4452.331,4425.917,4449.192,3499,61,0,3499
2024-03-27 19:00:00,4449.2,4461.685,4440.871,4450.491,3488,62,0,3488
2024-03-27 20:00:00,4450.497,4455.33,4445.338,4454.27,3479,62,0,3479
2024-03-27 21:00:00,4454.275,4456.495,4438.22,4442.68,3494,62,0,3494
2024-03-27 22:00:00,4442.687,4457.203,4442.687,4451.82,3485,62,0,3485
2024-03-27 23:00:00,4451.837,4462.031,4447.353,4454.675,3500,62,0,3500
2024-03-28 00:00:00,4454.678,4475.358,4450.145,4466.618,3483,62,0,3483
2024-03-28 01:00:00,4466.62,4474.398,4465.344,4470.853,3491,62,0,3491
2024-03-28 02:00:00,4470.867,4472.529,4417.175,4421.524,3503,61,0,3503
2024-03-28 03:00:00,4421.535,4424.747,4400.814,4406.015,3503,61,0,3503
2024-03-28 04:00:00,4406.025,4434.95,4406.025,4424.759,3479,61,0,3479
2024-03-28 05:00:00,4424.764,4439.541,4420.171,4439.541,3492,61,0,3492
2024-03-28 06:00:00,4439.542,4447.991,4435.795,4446.616,3484,62,0,3484
2024-03-28 07:00:00,4446.631,4453.508,4437.19,4453.508,3500,62,0,3500
2024-03-28 08:00:00,4453.517,4453.849,4443.859,4445.556,3509,62,0,3509
2024-03-28 09:00:00,4445.557,4453.692,4437.488,4447.58,3501,62,0,3501
2024-03-28 10:00:00,4447.598,4456.429,4442.477,4455.986,3484,62,0,3484
2024-03-28 11:00:00,4455.992,4472.221,4454.565,4472.221,3489,62,0,3489
2024-03-28 12:00:00,4472.223,4485.161,4469.05,4473.815,3478,62,0,3478
2024-03-28 13:00:00,4473.824,4478.978,4457.18,4478.978,3482,62,0,3482
2024-03-28 14:00:00,4478.98,4491.225,4476.357,4477.585,3477,62,0,3477
2024-03-28 15:00:00,4477.593,4478.734,4458.005,4467.467,3484,62,0,3484
2024-03-28 16:00:00,4467.488,4479.292,4463.282,4471.445,3478,62,0,3478
2024-03-28 17:00:00,4471.46,4474.815,4427.231,4433.052,3483,61,0,3483
2024-03-28 18:00:00,4433.054,4439.836,4429.025,4430.651,3477,62,0,3477
2024-03-28 19:00:00,4430.657,4432.022,4415.973,4428.282,3495,61,0,3495
2024-03-28 20:00:00,4428.293,4443.018,4426.035,4443.018,3490,61,0,3490
2024-03-28 21:00:00,4443.031,4455.04,4429.008,4431.152,3484,62,0,3484
2024-03-28 22:00:00,4431.155,4439.61,4427.895,4439.404,3484,62,0,3484
2024-03-28 23:00:00,4439.418,4444.418,4427.962,4444.418,3500,62,0,3500
2024-03-29 00:00:00,4444.44,4450.612,4427.47,4441.661,3502,61,0,3502
2024-03-29 01:00:00,4441.673,4442.676,4414.845,4418.327,3468,61,0,3468
2024-03-29 02:00:00,4418.331,4430.656,4416.728,4421.907,3503,61,0,3503
2024-03-29 03:00:00,4421.912,4424.206,4406.928,4410.161,3513,61,0,3513
2024-03-29 04:00:00,4410.172,4411.313,4394.38,4409.224,3482,61,0,3482
2024-03-29 05:00:00,4409.231,4419.404,4404.586,4414.636,3473,61,0,3473
2024-03-29 06:00:00,4414.636,4429.499,4414.248,4429.499,3494,61,0,3494
2024-03-29 07:00:00,4429.5,4449.549,4429.5,4430.46,3485,62,0,3485
2024-03-29 08:00:00,4430.467,4435.72,4421.855,4423.715,3473,61,0,3473
2024-03-29 09:00:00,4423.725,4447.673,4423.725,4445.476,3490,61,0,3490
2024-03-29 10:00:00,4445.476,4469.418,4445.363,4469.418,3491,62,0,3491
2024-03-29 11:00:00,4469.42,4481.318,4466.041,4470.688,3485,62,0,3485
2024-03-29 12:00:00,4470.703,4489.478,4470.703,4486.642,3488,62,0,3488
2024-03-29 13:00:00,4486.662,4516.554,4486.662,4516.554,3498,62,0,3498
2024-03-29 14:00:00,4516.562,4528.329,4514.59,4527.477,3501,63,0,3501
2024-03-29 15:00:00,4527.492,4533.013,4523.044,4527.662,3500,63,0,3500
2024-03-29 16:00:00,4527.68,4546.666,4515.416,4519.027,3490,63,0,3490
2024-03-29 17:00:00,4519.027,4519.543,4485.061,4501.232,3486,62,0,3486
2024-03-29 18:00:00,4501.239,4517.908,4496.064,4497.968,3500,62,0,3500
2024-03-29 19:00:00,4497.982,4505.942,4483.287,4488.462,3483,62,0,3483
2024-03-29 20:00:00,4488.462,4492.967,4463.745,4465.972,3495,62,0,3495
2024-03-29 21:00:00,4465.982,4470.354,4452.061,4458.731,3487,62,0,3487
2024-03-29 22:00:00,4458.744,4467.609,4454.119,4456.241,3483,62,0,3483
2024-03-29 23:00:00,4456.249,4473.025,4448.222,4473.025,3506,62,0,3506
2024-03-30 00:00:00,4473.04,4479.614,4459.54,4464.132,3484,62,0,3484
2024-03-30 01:00:00,4464.148,4467.755,4438.561,4448.749,3478,62,0,3478
2024-03-30 02:00:00,4448.759,4456.479,4439.798,4452.436,3482,62,0,3482
2024-03-30 03:00:00,4452.453,4462.474,4442.198,4443.987,3485,62,0,3485
2024-03-30 04:00:00,4443.998,4446.605,4427.201,4446.349,3493,61,0,3493
2024-03-30 05:00:00,4446.357,4448.068,4422.279,4433.396,3482,61,0,3482
2024-03-30 06:00:00,4433.412,4454.869,4433.412,4444.147,3490,62,0,3490
2024-03-30 07:00:00,4444.165,4451.285,4432.028,4433.806,3485,62,0,3485
2024-03-30 08:00:00,4433.807,4449.093,4433.807,4443.149,3482,62,0,3482
2024-03-30 09:00:00,4443.151,4445.724,4426.32,4445.724,3478,61,0,3478
2024-03-30 10:00:00,4445.735,4453.59,4440.974,4444.63,3496,62,0,3496
2024-03-30 11:00:00,4444.646,4450.964,4429.796,4434.981,3495,62,0,3495
2024-03-30 12:00:00,4434.984,4447.54,4419.822,4423.356,3485,61,0,3485
2024-03-30 13:00:00,4423.376,4438.208,4423.376,4431.255,3488,61,0,3488
2024-03-30 14:00:00,4431.26,4446.957,4415.252,4417.525,3488,61,0,3488
2024-03-30 15:00:00,4417.534,4420.76,4401.486,4418.945,3465,61,0,3465
2024-03-30 16:00:00,4418.954,4432.301,4416.807,4427.509,3481,61,0,3481
2024-03-30 17:00:00,4427.51,4436.254,4413.876,4420.583,3482,61,0,3482
2024-03-30 18:00:00,4420.592,4430.397,4416.51,4426.406,3489,61,0,3489
2024-03-30 19:00:00,4426.416,4440.482,4426.416,4432.521,3480,61,0,3480
2024-03-30 20:00:00,4432.533,4441.474,4422.551,4427.421,3486,61,0,3486
2024-03-30 21:00:00,4427.424,4436.383,4420.208,4436.123,3495,61,0,3495
2024-03-30 22:00:00,4436.129,4445.76,4419.5,4424.115,3494,61,0,3494
2024-03-30 23:00:00,4424.132,4431.404,4410.172,4415.202,3474,61,0,3474
2024-03-31 00:00:00,4415.212,4436.923,4413.547,4436.923,3471,61,0,3471
2024-03-31 01:00:00,4436.926,4460.243,4436.265,4457.157,3470,62,0,3470
2024-03-31 02:00:00,4457.16,4469.209,4454.842,4458.097,3469,62,0,3469
2024-03-31 03:00:00,4458.107,4458.971,4430.681,4437.475,3491,62,0,3491
2024-03-31 04:00:00,4437.476,4450.09,4429.94,4450.09,3465,62,0,3465
2024-03-31 05:00:00,4450.093,4475.551,4447.328,4475.551,3493,62,0,3493
2024-03-31 06:00:00,4475.557,4503.112,4475.557,4491.347,3490,62,0,3490
2024-03-31 07:00:00,4491.355,4508.11,4485.6,4496.487,3496,62,0,3496
2024-03-31 08:00:00,4496.504,4501.627,4487.175,4501.627,3484,62,0,3484
2024-03-31 09:00:00,4494.912,4498.986,4463.635,4470.424,3484,62,0,3484
2024-03-31 10:00:00,4470.437,4494.747,4470.437,4494.747,3483,62,0,3483
2024-03-31 11:00:00,4494.763,4514.183,4485.665,4485.768,3487,62,0,3487
2024-03-31 12:00:00,4485.782,4487.238,4446.206,4450.526,3491,62,0,3491
2024-03-31 13:00:00,4450.538,4451.608,4436.371,4440.929,3483,62,0,3483
2024-03-31 14:00:00,4440.938,4448.141,4433.666,4444.893,3495,62,0,3495
2024-03-31 15:00:00,4444.914,4459.51,4444.914,4450.219,3497,62,0,3497
2024-03-31 16:00:00,4450.229,4478.859,4450.229,4478.859,3502,62,0,3502
2024-03-31 17:00:00,4478.873,4480.395,4451.407,4458.494,3515,62,0,3515
2024-03-31 18:00:00,4458.497,4490.464,4458.497,4487.13,3475,62,0,3475
2024-03-31 19:00:00,4487.14,4505.99,4487.14,4505.903,3479,62,0,3479
2024-03-31 20:00:00,4505.909,4522.985,4505.909,4517.211,3477,63,0,3477
2024-03-31 21:00:00,4517.224,4517.277,4497.672,4511.846,3496,62,0,3496
2024-03-31 22:00:00,4511.853,4524.087,4510.129,4522.335,3485,63,0,3485
2024-03-31 23:00:00,4522.345,4522.575,4513.116,4518.543,3485,63,0,3485
2024-04-01 00:00:00,4518.555,4521.753,4506.012,4521.753,3507,63,0,3507
2024-04-01 01:00:00,4521.761,4536.432,4521.761,4530.541,3497,63,0,3497
2024-04-01 02:00:00,4530.548,4544.731,4519.15,4544.731,3495,63,0,3495
2024-04-01 03:00:00,4544.745,4548.747,4535.21,4547.764,3492,63,0,3492
2024-04-01 04:00:00,4547.786,4550.828,4534.453,4540.003,3512,63,0,3512
2024-04-01 05:00:00,4540.014,4549.947,4527.538,4532.092,3497,63,0,3497
2024-04-01 06:00:00,4532.103,4548.075,4531.377,4546.586,3473,63,0,3473
2024-04-01 07:00:00,4546.591,4563.158,4546.591,4554.053,3503,63,0,3503
2024-04-01 08:00:00,4554.058,4563.58,4546.514,4547.169,3488,63,0,3488
2024-04-01 09:00:00,4547.169,4549.944,4533.006,4549.944,3492,63,0,3492
2024-04-01 10:00:00,4549.953,4560.231,4542.845,4550.624,3491,63,0,3491
2024-04-01 11:00:00,4550.63,4560.932,4541.297,4546.426,3491,63,0,3491
2024-04-01 12:00:00,4546.445,4555.787,4543.312,4550.928,3493,63,0,3493
2024-04-01 13:00:00,4550.942,4558.369,4536.577,4553.765,3485,63,0,3485
2024-04-01 14:00:00,4553.774,4563.388,4540.843,4562.456,3482,63,0,3482
2024-04-01 15:00:00,4562.462,4570.686,4555.417,4568.183,3487,63,0,3487
2024-04-01 16:00:00,4568.184,4581.55,4568.054,4574.433,3500,63,0,3500
2024-04-01 17:00:00,4574.436,4578.289,4518.745,4532.896,3484,63,0,3484
2024-04-01 18:00:00,4532.901,4547.043,4529.493,4540.617,3498,63,0,3498
2024-04-01 19:00:00,4540.618,4547.663,4523.039,4534.9,3483,63,0,3483
2024-04-01 20:00:00,4534.902,4545.017,4534.6,4543.157,3497,63,0,3497
2024-04-01 21:00:00,4543.164,4554.203,4538.112,4541.309,3495,63,0,3495
2024-04-01 22:00:00,4541.325,4549.963,4532.028,4549.963,3479,63,0,3479
2024-04-01 23:00:00,4549.963,4556.671,4544.378,4556.245,3491,63,0,3491
2024-04-02 00:00:00,4556.245,4561.223,4549.435,4551.66,3494,63,0,3494
2024-04-02 01:00:00,4551.663,4561.228,4530.661,4531.006,3480,63,0,3480
2024-04-02 02:00:00,4531.023,4543.775,4529.175,4532.599,3466,63,0,3466
2024-04-02 03:00:00,4532.603,4542.592,4513.215,4514.484,3477,63,0,3477
2024-04-02 04:00:00,4514.491,4517.027,4494.99,4500.524,3501,62,0,3501
2024-04-02 05:00:00,4500.536,4513.14,4500.536,4513.14,3473,63,0,3473
2024-04-02 06:00:00,4513.15,4541.679,4513.15,4529.74,3487,63,0,3487
2024-04-02 07:00:00,4529.742,4539.864,4529.742,4538.76,3481,63,0,3481
2024-04-02 08:00:00,4538.766,4546.398,4517.905,4527.348,3497,63,0,3497
2024-04-02 09:00:00,4527.368,4537.26,4517.23,4518.973,3497,63,0,3497
2024-04-02 10:00:00,4518.988,4523.638,4506.835,4510.061,3485,63,0,3485
2024-04-02 11:00:00,4510.062,4513.002,4490.901,4503.622,3487,62,0,3487
2024-04-02 12:00:00,4503.635,4532.415,4503.635,4532.415,3490,63,0,3490
2024-04-02 13:00:00,4532.421,4550.819,4532.421,4550.819,3495,63,0,3495
2024-04-02 14:00:00,4550.827,4551.234,4526.679,4545.397,3498,63,0,3498
2024-04-02 15:00:00,4545.403,4562.343,4545.403,4557.656,3497,63,0,3497
2024-04-02 16:00:00,4557.656,4567.456,4552.28,4560.28,3475,63,0,3475
2024-04-02 17:00:00,4560.292,4573.077,4549.011,4549.413,3493,63,0,3493
2024-04-02 18:00:00,4549.419,4551.731,4521.599,4523.218,3508,63,0,3508
2024-04-02 19:00:00,4523.221,4544.594,4518.232,4534.724,3497,63,0,3497
2024-04-02 20:00:00,4534.733,4535.085,4495.405,4504.852,3481,62,0,3481
2024-04-02 21:00:00,4504.855,4521.8,4503.057,4521.8,3489,63,0,3489
2024-04-02 22:00:00,4521.813,4549.123,4521.813,4538.5,3493,63,0,3493
2024-04-02 23:00:00,4538.508,4551.297,4536.547,4551.297,3492,63,0,3492
2024-04-03 00:00:00,4551.31,4556.161,4533.668,4536.908,3504,63,0,3504
2024-04-03 01:00:00,4536.91,4548.126,4527.631,4548.126,3480,63,0,3480
2024-04-03 02:00:00,4548.132,4558.863,4535.767,4548.757,3506,63,0,3506
2024-04-03 03:00:00,4548.768,4571.579,4548.768,4571.579,3484,63,0,3484
2024-04-03 04:00:00,4571.585,4581.405,4558.383,4561.139,3512,63,0,3512
2024-04-03 05:00:00,4560.444,4566.24,4556.27,4562.601,3496,63,0,3496
2024-04-03 06:00:00,4562.606,4563.524,4535.305,4548.66,3486,63,0,3486
2024-04-03 07:00:00,4548.663,4548.731,4499.075,4501.519,3476,63,0,3476
2024-04-03 08:00:00,4501.528,4510.851,4500.26,4507.103,3497,63,0,3497
2024-04-03 09:00:00,4507.108,4519.116,4502.115,4519.116,3504,63,0,3504
2024-04-03 10:00:00,4519.117,4523.185,4490.076,4494.266,3488,62,0,3488
2024-04-03 11:00:00,4494.27,4498.497,4480.732,4495.073,3502,62,0,3502
2024-04-03 12:00:00,4495.079,4506.53,4487.841,4498.195,3478,62,0,3478
2024-04-03 13:00:00,4498.212,4499.368,4488.813,4490.826,3489,62,0,3489
2024-04-03 14:00:00,4490.848,4499.726,4474.284,4477.231,3466,62,0,3466
2024-04-03 15:00:00,4477.239,4489.355,4469.776,4484.534,3481,62,0,3481
2024-04-03 16:00:00,4484.545,4494.244,4481.584,4481.918,3481,62,0,3481
2024-04-03 17:00:00,4481.926,4504.853,4481.926,4499.154,3475,62,0,3475
2024-04-03 18:00:00,4499.171,4517.056,4499.171,4501.547,3485,62,0,3485
2024-04-03 19:00:00,4501.561,4518.685,4501.326,4508.611,3460,63,0,3460
2024-04-03 20:00:00,4508.612,4527.094,4508.021,4527.094,3494,63,0,3494
2024-04-03 21:00:00,4527.099,4541.104,4508.128,4511.019,3504,63,0,3504
2024-04-03 22:00:00,4511.029,4516.382,4497.803,4506.076,3501,62,0,3501
2024-04-03 23:00:00,4506.08,4513.484,4487.733,4490.033,3495,62,0,3495
2024-04-04 00:00:00,4490.036,4501.298,4487.016,4491.586,3494,62,0,3494
2024-04-04 01:00:00,4491.589,4498.881,4481.289,4485.297,3488,62,0,3488
2024-04-04 02:00:00,4485.309,4486.455,4462.872,4477.997,3462,62,0,3462
2024-04-04 03:00:00,4477.998,4486.249,4466.321,4466.756,3503,62,0,3503
2024-04-04 04:00:00,4466.764,4473.835,4457.593,4467.33,3494,62,0,3494
2024-04-04 05:00:00,4467.342,4479.438,4460.797,4470.83,3474,62,0,3474
2024-04-04 06:00:00,4470.849,4490.305,4467.203,4490.305,3485,62,0,3485
2024-04-04 07:00:00,4490.312,4498.911,4474.537,4481.185,3512,62,0,3512
2024-04-04 08:00:00,4481.189,4496.106,4481.189,4485.07,3492,62,0,3492
2024-04-04 09:00:00,4485.083,4492.066,4473.256,4477.79,3493,62,0,3493
2024-04-04 10:00:00,4477.81,4479.475,4466.408,4474.222,3501,62,0,3501
2024-04-04 11:00:00,4474.231,4483.547,4460.917,4466.894,3487,62,0,3487
2024-04-04 12:00:00,4466.912,4472.181,4440.377,4454.921,3480,62,0,3480
2024-04-04 13:00:00,4454.93,4475.348,4454.93,4475.348,3485,62,0,3485
2024-04-04 14:00:00,4475.354,4480.909,4440.54,4454.035,3478,62,0,3478
2024-04-04 15:00:00,4454.05,4475.817,4452.859,4475.817,3487,62,0,3487
2024-04-04 16:00:00,4475.834,4498.666,4475.834,4498.666,3493,62,0,3493
2024-04-04 17:00:00,4498.68,4498.696,4474.887,4481.52,3471,62,0,3471
2024-04-04 18:00:00,4481.52,4485.999,4470.2,4485.999,3507,62,0,3507
2024-04-04 19:00:00,4486.001,4492.096,4482.848,4483.834,3466,62,0,3466
2024-04-04 20:00:00,4483.841,4497.454,4483.841,4491.63,3456,62,0,3456
2024-04-04 21:00:00,4491.634,4503.195,4480.274,4497.818,3508,62,0,3508
2024-04-04 22:00:00,4497.844,4504.838,4482.325,4484.282,3499,62,0,3499
2024-04-04 23:00:00,4484.289,4484.672,4460.392,4474.876,3476,62,0,3476
2024-04-05 00:00:00,4474.892,4479.451,4463.098,4470.195,3501,62,0,3501
2024-04-05 01:00:00,4470.197,4473.149,4452.184,4459.632,3476,62,0,3476
2024-04-05 02:00:00,4459.642,4467.358,4456.412,4463.097,3495,62,0,3495
2024-04-05 03:00:00,4463.105,4467.451,4452.747,4460.513,3482,62,0,3482
2024-04-05 04:00:00,4460.514,4471.668,4455.59,4465.855,3488,62,0,3488
2024-04-05 05:00:00,4465.856,4474.302,4458.269,4472.975,3496,62,0,3496
2024-04-05 06:00:00,4472.989,4480.505,4468.356,4473.013,3482,62,0,3482
2024-04-05 07:00:00,4473.02,4473.784,4444.461,4445.721,3466,62,0,3466
2024-04-05 08:00:00,4445.726,4457.472,4445.726,4449.743,3477,62,0,3477
2024-04-05 09:00:00,4449.766,4462.36,4445.955,4458.662,3496,62,0,3496
2024-04-05 10:00:00,4458.68,4458.964,4441.633,4442.821,3497,62,0,3497
2024-04-05 11:00:00,4442.826,4444.584,4415.015,4416.889,3490,61,0,3490
2024-04-05 12:00:00,4416.892,4439.2,4416.292,4438.474,3475,61,0,3475
2024-04-05 13:00:00,4438.481,4445.263,4431.143,4434.232,3474,62,0,3474
2024-04-05 14:00:00,4434.243,4457.33,4434.243,4457.33,3493,62,0,3493
2024-04-05 15:00:00,4457.345,4459.473,4437.08,4437.383,3486,62,0,3486
2024-04-05 16:00:00,4437.392,4440.7,4424.98,4435.676,3478,61,0,3478
2024-04-05 17:00:00,4435.691,4458.642,4433.08,4452.328,3490,62,0,3490
2024-04-05 18:00:00,4452.334,4463.525,4446.226,4463.525,3495,62,0,3495
2024-04-05 19:00:00,4463.53,4473.92,4444.438,4447.282,3493,62,0,3493
2024-04-05 20:00:00,4447.286,4453.401,4436.838,4443.761,3495,62,0,3495
2024-04-05 21:00:00,4443.773,4453.512,4441.903,4446.467,3487,62,0,3487
2024-04-05 22:00:00,4446.475,4462.79,4442.916,4456.819,3498,62,0,3498
2024-04-05 23:00:00,4456.832,4466.822,4453.884,4466.822,3491,62,0,3491
2024-04-06 00:00:00,4466.835,4488.349,4465.896,4488.349,3503,62,0,3503
2024-04-06 01:00:00,4488.36,4510.266,4488.36,4510.266,3496,62,0,3496
2024-04-06 02:00:00,4510.274,4510.943,4492.713,4501.507,3505,62,0,3505
2024-04-06 03:00:00,4501.509,4528.709,4501.509,4517.093,3493,63,0,3493
2024-04-06 04:00:00,4517.1,4543.507,4517.1,4543.507,3493,63,0,3493
2024-04-06 05:00:00,4543.509,4550.148,4521.715,4536.75,3492,63,0,3492
2024-04-06 06:00:00,4536.77,4562.347,4536.77,4554.813,3489,63,0,3489
2024-04-06 07:00:00,4554.817,4558.186,4550.125,4554.65,3482,63,0,3482
2024-04-06 08:00:00,4554.657,4559.996,4549.726,4559.213,3498,63,0,3498
2024-04-06 09:00:00,4559.216,4577.88,4559.216,4571.626,3487,63,0,3487
2024-04-06 10:00:00,4571.627,4590.729,4569.274,4570.899,3463,63,0,3463
2024-04-06 11:00:00,4570.915,4575.843,4530.034,4537.682,3489,63,0,3489
2024-04-06 12:00:00,4537.682,4562.054,4537.682,4562.054,3472,63,0,3472
2024-04-06 13:00:00,4562.07,4578.747,4554.69,4578.747,3476,63,0,3476
2024-04-06 14:00:00,4578.751,4583.209,4567.006,4578.762,3510,63,0,3510
2024-04-06 15:00:00,4578.765,4600.386,4572.83,4577.564,3491,64,0,3491
2024-04-06 16:00:00,4577.565,4597.109,4577.565,4592.12,3475,64,0,3475
2024-04-06 17:00:00,4592.139,4609.38,4592.139,4599.278,3480,64,0,3480
2024-04-06 18:00:00,4599.281,4608.501,4590.529,4608.501,3497,64,0,3497
2024-04-06 19:00:00,4608.508,4609.79,4595.242,4604.585,3486,64,0,3486
2024-04-06 20:00:00,4604.596,4610.446,4586.318,4587.117,3478,64,0,3478
2024-04-06 21:00:00,4587.122,4600.395,4583.565,4586.494,3502,64,0,3502
2024-04-06 22:00:00,4586.509,4587.106,4544.296,4550.929,3473,63,0,3473
2024-04-06 23:00:00,4550.936,4550.962,4533.97,4541.017,3509,63,0,3509
2024-04-07 00:00:00,4541.033,4557.465,4541.033,4543.842,3504,63,0,3504
2024-04-07 01:00:00,4543.86,4563.907,4542.529,4551.667,3472,63,0,3472
2024-04-07 02:00:00,4551.672,4573.644,4551.672,4573.644,3495,63,0,3495
2024-04-07 03:00:00,4573.672,4579.055,4566.86,4569.312,3490,63,0,3490
2024-04-07 04:00:00,4569.313,4571.775,4545.334,4548.893,3501,63,0,3501
2024-04-07 05:00:00,4548.894,4558.499,4542.46,4553.581,3496,63,0,3496
2024-04-07 06:00:00,4553.587,4570.382,4548.579,4569.259,3490,63,0,3490
2024-04-07 07:00:00,4569.277,4570.497,4545.267,4556.155,3493,63,0,3493
2024-04-07 08:00:00,4556.167,4564.8,4547.935,4564.8,3493,63,0,3493
2024-04-07 09:00:00,4564.816,4588.973,4564.816,4588.511,3492,63,0,3492
2024-04-07 10:00:00,4588.523,4594.473,4584.279,4590.017,3494,64,0,3494
2024-04-07 11:00:00,4590.033,4600.514,4583.171,4583.991,3494,64,0,3494
2024-04-07 12:00:00,4584.007,4597.005,4581.204,4597.005,3475,64,0,3475
2024-04-07 13:00:00,4597.014,4602.633,4584.914,4602.633,3486,64,0,3486
2024-04-07 14:00:00,4602.638,4609.208,4594.324,4608.342,3497,64,0,3497
2024-04-07 15:00:00,4608.361,4638.776,4608.361,4638.776,3488,64,0,3488
2024-04-07 16:00:00,4638.78,4640.405,4615.456,4620.415,3488,64,0,3488
2024-04-07 17:00:00,4620.422,4627.618,4596.309,4601.84,3484,64,0,3484
2024-04-07 18:00:00,4601.841,4610.471,4590.237,4609.142,3478,64,0,3478
2024-04-07 19:00:00,4609.148,4622.32,4609.148,4620.774,3501,64,0,3501
2024-04-07 20:00:00,4620.794,4629.496,4606.96,4616.034,3479,64,0,3479
2024-04-07 21:00:00,4616.048,4630.318,4608.719,4627.954,3495,64,0,3495
2024-04-07 22:00:00,4627.965,4637.575,4618.122,4621.261,3492,64,0,3492
2024-04-07 23:00:00,4621.264,4628.127,4611.776,4628.127,3498,64,0,3498
2024-04-08 00:00:00,4628.136,4639.259,4616.067,4630.108,3485,64,0,3485
2024-04-08 01:00:00,4630.12,4633.383,4617.253,4633.383,3496,64,0,3496
2024-04-08 02:00:00,4633.397,4634.8,4593.476,4597.282,3511,64,0,3511
2024-04-08 03:00:00,4597.285,4604.682,4589.828,4596.821,3488,64,0,3488
2024-04-08 04:00:00,4596.844,4607.256,4594.995,4604.607,3478,64,0,3478
2024-04-08 05:00:00,4604.615,4617.602,4600.976,4612.591,3478,64,0,3478
2024-04-08 06:00:00,4612.598,4619.285,4598.701,4601.274,3491,64,0,3491
2024-04-08 07:00:00,4601.278,4615.867,4598.589,4607.505,3493,64,0,3493
2024-04-08 08:00:00,4607.515,4608.048,4592.52,4593.993,3489,64,0,3489
2024-04-08 09:00:00,4594.002,4594.911,4570.181,4574.169,3489,63,0,3489
2024-04-08 10:00:00,4574.182,4581.144,4564.52,4576.33,3494,63,0,3494
2024-04-08 11:00:00,4576.347,4594.77,4576.347,4584.5,3495,64,0,3495
2024-04-08 12:00:00,4584.508,4587.565,4561.711,4577.507,3494,63,0,3494
2024-04-08 13:00:00,4577.516,4591.941,4563.45,4565.398,3491,63,0,3491
2024-04-08 14:00:00,4565.398,4565.856,4525.578,4539.618,3477,63,0,3477
2024-04-08 15:00:00,4539.633,4539.654,4519.678,4521.389,3487,63,0,3487
2024-04-08 16:00:00,4521.396,4527.21,4507.272,4518.504,3478,63,0,3478
2024-04-08 17:00:00,4518.505,4520.47,4486.921,4493.535,3483,62,0,3483
2024-04-08 18:00:00,4493.552,4510.027,4493.552,4499.657,3488,62,0,3488
2024-04-08 19:00:00,4499.666,4515.309,4484.158,4491.021,3486,62,0,3486
2024-04-08 20:00:00,4491.038,4509.358,4487.372,4503.797,3482,62,0,3482
2024-04-08 21:00:00,4503.807,4506.064,4479.402,4485.355,3471,62,0,3471
2024-04-08 22:00:00,4485.372,4494.18,4455.143,4457.795,3482,62,0,3482
2024-04-08 23:00:00,4457.795,4468.129,4454.076,4462.471,3493,62,0,3493
2024-04-09 00:00:00,4462.472,4474.26,4454.881,4469.465,3492,62,0,3492
2024-04-09 01:00:00,4469.474,4469.527,4442.764,4447.764,3490,62,0,3490
2024-04-09 02:00:00,4447.777,4456.878,4447.374,4453.137,3472,62,0,3472
2024-04-09 03:00:00,4453.141,4454.095,4438.507,4450.698,3478,62,0,3478
2024-04-09 04:00:00,4450.705,4452.422,4423.365,4436.737,3463,61,0,3463
2024-04-09 05:00:00,4436.74,4449.165,4430.37,4443.745,3473,62,0,3473
2024-04-09 06:00:00,4443.753,4465.469,4443.753,4460.373,3490,62,0,3490
2024-04-09 07:00:00,4460.373,4462.2,4432.396,4435.737,3496,62,0,3496
2024-04-09 08:00:00,4435.754,4439.153,4412.067,4413.773,3479,61,0,3479
2024-04-09 09:00:00,4413.779,4416.51,4394.777,4396.255,3492,61,0,3492
2024-04-09 10:00:00,4396.268,4400.511,4383.257,4384.345,3492,61,0,3492
2024-04-09 11:00:00,4384.355,4392.356,4378.175,4392.356,3476,61,0,3476
2024-04-09 12:00:00,4392.357,4410.183,4380.242,4380.261,3485,61,0,3485
2024-04-09 13:00:00,4380.265,4389.019,4374.505,4381.116,3500,61,0,3500
2024-04-09 14:00:00,4381.118,4392.744,4375.572,4386.445,3494,61,0,3494
2024-04-09 15:00:00,4386.457,4392.127,4372.571,4384.607,3496,61,0,3496
2024-04-09 16:00:00,4384.623,4394.541,4378.766,4382.484,3486,61,0,3486
2024-04-09 17:00:00,4382.491,4386.394,4373.657,4380.77,3487,61,0,3487
2024-04-09 18:00:00,4380.78,4383.127,4358.601,4362.307,3485,61,0,3485
2024-04-09 19:00:00,4362.314,4364.577,4315.892,4316.735,3484,60,0,3484
2024-04-09 20:00:00,4316.743,4319.926,4304.553,4309.459,3492,60,0,3492
2024-04-09 21:00:00,4309.465,4320.286,4304.631,4314.305,3503,60,0,3503
2024-04-09 22:00:00,4314.319,4338.42,4314.319,4329.705,3488,60,0,3488
2024-04-09 23:00:00,4329.707,4334.308,4311.402,4334.308,3507,60,0,3507
2024-04-10 00:00:00,4334.317,4348.65,4327.652,4348.65,3482,60,0,3482
2024-04-10 01:00:00,4348.655,4369.476,4346.249,4358.636,3470,60,0,3470
2024-04-10 02:00:00,4358.638,4361.154,4338.295,4348.712,3486,60,0,3486
2024-04-10 03:00:00,4348.715,4352.232,4339.766,4342.616,3490,60,0,3490
2024-04-10 04:00:00,4342.624,4365.959,4341.201,4365.959,3475,60,0,3475
2024-04-10 05:00:00,4365.962,4376.748,4337.158,4343.03,3500,60,0,3500
2024-04-10 06:00:00,4343.033,4347.115,4334.919,4347.115,3501,60,0,3501
2024-04-10 07:00:00,4347.129,4358.772,4345.437,4353.979,3489,60,0,3489
2024-04-10 08:00:00,4353.994,4359.177,4334.534,4335.478,3485,60,0,3485
2024-04-10 09:00:00,4335.48,4345.004,4332.578,4343.249,3475,60,0,3475
2024-04-10 10:00:00,4343.263,4360.777,4342.566,4352.833,3486,60,0,3486
2024-04-10 11:00:00,4352.851,4356.323,4318.07,4319.323,3475,60,0,3475
2024-04-10 12:00:00,4319.339,4321.424,4301.007,4301.153,3497,60,0,3497
2024-04-10 13:00:00,4301.157,4308.943,4293.84,4306.022,3469,60,0,3469
2024-04-10 14:00:00,4306.029,4330.317,4306.029,4329.382,3473,60,0,3473
2024-04-10 15:00:00,4329.393,4338.495,4321.093,4323.79,3488,60,0,3488
2024-04-10 16:00:00,4323.794,4328.246,4317.839,4319.16,3471,60,0,3471
2024-04-10 17:00:00,4319.165,4327.781,4311.105,4325.066,3497,60,0,3497
2024-04-10 18:00:00,4325.069,4334.028,4322.966,4332.415,3471,60,0,3471
2024-04-10 19:00:00,4332.418,4342.014,4332.221,4339.465,3468,60,0,3468
2024-04-10 20:00:00,4339.468,4344.658,4329.55,4339.462,3480,60,0,3480
2024-04-10 21:00:00,4339.477,4347.299,4328.433,4343.446,3475,60,0,3475
2024-04-10 22:00:00,4343.468,4348.62,4338.14,4348.62,3480,60,0,3480
2024-04-10 23:00:00,4348.621,4365.975,4348.621,4362.59,3466,60,0,3466
2024-04-11 00:00:00,4362.592,4386.406,4361.18,4386.406,3493,61,0,3493
2024-04-11 01:00:00,4386.435,4407.991,4386.435,4407.197,3482,61,0,3482
2024-04-11 02:00:00,4407.209,4409.736,4390.941,4393.921,3491,61,0,3491
2024-04-11 03:00:00,4393.933,4408.316,4385.602,4387.689,3490,61,0,3490
2024-04-11 04:00:00,4387.69,4397.634,4385.739,4388.038,3485,61,0,3485
2024-04-11 05:00:00,4388.043,4408.725,4388.043,4408.725,3475,61,0,3475
2024-04-11 06:00:00,4408.733,4421.975,4407.851,4415.407,3480,61,0,3480
2024-04-11 07:00:00,4415.42,4423.109,4410.07,4416.513,3481,61,0,3481
2024-04-11 08:00:00,4416.52,4417.19,4387.369,4390.241,3491,61,0,3491
2024-04-11 09:00:00,4390.254,4397.842,4383.491,4389.818,3467,61,0,3467
2024-04-11 10:00:00,4389.83,4393.28,4362.512,4366.042,3512,61,0,3512
2024-04-11 11:00:00,4366.052,4374.388,4340.674,4354.175,3488,60,0,3488
2024-04-11 12:00:00,4354.179,4363.494,4327.1,4329.177,3486,60,0,3486
2024-04-11 13:00:00,4329.178,4332.009,4313.406,4319.805,3476,60,0,3476
2024-04-11 14:00:00,4319.814,4323.0,4299.325,4301.19,3475,60,0,3475
2024-04-11 15:00:00,4301.197,4313.207,4283.897,4291.104,3481,59,0,3481
2024-04-11 16:00:00,4291.121,4304.663,4291.121,4302.306,3482,60,0,3482
2024-04-11 17:00:00,4302.322,4310.951,4291.154,4296.796,3475,60,0,3475
2024-04-11 18:00:00,4296.824,4301.601,4285.284,4298.939,3481,60,0,3481
2024-04-11 19:00:00,4298.954,4313.463,4297.397,4302.738,3498,60,0,3498
2024-04-11 20:00:00,4302.739,4313.819,4299.045,4313.819,3464,60,0,3464
2024-04-11 21:00:00,4313.824,4332.63,4313.824,4323.092,3478,60,0,3478
2024-04-11 22:00:00,4323.1,4345.062,4323.1,4345.062,3485,60,0,3485
2024-04-11 23:00:00,4345.065,4352.551,4336.412,4352.551,3482,60,0,3482
2024-04-12 00:00:00,4352.568,4366.439,4352.568,4360.242,3493,60,0,3493
2024-04-12 01:00:00,4360.244,4361.007,4321.975,4323.416,3495,60,0,3495
2024-04-12 02:00:00,4323.425,4334.949,4322.247,4333.321,3493,60,0,3493
2024-04-12 03:00:00,4333.324,4340.571,4324.218,4329.374,3480,60,0,3480
2024-04-12 04:00:00,4329.377,4348.587,4329.377,4339.671,3482,60,0,3482
2024-04-12 05:00:00,4339.684,4348.038,4330.686,4334.911,3470,60,0,3470
2024-04-12 06:00:00,4334.914,4342.29,4321.924,4334.575,3488,60,0,3488
2024-04-12 07:00:00,4334.588,4341.27,4305.942,4307.632,3473,60,0,3473
2024-04-12 08:00:00,4307.641,4312.669,4293.822,4312.669,3477,60,0,3477
2024-04-12 09:00:00,4312.675,4340.075,4312.675,4339.75,3485,60,0,3485
2024-04-12 10:00:00,4339.751,4341.4,4328.459,4334.53,3465,60,0,3465
2024-04-12 11:00:00,4334.54,4348.326,4332.756,4345.529,3493,60,0,3493
2024-04-12 12:00:00,4345.529,4346.835,4326.663,4333.946,3481,60,0,3481
2024-04-12 13:00:00,4333.949,4335.632,4292.325,4293.343,3501,60,0,3501
2024-04-12 14:00:00,4293.348,4319.651,4293.348,4312.613,3498,60,0,3498
2024-04-12 15:00:00,4312.622,4313.863,4265.699,4282.345,3470,59,0,3470
2024-04-12 16:00:00,4282.353,4286.778,4268.239,4283.351,3479,59,0,3479
2024-04-12 17:00:00,4283.352,4285.116,4260.69,4281.828,3495,59,0,3495
2024-04-12 18:00:00,4281.838,4295.055,4277.682,4295.055,3469,59,0,3469
2024-04-12 19:00:00,4295.059,4324.319,4295.059,4324.319,3466,60,0,3466
2024-04-12 20:00:00,4324.323,4340.655,4324.323,4336.066,3465,60,0,3465
2024-04-12 21:00:00,4336.074,4347.613,4333.847,4346.473,3482,60,0,3482
2024-04-12 22:00:00,4346.478,4364.834,4346.478,4363.886,3477,60,0,3477
2024-04-12 23:00:00,4363.892,4376.453,4360.131,4365.955,3486,61,0,3486
2024-04-13 00:00:00,4365.971,4388.573,4365.971,4374.696,3463,61,0,3463
2024-04-13 01:00:00,4374.698,4383.066,4365.377,4365.719,3503,61,0,3503
2024-04-13 02:00:00,4365.719,4370.081,4353.025,4370.081,3475,60,0,3475
2024-04-13 03:00:00,4370.083,4379.033,4357.643,4359.37,3485,61,0,3485
2024-04-13 04:00:00,4359.391,4370.103,4355.798,4356.837,3488,60,0,3488
2024-04-13 05:00:00,4356.847,4358.754,4342.81,4345.931,3478,60,0,3478
2024-04-13 06:00:00,4345.933,4371.293,4345.933,4371.293,3486,60,0,3486
2024-04-13 07:00:00,4371.299,4384.183,4369.45,4372.921,3473,61,0,3473
2024-04-13 08:00:00,4372.928,4389.746,4370.014,4386.653,3490,61,0,3490
2024-04-13 09:00:00,4386.665,4405.383,4386.665,4405.383,3492,61,0,3492
2024-04-13 10:00:00,4405.396,4411.236,4397.736,4405.266,3501,61,0,3501
2024-04-13 11:00:00,4405.299,4409.126,4389.511,4391.823,3474,61,0,3474
2024-04-13 12:00:00,4391.825,4416.362,4391.825,4416.362,3480,61,0,3480
2024-04-13 13:00:00,4416.376,4432.501,4416.376,4432.501,3479,61,0,3479
2024-04-13 14:00:00,4432.51,4451.642,4432.51,4451.642,3457,62,0,3457
2024-04-13 15:00:00,4451.65,4461.435,4447.042,4453.945,3483,62,0,3483
2024-04-13 16:00:00,4453.951,4481.065,4453.951,4481.065,3489,62,0,3489
2024-04-13 17:00:00,4481.076,4494.042,4463.975,4471.149,3479,62,0,3479
2024-04-13 18:00:00,4471.161,4495.328,4471.161,4494.24,3497,62,0,3497
2024-04-13 19:00:00,4494.24,4499.491,4482.368,4487.553,3488,62,0,3488
2024-04-13 20:00:00,4487.553,4495.044,4464.872,4472.574,3486,62,0,3486
2024-04-13 21:00:00,4472.583,4487.161,4470.155,4483.062,3479,62,0,3479
2024-04-13 22:00:00,4483.072,4495.56,4479.83,4495.56,3484,62,0,3484
2024-04-13 23:00:00,4495.574,4511.448,4492.502,4511.448,3497,62,0,3497
2024-04-14 00:00:00,4511.463,4512.805,4467.211,4468.146,3497,62,0,3497
2024-04-14 01:00:00,4468.149,4470.06,4456.527,4462.968,3264,62,0,3264
2024-04-14 02:00:00,4462.972,4475.108,4450.335,4456.221,3502,62,0,3502
2024-04-14 03:00:00,4456.23,4465.767,4441.542,4453.514,3492,62,0,3492
2024-04-14 04:00:00,4453.523,4457.36,4428.705,4434.206,3486,62,0,3486
2024-04-14 05:00:00,4434.206,4444.693,4430.288,4436.448,3503,62,0,3503
2024-04-14 06:00:00,4436.448,4462.505,4436.448,4461.54,3489,62,0,3489
2024-04-14 07:00:00,4461.547,4463.061,4453.046,4459.63,3480,62,0,3480
2024-04-14 08:00:00,4459.638,4464.734,4446.658,4451.68,3506,62,0,3506
2024-04-14 09:00:00,4451.699,4469.77,4451.699,4469.579,3476,62,0,3476
2024-04-14 10:00:00,4469.59,4490.977,4463.167,4490.977,3479,62,0,3479
2024-04-14 11:00:00,4490.992,4491.754,4478.276,4481.729,3503,62,0,3503
2024-04-14 12:00:00,4481.736,4495.043,4479.717,4495.043,3498,62,0,3498
2024-04-14 13:00:00,4495.061,4504.171,4490.963,4504.171,3489,62,0,3489
2024-04-14 14:00:00,4504.188,4522.299,4503.441,4522.299,3493,63,0,3493
2024-04-14 15:00:00,4522.303,4526.273,4459.077,4461.521,3491,62,0,3491
2024-04-14 16:00:00,4461.529,4478.761,4459.738,4474.194,3494,62,0,3494
2024-04-14 17:00:00,4474.198,4487.335,4470.506,4487.335,3495,62,0,3495
2024-04-14 18:00:00,4487.344,4492.765,4481.388,4483.702,3497,62,0,3497
2024-04-14 19:00:00,4483.711,4492.408,4479.81,4488.384,3472,62,0,3472
2024-04-14 20:00:00,4488.384,4489.559,4465.973,4468.16,3494,62,0,3494
2024-04-14 21:00:00,4468.165,4482.247,4468.165,4480.421,3500,62,0,3500
2024-04-14 22:00:00,4480.44,4483.143,4466.049,4480.489,3488,62,0,3488
2024-04-14 23:00:00,4480.496,4493.888,4480.496,4480.979,3478,62,0,3478
2024-04-15 00:00:00,4480.98,4494.696,4477.169,4489.348,3501,62,0,3501
2024-04-15 01:00:00,4489.354,4493.567,4475.998,4482.751,3498,62,0,3498
2024-04-15 02:00:00,4482.771,4484.971,4469.824,4471.209,3486,62,0,3486
2024-04-15 03:00:00,4471.219,4472.046,4458.931,4462.112,3482,62,0,3482
2024-04-15 04:00:00,4462.122,4469.089,4440.115,4450.433,3495,62,0,3495
2024-04-15 05:00:00,4450.436,4457.171,4437.127,4443.62,3481,62,0,3481
2024-04-15 06:00:00,4443.624,4448.801,4437.128,4440.31,3502,62,0,3502
2024-04-15 07:00:00,4440.317,4453.537,4437.602,4447.151,3496,62,0,3496
2024-04-15 08:00:00,4447.158,4455.433,4436.26,4455.433,3490,62,0,3490
2024-04-15 09:00:00,4455.46,4482.132,4455.46,4477.82,3489,62,0,3489
2024-04-15 10:00:00,4477.829,4485.879,4471.993,4485.879,3487,62,0,3487
2024-04-15 11:00:00,4485.884,4487.473,4450.484,4473.216,3470,62,0,3470
2024-04-15 12:00:00,4473.232,4493.121,4473.232,4484.688,3499,62,0,3499
2024-04-15 13:00:00,4484.689,4494.083,4483.554,4491.894,3486,62,0,3486
2024-04-15 14:00:00,4491.914,4518.756,4491.914,4512.097,3494,62,0,3494
2024-04-15 15:00:00,4512.101,4519.441,4506.106,4512.452,3486,63,0,3486
2024-04-15 16:00:00,4512.459,4526.31,4503.976,4509.79,3502,63,0,3502
2024-04-15 17:00:00,4509.801,4522.962,4481.305,4486.511,3483,62,0,3483
2024-04-15 18:00:00,4486.518,4490.943,4456.142,4461.045,3480,62,0,3480
2024-04-15 19:00:00,4461.062,4478.749,4461.062,4478.749,3498,62,0,3498
2024-04-15 20:00:00,4478.767,4481.327,4457.189,4462.922,3496,62,0,3496
2024-04-15 21:00:00,4462.937,4471.441,4448.321,4448.87,3486,62,0,3486
2024-04-15 22:00:00,4448.877,4452.089,4414.543,4414.729,3490,61,0,3490
2024-04-15 23:00:00,4414.74,4417.432,4383.922,4385.176,3504,61,0,3504
2024-04-16 00:00:00,4385.204,4398.35,4378.541,4381.131,3490,61,0,3490
2024-04-16 01:00:00,4381.141,4396.67,4380.999,4396.67,3499,61,0,3499
2024-04-16 02:00:00,4396.682,4408.942,4391.688,4394.555,3485,61,0,3485
2024-04-16 03:00:00,4394.561,4406.374,4384.231,4394.925,3475,61,0,3475
2024-04-16 04:00:00,4394.929,4410.067,4394.929,4408.118,3481,61,0,3481
2024-04-16 05:00:00,4408.123,4427.478,4408.123,4423.246,3480,61,0,3480
2024-04-16 06:00:00,4423.262,4443.558,4417.699,4443.558,3483,61,0,3483
2024-04-16 07:00:00,4443.574,4455.433,4443.574,4455.419,3478,62,0,3478
2024-04-16 08:00:00,4455.421,4462.404,4445.453,4458.563,3502,62,0,3502
2024-04-16 09:00:00,4458.582,4470.622,4445.34,4453.507,3480,62,0,3480
2024-04-16 10:00:00,4453.507,4461.786,4451.458,4458.783,3488,62,0,3488
2024-04-16 11:00:00,4458.792,4483.396,4458.792,4472.018,3498,62,0,3498
2024-04-16 12:00:00,4472.028,4479.911,4452.939,4464.319,3500,62,0,3500
2024-04-16 13:00:00,4464.324,4474.216,4458.269,4460.706,3491,62,0,3491
2024-04-16 14:00:00,4460.711,4477.907,4455.98,4477.907,3486,62,0,3486
2024-04-16 15:00:00,4477.93,4486.174,4462.236,4462.981,3492,62,0,3492
2024-04-16 16:00:00,4462.996,4464.37,4452.397,4459.125,3491,62,0,3491
2024-04-16 17:00:00,4459.125,4483.498,4459.125,4483.498,3496,62,0,3496
2024-04-16 18:00:00,4483.5,4488.371,4467.383,4472.207,3503,62,0,3503
2024-04-16 19:00:00,4472.221,4481.009,4465.07,4480.297,3492,62,0,3492
2024-04-16 20:00:00,4480.31,4493.214,4480.31,4491.472,3496,62,0,3496
2024-04-16 21:00:00,4491.475,4502.155,4475.218,4476.322,3483,62,0,3483
2024-04-16 22:00:00,4476.332,4484.657,4469.858,4483.191,3488,62,0,3488
2024-04-16 23:00:00,4483.211,4507.464,4483.211,4500.871,3469,62,0,3469
2024-04-17 00:00:00,4500.878,4515.933,4494.377,4510.996,3477,62,0,3477
2024-04-17 01:00:00,4511.01,4514.612,4497.756,4510.383,3481,62,0,3481
2024-04-17 02:00:00,4510.397,4527.307,4509.391,4517.584,3499,63,0,3499
2024-04-17 03:00:00,4517.595,4533.605,4512.675,4515.079,3494,63,0,3494
2024-04-17 04:00:00,4515.101,4534.841,4515.101,4534.156,3507,63,0,3507
2024-04-17 05:00:00,4534.157,4539.57,4508.785,4509.599,3505,63,0,3505
2024-04-17 06:00:00,4509.612,4517.8,4502.576,4514.012,3481,63,0,3481
2024-04-17 07:00:00,4514.02,4525.209,4514.02,4524.102,3497,63,0,3497
2024-04-17 08:00:00,4524.116,4525.635,4506.922,4508.523,3475,63,0,3475
2024-04-17 09:00:00,4508.533,4531.28,4507.55,4531.28,3484,63,0,3484
2024-04-17 10:00:00,4531.298,4545.912,4530.862,4541.428,3490,63,0,3490
2024-04-17 11:00:00,4541.432,4548.96,4534.903,4535.663,3503,63,0,3503
2024-04-17 12:00:00,4535.67,4539.02,4507.3,4512.599,3508,63,0,3508
2024-04-17 13:00:00,4512.611,4521.606,4510.275,4521.065,3489,63,0,3489
2024-04-17 14:00:00,4521.07,4523.457,4498.232,4515.156,3496,62,0,3496
2024-04-17 15:00:00,4515.171,4528.113,4512.3,4517.095,3503,63,0,3503
2024-04-17 16:00:00,4517.108,4539.263,4517.108,4537.49,3483,63,0,3483
2024-04-17 17:00:00,4537.514,4540.146,4523.062,4527.024,3480,63,0,3480
2024-04-17 18:00:00,4527.027,4533.901,4516.703,4522.801,3493,63,0,3493
2024-04-17 19:00:00,4522.809,4532.591,4518.367,4526.984,3507,63,0,3507
2024-04-17 20:00:00,4526.995,4532.609,4521.248,4527.929,3508,63,0,3508
2024-04-17 21:00:00,4527.934,4542.284,4527.934,4538.635,3485,63,0,3485
2024-04-17 22:00:00,4538.641,4540.78,4515.626,4534.676,3487,63,0,3487
2024-04-17 23:00:00,4534.678,4545.104,4527.379,4536.395,3499,63,0,3499
2024-04-18 00:00:00,4536.399,4545.521,4530.532,4532.55,3465,63,0,3465
2024-04-18 01:00:00,4532.576,4543.371,4502.579,4509.084,3494,63,0,3494
2024-04-18 02:00:00,4509.088,4522.313,4509.088,4522.313,3513,63,0,3513
2024-04-18 03:00:00,4522.321,4522.895,4496.763,4505.232,3490,62,0,3490
2024-04-18 04:00:00,4505.237,4534.179,4504.422,4534.179,3489,63,0,3489
2024-04-18 05:00:00,4534.202,4541.561,4519.402,4520.413,3502,63,0,3502
2024-04-18 06:00:00,4520.417,4545.367,4520.417,4540.527,3495,63,0,3495
2024-04-18 07:00:00,4540.543,4541.535,4512.873,4514.039,3482,63,0,3482
2024-04-18 08:00:00,4514.059,4515.256,4494.117,4508.395,3493,62,0,3493
2024-04-18 09:00:00,4508.414,4510.061,4466.012,4466.687,3492,62,0,3492
2024-04-18 10:00:00,4466.696,4476.231,4435.913,4439.121,3487,62,0,3487
2024-04-18 11:00:00,4439.124,4440.898,4405.274,4409.347,3490,61,0,3490
2024-04-18 12:00:00,4409.353,4419.152,4401.868,4402.003,3483,61,0,3483
2024-04-18 13:00:00,4402.006,4408.111,4389.399,4393.671,3480,61,0,3480
2024-04-18 14:00:00,4393.674,4404.682,4393.674,4404.682,3494,61,0,3494
2024-04-18 15:00:00,4404.685,4416.562,4402.265,4416.562,3475,61,0,3475
2024-04-18 16:00:00,4416.565,4427.857,4408.378,4427.857,3485,61,0,3485
2024-04-18 17:00:00,4427.873,4440.641,4425.077,4429.979,3483,61,0,3483
2024-04-18 18:00:00,4429.982,4434.289,4420.217,4422.267,3496,61,0,3496
2024-04-18 19:00:00,4422.275,4430.602,4411.639,4430.602,3480,61,0,3480
2024-04-18 20:00:00,4430.622,4432.399,4411.715,4423.63,3481,61,0,3481
2024-04-18 21:00:00,4423.633,4444.079,4423.633,4444.079,3493,61,0,3493
2024-04-18 22:00:00,4444.086,4448.024,4438.239,4445.226,3509,62,0,3509
2024-04-18 23:00:00,4445.238,4463.973,4445.238,4454.745,3493,62,0,3493
2024-04-19 00:00:00,4454.763,4470.558,4453.63,4460.104,3499,62,0,3499
2024-04-19 01:00:00,4460.107,4462.216,4440.195,4443.605,3485,62,0,3485
2024-04-19 02:00:00,4443.611,4446.483,4438.114,4445.955,3483,62,0,3483
2024-04-19 03:00:00,4445.966,4448.63,4422.386,4429.723,3497,61,0,3497
2024-04-19 04:00:00,4429.744,4445.836,4419.892,4429.636,3493,61,0,3493
2024-04-19 05:00:00,4429.642,4435.227,4405.741,4410.382,3507,61,0,3507
2024-04-19 06:00:00,4410.385,4433.396,4410.385,4415.995,3494,61,0,3494
2024-04-19 07:00:00,4416.016,4425.587,4408.494,4422.31,3486,61,0,3486
2024-04-19 08:00:00,4422.323,4425.264,4408.923,4412.566,3490,61,0,3490
2024-04-19 09:00:00,4412.568,4420.248,4405.973,4413.051,3486,61,0,3486
2024-04-19 10:00:00,4413.056,4424.181,4408.146,4421.384,3482,61,0,3482
2024-04-19 11:00:00,4421.393,4430.551,4410.576,4427.307,3475,61,0,3475
2024-04-19 12:00:00,4427.31,4427.511,4381.059,4382.189,3499,61,0,3499
2024-04-19 13:00:00,4382.204,4387.631,4368.715,4369.279,3498,61,0,3498
2024-04-19 14:00:00,4369.282,4379.779,4367.3,4370.629,3498,61,0,3498
2024-04-19 15:00:00,4370.642,4372.999,4360.974,4369.926,3477,61,0,3477
2024-04-19 16:00:00,4369.935,4379.298,4350.571,4352.491,3498,60,0,3498
2024-04-19 17:00:00,4352.492,4353.463,4335.535,4338.627,3493,60,0,3493
2024-04-19 18:00:00,4338.632,4357.724,4338.632,4357.724,3482,60,0,3482
2024-04-19 19:00:00,4357.735,4359.814,4348.892,4353.091,3493,60,0,3493
2024-04-19 20:00:00,4353.101,4359.79,4346.25,4355.601,3471,60,0,3471
2024-04-19 21:00:00,4355.609,4365.034,4354.056,4360.178,3490,60,0,3490
2024-04-19 22:00:00,4360.183,4369.023,4350.948,4368.091,3498,60,0,3498
2024-04-19 23:00:00,4368.096,4380.947,4366.201,4373.011,3501,61,0,3501
2024-04-20 00:00:00,4373.036,4390.72,4373.036,4384.661,3485,61,0,3485
2024-04-20 01:00:00,4384.661,4402.086,4384.661,4388.604,3498,61,0,3498
2024-04-20 02:00:00,4388.612,4406.658,4384.119,4398.087,3493,61,0,3493
2024-04-20 03:00:00,4398.104,4416.943,4398.104,4416.169,3487,61,0,3487
2024-04-20 04:00:00,4416.178,4442.479,4413.772,4441.639,3487,61,0,3487
2024-04-20 05:00:00,4441.643,4453.019,4434.482,4441.802,3486,62,0,3486
2024-04-20 06:00:00,4441.817,4452.132,4434.559,4443.814,3492,62,0,3492
2024-04-20 07:00:00,4443.823,4445.215,4436.102,4443.416,3478,62,0,3478
2024-04-20 08:00:00,4443.425,4449.463,4437.724,4448.372,3490,62,0,3490
2024-04-20 09:00:00,4448.383,4450.038,4382.645,4384.768,3480,61,0,3480
2024-04-20 10:00:00,4384.784,4397.557,4382.041,4386.985,3489,61,0,3489
2024-04-20 11:00:00,4386.998,4399.423,4386.998,4399.423,3465,61,0,3465
2024-04-20 12:00:00,4399.427,4412.411,4395.476,4412.411,3492,61,0,3492
2024-04-20 13:00:00,4412.428,4423.014,4407.407,4421.288,3496,61,0,3496
2024-04-20 14:00:00,4421.296,4425.085,4407.508,4418.786,3479,61,0,3479
2024-04-20 15:00:00,4418.79,4440.969,4416.584,4437.026,3491,61,0,3491
2024-04-20 16:00:00,4437.034,4441.137,4416.199,4436.936,3509,61,0,3509
2024-04-20 17:00:00,4436.951,4440.872,4427.831,4440.872,3493,61,0,3493
2024-04-20 18:00:00,4440.887,4451.942,4428.682,4432.179,3473,62,0,3473
2024-04-20 19:00:00,4432.186,4446.425,4410.709,4410.891,3490,61,0,3490
2024-04-20 20:00:00,4410.899,4416.057,4391.863,4410.541,3484,61,0,3484
2024-04-20 21:00:00,4410.542,4420.002,4402.195,4409.904,3495,61,0,3495
2024-04-20 22:00:00,4409.904,4416.048,4382.34,4388.596,3484,61,0,3484
2024-04-20 23:00:00,4388.616,4406.885,4388.616,4406.885,3501,61,0,3501
2024-04-21 00:00:00,4406.899,4412.355,4398.613,4409.471,3487,61,0,3487
2024-04-21 01:00:00,4409.478,4419.678,4402.962,4416.147,3507,61,0,3507
2024-04-21 02:00:00,4416.155,4420.561,4399.088,4416.179,3490,61,0,3490
2024-04-21 03:00:00,4416.189,4439.976,4416.189,4438.189,3466,61,0,3466
2024-04-21 04:00:00,4438.202,4449.842,4430.155,4431.559,3470,62,0,3470
2024-04-21 05:00:00,4431.566,4449.082,4431.566,4438.699,3501,62,0,3501
2024-04-21 06:00:00,4438.699,4449.114,4433.917,4449.114,3485,62,0,3485
2024-04-21 07:00:00,4449.118,4453.417,4422.449,4427.547,3493,61,0,3493
2024-04-21 08:00:00,4427.558,4436.1,4423.653,4432.492,3478,61,0,3478
2024-04-21 09:00:00,4432.492,4440.778,4422.22,4434.876,3481,61,0,3481
2024-04-21 10:00:00,4434.888,4447.367,4431.794,4440.318,3486,62,0,3486
2024-04-21 11:00:00,4440.323,4452.165,4434.515,4444.43,3498,62,0,3498
2024-04-21 12:00:00,4444.435,4447.336,4429.592,4435.289,3496,62,0,3496
2024-04-21 13:00:00,4435.296,4435.404,4413.813,4421.827,3475,61,0,3475
2024-04-21 14:00:00,4421.83,4441.285,4421.83,4438.24,3478,61,0,3478
2024-04-21 15:00:00,4438.252,4455.959,4436.339,4452.629,3487,62,0,3487
2024-04-21 16:00:00,4452.631,4462.953,4449.73,4461.499,3494,62,0,3494
2024-04-21 17:00:00,4461.499,4466.212,4424.724,4434.787,3491,61,0,3491
2024-04-21 18:00:00,4434.787,4448.151,4432.502,4448.151,3479,62,0,3479
2024-04-21 19:00:00,4448.165,4451.327,4443.732,4450.446,3501,62,0,3501
2024-04-21 20:00:00,4450.45,4450.749,4420.555,4421.968,3502,61,0,3502
2024-04-21 21:00:00,4421.98,4441.807,4421.98,4441.119,3481,61,0,3481
2024-04-21 22:00:00,4441.131,4452.187,4416.705,4418.483,3494,61,0,3494
2024-04-21 23:00:00,4418.495,4423.708,4410.834,4422.411,3476,61,0,3476
2024-04-22 00:00:00,4422.417,4434.745,4421.098,4427.015,3482,61,0,3482
2024-04-22 01:00:00,4427.017,4431.164,4405.387,4417.972,3490,61,0,3490
2024-04-22 02:00:00,4417.987,4434.049,4415.563,4434.049,3485,61,0,3485
2024-04-22 03:00:00,4434.066,4441.884,4411.26,4415.019,3491,61,0,3491
2024-04-22 04:00:00,4415.027,4420.04,4402.459,4416.401,3484,61,0,3484
2024-04-22 05:00:00,4416.403,4428.52,4408.244,4428.52,3489,61,0,3489
2024-04-22 06:00:00,4428.521,4431.862,4411.798,4413.895,3480,61,0,3480
2024-04-22 07:00:00,4413.907,4431.309,4413.768,4424.618,3483,61,0,3483
2024-04-22 08:00:00,4424.625,4425.68,4406.679,4423.282,3488,61,0,3488
2024-04-22 09:00:00,4423.284,4433.627,4408.226,4410.141,3485,61,0,3485
2024-04-22 10:00:00,4410.147,4418.918,4406.109,4408.237,3489,61,0,3489
2024-04-22 11:00:00,4408.251,4413.15,4389.378,4399.075,3482,61,0,3482
2024-04-22 12:00:00,4399.077,4403.409,4388.612,4393.101,3483,61,0,3483
2024-04-22 13:00:00,4393.104,4398.823,4385.296,4395.287,3491,61,0,3491
2024-04-22 14:00:00,4395.302,4401.304,4383.223,4384.275,3480,61,0,3480
2024-04-22 15:00:00,4384.277,4389.45,4377.019,4379.775,3497,61,0,3497
2024-04-22 16:00:00,4379.781,4380.838,4365.016,4368.837,3476,61,0,3476
2024-04-22 17:00:00,4368.849,4381.149,4366.981,4376.677,3499,61,0,3499
2024-04-22 18:00:00,4376.704,4383.195,4370.206,4378.482,3493,61,0,3493
2024-04-22 19:00:00,4378.493,4395.333,4376.179,4386.372,3487,61,0,3487
2024-04-22 20:00:00,4386.384,4398.382,4386.384,4395.992,3473,61,0,3473
2024-04-22 21:00:00,4396.003,4419.528,4396.003,4419.528,3476,61,0,3476
2024-04-22 22:00:00,4419.54,4433.117,4419.54,4421.09,3489,61,0,3489
2024-04-22 23:00:00,4421.094,4425.38,4404.083,4405.524,3491,61,0,3491
2024-04-23 00:00:00,4405.535,4421.973,4404.001,4410.29,3501,61,0,3501
2024-04-23 01:00:00,4410.302,4418.583,4400.81,4407.46,3489,61,0,3489
2024-04-23 02:00:00,4407.466,4410.437,4395.196,4406.213,3503,61,0,3503
2024-04-23 03:00:00,4406.227,4414.407,4398.571,4398.924,3490,61,0,3490
2024-04-23 04:00:00,4398.942,4423.931,4398.942,4423.931,3479,61,0,3479
2024-04-23 05:00:00,4423.942,4436.645,4421.523,4435.232,3497,61,0,3497
2024-04-23 06:00:00,4435.241,4440.299,4424.845,4440.299,3484,61,0,3484
2024-04-23 07:00:00,4440.303,4445.141,4417.203,4432.03,3489,61,0,3489
2024-04-23 08:00:00,4432.047,4444.975,4425.109,4444.975,3500,61,0,3500
2024-04-23 09:00:00,4444.985,4457.292,4425.272,4426.123,3483,61,0,3483
2024-04-23 10:00:00,4426.125,4428.457,4414.688,4425.932,3493,61,0,3493
2024-04-23 11:00:00,4425.932,4429.191,4412.98,4423.926,3485,61,0,3485
2024-04-23 12:00:00,4423.932,4446.247,4423.28,4446.247,3473,61,0,3473
2024-04-23 13:00:00,4446.256,4466.51,4446.256,4466.51,3485,62,0,3485
2024-04-23 14:00:00,4466.514,4493.473,4465.561,4493.473,3505,62,0,3505
2024-04-23 15:00:00,4493.489,4520.27,4493.034,4520.27,3496,62,0,3496
2024-04-23 16:00:00,4520.271,4533.64,4518.355,4525.31,3496,63,0,3496
2024-04-23 17:00:00,4525.327,4532.125,4517.609,4526.733,3489,63,0,3489
2024-04-23 18:00:00,4526.736,4530.529,4520.243,4522.943,3484,63,0,3484
2024-04-23 19:00:00,4522.949,4537.2,4514.586,4515.227,3494,63,0,3494
2024-04-23 20:00:00,4515.241,4529.203,4514.383,4529.203,3489,63,0,3489
2024-04-23 21:00:00,4529.217,4539.363,4529.217,4536.648,3490,63,0,3490
2024-04-23 22:00:00,4536.649,4561.951,4536.649,4561.951,3480,63,0,3480
2024-04-23 23:00:00,4561.963,4575.911,4561.605,4568.305,3504,63,0,3504
2024-04-24 00:00:00,4568.31,4575.661,4554.358,4555.971,3492,63,0,3492
2024-04-24 01:00:00,4555.972,4566.857,4539.738,4542.2,3499,63,0,3499
2024-04-24 02:00:00,4542.202,4567.103,4542.202,4554.381,3473,63,0,3473
2024-04-24 03:00:00,4554.399,4555.344,4525.601,4540.135,3481,63,0,3481
2024-04-24 04:00:00,4540.143,4560.327,4540.143,4553.766,3487,63,0,3487
2024-04-24 05:00:00,4553.78,4569.113,4550.598,4563.558,3469,63,0,3469
2024-04-24 06:00:00,4563.573,4570.415,4555.956,4556.736,3477,63,0,3477
2024-04-24 07:00:00,4556.746,4558.865,4535.293,4543.729,3485,63,0,3485
2024-04-24 08:00:00,4543.731,4550.333,4527.391,4542.416,3497,63,0,3497
2024-04-24 09:00:00,4542.416,4545.739,4530.153,4545.739,3509,63,0,3509
2024-04-24 10:00:00,4545.739,4553.712,4533.774,4537.435,3494,63,0,3494
2024-04-24 11:00:00,4537.458,4539.775,4514.654,4516.133,3484,63,0,3484
2024-04-24 12:00:00,4516.14,4516.732,4498.271,4504.709,3491,63,0,3491
2024-04-24 13:00:00,4504.719,4515.568,4503.635,4505.009,3475,63,0,3475
2024-04-24 14:00:00,4505.012,4512.687,4498.362,4508.29,3498,62,0,3498
2024-04-24 15:00:00,4508.305,4517.99,4503.338,4517.65,3478,63,0,3478
2024-04-24 16:00:00,4517.654,4530.106,4517.334,4523.614,3497,63,0,3497
2024-04-24 17:00:00,4523.622,4528.077,4510.133,4527.06,3486,63,0,3486
2024-04-24 18:00:00,4527.066,4533.512,4521.468,4527.578,3463,63,0,3463
2024-04-24 19:00:00,4527.581,4532.82,4509.559,4528.561,3485,63,0,3485
2024-04-24 20:00:00,4528.569,4544.203,4527.012,4539.976,3480,63,0,3480
2024-04-24 21:00:00,4539.978,4545.682,4530.457,4536.48,3500,63,0,3500
2024-04-24 22:00:00,4536.483,4542.485,4528.157,4531.059,3500,63,0,3500
2024-04-24 23:00:00,4531.063,4545.477,4525.364,4534.839,3501,63,0,3501
2024-04-25 00:00:00,4534.858,4557.88,4532.063,4557.88,3500,63,0,3500
2024-04-25 01:00:00,4557.886,4568.72,4556.895,4560.405,3489,63,0,3489
2024-04-25 02:00:00,4560.407,4577.981,4558.532,4570.152,3483,63,0,3483
2024-04-25 03:00:00,4570.156,4574.941,4559.591,4562.363,3503,63,0,3503
2024-04-25 04:00:00,4562.367,4581.916,4559.719,4579.719,3481,63,0,3481
2024-04-25 05:00:00,4579.719,4586.898,4572.795,4578.107,3486,64,0,3486
2024-04-25 06:00:00,4578.127,4600.793,4578.127,4599.726,3485,64,0,3485
2024-04-25 07:00:00,4599.734,4604.264,4567.619,4571.676,3473,63,0,3473
2024-04-25 08:00:00,4571.683,4573.65,4543.846,4546.77,3483,63,0,3483
2024-04-25 09:00:00,4546.785,4557.756,4544.492,4553.21,3490,63,0,3490
2024-04-25 10:00:00,4553.224,4554.554,4528.899,4539.028,3491,63,0,3491
2024-04-25 11:00:00,4539.038,4546.539,4526.05,4544.058,3487,63,0,3487
2024-04-25 12:00:00,4544.075,4556.453,4537.126,4556.334,3475,63,0,3475
2024-04-25 13:00:00,4556.34,4562.17,4508.825,4509.174,3497,63,0,3497
2024-04-25 14:00:00,4509.181,4513.716,4488.821,4500.91,3465,62,0,3465
2024-04-25 15:00:00,4500.927,4511.125,4496.749,4507.678,3489,62,0,3489
2024-04-25 16:00:00,4507.679,4513.529,4504.251,4513.529,3481,63,0,3481
2024-04-25 17:00:00,4513.538,4520.27,4498.485,4509.442,3494,62,0,3494
2024-04-25 18:00:00,4509.449,4509.543,4495.551,4503.772,3479,62,0,3479
2024-04-25 19:00:00,4503.779,4523.811,4503.779,4523.811,3477,63,0,3477
2024-04-25 20:00:00,4523.823,4528.26,4505.966,4512.25,3499,63,0,3499
2024-04-25 21:00:00,4512.25,4525.473,4512.25,4521.404,3506,63,0,3506
2024-04-25 22:00:00,4521.404,4530.375,4516.554,4530.375,3497,63,0,3497
2024-04-25 23:00:00,4530.391,4546.503,4519.145,4526.126,3495,63,0,3495
2024-04-26 00:00:00,4526.127,4547.719,4525.924,4544.928,3494,63,0,3494
2024-04-26 01:00:00,4544.936,4548.293,4529.929,4531.458,3493,63,0,3493
2024-04-26 02:00:00,4531.468,4537.377,4521.898,4531.469,3483,63,0,3483
2024-04-26 03:00:00,4531.471,4555.635,4531.471,4547.043,3513,63,0,3513
2024-04-26 04:00:00,4547.055,4556.094,4540.279,4556.094,3470,63,0,3470
2024-04-26 05:00:00,4556.104,4581.538,4556.104,4581.538,3469,63,0,3469
2024-04-26 06:00:00,4581.547,4591.686,4572.484,4577.012,3497,64,0,3497
2024-04-26 07:00:00,4577.023,4577.861,4549.754,4555.05,3485,63,0,3485
2024-04-26 08:00:00,4555.058,4557.602,4541.061,4548.427,3481,63,0,3481
2024-04-26 09:00:00,4548.44,4557.275,4544.641,4551.264,3467,63,0,3467
2024-04-26 10:00:00,4551.276,4568.164,4551.276,4562.704,3488,63,0,3488
2024-04-26 11:00:00,4562.711,4570.281,4538.391,4550.471,3489,63,0,3489
2024-04-26 12:00:00,4550.48,4550.548,4504.787,4511.067,3489,63,0,3489
2024-04-26 13:00:00,4511.072,4517.313,4497.107,4514.5,3491,62,0,3491
2024-04-26 14:00:00,4514.506,4532.191,4510.11,4526.739,3487,63,0,3487
2024-04-26 15:00:00,4526.752,4532.905,4511.855,4526.668,3501,63,0,3501
2024-04-26 16:00:00,4526.67,4543.302,4526.67,4543.302,3488,63,0,3488
2024-04-26 17:00:00,4543.311,4555.656,4536.659,4537.986,3503,63,0,3503
2024-04-26 18:00:00,4537.991,4549.554,4532.901,4543.603,3479,63,0,3479
2024-04-26 19:00:00,4543.621,4556.658,4540.964,4556.658,3500,63,0,3500
2024-04-26 20:00:00,4556.673,4561.422,4540.124,4547.227,3492,63,0,3492
2024-04-26 21:00:00,4547.228,4551.775,4538.781,4551.775,3476,63,0,3476
2024-04-26 22:00:00,4551.786,4556.477,4542.307,4554.022,3492,63,0,3492
2024-04-26 23:00:00,4554.037,4576.72,4550.564,4576.72,3497,63,0,3497
2024-04-27 00:00:00,4576.722,4594.076,4573.362,4594.076,3495,64,0,3495
2024-04-27 01:00:00,4594.097,4598.551,4577.483,4587.468,3485,64,0,3485
2024-04-27 02:00:00,4587.497,4606.012,4583.97,4592.41,3503,64,0,3503
2024-04-27 03:00:00,4592.421,4597.376,4568.765,4572.957,3480,63,0,3480
2024-04-27 04:00:00,4572.961,4575.726,4563.096,4574.869,3503,63,0,3503
2024-04-27 05:00:00,4574.88,4587.569,4574.311,4584.707,3491,64,0,3491
2024-04-27 06:00:00,4584.725,4587.189,4559.738,4581.319,3494,63,0,3494
2024-04-27 07:00:00,4581.334,4599.154,4581.334,4594.244,3465,64,0,3465
2024-04-27 08:00:00,4594.246,4614.313,4594.246,4609.174,3512,64,0,3512
2024-04-27 09:00:00,4609.183,4633.278,4609.183,4633.278,3488,64,0,3488
2024-04-27 10:00:00,4633.289,4652.366,4631.897,4636.607,3475,64,0,3475
2024-04-27 11:00:00,4636.614,4645.234,4623.593,4627.961,3491,64,0,3491
2024-04-27 12:00:00,4627.962,4642.62,4627.962,4638.764,3494,64,0,3494
2024-04-27 13:00:00,4638.774,4646.841,4624.125,4625.518,3494,64,0,3494
2024-04-27 14:00:00,4625.533,4628.698,4611.576,4626.245,3492,64,0,3492
2024-04-27 15:00:00,4626.266,4648.232,4620.696,4622.974,3491,64,0,3491
2024-04-27 16:00:00,4622.981,4642.506,4620.337,4636.548,3503,64,0,3503
2024-04-27 17:00:00,4636.549,4662.175,4636.549,4662.175,3489,64,0,3489
2024-04-27 18:00:00,4662.181,4678.582,4662.181,4672.49,3493,65,0,3493
2024-04-27 19:00:00,4672.505,4678.002,4663.872,4676.225,3495,65,0,3495
2024-04-27 20:00:00,4676.242,4685.458,4657.79,4670.704,3492,65,0,3492
2024-04-27 21:00:00,4670.712,4699.424,4670.712,4699.424,3487,65,0,3487
2024-04-27 22:00:00,4699.441,4726.371,4692.574,4726.371,3497,65,0,3497
2024-04-27 23:00:00,4726.378,4742.222,4724.883,4742.222,3508,66,0,3508
2024-04-28 00:00:00,4742.223,4758.486,4742.223,4756.935,3487,66,0,3487
2024-04-28 01:00:00,4756.937,4778.753,4746.859,4778.753,3483,66,0,3483
2024-04-28 02:00:00,4778.76,4790.937,4773.584,4789.1,3489,66,0,3489
2024-04-28 03:00:00,4789.113,4806.259,4788.973,4799.706,3512,67,0,3512
2024-04-28 04:00:00,4799.709,4808.368,4778.344,4778.551,3480,66,0,3480
2024-04-28 05:00:00,4778.556,4804.901,4778.556,4800.734,3499,66,0,3499
2024-04-28 06:00:00,4800.738,4806.562,4776.514,4779.744,3521,66,0,3521
2024-04-28 07:00:00,4779.768,4790.571,4774.878,4779.688,3492,66,0,3492
2024-04-28 08:00:00,4779.705,4798.725,4779.705,4786.012,3494,66,0,3494
2024-04-28 09:00:00,4786.015,4799.38,4784.098,4795.529,3504,66,0,3504
2024-04-28 10:00:00,4795.548,4813.181,4795.548,4809.228,3493,67,0,3493
2024-04-28 11:00:00,4809.233,4828.085,4806.49,4813.535,3472,67,0,3472
2024-04-28 12:00:00,4813.552,4821.011,4799.279,4802.035,3506,67,0,3506
2024-04-28 13:00:00,4802.035,4806.424,4774.189,4780.88,3501,66,0,3501
2024-04-28 14:00:00,4780.883,4786.165,4772.924,4775.503,3485,66,0,3485
2024-04-28 15:00:00,4775.513,4792.38,4775.513,4788.664,3482,66,0,3482
2024-04-28 16:00:00,4788.67,4792.225,4776.39,4792.225,3500,66,0,3500
2024-04-28 17:00:00,4792.228,4796.328,4756.492,4757.505,3490,66,0,3490
2024-04-28 18:00:00,4757.514,4758.564,4731.795,4740.506,3509,66,0,3509
2024-04-28 19:00:00,4740.52,4758.72,4739.74,4758.72,3498,66,0,3498
2024-04-28 20:00:00,4758.726,4766.075,4752.224,4764.169,3489,66,0,3489
2024-04-28 21:00:00,4764.173,4779.276,4764.173,4773.53,3511,66,0,3511
2024-04-28 22:00:00,4773.538,4783.399,4753.03,4755.752,3499,66,0,3499
2024-04-28 23:00:00,4755.768,4772.125,4752.456,4762.395,3495,66,0,3495
2024-04-29 00:00:00,4762.41,4769.262,4756.276,4761.198,3491,66,0,3491
2024-04-29 01:00:00,4761.199,4775.242,4761.199,4765.806,3484,66,0,3484
2024-04-29 02:00:00,4765.818,4784.083,4762.442,4784.083,3502,66,0,3502
2024-04-29 03:00:00,4784.09,4790.945,4773.343,4786.176,3505,66,0,3505
2024-04-29 04:00:00,4786.189,4805.717,4785.142,4800.693,3522,67,0,3522
2024-04-29 05:00:00,4800.711,4814.775,4800.711,4803.487,3504,67,0,3504
2024-04-29 06:00:00,4803.5,4806.037,4789.117,4798.178,3495,67,0,3495
2024-04-29 07:00:00,4798.196,4800.604,4756.545,4766.327,3491,66,0,3491
2024-04-29 08:00:00,4766.335,4771.844,4743.027,4745.964,3486,66,0,3486
2024-04-29 09:00:00,4745.991,4764.05,4741.923,4759.816,3494,66,0,3494
2024-04-29 10:00:00,4759.823,4767.145,4746.613,4758.362,3506,66,0,3506
2024-04-29 11:00:00,4758.367,4776.64,4755.477,4769.753,3499,66,0,3499
2024-04-29 12:00:00,4769.765,4774.58,4761.779,4768.232,3488,66,0,3488
2024-04-29 13:00:00,4768.244,4784.721,4762.708,4769.474,3497,66,0,3497
2024-04-29 14:00:00,4769.478,4784.346,4769.478,4782.4,3480,66,0,3480
2024-04-29 15:00:00,4782.408,4791.455,4777.739,4789.192,3502,66,0,3502
2024-04-29 16:00:00,4789.22,4798.477,4780.905,4783.381,3509,66,0,3509
2024-04-29 17:00:00,4783.387,4785.764,4759.27,4763.798,3478,66,0,3478
2024-04-29 18:00:00,4763.805,4789.631,4763.378,4789.631,3499,66,0,3499
2024-04-29 19:00:00,4789.633,4813.889,4789.633,4805.828,3504,67,0,3504
2024-04-29 20:00:00,4805.847,4815.515,4801.877,4815.515,3506,67,0,3506
2024-04-29 21:00:00,4815.519,4820.396,4803.244,4820.396,3481,67,0,3481
2024-04-29 22:00:00,4820.399,4844.136,4818.214,4844.136,3503,67,0,3503
2024-04-29 23:00:00,4844.141,4856.573,4824.717,4825.661,3502,67,0,3502
2024-04-30 00:00:00,4825.668,4835.741,4819.537,4826.065,3503,67,0,3503
2024-04-30 01:00:00,4826.07,4837.177,4826.07,4832.366,3493,67,0,3493
2024-04-30 02:00:00,4832.381,4853.691,4832.381,4847.287,3515,67,0,3515
2024-04-30 03:00:00,4847.292,4848.347,4805.419,4818.591,3515,67,0,3515
2024-04-30 04:00:00,4818.602,4829.754,4818.602,4829.754,3516,67,0,3516
2024-04-30 05:00:00,4829.756,4839.998,4823.055,4823.961,3495,67,0,3495
2024-04-30 06:00:00,4823.971,4854.062,4823.971,4854.062,3495,67,0,3495
2024-04-30 07:00:00,4854.066,4867.613,4836.463,4837.922,3482,67,0,3482
2024-04-30 08:00:00,4837.943,4849.214,4829.567,4847.611,3486,67,0,3486
2024-04-30 09:00:00,4847.616,4849.569,4827.235,4827.799,3516,67,0,3516
2024-04-30 10:00:00,4827.816,4839.858,4824.378,4832.463,3503,67,0,3503
2024-04-30 11:00:00,4832.468,4840.537,4809.409,4809.49,3494,67,0,3494
2024-04-30 12:00:00,4809.507,4825.459,4809.507,4819.995,3505,67,0,3505
2024-04-30 13:00:00,4819.995,4828.181,4791.338,4800.147,3490,67,0,3490
2024-04-30 14:00:00,4800.151,4801.947,4785.9,4794.975,3499,67,0,3499
2024-04-30 15:00:00,4794.996,4814.466,4792.857,4796.912,3496,67,0,3496
2024-04-30 16:00:00,4796.93,4806.133,4786.738,4805.018,3503,67,0,3503
2024-04-30 17:00:00,4805.019,4817.349,4804.745,4806.617,3496,67,0,3496
2024-04-30 18:00:00,4806.649,4815.451,4803.493,4812.085,3492,67,0,3492
2024-04-30 19:00:00,4812.094,4815.706,4777.195,4780.654,3489,66,0,3489
2024-04-30 20:00:00,4780.659,4802.142,4780.659,4802.142,3506,66,0,3506
2024-04-30 21:00:00,4802.154,4808.828,4774.061,4778.124,3508,66,0,3508
2024-04-30 22:00:00,4778.13,4794.115,4773.592,4783.388,3490,66,0,3490
2024-04-30 23:00:00,4783.391,4807.236,4783.391,4792.605,3500,67,0,3500
2024-05-01 00:00:00,4792.618,4797.7,4774.669,4783.415,3503,66,0,3503
2024-05-01 01:00:00,4783.426,4799.527,4783.426,4791.822,3494,66,0,3494
2024-05-01 02:00:00,4791.828,4810.74,4791.828,4795.273,3502,67,0,3502
2024-05-01 03:00:00,4795.274,4803.377,4770.083,4771.195,3491,66,0,3491
2024-05-01 04:00:00,4771.197,4780.939,4754.66,4755.504,3507,66,0,3507
2024-05-01 05:00:00,4755.507,4761.31,4728.866,4729.022,3491,66,0,3491
2024-05-01 06:00:00,4729.024,4763.278,4729.024,4763.278,3480,66,0,3480
2024-05-01 07:00:00,4763.289,4770.229,4753.006,4755.341,3519,66,0,3519
2024-05-01 08:00:00,4755.36,4767.524,4755.36,4758.272,3510,66,0,3510
2024-05-01 09:00:00,4758.283,4772.816,4746.684,4772.816,3472,66,0,3472
2024-05-01 10:00:00,4772.828,4775.693,4764.147,4768.391,3505,66,0,3505
2024-05-01 11:00:00,4768.405,4769.381,4735.469,4739.028,3510,66,0,3510
2024-05-01 12:00:00,4739.031,4752.157,4729.901,4751.619,3487,66,0,3487
2024-05-01 13:00:00,4751.622,4769.771,4751.622,4761.382,3483,66,0,3483
2024-05-01 14:00:00,4761.391,4780.369,4761.391,4779.555,3496,66,0,3496
2024-05-01 15:00:00,4779.57,4780.114,4765.169,4772.952,3512,66,0,3512
2024-05-01 16:00:00,4772.956,4786.068,4772.956,4786.068,3501,66,0,3501
2024-05-01 17:00:00,4786.093,4787.643,4747.59,4751.13,3500,66,0,3500
2024-05-01 18:00:00,4751.132,4776.55,4751.132,4776.55,3506,66,0,3506
2024-05-01 19:00:00,4776.557,4789.667,4750.851,4762.993,3509,66,0,3509
2024-05-01 20:00:00,4763.009,4768.636,4729.649,4730.185,3500,66,0,3500
2024-05-01 21:00:00,4730.196,4746.723,4730.016,4746.723,3499,66,0,3499
2024-05-01 22:00:00,4746.728,4761.062,4743.397,4747.124,3499,66,0,3499
2024-05-01 23:00:00,4747.135,4768.031,4745.735,4768.031,3486,66,0,3486
2024-05-02 00:00:00,4768.051,4795.204,4768.051,4788.464,3496,66,0,3496
2024-05-02 01:00:00,4788.471,4808.163,4788.471,4808.163,3498,67,0,3498
2024-05-02 02:00:00,4808.169,4816.478,4805.704,4814.082,3501,67,0,3501
2024-05-02 03:00:00,4814.097,4818.485,4796.834,4799.393,3508,67,0,3508
2024-05-02 04:00:00,4799.402,4814.636,4795.071,4799.173,3511,67,0,3511
2024-05-02 05:00:00,4799.176,4817.758,4792.464,4805.698,3507,67,0,3507
2024-05-02 06:00:00,4805.707,4826.166,4805.707,4826.166,3498,67,0,3498
2024-05-02 07:00:00,4826.183,4844.886,4821.759,4844.886,3489,67,0,3489
2024-05-02 08:00:00,4844.892,4845.828,4821.09,4829.388,3502,67,0,3502
2024-05-02 09:00:00,4829.403,4831.295,4785.593,4801.343,3499,67,0,3499
2024-05-02 10:00:00,4801.359,4802.136,4777.438,4783.716,3503,66,0,3503
2024-05-02 11:00:00,4783.716,4793.296,4779.029,4783.404,3502,66,0,3502
2024-05-02 12:00:00,4783.416,4798.201,4777.581,4778.379,3509,66,0,3509
2024-05-02 13:00:00,4778.389,4780.113,4759.075,4768.756,3504,66,0,3504
2024-05-02 14:00:00,4768.772,4783.504,4768.772,4779.648,3493,66,0,3493
2024-05-02 15:00:00,4779.666,4792.835,4769.83,4792.835,3492,66,0,3492
2024-05-02 16:00:00,4792.845,4799.883,4783.633,4793.872,3504,66,0,3504
2024-05-02 17:00:00,4793.897,4795.66,4775.075,4780.587,3495,66,0,3495
2024-05-02 18:00:00,4780.599,4790.667,4768.824,4787.186,3524,66,0,3524
2024-05-02 19:00:00,4787.196,4797.696,4787.095,4795.677,3489,67,0,3489
2024-05-02 20:00:00,4795.681,4812.682,4794.341,4802.023,3490,67,0,3490
2024-05-02 21:00:00,4802.027,4806.836,4782.929,4797.21,3505,66,0,3505
2024-05-02 22:00:00,4797.231,4808.196,4792.032,4799.759,3491,67,0,3491
2024-05-02 23:00:00,4799.777,4828.922,4799.777,4828.922,3497,67,0,3497
2024-05-03 00:00:00,4828.94,4833.792,4818.735,4821.754,3496,67,0,3496
2024-05-03 01:00:00,4821.765,4834.582,4810.763,4834.582,3490,67,0,3490
2024-05-03 02:00:00,4834.609,4839.205,4813.829,4815.171,3505,67,0,3505
2024-05-03 03:00:00,4815.184,4833.597,4806.634,4808.008,3491,67,0,3491
2024-05-03 04:00:00,4808.03,4810.384,4780.856,4798.689,3492,66,0,3492
2024-05-03 05:00:00,4798.691,4812.899,4798.691,4807.901,3507,67,0,3507
2024-05-03 06:00:00,4807.91,4824.488,4806.478,4824.488,3482,67,0,3482
2024-05-03 07:00:00,4824.489,4836.318,4822.854,4830.323,3502,67,0,3502
2024-05-03 08:00:00,4830.333,4843.365,4815.004,4818.298,3489,67,0,3489
2024-05-03 09:00:00,4818.304,4824.143,4808.19,4815.535,3490,67,0,3490
2024-05-03 10:00:00,4815.547,4839.111,4815.547,4839.111,3499,67,0,3499
2024-05-03 11:00:00,4839.116,4841.117,4802.756,4815.164,3496,67,0,3496
2024-05-03 12:00:00,4815.166,4821.464,4793.691,4798.012,3495,67,0,3495
2024-05-03 13:00:00,4798.03,4804.041,4785.261,4804.041,3512,67,0,3512
2024-05-03 14:00:00,4804.044,4822.05,4804.044,4820.81,3501,67,0,3501
2024-05-03 15:00:00,4820.833,4831.258,4814.231,4826.97,3497,67,0,3497
2024-05-03 16:00:00,4826.976,4829.748,4807.144,4821.305,3502,67,0,3502
2024-05-03 17:00:00,4821.313,4832.236,4814.409,4814.727,3487,67,0,3487
2024-05-03 18:00:00,4814.728,4819.979,4803.502,4815.005,3484,67,0,3484
2024-05-03 19:00:00,4815.021,4826.923,4812.958,4822.045,3504,67,0,3504
2024-05-03 20:00:00,4822.057,4825.444,4805.312,4806.558,3496,67,0,3496
2024-05-03 21:00:00,4806.574,4819.391,4789.956,4791.658,3488,67,0,3488
2024-05-03 22:00:00,4791.674,4794.351,4763.08,4769.04,3514,66,0,3514
2024-05-03 23:00:00,4769.056,4772.425,4747.022,4751.505,3517,66,0,3517
2024-05-04 00:00:00,4751.511,4752.219,4698.003,4698.503,3514,65,0,3514
2024-05-04 01:00:00,4698.527,4706.745,4692.859,4698.862,3499,65,0,3499
2024-05-04 02:00:00,4698.864,4709.402,4698.864,4706.813,3502,65,0,3502
2024-05-04 03:00:00,4706.819,4714.45,4689.786,4695.715,3503,65,0,3503
2024-05-04 04:00:00,4695.73,4729.285,4695.248,4723.31,3513,65,0,3513
2024-05-04 05:00:00,4723.322,4741.902,4719.131,4735.746,3507,66,0,3507
2024-05-04 06:00:00,4735.749,4747.28,4716.264,4722.42,3504,66,0,3504
2024-05-04 07:00:00,4722.429,4734.258,4722.429,4729.872,3499,66,0,3499
2024-05-04 08:00:00,4729.886,4745.301,4726.994,4734.303,3492,66,0,3492
2024-05-04 09:00:00,4734.323,4752.776,4734.323,4752.776,3506,66,0,3506
2024-05-04 10:00:00,4752.781,4761.339,4730.443,4741.614,3489,66,0,3489
2024-05-04 11:00:00,4741.623,4755.603,4731.656,4755.603,3471,66,0,3471
2024-05-04 12:00:00,4755.605,4768.767,4748.937,4749.589,3517,66,0,3517
2024-05-04 13:00:00,4749.599,4758.109,4738.276,4744.08,3515,66,0,3515
2024-05-04 14:00:00,4744.092,4744.818,4708.638,4708.643,3487,65,0,3487
2024-05-04 15:00:00,4708.644,4711.971,4688.446,4703.602,3485,65,0,3485
2024-05-04 16:00:00,4703.61,4720.238,4702.258,4707.067,3487,65,0,3487
2024-05-04 17:00:00,4707.075,4716.221,4695.039,4698.371,3495,65,0,3495
2024-05-04 18:00:00,4698.379,4708.592,4689.141,4692.5,3495,65,0,3495
2024-05-04 19:00:00,4692.511,4703.423,4684.024,4687.981,3483,65,0,3483
2024-05-04 20:00:00,4687.989,4703.735,4684.279,4694.323,3501,65,0,3501
2024-05-04 21:00:00,4694.325,4696.535,4663.464,4663.761,3482,65,0,3482
2024-05-04 22:00:00,4663.769,4666.599,4653.052,4666.181,3493,65,0,3493
2024-05-04 23:00:00,4666.183,4684.389,4660.732,4663.639,3496,65,0,3496
2024-05-05 00:00:00,4663.639,4669.775,4640.605,4661.305,3496,64,0,3496
2024-05-05 01:00:00,4661.313,4676.987,4661.313,4669.796,3506,65,0,3506
2024-05-05 02:00:00,4669.807,4676.471,4663.958,4675.916,3492,65,0,3492
2024-05-05 03:00:00,4675.931,4684.793,4652.839,4664.197,3494,65,0,3494
2024-05-05 04:00:00,4664.203,4670.969,4652.39,4654.792,3491,65,0,3491
2024-05-05 05:00:00,4654.803,4681.33,4654.803,4680.913,3502,65,0,3502
2024-05-05 06:00:00,4680.923,4694.633,4680.923,4689.57,3495,65,0,3495
2024-05-05 07:00:00,4689.574,4696.055,4680.869,4683.664,3501,65,0,3501
2024-05-05 08:00:00,4683.675,4687.752,4667.882,4673.441,3500,65,0,3500
2024-05-05 09:00:00,4673.445,4693.832,4673.445,4687.918,3480,65,0,3480
2024-05-05 10:00:00,4687.926,4689.894,4668.68,4676.086,3499,65,0,3499
2024-05-05 11:00:00,4676.095,4689.269,4676.095,4685.464,3501,65,0,3501
2024-05-05 12:00:00,4685.466,4703.386,4676.839,4683.248,3477,65,0,3477
2024-05-05 13:00:00,4683.265,4687.369,4670.527,4672.595,3506,65,0,3506
2024-05-05 14:00:00,4672.597,4692.116,4670.275,4691.649,3485,65,0,3485
2024-05-05 15:00:00,4691.651,4713.027,4689.145,4708.566,3503,65,0,3503
2024-05-05 16:00:00,4708.566,4716.229,4707.535,4709.521,3506,65,0,3506
2024-05-05 17:00:00,4709.523,4717.077,4689.081,4693.277,3495,65,0,3495
2024-05-05 18:00:00,4693.281,4697.093,4667.576,4668.465,3501,65,0,3501
2024-05-05 19:00:00,4668.471,4692.504,4666.555,4692.504,3507,65,0,3507
2024-05-05 20:00:00,4692.524,4709.938,4684.04,4688.476,3485,65,0,3485
2024-05-05 21:00:00,4688.486,4696.328,4673.976,4696.328,3479,65,0,3479
2024-05-05 22:00:00,4696.33,4696.81,4664.633,4676.207,3494,65,0,3494
2024-05-05 23:00:00,4676.209,4691.292,4676.209,4687.443,3484,65,0,3484
2024-05-06 00:00:00,4687.445,4691.739,4658.252,4659.462,3493,65,0,3493
2024-05-06 01:00:00,4659.463,4676.334,4659.463,4673.483,3498,65,0,3498
2024-05-06 02:00:00,4673.488,4680.459,4667.955,4677.422,3461,65,0,3461
2024-05-06 03:00:00,4677.441,4683.201,4656.22,4662.518,3473,65,0,3473
2024-05-06 04:00:00,4662.533,4678.602,4655.516,4661.035,3487,65,0,3487
2024-05-06 05:00:00,4661.041,4668.409,4651.161,4664.334,3495,65,0,3495
2024-05-06 06:00:00,4664.34,4666.191,4655.471,4662.92,3499,65,0,3499
2024-05-06 07:00:00,4662.932,4663.603,4630.043,4646.151,3505,64,0,3505
2024-05-06 08:00:00,4646.158,4657.321,4642.143,4655.077,3471,64,0,3471
2024-05-06 09:00:00,4655.079,4672.962,4655.079,4666.274,3487,65,0,3487
2024-05-06 10:00:00,4666.281,4668.134,4613.881,4615.268,3493,64,0,3493
2024-05-06 11:00:00,4615.284,4627.22,4611.2,4624.235,3494,64,0,3494
2024-05-06 12:00:00,4624.241,4657.143,4624.241,4657.143,3479,64,0,3479
2024-05-06 13:00:00,4657.15,4665.808,4646.345,4648.605,3484,65,0,3484
2024-05-06 14:00:00,4648.62,4666.619,4647.189,4656.431,3490,65,0,3490
2024-05-06 15:00:00,4656.433,4683.895,4656.433,4676.511,3488,65,0,3488
2024-05-06 16:00:00,4676.52,4684.164,4668.078,4671.074,3502,65,0,3502
2024-05-06 17:00:00,4671.083,4684.493,4667.471,4670.766,3494,65,0,3494
2024-05-06 18:00:00,4670.78,4691.853,4670.78,4691.853,3500,65,0,3500
2024-05-06 19:00:00,4691.872,4715.295,4689.055,4706.417,3495,65,0,3495
2024-05-06 20:00:00,4706.433,4720.45,4704.931,4720.146,3498,65,0,3498
2024-05-06 21:00:00,4720.161,4733.202,4717.517,4729.292,3478,66,0,3478
2024-05-06 22:00:00,4729.297,4749.862,4729.297,4745.497,3514,66,0,3514
2024-05-06 23:00:00,4745.516,4762.18,4745.516,4759.022,3496,66,0,3496
2024-05-07 00:00:00,4759.028,4766.378,4745.789,4750.751,3499,66,0,3499
2024-05-07 01:00:00,4750.765,4770.281,4744.612,4770.281,3485,66,0,3485
2024-05-07 02:00:00,4770.299,4774.262,4756.785,4766.543,3504,66,0,3504
2024-05-07 03:00:00,4766.547,4794.171,4762.942,4794.171,3490,66,0,3490
2024-05-07 04:00:00,4794.185,4800.511,4775.373,4782.26,3509,66,0,3509
2024-05-07 05:00:00,4782.271,4804.12,4782.271,4785.292,3498,66,0,3498
2024-05-07 06:00:00,4785.294,4791.447,4772.753,4786.563,3505,66,0,3505
2024-05-07 07:00:00,4786.568,4792.69,4755.276,4759.66,3528,66,0,3528
2024-05-07 08:00:00,4759.668,4781.499,4759.668,4775.222,3503,66,0,3503
2024-05-07 09:00:00,4775.228,4787.838,4767.064,4783.949,3479,66,0,3479
2024-05-07 10:00:00,4783.959,4793.962,4766.048,4766.644,3489,66,0,3489
2024-05-07 11:00:00,4766.657,4790.415,4766.657,4790.415,3517,66,0,3517
2024-05-07 12:00:00,4790.421,4798.304,4782.495,4787.213,3490,66,0,3490
2024-05-07 13:00:00,4787.23,4810.268,4787.23,4803.492,3510,67,0,3510
2024-05-07 14:00:00,4803.511,4812.951,4782.879,4784.283,3496,66,0,3496
2024-05-07 15:00:00,4784.292,4796.814,4778.368,4796.814,3504,66,0,3504
2024-05-07 16:00:00,4796.829,4810.182,4787.276,4810.182,3518,67,0,3518
2024-05-07 17:00:00,4810.184,4824.495,4799.639,4824.495,3501,67,0,3501
2024-05-07 18:00:00,4824.502,4834.411,4802.29,4806.284,3490,67,0,3490
2024-05-07 19:00:00,4806.308,4828.352,4806.308,4824.719,3489,67,0,3489
2024-05-07 20:00:00,4824.721,4832.23,4819.369,4832.23,3483,67,0,3483
2024-05-07 21:00:00,4832.231,4844.442,4824.927,4827.193,3496,67,0,3496
2024-05-07 22:00:00,4827.199,4832.437,4806.629,4814.036,3506,67,0,3506
2024-05-07 23:00:00,4814.038,4814.637,4795.787,4800.132,3504,67,0,3504
2024-05-08 00:00:00,4800.14,4830.835,4800.14,4829.862,3501,67,0,3501
2024-05-08 01:00:00,4829.862,4854.927,4829.862,4854.927,3504,67,0,3504
2024-05-08 02:00:00,4854.929,4865.528,4853.217,4860.685,3505,67,0,3505
2024-05-08 03:00:00,4860.703,4875.127,4860.703,4870.699,3475,68,0,3475
2024-05-08 04:00:00,4870.707,4882.116,4870.707,4877.477,3503,68,0,3503
2024-05-08 05:00:00,4877.483,4878.384,4846.414,4847.428,3500,67,0,3500
2024-05-08 06:00:00,4847.433,4847.452,4824.021,4843.874,3504,67,0,3504
2024-05-08 07:00:00,4843.893,4873.929,4841.764,4873.929,3498,67,0,3498
2024-05-08 08:00:00,4873.943,4883.94,4867.543,4879.921,3504,68,0,3504
2024-05-08 09:00:00,4879.93,4891.876,4866.808,4868.44,3504,68,0,3504
2024-05-08 10:00:00,4868.46,4890.753,4868.46,4890.753,3500,68,0,3500
2024-05-08 11:00:00,4890.757,4892.506,4863.987,4868.182,3503,68,0,3503
2024-05-08 12:00:00,4868.19,4871.139,4855.131,4855.704,3518,67,0,3518
2024-05-08 13:00:00,4855.714,4865.849,4845.556,4865.849,3506,67,0,3506
2024-05-08 14:00:00,4865.868,4885.682,4865.83,4880.155,3510,68,0,3510
2024-05-08 15:00:00,4880.162,4899.266,4880.162,4897.847,3489,68,0,3489
2024-05-08 16:00:00,4897.861,4910.467,4895.887,4910.467,3503,68,0,3503
2024-05-08 17:00:00,4910.478,4912.621,4878.934,4897.144,3503,68,0,3503
2024-05-08 18:00:00,4897.163,4921.109,4897.163,4908.72,3495,68,0,3495
2024-05-08 19:00:00,4908.724,4920.041,4896.829,4904.506,3494,68,0,3494
2024-05-08 20:00:00,4904.511,4920.613,4899.293,4920.613,3507,68,0,3507
2024-05-08 21:00:00,4920.615,4922.991,4899.414,4907.108,3509,68,0,3509
2024-05-08 22:00:00,4907.122,4920.474,4900.843,4920.474,3508,68,0,3508
2024-05-08 23:00:00,4920.484,4922.39,4907.406,4917.606,3507,68,0,3507
2024-05-09 00:00:00,4917.609,4922.743,4906.41,4922.743,3516,68,0,3516
2024-05-09 01:00:00,4922.763,4941.929,4922.0,4941.787,3514,68,0,3514
2024-05-09 02:00:00,4941.792,4953.8,4941.162,4953.8,3494,69,0,3494
2024-05-09 03:00:00,4953.817,4966.05,4950.139,4966.05,3492,69,0,3492
2024-05-09 04:00:00,4966.065,4970.004,4951.441,4960.714,3507,69,0,3507
2024-05-09 05:00:00,4960.714,4965.802,4954.323,4960.535,3501,69,0,3501
2024-05-09 06:00:00,4960.55,4963.32,4947.319,4951.775,3508,69,0,3508
2024-05-09 07:00:00,4951.783,4960.459,4945.53,4960.205,3505,69,0,3505
2024-05-09 08:00:00,4960.214,4974.178,4952.993,4954.207,3494,69,0,3494
2024-05-09 09:00:00,4954.226,4976.513,4951.379,4968.868,3498,69,0,3498
2024-05-09 10:00:00,4968.894,4975.155,4946.172,4948.23,3508,69,0,3508
2024-05-09 11:00:00,4948.232,4959.431,4941.575,4945.88,3507,69,0,3507
2024-05-09 12:00:00,4945.892,4956.39,4935.949,4941.683,3491,69,0,3491
2024-05-09 13:00:00,4941.689,4947.67,4933.193,4940.394,3506,69,0,3506
2024-05-09 14:00:00,4940.4,4956.249,4933.159,4954.415,3502,69,0,3502
2024-05-09 15:00:00,4954.417,4970.754,4947.296,4951.139,3505,69,0,3505
2024-05-09 16:00:00,4951.153,4962.425,4946.275,4959.396,3498,69,0,3498
2024-05-09 17:00:00,4959.413,4977.607,4956.889,4967.635,3500,69,0,3500
2024-05-09 18:00:00,4967.645,4968.378,4953.586,4956.131,3493,69,0,3493
2024-05-09 19:00:00,4956.147,4973.716,4955.558,4972.518,3492,69,0,3492
2024-05-09 20:00:00,4972.533,4984.621,4953.634,4975.494,3501,69,0,3501
2024-05-09 21:00:00,4975.505,4977.144,4951.335,4960.879,3509,69,0,3509
2024-05-09 22:00:00,4960.898,4969.52,4947.229,4960.206,3500,69,0,3500
2024-05-09 23:00:00,4960.213,4960.722,4936.794,4960.722,3503,69,0,3503
2024-05-10 00:00:00,4960.726,4973.056,4955.742,4961.544,3496,69,0,3496
2024-05-10 01:00:00,4961.549,4969.691,4953.661,4956.602,3488,69,0,3488
2024-05-10 02:00:00,4956.611,4964.204,4948.397,4952.768,3523,69,0,3523
2024-05-10 03:00:00,4952.781,4956.342,4939.405,4955.444,3492,69,0,3492
2024-05-10 04:00:00,4955.449,4968.595,4951.142,4960.031,3488,69,0,3488
2024-05-10 05:00:00,4960.046,4974.288,4960.046,4969.316,3485,69,0,3485
2024-05-10 06:00:00,4969.327,4971.114,4948.983,4969.082,3498,69,0,3498
2024-05-10 07:00:00,4969.103,4976.683,4962.082,4972.405,3511,69,0,3511
2024-05-10 08:00:00,4972.423,4973.923,4940.963,4942.074,3501,69,0,3501
2024-05-10 09:00:00,4942.086,4967.274,4942.086,4956.539,3497,69,0,3497
2024-05-10 10:00:00,4956.543,4964.046,4935.288,4942.296,3502,69,0,3502
2024-05-10 11:00:00,4942.302,4962.113,4937.349,4942.646,3496,69,0,3496
2024-05-10 12:00:00,4942.651,4947.665,4922.827,4926.044,3480,68,0,3480
2024-05-10 13:00:00,4926.067,4935.883,4915.864,4915.872,3488,68,0,3488
2024-05-10 14:00:00,4915.883,4917.267,4891.073,4892.063,3480,68,0,3480
2024-05-10 15:00:00,4892.072,4903.203,4890.076,4902.051,3513,68,0,3513
2024-05-10 16:00:00,4902.069,4907.538,4889.981,4901.708,3478,68,0,3478
2024-05-10 17:00:00,4901.718,4920.122,4901.718,4920.122,3491,68,0,3491
2024-05-10 18:00:00,4920.123,4923.847,4898.892,4900.446,3491,68,0,3491
2024-05-10 19:00:00,4900.459,4917.837,4900.459,4916.048,3509,68,0,3509
2024-05-10 20:00:00,4916.062,4919.519,4903.148,4917.944,3497,68,0,3497
2024-05-10 21:00:00,4917.951,4932.204,4913.554,4932.204,3500,68,0,3500
2024-05-10 22:00:00,4932.204,4932.214,4899.196,4908.415,3495,68,0,3495
2024-05-10 23:00:00,4908.429,4918.343,4898.831,4918.343,3484,68,0,3484
2024-05-11 00:00:00,4918.353,4925.272,4906.802,4923.963,3507,68,0,3507
2024-05-11 01:00:00,4923.976,4939.157,4920.974,4933.035,3512,68,0,3512
2024-05-11 02:00:00,4933.036,4947.513,4933.036,4947.512,3496,69,0,3496
2024-05-11 03:00:00,4947.536,4971.327,4947.536,4953.617,3493,69,0,3493
2024-05-11 04:00:00,4953.618,4974.428,4953.618,4966.147,3505,69,0,3505
2024-05-11 05:00:00,4966.148,4972.057,4954.918,4967.857,3499,69,0,3499
2024-05-11 06:00:00,4967.882,4975.443,4960.559,4964.052,3480,69,0,3480
2024-05-11 07:00:00,4964.069,4974.17,4926.601,4931.727,3497,68,0,3497
2024-05-11 08:00:00,4931.731,4940.974,4923.528,4926.073,3482,68,0,3482
2024-05-11 09:00:00,4926.091,4937.375,4922.205,4937.375,3513,68,0,3513
2024-05-11 10:00:00,4937.377,4947.751,4937.022,4946.179,3507,69,0,3507
2024-05-11 11:00:00,4946.198,4953.682,4932.692,4939.541,3507,69,0,3507
2024-05-11 12:00:00,4939.547,4940.6,4919.222,4928.265,3493,68,0,3493
2024-05-11 13:00:00,4928.271,4932.137,4909.386,4916.985,3477,68,0,3477
2024-05-11 14:00:00,4916.994,4931.84,4916.994,4930.479,3518,68,0,3518
2024-05-11 15:00:00,4930.482,4933.468,4915.422,4922.987,3519,68,0,3519
2024-05-11 16:00:00,4922.988,4947.867,4922.988,4938.718,3496,68,0,3496
2024-05-11 17:00:00,4938.738,4959.056,4938.738,4951.613,3523,69,0,3523
2024-05-11 18:00:00,4951.618,4959.946,4940.282,4959.946,3491,69,0,3491
2024-05-11 19:00:00,4959.951,4973.633,4951.332,4973.633,3506,69,0,3506
2024-05-11 20:00:00,4973.647,4990.632,4972.255,4990.632,3502,69,0,3502
2024-05-11 21:00:00,4990.639,5009.918,4990.639,5003.709,3499,69,0,3499
2024-05-11 22:00:00,5003.71,5010.87,4969.823,4975.012,3497,69,0,3497
2024-05-11 23:00:00,4975.037,4990.14,4974.681,4989.264,3513,69,0,3513
2024-05-12 00:00:00,4989.279,4991.464,4970.63,4973.449,3481,69,0,3481
2024-05-12 01:00:00,4973.471,4980.109,4948.962,4955.556,3518,69,0,3518
2024-05-12 02:00:00,4955.558,4958.426,4930.389,4931.017,3484,69,0,3484
2024-05-12 03:00:00,4931.034,4941.273,4922.491,4941.273,3493,68,0,3493
2024-05-12 04:00:00,4941.283,4945.53,4920.064,4922.394,3516,68,0,3516
2024-05-12 05:00:00,4922.394,4922.521,4903.647,4916.284,3500,68,0,3500
2024-05-12 06:00:00,4916.288,4933.711,4911.62,4930.744,3507,68,0,3507
2024-05-12 07:00:00,4930.751,4933.618,4918.294,4928.696,3509,68,0,3509
2024-05-12 08:00:00,4928.706,4934.381,4911.435,4934.185,3497,68,0,3497
2024-05-12 09:00:00,4934.202,4949.026,4928.939,4929.385,3499,69,0,3499
2024-05-12 10:00:00,4929.415,4930.549,4916.297,4926.879,3493,68,0,3493
2024-05-12 11:00:00,4926.881,4944.306,4926.881,4938.518,3512,68,0,3512
2024-05-12 12:00:00,4938.537,4950.533,4929.014,4950.533,3510,69,0,3510
2024-05-12 13:00:00,4950.534,4965.33,4950.534,4958.581,3501,69,0,3501
2024-05-12 14:00:00,4958.583,4959.753,4940.415,4948.212,3503,69,0,3503
2024-05-12 15:00:00,4948.227,4964.709,4945.966,4964.709,3517,69,0,3517
2024-05-12 16:00:00,4964.71,4974.774,4950.647,4964.508,3514,69,0,3514
2024-05-12 17:00:00,4964.514,4972.931,4955.109,4972.448,3489,69,0,3489
2024-05-12 18:00:00,4972.454,4978.076,4963.088,4967.378,3502,69,0,3502
2024-05-12 19:00:00,4967.393,4974.548,4959.857,4967.869,3511,69,0,3511
2024-05-12 20:00:00,4967.871,4975.773,4937.369,4951.954,3496,69,0,3496
2024-05-12 21:00:00,4951.971,4953.476,4931.947,4945.488,3493,69,0,3493
2024-05-12 22:00:00,4945.502,4952.603,4926.6,4931.265,3504,68,0,3504
2024-05-12 23:00:00,4931.269,4932.574,4867.088,4871.255,3497,68,0,3497
2024-05-13 00:00:00,4871.265,4873.217,4854.546,4866.439,3512,67,0,3512
2024-05-13 01:00:00,4866.448,4887.213,4866.448,4880.102,2760,68,0,2760
2024-05-13 02:00:00,4880.119,4888.089,4876.224,4881.536,3489,68,0,3489
2024-05-13 03:00:00,4881.546,4897.812,4881.546,4891.335,3512,68,0,3512
2024-05-13 04:00:00,4891.335,4898.659,4856.25,4865.209,3506,68,0,3506
2024-05-13 05:00:00,4865.216,4876.836,4838.824,4844.254,3511,67,0,3511
2024-05-13 06:00:00,4844.276,4860.156,4844.276,4860.156,3497,67,0,3497
2024-05-13 07:00:00,4860.161,4875.843,4860.161,4875.843,3480,68,0,3480
2024-05-13 08:00:00,4875.85,4885.213,4839.139,4843.479,3518,67,0,3518
2024-05-13 09:00:00,4843.501,4853.44,4837.124,4849.768,3503,67,0,3503
2024-05-13 10:00:00,4849.779,4856.736,4821.717,4826.153,3487,67,0,3487
2024-05-13 11:00:00,4826.16,4840.423,4825.356,4835.532,3490,67,0,3490
2024-05-13 12:00:00,4835.555,4849.796,4818.903,4822.317,3512,67,0,3512
2024-05-13 13:00:00,4822.324,4846.653,4822.324,4825.314,3489,67,0,3489
2024-05-13 14:00:00,4825.317,4828.007,4800.25,4802.474,3503,67,0,3503
2024-05-13 15:00:00,4802.482,4805.054,4790.454,4795.215,3506,67,0,3506
2024-05-13 16:00:00,4795.216,4806.325,4782.653,4783.806,3507,66,0,3507
2024-05-13 17:00:00,4783.816,4802.222,4782.951,4802.222,3517,66,0,3517
2024-05-13 18:00:00,4802.227,4829.984,4802.227,4829.984,3499,67,0,3499
2024-05-13 19:00:00,4829.998,4847.975,4829.998,4841.506,3499,67,0,3499
2024-05-13 20:00:00,4841.528,4854.063,4838.359,4850.79,3499,67,0,3499
2024-05-13 21:00:00,4850.803,4856.062,4830.037,4831.067,3495,67,0,3495
2024-05-13 22:00:00,4831.068,4844.478,4831.068,4836.856,3492,67,0,3492
2024-05-13 23:00:00,4836.881,4840.859,4830.837,4840.859,3504,67,0,3504
2024-05-14 00:00:00,4840.869,4847.256,4828.178,4841.369,3486,67,0,3486
2024-05-14 01:00:00,4841.378,4847.294,4798.554,4807.338,3494,67,0,3494
2024-05-14 02:00:00,4807.345,4815.759,4792.795,4794.647,3489,67,0,3489
2024-05-14 03:00:00,4794.653,4813.5,4794.653,4813.5,3492,67,0,3492
2024-05-14 04:00:00,4813.507,4818.675,4788.441,4794.333,3482,67,0,3482
2024-05-14 05:00:00,4794.339,4808.945,4794.339,4805.957,3495,67,0,3495
2024-05-14 06:00:00,4805.971,4813.838,4790.541,4811.898,3510,67,0,3510
2024-05-14 07:00:00,4811.9,4813.883,4790.203,4792.303,3504,67,0,3504
2024-05-14 08:00:00,4792.318,4800.61,4784.88,4800.61,3496,66,0,3496
2024-05-14 09:00:00,4800.615,4802.237,4783.206,4785.95,3495,66,0,3495
2024-05-14 10:00:00,4785.95,4796.122,4778.131,4788.577,3497,66,0,3497
2024-05-14 11:00:00,4788.579,4812.748,4788.579,4812.748,3473,67,0,3473
2024-05-14 12:00:00,4812.766,4812.831,4789.07,4799.394,3490,67,0,3490
2024-05-14 13:00:00,4799.401,4807.064,4776.101,4790.299,3506,66,0,3506
2024-05-14 14:00:00,4790.302,4802.758,4785.916,4788.261,3491,67,0,3491
2024-05-14 15:00:00,4788.273,4796.195,4754.324,4758.516,3501,66,0,3501
2024-05-14 16:00:00,4758.534,4762.139,4737.652,4740.253,3493,66,0,3493
2024-05-14 17:00:00,4740.266,4749.687,4733.079,4746.854,3495,66,0,3495
2024-05-14 18:00:00,4746.866,4755.592,4737.425,4748.192,3496,66,0,3496
2024-05-14 19:00:00,4748.203,4751.208,4730.727,4740.706,3507,66,0,3507
2024-05-14 20:00:00,4740.724,4768.5,4740.724,4768.457,3513,66,0,3513
2024-05-14 21:00:00,4768.479,4781.148,4765.257,4768.825,3491,66,0,3491
2024-05-14 22:00:00,4768.832,4780.559,4750.491,4750.597,3503,66,0,3503
2024-05-14 23:00:00,4750.604,4766.529,4750.604,4756.481,3496,66,0,3496
2024-05-15 00:00:00,4756.484,4766.438,4716.548,4717.154,3496,66,0,3496
2024-05-15 01:00:00,4717.159,4723.769,4700.85,4723.769,3507,65,0,3507
2024-05-15 02:00:00,4723.774,4731.656,4682.224,4683.644,3522,65,0,3522
2024-05-15 03:00:00,4683.651,4697.644,4682.527,4696.325,3485,65,0,3485
2024-05-15 04:00:00,4696.339,4709.835,4696.339,4706.842,3488,65,0,3488
2024-05-15 05:00:00,4706.852,4709.711,4696.333,4709.409,3504,65,0,3504
2024-05-15 06:00:00,4709.418,4713.342,4695.579,4699.182,3497,65,0,3497
2024-05-15 07:00:00,4699.187,4700.96,4666.994,4676.923,3481,65,0,3481
2024-05-15 08:00:00,4676.926,4683.882,4663.8,4664.901,3492,65,0,3492
2024-05-15 09:00:00,4664.907,4669.83,4654.854,4660.592,3482,65,0,3482
2024-05-15 10:00:00,4660.601,4677.638,4658.394,4677.638,3491,65,0,3491
2024-05-15 11:00:00,4677.645,4687.509,4673.671,4687.509,3486,65,0,3486
2024-05-15 12:00:00,4687.52,4700.768,4687.52,4695.85,3491,65,0,3491
2024-05-15 13:00:00,4695.865,4703.735,4689.002,4700.805,3506,65,0,3506
2024-05-15 14:00:00,4700.809,4725.713,4700.809,4725.235,3497,65,0,3497
2024-05-15 15:00:00,4725.253,4731.624,4711.767,4731.394,3496,65,0,3496
2024-05-15 16:00:00,4731.397,4743.855,4731.397,4743.855,3495,66,0,3495
2024-05-15 17:00:00,4743.872,4750.223,4728.694,4740.865,3478,66,0,3478
2024-05-15 18:00:00,4740.878,4751.15,4738.099,4751.15,3491,66,0,3491
2024-05-15 19:00:00,4751.156,4751.77,4712.588,4714.914,3501,65,0,3501
2024-05-15 20:00:00,4714.923,4715.458,4697.49,4710.03,3490,65,0,3490
2024-05-15 21:00:00,4710.037,4720.264,4672.462,4676.044,3518,65,0,3518
2024-05-15 22:00:00,4676.048,4679.045,4656.52,4662.245,3487,65,0,3487
2024-05-15 23:00:00,4662.259,4673.106,4658.847,4662.417,3479,65,0,3479
2024-05-16 00:00:00,4662.418,4675.854,4658.065,4667.656,3502,65,0,3502
2024-05-16 01:00:00,4667.666,4677.468,4661.165,4676.697,3473,65,0,3473
2024-05-16 02:00:00,4676.707,4691.138,4676.707,4680.067,3487,65,0,3487
2024-05-16 03:00:00,4680.068,4695.281,4670.981,4695.281,3486,65,0,3486
2024-05-16 04:00:00,4695.289,4716.623,4694.98,4712.993,3495,65,0,3495
2024-05-16 05:00:00,4712.995,4722.796,4682.404,4685.864,3500,65,0,3500
2024-05-16 06:00:00,4685.886,4699.539,4672.804,4689.668,3501,65,0,3501
2024-05-16 07:00:00,4689.693,4692.281,4651.009,4657.35,3482,65,0,3482
2024-05-16 08:00:00,4657.36,4661.444,4632.104,4641.412,3461,64,0,3461
2024-05-16 09:00:00,4641.414,4656.609,4636.608,4646.718,3483,64,0,3483
2024-05-16 10:00:00,4646.726,4663.187,4643.215,4663.187,3483,65,0,3483
2024-05-16 11:00:00,4663.194,4677.768,4661.691,4667.456,3487,65,0,3487
2024-05-16 12:00:00,4667.468,4668.549,4650.992,4662.048,3505,65,0,3505
2024-05-16 13:00:00,4662.059,4677.609,4660.055,4677.609,3496,65,0,3496
2024-05-16 14:00:00,4677.618,4691.359,4676.005,4681.237,3489,65,0,3489
2024-05-16 15:00:00,4681.243,4685.171,4650.923,4661.238,3486,65,0,3486
2024-05-16 16:00:00,4661.245,4667.035,4646.043,4655.826,3501,65,0,3501
2024-05-16 17:00:00,4655.837,4664.989,4637.328,4642.155,3500,64,0,3500
2024-05-16 18:00:00,4642.16,4643.224,4615.244,4626.019,3495,64,0,3495
2024-05-16 19:00:00,4626.029,4630.91,4614.704,4615.258,3493,64,0,3493
2024-05-16 20:00:00,4615.263,4636.864,4615.263,4636.864,3497,64,0,3497
2024-05-16 21:00:00,4636.867,4659.808,4636.867,4659.808,3496,64,0,3496
2024-05-16 22:00:00,4659.822,4676.398,4658.444,4661.357,3482,65,0,3482
2024-05-16 23:00:00,4661.362,4680.706,4661.044,4677.13,3483,65,0,3483
2024-05-17 00:00:00,4677.14,4695.7,4672.515,4695.7,3506,65,0,3506
2024-05-17 01:00:00,4695.707,4709.102,4684.747,4689.332,3491,65,0,3491
2024-05-17 02:00:00,4689.347,4693.81,4669.745,4674.808,3509,65,0,3509
2024-05-17 03:00:00,4674.814,4677.378,4653.328,4657.604,3492,65,0,3492
2024-05-17 04:00:00,4657.619,4658.956,4618.906,4626.769,3480,64,0,3480
2024-05-17 05:00:00,4626.77,4634.301,4618.581,4634.301,3486,64,0,3486
2024-05-17 06:00:00,4634.321,4642.932,4626.753,4634.238,3489,64,0,3489
2024-05-17 07:00:00,4634.264,4649.725,4629.189,4649.725,3494,64,0,3494
2024-05-17 08:00:00,4649.732,4651.819,4625.606,4629.016,3495,64,0,3495
2024-05-17 09:00:00,4629.03,4642.889,4624.116,4642.889,3498,64,0,3498
2024-05-17 10:00:00,4642.896,4665.182,4642.896,4651.454,3489,65,0,3489
2024-05-17 11:00:00,4651.481,4655.49,4639.675,4650.109,3490,64,0,3490
2024-05-17 12:00:00,4650.112,4682.124,4650.112,4680.303,3508,65,0,3508
2024-05-17 13:00:00,4680.313,4701.797,4680.313,4700.46,3497,65,0,3497
2024-05-17 14:00:00,4700.476,4726.923,4700.476,4719.566,3475,65,0,3475
2024-05-17 15:00:00,4719.57,4719.604,4700.056,4708.561,3497,65,0,3497
2024-05-17 16:00:00,4708.567,4715.986,4693.543,4697.238,3487,65,0,3487
2024-05-17 17:00:00,4697.245,4699.196,4682.381,4688.512,3501,65,0,3501
2024-05-17 18:00:00,4688.528,4689.291,4671.798,4679.582,3492,65,0,3492
2024-05-17 19:00:00,4679.594,4692.535,4667.738,4692.535,3491,65,0,3491
2024-05-17 20:00:00,4692.536,4697.686,4686.336,4691.073,3504,65,0,3504
2024-05-17 21:00:00,4691.08,4691.798,4662.582,4673.52,3484,65,0,3484
2024-05-17 22:00:00,4673.523,4678.322,4663.984,4674.371,3495,65,0,3495
2024-05-17 23:00:00,4674.384,4684.723,4627.49,4629.257,3504,64,0,3504
2024-05-18 00:00:00,4629.263,4642.342,4629.263,4632.791,3475,64,0,3475
2024-05-18 01:00:00,4632.793,4643.54,4627.437,4643.323,3505,64,0,3505
2024-05-18 02:00:00,4643.341,4650.556,4635.805,4641.101,3491,64,0,3491
2024-05-18 03:00:00,4641.101,4646.264,4611.366,4621.752,3496,64,0,3496
2024-05-18 04:00:00,4621.757,4638.851,4607.872,4638.851,3497,64,0,3497
2024-05-18 05:00:00,4638.872,4663.02,4638.872,4648.889,3498,64,0,3498
2024-05-18 06:00:00,4648.905,4655.955,4636.686,4650.129,3510,64,0,3510
2024-05-18 07:00:00,4650.138,4661.478,4632.526,4641.284,3479,64,0,3479
2024-05-18 08:00:00,4641.298,4652.331,4634.606,4640.643,3496,64,0,3496
2024-05-18 09:00:00,4640.657,4652.006,4633.891,4638.609,3500,64,0,3500
2024-05-18 10:00:00,4638.613,4648.644,4614.815,4618.459,3486,64,0,3486
2024-05-18 11:00:00,4618.466,4619.999,4598.178,4611.991,3486,64,0,3486
2024-05-18 12:00:00,4612.003,4623.564,4605.428,4608.054,3488,64,0,3488
2024-05-18 13:00:00,4608.064,4616.074,4583.057,4583.539,3492,64,0,3492
2024-05-18 14:00:00,4583.546,4585.05,4530.496,4535.189,3490,63,0,3490
2024-05-18 15:00:00,4535.198,4541.811,4526.914,4535.475,3505,63,0,3505
2024-05-18 16:00:00,4535.49,4555.885,4535.49,4549.434,3493,63,0,3493
2024-05-18 17:00:00,4549.442,4575.827,4549.442,4552.806,3490,63,0,3490
2024-05-18 18:00:00,4552.822,4555.976,4526.563,4533.811,3500,63,0,3500
2024-05-18 19:00:00,4533.813,4545.991,4532.325,4545.34,3484,63,0,3484
2024-05-18 20:00:00,4545.343,4549.618,4521.836,4532.648,3498,63,0,3498
2024-05-18 21:00:00,4532.65,4555.679,4529.76,4531.775,3514,63,0,3514
2024-05-18 22:00:00,4531.781,4537.98,4504.928,4508.975,3483,63,0,3483
2024-05-18 23:00:00,4508.981,4511.048,4492.116,4500.676,3489,62,0,3489
2024-05-19 00:00:00,4500.691,4507.539,4491.574,4507.539,3483,62,0,3483
2024-05-19 01:00:00,4507.539,4509.479,4487.76,4506.137,3289,62,0,3289
2024-05-19 02:00:00,4506.153,4510.917,4496.295,4506.124,3516,62,0,3516
2024-05-19 03:00:00,4506.137,4508.729,4486.678,4504.534,3485,62,0,3485
2024-05-19 04:00:00,4504.541,4514.476,4480.243,4480.306,3489,62,0,3489
2024-05-19 05:00:00,4480.315,4491.947,4474.498,4491.947,3499,62,0,3499
2024-05-19 06:00:00,4491.948,4495.69,4473.143,4475.13,3503,62,0,3503
2024-05-19 07:00:00,4475.134,4476.4,4460.171,4466.175,3482,62,0,3482
2024-05-19 08:00:00,4466.177,4474.596,4459.253,4471.383,3467,62,0,3467
2024-05-19 09:00:00,4471.389,4484.211,4470.397,4483.302,3467,62,0,3467
2024-05-19 10:00:00,4483.312,4494.812,4467.162,4472.102,3502,62,0,3502
2024-05-19 11:00:00,4472.105,4483.642,4467.857,4473.719,3489,62,0,3489
2024-05-19 12:00:00,4473.727,4476.426,4456.843,4468.783,3498,62,0,3498
2024-05-19 13:00:00,4468.786,4487.388,4468.786,4487.074,3498,62,0,3498
2024-05-19 14:00:00,4487.096,4492.954,4463.792,4471.602,3511,62,0,3511
2024-05-19 15:00:00,4471.606,4490.794,4470.281,4489.294,3482,62,0,3482
2024-05-19 16:00:00,4489.299,4491.55,4466.463,4474.709,3480,62,0,3480
2024-05-19 17:00:00,4474.716,4494.923,4473.94,4494.923,3486,62,0,3486
2024-05-19 18:00:00,4494.953,4519.328,4494.953,4517.996,3477,62,0,3477
2024-05-19 19:00:00,4517.999,4525.141,4499.969,4506.596,3486,63,0,3486
2024-05-19 20:00:00,4506.61,4507.309,4478.325,4488.646,3489,62,0,3489
2024-05-19 21:00:00,4488.646,4503.951,4488.646,4503.951,3494,62,0,3494
2024-05-19 22:00:00,4503.954,4512.492,4499.015,4507.88,3475,62,0,3475
2024-05-19 23:00:00,4507.895,4513.173,4484.503,4497.02,3487,62,0,3487
2024-05-20 00:00:00,4497.022,4509.999,4491.863,4509.999,3466,62,0,3466
2024-05-20 01:00:00,4510.016,4517.869,4506.248,4515.593,3488,63,0,3488
2024-05-20 02:00:00,4515.6,4528.257,4515.6,4523.761,3481,63,0,3481
2024-05-20 03:00:00,4523.78,4526.122,4501.77,4505.128,3495,63,0,3495
2024-05-20 04:00:00,4505.137,4507.251,4454.576,4459.616,3473,62,0,3473
2024-05-20 05:00:00,4459.624,4468.603,4444.62,4453.977,3486,62,0,3486
2024-05-20 06:00:00,4453.992,4457.331,4428.669,4444.767,3488,62,0,3488
2024-05-20 07:00:00,4444.777,4457.37,4441.808,4449.268,3472,62,0,3472
2024-05-20 08:00:00,4449.283,4462.754,4449.283,4462.754,3498,62,0,3498
2024-05-20 09:00:00,4462.764,4468.213,4452.332,4464.674,3479,62,0,3479
2024-05-20 10:00:00,4464.679,4467.196,4428.939,4429.464,3496,62,0,3496
2024-05-20 11:00:00,4429.476,4433.063,4420.069,4425.662,3495,61,0,3495
2024-05-20 12:00:00,4425.667,4438.324,4418.687,4432.287,3484,61,0,3484
2024-05-20 13:00:00,4432.293,4438.578,4415.962,4420.175,3505,61,0,3505
2024-05-20 14:00:00,4420.181,4432.951,4420.181,4428.38,3498,61,0,3498
2024-05-20 15:00:00,4428.384,4446.17,4425.398,4430.291,3498,61,0,3498
2024-05-20 16:00:00,4430.303,4430.926,4402.114,4404.222,3477,61,0,3477
2024-05-20 17:00:00,4404.227,4406.902,4389.715,4400.58,3503,61,0,3503
2024-05-20 18:00:00,4400.597,4404.588,4383.923,4389.491,3486,61,0,3486
2024-05-20 19:00:00,4389.492,4389.606,4371.259,4386.294,3469,61,0,3469
2024-05-20 20:00:00,4386.302,4395.166,4378.99,4387.028,3506,61,0,3506
2024-05-20 21:00:00,4387.029,4393.397,4373.08,4376.664,3488,61,0,3488
2024-05-20 22:00:00,4376.667,4387.705,4376.365,4387.698,3491,61,0,3491
2024-05-20 23:00:00,4387.706,4409.27,4382.717,4409.27,3484,61,0,3484
2024-05-21 00:00:00,4409.284,4415.037,4399.329,4415.037,3491,61,0,3491
2024-05-21 01:00:00,4415.059,4429.23,4412.778,4418.025,3480,61,0,3480
2024-05-21 02:00:00,4418.037,4419.101,4382.141,4388.934,3485,61,0,3485
2024-05-21 03:00:00,4388.943,4402.72,4382.591,4402.72,3483,61,0,3483
2024-05-21 04:00:00,4402.73,4421.109,4402.73,4421.109,3496,61,0,3496
2024-05-21 05:00:00,4421.122,4423.037,4412.417,4416.818,3501,61,0,3501
2024-05-21 06:00:00,4416.822,4432.114,4416.337,4432.114,3471,61,0,3471
2024-05-21 07:00:00,4432.116,4438.411,4418.04,4432.602,3496,61,0,3496
2024-05-21 08:00:00,4432.607,4434.318,4413.303,4413.651,3474,61,0,3474
2024-05-21 09:00:00,4413.664,4431.476,4411.819,4426.278,3484,61,0,3484
2024-05-21 10:00:00,4426.278,4436.109,4417.065,4419.184,3482,61,0,3482
2024-05-21 11:00:00,4419.195,4441.488,4419.195,4433.263,3482,61,0,3482
2024-05-21 12:00:00,4433.269,4433.916,4403.798,4407.306,3510,61,0,3510
2024-05-21 13:00:00,4407.308,4421.515,4405.492,4406.167,3492,61,0,3492
2024-05-21 14:00:00,4406.179,4411.496,4390.854,4396.204,3491,61,0,3491
2024-05-21 15:00:00,4396.215,4413.925,4396.215,4410.436,3490,61,0,3490
2024-05-21 16:00:00,4410.438,4426.906,4401.595,4405.235,3497,61,0,3497
2024-05-21 17:00:00,4405.241,4417.724,4402.261,4405.852,3480,61,0,3480
2024-05-21 18:00:00,4405.866,4411.388,4392.46,4405.19,3496,61,0,3496
2024-05-21 19:00:00,4405.193,4420.064,4405.193,4409.01,3488,61,0,3488
2024-05-21 20:00:00,4409.013,4421.429,4406.901,4421.429,3478,61,0,3478
2024-05-21 21:00:00,4421.434,4437.655,4421.434,4437.655,3483,61,0,3483
2024-05-21 22:00:00,4437.668,4450.604,4437.668,4450.604,3495,62,0,3495
2024-05-21 23:00:00,4450.606,4474.552,4450.606,4471.976,3489,62,0,3489
2024-05-22 00:00:00,4471.978,4476.587,4464.255,4475.871,3477,62,0,3477
2024-05-22 01:00:00,4475.893,4483.401,4466.385,4478.03,3490,62,0,3490
2024-05-22 02:00:00,4478.039,4483.319,4470.325,4483.319,3481,62,0,3481
2024-05-22 03:00:00,4483.323,4499.187,4479.231,4489.127,3491,62,0,3491
2024-05-22 04:00:00,4489.138,4507.101,4489.138,4499.976,3490,62,0,3490
2024-05-22 05:00:00,4499.988,4501.227,4483.462,4492.29,3506,62,0,3506
2024-05-22 06:00:00,4492.308,4503.262,4491.281,4500.181,3495,62,0,3495
2024-05-22 07:00:00,4500.183,4504.947,4475.218,4482.097,3487,62,0,3487
2024-05-22 08:00:00,4482.101,4484.337,4458.054,4477.872,3485,62,0,3485
2024-05-22 09:00:00,4477.877,4480.782,4435.005,4436.653,3499,62,0,3499
2024-05-22 10:00:00,4436.668,4443.396,4430.222,4443.396,3484,62,0,3484
2024-05-22 11:00:00,4443.396,4449.038,4440.5,4441.112,3481,62,0,3481
2024-05-22 12:00:00,4441.119,4465.466,4441.119,4465.466,3506,62,0,3506
2024-05-22 13:00:00,4465.472,4470.969,4457.152,4464.473,3478,62,0,3478
2024-05-22 14:00:00,4464.479,4465.702,4444.742,4457.613,3490,62,0,3490
2024-05-22 15:00:00,4457.631,4462.982,4446.799,4458.46,3485,62,0,3485
2024-05-22 16:00:00,4458.466,4476.203,4458.466,4475.46,3467,62,0,3467
2024-05-22 17:00:00,4475.463,4483.58,4467.376,4471.28,3490,62,0,3490
2024-05-22 18:00:00,4471.297,4490.981,4471.297,4483.413,3495,62,0,3495
2024-05-22 19:00:00,4483.431,4488.967,4475.602,4480.663,3506,62,0,3506
2024-05-22 20:00:00,4480.676,4494.134,4457.601,4464.881,3478,62,0,3478
2024-05-22 21:00:00,4464.884,4469.156,4455.67,4462.088,3472,62,0,3472
2024-05-22 22:00:00,4462.093,4478.042,4459.855,4478.042,3480,62,0,3480
2024-05-22 23:00:00,4478.067,4489.945,4460.941,4461.757,3481,62,0,3481
2024-05-23 00:00:00,4461.768,4464.327,4435.123,4437.126,3492,62,0,3492
2024-05-23 01:00:00,4437.133,4439.941,4409.648,4417.485,3483,61,0,3483
2024-05-23 02:00:00,4417.503,4426.007,4404.544,4409.08,3476,61,0,3476
2024-05-23 03:00:00,4409.091,4415.505,4390.403,4391.151,3493,61,0,3493
2024-05-23 04:00:00,4391.152,4402.282,4391.152,4401.939,3495,61,0,3495
2024-05-23 05:00:00,4401.94,4421.776,4401.94,4414.713,3478,61,0,3478
2024-05-23 06:00:00,4414.714,4419.321,4389.746,4396.521,3498,61,0,3498
2024-05-23 07:00:00,4396.523,4407.222,4391.451,4401.686,3476,61,0,3476
2024-05-23 08:00:00,4401.7,4404.538,4370.515,4374.272,3464,61,0,3464
2024-05-23 09:00:00,4374.276,4378.762,4345.482,4347.494,3472,60,0,3472
2024-05-23 10:00:00,4347.496,4351.156,4336.772,4348.21,3491,60,0,3491
2024-05-23 11:00:00,4348.214,4356.873,4340.269,4340.308,3474,60,0,3474
2024-05-23 12:00:00,4340.314,4351.257,4338.635,4351.257,3503,60,0,3503
2024-05-23 13:00:00,4351.26,4362.179,4330.145,4340.093,3475,60,0,3475
2024-05-23 14:00:00,4340.094,4360.246,4340.094,4358.633,3484,60,0,3484
2024-05-23 15:00:00,4358.645,4365.4,4354.328,4360.397,3482,60,0,3482
2024-05-23 16:00:00,4360.407,4364.871,4353.302,4362.713,3493,60,0,3493
2024-05-23 17:00:00,4362.726,4378.157,4360.229,4365.778,3476,61,0,3476
2024-05-23 18:00:00,4365.793,4366.542,4329.613,4330.478,3495,60,0,3495
2024-05-23 19:00:00,4330.491,4351.614,4330.491,4351.443,3486,60,0,3486
2024-05-23 20:00:00,4351.45,4355.58,4344.895,4350.055,3483,60,0,3483
2024-05-23 21:00:00,4350.068,4358.692,4331.933,4336.287,3475,60,0,3475
2024-05-23 22:00:00,4336.293,4349.126,4336.041,4342.01,3482,60,0,3482
2024-05-23 23:00:00,4342.023,4349.143,4331.677,4346.65,3507,60,0,3507
2024-05-24 00:00:00,4346.652,4353.938,4339.384,4352.902,3493,60,0,3493
2024-05-24 01:00:00,4352.91,4376.354,4352.91,4361.408,3469,60,0,3469
2024-05-24 02:00:00,4361.42,4374.293,4353.871,4368.239,3489,60,0,3489
2024-05-24 03:00:00,4368.255,4385.59,4362.944,4385.59,3495,61,0,3495
2024-05-24 04:00:00,4385.592,4394.883,4385.046,4394.411,3482,61,0,3482
2024-05-24 05:00:00,4394.431,4401.254,4384.384,4392.737,3494,61,0,3494
2024-05-24 06:00:00,4392.746,4407.027,4378.41,4382.572,3488,61,0,3488
2024-05-24 07:00:00,4382.583,4400.13,4382.583,4400.13,3485,61,0,3485
2024-05-24 08:00:00,4400.15,4401.525,4382.45,4384.172,3467,61,0,3467
2024-05-24 09:00:00,4384.176,4393.615,4376.932,4393.615,3480,61,0,3480
2024-05-24 10:00:00,4393.624,4400.39,4381.766,4384.317,3488,61,0,3488
2024-05-24 11:00:00,4384.324,4388.006,4368.881,4380.27,3497,61,0,3497
2024-05-24 12:00:00,4380.274,4383.288,4370.18,4381.055,3478,61,0,3478
2024-05-24 13:00:00,4381.067,4387.523,4365.12,4376.31,3500,61,0,3500
2024-05-24 14:00:00,4376.326,4388.667,4359.772,4363.009,3486,61,0,3486
2024-05-24 15:00:00,4363.021,4384.016,4363.021,4384.016,3488,61,0,3488
2024-05-24 16:00:00,4384.022,4384.683,4369.549,4383.598,3479,61,0,3479
2024-05-24 17:00:00,4383.614,4386.783,4370.032,4374.847,3479,61,0,3479
2024-05-24 18:00:00,4374.847,4375.588,4354.189,4368.127,3481,60,0,3481
2024-05-24 19:00:00,4368.137,4376.489,4362.315,4372.817,3500,61,0,3500
2024-05-24 20:00:00,4372.824,4373.886,4357.63,4364.762,3488,61,0,3488
2024-05-24 21:00:00,4364.772,4378.427,4357.667,4376.649,3468,61,0,3468
2024-05-24 22:00:00,4376.653,4391.883,4375.752,4381.274,3483,61,0,3483
2024-05-24 23:00:00,4381.29,4383.372,4361.381,4372.866,3490,61,0,3490
2024-05-25 00:00:00,4372.868,4389.25,4372.868,4380.939,3496,61,0,3496
2024-05-25 01:00:00,4380.941,4393.96,4379.061,4393.34,3491,61,0,3491
2024-05-25 02:00:00,4393.356,4408.082,4391.959,4396.153,3473,61,0,3473
2024-05-25 03:00:00,4396.164,4400.393,4382.102,4400.393,3497,61,0,3497
2024-05-25 04:00:00,4400.398,4407.549,4390.541,4391.998,3479,61,0,3479
2024-05-25 05:00:00,4392.006,4400.507,4377.833,4381.835,3471,61,0,3471
2024-05-25 06:00:00,4381.836,4404.808,4381.836,4386.291,3506,61,0,3506
2024-05-25 07:00:00,4386.303,4398.558,4386.303,4391.907,3495,61,0,3495
2024-05-25 08:00:00,4391.921,4403.302,4390.212,4390.999,3477,61,0,3477
2024-05-25 09:00:00,4391.007,4394.414,4380.567,4393.835,3482,61,0,3482
2024-05-25 10:00:00,4393.851,4409.699,4385.258,4386.817,3492,61,0,3492
2024-05-25 11:00:00,4386.817,4397.03,4368.495,4372.632,3502,61,0,3502
2024-05-25 12:00:00,4372.641,4384.227,4367.407,4384.227,3475,61,0,3475
2024-05-25 13:00:00,4384.234,4388.749,4362.594,4366.692,3490,61,0,3490
2024-05-25 14:00:00,4366.695,4378.551,4365.565,4371.433,3480,61,0,3480
2024-05-25 15:00:00,4371.448,4375.546,4364.778,4369.523,3472,61,0,3472
2024-05-25 16:00:00,4369.538,4378.109,4358.453,4365.233,3489,61,0,3489
2024-05-25 17:00:00,4365.243,4378.153,4363.504,4372.079,3495,61,0,3495
2024-05-25 18:00:00,4372.094,4380.793,4369.22,4380.793,3494,61,0,3494
2024-05-25 19:00:00,4380.796,4381.285,4358.753,4365.746,3484,61,0,3484
2024-05-25 20:00:00,4365.747,4371.76,4351.04,4362.083,3494,60,0,3494
2024-05-25 21:00:00,4362.092,4364.799,4337.556,4342.711,3479,60,0,3479
2024-05-25 22:00:00,4342.719,4346.98,4314.115,4314.41,3476,60,0,3476
2024-05-25 23:00:00,4314.412,4317.895,4307.778,4311.136,3476,60,0,3476
2024-05-26 00:00:00,4311.149,4326.043,4311.149,4319.814,3474,60,0,3474
2024-05-26 01:00:00,4319.82,4326.208,4315.799,4324.994,3494,60,0,3494
2024-05-26 02:00:00,4325.001,4355.485,4325.001,4355.485,3466,60,0,3466
2024-05-26 03:00:00,4355.5,4371.352,4349.42,4359.357,3507,60,0,3507
2024-05-26 04:00:00,4359.375,4362.667,4326.156,4329.814,3492,60,0,3492
2024-05-26 05:00:00,4329.82,4332.384,4296.464,4299.63,3485,60,0,3485
2024-05-26 06:00:00,4299.638,4300.693,4278.717,4283.312,3492,59,0,3492
2024-05-26 07:00:00,4283.32,4309.567,4283.035,4309.567,3493,59,0,3493
2024-05-26 08:00:00,4309.571,4321.671,4298.439,4298.937,3480,60,0,3480
2024-05-26 09:00:00,4298.942,4309.384,4298.942,4305.189,3494,60,0,3494
2024-05-26 10:00:00,4305.191,4314.057,4297.718,4308.078,3481,60,0,3481
2024-05-26 11:00:00,4308.096,4318.034,4303.405,4318.034,3491,60,0,3491
2024-05-26 12:00:00,4318.058,4331.679,4309.916,4312.421,3479,60,0,3479
2024-05-26 13:00:00,4312.425,4320.917,4307.04,4320.917,3472,60,0,3472
2024-05-26 14:00:00,4320.931,4340.22,4320.699,4340.22,3476,60,0,3476
2024-05-26 15:00:00,4340.226,4353.246,4336.658,4337.574,3490,60,0,3490
2024-05-26 16:00:00,4337.575,4343.45,4315.441,4320.74,3472,60,0,3472
2024-05-26 17:00:00,4320.743,4322.755,4299.163,4301.668,3471,60,0,3471
2024-05-26 18:00:00,4301.675,4302.966,4279.914,4290.663,3484,59,0,3484
2024-05-26 19:00:00,4290.67,4300.472,4277.793,4300.472,3471,59,0,3471
2024-05-26 20:00:00,4300.482,4301.858,4288.316,4296.691,3496,60,0,3496
2024-05-26 21:00:00,4296.712,4312.678,4296.712,4304.292,3487,60,0,3487
2024-05-26 22:00:00,4304.298,4320.069,4304.298,4320.069,3487,60,0,3487
2024-05-26 23:00:00,4320.072,4325.936,4304.99,4307.025,3481,60,0,3481
2024-05-27 00:00:00,4307.027,4317.715,4301.26,4314.595,3498,60,0,3498
2024-05-27 01:00:00,4314.604,4331.203,4309.167,4328.563,3499,60,0,3499
2024-05-27 02:00:00,4328.576,4337.501,4325.015,4335.33,3484,60,0,3484
2024-05-27 03:00:00,4335.337,4337.626,4322.882,4330.838,2404,60,0,2404
2024-05-27 04:00:00,4330.86,4355.575,4330.86,4348.561,3476,60,0,3476
2024-05-27 05:00:00,4348.571,4359.338,4336.108,4359.338,3494,60,0,3494
2024-05-27 06:00:00,4359.349,4364.9,4339.378,4346.075,3498,60,0,3498
2024-05-27 07:00:00,4346.089,4364.479,4346.089,4354.688,3495,60,0,3495
2024-05-27 08:00:00,4354.691,4360.051,4334.499,4335.881,3472,60,0,3472
2024-05-27 09:00:00,4335.887,4338.434,4327.081,4335.777,3489,60,0,3489
2024-05-27 10:00:00,4335.78,4346.214,4335.439,4340.165,3472,60,0,3472
2024-05-27 11:00:00,4340.172,4344.65,4329.041,4331.411,3488,60,0,3488
2024-05-27 12:00:00,4331.412,4340.911,4322.346,4335.116,3489,60,0,3489
2024-05-27 13:00:00,4335.122,4336.651,4322.739,4335.417,3491,60,0,3491
2024-05-27 14:00:00,4335.423,4346.019,4334.374,4340.132,3474,60,0,3474
2024-05-27 15:00:00,4340.14,4347.263,4310.337,4310.507,3484,60,0,3484
2024-05-27 16:00:00,4310.508,4321.053,4298.716,4300.338,3488,60,0,3488
2024-05-27 17:00:00,4300.346,4309.331,4297.22,4302.986,3474,60,0,3474
2024-05-27 18:00:00,4303.008,4305.194,4284.734,4294.081,3501,60,0,3501
2024-05-27 19:00:00,4294.084,4298.284,4270.208,4276.014,3499,59,0,3499
2024-05-27 20:00:00,4276.024,4282.246,4260.78,4261.283,3500,59,0,3500
2024-05-27 21:00:00,4261.295,4275.346,4258.615,4266.623,3486,59,0,3486
2024-05-27 22:00:00,4266.639,4273.949,4253.392,4259.482,3482,59,0,3482
2024-05-27 23:00:00,4259.498,4273.244,4259.498,4273.244,3474,59,0,3474
2024-05-28 00:00:00,4273.256,4276.508,4259.26,4262.327,3485,59,0,3485
2024-05-28 01:00:00,4262.334,4291.482,4262.334,4291.482,3489,59,0,3489
2024-05-28 02:00:00,4291.496,4312.219,4291.496,4310.523,3489,60,0,3489
2024-05-28 03:00:00,4310.53,4320.615,4306.675,4307.704,3499,60,0,3499
2024-05-28 04:00:00,4307.71,4334.127,4307.71,4334.127,3504,60,0,3504
2024-05-28 05:00:00,4334.142,4342.778,4322.974,4338.601,3483,60,0,3483
2024-05-28 06:00:00,4338.601,4343.997,4327.727,4342.916,3475,60,0,3475
2024-05-28 07:00:00,4342.924,4344.276,4291.397,4291.575,3488,60,0,3488
2024-05-28 08:00:00,4291.589,4298.329,4287.169,4295.677,3481,60,0,3481
2024-05-28 09:00:00,4295.69,4301.428,4289.793,4296.426,3474,60,0,3474
2024-05-28 10:00:00,4296.435,4298.88,4284.318,4298.88,3514,59,0,3514
2024-05-28 11:00:00,4298.88,4307.349,4288.058,4307.349,3497,60,0,3497
2024-05-28 12:00:00,4307.35,4312.15,4281.66,4284.996,3487,59,0,3487
2024-05-28 13:00:00,4284.999,4292.023,4273.567,4276.24,3473,59,0,3473
2024-05-28 14:00:00,4276.258,4284.099,4264.443,4284.099,3490,59,0,3490
2024-05-28 15:00:00,4284.118,4295.457,4278.152,4280.547,3490,59,0,3490
2024-05-28 16:00:00,4280.555,4287.506,4261.109,4262.918,3491,59,0,3491
2024-05-28 17:00:00,4262.924,4272.88,4256.53,4262.482,3488,59,0,3488
2024-05-28 18:00:00,4262.485,4267.376,4255.975,4256.414,3470,59,0,3470
2024-05-28 19:00:00,4256.426,4265.964,4255.03,4265.473,3487,59,0,3487
2024-05-28 20:00:00,4265.488,4278.506,4263.427,4271.747,3471,59,0,3471
2024-05-28 21:00:00,4271.763,4274.99,4252.316,4263.535,3471,59,0,3471
2024-05-28 22:00:00,4263.539,4272.802,4259.914,4263.35,3482,59,0,3482
2024-05-28 23:00:00,4263.367,4267.371,4253.8,4263.505,3489,59,0,3489
2024-05-29 00:00:00,4263.518,4263.647,4236.353,4245.441,3486,59,0,3486
2024-05-29 01:00:00,4245.446,4252.991,4235.896,4243.31,3497,59,0,3497
2024-05-29 02:00:00,4243.323,4246.017,4226.575,4235.773,3479,59,0,3479
2024-05-29 03:00:00,4235.791,4253.69,4231.016,4253.69,3485,59,0,3485
2024-05-29 04:00:00,4253.692,4269.892,4247.649,4269.892,3488,59,0,3488
2024-05-29 05:00:00,4269.899,4285.485,4269.899,4282.966,3497,59,0,3497
2024-05-29 06:00:00,4282.978,4311.333,4282.978,4311.333,3487,59,0,3487
2024-05-29 07:00:00,4311.334,4326.185,4311.334,4323.053,3490,60,0,3490
2024-05-29 08:00:00,4323.056,4324.183,4296.109,4303.181,3491,60,0,3491
2024-05-29 09:00:00,4303.185,4327.125,4303.185,4319.41,3505,60,0,3505
2024-05-29 10:00:00,4319.424,4322.271,4300.759,4315.095,3503,60,0,3503
2024-05-29 11:00:00,4315.113,4323.477,4309.155,4322.526,3490,60,0,3490
2024-05-29 12:00:00,4322.537,4326.105,4308.616,4314.301,3489,60,0,3489
2024-05-29 13:00:00,4314.318,4316.047,4307.701,4316.047,3489,60,0,3489
2024-05-29 14:00:00,4316.054,4329.066,4309.557,4311.999,3499,60,0,3499
2024-05-29 15:00:00,4312.003,4323.893,4308.366,4320.926,3489,60,0,3489
2024-05-29 16:00:00,4320.927,4325.631,4309.045,4325.576,3473,60,0,3473
2024-05-29 17:00:00,4325.582,4350.638,4325.582,4350.638,3486,60,0,3486
2024-05-29 18:00:00,4350.642,4354.759,4338.157,4339.735,3481,60,0,3481
2024-05-29 19:00:00,4339.742,4343.518,4332.286,4338.109,3496,60,0,3496
2024-05-29 20:00:00,4338.111,4355.169,4338.111,4354.954,3483,60,0,3483
2024-05-29 21:00:00,4354.97,4384.373,4354.97,4380.613,3473,60,0,3473
2024-05-29 22:00:00,4380.614,4405.975,4380.614,4403.101,3488,61,0,3488
2024-05-29 23:00:00,4403.103,4415.143,4395.891,4398.281,3483,61,0,3483
2024-05-30 00:00:00,4398.284,4415.567,4394.779,4415.567,3505,61,0,3505
2024-05-30 01:00:00,4415.567,4424.645,4404.175,4410.527,3494,61,0,3494
2024-05-30 02:00:00,4410.535,4414.199,4380.147,4382.13,3492,61,0,3492
2024-05-30 03:00:00,4382.131,4382.455,4362.488,4368.821,3505,61,0,3505
2024-05-30 04:00:00,4368.827,4377.88,4362.298,4364.844,3489,61,0,3489
2024-05-30 05:00:00,4364.845,4366.268,4339.928,4353.956,3488,60,0,3488
2024-05-30 06:00:00,4353.958,4374.715,4353.958,4374.715,3480,60,0,3480
2024-05-30 07:00:00,4374.715,4379.625,4344.375,4345.407,3504,60,0,3504
2024-05-30 08:00:00,4345.41,4360.622,4340.491,4360.168,3485,60,0,3485
2024-05-30 09:00:00,4360.175,4367.348,4308.652,4310.16,3499,60,0,3499
2024-05-30 10:00:00,4310.183,4317.124,4303.037,4303.434,3479,60,0,3479
2024-05-30 11:00:00,4303.443,4322.322,4303.443,4309.414,3496,60,0,3496
2024-05-30 12:00:00,4309.43,4331.673,4307.612,4331.673,3482,60,0,3482
2024-05-30 13:00:00,4331.677,4334.636,4317.904,4326.867,3477,60,0,3477
2024-05-30 14:00:00,4326.879,4332.792,4317.266,4327.645,3469,60,0,3469
2024-05-30 15:00:00,4327.653,4339.694,4325.593,4335.204,3499,60,0,3499
2024-05-30 16:00:00,4335.218,4338.544,4311.089,4321.099,3465,60,0,3465
2024-05-30 17:00:00,4321.108,4327.74,4313.557,4324.025,3482,60,0,3482
2024-05-30 18:00:00,4324.035,4335.653,4323.51,4329.128,3497,60,0,3497
2024-05-30 19:00:00,4329.133,4330.835,4288.299,4293.699,3485,60,0,3485
2024-05-30 20:00:00,4293.715,4299.142,4274.503,4278.757,3486,59,0,3486
2024-05-30 21:00:00,4278.772,4283.103,4260.233,4262.289,3500,59,0,3500
2024-05-30 22:00:00,4262.299,4267.619,4252.642,4264.793,3490,59,0,3490
2024-05-30 23:00:00,4264.796,4272.43,4244.085,4246.552,3489,59,0,3489
2024-05-31 00:00:00,4246.552,4264.236,4239.234,4239.512,3467,59,0,3467
2024-05-31 01:00:00,4239.514,4258.783,4239.514,4254.121,3482,59,0,3482
2024-05-31 02:00:00,4254.139,4276.812,4254.139,4275.016,3481,59,0,3481
2024-05-31 03:00:00,4275.026,4279.58,4257.531,4258.593,3483,59,0,3483
2024-05-31 04:00:00,4258.602,4274.665,4258.602,4263.541,3485,59,0,3485
2024-05-31 05:00:00,4263.552,4274.939,4258.039,4263.56,3499,59,0,3499
2024-05-31 06:00:00,4263.574,4276.852,4257.707,4276.852,3473,59,0,3473
2024-05-31 07:00:00,4276.857,4286.819,4273.988,4286.819,3488,59,0,3488
2024-05-31 08:00:00,4286.82,4296.675,4286.331,4295.361,3472,60,0,3472
2024-05-31 09:00:00,4295.364,4314.149,4295.364,4311.738,3512,60,0,3512
2024-05-31 10:00:00,4311.743,4332.874,4311.743,4332.874,3482,60,0,3482
2024-05-31 11:00:00,4332.893,4338.558,4316.344,4333.466,3490,60,0,3490
2024-05-31 12:00:00,4333.48,4348.695,4324.714,4343.781,3489,60,0,3489
2024-05-31 13:00:00,4343.786,4361.595,4343.786,4354.694,3481,60,0,3481
2024-05-31 14:00:00,4354.695,4359.529,4322.178,4329.663,3480,60,0,3480
2024-05-31 15:00:00,4329.681,4333.235,4317.84,4325.14,3486,60,0,3486
2024-05-31 16:00:00,4325.141,4337.079,4320.984,4328.533,3481,60,0,3481
2024-05-31 17:00:00,4328.54,4330.63,4306.176,4307.168,3481,60,0,3481
2024-05-31 18:00:00,4307.186,4309.326,4289.851,4299.659,3483,60,0,3483
2024-05-31 19:00:00,4299.667,4307.232,4291.243,4304.598,3477,60,0,3477
2024-05-31 20:00:00,4304.603,4310.276,4298.446,4309.025,3502,60,0,3502
2024-05-31 21:00:00,4309.026,4314.44,4299.081,4309.48,3490,60,0,3490
2024-05-31 22:00:00,4309.487,4325.128,4301.047,4325.128,3463,60,0,3463
2024-05-31 23:00:00,4325.131,4340.018,4318.313,4336.076,3473,60,0,3473
2024-06-01 00:00:00,4336.078,4358.179,4333.171,4358.179,3497,60,0,3497
2024-06-01 01:00:00,4358.196,4369.252,4355.321,4363.852,3477,60,0,3477
2024-06-01 02:00:00,4363.863,4368.511,4349.994,4358.325,3464,60,0,3464
2024-06-01 03:00:00,4358.337,4373.647,4358.337,4372.818,3472,61,0,3472
2024-06-01 04:00:00,4372.827,4384.648,4358.841,4365.096,3472,61,0,3472
2024-06-01 05:00:00,4365.097,4386.688,4361.525,4386.688,3482,61,0,3482
2024-06-01 06:00:00,4386.695,4392.803,4378.907,4390.708,3484,61,0,3484
2024-06-01 07:00:00,4390.71,4399.164,4372.15,4376.444,3484,61,0,3484
2024-06-01 08:00:00,4376.458,4386.832,4366.324,4368.46,3477,61,0,3477
2024-06-01 09:00:00,4368.476,4380.092,4365.162,4374.826,3515,61,0,3515
2024-06-01 10:00:00,4374.829,4384.867,4370.373,4377.15,3494,61,0,3494
2024-06-01 11:00:00,4377.16,4384.491,4363.909,4384.491,3484,61,0,3484
2024-06-01 12:00:00,4384.501,4403.119,4384.501,4399.179,3493,61,0,3493
2024-06-01 13:00:00,4399.181,4401.637,4390.293,4395.342,3491,61,0,3491
2024-06-01 14:00:00,4395.361,4413.096,4395.361,4411.266,3495,61,0,3495
2024-06-01 15:00:00,4411.271,4418.441,4403.298,4412.825,3484,61,0,3484
2024-06-01 16:00:00,4412.837,4422.137,4412.612,4422.137,3480,61,0,3480
2024-06-01 17:00:00,4422.142,4427.353,4401.068,4407.119,3488,61,0,3488
2024-06-01 18:00:00,4407.134,4413.119,4398.995,4407.87,3468,61,0,3468
2024-06-01 19:00:00,4407.882,4415.655,4405.69,4415.226,3491,61,0,3491
2024-06-01 20:00:00,4415.23,4432.452,4407.24,4431.469,3474,61,0,3474
2024-06-01 21:00:00,4431.478,4449.389,4430.393,4449.094,3479,62,0,3479
2024-06-01 22:00:00,4449.104,4463.739,4445.508,4457.695,3483,62,0,3483
2024-06-01 23:00:00,4457.705,4461.989,4445.521,4455.17,3495,62,0,3495
2024-06-02 00:00:00,4455.193,4464.761,4438.986,4447.547,3484,62,0,3484
2024-06-02 01:00:00,4447.57,4467.052,4447.57,4455.75,3467,62,0,3467
2024-06-02 02:00:00,4455.752,4462.406,4421.336,4422.48,3493,61,0,3493
2024-06-02 03:00:00,4422.492,4426.923,4404.101,4404.546,3483,61,0,3483
2024-06-02 04:00:00,4404.55,4405.668,4386.006,4388.617,3503,61,0,3503
2024-06-02 05:00:00,4388.628,4395.117,4377.446,4386.832,3492,61,0,3492
2024-06-02 06:00:00,4386.842,4393.134,4381.89,4391.406,3487,61,0,3487
2024-06-02 07:00:00,4391.417,4394.408,4380.705,4388.042,3487,61,0,3487
2024-06-02 08:00:00,4388.054,4389.695,4378.916,4388.322,3483,61,0,3483
2024-06-02 09:00:00,4388.33,4397.462,4385.433,4397.462,3503,61,0,3503
2024-06-02 10:00:00,4397.488,4399.248,4378.347,4388.611,3490,61,0,3490
2024-06-02 11:00:00,4388.623,4391.656,4378.55,4387.032,3486,61,0,3486
2024-06-02 12:00:00,4387.038,4388.063,4323.198,4323.616,3489,60,0,3489
2024-06-02 13:00:00,4323.628,4329.456,4314.866,4325.467,3488,60,0,3488
2024-06-02 14:00:00,4325.472,4328.442,4306.105,4321.643,3484,60,0,3484
2024-06-02 15:00:00,4321.663,4321.76,4306.903,4318.13,3486,60,0,3486
2024-06-02 16:00:00,4318.13,4322.571,4307.25,4312.717,3476,60,0,3476
2024-06-02 17:00:00,4312.717,4326.788,4312.717,4317.838,3491,60,0,3491
2024-06-02 18:00:00,4317.846,4334.149,4317.318,4334.149,3481,60,0,3481
2024-06-02 19:00:00,4334.149,4338.016,4313.19,4317.767,3484,60,0,3484
2024-06-02 20:00:00,4317.786,4321.634,4279.53,4282.004,3483,59,0,3483
2024-06-02 21:00:00,4282.02,4301.266,4282.02,4301.266,3481,59,0,3481
2024-06-02 22:00:00,4301.285,4311.926,4299.375,4311.926,3487,60,0,3487
2024-06-02 23:00:00,4311.937,4324.153,4303.417,4324.153,3464,60,0,3464
2024-06-03 00:00:00,4324.155,4325.153,4302.806,4324.58,3498,60,0,3498
2024-06-03 01:00:00,4324.587,4336.336,4323.72,4332.462,3489,60,0,3489
2024-06-03 02:00:00,4332.467,4354.149,4332.467,4348.542,3497,60,0,3497
2024-06-03 03:00:00,4348.559,4350.097,4339.414,4343.618,3491,60,0,3491
2024-06-03 04:00:00,4343.627,4371.501,4342.51,4371.501,3482,60,0,3482
2024-06-03 05:00:00,4371.508,4390.019,4367.781,4390.019,3500,61,0,3500
2024-06-03 06:00:00,4390.021,4403.14,4390.021,4401.593,3491,61,0,3491
2024-06-03 07:00:00,4401.6,4416.715,4397.546,4416.715,3475,61,0,3475
2024-06-03 08:00:00,4416.723,4430.787,4413.556,4429.678,3474,61,0,3474
2024-06-03 09:00:00,4429.703,4433.448,4418.578,4429.621,3494,61,0,3494
2024-06-03 10:00:00,4429.623,4447.541,4429.623,4438.332,3485,62,0,3485
2024-06-03 11:00:00,4438.355,4451.19,4431.343,4432.515,3466,62,0,3466
2024-06-03 12:00:00,4432.521,4447.072,4431.211,4447.072,3487,62,0,3487
2024-06-03 13:00:00,4447.077,4451.919,4424.258,4424.374,3495,61,0,3495
2024-06-03 14:00:00,4424.386,4446.685,4424.386,4437.154,3495,61,0,3495
2024-06-03 15:00:00,4437.159,4459.258,4433.222,4459.258,3490,62,0,3490
2024-06-03 16:00:00,4459.259,4478.426,4458.062,4466.581,3481,62,0,3481
2024-06-03 17:00:00,4466.585,4476.577,4459.98,4463.208,3492,62,0,3492
2024-06-03 18:00:00,4463.212,4477.595,4460.638,4462.1,3484,62,0,3484
2024-06-03 19:00:00,4462.105,4462.805,4440.063,4456.962,3478,62,0,3478
2024-06-03 20:00:00,4456.974,4457.02,4418.132,4422.758,3479,61,0,3479
2024-06-03 21:00:00,4422.76,4451.834,4422.76,4446.133,3479,61,0,3479
2024-06-03 22:00:00,4446.148,4446.523,4427.183,4440.849,3467,61,0,3467
2024-06-03 23:00:00,4440.865,4451.794,4436.035,4445.116,3497,62,0,3497
2024-06-04 00:00:00,4445.13,4449.939,4425.734,4435.435,3501,61,0,3501
2024-06-04 01:00:00,4435.438,4444.914,4435.072,4442.964,3485,62,0,3485
2024-06-04 02:00:00,4442.966,4443.979,4417.871,4418.144,3492,61,0,3492
2024-06-04 03:00:00,4418.152,4421.2,4402.409,4417.289,3499,61,0,3499
2024-06-04 04:00:00,4417.296,4431.128,4412.237,4428.408,3494,61,0,3494
2024-06-04 05:00:00,4428.408,4430.376,4415.628,4417.19,3475,61,0,3475
2024-06-04 06:00:00,4417.204,4439.969,4416.348,4439.969,3480,61,0,3480
2024-06-04 07:00:00,4439.973,4457.746,4439.973,4444.897,3473,62,0,3473
2024-06-04 08:00:00,4444.899,4459.85,4441.292,4443.068,3484,62,0,3484
2024-06-04 09:00:00,4443.072,4457.797,4443.072,4450.114,3507,62,0,3507
2024-06-04 10:00:00,4450.123,4453.55,4433.181,4447.196,3484,62,0,3484
2024-06-04 11:00:00,4447.206,4447.321,4428.46,4440.66,3494,62,0,3494
2024-06-04 12:00:00,4440.678,4443.125,4427.799,4433.32,3490,62,0,3490
2024-06-04 13:00:00,4433.321,4447.624,4428.736,4432.589,3463,62,0,3463
2024-06-04 14:00:00,4432.6,4439.693,4402.997,4403.013,3487,61,0,3487
2024-06-04 15:00:00,4403.014,4412.54,4400.559,4412.54,3476,61,0,3476
2024-06-04 16:00:00,4412.55,4425.21,4412.55,4415.369,3507,61,0,3507
2024-06-04 17:00:00,4415.371,4416.772,4399.659,4413.229,3487,61,0,3487
2024-06-04 18:00:00,4413.245,4419.912,4405.683,4411.715,3490,61,0,3490
2024-06-04 19:00:00,4411.719,4422.552,4406.123,4422.552,3483,61,0,3483
2024-06-04 20:00:00,4422.567,4438.853,4414.39,4438.853,3481,61,0,3481
2024-06-04 21:00:00,4438.853,4449.146,4431.545,4436.266,3481,62,0,3481
2024-06-04 22:00:00,4436.281,4457.868,4436.281,4453.576,3478,62,0,3478
2024-06-04 23:00:00,4453.587,4453.68,4427.71,4431.638,3490,61,0,3490
2024-06-05 00:00:00,4431.64,4435.944,4426.281,4435.772,3481,61,0,3481
2024-06-05 01:00:00,4435.773,4447.209,4433.029,4447.209,3481,62,0,3481
2024-06-05 02:00:00,4447.214,4451.463,4433.366,4435.66,3497,62,0,3497
2024-06-05 03:00:00,4435.667,4445.61,4428.135,4445.61,3488,62,0,3488
2024-06-05 04:00:00,4445.619,4445.963,4424.474,4428.538,3497,61,0,3497
2024-06-05 05:00:00,4428.543,4433.656,4412.914,4417.024,3492,61,0,3492
2024-06-05 06:00:00,4417.031,4417.327,4379.256,4380.327,3491,61,0,3491
2024-06-05 07:00:00,4380.346,4400.001,4380.346,4390.114,3493,61,0,3493
2024-06-05 08:00:00,4390.118,4407.092,4388.764,4407.092,3483,61,0,3483
2024-06-05 09:00:00,4407.101,4413.545,4392.129,4398.994,3491,61,0,3491
2024-06-05 10:00:00,4398.999,4402.529,4388.04,4402.529,3488,61,0,3488
2024-06-05 11:00:00,4402.533,4410.101,4387.698,4388.913,3469,61,0,3469
2024-06-05 12:00:00,4388.918,4409.803,4388.918,4405.652,3489,61,0,3489
2024-06-05 13:00:00,4405.667,4407.962,4388.061,4396.809,3485,61,0,3485
2024-06-05 14:00:00,4396.818,4402.725,4391.213,4391.652,3481,61,0,3481
2024-06-05 15:00:00,4391.666,4397.311,4384.178,4397.311,3472,61,0,3472
2024-06-05 16:00:00,4397.319,4409.189,4390.048,4395.869,3479,61,0,3479
2024-06-05 17:00:00,4395.875,4406.03,4387.102,4389.979,3486,61,0,3486
2024-06-05 18:00:00,4389.996,4399.267,4385.604,4396.928,3501,61,0,3501
2024-06-05 19:00:00,4396.933,4411.473,4395.818,4403.248,3483,61,0,3483
2024-06-05 20:00:00,4403.248,4412.385,4389.874,4397.212,3499,61,0,3499
2024-06-05 21:00:00,4397.221,4406.116,4393.691,4405.313,3492,61,0,3492
2024-06-05 22:00:00,4405.314,4407.626,4385.175,4397.858,3485,61,0,3485
2024-06-05 23:00:00,4397.864,4408.539,4394.976,4403.441,3493,61,0,3493
2024-06-06 00:00:00,4403.45,4410.372,4394.409,4400.066,3495,61,0,3495
2024-06-06 01:00:00,4400.075,4426.578,4400.075,4426.578,3480,61,0,3480
2024-06-06 02:00:00,4426.586,4446.949,4425.037,4446.949,3483,61,0,3483
2024-06-06 03:00:00,4446.952,4455.557,4438.113,4442.429,2780,62,0,2780
2024-06-06 04:00:00,4442.445,4445.73,4423.983,4435.665,3500,61,0,3500
2024-06-06 05:00:00,4435.676,4444.509,4431.606,4436.629,3471,62,0,3471
2024-06-06 06:00:00,4436.637,4456.47,4430.589,4456.47,3502,62,0,3502
2024-06-06 07:00:00,4456.489,4462.546,4444.095,4451.492,3494,62,0,3494
2024-06-06 08:00:00,4451.503,4461.933,4438.558,4441.551,3481,62,0,3481
2024-06-06 09:00:00,4441.561,4454.884,4441.561,4447.508,3497,62,0,3497
2024-06-06 10:00:00,4447.518,4468.435,4447.518,4464.691,3491,62,0,3491
2024-06-06 11:00:00,4464.704,4475.851,4452.962,4455.837,3481,62,0,3481
2024-06-06 12:00:00,4455.848,4476.678,4455.848,4476.678,3490,62,0,3490
2024-06-06 13:00:00,4476.678,4486.757,4465.395,4483.5,3497,62,0,3497
2024-06-06 14:00:00,4483.509,4490.471,4475.353,4479.391,3476,62,0,3476
2024-06-06 15:00:00,4479.405,4492.568,4476.876,4490.681,3469,62,0,3469
2024-06-06 16:00:00,4490.682,4505.222,4490.682,4500.487,3493,62,0,3493
2024-06-06 17:00:00,4500.491,4519.845,4500.491,4512.967,3495,63,0,3495
2024-06-06 18:00:00,4512.97,4518.576,4504.472,4515.595,3487,63,0,3487
2024-06-06 19:00:00,4515.602,4530.343,4505.875,4506.362,3489,63,0,3489
2024-06-06 20:00:00,4506.388,4515.599,4502.634,4507.886,3483,63,0,3483
2024-06-06 21:00:00,4507.888,4510.192,4481.588,4486.739,3474,62,0,3474
2024-06-06 22:00:00,4486.741,4487.78,4469.846,4480.189,3492,62,0,3492
2024-06-06 23:00:00,4480.194,4493.838,4480.194,4492.515,3496,62,0,3496
2024-06-07 00:00:00,4492.524,4506.161,4486.153,4491.175,3478,62,0,3478
2024-06-07 01:00:00,4491.18,4497.429,4481.882,4497.429,3482,62,0,3482
2024-06-07 02:00:00,4497.431,4506.056,4490.276,4499.68,3483,62,0,3483
2024-06-07 03:00:00,4499.684,4506.429,4479.148,4490.125,3508,62,0,3508
2024-06-07 04:00:00,4490.136,4513.391,4490.136,4495.127,3486,62,0,3486
2024-06-07 05:00:00,4495.14,4505.455,4485.942,4492.283,3491,62,0,3491
2024-06-07 06:00:00,4492.294,4493.611,4459.096,4474.624,3506,62,0,3506
2024-06-07 07:00:00,4474.633,4475.87,4457.747,4470.35,3493,62,0,3493
2024-06-07 08:00:00,4470.352,4483.633,4466.209,4474.552,3492,62,0,3492
2024-06-07 09:00:00,4474.555,4488.907,4474.555,4485.221,3484,62,0,3484
2024-06-07 10:00:00,4485.23,4485.775,4473.494,4485.309,3495,62,0,3495
2024-06-07 11:00:00,4485.322,4491.874,4474.407,4475.24,3496,62,0,3496
2024-06-07 12:00:00,4475.257,4486.507,4474.076,4478.402,3488,62,0,3488
2024-06-07 13:00:00,4478.416,4507.035,4478.416,4507.035,3483,62,0,3483
2024-06-07 14:00:00,4507.037,4513.728,4498.846,4510.158,3494,62,0,3494
2024-06-07 15:00:00,4510.17,4523.595,4510.17,4518.702,3487,63,0,3487
2024-06-07 16:00:00,4518.707,4537.9,4518.707,4528.841,3469,63,0,3469
2024-06-07 17:00:00,4528.848,4534.403,4515.153,4532.995,3498,63,0,3498
2024-06-07 18:00:00,4532.996,4544.345,4521.107,4528.515,3485,63,0,3485
2024-06-07 19:00:00,4528.52,4536.838,4512.279,4518.822,3483,63,0,3483
2024-06-07 20:00:00,4518.825,4527.913,4508.356,4514.46,3485,63,0,3485
2024-06-07 21:00:00,4514.481,4514.838,4478.331,4479.676,3496,62,0,3496
2024-06-07 22:00:00,4479.676,4486.664,4469.255,4486.664,3489,62,0,3489
2024-06-07 23:00:00,4486.666,4489.602,4459.422,4459.761,3485,62,0,3485
2024-06-08 00:00:00,4459.765,4473.207,4458.522,4471.462,3491,62,0,3491
2024-06-08 01:00:00,4471.463,4473.095,4459.685,4472.577,3509,62,0,3509
2024-06-08 02:00:00,4472.581,4481.381,4462.746,4475.196,3486,62,0,3486
2024-06-08 03:00:00,4475.197,4500.439,4475.197,4500.439,3516,62,0,3516
2024-06-08 04:00:00,4500.445,4504.896,4479.658,4492.773,3492,62,0,3492
2024-06-08 05:00:00,4492.782,4513.119,4492.782,4513.119,3481,62,0,3481
2024-06-08 06:00:00,4513.124,4525.767,4503.055,4521.22,3496,63,0,3496
2024-06-08 07:00:00,4521.223,4534.15,4517.446,4524.984,3488,63,0,3488
2024-06-08 08:00:00,4525.0,4544.225,4522.913,4541.393,3516,63,0,3516
2024-06-08 09:00:00,4541.398,4542.996,4506.197,4513.488,3485,63,0,3485
2024-06-08 10:00:00,4513.504,4519.996,4500.866,4504.147,3499,63,0,3499
2024-06-08 11:00:00,4504.165,4507.341,4483.489,4488.577,3486,62,0,3486
2024-06-08 12:00:00,4488.581,4497.76,4467.026,4477.051,3481,62,0,3481
2024-06-08 13:00:00,4477.064,4478.577,4467.884,4473.34,3494,62,0,3494
2024-06-08 14:00:00,4473.353,4476.644,4448.44,4449.436,3490,62,0,3490
2024-06-08 15:00:00,4449.453,4473.213,4449.453,4473.213,3491,62,0,3491
2024-06-08 16:00:00,4473.227,4485.255,4473.227,4483.179,3503,62,0,3503
2024-06-08 17:00:00,4483.18,4484.554,4466.171,4483.671,3500,62,0,3500
2024-06-08 18:00:00,4483.683,4502.601,4483.683,4492.534,3485,62,0,3485
2024-06-08 19:00:00,4492.539,4501.16,4473.802,4479.303,3491,62,0,3491
2024-06-08 20:00:00,4479.31,4486.82,4461.245,4469.638,3487,62,0,3487
2024-06-08 21:00:00,4469.641,4487.788,4469.641,4487.788,3484,62,0,3484
2024-06-08 22:00:00,4487.79,4498.101,4483.981,4495.075,3482,62,0,3482
2024-06-08 23:00:00,4495.097,4509.473,4495.097,4509.473,3498,62,0,3498
2024-06-09 00:00:00,4509.487,4532.861,4509.487,4519.911,3511,63,0,3511
2024-06-09 01:00:00,4519.921,4536.998,4519.844,4536.998,3476,63,0,3476
2024-06-09 02:00:00,4536.999,4556.947,4536.999,4556.947,3494,63,0,3494
2024-06-09 03:00:00,4556.967,4560.112,4542.216,4551.16,3510,63,0,3510
2024-06-09 04:00:00,4551.18,4568.22,4551.18,4556.027,3494,63,0,3494
2024-06-09 05:00:00,4556.029,4565.297,4551.717,4563.049,3471,63,0,3471
2024-06-09 06:00:00,4563.061,4573.331,4561.2,4570.552,3488,63,0,3488
2024-06-09 07:00:00,4570.552,4579.531,4560.839,4563.555,3496,63,0,3496
2024-06-09 08:00:00,4563.563,4567.182,4550.821,4565.393,3504,63,0,3504
2024-06-09 09:00:00,4565.399,4575.48,4550.572,4556.038,3508,63,0,3508
2024-06-09 10:00:00,4556.048,4562.62,4540.204,4541.945,3499,63,0,3499
2024-06-09 11:00:00,4541.965,4553.153,4510.248,4513.364,3474,63,0,3474
2024-06-09 12:00:00,4513.371,4519.42,4493.171,4499.745,3502,62,0,3502
2024-06-09 13:00:00,4499.765,4501.107,4479.285,4485.201,3483,62,0,3483
2024-06-09 14:00:00,4485.223,4485.444,4469.74,4478.709,3497,62,0,3497
2024-06-09 15:00:00,4478.713,4489.076,4470.267,4478.366,3470,62,0,3470
2024-06-09 16:00:00,4478.387,4483.547,4465.194,4483.547,3488,62,0,3488
2024-06-09 17:00:00,4483.549,4493.252,4483.293,4485.973,3494,62,0,3494
2024-06-09 18:00:00,4485.977,4486.368,4467.961,4485.56,3468,62,0,3468
2024-06-09 19:00:00,4485.572,4494.771,4478.928,4479.429,3500,62,0,3500
2024-06-09 20:00:00,4479.439,4496.892,4476.131,4481.674,3495,62,0,3495
2024-06-09 21:00:00,4481.679,4499.466,4481.679,4495.946,3505,62,0,3505
2024-06-09 22:00:00,4495.962,4509.835,4490.175,4509.835,3488,62,0,3488
2024-06-09 23:00:00,4509.845,4513.355,4494.539,4500.697,3515,62,0,3515
2024-06-10 00:00:00,4500.698,4517.521,4498.844,4517.521,3487,62,0,3487
2024-06-10 01:00:00,4517.529,4527.77,4514.134,4515.838,3511,63,0,3511
2024-06-10 02:00:00,4515.843,4519.314,4482.014,4483.799,3475,62,0,3475
2024-06-10 03:00:00,4483.81,4494.306,4477.382,4479.855,3506,62,0,3506
2024-06-10 04:00:00,4479.87,4498.389,4475.223,4486.617,3488,62,0,3488
2024-06-10 05:00:00,4486.63,4513.312,4486.63,4513.312,3497,62,0,3497
2024-06-10 06:00:00,4513.313,4535.473,4513.313,4530.04,3473,63,0,3473
2024-06-10 07:00:00,4530.041,4538.141,4520.74,4538.141,3488,63,0,3488
2024-06-10 08:00:00,4538.146,4550.642,4538.146,4543.719,3483,63,0,3483
2024-06-10 09:00:00,4543.722,4544.207,4510.532,4520.513,3477,63,0,3477
2024-06-10 10:00:00,4520.522,4531.657,4517.916,4523.181,3486,63,0,3486
2024-06-10 11:00:00,4523.188,4544.788,4523.188,4534.972,3496,63,0,3496
2024-06-10 12:00:00,4534.978,4537.957,4514.325,4532.071,3482,63,0,3482
2024-06-10 13:00:00,4532.095,4550.294,4532.095,4549.219,3496,63,0,3496
2024-06-10 14:00:00,4549.229,4558.32,4533.886,4540.852,3473,63,0,3473
2024-06-10 15:00:00,4540.853,4568.711,4540.853,4564.554,3507,63,0,3507
2024-06-10 16:00:00,4564.568,4575.262,4549.304,4549.57,3484,63,0,3484
2024-06-10 17:00:00,4549.577,4554.582,4539.594,4543.416,3510,63,0,3510
2024-06-10 18:00:00,4543.424,4561.297,4542.169,4554.861,3482,63,0,3482
2024-06-10 19:00:00,4554.862,4571.191,4554.118,4560.417,3493,63,0,3493
2024-06-10 20:00:00,4560.427,4567.603,4546.602,4563.944,3484,63,0,3484
2024-06-10 21:00:00,4563.954,4571.744,4561.174,4564.44,3479,63,0,3479
2024-06-10 22:00:00,4564.451,4579.484,4563.02,4575.052,3478,63,0,3478
2024-06-10 23:00:00,4575.053,4576.897,4549.425,4555.615,3503,63,0,3503
2024-06-11 00:00:00,4555.62,4567.913,4552.503,4567.913,3495,63,0,3495
2024-06-11 01:00:00,4567.939,4581.214,4552.709,4555.428,3490,63,0,3490
2024-06-11 02:00:00,4555.432,4571.87,4555.432,4559.629,3496,63,0,3496
2024-06-11 03:00:00,4559.647,4566.212,4547.392,4558.615,3491,63,0,3491
2024-06-11 04:00:00,4558.623,4560.806,4534.532,4543.342,3503,63,0,3503
2024-06-11 05:00:00,4543.353,4550.315,4530.681,4539.695,3489,63,0,3489
2024-06-11 06:00:00,4539.7,4555.139,4528.862,4555.139,3482,63,0,3482
2024-06-11 07:00:00,4555.145,4583.178,4552.232,4583.178,3478,63,0,3478
2024-06-11 08:00:00,4583.183,4586.238,4566.262,4569.468,3496,63,0,3496
2024-06-11 09:00:00,4569.482,4590.018,4569.482,4586.908,3504,63,0,3504
2024-06-11 10:00:00,4586.927,4609.08,4571.753,4572.093,3475,64,0,3475
2024-06-11 11:00:00,4572.107,4573.726,4537.627,4541.781,3482,63,0,3482
2024-06-11 12:00:00,4541.794,4560.827,4541.794,4551.217,3477,63,0,3477
2024-06-11 13:00:00,4551.229,4559.881,4531.188,4545.095,3497,63,0,3497
2024-06-11 14:00:00,4545.097,4547.926,4523.039,4531.427,3494,63,0,3494
2024-06-11 15:00:00,4531.429,4542.595,4531.429,4537.284,3486,63,0,3486
2024-06-11 16:00:00,4537.284,4540.306,4524.812,4536.838,3471,63,0,3471
2024-06-11 17:00:00,4536.84,4549.468,4535.352,4540.893,3499,63,0,3499
2024-06-11 18:00:00,4540.907,4553.212,4538.362,4549.54,3477,63,0,3477
2024-06-11 19:00:00,4549.548,4552.217,4527.313,4540.899,3474,63,0,3474
2024-06-11 20:00:00,4540.914,4557.254,4540.914,4551.981,3482,63,0,3482
2024-06-11 21:00:00,4551.984,4555.86,4530.065,4537.06,3487,63,0,3487
2024-06-11 22:00:00,4537.071,4547.781,4528.21,4547.781,3485,63,0,3485
2024-06-11 23:00:00,4547.786,4559.311,4542.645,4555.424,3501,63,0,3501
2024-06-12 00:00:00,4555.433,4557.701,4529.848,4530.443,3497,63,0,3497
2024-06-12 01:00:00,4530.452,4541.974,4525.141,4528.401,3467,63,0,3467
2024-06-12 02:00:00,4528.415,4534.747,4516.264,4522.871,3497,63,0,3497
2024-06-12 03:00:00,4522.872,4541.907,4522.064,4541.907,3486,63,0,3486
2024-06-12 04:00:00,4541.92,4560.221,4541.92,4560.221,3489,63,0,3489
2024-06-12 05:00:00,4560.231,4575.347,4560.231,4566.211,3498,63,0,3498
2024-06-12 06:00:00,4566.212,4571.471,4550.773,4551.612,3507,63,0,3507
2024-06-12 07:00:00,4551.634,4563.641,4545.209,4560.554,3483,63,0,3483
2024-06-12 08:00:00,4560.555,4563.25,4547.373,4555.516,3472,63,0,3472
2024-06-12 09:00:00,4555.524,4559.151,4524.188,4529.718,3491,63,0,3491
2024-06-12 10:00:00,4529.73,4531.398,4492.98,4504.695,3479,62,0,3479
2024-06-12 11:00:00,4504.719,4508.691,4484.931,4487.775,3487,62,0,3487
2024-06-12 12:00:00,4487.778,4504.129,4486.164,4504.129,3489,62,0,3489
2024-06-12 13:00:00,4504.14,4525.03,4504.14,4520.755,3478,63,0,3478
2024-06-12 14:00:00,4520.762,4523.28,4496.386,4503.925,3502,62,0,3502
2024-06-12 15:00:00,4503.945,4532.998,4503.945,4531.196,3492,63,0,3492
2024-06-12 16:00:00,4531.197,4542.309,4531.197,4541.11,3468,63,0,3468
2024-06-12 17:00:00,4541.122,4543.359,4524.099,4526.88,3479,63,0,3479
2024-06-12 18:00:00,4526.886,4548.932,4525.712,4548.932,3507,63,0,3507
2024-06-12 19:00:00,4548.938,4558.154,4544.263,4553.906,3484,63,0,3484
2024-06-12 20:00:00,4553.934,4572.405,4551.026,4566.301,3481,63,0,3481
2024-06-12 21:00:00,4566.307,4578.636,4561.385,4578.636,3488,63,0,3488
2024-06-12 22:00:00,4578.646,4591.195,4578.646,4587.578,3510,64,0,3510
2024-06-12 23:00:00,4587.587,4590.928,4564.853,4570.136,3474,63,0,3474
2024-06-13 00:00:00,4570.154,4575.781,4554.731,4561.422,3478,63,0,3478
2024-06-13 01:00:00,4561.426,4581.758,4561.426,4581.758,3505,63,0,3505
2024-06-13 02:00:00,4581.765,4601.187,4581.765,4591.537,3485,64,0,3485
2024-06-13 03:00:00,4591.542,4624.589,4591.542,4624.589,3471,64,0,3471
2024-06-13 04:00:00,4624.601,4643.1,4624.601,4633.246,3486,64,0,3486
2024-06-13 05:00:00,4633.255,4641.543,4621.883,4633.422,3502,64,0,3502
2024-06-13 06:00:00,4633.432,4646.107,4625.368,4625.455,3494,64,0,3494
2024-06-13 07:00:00,4625.464,4627.584,4618.956,4623.502,3489,64,0,3489
2024-06-13 08:00:00,4623.521,4629.098,4604.218,4615.196,3488,64,0,3488
2024-06-13 09:00:00,4615.207,4619.442,4603.009,4609.211,3501,64,0,3501
2024-06-13 10:00:00,4609.212,4616.538,4600.773,4616.538,3492,64,0,3492
2024-06-13 11:00:00,4616.538,4621.684,4592.057,4596.833,3504,64,0,3504
2024-06-13 12:00:00,4596.835,4621.133,4594.233,4621.133,3487,64,0,3487
2024-06-13 13:00:00,4621.139,4633.405,4612.317,4631.54,3497,64,0,3497
2024-06-13 14:00:00,4631.553,4635.006,4607.099,4607.502,3504,64,0,3504
2024-06-13 15:00:00,4607.506,4613.921,4592.597,4596.073,3476,64,0,3476
2024-06-13 16:00:00,4596.081,4612.441,4596.081,4608.395,3491,64,0,3491
2024-06-13 17:00:00,4608.398,4622.129,4602.626,4612.937,3498,64,0,3498
2024-06-13 18:00:00,4612.942,4618.654,4603.419,4618.654,3492,64,0,3492
2024-06-13 19:00:00,4618.658,4630.162,4618.429,4626.946,3498,64,0,3498
2024-06-13 20:00:00,4626.959,4634.576,4601.892,4605.7,3482,64,0,3482
2024-06-13 21:00:00,4605.716,4612.89,4577.656,4584.196,3476,64,0,3476
2024-06-13 22:00:00,4584.213,4595.286,4584.213,4590.96,3476,64,0,3476
2024-06-13 23:00:00,4590.964,4591.185,4541.729,4547.552,3488,63,0,3488
2024-06-14 00:00:00,4547.557,4561.098,4547.557,4554.371,3489,63,0,3489
2024-06-14 01:00:00,4554.372,4580.081,4554.372,4569.579,3467,63,0,3467
2024-06-14 02:00:00,4569.588,4569.744,4556.727,4565.67,3489,63,0,3489
2024-06-14 03:00:00,4565.672,4577.516,4564.909,4568.821,3494,63,0,3494
2024-06-14 04:00:00,4568.839,4575.638,4548.714,4554.27,3494,63,0,3494
2024-06-14 05:00:00,4554.283,4558.259,4547.378,4555.684,3478,63,0,3478
2024-06-14 06:00:00,4555.686,4562.069,4546.836,4562.069,3497,63,0,3497
2024-06-14 07:00:00,4562.074,4568.619,4557.003,4561.115,3495,63,0,3495
2024-06-14 08:00:00,4561.118,4578.429,4548.753,4550.975,3484,63,0,3484
2024-06-14 09:00:00,4550.992,4565.28,4550.992,4565.28,3498,63,0,3498
2024-06-14 10:00:00,4565.288,4583.802,4565.288,4573.561,3483,63,0,3483
2024-06-14 11:00:00,4573.566,4574.988,4558.61,4567.052,3493,63,0,3493
2024-06-14 12:00:00,4567.067,4571.71,4541.802,4545.023,3509,63,0,3509
2024-06-14 13:00:00,4545.035,4546.853,4513.992,4521.94,3482,63,0,3482
2024-06-14 14:00:00,4521.947,4534.62,4519.198,4524.046,3479,63,0,3479
2024-06-14 15:00:00,4524.06,4527.774,4515.619,4524.715,3499,63,0,3499
2024-06-14 16:00:00,4524.73,4542.22,4520.508,4538.231,3474,63,0,3474
2024-06-14 17:00:00,4538.235,4557.924,4536.794,4548.133,3478,63,0,3478
2024-06-14 18:00:00,4548.139,4559.66,4539.152,4550.923,3491,63,0,3491
2024-06-14 19:00:00,4550.927,4566.584,4550.927,4552.576,3488,63,0,3488
2024-06-14 20:00:00,4552.581,4565.791,4552.581,4558.41,3496,63,0,3496
2024-06-14 21:00:00,4558.413,4579.882,4558.413,4579.876,3469,63,0,3469
2024-06-14 22:00:00,4579.884,4586.371,4572.555,4580.901,3495,64,0,3495
2024-06-14 23:00:00,4580.916,4584.785,4572.291,4580.882,3490,64,0,3490
2024-06-15 00:00:00,4580.887,4591.203,4573.345,4582.47,3514,64,0,3514
2024-06-15 01:00:00,4582.484,4595.756,4578.77,4595.459,3501,64,0,3501
2024-06-15 02:00:00,4595.479,4602.928,4587.638,4602.928,3484,64,0,3484
2024-06-15 03:00:00,4602.937,4615.935,4600.669,4615.935,3472,64,0,3472
2024-06-15 04:00:00,4615.938,4622.356,4597.656,4608.892,3485,64,0,3485
2024-06-15 05:00:00,4608.892,4628.922,4603.412,4628.922,3501,64,0,3501
2024-06-15 06:00:00,4628.927,4637.512,4625.025,4637.512,3477,64,0,3477
2024-06-15 07:00:00,4637.526,4641.82,4621.662,4641.82,3468,64,0,3468
2024-06-15 08:00:00,4641.841,4653.892,4631.233,4640.833,3515,64,0,3515
2024-06-15 09:00:00,4640.842,4651.276,4635.882,4637.403,3480,64,0,3480
2024-06-15 10:00:00,4637.406,4640.174,4618.163,4621.932,3482,64,0,3482
2024-06-15 11:00:00,4621.942,4642.709,4621.942,4641.64,3488,64,0,3488
2024-06-15 12:00:00,4641.668,4655.601,4631.001,4655.601,3497,64,0,3497
2024-06-15 13:00:00,4655.601,4658.858,4646.262,4654.05,3469,65,0,3469
2024-06-15 14:00:00,4654.063,4664.304,4652.025,4655.727,3495,65,0,3495
2024-06-15 15:00:00,4655.744,4672.723,4653.897,4656.406,3491,65,0,3491
2024-06-15 16:00:00,4656.421,4660.817,4650.092,4657.278,3480,65,0,3480
2024-06-15 17:00:00,4657.285,4670.131,4652.29,4655.584,3480,65,0,3480
2024-06-15 18:00:00,4655.592,4665.533,4618.693,4621.767,3501,64,0,3501
2024-06-15 19:00:00,4621.786,4633.401,4618.828,4624.767,3495,64,0,3495
2024-06-15 20:00:00,4624.776,4630.388,4614.67,4629.807,3505,64,0,3505
2024-06-15 21:00:00,4629.813,4646.183,4629.813,4638.288,3490,64,0,3490
2024-06-15 22:00:00,4638.293,4644.615,4629.489,4641.316,3478,64,0,3478
2024-06-15 23:00:00,4641.33,4667.498,4640.119,4667.498,3489,64,0,3489
2024-06-16 00:00:00,4667.508,4674.686,4662.962,4674.686,3465,65,0,3465
2024-06-16 01:00:00,4674.694,4685.836,4662.614,4674.255,3303,65,0,3303
2024-06-16 02:00:00,4674.27,4674.609,4625.551,4633.406,3500,64,0,3500
2024-06-16 03:00:00,4633.41,4636.094,4615.157,4617.245,3507,64,0,3507
2024-06-16 04:00:00,4617.248,4629.316,4617.248,4627.492,3493,64,0,3493
2024-06-16 05:00:00,4627.502,4644.445,4621.893,4643.381,3481,64,0,3481
2024-06-16 06:00:00,4643.389,4648.328,4631.309,4638.71,3501,64,0,3501
2024-06-16 07:00:00,4638.723,4642.174,4627.437,4635.577,3487,64,0,3487
2024-06-16 08:00:00,4635.589,4637.018,4622.985,4635.621,3488,64,0,3488
2024-06-16 09:00:00,4635.625,4641.537,4626.493,4629.85,3483,64,0,3483
2024-06-16 10:00:00,4629.861,4635.439,4618.023,4621.52,3477,64,0,3477
2024-06-16 11:00:00,4621.523,4636.826,4613.597,4614.182,3497,64,0,3497
2024-06-16 12:00:00,4614.193,4621.036,4600.54,4621.036,3497,64,0,3497
2024-06-16 13:00:00,4621.051,4627.316,4611.268,4621.978,3496,64,0,3496
2024-06-16 14:00:00,4621.98,4622.184,4595.348,4609.856,3471,64,0,3471
2024-06-16 15:00:00,4609.867,4617.605,4603.042,4616.7,3481,64,0,3481
2024-06-16 16:00:00,4616.706,4631.723,4616.706,4627.571,3498,64,0,3498
2024-06-16 17:00:00,4627.579,4629.704,4617.666,4626.269,3492,64,0,3492
2024-06-16 18:00:00,4626.278,4630.458,4618.193,4624.794,3492,64,0,3492
2024-06-16 19:00:00,4624.796,4627.107,4610.784,4625.041,3497,64,0,3497
2024-06-16 20:00:00,4625.053,4645.367,4620.867,4645.367,3486,64,0,3486
2024-06-16 21:00:00,4645.375,4659.435,4642.733,4656.046,3496,65,0,3496
2024-06-16 22:00:00,4656.064,4656.886,4627.466,4651.761,3483,64,0,3483
2024-06-16 23:00:00,4651.766,4658.926,4647.067,4657.215,3485,65,0,3485
2024-06-17 00:00:00,4657.24,4664.14,4643.78,4662.744,3499,65,0,3499
2024-06-17 01:00:00,4662.747,4670.475,4645.573,4663.596,3498,65,0,3498
2024-06-17 02:00:00,4663.611,4692.223,4663.611,4692.223,3477,65,0,3477
2024-06-17 03:00:00,4692.235,4720.68,4692.235,4720.68,3495,65,0,3495
2024-06-17 04:00:00,4720.68,4735.501,4705.913,4706.598,3472,65,0,3472
2024-06-17 05:00:00,4706.599,4714.916,4701.072,4714.916,3499,65,0,3499
2024-06-17 06:00:00,4714.929,4715.71,4665.226,4672.344,3496,65,0,3496
2024-06-17 07:00:00,4672.347,4687.76,4669.097,4686.009,3495,65,0,3495
2024-06-17 08:00:00,4686.036,4699.269,4682.847,4692.504,3486,65,0,3486
2024-06-17 09:00:00,4692.506,4696.558,4678.361,4688.899,3504,65,0,3504
2024-06-17 10:00:00,4688.906,4700.979,4687.381,4697.772,3513,65,0,3513
2024-06-17 11:00:00,4697.786,4707.17,4685.785,4702.006,3483,65,0,3483
2024-06-17 12:00:00,4702.026,4717.477,4698.331,4714.13,3497,65,0,3497
2024-06-17 13:00:00,4714.132,4726.621,4703.727,4711.912,3493,65,0,3493
2024-06-17 14:00:00,4711.918,4714.484,4700.621,4709.898,3478,65,0,3478
2024-06-17 15:00:00,4709.92,4726.601,4681.312,4688.58,3474,65,0,3474
2024-06-17 16:00:00,4688.581,4692.329,4670.222,4675.498,3494,65,0,3494
2024-06-17 17:00:00,4675.519,4700.238,4675.519,4699.022,3491,65,0,3491
2024-06-17 18:00:00,4699.023,4719.576,4699.023,4719.576,3501,65,0,3501
2024-06-17 19:00:00,4719.593,4725.252,4709.739,4725.252,3512,65,0,3512
2024-06-17 20:00:00,4725.258,4740.173,4721.623,4726.093,3524,66,0,3524
2024-06-17 21:00:00,4726.095,4740.626,4721.34,4736.276,3496,66,0,3496
2024-06-17 22:00:00,4736.281,4756.993,4736.281,4749.394,3497,66,0,3497
2024-06-17 23:00:00,4749.407,4755.723,4728.489,4728.773,3479,66,0,3479
2024-06-18 00:00:00,4728.783,4729.748,4711.1,4720.05,3514,65,0,3514
2024-06-18 01:00:00,4720.056,4741.582,4719.446,4741.582,3491,66,0,3491
2024-06-18 02:00:00,4741.583,4751.27,4712.636,4712.778,3512,66,0,3512
2024-06-18 03:00:00,4712.803,4716.606,4685.424,4687.219,3515,65,0,3515
2024-06-18 04:00:00,4687.233,4695.707,4680.298,4692.033,3492,65,0,3492
2024-06-18 05:00:00,4692.039,4704.123,4684.849,4703.516,3483,65,0,3483
2024-06-18 06:00:00,4703.527,4717.408,4703.527,4717.126,3503,65,0,3503
2024-06-18 07:00:00,4717.145,4738.554,4717.145,4738.554,3516,66,0,3516
2024-06-18 08:00:00,4738.566,4739.909,4693.265,4697.216,3507,65,0,3507
2024-06-18 09:00:00,4697.226,4705.398,4689.427,4699.544,3475,65,0,3475
2024-06-18 10:00:00,4699.544,4702.625,4671.702,4673.61,3499,65,0,3499
2024-06-18 11:00:00,4673.622,4684.454,4670.656,4673.314,3503,65,0,3503
2024-06-18 12:00:00,4673.317,4673.992,4636.462,4637.761,3500,64,0,3500
2024-06-18 13:00:00,4637.764,4655.786,4628.391,4629.614,3498,64,0,3498
2024-06-18 14:00:00,4629.626,4636.324,4620.466,4626.561,3496,64,0,3496
2024-06-18 15:00:00,4626.585,4631.047,4604.699,4607.353,3466,64,0,3466
2024-06-18 16:00:00,4607.369,4622.889,4607.369,4621.466,3507,64,0,3507
2024-06-18 17:00:00,4621.478,4625.716,4606.169,4625.716,3483,64,0,3483
2024-06-18 18:00:00,4625.738,4642.373,4623.499,4634.791,3490,64,0,3490
2024-06-18 19:00:00,4634.802,4643.484,4629.304,4632.228,3502,64,0,3502
2024-06-18 20:00:00,4632.23,4636.627,4613.349,4618.423,3501,64,0,3501
2024-06-18 21:00:00,4618.443,4631.6,4611.208,4626.894,3492,64,0,3492
2024-06-18 22:00:00,4626.905,4639.888,4623.158,4639.236,3508,64,0,3508
2024-06-18 23:00:00,4639.245,4648.037,4608.551,4619.469,3491,64,0,3491
2024-06-19 00:00:00,4619.473,4631.425,4614.676,4620.877,3500,64,0,3500
2024-06-19 01:00:00,4620.89,4624.718,4607.946,4612.198,3499,64,0,3499
2024-06-19 02:00:00,4612.203,4619.346,4608.324,4614.961,3478,64,0,3478
2024-06-19 03:00:00,4614.97,4633.491,4614.97,4624.379,3494,64,0,3494
2024-06-19 04:00:00,4624.393,4635.733,4619.428,4620.942,3475,64,0,3475
2024-06-19 05:00:00,4620.948,4624.473,4592.851,4597.379,3499,64,0,3499
2024-06-19 06:00:00,4597.388,4609.513,4592.166,4592.211,3489,64,0,3489
2024-06-19 07:00:00,4592.213,4603.58,4578.155,4603.58,3493,64,0,3493
2024-06-19 08:00:00,4603.582,4620.063,4592.384,4615.828,3511,64,0,3511
2024-06-19 09:00:00,4615.845,4616.994,4591.085,4601.374,3497,64,0,3497
2024-06-19 10:00:00,4601.381,4614.195,4599.326,4614.195,3494,64,0,3494
2024-06-19 11:00:00,4614.199,4614.613,4575.83,4583.732,3498,64,0,3498
2024-06-19 12:00:00,4583.738,4587.42,4547.023,4555.313,3493,63,0,3493
2024-06-19 13:00:00,4555.321,4570.215,4555.321,4563.46,3478,63,0,3478
2024-06-19 14:00:00,4563.461,4571.198,4542.095,4546.65,3506,63,0,3506
2024-06-19 15:00:00,4546.655,4558.217,4540.474,4550.143,3487,63,0,3487
2024-06-19 16:00:00,4550.152,4574.757,4550.152,4567.649,3506,63,0,3506
2024-06-19 17:00:00,4567.653,4570.596,4532.096,4532.327,3503,63,0,3503
2024-06-19 18:00:00,4532.333,4533.779,4512.143,4512.624,3489,63,0,3489
2024-06-19 19:00:00,4512.629,4518.439,4506.77,4512.521,3480,63,0,3480
2024-06-19 20:00:00,4512.533,4517.441,4493.381,4499.794,3486,62,0,3486
2024-06-19 21:00:00,4499.798,4508.29,4480.381,4480.477,3475,62,0,3475
2024-06-19 22:00:00,4480.487,4502.755,4480.487,4502.755,3459,62,0,3459
2024-06-19 23:00:00,4502.765,4503.727,4485.205,4495.095,3494,62,0,3494
2024-06-20 00:00:00,4495.112,4508.764,4494.265,4503.756,3485,62,0,3485
2024-06-20 01:00:00,4503.758,4523.222,4503.758,4519.365,3485,63,0,3485
2024-06-20 02:00:00,4519.378,4521.507,4508.257,4517.015,3507,63,0,3507
2024-06-20 03:00:00,4517.027,4524.674,4509.858,4514.508,3475,63,0,3475
2024-06-20 04:00:00,4514.515,4529.509,4500.886,4510.45,3500,63,0,3500
2024-06-20 05:00:00,4510.459,4535.81,4510.459,4534.884,3501,63,0,3501
2024-06-20 06:00:00,4534.89,4548.507,4533.835,4534.351,3478,63,0,3478
2024-06-20 07:00:00,4534.362,4560.682,4534.362,4558.476,3489,63,0,3489
2024-06-20 08:00:00,4558.479,4571.168,4550.476,4561.215,3503,63,0,3503
2024-06-20 09:00:00,4561.218,4571.962,4547.146,4548.424,3488,63,0,3488
2024-06-20 10:00:00,4548.444,4560.551,4543.973,4544.643,3480,63,0,3480
2024-06-20 11:00:00,4544.655,4557.939,4542.059,4554.385,3496,63,0,3496
2024-06-20 12:00:00,4554.411,4563.183,4550.862,4554.255,3485,63,0,3485
2024-06-20 13:00:00,4554.262,4573.646,4554.262,4566.746,3508,63,0,3508
2024-06-20 14:00:00,4566.749,4587.933,4565.273,4568.319,3506,63,0,3506
2024-06-20 15:00:00,4568.33,4590.74,4568.33,4589.659,3484,63,0,3484
2024-06-20 16:00:00,4589.666,4603.58,4587.4,4589.194,3481,64,0,3481
2024-06-20 17:00:00,4589.211,4591.019,4569.6,4591.019,3497,63,0,3497
2024-06-20 18:00:00,4591.025,4595.634,4583.476,4589.931,3489,64,0,3489
2024-06-20 19:00:00,4589.94,4600.911,4581.373,4593.701,3514,64,0,3514
2024-06-20 20:00:00,4593.708,4604.099,4574.804,4582.754,3496,64,0,3496
2024-06-20 21:00:00,4582.766,4589.856,4577.288,4587.065,3481,64,0,3481
2024-06-20 22:00:00,4587.091,4615.183,4587.091,4608.16,3488,64,0,3488
2024-06-20 23:00:00,4608.17,4610.437,4570.031,4570.683,3482,63,0,3482
2024-06-21 00:00:00,4570.695,4570.995,4535.349,4540.825,3484,63,0,3484
2024-06-21 01:00:00,4540.839,4544.791,4526.09,4538.887,3490,63,0,3490
2024-06-21 02:00:00,4538.891,4544.364,4526.371,4538.729,3497,63,0,3497
2024-06-21 03:00:00,4538.733,4552.352,4534.674,4552.352,3495,63,0,3495
2024-06-21 04:00:00,4552.367,4562.794,4546.193,4556.566,3493,63,0,3493
2024-06-21 05:00:00,4556.572,4567.796,4550.153,4557.796,3492,63,0,3492
2024-06-21 06:00:00,4557.803,4569.433,4537.862,4541.787,3485,63,0,3485
2024-06-21 07:00:00,4541.792,4543.086,4521.707,4527.283,3506,63,0,3506
2024-06-21 08:00:00,4527.314,4534.978,4501.406,4508.093,3486,63,0,3486
2024-06-21 09:00:00,4508.114,4510.517,4494.661,4508.412,3490,62,0,3490
2024-06-21 10:00:00,4508.43,4532.906,4504.089,4532.906,3492,63,0,3492
2024-06-21 11:00:00,4532.91,4548.948,4521.944,4526.504,3484,63,0,3484
2024-06-21 12:00:00,4526.513,4527.479,4503.77,4509.525,3485,63,0,3485
2024-06-21 13:00:00,4509.535,4520.313,4497.181,4506.972,3480,62,0,3480
2024-06-21 14:00:00,4506.979,4512.609,4490.046,4504.346,3497,62,0,3497
2024-06-21 15:00:00,4504.35,4508.836,4491.894,4501.117,3479,62,0,3479
2024-06-21 16:00:00,4501.118,4513.948,4501.118,4510.756,3482,63,0,3482
2024-06-21 17:00:00,4510.776,4524.674,4510.776,4521.636,3493,63,0,3493
2024-06-21 18:00:00,4521.64,4533.496,4517.096,4533.496,3494,63,0,3494
2024-06-21 19:00:00,4533.514,4557.118,4533.514,4549.492,3498,63,0,3498
2024-06-21 20:00:00,4549.508,4553.28,4538.663,4545.327,3506,63,0,3506
2024-06-21 21:00:00,4545.333,4570.005,4545.333,4569.519,3475,63,0,3475
2024-06-21 22:00:00,4569.529,4574.027,4553.635,4559.863,3494,63,0,3494
2024-06-21 23:00:00,4559.88,4563.856,4543.672,4549.508,3478,63,0,3478
2024-06-22 00:00:00,4549.511,4566.53,4543.287,4565.522,3507,63,0,3507
2024-06-22 01:00:00,4565.533,4573.752,4560.264,4567.481,3488,63,0,3488
2024-06-22 02:00:00,4567.489,4576.195,4557.353,4564.765,3503,63,0,3503
2024-06-22 03:00:00,4564.775,4578.299,4562.163,4572.698,3478,63,0,3478
2024-06-22 04:00:00,4572.707,4578.251,4546.727,4558.801,3493,63,0,3493
2024-06-22 05:00:00,4558.804,4564.663,4550.807,4552.236,3499,63,0,3499
2024-06-22 06:00:00,4552.251,4565.104,4550.121,4559.473,3504,63,0,3504
2024-06-22 07:00:00,4559.482,4566.353,4549.582,4566.353,3496,63,0,3496
2024-06-22 08:00:00,4566.358,4574.927,4559.144,4573.818,3484,63,0,3484
2024-06-22 09:00:00,4573.823,4586.904,4573.823,4585.075,3495,64,0,3495
2024-06-22 10:00:00,4585.077,4612.394,4585.077,4608.826,3483,64,0,3483
2024-06-22 11:00:00,4608.826,4609.195,4556.204,4556.805,3490,63,0,3490
2024-06-22 12:00:00,4556.821,4582.899,4556.821,4568.892,3479,63,0,3479
2024-06-22 13:00:00,4568.898,4580.343,4559.682,4564.992,3494,63,0,3494
2024-06-22 14:00:00,4564.997,4569.312,4558.158,4569.312,3487,63,0,3487
2024-06-22 15:00:00,4569.312,4590.176,4569.312,4576.628,3503,63,0,3503
2024-06-22 16:00:00,4576.631,4584.392,4569.14,4582.403,3509,63,0,3509
2024-06-22 17:00:00,4582.412,4597.157,4581.656,4597.157,3492,64,0,3492
2024-06-22 18:00:00,4597.161,4618.398,4593.029,4618.398,3488,64,0,3488
2024-06-22 19:00:00,4618.417,4624.481,4579.613,4579.745,3499,64,0,3499
2024-06-22 20:00:00,4579.756,4585.59,4566.612,4568.923,3494,63,0,3494
2024-06-22 21:00:00,4568.942,4570.599,4544.657,4551.951,3491,63,0,3491
2024-06-22 22:00:00,4551.955,4553.758,4526.767,4531.482,3472,63,0,3472
2024-06-22 23:00:00,4531.483,4545.109,4526.943,4532.517,3473,63,0,3473
2024-06-23 00:00:00,4529.61,4541.832,4524.405,4537.714,3501,63,0,3501
2024-06-23 01:00:00,4537.732,4552.43,4528.45,4530.142,3497,63,0,3497
2024-06-23 02:00:00,4530.143,4536.312,4513.584,4519.384,3513,63,0,3513
2024-06-23 03:00:00,4519.39,4525.699,4499.194,4506.359,3480,63,0,3480
2024-06-23 04:00:00,4506.366,4522.203,4506.366,4513.815,3487,63,0,3487
2024-06-23 05:00:00,4513.823,4517.74,4500.545,4510.239,3502,63,0,3502
2024-06-23 06:00:00,4510.242,4527.938,4510.242,4525.976,3499,63,0,3499
2024-06-23 07:00:00,4525.994,4529.137,4510.332,4517.71,3487,63,0,3487
2024-06-23 08:00:00,4517.711,4522.647,4507.348,4519.535,3481,63,0,3481
2024-06-23 09:00:00,4519.546,4523.808,4495.106,4496.072,3484,62,0,3484
2024-06-23 10:00:00,4496.073,4505.634,4494.35,4503.157,3484,62,0,3484
2024-06-23 11:00:00,4503.16,4522.94,4500.008,4515.065,3484,63,0,3484
2024-06-23 12:00:00,4515.067,4522.195,4507.396,4511.467,3477,63,0,3477
2024-06-23 13:00:00,4511.478,4516.121,4505.949,4511.638,3484,63,0,3484
2024-06-23 14:00:00,4511.638,4517.827,4505.797,4511.359,3496,63,0,3496
2024-06-23 15:00:00,4511.37,4521.394,4503.548,4513.375,3500,63,0,3500
2024-06-23 16:00:00,4513.383,4522.831,4509.468,4518.921,3494,63,0,3494
2024-06-23 17:00:00,4518.931,4528.236,4513.251,4517.021,3457,63,0,3457
2024-06-23 18:00:00,4517.032,4522.005,4489.786,4491.358,3487,62,0,3487
2024-06-23 19:00:00,4491.37,4497.34,4481.492,4495.233,3488,62,0,3488
2024-06-23 20:00:00,4495.235,4502.347,4478.222,4491.136,3492,62,0,3492
2024-06-23 21:00:00,4491.149,4505.64,4488.542,4505.64,3480,62,0,3480
2024-06-23 22:00:00,4505.657,4519.569,4505.657,4512.11,3485,63,0,3485
2024-06-23 23:00:00,4512.112,4512.592,4489.339,4507.097,3476,62,0,3476
2024-06-24 00:00:00,4507.123,4522.719,4506.676,4517.018,3508,63,0,3508
2024-06-24 01:00:00,4517.023,4527.775,4510.0,4511.806,3496,63,0,3496
2024-06-24 02:00:00,4511.812,4530.274,4511.812,4520.108,3484,63,0,3484
2024-06-24 03:00:00,4520.116,4540.153,4520.116,4538.477,3514,63,0,3514
2024-06-24 04:00:00,4538.483,4545.601,4531.574,4537.484,3472,63,0,3472
2024-06-24 05:00:00,4537.487,4543.91,4528.851,4539.789,3488,63,0,3488
2024-06-24 06:00:00,4539.791,4554.574,4536.131,4545.43,3503,63,0,3503
2024-06-24 07:00:00,4545.441,4568.114,4544.53,4565.869,3494,63,0,3494
2024-06-24 08:00:00,4565.888,4580.427,4565.888,4577.985,3486,63,0,3486
2024-06-24 09:00:00,4578.001,4589.167,4561.38,4567.76,3500,63,0,3500
2024-06-24 10:00:00,4567.776,4578.232,4558.518,4578.232,3490,63,0,3490
2024-06-24 11:00:00,4578.237,4579.459,4558.975,4559.431,3498,63,0,3498
2024-06-24 12:00:00,4559.447,4571.771,4554.573,4557.378,3488,63,0,3488
2024-06-24 13:00:00,4557.386,4560.376,4508.556,4511.634,3496,63,0,3496
2024-06-24 14:00:00,4511.638,4516.796,4488.992,4491.008,3495,62,0,3495
2024-06-24 15:00:00,4491.03,4503.889,4485.638,4489.399,3485,62,0,3485
2024-06-24 16:00:00,4489.41,4505.041,4489.41,4502.779,3515,62,0,3515
2024-06-24 17:00:00,4502.782,4512.556,4460.76,4464.575,3479,62,0,3479
2024-06-24 18:00:00,4464.578,4483.717,4464.578,4483.241,3497,62,0,3497
2024-06-24 19:00:00,4483.245,4486.646,4460.514,4463.821,3490,62,0,3490
2024-06-24 20:00:00,4463.826,4479.452,4446.107,4451.897,3488,62,0,3488
2024-06-24 21:00:00,4451.902,4464.722,4432.825,4435.988,3508,62,0,3508
2024-06-24 22:00:00,4435.994,4449.41,4428.888,4441.152,3490,62,0,3490
2024-06-24 23:00:00,4441.157,4449.622,4432.359,4449.622,3489,62,0,3489
2024-06-25 00:00:00,4449.631,4460.005,4448.412,4458.28,3478,62,0,3478
2024-06-25 01:00:00,4458.289,4461.074,4447.203,4455.36,3504,62,0,3504
2024-06-25 02:00:00,4455.364,4458.74,4428.451,4435.042,3488,62,0,3488
2024-06-25 03:00:00,4435.052,4457.191,4435.052,4452.99,3485,62,0,3485
2024-06-25 04:00:00,4453.006,4476.394,4453.006,4473.565,3492,62,0,3492
2024-06-25 05:00:00,4473.574,4486.865,4473.574,4482.732,3478,62,0,3478
2024-06-25 06:00:00,4482.745,4507.342,4475.847,4507.342,3503,62,0,3503
2024-06-25 07:00:00,4507.359,4512.809,4500.873,4504.671,3495,63,0,3495
2024-06-25 08:00:00,4504.687,4505.262,4481.815,4486.741,3506,62,0,3506
2024-06-25 09:00:00,4486.749,4496.835,4465.063,4474.496,3504,62,0,3504
2024-06-25 10:00:00,4474.497,4478.473,4458.497,4472.586,3480,62,0,3480
2024-06-25 11:00:00,4472.594,4483.094,4463.886,4467.936,3493,62,0,3493
2024-06-25 12:00:00,4467.941,4472.338,4459.076,4463.604,3488,62,0,3488
2024-06-25 13:00:00,4463.616,4473.14,4454.838,4469.993,3478,62,0,3478
2024-06-25 14:00:00,4470.012,4492.731,4470.012,4471.868,3501,62,0,3501
2024-06-25 15:00:00,4471.875,4483.541,4467.868,4481.799,3503,62,0,3503
2024-06-25 16:00:00,4481.813,4485.275,4470.764,4478.713,3478,62,0,3478
2024-06-25 17:00:00,4478.716,4490.827,4475.732,4481.227,3490,62,0,3490
2024-06-25 18:00:00,4481.233,4489.604,4464.548,4489.604,3468,62,0,3468
2024-06-25 19:00:00,4489.616,4491.932,4453.833,4456.389,3491,62,0,3491
2024-06-25 20:00:00,4456.402,4469.842,4456.402,4469.842,3470,62,0,3470
2024-06-25 21:00:00,4469.852,4481.116,4469.852,4481.116,3488,62,0,3488
2024-06-25 22:00:00,4481.117,4484.187,4468.505,4475.258,3472,62,0,3472
2024-06-25 23:00:00,4475.271,4490.294,4473.61,4473.942,3504,62,0,3504
2024-06-26 00:00:00,4473.949,4478.752,4458.744,4462.17,3494,62,0,3494
2024-06-26 01:00:00,4462.183,4463.79,4413.512,4416.152,3469,61,0,3469
2024-06-26 02:00:00,4416.154,4430.478,4413.595,4430.478,3488,61,0,3488
2024-06-26 03:00:00,4430.489,4441.067,4423.09,4435.757,3478,61,0,3478
2024-06-26 04:00:00,4435.772,4447.522,4416.041,4424.135,3474,61,0,3474
2024-06-26 05:00:00,4424.15,4427.14,4395.36,4399.511,3485,61,0,3485
2024-06-26 06:00:00,4399.515,4407.442,4393.223,4407.442,3484,61,0,3484
2024-06-26 07:00:00,4407.451,4414.075,4398.889,4409.666,3494,61,0,3494
2024-06-26 08:00:00,4409.672,4414.093,4387.599,4390.194,3488,61,0,3488
2024-06-26 09:00:00,4390.199,4400.266,4389.567,4398.79,3482,61,0,3482
2024-06-26 10:00:00,4398.802,4416.182,4398.802,4404.964,3484,61,0,3484
2024-06-26 11:00:00,4404.975,4420.28,4404.959,4420.012,3473,61,0,3473
2024-06-26 12:00:00,4420.023,4426.847,4408.431,4409.185,3488,61,0,3488
2024-06-26 13:00:00,4409.191,4415.252,4397.896,4405.695,3488,61,0,3488
2024-06-26 14:00:00,4405.695,4417.0,4404.743,4416.798,3480,61,0,3480
2024-06-26 15:00:00,4416.815,4421.822,4382.209,4384.087,3491,61,0,3491
2024-06-26 16:00:00,4384.094,4393.019,4375.238,4375.751,3494,61,0,3494
2024-06-26 17:00:00,4375.767,4391.599,4375.767,4383.736,3484,61,0,3484
2024-06-26 18:00:00,4383.738,4387.889,4369.165,4371.857,3489,61,0,3489
2024-06-26 19:00:00,4371.868,4395.301,4371.868,4395.301,3498,61,0,3498
2024-06-26 20:00:00,4395.316,4403.436,4392.423,4394.425,3479,61,0,3479
2024-06-26 21:00:00,4394.436,4414.541,4393.995,4404.223,3493,61,0,3493
2024-06-26 22:00:00,4404.224,4415.308,4393.88,4395.378,3482,61,0,3482
2024-06-26 23:00:00,4395.381,4395.55,4368.472,4378.355,3501,61,0,3501
2024-06-27 00:00:00,4378.364,4390.147,4373.346,4376.091,3505,61,0,3505
2024-06-27 01:00:00,4376.106,4377.009,4347.489,4349.321,3469,60,0,3469
2024-06-27 02:00:00,4349.324,4353.994,4330.982,4345.944,3486,60,0,3486
2024-06-27 03:00:00,4345.946,4370.266,4345.946,4363.097,3490,60,0,3490
2024-06-27 04:00:00,4363.104,4372.414,4348.048,4372.414,3485,60,0,3485
2024-06-27 05:00:00,4372.43,4378.322,4366.912,4370.174,3485,61,0,3485
2024-06-27 06:00:00,4370.191,4379.229,4357.507,4361.585,3476,61,0,3476
2024-06-27 07:00:00,4361.593,4363.134,4343.239,4346.585,3495,60,0,3495
2024-06-27 08:00:00,4346.595,4350.096,4334.987,4348.879,3487,60,0,3487
2024-06-27 09:00:00,4348.903,4361.77,4346.604,4361.77,3492,60,0,3492
2024-06-27 10:00:00,4361.787,4369.378,4351.841,4366.245,3468,60,0,3468
2024-06-27 11:00:00,4366.252,4377.428,4362.632,4377.428,3511,61,0,3511
2024-06-27 12:00:00,4377.45,4386.182,4371.491,4385.605,3475,61,0,3475
2024-06-27 13:00:00,4385.608,4391.703,4369.357,4373.953,3483,61,0,3483
2024-06-27 14:00:00,4373.97,4397.194,4373.97,4394.98,3472,61,0,3472
2024-06-27 15:00:00,4394.989,4405.511,4376.657,4380.294,3477,61,0,3477
2024-06-27 16:00:00,4380.307,4405.421,4380.307,4402.38,3496,61,0,3496
2024-06-27 17:00:00,4402.39,4417.4,4402.39,4416.875,3501,61,0,3501
2024-06-27 18:00:00,4416.88,4433.445,4411.479,4425.24,3484,61,0,3484
2024-06-27 19:00:00,4425.247,4430.477,4394.641,4401.078,3487,61,0,3487
2024-06-27 20:00:00,4401.086,4412.944,4398.075,4412.145,3489,61,0,3489
2024-06-27 21:00:00,4412.153,4426.814,4410.284,4422.056,3485,61,0,3485
2024-06-27 22:00:00,4422.069,4425.557,4394.653,4394.777,3476,61,0,3476
2024-06-27 23:00:00,4394.787,4398.384,4378.192,4392.852,3483,61,0,3483
2024-06-28 00:00:00,4392.857,4414.511,4391.564,4414.511,3490,61,0,3490
2024-06-28 01:00:00,4414.514,4441.022,4414.514,4439.099,3491,61,0,3491
2024-06-28 02:00:00,4439.127,4443.295,4427.793,4439.52,3509,61,0,3509
2024-06-28 03:00:00,4439.532,4442.809,4431.81,4440.76,3497,62,0,3497
2024-06-28 04:00:00,4440.776,4461.941,4440.389,4461.941,3494,62,0,3494
2024-06-28 05:00:00,4461.946,4465.376,4447.239,4462.331,3508,62,0,3508
2024-06-28 06:00:00,4462.334,4465.786,4423.288,4430.318,3501,61,0,3501
2024-06-28 07:00:00,4430.332,4434.727,4421.4,4429.396,3517,61,0,3517
2024-06-28 08:00:00,4429.403,4450.295,4423.29,4450.295,3478,61,0,3478
2024-06-28 09:00:00,4450.296,4452.629,4439.749,4443.704,3497,62,0,3497
2024-06-28 10:00:00,4443.731,4445.347,4417.906,4428.63,3492,61,0,3492
2024-06-28 11:00:00,4428.646,4433.593,4402.236,4408.025,3489,61,0,3489
2024-06-28 12:00:00,4408.041,4427.239,4408.041,4408.83,3493,61,0,3493
2024-06-28 13:00:00,4408.846,4420.526,4408.846,4414.492,3473,61,0,3473
2024-06-28 14:00:00,4414.501,4416.986,4398.381,4400.228,3499,61,0,3499
2024-06-28 15:00:00,4400.245,4411.163,4359.173,4360.245,3494,61,0,3494
2024-06-28 16:00:00,4360.258,4374.791,4356.062,4365.099,3495,61,0,3495
2024-06-28 17:00:00,4365.107,4369.397,4358.165,4359.404,3477,61,0,3477
2024-06-28 18:00:00,4359.409,4370.663,4353.524,4370.663,3482,60,0,3482
2024-06-28 19:00:00,4370.663,4372.163,4350.205,4354.014,3496,60,0,3496
2024-06-28 20:00:00,4354.015,4364.918,4350.096,4358.318,3495,60,0,3495
2024-06-28 21:00:00,4358.324,4378.45,4358.324,4378.45,3490,61,0,3490
2024-06-28 22:00:00,4378.458,4380.83,4362.736,4366.384,3478,61,0,3478
2024-06-28 23:00:00,4366.399,4372.987,4356.494,4362.103,3463,61,0,3463
2024-06-29 00:00:00,4362.114,4373.298,4361.333,4372.248,3504,61,0,3504
2024-06-29 01:00:00,4372.266,4373.188,4351.442,4352.343,3458,60,0,3458
2024-06-29 02:00:00,4352.349,4382.989,4352.349,4382.989,3501,60,0,3501
2024-06-29 03:00:00,4382.991,4391.799,4378.362,4382.047,3490,61,0,3490
2024-06-29 04:00:00,4382.047,4390.478,4365.434,4373.738,3471,61,0,3471
2024-06-29 05:00:00,4373.745,4401.427,4373.745,4401.427,3491,61,0,3491
2024-06-29 06:00:00,4401.428,4415.527,4395.48,4415.527,3479,61,0,3479
2024-06-29 07:00:00,4415.534,4430.288,4408.972,4417.042,3483,61,0,3483
2024-06-29 08:00:00,4417.044,4420.447,4398.939,4401.507,3491,61,0,3491
2024-06-29 09:00:00,4401.515,4420.529,4401.515,4415.689,3497,61,0,3497
2024-06-29 10:00:00,4415.692,4416.466,4401.779,4409.503,3498,61,0,3498
2024-06-29 11:00:00,4409.505,4421.433,4395.693,4399.652,3499,61,0,3499
2024-06-29 12:00:00,4399.653,4402.291,4381.818,4390.75,3460,61,0,3460
2024-06-29 13:00:00,4390.766,4408.95,4388.179,4395.852,3497,61,0,3497
2024-06-29 14:00:00,4395.861,4420.642,4395.861,4417.312,3488,61,0,3488
2024-06-29 15:00:00,4417.322,4422.363,4410.761,4418.501,3466,61,0,3466
2024-06-29 16:00:00,4418.508,4421.91,4404.522,4416.531,3494,61,0,3494
2024-06-29 17:00:00,4416.546,4419.407,4386.619,4391.367,3477,61,0,3477
2024-06-29 18:00:00,4391.374,4418.685,4391.374,4415.103,3489,61,0,3489
2024-06-29 19:00:00,4415.111,4434.085,4413.577,4417.603,3476,61,0,3476
2024-06-29 20:00:00,4417.603,4432.127,4417.603,4430.627,3503,61,0,3503
2024-06-29 21:00:00,4430.655,4439.251,4423.463,4426.439,3481,61,0,3481
2024-06-29 22:00:00,4426.452,4429.898,4417.345,4425.507,3490,61,0,3490
2024-06-29 23:00:00,4425.511,4456.542,4425.511,4454.688,3480,61,0,3480
2024-06-30 00:00:00,4454.692,4464.225,4450.301,4464.225,3483,62,0,3483
2024-06-30 01:00:00,4464.226,4472.0,4459.596,4464.951,3500,62,0,3500
2024-06-30 02:00:00,4464.956,4483.098,4464.279,4470.488,3487,62,0,3487
2024-06-30 03:00:00,4470.501,4475.071,4457.139,4463.289,3472,62,0,3472
2024-06-30 04:00:00,4463.312,4479.875,4463.122,4479.401,3500,62,0,3500
2024-06-30 05:00:00,4479.41,4491.32,4476.964,4491.32,3486,62,0,3486
2024-06-30 06:00:00,4491.34,4492.872,4471.966,4481.294,3485,62,0,3485
2024-06-30 07:00:00,4481.298,4485.869,4471.811,4480.262,3489,62,0,3489
2024-06-30 08:00:00,4480.268,4481.634,4462.849,4481.591,3482,62,0,3482
2024-06-30 09:00:00,4481.605,4484.631,4461.372,4463.964,3500,62,0,3500
2024-06-30 10:00:00,4463.965,4475.586,4463.965,4474.735,3496,62,0,3496
2024-06-30 11:00:00,4474.742,4484.317,4464.678,4471.762,3486,62,0,3486
2024-06-30 12:00:00,4471.766,4475.957,4448.807,4457.24,3492,62,0,3492
2024-06-30 13:00:00,4457.255,4462.499,4446.075,4460.644,3487,62,0,3487
2024-06-30 14:00:00,4460.657,4461.832,4419.423,4423.507,3491,61,0,3491
2024-06-30 15:00:00,4423.507,4427.203,4415.159,4415.374,3487,61,0,3487
2024-06-30 16:00:00,4415.376,4415.57,4379.34,4389.141,3473,61,0,3473
2024-06-30 17:00:00,4389.164,4402.411,4389.164,4401.664,3494,61,0,3494
2024-06-30 18:00:00,4401.67,4420.813,4401.67,4420.813,3478,61,0,3478
2024-06-30 19:00:00,4420.826,4422.15,4406.722,4413.048,3489,61,0,3489
2024-06-30 20:00:00,4413.06,4427.934,4408.18,4419.756,3497,61,0,3497
2024-06-30 21:00:00,4419.759,4425.669,4408.97,4425.669,3482,61,0,3482
2024-06-30 22:00:00,4425.679,4446.387,4425.679,4445.307,3485,61,0,3485
2024-06-30 23:00:00,4445.309,4455.947,4416.912,4420.199,3493,61,0,3493
2024-07-01 00:00:00,4420.201,4433.833,4419.492,4427.971,3486,61,0,3486
2024-07-01 01:00:00,4427.975,4454.833,4427.975,4454.833,3493,62,0,3493
2024-07-01 02:00:00,4454.84,4472.359,4454.247,4458.807,3494,62,0,3494
2024-07-01 03:00:00,4458.808,4464.578,4448.394,4452.985,3496,62,0,3496
2024-07-01 04:00:00,4452.99,4456.18,4439.366,4444.818,3501,62,0,3501
2024-07-01 05:00:00,4444.828,4465.111,4442.7,4460.238,3492,62,0,3492
2024-07-01 06:00:00,4460.245,4473.15,4451.109,4452.501,3477,62,0,3477
2024-07-01 07:00:00,4452.513,4458.54,4436.819,4444.891,3477,62,0,3477
2024-07-01 08:00:00,4444.891,4449.01,4421.508,4422.977,3491,61,0,3491
2024-07-01 09:00:00,4422.98,4425.432,4389.75,4397.989,3485,61,0,3485
2024-07-01 10:00:00,4398.001,4402.141,4389.121,4399.442,3481,61,0,3481
2024-07-01 11:00:00,4399.458,4403.815,4390.921,4403.377,3485,61,0,3485
2024-07-01 12:00:00,4403.379,4430.857,4403.379,4428.62,3497,61,0,3497
2024-07-01 13:00:00,4428.625,4443.981,4421.996,4426.077,3480,61,0,3480
2024-07-01 14:00:00,4426.079,4428.668,4405.656,4419.16,3480,61,0,3480
2024-07-01 15:00:00,4419.164,4434.099,4415.065,4425.487,3485,61,0,3485
2024-07-01 16:00:00,4425.492,4427.943,4404.765,4407.267,3494,61,0,3494
2024-07-01 17:00:00,4407.284,4411.509,4398.738,4411.509,3486,61,0,3486
2024-07-01 18:00:00,4411.511,4440.289,4411.511,4440.289,3503,61,0,3503
2024-07-01 19:00:00,4440.296,4446.915,4429.655,4446.915,3474,62,0,3474
2024-07-01 20:00:00,4446.918,4465.216,4446.606,4463.417,3479,62,0,3479
2024-07-01 21:00:00,4463.427,4465.195,4426.83,4428.206,3491,61,0,3491
2024-07-01 22:00:00,4428.216,4433.962,4423.501,4431.239,3467,61,0,3467
2024-07-01 23:00:00,4431.246,4451.19,4430.85,4449.567,3490,62,0,3490
2024-07-02 00:00:00,4449.567,4476.041,4449.567,4471.058,3478,62,0,3478
2024-07-02 01:00:00,4471.061,4481.202,4465.072,4468.79,3483,62,0,3483
2024-07-02 02:00:00,4468.803,4469.395,4447.253,4447.259,3488,62,0,3488
2024-07-02 03:00:00,4447.267,4459.092,4439.604,4440.332,3500,62,0,3500
2024-07-02 04:00:00,4440.344,4443.301,4407.466,4409.796,3495,61,0,3495
2024-07-02 05:00:00,4409.8,4411.702,4372.826,4378.337,3492,61,0,3492
2024-07-02 06:00:00,4378.342,4380.155,4362.894,4380.155,3487,61,0,3487
2024-07-02 07:00:00,4380.162,4387.159,4361.926,4365.733,3489,61,0,3489
2024-07-02 08:00:00,4365.745,4383.49,4365.573,4373.565,3475,61,0,3475
2024-07-02 09:00:00,4373.568,4377.941,4367.164,4372.621,3502,61,0,3502
2024-07-02 10:00:00,4372.634,4380.179,4358.479,4363.583,3480,61,0,3480
2024-07-02 11:00:00,4363.584,4374.415,4360.471,4371.614,3500,61,0,3500
2024-07-02 12:00:00,4371.618,4379.633,4351.18,4354.116,3475,60,0,3475
2024-07-02 13:00:00,4354.125,4363.699,4350.651,4359.356,3490,60,0,3490
2024-07-02 14:00:00,4359.366,4361.707,4339.798,4347.818,3496,60,0,3496
2024-07-02 15:00:00,4347.829,4357.343,4315.183,4317.269,3465,60,0,3465
2024-07-02 16:00:00,4317.277,4323.829,4311.533,4323.829,3480,60,0,3480
2024-07-02 17:00:00,4323.846,4342.424,4322.432,4342.424,3471,60,0,3471
2024-07-02 18:00:00,4342.429,4354.35,4342.429,4348.997,3471,60,0,3471
2024-07-02 19:00:00,4349.002,4363.993,4345.039,4356.914,3492,60,0,3492
2024-07-02 20:00:00,4356.926,4367.349,4352.25,4367.349,3474,60,0,3474
2024-07-02 21:00:00,4367.357,4368.162,4339.176,4349.734,3476,60,0,3476
2024-07-02 22:00:00,4349.757,4369.675,4348.787,4368.761,3487,60,0,3487
2024-07-02 23:00:00,4368.774,4371.36,4357.221,4364.988,3494,61,0,3494
2024-07-03 00:00:00,4364.995,4384.837,4364.995,4377.661,3485,61,0,3485
2024-07-03 01:00:00,4377.673,4379.541,4364.608,4379.541,3509,61,0,3509
2024-07-03 02:00:00,4379.554,4379.796,4367.613,4379.012,3489,61,0,3489
2024-07-03 03:00:00,4379.018,4393.309,4376.967,4379.525,3480,61,0,3480
2024-07-03 04:00:00,4379.528,4380.726,4360.297,4377.544,3471,61,0,3471
2024-07-03 05:00:00,4377.552,4377.556,4362.128,4364.111,3514,61,0,3514
2024-07-03 06:00:00,4364.113,4372.85,4357.083,4367.124,3501,61,0,3501
2024-07-03 07:00:00,4367.136,4368.555,4336.1,4344.117,3489,60,0,3489
2024-07-03 08:00:00,4344.118,4350.352,4341.812,4348.657,3490,60,0,3490
2024-07-03 09:00:00,4348.658,4349.963,4332.36,4332.67,3478,60,0,3478
2024-07-03 10:00:00,4332.671,4345.22,4330.887,4334.66,3466,60,0,3466
2024-07-03 11:00:00,4334.662,4340.529,4323.708,4337.547,3489,60,0,3489
2024-07-03 12:00:00,4337.563,4359.683,4330.191,4359.683,3499,60,0,3499
2024-07-03 13:00:00,4359.686,4373.484,4359.686,4373.132,3480,61,0,3480
2024-07-03 14:00:00,4373.134,4393.148,4373.134,4392.79,3490,61,0,3490
2024-07-03 15:00:00,4392.792,4401.313,4369.417,4372.348,3492,61,0,3492
2024-07-03 16:00:00,4372.35,4378.381,4359.143,4363.882,3473,61,0,3473
2024-07-03 17:00:00,4363.883,4383.896,4363.883,4383.896,3485,61,0,3485
2024-07-03 18:00:00,4383.903,4404.007,4379.147,4399.126,3486,61,0,3486
2024-07-03 19:00:00,4399.137,4402.127,4364.727,4366.843,3506,61,0,3506
2024-07-03 20:00:00,4366.858,4369.512,4351.232,4355.25,3483,60,0,3483
2024-07-03 21:00:00,4355.258,4368.415,4349.187,4353.701,3456,60,0,3456
2024-07-03 22:00:00,4353.706,4359.471,4348.985,4350.776,3485,60,0,3485
2024-07-03 23:00:00,4350.784,4352.047,4332.982,4348.715,3486,60,0,3486
2024-07-04 00:00:00,4348.726,4349.09,4334.059,4336.954,3488,60,0,3488
2024-07-04 01:00:00,4336.972,4346.647,4330.623,4346.647,3505,60,0,3505
2024-07-04 02:00:00,4346.666,4352.206,4338.883,4344.531,3499,60,0,3499
2024-07-04 03:00:00,4344.543,4358.232,4343.875,4351.099,3503,60,0,3503
2024-07-04 04:00:00,4351.103,4371.277,4351.103,4367.046,3494,60,0,3494
2024-07-04 05:00:00,4367.046,4375.869,4361.664,4366.888,3497,61,0,3497
2024-07-04 06:00:00,4366.899,4367.814,4338.175,4345.088,3485,60,0,3485
2024-07-04 07:00:00,4345.095,4349.92,4335.755,4349.92,3489,60,0,3489
2024-07-04 08:00:00,4349.923,4365.197,4340.26,4363.033,3506,60,0,3506
2024-07-04 09:00:00,4363.038,4375.039,4355.095,4365.446,3497,60,0,3497
2024-07-04 10:00:00,4365.462,4365.687,4348.367,4356.373,3488,60,0,3488
2024-07-04 11:00:00,4356.39,4366.986,4348.802,4366.986,3481,60,0,3481
2024-07-04 12:00:00,4366.986,4386.665,4366.612,4385.986,3493,61,0,3493
2024-07-04 13:00:00,4386.007,4392.503,4373.801,4386.654,3486,61,0,3486
2024-07-04 14:00:00,4386.656,4390.169,4363.195,4365.877,3471,61,0,3471
2024-07-04 15:00:00,4365.877,4385.338,4365.877,4385.338,3487,61,0,3487
2024-07-04 16:00:00,4385.34,4400.613,4384.542,4392.359,3486,61,0,3486
2024-07-04 17:00:00,4392.381,4397.468,4384.156,4388.225,3477,61,0,3477
2024-07-04 18:00:00,4388.229,4399.256,4377.929,4398.263,3472,61,0,3472
2024-07-04 19:00:00,4398.278,4419.171,4398.278,4417.828,3503,61,0,3503
2024-07-04 20:00:00,4417.828,4429.161,4415.278,4419.118,3486,61,0,3486
2024-07-04 21:00:00,4419.119,4427.554,4397.479,4400.409,3493,61,0,3493
2024-07-04 22:00:00,4400.43,4422.226,4400.43,4418.92,3478,61,0,3478
2024-07-04 23:00:00,4418.933,4425.996,4384.234,4397.289,3490,61,0,3490
2024-07-05 00:00:00,4397.3,4397.957,4381.587,4388.402,3486,61,0,3486
2024-07-05 01:00:00,4388.409,4398.794,4379.748,4388.263,3477,61,0,3477
2024-07-05 02:00:00,4388.273,4400.836,4385.221,4400.836,3474,61,0,3474
2024-07-05 03:00:00,4400.851,4403.805,4383.197,4396.275,3485,61,0,3485
2024-07-05 04:00:00,4396.281,4405.663,4390.869,4405.663,3484,61,0,3484
2024-07-05 05:00:00,4405.674,4410.722,4395.322,4410.722,3471,61,0,3471
2024-07-05 06:00:00,4410.73,4429.043,4410.73,4427.002,3495,61,0,3495
2024-07-05 07:00:00,4427.004,4440.581,4420.631,4434.141,3479,61,0,3479
2024-07-05 08:00:00,4434.15,4436.756,4418.291,4421.575,3483,61,0,3483
2024-07-05 09:00:00,4421.577,4432.126,4416.855,4425.415,3486,61,0,3486
2024-07-05 10:00:00,4425.422,4431.785,4411.844,4418.459,3480,61,0,3480
2024-07-05 11:00:00,4418.466,4432.893,4416.508,4425.249,3473,61,0,3473
2024-07-05 12:00:00,4425.257,4432.348,4416.784,4425.77,3498,61,0,3498
2024-07-05 13:00:00,4425.774,4430.546,4413.414,4423.221,3502,61,0,3502
2024-07-05 14:00:00,4423.23,4423.238,4395.251,4408.749,3495,61,0,3495
2024-07-05 15:00:00,4408.751,4409.733,4389.559,4407.33,3488,61,0,3488
2024-07-05 16:00:00,4407.332,4408.781,4384.465,4387.78,3483,61,0,3483
2024-07-05 17:00:00,4387.79,4390.911,4376.54,4381.404,3486,61,0,3486
2024-07-05 18:00:00,4381.422,4390.908,4375.118,4375.207,3496,61,0,3496
2024-07-05 19:00:00,4375.208,4383.458,4368.863,4382.721,3486,61,0,3486
2024-07-05 20:00:00,4382.722,4396.633,4381.365,4391.455,3486,61,0,3486
2024-07-05 21:00:00,4391.474,4405.101,4388.889,4390.65,3494,61,0,3494
2024-07-05 22:00:00,4390.656,4400.766,4387.291,4395.169,3489,61,0,3489
2024-07-05 23:00:00,4395.191,4399.583,4388.288,4388.761,3478,61,0,3478
2024-07-06 00:00:00,4388.785,4401.838,4382.01,4401.838,3490,61,0,3490
2024-07-06 01:00:00,4401.839,4421.041,4394.211,4421.041,3480,61,0,3480
2024-07-06 02:00:00,4421.041,4423.376,4399.878,4402.461,3476,61,0,3476
2024-07-06 03:00:00,4402.476,4405.067,4394.221,4405.067,3485,61,0,3485
2024-07-06 04:00:00,4405.078,4406.35,4392.055,4406.35,3490,61,0,3490
2024-07-06 05:00:00,4406.354,4409.826,4397.069,4401.128,3477,61,0,3477
2024-07-06 06:00:00,4401.128,4419.605,4401.128,4409.293,3501,61,0,3501
2024-07-06 07:00:00,4409.309,4417.753,4396.77,4405.96,3485,61,0,3485
2024-07-06 08:00:00,4405.969,4407.853,4364.158,4367.831,3486,61,0,3486
2024-07-06 09:00:00,4367.835,4367.849,4325.294,4326.719,3479,60,0,3479
2024-07-06 10:00:00,4326.726,4338.998,4324.073,4334.492,3495,60,0,3495
2024-07-06 11:00:00,4334.505,4336.274,4316.103,4324.309,3483,60,0,3483
2024-07-06 12:00:00,4324.312,4326.059,4298.631,4299.82,3482,60,0,3482
2024-07-06 13:00:00,4299.831,4304.102,4285.386,4295.058,3475,60,0,3475
2024-07-06 14:00:00,4295.063,4296.986,4268.66,4275.543,3490,59,0,3490
2024-07-06 15:00:00,4275.548,4283.825,4265.308,4271.033,3488,59,0,3488
2024-07-06 16:00:00,4271.035,4278.477,4266.301,4278.477,3478,59,0,3478
2024-07-06 17:00:00,4278.478,4283.566,4266.073,4267.079,3480,59,0,3480
2024-07-06 18:00:00,4267.087,4270.515,4257.935,4267.965,3482,59,0,3482
2024-07-06 19:00:00,4267.971,4277.002,4262.411,4268.014,3491,59,0,3491
2024-07-06 20:00:00,4268.018,4268.986,4252.782,4262.009,3496,59,0,3496
2024-07-06 21:00:00,4262.017,4266.369,4247.296,4264.29,3485,59,0,3485
2024-07-06 22:00:00,4264.31,4271.795,4259.567,4267.478,3485,59,0,3485
2024-07-06 23:00:00,4267.482,4269.471,4252.449,4255.664,3480,59,0,3480
2024-07-07 00:00:00,4255.666,4259.541,4243.806,4249.516,3466,59,0,3466
2024-07-07 01:00:00,4249.52,4258.917,4248.093,4255.043,3492,59,0,3492
2024-07-07 02:00:00,4255.049,4264.016,4231.651,4233.492,3485,59,0,3485
2024-07-07 03:00:00,4233.493,4235.518,4224.843,4224.945,3486,59,0,3486
2024-07-07 04:00:00,4224.946,4235.91,4192.192,4196.2,3490,58,0,3490
2024-07-07 05:00:00,4196.215,4199.927,4188.75,4189.342,3478,58,0,3478
2024-07-07 06:00:00,4189.342,4189.448,4160.372,4161.321,3469,58,0,3469
2024-07-07 07:00:00,4161.321,4161.403,4137.347,4144.644,3474,57,0,3474
2024-07-07 08:00:00,4144.646,4148.955,4114.811,4119.366,3475,57,0,3475
2024-07-07 09:00:00,4119.366,4129.147,4095.305,4101.669,3460,57,0,3460
2024-07-07 10:00:00,4101.67,4112.021,4098.048,4101.764,3487,57,0,3487
2024-07-07 11:00:00,4101.771,4122.121,4101.771,4121.584,3486,57,0,3486
2024-07-07 12:00:00,4121.589,4133.206,4118.112,4125.436,3468,57,0,3468
2024-07-07 13:00:00,4125.447,4133.412,4108.581,4119.244,3479,57,0,3479
2024-07-07 14:00:00,4119.252,4125.762,4112.69,4116.395,3486,57,0,3486
2024-07-07 15:00:00,4116.399,4121.171,4112.464,4118.716,3486,57,0,3486
2024-07-07 16:00:00,4118.736,4139.944,4118.736,4134.802,3471,57,0,3471
2024-07-07 17:00:00,4134.808,4149.233,4132.519,4149.233,3478,57,0,3478
2024-07-07 18:00:00,4149.249,4151.721,4138.982,4141.318,3488,57,0,3488
2024-07-07 19:00:00,4141.319,4150.719,4138.196,4147.076,3469,57,0,3469
2024-07-07 20:00:00,4147.085,4151.953,4134.943,4139.422,3490,57,0,3490
2024-07-07 21:00:00,4139.426,4146.393,4120.956,4121.116,3490,57,0,3490
2024-07-07 22:00:00,4121.12,4128.847,4113.396,4123.721,3485,57,0,3485
2024-07-07 23:00:00,4123.728,4140.011,4121.783,4140.011,3486,57,0,3486
2024-07-08 00:00:00,4140.028,4153.819,4139.906,4153.047,3469,57,0,3469
2024-07-08 01:00:00,4153.055,4156.205,4143.783,4145.898,3468,58,0,3468
2024-07-08 02:00:00,4145.902,4155.488,4136.87,4137.289,3481,57,0,3481
2024-07-08 03:00:00,4137.293,4139.935,4126.72,4133.671,3484,57,0,3484
2024-07-08 04:00:00,4133.672,4136.026,4112.034,4117.708,3476,57,0,3476
2024-07-08 05:00:00,4117.721,4141.297,4117.721,4135.38,3463,57,0,3463
2024-07-08 06:00:00,4135.38,4143.173,4124.356,4129.272,3484,57,0,3484
2024-07-08 07:00:00,4129.274,4130.481,4084.271,4091.402,3498,57,0,3498
2024-07-08 08:00:00,4091.412,4107.545,4090.198,4104.912,3489,57,0,3489
2024-07-08 09:00:00,4104.925,4105.438,4090.543,4096.517,3492,57,0,3492
2024-07-08 10:00:00,4096.521,4098.037,4079.071,4086.269,3471,57,0,3471
2024-07-08 11:00:00,4086.27,4106.347,4082.877,4106.347,3462,57,0,3462
2024-07-08 12:00:00,4106.37,4112.844,4095.949,4110.801,3498,57,0,3498
2024-07-08 13:00:00,4110.802,4115.694,4080.133,4081.238,3480,57,0,3480
2024-07-08 14:00:00,4081.252,4091.383,4068.604,4073.567,3474,56,0,3474
2024-07-08 15:00:00,4073.584,4084.783,4070.775,4084.293,3465,57,0,3465
2024-07-08 16:00:00,4084.302,4093.046,4081.716,4086.865,3469,57,0,3469
2024-07-08 17:00:00,4086.879,4090.581,4070.072,4080.413,3489,56,0,3489
2024-07-08 18:00:00,4080.423,4084.249,4036.011,4039.667,3491,56,0,3491
2024-07-08 19:00:00,4039.675,4046.426,4036.731,4038.123,3474,56,0,3474
2024-07-08 20:00:00,4038.134,4038.366,4015.575,4018.328,3458,56,0,3458
2024-07-08 21:00:00,4018.331,4018.337,4003.206,4014.518,3473,56,0,3473
2024-07-08 22:00:00,4014.524,4024.817,4014.524,4024.817,3456,56,0,3456
2024-07-08 23:00:00,4024.828,4033.611,4018.005,4033.468,3475,56,0,3475
2024-07-09 00:00:00,4033.475,4038.265,4025.329,4032.624,3462,56,0,3462
2024-07-09 01:00:00,4032.641,4060.339,4032.641,4060.339,3481,56,0,3481
2024-07-09 02:00:00,4060.34,4067.507,4054.475,4067.507,3469,56,0,3469
2024-07-09 03:00:00,4067.523,4072.143,4057.828,4072.143,3470,56,0,3470
2024-07-09 04:00:00,4072.147,4075.998,4058.718,4061.44,3475,56,0,3475
2024-07-09 05:00:00,4061.453,4079.015,4057.706,4078.075,3492,56,0,3492
2024-07-09 06:00:00,4078.088,4093.41,4073.663,4093.41,3475,57,0,3475
2024-07-09 07:00:00,4093.415,4093.422,4068.606,4076.416,3489,56,0,3489
2024-07-09 08:00:00,4076.422,4083.283,4060.581,4063.409,3485,56,0,3485
2024-07-09 09:00:00,4063.411,4077.863,4063.411,4073.419,3467,56,0,3467
2024-07-09 10:00:00,4073.435,4074.625,4048.105,4055.942,3485,56,0,3485
2024-07-09 11:00:00,4055.96,4071.046,4055.96,4062.236,3482,56,0,3482
2024-07-09 12:00:00,4062.245,4069.096,4057.296,4069.096,3478,56,0,3478
2024-07-09 13:00:00,4069.098,4083.418,4069.098,4078.57,3502,56,0,3502
2024-07-09 14:00:00,4078.572,4091.82,4073.951,4076.246,3468,57,0,3468
2024-07-09 15:00:00,4076.246,4081.516,4063.444,4065.691,3473,56,0,3473
2024-07-09 16:00:00,4065.7,4071.532,4050.276,4056.675,3483,56,0,3483
2024-07-09 17:00:00,4056.688,4058.371,4041.981,4054.184,3478,56,0,3478
2024-07-09 18:00:00,4054.19,4056.218,4028.537,4028.701,3465,56,0,3465
2024-07-09 19:00:00,4028.709,4040.628,4010.168,4012.06,3466,56,0,3466
2024-07-09 20:00:00,4012.061,4015.599,3999.131,4002.641,3476,55,0,3476
2024-07-09 21:00:00,4002.646,4008.865,3998.514,4008.822,3474,55,0,3474
2024-07-09 22:00:00,4008.835,4026.304,4004.657,4026.304,3463,56,0,3463
2024-07-09 23:00:00,4026.311,4041.31,4026.311,4041.06,3476,56,0,3476
2024-07-10 00:00:00,4041.065,4055.444,4034.664,4055.444,3485,56,0,3485
2024-07-10 01:00:00,4055.445,4056.15,4033.401,4033.704,3480,56,0,3480
2024-07-10 02:00:00,4033.721,4037.78,4021.2,4030.143,3475,56,0,3475
2024-07-10 03:00:00,4030.152,4038.958,4026.449,4038.958,3464,56,0,3464
2024-07-10 04:00:00,4038.978,4039.75,4026.917,4034.89,3493,56,0,3493
2024-07-10 05:00:00,4034.896,4049.316,4032.824,4049.316,3460,56,0,3460
2024-07-10 06:00:00,4049.317,4064.133,4042.08,4064.133,3456,56,0,3456
2024-07-10 07:00:00,4064.151,4066.608,4049.677,4063.73,3487,56,0,3487
2024-07-10 08:00:00,4063.736,4074.819,4063.736,4072.335,3471,56,0,3471
2024-07-10 09:00:00,4072.335,4073.094,4060.329,4072.741,3471,56,0,3471
2024-07-10 10:00:00,4072.748,4092.117,4072.748,4083.429,3484,57,0,3484
2024-07-10 11:00:00,4083.446,4086.294,4073.849,4079.895,3479,57,0,3479
2024-07-10 12:00:00,4079.907,4086.949,4063.892,4072.096,3488,56,0,3488
2024-07-10 13:00:00,4072.1,4079.829,4055.557,4062.518,3471,56,0,3471
2024-07-10 14:00:00,4062.52,4076.441,4055.988,4076.441,3470,56,0,3470
2024-07-10 15:00:00,4076.457,4085.744,4054.13,4060.12,3461,56,0,3461
2024-07-10 16:00:00,4060.136,4065.193,4036.46,4043.466,3482,56,0,3482
2024-07-10 17:00:00,4043.481,4055.635,4029.38,4031.2,3469,56,0,3469
2024-07-10 18:00:00,4031.203,4036.907,4004.056,4011.809,3462,56,0,3462
2024-07-10 19:00:00,4011.813,4018.099,4010.933,4012.634,3485,56,0,3485
2024-07-10 20:00:00,4012.644,4025.935,4011.728,4023.202,3466,56,0,3466
2024-07-10 21:00:00,4023.208,4035.884,4022.363,4035.834,3476,56,0,3476
2024-07-10 22:00:00,4035.847,4040.17,4028.286,4037.88,3474,56,0,3474
2024-07-10 23:00:00,4037.887,4049.885,4034.752,4049.885,3485,56,0,3485
2024-07-11 00:00:00,4049.898,4055.725,4041.659,4055.725,3474,56,0,3474
2024-07-11 01:00:00,4055.741,4056.688,4016.551,4031.307,3489,56,0,3489
2024-07-11 02:00:00,4031.31,4034.128,4017.515,4034.128,3486,56,0,3486
2024-07-11 03:00:00,4034.132,4051.494,4034.132,4045.368,3483,56,0,3483
2024-07-11 04:00:00,4045.371,4075.058,4045.371,4075.058,3483,56,0,3483
2024-07-11 05:00:00,4075.061,4087.72,4071.627,4087.72,3479,57,0,3479
2024-07-11 06:00:00,4087.721,4105.1,4084.506,4105.1,3470,57,0,3470
2024-07-11 07:00:00,4105.121,4113.126,4096.876,4113.126,3469,57,0,3469
2024-07-11 08:00:00,4113.135,4128.263,4112.914,4128.263,3454,57,0,3454
2024-07-11 09:00:00,4128.266,4139.26,4126.705,4137.028,3484,57,0,3484
2024-07-11 10:00:00,4137.038,4139.742,4124.152,4129.572,3477,57,0,3477
2024-07-11 11:00:00,4129.58,4138.702,4125.757,4136.926,3458,57,0,3458
2024-07-11 12:00:00,4136.939,4159.527,4136.939,4159.526,3460,57,0,3460
2024-07-11 13:00:00,4159.545,4162.751,4140.728,4147.516,3479,57,0,3479
2024-07-11 14:00:00,4147.524,4158.711,4146.707,4147.522,3492,58,0,3492
2024-07-11 15:00:00,4147.523,4152.643,4137.058,4149.501,3482,57,0,3482
2024-07-11 16:00:00,4149.523,4161.262,4143.515,4161.262,3465,58,0,3465
2024-07-11 17:00:00,4161.265,4176.694,4159.375,4176.694,3502,58,0,3502
2024-07-11 18:00:00,4176.695,4179.684,4166.916,4177.858,3489,58,0,3489
2024-07-11 19:00:00,4177.858,4177.906,4148.974,4150.702,3476,58,0,3476
2024-07-11 20:00:00,4150.709,4166.45,4134.287,4137.557,3479,57,0,3479
2024-07-11 21:00:00,4137.566,4149.777,4133.105,4149.777,3472,57,0,3472
2024-07-11 22:00:00,4149.781,4153.03,4124.054,4127.972,3484,57,0,3484
2024-07-11 23:00:00,4127.982,4145.093,4127.982,4138.238,3472,57,0,3472
2024-07-12 00:00:00,4138.246,4148.867,4121.709,4127.551,3477,57,0,3477
2024-07-12 01:00:00,4127.554,4131.209,4114.331,4120.489,3467,57,0,3467
2024-07-12 02:00:00,4120.497,4136.542,4120.497,4133.295,3487,57,0,3487
2024-07-12 03:00:00,4133.303,4134.122,4109.86,4122.816,3482,57,0,3482
2024-07-12 04:00:00,4122.816,4124.522,4104.393,4119.448,3475,57,0,3475
2024-07-12 05:00:00,4119.457,4129.363,4119.144,4123.268,3481,57,0,3481
2024-07-12 06:00:00,4123.281,4126.609,4112.577,4125.683,3480,57,0,3480
2024-07-12 07:00:00,4125.7,4141.067,4115.424,4120.914,3464,57,0,3464
2024-07-12 08:00:00,4120.924,4127.496,4117.347,4124.098,3497,57,0,3497
2024-07-12 09:00:00,4124.107,4131.224,4100.009,4105.673,3481,57,0,3481
2024-07-12 10:00:00,4105.675,4131.589,4105.675,4131.589,3478,57,0,3478
2024-07-12 11:00:00,4131.592,4134.02,4122.448,4132.499,3489,57,0,3489
2024-07-12 12:00:00,4132.509,4152.261,4130.771,4151.034,3463,57,0,3463
2024-07-12 13:00:00,4151.036,4160.654,4147.762,4153.811,3486,58,0,3486
2024-07-12 14:00:00,4153.815,4157.311,4141.526,4155.71,3469,57,0,3469
2024-07-12 15:00:00,4155.715,4172.885,4155.715,4171.55,3476,58,0,3476
2024-07-12 16:00:00,4171.562,4176.899,4156.952,4163.165,3480,58,0,3480
2024-07-12 17:00:00,4163.173,4164.175,4137.381,4139.626,3470,57,0,3470
2024-07-12 18:00:00,4139.626,4162.353,4139.626,4160.42,3477,57,0,3477
2024-07-12 19:00:00,4160.425,4163.913,4133.822,4139.819,3477,57,0,3477
2024-07-12 20:00:00,4139.82,4149.331,4133.884,4146.888,3475,57,0,3475
2024-07-12 21:00:00,4146.898,4154.713,4136.975,4142.496,3496,57,0,3496
2024-07-12 22:00:00,4142.514,4142.647,4103.838,4104.957,3464,57,0,3464
2024-07-12 23:00:00,4104.975,4118.315,4098.976,4117.964,3488,57,0,3488
2024-07-13 00:00:00,4117.984,4127.806,4111.841,4116.561,3482,57,0,3482
2024-07-13 01:00:00,4116.563,4144.148,4116.563,4136.116,3484,57,0,3484
2024-07-13 02:00:00,4136.136,4152.75,4135.496,4149.103,3465,57,0,3465
2024-07-13 03:00:00,4149.116,4154.919,4142.825,4154.919,3478,58,0,3478
2024-07-13 04:00:00,4154.93,4159.489,4135.583,4136.022,3479,57,0,3479
2024-07-13 05:00:00,4136.028,4147.88,4131.058,4143.453,3493,57,0,3493
2024-07-13 06:00:00,4143.465,4155.668,4133.908,4153.547,3489,57,0,3489
2024-07-13 07:00:00,4153.553,4163.438,4146.368,4152.113,3495,58,0,3495
2024-07-13 08:00:00,4152.114,4154.506,4137.496,4140.466,3474,57,0,3474
2024-07-13 09:00:00,4140.468,4143.264,4129.486,4143.031,3482,57,0,3482
2024-07-13 10:00:00,4143.038,4145.8,4114.158,4117.336,3484,57,0,3484
2024-07-13 11:00:00,4117.336,4120.144,4103.154,4111.611,3477,57,0,3477
2024-07-13 12:00:00,4111.621,4123.07,4106.489,4114.237,3480,57,0,3480
2024-07-13 13:00:00,4114.239,4130.056,4111.639,4120.483,3435,57,0,3435
2024-07-13 14:00:00,4120.497,4121.783,4097.926,4113.719,3475,57,0,3475
2024-07-13 15:00:00,4113.722,4135.881,4113.722,4135.881,3477,57,0,3477
2024-07-13 16:00:00,4135.888,4145.336,4129.846,4138.863,3478,57,0,3478
2024-07-13 17:00:00,4138.885,4149.86,4124.384,4127.702,3492,57,0,3492
2024-07-13 18:00:00,4127.72,4138.283,4125.038,4137.165,3481,57,0,3481
2024-07-13 19:00:00,4137.174,4146.932,4134.847,4143.301,3474,57,0,3474
2024-07-13 20:00:00,4143.311,4146.985,4133.494,4137.889,3488,57,0,3488
2024-07-13 21:00:00,4137.896,4150.69,4132.31,4135.211,3492,57,0,3492
2024-07-13 22:00:00,4135.228,4139.465,4126.445,4130.446,3473,57,0,3473
2024-07-13 23:00:00,4130.46,4131.038,4114.529,4127.358,3482,57,0,3482
2024-07-14 00:00:00,4127.371,4132.922,4122.534,4132.922,3493,57,0,3493
2024-07-14 01:00:00,4132.933,4145.714,4132.303,4140.785,3278,57,0,3278
2024-07-14 02:00:00,4140.786,4159.729,4139.241,4159.729,3481,57,0,3481
2024-07-14 03:00:00,4159.733,4182.971,4153.901,4182.365,3491,58,0,3491
2024-07-14 04:00:00,4182.372,4199.929,4181.448,4181.753,3490,58,0,3490
2024-07-14 05:00:00,4181.753,4198.203,4173.768,4198.203,3471,58,0,3471
2024-07-14 06:00:00,4198.21,4221.576,4198.21,4211.378,3475,58,0,3475
2024-07-14 07:00:00,4211.382,4227.606,4206.623,4206.934,3487,58,0,3487
2024-07-14 08:00:00,4206.944,4224.886,4206.944,4213.151,3482,58,0,3482
2024-07-14 09:00:00,4213.158,4221.83,4207.037,4219.131,3487,58,0,3487
2024-07-14 10:00:00,4219.141,4226.261,4196.226,4202.796,3491,58,0,3491
2024-07-14 11:00:00,4202.804,4222.682,4202.804,4222.682,3479,58,0,3479
2024-07-14 12:00:00,4222.691,4242.502,4214.154,4242.502,3478,59,0,3478
2024-07-14 13:00:00,4242.514,4256.705,4234.019,4247.349,3498,59,0,3498
2024-07-14 14:00:00,4247.356,4248.261,4206.668,4207.239,3465,58,0,3465
2024-07-14 15:00:00,4207.257,4227.982,4207.257,4223.513,3487,58,0,3487
2024-07-14 16:00:00,4223.523,4226.689,4198.808,4207.052,3477,58,0,3477
2024-07-14 17:00:00,4207.055,4231.174,4207.055,4231.174,3475,58,0,3475
2024-07-14 18:00:00,4231.183,4251.009,4231.183,4237.308,3476,59,0,3476
2024-07-14 19:00:00,4237.321,4248.684,4216.662,4231.014,3481,59,0,3481
2024-07-14 20:00:00,4231.015,4241.905,4224.999,4241.905,3491,59,0,3491
2024-07-14 21:00:00,4241.913,4266.707,4241.913,4266.707,3489,59,0,3489
2024-07-14 22:00:00,4266.715,4270.501,4237.628,4238.153,3471,59,0,3471
2024-07-14 23:00:00,4238.159,4247.364,4234.305,4243.124,3475,59,0,3475
2024-07-15 00:00:00,4243.137,4269.82,4243.137,4267.549,3479,59,0,3479
2024-07-15 01:00:00,4267.557,4285.571,4267.014,4272.551,3496,59,0,3496
2024-07-15 02:00:00,4272.567,4280.415,4265.32,4267.234,3485,59,0,3485
2024-07-15 03:00:00,4267.236,4276.265,4262.842,4267.667,3476,59,0,3476
2024-07-15 04:00:00,4267.673,4284.551,4260.255,4284.551,3484,59,0,3484
2024-07-15 05:00:00,4284.556,4285.61,4273.517,4280.04,3485,59,0,3485
2024-07-15 06:00:00,4280.046,4287.255,4268.789,4279.961,3467,59,0,3467
2024-07-15 07:00:00,4279.978,4294.765,4279.978,4294.765,3471,59,0,3471
2024-07-15 08:00:00,4294.785,4298.353,4273.722,4273.829,3483,59,0,3483
2024-07-15 09:00:00,4273.829,4279.933,4268.111,4279.933,3469,59,0,3469
2024-07-15 10:00:00,4279.939,4291.608,4274.325,4287.118,3495,59,0,3495
2024-07-15 11:00:00,4287.132,4300.823,4285.56,4295.204,3476,60,0,3476
2024-07-15 12:00:00,4295.213,4319.966,4295.213,4308.818,3485,60,0,3485
2024-07-15 13:00:00,4308.819,4320.072,4297.287,4299.797,3465,60,0,3465
2024-07-15 14:00:00,4299.802,4313.435,4297.71,4313.435,3456,60,0,3456
2024-07-15 15:00:00,4313.451,4318.192,4296.11,4299.624,3484,60,0,3484
2024-07-15 16:00:00,4299.633,4305.135,4285.439,4287.886,3486,60,0,3486
2024-07-15 17:00:00,4287.886,4289.999,4255.36,4257.134,3475,59,0,3475
2024-07-15 18:00:00,4257.14,4264.282,4248.765,4250.13,3484,59,0,3484
2024-07-15 19:00:00,4250.14,4270.691,4248.812,4270.691,3478,59,0,3478
2024-07-15 20:00:00,4270.698,4283.105,4267.167,4282.697,3484,59,0,3484
2024-07-15 21:00:00,4282.699,4292.469,4276.472,4287.853,3484,59,0,3484
2024-07-15 22:00:00,4287.857,4294.951,4279.462,4282.461,3490,59,0,3490
2024-07-15 23:00:00,4282.473,4292.041,4266.43,4268.15,3484,59,0,3484
2024-07-16 00:00:00,4268.171,4275.797,4259.025,4260.813,3496,59,0,3496
2024-07-16 01:00:00,4260.825,4267.312,4251.61,4261.31,3492,59,0,3492
2024-07-16 02:00:00,4261.312,4282.882,4261.312,4278.819,3479,59,0,3479
2024-07-16 03:00:00,4278.837,4294.355,4275.389,4290.031,3475,59,0,3475
2024-07-16 04:00:00,4290.032,4290.394,4264.758,4265.104,3491,59,0,3491
2024-07-16 05:00:00,4265.114,4268.894,4252.804,4255.815,3491,59,0,3491
2024-07-16 06:00:00,4255.816,4255.855,4232.43,4236.909,3495,59,0,3495
2024-07-16 07:00:00,4236.911,4242.867,4217.874,4221.968,3472,59,0,3472
2024-07-16 08:00:00,4221.989,4230.298,4198.202,4200.598,3465,58,0,3465
2024-07-16 09:00:00,4200.61,4208.354,4186.546,4192.0,3470,58,0,3470
2024-07-16 10:00:00,4192.014,4195.684,4171.04,4173.937,3481,58,0,3481
2024-07-16 11:00:00,4173.955,4176.941,4141.398,4144.465,3469,57,0,3469
2024-07-16 12:00:00,4144.467,4151.259,4136.304,4136.694,3478,57,0,3478
2024-07-16 13:00:00,4136.707,4141.849,4131.357,4138.559,3492,57,0,3492
2024-07-16 14:00:00,4138.57,4149.835,4137.366,4138.33,3485,57,0,3485
2024-07-16 15:00:00,4138.33,4155.363,4138.33,4149.19,3491,57,0,3491
2024-07-16 16:00:00,4149.192,4160.845,4147.527,4158.389,3474,58,0,3474
2024-07-16 17:00:00,4158.405,4163.227,4146.542,4147.447,3491,58,0,3491
2024-07-16 18:00:00,4147.447,4164.175,4142.52,4146.464,3497,58,0,3497
2024-07-16 19:00:00,4146.477,4159.071,4143.895,4156.502,3488,58,0,3488
2024-07-16 20:00:00,4156.522,4159.692,4128.455,4130.338,3483,57,0,3483
2024-07-16 21:00:00,4130.343,4144.555,4129.187,4144.555,3455,57,0,3455
2024-07-16 22:00:00,4144.561,4147.303,4132.712,4143.926,3458,57,0,3458
2024-07-16 23:00:00,4143.934,4152.512,4127.08,4132.151,3474,57,0,3474
2024-07-17 00:00:00,4132.173,4133.78,4119.674,4128.539,3482,57,0,3482
2024-07-17 01:00:00,4128.543,4135.012,4100.332,4106.344,3468,57,0,3468
2024-07-17 02:00:00,4106.352,4119.873,4106.352,4110.891,3486,57,0,3486
2024-07-17 03:00:00,4110.9,4112.883,4099.624,4111.722,3483,57,0,3483
2024-07-17 04:00:00,4111.725,4122.534,4107.631,4119.9,3479,57,0,3479
2024-07-17 05:00:00,4119.905,4128.818,4117.103,4125.523,3486,57,0,3486
2024-07-17 06:00:00,4125.531,4152.655,4125.531,4152.655,3452,57,0,3452
2024-07-17 07:00:00,4152.664,4156.252,4141.568,4145.534,3469,57,0,3469
2024-07-17 08:00:00,4145.541,4170.137,4145.541,4169.099,3487,58,0,3487
2024-07-17 09:00:00,4169.104,4186.117,4167.032,4183.542,3481,58,0,3481
2024-07-17 10:00:00,4183.557,4197.546,4183.557,4187.966,3480,58,0,3480
2024-07-17 11:00:00,4187.976,4200.029,4187.685,4197.118,3466,58,0,3466
2024-07-17 12:00:00,4197.118,4206.82,4191.166,4192.795,3507,58,0,3507
2024-07-17 13:00:00,4192.817,4201.749,4192.817,4196.39,3483,58,0,3483
2024-07-17 14:00:00,4196.391,4196.937,4180.873,4188.359,3477,58,0,3477
2024-07-17 15:00:00,4188.364,4192.18,4179.486,4188.887,3505,58,0,3505
2024-07-17 16:00:00,4188.899,4192.111,4169.326,4172.207,3492,58,0,3492
2024-07-17 17:00:00,4172.215,4179.642,4170.954,4173.213,3486,58,0,3486
2024-07-17 18:00:00,4173.213,4174.354,4153.447,4163.851,3497,58,0,3497
2024-07-17 19:00:00,4163.854,4176.978,4163.854,4173.907,3504,58,0,3504
2024-07-17 20:00:00,4173.91,4186.859,4173.91,4182.022,3483,58,0,3483
2024-07-17 21:00:00,4182.023,4186.492,4173.577,4184.668,3484,58,0,3484
2024-07-17 22:00:00,4184.672,4198.109,4181.815,4189.725,3495,58,0,3495
2024-07-17 23:00:00,4189.735,4206.649,4189.735,4206.649,3498,58,0,3498
2024-07-18 00:00:00,4206.66,4209.377,4186.156,4190.992,3481,58,0,3481
2024-07-18 01:00:00,4190.996,4198.117,4161.199,4166.525,3461,58,0,3461
2024-07-18 02:00:00,4166.545,4174.116,4159.459,4171.426,3478,58,0,3478
2024-07-18 03:00:00,4171.432,4195.251,4171.432,4195.251,3483,58,0,3483
2024-07-18 04:00:00,4195.257,4215.701,4195.257,4202.652,3489,58,0,3489
2024-07-18 05:00:00,4202.653,4224.32,4202.653,4217.307,3486,58,0,3486
2024-07-18 06:00:00,4217.31,4224.755,4202.334,4211.342,3481,58,0,3481
2024-07-18 07:00:00,4211.354,4226.12,4198.024,4207.757,3473,58,0,3473
2024-07-18 08:00:00,4207.759,4214.251,4198.652,4209.317,3498,58,0,3498
2024-07-18 09:00:00,4209.32,4222.917,4202.82,4218.54,3468,58,0,3468
2024-07-18 10:00:00,4218.554,4231.933,4218.554,4231.933,3487,59,0,3487
2024-07-18 11:00:00,4231.939,4242.638,4206.725,4210.5,3466,58,0,3466
2024-07-18 12:00:00,4210.511,4218.83,4206.503,4206.784,3496,58,0,3496
2024-07-18 13:00:00,4206.799,4221.786,4204.658,4221.786,3488,58,0,3488
2024-07-18 14:00:00,4221.792,4237.005,4218.137,4228.981,3467,59,0,3467
2024-07-18 15:00:00,4228.983,4247.776,4225.141,4247.776,3480,59,0,3480
2024-07-18 16:00:00,4247.794,4263.301,4245.97,4255.139,3477,59,0,3477
2024-07-18 17:00:00,4255.14,4259.043,4247.639,4252.719,3485,59,0,3485
2024-07-18 18:00:00,4252.719,4264.297,4247.796,4248.775,3481,59,0,3481
2024-07-18 19:00:00,4248.785,4262.616,4244.828,4258.354,3490,59,0,3490
2024-07-18 20:00:00,4258.359,4263.183,4243.264,4246.358,3472,59,0,3472
2024-07-18 21:00:00,4246.359,4252.579,4242.099,4245.484,3485,59,0,3485
2024-07-18 22:00:00,4245.491,4264.53,4244.913,4257.659,3461,59,0,3461
2024-07-18 23:00:00,4257.665,4260.056,4238.341,4243.625,3476,59,0,3476
2024-07-19 00:00:00,4243.632,4252.559,4233.542,4238.56,3474,59,0,3474
2024-07-19 01:00:00,4238.569,4239.123,4197.275,4210.378,3485,58,0,3485
2024-07-19 02:00:00,4210.381,4223.721,4208.698,4215.603,3486,58,0,3486
2024-07-19 03:00:00,4215.61,4217.174,4208.297,4216.672,3464,58,0,3464
2024-07-19 04:00:00,4216.679,4223.28,4200.552,4211.697,3481,58,0,3481
2024-07-19 05:00:00,4211.709,4221.777,4205.454,4212.286,3516,58,0,3516
2024-07-19 06:00:00,4212.29,4217.149,4201.021,4217.149,3487,58,0,3487
2024-07-19 07:00:00,4217.155,4219.903,4176.96,4179.116,3489,58,0,3489
2024-07-19 08:00:00,4179.119,4187.827,4176.041,4179.37,3472,58,0,3472
2024-07-19 09:00:00,4179.383,4192.213,4179.383,4190.715,3476,58,0,3476
2024-07-19 10:00:00,4190.73,4193.801,4176.323,4177.192,3493,58,0,3493
2024-07-19 11:00:00,4177.198,4193.751,4172.631,4193.751,3493,58,0,3493
2024-07-19 12:00:00,4193.769,4207.763,4193.769,4196.295,3476,58,0,3476
2024-07-19 13:00:00,4196.314,4200.253,4153.884,4164.197,3483,58,0,3483
2024-07-19 14:00:00,4164.201,4170.939,4159.837,4165.143,3482,58,0,3482
2024-07-19 15:00:00,4165.147,4176.893,4158.515,4176.893,3488,58,0,3488
2024-07-19 16:00:00,4176.896,4184.499,4142.707,4144.047,3472,58,0,3472
2024-07-19 17:00:00,4144.058,4146.144,4134.763,4141.803,3486,57,0,3486
2024-07-19 18:00:00,4141.824,4147.555,4129.824,4144.641,3488,57,0,3488
2024-07-19 19:00:00,4144.647,4159.004,4144.647,4153.928,3490,58,0,3490
2024-07-19 20:00:00,4153.95,4157.546,4139.301,4147.344,3485,57,0,3485
2024-07-19 21:00:00,4147.355,4167.917,4147.355,4156.87,3490,58,0,3490
2024-07-19 22:00:00,4156.895,4180.749,4156.895,4177.581,3462,58,0,3462
2024-07-19 23:00:00,4177.585,4182.888,4163.7,4166.46,3473,58,0,3473
2024-07-20 00:00:00,4166.481,4178.588,4166.481,4173.688,3492,58,0,3492
2024-07-20 01:00:00,4173.699,4178.813,4152.311,4152.951,3478,58,0,3478
2024-07-20 02:00:00,4152.955,4163.995,4129.923,4137.602,3481,57,0,3481
2024-07-20 03:00:00,4137.611,4147.305,4136.174,4137.51,3481,57,0,3481
2024-07-20 04:00:00,4137.519,4154.053,4134.289,4154.053,3496,57,0,3496
2024-07-20 05:00:00,4154.059,4161.344,4147.298,4161.344,3489,58,0,3489
2024-07-20 06:00:00,4161.347,4169.299,4152.849,4169.299,3494,58,0,3494
2024-07-20 07:00:00,4169.302,4181.159,4166.508,4180.133,3478,58,0,3478
2024-07-20 08:00:00,4180.148,4190.657,4175.247,4175.283,3483,58,0,3483
2024-07-20 09:00:00,4175.288,4193.702,4173.245,4188.155,3464,58,0,3464
2024-07-20 10:00:00,4188.163,4195.507,4171.736,4173.704,3483,58,0,3483
2024-07-20 11:00:00,4173.712,4178.707,4167.614,4178.115,3495,58,0,3495
2024-07-20 12:00:00,4178.119,4184.38,4174.422,4184.38,3484,58,0,3484
2024-07-20 13:00:00,4184.388,4189.862,4175.963,4185.713,3498,58,0,3498
2024-07-20 14:00:00,4185.727,4189.529,4165.689,4167.411,3470,58,0,3470
2024-07-20 15:00:00,4167.421,4172.697,4147.144,4148.874,3504,58,0,3504
2024-07-20 16:00:00,4148.875,4157.903,4140.23,4157.903,3475,57,0,3475
2024-07-20 17:00:00,4157.912,4166.284,4155.535,4157.939,3497,58,0,3497
2024-07-20 18:00:00,4157.945,4168.481,4157.945,4166.346,3487,58,0,3487
2024-07-20 19:00:00,4166.349,4183.339,4162.768,4164.904,3483,58,0,3483
2024-07-20 20:00:00,4164.904,4172.003,4159.081,4168.666,3468,58,0,3468
2024-07-20 21:00:00,4168.677,4191.526,4166.098,4191.526,3499,58,0,3499
2024-07-20 22:00:00,4191.535,4195.178,4184.041,4192.992,3480,58,0,3480
2024-07-20 23:00:00,4192.995,4198.808,4175.297,4178.06,3481,58,0,3481
2024-07-21 00:00:00,4178.073,4201.399,4178.073,4197.023,3473,58,0,3473
2024-07-21 01:00:00,4197.027,4201.56,4183.919,4201.431,3477,58,0,3477
2024-07-21 02:00:00,4201.434,4205.29,4182.384,4183.841,3474,58,0,3474
2024-07-21 03:00:00,4183.851,4202.644,4182.509,4200.549,3473,58,0,3473
2024-07-21 04:00:00,4200.56,4213.934,4200.56,4210.799,3469,58,0,3469
2024-07-21 05:00:00,4210.799,4216.186,4202.928,4203.702,3481,58,0,3481
2024-07-21 06:00:00,4203.708,4215.383,4194.488,4215.383,3485,58,0,3485
2024-07-21 07:00:00,4215.386,4225.64,4207.915,4225.64,3478,58,0,3478
2024-07-21 08:00:00,4225.645,4228.237,4211.985,4221.501,3465,58,0,3465
2024-07-21 09:00:00,4221.504,4236.968,4221.504,4228.026,3478,59,0,3478
2024-07-21 10:00:00,4228.049,4243.217,4226.125,4227.209,3503,59,0,3503
2024-07-21 11:00:00,4227.217,4232.732,4206.861,4214.829,3465,58,0,3465
2024-07-21 12:00:00,4214.836,4234.436,4212.345,4228.127,3510,58,0,3510
2024-07-21 13:00:00,4228.128,4232.234,4204.929,4205.452,3492,58,0,3492
2024-07-21 14:00:00,4205.47,4218.392,4201.048,4211.554,3474,58,0,3474
2024-07-21 15:00:00,4211.573,4229.02,4208.454,4226.562,3468,58,0,3468
2024-07-21 16:00:00,4226.562,4239.615,4213.11,4214.079,3487,58,0,3487
2024-07-21 17:00:00,4214.086,4231.896,4214.086,4217.617,3474,59,0,3474
2024-07-21 18:00:00,4217.623,4224.678,4214.12,4224.678,3468,58,0,3468
2024-07-21 19:00:00,4224.681,4234.4,4222.016,4228.27,3475,59,0,3475
2024-07-21 20:00:00,4228.282,4244.193,4224.678,4225.687,3485,59,0,3485
2024-07-21 21:00:00,4225.707,4236.229,4220.778,4224.774,3482,59,0,3482
2024-07-21 22:00:00,4224.783,4225.177,4210.495,4223.09,3473,58,0,3473
2024-07-21 23:00:00,4223.095,4232.596,4212.724,4213.061,3485,59,0,3485
2024-07-22 00:00:00,4213.067,4228.26,4210.652,4227.384,3469,58,0,3469
2024-07-22 01:00:00,4227.387,4229.482,4216.316,4219.153,3486,59,0,3486
2024-07-22 02:00:00,4219.163,4222.714,4204.025,4205.828,3481,58,0,3481
2024-07-22 03:00:00,4205.841,4213.525,4201.842,4212.765,3504,58,0,3504
2024-07-22 04:00:00,4212.773,4213.194,4195.708,4207.304,3471,58,0,3471
2024-07-22 05:00:00,4207.315,4208.225,4170.233,4171.05,3490,58,0,3490
2024-07-22 06:00:00,4171.054,4180.946,4145.7,4147.385,3487,58,0,3487
2024-07-22 07:00:00,4147.396,4153.656,4125.884,4136.795,3468,57,0,3468
2024-07-22 08:00:00,4136.805,4150.217,4132.549,4150.217,3496,57,0,3496
2024-07-22 09:00:00,4150.223,4155.379,4145.523,4154.408,3479,58,0,3479
2024-07-22 10:00:00,4154.41,4166.147,4144.757,4145.51,3469,58,0,3469
2024-07-22 11:00:00,4145.51,4151.786,4123.701,4128.98,3479,57,0,3479
2024-07-22 12:00:00,4128.988,4152.254,4125.723,4149.797,3490,57,0,3490
2024-07-22 13:00:00,4149.803,4157.174,4138.945,4152.439,3501,57,0,3501
2024-07-22 14:00:00,4152.446,4158.105,4135.394,4149.752,3461,57,0,3461
2024-07-22 15:00:00,4149.757,4156.165,4126.732,4131.632,3482,57,0,3482
2024-07-22 16:00:00,4131.65,4147.251,4129.487,4147.251,3481,57,0,3481
2024-07-22 17:00:00,4147.266,4155.712,4142.437,4155.712,3475,58,0,3475
2024-07-22 18:00:00,4155.724,4160.624,4149.879,4158.958,3452,58,0,3452
2024-07-22 19:00:00,4158.964,4159.322,4109.587,4111.161,3478,57,0,3478
2024-07-22 20:00:00,4111.163,4125.685,4098.571,4099.38,3483,57,0,3483
2024-07-22 21:00:00,4099.385,4117.247,4099.385,4116.086,3498,57,0,3498
2024-07-22 22:00:00,4116.096,4136.339,4116.096,4130.547,3475,57,0,3475
2024-07-22 23:00:00,4130.563,4142.547,4126.727,4134.031,3481,57,0,3481
2024-07-23 00:00:00,4134.048,4144.554,4125.69,4137.529,3473,57,0,3473
2024-07-23 01:00:00,4137.54,4165.71,4137.54,4165.71,3480,57,0,3480
2024-07-23 02:00:00,4165.711,4183.614,4165.711,4183.112,3494,58,0,3494
2024-07-23 03:00:00,4183.119,4199.235,4178.938,4198.862,3488,58,0,3488
2024-07-23 04:00:00,4198.874,4207.248,4197.334,4198.425,3469,58,0,3469
2024-07-23 05:00:00,4198.426,4208.885,4196.964,4201.379,3477,58,0,3477
2024-07-23 06:00:00,4201.386,4218.323,4201.386,4207.542,3475,58,0,3475
2024-07-23 07:00:00,4207.555,4217.205,4190.388,4194.858,3471,58,0,3471
2024-07-23 08:00:00,4194.868,4201.375,4189.395,4201.027,3467,58,0,3467
2024-07-23 09:00:00,4201.027,4202.673,4176.524,4177.103,3499,58,0,3499
2024-07-23 10:00:00,4177.116,4177.383,4158.226,4163.318,3485,58,0,3485
2024-07-23 11:00:00,4163.318,4167.07,4152.738,4161.115,3493,58,0,3493
2024-07-23 12:00:00,4161.122,4168.162,4152.542,4153.177,3495,58,0,3495
2024-07-23 13:00:00,4153.192,4160.644,4129.999,4132.028,3466,57,0,3466
2024-07-23 14:00:00,4132.048,4133.311,4112.061,4132.418,3491,57,0,3491
2024-07-23 15:00:00,4132.424,4153.139,4129.525,4153.139,3476,57,0,3476
2024-07-23 16:00:00,4153.155,4159.774,4146.899,4159.774,3488,58,0,3488
2024-07-23 17:00:00,4159.785,4166.466,4135.544,4138.176,3479,57,0,3479
2024-07-23 18:00:00,4138.188,4138.672,4097.542,4103.179,3486,57,0,3486
2024-07-23 19:00:00,4103.183,4113.763,4102.267,4105.543,3470,57,0,3470
2024-07-23 20:00:00,4105.546,4106.86,4086.694,4088.993,3492,57,0,3492
2024-07-23 21:00:00,4089.004,4100.498,4087.166,4099.789,3492,57,0,3492
2024-07-23 22:00:00,4099.805,4109.864,4098.455,4109.864,3482,57,0,3482
2024-07-23 23:00:00,4109.865,4129.192,4107.113,4124.685,3486,57,0,3486
2024-07-24 00:00:00,4124.695,4128.625,4108.137,4118.844,3486,57,0,3486
2024-07-24 01:00:00,4118.853,4128.507,4107.282,4128.507,3482,57,0,3482
2024-07-24 02:00:00,4128.508,4143.047,4117.905,4143.047,3451,57,0,3451
2024-07-24 03:00:00,4143.049,4149.19,4138.294,4148.587,3483,57,0,3483
2024-07-24 04:00:00,4148.604,4153.919,4134.903,4140.573,3479,57,0,3479
2024-07-24 05:00:00,4140.583,4151.643,4135.051,4151.643,3464,57,0,3464
2024-07-24 06:00:00,4151.652,4153.126,4139.384,4152.716,3494,57,0,3494
2024-07-24 07:00:00,4152.724,4160.578,4148.395,4158.411,3471,58,0,3471
2024-07-24 08:00:00,4158.414,4165.959,4150.377,4152.059,3481,58,0,3481
2024-07-24 09:00:00,4152.063,4154.442,4141.946,4151.241,3466,57,0,3466
2024-07-24 10:00:00,4151.246,4157.224,4143.001,4144.484,3477,58,0,3477
2024-07-24 11:00:00,4144.488,4149.504,4137.418,4149.223,3486,57,0,3486
2024-07-24 12:00:00,4149.226,4172.415,4149.193,4170.552,3475,58,0,3475
2024-07-24 13:00:00,4170.559,4178.312,4161.862,4165.033,3466,58,0,3466
2024-07-24 14:00:00,4165.045,4184.956,4165.045,4182.156,3484,58,0,3484
2024-07-24 15:00:00,4182.159,4195.78,4182.159,4195.78,3484,58,0,3484
2024-07-24 16:00:00,4195.786,4208.985,4195.786,4205.282,3485,58,0,3485
2024-07-24 17:00:00,4205.282,4211.114,4194.371,4199.256,3482,58,0,3482
2024-07-24 18:00:00,4199.268,4207.441,4161.077,4163.559,3480,58,0,3480
2024-07-24 19:00:00,4163.56,4189.016,4162.383,4189.016,3474,58,0,3474
2024-07-24 20:00:00,4189.016,4189.578,4155.299,4159.749,3486,58,0,3486
2024-07-24 21:00:00,4159.764,4166.355,4143.222,4166.355,3462,58,0,3462
2024-07-24 22:00:00,4166.362,4170.31,4155.395,4165.556,3453,58,0,3453
2024-07-24 23:00:00,4165.56,4168.222,4152.81,4168.222,3489,58,0,3489
2024-07-25 00:00:00,4168.225,4172.744,4145.693,4147.182,3472,58,0,3472
2024-07-25 01:00:00,4147.188,4154.469,4143.108,4147.404,3497,58,0,3497
2024-07-25 02:00:00,4147.426,4156.439,4143.677,4149.597,3483,58,0,3483
2024-07-25 03:00:00,4149.612,4173.645,4149.612,4173.645,3505,58,0,3505
2024-07-25 04:00:00,4173.658,4188.575,4173.127,4173.754,3482,58,0,3482
2024-07-25 05:00:00,4173.758,4179.863,4167.408,4177.608,3472,58,0,3472
2024-07-25 06:00:00,4177.609,4191.697,4172.353,4191.697,3478,58,0,3478
2024-07-25 07:00:00,4191.718,4193.31,4184.056,4190.837,3459,58,0,3459
2024-07-25 08:00:00,4190.842,4195.382,4178.269,4182.104,3488,58,0,3488
2024-07-25 09:00:00,4182.12,4188.788,4153.24,4155.282,3470,58,0,3470
2024-07-25 10:00:00,4155.286,4158.592,4106.225,4109.644,3479,57,0,3479
2024-07-25 11:00:00,4109.652,4123.183,4109.236,4112.187,3486,57,0,3486
2024-07-25 12:00:00,4112.205,4117.921,4102.238,4117.921,3469,57,0,3469
2024-07-25 13:00:00,4117.927,4120.983,4098.592,4103.59,3484,57,0,3484
2024-07-25 14:00:00,4103.611,4106.219,4094.315,4104.209,3479,57,0,3479
2024-07-25 15:00:00,4104.221,4116.038,4073.844,4076.867,3489,57,0,3489
2024-07-25 16:00:00,4076.882,4081.199,4068.476,4081.199,3473,56,0,3473
2024-07-25 17:00:00,4081.208,4089.889,4052.261,4053.808,3485,56,0,3485
2024-07-25 18:00:00,4053.816,4068.455,4053.816,4064.324,3475,56,0,3475
2024-07-25 19:00:00,4059.962,4067.533,4049.501,4051.487,3486,56,0,3486
2024-07-25 20:00:00,4051.494,4055.082,4045.654,4052.102,3484,56,0,3484
2024-07-25 21:00:00,4052.104,4052.248,4028.337,4040.679,3455,56,0,3455
2024-07-25 22:00:00,4040.682,4059.51,4040.682,4059.51,3493,56,0,3493
2024-07-25 23:00:00,4059.512,4069.551,4056.037,4062.375,3482,56,0,3482
2024-07-26 00:00:00,4062.386,4074.007,4061.38,4072.923,3493,56,0,3493
2024-07-26 01:00:00,4072.938,4084.982,4071.386,4084.027,3491,57,0,3491
2024-07-26 02:00:00,4084.045,4110.69,4084.045,4106.72,3470,57,0,3470
2024-07-26 03:00:00,4106.736,4117.821,4098.95,4099.171,3487,57,0,3487
2024-07-26 04:00:00,4099.172,4113.82,4099.172,4104.808,3476,57,0,3476
2024-07-26 05:00:00,4104.812,4128.187,4104.812,4114.539,3467,57,0,3467
2024-07-26 06:00:00,4114.546,4121.07,4101.825,4108.095,3451,57,0,3451
2024-07-26 07:00:00,4108.104,4114.589,4093.821,4099.455,3456,57,0,3456
2024-07-26 08:00:00,4099.467,4117.369,4096.784,4110.326,3481,57,0,3481
2024-07-26 09:00:00,4110.328,4132.95,4110.328,4119.428,3456,57,0,3456
2024-07-26 10:00:00,4119.447,4133.921,4116.86,4116.86,3479,57,0,3479
2024-07-26 11:00:00,4116.864,4121.965,4109.107,4121.965,3486,57,0,3486
2024-07-26 12:00:00,4116.814,4121.899,4110.228,4121.899,3490,57,0,3490
2024-07-26 13:00:00,4121.905,4132.333,4110.41,4111.363,3478,57,0,3478
2024-07-26 14:00:00,4111.365,4113.648,4098.792,4102.806,3446,57,0,3446
2024-07-26 15:00:00,4102.811,4111.746,4099.555,4107.78,3491,57,0,3491
2024-07-26 16:00:00,4107.788,4119.892,4106.326,4111.931,3459,57,0,3459
2024-07-26 17:00:00,4111.942,4126.28,4106.836,4116.824,3477,57,0,3477
2024-07-26 18:00:00,4116.825,4122.391,4108.663,4119.454,3473,57,0,3473
2024-07-26 19:00:00,4119.455,4120.695,4096.818,4097.584,3479,57,0,3479
2024-07-26 20:00:00,4097.585,4100.895,4085.587,4099.199,3491,57,0,3491
2024-07-26 21:00:00,4099.2,4107.639,4090.17,4106.666,3485,57,0,3485
2024-07-26 22:00:00,4106.676,4126.576,4105.723,4121.497,3481,57,0,3481
2024-07-26 23:00:00,4121.497,4129.298,4119.469,4128.399,3473,57,0,3473
2024-07-27 00:00:00,4128.411,4133.718,4119.053,4133.718,3468,57,0,3468
2024-07-27 01:00:00,4133.723,4138.255,4122.955,4138.255,3493,57,0,3493
2024-07-27 02:00:00,4138.26,4145.706,4130.76,4133.845,3500,57,0,3500
2024-07-27 03:00:00,4133.851,4144.936,4132.079,4140.397,3454,57,0,3454
2024-07-27 04:00:00,4140.399,4143.165,4117.614,4121.21,3482,57,0,3482
2024-07-27 05:00:00,4121.218,4125.353,4100.163,4100.762,3477,57,0,3477
2024-07-27 06:00:00,4100.766,4113.087,4100.766,4112.005,3472,57,0,3472
2024-07-27 07:00:00,4112.028,4126.024,4110.782,4114.074,3472,57,0,3472
2024-07-27 08:00:00,4114.094,4117.712,4106.917,4114.285,3484,57,0,3484
2024-07-27 09:00:00,4114.286,4137.03,4112.513,4136.685,3482,57,0,3482
2024-07-27 10:00:00,4136.692,4151.217,4130.062,4133.907,3472,57,0,3472
2024-07-27 11:00:00,4133.914,4135.983,4106.605,4111.539,3465,57,0,3465
2024-07-27 12:00:00,4111.544,4122.739,4100.637,4122.739,3491,57,0,3491
2024-07-27 13:00:00,4122.753,4150.763,4122.753,4142.133,3480,57,0,3480
2024-07-27 14:00:00,4142.15,4151.271,4131.06,4147.164,3477,57,0,3477
2024-07-27 15:00:00,4147.177,4152.177,4138.394,4144.013,3496,57,0,3496
2024-07-27 16:00:00,4144.021,4162.182,4144.021,4147.465,3483,58,0,3483
2024-07-27 17:00:00,4147.467,4162.288,4147.467,4149.134,3471,58,0,3471
2024-07-27 18:00:00,4149.149,4150.486,4137.703,4142.215,3480,57,0,3480
2024-07-27 19:00:00,4142.232,4145.747,4114.82,4127.604,3467,57,0,3467
2024-07-27 20:00:00,4125.274,4125.825,4106.883,4114.395,3495,57,0,3495
2024-07-27 21:00:00,4114.402,4117.975,4102.834,4107.105,3490,57,0,3490
2024-07-27 22:00:00,4107.116,4122.98,4107.116,4110.661,3483,57,0,3483
2024-07-27 23:00:00,4110.668,4125.434,4109.94,4125.33,3473,57,0,3473
2024-07-28 00:00:00,4125.333,4135.874,4125.333,4134.778,3483,57,0,3483
2024-07-28 01:00:00,4134.788,4140.466,4124.12,4129.945,3483,57,0,3483
2024-07-28 02:00:00,4129.97,4132.047,4107.454,4109.215,3473,57,0,3473
2024-07-28 03:00:00,4109.219,4116.568,4103.704,4110.033,3484,57,0,3484
2024-07-28 04:00:00,4110.033,4123.793,4101.501,4102.808,3486,57,0,3486
2024-07-28 05:00:00,4102.826,4104.856,4088.261,4104.856,3490,57,0,3490
2024-07-28 06:00:00,4104.873,4126.814,4103.446,4126.814,3477,57,0,3477
2024-07-28 07:00:00,4126.824,4138.873,4120.584,4126.556,3501,57,0,3501
2024-07-28 08:00:00,4126.557,4149.913,4126.557,4148.443,3473,57,0,3473
2024-07-28 09:00:00,4148.451,4151.833,4134.696,4136.63,3497,57,0,3497
2024-07-28 10:00:00,4136.641,4137.215,4121.368,4129.022,3476,57,0,3476
2024-07-28 11:00:00,4129.034,4140.87,4120.983,4125.237,3502,57,0,3502
2024-07-28 12:00:00,4125.24,4130.317,4113.475,4117.047,3481,57,0,3481
2024-07-28 13:00:00,4117.051,4121.805,4100.067,4104.965,3480,57,0,3480
2024-07-28 14:00:00,4104.979,4122.831,4099.668,4101.103,3484,57,0,3484
2024-07-28 15:00:00,4101.115,4105.08,4092.275,4098.279,3463,57,0,3463
2024-07-28 16:00:00,4098.285,4102.319,4084.219,4087.139,3465,57,0,3465
2024-07-28 17:00:00,4087.14,4091.056,4083.281,4089.579,3507,57,0,3507
2024-07-28 18:00:00,4089.591,4103.992,4086.876,4096.664,3459,57,0,3459
2024-07-28 19:00:00,4096.672,4097.191,4056.189,4057.134,3488,56,0,3488
2024-07-28 20:00:00,4057.139,4067.594,4057.016,4061.598,3479,56,0,3479
2024-07-28 21:00:00,4061.604,4068.52,4043.75,4046.597,3463,56,0,3463
2024-07-28 22:00:00,4046.606,4060.587,4045.476,4060.587,3486,56,0,3486
2024-07-28 23:00:00,4060.597,4071.321,4052.732,4065.36,3456,56,0,3456
2024-07-29 00:00:00,4065.383,4079.403,4064.94,4072.737,3480,56,0,3480
2024-07-29 01:00:00,4072.743,4084.998,4070.805,4081.394,3479,56,0,3479
2024-07-29 02:00:00,4081.403,4088.107,4077.263,4085.911,3473,57,0,3473
2024-07-29 03:00:00,4085.922,4091.952,4081.143,4088.174,3472,57,0,3472
2024-07-29 04:00:00,4088.178,4093.727,4079.922,4091.731,3484,57,0,3484
2024-07-29 05:00:00,4091.739,4102.054,4088.379,4100.674,3485,57,0,3485
2024-07-29 06:00:00,4100.681,4119.325,4100.681,4110.46,3477,57,0,3477
2024-07-29 07:00:00,4110.468,4118.348,4101.76,4118.348,3467,57,0,3467
2024-07-29 08:00:00,4118.35,4136.408,4118.35,4122.006,3480,57,0,3480
2024-07-29 09:00:00,4122.009,4123.824,4111.975,4116.07,3477,57,0,3477
2024-07-29 10:00:00,4116.081,4122.976,4096.537,4107.175,3498,57,0,3498
2024-07-29 11:00:00,4107.178,4108.47,4092.83,4099.42,3474,57,0,3474
2024-07-29 12:00:00,4099.43,4104.489,4081.217,4089.144,3477,57,0,3477
2024-07-29 13:00:00,4089.149,4109.367,4089.149,4109.367,3470,57,0,3470
2024-07-29 14:00:00,4109.376,4125.696,4109.376,4125.696,3466,57,0,3466
2024-07-29 15:00:00,4125.71,4132.598,4104.06,4104.518,3478,57,0,3478
2024-07-29 16:00:00,4104.526,4108.974,4096.056,4108.131,3482,57,0,3482
2024-07-29 17:00:00,4108.14,4127.127,4108.14,4123.975,3442,57,0,3442
2024-07-29 18:00:00,4123.982,4128.797,4110.807,4123.502,3465,57,0,3465
2024-07-29 19:00:00,4123.512,4129.711,4113.711,4122.184,3476,57,0,3476
2024-07-29 20:00:00,4122.198,4135.926,4122.198,4133.532,3484,57,0,3484
2024-07-29 21:00:00,4133.544,4145.336,4129.749,4145.336,3487,57,0,3487
2024-07-29 22:00:00,4145.343,4147.415,4121.035,4132.404,3480,57,0,3480
2024-07-29 23:00:00,4132.429,4136.28,4119.963,4132.077,3470,57,0,3470
2024-07-30 00:00:00,4132.086,4136.172,4119.592,4121.145,3473,57,0,3473
2024-07-30 01:00:00,4121.152,4135.619,4121.152,4135.619,3469,57,0,3469
2024-07-30 02:00:00,4135.622,4149.307,4135.622,4138.805,3471,57,0,3471
2024-07-30 03:00:00,4138.823,4147.496,4125.536,4147.496,3493,57,0,3493
2024-07-30 04:00:00,4147.5,4163.483,4147.5,4159.633,3477,58,0,3477
2024-07-30 05:00:00,4159.636,4161.68,4141.82,4148.256,3476,57,0,3476
2024-07-30 06:00:00,4148.263,4155.727,4134.455,4139.213,3496,57,0,3496
2024-07-30 07:00:00,4139.226,4143.417,4132.106,4135.507,3485,57,0,3485
2024-07-30 08:00:00,4135.51,4155.853,4131.05,4155.853,3489,57,0,3489
2024-07-30 09:00:00,4155.854,4161.123,4150.973,4153.359,3474,58,0,3474
2024-07-30 10:00:00,4153.372,4159.815,4141.025,4150.898,3493,57,0,3493
2024-07-30 11:00:00,4150.913,4157.661,4138.976,4141.133,3480,57,0,3480
2024-07-30 12:00:00,4141.146,4143.971,4119.107,4120.834,3477,57,0,3477
2024-07-30 13:00:00,4120.848,4122.999,4100.506,4108.937,3471,57,0,3471
2024-07-30 14:00:00,4108.938,4115.805,4098.061,4101.804,3470,57,0,3470
2024-07-30 15:00:00,4101.821,4122.305,4101.821,4122.305,3491,57,0,3491
2024-07-30 16:00:00,4122.309,4140.146,4122.309,4139.086,3469,57,0,3469
2024-07-30 17:00:00,4139.088,4153.558,4137.517,4148.575,3481,57,0,3481
2024-07-30 18:00:00,4148.59,4161.023,4146.099,4161.023,3467,58,0,3467
2024-07-30 19:00:00,4161.028,4177.6,4158.817,4174.283,3474,58,0,3474
2024-07-30 20:00:00,4174.289,4188.207,4148.371,4148.891,3488,58,0,3488
2024-07-30 21:00:00,4148.899,4151.014,4135.773,4147.939,3488,57,0,3488
2024-07-30 22:00:00,4147.952,4151.045,4118.227,4119.001,3480,57,0,3480
2024-07-30 23:00:00,4119.001,4123.508,4108.988,4111.463,3478,57,0,3478
2024-07-31 00:00:00,4111.48,4138.274,4111.48,4138.274,3490,57,0,3490
2024-07-31 01:00:00,4138.276,4139.269,4117.205,4127.944,3482,57,0,3482
2024-07-31 02:00:00,4127.948,4153.143,4127.948,4153.143,3484,57,0,3484
2024-07-31 03:00:00,4153.152,4161.425,4149.561,4154.477,3465,58,0,3465
2024-07-31 04:00:00,4154.485,4161.632,4147.729,4149.412,3465,58,0,3465
2024-07-31 05:00:00,4149.419,4150.089,4112.431,4112.846,3500,57,0,3500
2024-07-31 06:00:00,4112.866,4134.396,4105.725,4107.251,3473,57,0,3473
2024-07-31 07:00:00,4107.252,4120.121,4102.442,4105.562,3475,57,0,3475
2024-07-31 08:00:00,4105.567,4120.286,4105.567,4120.286,3474,57,0,3474
2024-07-31 09:00:00,4120.297,4128.991,4112.394,4114.557,3482,57,0,3482
2024-07-31 10:00:00,4114.558,4124.468,4114.558,4120.838,3478,57,0,3478
2024-07-31 11:00:00,4120.85,4127.732,4114.876,4116.274,3472,57,0,3472
2024-07-31 12:00:00,4116.285,4122.6,4104.116,4107.933,3485,57,0,3485
2024-07-31 13:00:00,4107.938,4119.395,4104.029,4105.084,3487,57,0,3487
2024-07-31 14:00:00,4105.087,4111.175,4096.855,4111.175,3486,57,0,3486
2024-07-31 15:00:00,4111.187,4113.952,4106.729,4107.356,3487,57,0,3487
2024-07-31 16:00:00,4107.372,4111.832,4092.728,4095.5,3460,57,0,3460
2024-07-31 17:00:00,4095.504,4101.256,4088.605,4093.339,3486,57,0,3486
2024-07-31 18:00:00,4093.359,4103.748,4089.305,4090.991,3472,57,0,3472
2024-07-31 19:00:00,4090.997,4099.425,4085.888,4099.425,3478,57,0,3478
2024-07-31 20:00:00,4099.438,4114.014,4098.05,4104.581,3458,57,0,3458
2024-07-31 21:00:00,4104.6,4109.607,4086.526,4090.447,3468,57,0,3468
2024-07-31 22:00:00,4090.459,4092.544,4076.299,4084.414,3469,57,0,3469
2024-07-31 23:00:00,4084.421,4102.772,4084.421,4100.246,3486,57,0,3486
2024-08-01 00:00:00,4100.249,4102.371,4090.073,4100.501,3465,57,0,3465
2024-08-01 01:00:00,4100.521,4116.949,4095.34,4098.149,3465,57,0,3465
2024-08-01 02:00:00,4098.152,4103.834,4066.48,4067.195,3483,56,0,3483
2024-08-01 03:00:00,4067.214,4081.354,4067.214,4079.885,3471,56,0,3471
2024-08-01 04:00:00,4079.895,4096.524,4079.895,4096.524,3490,57,0,3490
2024-08-01 05:00:00,4096.53,4099.794,4056.477,4057.287,3487,56,0,3487
2024-08-01 06:00:00,4057.295,4068.023,4057.295,4067.689,3474,56,0,3474
2024-08-01 07:00:00,4067.708,4076.448,4065.293,4071.157,3447,56,0,3447
2024-08-01 08:00:00,4071.163,4092.851,4071.163,4085.249,3465,57,0,3465
2024-08-01 09:00:00,4085.266,4093.042,4078.75,4082.19,3491,57,0,3491
2024-08-01 10:00:00,4082.197,4098.097,4082.197,4093.172,3482,57,0,3482
2024-08-01 11:00:00,4093.174,4102.76,4090.415,4094.898,3480,57,0,3480
2024-08-01 12:00:00,4094.905,4100.34,4080.185,4091.123,3469,57,0,3469
2024-08-01 13:00:00,4091.13,4099.038,4076.939,4078.596,3472,57,0,3472
2024-08-01 14:00:00,4078.615,4078.941,4059.543,4068.084,3482,56,0,3482
2024-08-01 15:00:00,4068.086,4075.921,4059.465,4075.921,3451,56,0,3451
2024-08-01 16:00:00,4075.924,4082.445,4068.325,4069.03,3467,56,0,3467
2024-08-01 17:00:00,4069.04,4071.882,4054.119,4064.75,3479,56,0,3479
2024-08-01 18:00:00,4064.758,4066.837,4059.24,4066.837,3475,56,0,3475
2024-08-01 19:00:00,4066.853,4067.15,4056.135,4062.001,3483,56,0,3483
2024-08-01 20:00:00,4062.012,4070.598,4055.309,4070.598,3485,56,0,3485
2024-08-01 21:00:00,4070.6,4079.537,4062.723,4079.537,3472,56,0,3472
2024-08-01 22:00:00,4079.537,4092.085,4079.537,4081.907,3470,57,0,3470
2024-08-01 23:00:00,4081.908,4100.216,4081.908,4097.996,3482,57,0,3482
2024-08-02 00:00:00,4097.997,4106.558,4091.518,4097.236,3452,57,0,3452
2024-08-02 01:00:00,4097.246,4119.909,4097.246,4109.628,3485,57,0,3485
2024-08-02 02:00:00,4109.648,4116.81,4107.951,4115.697,3475,57,0,3475
2024-08-02 03:00:00,4115.698,4118.761,4103.317,4109.014,3478,57,0,3478
2024-08-02 04:00:00,4109.022,4116.969,4101.92,4105.015,3465,57,0,3465
2024-08-02 05:00:00,4105.026,4111.062,4099.773,4101.944,3469,57,0,3469
2024-08-02 06:00:00,4101.955,4115.89,4101.955,4114.698,3475,57,0,3475
2024-08-02 07:00:00,4114.701,4127.573,4111.804,4127.573,3484,57,0,3484
2024-08-02 08:00:00,4127.577,4135.291,4118.809,4135.291,3483,57,0,3483
2024-08-02 09:00:00,4135.305,4151.668,4133.68,4145.671,3473,57,0,3473
2024-08-02 10:00:00,4145.674,4155.013,4138.457,4144.884,3468,57,0,3468
2024-08-02 11:00:00,4144.886,4149.643,4137.046,4141.983,3476,57,0,3476
2024-08-02 12:00:00,4142.0,4157.127,4142.0,4150.309,3480,58,0,3480
2024-08-02 13:00:00,4150.31,4169.213,4150.31,4152.719,3496,58,0,3496
2024-08-02 14:00:00,4152.728,4166.631,4151.524,4166.631,3482,58,0,3482
2024-08-02 15:00:00,4166.636,4174.216,4159.663,4168.686,3485,58,0,3485
2024-08-02 16:00:00,4168.701,4169.57,4150.519,4166.372,3482,58,0,3482
2024-08-02 17:00:00,4166.381,4176.865,4163.916,4176.865,3460,58,0,3460
2024-08-02 18:00:00,4176.868,4189.025,4166.388,4189.025,3484,58,0,3484
2024-08-02 19:00:00,4189.033,4208.266,4187.169,4197.789,3468,58,0,3468
2024-08-02 20:00:00,4197.791,4210.997,4192.395,4195.082,3491,58,0,3491
2024-08-02 21:00:00,4195.087,4195.23,4185.09,4194.036,3487,58,0,3487
2024-08-02 22:00:00,4194.048,4203.123,4187.806,4197.137,3494,58,0,3494
2024-08-02 23:00:00,4197.145,4208.01,4194.232,4200.003,3492,58,0,3492
2024-08-03 00:00:00,4200.012,4213.693,4192.844,4195.221,3490,58,0,3490
2024-08-03 01:00:00,4195.223,4203.436,4190.588,4203.436,3465,58,0,3465
2024-08-03 02:00:00,4203.436,4213.498,4192.229,4194.55,3479,58,0,3479
2024-08-03 03:00:00,4194.561,4206.994,4194.561,4198.611,3478,58,0,3478
2024-08-03 04:00:00,4198.615,4206.3,4184.754,4187.81,3462,58,0,3462
2024-08-03 05:00:00,4187.817,4208.405,4187.817,4208.405,3488,58,0,3488
2024-08-03 06:00:00,4208.405,4224.064,4208.405,4224.064,3466,58,0,3466
2024-08-03 07:00:00,4224.069,4226.728,4191.419,4198.102,3466,58,0,3466
2024-08-03 08:00:00,4198.11,4219.747,4198.11,4219.747,3479,58,0,3479
2024-08-03 09:00:00,4219.759,4232.246,4218.372,4232.246,3481,59,0,3481
2024-08-03 10:00:00,4232.259,4246.423,4222.923,4225.136,3472,59,0,3472
2024-08-03 11:00:00,4225.148,4232.2,4218.999,4232.2,3487,59,0,3487
2024-08-03 12:00:00,4232.21,4250.36,4232.21,4249.819,3482,59,0,3482
2024-08-03 13:00:00,4249.82,4253.625,4241.186,4248.828,3483,59,0,3483
2024-08-03 14:00:00,4248.832,4258.635,4248.61,4257.581,3487,59,0,3487
2024-08-03 15:00:00,4257.596,4259.9,4231.762,4235.286,3483,59,0,3483
2024-08-03 16:00:00,4235.299,4240.661,4220.832,4240.661,3500,59,0,3500
2024-08-03 17:00:00,4240.663,4259.889,4237.315,4253.439,3475,59,0,3475
2024-08-03 18:00:00,4253.445,4262.303,4238.965,4241.625,3482,59,0,3482
2024-08-03 19:00:00,4241.646,4248.07,4236.367,4240.492,3497,59,0,3497
2024-08-03 20:00:00,4240.499,4253.371,4240.499,4249.291,3482,59,0,3482
2024-08-03 21:00:00,4249.298,4271.182,4249.298,4261.736,3472,59,0,3472
2024-08-03 22:00:00,4261.737,4268.033,4231.487,4232.159,3477,59,0,3477
2024-08-03 23:00:00,4232.161,4239.115,4224.625,4235.73,3484,59,0,3484
2024-08-04 00:00:00,4235.738,4243.739,4231.456,4235.271,3490,59,0,3490
2024-08-04 01:00:00,4235.275,4240.219,4201.12,4207.259,3495,58,0,3495
2024-08-04 02:00:00,4207.269,4212.078,4199.815,4207.164,3483,58,0,3483
2024-08-04 03:00:00,4207.172,4210.983,4194.07,4205.792,3491,58,0,3491
2024-08-04 04:00:00,4205.798,4212.186,4199.573,4205.294,3489,58,0,3489
2024-08-04 05:00:00,4205.295,4219.244,4202.221,4219.244,3487,58,0,3487
2024-08-04 06:00:00,4219.253,4226.066,4208.464,4215.762,3487,58,0,3487
2024-08-04 07:00:00,4215.775,4233.869,4215.775,4228.015,3470,59,0,3470
2024-08-04 08:00:00,4228.027,4234.356,4185.796,4195.125,3508,58,0,3508
2024-08-04 09:00:00,4195.142,4203.047,4182.715,4185.23,3475,58,0,3475
2024-08-04 10:00:00,4185.248,4191.737,4182.912,4187.726,3477,58,0,3477
2024-08-04 11:00:00,4187.735,4202.753,4187.735,4200.445,3488,58,0,3488
2024-08-04 12:00:00,4200.465,4217.903,4196.8,4217.903,3485,58,0,3485
2024-08-04 13:00:00,4217.909,4227.573,4201.053,4205.91,3476,58,0,3476
2024-08-04 14:00:00,4205.928,4217.466,4194.24,4217.466,3474,58,0,3474
2024-08-04 15:00:00,4217.472,4225.009,4210.111,4225.009,3481,58,0,3481
2024-08-04 16:00:00,4225.019,4234.957,4219.54,4231.073,3469,59,0,3469
2024-08-04 17:00:00,4231.088,4234.487,4214.513,4232.916,3488,59,0,3488
2024-08-04 18:00:00,4232.931,4241.554,4227.127,4241.554,3459,59,0,3459
2024-08-04 19:00:00,4241.572,4253.435,4241.572,4253.2,3462,59,0,3462
2024-08-04 20:00:00,4253.212,4279.144,4253.212,4275.273,3496,59,0,3496
2024-08-04 21:00:00,4275.285,4277.267,4261.683,4269.976,3492,59,0,3492
2024-08-04 22:00:00,4269.978,4278.743,4267.915,4274.879,3487,59,0,3487
2024-08-04 23:00:00,4274.888,4291.753,4274.888,4286.765,3474,59,0,3474
2024-08-05 00:00:00,4286.775,4288.794,4274.879,4287.946,3478,59,0,3478
2024-08-05 01:00:00,4287.962,4295.041,4281.526,4291.08,3466,59,0,3466
2024-08-05 02:00:00,4291.092,4307.798,4290.856,4307.798,2490,60,0,2490
2024-08-05 03:00:00,4307.801,4331.488,4307.801,4329.345,3475,60,0,3475
2024-08-05 04:00:00,4329.352,4335.785,4296.882,4300.928,3460,60,0,3460
2024-08-05 05:00:00,4300.938,4313.263,4300.938,4313.263,3480,60,0,3480
2024-08-05 06:00:00,4313.276,4320.902,4304.058,4312.509,3466,60,0,3466
2024-08-05 07:00:00,4312.517,4326.089,4312.517,4319.289,3496,60,0,3496
2024-08-05 08:00:00,4319.303,4322.704,4300.53,4317.869,3478,60,0,3478
2024-08-05 09:00:00,4317.88,4328.752,4312.767,4328.752,3468,60,0,3468
2024-08-05 10:00:00,4328.758,4339.913,4328.637,4339.913,3501,60,0,3501
2024-08-05 11:00:00,4339.913,4340.513,4312.783,4321.227,3492,60,0,3492
2024-08-05 12:00:00,4321.237,4353.076,4321.237,4353.076,3501,60,0,3501
2024-08-05 13:00:00,4353.083,4365.14,4345.624,4365.14,3496,60,0,3496
2024-08-05 14:00:00,4365.14,4366.909,4338.996,4352.391,3501,60,0,3501
2024-08-05 15:00:00,4352.399,4359.948,4343.633,4354.558,3478,60,0,3478
2024-08-05 16:00:00,4354.562,4359.548,4345.33,4359.548,3494,60,0,3494
2024-08-05 17:00:00,4359.552,4362.648,4334.142,4351.418,3486,60,0,3486
2024-08-05 18:00:00,4351.419,4368.59,4348.419,4368.59,3474,60,0,3474
2024-08-05 19:00:00,4368.6,4385.728,4367.106,4375.548,3485,61,0,3485
2024-08-05 20:00:00,4375.557,4385.432,4370.932,4383.981,3487,61,0,3487
2024-08-05 21:00:00,4384.001,4386.824,4351.406,4353.15,3476,60,0,3476
2024-08-05 22:00:00,4353.157,4362.806,4346.738,4359.806,3508,60,0,3508
2024-08-05 23:00:00,4359.811,4371.668,4358.015,4369.618,3491,61,0,3491
2024-08-06 00:00:00,4369.624,4374.084,4355.224,4358.206,3505,60,0,3505
2024-08-06 01:00:00,4358.222,4371.703,4352.095,4352.228,3493,60,0,3493
2024-08-06 02:00:00,4352.242,4354.117,4337.56,4352.205,3493,60,0,3493
2024-08-06 03:00:00,4352.23,4357.628,4335.486,4340.476,3504,60,0,3504
2024-08-06 04:00:00,4340.486,4346.121,4337.892,4343.129,3491,60,0,3491
2024-08-06 05:00:00,4343.133,4354.179,4343.133,4353.163,3484,60,0,3484
2024-08-06 06:00:00,4353.167,4354.079,4335.868,4339.844,3476,60,0,3476
2024-08-06 07:00:00,4339.859,4343.65,4329.295,4341.083,3494,60,0,3494
2024-08-06 08:00:00,4341.086,4346.708,4300.462,4306.653,3476,60,0,3476
2024-08-06 09:00:00,4306.665,4318.232,4299.178,4300.101,3471,60,0,3471
2024-08-06 10:00:00,4300.102,4322.93,4297.196,4322.93,3468,60,0,3468
2024-08-06 11:00:00,4322.936,4332.479,4302.715,4307.285,3477,60,0,3477
2024-08-06 12:00:00,4307.291,4308.151,4259.217,4262.522,3487,59,0,3487
2024-08-06 13:00:00,4262.53,4281.204,4262.53,4277.704,3493,59,0,3493
2024-08-06 14:00:00,4277.709,4279.102,4264.774,4273.844,3475,59,0,3475
2024-08-06 15:00:00,4273.854,4286.013,4270.086,4270.363,3487,59,0,3487
2024-08-06 16:00:00,4270.364,4277.276,4266.186,4277.276,3487,59,0,3487
2024-08-06 17:00:00,4277.278,4278.75,4240.655,4244.362,3479,59,0,3479
2024-08-06 18:00:00,4244.369,4256.048,4234.175,4235.197,3486,59,0,3486
2024-08-06 19:00:00,4235.204,4237.856,4215.124,4232.587,3507,59,0,3507
2024-08-06 20:00:00,4232.601,4244.649,4220.788,4244.649,3491,59,0,3491
2024-08-06 21:00:00,4244.666,4260.305,4235.7,4259.747,3486,59,0,3486
2024-08-06 22:00:00,4259.748,4263.722,4248.776,4257.811,3486,59,0,3486
2024-08-06 23:00:00,4257.823,4273.961,4252.031,4273.961,3491,59,0,3491
2024-08-07 00:00:00,4273.965,4293.038,4273.965,4293.038,3462,59,0,3462
2024-08-07 01:00:00,4293.042,4305.624,4289.732,4305.624,3471,60,0,3471
2024-08-07 02:00:00,4305.627,4319.728,4305.627,4319.728,3492,60,0,3492
2024-08-07 03:00:00,4319.745,4341.568,4319.745,4341.568,3480,60,0,3480
2024-08-07 04:00:00,4341.568,4351.177,4337.449,4343.259,3496,60,0,3496
2024-08-07 05:00:00,4343.26,4353.419,4314.557,4320.624,3490,60,0,3490
2024-08-07 06:00:00,4320.632,4336.493,4320.632,4336.493,3482,60,0,3482
2024-08-07 07:00:00,4336.5,4352.792,4336.45,4352.792,3505,60,0,3505
2024-08-07 08:00:00,4352.808,4360.408,4347.692,4356.822,3477,60,0,3477
2024-08-07 09:00:00,4356.828,4366.485,4344.414,4345.633,3466,60,0,3466
2024-08-07 10:00:00,4345.639,4350.552,4334.846,4336.241,3489,60,0,3489
2024-08-07 11:00:00,4336.253,4350.769,4326.746,4342.102,3486,60,0,3486
2024-08-07 12:00:00,4342.112,4357.551,4340.114,4352.076,3502,60,0,3502
2024-08-07 13:00:00,4352.083,4360.724,4326.191,4328.679,3471,60,0,3471
2024-08-07 14:00:00,4328.694,4356.223,4328.694,4356.223,3488,60,0,3488
2024-08-07 15:00:00,4356.225,4365.178,4344.686,4350.189,3494,60,0,3494
2024-08-07 16:00:00,4350.194,4351.755,4332.867,4335.223,3505,60,0,3505
2024-08-07 17:00:00,4335.241,4337.82,4325.132,4328.788,3481,60,0,3481
2024-08-07 18:00:00,4328.793,4330.183,4301.782,4322.936,3469,60,0,3469
2024-08-07 19:00:00,4322.962,4328.645,4311.035,4327.49,3462,60,0,3462
2024-08-07 20:00:00,4327.504,4336.531,4323.645,4327.79,3478,60,0,3478
2024-08-07 21:00:00,4327.79,4341.011,4327.79,4340.865,3488,60,0,3488
2024-08-07 22:00:00,4340.875,4342.756,4326.786,4335.952,3489,60,0,3489
2024-08-07 23:00:00,4335.963,4350.678,4322.639,4324.356,3470,60,0,3470
2024-08-08 00:00:00,4324.358,4325.07,4305.865,4307.895,3494,60,0,3494
2024-08-08 01:00:00,4307.897,4319.881,4299.611,4317.351,3490,60,0,3490
2024-08-08 02:00:00,4317.373,4339.431,4311.025,4339.431,3498,60,0,3498
2024-08-08 03:00:00,4339.443,4339.784,4327.393,4336.797,3500,60,0,3500
2024-08-08 04:00:00,4336.806,4357.339,4336.806,4357.339,3487,60,0,3487
2024-08-08 05:00:00,4357.351,4363.081,4350.202,4358.397,3487,60,0,3487
2024-08-08 06:00:00,4358.398,4377.544,4355.334,4373.086,3489,60,0,3489
2024-08-08 07:00:00,4373.104,4375.33,4358.327,4375.33,3480,61,0,3480
2024-08-08 08:00:00,4375.337,4396.393,4375.337,4388.879,3472,61,0,3472
2024-08-08 09:00:00,4388.881,4414.232,4388.881,4414.232,3496,61,0,3496
2024-08-08 10:00:00,4414.237,4415.891,4388.274,4394.508,3486,61,0,3486
2024-08-08 11:00:00,4394.508,4396.503,4377.858,4392.146,3488,61,0,3488
2024-08-08 12:00:00,4392.155,4398.764,4374.932,4376.892,3493,61,0,3493
2024-08-08 13:00:00,4376.912,4393.562,4372.943,4376.547,3489,61,0,3489
2024-08-08 14:00:00,4376.56,4380.376,4363.454,4365.894,3488,61,0,3488
2024-08-08 15:00:00,4365.894,4377.642,4357.458,4377.642,3491,61,0,3491
2024-08-08 16:00:00,4377.649,4383.565,4369.74,4382.282,3485,61,0,3485
2024-08-08 17:00:00,4382.293,4383.082,4362.016,4363.551,3493,61,0,3493
2024-08-08 18:00:00,4363.553,4383.42,4360.734,4383.42,3495,61,0,3495
2024-08-08 19:00:00,4383.433,4395.734,4376.089,4393.094,3487,61,0,3487
2024-08-08 20:00:00,4393.094,4396.416,4381.541,4395.949,3489,61,0,3489
2024-08-08 21:00:00,4395.959,4405.07,4383.148,4388.562,3493,61,0,3493
2024-08-08 22:00:00,4388.566,4411.171,4388.566,4411.171,3488,61,0,3488
2024-08-08 23:00:00,4411.177,4412.519,4394.63,4405.866,3488,61,0,3488
2024-08-09 00:00:00,4405.869,4416.063,4403.888,4405.207,3490,61,0,3490
2024-08-09 01:00:00,4405.211,4417.733,4398.218,4401.243,3488,61,0,3488
2024-08-09 02:00:00,4401.255,4414.026,4399.304,4412.923,3486,61,0,3486
2024-08-09 03:00:00,4412.939,4418.56,4407.284,4410.047,3486,61,0,3486
2024-08-09 04:00:00,4410.057,4414.964,4400.699,4407.411,3477,61,0,3477
2024-08-09 05:00:00,4407.414,4427.509,4407.004,4422.422,3507,61,0,3507
2024-08-09 06:00:00,4422.446,4429.062,4416.733,4423.711,3481,61,0,3481
2024-08-09 07:00:00,4423.716,4440.8,4414.244,4415.269,3472,61,0,3472
2024-08-09 08:00:00,4415.273,4441.46,4415.273,4441.46,3502,61,0,3502
2024-08-09 09:00:00,4441.465,4443.535,4426.379,4434.858,3494,61,0,3494
2024-08-09 10:00:00,4434.859,4443.251,4417.133,4423.451,3478,61,0,3478
2024-08-09 11:00:00,4423.46,4433.575,4420.467,4430.665,3494,61,0,3494
2024-08-09 12:00:00,4430.67,4443.335,4422.375,4427.64,3457,61,0,3457
2024-08-09 13:00:00,4427.658,4433.308,4399.252,4401.929,3492,61,0,3492
2024-08-09 14:00:00,4401.934,4420.045,4401.068,4420.045,3501,61,0,3501
2024-08-09 15:00:00,4420.064,4433.257,4420.024,4430.867,3473,61,0,3473
2024-08-09 16:00:00,4430.868,4439.112,4406.112,4407.401,3496,61,0,3496
2024-08-09 17:00:00,4407.415,4421.085,4405.254,4406.737,3492,61,0,3492
2024-08-09 18:00:00,4406.762,4407.89,4391.757,4405.845,3489,61,0,3489
2024-08-09 19:00:00,4405.849,4414.291,4396.498,4407.327,3476,61,0,3476
2024-08-09 20:00:00,4407.328,4412.032,4399.734,4404.212,3471,61,0,3471
2024-08-09 21:00:00,4404.213,4422.734,4404.213,4409.16,3478,61,0,3478
2024-08-09 22:00:00,4409.163,4412.323,4393.881,4407.943,3507,61,0,3507
2024-08-09 23:00:00,4407.958,4420.137,4406.043,4420.137,3497,61,0,3497
2024-08-10 00:00:00,4420.152,4422.309,4404.375,4415.586,3480,61,0,3480
2024-08-10 01:00:00,4415.588,4417.648,4392.76,4395.596,3488,61,0,3488
2024-08-10 02:00:00,4395.609,4398.025,4390.608,4394.223,3489,61,0,3489
2024-08-10 03:00:00,4394.223,4406.106,4390.049,4406.106,3489,61,0,3489
2024-08-10 04:00:00,4406.125,4411.054,4388.121,4389.363,3489,61,0,3489
2024-08-10 05:00:00,4389.366,4400.289,4374.399,4377.148,3512,61,0,3512
2024-08-10 06:00:00,4377.148,4390.445,4373.753,4389.613,3496,61,0,3496
2024-08-10 07:00:00,4389.622,4407.722,4387.408,4407.722,3487,61,0,3487
2024-08-10 08:00:00,4407.732,4424.716,4407.732,4424.716,3504,61,0,3504
2024-08-10 09:00:00,4424.74,4437.309,4414.528,4429.54,3483,61,0,3483
2024-08-10 10:00:00,4429.546,4432.35,4419.904,4420.397,3475,61,0,3475
2024-08-10 11:00:00,4420.409,4420.791,4379.905,4379.95,3490,61,0,3490
2024-08-10 12:00:00,4379.953,4382.063,4352.037,4368.579,3503,60,0,3503
2024-08-10 13:00:00,4368.607,4391.184,4362.978,4384.347,3491,61,0,3491
2024-08-10 14:00:00,4384.35,4387.62,4372.427,4378.809,3491,61,0,3491
2024-08-10 15:00:00,4378.815,4388.724,4367.138,4370.595,3482,61,0,3482
2024-08-10 16:00:00,4370.603,4378.672,4368.062,4371.237,3498,61,0,3498
2024-08-10 17:00:00,4371.241,4372.597,4357.029,4372.597,3482,61,0,3482
2024-08-10 18:00:00,4372.602,4375.234,4360.579,4371.84,3472,61,0,3472
2024-08-10 19:00:00,4371.842,4382.121,4369.538,4376.846,3473,61,0,3473
2024-08-10 20:00:00,4376.851,4382.345,4359.67,4362.51,3492,61,0,3492
2024-08-10 21:00:00,4362.513,4362.763,4315.811,4316.538,3476,60,0,3476
2024-08-10 22:00:00,4316.54,4331.249,4308.901,4310.128,3496,60,0,3496
2024-08-10 23:00:00,4310.142,4329.614,4310.142,4329.614,3471,60,0,3471
2024-08-11 00:00:00,4329.623,4339.854,4325.936,4339.854,3489,60,0,3489
2024-08-11 01:00:00,4339.861,4353.902,4332.541,4343.722,3479,60,0,3479
2024-08-11 02:00:00,4343.728,4363.563,4340.744,4351.48,3479,60,0,3479
2024-08-11 03:00:00,4351.483,4359.411,4345.148,4359.411,3495,60,0,3495
2024-08-11 04:00:00,4359.423,4361.771,4329.479,4336.86,3471,60,0,3471
2024-08-11 05:00:00,4329.465,4344.934,4328.787,4337.071,3491,60,0,3491
2024-08-11 06:00:00,4337.077,4345.225,4337.077,4344.484,3459,60,0,3459
2024-08-11 07:00:00,4344.484,4353.145,4343.415,4349.931,3507,60,0,3507
2024-08-11 08:00:00,4349.94,4355.533,4343.942,4352.998,3483,60,0,3483
2024-08-11 09:00:00,4353.009,4372.579,4346.637,4372.579,3493,60,0,3493
2024-08-11 10:00:00,4372.587,4380.204,4360.95,4379.692,3484,61,0,3484
2024-08-11 11:00:00,4379.706,4393.639,4371.35,4371.353,3485,61,0,3485
2024-08-11 12:00:00,4371.364,4378.153,4362.975,4368.036,3459,61,0,3459
2024-08-11 13:00:00,4368.053,4371.435,4360.505,4362.58,3487,61,0,3487
2024-08-11 14:00:00,4362.586,4375.814,4353.587,4371.307,3483,60,0,3483
2024-08-11 15:00:00,4371.319,4396.294,4370.664,4396.294,3484,61,0,3484
2024-08-11 16:00:00,4396.307,4407.644,4390.734,4391.568,3492,61,0,3492
2024-08-11 17:00:00,4391.581,4398.042,4370.753,4375.585,3495,61,0,3495
2024-08-11 18:00:00,4375.604,4381.579,4367.992,4368.564,3488,61,0,3488
2024-08-11 19:00:00,4368.572,4369.349,4342.491,4345.519,3492,60,0,3492
2024-08-11 20:00:00,4345.537,4359.755,4334.043,4340.76,3494,60,0,3494
2024-08-11 21:00:00,4340.771,4351.484,4339.733,4346.506,3491,60,0,3491
2024-08-11 22:00:00,4346.513,4376.919,4346.513,4376.919,3490,60,0,3490
2024-08-11 23:00:00,4376.922,4393.214,4376.922,4382.158,3479,61,0,3479
2024-08-12 00:00:00,4382.186,4382.813,4332.833,4334.059,3476,60,0,3476
2024-08-12 01:00:00,4334.06,4337.303,4303.53,4311.731,3488,60,0,3488
2024-08-12 02:00:00,4311.75,4331.899,4311.75,4331.653,3476,60,0,3476
2024-08-12 03:00:00,4331.656,4337.092,4319.554,4324.046,3482,60,0,3482
2024-08-12 04:00:00,4324.048,4339.894,4320.578,4339.894,3502,60,0,3502
2024-08-12 05:00:00,4339.908,4356.004,4339.908,4354.918,3488,60,0,3488
2024-08-12 06:00:00,4354.93,4365.846,4347.228,4361.262,3490,60,0,3490
2024-08-12 07:00:00,4361.269,4381.299,4361.269,4362.768,3502,61,0,3502
2024-08-12 08:00:00,4362.771,4366.136,4321.351,4324.037,3480,60,0,3480
2024-08-12 09:00:00,4324.048,4334.702,4317.278,4325.048,3458,60,0,3458
2024-08-12 10:00:00,4325.054,4333.229,4314.86,4322.397,3460,60,0,3460
2024-08-12 11:00:00,4322.407,4335.329,4320.853,4328.78,3486,60,0,3486
2024-08-12 12:00:00,4328.798,4336.363,4321.34,4324.737,3477,60,0,3477
2024-08-12 13:00:00,4324.741,4329.22,4292.602,4297.938,3492,60,0,3492
2024-08-12 14:00:00,4297.963,4299.54,4281.672,4295.556,3496,59,0,3496
2024-08-12 15:00:00,4295.559,4308.41,4295.181,4304.0,3474,60,0,3474
2024-08-12 16:00:00,4304.005,4325.5,4300.497,4324.054,3491,60,0,3491
2024-08-12 17:00:00,4324.066,4324.077,4303.773,4315.464,3484,60,0,3484
2024-08-12 18:00:00,4315.474,4327.165,4296.328,4298.179,3476,60,0,3476
2024-08-12 19:00:00,4298.191,4300.427,4286.963,4300.427,3501,60,0,3501
2024-08-12 20:00:00,4300.448,4301.556,4289.649,4301.556,3492,60,0,3492
2024-08-12 21:00:00,4301.571,4310.558,4293.079,4310.135,3473,60,0,3473
2024-08-12 22:00:00,4310.141,4318.215,4301.304,4302.6,3467,60,0,3467
2024-08-12 23:00:00,4302.603,4305.138,4296.625,4303.784,3494,60,0,3494
2024-08-13 00:00:00,4303.791,4313.627,4300.932,4309.015,3492,60,0,3492
2024-08-13 01:00:00,4309.018,4312.651,4290.14,4312.651,3480,60,0,3480
2024-08-13 02:00:00,4312.669,4321.477,4305.139,4321.477,3484,60,0,3484
2024-08-13 03:00:00,4321.483,4333.822,4314.628,4323.211,3500,60,0,3500
2024-08-13 04:00:00,4323.222,4329.379,4306.179,4311.92,3495,60,0,3495
2024-08-13 05:00:00,4311.926,4323.249,4311.926,4321.956,3474,60,0,3474
2024-08-13 06:00:00,4321.97,4334.777,4321.97,4331.026,3490,60,0,3490
2024-08-13 07:00:00,4331.027,4332.732,4303.649,4305.982,3498,60,0,3498
2024-08-13 08:00:00,4305.99,4312.948,4300.591,4310.098,3476,60,0,3476
2024-08-13 09:00:00,4310.105,4313.409,4287.269,4292.467,3485,60,0,3485
2024-08-13 10:00:00,4292.49,4303.316,4284.183,4285.496,3466,59,0,3466
2024-08-13 11:00:00,4285.508,4287.099,4244.159,4246.313,3487,59,0,3487
2024-08-13 12:00:00,4246.315,4249.113,4213.612,4218.196,3490,58,0,3490
2024-08-13 13:00:00,4218.203,4231.821,4218.0,4226.654,3495,59,0,3495
2024-08-13 14:00:00,4226.66,4253.926,4226.66,4240.955,3472,59,0,3472
2024-08-13 15:00:00,4240.965,4257.844,4240.965,4257.844,3478,59,0,3478
2024-08-13 16:00:00,4257.846,4272.659,4253.936,4268.054,3490,59,0,3490
2024-08-13 17:00:00,4268.061,4281.708,4262.873,4281.708,3467,59,0,3467
2024-08-13 18:00:00,4281.709,4287.62,4270.889,4287.62,3482,59,0,3482
2024-08-13 19:00:00,4287.624,4301.7,4284.043,4301.326,3474,59,0,3474
2024-08-13 20:00:00,4301.327,4305.31,4291.939,4298.028,3481,60,0,3481
2024-08-13 21:00:00,4298.031,4309.137,4294.2,4309.137,3471,60,0,3471
2024-08-13 22:00:00,4309.142,4320.211,4307.72,4312.93,3475,60,0,3475
2024-08-13 23:00:00,4312.939,4326.352,4312.939,4320.74,3489,60,0,3489
2024-08-14 00:00:00,4320.751,4324.163,4306.19,4314.413,3488,60,0,3488
2024-08-14 01:00:00,4314.416,4332.196,4314.416,4331.174,3493,60,0,3493
2024-08-14 02:00:00,4331.18,4338.074,4323.078,4325.393,3485,60,0,3485
2024-08-14 03:00:00,4325.394,4343.548,4325.394,4337.827,3483,60,0,3483
2024-08-14 04:00:00,4337.846,4355.243,4337.846,4347.545,3486,60,0,3486
2024-08-14 05:00:00,4347.559,4350.259,4321.298,4325.826,3475,60,0,3475
2024-08-14 06:00:00,4325.832,4339.151,4324.043,4326.61,3471,60,0,3471
2024-08-14 07:00:00,4326.617,4340.028,4326.075,4340.028,3488,60,0,3488
2024-08-14 08:00:00,4340.045,4345.83,4330.874,4339.159,3476,60,0,3476
2024-08-14 09:00:00,4339.176,4343.144,4330.641,4333.17,3477,60,0,3477
2024-08-14 10:00:00,4333.195,4344.626,4332.026,4344.626,3486,60,0,3486
2024-08-14 11:00:00,4344.628,4360.714,4340.449,4358.712,3495,60,0,3495
2024-08-14 12:00:00,4358.716,4377.996,4358.716,4377.996,3495,61,0,3495
2024-08-14 13:00:00,4378.006,4385.981,4371.228,4380.033,3483,61,0,3483
2024-08-14 14:00:00,4380.048,4380.629,4353.107,4363.156,3469,60,0,3469
2024-08-14 15:00:00,4363.163,4377.315,4358.009,4367.969,3486,61,0,3486
2024-08-14 16:00:00,4367.981,4381.702,4367.981,4373.544,3484,61,0,3484
2024-08-14 17:00:00,4373.547,4383.925,4372.433,4374.965,3502,61,0,3502
2024-08-14 18:00:00,4374.969,4382.445,4364.013,4379.081,3469,61,0,3469
2024-08-14 19:00:00,4379.086,4390.435,4374.903,4384.527,3490,61,0,3490
2024-08-14 20:00:00,4384.546,4386.701,4371.106,4379.687,3473,61,0,3473
2024-08-14 21:00:00,4379.694,4393.363,4379.694,4393.363,3498,61,0,3498
2024-08-14 22:00:00,4393.369,4406.222,4372.053,4373.151,3491,61,0,3491
2024-08-14 23:00:00,4373.157,4375.695,4356.099,4369.813,3473,60,0,3473
2024-08-15 00:00:00,4369.834,4376.049,4360.693,4368.52,3490,61,0,3490
2024-08-15 01:00:00,4368.528,4374.191,4349.386,4357.531,3499,60,0,3499
2024-08-15 02:00:00,4357.533,4358.25,4334.213,4339.116,3469,60,0,3469
2024-08-15 03:00:00,4339.135,4341.574,4320.419,4323.931,3460,60,0,3460
2024-08-15 04:00:00,4323.939,4344.481,4322.105,4344.072,3481,60,0,3481
2024-08-15 05:00:00,4344.079,4361.589,4337.254,4352.579,3490,60,0,3490
2024-08-15 06:00:00,4352.589,4357.551,4333.538,4338.374,3500,60,0,3500
2024-08-15 07:00:00,4338.385,4343.997,4329.461,4340.14,3489,60,0,3489
2024-08-15 08:00:00,4340.151,4341.48,4317.047,4322.424,3495,60,0,3495
2024-08-15 09:00:00,4322.434,4335.387,4318.304,4321.299,3489,60,0,3489
2024-08-15 10:00:00,4321.316,4325.259,4291.251,4295.147,3504,60,0,3504
2024-08-15 11:00:00,4295.156,4308.699,4295.156,4308.699,3486,60,0,3486
2024-08-15 12:00:00,4308.709,4319.359,4285.54,4289.021,3479,60,0,3479
2024-08-15 13:00:00,4289.023,4296.126,4282.557,4296.126,3485,59,0,3485
2024-08-15 14:00:00,4296.127,4298.915,4268.783,4274.385,3474,59,0,3474
2024-08-15 15:00:00,4274.393,4277.919,4265.175,4270.988,3466,59,0,3466
2024-08-15 16:00:00,4270.992,4280.15,4258.627,4268.452,3484,59,0,3484
2024-08-15 17:00:00,4268.46,4273.718,4245.704,4247.044,3483,59,0,3483
2024-08-15 18:00:00,4247.044,4250.553,4234.016,4234.031,3499,59,0,3499
2024-08-15 19:00:00,4234.035,4237.768,4222.856,4232.778,3474,59,0,3474
2024-08-15 20:00:00,4232.778,4253.85,4232.111,4253.784,3482,59,0,3482
2024-08-15 21:00:00,4253.793,4268.773,4252.907,4262.108,3460,59,0,3460
2024-08-15 22:00:00,4262.116,4277.939,4259.003,4277.939,3493,59,0,3493
2024-08-15 23:00:00,4277.944,4289.163,4263.789,4266.081,3481,59,0,3481
2024-08-16 00:00:00,4266.102,4266.595,4233.629,4240.724,3484,59,0,3484
2024-08-16 01:00:00,4240.725,4246.859,4236.363,4244.69,3490,59,0,3490
2024-08-16 02:00:00,4244.704,4264.725,4244.704,4255.718,3482,59,0,3482
2024-08-16 03:00:00,4255.721,4266.309,4249.059,4263.703,3452,59,0,3452
2024-08-16 04:00:00,4263.709,4271.804,4262.208,4267.277,3452,59,0,3452
2024-08-16 05:00:00,4267.284,4284.05,4266.866,4274.823,3485,59,0,3485
2024-08-16 06:00:00,4274.827,4281.835,4267.331,4270.243,3492,59,0,3492
2024-08-16 07:00:00,4270.255,4294.682,4265.555,4294.682,3483,59,0,3483
2024-08-16 08:00:00,4294.698,4319.789,4294.406,4319.789,3485,60,0,3485
2024-08-16 09:00:00,4319.796,4328.027,4300.801,4309.496,3484,60,0,3484
2024-08-16 10:00:00,4309.502,4324.087,4309.502,4321.653,3498,60,0,3498
2024-08-16 11:00:00,4321.653,4329.783,4295.899,4296.762,3492,60,0,3492
2024-08-16 12:00:00,4296.767,4314.907,4294.456,4314.907,3487,60,0,3487
2024-08-16 13:00:00,4314.908,4331.192,4310.063,4331.192,3486,60,0,3486
2024-08-16 14:00:00,4331.198,4337.183,4317.243,4321.605,3483,60,0,3483
2024-08-16 15:00:00,4321.612,4330.966,4321.013,4327.533,3497,60,0,3497
2024-08-16 16:00:00,4327.54,4340.136,4324.734,4330.131,3482,60,0,3482
2024-08-16 17:00:00,4330.132,4332.793,4315.71,4331.07,3501,60,0,3501
2024-08-16 18:00:00,4331.089,4333.944,4309.647,4314.801,3484,60,0,3484
2024-08-16 19:00:00,4314.806,4322.876,4297.63,4308.25,3488,60,0,3488
2024-08-16 20:00:00,4308.265,4318.174,4304.735,4308.436,3474,60,0,3474
2024-08-16 21:00:00,4308.449,4310.085,4272.487,4278.079,3485,59,0,3485
2024-08-16 22:00:00,4278.088,4286.416,4232.14,4232.218,3476,59,0,3476
2024-08-16 23:00:00,4232.227,4239.293,4223.264,4227.146,3481,59,0,3481
2024-08-17 00:00:00,4227.161,4228.752,4177.351,4177.642,3473,58,0,3473
2024-08-17 01:00:00,4177.65,4184.783,4169.133,4184.783,3491,58,0,3491
2024-08-17 02:00:00,4184.798,4188.501,4172.357,4183.386,3512,58,0,3512
2024-08-17 03:00:00,4183.393,4197.896,4183.393,4197.896,3488,58,0,3488
2024-08-17 04:00:00,4197.91,4207.973,4192.636,4194.255,3470,58,0,3470
2024-08-17 05:00:00,4194.255,4195.269,4176.628,4183.398,3503,58,0,3503
2024-08-17 06:00:00,4183.409,4194.038,4180.395,4194.038,3471,58,0,3471
2024-08-17 07:00:00,4194.048,4203.862,4186.298,4190.442,3472,58,0,3472
2024-08-17 08:00:00,4190.447,4203.381,4183.169,4191.89,3481,58,0,3481
2024-08-17 09:00:00,4191.897,4193.107,4175.248,4183.138,3467,58,0,3467
2024-08-17 10:00:00,4183.152,4188.9,4163.678,4188.9,3495,58,0,3495
2024-08-17 11:00:00,4188.916,4203.459,4188.032,4203.459,3474,58,0,3474
2024-08-17 12:00:00,4203.477,4209.945,4194.654,4206.727,3468,58,0,3468
2024-08-17 13:00:00,4206.739,4213.758,4188.462,4195.789,3470,58,0,3470
2024-08-17 14:00:00,4195.793,4203.955,4192.28,4203.955,3475,58,0,3475
2024-08-17 15:00:00,4203.96,4213.958,4202.808,4205.864,3474,58,0,3474
2024-08-17 16:00:00,4205.877,4217.308,4202.072,4202.721,3471,58,0,3471
2024-08-17 17:00:00,4202.723,4214.378,4199.729,4214.378,3485,58,0,3485
2024-08-17 18:00:00,4214.394,4219.421,4208.148,4213.011,3486,58,0,3486
2024-08-17 19:00:00,4213.011,4223.1,4194.727,4196.802,3492,58,0,3492
2024-08-17 20:00:00,4196.816,4202.845,4172.287,4182.07,3460,58,0,3460
2024-08-17 21:00:00,4182.08,4185.135,4159.442,4168.877,3486,58,0,3486
2024-08-17 22:00:00,4168.889,4170.042,4147.194,4164.206,3497,58,0,3497
2024-08-17 23:00:00,4164.216,4177.508,4164.216,4176.545,3487,58,0,3487
2024-08-18 00:00:00,4176.553,4180.915,4153.93,4157.934,3474,58,0,3474
2024-08-18 01:00:00,4157.935,4162.158,4144.925,4153.719,3261,58,0,3261
2024-08-18 02:00:00,4153.725,4165.67,4152.199,4165.211,3491,58,0,3491
2024-08-18 03:00:00,4165.223,4190.293,4163.765,4190.293,3511,58,0,3511
2024-08-18 04:00:00,4190.298,4196.946,4179.436,4180.551,3476,58,0,3476
2024-08-18 05:00:00,4180.554,4200.103,4180.554,4197.609,3491,58,0,3491
2024-08-18 06:00:00,4197.611,4202.6,4184.421,4188.28,3460,58,0,3460
2024-08-18 07:00:00,4188.287,4197.811,4165.853,4170.62,3479,58,0,3479
2024-08-18 08:00:00,4170.623,4172.935,4149.741,4154.584,3484,58,0,3484
2024-08-18 09:00:00,4154.594,4156.872,4143.474,4147.736,3462,58,0,3462
2024-08-18 10:00:00,4147.743,4161.233,4141.065,4161.233,3479,57,0,3479
2024-08-18 11:00:00,4161.234,4173.44,4148.767,4151.125,3481,58,0,3481
2024-08-18 12:00:00,4151.128,4158.567,4146.644,4157.915,3465,58,0,3465
2024-08-18 13:00:00,4157.922,4179.823,4155.419,4176.289,3483,58,0,3483
2024-08-18 14:00:00,4176.299,4196.489,4176.299,4190.333,3492,58,0,3492
2024-08-18 15:00:00,4190.357,4199.092,4186.442,4198.511,3498,58,0,3498
2024-08-18 16:00:00,4198.512,4199.296,4181.724,4188.393,3464,58,0,3464
2024-08-18 17:00:00,4188.396,4205.59,4188.396,4198.635,3468,58,0,3468
2024-08-18 18:00:00,4198.645,4205.574,4168.778,4168.859,3498,58,0,3498
2024-08-18 19:00:00,4168.86,4186.353,4168.86,4176.963,3490,58,0,3490
2024-08-18 20:00:00,4176.979,4184.853,4170.222,4170.941,3484,58,0,3484
2024-08-18 21:00:00,4170.953,4173.117,4161.105,4167.847,3488,58,0,3488
2024-08-18 22:00:00,4167.857,4169.008,4150.101,4163.496,3483,58,0,3483
2024-08-18 23:00:00,4163.505,4165.285,4149.69,4152.162,3459,58,0,3459
2024-08-19 00:00:00,4152.164,4152.66,4131.394,4148.96,3487,57,0,3487
2024-08-19 01:00:00,4148.965,4166.547,4148.027,4160.271,3488,58,0,3488
2024-08-19 02:00:00,4160.271,4168.031,4149.914,4151.106,3478,58,0,3478
2024-08-19 03:00:00,4151.115,4170.039,4151.115,4165.03,3469,58,0,3469
2024-08-19 04:00:00,4165.062,4180.613,4165.062,4180.613,3496,58,0,3496
2024-08-19 05:00:00,4180.623,4198.448,4180.623,4189.58,3495,58,0,3495
2024-08-19 06:00:00,4189.586,4189.637,4161.778,4173.887,3483,58,0,3483
2024-08-19 07:00:00,4173.887,4193.937,4173.887,4188.767,3488,58,0,3488
2024-08-19 08:00:00,4188.774,4201.353,4186.285,4192.385,3461,58,0,3461
2024-08-19 09:00:00,4192.401,4200.222,4190.03,4194.96,3477,58,0,3477
2024-08-19 10:00:00,4194.96,4212.894,4193.134,4210.293,3471,58,0,3471
2024-08-19 11:00:00,4210.307,4228.732,4206.786,4228.732,3488,58,0,3488
2024-08-19 12:00:00,4228.74,4246.354,4228.74,4246.316,3491,59,0,3491
2024-08-19 13:00:00,4246.331,4259.127,4244.454,4259.127,3474,59,0,3474
2024-08-19 14:00:00,4259.133,4261.772,4234.212,4241.978,3492,59,0,3492
2024-08-19 15:00:00,4241.979,4253.051,4232.991,4233.479,3487,59,0,3487
2024-08-19 16:00:00,4225.648,4243.59,4225.648,4241.483,3476,59,0,3476
2024-08-19 17:00:00,4241.493,4265.074,4241.493,4262.929,3500,59,0,3500
2024-08-19 18:00:00,4262.935,4273.954,4243.42,4246.35,3473,59,0,3473
2024-08-19 19:00:00,4246.368,4266.322,4246.368,4261.518,3475,59,0,3475
2024-08-19 20:00:00,4261.53,4274.131,4254.875,4274.131,3482,59,0,3482
2024-08-19 21:00:00,4274.138,4292.066,4271.519,4292.066,3488,59,0,3488
2024-08-19 22:00:00,4292.068,4311.074,4289.112,4310.729,3505,60,0,3505
2024-08-19 23:00:00,4310.742,4324.195,4305.672,4309.675,3491,60,0,3491
2024-08-20 00:00:00,4309.681,4324.788,4307.186,4324.788,3484,60,0,3484
2024-08-20 01:00:00,4324.793,4325.394,4304.827,4318.456,3492,60,0,3492
2024-08-20 02:00:00,4318.473,4338.564,4317.231,4338.564,3473,60,0,3473
2024-08-20 03:00:00,4338.575,4344.29,4316.471,4316.796,3469,60,0,3469
2024-08-20 04:00:00,4316.805,4319.424,4289.562,4294.684,3487,60,0,3487
2024-08-20 05:00:00,4294.691,4310.355,4294.691,4306.406,3456,60,0,3456
2024-08-20 06:00:00,4306.409,4306.917,4273.727,4275.354,3498,59,0,3498
2024-08-20 07:00:00,4275.36,4288.618,4274.626,4283.989,3462,59,0,3462
2024-08-20 08:00:00,4283.989,4299.164,4283.989,4293.186,3479,59,0,3479
2024-08-20 09:00:00,4293.193,4298.791,4283.394,4288.597,3488,59,0,3488
2024-08-20 10:00:00,4288.61,4293.363,4281.516,4291.027,3481,59,0,3481
2024-08-20 11:00:00,4291.042,4292.489,4280.02,4287.415,3463,59,0,3463
2024-08-20 12:00:00,4287.417,4293.141,4277.672,4287.383,3483,59,0,3483
2024-08-20 13:00:00,4287.383,4300.97,4286.65,4300.547,3482,60,0,3482
2024-08-20 14:00:00,4300.554,4313.911,4298.402,4298.738,3472,60,0,3472
2024-08-20 15:00:00,4298.739,4306.241,4294.556,4301.026,3472,60,0,3472
2024-08-20 16:00:00,4301.033,4314.018,4298.773,4314.018,3483,60,0,3483
2024-08-20 17:00:00,4314.021,4330.376,4314.021,4316.707,3482,60,0,3482
2024-08-20 18:00:00,4316.713,4321.642,4297.583,4305.937,3478,60,0,3478
2024-08-20 19:00:00,4305.947,4314.657,4302.732,4310.915,3484,60,0,3484
2024-08-20 20:00:00,4310.934,4311.81,4288.531,4302.031,3474,60,0,3474
2024-08-20 21:00:00,4302.032,4316.072,4302.032,4312.718,3486,60,0,3486
2024-08-20 22:00:00,4312.725,4314.615,4299.379,4314.019,3472,60,0,3472
2024-08-20 23:00:00,4314.026,4321.564,4300.883,4306.836,3472,60,0,3472
2024-08-21 00:00:00,4306.839,4321.268,4306.839,4321.268,3487,60,0,3487
2024-08-21 01:00:00,4321.293,4321.473,4308.586,4318.199,3482,60,0,3482
2024-08-21 02:00:00,4318.204,4331.695,4312.575,4321.721,3492,60,0,3492
2024-08-21 03:00:00,4321.728,4322.159,4295.317,4295.866,3472,60,0,3472
2024-08-21 04:00:00,4295.878,4310.335,4291.563,4310.335,3487,60,0,3487
2024-08-21 05:00:00,4310.341,4318.693,4299.123,4314.497,3494,60,0,3494
2024-08-21 06:00:00,4314.497,4324.399,4305.3,4308.707,3485,60,0,3485
2024-08-21 07:00:00,4308.729,4311.652,4285.244,4286.883,3496,60,0,3496
2024-08-21 08:00:00,4286.886,4288.249,4261.684,4268.709,3502,59,0,3502
2024-08-21 09:00:00,4268.711,4284.131,4266.394,4277.123,3487,59,0,3487
2024-08-21 10:00:00,4277.135,4300.777,4277.135,4298.771,3483,59,0,3483
2024-08-21 11:00:00,4298.786,4299.653,4260.659,4263.354,3488,59,0,3488
2024-08-21 12:00:00,4263.374,4268.122,4254.321,4260.7,3482,59,0,3482
2024-08-21 13:00:00,4260.714,4275.476,4260.714,4271.626,3487,59,0,3487
2024-08-21 14:00:00,4271.631,4283.288,4257.769,4267.761,3484,59,0,3484
2024-08-21 15:00:00,4267.763,4273.177,4251.472,4257.449,3470,59,0,3470
2024-08-21 16:00:00,4257.464,4260.167,4245.218,4259.678,3466,59,0,3466
2024-08-21 17:00:00,4259.689,4263.103,4247.725,4251.618,3491,59,0,3491
2024-08-21 18:00:00,4251.63,4270.256,4251.162,4262.306,3489,59,0,3489
2024-08-21 19:00:00,4262.31,4288.415,4262.31,4288.415,3490,59,0,3490
2024-08-21 20:00:00,4288.42,4295.324,4267.647,4268.403,3492,59,0,3492
2024-08-21 21:00:00,4268.418,4283.5,4268.177,4278.941,3489,59,0,3489
2024-08-21 22:00:00,4278.953,4280.473,4261.77,4274.911,3478,59,0,3478
2024-08-21 23:00:00,4274.912,4276.961,4253.992,4268.726,3490,59,0,3490
2024-08-22 00:00:00,4268.736,4268.774,4236.806,4236.949,3486,59,0,3486
2024-08-22 01:00:00,4236.961,4247.982,4228.176,4247.982,3479,59,0,3479
2024-08-22 02:00:00,4247.985,4266.331,4238.014,4265.591,3458,59,0,3458
2024-08-22 03:00:00,4265.599,4287.222,4265.599,4282.795,3475,59,0,3475
2024-08-22 04:00:00,4282.807,4296.331,4279.665,4293.378,3480,59,0,3480
2024-08-22 05:00:00,4293.383,4313.616,4293.383,4313.616,3477,60,0,3477
2024-08-22 06:00:00,4313.629,4339.137,4313.629,4339.137,3485,60,0,3485
2024-08-22 07:00:00,4339.154,4343.482,4322.03,4329.725,3497,60,0,3497
2024-08-22 08:00:00,4329.746,4347.61,4327.691,4347.61,3485,60,0,3485
2024-08-22 09:00:00,4347.618,4354.596,4313.153,4315.368,3474,60,0,3474
2024-08-22 10:00:00,4315.37,4316.088,4284.642,4287.43,3499,60,0,3499
2024-08-22 11:00:00,4287.439,4290.89,4279.358,4288.77,3484,59,0,3484
2024-08-22 12:00:00,4288.784,4296.168,4270.299,4275.717,3501,59,0,3501
2024-08-22 13:00:00,4275.733,4288.431,4275.629,4282.622,3479,59,0,3479
2024-08-22 14:00:00,4282.629,4297.252,4274.563,4292.373,3488,59,0,3488
2024-08-22 15:00:00,4292.374,4294.06,4281.423,4291.916,3494,59,0,3494
2024-08-22 16:00:00,4291.924,4296.745,4268.585,4270.258,3491,59,0,3491
2024-08-22 17:00:00,4270.262,4286.04,4270.262,4279.368,3494,59,0,3494
2024-08-22 18:00:00,4279.377,4280.204,4265.692,4271.867,3487,59,0,3487
2024-08-22 19:00:00,4271.873,4276.282,4245.843,4248.483,3483,59,0,3483
2024-08-22 20:00:00,4248.494,4263.031,4242.992,4253.075,3462,59,0,3462
2024-08-22 21:00:00,4253.087,4259.467,4222.067,4227.582,3481,59,0,3481
2024-08-22 22:00:00,4227.591,4241.706,4224.922,4241.706,3443,59,0,3443
2024-08-22 23:00:00,4241.707,4242.419,4222.461,4232.914,3503,59,0,3503
2024-08-23 00:00:00,4232.928,4235.134,4180.646,4180.828,3474,58,0,3474
2024-08-23 01:00:00,4180.832,4196.463,4178.787,4187.955,3474,58,0,3474
2024-08-23 02:00:00,4187.959,4210.192,4187.959,4190.505,3448,58,0,3448
2024-08-23 03:00:00,4190.515,4190.989,4166.574,4169.798,3500,58,0,3500
2024-08-23 04:00:00,4169.812,4179.176,4162.017,4170.821,3471,58,0,3471
2024-08-23 05:00:00,4170.824,4183.278,4167.534,4175.327,3454,58,0,3454
2024-08-23 06:00:00,4175.335,4202.281,4175.335,4198.957,3476,58,0,3476
2024-08-23 07:00:00,4198.971,4218.576,4196.246,4218.576,3488,58,0,3488
2024-08-23 08:00:00,4218.585,4236.573,4218.585,4236.573,3481,59,0,3481
2024-08-23 09:00:00,4236.584,4245.771,4226.267,4245.771,3474,59,0,3474
2024-08-23 10:00:00,4245.776,4269.152,4245.776,4269.152,3495,59,0,3495
2024-08-23 11:00:00,4269.161,4295.949,4269.161,4295.949,3486,59,0,3486
2024-08-23 12:00:00,4295.956,4297.177,4250.47,4252.661,3487,59,0,3487
2024-08-23 13:00:00,4252.669,4266.458,4248.99,4266.458,3482,59,0,3482
2024-08-23 14:00:00,4266.466,4269.464,4252.224,4258.957,3488,59,0,3488
2024-08-23 15:00:00,4258.96,4261.042,4233.548,4237.49,3428,59,0,3428
2024-08-23 16:00:00,4237.491,4237.656,4218.56,4229.71,3480,59,0,3480
2024-08-23 17:00:00,4229.713,4234.94,4220.25,4224.871,3487,59,0,3487
2024-08-23 18:00:00,4224.875,4241.56,4224.875,4241.56,3470,59,0,3470
2024-08-23 19:00:00,4241.581,4257.778,4241.581,4246.79,3474,59,0,3474
2024-08-23 20:00:00,4246.81,4260.045,4246.81,4253.697,3467,59,0,3467
2024-08-23 21:00:00,4253.717,4267.271,4245.414,4252.479,3500,59,0,3500
2024-08-23 22:00:00,4252.495,4255.365,4228.396,4229.207,3488,59,0,3488
2024-08-23 23:00:00,4229.212,4248.568,4227.209,4248.568,3478,59,0,3478
2024-08-24 00:00:00,4248.57,4262.589,4235.939,4240.047,3485,59,0,3485
2024-08-24 01:00:00,4240.061,4255.054,4236.941,4255.054,3490,59,0,3490
2024-08-24 02:00:00,4255.054,4258.534,4241.873,4248.872,3493,59,0,3493
2024-08-24 03:00:00,4248.883,4261.399,4245.209,4261.399,3489,59,0,3489
2024-08-24 04:00:00,4261.409,4266.08,4251.049,4257.976,3483,59,0,3483
2024-08-24 05:00:00,4257.984,4259.526,4239.752,4244.318,3501,59,0,3501
2024-08-24 06:00:00,4244.34,4246.702,4233.865,4244.284,3490,59,0,3490
2024-08-24 07:00:00,4244.291,4248.609,4240.413,4247.678,3493,59,0,3493
2024-08-24 08:00:00,4247.705,4251.007,4238.573,4242.859,3491,59,0,3491
2024-08-24 09:00:00,4242.862,4247.226,4231.071,4232.256,3485,59,0,3485
2024-08-24 10:00:00,4232.264,4237.453,4220.891,4221.089,3471,59,0,3471
2024-08-24 11:00:00,4221.093,4223.373,4191.23,4191.571,3445,58,0,3445
2024-08-24 12:00:00,4191.573,4204.426,4191.573,4199.192,3492,58,0,3492
2024-08-24 13:00:00,4199.205,4209.412,4188.513,4191.311,3470,58,0,3470
2024-08-24 14:00:00,4191.33,4206.321,4189.583,4198.504,3485,58,0,3485
2024-08-24 15:00:00,4198.527,4203.715,4187.781,4189.024,3468,58,0,3468
2024-08-24 16:00:00,4189.035,4203.389,4187.392,4192.944,3456,58,0,3456
2024-08-24 17:00:00,4192.95,4196.668,4169.101,4170.61,3504,58,0,3504
2024-08-24 18:00:00,4170.62,4171.078,4152.973,4162.715,3481,58,0,3481
2024-08-24 19:00:00,4162.722,4169.152,4158.386,4161.907,3461,58,0,3461
2024-08-24 20:00:00,4161.915,4168.955,4148.747,4150.769,3485,58,0,3485
2024-08-24 21:00:00,4150.773,4172.806,4150.773,4167.748,3463,58,0,3463
2024-08-24 22:00:00,4167.756,4179.889,4162.821,4177.595,3478,58,0,3478
2024-08-24 23:00:00,4177.613,4187.244,4172.427,4180.55,3476,58,0,3476
2024-08-25 00:00:00,4180.56,4183.559,4150.299,4161.272,3476,58,0,3476
2024-08-25 01:00:00,4161.277,4172.299,4157.657,4158.57,3473,58,0,3473
2024-08-25 02:00:00,4158.574,4161.123,4145.95,4154.707,3466,58,0,3466
2024-08-25 03:00:00,4154.711,4155.713,4133.717,4138.759,3479,57,0,3479
2024-08-25 04:00:00,4138.762,4140.609,4126.357,4140.609,3496,57,0,3496
2024-08-25 05:00:00,4140.63,4144.127,4128.387,4134.464,3478,57,0,3478
2024-08-25 06:00:00,4134.476,4136.047,4119.213,4136.047,3483,57,0,3483
2024-08-25 07:00:00,4136.047,4153.28,4135.643,4153.28,3475,57,0,3475
2024-08-25 08:00:00,4153.292,4157.659,4140.035,4146.812,3481,57,0,3481
2024-08-25 09:00:00,4146.823,4148.921,4130.904,4147.274,3480,57,0,3480
2024-08-25 10:00:00,4147.281,4160.072,4147.281,4157.234,3476,58,0,3476
2024-08-25 11:00:00,4157.241,4174.077,4153.095,4162.496,3474,58,0,3474
2024-08-25 12:00:00,4162.499,4170.953,4159.255,4163.6,3470,58,0,3470
2024-08-25 13:00:00,4163.608,4168.543,4152.367,4164.101,3481,58,0,3481
2024-08-25 14:00:00,4164.105,4170.691,4155.861,4165.24,3480,58,0,3480
2024-08-25 15:00:00,4165.243,4180.516,4165.243,4171.54,3463,58,0,3463
2024-08-25 16:00:00,4171.54,4181.835,4169.856,4175.448,3476,58,0,3476
2024-08-25 17:00:00,4175.453,4183.938,4168.538,4182.449,3498,58,0,3498
2024-08-25 18:00:00,4182.455,4199.146,4178.792,4199.146,3482,58,0,3482
2024-08-25 19:00:00,4199.151,4208.184,4192.294,4193.607,3491,58,0,3491
2024-08-25 20:00:00,4193.619,4202.9,4192.405,4194.264,3472,58,0,3472
2024-08-25 21:00:00,4194.272,4213.714,4191.677,4207.63,3491,58,0,3491
2024-08-25 22:00:00,4207.639,4215.259,4203.056,4208.804,3498,58,0,3498
2024-08-25 23:00:00,4208.82,4211.191,4192.687,4200.907,3484,58,0,3484
2024-08-26 00:00:00,4200.909,4211.326,4185.555,4190.127,3467,58,0,3467
2024-08-26 01:00:00,4190.141,4208.747,4190.141,4208.747,3498,58,0,3498
2024-08-26 02:00:00,4208.766,4219.19,4205.601,4218.456,3479,58,0,3479
2024-08-26 03:00:00,4218.461,4220.908,4209.61,4216.345,3481,58,0,3481
2024-08-26 04:00:00,4216.363,4228.17,4212.086,4228.17,3482,58,0,3482
2024-08-26 05:00:00,4228.189,4258.946,4228.189,4258.946,3484,59,0,3484
2024-08-26 06:00:00,4258.952,4267.727,4252.208,4262.774,3494,59,0,3494
2024-08-26 07:00:00,4262.778,4293.256,4262.778,4293.256,3475,59,0,3475
2024-08-26 08:00:00,4293.264,4308.874,4293.062,4308.715,3478,60,0,3478
2024-08-26 09:00:00,4308.725,4322.608,4303.602,4321.644,3491,60,0,3491
2024-08-26 10:00:00,4321.665,4338.783,4321.061,4321.17,3490,60,0,3490
2024-08-26 11:00:00,4321.174,4321.516,4296.917,4300.578,3495,60,0,3495
2024-08-26 12:00:00,4300.593,4322.255,4300.593,4312.838,3479,60,0,3479
2024-08-26 13:00:00,4312.85,4313.875,4278.369,4283.088,3485,59,0,3485
2024-08-26 14:00:00,4283.089,4286.29,4266.195,4271.592,3477,59,0,3477
2024-08-26 15:00:00,4271.593,4288.985,4271.406,4278.672,3484,59,0,3484
2024-08-26 16:00:00,4278.673,4291.427,4278.673,4290.87,3494,59,0,3494
2024-08-26 17:00:00,4290.879,4291.855,4256.3,4261.043,3470,59,0,3470
2024-08-26 18:00:00,4261.059,4276.48,4256.389,4276.48,3503,59,0,3503
2024-08-26 19:00:00,4276.491,4279.684,4259.68,4260.134,3506,59,0,3506
2024-08-26 20:00:00,4260.15,4266.453,4232.46,4233.871,3511,59,0,3511
2024-08-26 21:00:00,4233.872,4234.055,4223.346,4228.471,3465,59,0,3465
2024-08-26 22:00:00,4228.479,4230.012,4201.703,4206.251,3493,58,0,3493
2024-08-26 23:00:00,4206.258,4215.708,4193.179,4200.632,3479,58,0,3479
2024-08-27 00:00:00,4200.641,4200.924,4181.841,4188.36,3492,58,0,3492
2024-08-27 01:00:00,4188.37,4199.025,4173.796,4174.594,3472,58,0,3472
2024-08-27 02:00:00,4174.604,4182.37,4168.86,4179.311,3489,58,0,3489
2024-08-27 03:00:00,4179.316,4188.85,4174.625,4176.198,3476,58,0,3476
2024-08-27 04:00:00,4176.212,4186.398,4171.798,4179.917,3480,58,0,3480
2024-08-27 05:00:00,4179.935,4181.959,4132.827,4136.009,3468,57,0,3468
2024-08-27 06:00:00,4136.023,4165.646,4136.023,4160.287,3461,57,0,3461
2024-08-27 07:00:00,4160.289,4183.521,4160.289,4183.521,3476,58,0,3476
2024-08-27 08:00:00,4183.522,4189.182,4170.991,4182.994,3480,58,0,3480
2024-08-27 09:00:00,4183.014,4185.126,4170.638,4175.126,3495,58,0,3495
2024-08-27 10:00:00,4175.132,4196.673,4175.132,4191.118,3468,58,0,3468
2024-08-27 11:00:00,4191.121,4201.867,4188.986,4191.111,3466,58,0,3466
2024-08-27 12:00:00,4191.124,4191.988,4172.758,4181.697,3475,58,0,3475
2024-08-27 13:00:00,4181.707,4208.839,4181.707,4208.839,3492,58,0,3492
2024-08-27 14:00:00,4208.841,4214.354,4189.188,4195.318,3491,58,0,3491
2024-08-27 15:00:00,4195.331,4205.585,4190.787,4204.454,3494,58,0,3494
2024-08-27 16:00:00,4204.467,4206.822,4175.885,4176.939,3484,58,0,3484
2024-08-27 17:00:00,4176.941,4191.592,4174.542,4183.292,3478,58,0,3478
2024-08-27 18:00:00,4183.308,4191.947,4181.25,4191.947,3484,58,0,3484
2024-08-27 19:00:00,4191.95,4196.692,4161.076,4161.081,3475,58,0,3475
2024-08-27 20:00:00,4161.086,4179.163,4161.086,4178.569,3486,58,0,3486
2024-08-27 21:00:00,4178.574,4184.291,4150.85,4152.855,3479,58,0,3479
2024-08-27 22:00:00,4152.864,4165.24,4128.233,4134.147,3468,57,0,3468
2024-08-27 23:00:00,4134.158,4139.132,4127.346,4138.175,3491,57,0,3491
2024-08-28 00:00:00,4138.184,4150.245,4138.184,4148.531,3484,57,0,3484
2024-08-28 01:00:00,4148.542,4152.925,4142.552,4151.44,3482,58,0,3482
2024-08-28 02:00:00,4151.442,4158.365,4137.608,4142.962,3477,57,0,3477
2024-08-28 03:00:00,4142.962,4150.908,4132.873,4148.26,3490,57,0,3490
2024-08-28 04:00:00,4148.272,4172.692,4148.272,4164.758,3490,58,0,3490
2024-08-28 05:00:00,4164.778,4173.14,4148.898,4150.098,3493,58,0,3493
2024-08-28 06:00:00,4150.114,4159.844,4135.63,4136.693,3487,57,0,3487
2024-08-28 07:00:00,4136.693,4148.727,4128.498,4148.727,3476,57,0,3476
2024-08-28 08:00:00,4148.74,4157.617,4144.129,4146.058,3468,58,0,3468
2024-08-28 09:00:00,4146.07,4154.914,4141.351,4147.593,3476,57,0,3476
2024-08-28 10:00:00,4147.596,4148.68,4127.418,4135.676,3479,57,0,3479
2024-08-28 11:00:00,4135.691,4152.856,4131.491,4149.033,3481,57,0,3481
2024-08-28 12:00:00,4149.036,4158.405,4140.205,4158.405,3480,57,0,3480
2024-08-28 13:00:00,4158.406,4172.03,4158.406,4170.812,3480,58,0,3480
2024-08-28 14:00:00,4170.816,4192.906,4170.816,4191.006,3467,58,0,3467
2024-08-28 15:00:00,4191.011,4209.043,4191.011,4206.29,3489,58,0,3489
2024-08-28 16:00:00,4206.294,4209.548,4196.963,4204.489,3478,58,0,3478
2024-08-28 17:00:00,4204.497,4222.653,4202.311,4216.531,3489,58,0,3489
2024-08-28 18:00:00,4216.54,4238.582,4216.54,4238.582,3478,59,0,3478
2024-08-28 19:00:00,4238.583,4257.978,4238.583,4247.813,3477,59,0,3477
2024-08-28 20:00:00,4247.829,4252.291,4233.256,4238.993,3492,59,0,3492
2024-08-28 21:00:00,4238.996,4242.974,4222.058,4231.756,3479,59,0,3479
2024-08-28 22:00:00,4231.771,4239.813,4227.835,4235.773,3473,59,0,3473
2024-08-28 23:00:00,4235.777,4240.764,4229.106,4240.764,3462,59,0,3462
2024-08-29 00:00:00,4240.77,4249.672,4230.758,4241.9,3483,59,0,3483
2024-08-29 01:00:00,4241.902,4248.831,4237.88,4242.497,3491,59,0,3491
2024-08-29 02:00:00,4242.498,4257.776,4242.498,4257.776,3499,59,0,3499
2024-08-29 03:00:00,4257.783,4275.849,4257.783,4260.066,3473,59,0,3473
2024-08-29 04:00:00,4260.069,4265.251,4245.965,4261.704,3494,59,0,3494
2024-08-29 05:00:00,4261.714,4267.307,4239.283,4243.707,3451,59,0,3451
2024-08-29 06:00:00,4243.71,4256.003,4229.479,4233.358,3480,59,0,3480
2024-08-29 07:00:00,4233.359,4247.617,4224.031,4247.617,3481,59,0,3481
2024-08-29 08:00:00,4247.63,4265.693,4247.63,4263.76,3482,59,0,3482
2024-08-29 09:00:00,4263.76,4267.855,4244.445,4245.91,3467,59,0,3467
2024-08-29 10:00:00,4245.915,4256.014,4243.817,4256.014,3480,59,0,3480
2024-08-29 11:00:00,4256.02,4266.411,4247.77,4253.463,3494,59,0,3494
2024-08-29 12:00:00,4253.477,4253.712,4230.478,4246.251,3485,59,0,3485
2024-08-29 13:00:00,4246.252,4252.997,4241.644,4251.389,3491,59,0,3491
2024-08-29 14:00:00,4251.39,4262.574,4245.962,4259.131,3479,59,0,3479
2024-08-29 15:00:00,4259.141,4272.156,4259.141,4268.652,3487,59,0,3487
2024-08-29 16:00:00,4268.662,4286.059,4262.783,4265.128,3501,59,0,3501
2024-08-29 17:00:00,4265.132,4280.395,4265.132,4280.395,3484,59,0,3484
2024-08-29 18:00:00,4280.405,4288.4,4279.405,4283.318,3478,59,0,3478
2024-08-29 19:00:00,4283.321,4285.722,4260.056,4261.405,3493,59,0,3493
2024-08-29 20:00:00,4261.423,4268.487,4251.397,4254.765,3486,59,0,3486
2024-08-29 21:00:00,4254.772,4265.529,4247.002,4252.048,3491,59,0,3491
2024-08-29 22:00:00,4252.063,4260.996,4246.166,4260.996,3477,59,0,3477
2024-08-29 23:00:00,4261.012,4273.084,4251.327,4252.208,3500,59,0,3500
2024-08-30 00:00:00,4252.214,4260.796,4249.899,4258.761,3478,59,0,3478
2024-08-30 01:00:00,4258.773,4262.382,4246.222,4252.51,3496,59,0,3496
2024-08-30 02:00:00,4252.523,4270.85,4250.904,4267.408,3473,59,0,3473
2024-08-30 03:00:00,4267.41,4281.496,4267.41,4279.33,3478,59,0,3478
2024-08-30 04:00:00,4279.332,4283.303,4261.953,4271.202,3461,59,0,3461
2024-08-30 05:00:00,4271.221,4290.693,4271.221,4287.884,3479,59,0,3479
2024-08-30 06:00:00,4287.889,4299.676,4276.805,4278.649,3481,59,0,3481
2024-08-30 07:00:00,4278.654,4282.795,4261.802,4269.453,3478,59,0,3478
2024-08-30 08:00:00,4269.456,4270.85,4259.303,4270.469,3491,59,0,3491
2024-08-30 09:00:00,4270.47,4277.667,4265.998,4273.553,3481,59,0,3481
2024-08-30 10:00:00,4273.555,4285.508,4266.257,4283.949,3487,59,0,3487
2024-08-30 11:00:00,4283.957,4300.092,4283.957,4300.07,3467,59,0,3467
2024-08-30 12:00:00,4300.076,4317.077,4299.652,4301.7,3466,60,0,3466
2024-08-30 13:00:00,4301.709,4307.766,4289.849,4296.656,3468,60,0,3468
2024-08-30 14:00:00,4296.662,4299.647,4260.555,4265.804,3491,59,0,3491
2024-08-30 15:00:00,4265.804,4276.849,4264.373,4268.374,3497,59,0,3497
2024-08-30 16:00:00,4262.529,4271.27,4239.96,4242.605,3503,59,0,3503
2024-08-30 17:00:00,4242.609,4255.546,4232.676,4255.546,3484,59,0,3484
2024-08-30 18:00:00,4255.551,4274.179,4255.551,4274.179,3478,59,0,3478
2024-08-30 19:00:00,4274.18,4279.476,4254.755,4271.76,3473,59,0,3473
2024-08-30 20:00:00,4271.763,4274.745,4241.836,4244.362,3465,59,0,3465
2024-08-30 21:00:00,4244.371,4257.168,4240.215,4246.338,3484,59,0,3484
2024-08-30 22:00:00,4246.342,4250.184,4228.148,4234.159,3489,59,0,3489
2024-08-30 23:00:00,4234.166,4248.983,4234.166,4248.983,3480,59,0,3480
2024-08-31 00:00:00,4248.994,4259.772,4247.095,4248.713,3478,59,0,3478
2024-08-31 01:00:00,4248.714,4252.685,4220.791,4232.281,3483,59,0,3483
2024-08-31 02:00:00,4232.294,4235.221,4208.004,4209.987,3463,58,0,3463
2024-08-31 03:00:00,4210.002,4216.801,4199.81,4201.689,3483,58,0,3483
2024-08-31 04:00:00,4201.689,4208.508,4182.056,4192.861,3481,58,0,3481
2024-08-31 05:00:00,4192.873,4195.906,4162.13,4174.842,3468,58,0,3468
2024-08-31 06:00:00,4174.855,4179.126,4156.7,4172.003,3462,58,0,3462
2024-08-31 07:00:00,4172.015,4179.095,4164.911,4179.095,3481,58,0,3481
2024-08-31 08:00:00,4179.112,4192.465,4177.173,4179.801,3477,58,0,3477
2024-08-31 09:00:00,4179.817,4191.619,4178.078,4191.619,3484,58,0,3484
2024-08-31 10:00:00,4191.632,4202.75,4189.58,4198.081,3481,58,0,3481
2024-08-31 11:00:00,4198.093,4207.082,4197.809,4205.668,3466,58,0,3466
2024-08-31 12:00:00,4205.677,4208.729,4185.613,4190.842,3475,58,0,3475
2024-08-31 13:00:00,4190.856,4208.663,4190.856,4195.623,3493,58,0,3493
2024-08-31 14:00:00,4195.624,4204.78,4190.593,4201.97,3501,58,0,3501
2024-08-31 15:00:00,4201.983,4207.001,4166.364,4169.682,3459,58,0,3459
2024-08-31 16:00:00,4169.685,4170.352,4155.005,4160.177,3479,58,0,3479
2024-08-31 17:00:00,4160.177,4160.804,4138.169,4148.232,3469,57,0,3469
2024-08-31 18:00:00,4148.237,4165.773,4147.194,4165.773,3477,58,0,3477
2024-08-31 19:00:00,4165.774,4165.873,4147.939,4155.936,3458,58,0,3458
2024-08-31 20:00:00,4155.936,4170.678,4151.595,4152.604,3459,58,0,3459
2024-08-31 21:00:00,4152.609,4164.853,4149.765,4155.284,3469,58,0,3469
2024-08-31 22:00:00,4155.285,4162.077,4133.115,4136.178,3486,57,0,3486
2024-08-31 23:00:00,4136.191,4140.065,4121.499,4128.603,3457,57,0,3457
2024-09-01 00:00:00,4128.615,4148.196,4127.111,4148.196,3472,57,0,3472
2024-09-01 01:00:00,4148.208,4151.127,4117.028,4125.045,3483,57,0,3483
2024-09-01 02:00:00,4125.057,4137.158,4119.682,4137.158,3469,57,0,3469
2024-09-01 03:00:00,4137.177,4142.84,4123.6,4130.306,3498,57,0,3498
2024-09-01 04:00:00,4130.323,4148.365,4130.323,4136.42,3471,57,0,3471
2024-09-01 05:00:00,4136.428,4160.808,4133.994,4160.808,3486,57,0,3486
2024-09-01 06:00:00,4160.808,4163.067,4104.586,4105.398,3486,57,0,3486
2024-09-01 07:00:00,4105.404,4121.678,4105.404,4119.561,3484,57,0,3484
2024-09-01 08:00:00,4119.564,4129.124,4118.237,4121.132,3466,57,0,3466
2024-09-01 09:00:00,4121.139,4141.743,4118.836,4136.665,3478,57,0,3478
2024-09-01 10:00:00,4136.668,4152.063,4136.09,4144.916,3478,57,0,3478
2024-09-01 11:00:00,4144.928,4146.289,4121.355,4126.252,3489,57,0,3489
2024-09-01 12:00:00,4126.267,4150.031,4126.267,4147.384,3491,57,0,3491
2024-09-01 13:00:00,4147.391,4149.442,4129.905,4140.777,3485,57,0,3485
2024-09-01 14:00:00,4140.79,4141.545,4109.981,4115.394,3483,57,0,3483
2024-09-01 15:00:00,4115.399,4122.474,4094.404,4098.06,3482,57,0,3482
2024-09-01 16:00:00,4098.075,4102.955,4087.011,4090.89,3471,57,0,3471
2024-09-01 17:00:00,4090.904,4103.367,4086.828,4096.352,3494,57,0,3494
2024-09-01 18:00:00,4096.354,4101.197,4064.713,4067.441,3498,56,0,3498
2024-09-01 19:00:00,4067.446,4074.655,4062.013,4067.123,3463,56,0,3463
2024-09-01 20:00:00,4067.124,4074.628,4060.95,4074.478,3468,56,0,3468
2024-09-01 21:00:00,4074.482,4083.986,4069.444,4082.733,3493,56,0,3493
2024-09-01 22:00:00,4082.745,4086.964,4062.66,4062.97,3474,56,0,3474
2024-09-01 23:00:00,4062.972,4065.088,4037.565,4041.995,3473,56,0,3473
2024-09-02 00:00:00,4041.997,4051.62,4033.595,4041.525,3478,56,0,3478
2024-09-02 01:00:00,4041.537,4042.975,4020.047,4034.132,3469,56,0,3469
2024-09-02 02:00:00,4034.136,4041.343,4021.57,4039.018,3469,56,0,3469
2024-09-02 03:00:00,4039.035,4039.608,4026.51,4036.957,3470,56,0,3470
2024-09-02 04:00:00,4036.958,4038.415,4006.743,4010.351,3472,56,0,3472
2024-09-02 05:00:00,4010.353,4014.702,3995.792,4000.214,3480,55,0,3480
2024-09-02 06:00:00,4000.224,4005.217,3997.888,4001.163,3485,55,0,3485
2024-09-02 07:00:00,4001.175,4014.183,3994.89,4000.186,3478,55,0,3478
2024-09-02 08:00:00,4000.196,4005.184,3997.19,4000.627,3449,55,0,3449
2024-09-02 09:00:00,4000.635,4003.864,3987.981,3989.252,3472,55,0,3472
2024-09-02 10:00:00,3989.266,3998.26,3979.577,3986.165,3473,55,0,3473
2024-09-02 11:00:00,3986.178,3990.508,3976.066,3986.3,3475,55,0,3475
2024-09-02 12:00:00,3986.308,3990.44,3973.248,3986.57,3475,55,0,3475
2024-09-02 13:00:00,3986.575,3997.359,3986.575,3997.359,3451,55,0,3451
2024-09-02 14:00:00,3997.368,4000.873,3985.248,3989.908,3467,55,0,3467
2024-09-02 15:00:00,3980.721,3986.44,3974.722,3982.51,3480,55,0,3480
2024-09-02 16:00:00,3982.519,3997.382,3975.071,3996.128,3470,55,0,3470
2024-09-02 17:00:00,3996.132,4004.308,3989.488,3991.42,3495,55,0,3495
2024-09-02 18:00:00,3991.423,4007.531,3986.544,3987.622,3446,55,0,3446
2024-09-02 19:00:00,3987.627,3987.952,3965.601,3975.092,3473,55,0,3473
2024-09-02 20:00:00,3975.102,3984.174,3967.641,3973.372,3501,55,0,3501
2024-09-02 21:00:00,3973.372,3979.246,3963.079,3975.484,3486,55,0,3486
2024-09-02 22:00:00,3975.489,3981.574,3968.35,3971.513,3475,55,0,3475
2024-09-02 23:00:00,3971.515,3978.517,3935.059,3936.071,3462,55,0,3462
2024-09-03 00:00:00,3936.089,3948.347,3936.089,3945.932,3468,55,0,3468
2024-09-03 01:00:00,3945.938,3946.39,3926.788,3927.174,3454,54,0,3454
2024-09-03 02:00:00,3927.185,3944.194,3927.185,3943.12,3495,54,0,3495
2024-09-03 03:00:00,3943.127,3960.878,3941.765,3957.648,3472,55,0,3472
2024-09-03 04:00:00,3957.654,3967.969,3955.513,3959.99,3453,55,0,3453
2024-09-03 05:00:00,3960.0,3969.753,3954.195,3957.515,3478,55,0,3478
2024-09-03 06:00:00,3957.519,3970.321,3955.055,3960.411,3460,55,0,3460
2024-09-03 07:00:00,3960.424,3964.032,3947.775,3954.809,3480,55,0,3480
2024-09-03 08:00:00,3954.814,3974.701,3954.814,3960.648,3484,55,0,3484
2024-09-03 09:00:00,3960.66,3974.924,3960.66,3974.167,3489,55,0,3489
2024-09-03 10:00:00,3974.174,3988.104,3974.174,3981.68,3463,55,0,3463
2024-09-03 11:00:00,3981.682,3985.357,3975.387,3979.301,3479,55,0,3479
2024-09-03 12:00:00,3979.313,3992.848,3979.313,3985.147,3470,55,0,3470
2024-09-03 13:00:00,3985.149,3997.702,3985.149,3993.333,3472,55,0,3472
2024-09-03 14:00:00,3993.342,3994.422,3978.507,3986.926,3470,55,0,3470
2024-09-03 15:00:00,3986.937,3987.562,3962.943,3968.458,3465,55,0,3465
2024-09-03 16:00:00,3968.467,3971.5,3957.165,3971.5,3469,55,0,3469
2024-09-03 17:00:00,3971.505,3980.37,3963.08,3980.37,3486,55,0,3486
2024-09-03 18:00:00,3980.374,3984.821,3969.622,3976.914,3475,55,0,3475
2024-09-03 19:00:00,3976.916,3985.385,3976.916,3982.598,3488,55,0,3488
2024-09-03 20:00:00,3982.6,3982.979,3961.936,3969.988,3467,55,0,3467
2024-09-03 21:00:00,3970.001,3973.148,3962.871,3972.443,3454,55,0,3454
2024-09-03 22:00:00,3972.449,3982.036,3972.449,3980.817,3499,55,0,3499
2024-09-03 23:00:00,3980.817,3989.13,3975.082,3988.386,3497,55,0,3497
2024-09-04 00:00:00,3988.397,3989.133,3956.65,3960.09,3465,55,0,3465
2024-09-04 01:00:00,3960.097,3977.538,3960.097,3962.372,3493,55,0,3493
2024-09-04 02:00:00,3962.381,3968.129,3925.17,3926.714,3476,54,0,3476
2024-09-04 03:00:00,3926.731,3931.249,3912.149,3920.194,3485,54,0,3485
2024-09-04 04:00:00,3920.201,3925.478,3912.394,3916.522,3483,54,0,3483
2024-09-04 05:00:00,3916.529,3918.835,3898.551,3903.55,3476,54,0,3476
2024-09-04 06:00:00,3903.558,3909.796,3885.913,3894.469,3462,54,0,3462
2024-09-04 07:00:00,3894.492,3897.609,3885.038,3889.876,3483,54,0,3483
2024-09-04 08:00:00,3889.892,3890.086,3873.916,3885.187,3465,54,0,3465
2024-09-04 09:00:00,3885.203,3889.678,3872.864,3873.859,3468,54,0,3468
2024-09-04 10:00:00,3873.862,3885.407,3873.862,3880.336,3479,54,0,3479
2024-09-04 11:00:00,3880.337,3887.392,3873.122,3881.127,3474,54,0,3474
2024-09-04 12:00:00,3881.145,3888.185,3875.423,3885.591,3476,54,0,3476
2024-09-04 13:00:00,3885.597,3889.381,3871.756,3874.849,3469,54,0,3469
2024-09-04 14:00:00,3874.859,3878.365,3868.404,3872.787,3471,54,0,3471
2024-09-04 15:00:00,3872.806,3879.424,3855.828,3861.833,3488,53,0,3488
2024-09-04 16:00:00,3861.837,3877.034,3857.937,3876.834,3481,54,0,3481
2024-09-04 17:00:00,3876.843,3888.082,3872.261,3880.795,3463,54,0,3463
2024-09-04 18:00:00,3880.802,3887.679,3868.152,3869.736,3457,54,0,3457
2024-09-04 19:00:00,3869.749,3871.682,3844.186,3844.896,3470,53,0,3470
2024-09-04 20:00:00,3844.912,3858.967,3838.315,3855.644,3467,53,0,3467
2024-09-04 21:00:00,3855.66,3862.725,3848.25,3848.849,3480,53,0,3480
2024-09-04 22:00:00,3848.852,3868.096,3848.768,3850.363,3470,53,0,3470
2024-09-04 23:00:00,3850.376,3867.017,3850.376,3867.017,3472,53,0,3472
2024-09-05 00:00:00,3867.026,3869.705,3857.987,3868.149,3472,54,0,3472
2024-09-05 01:00:00,3868.16,3877.295,3860.787,3868.925,3467,54,0,3467
2024-09-05 02:00:00,3868.939,3869.907,3846.374,3854.361,3447,53,0,3447
2024-09-05 03:00:00,3854.369,3860.238,3848.476,3851.303,3473,53,0,3473
2024-09-05 04:00:00,3851.323,3870.325,3850.039,3863.923,3468,53,0,3468
2024-09-05 05:00:00,3863.934,3871.179,3860.556,3866.014,3473,54,0,3473
2024-09-05 06:00:00,3866.021,3874.361,3862.001,3874.361,3465,54,0,3465
2024-09-05 07:00:00,3874.372,3880.818,3859.346,3865.204,3480,54,0,3480
2024-09-05 08:00:00,3865.207,3868.072,3847.752,3858.526,3496,53,0,3496
2024-09-05 09:00:00,3858.527,3868.742,3858.527,3865.858,3451,54,0,3451
2024-09-05 10:00:00,3865.858,3880.94,3865.858,3873.948,3461,54,0,3461
2024-09-05 11:00:00,3873.953,3880.898,3862.513,3862.763,3458,54,0,3458
2024-09-05 12:00:00,3862.765,3869.129,3856.373,3862.087,3478,53,0,3478
2024-09-05 13:00:00,3862.089,3865.373,3828.651,3830.787,3477,53,0,3477
2024-09-05 14:00:00,3830.794,3838.43,3812.986,3815.422,3441,53,0,3441
2024-09-05 15:00:00,3815.422,3816.622,3796.657,3797.919,3476,53,0,3476
2024-09-05 16:00:00,3797.923,3815.125,3797.923,3815.125,3454,53,0,3454
2024-09-05 17:00:00,3815.13,3821.018,3808.168,3817.395,3468,53,0,3468
2024-09-05 18:00:00,3817.397,3832.724,3814.141,3816.368,3465,53,0,3465
2024-09-05 19:00:00,3816.378,3828.797,3814.62,3828.797,3476,53,0,3476
2024-09-05 20:00:00,3828.8,3839.916,3828.8,3839.916,3451,53,0,3451
2024-09-05 21:00:00,3839.918,3849.241,3819.431,3829.648,3466,53,0,3466
2024-09-05 22:00:00,3829.657,3839.354,3819.724,3839.354,3474,53,0,3474
2024-09-05 23:00:00,3839.36,3857.658,3839.36,3848.902,3490,53,0,3490
2024-09-06 00:00:00,3848.904,3865.404,3840.549,3865.404,3477,53,0,3477
2024-09-06 01:00:00,3865.407,3880.518,3863.445,3880.081,3473,54,0,3473
2024-09-06 02:00:00,3880.085,3881.099,3864.159,3877.812,3470,54,0,3470
2024-09-06 03:00:00,3877.816,3881.725,3855.38,3861.36,3464,53,0,3464
2024-09-06 04:00:00,3861.369,3872.078,3858.682,3867.245,3481,54,0,3481
2024-09-06 05:00:00,3867.254,3874.265,3862.266,3866.192,3464,54,0,3464
2024-09-06 06:00:00,3866.205,3877.023,3864.411,3873.053,3475,54,0,3475
2024-09-06 07:00:00,3873.062,3881.92,3865.819,3877.803,3471,54,0,3471
2024-09-06 08:00:00,3877.817,3883.532,3861.576,3871.856,3454,54,0,3454
2024-09-06 09:00:00,3871.867,3873.314,3839.313,3849.26,3467,53,0,3467
2024-09-06 10:00:00,3849.261,3849.747,3815.677,3821.196,3467,53,0,3467
2024-09-06 11:00:00,3821.197,3836.045,3821.197,3831.281,3465,53,0,3465
2024-09-06 12:00:00,3831.288,3839.323,3825.164,3827.589,3467,53,0,3467
2024-09-06 13:00:00,3827.607,3837.466,3803.996,3808.718,3477,53,0,3477
2024-09-06 14:00:00,3808.729,3822.949,3804.563,3805.524,3470,53,0,3470
2024-09-06 15:00:00,3805.526,3811.252,3800.497,3805.977,3477,53,0,3477
2024-09-06 16:00:00,3805.99,3810.853,3774.233,3782.709,3469,52,0,3469
2024-09-06 17:00:00,3782.712,3786.887,3775.281,3785.693,3473,52,0,3473
2024-09-06 18:00:00,3785.694,3803.123,3785.694,3803.123,3476,53,0,3476
2024-09-06 19:00:00,3803.139,3811.52,3793.749,3798.849,3459,53,0,3459
2024-09-06 20:00:00,3798.852,3804.109,3795.051,3800.972,3462,53,0,3462
2024-09-06 21:00:00,3800.995,3814.272,3795.124,3814.272,3470,53,0,3470
2024-09-06 22:00:00,3814.273,3823.358,3810.868,3813.843,3479,53,0,3479
2024-09-06 23:00:00,3813.844,3832.279,3813.844,3832.279,3461,53,0,3461
2024-09-07 00:00:00,3832.291,3834.525,3824.339,3831.095,3470,53,0,3470
2024-09-07 01:00:00,3831.11,3834.729,3810.813,3814.029,3477,53,0,3477
2024-09-07 02:00:00,3814.036,3828.169,3804.091,3828.169,3473,53,0,3473
2024-09-07 03:00:00,3828.177,3854.975,3828.177,3854.975,3460,53,0,3460
2024-09-07 04:00:00,3854.987,3862.91,3844.012,3862.91,3461,53,0,3461
2024-09-07 05:00:00,3862.917,3871.15,3844.926,3852.939,3470,53,0,3470
2024-09-07 06:00:00,3852.95,3861.722,3846.717,3861.722,3460,53,0,3460
2024-09-07 07:00:00,3861.734,3863.89,3845.374,3863.89,3454,53,0,3454
2024-09-07 08:00:00,3863.893,3865.787,3834.918,3841.128,3480,53,0,3480
2024-09-07 09:00:00,3841.139,3848.698,3839.663,3848.618,3471,53,0,3471
2024-09-07 10:00:00,3848.62,3849.63,3817.902,3821.243,3477,53,0,3477
2024-09-07 11:00:00,3821.247,3827.153,3810.631,3813.653,3470,53,0,3470
2024-09-07 12:00:00,3813.661,3813.976,3791.833,3800.493,3472,53,0,3472
2024-09-07 13:00:00,3800.505,3806.053,3795.431,3803.035,3475,53,0,3475
2024-09-07 14:00:00,3803.041,3819.417,3803.041,3817.581,3456,53,0,3456
2024-09-07 15:00:00,3817.596,3836.909,3814.961,3836.909,3453,53,0,3453
2024-09-07 16:00:00,3836.914,3856.476,3836.914,3856.476,3468,53,0,3468
2024-09-07 17:00:00,3856.48,3859.247,3847.482,3852.296,3479,53,0,3479
2024-09-07 18:00:00,3852.298,3854.527,3826.721,3831.357,3446,53,0,3446
2024-09-07 19:00:00,3831.362,3838.054,3828.01,3834.541,3463,53,0,3463
2024-09-07 20:00:00,3834.548,3844.865,3831.966,3833.77,3457,53,0,3457
2024-09-07 21:00:00,3833.773,3846.968,3833.773,3846.968,3480,53,0,3480
2024-09-07 22:00:00,3846.984,3858.279,3840.212,3841.446,3472,53,0,3472
2024-09-07 23:00:00,3841.45,3854.928,3841.45,3849.633,3478,53,0,3478
2024-09-08 00:00:00,3849.641,3851.698,3838.302,3838.939,3487,53,0,3487
2024-09-08 01:00:00,3838.949,3844.642,3833.822,3844.642,3448,53,0,3448
2024-09-08 02:00:00,3844.643,3852.22,3839.235,3846.263,3473,53,0,3473
2024-09-08 03:00:00,3846.274,3848.465,3831.506,3839.633,3490,53,0,3490
2024-09-08 04:00:00,3839.643,3843.977,3831.982,3837.056,3458,53,0,3458
2024-09-08 05:00:00,3837.062,3843.945,3817.959,3820.976,3462,53,0,3462
2024-09-08 06:00:00,3820.982,3824.245,3811.374,3824.245,3490,53,0,3490
2024-09-08 07:00:00,3824.255,3836.439,3824.255,3830.972,3459,53,0,3459
2024-09-08 08:00:00,3830.973,3838.029,3823.949,3831.053,3477,53,0,3477
2024-09-08 09:00:00,3831.057,3836.371,3820.607,3836.371,3472,53,0,3472
2024-09-08 10:00:00,3836.377,3837.006,3815.327,3826.344,3481,53,0,3481
2024-09-08 11:00:00,3826.346,3828.036,3816.418,3827.812,3466,53,0,3466
2024-09-08 12:00:00,3827.815,3847.512,3827.815,3841.046,3472,53,0,3472
2024-09-08 13:00:00,3841.059,3858.083,3841.059,3851.323,3480,53,0,3480
2024-09-08 14:00:00,3851.325,3852.845,3834.458,3842.968,3453,53,0,3453
2024-09-08 15:00:00,3842.969,3851.119,3834.599,3841.181,3477,53,0,3477
2024-09-08 16:00:00,3841.184,3846.494,3834.326,3843.161,3467,53,0,3467
2024-09-08 17:00:00,3843.165,3849.955,3824.51,3837.498,3467,53,0,3467
2024-09-08 18:00:00,3837.514,3839.487,3814.314,3817.446,3477,53,0,3477
2024-09-08 19:00:00,3817.455,3825.479,3807.059,3825.479,3454,53,0,3454
2024-09-08 20:00:00,3825.483,3825.528,3806.023,3809.643,3494,53,0,3494
2024-09-08 21:00:00,3809.649,3814.103,3787.309,3792.959,3456,53,0,3456
2024-09-08 22:00:00,3792.962,3796.997,3788.524,3793.517,3472,53,0,3472
2024-09-08 23:00:00,3793.519,3812.254,3793.502,3812.254,3472,53,0,3472
2024-09-09 00:00:00,3812.269,3832.506,3812.269,3832.506,3473,53,0,3473
2024-09-09 01:00:00,3832.511,3844.776,3832.511,3843.245,3465,53,0,3465
2024-09-09 02:00:00,3843.246,3865.004,3842.369,3865.004,3468,53,0,3468
2024-09-09 03:00:00,3865.004,3872.114,3858.874,3859.651,3481,54,0,3481
2024-09-09 04:00:00,3859.652,3860.774,3845.69,3856.536,3465,53,0,3465
2024-09-09 05:00:00,3856.546,3859.428,3848.291,3853.163,3469,53,0,3469
2024-09-09 06:00:00,3853.167,3859.912,3847.024,3852.653,3484,53,0,3484
2024-09-09 07:00:00,3852.654,3860.188,3845.442,3846.173,3467,53,0,3467
2024-09-09 08:00:00,3846.186,3861.635,3846.186,3861.635,3453,53,0,3453
2024-09-09 09:00:00,3861.642,3875.925,3860.526,3866.434,3477,54,0,3477
2024-09-09 10:00:00,3866.435,3885.616,3866.435,3874.358,3479,54,0,3479
2024-09-09 11:00:00,3874.366,3877.241,3841.696,3849.96,3464,53,0,3464
2024-09-09 12:00:00,3849.966,3857.024,3840.213,3847.494,3477,53,0,3477
2024-09-09 13:00:00,3847.498,3864.347,3845.901,3864.347,3466,53,0,3466
2024-09-09 14:00:00,3864.366,3876.769,3864.366,3866.387,3474,54,0,3474
2024-09-09 15:00:00,3866.388,3868.399,3853.503,3858.925,3475,53,0,3475
2024-09-09 16:00:00,3858.936,3863.888,3850.852,3852.281,3459,53,0,3459
2024-09-09 17:00:00,3852.287,3853.425,3818.795,3821.87,3476,53,0,3476
2024-09-09 18:00:00,3821.878,3834.432,3814.977,3834.432,3451,53,0,3451
2024-09-09 19:00:00,3834.445,3849.409,3825.819,3829.588,3481,53,0,3481
2024-09-09 20:00:00,3829.598,3839.89,3822.62,3839.89,3479,53,0,3479
2024-09-09 21:00:00,3839.899,3846.385,3831.969,3846.385,3474,53,0,3474
2024-09-09 22:00:00,3846.392,3852.743,3839.606,3849.123,3477,53,0,3477
2024-09-09 23:00:00,3849.141,3858.77,3827.438,3830.961,3466,53,0,3466
2024-09-10 00:00:00,3830.962,3857.581,3830.962,3857.581,3472,53,0,3472
2024-09-10 01:00:00,3857.585,3861.404,3851.358,3854.123,3459,53,0,3459
2024-09-10 02:00:00,3854.135,3862.0,3850.014,3855.244,3467,53,0,3467
2024-09-10 03:00:00,3855.256,3861.344,3829.02,3838.403,3477,53,0,3477
2024-09-10 04:00:00,3838.412,3841.808,3831.857,3834.34,3461,53,0,3461
2024-09-10 05:00:00,3834.34,3834.402,3804.755,3813.612,3446,53,0,3446
2024-09-10 06:00:00,3813.631,3820.27,3800.471,3808.24,3481,53,0,3481
2024-09-10 07:00:00,3808.257,3810.045,3795.664,3802.267,3442,53,0,3442
2024-09-10 08:00:00,3802.267,3822.249,3799.989,3822.249,3455,53,0,3455
2024-09-10 09:00:00,3822.256,3832.434,3816.208,3823.576,3481,53,0,3481
2024-09-10 10:00:00,3823.577,3830.273,3796.33,3802.246,3453,53,0,3453
2024-09-10 11:00:00,3802.263,3814.668,3796.555,3814.668,3466,53,0,3466
2024-09-10 12:00:00,3814.668,3822.536,3811.481,3818.007,3488,53,0,3488
2024-09-10 13:00:00,3818.011,3824.495,3809.594,3824.495,3475,53,0,3475
2024-09-10 14:00:00,3824.496,3840.994,3824.496,3836.585,3487,53,0,3487
2024-09-10 15:00:00,3836.598,3838.389,3822.62,3834.535,3459,53,0,3459
2024-09-10 16:00:00,3834.548,3850.035,3834.118,3845.483,3466,53,0,3466
2024-09-10 17:00:00,3845.499,3853.756,3844.11,3845.859,3469,53,0,3469
2024-09-10 18:00:00,3845.864,3861.243,3845.864,3861.243,3473,53,0,3473
2024-09-10 19:00:00,3861.251,3877.309,3861.251,3865.49,3478,54,0,3478
2024-09-10 20:00:00,3865.506,3883.533,3865.506,3878.497,3466,54,0,3466
2024-09-10 21:00:00,3878.505,3900.872,3877.643,3900.872,3448,54,0,3448
2024-09-10 22:00:00,3900.888,3911.219,3900.888,3909.0,3475,54,0,3475
2024-09-10 23:00:00,3909.011,3933.327,3906.827,3933.327,3463,54,0,3463
2024-09-11 00:00:00,3933.349,3945.456,3929.945,3936.912,3459,55,0,3459
2024-09-11 01:00:00,3936.924,3950.42,3936.924,3948.845,3468,55,0,3468
2024-09-11 02:00:00,3948.846,3951.442,3940.627,3951.442,3497,55,0,3497
2024-09-11 03:00:00,3951.446,3954.401,3937.424,3938.804,3477,55,0,3477
2024-09-11 04:00:00,3938.806,3954.598,3935.823,3939.395,3487,55,0,3487
2024-09-11 05:00:00,3939.411,3943.27,3926.856,3931.267,3480,54,0,3480
2024-09-11 06:00:00,3931.277,3940.597,3914.399,3920.042,3492,54,0,3492
2024-09-11 07:00:00,3920.056,3936.188,3919.164,3933.906,3489,54,0,3489
2024-09-11 08:00:00,3933.926,3935.512,3924.763,3934.319,3471,54,0,3471
2024-09-11 09:00:00,3934.329,3955.048,3931.757,3932.134,3484,55,0,3484
2024-09-11 10:00:00,3932.14,3941.806,3926.863,3929.101,3490,54,0,3490
2024-09-11 11:00:00,3929.11,3941.001,3926.332,3934.932,3473,54,0,3473
2024-09-11 12:00:00,3934.934,3935.638,3919.793,3925.881,3454,54,0,3454
2024-09-11 13:00:00,3925.893,3936.381,3921.979,3922.43,3459,54,0,3459
2024-09-11 14:00:00,3922.436,3926.298,3905.607,3919.265,3481,54,0,3481
2024-09-11 15:00:00,3919.273,3923.385,3910.953,3923.385,3473,54,0,3473
2024-09-11 16:00:00,3923.399,3932.167,3912.839,3932.167,3478,54,0,3478
2024-09-11 17:00:00,3932.174,3935.015,3917.978,3930.373,3489,54,0,3489
2024-09-11 18:00:00,3930.375,3943.83,3921.174,3926.484,3489,54,0,3489
2024-09-11 19:00:00,3926.488,3939.393,3923.382,3938.303,3486,54,0,3486
2024-09-11 20:00:00,3938.314,3947.611,3927.624,3936.099,3487,55,0,3487
2024-09-11 21:00:00,3936.102,3947.019,3934.816,3934.847,3469,55,0,3469
2024-09-11 22:00:00,3934.854,3941.059,3921.419,3928.427,3469,54,0,3469
2024-09-11 23:00:00,3928.43,3935.51,3921.198,3928.996,3470,54,0,3470
2024-09-12 00:00:00,3929.013,3939.506,3920.157,3926.254,3471,54,0,3471
2024-09-12 01:00:00,3926.267,3942.376,3926.267,3942.376,3460,54,0,3460
2024-09-12 02:00:00,3942.384,3953.885,3940.146,3942.008,3473,55,0,3473
2024-09-12 03:00:00,3942.017,3955.759,3941.872,3955.759,3474,55,0,3474
2024-09-12 04:00:00,3955.763,3964.184,3955.24,3963.261,3471,55,0,3471
2024-09-12 05:00:00,3963.268,3975.464,3961.805,3968.508,3485,55,0,3485
2024-09-12 06:00:00,3968.522,3978.321,3967.042,3971.811,3459,55,0,3459
2024-09-12 07:00:00,3971.821,4000.853,3971.821,4000.853,3476,55,0,3476
2024-09-12 08:00:00,4000.854,4014.72,3986.521,3990.18,3473,55,0,3473
2024-09-12 09:00:00,3990.185,3998.425,3989.533,3993.269,3481,55,0,3481
2024-09-12 10:00:00,3993.283,4004.57,3988.236,3996.956,3481,55,0,3481
2024-09-12 11:00:00,3996.962,4013.606,3996.962,4012.626,3451,55,0,3451
2024-09-12 12:00:00,4012.629,4021.76,4007.091,4013.374,3474,56,0,3474
2024-09-12 13:00:00,4013.376,4017.587,3989.246,3990.811,3470,55,0,3470
2024-09-12 14:00:00,3990.821,3991.614,3980.603,3982.254,3456,55,0,3456
2024-09-12 15:00:00,3982.258,3992.359,3982.258,3991.743,3462,55,0,3462
2024-09-12 16:00:00,3991.749,4003.158,3989.015,3995.171,3465,55,0,3465
2024-09-12 17:00:00,3995.172,4001.712,3989.073,3996.378,3470,55,0,3470
2024-09-12 18:00:00,3996.385,4019.245,3996.385,4019.245,3478,55,0,3478
2024-09-12 19:00:00,4019.246,4027.119,4014.727,4017.329,3487,56,0,3487
2024-09-12 20:00:00,4017.337,4033.129,4017.337,4024.107,3474,56,0,3474
2024-09-12 21:00:00,4024.114,4034.209,4019.595,4034.209,3466,56,0,3466
2024-09-12 22:00:00,4034.215,4040.019,4022.36,4033.059,3481,56,0,3481
2024-09-12 23:00:00,4033.066,4051.594,4029.199,4051.594,3487,56,0,3487
2024-09-13 00:00:00,4051.601,4053.791,4022.457,4025.632,3467,56,0,3467
2024-09-13 01:00:00,4025.637,4028.623,4008.133,4014.401,3485,56,0,3485
2024-09-13 02:00:00,4014.409,4027.518,4006.446,4009.235,3467,56,0,3467
2024-09-13 03:00:00,4009.251,4011.051,3995.064,4008.649,3478,55,0,3478
2024-09-13 04:00:00,4008.656,4024.157,4003.632,4012.088,3488,56,0,3488
2024-09-13 05:00:00,4012.099,4014.144,3997.124,4001.162,3492,55,0,3492
2024-09-13 06:00:00,4001.163,4009.406,3995.53,4004.94,3474,55,0,3474
2024-09-13 07:00:00,4004.95,4010.439,3994.818,3998.428,3475,55,0,3475
2024-09-13 08:00:00,3998.44,4001.962,3990.279,4001.516,3455,55,0,3455
2024-09-13 09:00:00,4001.523,4013.799,3997.068,4013.799,3479,55,0,3479
2024-09-13 10:00:00,4013.802,4018.572,4001.512,4011.762,3467,56,0,3467
2024-09-13 11:00:00,4011.772,4029.006,4011.772,4024.479,3466,56,0,3466
2024-09-13 12:00:00,4024.481,4025.944,4003.177,4008.803,3489,56,0,3489
2024-09-13 13:00:00,4008.816,4014.417,3993.452,4004.744,3473,55,0,3473
2024-09-13 14:00:00,4004.752,4031.445,4004.752,4026.286,3468,56,0,3468
2024-09-13 15:00:00,4026.303,4031.623,4020.818,4031.229,3477,56,0,3477
2024-09-13 16:00:00,4031.235,4050.996,4028.637,4050.996,3467,56,0,3467
2024-09-13 17:00:00,4051.002,4053.266,4041.582,4046.793,3461,56,0,3461
2024-09-13 18:00:00,4046.803,4061.692,4045.395,4061.692,3490,56,0,3490
2024-09-13 19:00:00,4061.702,4071.644,4061.702,4064.473,3475,56,0,3475
2024-09-13 20:00:00,4064.484,4065.103,4046.446,4054.299,3488,56,0,3488
2024-09-13 21:00:00,4054.307,4056.078,4040.351,4051.156,3467,56,0,3467
2024-09-13 22:00:00,4051.16,4068.004,4046.895,4057.297,3492,56,0,3492
2024-09-13 23:00:00,4057.299,4067.527,4053.702,4067.527,3467,56,0,3467
2024-09-14 00:00:00,4067.529,4075.15,4050.071,4055.533,3470,56,0,3470
2024-09-14 01:00:00,4055.546,4060.607,4049.832,4051.599,3477,56,0,3477
2024-09-14 02:00:00,4051.601,4054.459,4034.974,4054.459,3477,56,0,3477
2024-09-14 03:00:00,4054.475,4061.763,4045.866,4055.289,3482,56,0,3482
2024-09-14 04:00:00,4055.293,4070.936,4052.532,4052.835,3467,56,0,3467
2024-09-14 05:00:00,4052.842,4059.888,4046.732,4058.366,3474,56,0,3474
2024-09-14 06:00:00,4058.377,4067.505,4052.87,4067.505,3479,56,0,3479
2024-09-14 07:00:00,4067.518,4078.828,4067.435,4067.55,3471,56,0,3471
2024-09-14 08:00:00,4067.573,4073.918,4047.396,4057.295,3498,56,0,3498
2024-09-14 09:00:00,4057.3,4072.574,4056.394,4072.574,3488,56,0,3488
2024-09-14 10:00:00,4072.592,4074.966,4055.369,4071.687,3478,56,0,3478
2024-09-14 11:00:00,4071.704,4072.309,4055.486,4059.313,3479,56,0,3479
2024-09-14 12:00:00,4059.315,4071.373,4051.372,4071.373,3461,56,0,3461
2024-09-14 13:00:00,4071.373,4079.981,4068.958,4078.39,3477,56,0,3477
2024-09-14 14:00:00,4078.397,4080.943,4056.531,4061.432,3478,56,0,3478
2024-09-14 15:00:00,4061.452,4061.587,4025.907,4030.667,3468,56,0,3468
2024-09-14 16:00:00,4030.681,4035.564,4024.13,4035.564,3467,56,0,3467
2024-09-14 17:00:00,4035.587,4038.166,4023.619,4031.557,3497,56,0,3497
2024-09-14 18:00:00,4031.562,4036.303,4018.815,4036.303,3466,56,0,3466
2024-09-14 19:00:00,4036.318,4036.635,4016.159,4027.085,3471,56,0,3471
2024-09-14 20:00:00,4027.094,4034.852,4024.198,4031.299,3482,56,0,3482
2024-09-14 21:00:00,4031.3,4052.879,4031.3,4048.751,3473,56,0,3473
2024-09-14 22:00:00,4048.755,4051.392,4038.685,4043.776,3504,56,0,3504
2024-09-14 23:00:00,4043.785,4055.144,4040.621,4048.123,3464,56,0,3464
2024-09-15 00:00:00,4048.13,4066.008,4047.606,4057.808,3483,56,0,3483
2024-09-15 01:00:00,4057.816,4063.04,4051.808,4052.45,3241,56,0,3241
2024-09-15 02:00:00,4052.458,4070.217,4052.458,4069.23,3470,56,0,3470
2024-09-15 03:00:00,4069.237,4079.282,4068.536,4078.545,3488,56,0,3488
2024-09-15 04:00:00,4078.556,4089.39,4061.106,4068.6,3466,56,0,3466
2024-09-15 05:00:00,4068.608,4077.817,4064.76,4077.817,3466,56,0,3466
2024-09-15 06:00:00,4077.822,4098.195,4077.822,4098.195,3488,57,0,3488
2024-09-15 07:00:00,4098.2,4110.194,4095.093,4106.232,3495,57,0,3495
2024-09-15 08:00:00,4106.24,4128.049,4106.24,4123.675,3467,57,0,3467
2024-09-15 09:00:00,4123.682,4137.036,4118.88,4130.733,3475,57,0,3475
2024-09-15 10:00:00,4130.739,4131.462,4117.34,4122.108,3471,57,0,3471
2024-09-15 11:00:00,4122.122,4142.172,4122.122,4138.664,3505,57,0,3505
2024-09-15 12:00:00,4138.676,4144.503,4124.639,4141.822,3480,57,0,3480
2024-09-15 13:00:00,4141.828,4148.89,4132.803,4143.741,3485,57,0,3485
2024-09-15 14:00:00,4143.744,4159.28,4129.378,4137.31,3472,57,0,3472
2024-09-15 15:00:00,4137.328,4140.184,4126.301,4126.984,3484,57,0,3484
2024-09-15 16:00:00,4126.99,4139.904,4101.317,4102.38,3482,57,0,3482
2024-09-15 17:00:00,4102.388,4105.778,4086.587,4087.673,3487,57,0,3487
2024-09-15 18:00:00,4087.695,4112.092,4087.695,4111.973,3494,57,0,3494
2024-09-15 19:00:00,4111.982,4126.57,4111.493,4126.57,3467,57,0,3467
2024-09-15 20:00:00,4126.591,4138.121,4126.591,4132.019,3474,57,0,3474
2024-09-15 21:00:00,4132.025,4136.692,4110.925,4116.548,3475,57,0,3475
2024-09-15 22:00:00,4116.551,4127.903,4108.991,4127.903,3478,57,0,3478
2024-09-15 23:00:00,4127.914,4140.579,4127.914,4135.139,3496,57,0,3496
2024-09-16 00:00:00,4135.153,4142.431,4129.71,4133.488,3482,57,0,3482
2024-09-16 01:00:00,4133.502,4137.013,4114.934,4123.448,3472,57,0,3472
2024-09-16 02:00:00,4123.463,4131.87,4115.949,4131.87,3479,57,0,3479
2024-09-16 03:00:00,4131.88,4135.816,4109.754,4115.858,3495,57,0,3495
2024-09-16 04:00:00,4115.861,4125.353,4108.917,4122.077,3470,57,0,3470
2024-09-16 05:00:00,4122.079,4136.094,4115.603,4135.365,3483,57,0,3483
2024-09-16 06:00:00,4135.373,4144.814,4132.641,4135.789,3503,57,0,3503
2024-09-16 07:00:00,4135.801,4151.7,4135.801,4144.457,3479,57,0,3479
2024-09-16 08:00:00,4144.475,4148.664,4135.348,4138.652,3471,57,0,3471
2024-09-16 09:00:00,4138.659,4150.435,4137.07,4140.987,3483,57,0,3483
2024-09-16 10:00:00,4141.0,4156.044,4141.0,4148.232,3490,57,0,3490
2024-09-16 11:00:00,4148.232,4160.0,4145.014,4160.0,3480,58,0,3480
2024-09-16 12:00:00,4160.0,4176.871,4157.703,4176.871,3479,58,0,3479
2024-09-16 13:00:00,4176.878,4187.29,4176.878,4184.088,3479,58,0,3479
2024-09-16 14:00:00,4184.099,4184.643,4165.068,4174.474,3479,58,0,3479
2024-09-16 15:00:00,4174.489,4187.111,4162.623,4165.018,3493,58,0,3493
2024-09-16 16:00:00,4165.03,4176.086,4158.144,4173.359,3471,58,0,3471
2024-09-16 17:00:00,4173.363,4173.9,4160.27,4161.118,3492,58,0,3492
2024-09-16 18:00:00,4161.131,4161.637,4151.026,4161.333,3484,58,0,3484
2024-09-16 19:00:00,4161.35,4173.07,4148.838,4155.045,3482,58,0,3482
2024-09-16 20:00:00,4155.061,4166.468,4149.651,4166.468,3470,58,0,3470
2024-09-16 21:00:00,4166.479,4169.452,4155.954,4167.751,3479,58,0,3479
2024-09-16 22:00:00,4167.755,4176.594,4161.189,4164.594,3471,58,0,3471
2024-09-16 23:00:00,4164.603,4165.787,4153.579,4157.987,3481,58,0,3481
2024-09-17 00:00:00,4158.002,4165.363,4132.954,4139.525,3490,57,0,3490
2024-09-17 01:00:00,4139.552,4144.903,4125.863,4125.863,3490,57,0,3490
2024-09-17 02:00:00,4125.865,4128.433,4096.102,4101.521,3476,57,0,3476
2024-09-17 03:00:00,4101.533,4104.805,4085.78,4087.965,3473,57,0,3473
2024-09-17 04:00:00,4087.977,4096.071,4081.692,4090.15,3473,57,0,3473
2024-09-17 05:00:00,4090.159,4107.394,4090.159,4105.452,3503,57,0,3503
2024-09-17 06:00:00,4105.462,4116.971,4096.042,4116.971,3463,57,0,3463
2024-09-17 07:00:00,4116.972,4128.062,4108.965,4110.446,3473,57,0,3473
2024-09-17 08:00:00,4110.446,4118.21,4104.539,4111.42,3476,57,0,3476
2024-09-17 09:00:00,4111.444,4125.589,4109.509,4125.589,3489,57,0,3489
2024-09-17 10:00:00,4125.597,4134.65,4099.743,4101.649,3458,57,0,3458
2024-09-17 11:00:00,4101.652,4119.093,4101.652,4119.093,3472,57,0,3472
2024-09-17 12:00:00,4119.104,4122.553,4104.339,4122.329,3473,57,0,3473
2024-09-17 13:00:00,4122.329,4134.248,4122.329,4123.686,3477,57,0,3477
2024-09-17 14:00:00,4123.696,4131.108,4120.281,4126.47,3496,57,0,3496
2024-09-17 15:00:00,4126.473,4131.635,4120.859,4127.383,3481,57,0,3481
2024-09-17 16:00:00,4127.386,4136.138,4124.555,4131.809,3467,57,0,3467
2024-09-17 17:00:00,4131.811,4138.762,4127.347,4138.762,3477,57,0,3477
2024-09-17 18:00:00,4138.764,4154.602,4138.764,4145.56,3477,57,0,3477
2024-09-17 19:00:00,4145.574,4166.813,4144.69,4166.813,3484,58,0,3484
2024-09-17 20:00:00,4166.818,4175.318,4166.818,4174.384,3489,58,0,3489
2024-09-17 21:00:00,4174.392,4187.137,4172.294,4176.894,3480,58,0,3480
2024-09-17 22:00:00,4176.899,4180.501,4166.739,4172.256,3482,58,0,3482
2024-09-17 23:00:00,4172.27,4172.41,4125.326,4125.353,3482,57,0,3482
2024-09-18 00:00:00,4125.362,4138.562,4119.614,4127.37,3494,57,0,3494
2024-09-18 01:00:00,4127.374,4137.611,4100.77,4101.874,3483,57,0,3483
2024-09-18 02:00:00,4101.877,4103.371,4078.25,4090.407,3489,57,0,3489
2024-09-18 03:00:00,4090.412,4101.299,4087.896,4089.757,3467,57,0,3467
2024-09-18 04:00:00,4089.768,4094.72,4086.722,4087.929,3464,57,0,3464
2024-09-18 05:00:00,4087.934,4100.601,4082.908,4100.601,3474,57,0,3474
2024-09-18 06:00:00,4100.606,4115.754,4100.606,4108.911,3493,57,0,3493
2024-09-18 07:00:00,4108.924,4121.945,4104.31,4121.945,3476,57,0,3476
2024-09-18 08:00:00,4121.959,4129.312,4104.04,4107.617,3484,57,0,3484
2024-09-18 09:00:00,4107.622,4118.233,4107.622,4117.837,3493,57,0,3493
2024-09-18 10:00:00,4117.852,4130.687,4117.852,4120.52,3472,57,0,3472
2024-09-18 11:00:00,4120.534,4121.235,4102.223,4109.802,3479,57,0,3479
2024-09-18 12:00:00,4109.81,4115.394,4097.91,4106.915,3459,57,0,3459
2024-09-18 13:00:00,4106.936,4115.538,4100.925,4115.538,3472,57,0,3472
2024-09-18 14:00:00,4115.538,4132.266,4112.13,4125.778,3492,57,0,3492
2024-09-18 15:00:00,4125.792,4140.401,4125.792,4127.815,3472,57,0,3472
2024-09-18 16:00:00,4127.831,4131.209,4118.46,4129.586,3489,57,0,3489
2024-09-18 17:00:00,4129.591,4130.522,4099.373,4103.039,3476,57,0,3476
2024-09-18 18:00:00,4103.04,4117.561,4103.04,4117.561,3489,57,0,3489
2024-09-18 19:00:00,4117.569,4138.52,4114.638,4138.52,3470,57,0,3470
2024-09-18 20:00:00,4138.531,4157.35,4138.531,4153.575,3489,57,0,3489
2024-09-18 21:00:00,4153.582,4157.139,4135.367,4138.708,3496,57,0,3496
2024-09-18 22:00:00,4138.718,4143.937,4135.25,4138.463,3497,57,0,3497
2024-09-18 23:00:00,4138.468,4156.269,4138.468,4153.742,3492,57,0,3492
2024-09-19 00:00:00,4153.747,4168.66,4153.747,4168.66,3485,58,0,3485
2024-09-19 01:00:00,4168.664,4183.591,4167.012,4174.826,3478,58,0,3478
2024-09-19 02:00:00,4174.835,4197.861,4174.835,4194.696,3490,58,0,3490
2024-09-19 03:00:00,4194.712,4204.457,4185.376,4189.804,3481,58,0,3481
2024-09-19 04:00:00,4189.808,4203.869,4186.19,4203.672,3486,58,0,3486
2024-09-19 05:00:00,4203.681,4206.67,4187.641,4193.391,3474,58,0,3474
2024-09-19 06:00:00,4193.395,4206.638,4186.209,4192.805,3486,58,0,3486
2024-09-19 07:00:00,4192.809,4203.006,4188.854,4195.07,3492,58,0,3492
2024-09-19 08:00:00,4195.08,4195.649,4182.243,4191.226,3477,58,0,3477
2024-09-19 09:00:00,4191.233,4212.691,4190.102,4200.337,3474,58,0,3474
2024-09-19 10:00:00,4200.349,4205.825,4189.619,4193.623,3483,58,0,3483
2024-09-19 11:00:00,4193.633,4198.165,4149.186,4162.185,3488,58,0,3488
2024-09-19 12:00:00,4162.192,4165.387,4138.474,4141.29,3496,57,0,3496
2024-09-19 13:00:00,4141.3,4141.412,4122.341,4141.249,3491,57,0,3491
2024-09-19 14:00:00,4141.254,4149.795,4137.603,4149.795,3491,57,0,3491
2024-09-19 15:00:00,4149.807,4155.059,4144.648,4153.398,3484,58,0,3484
2024-09-19 16:00:00,4153.403,4157.553,4141.742,4157.553,3479,58,0,3479
2024-09-19 17:00:00,4157.57,4158.667,4136.831,4141.761,3486,57,0,3486
2024-09-19 18:00:00,4141.78,4151.732,4140.881,4146.459,3497,57,0,3497
2024-09-19 19:00:00,4146.468,4154.267,4133.376,4138.818,3492,57,0,3492
2024-09-19 20:00:00,4138.844,4147.161,4131.924,4134.288,3484,57,0,3484
2024-09-19 21:00:00,4134.294,4144.547,4132.096,4144.547,3478,57,0,3478
2024-09-19 22:00:00,4144.566,4159.208,4141.096,4159.208,3482,57,0,3482
2024-09-19 23:00:00,4159.21,4174.776,4159.21,4171.453,3480,58,0,3480
2024-09-20 00:00:00,4171.456,4190.987,4171.456,4183.916,3492,58,0,3492
2024-09-20 01:00:00,4183.918,4186.228,4151.798,4161.308,3499,58,0,3499
2024-09-20 02:00:00,4161.328,4166.519,4152.279,4154.746,3495,58,0,3495
2024-09-20 03:00:00,4154.746,4169.688,4151.822,4169.344,3466,58,0,3466
2024-09-20 04:00:00,4169.349,4172.714,4149.983,4156.71,3474,58,0,3474
2024-09-20 05:00:00,4156.717,4169.796,4156.717,4166.201,3480,58,0,3480
2024-09-20 06:00:00,4166.214,4191.503,4166.214,4190.821,3478,58,0,3478
2024-09-20 07:00:00,4190.822,4218.093,4190.822,4218.093,3471,58,0,3471
2024-09-20 08:00:00,4218.106,4223.174,4211.576,4222.494,3486,58,0,3486
2024-09-20 09:00:00,4222.5,4231.985,4203.606,4218.395,3470,58,0,3470
2024-09-20 10:00:00,4218.4,4242.531,4218.4,4237.881,3485,59,0,3485
2024-09-20 11:00:00,4237.883,4252.905,4237.883,4240.697,3492,59,0,3492
2024-09-20 12:00:00,4240.699,4259.04,4239.927,4258.537,3488,59,0,3488
2024-09-20 13:00:00,4258.544,4269.348,4249.648,4253.426,3478,59,0,3478
2024-09-20 14:00:00,4253.432,4254.82,4233.801,4236.673,3498,59,0,3498
2024-09-20 15:00:00,4236.687,4252.012,4234.08,4248.766,3482,59,0,3482
2024-09-20 16:00:00,4248.774,4251.403,4235.327,4236.828,3488,59,0,3488
2024-09-20 17:00:00,4236.842,4247.49,4231.362,4247.49,3478,59,0,3478
2024-09-20 18:00:00,4247.497,4249.493,4231.542,4238.677,3500,59,0,3500
2024-09-20 19:00:00,4238.687,4251.013,4234.287,4247.257,3486,59,0,3486
2024-09-20 20:00:00,4247.266,4252.11,4240.642,4243.898,3496,59,0,3496
2024-09-20 21:00:00,4243.91,4251.795,4237.089,4249.083,3488,59,0,3488
2024-09-20 22:00:00,4249.091,4276.443,4249.091,4276.443,3484,59,0,3484
2024-09-20 23:00:00,4276.454,4278.795,4257.247,4260.059,3484,59,0,3484
2024-09-21 00:00:00,4260.071,4277.699,4259.417,4277.699,3471,59,0,3471
2024-09-21 01:00:00,4277.703,4292.302,4272.548,4292.302,3480,59,0,3480
2024-09-21 02:00:00,4292.307,4302.869,4292.149,4302.869,3476,60,0,3476
2024-09-21 03:00:00,4302.889,4307.517,4287.903,4298.603,3492,60,0,3492
2024-09-21 04:00:00,4298.607,4306.479,4289.773,4306.479,3494,60,0,3494
2024-09-21 05:00:00,4306.491,4312.579,4297.01,4308.014,3468,60,0,3468
2024-09-21 06:00:00,4308.028,4327.53,4308.028,4327.53,3483,60,0,3483
2024-09-21 07:00:00,4327.549,4340.349,4317.477,4319.128,3485,60,0,3485
2024-09-21 08:00:00,4319.136,4321.622,4288.091,4294.992,3496,60,0,3496
2024-09-21 09:00:00,4294.997,4315.116,4294.997,4313.079,3487,60,0,3487
2024-09-21 10:00:00,4313.08,4319.488,4301.146,4312.05,3489,60,0,3489
2024-09-21 11:00:00,4312.066,4331.997,4312.066,4328.644,3482,60,0,3482
2024-09-21 12:00:00,4328.647,4336.161,4322.578,4328.097,3471,60,0,3471
2024-09-21 13:00:00,4328.098,4329.537,4308.278,4317.002,3483,60,0,3483
2024-09-21 14:00:00,4317.026,4332.684,4317.026,4329.68,3464,60,0,3464
2024-09-21 15:00:00,4329.697,4351.335,4329.144,4349.781,3485,60,0,3485
2024-09-21 16:00:00,4349.791,4366.076,4345.572,4366.076,3485,60,0,3485
2024-09-21 17:00:00,4366.083,4380.175,4366.083,4380.002,3481,61,0,3481
2024-09-21 18:00:00,4380.012,4392.883,4374.249,4388.162,3478,61,0,3478
2024-09-21 19:00:00,4388.165,4403.435,4388.165,4403.279,3475,61,0,3475
2024-09-21 20:00:00,4403.293,4403.642,4363.436,4365.901,3479,61,0,3479
2024-09-21 21:00:00,4365.908,4383.218,4365.908,4381.89,3497,61,0,3497
2024-09-21 22:00:00,4381.896,4392.161,4375.974,4381.603,3470,61,0,3470
2024-09-21 23:00:00,4381.607,4384.85,4363.204,4368.25,3476,61,0,3476
2024-09-22 00:00:00,4368.252,4369.53,4347.328,4351.03,3485,60,0,3485
2024-09-22 01:00:00,4351.039,4363.541,4350.149,4361.256,3477,60,0,3477
2024-09-22 02:00:00,4361.257,4364.135,4348.752,4352.624,3488,60,0,3488
2024-09-22 03:00:00,4352.636,4368.861,4352.636,4368.861,3471,60,0,3471
2024-09-22 04:00:00,4368.865,4375.475,4359.322,4364.475,3487,61,0,3487
2024-09-22 05:00:00,4364.49,4385.619,4364.49,4385.587,3495,61,0,3495
2024-09-22 06:00:00,4385.6,4393.265,4381.288,4393.265,3480,61,0,3480
2024-09-22 07:00:00,4393.267,4403.12,4378.834,4380.902,3488,61,0,3488
2024-09-22 08:00:00,4380.905,4381.498,4369.79,4378.985,3479,61,0,3479
2024-09-22 09:00:00,4378.988,4383.642,4367.39,4382.417,3478,61,0,3478
2024-09-22 10:00:00,4382.425,4395.406,4379.533,4395.406,3498,61,0,3498
2024-09-22 11:00:00,4395.41,4402.79,4383.028,4387.841,3493,61,0,3493
2024-09-22 12:00:00,4387.845,4391.218,4377.278,4380.383,3504,61,0,3504
2024-09-22 13:00:00,4380.395,4394.809,4380.395,4392.245,3481,61,0,3481
2024-09-22 14:00:00,4392.248,4408.96,4392.248,4408.96,3508,61,0,3508
2024-09-22 15:00:00,4408.967,4416.204,4384.699,4386.419,3485,61,0,3485
2024-09-22 16:00:00,4386.424,4405.396,4377.523,4405.396,3470,61,0,3470
2024-09-22 17:00:00,4405.404,4408.09,4391.295,4398.435,3484,61,0,3484
2024-09-22 18:00:00,4398.454,4403.019,4387.567,4398.996,3481,61,0,3481
2024-09-22 19:00:00,4399.008,4399.714,4374.083,4378.864,3482,61,0,3482
2024-09-22 20:00:00,4378.869,4382.523,4364.456,4366.593,3489,61,0,3489
2024-09-22 21:00:00,4366.605,4367.899,4347.608,4350.422,3479,60,0,3479
2024-09-22 22:00:00,4350.423,4369.884,4350.423,4369.884,3480,60,0,3480
2024-09-22 23:00:00,4369.891,4386.887,4360.638,4386.887,3504,61,0,3504
2024-09-23 00:00:00,4386.898,4390.686,4375.972,4385.025,3488,61,0,3488
2024-09-23 01:00:00,4385.033,4394.49,4373.814,4394.49,3487,61,0,3487
2024-09-23 02:00:00,4394.498,4394.645,4368.792,4374.33,3475,61,0,3475
2024-09-23 03:00:00,4374.345,4390.228,4374.345,4380.531,3485,61,0,3485
2024-09-23 04:00:00,4380.541,4389.266,4374.937,4383.468,3479,61,0,3479
2024-09-23 05:00:00,4383.475,4387.636,4375.858,4387.636,3493,61,0,3493
2024-09-23 06:00:00,4387.645,4403.038,4372.093,4375.129,3487,61,0,3487
2024-09-23 07:00:00,4375.136,4375.841,4359.773,4365.536,3476,61,0,3476
2024-09-23 08:00:00,4365.543,4376.227,4365.1,4370.994,3483,61,0,3483
2024-09-23 09:00:00,4371.0,4379.914,4360.73,4367.624,3483,61,0,3483
2024-09-23 10:00:00,4367.63,4375.3,4361.929,4370.506,3488,61,0,3488
2024-09-23 11:00:00,4370.519,4378.773,4366.543,4378.521,3484,61,0,3484
2024-09-23 12:00:00,4378.525,4398.094,4377.076,4395.225,3499,61,0,3499
2024-09-23 13:00:00,4395.243,4403.052,4389.278,4403.052,3493,61,0,3493
2024-09-23 14:00:00,4403.055,4407.37,4384.971,4398.123,3480,61,0,3480
2024-09-23 15:00:00,4398.13,4402.491,4382.596,4384.596,3479,61,0,3479
2024-09-23 16:00:00,4384.611,4389.17,4372.319,4378.989,3485,61,0,3485
2024-09-23 17:00:00,4379.001,4392.886,4379.001,4391.198,3506,61,0,3506
2024-09-23 18:00:00,4391.203,4401.033,4385.782,4395.896,3480,61,0,3480
2024-09-23 19:00:00,4395.91,4398.961,4360.058,4364.859,3482,61,0,3482
2024-09-23 20:00:00,4364.86,4374.399,4358.645,4374.399,3482,61,0,3482
2024-09-23 21:00:00,4374.405,4374.973,4360.976,4374.239,3506,61,0,3506
2024-09-23 22:00:00,4374.249,4383.252,4366.345,4378.193,3481,61,0,3481
2024-09-23 23:00:00,4378.207,4386.388,4366.478,4381.976,3480,61,0,3480
2024-09-24 00:00:00,4381.99,4390.074,4373.247,4376.152,3475,61,0,3475
2024-09-24 01:00:00,4376.161,4388.022,4374.56,4388.022,3492,61,0,3492
2024-09-24 02:00:00,4388.039,4401.88,4385.98,4389.625,3485,61,0,3485
2024-09-24 03:00:00,4389.641,4399.58,4380.339,4385.247,3495,61,0,3495
2024-09-24 04:00:00,4385.253,4406.117,4383.444,4406.117,3485,61,0,3485
2024-09-24 05:00:00,4406.127,4416.631,4398.482,4399.108,3479,61,0,3479
2024-09-24 06:00:00,4399.108,4420.595,4399.108,4420.595,3476,61,0,3476
2024-09-24 07:00:00,4420.606,4437.621,4417.692,4425.279,3496,61,0,3496
2024-09-24 08:00:00,4425.29,4454.221,4425.29,4454.221,3481,61,0,3481
2024-09-24 09:00:00,4454.225,4459.265,4440.368,4446.833,3458,62,0,3458
2024-09-24 10:00:00,4446.835,4455.178,4443.358,4455.178,3484,62,0,3484
2024-09-24 11:00:00,4455.196,4457.505,4438.854,4449.595,3497,62,0,3497
2024-09-24 12:00:00,4449.598,4458.716,4437.845,4442.828,3500,62,0,3500
2024-09-24 13:00:00,4442.838,4447.221,4432.791,4445.854,3497,62,0,3497
2024-09-24 14:00:00,4445.865,4454.779,4423.099,4423.306,3491,61,0,3491
2024-09-24 15:00:00,4423.327,4446.038,4423.327,4444.932,3513,61,0,3513
2024-09-24 16:00:00,4444.937,4450.05,4438.821,4448.812,3490,62,0,3490
2024-09-24 17:00:00,4448.815,4449.499,4437.77,4448.283,3473,62,0,3473
2024-09-24 18:00:00,4448.293,4450.97,4429.812,4435.36,3485,62,0,3485
2024-09-24 19:00:00,4435.379,4438.792,4412.492,4412.68,3490,61,0,3490
2024-09-24 20:00:00,4412.684,4428.349,4411.492,4428.349,3474,61,0,3474
2024-09-24 21:00:00,4428.361,4443.22,4426.018,4433.71,3476,61,0,3476
2024-09-24 22:00:00,4433.714,4439.897,4426.022,4433.902,3486,61,0,3486
2024-09-24 23:00:00,4433.916,4437.139,4419.399,4424.201,3490,61,0,3490
2024-09-25 00:00:00,4424.218,4441.105,4420.448,4432.266,3476,61,0,3476
2024-09-25 01:00:00,4432.278,4437.613,4425.952,4429.611,3483,61,0,3483
2024-09-25 02:00:00,4429.615,4440.537,4428.511,4432.272,3483,62,0,3483
2024-09-25 03:00:00,4432.288,4440.854,4428.51,4434.817,3476,62,0,3476
2024-09-25 04:00:00,4434.821,4438.746,4417.815,4422.223,3486,61,0,3486
2024-09-25 05:00:00,4422.253,4433.432,4418.759,4432.558,3507,61,0,3507
2024-09-25 06:00:00,4432.576,4442.429,4415.074,4419.288,3484,61,0,3484
2024-09-25 07:00:00,4419.296,4423.757,4411.606,4422.145,3497,61,0,3497
2024-09-25 08:00:00,4422.164,4433.232,4413.128,4433.232,3486,61,0,3486
2024-09-25 09:00:00,4433.238,4440.379,4421.992,4423.881,3490,61,0,3490
2024-09-25 10:00:00,4423.884,4443.473,4423.884,4443.473,3499,61,0,3499
2024-09-25 11:00:00,4443.485,4449.126,4399.333,4406.282,3505,61,0,3505
2024-09-25 12:00:00,4406.284,4425.378,4406.284,4425.378,3491,61,0,3491
2024-09-25 13:00:00,4425.385,4451.402,4420.909,4451.402,3480,61,0,3480
2024-09-25 14:00:00,4451.412,4454.198,4435.02,4444.652,3512,62,0,3512
2024-09-25 15:00:00,4444.662,4455.595,4442.124,4445.908,3476,62,0,3476
2024-09-25 16:00:00,4445.917,4446.101,4421.983,4425.269,3492,61,0,3492
2024-09-25 17:00:00,4425.274,4439.972,4425.137,4431.921,3491,61,0,3491
2024-09-25 18:00:00,4431.921,4439.756,4428.837,4430.416,3491,62,0,3491
2024-09-25 19:00:00,4430.427,4430.823,4418.319,4429.963,3492,61,0,3492
2024-09-25 20:00:00,4429.971,4441.505,4421.472,4425.279,3501,61,0,3501
2024-09-25 21:00:00,4425.295,4435.124,4425.295,4435.124,3470,61,0,3470
2024-09-25 22:00:00,4435.127,4449.256,4432.848,4443.501,3494,62,0,3494
2024-09-25 23:00:00,4443.51,4445.041,4433.677,4442.924,3479,62,0,3479
2024-09-26 00:00:00,4442.935,4443.143,4427.208,4440.791,3505,62,0,3505
2024-09-26 01:00:00,4440.798,4454.705,4429.162,4436.225,3488,62,0,3488
2024-09-26 02:00:00,4436.227,4439.1,4422.626,4426.103,3502,61,0,3502
2024-09-26 03:00:00,4426.12,4433.446,4422.846,4430.643,3508,61,0,3508
2024-09-26 04:00:00,4430.647,4437.692,4413.22,4421.884,3477,61,0,3477
2024-09-26 05:00:00,4421.893,4429.485,4410.286,4425.992,3484,61,0,3484
2024-09-26 06:00:00,4426.014,4429.387,4396.907,4401.664,3483,61,0,3483
2024-09-26 07:00:00,4401.675,4408.637,4396.701,4406.635,3469,61,0,3469
2024-09-26 08:00:00,4406.641,4420.102,4406.641,4413.521,3479,61,0,3479
2024-09-26 09:00:00,4413.531,4418.722,4406.438,4412.929,3483,61,0,3483
2024-09-26 10:00:00,4412.948,4433.285,4412.948,4427.065,3475,61,0,3475
2024-09-26 11:00:00,4427.074,4430.344,4417.802,4418.738,3505,61,0,3505
2024-09-26 12:00:00,4418.738,4423.717,4409.582,4423.717,3473,61,0,3473
2024-09-26 13:00:00,4423.734,4424.844,4408.088,4424.534,3504,61,0,3504
2024-09-26 14:00:00,4424.543,4426.897,4410.551,4422.671,3471,61,0,3471
2024-09-26 15:00:00,4422.687,4432.483,4414.083,4414.373,3473,61,0,3473
2024-09-26 16:00:00,4414.374,4414.531,4399.195,4409.251,3488,61,0,3488
2024-09-26 17:00:00,4409.28,4415.879,4401.545,4412.571,3488,61,0,3488
2024-09-26 18:00:00,4412.573,4416.394,4399.466,4403.139,3472,61,0,3472
2024-09-26 19:00:00,4403.14,4412.563,4395.519,4397.237,3473,61,0,3473
2024-09-26 20:00:00,4397.238,4409.297,4394.468,4409.297,3483,61,0,3483
2024-09-26 21:00:00,4409.307,4424.0,4406.362,4424.0,3484,61,0,3484
2024-09-26 22:00:00,4424.017,4432.859,4415.576,4419.223,3477,61,0,3477
2024-09-26 23:00:00,4419.237,4440.988,4419.237,4430.61,3485,61,0,3485
2024-09-27 00:00:00,4430.62,4447.756,4426.827,4443.191,3484,61,0,3484
2024-09-27 01:00:00,4443.204,4449.735,4427.946,4429.268,3479,62,0,3479
2024-09-27 02:00:00,4429.282,4434.906,4417.982,4422.969,3489,61,0,3489
2024-09-27 03:00:00,4422.982,4434.769,4420.761,4434.769,3494,61,0,3494
2024-09-27 04:00:00,4434.782,4455.917,4434.782,4454.182,3468,62,0,3468
2024-09-27 05:00:00,4454.19,4456.427,4430.415,4444.015,3489,62,0,3489
2024-09-27 06:00:00,4444.021,4444.877,4424.9,4435.652,3492,61,0,3492
2024-09-27 07:00:00,4435.663,4448.645,4435.663,4445.804,3498,62,0,3498
2024-09-27 08:00:00,4445.812,4456.508,4442.838,4456.508,3491,62,0,3491
2024-09-27 09:00:00,4456.514,4458.909,4439.857,4441.895,3461,62,0,3461
2024-09-27 10:00:00,4441.898,4443.99,4416.207,4416.507,3505,61,0,3505
2024-09-27 11:00:00,4416.508,4429.395,4411.814,4429.395,3480,61,0,3480
2024-09-27 12:00:00,4429.412,4429.84,4406.906,4416.771,3490,61,0,3490
2024-09-27 13:00:00,4416.783,4430.218,4416.714,4420.708,3500,61,0,3500
2024-09-27 14:00:00,4420.726,4436.566,4416.816,4428.227,3483,61,0,3483
2024-09-27 15:00:00,4428.232,4437.079,4427.91,4436.393,3481,61,0,3481
2024-09-27 16:00:00,4436.407,4446.405,4428.308,4446.405,3498,62,0,3498
2024-09-27 17:00:00,4446.408,4457.72,4445.252,4454.001,3482,62,0,3482
2024-09-27 18:00:00,4454.01,4456.187,4437.901,4452.099,3474,62,0,3474
2024-09-27 19:00:00,4452.103,4460.462,4445.069,4454.898,3507,62,0,3507
2024-09-27 20:00:00,4454.903,4462.703,4447.915,4457.935,3494,62,0,3494
2024-09-27 21:00:00,4457.938,4461.112,4423.381,4423.66,3501,61,0,3501
2024-09-27 22:00:00,4423.662,4445.187,4423.662,4430.742,3488,61,0,3488
2024-09-27 23:00:00,4430.746,4456.188,4430.746,4456.188,3499,62,0,3499
2024-09-28 00:00:00,4456.193,4465.476,4453.63,4462.1,3465,62,0,3465
2024-09-28 01:00:00,4462.111,4464.43,4440.526,4442.165,3479,62,0,3479
2024-09-28 02:00:00,4442.165,4446.962,4413.385,4414.41,3482,61,0,3482
2024-09-28 03:00:00,4414.415,4415.545,4379.217,4379.532,3496,61,0,3496
2024-09-28 04:00:00,4379.546,4383.999,4322.913,4326.455,3480,60,0,3480
2024-09-28 05:00:00,4326.466,4335.063,4323.754,4325.912,3482,60,0,3482
2024-09-28 06:00:00,4325.916,4329.366,4311.324,4315.927,3484,60,0,3484
2024-09-28 07:00:00,4315.934,4321.939,4290.966,4297.681,3489,60,0,3489
2024-09-28 08:00:00,4297.703,4311.524,4294.595,4311.524,3493,60,0,3493
2024-09-28 09:00:00,4311.53,4319.98,4295.326,4295.701,3475,60,0,3475
2024-09-28 10:00:00,4295.716,4303.278,4291.326,4299.564,3494,60,0,3494
2024-09-28 11:00:00,4299.565,4315.072,4298.763,4310.248,3483,60,0,3483
2024-09-28 12:00:00,4310.249,4335.445,4310.249,4331.837,3479,60,0,3479
2024-09-28 13:00:00,4331.844,4339.679,4327.928,4330.372,3475,60,0,3475
2024-09-28 14:00:00,4330.385,4333.473,4303.258,4307.687,3473,60,0,3473
2024-09-28 15:00:00,4307.698,4312.14,4303.648,4305.412,3495,60,0,3495
2024-09-28 16:00:00,4305.421,4307.708,4290.614,4291.723,3497,60,0,3497
2024-09-28 17:00:00,4291.723,4299.917,4285.603,4294.83,3508,60,0,3508
2024-09-28 18:00:00,4294.83,4299.472,4277.976,4291.82,3494,59,0,3494
2024-09-28 19:00:00,4291.834,4297.083,4277.392,4297.083,3478,59,0,3478
2024-09-28 20:00:00,4297.088,4310.318,4294.216,4309.232,3492,60,0,3492
2024-09-28 21:00:00,4309.238,4319.035,4308.144,4315.157,3492,60,0,3492
2024-09-28 22:00:00,4315.164,4323.646,4312.445,4323.646,3473,60,0,3473
2024-09-28 23:00:00,4323.648,4334.253,4321.541,4330.926,3475,60,0,3475
2024-09-29 00:00:00,4330.932,4342.597,4326.419,4334.608,3499,60,0,3499
2024-09-29 01:00:00,4334.62,4335.799,4306.427,4320.923,3484,60,0,3484
2024-09-29 02:00:00,4320.93,4323.322,4305.326,4317.54,3486,60,0,3486
2024-09-29 03:00:00,4317.547,4324.205,4307.842,4316.841,3480,60,0,3480
2024-09-29 04:00:00,4316.846,4316.918,4290.311,4299.377,3490,60,0,3490
2024-09-29 05:00:00,4299.394,4311.137,4294.201,4311.137,3488,60,0,3488
2024-09-29 06:00:00,4311.151,4328.778,4297.807,4298.701,3485,60,0,3485
2024-09-29 07:00:00,4298.707,4302.731,4286.161,4288.635,3491,60,0,3491
2024-09-29 08:00:00,4288.638,4302.076,4288.638,4291.267,3494,60,0,3494
2024-09-29 09:00:00,4291.271,4295.35,4279.817,4292.691,3485,59,0,3485
2024-09-29 10:00:00,4292.704,4298.455,4284.804,4296.5,3459,59,0,3459
2024-09-29 11:00:00,4296.506,4306.563,4289.074,4306.354,3494,60,0,3494
2024-09-29 12:00:00,4306.368,4322.496,4296.954,4322.496,3482,60,0,3482
2024-09-29 13:00:00,4322.507,4330.829,4315.812,4315.88,3489,60,0,3489
2024-09-29 14:00:00,4315.89,4337.403,4315.89,4337.403,3494,60,0,3494
2024-09-29 15:00:00,4337.409,4340.158,4322.323,4328.09,3488,60,0,3488
2024-09-29 16:00:00,4328.098,4339.783,4327.736,4333.798,3464,60,0,3464
2024-09-29 17:00:00,4333.807,4338.04,4329.321,4336.937,3486,60,0,3486
2024-09-29 18:00:00,4336.943,4350.258,4332.692,4350.258,3466,60,0,3466
2024-09-29 19:00:00,4350.267,4364.589,4335.739,4342.099,3464,60,0,3464
2024-09-29 20:00:00,4342.106,4342.458,4324.605,4335.992,3496,60,0,3496
2024-09-29 21:00:00,4336.001,4343.608,4324.017,4327.66,3498,60,0,3498
2024-09-29 22:00:00,4327.667,4337.866,4326.773,4329.707,3466,60,0,3466
2024-09-29 23:00:00,4329.72,4332.127,4311.286,4318.898,3495,60,0,3495
2024-09-30 00:00:00,4318.913,4326.056,4311.177,4319.271,3491,60,0,3491
2024-09-30 01:00:00,4319.272,4332.521,4313.605,4327.676,3486,60,0,3486
2024-09-30 02:00:00,4327.697,4339.888,4326.33,4330.118,3503,60,0,3503
2024-09-30 03:00:00,4330.127,4337.868,4314.811,4332.42,3472,60,0,3472
2024-09-30 04:00:00,4332.432,4347.538,4319.369,4325.212,3491,60,0,3491
2024-09-30 05:00:00,4325.223,4335.485,4318.445,4318.541,3488,60,0,3488
2024-09-30 06:00:00,4318.543,4332.079,4318.543,4325.447,3482,60,0,3482
2024-09-30 07:00:00,4325.473,4340.628,4325.473,4333.102,3482,60,0,3482
2024-09-30 08:00:00,4333.106,4336.656,4318.96,4323.389,3480,60,0,3480
2024-09-30 09:00:00,4323.39,4338.754,4320.52,4325.913,3482,60,0,3482
2024-09-30 10:00:00,4325.916,4332.43,4320.169,4324.037,3467,60,0,3467
2024-09-30 11:00:00,4324.039,4330.329,4299.709,4302.133,3473,60,0,3473
2024-09-30 12:00:00,4302.136,4322.406,4300.602,4316.747,3490,60,0,3490
2024-09-30 13:00:00,4316.75,4335.659,4316.75,4335.659,3475,60,0,3475
2024-09-30 14:00:00,4335.661,4336.6,4307.258,4313.482,3483,60,0,3483
2024-09-30 15:00:00,4313.493,4333.454,4313.493,4327.358,3479,60,0,3479
2024-09-30 16:00:00,4327.364,4336.134,4321.634,4326.563,3452,60,0,3452
2024-09-30 17:00:00,4326.581,4337.991,4320.255,4337.606,3488,60,0,3488
2024-09-30 18:00:00,4337.61,4357.296,4335.743,4357.04,3484,60,0,3484
2024-09-30 19:00:00,4357.04,4363.067,4351.881,4361.935,3501,60,0,3501
2024-09-30 20:00:00,4361.951,4379.014,4361.951,4379.014,3476,61,0,3476
2024-09-30 21:00:00,4379.016,4390.745,4379.016,4383.582,3484,61,0,3484
2024-09-30 22:00:00,4383.597,4388.998,4336.469,4339.701,3505,60,0,3505
2024-09-30 23:00:00,4339.715,4344.05,4328.542,4331.941,3499,60,0,3499
2024-10-01 00:00:00,4331.952,4351.657,4330.284,4351.657,3482,60,0,3482
2024-10-01 01:00:00,4351.668,4362.699,4343.36,4357.619,3480,60,0,3480
2024-10-01 02:00:00,4357.621,4372.083,4350.47,4351.927,3484,60,0,3484
2024-10-01 03:00:00,4351.931,4357.071,4343.245,4357.071,3480,60,0,3480
2024-10-01 04:00:00,4357.071,4363.886,4331.285,4334.792,3469,60,0,3469
2024-10-01 05:00:00,4334.799,4337.072,4310.527,4315.618,3474,60,0,3474
2024-10-01 06:00:00,4315.621,4319.871,4305.383,4311.717,3487,60,0,3487
2024-10-01 07:00:00,4311.73,4319.486,4304.703,4309.96,3486,60,0,3486
2024-10-01 08:00:00,4309.966,4326.132,4306.287,4326.132,3472,60,0,3472
2024-10-01 09:00:00,4326.133,4345.913,4326.133,4333.533,3474,60,0,3474
2024-10-01 10:00:00,4333.543,4340.435,4325.641,4340.435,3495,60,0,3495
2024-10-01 11:00:00,4340.449,4356.685,4337.803,4344.131,3499,60,0,3499
2024-10-01 12:00:00,4344.131,4345.298,4326.327,4336.737,3488,60,0,3488
2024-10-01 13:00:00,4336.752,4338.095,4316.533,4325.932,3473,60,0,3473
2024-10-01 14:00:00,4325.947,4326.318,4299.533,4310.952,3495,60,0,3495
2024-10-01 15:00:00,4310.96,4322.054,4307.723,4321.699,3479,60,0,3479
2024-10-01 16:00:00,4321.713,4329.877,4315.23,4322.847,3493,60,0,3493
2024-10-01 17:00:00,4322.85,4334.774,4317.346,4323.934,3490,60,0,3490
2024-10-01 18:00:00,4323.943,4334.429,4323.943,4328.842,3500,60,0,3500
2024-10-01 19:00:00,4328.852,4332.467,4316.838,4324.137,3483,60,0,3483
2024-10-01 20:00:00,4324.148,4324.638,4289.446,4290.478,3499,60,0,3499
2024-10-01 21:00:00,4290.48,4320.873,4290.48,4320.873,3470,60,0,3470
2024-10-01 22:00:00,4320.887,4326.669,4310.178,4322.552,3471,60,0,3471
2024-10-01 23:00:00,4322.561,4334.212,4306.773,4314.329,3484,60,0,3484
2024-10-02 00:00:00,4314.335,4321.228,4300.536,4300.975,3477,60,0,3477
2024-10-02 01:00:00,4300.981,4318.825,4300.158,4318.825,3490,60,0,3490
2024-10-02 02:00:00,4318.835,4332.559,4315.642,4323.76,3476,60,0,3476
2024-10-02 03:00:00,4323.763,4347.389,4323.763,4337.966,3496,60,0,3496
2024-10-02 04:00:00,4337.967,4344.654,4336.657,4340.455,3487,60,0,3487
2024-10-02 05:00:00,4340.466,4358.931,4339.214,4358.931,3478,60,0,3478
2024-10-02 06:00:00,4358.937,4359.311,4344.124,4347.821,3484,60,0,3484
2024-10-02 07:00:00,4347.84,4350.64,4304.5,4309.043,3488,60,0,3488
2024-10-02 08:00:00,4309.059,4316.293,4296.324,4306.067,3480,60,0,3480
2024-10-02 09:00:00,4306.071,4306.193,4287.085,4291.558,3487,60,0,3487
2024-10-02 10:00:00,4291.564,4301.06,4281.226,4288.056,3487,59,0,3487
2024-10-02 11:00:00,4288.069,4301.122,4285.385,4301.122,3483,60,0,3483
2024-10-02 12:00:00,4301.131,4323.708,4301.131,4316.122,3490,60,0,3490
2024-10-02 13:00:00,4316.126,4333.157,4309.95,4330.746,3491,60,0,3491
2024-10-02 14:00:00,4330.747,4339.752,4329.765,4338.112,3490,60,0,3490
2024-10-02 15:00:00,4338.127,4339.898,4315.707,4315.767,3474,60,0,3474
2024-10-02 16:00:00,4315.784,4322.955,4310.261,4318.392,3457,60,0,3457
2024-10-02 17:00:00,4318.401,4325.725,4307.936,4310.757,3487,60,0,3487
2024-10-02 18:00:00,4310.771,4311.16,4270.804,4285.012,3494,59,0,3494
2024-10-02 19:00:00,4285.014,4295.781,4280.391,4283.784,3469,59,0,3469
2024-10-02 20:00:00,4283.793,4297.837,4282.523,4297.837,3496,59,0,3496
2024-10-02 21:00:00,4297.843,4299.362,4282.249,4288.147,3494,59,0,3494
2024-10-02 22:00:00,4288.147,4289.254,4259.824,4260.254,3467,59,0,3467
2024-10-02 23:00:00,4260.259,4277.425,4255.473,4277.336,3473,59,0,3473
2024-10-03 00:00:00,4277.343,4277.975,4257.175,4265.43,3473,59,0,3473
2024-10-03 01:00:00,4265.435,4292.754,4265.435,4287.779,3485,59,0,3485
2024-10-03 02:00:00,4287.782,4301.002,4280.707,4296.194,3478,59,0,3478
2024-10-03 03:00:00,4296.201,4307.48,4290.411,4300.913,3483,60,0,3483
2024-10-03 04:00:00,4300.914,4305.089,4293.261,4295.863,3482,60,0,3482
2024-10-03 05:00:00,4295.882,4311.512,4295.882,4307.643,3499,60,0,3499
2024-10-03 06:00:00,4307.648,4312.391,4287.117,4293.129,3479,60,0,3479
2024-10-03 07:00:00,4293.134,4296.064,4273.219,4284.965,3497,59,0,3497
2024-10-03 08:00:00,4284.967,4292.354,4266.679,4271.424,3489,59,0,3489
2024-10-03 09:00:00,4271.431,4276.929,4256.94,4259.564,3484,59,0,3484
2024-10-03 10:00:00,4259.572,4274.792,4258.689,4263.98,3478,59,0,3478
2024-10-03 11:00:00,4263.986,4283.3,4263.986,4283.3,3470,59,0,3470
2024-10-03 12:00:00,4283.322,4286.991,4265.033,4274.13,3482,59,0,3482
2024-10-03 13:00:00,4274.138,4275.179,4259.752,4275.159,3483,59,0,3483
2024-10-03 14:00:00,4275.167,4289.547,4258.782,4265.752,3473,59,0,3473
2024-10-03 15:00:00,4265.77,4274.474,4257.92,4265.383,3496,59,0,3496
2024-10-03 16:00:00,4265.393,4284.329,4261.294,4272.711,3485,59,0,3485
2024-10-03 17:00:00,4272.712,4289.542,4270.778,4284.886,3479,59,0,3479
2024-10-03 18:00:00,4284.893,4289.094,4270.337,4274.113,3484,59,0,3484
2024-10-03 19:00:00,4274.121,4297.632,4274.121,4294.873,3465,59,0,3465
2024-10-03 20:00:00,4294.876,4323.609,4294.876,4323.609,3496,60,0,3496
2024-10-03 21:00:00,4323.615,4330.276,4314.208,4319.781,3482,60,0,3482
2024-10-03 22:00:00,4319.787,4327.897,4312.664,4327.897,3484,60,0,3484
2024-10-03 23:00:00,4327.913,4339.875,4327.913,4336.612,3485,60,0,3485
2024-10-04 00:00:00,4336.62,4356.714,4336.62,4351.007,3475,60,0,3475
2024-10-04 01:00:00,4351.017,4351.747,4333.36,4346.03,3487,60,0,3487
2024-10-04 02:00:00,4346.03,4358.822,4342.968,4351.074,3478,60,0,3478
2024-10-04 03:00:00,4351.086,4352.29,4336.315,4343.085,3474,60,0,3474
2024-10-04 04:00:00,4343.09,4345.597,4315.705,4317.028,3481,60,0,3481
2024-10-04 05:00:00,4317.043,4327.755,4311.489,4327.755,3489,60,0,3489
2024-10-04 06:00:00,4327.756,4339.402,4315.915,4320.206,3476,60,0,3476
2024-10-04 07:00:00,4320.212,4339.841,4320.212,4339.841,3493,60,0,3493
2024-10-04 08:00:00,4339.85,4347.552,4322.404,4324.177,3507,60,0,3507
2024-10-04 09:00:00,4324.192,4330.741,4316.423,4317.086,3485,60,0,3485
2024-10-04 10:00:00,4317.104,4320.661,4302.388,4305.675,3476,60,0,3476
2024-10-04 11:00:00,4305.682,4306.885,4284.411,4297.299,3499,59,0,3499
2024-10-04 12:00:00,4297.312,4315.281,4291.031,4308.886,3494,60,0,3494
2024-10-04 13:00:00,4308.896,4331.7,4304.918,4323.946,3496,60,0,3496
2024-10-04 14:00:00,4323.954,4338.922,4322.558,4335.985,3490,60,0,3490
2024-10-04 15:00:00,4335.998,4350.485,4335.998,4350.334,3490,60,0,3490
2024-10-04 16:00:00,4350.357,4363.716,4342.963,4354.793,3489,60,0,3489
2024-10-04 17:00:00,4354.799,4364.351,4348.516,4354.929,3481,60,0,3481
2024-10-04 18:00:00,4354.935,4371.361,4350.232,4371.361,3475,60,0,3475
2024-10-04 19:00:00,4371.373,4371.713,4363.314,4367.473,3480,61,0,3480
2024-10-04 20:00:00,4367.489,4370.157,4358.527,4362.872,3474,61,0,3474
2024-10-04 21:00:00,4362.874,4380.128,4361.957,4380.128,3466,61,0,3466
2024-10-04 22:00:00,4380.145,4386.478,4346.018,4349.138,3465,60,0,3465
2024-10-04 23:00:00,4349.15,4350.942,4336.238,4339.007,3513,60,0,3513
2024-10-05 00:00:00,4339.01,4351.849,4339.01,4345.965,3489,60,0,3489
2024-10-05 01:00:00,4345.975,4351.811,4331.24,4351.811,3489,60,0,3489
2024-10-05 02:00:00,4351.818,4359.187,4344.232,4353.356,3487,60,0,3487
2024-10-05 03:00:00,4353.361,4362.316,4346.338,4353.302,3484,60,0,3484
2024-10-05 04:00:00,4353.31,4365.076,4350.946,4356.589,3485,60,0,3485
2024-10-05 05:00:00,4356.59,4360.172,4337.241,4344.176,3472,60,0,3472
2024-10-05 06:00:00,4344.187,4347.142,4326.34,4330.835,3469,60,0,3469
2024-10-05 07:00:00,4330.841,4351.336,4329.844,4351.336,3498,60,0,3498
2024-10-05 08:00:00,4351.352,4352.318,4331.447,4334.873,3486,60,0,3486
2024-10-05 09:00:00,4334.874,4336.792,4323.463,4327.552,3480,60,0,3480
2024-10-05 10:00:00,4327.557,4345.367,4327.557,4340.902,3475,60,0,3475
2024-10-05 11:00:00,4340.907,4351.909,4336.602,4346.901,3486,60,0,3486
2024-10-05 12:00:00,4346.905,4356.401,4340.581,4341.082,3496,60,0,3496
2024-10-05 13:00:00,4341.091,4350.039,4338.073,4346.092,3505,60,0,3505
2024-10-05 14:00:00,4346.11,4346.269,4320.258,4331.247,3494,60,0,3494
2024-10-05 15:00:00,4331.249,4349.461,4327.782,4349.081,3478,60,0,3478
2024-10-05 16:00:00,4349.082,4355.734,4331.907,4344.902,3489,60,0,3489
2024-10-05 17:00:00,4344.913,4344.989,4323.201,4326.042,3492,60,0,3492
2024-10-05 18:00:00,4326.043,4332.887,4298.476,4299.654,3474,60,0,3474
2024-10-05 19:00:00,4299.668,4307.704,4290.616,4295.496,3479,60,0,3479
2024-10-05 20:00:00,4295.508,4299.51,4280.313,4293.428,3484,59,0,3484
2024-10-05 21:00:00,4293.447,4314.965,4291.146,4314.965,3501,60,0,3501
2024-10-05 22:00:00,4314.973,4316.954,4305.497,4315.33,3475,60,0,3475
2024-10-05 23:00:00,4315.34,4325.681,4310.554,4317.879,3489,60,0,3489
2024-10-06 00:00:00,4317.884,4329.541,4317.884,4329.541,3489,60,0,3489
2024-10-06 01:00:00,4329.549,4335.229,4318.543,4331.001,3492,60,0,3492
2024-10-06 02:00:00,4331.009,4352.984,4331.009,4346.536,3481,60,0,3481
2024-10-06 03:00:00,4346.563,4350.396,4326.457,4334.578,3475,60,0,3475
2024-10-06 04:00:00,4334.594,4339.341,4317.51,4339.341,3504,60,0,3504
2024-10-06 05:00:00,4339.344,4354.809,4339.344,4348.804,3480,60,0,3480
2024-10-06 06:00:00,4348.813,4371.285,4348.813,4370.561,3484,60,0,3484
2024-10-06 07:00:00,4370.563,4382.28,4370.563,4380.82,3484,61,0,3484
2024-10-06 08:00:00,4380.839,4382.98,4363.246,4372.235,3484,61,0,3484
2024-10-06 09:00:00,4372.243,4374.677,4363.482,4374.435,3491,61,0,3491
2024-10-06 10:00:00,4374.438,4380.469,4363.925,4371.983,3478,61,0,3478
2024-10-06 11:00:00,4371.987,4376.839,4362.304,4370.733,3489,61,0,3489
2024-10-06 12:00:00,4370.743,4372.354,4344.54,4348.749,3488,60,0,3488
2024-10-06 13:00:00,4348.754,4364.437,4340.872,4342.759,3482,60,0,3482
2024-10-06 14:00:00,4342.76,4357.135,4342.76,4357.135,3488,60,0,3488
2024-10-06 15:00:00,4357.146,4361.286,4338.795,4339.319,3494,60,0,3494
2024-10-06 16:00:00,4339.326,4355.948,4334.046,4355.948,3477,60,0,3477
2024-10-06 17:00:00,4355.956,4363.996,4338.263,4347.943,3500,60,0,3500
2024-10-06 18:00:00,4347.949,4372.088,4347.949,4372.088,3464,60,0,3464
2024-10-06 19:00:00,4372.097,4378.77,4366.043,4376.973,3487,61,0,3487
2024-10-06 20:00:00,4376.977,4381.192,4360.995,4375.182,3490,61,0,3490
2024-10-06 21:00:00,4375.185,4383.501,4349.137,4349.306,3478,60,0,3478
2024-10-06 22:00:00,4349.318,4357.099,4329.094,4334.17,3472,60,0,3472
2024-10-06 23:00:00,4334.179,4346.905,4334.179,4345.712,3485,60,0,3485
2024-10-07 00:00:00,4345.714,4359.124,4345.714,4348.659,3492,60,0,3492
2024-10-07 01:00:00,4348.673,4350.791,4332.063,4333.632,3490,60,0,3490
2024-10-07 02:00:00,4333.65,4338.602,4317.748,4319.0,3486,60,0,3486
2024-10-07 03:00:00,4319.017,4329.146,4300.936,4305.342,3501,60,0,3501
2024-10-07 04:00:00,4305.344,4328.143,4305.344,4328.143,3477,60,0,3477
2024-10-07 05:00:00,4328.15,4346.016,4323.686,4341.934,3486,60,0,3486
2024-10-07 06:00:00,4341.941,4344.216,4323.49,4328.581,3482,60,0,3482
2024-10-07 07:00:00,4328.581,4345.041,4328.581,4342.253,3475,60,0,3475
2024-10-07 08:00:00,4342.266,4347.942,4325.639,4326.063,3491,60,0,3491
2024-10-07 09:00:00,4326.079,4327.498,4305.468,4309.186,3491,60,0,3491
2024-10-07 10:00:00,4309.191,4321.659,4298.644,4321.659,3476,60,0,3476
2024-10-07 11:00:00,4321.664,4324.793,4310.305,4324.272,3496,60,0,3496
2024-10-07 12:00:00,4324.283,4330.259,4309.736,4313.849,3476,60,0,3476
2024-10-07 13:00:00,4313.86,4317.089,4291.241,4301.528,3498,60,0,3498
2024-10-07 14:00:00,4301.531,4328.815,4301.531,4325.697,3457,60,0,3457
2024-10-07 15:00:00,4325.699,4332.682,4318.037,4328.465,3477,60,0,3477
2024-10-07 16:00:00,4328.477,4328.76,4285.794,4285.818,3480,60,0,3480
2024-10-07 17:00:00,4285.828,4289.033,4276.34,4276.546,3479,59,0,3479
2024-10-07 18:00:00,4276.55,4292.03,4276.55,4288.525,3496,59,0,3496
2024-10-07 19:00:00,4288.526,4304.175,4288.526,4292.687,3489,60,0,3489
2024-10-07 20:00:00,4292.688,4293.642,4280.361,4290.986,3477,59,0,3477
2024-10-07 21:00:00,4290.997,4297.312,4270.94,4276.283,3498,59,0,3498
2024-10-07 22:00:00,4276.284,4284.34,4256.342,4259.772,3470,59,0,3470
2024-10-07 23:00:00,4259.781,4272.614,4255.581,4260.066,3497,59,0,3497
2024-10-08 00:00:00,4260.082,4271.852,4257.191,4271.055,3484,59,0,3484
2024-10-08 01:00:00,4271.067,4284.309,4262.512,4274.845,3470,59,0,3470
2024-10-08 02:00:00,4274.852,4277.502,4257.307,4261.662,3493,59,0,3493
2024-10-08 03:00:00,4261.666,4279.378,4260.718,4264.51,3473,59,0,3473
2024-10-08 04:00:00,4264.526,4264.736,4242.274,4245.499,3481,59,0,3481
2024-10-08 05:00:00,4245.51,4246.829,4223.666,4239.637,3484,59,0,3484
2024-10-08 06:00:00,4239.638,4255.238,4239.638,4255.238,3475,59,0,3475
2024-10-08 07:00:00,4255.242,4273.237,4248.653,4273.237,3471,59,0,3471
2024-10-08 08:00:00,4273.242,4288.841,4271.946,4288.841,3493,59,0,3493
2024-10-08 09:00:00,4288.845,4304.9,4280.99,4281.699,3494,59,0,3494
2024-10-08 10:00:00,4281.714,4283.952,4269.207,4283.952,3490,59,0,3490
2024-10-08 11:00:00,4283.953,4286.648,4273.479,4281.435,3499,59,0,3499
2024-10-08 12:00:00,4281.441,4299.643,4281.441,4299.197,3494,59,0,3494
2024-10-08 13:00:00,4299.204,4308.128,4293.106,4294.959,3495,60,0,3495
2024-10-08 14:00:00,4294.964,4296.641,4275.749,4286.271,3477,59,0,3477
2024-10-08 15:00:00,4286.28,4289.666,4263.046,4270.394,3487,59,0,3487
2024-10-08 16:00:00,4270.403,4278.299,4262.342,4278.299,3453,59,0,3453
2024-10-08 17:00:00,4278.307,4294.582,4271.226,4294.582,3503,59,0,3503
2024-10-08 18:00:00,4294.592,4298.477,4283.106,4297.406,3478,59,0,3478
2024-10-08 19:00:00,4297.414,4313.261,4297.288,4306.855,3478,60,0,3478
2024-10-08 20:00:00,4306.861,4310.796,4294.765,4296.499,3488,60,0,3488
2024-10-08 21:00:00,4296.502,4304.811,4282.543,4297.277,3493,59,0,3493
2024-10-08 22:00:00,4297.277,4307.484,4286.958,4302.483,3474,60,0,3474
2024-10-08 23:00:00,4302.503,4306.32,4291.221,4297.685,3491,60,0,3491
2024-10-09 00:00:00,4297.694,4313.416,4297.694,4308.844,3480,60,0,3480
2024-10-09 01:00:00,4308.848,4330.162,4308.848,4326.393,3491,60,0,3491
2024-10-09 02:00:00,4326.393,4342.528,4326.393,4341.885,3494,60,0,3494
2024-10-09 03:00:00,4341.889,4360.68,4341.889,4352.844,3472,60,0,3472
2024-10-09 04:00:00,4352.845,4355.916,4327.345,4329.542,3477,60,0,3477
2024-10-09 05:00:00,4329.556,4332.947,4312.341,4313.21,3459,60,0,3459
2024-10-09 06:00:00,4313.213,4319.563,4281.532,4284.261,3512,59,0,3512
2024-10-09 07:00:00,4284.265,4301.591,4284.265,4298.187,3490,59,0,3490
2024-10-09 08:00:00,4298.203,4313.883,4298.203,4313.883,3490,60,0,3490
2024-10-09 09:00:00,4313.892,4320.185,4293.521,4300.196,3488,60,0,3488
2024-10-09 10:00:00,4300.2,4312.364,4299.64,4305.419,3473,60,0,3473
2024-10-09 11:00:00,4305.422,4310.44,4301.358,4310.434,3498,60,0,3498
2024-10-09 12:00:00,4310.434,4322.329,4310.434,4317.7,3483,60,0,3483
2024-10-09 13:00:00,4317.721,4325.516,4309.817,4325.516,3491,60,0,3491
2024-10-09 14:00:00,4325.518,4326.527,4302.545,4310.883,3473,60,0,3473
2024-10-09 15:00:00,4310.894,4316.042,4302.53,4316.042,3479,60,0,3479
2024-10-09 16:00:00,4316.044,4330.849,4307.451,4326.618,3474,60,0,3474
2024-10-09 17:00:00,4326.631,4334.729,4310.934,4313.504,3493,60,0,3493
2024-10-09 18:00:00,4313.511,4325.993,4313.511,4323.095,3475,60,0,3475
2024-10-09 19:00:00,4323.103,4329.352,4315.155,4329.352,3465,60,0,3465
2024-10-09 20:00:00,4329.367,4349.332,4329.367,4341.004,3462,60,0,3462
2024-10-09 21:00:00,4341.019,4350.294,4338.345,4339.689,3479,60,0,3479
2024-10-09 22:00:00,4339.7,4355.027,4339.7,4347.972,3494,60,0,3494
2024-10-09 23:00:00,4347.983,4357.535,4342.269,4345.024,3472,60,0,3472
2024-10-10 00:00:00,4345.031,4345.078,4328.813,4337.331,3466,60,0,3466
2024-10-10 01:00:00,4337.337,4338.15,4278.985,4285.377,3488,59,0,3488
2024-10-10 02:00:00,4285.388,4309.981,4285.388,4309.981,3494,59,0,3494
2024-10-10 03:00:00,4309.985,4324.663,4309.985,4317.548,3478,60,0,3478
2024-10-10 04:00:00,4317.551,4328.319,4312.377,4322.137,3482,60,0,3482
2024-10-10 05:00:00,4322.139,4327.176,4289.501,4296.099,3494,60,0,3494
2024-10-10 06:00:00,4296.103,4319.275,4296.103,4316.9,3460,60,0,3460
2024-10-10 07:00:00,4316.912,4322.729,4307.198,4317.737,3498,60,0,3498
2024-10-10 08:00:00,4317.74,4329.192,4317.74,4326.09,3480,60,0,3480
2024-10-10 09:00:00,4326.102,4327.742,4297.692,4306.344,3498,60,0,3498
2024-10-10 10:00:00,4306.354,4332.77,4305.809,4321.165,3484,60,0,3484
2024-10-10 11:00:00,4321.166,4323.52,4303.508,4303.873,3476,60,0,3476
2024-10-10 12:00:00,4303.891,4312.434,4285.428,4286.56,3485,60,0,3485
2024-10-10 13:00:00,4286.564,4293.834,4274.715,4288.479,3480,59,0,3480
2024-10-10 14:00:00,4288.48,4297.142,4275.978,4280.985,3490,59,0,3490
2024-10-10 15:00:00,4280.989,4302.394,4280.989,4302.394,3477,59,0,3477
2024-10-10 16:00:00,4302.395,4326.668,4302.395,4326.668,3466,60,0,3466
2024-10-10 17:00:00,4326.67,4331.486,4301.446,4304.391,3494,60,0,3494
2024-10-10 18:00:00,4304.398,4317.283,4296.986,4317.283,3475,60,0,3475
2024-10-10 19:00:00,4317.303,4324.942,4312.576,4324.942,3483,60,0,3483
2024-10-10 20:00:00,4324.944,4338.296,4311.775,4313.196,3480,60,0,3480
2024-10-10 21:00:00,4313.196,4327.302,4311.941,4319.331,3503,60,0,3503
2024-10-10 22:00:00,4319.345,4320.129,4298.361,4302.637,3482,60,0,3482
2024-10-10 23:00:00,4302.642,4305.298,4288.086,4288.354,3480,60,0,3480
2024-10-11 00:00:00,4288.364,4302.334,4280.904,4298.98,3488,59,0,3488
2024-10-11 01:00:00,4298.99,4313.89,4298.99,4311.187,3480,60,0,3480
2024-10-11 02:00:00,4311.194,4316.994,4292.903,4300.006,3491,60,0,3491
2024-10-11 03:00:00,4300.011,4320.054,4300.011,4302.474,3493,60,0,3493
2024-10-11 04:00:00,4302.485,4325.386,4302.485,4325.386,3482,60,0,3482
2024-10-11 05:00:00,4325.397,4335.928,4321.609,4323.496,3477,60,0,3477
2024-10-11 06:00:00,4323.507,4335.183,4323.267,4335.183,3479,60,0,3479
2024-10-11 07:00:00,4335.195,4340.377,4324.01,4329.907,3493,60,0,3493
2024-10-11 08:00:00,4329.92,4334.927,4320.128,4334.927,3496,60,0,3496
2024-10-11 09:00:00,4334.936,4340.364,4327.497,4329.659,3486,60,0,3486
2024-10-11 10:00:00,4329.663,4354.638,4329.663,4354.638,3467,60,0,3467
2024-10-11 11:00:00,4354.658,4363.922,4343.056,4348.572,3485,60,0,3485
2024-10-11 12:00:00,4348.582,4351.034,4334.856,4337.228,3492,60,0,3492
2024-10-11 13:00:00,4337.236,4350.256,4335.193,4350.256,3486,60,0,3486
2024-10-11 14:00:00,4350.264,4357.013,4340.199,4354.74,3495,60,0,3495
2024-10-11 15:00:00,4354.745,4362.259,4327.852,4332.712,3483,60,0,3483
2024-10-11 16:00:00,4332.716,4358.036,4332.716,4358.036,3485,60,0,3485
2024-10-11 17:00:00,4358.039,4362.141,4310.863,4316.476,3493,60,0,3493
2024-10-11 18:00:00,4316.484,4328.551,4308.907,4328.551,3481,60,0,3481
2024-10-11 19:00:00,4328.552,4332.883,4319.08,4328.747,3492,60,0,3492
2024-10-11 20:00:00,4328.756,4337.949,4322.834,4334.431,3481,60,0,3481
2024-10-11 21:00:00,4334.432,4345.122,4326.949,4344.336,3483,60,0,3483
2024-10-11 22:00:00,4344.341,4366.058,4344.341,4359.142,3491,60,0,3491
2024-10-11 23:00:00,4359.153,4377.06,4358.549,4377.06,3481,61,0,3481
2024-10-12 00:00:00,4377.064,4379.48,4366.379,4374.947,3495,61,0,3495
2024-10-12 01:00:00,4374.955,4392.312,4374.955,4389.931,3481,61,0,3481
2024-10-12 02:00:00,4389.944,4408.18,4384.319,4408.18,3485,61,0,3485
2024-10-12 03:00:00,4408.186,4410.231,4393.858,4399.476,3477,61,0,3477
2024-10-12 04:00:00,4399.482,4415.071,4399.482,4403.267,3472,61,0,3472
2024-10-12 05:00:00,4403.285,4417.566,4394.282,4417.566,3481,61,0,3481
2024-10-12 06:00:00,4417.579,4422.036,4384.722,4389.802,3490,61,0,3490
2024-10-12 07:00:00,4389.822,4390.917,4373.901,4382.07,3490,61,0,3490
2024-10-12 08:00:00,4382.071,4390.484,4367.286,4371.487,3485,61,0,3485
2024-10-12 09:00:00,4371.501,4383.467,4370.089,4382.702,3471,61,0,3471
2024-10-12 10:00:00,4382.713,4386.28,4375.741,4382.639,3495,61,0,3495
2024-10-12 11:00:00,4382.646,4390.19,4352.021,4353.035,3489,60,0,3489
2024-10-12 12:00:00,4353.046,4358.118,4345.822,4354.32,3480,60,0,3480
2024-10-12 13:00:00,4354.32,4356.636,4339.601,4340.747,3493,60,0,3493
2024-10-12 14:00:00,4340.754,4349.791,4335.209,4349.377,3491,60,0,3491
2024-10-12 15:00:00,4349.392,4356.108,4324.319,4325.97,3503,60,0,3503
2024-10-12 16:00:00,4325.979,4327.066,4313.83,4318.364,3478,60,0,3478
2024-10-12 17:00:00,4318.376,4330.238,4310.894,4313.295,3480,60,0,3480
2024-10-12 18:00:00,4313.313,4315.82,4299.805,4303.771,3486,60,0,3486
2024-10-12 19:00:00,4303.776,4304.307,4278.155,4294.752,3499,59,0,3499
2024-10-12 20:00:00,4294.754,4297.298,4282.057,4291.397,3485,59,0,3485
2024-10-12 21:00:00,4291.398,4306.794,4286.549,4290.869,3512,60,0,3512
2024-10-12 22:00:00,4290.878,4296.629,4282.113,4290.944,3491,59,0,3491
2024-10-12 23:00:00,4290.96,4304.274,4284.999,4288.025,3475,59,0,3475
2024-10-13 00:00:00,4288.032,4295.941,4281.283,4291.361,3494,59,0,3494
2024-10-13 01:00:00,4291.376,4319.098,4291.376,4318.967,3299,60,0,3299
2024-10-13 02:00:00,4318.969,4329.299,4312.52,4321.738,3497,60,0,3497
2024-10-13 03:00:00,4321.746,4336.049,4321.746,4336.049,3509,60,0,3509
2024-10-13 04:00:00,4336.051,4336.482,4318.017,4322.896,3471,60,0,3471
2024-10-13 05:00:00,4322.898,4329.151,4312.516,4325.011,3498,60,0,3498
2024-10-13 06:00:00,4325.029,4328.102,4316.89,4327.174,3467,60,0,3467
2024-10-13 07:00:00,4327.181,4331.978,4303.727,4306.356,3489,60,0,3489
2024-10-13 08:00:00,4306.377,4319.331,4302.422,4303.212,3486,60,0,3486
2024-10-13 09:00:00,4303.212,4314.172,4293.069,4314.172,3488,60,0,3488
2024-10-13 10:00:00,4314.182,4326.938,4312.276,4319.909,3501,60,0,3501
2024-10-13 11:00:00,4319.915,4329.519,4307.34,4311.468,3488,60,0,3488
2024-10-13 12:00:00,4311.479,4313.0,4287.495,4288.321,3487,60,0,3487
2024-10-13 13:00:00,4288.326,4303.555,4288.326,4299.027,3474,60,0,3474
2024-10-13 14:00:00,4299.036,4302.06,4273.538,4275.823,3495,59,0,3495
2024-10-13 15:00:00,4275.825,4282.365,4264.654,4276.59,3483,59,0,3483
2024-10-13 16:00:00,4276.594,4277.362,4264.274,4265.983,3490,59,0,3490
2024-10-13 17:00:00,4266.006,4267.445,4254.505,4255.035,3487,59,0,3487
2024-10-13 18:00:00,4255.046,4261.288,4242.493,4246.182,3464,59,0,3464
2024-10-13 19:00:00,4246.183,4263.529,4243.341,4257.017,3500,59,0,3500
2024-10-13 20:00:00,4257.022,4264.42,4256.329,4262.553,3472,59,0,3472
2024-10-13 21:00:00,4262.566,4279.536,4261.391,4277.088,3468,59,0,3468
2024-10-13 22:00:00,4277.097,4278.13,4251.768,4255.103,3474,59,0,3474
2024-10-13 23:00:00,4255.112,4281.383,4255.112,4279.383,3477,59,0,3477
2024-10-14 00:00:00,4279.401,4284.579,4263.499,4270.615,3485,59,0,3485
2024-10-14 01:00:00,4270.617,4277.883,4258.91,4275.697,3468,59,0,3468
2024-10-14 02:00:00,4275.702,4299.287,4275.318,4299.287,3491,59,0,3491
2024-10-14 03:00:00,4299.296,4302.432,4266.012,4269.032,3474,59,0,3474
2024-10-14 04:00:00,4269.035,4270.644,4235.735,4241.318,3486,59,0,3486
2024-10-14 05:00:00,4241.345,4243.812,4227.372,4238.763,3483,59,0,3483
2024-10-14 06:00:00,4238.768,4263.468,4238.768,4256.994,3483,59,0,3483
2024-10-14 07:00:00,4257.0,4280.892,4257.0,4271.004,3486,59,0,3486
2024-10-14 08:00:00,4271.011,4274.096,4260.415,4267.055,3478,59,0,3478
2024-10-14 09:00:00,4267.055,4283.733,4263.715,4279.568,3477,59,0,3477
2024-10-14 10:00:00,4279.587,4280.963,4254.479,4257.847,3480,59,0,3480
2024-10-14 11:00:00,4257.868,4266.563,4253.317,4259.375,3493,59,0,3493
2024-10-14 12:00:00,4259.379,4285.317,4259.379,4285.317,3482,59,0,3482
2024-10-14 13:00:00,4285.322,4309.36,4285.322,4296.459,3477,60,0,3477
2024-10-14 14:00:00,4296.465,4310.517,4293.688,4300.808,3483,60,0,3483
2024-10-14 15:00:00,4300.829,4302.339,4291.21,4298.203,3504,60,0,3504
2024-10-14 16:00:00,4298.203,4300.372,4277.522,4281.19,3488,59,0,3488
2024-10-14 17:00:00,4281.193,4285.429,4275.845,4282.873,3488,59,0,3488
2024-10-14 18:00:00,4282.874,4283.136,4250.985,4253.615,3463,59,0,3463
2024-10-14 19:00:00,4253.627,4260.534,4240.486,4241.022,3473,59,0,3473
2024-10-14 20:00:00,4241.033,4245.521,4226.933,4231.714,3489,59,0,3489
2024-10-14 21:00:00,4231.732,4245.082,4228.662,4240.524,3512,59,0,3512
2024-10-14 22:00:00,4240.54,4260.166,4240.54,4247.982,3489,59,0,3489
2024-10-14 23:00:00,4247.993,4252.347,4241.795,4247.403,3478,59,0,3478
2024-10-15 00:00:00,4247.411,4256.71,4239.985,4240.037,3486,59,0,3486
2024-10-15 01:00:00,4240.041,4253.34,4238.235,4248.256,3494,59,0,3494
2024-10-15 02:00:00,4248.274,4266.402,4245.742,4266.402,3478,59,0,3478
2024-10-15 03:00:00,4266.403,4267.415,4241.382,4254.206,3496,59,0,3496
2024-10-15 04:00:00,4254.213,4270.783,4254.213,4270.302,3488,59,0,3488
2024-10-15 05:00:00,4270.304,4272.723,4259.119,4270.804,3490,59,0,3490
2024-10-15 06:00:00,4270.81,4287.301,4270.81,4287.301,3477,59,0,3477
2024-10-15 07:00:00,4287.305,4304.122,4286.774,4291.531,3485,60,0,3485
2024-10-15 08:00:00,4291.558,4291.806,4263.565,4271.216,3474,59,0,3474
2024-10-15 09:00:00,4271.223,4273.691,4257.153,4272.621,3484,59,0,3484
2024-10-15 10:00:00,4272.622,4290.094,4271.597,4286.591,3477,59,0,3477
2024-10-15 11:00:00,4286.609,4288.031,4271.599,4281.609,3490,59,0,3490
2024-10-15 12:00:00,4281.618,4285.367,4265.293,4270.497,3472,59,0,3472
2024-10-15 13:00:00,4270.403,4272.84,4227.328,4227.876,3479,59,0,3479
2024-10-15 14:00:00,4227.88,4244.486,4227.88,4244.486,3486,59,0,3486
2024-10-15 15:00:00,4244.501,4252.919,4242.739,4251.42,3489,59,0,3489
2024-10-15 16:00:00,4251.427,4255.213,4237.987,4246.003,3477,59,0,3477
2024-10-15 17:00:00,4246.01,4254.077,4238.032,4247.579,3477,59,0,3477
2024-10-15 18:00:00,4247.579,4257.596,4242.613,4244.21,3484,59,0,3484
2024-10-15 19:00:00,4244.219,4252.653,4235.812,4236.624,3492,59,0,3492
2024-10-15 20:00:00,4236.627,4238.244,4201.92,4214.115,3480,58,0,3480
2024-10-15 21:00:00,4214.122,4235.458,4213.59,4235.458,3463,59,0,3463
2024-10-15 22:00:00,4235.472,4248.577,4233.44,4240.321,3480,59,0,3480
2024-10-15 23:00:00,4240.335,4244.627,4230.075,4244.627,3471,59,0,3471
2024-10-16 00:00:00,4244.629,4250.375,4240.75,4243.964,3494,59,0,3494
2024-10-16 01:00:00,4243.965,4248.675,4190.247,4197.504,3462,58,0,3462
2024-10-16 02:00:00,4197.515,4222.568,4197.515,4219.209,3474,58,0,3474
2024-10-16 03:00:00,4219.221,4227.662,4209.798,4221.059,3486,58,0,3486
2024-10-16 04:00:00,4221.066,4224.619,4212.431,4215.991,3493,58,0,3493
2024-10-16 05:00:00,4216.017,4235.847,4215.689,4224.906,3473,59,0,3473
2024-10-16 06:00:00,4224.911,4235.006,4224.074,4231.562,3488,59,0,3488
2024-10-16 07:00:00,4231.576,4232.001,4200.927,4202.996,3501,58,0,3501
2024-10-16 08:00:00,4203.006,4212.35,4197.626,4209.076,3487,58,0,3487
2024-10-16 09:00:00,4209.102,4228.403,4209.102,4224.435,3493,58,0,3493
2024-10-16 10:00:00,4224.439,4233.275,4221.178,4224.507,3492,59,0,3492
2024-10-16 11:00:00,4224.508,4251.785,4224.508,4246.446,3464,59,0,3464
2024-10-16 12:00:00,4246.449,4253.65,4238.506,4253.65,3475,59,0,3475
2024-10-16 13:00:00,4253.662,4266.59,4247.442,4263.675,3479,59,0,3479
2024-10-16 14:00:00,4263.69,4273.494,4261.888,4267.439,3469,59,0,3469
2024-10-16 15:00:00,4267.455,4277.274,4237.042,4239.35,3486,59,0,3486
2024-10-16 16:00:00,4239.372,4247.098,4231.074,4236.032,3497,59,0,3497
2024-10-16 17:00:00,4236.039,4245.206,4236.039,4241.575,3487,59,0,3487
2024-10-16 18:00:00,4241.596,4257.229,4237.953,4246.61,3477,59,0,3477
2024-10-16 19:00:00,4246.612,4249.255,4233.969,4246.707,3479,59,0,3479
2024-10-16 20:00:00,4246.718,4249.678,4231.51,4236.745,3482,59,0,3482
2024-10-16 21:00:00,4236.752,4248.413,4236.752,4243.042,3486,59,0,3486
2024-10-16 22:00:00,4243.05,4250.649,4233.254,4242.164,3480,59,0,3480
2024-10-16 23:00:00,4242.166,4252.594,4237.573,4252.594,3483,59,0,3483
2024-10-17 00:00:00,4252.594,4272.242,4252.594,4272.242,3474,59,0,3474
2024-10-17 01:00:00,4272.242,4285.414,4265.982,4274.058,3484,59,0,3484
2024-10-17 02:00:00,4274.061,4290.585,4274.061,4283.368,3501,59,0,3501
2024-10-17 03:00:00,4283.379,4295.396,4280.228,4281.946,3477,59,0,3477
2024-10-17 04:00:00,4281.96,4302.543,4278.973,4302.543,3475,59,0,3475
2024-10-17 05:00:00,4302.553,4305.134,4287.287,4291.823,3482,60,0,3482
2024-10-17 06:00:00,4291.83,4291.898,4269.118,4269.216,3480,59,0,3480
2024-10-17 07:00:00,4269.231,4270.783,4248.558,4253.533,3503,59,0,3503
2024-10-17 08:00:00,4253.548,4254.001,4235.984,4242.835,3485,59,0,3485
2024-10-17 09:00:00,4242.848,4245.615,4217.162,4220.025,3485,59,0,3485
2024-10-17 10:00:00,4220.027,4240.262,4220.027,4235.024,3473,59,0,3473
2024-10-17 11:00:00,4235.028,4237.839,4222.195,4233.869,3487,59,0,3487
2024-10-17 12:00:00,4233.888,4235.161,4217.156,4227.191,3476,59,0,3476
2024-10-17 13:00:00,4227.208,4233.628,4205.544,4207.357,3483,58,0,3483
2024-10-17 14:00:00,4207.371,4229.545,4207.371,4226.002,3492,58,0,3492
2024-10-17 15:00:00,4226.013,4232.886,4221.068,4232.886,3484,59,0,3484
2024-10-17 16:00:00,4232.897,4247.113,4231.383,4241.808,3489,59,0,3489
2024-10-17 17:00:00,4241.816,4255.005,4235.35,4235.479,3487,59,0,3487
2024-10-17 18:00:00,4235.487,4246.631,4227.026,4232.711,3477,59,0,3477
2024-10-17 19:00:00,4232.715,4240.082,4211.452,4213.986,3478,58,0,3478
2024-10-17 20:00:00,4214.0,4222.013,4204.024,4206.335,3481,58,0,3481
2024-10-17 21:00:00,4206.352,4213.364,4196.514,4211.57,3485,58,0,3485
2024-10-17 22:00:00,4211.589,4224.071,4208.844,4224.071,3477,58,0,3477
2024-10-17 23:00:00,4224.074,4240.291,4215.36,4234.183,3483,59,0,3483
2024-10-18 00:00:00,4234.202,4241.198,4230.333,4234.891,3489,59,0,3489
2024-10-18 01:00:00,4234.893,4240.574,4219.547,4233.804,3487,59,0,3487
2024-10-18 02:00:00,4233.82,4234.001,4208.549,4216.582,3495,58,0,3495
2024-10-18 03:00:00,4216.586,4239.132,4216.586,4239.132,3481,59,0,3481
2024-10-18 04:00:00,4239.132,4245.702,4228.335,4232.629,3477,59,0,3477
2024-10-18 05:00:00,4232.644,4244.666,4228.339,4240.006,3486,59,0,3486
2024-10-18 06:00:00,4240.014,4244.091,4233.019,4236.248,3485,59,0,3485
2024-10-18 07:00:00,4236.26,4250.336,4225.891,4250.336,3495,59,0,3495
2024-10-18 08:00:00,4250.341,4257.812,4240.142,4244.348,3483,59,0,3483
2024-10-18 09:00:00,4244.354,4255.719,4243.704,4255.719,3487,59,0,3487
2024-10-18 10:00:00,4255.722,4258.419,4241.321,4250.697,3484,59,0,3484
2024-10-18 11:00:00,4250.705,4269.886,4250.705,4253.526,3487,59,0,3487
2024-10-18 12:00:00,4253.529,4261.509,4226.18,4229.18,3475,59,0,3475
2024-10-18 13:00:00,4229.19,4232.355,4218.013,4222.989,3476,59,0,3476
2024-10-18 14:00:00,4223.001,4239.562,4222.013,4229.337,3472,59,0,3472
2024-10-18 15:00:00,4229.342,4242.115,4224.796,4233.53,3484,59,0,3484
2024-10-18 16:00:00,4233.532,4251.271,4233.532,4250.503,3483,59,0,3483
2024-10-18 17:00:00,4250.512,4272.698,4250.512,4259.783,3471,59,0,3471
2024-10-18 18:00:00,4259.788,4262.271,4248.93,4256.868,3482,59,0,3482
2024-10-18 19:00:00,4256.888,4262.733,4235.11,4239.623,3475,59,0,3475
2024-10-18 20:00:00,4239.629,4259.608,4239.476,4248.855,3488,59,0,3488
2024-10-18 21:00:00,4248.866,4251.801,4218.372,4232.065,3477,59,0,3477
2024-10-18 22:00:00,4232.079,4233.857,4200.015,4214.813,3488,58,0,3488
2024-10-18 23:00:00,4214.813,4222.869,4211.086,4218.698,3488,58,0,3488
2024-10-19 00:00:00,4218.703,4224.724,4210.841,4212.407,3493,58,0,3493
2024-10-19 01:00:00,4212.417,4223.802,4209.003,4223.802,3467,58,0,3467
2024-10-19 02:00:00,4223.806,4234.764,4216.343,4227.108,3500,59,0,3500
2024-10-19 03:00:00,4227.112,4235.129,4217.206,4223.355,3482,59,0,3482
2024-10-19 04:00:00,4223.369,4230.825,4219.716,4229.766,3486,59,0,3486
2024-10-19 05:00:00,4229.773,4234.091,4215.637,4234.091,3489,59,0,3489
2024-10-19 06:00:00,4234.098,4254.341,4234.098,4245.117,3473,59,0,3473
2024-10-19 07:00:00,4245.124,4267.98,4245.124,4267.756,3482,59,0,3482
2024-10-19 08:00:00,4267.761,4272.646,4240.496,4248.73,3470,59,0,3470
2024-10-19 09:00:00,4248.735,4252.63,4236.12,4243.724,3478,59,0,3478
2024-10-19 10:00:00,4243.731,4245.976,4207.609,4217.596,3494,58,0,3494
2024-10-19 11:00:00,4217.599,4235.584,4216.825,4221.761,3495,59,0,3495
2024-10-19 12:00:00,4221.772,4238.721,4217.678,4237.165,3482,59,0,3482
2024-10-19 13:00:00,4237.184,4239.036,4204.681,4208.33,3477,58,0,3477
2024-10-19 14:00:00,4208.336,4216.844,4194.3,4195.593,3476,58,0,3476
2024-10-19 15:00:00,4195.612,4201.095,4180.106,4184.443,3487,58,0,3487
2024-10-19 16:00:00,4184.445,4198.127,4183.423,4193.561,3474,58,0,3474
2024-10-19 17:00:00,4193.569,4197.451,4156.133,4162.403,3485,58,0,3485
2024-10-19 18:00:00,4162.411,4164.73,4147.616,4153.218,3468,58,0,3468
2024-10-19 19:00:00,4153.233,4157.589,4132.483,4136.79,3488,57,0,3488
2024-10-19 20:00:00,4136.803,4144.817,4123.841,4133.623,3483,57,0,3483
2024-10-19 21:00:00,4133.626,4141.027,4125.843,4141.027,3487,57,0,3487
2024-10-19 22:00:00,4141.041,4145.348,4134.335,4145.348,3480,57,0,3480
2024-10-19 23:00:00,4145.355,4165.781,4145.355,4165.781,3474,58,0,3474
2024-10-20 00:00:00,4165.802,4180.927,4162.539,4172.921,3490,58,0,3490
2024-10-20 01:00:00,4172.934,4173.797,4154.036,4157.358,3477,58,0,3477
2024-10-20 02:00:00,4157.369,4160.341,4147.209,4160.077,3462,58,0,3462
2024-10-20 03:00:00,4160.081,4166.426,4146.83,4166.189,3478,58,0,3478
2024-10-20 04:00:00,4166.197,4169.483,4159.864,4167.605,3485,58,0,3485
2024-10-20 05:00:00,4167.609,4176.993,4162.007,4165.428,3487,58,0,3487
2024-10-20 06:00:00,4165.433,4178.21,4165.433,4178.21,3489,58,0,3489
2024-10-20 07:00:00,4178.219,4184.712,4166.948,4169.642,3485,58,0,3485
2024-10-20 08:00:00,4169.664,4185.58,4169.664,4184.696,3461,58,0,3461
2024-10-20 09:00:00,4184.705,4196.137,4182.795,4187.16,3489,58,0,3489
2024-10-20 10:00:00,4187.164,4195.776,4182.079,4195.295,3479,58,0,3479
2024-10-20 11:00:00,4195.306,4197.231,4174.785,4192.106,3476,58,0,3476
2024-10-20 12:00:00,4192.121,4206.354,4188.115,4206.308,3484,58,0,3484
2024-10-20 13:00:00,4206.311,4220.987,4198.497,4220.987,3474,58,0,3474
2024-10-20 14:00:00,4221.003,4241.605,4221.003,4233.391,3482,59,0,3482
2024-10-20 15:00:00,4233.414,4236.907,4206.523,4208.022,3469,58,0,3469
2024-10-20 16:00:00,4208.026,4211.814,4196.995,4208.185,3486,58,0,3486
2024-10-20 17:00:00,4208.214,4227.695,4207.133,4227.695,3466,58,0,3466
2024-10-20 18:00:00,4227.695,4235.689,4224.498,4233.513,3480,59,0,3480
2024-10-20 19:00:00,4233.515,4239.259,4221.278,4225.191,3451,59,0,3451
2024-10-20 20:00:00,4225.211,4234.459,4223.534,4231.427,3484,59,0,3484
2024-10-20 21:00:00,4231.448,4240.44,4227.978,4240.44,3479,59,0,3479
2024-10-20 22:00:00,4240.449,4254.709,4240.208,4250.857,3493,59,0,3493
2024-10-20 23:00:00,4250.876,4257.361,4242.713,4256.384,3490,59,0,3490
2024-10-21 00:00:00,4256.388,4256.93,4215.846,4222.624,3504,59,0,3504
2024-10-21 01:00:00,4222.627,4224.825,4200.026,4209.442,3486,58,0,3486
2024-10-21 02:00:00,4209.463,4219.1,4207.647,4219.1,3480,58,0,3480
2024-10-21 03:00:00,4219.107,4234.543,4213.039,4232.963,3483,59,0,3483
2024-10-21 04:00:00,4232.984,4237.157,4215.572,4219.99,3477,59,0,3477
2024-10-21 05:00:00,4220.005,4227.245,4216.807,4226.494,3481,59,0,3481
2024-10-21 06:00:00,4226.496,4238.157,4220.494,4223.655,3485,59,0,3485
2024-10-21 07:00:00,4223.662,4229.941,4205.972,4207.223,3478,58,0,3478
2024-10-21 08:00:00,4207.229,4235.641,4206.436,4224.984,3475,58,0,3475
2024-10-21 09:00:00,4224.986,4243.398,4222.088,4243.398,3472,59,0,3472
2024-10-21 10:00:00,4243.413,4244.163,4233.529,4235.21,3473,59,0,3473
2024-10-21 11:00:00,4235.221,4240.241,4215.193,4221.164,3484,59,0,3484
2024-10-21 12:00:00,4221.176,4224.833,4206.72,4213.378,3501,58,0,3501
2024-10-21 13:00:00,4213.383,4218.727,4205.921,4213.243,3477,58,0,3477
2024-10-21 14:00:00,4213.258,4219.307,4207.384,4213.65,3491,58,0,3491
2024-10-21 15:00:00,4213.659,4235.165,4213.659,4235.165,3488,59,0,3488
2024-10-21 16:00:00,4235.167,4257.865,4235.167,4257.865,3484,59,0,3484
2024-10-21 17:00:00,4257.87,4263.958,4256.47,4263.958,3482,59,0,3482
2024-10-21 18:00:00,4263.963,4269.821,4239.503,4243.308,3474,59,0,3474
2024-10-21 19:00:00,4243.322,4265.267,4243.01,4265.267,3469,59,0,3469
2024-10-21 20:00:00,4265.273,4281.688,4265.273,4278.193,3475,59,0,3475
2024-10-21 21:00:00,4278.199,4280.839,4258.69,4264.996,3486,59,0,3486
2024-10-21 22:00:00,4265.007,4285.13,4265.007,4285.13,3482,59,0,3482
2024-10-21 23:00:00,4285.156,4289.902,4276.129,4283.232,3502,59,0,3502
2024-10-22 00:00:00,4283.25,4296.012,4281.758,4294.128,3477,59,0,3477
2024-10-22 01:00:00,4294.132,4309.179,4291.725,4294.315,3474,60,0,3474
2024-10-22 02:00:00,4294.318,4294.805,4248.383,4251.516,3481,59,0,3481
2024-10-22 03:00:00,4251.523,4274.208,4250.256,4270.069,3486,59,0,3486
2024-10-22 04:00:00,4270.091,4285.304,4270.091,4283.797,3483,59,0,3483
2024-10-22 05:00:00,4283.798,4289.172,4271.583,4276.703,3476,59,0,3476
2024-10-22 06:00:00,4276.709,4292.393,4276.709,4292.393,3478,59,0,3478
2024-10-22 07:00:00,4292.396,4305.671,4286.645,4302.79,3490,60,0,3490
2024-10-22 08:00:00,4302.792,4315.925,4302.42,4315.925,3502,60,0,3502
2024-10-22 09:00:00,4315.927,4324.091,4300.938,4309.001,3482,60,0,3482
2024-10-22 10:00:00,4309.008,4323.365,4303.934,4318.825,3488,60,0,3488
2024-10-22 11:00:00,4318.841,4325.517,4313.243,4321.475,3489,60,0,3489
2024-10-22 12:00:00,4321.485,4324.184,4312.28,4314.243,3483,60,0,3483
2024-10-22 13:00:00,4314.244,4330.548,4314.244,4330.548,3481,60,0,3481
2024-10-22 14:00:00,4330.554,4355.71,4330.554,4336.903,3489,60,0,3489
2024-10-22 15:00:00,4336.923,4345.282,4333.157,4335.159,3481,60,0,3481
2024-10-22 16:00:00,4335.174,4344.109,4324.624,4333.138,3479,60,0,3479
2024-10-22 17:00:00,4333.146,4351.985,4333.146,4351.985,3486,60,0,3486
2024-10-22 18:00:00,4351.986,4352.268,4337.777,4345.805,3498,60,0,3498
2024-10-22 19:00:00,4345.806,4364.923,4345.806,4353.913,3482,60,0,3482
2024-10-22 20:00:00,4353.934,4364.405,4318.911,4321.4,3468,60,0,3468
2024-10-22 21:00:00,4321.414,4332.886,4321.042,4326.459,3510,60,0,3510
2024-10-22 22:00:00,4326.476,4327.09,4312.193,4320.084,3488,60,0,3488
2024-10-22 23:00:00,4320.097,4332.667,4315.063,4320.122,3468,60,0,3468
2024-10-23 00:00:00,4320.132,4343.706,4320.132,4343.706,3487,60,0,3487
2024-10-23 01:00:00,4343.715,4346.824,4324.468,4340.723,3481,60,0,3481
2024-10-23 02:00:00,4340.74,4355.288,4340.74,4349.054,3476,60,0,3476
2024-10-23 03:00:00,4349.055,4360.251,4338.785,4360.251,3484,60,0,3484
2024-10-23 04:00:00,4360.254,4375.653,4356.319,4375.653,3489,61,0,3489
2024-10-23 05:00:00,4375.673,4387.525,4372.852,4384.56,3477,61,0,3477
2024-10-23 06:00:00,4384.572,4384.764,4350.69,4357.496,3507,60,0,3507
2024-10-23 07:00:00,4357.501,4382.094,4357.501,4382.094,3491,61,0,3491
2024-10-23 08:00:00,4382.095,4390.478,4373.093,4373.875,3486,61,0,3486
2024-10-23 09:00:00,4373.896,4374.827,4364.184,4374.629,3482,61,0,3482
2024-10-23 10:00:00,4374.641,4391.418,4371.381,4389.555,3474,61,0,3474
2024-10-23 11:00:00,4389.568,4412.809,4389.568,4406.333,3486,61,0,3486
2024-10-23 12:00:00,4406.337,4412.935,4398.848,4408.236,3484,61,0,3484
2024-10-23 13:00:00,4408.239,4420.695,4405.486,4408.777,3473,61,0,3473
2024-10-23 14:00:00,4408.781,4411.951,4397.633,4401.7,3484,61,0,3484
2024-10-23 15:00:00,4401.716,4405.048,4386.719,4388.788,3507,61,0,3507
2024-10-23 16:00:00,4388.797,4405.024,4382.97,4399.272,3523,61,0,3523
2024-10-23 17:00:00,4399.283,4415.58,4399.283,4415.58,3495,61,0,3495
2024-10-23 18:00:00,4415.593,4426.976,4407.018,4426.976,3498,61,0,3498
2024-10-23 19:00:00,4426.994,4439.217,4424.088,4436.682,3480,61,0,3480
2024-10-23 20:00:00,4436.686,4439.745,4419.452,4422.837,3489,61,0,3489
2024-10-23 21:00:00,4422.85,4434.604,4420.75,4426.944,3504,61,0,3504
2024-10-23 22:00:00,4426.952,4433.684,4416.688,4420.136,3480,61,0,3480
2024-10-23 23:00:00,4420.155,4425.467,4399.719,4414.199,3475,61,0,3475
2024-10-24 00:00:00,4414.213,4415.913,4394.733,4401.583,3496,61,0,3496
2024-10-24 01:00:00,4401.604,4403.627,4388.068,4397.442,3499,61,0,3499
2024-10-24 02:00:00,4397.456,4404.935,4372.624,4378.162,3483,61,0,3483
2024-10-24 03:00:00,4378.164,4387.827,4359.56,4359.654,3484,61,0,3484
2024-10-24 04:00:00,4359.658,4365.488,4347.654,4354.462,3475,60,0,3475
2024-10-24 05:00:00,4354.468,4371.868,4353.757,4371.868,3478,60,0,3478
2024-10-24 06:00:00,4371.868,4381.331,4362.174,4362.318,3455,61,0,3455
2024-10-24 07:00:00,4362.328,4363.255,4343.776,4350.528,3512,60,0,3512
2024-10-24 08:00:00,4350.53,4353.89,4342.231,4343.708,3485,60,0,3485
2024-10-24 09:00:00,4343.709,4360.495,4341.205,4355.389,3497,60,0,3497
2024-10-24 10:00:00,4355.416,4365.789,4334.399,4337.05,3471,60,0,3471
2024-10-24 11:00:00,4337.067,4342.88,4321.535,4324.338,3493,60,0,3493
2024-10-24 12:00:00,4324.341,4343.789,4320.699,4323.048,3496,60,0,3496
2024-10-24 13:00:00,4323.067,4331.372,4308.381,4318.795,3484,60,0,3484
2024-10-24 14:00:00,4318.809,4347.289,4318.809,4347.289,3492,60,0,3492
2024-10-24 15:00:00,4347.297,4349.899,4301.815,4303.916,3466,60,0,3466
2024-10-24 16:00:00,4298.625,4310.856,4293.41,4310.856,3468,60,0,3468
2024-10-24 17:00:00,4310.875,4311.338,4289.855,4296.716,3479,60,0,3479
2024-10-24 18:00:00,4296.725,4321.959,4296.725,4321.959,3489,60,0,3489
2024-10-24 19:00:00,4321.967,4332.533,4304.414,4310.307,3479,60,0,3479
2024-10-24 20:00:00,4310.322,4319.869,4305.109,4317.611,3502,60,0,3502
2024-10-24 21:00:00,4317.612,4320.782,4296.329,4299.683,3493,60,0,3493
2024-10-24 22:00:00,4299.691,4300.665,4283.575,4292.838,3467,59,0,3467
2024-10-24 23:00:00,4292.845,4316.326,4292.845,4308.349,3479,60,0,3479
2024-10-25 00:00:00,4308.357,4326.445,4306.955,4326.445,3511,60,0,3511
2024-10-25 01:00:00,4326.449,4334.903,4322.665,4333.332,3490,60,0,3490
2024-10-25 02:00:00,4333.337,4345.392,4332.66,4340.665,3487,60,0,3487
2024-10-25 03:00:00,4340.683,4361.55,4340.683,4353.198,3484,60,0,3484
2024-10-25 04:00:00,4353.2,4366.896,4344.108,4345.738,3479,60,0,3479
2024-10-25 05:00:00,4345.741,4352.647,4321.965,4325.607,3483,60,0,3483
2024-10-25 06:00:00,4325.611,4339.908,4321.238,4334.276,3491,60,0,3491
2024-10-25 07:00:00,4334.283,4336.731,4319.597,4327.791,3492,60,0,3492
2024-10-25 08:00:00,4327.808,4328.797,4315.746,4320.082,3492,60,0,3492
2024-10-25 09:00:00,4320.086,4327.596,4305.405,4307.643,3489,60,0,3489
2024-10-25 10:00:00,4307.654,4318.486,4304.345,4315.401,3482,60,0,3482
2024-10-25 11:00:00,4315.401,4317.273,4299.498,4316.236,3483,60,0,3483
2024-10-25 12:00:00,4316.238,4334.68,4316.238,4334.68,3491,60,0,3491
2024-10-25 13:00:00,4334.699,4348.941,4330.961,4348.941,3475,60,0,3475
2024-10-25 14:00:00,4348.954,4360.768,4340.679,4360.768,3474,60,0,3474
2024-10-25 15:00:00,4360.784,4362.898,4351.672,4357.814,3500,60,0,3500
2024-10-25 16:00:00,4357.827,4374.318,4357.827,4374.318,3479,61,0,3479
2024-10-25 17:00:00,4374.318,4383.712,4373.795,4380.591,3474,61,0,3474
2024-10-25 18:00:00,4380.603,4388.218,4355.982,4363.771,3479,60,0,3479
2024-10-25 19:00:00,4363.776,4365.99,4337.217,4343.63,3476,60,0,3476
2024-10-25 20:00:00,4343.631,4345.989,4336.669,4344.213,3497,60,0,3497
2024-10-25 21:00:00,4344.217,4352.384,4310.28,4312.087,3482,60,0,3482
2024-10-25 22:00:00,4312.088,4315.482,4297.311,4297.899,3484,60,0,3484
2024-10-25 23:00:00,4297.909,4301.425,4273.899,4278.135,3496,59,0,3496
2024-10-26 00:00:00,4278.143,4281.014,4266.372,4268.097,3474,59,0,3474
2024-10-26 01:00:00,4268.111,4275.14,4253.359,4257.496,3491,59,0,3491
2024-10-26 02:00:00,4257.498,4280.44,4257.498,4280.44,3471,59,0,3471
2024-10-26 03:00:00,4280.447,4295.525,4280.447,4285.621,3491,59,0,3491
2024-10-26 04:00:00,4285.645,4286.608,4271.859,4279.034,3478,59,0,3478
2024-10-26 05:00:00,4279.053,4281.148,4260.892,4269.858,3484,59,0,3484
2024-10-26 06:00:00,4269.864,4277.318,4267.374,4270.86,3497,59,0,3497
2024-10-26 07:00:00,4270.871,4274.405,4262.877,4271.581,3487,59,0,3487
2024-10-26 08:00:00,4271.587,4280.021,4266.398,4278.65,3476,59,0,3476
2024-10-26 09:00:00,4278.659,4283.938,4273.712,4283.938,3483,59,0,3483
2024-10-26 10:00:00,4283.955,4287.107,4273.571,4287.107,3483,59,0,3483
2024-10-26 11:00:00,4287.113,4299.36,4280.906,4281.713,3486,59,0,3486
2024-10-26 12:00:00,4281.723,4284.445,4270.094,4281.612,3470,59,0,3470
2024-10-26 13:00:00,4281.636,4289.015,4266.013,4270.903,3495,59,0,3495
2024-10-26 14:00:00,4270.91,4276.115,4266.379,4272.021,3468,59,0,3468
2024-10-26 15:00:00,4272.025,4283.814,4267.433,4283.814,3494,59,0,3494
2024-10-26 16:00:00,4283.814,4293.043,4267.168,4280.488,3504,59,0,3504
2024-10-26 17:00:00,4280.495,4287.292,4274.76,4277.663,3491,59,0,3491
2024-10-26 18:00:00,4277.679,4283.865,4268.545,4272.674,3490,59,0,3490
2024-10-26 19:00:00,4272.683,4294.754,4272.683,4294.754,3481,59,0,3481
2024-10-26 20:00:00,4294.772,4299.691,4283.444,4297.067,3477,59,0,3477
2024-10-26 21:00:00,4297.077,4304.91,4283.372,4284.661,3496,59,0,3496
2024-10-26 22:00:00,4284.672,4301.486,4284.672,4295.117,3486,59,0,3486
2024-10-26 23:00:00,4295.121,4322.358,4295.121,4320.525,3495,60,0,3495
2024-10-27 00:00:00,4320.541,4324.45,4302.52,4308.614,3492,60,0,3492
2024-10-27 01:00:00,4308.628,4310.967,4285.357,4287.729,3474,60,0,3474
2024-10-27 02:00:00,4287.733,4302.931,4277.296,4277.827,3478,59,0,3478
2024-10-27 03:00:00,4277.835,4289.784,4274.623,4278.709,3464,59,0,3464
2024-10-27 04:00:00,4278.715,4295.095,4278.715,4292.406,3482,59,0,3482
2024-10-27 05:00:00,4292.418,4312.253,4292.418,4308.218,3485,60,0,3485
2024-10-27 06:00:00,4308.223,4309.788,4291.593,4307.219,3493,60,0,3493
2024-10-27 07:00:00,4307.233,4308.891,4284.382,4285.728,3497,59,0,3497
2024-10-27 08:00:00,4285.748,4291.852,4281.597,4281.631,3486,59,0,3486
2024-10-27 09:00:00,4281.644,4282.893,4265.966,4275.036,3488,59,0,3488
2024-10-27 10:00:00,4275.036,4277.6,4252.019,4262.696,3499,59,0,3499
2024-10-27 11:00:00,4262.72,4270.139,4251.206,4270.139,3486,59,0,3486
2024-10-27 12:00:00,4270.156,4278.894,4269.168,4275.272,3481,59,0,3481
2024-10-27 13:00:00,4275.291,4278.003,4262.344,4276.791,3470,59,0,3470
2024-10-27 14:00:00,4276.794,4290.473,4272.906,4280.781,3499,59,0,3499
2024-10-27 15:00:00,4280.792,4285.709,4267.498,4268.549,3500,59,0,3500
2024-10-27 16:00:00,4268.553,4288.622,4268.553,4288.622,3480,59,0,3480
2024-10-27 17:00:00,4288.628,4289.609,4267.292,4286.436,3480,59,0,3480
2024-10-27 18:00:00,4286.45,4302.031,4281.616,4292.593,3516,59,0,3516
2024-10-27 19:00:00,4292.596,4306.963,4292.596,4302.72,3494,60,0,3494
2024-10-27 20:00:00,4302.726,4320.709,4299.09,4320.709,3503,60,0,3503
2024-10-27 21:00:00,4320.726,4322.0,4296.162,4298.311,3492,60,0,3492
2024-10-27 22:00:00,4298.314,4299.063,4280.987,4282.971,3491,59,0,3491
2024-10-27 23:00:00,4282.974,4293.547,4280.872,4293.547,3465,59,0,3465
2024-10-28 00:00:00,4293.556,4304.058,4285.767,4295.234,3497,60,0,3497
2024-10-28 01:00:00,4295.238,4296.501,4280.209,4296.047,3487,59,0,3487
2024-10-28 02:00:00,4296.051,4321.88,4296.051,4306.549,3487,60,0,3487
2024-10-28 03:00:00,4306.553,4323.015,4306.553,4317.533,3486,60,0,3486
2024-10-28 04:00:00,4317.539,4321.823,4303.677,4321.38,3499,60,0,3499
2024-10-28 05:00:00,4321.394,4335.58,4317.942,4320.298,3488,60,0,3488
2024-10-28 06:00:00,4320.314,4338.362,4314.76,4337.093,3481,60,0,3481
2024-10-28 07:00:00,4337.098,4338.233,4293.16,4306.063,3497,60,0,3497
2024-10-28 08:00:00,4306.071,4308.722,4284.679,4288.027,3488,60,0,3488
2024-10-28 09:00:00,4288.034,4289.584,4262.552,4269.589,3499,59,0,3499
2024-10-28 10:00:00,4269.596,4285.341,4269.596,4281.126,3478,59,0,3478
2024-10-28 11:00:00,4281.135,4294.31,4281.135,4288.945,3491,59,0,3491
2024-10-28 12:00:00,4288.958,4304.917,4288.958,4295.202,3496,60,0,3496
2024-10-28 13:00:00,4295.226,4310.812,4295.226,4298.927,3489,60,0,3489
2024-10-28 14:00:00,4298.938,4302.429,4285.075,4302.429,3484,60,0,3484
2024-10-28 15:00:00,4302.435,4325.7,4302.435,4325.429,3483,60,0,3483
2024-10-28 16:00:00,4325.442,4341.83,4325.442,4338.116,3482,60,0,3482
2024-10-28 17:00:00,4338.124,4339.023,4318.522,4327.268,3490,60,0,3490
2024-10-28 18:00:00,4327.279,4329.843,4299.367,4299.861,3483,60,0,3483
2024-10-28 19:00:00,4299.862,4310.994,4277.111,4285.799,3471,59,0,3471
2024-10-28 20:00:00,4285.802,4286.095,4275.153,4282.778,3479,59,0,3479
2024-10-28 21:00:00,4282.785,4302.79,4282.785,4302.79,3486,59,0,3486
2024-10-28 22:00:00,4302.79,4322.899,4292.442,4322.899,3505,60,0,3505
2024-10-28 23:00:00,4322.916,4342.023,4322.916,4342.023,3473,60,0,3473
2024-10-29 00:00:00,4342.038,4360.331,4342.038,4360.331,3483,60,0,3483
2024-10-29 01:00:00,4360.348,4368.905,4312.681,4315.874,3497,60,0,3497
2024-10-29 02:00:00,4315.891,4317.41,4296.362,4303.307,3475,60,0,3475
2024-10-29 03:00:00,4303.312,4306.578,4268.538,4271.484,3496,59,0,3496
2024-10-29 04:00:00,4271.499,4275.16,4260.726,4263.762,3483,59,0,3483
2024-10-29 05:00:00,4263.77,4280.69,4262.39,4270.004,3489,59,0,3489
2024-10-29 06:00:00,4270.026,4288.086,4269.264,4281.395,3481,59,0,3481
2024-10-29 07:00:00,4281.399,4309.805,4281.399,4309.805,3482,59,0,3482
2024-10-29 08:00:00,4309.813,4320.759,4305.145,4320.759,3492,60,0,3492
2024-10-29 09:00:00,4320.77,4340.049,4320.77,4333.062,3487,60,0,3487
2024-10-29 10:00:00,4333.078,4334.956,4294.114,4297.894,3476,60,0,3476
2024-10-29 11:00:00,4297.901,4302.116,4291.583,4301.653,3475,60,0,3475
2024-10-29 12:00:00,4301.67,4316.259,4300.488,4311.386,3497,60,0,3497
2024-10-29 13:00:00,4311.391,4316.062,4288.145,4290.03,3487,60,0,3487
2024-10-29 14:00:00,4290.036,4305.351,4285.574,4297.536,3478,60,0,3478
2024-10-29 15:00:00,4297.537,4308.599,4290.414,4297.66,3480,60,0,3480
2024-10-29 16:00:00,4297.661,4310.7,4293.233,4307.173,3493,60,0,3493
2024-10-29 17:00:00,4307.189,4319.374,4302.506,4309.047,3497,60,0,3497
2024-10-29 18:00:00,4309.056,4309.209,4289.187,4292.359,3493,60,0,3493
2024-10-29 19:00:00,4292.366,4300.555,4284.731,4290.55,3478,59,0,3478
2024-10-29 20:00:00,4290.559,4314.58,4290.559,4314.58,3461,60,0,3461
2024-10-29 21:00:00,4314.59,4322.239,4306.886,4313.54,3473,60,0,3473
2024-10-29 22:00:00,4313.545,4319.582,4304.063,4317.729,3498,60,0,3498
2024-10-29 23:00:00,4317.736,4324.02,4313.03,4321.884,3486,60,0,3486
2024-10-30 00:00:00,4321.888,4323.394,4300.857,4308.983,3468,60,0,3468
2024-10-30 01:00:00,4308.999,4323.496,4308.999,4317.962,3513,60,0,3513
2024-10-30 02:00:00,4317.978,4336.041,4317.978,4334.272,3515,60,0,3515
2024-10-30 03:00:00,4334.278,4347.483,4316.949,4319.404,3487,60,0,3487
2024-10-30 04:00:00,4319.409,4330.877,4318.008,4321.957,3500,60,0,3500
2024-10-30 05:00:00,4321.97,4328.054,4308.539,4316.209,3480,60,0,3480
2024-10-30 06:00:00,4316.22,4318.72,4294.971,4296.761,3496,60,0,3496
2024-10-30 07:00:00,4296.77,4297.909,4264.386,4267.831,3487,59,0,3487
2024-10-30 08:00:00,4267.839,4278.196,4264.867,4273.691,3482,59,0,3482
2024-10-30 09:00:00,4273.702,4285.441,4241.788,4242.443,3473,59,0,3473
2024-10-30 10:00:00,4242.448,4245.307,4216.167,4218.728,3478,59,0,3478
2024-10-30 11:00:00,4218.732,4220.123,4197.597,4199.828,3489,58,0,3489
2024-10-30 12:00:00,4199.835,4209.158,4185.892,4186.576,3468,58,0,3468
2024-10-30 13:00:00,4186.579,4200.3,4184.904,4200.3,3460,58,0,3460
2024-10-30 14:00:00,4200.301,4218.401,4190.59,4218.401,3474,58,0,3474
2024-10-30 15:00:00,4218.423,4228.579,4216.949,4221.927,3484,59,0,3484
2024-10-30 16:00:00,4221.935,4238.691,4221.935,4238.691,3502,59,0,3502
2024-10-30 17:00:00,4238.701,4241.454,4217.029,4239.695,3494,59,0,3494
2024-10-30 18:00:00,4239.698,4257.971,4236.399,4257.971,3488,59,0,3488
2024-10-30 19:00:00,4257.982,4278.23,4257.982,4278.23,3487,59,0,3487
2024-10-30 20:00:00,4278.24,4285.048,4258.158,4271.509,3489,59,0,3489
2024-10-30 21:00:00,4271.518,4275.895,4257.18,4275.895,3501,59,0,3501
2024-10-30 22:00:00,4275.901,4279.652,4265.163,4267.099,3485,59,0,3485
2024-10-30 23:00:00,4267.1,4271.516,4253.226,4256.319,3487,59,0,3487
2024-10-31 00:00:00,4256.325,4269.068,4251.524,4253.009,3481,59,0,3481
2024-10-31 01:00:00,4253.011,4272.505,4251.344,4272.505,3487,59,0,3487
2024-10-31 02:00:00,4272.508,4277.946,4257.081,4265.448,3487,59,0,3487
2024-10-31 03:00:00,4265.459,4289.724,4265.459,4289.724,3489,59,0,3489
2024-10-31 04:00:00,4289.732,4300.061,4275.961,4282.503,3480,59,0,3480
2024-10-31 05:00:00,4282.519,4283.832,4244.618,4248.705,3500,59,0,3500
2024-10-31 06:00:00,4248.708,4259.059,4243.881,4259.059,3486,59,0,3486
2024-10-31 07:00:00,4259.064,4275.62,4259.064,4274.309,3483,59,0,3483
2024-10-31 08:00:00,4274.309,4285.926,4262.408,4264.146,3498,59,0,3498
2024-10-31 09:00:00,4264.16,4264.327,4223.541,4234.292,3479,59,0,3479
2024-10-31 10:00:00,4234.297,4238.569,4224.04,4237.726,3497,59,0,3497
2024-10-31 11:00:00,4237.736,4248.477,4237.736,4244.912,3487,59,0,3487
2024-10-31 12:00:00,4244.921,4245.165,4222.913,4232.592,3495,59,0,3495
2024-10-31 13:00:00,4232.598,4244.575,4232.598,4243.431,3482,59,0,3482
2024-10-31 14:00:00,4243.44,4257.814,4241.36,4255.051,3484,59,0,3484
2024-10-31 15:00:00,4255.055,4274.714,4255.055,4272.862,3476,59,0,3476
2024-10-31 16:00:00,4272.875,4280.7,4268.136,4280.7,3488,59,0,3488
2024-10-31 17:00:00,4280.717,4294.962,4278.925,4291.515,3472,59,0,3472
2024-10-31 18:00:00,4291.517,4308.279,4281.973,4308.279,3489,59,0,3489
2024-10-31 19:00:00,4308.294,4316.317,4289.468,4291.462,3481,60,0,3481
2024-10-31 20:00:00,4291.474,4299.07,4268.955,4269.09,3481,59,0,3481
2024-10-31 21:00:00,4269.093,4276.083,4259.613,4269.909,3479,59,0,3479
2024-10-31 22:00:00,4269.912,4269.953,4253.77,4257.872,3479,59,0,3479
2024-10-31 23:00:00,4257.882,4262.942,4223.841,4227.314,3478,59,0,3478
2024-11-01 00:00:00,4227.321,4230.81,4217.238,4220.572,3498,59,0,3498
2024-11-01 01:00:00,4220.589,4230.4,4216.249,4221.808,3476,59,0,3476
2024-11-01 02:00:00,4221.82,4235.005,4221.82,4223.217,3479,59,0,3479
2024-11-01 03:00:00,4223.222,4240.36,4223.222,4240.36,3478,59,0,3478
2024-11-01 04:00:00,4240.367,4250.158,4240.048,4244.319,3505,59,0,3505
2024-11-01 05:00:00,4244.33,4249.352,4235.227,4243.54,3481,59,0,3481
2024-11-01 06:00:00,4243.547,4253.184,4235.832,4237.124,3479,59,0,3479
2024-11-01 07:00:00,4237.125,4250.775,4236.384,4240.267,3480,59,0,3480
2024-11-01 08:00:00,4240.268,4250.47,4235.683,4248.139,3483,59,0,3483
2024-11-01 09:00:00,4248.162,4252.371,4237.368,4251.79,3488,59,0,3488
2024-11-01 10:00:00,4251.802,4255.143,4241.629,4245.064,3488,59,0,3488
2024-11-01 11:00:00,4245.084,4250.31,4227.069,4234.351,3483,59,0,3483
2024-11-01 12:00:00,4234.364,4240.109,4210.349,4221.331,3476,58,0,3476
2024-11-01 13:00:00,4221.341,4230.089,4221.254,4228.683,3482,59,0,3482
2024-11-01 14:00:00,4228.685,4230.655,4215.017,4215.352,3480,59,0,3480
2024-11-01 15:00:00,4215.354,4224.431,4203.175,4213.726,3483,58,0,3483
2024-11-01 16:00:00,4213.741,4218.155,4203.438,4209.176,3475,58,0,3475
2024-11-01 17:00:00,4209.193,4215.17,4201.874,4205.481,3474,58,0,3474
2024-11-01 18:00:00,4205.496,4220.857,4204.298,4211.25,3481,58,0,3481
2024-11-01 19:00:00,4211.251,4218.531,4200.824,4214.389,3477,58,0,3477
2024-11-01 20:00:00,4214.392,4225.635,4209.051,4214.066,3474,58,0,3474
2024-11-01 21:00:00,4214.083,4230.893,4212.314,4227.921,3492,58,0,3492
2024-11-01 22:00:00,4227.925,4235.165,4216.459,4220.233,3489,59,0,3489
2024-11-01 23:00:00,4220.246,4232.481,4217.587,4222.961,3486,59,0,3486
2024-11-02 00:00:00,4222.962,4246.411,4222.962,4246.411,3472,59,0,3472
2024-11-02 01:00:00,4246.414,4261.834,4246.016,4261.834,3489,59,0,3489
2024-11-02 02:00:00,4261.843,4265.477,4245.437,4259.144,3459,59,0,3459
2024-11-02 03:00:00,4259.144,4262.917,4251.203,4255.932,3465,59,0,3465
2024-11-02 04:00:00,4255.936,4266.121,4244.675,4258.62,3480,59,0,3480
2024-11-02 05:00:00,4258.627,4278.091,4258.627,4274.314,3486,59,0,3486
2024-11-02 06:00:00,4274.326,4294.224,4274.326,4277.266,3503,59,0,3503
2024-11-02 07:00:00,4277.266,4284.565,4260.724,4260.832,3458,59,0,3458
2024-11-02 08:00:00,4260.84,4278.443,4258.162,4278.308,3487,59,0,3487
2024-11-02 09:00:00,4278.319,4298.864,4278.319,4298.864,3500,59,0,3500
2024-11-02 10:00:00,4298.864,4307.352,4281.282,4281.545,3463,59,0,3463
2024-11-02 11:00:00,4281.549,4282.989,4262.076,4275.373,3479,59,0,3479
2024-11-02 12:00:00,4275.384,4286.728,4268.333,4277.052,3489,59,0,3489
2024-11-02 13:00:00,4277.066,4281.014,4268.593,4275.411,3502,59,0,3502
2024-11-02 14:00:00,4275.424,4284.855,4257.862,4273.419,3478,59,0,3478
2024-11-02 15:00:00,4273.428,4283.171,4273.428,4281.612,3475,59,0,3475
2024-11-02 16:00:00,4281.614,4288.427,4272.213,4288.427,3489,59,0,3489
2024-11-02 17:00:00,4288.428,4313.744,4288.428,4313.744,3488,60,0,3488
2024-11-02 18:00:00,4313.758,4314.376,4283.914,4287.671,3487,59,0,3487
2024-11-02 19:00:00,4287.675,4300.268,4275.509,4275.74,3468,59,0,3468
2024-11-02 20:00:00,4275.741,4284.741,4260.649,4284.741,3479,59,0,3479
2024-11-02 21:00:00,4284.748,4286.721,4264.247,4269.267,3473,59,0,3473
2024-11-02 22:00:00,4269.277,4274.413,4253.774,4254.064,3481,59,0,3481
2024-11-02 23:00:00,4254.071,4260.007,4246.996,4256.847,3490,59,0,3490
2024-11-03 00:00:00,4256.853,4263.781,4246.385,4251.291,3466,59,0,3466
2024-11-03 01:00:00,4251.293,4252.661,4234.716,4237.972,3467,59,0,3467
2024-11-03 02:00:00,4237.986,4242.908,4229.682,4231.7,3484,59,0,3484
2024-11-03 03:00:00,4231.71,4250.909,4227.751,4245.635,3492,59,0,3492
2024-11-03 04:00:00,4245.643,4262.643,4245.643,4257.07,3468,59,0,3468
2024-11-03 05:00:00,4257.084,4258.913,4243.219,4258.238,3481,59,0,3481
2024-11-03 06:00:00,4258.243,4271.674,4253.73,4271.674,3482,59,0,3482
2024-11-03 07:00:00,4271.686,4280.955,4264.515,4275.541,3487,59,0,3487
2024-11-03 08:00:00,4275.557,4280.61,4255.482,4259.49,3484,59,0,3484
2024-11-03 09:00:00,4259.499,4260.187,4240.444,4244.511,3462,59,0,3462
2024-11-03 10:00:00,4244.521,4247.45,4231.872,4247.45,3494,59,0,3494
2024-11-03 11:00:00,4247.453,4261.652,4245.974,4249.616,3478,59,0,3478
2024-11-03 12:00:00,4249.627,4252.148,4240.947,4242.153,3493,59,0,3493
2024-11-03 13:00:00,4242.155,4251.204,4235.858,4251.204,3483,59,0,3483
2024-11-03 14:00:00,4251.216,4258.118,4228.737,4236.407,3481,59,0,3481
2024-11-03 15:00:00,4236.427,4259.303,4236.427,4259.303,3497,59,0,3497
2024-11-03 16:00:00,4259.304,4270.26,4252.746,4258.913,3477,59,0,3477
2024-11-03 17:00:00,4258.921,4274.541,4258.921,4273.623,3505,59,0,3505
2024-11-03 18:00:00,4273.627,4283.673,4264.798,4281.052,3458,59,0,3458
2024-11-03 19:00:00,4281.069,4292.437,4279.041,4290.6,3457,59,0,3457
2024-11-03 20:00:00,4290.601,4292.578,4278.074,4280.715,3502,59,0,3502
2024-11-03 21:00:00,4280.716,4288.857,4257.133,4260.561,3477,59,0,3477
2024-11-03 22:00:00,4260.57,4271.654,4250.912,4257.124,3467,59,0,3467
2024-11-03 23:00:00,4257.15,4275.327,4251.745,4275.327,3466,59,0,3466
2024-11-04 00:00:00,4275.329,4277.702,4263.828,4276.506,3482,59,0,3482
2024-11-04 01:00:00,4276.523,4288.911,4274.297,4276.047,3486,59,0,3486
2024-11-04 02:00:00,4276.056,4278.446,4267.417,4272.766,3478,59,0,3478
2024-11-04 03:00:00,4272.787,4273.257,4257.31,4266.88,3466,59,0,3466
2024-11-04 04:00:00,4266.893,4275.943,4248.299,4251.141,3491,59,0,3491
2024-11-04 05:00:00,4251.166,4256.482,4243.649,4253.611,3471,59,0,3471
2024-11-04 06:00:00,4253.611,4259.367,4242.6,4259.367,3488,59,0,3488
2024-11-04 07:00:00,4259.378,4276.84,4251.993,4276.84,3468,59,0,3468
2024-11-04 08:00:00,4276.849,4295.136,4273.835,4284.888,3479,59,0,3479
2024-11-04 09:00:00,4284.91,4285.087,4245.105,4248.849,3477,59,0,3477
2024-11-04 10:00:00,4248.869,4256.477,4244.68,4253.115,3487,59,0,3487
2024-11-04 11:00:00,4253.126,4274.377,4253.126,4270.729,3497,59,0,3497
2024-11-04 12:00:00,4270.738,4273.977,4258.257,4260.537,3480,59,0,3480
2024-11-04 13:00:00,4260.548,4264.069,4244.016,4249.636,3487,59,0,3487
2024-11-04 14:00:00,4249.64,4270.3,4249.64,4265.167,3472,59,0,3472
2024-11-04 15:00:00,4265.172,4274.244,4259.546,4260.931,3479,59,0,3479
2024-11-04 16:00:00,4260.951,4271.94,4237.993,4240.018,3484,59,0,3484
2024-11-04 17:00:00,4240.023,4251.372,4238.948,4248.536,3493,59,0,3493
2024-11-04 18:00:00,4248.539,4272.342,4248.539,4267.838,3471,59,0,3471
2024-11-04 19:00:00,4267.856,4283.662,4262.744,4283.662,3491,59,0,3491
2024-11-04 20:00:00,4283.671,4290.415,4278.528,4279.624,3469,59,0,3469
2024-11-04 21:00:00,4279.629,4285.22,4265.471,4269.797,3483,59,0,3483
2024-11-04 22:00:00,4269.802,4285.436,4260.917,4285.436,3471,59,0,3471
2024-11-04 23:00:00,4285.438,4292.838,4276.706,4280.337,3496,59,0,3496
2024-11-05 00:00:00,4280.339,4293.568,4272.075,4293.568,3475,59,0,3475
2024-11-05 01:00:00,4293.59,4308.571,4288.623,4308.571,3477,60,0,3477
2024-11-05 02:00:00,4308.584,4334.803,4308.584,4334.803,3493,60,0,3493
2024-11-05 03:00:00,4334.804,4349.677,4330.426,4338.376,3488,60,0,3488
2024-11-05 04:00:00,4338.379,4350.959,4337.986,4339.063,3475,60,0,3475
2024-11-05 05:00:00,4339.074,4350.914,4335.985,4350.667,3468,60,0,3468
2024-11-05 06:00:00,4350.674,4368.808,4350.674,4357.579,3494,60,0,3494
2024-11-05 07:00:00,4357.586,4370.408,4349.812,4356.846,3490,60,0,3490
2024-11-05 08:00:00,4356.849,4361.606,4348.313,4356.569,3485,60,0,3485
2024-11-05 09:00:00,4356.57,4363.797,4347.562,4356.228,3490,60,0,3490
2024-11-05 10:00:00,4356.239,4367.654,4356.239,4367.149,3480,60,0,3480
2024-11-05 11:00:00,4367.157,4378.946,4365.651,4378.946,3497,61,0,3497
2024-11-05 12:00:00,4378.957,4390.841,4377.773,4383.993,3493,61,0,3493
2024-11-05 13:00:00,4383.994,4394.576,4381.44,4392.147,3501,61,0,3501
2024-11-05 14:00:00,4392.156,4396.779,4383.87,4394.176,3496,61,0,3496
2024-11-05 15:00:00,4394.183,4397.645,4383.284,4394.331,3482,61,0,3482
2024-11-05 16:00:00,4394.35,4416.863,4394.35,4414.304,3469,61,0,3469
2024-11-05 17:00:00,4414.326,4424.754,4403.598,4424.754,3491,61,0,3491
2024-11-05 18:00:00,4424.757,4426.347,4392.204,4410.957,3475,61,0,3475
2024-11-05 19:00:00,4410.963,4435.68,4410.963,4434.917,3503,61,0,3503
2024-11-05 20:00:00,4434.937,4442.53,4427.092,4436.141,3477,61,0,3477
2024-11-05 21:00:00,4436.144,4446.527,4430.53,4435.966,3487,62,0,3487
2024-11-05 22:00:00,4435.986,4442.456,4408.573,4415.747,3482,61,0,3482
2024-11-05 23:00:00,4415.77,4418.894,4403.859,4410.359,3485,61,0,3485
2024-11-06 00:00:00,4410.362,4438.144,4410.362,4436.027,3493,61,0,3493
2024-11-06 01:00:00,4436.034,4438.086,4387.806,4388.799,3500,61,0,3500
2024-11-06 02:00:00,4388.809,4413.22,4388.809,4394.636,3505,61,0,3505
2024-11-06 03:00:00,4394.647,4414.858,4394.647,4410.607,3482,61,0,3482
2024-11-06 04:00:00,4410.634,4418.195,4409.944,4416.344,3479,61,0,3479
2024-11-06 05:00:00,4416.361,4422.09,4400.226,4422.09,3502,61,0,3502
2024-11-06 06:00:00,4422.097,4423.271,4412.282,4420.082,3495,61,0,3495
2024-11-06 07:00:00,4420.083,4441.243,4420.083,4441.243,3477,61,0,3477
2024-11-06 08:00:00,4441.25,4442.504,4410.483,4416.278,3496,61,0,3496
2024-11-06 09:00:00,4416.282,4425.664,4398.01,4401.678,3485,61,0,3485
2024-11-06 10:00:00,4401.681,4420.535,4401.681,4420.535,3486,61,0,3486
2024-11-06 11:00:00,4420.543,4437.992,4416.314,4437.992,3487,61,0,3487
2024-11-06 12:00:00,4438.01,4450.433,4437.339,4450.433,3493,62,0,3493
2024-11-06 13:00:00,4450.436,4465.497,4444.19,4448.561,3483,62,0,3483
2024-11-06 14:00:00,4448.567,4472.691,4448.216,4472.097,3492,62,0,3492
2024-11-06 15:00:00,4472.123,4483.681,4470.892,4477.256,3461,62,0,3461
2024-11-06 16:00:00,4477.268,4480.482,4462.24,4471.994,3489,62,0,3489
2024-11-06 17:00:00,4471.999,4486.286,4471.999,4477.562,3479,62,0,3479
2024-11-06 18:00:00,4477.568,4494.818,4477.568,4484.81,3497,62,0,3497
2024-11-06 19:00:00,4484.812,4493.34,4473.682,4475.149,3482,62,0,3482
2024-11-06 20:00:00,4475.16,4478.924,4463.72,4467.785,3497,62,0,3497
2024-11-06 21:00:00,4467.789,4473.962,4460.912,4471.115,3489,62,0,3489
2024-11-06 22:00:00,4471.121,4487.932,4471.121,4483.553,3490,62,0,3490
2024-11-06 23:00:00,4483.567,4491.763,4476.701,4485.171,3484,62,0,3484
2024-11-07 00:00:00,4485.173,4490.727,4471.79,4484.825,3494,62,0,3494
2024-11-07 01:00:00,4484.836,4490.668,4461.906,4471.876,3496,62,0,3496
2024-11-07 02:00:00,4471.878,4484.98,4471.878,4476.402,3492,62,0,3492
2024-11-07 03:00:00,4476.415,4496.433,4475.771,4496.433,3500,62,0,3500
2024-11-07 04:00:00,4496.45,4498.58,4482.374,4488.505,3482,62,0,3482
2024-11-07 05:00:00,4488.518,4505.513,4488.518,4503.057,3508,62,0,3508
2024-11-07 06:00:00,4503.067,4516.377,4501.186,4516.377,3491,63,0,3491
2024-11-07 07:00:00,4516.384,4528.402,4515.46,4527.145,3475,63,0,3475
2024-11-07 08:00:00,4527.156,4542.512,4526.33,4533.847,3456,63,0,3456
2024-11-07 09:00:00,4533.861,4543.817,4527.681,4541.015,3471,63,0,3471
2024-11-07 10:00:00,4541.025,4551.479,4533.851,4545.41,3498,63,0,3498
2024-11-07 11:00:00,4545.412,4557.616,4540.394,4548.61,3521,63,0,3521
2024-11-07 12:00:00,4548.632,4554.906,4530.968,4538.127,3498,63,0,3498
2024-11-07 13:00:00,4538.132,4539.816,4520.273,4524.941,3489,63,0,3489
2024-11-07 14:00:00,4524.949,4535.476,4521.988,4528.227,3488,63,0,3488
2024-11-07 15:00:00,4528.253,4536.554,4525.663,4527.957,3490,63,0,3490
2024-11-07 16:00:00,4527.962,4538.27,4524.304,4536.875,3471,63,0,3471
2024-11-07 17:00:00,4536.887,4538.122,4518.317,4525.791,3469,63,0,3469
2024-11-07 18:00:00,4525.803,4528.356,4512.998,4519.031,3518,63,0,3518
2024-11-07 19:00:00,4519.036,4524.2,4516.637,4522.386,3483,63,0,3483
2024-11-07 20:00:00,4522.389,4534.321,4519.897,4530.56,3503,63,0,3503
2024-11-07 21:00:00,4530.569,4532.624,4514.419,4527.91,3496,63,0,3496
2024-11-07 22:00:00,4527.91,4552.727,4527.91,4552.727,3497,63,0,3497
2024-11-07 23:00:00,4552.728,4560.636,4537.998,4541.375,3519,63,0,3519
2024-11-08 00:00:00,4541.386,4559.438,4540.866,4555.23,3495,63,0,3495
2024-11-08 01:00:00,4555.236,4568.791,4554.878,4566.616,3484,63,0,3484
2024-11-08 02:00:00,4566.639,4578.087,4544.333,4547.308,3490,63,0,3490
2024-11-08 03:00:00,4547.316,4555.583,4518.733,4519.64,3500,63,0,3500
2024-11-08 04:00:00,4519.641,4523.422,4505.495,4521.123,3495,63,0,3495
2024-11-08 05:00:00,4521.124,4523.515,4490.122,4494.872,3490,62,0,3490
2024-11-08 06:00:00,4494.886,4515.76,4494.886,4515.76,3486,62,0,3486
2024-11-08 07:00:00,4515.763,4518.29,4493.302,4494.886,3476,62,0,3476
2024-11-08 08:00:00,4494.889,4512.1,4494.889,4511.531,3506,62,0,3506
2024-11-08 09:00:00,4511.536,4521.433,4506.675,4517.907,3503,63,0,3503
2024-11-08 10:00:00,4517.917,4530.065,4515.146,4522.04,3485,63,0,3485
2024-11-08 11:00:00,4522.045,4532.774,4520.255,4531.97,3486,63,0,3486
2024-11-08 12:00:00,4531.975,4547.102,4510.01,4517.085,3487,63,0,3487
2024-11-08 13:00:00,4517.089,4519.288,4477.647,4482.617,3495,62,0,3495
2024-11-08 14:00:00,4482.627,4500.254,4482.627,4494.726,3503,62,0,3503
2024-11-08 15:00:00,4494.727,4520.024,4494.727,4518.158,3491,62,0,3491
2024-11-08 16:00:00,4518.167,4522.2,4490.416,4500.216,3492,62,0,3492
2024-11-08 17:00:00,4500.22,4514.234,4495.122,4514.234,3498,62,0,3498
2024-11-08 18:00:00,4514.25,4523.987,4507.789,4521.15,3492,63,0,3492
2024-11-08 19:00:00,4521.154,4538.114,4518.094,4537.602,3492,63,0,3492
2024-11-08 20:00:00,4537.616,4551.541,4537.616,4541.787,3485,63,0,3485
2024-11-08 21:00:00,4541.787,4542.944,4501.861,4501.933,3483,63,0,3483
2024-11-08 22:00:00,4501.934,4512.09,4501.048,4512.09,3503,63,0,3503
2024-11-08 23:00:00,4512.094,4525.995,4505.747,4520.588,3492,63,0,3492
2024-11-09 00:00:00,4520.59,4542.171,4516.263,4542.171,3498,63,0,3498
2024-11-09 01:00:00,4542.182,4564.947,4542.182,4564.947,3472,63,0,3472
2024-11-09 02:00:00,4564.961,4573.956,4555.785,4557.382,3477,63,0,3477
2024-11-09 03:00:00,4557.387,4572.589,4557.387,4569.531,3515,63,0,3515
2024-11-09 04:00:00,4569.549,4583.596,4568.077,4578.084,3499,63,0,3499
2024-11-09 05:00:00,4578.105,4587.719,4574.78,4577.813,3474,64,0,3474
2024-11-09 06:00:00,4577.84,4588.753,4572.654,4587.729,3503,64,0,3503
2024-11-09 07:00:00,4587.737,4599.765,4586.348,4590.929,3500,64,0,3500
2024-11-09 08:00:00,4590.938,4598.621,4585.981,4598.621,3481,64,0,3481
2024-11-09 09:00:00,4598.634,4613.087,4593.127,4595.674,3497,64,0,3497
2024-11-09 10:00:00,4595.675,4607.769,4595.675,4605.709,3483,64,0,3483
2024-11-09 11:00:00,4605.728,4626.778,4605.728,4626.764,3497,64,0,3497
2024-11-09 12:00:00,4626.796,4634.996,4593.315,4594.133,3493,64,0,3493
2024-11-09 13:00:00,4594.147,4600.395,4579.982,4590.391,3493,64,0,3493
2024-11-09 14:00:00,4590.394,4593.239,4523.921,4524.259,3493,63,0,3493
2024-11-09 15:00:00,4524.269,4538.406,4523.451,4535.413,3488,63,0,3488
2024-11-09 16:00:00,4535.424,4536.234,4505.462,4506.714,3474,63,0,3474
2024-11-09 17:00:00,4506.722,4508.572,4486.855,4497.903,3489,62,0,3489
2024-11-09 18:00:00,4497.903,4505.29,4483.332,4492.726,3483,62,0,3483
2024-11-09 19:00:00,4492.735,4503.596,4482.814,4487.52,3468,62,0,3468
2024-11-09 20:00:00,4487.522,4496.032,4482.757,4484.66,3490,62,0,3490
2024-11-09 21:00:00,4484.678,4490.842,4472.209,4476.957,3492,62,0,3492
2024-11-09 22:00:00,4476.975,4494.628,4476.048,4490.185,3489,62,0,3489
2024-11-09 23:00:00,4490.189,4495.9,4485.948,4495.9,3482,62,0,3482
2024-11-10 00:00:00,4495.901,4514.128,4484.435,4484.596,3496,62,0,3496
2024-11-10 01:00:00,4484.609,4487.834,4468.112,4473.438,3487,62,0,3487
2024-11-10 02:00:00,4473.459,4484.217,4444.752,4452.188,3493,62,0,3493
2024-11-10 03:00:00,4452.208,4462.119,4439.607,4462.119,3479,62,0,3479
2024-11-10 04:00:00,4462.125,4486.167,4462.125,4479.634,3488,62,0,3488
2024-11-10 05:00:00,4479.639,4498.611,4476.092,4482.814,3485,62,0,3485
2024-11-10 06:00:00,4482.82,4496.852,4480.111,4494.89,3491,62,0,3491
2024-11-10 07:00:00,4494.906,4501.35,4486.268,4494.869,3479,62,0,3479
2024-11-10 08:00:00,4494.879,4506.914,4488.738,4506.914,3476,62,0,3476
2024-11-10 09:00:00,4506.924,4510.378,4495.43,4505.219,3482,62,0,3482
2024-11-10 10:00:00,4505.228,4510.136,4497.745,4506.005,3484,62,0,3484
2024-11-10 11:00:00,4506.023,4510.681,4494.964,4497.89,3486,62,0,3486
2024-11-10 12:00:00,4497.892,4501.436,4485.152,4487.151,3485,62,0,3485
2024-11-10 13:00:00,4487.152,4495.526,4467.081,4474.562,3484,62,0,3484
2024-11-10 14:00:00,4474.565,4483.109,4457.946,4472.581,3477,62,0,3477
2024-11-10 15:00:00,4472.596,4489.854,4470.934,4481.197,3486,62,0,3486
2024-11-10 16:00:00,4481.209,4484.519,4472.658,4481.543,3493,62,0,3493
2024-11-10 17:00:00,4481.551,4484.467,4464.686,4473.455,3493,62,0,3493
2024-11-10 18:00:00,4473.459,4474.59,4455.002,4458.02,3485,62,0,3485
2024-11-10 19:00:00,4458.022,4474.749,4455.587,4474.749,3488,62,0,3488
2024-11-10 20:00:00,4474.753,4500.086,4474.753,4500.086,3492,62,0,3492
2024-11-10 21:00:00,4500.093,4522.119,4500.093,4522.119,3483,63,0,3483
2024-11-10 22:00:00,4522.122,4528.439,4509.837,4527.06,3488,63,0,3488
2024-11-10 23:00:00,4527.082,4533.811,4516.802,4527.38,3490,63,0,3490
2024-11-11 00:00:00,4527.399,4534.767,4521.393,4533.659,3475,63,0,3475
2024-11-11 01:00:00,4533.662,4552.9,4532.664,4550.587,3506,63,0,3506
2024-11-11 02:00:00,4550.604,4551.54,4534.966,4551.54,3480,63,0,3480
2024-11-11 03:00:00,4551.545,4562.87,4527.525,4537.64,3501,63,0,3501
2024-11-11 04:00:00,4537.653,4540.664,4527.825,4539.325,3501,63,0,3501
2024-11-11 05:00:00,4539.327,4554.822,4535.847,4554.822,3497,63,0,3497
2024-11-11 06:00:00,4554.837,4560.383,4540.429,4547.462,3487,63,0,3487
2024-11-11 07:00:00,4547.475,4548.376,4505.936,4514.706,3484,63,0,3484
2024-11-11 08:00:00,4514.721,4523.474,4509.11,4522.931,3499,63,0,3499
2024-11-11 09:00:00,4522.938,4526.521,4503.874,4504.562,3488,63,0,3488
2024-11-11 10:00:00,4504.565,4514.607,4497.739,4514.607,3490,62,0,3490
2024-11-11 11:00:00,4514.619,4518.302,4495.841,4503.424,3489,62,0,3489
2024-11-11 12:00:00,4503.43,4517.482,4497.976,4517.482,3492,62,0,3492
2024-11-11 13:00:00,4517.49,4536.251,4517.49,4535.216,3498,63,0,3498
2024-11-11 14:00:00,4535.238,4547.715,4535.238,4536.136,3494,63,0,3494
2024-11-11 15:00:00,4536.143,4546.775,4530.123,4546.775,3498,63,0,3498
2024-11-11 16:00:00,4546.789,4567.622,4546.789,4567.622,3482,63,0,3482
2024-11-11 17:00:00,4567.628,4575.145,4550.372,4554.427,3485,63,0,3485
2024-11-11 18:00:00,4554.442,4556.996,4539.0,4545.521,3483,63,0,3483
2024-11-11 19:00:00,4545.539,4546.688,4508.896,4513.624,3497,63,0,3497
2024-11-11 20:00:00,4513.63,4535.454,4513.087,4535.454,3503,63,0,3503
2024-11-11 21:00:00,4535.461,4544.889,4529.658,4537.641,3476,63,0,3476
2024-11-11 22:00:00,4537.66,4561.182,4535.154,4561.182,3487,63,0,3487
2024-11-11 23:00:00,4561.182,4572.843,4553.178,4572.843,3497,63,0,3497
2024-11-12 00:00:00,4572.843,4577.436,4549.918,4560.603,3524,63,0,3524
2024-11-12 01:00:00,4560.619,4561.467,4536.6,4548.308,3505,63,0,3505
2024-11-12 02:00:00,4548.332,4554.938,4541.236,4552.336,3495,63,0,3495
2024-11-12 03:00:00,4552.344,4554.528,4533.476,4536.151,3501,63,0,3501
2024-11-12 04:00:00,4536.166,4561.058,4536.166,4561.058,3471,63,0,3471
2024-11-12 05:00:00,4561.081,4570.382,4554.791,4570.382,3500,63,0,3500
2024-11-12 06:00:00,4570.394,4571.552,4526.356,4528.392,3479,63,0,3479
2024-11-12 07:00:00,4528.4,4534.105,4518.992,4519.352,3481,63,0,3481
2024-11-12 08:00:00,4519.355,4525.639,4503.99,4517.736,3480,63,0,3480
2024-11-12 09:00:00,4517.741,4519.338,4490.238,4499.428,3492,62,0,3492
2024-11-12 10:00:00,4499.438,4522.153,4495.685,4521.493,3487,62,0,3487
2024-11-12 11:00:00,4521.504,4544.48,4521.504,4538.613,3482,63,0,3482
2024-11-12 12:00:00,4538.627,4547.612,4532.265,4547.612,3505,63,0,3505
2024-11-12 13:00:00,4547.613,4554.725,4528.384,4537.438,3465,63,0,3465
2024-11-12 14:00:00,4537.445,4547.241,4514.806,4516.958,3478,63,0,3478
2024-11-12 15:00:00,4516.966,4517.874,4480.11,4487.132,3493,62,0,3493
2024-11-12 16:00:00,4487.133,4500.109,4482.095,4485.577,3490,62,0,3490
2024-11-12 17:00:00,4485.584,4485.767,4464.715,4473.454,3486,62,0,3486
2024-11-12 18:00:00,4473.461,4488.929,4471.521,4476.028,3484,62,0,3484
2024-11-12 19:00:00,4476.04,4498.294,4476.04,4495.302,3483,62,0,3483
2024-11-12 20:00:00,4495.312,4503.405,4480.828,4483.052,3493,62,0,3493
2024-11-12 21:00:00,4483.056,4499.09,4480.823,4494.801,3481,62,0,3481
2024-11-12 22:00:00,4494.805,4505.269,4490.713,4491.775,3481,62,0,3481
2024-11-12 23:00:00,4491.78,4502.909,4477.413,4480.453,3486,62,0,3486
2024-11-13 00:00:00,4480.455,4485.552,4464.009,4471.138,3491,62,0,3491
2024-11-13 01:00:00,4471.168,4472.805,4450.185,4459.729,3500,62,0,3500
2024-11-13 02:00:00,4459.732,4477.467,4456.055,4471.953,3432,62,0,3432
2024-11-13 03:00:00,4471.969,4477.399,4456.495,4460.593,3483,62,0,3483
2024-11-13 04:00:00,4460.597,4485.84,4460.597,4471.143,3489,62,0,3489
2024-11-13 05:00:00,4471.152,4492.874,4471.152,4483.653,3465,62,0,3465
2024-11-13 06:00:00,4483.661,4489.596,4462.342,4470.014,3502,62,0,3502
2024-11-13 07:00:00,4470.021,4483.109,4467.949,4483.109,3510,62,0,3510
2024-11-13 08:00:00,4483.118,4484.077,4472.898,4478.021,3483,62,0,3483
2024-11-13 09:00:00,4478.032,4498.106,4476.608,4490.143,3470,62,0,3470
2024-11-13 10:00:00,4490.155,4494.976,4466.259,4471.503,3497,62,0,3497
2024-11-13 11:00:00,4471.515,4476.468,4453.411,4466.852,3486,62,0,3486
2024-11-13 12:00:00,4466.858,4481.125,4466.858,4481.125,3492,62,0,3492
2024-11-13 13:00:00,4481.129,4483.06,4464.357,4477.931,3477,62,0,3477
2024-11-13 14:00:00,4477.94,4491.979,4462.834,4464.382,3487,62,0,3487
2024-11-13 15:00:00,4464.4,4480.78,4459.553,4480.78,3495,62,0,3495
2024-11-13 16:00:00,4480.783,4492.6,4471.273,4473.005,3485,62,0,3485
2024-11-13 17:00:00,4473.022,4474.375,4421.745,4423.38,3474,61,0,3474
2024-11-13 18:00:00,4423.384,4437.347,4419.306,4437.347,3494,61,0,3494
2024-11-13 19:00:00,4437.349,4447.483,4415.92,4420.737,3469,61,0,3469
2024-11-13 20:00:00,4420.747,4424.92,4410.225,4410.71,3482,61,0,3482
2024-11-13 21:00:00,4410.715,4411.799,4380.843,4381.37,3507,61,0,3507
2024-11-13 22:00:00,4381.381,4396.154,4381.381,4396.154,3482,61,0,3482
2024-11-13 23:00:00,4396.167,4411.944,4391.75,4411.944,3493,61,0,3493
2024-11-14 00:00:00,4411.959,4415.444,4390.803,4400.48,3484,61,0,3484
2024-11-14 01:00:00,4400.484,4429.703,4400.484,4429.703,3482,61,0,3482
2024-11-14 02:00:00,4429.718,4434.168,4418.39,4427.418,3484,61,0,3484
2024-11-14 03:00:00,4427.431,4438.981,4404.616,4405.144,3484,61,0,3484
2024-11-14 04:00:00,4405.153,4414.474,4395.288,4398.395,3495,61,0,3495
2024-11-14 05:00:00,4398.396,4405.879,4390.477,4403.96,3520,61,0,3520
2024-11-14 06:00:00,4403.978,4411.12,4388.822,4400.603,3498,61,0,3498
2024-11-14 07:00:00,4400.621,4402.954,4385.602,4402.954,3488,61,0,3488
2024-11-14 08:00:00,4402.972,4408.437,4385.596,4394.54,3497,61,0,3497
2024-11-14 09:00:00,4394.545,4403.64,4388.337,4397.381,3495,61,0,3495
2024-11-14 10:00:00,4397.398,4416.779,4394.628,4394.939,3504,61,0,3504
2024-11-14 11:00:00,4394.949,4399.523,4383.807,4388.328,3487,61,0,3487
2024-11-14 12:00:00,4388.339,4402.913,4387.667,4399.538,3495,61,0,3495
2024-11-14 13:00:00,4399.548,4416.781,4397.685,4409.191,3467,61,0,3467
2024-11-14 14:00:00,4409.196,4418.34,4391.515,4391.706,3483,61,0,3483
2024-11-14 15:00:00,4391.711,4401.487,4383.892,4397.426,3486,61,0,3486
2024-11-14 16:00:00,4397.443,4399.735,4369.139,4384.849,3476,61,0,3476
2024-11-14 17:00:00,4384.862,4391.274,4371.347,4373.807,3488,61,0,3488
2024-11-14 18:00:00,4373.811,4376.806,4360.201,4376.553,3481,61,0,3481
2024-11-14 19:00:00,4376.557,4384.234,4370.137,4378.627,3504,61,0,3504
2024-11-14 20:00:00,4378.637,4383.919,4369.751,4372.088,3487,61,0,3487
2024-11-14 21:00:00,4372.094,4372.653,4351.784,4365.5,3499,60,0,3499
2024-11-14 22:00:00,4365.504,4366.023,4339.038,4345.874,3484,60,0,3484
2024-11-14 23:00:00,4345.883,4354.918,4337.501,4348.821,3499,60,0,3499
2024-11-15 00:00:00,4348.821,4372.128,4348.821,4364.696,3493,60,0,3493
2024-11-15 01:00:00,4364.7,4374.849,4361.213,4366.522,3478,61,0,3478
2024-11-15 02:00:00,4366.522,4390.518,4366.422,4390.518,3492,61,0,3492
2024-11-15 03:00:00,4390.521,4407.078,4390.521,4407.078,3483,61,0,3483
2024-11-15 04:00:00,4407.083,4418.085,4390.737,4393.105,3492,61,0,3492
2024-11-15 05:00:00,4393.108,4403.608,4389.688,4393.048,3491,61,0,3491
2024-11-15 06:00:00,4393.06,4406.826,4393.06,4398.885,3453,61,0,3453
2024-11-15 07:00:00,4398.894,4403.695,4394.744,4401.335,3475,61,0,3475
2024-11-15 08:00:00,4401.335,4408.362,4399.034,4408.038,3488,61,0,3488
2024-11-15 09:00:00,4408.056,4431.507,4408.056,4422.514,3499,61,0,3499
2024-11-15 10:00:00,4422.516,4434.306,4422.166,4429.358,3488,61,0,3488
2024-11-15 11:00:00,4429.391,4435.365,4423.276,4428.798,3486,61,0,3486
2024-11-15 12:00:00,4428.801,4445.519,4425.876,4430.926,3487,61,0,3487
2024-11-15 13:00:00,4430.93,4447.303,4429.277,4435.086,3498,62,0,3498
2024-11-15 14:00:00,4435.104,4446.299,4429.787,4446.299,3498,62,0,3498
2024-11-15 15:00:00,4446.308,4446.493,4408.548,4411.485,3492,61,0,3492
2024-11-15 16:00:00,4411.508,4417.183,4378.811,4386.339,3496,61,0,3496
2024-11-15 17:00:00,4386.364,4390.576,4363.308,4363.961,3491,61,0,3491
2024-11-15 18:00:00,4363.971,4372.885,4352.257,4358.84,3506,60,0,3506
2024-11-15 19:00:00,4358.858,4359.609,4339.297,4348.201,3483,60,0,3483
2024-11-15 20:00:00,4348.222,4357.342,4343.086,4352.048,3500,60,0,3500
2024-11-15 21:00:00,4352.061,4355.179,4344.327,4348.954,3490,60,0,3490
2024-11-15 22:00:00,4348.967,4351.352,4330.579,4350.296,3491,60,0,3491
2024-11-15 23:00:00,4350.306,4362.132,4346.238,4350.099,3487,60,0,3487
2024-11-16 00:00:00,4350.114,4358.867,4341.871,4343.138,3501,60,0,3501
2024-11-16 01:00:00,4343.146,4356.426,4339.29,4352.864,3477,60,0,3477
2024-11-16 02:00:00,4352.864,4372.611,4349.249,4372.611,3500,60,0,3500
2024-11-16 03:00:00,4372.615,4372.865,4346.138,4347.824,3491,60,0,3491
2024-11-16 04:00:00,4347.828,4351.576,4307.663,4314.264,3467,60,0,3467
2024-11-16 05:00:00,4314.267,4321.9,4307.516,4308.523,3493,60,0,3493
2024-11-16 06:00:00,4308.527,4328.609,4308.527,4328.609,3493,60,0,3493
2024-11-16 07:00:00,4328.611,4337.482,4326.066,4332.704,3488,60,0,3488
2024-11-16 08:00:00,4332.704,4339.711,4322.91,4332.191,3487,60,0,3487
2024-11-16 09:00:00,4332.195,4338.227,4318.186,4319.938,3483,60,0,3483
2024-11-16 10:00:00,4319.947,4326.951,4315.224,4319.252,3496,60,0,3496
2024-11-16 11:00:00,4319.255,4335.626,4305.779,4309.265,3459,60,0,3459
2024-11-16 12:00:00,4309.274,4321.873,4304.639,4320.388,3491,60,0,3491
2024-11-16 13:00:00,4320.393,4342.942,4320.393,4335.025,3477,60,0,3477
2024-11-16 14:00:00,4335.038,4357.036,4333.425,4348.928,3496,60,0,3496
2024-11-16 15:00:00,4348.931,4350.574,4323.88,4327.613,3487,60,0,3487
2024-11-16 16:00:00,4327.63,4338.297,4327.63,4338.297,3483,60,0,3483
2024-11-16 17:00:00,4338.309,4357.861,4338.309,4357.861,3474,60,0,3474
2024-11-16 18:00:00,4357.862,4363.315,4344.232,4355.934,3479,60,0,3479
2024-11-16 19:00:00,4355.935,4372.731,4355.935,4362.652,3496,60,0,3496
2024-11-16 20:00:00,4362.661,4376.253,4362.661,4370.218,3484,61,0,3484
2024-11-16 21:00:00,4370.218,4394.896,4367.363,4394.896,3479,61,0,3479
2024-11-16 22:00:00,4394.912,4399.251,4386.104,4386.21,3486,61,0,3486
2024-11-16 23:00:00,4386.226,4391.871,4379.285,4380.569,3496,61,0,3496
2024-11-17 00:00:00,4380.574,4394.904,4372.171,4372.661,3483,61,0,3483
2024-11-17 01:00:00,4372.68,4383.325,4366.399,4381.416,3274,61,0,3274
2024-11-17 02:00:00,4381.427,4400.708,4381.427,4400.124,3498,61,0,3498
2024-11-17 03:00:00,4400.132,4409.39,4400.132,4407.835,3490,61,0,3490
2024-11-17 04:00:00,4407.842,4413.944,4383.634,4384.47,3497,61,0,3497
2024-11-17 05:00:00,4384.471,4391.568,4369.165,4378.132,3486,61,0,3486
2024-11-17 06:00:00,4378.134,4379.083,4346.799,4350.462,3485,60,0,3485
2024-11-17 07:00:00,4350.47,4367.741,4350.47,4361.802,3474,60,0,3474
2024-11-17 08:00:00,4361.808,4377.602,4354.121,4355.754,3472,60,0,3472
2024-11-17 09:00:00,4355.757,4359.052,4337.981,4347.917,3509,60,0,3509
2024-11-17 10:00:00,4347.922,4364.357,4347.922,4357.407,3489,60,0,3489
2024-11-17 11:00:00,4357.425,4377.0,4356.128,4368.606,3484,61,0,3484
2024-11-17 12:00:00,4368.614,4380.588,4368.507,4378.69,3484,61,0,3484
2024-11-17 13:00:00,4378.713,4393.63,4378.27,4384.066,3502,61,0,3502
2024-11-17 14:00:00,4384.077,4391.952,4379.179,4386.383,3493,61,0,3493
2024-11-17 15:00:00,4386.385,4387.224,4359.991,4363.345,3479,61,0,3479
2024-11-17 16:00:00,4363.354,4368.071,4355.344,4362.565,3495,60,0,3495
2024-11-17 17:00:00,4362.567,4367.151,4338.33,4342.432,3482,60,0,3482
2024-11-17 18:00:00,4342.435,4343.665,4300.362,4304.005,3484,60,0,3484
2024-11-17 19:00:00,4304.012,4317.743,4300.029,4306.968,3493,60,0,3493
2024-11-17 20:00:00,4306.969,4323.167,4302.545,4320.19,3488,60,0,3488
2024-11-17 21:00:00,4320.2,4333.397,4307.401,4307.682,3480,60,0,3480
2024-11-17 22:00:00,4307.684,4311.754,4281.669,4286.104,3497,59,0,3497
2024-11-17 23:00:00,4286.116,4301.256,4284.712,4286.645,3471,59,0,3471
2024-11-18 00:00:00,4286.648,4287.162,4266.063,4267.227,3498,59,0,3498
2024-11-18 01:00:00,4267.249,4268.856,4250.111,4253.797,3482,59,0,3482
2024-11-18 02:00:00,4253.809,4258.886,4222.799,4230.353,3484,59,0,3484
2024-11-18 03:00:00,4230.359,4242.058,4222.51,4233.735,3498,59,0,3498
2024-11-18 04:00:00,4233.738,4246.337,4233.738,4240.637,3486,59,0,3486
2024-11-18 05:00:00,4240.649,4260.245,4239.204,4257.246,3470,59,0,3470
2024-11-18 06:00:00,4257.267,4283.052,4256.142,4283.052,3457,59,0,3457
2024-11-18 07:00:00,4283.068,4293.025,4274.308,4293.025,3472,59,0,3472
2024-11-18 08:00:00,4293.029,4305.831,4293.029,4300.772,3485,60,0,3485
2024-11-18 09:00:00,4300.785,4307.174,4297.338,4300.957,3493,60,0,3493
2024-11-18 10:00:00,4300.969,4322.219,4300.969,4308.289,3498,60,0,3498
2024-11-18 11:00:00,4308.294,4321.224,4303.235,4321.224,3484,60,0,3484
2024-11-18 12:00:00,4321.229,4333.728,4305.513,4314.028,3489,60,0,3489
2024-11-18 13:00:00,4314.042,4324.793,4311.38,4317.633,3479,60,0,3479
2024-11-18 14:00:00,4317.641,4327.209,4312.948,4315.469,3498,60,0,3498
2024-11-18 15:00:00,4315.47,4325.907,4309.951,4318.054,3495,60,0,3495
2024-11-18 16:00:00,4318.074,4335.901,4318.074,4328.426,3471,60,0,3471
2024-11-18 17:00:00,4328.445,4336.848,4328.445,4336.288,3494,60,0,3494
2024-11-18 18:00:00,4336.294,4354.746,4336.294,4354.56,3485,60,0,3485
2024-11-18 19:00:00,4354.575,4374.535,4350.826,4367.422,3498,60,0,3498
2024-11-18 20:00:00,4367.423,4382.456,4365.732,4367.725,3489,61,0,3489
2024-11-18 21:00:00,4367.732,4380.885,4366.989,4380.885,3469,61,0,3469
2024-11-18 22:00:00,4380.892,4389.872,4372.322,4381.852,3468,61,0,3468
2024-11-18 23:00:00,4381.863,4386.806,4371.565,4379.628,3495,61,0,3495
2024-11-19 00:00:00,4379.634,4396.326,4376.347,4390.721,3499,61,0,3499
2024-11-19 01:00:00,4390.735,4410.39,4390.735,4396.878,3483,61,0,3483
2024-11-19 02:00:00,4396.887,4398.749,4376.342,4386.219,3469,61,0,3469
2024-11-19 03:00:00,4386.23,4399.795,4386.23,4393.177,3475,61,0,3475
2024-11-19 04:00:00,4393.185,4421.046,4393.185,4418.924,3501,61,0,3501
2024-11-19 05:00:00,4418.925,4423.341,4410.602,4422.614,3494,61,0,3494
2024-11-19 06:00:00,4422.64,4442.137,4422.449,4442.137,3480,61,0,3480
2024-11-19 07:00:00,4442.147,4455.489,4440.143,4455.489,3482,62,0,3482
2024-11-19 08:00:00,4455.491,4462.956,4447.481,4459.966,3483,62,0,3483
2024-11-19 09:00:00,4459.972,4468.799,4449.575,4451.898,3474,62,0,3474
2024-11-19 10:00:00,4451.909,4453.028,4403.375,4404.038,3487,61,0,3487
2024-11-19 11:00:00,4404.04,4418.661,4402.907,4418.661,3469,61,0,3469
2024-11-19 12:00:00,4418.676,4441.987,4418.676,4434.682,3485,61,0,3485
2024-11-19 13:00:00,4434.687,4437.855,4426.223,4431.899,3499,61,0,3499
2024-11-19 14:00:00,4431.904,4434.884,4400.21,4400.456,3476,61,0,3476
2024-11-19 15:00:00,4400.462,4416.018,4394.736,4398.912,3500,61,0,3500
2024-11-19 16:00:00,4398.926,4405.963,4377.04,4383.415,3510,61,0,3510
2024-11-19 17:00:00,4383.417,4385.841,4367.942,4371.535,3465,61,0,3465
2024-11-19 18:00:00,4371.538,4377.736,4361.077,4364.354,3472,61,0,3472
2024-11-19 19:00:00,4364.368,4365.649,4341.109,4346.49,3499,60,0,3499
2024-11-19 20:00:00,4346.507,4365.1,4343.306,4356.786,3485,60,0,3485
2024-11-19 21:00:00,4356.788,4364.095,4338.254,4338.518,3485,60,0,3485
2024-11-19 22:00:00,4338.525,4361.942,4338.525,4361.942,3470,60,0,3470
2024-11-19 23:00:00,4361.949,4370.863,4353.742,4354.97,3487,60,0,3487
2024-11-20 00:00:00,4354.971,4364.019,4336.888,4337.137,3502,60,0,3502
2024-11-20 01:00:00,4337.145,4343.259,4326.093,4340.225,3495,60,0,3495
2024-11-20 02:00:00,4340.238,4348.756,4334.193,4341.479,3475,60,0,3475
2024-11-20 03:00:00,4341.495,4345.087,4318.995,4319.607,3467,60,0,3467
2024-11-20 04:00:00,4319.608,4341.344,4319.608,4332.712,3488,60,0,3488
2024-11-20 05:00:00,4332.713,4354.012,4332.713,4354.012,3493,60,0,3493
2024-11-20 06:00:00,4354.024,4367.894,4348.308,4351.198,3477,60,0,3477
2024-11-20 07:00:00,4351.211,4357.106,4339.992,4349.547,3490,60,0,3490
2024-11-20 08:00:00,4349.554,4350.952,4331.485,4334.967,3469,60,0,3469
2024-11-20 09:00:00,4334.974,4336.378,4300.382,4301.934,3469,60,0,3469
2024-11-20 10:00:00,4301.936,4323.15,4301.936,4313.368,3479,60,0,3479
2024-11-20 11:00:00,4313.385,4317.723,4298.803,4303.421,3492,60,0,3492
2024-11-20 12:00:00,4303.421,4311.641,4285.587,4290.309,3473,60,0,3473
2024-11-20 13:00:00,4290.319,4296.617,4283.501,4294.026,3491,59,0,3491
2024-11-20 14:00:00,4294.031,4304.895,4275.563,4278.544,3463,59,0,3463
2024-11-20 15:00:00,4278.552,4279.843,4243.615,4245.597,3492,59,0,3492
2024-11-20 16:00:00,4245.597,4265.661,4245.597,4265.661,3489,59,0,3489
2024-11-20 17:00:00,4265.665,4274.258,4262.538,4273.928,3504,59,0,3504
2024-11-20 18:00:00,4273.938,4286.136,4272.296,4280.357,3491,59,0,3491
2024-11-20 19:00:00,4280.358,4284.027,4263.32,4268.116,3473,59,0,3473
2024-11-20 20:00:00,4268.117,4275.892,4259.126,4265.507,3481,59,0,3481
2024-11-20 21:00:00,4265.52,4268.041,4256.986,4259.158,3499,59,0,3499
2024-11-20 22:00:00,4259.17,4259.17,4233.923,4236.602,3480,59,0,3480
2024-11-20 23:00:00,4236.621,4237.558,4214.39,4222.636,3484,59,0,3484
2024-11-21 00:00:00,4222.647,4229.314,4211.203,4216.957,3505,58,0,3505
2024-11-21 01:00:00,4216.962,4230.903,4214.298,4226.834,3467,59,0,3467
2024-11-21 02:00:00,4226.842,4229.089,4213.081,4227.094,3487,59,0,3487
2024-11-21 03:00:00,4227.112,4245.003,4226.737,4239.357,3488,59,0,3488
2024-11-21 04:00:00,4239.38,4243.699,4221.434,4224.286,3486,59,0,3486
2024-11-21 05:00:00,4224.288,4235.669,4213.088,4235.669,3486,58,0,3486
2024-11-21 06:00:00,4235.681,4243.355,4228.194,4234.673,3466,59,0,3466
2024-11-21 07:00:00,4234.679,4237.943,4190.825,4194.758,3488,58,0,3488
2024-11-21 08:00:00,4194.775,4205.968,4189.208,4189.346,3498,58,0,3498
2024-11-21 09:00:00,4189.355,4195.093,4159.306,4162.865,3479,58,0,3479
2024-11-21 10:00:00,4162.872,4176.5,4162.872,4166.071,3482,58,0,3482
2024-11-21 11:00:00,4166.078,4181.616,4166.078,4181.616,3475,58,0,3475
2024-11-21 12:00:00,4181.619,4203.411,4181.619,4201.448,3476,58,0,3476
2024-11-21 13:00:00,4201.46,4209.654,4193.375,4199.541,3489,58,0,3489
2024-11-21 14:00:00,4199.546,4208.61,4192.698,4198.743,3478,58,0,3478
2024-11-21 15:00:00,4198.749,4208.112,4194.82,4199.654,3476,58,0,3476
2024-11-21 16:00:00,4199.658,4207.677,4196.522,4203.727,3483,58,0,3483
2024-11-21 17:00:00,4203.736,4216.756,4201.215,4216.756,3483,58,0,3483
2024-11-21 18:00:00,4216.766,4225.36,4196.033,4199.731,3484,58,0,3484
2024-11-21 19:00:00,4199.735,4204.856,4182.305,4195.008,3492,58,0,3492
2024-11-21 20:00:00,4195.019,4209.183,4193.745,4209.183,3483,58,0,3483
2024-11-21 21:00:00,4209.186,4209.452,4193.795,4197.853,3493,58,0,3493
2024-11-21 22:00:00,4197.854,4222.098,4197.854,4215.342,3485,58,0,3485
2024-11-21 23:00:00,4215.355,4216.695,4190.36,4197.251,3470,58,0,3470
2024-11-22 00:00:00,4197.26,4208.725,4192.947,4208.685,3477,58,0,3477
2024-11-22 01:00:00,4208.685,4216.88,4186.864,4191.987,3495,58,0,3495
2024-11-22 02:00:00,4191.994,4194.874,4183.413,4188.909,3475,58,0,3475
2024-11-22 03:00:00,4188.911,4200.911,4187.907,4200.911,3489,58,0,3489
2024-11-22 04:00:00,4200.919,4202.108,4168.503,4179.708,3483,58,0,3483
2024-11-22 05:00:00,4179.718,4191.218,4179.718,4183.952,3483,58,0,3483
2024-11-22 06:00:00,4183.967,4197.012,4178.391,4193.672,3471,58,0,3471
2024-11-22 07:00:00,4193.676,4205.639,4186.392,4193.24,3482,58,0,3482
2024-11-22 08:00:00,4193.241,4204.574,4188.709,4197.79,3476,58,0,3476
2024-11-22 09:00:00,4197.794,4204.045,4192.643,4199.824,3495,58,0,3495
2024-11-22 10:00:00,4199.837,4206.008,4173.529,4174.005,3477,58,0,3477
2024-11-22 11:00:00,4174.012,4190.72,4168.668,4190.72,3484,58,0,3484
2024-11-22 12:00:00,4190.724,4201.5,4178.25,4201.5,3486,58,0,3486
2024-11-22 13:00:00,4201.516,4208.246,4176.492,4182.447,3472,58,0,3472
2024-11-22 14:00:00,4182.472,4183.632,4168.61,4177.873,3483,58,0,3483
2024-11-22 15:00:00,4177.883,4202.201,4177.029,4202.201,3482,58,0,3482
2024-11-22 16:00:00,4202.212,4203.161,4187.487,4191.364,3484,58,0,3484
2024-11-22 17:00:00,4191.377,4201.22,4191.377,4196.573,3492,58,0,3492
2024-11-22 18:00:00,4196.575,4209.348,4194.658,4209.348,3481,58,0,3481
2024-11-22 19:00:00,4209.358,4229.638,4209.358,4224.152,3506,58,0,3506
2024-11-22 20:00:00,4224.162,4233.27,4220.57,4226.55,3473,59,0,3473
2024-11-22 21:00:00,4226.553,4232.991,4216.095,4222.912,3489,59,0,3489
2024-11-22 22:00:00,4222.917,4242.432,4222.917,4241.428,3481,59,0,3481
2024-11-22 23:00:00,4241.445,4261.368,4241.445,4251.8,3501,59,0,3501
2024-11-23 00:00:00,4251.811,4254.948,4244.029,4251.492,3481,59,0,3481
2024-11-23 01:00:00,4251.494,4268.007,4249.304,4257.053,3478,59,0,3478
2024-11-23 02:00:00,4257.056,4276.043,4257.056,4269.193,3481,59,0,3481
2024-11-23 03:00:00,4269.2,4283.19,4268.542,4269.043,3480,59,0,3480
2024-11-23 04:00:00,4269.049,4272.72,4262.281,4272.72,3478,59,0,3478
2024-11-23 05:00:00,4272.72,4285.887,4267.722,4276.764,3485,59,0,3485
2024-11-23 06:00:00,4276.766,4277.99,4233.003,4240.383,3471,59,0,3471
2024-11-23 07:00:00,4240.391,4250.17,4232.807,4243.276,3467,59,0,3467
2024-11-23 08:00:00,4243.285,4249.671,4234.138,4244.492,3469,59,0,3469
2024-11-23 09:00:00,4244.494,4257.199,4239.975,4256.865,3479,59,0,3479
2024-11-23 10:00:00,4256.877,4259.049,4225.944,4229.293,3495,59,0,3495
2024-11-23 11:00:00,4229.31,4238.637,4223.822,4237.789,3485,59,0,3485
2024-11-23 12:00:00,4237.795,4241.207,4219.308,4222.374,3495,59,0,3495
2024-11-23 13:00:00,4222.377,4226.167,4211.533,4211.548,3470,58,0,3470
2024-11-23 14:00:00,4211.558,4212.935,4180.253,4181.703,3490,58,0,3490
2024-11-23 15:00:00,4181.706,4184.256,4157.425,4161.96,3479,58,0,3479
2024-11-23 16:00:00,4161.964,4179.377,4161.761,4175.317,3467,58,0,3467
2024-11-23 17:00:00,4175.325,4179.331,4149.298,4150.851,3491,58,0,3491
2024-11-23 18:00:00,4150.851,4157.163,4143.8,4151.979,3492,58,0,3492
2024-11-23 19:00:00,4151.997,4160.275,4141.833,4160.275,3473,58,0,3473
2024-11-23 20:00:00,4160.284,4174.564,4153.644,4174.564,3482,58,0,3482
2024-11-23 21:00:00,4174.574,4184.941,4170.473,4174.327,3482,58,0,3482
2024-11-23 22:00:00,4174.329,4180.377,4156.344,4161.103,3496,58,0,3496
2024-11-23 23:00:00,4161.109,4173.444,4150.686,4159.28,3479,58,0,3479
2024-11-24 00:00:00,4159.298,4162.078,4146.237,4149.499,3474,58,0,3474
2024-11-24 01:00:00,4149.507,4152.794,4135.537,4136.771,3445,57,0,3445
2024-11-24 02:00:00,4136.778,4147.853,4125.008,4125.255,3498,57,0,3498
2024-11-24 03:00:00,4125.256,4140.286,4125.256,4140.286,3474,57,0,3474
2024-11-24 04:00:00,4140.287,4141.483,4114.601,4122.122,3490,57,0,3490
2024-11-24 05:00:00,4122.127,4135.327,4121.993,4135.327,3465,57,0,3465
2024-11-24 06:00:00,4135.338,4151.267,4131.565,4145.742,3485,57,0,3485
2024-11-24 07:00:00,4145.753,4154.607,4140.194,4150.371,3471,57,0,3471
2024-11-24 08:00:00,4150.376,4159.608,4150.376,4155.261,3490,58,0,3490
2024-11-24 09:00:00,4155.27,4169.749,4149.468,4169.749,3478,58,0,3478
2024-11-24 10:00:00,4169.759,4180.832,4163.271,4163.993,3478,58,0,3478
2024-11-24 11:00:00,4163.999,4169.101,4149.984,4164.219,3477,58,0,3477
2024-11-24 12:00:00,4164.23,4166.078,4152.876,4166.078,3487,58,0,3487
2024-11-24 13:00:00,4166.09,4167.957,4143.687,4145.603,3473,58,0,3473
2024-11-24 14:00:00,4145.607,4145.991,4132.008,4140.138,3480,57,0,3480
2024-11-24 15:00:00,4140.145,4149.936,4135.209,4149.936,3476,57,0,3476
2024-11-24 16:00:00,4149.957,4157.012,4141.544,4146.096,3496,57,0,3496
2024-11-24 17:00:00,4146.102,4148.223,4136.106,4143.826,3448,57,0,3448
2024-11-24 18:00:00,4143.835,4157.215,4131.438,4132.176,3467,57,0,3467
2024-11-24 19:00:00,4132.189,4138.571,4111.528,4115.163,3485,57,0,3485
2024-11-24 20:00:00,4115.176,4128.341,4114.217,4114.661,3472,57,0,3472
2024-11-24 21:00:00,4114.663,4116.953,4084.244,4091.106,3481,57,0,3481
2024-11-24 22:00:00,4091.108,4101.683,4087.225,4101.683,3492,57,0,3492
2024-11-24 23:00:00,4101.692,4114.132,4097.185,4112.046,3503,57,0,3503
2024-11-25 00:00:00,4112.059,4117.563,4102.83,4117.563,3461,57,0,3461
2024-11-25 01:00:00,4117.569,4126.014,4111.698,4116.01,3473,57,0,3473
2024-11-25 02:00:00,4116.019,4133.806,4116.019,4124.067,3484,57,0,3484
2024-11-25 03:00:00,4124.085,4145.752,4121.767,4136.79,3489,57,0,3489
2024-11-25 04:00:00,4136.803,4162.326,4136.803,4155.606,3463,57,0,3463
2024-11-25 05:00:00,4155.623,4160.824,4131.584,4138.852,3459,57,0,3459
2024-11-25 06:00:00,4138.857,4159.283,4138.857,4141.63,3473,57,0,3473
2024-11-25 07:00:00,4141.648,4154.72,4141.648,4147.547,3480,57,0,3480
2024-11-25 08:00:00,4147.551,4158.367,4147.551,4151.499,3477,58,0,3477
2024-11-25 09:00:00,4151.5,4168.671,4151.5,4165.45,3473,58,0,3473
2024-11-25 10:00:00,4165.457,4177.821,4165.457,4174.292,3463,58,0,3463
2024-11-25 11:00:00,4174.309,4190.532,4174.309,4185.824,3487,58,0,3487
2024-11-25 12:00:00,4185.829,4197.823,4181.587,4186.153,3483,58,0,3483
2024-11-25 13:00:00,4186.161,4200.622,4174.49,4175.742,3482,58,0,3482
2024-11-25 14:00:00,4175.751,4191.735,4175.751,4191.735,3484,58,0,3484
2024-11-25 15:00:00,4191.743,4192.536,4148.856,4149.981,3478,58,0,3478
2024-11-25 16:00:00,4149.986,4161.28,4148.44,4157.34,3490,58,0,3490
2024-11-25 17:00:00,4157.347,4179.583,4155.331,4158.524,3488,58,0,3488
2024-11-25 18:00:00,4158.543,4166.115,4151.375,4164.16,3483,58,0,3483
2024-11-25 19:00:00,4164.169,4168.834,4156.199,4160.404,3486,58,0,3486
2024-11-25 20:00:00,4160.417,4162.182,4134.237,4137.862,3471,57,0,3471
2024-11-25 21:00:00,4137.869,4140.282,4132.953,4138.441,3482,57,0,3482
2024-11-25 22:00:00,4138.448,4143.975,4127.724,4143.975,3473,57,0,3473
2024-11-25 23:00:00,4143.991,4146.251,4131.309,4140.317,3487,57,0,3487
2024-11-26 00:00:00,4140.32,4158.73,4138.316,4143.433,3463,57,0,3463
2024-11-26 01:00:00,4143.433,4144.935,4123.739,4124.707,3467,57,0,3467
2024-11-26 02:00:00,4124.716,4146.046,4124.716,4146.046,3479,57,0,3479
2024-11-26 03:00:00,4146.051,4162.67,4146.051,4154.282,3494,58,0,3494
2024-11-26 04:00:00,4154.3,4161.505,4149.058,4161.029,3486,58,0,3486
2024-11-26 05:00:00,4161.041,4175.842,4161.041,4175.842,3468,58,0,3468
2024-11-26 06:00:00,4175.852,4181.08,4164.852,4180.227,3480,58,0,3480
2024-11-26 07:00:00,4180.248,4193.37,4179.884,4192.686,3480,58,0,3480
2024-11-26 08:00:00,4192.698,4203.259,4187.255,4200.247,3494,58,0,3494
2024-11-26 09:00:00,4200.258,4212.064,4179.013,4181.068,3485,58,0,3485
2024-11-26 10:00:00,4181.079,4204.17,4181.079,4204.17,3488,58,0,3488
2024-11-26 11:00:00,4204.185,4226.913,4204.185,4226.913,3470,58,0,3470
2024-11-26 12:00:00,4226.927,4227.566,4210.341,4226.92,3488,58,0,3488
2024-11-26 13:00:00,4226.929,4233.291,4201.886,4211.914,3473,58,0,3473
2024-11-26 14:00:00,4211.917,4224.207,4211.917,4218.941,3471,58,0,3471
2024-11-26 15:00:00,4218.956,4222.556,4207.902,4217.103,3467,58,0,3467
2024-11-26 16:00:00,4217.112,4223.391,4205.989,4216.864,3459,58,0,3459
2024-11-26 17:00:00,4216.877,4221.318,4202.432,4210.931,3482,58,0,3482
2024-11-26 18:00:00,4210.936,4225.199,4210.936,4225.199,3482,58,0,3482
2024-11-26 19:00:00,4225.212,4240.909,4225.212,4239.163,3480,59,0,3480
2024-11-26 20:00:00,4239.174,4239.765,4222.783,4234.968,3480,59,0,3480
2024-11-26 21:00:00,4234.984,4251.837,4234.984,4241.33,3480,59,0,3480
2024-11-26 22:00:00,4241.331,4242.168,4205.997,4206.338,3486,58,0,3486
2024-11-26 23:00:00,4206.343,4230.787,4202.949,4230.787,3473,58,0,3473
2024-11-27 00:00:00,4230.804,4233.174,4211.995,4218.295,3460,58,0,3460
2024-11-27 01:00:00,4218.3,4221.822,4191.766,4193.162,3480,58,0,3480
2024-11-27 02:00:00,4193.165,4212.131,4193.165,4208.781,3496,58,0,3496
2024-11-27 03:00:00,4208.8,4220.043,4195.931,4217.791,3471,58,0,3471
2024-11-27 04:00:00,4217.806,4222.477,4196.612,4198.542,3482,58,0,3482
2024-11-27 05:00:00,4198.549,4207.779,4192.118,4195.851,3476,58,0,3476
2024-11-27 06:00:00,4195.857,4207.17,4195.857,4206.041,3479,58,0,3479
2024-11-27 07:00:00,4206.054,4220.659,4206.054,4220.659,3490,58,0,3490
2024-11-27 08:00:00,4220.663,4242.54,4216.971,4242.54,3471,59,0,3471
2024-11-27 09:00:00,4242.567,4254.094,4242.567,4251.259,3476,59,0,3476
2024-11-27 10:00:00,4251.269,4266.785,4245.066,4266.785,3490,59,0,3490
2024-11-27 11:00:00,4266.795,4280.684,4255.43,4280.684,3482,59,0,3482
2024-11-27 12:00:00,4280.695,4293.363,4271.91,4284.643,3494,59,0,3494
2024-11-27 13:00:00,4284.661,4293.426,4279.287,4293.426,3475,59,0,3475
2024-11-27 14:00:00,4293.426,4306.884,4292.84,4304.392,3485,60,0,3485
2024-11-27 15:00:00,4304.408,4312.831,4295.997,4296.686,3486,60,0,3486
2024-11-27 16:00:00,4296.694,4299.46,4275.567,4277.457,3474,59,0,3474
2024-11-27 17:00:00,4277.47,4278.824,4240.146,4257.244,3465,59,0,3465
2024-11-27 18:00:00,4257.251,4264.292,4223.838,4226.976,3479,59,0,3479
2024-11-27 19:00:00,4226.979,4237.83,4223.404,4231.189,3484,59,0,3484
2024-11-27 20:00:00,4231.21,4240.077,4222.715,4231.057,3483,59,0,3483
2024-11-27 21:00:00,4231.064,4242.927,4221.303,4226.392,3494,59,0,3494
2024-11-27 22:00:00,4226.407,4243.333,4226.407,4243.333,3494,59,0,3494
2024-11-27 23:00:00,4243.335,4248.848,4240.018,4242.613,3480,59,0,3480
2024-11-28 00:00:00,4242.615,4254.037,4235.27,4238.579,3478,59,0,3478
2024-11-28 01:00:00,4238.592,4253.952,4236.388,4253.952,3495,59,0,3495
2024-11-28 02:00:00,4253.965,4257.546,4245.192,4257.546,3478,59,0,3478
2024-11-28 03:00:00,4257.565,4281.145,4257.565,4281.145,3457,59,0,3457
2024-11-28 04:00:00,4281.153,4290.135,4278.918,4287.315,3491,59,0,3491
2024-11-28 05:00:00,4287.32,4287.785,4269.468,4272.048,3496,59,0,3496
2024-11-28 06:00:00,4272.053,4285.794,4272.053,4282.797,3475,59,0,3475
2024-11-28 07:00:00,4282.818,4301.671,4282.818,4285.769,3490,59,0,3490
2024-11-28 08:00:00,4285.772,4303.586,4285.772,4293.684,3473,60,0,3473
2024-11-28 09:00:00,4293.686,4316.112,4293.686,4309.164,3479,60,0,3479
2024-11-28 10:00:00,4309.181,4328.236,4308.391,4328.236,3478,60,0,3478
2024-11-28 11:00:00,4328.242,4341.245,4322.876,4341.245,3485,60,0,3485
2024-11-28 12:00:00,4341.255,4356.571,4337.723,4353.031,3506,60,0,3506
2024-11-28 13:00:00,4353.048,4359.901,4339.655,4353.59,3478,60,0,3478
2024-11-28 14:00:00,4353.603,4366.343,4346.603,4366.343,3481,60,0,3481
2024-11-28 15:00:00,4366.359,4375.936,4361.675,4375.243,3482,61,0,3482
2024-11-28 16:00:00,4375.246,4378.953,4344.34,4350.758,3490,60,0,3490
2024-11-28 17:00:00,4350.76,4359.507,4333.745,4335.522,3497,60,0,3497
2024-11-28 18:00:00,4335.527,4336.724,4304.139,4316.286,3486,60,0,3486
2024-11-28 19:00:00,4316.301,4327.488,4314.236,4327.488,3477,60,0,3477
2024-11-28 20:00:00,4327.494,4341.61,4327.494,4341.61,3501,60,0,3501
2024-11-28 21:00:00,4341.612,4359.36,4336.108,4359.36,3482,60,0,3482
2024-11-28 22:00:00,4359.365,4371.952,4359.365,4364.324,3487,61,0,3487
2024-11-28 23:00:00,4364.328,4376.621,4362.59,4372.096,3485,61,0,3485
2024-11-29 00:00:00,4372.107,4375.282,4356.273,4359.751,3491,60,0,3491
2024-11-29 01:00:00,4359.762,4361.568,4341.2,4354.865,3484,60,0,3484
2024-11-29 02:00:00,4354.885,4368.855,4350.792,4362.531,3499,60,0,3499
2024-11-29 03:00:00,4362.54,4370.808,4353.771,4354.5,3484,60,0,3484
2024-11-29 04:00:00,4354.512,4366.518,4345.82,4352.601,3482,60,0,3482
2024-11-29 05:00:00,4352.605,4359.279,4342.514,4348.09,3479,60,0,3479
2024-11-29 06:00:00,4348.097,4350.497,4335.111,4347.591,3485,60,0,3485
2024-11-29 07:00:00,4347.593,4360.28,4344.459,4348.358,3485,60,0,3485
2024-11-29 08:00:00,4348.365,4355.732,4343.102,4355.732,3500,60,0,3500
2024-11-29 09:00:00,4355.748,4378.417,4355.748,4378.417,3494,61,0,3494
2024-11-29 10:00:00,4378.43,4394.544,4371.142,4394.544,3495,61,0,3495
2024-11-29 11:00:00,4394.546,4407.203,4388.906,4397.252,3489,61,0,3489
2024-11-29 12:00:00,4397.254,4399.819,4353.187,4353.953,3493,60,0,3493
2024-11-29 13:00:00,4353.959,4358.246,4320.211,4323.125,3485,60,0,3485
2024-11-29 14:00:00,4323.139,4337.877,4320.104,4326.342,3495,60,0,3495
2024-11-29 15:00:00,4326.347,4328.245,4307.23,4314.327,3473,60,0,3473
2024-11-29 16:00:00,4314.329,4315.97,4286.805,4290.52,3476,60,0,3476
2024-11-29 17:00:00,4290.529,4299.574,4273.948,4279.926,3487,59,0,3487
2024-11-29 18:00:00,4279.929,4305.317,4279.929,4305.317,3473,59,0,3473
2024-11-29 19:00:00,4305.333,4308.041,4285.627,4291.118,3492,60,0,3492
2024-11-29 20:00:00,4291.131,4303.316,4285.028,4290.027,3486,60,0,3486
2024-11-29 21:00:00,4290.03,4292.53,4279.136,4281.711,3470,59,0,3470
2024-11-29 22:00:00,4281.722,4305.937,4281.722,4303.266,3496,59,0,3496
2024-11-29 23:00:00,4303.275,4305.392,4291.317,4295.387,3483,60,0,3483
2024-11-30 00:00:00,4295.392,4313.526,4295.392,4299.285,3488,60,0,3488
2024-11-30 01:00:00,4299.287,4318.803,4299.287,4318.803,3472,60,0,3472
2024-11-30 02:00:00,4318.807,4319.985,4300.474,4310.48,3486,60,0,3486
2024-11-30 03:00:00,4310.494,4312.011,4299.564,4305.034,3494,60,0,3494
2024-11-30 04:00:00,4305.036,4314.875,4296.507,4313.886,3479,60,0,3479
2024-11-30 05:00:00,4313.887,4318.677,4290.667,4293.613,3476,60,0,3476
2024-11-30 06:00:00,4293.626,4306.474,4288.033,4288.951,3489,60,0,3489
2024-11-30 07:00:00,4288.961,4289.784,4263.585,4265.001,3492,59,0,3492
2024-11-30 08:00:00,4265.004,4281.196,4264.54,4279.154,3477,59,0,3477
2024-11-30 09:00:00,4279.169,4283.998,4268.585,4273.661,3460,59,0,3460
2024-11-30 10:00:00,4273.669,4274.119,4256.915,4262.916,3485,59,0,3485
2024-11-30 11:00:00,4262.937,4269.916,4260.533,4265.559,3491,59,0,3491
2024-11-30 12:00:00,4265.565,4270.536,4251.644,4269.274,3483,59,0,3483
2024-11-30 13:00:00,4269.276,4278.377,4269.276,4273.03,3481,59,0,3481
2024-11-30 14:00:00,4273.038,4293.771,4273.038,4291.127,3467,59,0,3467
2024-11-30 15:00:00,4291.131,4301.05,4287.595,4287.762,3504,60,0,3504
2024-11-30 16:00:00,4287.78,4307.562,4287.734,4307.562,3488,60,0,3488
2024-11-30 17:00:00,4307.573,4311.767,4295.138,4302.35,3484,60,0,3484
2024-11-30 18:00:00,4302.362,4303.082,4259.448,4268.5,3475,59,0,3475
2024-11-30 19:00:00,4268.503,4291.443,4268.503,4273.786,3479,59,0,3479
2024-11-30 20:00:00,4273.798,4278.699,4261.019,4262.894,3482,59,0,3482
2024-11-30 21:00:00,4262.897,4267.8,4252.818,4257.35,3474,59,0,3474
2024-11-30 22:00:00,4257.351,4269.465,4256.512,4264.186,3482,59,0,3482
2024-11-30 23:00:00,4264.199,4286.572,4264.199,4272.297,3496,59,0,3496
2024-12-01 00:00:00,4272.309,4299.19,4272.309,4295.204,3486,59,0,3486
2024-12-01 01:00:00,4295.206,4297.94,4285.527,4296.198,3494,60,0,3494
2024-12-01 02:00:00,4296.211,4304.975,4291.486,4301.09,3464,60,0,3464
2024-12-01 03:00:00,4301.097,4302.479,4288.798,4289.66,3482,60,0,3482
2024-12-01 04:00:00,4289.662,4299.815,4289.444,4299.815,3474,60,0,3474
2024-12-01 05:00:00,4299.828,4301.572,4282.662,4288.077,3484,59,0,3484
2024-12-01 06:00:00,4288.091,4300.979,4283.813,4297.037,3498,59,0,3498
2024-12-01 07:00:00,4297.046,4305.92,4285.227,4290.677,3488,59,0,3488
2024-12-01 08:00:00,4290.686,4299.558,4277.452,4285.703,3484,59,0,3484
2024-12-01 09:00:00,4285.72,4309.257,4282.409,4309.257,3470,59,0,3470
2024-12-01 10:00:00,4309.273,4314.468,4268.374,4270.907,3482,59,0,3482
2024-12-01 11:00:00,4270.912,4284.282,4269.275,4272.49,3473,59,0,3473
2024-12-01 12:00:00,4272.51,4284.189,4272.51,4280.701,3477,59,0,3477
2024-12-01 13:00:00,4280.719,4287.027,4246.426,4247.804,3478,59,0,3478
2024-12-01 14:00:00,4247.804,4258.539,4243.31,4247.88,3484,59,0,3484
2024-12-01 15:00:00,4247.884,4250.176,4230.607,4234.223,3484,59,0,3484
2024-12-01 16:00:00,4234.227,4259.898,4234.227,4249.498,3486,59,0,3486
2024-12-01 17:00:00,4249.504,4258.005,4243.328,4251.561,3477,59,0,3477
2024-12-01 18:00:00,4251.564,4262.041,4248.726,4255.564,3472,59,0,3472
2024-12-01 19:00:00,4255.575,4267.896,4245.666,4251.721,3476,59,0,3476
2024-12-01 20:00:00,4251.726,4259.251,4248.085,4255.677,3490,59,0,3490
2024-12-01 21:00:00,4255.679,4269.181,4255.679,4260.653,3484,59,0,3484
2024-12-01 22:00:00,4260.658,4273.102,4258.799,4273.102,3491,59,0,3491
2024-12-01 23:00:00,4273.102,4283.376,4269.009,4270.004,3484,59,0,3484
2024-12-02 00:00:00,4270.005,4280.723,4266.728,4278.036,3468,59,0,3468
2024-12-02 01:00:00,4278.043,4288.357,4272.746,4273.904,3473,59,0,3473
2024-12-02 02:00:00,4273.922,4283.339,4268.144,4271.515,3465,59,0,3465
2024-12-02 03:00:00,4271.516,4272.282,4237.153,4246.734,3475,59,0,3475
2024-12-02 04:00:00,4246.746,4260.252,4245.969,4260.252,3505,59,0,3505
2024-12-02 05:00:00,4260.262,4267.021,4216.303,4219.389,3496,59,0,3496
2024-12-02 06:00:00,4219.402,4235.231,4215.878,4235.231,3482,59,0,3482
2024-12-02 07:00:00,4235.237,4239.895,4229.284,4233.791,3464,59,0,3464
2024-12-02 08:00:00,4233.805,4239.626,4217.061,4222.7,3486,59,0,3486
2024-12-02 09:00:00,4222.709,4232.886,4220.134,4231.683,3489,59,0,3489
2024-12-02 10:00:00,4231.691,4243.234,4231.356,4236.065,3474,59,0,3474
2024-12-02 11:00:00,4236.066,4253.591,4236.066,4251.493,3478,59,0,3478
2024-12-02 12:00:00,4251.495,4258.084,4235.261,4253.505,3459,59,0,3459
2024-12-02 13:00:00,4253.507,4272.018,4253.507,4269.489,3489,59,0,3489
2024-12-02 14:00:00,4269.494,4269.983,4244.874,4267.438,3498,59,0,3498
2024-12-02 15:00:00,4267.45,4278.416,4251.803,4278.416,3480,59,0,3480
2024-12-02 16:00:00,4278.424,4283.043,4255.848,4259.215,3481,59,0,3481
2024-12-02 17:00:00,4259.22,4268.63,4259.22,4264.683,3496,59,0,3496
2024-12-02 18:00:00,4264.686,4278.581,4264.39,4278.581,3480,59,0,3480
2024-12-02 19:00:00,4278.597,4287.48,4273.802,4283.377,3468,59,0,3468
2024-12-02 20:00:00,4283.379,4297.472,4275.48,4276.797,3487,59,0,3487
2024-12-02 21:00:00,4276.801,4301.952,4276.801,4301.952,3473,59,0,3473
2024-12-02 22:00:00,4301.961,4305.499,4278.334,4287.665,3491,59,0,3491
2024-12-02 23:00:00,4287.671,4292.409,4276.764,4289.968,3498,59,0,3498
2024-12-03 00:00:00,4289.971,4301.043,4289.971,4299.565,3493,60,0,3493
2024-12-03 01:00:00,4299.565,4306.987,4283.868,4285.573,3488,59,0,3488
2024-12-03 02:00:00,4285.579,4299.201,4285.301,4290.649,3498,60,0,3498
2024-12-03 03:00:00,4290.658,4302.751,4290.239,4298.697,3463,60,0,3463
2024-12-03 04:00:00,4298.707,4306.553,4294.519,4297.207,3499,60,0,3499
2024-12-03 05:00:00,4297.215,4297.762,4276.354,4276.904,3498,59,0,3498
2024-12-03 06:00:00,4276.916,4283.619,4268.597,4272.185,3478,59,0,3478
2024-12-03 07:00:00,4272.192,4284.173,4255.994,4256.159,3482,59,0,3482
2024-12-03 08:00:00,4256.182,4279.776,4256.182,4279.776,3490,59,0,3490
2024-12-03 09:00:00,4279.778,4284.363,4270.854,4279.666,3492,59,0,3492
2024-12-03 10:00:00,4279.669,4288.322,4276.035,4283.808,3498,59,0,3498
2024-12-03 11:00:00,4283.821,4301.684,4277.095,4301.684,3487,59,0,3487
2024-12-03 12:00:00,4301.7,4302.5,4281.481,4284.645,3473,59,0,3473
2024-12-03 13:00:00,4284.671,4298.153,4284.671,4290.503,3486,59,0,3486
2024-12-03 14:00:00,4290.506,4295.047,4278.604,4286.189,3505,59,0,3505
2024-12-03 15:00:00,4286.196,4287.54,4275.981,4286.016,3473,59,0,3473
2024-12-03 16:00:00,4286.028,4291.374,4275.254,4281.331,3485,59,0,3485
2024-12-03 17:00:00,4281.338,4290.573,4265.747,4267.855,3480,59,0,3480
2024-12-03 18:00:00,4267.863,4277.811,4260.514,4271.322,3482,59,0,3482
2024-12-03 19:00:00,4271.325,4284.087,4263.09,4263.834,3489,59,0,3489
2024-12-03 20:00:00,4263.834,4283.454,4263.834,4269.558,3478,59,0,3478
2024-12-03 21:00:00,4267.331,4271.834,4244.261,4244.387,3495,59,0,3495
2024-12-03 22:00:00,4244.391,4248.904,4230.253,4230.446,3512,59,0,3512
2024-12-03 23:00:00,4230.463,4239.677,4219.314,4221.317,3498,59,0,3498
2024-12-04 00:00:00,4221.324,4236.949,4216.631,4225.754,3471,59,0,3471
2024-12-04 01:00:00,4225.762,4229.816,4201.193,4203.973,3486,58,0,3486
2024-12-04 02:00:00,4203.983,4204.128,4152.38,4154.419,3486,58,0,3486
2024-12-04 03:00:00,4154.426,4159.506,4133.62,4133.743,3483,57,0,3483
2024-12-04 04:00:00,4133.743,4134.982,4123.239,4131.101,3480,57,0,3480
2024-12-04 05:00:00,4131.105,4139.54,4119.106,4139.54,3472,57,0,3472
2024-12-04 06:00:00,4139.554,4144.482,4135.091,4144.274,3471,57,0,3471
2024-12-04 07:00:00,4144.291,4149.719,4140.868,4149.719,3479,57,0,3479
2024-12-04 08:00:00,4149.731,4159.61,4149.571,4158.654,3464,58,0,3464
2024-12-04 09:00:00,4158.662,4188.782,4158.662,4188.782,3489,58,0,3489
2024-12-04 10:00:00,4188.791,4215.322,4188.791,4207.974,3487,58,0,3487
2024-12-04 11:00:00,4207.979,4210.543,4178.467,4187.763,3479,58,0,3479
2024-12-04 12:00:00,4187.768,4205.499,4187.768,4196.776,3482,58,0,3482
2024-12-04 13:00:00,4196.787,4222.078,4195.588,4222.078,3488,58,0,3488
2024-12-04 14:00:00,4222.082,4228.166,4212.921,4217.779,3484,58,0,3484
2024-12-04 15:00:00,4217.79,4234.098,4217.79,4223.516,3488,59,0,3488
2024-12-04 16:00:00,4223.528,4229.733,4210.495,4215.986,3498,58,0,3498
2024-12-04 17:00:00,4215.998,4219.651,4193.407,4196.614,3493,58,0,3493
2024-12-04 18:00:00,4196.622,4206.043,4190.7,4198.77,3492,58,0,3492
2024-12-04 19:00:00,4198.778,4204.062,4189.962,4201.9,3483,58,0,3483
2024-12-04 20:00:00,4201.909,4218.323,4201.552,4212.282,3487,58,0,3487
2024-12-04 21:00:00,4212.287,4220.312,4207.602,4216.172,3484,58,0,3484
2024-12-04 22:00:00,4216.191,4231.278,4216.191,4224.49,3486,59,0,3486
2024-12-04 23:00:00,4224.505,4233.108,4213.591,4213.688,3487,59,0,3487
2024-12-05 00:00:00,4213.692,4234.931,4213.692,4234.152,3484,59,0,3484
2024-12-05 01:00:00,4234.162,4241.863,4216.518,4228.019,3479,59,0,3479
2024-12-05 02:00:00,4228.02,4242.018,4220.59,4225.516,3483,59,0,3483
2024-12-05 03:00:00,4225.525,4227.99,4185.525,4187.785,3477,58,0,3477
2024-12-05 04:00:00,4187.792,4191.157,4175.101,4190.814,3486,58,0,3486
2024-12-05 05:00:00,4190.816,4203.144,4185.524,4203.144,3479,58,0,3479
2024-12-05 06:00:00,4203.148,4220.868,4201.794,4210.181,3481,58,0,3481
2024-12-05 07:00:00,4210.193,4217.762,4178.703,4185.157,3484,58,0,3484
2024-12-05 08:00:00,4185.161,4194.213,4184.982,4190.577,3485,58,0,3485
2024-12-05 09:00:00,4190.581,4191.705,4147.928,4148.445,3474,58,0,3474
2024-12-05 10:00:00,4148.459,4157.107,4130.809,4133.227,3486,57,0,3486
2024-12-05 11:00:00,4133.234,4151.195,4131.642,4151.195,3493,57,0,3493
2024-12-05 12:00:00,4151.212,4165.038,4143.515,4155.847,3485,58,0,3485
2024-12-05 13:00:00,4155.874,4177.408,4155.874,4167.977,3474,58,0,3474
2024-12-05 14:00:00,4167.982,4173.242,4143.534,4145.719,3475,58,0,3475
2024-12-05 15:00:00,4145.729,4158.011,4145.627,4158.011,3486,58,0,3486
2024-12-05 16:00:00,4158.02,4158.561,4132.932,4136.408,3475,57,0,3475
2024-12-05 17:00:00,4136.417,4140.363,4126.002,4139.133,3473,57,0,3473
2024-12-05 18:00:00,4139.142,4157.983,4138.94,4154.773,3481,57,0,3481
2024-12-05 19:00:00,4154.774,4162.471,4148.408,4154.998,3475,58,0,3475
2024-12-05 20:00:00,4155.018,4165.444,4146.981,4149.774,3480,58,0,3480
2024-12-05 21:00:00,4149.784,4150.172,4129.361,4129.466,3465,57,0,3465
2024-12-05 22:00:00,4129.477,4134.359,4123.64,4134.359,3482,57,0,3482
2024-12-05 23:00:00,4134.365,4137.623,4123.863,4125.008,3482,57,0,3482
2024-12-06 00:00:00,4125.028,4128.273,4108.699,4112.094,3461,57,0,3461
2024-12-06 01:00:00,4112.1,4115.884,4104.367,4109.16,3467,57,0,3467
2024-12-06 02:00:00,4109.178,4110.82,4098.821,4104.662,3473,57,0,3473
2024-12-06 03:00:00,4104.663,4110.423,4098.379,4110.423,3481,57,0,3481
2024-12-06 04:00:00,4110.439,4123.807,4110.439,4122.536,3439,57,0,3439
2024-12-06 05:00:00,4122.537,4139.67,4119.292,4132.084,3483,57,0,3483
2024-12-06 06:00:00,4132.092,4152.735,4130.688,4150.381,3480,57,0,3480
2024-12-06 07:00:00,4150.387,4157.748,4144.633,4153.746,3480,58,0,3480
2024-12-06 08:00:00,4153.746,4176.052,4153.577,4176.052,3483,58,0,3483
2024-12-06 09:00:00,4176.063,4182.892,4144.592,4146.444,3484,58,0,3484
2024-12-06 10:00:00,4146.45,4160.129,4145.383,4160.129,3478,58,0,3478
2024-12-06 11:00:00,4160.135,4181.893,4160.135,4181.893,3490,58,0,3490
2024-12-06 12:00:00,4181.898,4183.517,4172.221,4176.214,3498,58,0,3498
2024-12-06 13:00:00,4176.215,4187.677,4172.891,4187.599,3472,58,0,3472
2024-12-06 14:00:00,4181.381,4184.845,4171.201,4176.377,3488,58,0,3488
2024-12-06 15:00:00,4176.388,4180.761,4164.898,4173.234,3501,58,0,3501
2024-12-06 16:00:00,4173.25,4179.023,4163.884,4178.625,3471,58,0,3471
2024-12-06 17:00:00,4178.626,4191.407,4176.593,4178.173,3468,58,0,3468
2024-12-06 18:00:00,4178.178,4189.335,4172.994,4181.381,3475,58,0,3475
2024-12-06 19:00:00,4181.396,4189.973,4168.772,4169.716,3488,58,0,3488
2024-12-06 20:00:00,4169.729,4182.965,4168.09,4176.712,3484,58,0,3484
2024-12-06 21:00:00,4176.721,4183.381,4171.595,4175.915,3500,58,0,3500
2024-12-06 22:00:00,4175.923,4186.753,4172.425,4178.965,3468,58,0,3468
2024-12-06 23:00:00,4178.97,4180.782,4165.816,4172.392,3469,58,0,3469
2024-12-07 00:00:00,4172.404,4188.364,4167.53,4172.05,3466,58,0,3466
2024-12-07 01:00:00,4172.065,4194.476,4172.065,4175.227,3488,58,0,3488
2024-12-07 02:00:00,4175.231,4193.38,4168.69,4193.38,3477,58,0,3477
2024-12-07 03:00:00,4193.383,4208.365,4193.383,4208.365,3491,58,0,3491
2024-12-07 04:00:00,4208.382,4213.325,4195.628,4205.86,3479,58,0,3479
2024-12-07 05:00:00,4205.868,4210.415,4189.956,4190.308,3483,58,0,3483
2024-12-07 06:00:00,4190.33,4211.486,4190.33,4205.425,3485,58,0,3485
2024-12-07 07:00:00,4205.437,4212.267,4188.967,4199.573,3469,58,0,3469
2024-12-07 08:00:00,4199.583,4207.465,4185.66,4207.465,3494,58,0,3494
2024-12-07 09:00:00,4207.48,4207.942,4189.592,4192.302,3470,58,0,3470
2024-12-07 10:00:00,4192.312,4206.833,4189.181,4195.812,3490,58,0,3490
2024-12-07 11:00:00,4195.819,4214.844,4193.863,4206.748,3469,58,0,3469
2024-12-07 12:00:00,4206.763,4227.345,4206.763,4220.137,3489,58,0,3489
2024-12-07 13:00:00,4220.148,4239.468,4220.148,4230.863,3498,59,0,3498
2024-12-07 14:00:00,4230.874,4233.845,4204.113,4212.34,3484,58,0,3484
2024-12-07 15:00:00,4212.345,4227.706,4210.79,4214.245,3470,58,0,3470
2024-12-07 16:00:00,4214.25,4218.276,4201.948,4204.927,3487,58,0,3487
2024-12-07 17:00:00,4204.929,4214.045,4189.481,4190.105,3463,58,0,3463
2024-12-07 18:00:00,4190.124,4198.694,4179.673,4198.694,3488,58,0,3488
2024-12-07 19:00:00,4198.697,4208.104,4190.733,4197.975,3491,58,0,3491
2024-12-07 20:00:00,4197.982,4217.955,4197.982,4217.955,3483,58,0,3483
2024-12-07 21:00:00,4217.961,4247.924,4217.961,4247.924,3474,59,0,3474
2024-12-07 22:00:00,4247.933,4269.258,4247.933,4259.635,3492,59,0,3492
2024-12-07 23:00:00,4259.637,4278.481,4257.792,4278.481,3480,59,0,3480
2024-12-08 00:00:00,4278.495,4292.93,4278.495,4287.646,3481,59,0,3481
2024-12-08 01:00:00,4287.649,4299.318,4285.719,4299.318,3495,60,0,3495
2024-12-08 02:00:00,4299.32,4304.862,4274.358,4280.0,3494,59,0,3494
2024-12-08 03:00:00,4280.02,4290.725,4280.02,4290.725,3460,59,0,3460
2024-12-08 04:00:00,4290.735,4311.768,4290.735,4296.628,3481,60,0,3481
2024-12-08 05:00:00,4296.632,4304.206,4269.92,4269.944,3469,59,0,3469
2024-12-08 06:00:00,4269.953,4270.107,4252.06,4257.184,3470,59,0,3470
2024-12-08 07:00:00,4257.186,4276.585,4257.186,4270.225,3476,59,0,3476
2024-12-08 08:00:00,4270.233,4271.209,4246.853,4264.962,3476,59,0,3476
2024-12-08 09:00:00,4264.971,4265.268,4242.791,4246.895,3467,59,0,3467
2024-12-08 10:00:00,4246.906,4249.136,4224.762,4226.389,3487,59,0,3487
2024-12-08 11:00:00,4226.392,4246.721,4226.392,4238.145,3491,59,0,3491
2024-12-08 12:00:00,4238.146,4240.946,4224.637,4226.477,3488,59,0,3488
2024-12-08 13:00:00,4226.484,4254.983,4226.484,4248.437,3470,59,0,3470
2024-12-08 14:00:00,4248.455,4264.927,4248.455,4258.267,3477,59,0,3477
2024-12-08 15:00:00,4258.27,4272.169,4256.464,4272.169,3501,59,0,3501
2024-12-08 16:00:00,4272.173,4284.445,4269.414,4284.445,3452,59,0,3452
2024-12-08 17:00:00,4284.457,4290.266,4279.415,4286.079,3481,59,0,3481
2024-12-08 18:00:00,4286.082,4291.48,4264.387,4269.262,3462,59,0,3462
2024-12-08 19:00:00,4269.268,4278.225,4262.069,4270.428,3493,59,0,3493
2024-12-08 20:00:00,4270.433,4281.871,4267.695,4269.989,3492,59,0,3492
2024-12-08 21:00:00,4270.021,4270.471,4231.065,4231.625,3494,59,0,3494
2024-12-08 22:00:00,4231.642,4244.29,4226.253,4237.757,3477,59,0,3477
2024-12-08 23:00:00,4237.76,4245.97,4215.899,4217.777,3495,59,0,3495
2024-12-09 00:00:00,4217.784,4239.716,4217.784,4238.465,3477,59,0,3477
2024-12-09 01:00:00,4238.472,4244.643,4231.642,4244.643,3480,59,0,3480
2024-12-09 02:00:00,4244.654,4256.299,4236.409,4240.648,3502,59,0,3502
2024-12-09 03:00:00,4240.654,4250.977,4235.983,4248.293,3473,59,0,3473
2024-12-09 04:00:00,4248.308,4249.986,4229.538,4241.572,3475,59,0,3475
2024-12-09 05:00:00,4241.585,4255.072,4240.047,4255.072,3491,59,0,3491
2024-12-09 06:00:00,4255.084,4259.979,4242.132,4250.98,3465,59,0,3465
2024-12-09 07:00:00,4250.988,4258.543,4243.345,4258.543,3475,59,0,3475
2024-12-09 08:00:00,4258.545,4265.77,4240.918,4245.988,3483,59,0,3483
2024-12-09 09:00:00,4245.993,4247.553,4225.425,4238.181,3493,59,0,3493
2024-12-09 10:00:00,4238.191,4238.406,4207.625,4212.124,3480,58,0,3480
2024-12-09 11:00:00,4212.129,4214.544,4204.713,4208.658,3465,58,0,3465
2024-12-09 12:00:00,4208.661,4226.328,4208.661,4224.396,3473,58,0,3473
2024-12-09 13:00:00,4224.416,4247.751,4224.416,4247.751,3494,59,0,3494
2024-12-09 14:00:00,4247.765,4260.783,4242.767,4245.48,3475,59,0,3475
2024-12-09 15:00:00,4245.491,4253.79,4241.964,4243.902,3487,59,0,3487
2024-12-09 16:00:00,4243.907,4249.381,4231.868,4240.938,3489,59,0,3489
2024-12-09 17:00:00,4240.941,4247.657,4221.126,4223.954,3484,59,0,3484
2024-12-09 18:00:00,4223.97,4224.678,4180.612,4187.257,3505,58,0,3505
2024-12-09 19:00:00,4187.264,4204.329,4187.264,4196.01,3483,58,0,3483
2024-12-09 20:00:00,4196.013,4200.298,4181.378,4183.3,3497,58,0,3497
2024-12-09 21:00:00,4183.316,4200.78,4183.316,4188.154,3460,58,0,3460
2024-12-09 22:00:00,4188.161,4195.967,4180.614,4182.246,3479,58,0,3479
2024-12-09 23:00:00,4182.253,4185.082,4167.015,4173.299,3475,58,0,3475
2024-12-10 00:00:00,4173.304,4190.473,4173.304,4190.473,3489,58,0,3489
2024-12-10 01:00:00,4190.491,4198.302,4183.65,4184.14,3467,58,0,3467
2024-12-10 02:00:00,4184.152,4197.414,4179.357,4197.414,3492,58,0,3492
2024-12-10 03:00:00,4197.445,4214.257,4189.495,4214.257,3488,58,0,3488
2024-12-10 04:00:00,4214.269,4238.984,4214.269,4238.833,3487,59,0,3487
2024-12-10 05:00:00,4238.846,4256.623,4235.968,4249.658,3498,59,0,3498
2024-12-10 06:00:00,4249.673,4250.693,4227.8,4236.069,3486,59,0,3486
2024-12-10 07:00:00,4236.076,4247.952,4232.726,4247.952,3482,59,0,3482
2024-12-10 08:00:00,4247.954,4265.287,4246.086,4263.28,3492,59,0,3492
2024-12-10 09:00:00,4263.283,4270.327,4225.44,4226.137,3477,59,0,3477
2024-12-10 10:00:00,4226.151,4239.095,4225.395,4231.999,3489,59,0,3489
2024-12-10 11:00:00,4232.013,4236.995,4218.032,4220.491,3480,59,0,3480
2024-12-10 12:00:00,4220.495,4246.254,4220.495,4246.254,3486,59,0,3486
2024-12-10 13:00:00,4246.265,4270.175,4246.265,4267.661,3477,59,0,3477
2024-12-10 14:00:00,4267.671,4271.323,4225.547,4231.777,3484,59,0,3484
2024-12-10 15:00:00,4231.783,4246.085,4223.045,4229.282,3470,59,0,3470
2024-12-10 16:00:00,4229.288,4247.558,4229.288,4238.073,3488,59,0,3488
2024-12-10 17:00:00,4238.078,4256.076,4235.641,4256.076,3489,59,0,3489
2024-12-10 18:00:00,4256.079,4258.887,4237.635,4245.12,3485,59,0,3485
2024-12-10 19:00:00,4245.144,4245.249,4222.575,4241.187,3473,59,0,3473
2024-12-10 20:00:00,4241.196,4242.501,4218.07,4224.393,3475,59,0,3475
2024-12-10 21:00:00,4224.406,4228.202,4201.994,4208.699,3493,58,0,3493
2024-12-10 22:00:00,4208.707,4228.887,4207.466,4228.887,3478,58,0,3478
2024-12-10 23:00:00,4228.892,4233.532,4203.979,4208.706,3472,58,0,3472
2024-12-11 00:00:00,4208.718,4212.102,4194.066,4197.476,3470,58,0,3470
2024-12-11 01:00:00,4197.485,4200.716,4166.454,4167.81,3481,58,0,3481
2024-12-11 02:00:00,4167.827,4184.941,4167.827,4181.607,3464,58,0,3464
2024-12-11 03:00:00,4181.624,4184.9,4172.924,4184.277,3459,58,0,3459
2024-12-11 04:00:00,4184.286,4189.362,4168.121,4178.089,3486,58,0,3486
2024-12-11 05:00:00,4178.103,4185.424,4172.768,4185.424,3475,58,0,3475
2024-12-11 06:00:00,4185.425,4188.686,4174.851,4180.505,3488,58,0,3488
2024-12-11 07:00:00,4180.513,4205.263,4180.513,4203.628,3482,58,0,3482
2024-12-11 08:00:00,4203.631,4208.441,4173.734,4174.986,3460,58,0,3460
2024-12-11 09:00:00,4174.996,4175.8,4163.657,4164.958,3494,58,0,3494
2024-12-11 10:00:00,4164.961,4181.258,4164.961,4174.843,3488,58,0,3488
2024-12-11 11:00:00,4174.854,4186.287,4171.634,4181.94,3478,58,0,3478
2024-12-11 12:00:00,4181.942,4192.361,4173.422,4182.799,3468,58,0,3468
2024-12-11 13:00:00,4182.81,4190.914,4164.156,4173.717,3479,58,0,3479
2024-12-11 14:00:00,4173.728,4176.82,4143.72,4151.948,3484,58,0,3484
2024-12-11 15:00:00,4151.95,4162.144,4150.242,4161.771,3494,58,0,3494
2024-12-11 16:00:00,4161.781,4169.012,4129.515,4129.521,3479,57,0,3479
2024-12-11 17:00:00,4129.524,4145.156,4126.422,4144.199,3486,57,0,3486
2024-12-11 18:00:00,4144.21,4147.988,4102.022,4102.775,3470,57,0,3470
2024-12-11 19:00:00,4102.78,4115.17,4102.78,4108.235,3470,57,0,3470
2024-12-11 20:00:00,4108.243,4111.907,4101.656,4107.611,3480,57,0,3480
2024-12-11 21:00:00,4107.62,4113.408,4091.806,4095.268,3495,57,0,3495
2024-12-11 22:00:00,4095.268,4098.55,4086.838,4093.032,3485,57,0,3485
2024-12-11 23:00:00,4093.039,4107.906,4087.538,4107.906,3491,57,0,3491
2024-12-12 00:00:00,4107.909,4110.85,4100.603,4104.66,3478,57,0,3478
2024-12-12 01:00:00,4104.68,4118.21,4098.722,4118.21,3463,57,0,3463
2024-12-12 02:00:00,4118.214,4135.046,4118.214,4135.046,3480,57,0,3480
2024-12-12 03:00:00,4135.057,4136.655,4120.903,4132.959,3475,57,0,3475
2024-12-12 04:00:00,4132.976,4137.505,4108.977,4116.571,3478,57,0,3478
2024-12-12 05:00:00,4116.578,4117.899,4097.933,4107.781,3463,57,0,3463
2024-12-12 06:00:00,4107.785,4114.929,4104.022,4111.532,3491,57,0,3491
2024-12-12 07:00:00,4111.538,4125.651,4111.538,4117.126,3476,57,0,3476
2024-12-12 08:00:00,4117.13,4119.938,4100.3,4107.514,3483,57,0,3483
2024-12-12 09:00:00,4107.528,4109.811,4080.055,4087.957,3483,57,0,3483
2024-12-12 10:00:00,4087.968,4091.528,4072.563,4080.249,3479,57,0,3479
2024-12-12 11:00:00,4080.259,4101.709,4080.259,4093.123,3495,57,0,3495
2024-12-12 12:00:00,4093.124,4112.374,4089.889,4099.29,3478,57,0,3478
2024-12-12 13:00:00,4099.304,4114.264,4099.304,4107.918,3482,57,0,3482
2024-12-12 14:00:00,4107.93,4125.141,4105.323,4117.522,3491,57,0,3491
2024-12-12 15:00:00,4117.529,4127.259,4107.224,4127.259,3476,57,0,3476
2024-12-12 16:00:00,4127.266,4146.198,4127.266,4146.198,3470,57,0,3470
2024-12-12 17:00:00,4146.204,4146.278,4131.644,4138.833,3461,57,0,3461
2024-12-12 18:00:00,4138.845,4144.587,4131.915,4144.587,3479,57,0,3479
2024-12-12 19:00:00,4144.59,4146.954,4126.42,4129.441,3464,57,0,3464
2024-12-12 20:00:00,4129.453,4139.847,4123.691,4132.4,3492,57,0,3492
2024-12-12 21:00:00,4132.413,4139.965,4127.228,4138.862,3491,57,0,3491
2024-12-12 22:00:00,4138.862,4140.016,4127.231,4128.86,3468,57,0,3468
2024-12-12 23:00:00,4128.872,4153.279,4128.872,4153.279,3478,57,0,3478
2024-12-13 00:00:00,4153.287,4164.816,4144.983,4161.107,3491,58,0,3491
2024-12-13 01:00:00,4161.115,4167.13,4150.022,4150.996,3487,58,0,3487
2024-12-13 02:00:00,4151.012,4169.262,4151.012,4166.753,3476,58,0,3476
2024-12-13 03:00:00,4166.764,4170.642,4138.284,4145.012,3481,57,0,3481
2024-12-13 04:00:00,4145.02,4160.046,4143.191,4155.694,3499,58,0,3499
2024-12-13 05:00:00,4155.712,4172.168,4150.842,4172.168,3494,58,0,3494
2024-12-13 06:00:00,4172.178,4188.591,4168.669,4188.591,3485,58,0,3485
2024-12-13 07:00:00,4188.603,4201.191,4177.661,4201.191,3496,58,0,3496
2024-12-13 08:00:00,4201.2,4204.369,4193.958,4196.852,3484,58,0,3484
2024-12-13 09:00:00,4196.865,4199.211,4179.982,4191.847,3473,58,0,3473
2024-12-13 10:00:00,4191.856,4193.798,4180.751,4186.06,3496,58,0,3496
2024-12-13 11:00:00,4186.066,4204.921,4186.066,4204.921,3502,58,0,3502
2024-12-13 12:00:00,4204.937,4225.13,4204.937,4216.208,3453,58,0,3453
2024-12-13 13:00:00,4216.223,4226.839,4211.286,4224.056,3505,58,0,3505
2024-12-13 14:00:00,4224.06,4233.085,4199.865,4202.004,3494,58,0,3494
2024-12-13 15:00:00,4202.007,4206.37,4191.871,4206.319,3478,58,0,3478
2024-12-13 16:00:00,4206.322,4218.576,4202.559,4210.21,3486,58,0,3486
2024-12-13 17:00:00,4210.223,4221.889,4204.964,4216.483,3475,58,0,3475
2024-12-13 18:00:00,4216.494,4239.191,4216.494,4235.276,3488,59,0,3488
2024-12-13 19:00:00,4235.279,4238.715,4215.132,4225.858,3491,59,0,3491
2024-12-13 20:00:00,4225.868,4230.126,4202.43,4221.628,3476,58,0,3476
2024-12-13 21:00:00,4221.629,4247.601,4221.629,4239.498,3471,59,0,3471
2024-12-13 22:00:00,4239.506,4245.998,4232.009,4245.998,3465,59,0,3465
2024-12-13 23:00:00,4246.002,4246.727,4217.941,4219.007,3476,59,0,3476
2024-12-14 00:00:00,4219.012,4234.137,4219.012,4225.9,3485,59,0,3485
2024-12-14 01:00:00,4225.903,4230.807,4217.297,4228.377,3491,59,0,3491
2024-12-14 02:00:00,4228.378,4236.12,4223.497,4234.611,3486,59,0,3486
2024-12-14 03:00:00,4234.615,4244.365,4234.615,4243.965,3476,59,0,3476
2024-12-14 04:00:00,4243.98,4247.886,4231.749,4239.143,3479,59,0,3479
2024-12-14 05:00:00,4239.151,4241.478,4228.224,4235.676,3485,59,0,3485
2024-12-14 06:00:00,4235.679,4242.464,4226.969,4242.464,3485,59,0,3485
2024-12-14 07:00:00,4242.484,4252.936,4227.882,4228.832,3465,59,0,3465
2024-12-14 08:00:00,4228.832,4246.408,4228.832,4245.02,3475,59,0,3475
2024-12-14 09:00:00,4245.025,4250.063,4225.947,4228.328,3481,59,0,3481
2024-12-14 10:00:00,4228.343,4237.024,4206.401,4211.534,3491,58,0,3491
2024-12-14 11:00:00,4211.544,4217.567,4185.776,4193.753,3475,58,0,3475
2024-12-14 12:00:00,4193.759,4202.06,4189.764,4197.809,3494,58,0,3494
2024-12-14 13:00:00,4197.814,4216.03,4197.814,4216.03,3483,58,0,3483
2024-12-14 14:00:00,4216.031,4231.724,4216.031,4229.74,3481,59,0,3481
2024-12-14 15:00:00,4229.748,4237.662,4218.597,4220.475,3502,59,0,3502
2024-12-14 16:00:00,4220.493,4229.113,4217.359,4222.616,3477,59,0,3477
2024-12-14 17:00:00,4222.627,4226.296,4215.244,4224.691,3483,59,0,3483
2024-12-14 18:00:00,4224.693,4230.426,4202.52,4205.607,3503,58,0,3503
2024-12-14 19:00:00,4205.61,4214.6,4196.935,4197.025,3511,58,0,3511
2024-12-14 20:00:00,4197.029,4210.363,4197.029,4207.388,3498,58,0,3498
2024-12-14 21:00:00,4207.394,4215.17,4204.138,4215.17,3492,58,0,3492
2024-12-14 22:00:00,4215.176,4225.973,4212.727,4221.232,3485,59,0,3485
2024-12-14 23:00:00,4221.233,4240.651,4221.233,4234.646,3478,59,0,3478
2024-12-15 00:00:00,4234.651,4237.523,4215.843,4227.117,3466,59,0,3466
2024-12-15 01:00:00,4227.132,4237.354,4214.74,4214.752,3300,59,0,3300
2024-12-15 02:00:00,4214.763,4223.704,4200.084,4200.151,3477,58,0,3477
2024-12-15 03:00:00,4200.16,4220.868,4200.16,4213.911,3479,58,0,3479
2024-12-15 04:00:00,4213.917,4220.444,4206.909,4219.855,3464,58,0,3464
2024-12-15 05:00:00,4219.857,4224.604,4189.572,4195.206,3487,58,0,3487
2024-12-15 06:00:00,4195.208,4203.133,4184.607,4198.651,3469,58,0,3469
2024-12-15 07:00:00,4198.665,4218.429,4198.665,4207.726,3477,58,0,3477
2024-12-15 08:00:00,4207.738,4220.595,4205.124,4219.873,3488,58,0,3488
2024-12-15 09:00:00,4219.88,4230.454,4217.286,4224.609,3480,59,0,3480
2024-12-15 10:00:00,4224.633,4231.284,4209.122,4215.971,3474,58,0,3474
2024-12-15 11:00:00,4215.975,4225.854,4214.405,4215.369,3499,59,0,3499
2024-12-15 12:00:00,4215.371,4226.999,4198.023,4208.96,3485,58,0,3485
2024-12-15 13:00:00,4208.98,4220.817,4200.617,4212.798,3489,58,0,3489
2024-12-15 14:00:00,4212.815,4234.623,4212.815,4234.623,3479,58,0,3479
2024-12-15 15:00:00,4234.629,4236.444,4218.626,4227.732,3500,59,0,3500
2024-12-15 16:00:00,4227.74,4229.738,4200.002,4205.891,3473,58,0,3473
2024-12-15 17:00:00,4205.898,4224.196,4205.898,4224.196,3476,58,0,3476
2024-12-15 18:00:00,4224.198,4250.867,4224.198,4250.867,3483,59,0,3483
2024-12-15 19:00:00,4250.868,4260.385,4250.868,4255.675,3481,59,0,3481
2024-12-15 20:00:00,4255.69,4277.341,4255.69,4277.341,3485,59,0,3485
2024-12-15 21:00:00,4277.35,4293.637,4273.457,4274.343,3484,59,0,3484
2024-12-15 22:00:00,4274.346,4283.657,4265.076,4279.469,3500,59,0,3500
2024-12-15 23:00:00,4279.494,4283.708,4270.526,4280.402,3481,59,0,3481
2024-12-16 00:00:00,4280.41,4302.503,4280.41,4302.503,3470,59,0,3470
2024-12-16 01:00:00,4302.507,4318.644,4297.107,4318.644,3481,60,0,3481
2024-12-16 02:00:00,4318.65,4320.76,4308.378,4314.826,3484,60,0,3484
2024-12-16 03:00:00,4314.838,4329.553,4314.636,4321.226,3488,60,0,3488
2024-12-16 04:00:00,4321.231,4327.602,4309.99,4319.383,3472,60,0,3472
2024-12-16 05:00:00,4319.386,4327.508,4308.505,4313.093,3484,60,0,3484
2024-12-16 06:00:00,4313.104,4315.486,4294.728,4295.999,3471,60,0,3471
2024-12-16 07:00:00,4296.01,4304.19,4292.805,4302.691,3484,60,0,3484
2024-12-16 08:00:00,4302.712,4315.578,4289.327,4289.95,3477,60,0,3477
2024-12-16 09:00:00,4289.957,4301.644,4288.03,4297.724,3497,60,0,3497
2024-12-16 10:00:00,4297.73,4301.39,4270.639,4270.956,3478,59,0,3478
2024-12-16 11:00:00,4270.965,4272.587,4250.284,4252.679,3488,59,0,3488
2024-12-16 12:00:00,4252.696,4264.61,4241.797,4247.619,3481,59,0,3481
2024-12-16 13:00:00,4247.626,4262.686,4247.626,4254.407,3504,59,0,3504
2024-12-16 14:00:00,4254.409,4261.276,4247.427,4252.916,3473,59,0,3473
2024-12-16 15:00:00,4252.917,4263.711,4249.827,4263.711,3478,59,0,3478
2024-12-16 16:00:00,4263.713,4266.006,4253.211,4258.815,3492,59,0,3492
2024-12-16 17:00:00,4258.83,4267.416,4246.19,4258.488,3480,59,0,3480
2024-12-16 18:00:00,4258.496,4267.42,4257.867,4264.965,3489,59,0,3489
2024-12-16 19:00:00,4264.966,4282.463,4263.85,4278.799,3502,59,0,3502
2024-12-16 20:00:00,4278.811,4286.31,4260.292,4267.806,3489,59,0,3489
2024-12-16 21:00:00,4267.814,4277.917,4251.71,4253.111,3474,59,0,3474
2024-12-16 22:00:00,4253.112,4261.609,4238.706,4239.778,3484,59,0,3484
2024-12-16 23:00:00,4239.784,4250.426,4232.684,4250.426,3483,59,0,3483
2024-12-17 00:00:00,4250.437,4270.849,4250.437,4257.651,3503,59,0,3503
2024-12-17 01:00:00,4257.661,4258.164,4238.556,4245.051,3468,59,0,3468
2024-12-17 02:00:00,4245.052,4247.87,4225.297,4243.816,3483,59,0,3483
2024-12-17 03:00:00,4243.82,4253.162,4209.33,4211.339,3469,58,0,3469
2024-12-17 04:00:00,4211.357,4217.509,4199.252,4210.122,3477,58,0,3477
2024-12-17 05:00:00,4210.13,4238.863,4210.13,4238.863,3477,58,0,3477
2024-12-17 06:00:00,4238.879,4251.138,4236.809,4251.138,3495,59,0,3495
2024-12-17 07:00:00,4251.139,4252.284,4236.139,4248.129,3472,59,0,3472
2024-12-17 08:00:00,4248.139,4254.339,4235.062,4251.949,3475,59,0,3475
2024-12-17 09:00:00,4251.968,4254.62,4237.188,4253.932,3492,59,0,3492
2024-12-17 10:00:00,4253.933,4262.686,4246.997,4254.768,3467,59,0,3467
2024-12-17 11:00:00,4254.779,4255.783,4238.186,4244.312,3480,59,0,3480
2024-12-17 12:00:00,4244.33,4261.017,4244.33,4255.889,3468,59,0,3468
2024-12-17 13:00:00,4255.904,4272.938,4253.684,4271.712,3495,59,0,3495
2024-12-17 14:00:00,4271.723,4295.78,4271.723,4295.78,3486,59,0,3486
2024-12-17 15:00:00,4295.785,4307.773,4295.785,4305.611,3483,60,0,3483
2024-12-17 16:00:00,4305.624,4316.122,4302.611,4307.998,3501,60,0,3501
2024-12-17 17:00:00,4308.002,4308.879,4291.426,4294.576,3489,60,0,3489
2024-12-17 18:00:00,4294.581,4315.669,4294.581,4315.669,3480,60,0,3480
2024-12-17 19:00:00,4315.682,4320.43,4286.037,4290.211,3496,60,0,3496
2024-12-17 20:00:00,4290.22,4303.367,4290.22,4295.629,3484,60,0,3484
2024-12-17 21:00:00,4295.648,4300.515,4288.654,4298.238,3488,60,0,3488
2024-12-17 22:00:00,4298.261,4306.485,4291.613,4292.975,3496,60,0,3496
2024-12-17 23:00:00,4292.976,4298.074,4284.314,4292.844,3481,59,0,3481
2024-12-18 00:00:00,4292.848,4308.098,4292.846,4298.372,3490,60,0,3490
2024-12-18 01:00:00,4298.377,4310.398,4297.964,4310.398,3478,60,0,3478
2024-12-18 02:00:00,4310.404,4329.014,4310.404,4329.014,3462,60,0,3462
2024-12-18 03:00:00,4329.014,4330.614,4296.996,4301.779,3479,60,0,3479
2024-12-18 04:00:00,4301.784,4310.658,4301.081,4307.348,3482,60,0,3482
2024-12-18 05:00:00,4307.373,4317.685,4300.698,4317.685,3500,60,0,3500
2024-12-18 06:00:00,4317.698,4319.735,4287.384,4289.536,3495,60,0,3495
2024-12-18 07:00:00,4289.545,4314.368,4289.54,4310.367,3486,60,0,3486
2024-12-18 08:00:00,4310.372,4318.91,4298.998,4305.636,3485,60,0,3485
2024-12-18 09:00:00,4305.636,4307.285,4279.136,4282.507,3473,59,0,3473
2024-12-18 10:00:00,4282.515,4292.162,4278.069,4290.547,3483,59,0,3483
2024-12-18 11:00:00,4290.55,4308.689,4287.434,4290.06,3513,60,0,3513
2024-12-18 12:00:00,4290.069,4297.207,4285.324,4287.939,3492,60,0,3492
2024-12-18 13:00:00,4287.951,4309.526,4287.951,4309.526,3480,60,0,3480
2024-12-18 14:00:00,4309.528,4321.758,4307.751,4314.454,3472,60,0,3472
2024-12-18 15:00:00,4314.471,4331.543,4314.471,4331.543,3498,60,0,3498
2024-12-18 16:00:00,4331.543,4335.987,4312.466,4328.907,3488,60,0,3488
2024-12-18 17:00:00,4328.908,4341.108,4322.042,4341.108,3483,60,0,3483
2024-12-18 18:00:00,4341.121,4345.212,4314.772,4319.755,3476,60,0,3476
2024-12-18 19:00:00,4319.773,4320.769,4296.295,4302.011,3462,60,0,3462
2024-12-18 20:00:00,4302.026,4302.93,4277.884,4282.799,3477,59,0,3477
2024-12-18 21:00:00,4282.82,4298.822,4282.012,4291.82,3490,59,0,3490
2024-12-18 22:00:00,4291.824,4301.221,4274.371,4276.992,3475,59,0,3475
2024-12-18 23:00:00,4277.0,4280.736,4246.062,4250.078,3491,59,0,3491
2024-12-19 00:00:00,4250.091,4252.005,4237.415,4244.081,3453,59,0,3453
2024-12-19 01:00:00,4244.083,4254.668,4235.96,4237.061,3471,59,0,3471
2024-12-19 02:00:00,4237.071,4254.665,4237.071,4254.665,3474,59,0,3474
2024-12-19 03:00:00,4254.684,4275.079,4245.513,4246.611,3469,59,0,3469
2024-12-19 04:00:00,4246.611,4249.332,4231.246,4232.906,3498,59,0,3498
2024-12-19 05:00:00,4232.908,4253.531,4224.672,4246.266,3463,59,0,3463
2024-12-19 06:00:00,4246.277,4249.916,4209.194,4209.302,3466,59,0,3466
2024-12-19 07:00:00,4209.32,4220.904,4192.369,4195.788,3456,58,0,3456
2024-12-19 08:00:00,4195.815,4195.909,4159.13,4161.421,3484,58,0,3484
2024-12-19 09:00:00,4161.423,4176.958,4161.423,4166.992,3477,58,0,3477
2024-12-19 10:00:00,4167.002,4169.855,4157.369,4167.171,3480,58,0,3480
2024-12-19 11:00:00,4167.173,4167.18,4143.08,4159.026,3475,58,0,3475
2024-12-19 12:00:00,4159.037,4165.857,4140.521,4144.296,3498,57,0,3498
2024-12-19 13:00:00,4144.302,4157.894,4144.302,4157.894,3474,58,0,3474
2024-12-19 14:00:00,4157.898,4162.556,4131.998,4133.983,3471,57,0,3471
2024-12-19 15:00:00,4133.992,4138.823,4121.205,4128.593,3489,57,0,3489
2024-12-19 16:00:00,4128.595,4144.229,4128.595,4139.161,3467,57,0,3467
2024-12-19 17:00:00,4139.168,4166.491,4139.168,4161.059,3489,57,0,3489
2024-12-19 18:00:00,4161.062,4174.804,4161.062,4174.804,3470,58,0,3470
2024-12-19 19:00:00,4174.812,4175.826,4129.793,4130.552,3463,57,0,3463
2024-12-19 20:00:00,4130.554,4135.935,4122.245,4128.846,3481,57,0,3481
2024-12-19 21:00:00,4128.853,4134.882,4121.378,4126.299,3482,57,0,3482
2024-12-19 22:00:00,4126.312,4127.3,4089.196,4092.553,3477,57,0,3477
2024-12-19 23:00:00,4092.566,4100.033,4075.101,4081.716,3478,57,0,3478
2024-12-20 00:00:00,4081.717,4090.84,4072.308,4088.562,3468,57,0,3468
2024-12-20 01:00:00,4088.563,4107.791,4088.563,4107.791,3465,57,0,3465
2024-12-20 02:00:00,4107.802,4117.906,4099.014,4114.507,3491,57,0,3491
2024-12-20 03:00:00,4114.511,4116.384,4105.13,4115.239,3469,57,0,3469
2024-12-20 04:00:00,4115.239,4118.267,4097.146,4102.193,3476,57,0,3476
2024-12-20 05:00:00,4102.207,4121.625,4099.895,4118.736,3494,57,0,3494
2024-12-20 06:00:00,4118.742,4123.206,4093.713,4102.352,3482,57,0,3482
2024-12-20 07:00:00,4102.358,4102.368,4074.783,4087.648,3490,57,0,3490
2024-12-20 08:00:00,4087.659,4101.991,4087.659,4099.63,3489,57,0,3489
2024-12-20 09:00:00,4099.64,4103.197,4065.912,4075.334,3464,56,0,3464
2024-12-20 10:00:00,4075.343,4094.486,4075.343,4094.486,3466,57,0,3466
2024-12-20 11:00:00,4094.486,4119.552,4094.486,4113.186,3466,57,0,3466
2024-12-20 12:00:00,4113.194,4122.481,4109.36,4115.564,3470,57,0,3470
2024-12-20 13:00:00,4115.572,4119.529,4103.789,4111.811,3478,57,0,3478
2024-12-20 14:00:00,4111.828,4131.238,4110.374,4131.238,3481,57,0,3481
2024-12-20 15:00:00,4131.239,4151.669,4128.94,4151.669,3487,57,0,3487
2024-12-20 16:00:00,4151.683,4166.898,4151.683,4158.715,3486,58,0,3486
2024-12-20 17:00:00,4158.724,4158.824,4115.823,4118.663,3469,57,0,3469
2024-12-20 18:00:00,4118.672,4135.111,4118.672,4124.652,3480,57,0,3480
2024-12-20 19:00:00,4124.66,4135.622,4112.849,4121.203,3465,57,0,3465
2024-12-20 20:00:00,4121.211,4134.371,4119.423,4123.096,3474,57,0,3474
2024-12-20 21:00:00,4123.098,4125.806,4111.838,4117.173,3460,57,0,3460
2024-12-20 22:00:00,4117.183,4139.117,4117.183,4130.548,3481,57,0,3481
2024-12-20 23:00:00,4130.555,4139.19,4128.306,4132.823,3476,57,0,3476
2024-12-21 00:00:00,4132.829,4134.058,4121.721,4125.521,3481,57,0,3481
2024-12-21 01:00:00,4125.522,4131.161,4121.182,4126.656,3480,57,0,3480
2024-12-21 02:00:00,4126.665,4144.576,4126.665,4135.082,3475,57,0,3475
2024-12-21 03:00:00,4135.096,4139.893,4124.124,4128.27,3479,57,0,3479
2024-12-21 04:00:00,4128.279,4134.047,4123.429,4130.982,3489,57,0,3489
2024-12-21 05:00:00,4130.983,4138.112,4125.6,4131.539,3468,57,0,3468
2024-12-21 06:00:00,4131.54,4138.374,4128.795,4135.841,3475,57,0,3475
2024-12-21 07:00:00,4135.861,4144.003,4132.303,4140.96,3477,57,0,3477
2024-12-21 08:00:00,4140.969,4146.868,4119.886,4120.212,3455,57,0,3455
2024-12-21 09:00:00,4120.212,4128.036,4112.521,4115.835,3476,57,0,3476
2024-12-21 10:00:00,4115.839,4120.228,4099.876,4104.888,3480,57,0,3480
2024-12-21 11:00:00,4104.899,4129.701,4104.899,4113.737,3488,57,0,3488
2024-12-21 12:00:00,4113.741,4121.992,4107.677,4119.723,3484,57,0,3484
2024-12-21 13:00:00,4119.729,4121.746,4090.414,4105.758,3482,57,0,3482
2024-12-21 14:00:00,4105.77,4115.986,4097.641,4100.907,3480,57,0,3480
2024-12-21 15:00:00,4100.909,4102.767,4091.511,4101.749,3486,57,0,3486
2024-12-21 16:00:00,4101.755,4125.615,4101.755,4125.615,3464,57,0,3464
2024-12-21 17:00:00,4125.626,4132.344,4119.396,4127.032,3471,57,0,3471
2024-12-21 18:00:00,4127.05,4137.527,4125.984,4129.991,3464,57,0,3464
2024-12-21 19:00:00,4129.993,4137.668,4122.93,4131.925,3476,57,0,3476
2024-12-21 20:00:00,4131.937,4138.216,4118.021,4123.341,3481,57,0,3481
2024-12-21 21:00:00,4123.359,4132.279,4120.356,4125.449,3479,57,0,3479
2024-12-21 22:00:00,4125.455,4134.815,4116.437,4125.239,3485,57,0,3485
2024-12-21 23:00:00,4125.24,4141.205,4125.24,4126.437,3465,57,0,3465
2024-12-22 00:00:00,4126.444,4143.289,4124.364,4143.289,3476,57,0,3476
2024-12-22 01:00:00,4143.297,4152.641,4140.453,4148.392,3472,57,0,3472
2024-12-22 02:00:00,4148.404,4169.389,4144.347,4169.389,3460,58,0,3460
2024-12-22 03:00:00,4169.391,4179.286,4160.156,4164.309,3466,58,0,3466
2024-12-22 04:00:00,4164.316,4179.024,4163.415,4179.024,3462,58,0,3462
2024-12-22 05:00:00,4179.029,4191.291,4179.029,4188.482,3462,58,0,3462
2024-12-22 06:00:00,4188.487,4200.064,4188.487,4190.344,3472,58,0,3472
2024-12-22 07:00:00,4190.365,4195.646,4141.652,4153.25,3496,57,0,3496
2024-12-22 08:00:00,4153.251,4157.249,4120.843,4121.992,3481,57,0,3481
2024-12-22 09:00:00,4122.001,4124.418,4097.377,4107.417,3481,57,0,3481
2024-12-22 10:00:00,4107.427,4118.419,4099.51,4112.891,3493,57,0,3493
2024-12-22 11:00:00,4112.904,4130.073,4109.167,4113.705,3471,57,0,3471
2024-12-22 12:00:00,4113.71,4118.127,4090.808,4097.544,3464,57,0,3464
2024-12-22 13:00:00,4097.545,4110.694,4093.347,4101.216,3487,57,0,3487
2024-12-22 14:00:00,4101.23,4101.437,4086.78,4101.437,3480,57,0,3480
2024-12-22 15:00:00,4101.445,4113.972,4101.445,4113.96,3487,57,0,3487
2024-12-22 16:00:00,4113.961,4126.23,4110.111,4126.23,3491,57,0,3491
2024-12-22 17:00:00,4126.235,4143.268,4121.815,4130.981,3448,57,0,3448
2024-12-22 18:00:00,4130.996,4147.219,4121.865,4141.82,3499,57,0,3499
2024-12-22 19:00:00,4141.827,4161.964,4141.827,4160.097,3473,58,0,3473
2024-12-22 20:00:00,4160.106,4173.654,4156.007,4173.654,3484,58,0,3484
2024-12-22 21:00:00,4173.654,4181.433,4166.259,4166.803,3496,58,0,3496
2024-12-22 22:00:00,4163.634,4175.033,4160.274,4174.825,3479,58,0,3479
2024-12-22 23:00:00,4174.829,4194.483,4174.829,4181.637,3482,58,0,3482
2024-12-23 00:00:00,4181.649,4191.51,4169.479,4172.47,3465,58,0,3465
2024-12-23 01:00:00,4172.476,4190.014,4172.476,4189.86,3491,58,0,3491
2024-12-23 02:00:00,4189.867,4207.669,4186.464,4187.411,3469,58,0,3469
2024-12-23 03:00:00,4187.423,4192.819,4175.937,4179.631,3489,58,0,3489
2024-12-23 04:00:00,4179.633,4185.52,4167.107,4175.355,3464,58,0,3464
2024-12-23 05:00:00,4175.366,4189.033,4175.366,4189.033,3468,58,0,3468
2024-12-23 06:00:00,4189.044,4215.178,4189.044,4215.178,3492,58,0,3492
2024-12-23 07:00:00,4215.18,4218.147,4207.431,4211.049,3487,58,0,3487
2024-12-23 08:00:00,4211.054,4214.756,4192.891,4207.164,3483,58,0,3483
2024-12-23 09:00:00,4207.178,4208.677,4188.61,4194.812,3498,58,0,3498
2024-12-23 10:00:00,4194.813,4195.411,4151.928,4152.006,3487,58,0,3487
2024-12-23 11:00:00,4152.023,4152.615,4139.135,4148.487,3476,57,0,3476
2024-12-23 12:00:00,4148.493,4151.053,4133.055,4136.296,3465,57,0,3465
2024-12-23 13:00:00,4136.306,4142.976,4128.146,4139.659,3477,57,0,3477
2024-12-23 14:00:00,4139.659,4155.934,4136.751,4140.332,3477,57,0,3477
2024-12-23 15:00:00,4140.35,4148.497,4136.46,4142.901,3487,57,0,3487
2024-12-23 16:00:00,4142.911,4154.739,4140.929,4152.725,3471,57,0,3471
2024-12-23 17:00:00,4152.731,4160.328,4145.707,4154.27,3481,58,0,3481
2024-12-23 18:00:00,4154.274,4177.992,4154.274,4177.992,3475,58,0,3475
2024-12-23 19:00:00,4177.995,4180.433,4154.333,4166.892,3458,58,0,3458
2024-12-23 20:00:00,4166.895,4175.392,4165.352,4170.564,3481,58,0,3481
2024-12-23 21:00:00,4170.565,4181.54,4168.245,4181.54,3496,58,0,3496
2024-12-23 22:00:00,4181.554,4192.63,4176.51,4184.731,3484,58,0,3484
2024-12-23 23:00:00,4184.754,4202.683,4184.059,4202.683,3489,58,0,3489
2024-12-24 00:00:00,4202.691,4211.523,4200.08,4201.449,3485,58,0,3485
2024-12-24 01:00:00,4201.462,4206.859,4188.496,4200.383,3487,58,0,3487
2024-12-24 02:00:00,4200.393,4206.843,4182.782,4188.563,3495,58,0,3495
2024-12-24 03:00:00,4188.564,4195.542,4180.859,4195.542,3486,58,0,3486
2024-12-24 04:00:00,4195.564,4196.989,4173.421,4183.161,3468,58,0,3468
2024-12-24 05:00:00,4183.163,4187.812,4166.417,4177.602,3467,58,0,3467
2024-12-24 06:00:00,4177.61,4187.252,4163.745,4163.92,3477,58,0,3477
2024-12-24 07:00:00,4163.926,4174.599,4160.825,4166.385,3465,58,0,3465
2024-12-24 08:00:00,4166.393,4168.541,4153.479,4161.16,3502,58,0,3502
2024-12-24 09:00:00,4161.166,4162.945,4145.049,4148.66,3487,58,0,3487
2024-12-24 10:00:00,4148.678,4164.501,4144.93,4160.634,3497,58,0,3497
2024-12-24 11:00:00,4160.638,4179.962,4160.638,4179.962,3475,58,0,3475
2024-12-24 12:00:00,4179.962,4180.198,4158.553,4166.649,3473,58,0,3473
2024-12-24 13:00:00,4166.653,4169.896,4139.947,4144.907,3476,57,0,3476
2024-12-24 14:00:00,4144.921,4150.024,4129.756,4133.631,3482,57,0,3482
2024-12-24 15:00:00,4133.637,4141.904,4129.864,4132.813,3458,57,0,3458
2024-12-24 16:00:00,4132.819,4137.656,4118.945,4120.812,3466,57,0,3466
2024-12-24 17:00:00,4120.834,4127.345,4113.147,4127.345,3484,57,0,3484
2024-12-24 18:00:00,4127.354,4149.121,4125.152,4145.053,3485,57,0,3485
2024-12-24 19:00:00,4145.063,4150.844,4124.661,4132.658,3484,57,0,3484
2024-12-24 20:00:00,4132.682,4148.492,4132.682,4146.76,3476,57,0,3476
2024-12-24 21:00:00,4146.763,4155.236,4125.097,4125.24,3469,57,0,3469
2024-12-24 22:00:00,4125.244,4134.018,4116.188,4122.591,3486,57,0,3486
2024-12-24 23:00:00,4122.609,4135.771,4122.609,4135.771,3493,57,0,3493
2024-12-25 00:00:00,4135.777,4140.476,4124.386,4133.183,3487,57,0,3487
2024-12-25 01:00:00,4133.188,4139.587,4115.403,4117.763,3474,57,0,3474
2024-12-25 02:00:00,4117.771,4125.597,4080.376,4082.151,3490,57,0,3490
2024-12-25 03:00:00,4082.165,4086.876,4071.301,4078.378,3457,57,0,3457
2024-12-25 04:00:00,4078.385,4085.607,4064.792,4065.497,3501,56,0,3501
2024-12-25 05:00:00,4065.499,4073.356,4060.794,4063.86,3487,56,0,3487
2024-12-25 06:00:00,4063.867,4077.204,4061.085,4075.586,3479,56,0,3479
2024-12-25 07:00:00,4075.597,4081.456,4072.422,4080.597,3476,57,0,3476
2024-12-25 08:00:00,4080.608,4081.624,4049.694,4056.558,3478,56,0,3478
2024-12-25 09:00:00,4056.573,4063.832,4049.67,4061.117,3461,56,0,3461
2024-12-25 10:00:00,4061.122,4070.302,4055.696,4069.245,3499,56,0,3499
2024-12-25 11:00:00,4069.264,4083.605,4067.532,4071.233,3486,56,0,3486
2024-12-25 12:00:00,4071.242,4075.138,4055.438,4055.886,3481,56,0,3481
2024-12-25 13:00:00,4055.894,4063.148,4051.542,4058.674,3484,56,0,3484
2024-12-25 14:00:00,4058.678,4077.996,4058.678,4077.996,3492,56,0,3492
2024-12-25 15:00:00,4078.003,4083.312,4069.469,4072.731,3473,56,0,3473
2024-12-25 16:00:00,4072.742,4079.327,4067.414,4074.742,3477,56,0,3477
2024-12-25 17:00:00,4074.753,4078.736,4052.426,4055.491,3484,56,0,3484
2024-12-25 18:00:00,4055.494,4065.457,4053.641,4065.457,3493,56,0,3493
2024-12-25 19:00:00,4065.479,4076.207,4044.134,4047.214,3489,56,0,3489
2024-12-25 20:00:00,4047.218,4059.148,4041.281,4048.584,3480,56,0,3480
2024-12-25 21:00:00,4048.601,4049.754,4037.615,4040.093,3517,56,0,3517
2024-12-25 22:00:00,4040.098,4056.5,4040.098,4056.5,3475,56,0,3475
2024-12-25 23:00:00,4056.502,4070.853,4056.502,4065.13,3484,56,0,3484
2024-12-26 00:00:00,4065.141,4069.97,4055.916,4057.032,3475,56,0,3475
2024-12-26 01:00:00,4057.041,4064.815,4046.77,4048.103,3485,56,0,3485
2024-12-26 02:00:00,4048.116,4058.951,4034.853,4037.141,3493,56,0,3493
2024-12-26 03:00:00,4037.143,4050.412,4031.181,4041.765,3484,56,0,3484
2024-12-26 04:00:00,4041.769,4050.643,4036.85,4044.553,3478,56,0,3478
2024-12-26 05:00:00,4044.561,4048.284,4035.687,4041.728,3464,56,0,3464
2024-12-26 06:00:00,4041.733,4052.635,4038.496,4052.635,3474,56,0,3474
2024-12-26 07:00:00,4052.653,4053.053,4031.469,4038.822,3478,56,0,3478
2024-12-26 08:00:00,4038.833,4044.791,4035.103,4042.89,3474,56,0,3474
2024-12-26 09:00:00,4042.905,4063.228,4042.905,4063.228,3499,56,0,3499
2024-12-26 10:00:00,4063.242,4073.65,4043.015,4047.73,3479,56,0,3479
2024-12-26 11:00:00,4047.739,4067.378,4044.499,4067.378,3465,56,0,3465
2024-12-26 12:00:00,4067.392,4068.99,4058.766,4067.208,3464,56,0,3464
2024-12-26 13:00:00,4067.215,4067.937,4051.148,4052.66,3481,56,0,3481
2024-12-26 14:00:00,4052.668,4074.859,4052.668,4070.608,3485,56,0,3485
2024-12-26 15:00:00,4070.614,4072.517,4043.402,4049.759,3471,56,0,3471
2024-12-26 16:00:00,4049.765,4053.41,4029.297,4029.876,3468,56,0,3468
2024-12-26 17:00:00,4029.879,4042.753,4025.489,4031.634,3455,56,0,3455
2024-12-26 18:00:00,4031.643,4039.584,4022.165,4039.584,3491,56,0,3491
2024-12-26 19:00:00,4039.591,4060.797,4039.591,4056.512,3485,56,0,3485
2024-12-26 20:00:00,4056.522,4066.299,4052.863,4054.49,3481,56,0,3481
2024-12-26 21:00:00,4054.504,4063.932,4051.329,4052.99,3480,56,0,3480
2024-12-26 22:00:00,4053.006,4056.613,4046.398,4052.229,3488,56,0,3488
2024-12-26 23:00:00,4052.246,4062.73,4049.788,4055.646,3464,56,0,3464
2024-12-27 00:00:00,4055.648,4061.48,4049.931,4060.668,3480,56,0,3480
2024-12-27 01:00:00,4060.673,4073.492,4060.673,4073.449,3480,56,0,3480
2024-12-27 02:00:00,4073.453,4076.297,4060.502,4062.754,3478,56,0,3478
2024-12-27 03:00:00,4062.769,4064.485,4051.076,4055.618,3471,56,0,3471
2024-12-27 04:00:00,4055.623,4056.674,4042.382,4046.311,3481,56,0,3481
2024-12-27 05:00:00,4046.321,4051.089,4036.184,4051.089,3474,56,0,3474
2024-12-27 06:00:00,4051.115,4053.267,4029.807,4035.302,3481,56,0,3481
2024-12-27 07:00:00,4035.307,4043.592,3999.885,4005.284,3473,56,0,3473
2024-12-27 08:00:00,4005.289,4012.165,3998.494,4002.079,3453,55,0,3453
2024-12-27 09:00:00,4002.085,4005.191,3988.643,3999.422,3481,55,0,3481
2024-12-27 10:00:00,3999.425,4013.691,3999.425,4013.691,3467,56,0,3467
2024-12-27 11:00:00,4013.707,4020.052,4004.924,4013.829,3465,56,0,3465
2024-12-27 12:00:00,4013.848,4034.346,4013.848,4033.258,3483,56,0,3483
2024-12-27 13:00:00,4033.261,4053.498,4033.261,4053.498,3476,56,0,3476
2024-12-27 14:00:00,4053.502,4062.131,4035.556,4037.368,3486,56,0,3486
2024-12-27 15:00:00,4037.385,4040.886,4026.477,4035.992,3474,56,0,3474
2024-12-27 16:00:00,4036.003,4053.379,4035.31,4049.323,3485,56,0,3485
2024-12-27 17:00:00,4049.329,4058.564,4029.234,4030.631,3490,56,0,3490
2024-12-27 18:00:00,4030.647,4050.778,4030.647,4045.8,3475,56,0,3475
2024-12-27 19:00:00,4045.806,4058.314,4044.076,4058.314,3478,56,0,3478
2024-12-27 20:00:00,4058.317,4063.054,4046.886,4049.56,3475,56,0,3475
2024-12-27 21:00:00,4049.573,4051.68,4040.514,4051.354,3479,56,0,3479
2024-12-27 22:00:00,4051.36,4064.565,4049.711,4057.265,3478,56,0,3478
2024-12-27 23:00:00,4057.279,4060.114,4039.827,4047.631,3478,56,0,3478
2024-12-28 00:00:00,4047.646,4057.346,4043.45,4045.439,3474,56,0,3474
2024-12-28 01:00:00,4045.453,4054.119,4027.569,4028.78,3454,56,0,3454
2024-12-28 02:00:00,4028.782,4049.256,4027.024,4049.256,3477,56,0,3477
2024-12-28 03:00:00,4049.271,4069.749,4049.271,4062.101,3460,56,0,3460
2024-12-28 04:00:00,4062.104,4076.678,4062.104,4076.678,3458,56,0,3458
2024-12-28 05:00:00,4076.686,4081.894,4069.525,4078.159,3480,56,0,3480
2024-12-28 06:00:00,4078.17,4097.064,4078.17,4088.812,3461,57,0,3461
2024-12-28 07:00:00,4088.829,4109.422,4087.698,4109.422,3493,57,0,3493
2024-12-28 08:00:00,4109.442,4128.536,4109.442,4128.536,3502,57,0,3502
2024-12-28 09:00:00,4128.551,4134.545,4119.477,4120.249,3479,57,0,3479
2024-12-28 10:00:00,4120.255,4122.782,4105.753,4106.147,3495,57,0,3495
2024-12-28 11:00:00,4106.158,4106.493,4092.891,4094.177,3488,57,0,3488
2024-12-28 12:00:00,4094.184,4096.335,4078.105,4094.756,3459,57,0,3459
2024-12-28 13:00:00,4094.774,4101.074,4088.608,4101.074,3501,57,0,3501
2024-12-28 14:00:00,4101.076,4107.746,4096.336,4102.506,3487,57,0,3487
2024-12-28 15:00:00,4102.525,4107.651,4098.395,4105.553,3458,57,0,3458
2024-12-28 16:00:00,4105.568,4116.51,4105.568,4115.139,3487,57,0,3487
2024-12-28 17:00:00,4115.146,4127.957,4110.304,4126.462,3481,57,0,3481
2024-12-28 18:00:00,4126.465,4143.965,4123.326,4140.908,3468,57,0,3468
2024-12-28 19:00:00,4140.909,4141.387,4124.772,4130.641,3476,57,0,3476
2024-12-28 20:00:00,4130.645,4148.09,4129.54,4146.311,3468,57,0,3468
2024-12-28 21:00:00,4146.315,4154.973,4140.447,4142.608,3479,57,0,3479
2024-12-28 22:00:00,4142.608,4155.817,4138.841,4143.868,3483,57,0,3483
2024-12-28 23:00:00,4143.884,4151.026,4141.567,4146.894,3486,57,0,3486
2024-12-29 00:00:00,4146.898,4169.166,4146.898,4160.227,3484,58,0,3484
2024-12-29 01:00:00,4160.228,4168.333,4152.018,4167.861,3486,58,0,3486
2024-12-29 02:00:00,4167.874,4172.114,4158.508,4171.317,3493,58,0,3493
2024-12-29 03:00:00,4171.319,4173.925,4157.906,4165.917,3475,58,0,3475
2024-12-29 04:00:00,4165.924,4176.34,4144.738,4151.948,3478,58,0,3478
2024-12-29 05:00:00,4151.963,4161.15,4142.035,4143.98,3483,58,0,3483
2024-12-29 06:00:00,4143.98,4158.472,4143.98,4147.198,3470,58,0,3470
2024-12-29 07:00:00,4147.207,4160.81,4145.869,4160.81,3478,58,0,3478
2024-12-29 08:00:00,4160.827,4171.113,4157.636,4165.959,3485,58,0,3485
2024-12-29 09:00:00,4165.985,4167.542,4143.794,4158.959,3476,58,0,3476
2024-12-29 10:00:00,4158.961,4159.53,4135.552,4137.216,3478,57,0,3478
2024-12-29 11:00:00,4137.222,4145.395,4126.992,4128.782,3479,57,0,3479
2024-12-29 12:00:00,4128.783,4138.575,4128.783,4133.342,3476,57,0,3476
2024-12-29 13:00:00,4133.349,4140.236,4124.768,4136.315,3474,57,0,3474
2024-12-29 14:00:00,4136.319,4160.055,4132.876,4160.055,3489,57,0,3489
2024-12-29 15:00:00,4160.061,4168.415,4150.464,4151.243,3493,58,0,3493
2024-12-29 16:00:00,4151.248,4167.181,4149.369,4149.381,3474,58,0,3474
2024-12-29 17:00:00,4149.392,4152.685,4126.03,4130.476,3469,57,0,3469
2024-12-29 18:00:00,4130.482,4135.669,4118.905,4122.619,3493,57,0,3493
2024-12-29 19:00:00,4122.636,4143.408,4122.333,4143.408,3466,57,0,3466
2024-12-29 20:00:00,4143.417,4146.839,4131.176,4138.823,3473,57,0,3473
2024-12-29 21:00:00,4138.837,4138.981,4127.408,4137.688,3461,57,0,3461
2024-12-29 22:00:00,4137.689,4145.85,4098.776,4101.619,3485,57,0,3485
2024-12-29 23:00:00,4101.623,4111.387,4099.404,4108.536,3464,57,0,3464
2024-12-30 00:00:00,4108.555,4114.209,4096.556,4111.042,3490,57,0,3490
2024-12-30 01:00:00,4111.054,4123.219,4103.68,4123.219,3469,57,0,3469
2024-12-30 02:00:00,4123.22,4136.681,4120.0,4136.681,3488,57,0,3488
2024-12-30 03:00:00,4136.692,4154.466,4136.692,4140.13,3485,57,0,3485
2024-12-30 04:00:00,4140.132,4145.535,4127.29,4132.993,3469,57,0,3469
2024-12-30 05:00:00,4133.009,4149.168,4129.715,4132.23,3485,57,0,3485
2024-12-30 06:00:00,4132.244,4136.957,4118.17,4121.88,3473,57,0,3473
2024-12-30 07:00:00,4121.882,4137.672,4121.586,4137.672,3462,57,0,3462
2024-12-30 08:00:00,4137.676,4140.105,4098.865,4104.311,3480,57,0,3480
2024-12-30 09:00:00,4104.327,4106.333,4092.679,4102.0,3475,57,0,3475
2024-12-30 10:00:00,4102.012,4102.709,4063.345,4063.998,3481,56,0,3481
2024-12-30 11:00:00,4064.003,4067.229,4047.255,4050.162,3482,56,0,3482
2024-12-30 12:00:00,4050.169,4059.555,4048.738,4054.818,3496,56,0,3496
2024-12-30 13:00:00,4054.818,4060.304,4046.417,4059.17,3481,56,0,3481
2024-12-30 14:00:00,4059.174,4064.726,4035.986,4040.066,3474,56,0,3474
2024-12-30 15:00:00,4040.08,4055.423,4037.037,4055.423,3468,56,0,3468
2024-12-30 16:00:00,4055.426,4069.554,4053.429,4069.554,3476,56,0,3476
2024-12-30 17:00:00,4069.577,4078.621,4063.655,4067.777,3469,56,0,3469
2024-12-30 18:00:00,4067.777,4074.954,4056.076,4060.863,3467,56,0,3467
2024-12-30 19:00:00,4060.868,4063.097,4046.235,4056.71,3486,56,0,3486
2024-12-30 20:00:00,4056.726,4062.614,4047.248,4049.717,3470,56,0,3470
2024-12-30 21:00:00,4049.722,4071.1,4049.722,4065.884,3474,56,0,3474
2024-12-30 22:00:00,4065.898,4083.892,4062.661,4083.892,3466,56,0,3466
2024-12-30 23:00:00,4083.899,4093.134,4080.375,4086.802,3467,57,0,3467
