datetime,open,high,low,close,tick_volume,spread,real_volume,volume
2023-12-31 23:00:00,8449.5,8459.0,8448.5,8458.2,3600,1,0,3600
2024-01-01 00:00:00,8458.1,8458.1,8448.3,8453.0,3600,1,0,3600
2024-01-01 01:00:00,8452.9,8462.0,8451.7,8453.2,3600,1,0,3600
2024-01-01 02:00:00,8453.1,8457.3,8440.2,8440.4,3600,1,0,3600
2024-01-01 03:00:00,8440.3,8446.1,8435.0,8441.6,3600,1,0,3600
2024-01-01 04:00:00,8441.7,8443.4,8436.1,8440.2,3600,1,0,3600
2024-01-01 05:00:00,8440.1,8443.6,8428.2,8429.2,3600,1,0,3600
2024-01-01 06:00:00,8429.3,8435.7,8428.5,8435.6,3600,1,0,3600
2024-01-01 07:00:00,8435.7,8436.9,8419.7,8420.6,3600,1,0,3600
2024-01-01 08:00:00,8420.7,8437.6,8419.3,8435.6,3600,1,0,3600
2024-01-01 09:00:00,8435.5,8437.4,8430.8,8432.0,3600,1,0,3600
2024-01-01 10:00:00,8432.1,8434.6,8427.4,8431.4,3600,1,0,3600
2024-01-01 11:00:00,8431.3,8431.6,8420.4,8424.8,3600,1,0,3600
2024-01-01 12:00:00,8424.9,8427.3,8421.1,8421.2,3600,1,0,3600
2024-01-01 13:00:00,8421.3,8422.0,8409.3,8411.6,3600,1,0,3600
2024-01-01 14:00:00,8411.5,8411.5,8400.3,8404.2,3600,1,0,3600
2024-01-01 15:00:00,8404.3,8411.3,8402.8,8410.6,3600,1,0,3600
2024-01-01 16:00:00,8410.7,8415.1,8409.9,8413.7,3590,1,0,3590
2024-01-01 17:00:00,8413.8,8420.4,8412.1,8413.3,3600,1,0,3600
2024-01-01 18:00:00,8413.2,8420.5,8411.8,8415.7,3600,1,0,3600
2024-01-01 19:00:00,8415.8,8417.3,8401.9,8401.9,3600,1,0,3600
2024-01-01 20:00:00,8401.8,8402.7,8394.5,8401.5,3600,1,0,3600
2024-01-01 21:00:00,8401.6,8403.7,8398.4,8399.3,3600,1,0,3600
2024-01-01 22:00:00,8399.2,8405.3,8398.1,8402.1,3600,1,0,3600
2024-01-01 23:00:00,8402.2,8402.8,8396.9,8399.9,3600,1,0,3600
2024-01-02 00:00:00,8399.8,8403.3,8395.8,8403.1,3600,1,0,3600
2024-01-02 01:00:00,8403.2,8413.1,8403.1,8405.7,3600,1,0,3600
2024-01-02 02:00:00,8405.8,8421.1,8402.1,8418.9,3600,1,0,3600
2024-01-02 03:00:00,8419.0,8420.8,8409.8,8411.1,3600,1,0,3600
2024-01-02 04:00:00,8411.2,8414.1,8403.6,8414.1,3600,1,0,3600
2024-01-02 05:00:00,8414.0,8416.8,8399.1,8400.7,3600,1,0,3600
2024-01-02 06:00:00,8400.8,8405.8,8400.0,8403.1,3600,1,0,3600
2024-01-02 07:00:00,8403.2,8403.2,8384.9,8387.5,3600,1,0,3600
2024-01-02 08:00:00,8387.6,8389.0,8377.0,8377.7,3600,1,0,3600
2024-01-02 09:00:00,8377.6,8392.7,8375.8,8391.1,3600,1,0,3600
2024-01-02 10:00:00,8391.0,8398.7,8387.8,8396.3,3600,1,0,3600
2024-01-02 11:00:00,8396.2,8403.9,8394.9,8402.5,3600,1,0,3600
2024-01-02 12:00:00,8402.6,8405.1,8396.7,8399.5,3600,1,0,3600
2024-01-02 13:00:00,8399.4,8405.2,8397.3,8399.5,3600,1,0,3600
2024-01-02 14:00:00,8399.6,8401.7,8395.5,8399.9,3600,1,0,3600
2024-01-02 15:00:00,8399.8,8407.4,8395.4,8396.3,3600,1,0,3600
2024-01-02 16:00:00,8396.2,8410.2,8395.8,8401.9,3600,1,0,3600
2024-01-02 17:00:00,8401.8,8402.9,8390.4,8396.9,3600,1,0,3600
2024-01-02 18:00:00,8397.0,8400.1,8393.4,8397.5,3600,1,0,3600
2024-01-02 19:00:00,8397.6,8404.9,8396.9,8402.3,3600,1,0,3600
2024-01-02 20:00:00,8402.2,8405.9,8398.7,8401.7,3600,1,0,3600
2024-01-02 21:00:00,8401.8,8402.4,8389.9,8389.9,3600,1,0,3600
2024-01-02 22:00:00,8390.0,8398.2,8388.3,8398.1,3600,1,0,3600
2024-01-02 23:00:00,8398.2,8403.8,8395.2,8402.3,3600,1,0,3600
2024-01-03 00:00:00,8402.4,8402.4,8394.6,8397.9,3600,1,0,3600
2024-01-03 01:00:00,8398.0,8405.1,8395.4,8398.7,3600,1,0,3600
2024-01-03 02:00:00,8398.8,8402.5,8395.6,8402.5,3600,1,0,3600
2024-01-03 03:00:00,8402.4,8403.1,8393.3,8393.3,3600,1,0,3600
2024-01-03 04:00:00,8393.4,8406.0,8392.8,8402.9,3600,1,0,3600
2024-01-03 05:00:00,8403.0,8407.8,8397.4,8405.5,3600,1,0,3600
2024-01-03 06:00:00,8405.4,8405.6,8396.0,8396.1,3600,1,0,3600
2024-01-03 07:00:00,8396.0,8403.6,8394.3,8399.3,3600,1,0,3600
2024-01-03 08:00:00,8399.4,8409.8,8397.2,8408.7,3600,1,0,3600
2024-01-03 09:00:00,8408.6,8411.2,8404.3,8407.3,3600,1,0,3600
2024-01-03 10:00:00,8407.2,8412.0,8404.2,8409.5,3600,1,0,3600
2024-01-03 11:00:00,8409.6,8410.2,8391.9,8398.7,3600,1,0,3600
2024-01-03 12:00:00,8398.8,8417.3,8398.3,8416.7,3600,1,0,3600
2024-01-03 13:00:00,8416.8,8425.9,8414.4,8424.7,3600,1,0,3600
2024-01-03 14:00:00,8424.8,8429.2,8419.9,8420.5,3600,1,0,3600
2024-01-03 15:00:00,8420.4,8428.4,8419.9,8427.1,3600,1,0,3600
2024-01-03 16:00:00,8427.0,8427.3,8415.2,8416.7,3600,1,0,3600
2024-01-03 17:00:00,8416.8,8422.3,8414.1,8417.7,3600,1,0,3600
2024-01-03 18:00:00,8417.8,8419.9,8412.4,8418.3,3600,1,0,3600
2024-01-03 19:00:00,8418.2,8424.4,8412.0,8422.1,3600,1,0,3600
2024-01-03 20:00:00,8422.0,8430.8,8420.3,8421.7,3600,1,0,3600
2024-01-03 21:00:00,8421.8,8424.6,8417.1,8421.1,3600,1,0,3600
2024-01-03 22:00:00,8421.0,8426.3,8419.4,8420.9,3600,1,0,3600
2024-01-03 23:00:00,8421.0,8425.8,8415.2,8417.7,3600,1,0,3600
2024-01-04 00:00:00,8417.8,8428.7,8416.1,8426.1,3600,1,0,3600
2024-01-04 01:00:00,8426.2,8426.8,8418.3,8422.7,3600,1,0,3600
2024-01-04 02:00:00,8422.6,8434.9,8418.5,8434.3,3600,1,0,3600
2024-01-04 03:00:00,8434.4,8435.0,8425.6,8433.9,3600,1,0,3600
2024-01-04 04:00:00,8433.8,8441.1,8431.4,8439.3,3600,1,0,3600
2024-01-04 05:00:00,8439.4,8447.2,8439.3,8445.3,3600,1,0,3600
2024-01-04 06:00:00,8445.2,8446.3,8438.6,8442.9,3600,1,0,3600
2024-01-04 07:00:00,8442.8,8443.3,8435.8,8437.9,3600,1,0,3600
2024-01-04 08:00:00,8437.8,8441.0,8431.7,8435.1,3600,1,0,3600
2024-01-04 09:00:00,8435.2,8436.6,8430.2,8431.1,3600,1,0,3600
2024-01-04 10:00:00,8431.2,8431.3,8420.9,8423.7,3600,1,0,3600
2024-01-04 11:00:00,8423.8,8430.8,8416.5,8420.1,3600,1,0,3600
2024-01-04 12:00:00,8420.0,8423.0,8413.7,8421.9,3600,1,0,3600
2024-01-04 13:00:00,8421.8,8425.6,8418.6,8419.1,3600,1,0,3600
2024-01-04 14:00:00,8419.0,8420.1,8411.3,8414.7,3600,1,0,3600
2024-01-04 15:00:00,8414.8,8418.3,8412.0,8412.3,3600,1,0,3600
2024-01-04 16:00:00,8412.2,8415.1,8402.0,8402.7,3600,1,0,3600
2024-01-04 17:00:00,8402.8,8415.1,8401.8,8412.1,3600,1,0,3600
2024-01-04 18:00:00,8412.0,8414.0,8404.1,8405.9,3600,1,0,3600
2024-01-04 19:00:00,8406.0,8409.3,8398.4,8408.3,3600,1,0,3600
2024-01-04 20:00:00,8408.4,8413.6,8407.4,8407.9,3600,1,0,3600
2024-01-04 21:00:00,8407.8,8408.7,8400.7,8405.7,3600,1,0,3600
2024-01-04 22:00:00,8405.6,8408.4,8400.4,8405.5,3600,1,0,3600
2024-01-04 23:00:00,8405.4,8412.6,8404.9,8411.9,3600,1,0,3600
2024-01-05 00:00:00,8412.0,8412.2,8396.7,8396.9,3600,1,0,3600
2024-01-05 01:00:00,8397.0,8398.6,8385.1,8385.5,3600,1,0,3600
2024-01-05 02:00:00,8385.6,8388.1,8381.6,8382.7,3600,1,0,3600
2024-01-05 03:00:00,8382.8,8384.1,8374.4,8376.1,3600,1,0,3600
2024-01-05 04:00:00,8376.0,8381.2,8375.4,8380.1,3600,1,0,3600
2024-01-05 05:00:00,8380.2,8392.4,8379.1,8389.9,3597,1,0,3597
2024-01-05 06:00:00,8389.8,8394.4,8387.2,8390.1,3600,1,0,3600
2024-01-05 07:00:00,8390.0,8391.0,8379.1,8380.3,3600,1,0,3600
2024-01-05 08:00:00,8380.4,8385.1,8376.3,8381.3,3600,1,0,3600
2024-01-05 09:00:00,8381.2,8386.0,8373.9,8375.1,3600,1,0,3600
2024-01-05 10:00:00,8375.2,8379.4,8370.2,8379.3,3600,1,0,3600
2024-01-05 11:00:00,8379.2,8390.3,8379.0,8385.5,3600,1,0,3600
2024-01-05 12:00:00,8385.4,8386.9,8377.8,8384.5,3600,1,0,3600
2024-01-05 13:00:00,8384.6,8384.7,8375.1,8375.3,3600,1,0,3600
2024-01-05 14:00:00,8375.4,8382.1,8373.6,8381.1,3600,1,0,3600
2024-01-05 15:00:00,8381.0,8385.7,8379.0,8380.7,3600,1,0,3600
2024-01-05 16:00:00,8380.8,8381.8,8374.7,8377.3,3600,1,0,3600
2024-01-05 17:00:00,8377.4,8393.5,8376.9,8392.9,3600,1,0,3600
2024-01-05 18:00:00,8393.0,8394.4,8380.9,8383.5,3600,1,0,3600
2024-01-05 19:00:00,8383.6,8384.3,8375.8,8377.7,3600,1,0,3600
2024-01-05 20:00:00,8377.8,8385.4,8377.5,8383.3,3600,1,0,3600
2024-01-05 21:00:00,8383.2,8388.4,8382.4,8388.3,3600,1,0,3600
2024-01-05 22:00:00,8388.4,8394.4,8383.6,8394.1,3600,1,0,3600
2024-01-05 23:00:00,8394.0,8394.4,8387.4,8393.1,3600,1,0,3600
2024-01-06 00:00:00,8393.0,8395.9,8385.1,8388.3,3600,1,0,3600
2024-01-06 01:00:00,8388.4,8391.0,8379.6,8383.3,3600,1,0,3600
2024-01-06 02:00:00,8383.4,8392.1,8383.0,8389.7,3600,1,0,3600
2024-01-06 03:00:00,8389.8,8390.3,8379.9,8382.5,3600,1,0,3600
2024-01-06 04:00:00,8382.4,8383.5,8374.5,8383.5,3600,1,0,3600
2024-01-06 05:00:00,8383.6,8388.4,8381.4,8386.1,3600,1,0,3600
2024-01-06 06:00:00,8386.0,8390.8,8382.9,8387.5,3600,1,0,3600
2024-01-06 07:00:00,8387.6,8389.3,8379.6,8382.5,3600,1,0,3600
2024-01-06 08:00:00,8382.6,8387.4,8381.3,8383.5,3600,1,0,3600
2024-01-06 09:00:00,8383.4,8387.9,8381.6,8386.9,3600,1,0,3600
2024-01-06 10:00:00,8386.8,8388.8,8381.2,8385.7,3600,1,0,3600
2024-01-06 11:00:00,8385.6,8391.5,8382.0,8389.5,3600,1,0,3600
2024-01-06 12:00:00,8389.6,8397.0,8387.6,8396.7,3600,1,0,3600
2024-01-06 13:00:00,8396.6,8409.7,8395.9,8403.7,3600,1,0,3600
2024-01-06 14:00:00,8403.8,8407.1,8401.5,8405.9,3600,1,0,3600
2024-01-06 15:00:00,8405.8,8407.6,8396.8,8397.7,3600,1,0,3600
2024-01-06 16:00:00,8397.8,8406.8,8397.5,8399.7,3600,1,0,3600
2024-01-06 17:00:00,8399.6,8406.5,8394.7,8405.3,3600,1,0,3600
2024-01-06 18:00:00,8405.4,8413.9,8401.5,8408.3,3600,1,0,3600
2024-01-06 19:00:00,8408.4,8415.0,8404.2,8414.5,3600,1,0,3600
2024-01-06 20:00:00,8414.4,8417.4,8405.1,8407.9,3600,1,0,3600
2024-01-06 21:00:00,8407.8,8413.8,8402.7,8410.3,3600,1,0,3600
2024-01-06 22:00:00,8410.2,8415.4,8407.9,8414.1,3600,1,0,3600
2024-01-06 23:00:00,8414.0,8416.0,8410.6,8413.5,3600,1,0,3600
2024-01-07 00:00:00,8413.6,8428.9,8409.9,8428.1,3600,1,0,3600
2024-01-07 01:00:00,8428.0,8428.7,8412.4,8416.7,3600,1,0,3600
2024-01-07 02:00:00,8416.6,8423.1,8412.0,8421.3,3599,1,0,3599
2024-01-07 03:00:00,8421.2,8422.0,8413.0,8413.1,3600,1,0,3600
2024-01-07 04:00:00,8413.2,8414.3,8401.6,8405.1,3600,1,0,3600
2024-01-07 05:00:00,8405.2,8409.5,8402.2,8404.1,3600,1,0,3600
2024-01-07 06:00:00,8404.0,8404.9,8394.7,8396.1,3600,1,0,3600
2024-01-07 07:00:00,8396.2,8398.5,8388.3,8388.9,3600,1,0,3600
2024-01-07 08:00:00,8388.8,8388.8,8378.6,8380.3,3600,1,0,3600
2024-01-07 09:00:00,8380.4,8385.7,8374.2,8376.1,3600,1,0,3600
2024-01-07 10:00:00,8376.0,8380.6,8366.2,8367.3,3600,1,0,3600
2024-01-07 11:00:00,8367.2,8370.5,8362.1,8363.1,3600,1,0,3600
2024-01-07 12:00:00,8363.0,8380.0,8362.7,8376.3,3600,1,0,3600
2024-01-07 13:00:00,8376.2,8378.1,8370.3,8373.3,3600,1,0,3600
2024-01-07 14:00:00,8373.4,8381.5,8371.1,8380.7,3600,1,0,3600
2024-01-07 15:00:00,8380.8,8383.3,8376.7,8378.7,3600,1,0,3600
2024-01-07 16:00:00,8378.8,8383.2,8374.1,8378.7,3600,1,0,3600
2024-01-07 17:00:00,8378.8,8384.3,8378.0,8382.7,3600,1,0,3600
2024-01-07 18:00:00,8382.6,8386.9,8379.4,8380.3,3600,1,0,3600
2024-01-07 19:00:00,8380.4,8384.2,8377.3,8379.9,3600,1,0,3600
2024-01-07 20:00:00,8380.0,8394.9,8379.8,8393.3,3600,1,0,3600
2024-01-07 21:00:00,8393.2,8396.9,8386.7,8395.3,3600,1,0,3600
2024-01-07 22:00:00,8395.4,8395.4,8385.8,8390.5,3600,1,0,3600
2024-01-07 23:00:00,8390.6,8393.1,8386.1,8391.1,3600,1,0,3600
2024-01-08 00:00:00,8391.0,8397.2,8389.0,8390.9,3600,1,0,3600
2024-01-08 01:00:00,8391.0,8401.2,8388.9,8400.9,3600,1,0,3600
2024-01-08 02:00:00,8401.0,8407.0,8400.3,8406.3,3600,1,0,3600
2024-01-08 03:00:00,8406.4,8406.9,8396.8,8398.9,3600,1,0,3600
2024-01-08 04:00:00,8398.8,8404.6,8397.8,8401.1,3600,1,0,3600
2024-01-08 05:00:00,8401.2,8407.8,8398.3,8406.9,3600,1,0,3600
2024-01-08 06:00:00,8406.8,8415.3,8406.4,8412.1,3600,1,0,3600
2024-01-08 07:00:00,8412.0,8412.3,8398.3,8404.3,3600,1,0,3600
2024-01-08 08:00:00,8404.4,8406.1,8395.0,8399.9,3600,1,0,3600
2024-01-08 09:00:00,8399.8,8405.4,8398.9,8400.5,3600,1,0,3600
2024-01-08 10:00:00,8400.4,8410.7,8400.3,8406.9,3600,1,0,3600
2024-01-08 11:00:00,8406.8,8406.9,8395.2,8395.3,3600,1,0,3600
2024-01-08 12:00:00,8395.4,8396.9,8386.8,8389.3,3600,1,0,3600
2024-01-08 13:00:00,8389.4,8390.6,8384.4,8388.3,3600,1,0,3600
2024-01-08 14:00:00,8388.4,8399.4,8388.3,8395.1,3600,1,0,3600
2024-01-08 15:00:00,8395.2,8395.5,8385.0,8385.3,3600,1,0,3600
2024-01-08 16:00:00,8385.2,8385.2,8373.0,8376.9,3600,1,0,3600
2024-01-08 17:00:00,8377.0,8377.7,8364.2,8372.3,3600,1,0,3600
2024-01-08 18:00:00,8372.4,8376.4,8365.7,8367.7,3600,1,0,3600
2024-01-08 19:00:00,8367.6,8368.2,8355.8,8365.1,3600,1,0,3600
2024-01-08 20:00:00,8365.0,8367.3,8350.8,8351.7,3600,1,0,3600
2024-01-08 21:00:00,8351.6,8355.1,8342.3,8346.1,3600,1,0,3600
2024-01-08 22:00:00,8346.0,8354.1,8342.9,8344.3,3600,1,0,3600
2024-01-08 23:00:00,8344.4,8357.1,8343.9,8354.7,3600,1,0,3600
2024-01-09 00:00:00,8354.8,8363.5,8353.6,8360.9,3600,1,0,3600
2024-01-09 01:00:00,8361.0,8366.1,8357.2,8357.5,3600,1,0,3600
2024-01-09 02:00:00,8357.6,8360.5,8348.3,8360.1,3600,1,0,3600
2024-01-09 03:00:00,8360.2,8362.3,8355.7,8356.7,3600,1,0,3600
2024-01-09 04:00:00,8356.8,8359.9,8354.1,8355.3,3600,1,0,3600
2024-01-09 05:00:00,8355.2,8369.8,8354.8,8364.7,3600,1,0,3600
2024-01-09 06:00:00,8364.8,8373.4,8362.7,8362.9,3600,1,0,3600
2024-01-09 07:00:00,8363.0,8367.6,8360.3,8361.3,3600,1,0,3600
2024-01-09 08:00:00,8361.4,8362.3,8353.0,8353.5,3600,1,0,3600
2024-01-09 09:00:00,8353.6,8362.6,8353.2,8359.5,3600,1,0,3600
2024-01-09 10:00:00,8359.6,8362.3,8355.3,8355.7,3600,1,0,3600
2024-01-09 11:00:00,8355.8,8360.6,8353.0,8358.1,3600,1,0,3600
2024-01-09 12:00:00,8358.2,8364.7,8355.0,8363.5,3600,1,0,3600
2024-01-09 13:00:00,8363.6,8368.1,8361.3,8365.1,3600,1,0,3600
2024-01-09 14:00:00,8365.0,8369.8,8363.4,8368.7,3600,1,0,3600
2024-01-09 15:00:00,8368.8,8377.8,8368.3,8376.9,3600,1,0,3600
2024-01-09 16:00:00,8377.0,8377.3,8363.3,8364.3,3600,1,0,3600
2024-01-09 17:00:00,8364.4,8364.4,8350.3,8350.7,3600,1,0,3600
2024-01-09 18:00:00,8350.8,8363.4,8348.9,8358.3,3600,1,0,3600
2024-01-09 19:00:00,8358.4,8359.5,8345.0,8346.7,3600,1,0,3600
2024-01-09 20:00:00,8346.8,8354.1,8346.6,8352.9,3600,1,0,3600
2024-01-09 21:00:00,8353.0,8358.8,8351.8,8357.1,3600,1,0,3600
2024-01-09 22:00:00,8357.2,8357.3,8348.6,8349.9,3600,1,0,3600
2024-01-09 23:00:00,8350.0,8354.9,8346.7,8349.7,3600,1,0,3600
2024-01-10 00:00:00,8349.6,8351.3,8341.9,8345.5,3600,1,0,3600
2024-01-10 01:00:00,8345.4,8354.7,8344.7,8347.9,3600,1,0,3600
2024-01-10 02:00:00,8347.8,8352.0,8342.0,8343.7,3595,1,0,3595
2024-01-10 03:00:00,8343.8,8345.2,8336.5,8339.5,3600,1,0,3600
2024-01-10 04:00:00,8339.4,8340.3,8326.7,8329.1,3600,1,0,3600
2024-01-10 05:00:00,8329.2,8335.1,8322.1,8326.3,3600,1,0,3600
2024-01-10 06:00:00,8326.4,8334.5,8324.3,8334.1,3597,1,0,3597
2024-01-10 07:00:00,8334.2,8339.2,8328.6,8332.9,3600,1,0,3600
2024-01-10 08:00:00,8333.0,8333.1,8324.2,8330.3,3600,1,0,3600
2024-01-10 09:00:00,8330.4,8338.0,8330.4,8337.3,3600,1,0,3600
2024-01-10 10:00:00,8337.2,8344.1,8335.2,8343.9,3600,1,0,3600
2024-01-10 11:00:00,8344.0,8348.1,8342.9,8346.1,3600,1,0,3600
2024-01-10 12:00:00,8346.2,8354.5,8343.0,8344.1,3600,1,0,3600
2024-01-10 13:00:00,8344.2,8348.7,8338.2,8342.9,3600,1,0,3600
2024-01-10 14:00:00,8343.0,8347.2,8336.9,8343.1,3600,1,0,3600
2024-01-10 15:00:00,8343.2,8343.5,8334.8,8337.3,3600,1,0,3600
2024-01-10 16:00:00,8337.2,8338.6,8328.1,8329.7,3600,1,0,3600
2024-01-10 17:00:00,8329.6,8334.5,8324.0,8328.3,3600,1,0,3600
2024-01-10 18:00:00,8328.2,8332.3,8323.7,8324.9,3600,1,0,3600
2024-01-10 19:00:00,8325.0,8330.0,8323.7,8329.1,3600,1,0,3600
2024-01-10 20:00:00,8329.2,8330.8,8322.8,8327.1,3600,1,0,3600
2024-01-10 21:00:00,8327.0,8329.0,8322.8,8324.5,3600,1,0,3600
2024-01-10 22:00:00,8324.4,8325.4,8318.5,8319.1,3600,1,0,3600
2024-01-10 23:00:00,8319.0,8319.3,8312.1,8317.3,3600,1,0,3600
2024-01-11 00:00:00,8317.2,8326.5,8316.0,8318.1,3600,1,0,3600
2024-01-11 01:00:00,8318.2,8323.6,8314.2,8319.7,3600,1,0,3600
2024-01-11 02:00:00,8319.6,8322.1,8309.9,8314.9,3600,1,0,3600
2024-01-11 03:00:00,8315.0,8321.0,8313.5,8316.7,3600,1,0,3600
2024-01-11 04:00:00,8316.8,8328.5,8316.2,8328.5,3600,1,0,3600
2024-01-11 05:00:00,8328.6,8340.3,8328.5,8338.5,3600,1,0,3600
2024-01-11 06:00:00,8338.6,8341.6,8335.3,8340.1,3600,1,0,3600
2024-01-11 07:00:00,8340.0,8341.3,8334.0,8336.5,3600,1,0,3600
2024-01-11 08:00:00,8336.4,8338.2,8330.4,8333.1,3600,1,0,3600
2024-01-11 09:00:00,8333.0,8336.6,8328.8,8331.5,3600,1,0,3600
2024-01-11 10:00:00,8331.6,8335.1,8328.0,8329.5,3600,1,0,3600
2024-01-11 11:00:00,8329.4,8330.8,8323.9,8329.9,3600,1,0,3600
2024-01-11 12:00:00,8329.8,8337.9,8328.1,8334.7,3600,1,0,3600
2024-01-11 13:00:00,8334.6,8336.2,8320.9,8323.3,3600,1,0,3600
2024-01-11 14:00:00,8323.2,8326.0,8319.1,8320.7,3600,1,0,3600
2024-01-11 15:00:00,8320.8,8332.9,8320.7,8330.1,3600,1,0,3600
2024-01-11 16:00:00,8330.2,8331.7,8323.1,8325.3,3600,1,0,3600
2024-01-11 17:00:00,8325.4,8328.3,8320.7,8327.1,3600,1,0,3600
2024-01-11 18:00:00,8327.0,8333.8,8326.9,8327.9,3600,1,0,3600
2024-01-11 19:00:00,8327.8,8332.5,8326.6,8327.3,3600,1,0,3600
2024-01-11 20:00:00,8327.2,8339.9,8325.8,8335.5,3600,1,0,3600
2024-01-11 21:00:00,8335.4,8340.6,8333.9,8336.1,3600,1,0,3600
2024-01-11 22:00:00,8336.2,8337.4,8327.0,8329.5,3600,1,0,3600
2024-01-11 23:00:00,8329.4,8340.6,8329.3,8336.9,3600,1,0,3600
2024-01-12 00:00:00,8336.8,8337.6,8325.7,8330.5,3600,1,0,3600
2024-01-12 01:00:00,8330.4,8335.9,8325.8,8327.7,3600,1,0,3600
2024-01-12 02:00:00,8327.6,8330.3,8324.2,8325.1,3600,1,0,3600
2024-01-12 03:00:00,8325.0,8326.9,8320.8,8323.5,3600,1,0,3600
2024-01-12 04:00:00,8323.4,8324.3,8315.0,8316.1,3600,1,0,3600
2024-01-12 05:00:00,8316.2,8318.1,8308.5,8310.9,3600,1,0,3600
2024-01-12 06:00:00,8311.0,8316.0,8310.5,8314.5,3600,1,0,3600
2024-01-12 07:00:00,8314.4,8320.1,8306.3,8320.1,3600,1,0,3600
2024-01-12 08:00:00,8320.2,8325.6,8315.5,8318.5,3600,1,0,3600
2024-01-12 09:00:00,8318.6,8322.5,8313.5,8316.9,3600,1,0,3600
2024-01-12 10:00:00,8316.8,8317.4,8307.1,8308.3,3600,1,0,3600
2024-01-12 11:00:00,8308.2,8313.9,8303.4,8306.5,3600,1,0,3600
2024-01-12 12:00:00,8306.4,8308.0,8297.4,8297.9,3600,1,0,3600
2024-01-12 13:00:00,8297.8,8300.9,8294.2,8297.7,3600,1,0,3600
2024-01-12 14:00:00,8297.8,8307.7,8297.0,8299.7,3600,1,0,3600
2024-01-12 15:00:00,8299.6,8305.5,8299.4,8300.1,3600,1,0,3600
2024-01-12 16:00:00,8300.2,8306.9,8297.2,8305.3,3600,1,0,3600
2024-01-12 17:00:00,8305.4,8310.1,8302.2,8302.9,3600,1,0,3600
2024-01-12 18:00:00,8302.8,8305.0,8297.2,8301.9,3600,1,0,3600
2024-01-12 19:00:00,8301.8,8306.2,8298.9,8301.7,3600,1,0,3600
2024-01-12 20:00:00,8301.6,8313.9,8296.7,8310.5,3600,1,0,3600
2024-01-12 21:00:00,8310.6,8319.0,8306.2,8315.5,3600,1,0,3600
2024-01-12 22:00:00,8315.6,8317.5,8304.9,8305.3,3600,1,0,3600
2024-01-12 23:00:00,8305.2,8313.0,8300.2,8312.7,3600,1,0,3600
2024-01-13 00:00:00,8312.6,8326.0,8312.2,8321.7,3600,1,0,3600
2024-01-13 01:00:00,8321.6,8323.5,8316.7,8321.7,3600,1,0,3600
2024-01-13 02:00:00,8321.8,8324.1,8317.7,8320.9,3600,1,0,3600
2024-01-13 03:00:00,8321.0,8325.1,8312.5,8313.7,3600,1,0,3600
2024-01-13 04:00:00,8313.6,8315.9,8297.9,8299.1,3600,1,0,3600
2024-01-13 05:00:00,8299.2,8299.7,8290.1,8292.3,3600,1,0,3600
2024-01-13 06:00:00,8292.2,8304.1,8291.6,8300.7,3600,1,0,3600
2024-01-13 07:00:00,8300.8,8304.4,8298.4,8303.3,3600,1,0,3600
2024-01-13 08:00:00,8303.2,8303.9,8295.8,8297.5,3600,1,0,3600
2024-01-13 09:00:00,8297.4,8297.7,8287.7,8292.1,3600,1,0,3600
2024-01-13 10:00:00,8292.0,8293.8,8282.3,8287.5,3600,1,0,3600
2024-01-13 11:00:00,8287.4,8297.0,8282.9,8295.9,3600,1,0,3600
2024-01-13 12:00:00,8295.8,8296.5,8286.3,8287.1,3600,1,0,3600
2024-01-13 13:00:00,8287.0,8290.2,8279.4,8280.7,3600,1,0,3600
2024-01-13 14:00:00,8280.8,8283.9,8272.8,8279.1,3600,1,0,3600
2024-01-13 15:00:00,8279.2,8279.6,8267.5,8268.7,3600,1,0,3600
2024-01-13 16:00:00,8268.6,8276.3,8266.5,8269.1,3600,1,0,3600
2024-01-13 17:00:00,8269.0,8269.1,8257.7,8260.9,3600,1,0,3600
2024-01-13 18:00:00,8260.8,8263.3,8254.3,8255.5,3600,1,0,3600
2024-01-13 19:00:00,8255.6,8257.4,8247.5,8247.7,3600,1,0,3600
2024-01-13 20:00:00,8247.8,8255.2,8245.5,8253.7,3600,1,0,3600
2024-01-13 21:00:00,8253.8,8258.5,8248.7,8249.5,3600,1,0,3600
2024-01-13 22:00:00,8249.4,8249.5,8240.1,8243.3,3600,1,0,3600
2024-01-13 23:00:00,8243.4,8251.4,8240.3,8246.1,3600,1,0,3600
2024-01-14 00:00:00,8246.2,8251.0,8237.3,8238.1,3600,1,0,3600
2024-01-14 01:00:00,8238.2,8238.6,8227.2,8228.5,3366,1,0,3366
2024-01-14 02:00:00,8228.4,8231.4,8219.9,8223.9,3587,1,0,3587
2024-01-14 03:00:00,8223.8,8232.5,8221.2,8232.1,3600,1,0,3600
2024-01-14 04:00:00,8232.0,8235.7,8226.0,8227.3,3600,1,0,3600
2024-01-14 05:00:00,8227.2,8232.7,8222.8,8230.7,3600,1,0,3600
2024-01-14 06:00:00,8230.6,8230.7,8221.6,8227.5,3600,1,0,3600
2024-01-14 07:00:00,8227.6,8227.7,8212.2,8213.5,3600,1,0,3600
2024-01-14 08:00:00,8213.4,8220.4,8209.7,8214.1,3600,1,0,3600
2024-01-14 09:00:00,8214.2,8224.7,8213.7,8220.5,3600,1,0,3600
2024-01-14 10:00:00,8220.6,8225.6,8217.7,8218.5,3600,1,0,3600
2024-01-14 11:00:00,8218.6,8221.6,8215.1,8219.5,3600,1,0,3600
2024-01-14 12:00:00,8219.6,8220.2,8207.4,8210.9,3600,1,0,3600
2024-01-14 13:00:00,8211.0,8219.6,8207.9,8219.1,3600,1,0,3600
2024-01-14 14:00:00,8219.0,8220.1,8215.0,8217.3,3600,1,0,3600
2024-01-14 15:00:00,8217.2,8218.2,8205.8,8207.1,3600,1,0,3600
2024-01-14 16:00:00,8207.2,8212.7,8206.6,8209.1,3600,1,0,3600
2024-01-14 17:00:00,8209.2,8209.4,8200.5,8202.7,3600,1,0,3600
2024-01-14 18:00:00,8202.8,8206.4,8199.9,8204.9,3600,1,0,3600
2024-01-14 19:00:00,8204.8,8207.7,8200.9,8201.3,3600,1,0,3600
2024-01-14 20:00:00,8201.4,8204.7,8197.8,8204.7,3600,1,0,3600
2024-01-14 21:00:00,8204.6,8208.9,8197.4,8197.5,3600,1,0,3600
2024-01-14 22:00:00,8197.4,8205.3,8197.3,8203.3,3600,1,0,3600
2024-01-14 23:00:00,8203.4,8213.2,8201.4,8211.7,3600,1,0,3600
2024-01-15 00:00:00,8211.5,8212.1,8201.9,8204.4,3594,1,0,3594
2024-01-15 01:00:00,8204.3,8207.3,8202.1,8204.7,3072,1,0,3072
2024-01-15 02:00:00,8204.6,8222.3,8204.4,8215.7,3600,1,0,3600
2024-01-15 03:00:00,8215.8,8216.8,8203.8,8204.9,3600,1,0,3600
2024-01-15 04:00:00,8205.0,8215.7,8204.7,8211.9,3600,1,0,3600
2024-01-15 05:00:00,8211.8,8215.0,8205.8,8206.9,3600,1,0,3600
2024-01-15 06:00:00,8206.8,8211.4,8202.1,8205.5,3600,1,0,3600
2024-01-15 07:00:00,8205.4,8212.3,8204.0,8208.3,3600,1,0,3600
2024-01-15 08:00:00,8208.4,8220.2,8208.0,8213.1,3600,1,0,3600
2024-01-15 09:00:00,8213.0,8216.7,8208.4,8213.1,3600,1,0,3600
2024-01-15 10:00:00,8213.2,8220.9,8213.2,8217.1,3600,1,0,3600
2024-01-15 11:00:00,8217.0,8222.1,8209.4,8210.1,3600,1,0,3600
2024-01-15 12:00:00,8210.0,8211.6,8202.8,8206.7,3600,1,0,3600
2024-01-15 13:00:00,8206.8,8219.5,8206.3,8218.7,3600,1,0,3600
2024-01-15 14:00:00,8218.6,8226.1,8215.5,8224.3,3600,1,0,3600
2024-01-15 15:00:00,8224.4,8227.3,8218.7,8220.3,3600,1,0,3600
2024-01-15 16:00:00,8220.2,8221.9,8215.9,8220.1,3600,1,0,3600
2024-01-15 17:00:00,8220.0,8230.4,8219.0,8230.1,3600,1,0,3600
2024-01-15 18:00:00,8230.0,8231.7,8215.7,8215.9,3600,1,0,3600
2024-01-15 19:00:00,8215.8,8225.0,8215.7,8222.1,3600,1,0,3600
2024-01-15 20:00:00,8222.0,8229.4,8220.4,8222.9,3600,1,0,3600
2024-01-15 21:00:00,8222.8,8225.1,8217.9,8218.9,3600,1,0,3600
2024-01-15 22:00:00,8219.0,8220.9,8216.5,8218.9,3600,1,0,3600
2024-01-15 23:00:00,8219.0,8226.1,8218.6,8220.9,3600,1,0,3600
2024-01-16 00:00:00,8220.8,8226.3,8217.1,8221.1,3600,1,0,3600
2024-01-16 01:00:00,8221.2,8222.2,8214.0,8219.3,3600,1,0,3600
2024-01-16 02:00:00,8219.4,8219.5,8214.3,8216.9,3600,1,0,3600
2024-01-16 03:00:00,8216.8,8224.0,8215.3,8218.7,3600,1,0,3600
2024-01-16 04:00:00,8218.6,8224.6,8217.7,8223.9,3600,1,0,3600
2024-01-16 05:00:00,8224.0,8224.3,8217.0,8217.3,3600,1,0,3600
2024-01-16 06:00:00,8217.4,8221.1,8209.9,8213.5,3600,1,0,3600
2024-01-16 07:00:00,8213.4,8215.5,8206.5,8207.9,3600,1,0,3600
2024-01-16 08:00:00,8208.0,8209.5,8195.7,8195.9,3600,1,0,3600
2024-01-16 09:00:00,8195.8,8200.1,8192.7,8193.9,3600,1,0,3600
2024-01-16 10:00:00,8194.0,8196.4,8188.2,8195.1,3600,1,0,3600
2024-01-16 11:00:00,8195.0,8202.5,8194.0,8196.3,3600,1,0,3600
2024-01-16 12:00:00,8196.2,8197.2,8185.6,8190.3,3600,1,0,3600
2024-01-16 13:00:00,8190.2,8193.3,8184.9,8185.1,3600,1,0,3600
2024-01-16 14:00:00,8185.2,8186.3,8179.5,8183.9,3600,1,0,3600
2024-01-16 15:00:00,8183.8,8194.0,8181.8,8192.1,3600,1,0,3600
2024-01-16 16:00:00,8192.2,8195.7,8186.6,8187.9,3600,1,0,3600
2024-01-16 17:00:00,8188.0,8188.1,8178.9,8180.1,3600,1,0,3600
2024-01-16 18:00:00,8180.0,8189.7,8175.3,8188.5,3600,1,0,3600
2024-01-16 19:00:00,8188.6,8197.3,8185.8,8194.3,3600,1,0,3600
2024-01-16 20:00:00,8194.2,8199.1,8191.1,8192.7,3600,1,0,3600
2024-01-16 21:00:00,8192.8,8194.2,8188.0,8191.3,3600,1,0,3600
2024-01-16 22:00:00,8191.2,8192.5,8179.5,8183.3,3600,1,0,3600
2024-01-16 23:00:00,8183.4,8188.4,8179.0,8181.9,3600,1,0,3600
2024-01-17 00:00:00,8182.0,8191.9,8180.5,8190.9,3600,1,0,3600
2024-01-17 01:00:00,8191.0,8193.1,8178.1,8180.9,3600,1,0,3600
2024-01-17 02:00:00,8180.8,8181.8,8172.1,8176.5,3600,1,0,3600
2024-01-17 03:00:00,8176.6,8180.8,8171.5,8180.1,3600,1,0,3600
2024-01-17 04:00:00,8180.0,8185.1,8176.9,8178.7,3600,1,0,3600
2024-01-17 05:00:00,8178.8,8180.4,8173.0,8176.3,3600,1,0,3600
2024-01-17 06:00:00,8176.4,8176.5,8167.5,8170.1,3600,1,0,3600
2024-01-17 07:00:00,8170.2,8172.7,8162.9,8168.1,3600,1,0,3600
2024-01-17 08:00:00,8168.0,8170.8,8163.3,8166.5,3600,1,0,3600
2024-01-17 09:00:00,8166.4,8170.6,8163.5,8167.5,3600,1,0,3600
2024-01-17 10:00:00,8167.6,8174.4,8165.0,8174.1,3600,1,0,3600
2024-01-17 11:00:00,8174.0,8191.4,8172.1,8189.1,3600,1,0,3600
2024-01-17 12:00:00,8189.2,8192.6,8183.6,8184.7,3600,1,0,3600
2024-01-17 13:00:00,8184.8,8184.8,8177.3,8181.3,3600,1,0,3600
2024-01-17 14:00:00,8181.4,8189.0,8178.3,8180.3,3600,1,0,3600
2024-01-17 15:00:00,8180.4,8182.6,8175.5,8178.5,3600,1,0,3600
2024-01-17 16:00:00,8178.6,8184.6,8177.8,8179.5,3600,1,0,3600
2024-01-17 17:00:00,8179.4,8179.7,8175.7,8177.5,3600,1,0,3600
2024-01-17 18:00:00,8177.4,8185.5,8175.4,8180.7,3600,1,0,3600
2024-01-17 19:00:00,8180.6,8183.4,8174.0,8177.9,3600,1,0,3600
2024-01-17 20:00:00,8178.0,8185.8,8176.6,8184.7,3600,1,0,3600
2024-01-17 21:00:00,8184.8,8189.5,8183.6,8184.3,3600,1,0,3600
2024-01-17 22:00:00,8184.2,8189.9,8175.3,8176.7,3600,1,0,3600
2024-01-17 23:00:00,8176.8,8195.4,8176.1,8193.3,3600,1,0,3600
2024-01-18 00:00:00,8193.4,8196.9,8186.5,8194.9,3600,1,0,3600
2024-01-18 01:00:00,8194.8,8197.5,8187.2,8191.5,3600,1,0,3600
2024-01-18 02:00:00,8191.6,8198.1,8190.2,8196.1,3600,1,0,3600
2024-01-18 03:00:00,8196.2,8198.6,8190.2,8195.9,3600,1,0,3600
2024-01-18 04:00:00,8196.0,8199.9,8190.9,8195.1,3600,1,0,3600
2024-01-18 05:00:00,8195.0,8196.7,8183.9,8185.7,3600,1,0,3600
2024-01-18 06:00:00,8185.8,8198.6,8184.8,8196.5,3600,1,0,3600
2024-01-18 07:00:00,8196.6,8201.4,8194.5,8196.9,3600,1,0,3600
2024-01-18 08:00:00,8197.0,8197.2,8185.7,8188.7,3600,1,0,3600
2024-01-18 09:00:00,8188.6,8193.5,8184.7,8192.9,3600,1,0,3600
2024-01-18 10:00:00,8193.0,8193.9,8186.0,8190.3,3600,1,0,3600
2024-01-18 11:00:00,8190.2,8196.9,8188.8,8193.3,3600,1,0,3600
2024-01-18 12:00:00,8193.2,8199.1,8189.7,8191.3,3600,1,0,3600
2024-01-18 13:00:00,8191.4,8193.4,8178.7,8180.7,3600,1,0,3600
2024-01-18 14:00:00,8180.6,8184.1,8177.7,8178.7,3600,1,0,3600
2024-01-18 15:00:00,8178.6,8189.3,8178.5,8187.5,3600,1,0,3600
2024-01-18 16:00:00,8187.6,8190.6,8180.4,8185.5,3600,1,0,3600
2024-01-18 17:00:00,8185.6,8187.3,8171.9,8174.1,3600,1,0,3600
2024-01-18 18:00:00,8174.0,8175.3,8162.5,8163.1,3600,1,0,3600
2024-01-18 19:00:00,8163.0,8164.8,8154.3,8155.1,3600,1,0,3600
2024-01-18 20:00:00,8155.2,8159.2,8153.2,8155.7,3600,1,0,3600
2024-01-18 21:00:00,8155.8,8157.5,8144.4,8146.5,3600,1,0,3600
2024-01-18 22:00:00,8146.6,8149.0,8142.1,8145.9,3600,1,0,3600
2024-01-18 23:00:00,8145.8,8158.5,8144.6,8158.3,3600,1,0,3600
2024-01-19 00:00:00,8158.2,8159.0,8151.6,8151.7,3600,1,0,3600
2024-01-19 01:00:00,8151.8,8160.1,8149.3,8159.9,3600,1,0,3600
2024-01-19 02:00:00,8160.0,8160.6,8156.3,8157.5,3600,1,0,3600
2024-01-19 03:00:00,8157.6,8172.2,8157.4,8169.9,3600,1,0,3600
2024-01-19 04:00:00,8169.8,8183.3,8169.5,8179.9,3600,1,0,3600
2024-01-19 05:00:00,8180.0,8182.5,8176.4,8177.5,3600,1,0,3600
2024-01-19 06:00:00,8177.6,8186.6,8175.8,8180.7,3600,1,0,3600
2024-01-19 07:00:00,8180.6,8183.4,8176.5,8181.5,3600,1,0,3600
2024-01-19 08:00:00,8181.4,8192.6,8180.3,8192.1,3600,1,0,3600
2024-01-19 09:00:00,8192.2,8193.3,8183.6,8187.9,3600,1,0,3600
2024-01-19 10:00:00,8188.0,8191.8,8184.8,8187.7,3600,1,0,3600
2024-01-19 11:00:00,8187.6,8188.2,8182.7,8186.9,3600,1,0,3600
2024-01-19 12:00:00,8186.8,8188.9,8183.5,8185.9,3600,1,0,3600
2024-01-19 13:00:00,8186.0,8187.7,8179.8,8184.7,3600,1,0,3600
2024-01-19 14:00:00,8184.8,8188.1,8179.2,8183.7,3600,1,0,3600
2024-01-19 15:00:00,8183.6,8186.3,8179.1,8179.1,3600,1,0,3600
2024-01-19 16:00:00,8179.0,8183.5,8172.8,8182.5,3600,1,0,3600
2024-01-19 17:00:00,8182.4,8186.3,8177.7,8185.5,3600,1,0,3600
2024-01-19 18:00:00,8185.6,8189.5,8184.4,8185.3,3600,1,0,3600
2024-01-19 19:00:00,8185.2,8186.1,8177.2,8177.3,3600,1,0,3600
2024-01-19 20:00:00,8177.4,8178.9,8169.1,8169.3,3600,1,0,3600
2024-01-19 21:00:00,8169.4,8170.1,8160.3,8161.7,3600,1,0,3600
2024-01-19 22:00:00,8161.8,8165.7,8156.9,8158.9,3600,1,0,3600
2024-01-19 23:00:00,8158.8,8167.3,8156.4,8164.1,3600,1,0,3600
2024-01-20 00:00:00,8164.2,8167.9,8159.8,8159.9,3600,1,0,3600
2024-01-20 01:00:00,8159.8,8168.6,8158.5,8163.5,3600,1,0,3600
2024-01-20 02:00:00,8163.6,8167.6,8162.1,8166.9,3600,1,0,3600
2024-01-20 03:00:00,8167.0,8179.5,8166.1,8174.1,3600,1,0,3600
2024-01-20 04:00:00,8174.0,8176.8,8170.0,8172.5,3600,1,0,3600
2024-01-20 05:00:00,8172.4,8174.1,8167.1,8169.5,3600,1,0,3600
2024-01-20 06:00:00,8169.6,8169.9,8163.8,8166.9,3600,1,0,3600
2024-01-20 07:00:00,8166.8,8175.5,8166.4,8170.7,3600,1,0,3600
2024-01-20 08:00:00,8170.6,8182.3,8170.3,8176.9,3600,1,0,3600
2024-01-20 09:00:00,8177.0,8185.3,8176.9,8185.3,3600,1,0,3600
2024-01-20 10:00:00,8185.4,8187.8,8181.7,8182.3,3600,1,0,3600
2024-01-20 11:00:00,8182.2,8191.3,8180.2,8181.7,3600,1,0,3600
2024-01-20 12:00:00,8181.8,8182.8,8165.0,8166.3,3600,1,0,3600
2024-01-20 13:00:00,8166.2,8173.5,8165.6,8172.3,3600,1,0,3600
2024-01-20 14:00:00,8172.2,8178.9,8170.5,8177.7,3600,1,0,3600
2024-01-20 15:00:00,8177.8,8181.7,8167.7,8170.5,3600,1,0,3600
2024-01-20 16:00:00,8170.4,8170.7,8156.9,8167.3,3600,1,0,3600
2024-01-20 17:00:00,8167.2,8177.1,8166.9,8175.7,3600,1,0,3600
2024-01-20 18:00:00,8175.6,8177.8,8170.8,8171.3,3600,1,0,3600
2024-01-20 19:00:00,8171.4,8173.0,8163.2,8165.5,3600,1,0,3600
2024-01-20 20:00:00,8165.6,8168.9,8156.6,8167.9,3600,1,0,3600
2024-01-20 21:00:00,8167.8,8169.0,8162.5,8168.1,3600,1,0,3600
2024-01-20 22:00:00,8168.2,8168.7,8162.2,8162.5,3600,1,0,3600
2024-01-20 23:00:00,8162.4,8170.7,8159.9,8163.3,3600,1,0,3600
2024-01-21 00:00:00,8163.4,8164.8,8153.8,8155.5,3600,1,0,3600
2024-01-21 01:00:00,8155.4,8157.4,8146.2,8151.9,3600,1,0,3600
2024-01-21 02:00:00,8151.8,8151.9,8144.0,8145.9,3585,1,0,3585
2024-01-21 03:00:00,8145.8,8147.5,8139.8,8143.5,3600,1,0,3600
2024-01-21 04:00:00,8143.4,8149.1,8142.1,8148.3,3595,1,0,3595
2024-01-21 05:00:00,8148.4,8153.1,8146.1,8152.3,3600,1,0,3600
2024-01-21 06:00:00,8152.4,8154.1,8142.0,8142.5,3600,1,0,3600
2024-01-21 07:00:00,8142.6,8150.0,8139.1,8146.3,3600,1,0,3600
2024-01-21 08:00:00,8146.4,8147.0,8137.4,8141.5,3600,1,0,3600
2024-01-21 09:00:00,8141.4,8152.2,8137.8,8146.9,3600,1,0,3600
2024-01-21 10:00:00,8147.0,8155.7,8141.6,8143.3,3600,1,0,3600
2024-01-21 11:00:00,8143.4,8150.8,8139.0,8141.1,3600,1,0,3600
2024-01-21 12:00:00,8141.0,8143.7,8135.0,8140.9,3600,1,0,3600
2024-01-21 13:00:00,8141.0,8149.7,8140.9,8148.9,3600,1,0,3600
2024-01-21 14:00:00,8148.8,8153.4,8142.9,8151.1,3600,1,0,3600
2024-01-21 15:00:00,8151.2,8154.4,8142.5,8144.1,3600,1,0,3600
2024-01-21 16:00:00,8144.0,8144.7,8134.8,8134.9,3600,1,0,3600
2024-01-21 17:00:00,8134.8,8146.1,8131.7,8141.7,3600,1,0,3600
2024-01-21 18:00:00,8141.8,8145.3,8136.8,8137.1,3600,1,0,3600
2024-01-21 19:00:00,8137.0,8148.3,8136.2,8145.5,3600,1,0,3600
2024-01-21 20:00:00,8145.6,8145.9,8138.6,8141.7,3600,1,0,3600
2024-01-21 21:00:00,8141.8,8141.8,8132.4,8139.9,3600,1,0,3600
2024-01-21 22:00:00,8140.0,8141.3,8134.4,8135.3,3600,1,0,3600
2024-01-21 23:00:00,8135.4,8135.9,8124.6,8128.9,3600,1,0,3600
2024-01-22 00:00:00,8129.0,8135.6,8128.5,8129.1,3600,1,0,3600
2024-01-22 01:00:00,8129.0,8130.8,8125.1,8127.9,3600,1,0,3600
2024-01-22 02:00:00,8127.8,8135.9,8127.5,8133.3,3600,1,0,3600
2024-01-22 03:00:00,8133.4,8141.8,8131.9,8140.5,3600,1,0,3600
2024-01-22 04:00:00,8140.4,8142.8,8138.3,8141.5,3600,1,0,3600
2024-01-22 05:00:00,8141.6,8144.0,8138.5,8139.5,3600,1,0,3600
2024-01-22 06:00:00,8139.6,8139.9,8131.9,8132.7,3600,1,0,3600
2024-01-22 07:00:00,8132.8,8136.7,8130.3,8130.9,3600,1,0,3600
2024-01-22 08:00:00,8130.8,8139.3,8130.0,8136.5,3600,1,0,3600
2024-01-22 09:00:00,8136.6,8140.0,8132.7,8139.3,3600,1,0,3600
2024-01-22 10:00:00,8139.4,8147.0,8137.2,8146.7,3600,1,0,3600
2024-01-22 11:00:00,8146.8,8150.3,8140.0,8142.3,3600,1,0,3600
2024-01-22 12:00:00,8142.2,8142.9,8134.3,8142.3,3600,1,0,3600
2024-01-22 13:00:00,8142.2,8143.7,8133.7,8137.9,3600,1,0,3600
2024-01-22 14:00:00,8137.8,8146.2,8136.9,8145.5,3600,1,0,3600
2024-01-22 15:00:00,8145.6,8146.6,8129.2,8131.1,3600,1,0,3600
2024-01-22 16:00:00,8131.2,8135.3,8129.5,8131.3,3600,1,0,3600
2024-01-22 17:00:00,8131.4,8134.8,8128.0,8134.1,3600,1,0,3600
2024-01-22 18:00:00,8134.2,8136.2,8130.0,8131.9,3600,1,0,3600
2024-01-22 19:00:00,8132.0,8140.0,8131.9,8136.3,3600,1,0,3600
2024-01-22 20:00:00,8136.2,8139.7,8132.6,8133.9,3600,1,0,3600
2024-01-22 21:00:00,8133.8,8140.6,8130.9,8136.3,3600,1,0,3600
2024-01-22 22:00:00,8136.2,8138.3,8130.9,8135.3,3600,1,0,3600
2024-01-22 23:00:00,8135.2,8141.6,8134.3,8137.1,3600,1,0,3600
2024-01-23 00:00:00,8137.2,8137.3,8129.6,8134.3,3600,1,0,3600
2024-01-23 01:00:00,8134.2,8141.6,8134.1,8136.3,3600,1,0,3600
2024-01-23 02:00:00,8136.2,8143.2,8134.1,8141.7,3600,1,0,3600
2024-01-23 03:00:00,8141.6,8144.5,8136.3,8144.5,3600,1,0,3600
2024-01-23 04:00:00,8144.6,8148.4,8142.0,8147.1,3600,1,0,3600
2024-01-23 05:00:00,8147.2,8147.5,8137.6,8141.7,3600,1,0,3600
2024-01-23 06:00:00,8141.6,8147.2,8140.1,8140.5,3600,1,0,3600
2024-01-23 07:00:00,8140.4,8153.7,8138.5,8152.6,3593,1,0,3593
2024-01-23 08:00:00,8152.7,8154.4,8143.5,8145.0,3600,1,0,3600
2024-01-23 09:00:00,8145.1,8149.3,8142.3,8145.8,3600,1,0,3600
2024-01-23 10:00:00,8145.9,8152.4,8144.5,8150.2,3600,1,0,3600
2024-01-23 11:00:00,8150.3,8151.9,8145.6,8148.0,3600,1,0,3600
2024-01-23 12:00:00,8147.9,8148.2,8136.5,8139.4,3600,1,0,3600
2024-01-23 13:00:00,8139.5,8143.4,8134.9,8140.6,3600,1,0,3600
2024-01-23 14:00:00,8140.5,8147.9,8138.0,8141.6,3600,1,0,3600
2024-01-23 15:00:00,8141.5,8144.2,8137.8,8139.4,3600,1,0,3600
2024-01-23 16:00:00,8139.5,8142.8,8134.0,8142.6,3600,1,0,3600
2024-01-23 17:00:00,8142.7,8144.0,8135.7,8136.0,3600,1,0,3600
2024-01-23 18:00:00,8136.1,8136.1,8123.5,8126.0,3600,1,0,3600
2024-01-23 19:00:00,8126.1,8127.7,8118.4,8122.4,3600,1,0,3600
2024-01-23 20:00:00,8122.5,8130.7,8121.8,8127.6,3600,1,0,3600
2024-01-23 21:00:00,8127.7,8127.7,8115.5,8119.8,3600,1,0,3600
2024-01-23 22:00:00,8119.7,8124.1,8117.3,8123.4,3600,1,0,3600
2024-01-23 23:00:00,8123.3,8124.9,8117.1,8124.0,3600,1,0,3600
2024-01-24 00:00:00,8124.1,8126.0,8111.8,8111.8,3600,1,0,3600
2024-01-24 01:00:00,8111.7,8116.3,8100.8,8105.0,3600,1,0,3600
2024-01-24 02:00:00,8105.1,8108.9,8102.6,8106.8,3600,1,0,3600
2024-01-24 03:00:00,8106.9,8107.7,8098.8,8104.0,3600,1,0,3600
2024-01-24 04:00:00,8104.1,8105.6,8094.4,8095.4,3600,1,0,3600
2024-01-24 05:00:00,8095.3,8098.7,8087.5,8093.0,3600,1,0,3600
2024-01-24 06:00:00,8092.9,8093.9,8086.0,8088.4,3600,1,0,3600
2024-01-24 07:00:00,8088.3,8099.5,8084.7,8097.4,3600,1,0,3600
2024-01-24 08:00:00,8097.5,8106.9,8093.3,8100.6,3600,1,0,3600
2024-01-24 09:00:00,8100.7,8105.6,8099.9,8103.0,3600,1,0,3600
2024-01-24 10:00:00,8103.1,8109.7,8099.9,8102.4,3600,1,0,3600
2024-01-24 11:00:00,8102.5,8102.7,8090.3,8094.2,3600,1,0,3600
2024-01-24 12:00:00,8094.3,8097.4,8089.5,8096.6,3600,1,0,3600
2024-01-24 13:00:00,8096.7,8101.0,8096.2,8098.4,3600,1,0,3600
2024-01-24 14:00:00,8098.3,8113.4,8097.7,8110.8,3600,1,0,3600
2024-01-24 15:00:00,8110.7,8118.6,8109.4,8117.4,3600,1,0,3600
2024-01-24 16:00:00,8117.5,8124.4,8117.2,8122.0,3600,1,0,3600
2024-01-24 17:00:00,8121.9,8128.3,8110.3,8113.6,3600,1,0,3600
2024-01-24 18:00:00,8113.7,8116.8,8103.9,8108.4,3600,1,0,3600
2024-01-24 19:00:00,8108.5,8111.7,8099.2,8099.6,3600,1,0,3600
2024-01-24 20:00:00,8099.7,8102.3,8088.9,8091.2,3600,1,0,3600
2024-01-24 21:00:00,8091.3,8092.8,8085.9,8087.0,3600,1,0,3600
2024-01-24 22:00:00,8087.1,8095.3,8082.9,8093.8,3600,1,0,3600
2024-01-24 23:00:00,8093.7,8094.4,8088.1,8092.8,3600,1,0,3600
2024-01-25 00:00:00,8092.7,8098.8,8085.8,8098.4,3600,1,0,3600
2024-01-25 01:00:00,8098.3,8100.0,8090.8,8093.4,3600,1,0,3600
2024-01-25 02:00:00,8093.5,8093.5,8080.8,8081.0,3600,1,0,3600
2024-01-25 03:00:00,8081.1,8086.7,8078.7,8083.2,3600,1,0,3600
2024-01-25 04:00:00,8083.1,8086.6,8079.5,8085.8,3600,1,0,3600
2024-01-25 05:00:00,8085.7,8086.8,8078.0,8085.4,3600,1,0,3600
2024-01-25 06:00:00,8085.3,8092.8,8080.2,8090.8,3600,1,0,3600
2024-01-25 07:00:00,8090.7,8100.1,8088.7,8096.6,3600,1,0,3600
2024-01-25 08:00:00,8096.7,8101.8,8094.6,8099.4,3600,1,0,3600
2024-01-25 09:00:00,8099.3,8110.9,8098.2,8106.4,3600,1,0,3600
2024-01-25 10:00:00,8106.3,8107.5,8101.5,8106.6,3600,1,0,3600
2024-01-25 11:00:00,8106.5,8109.1,8103.1,8105.8,3600,1,0,3600
2024-01-25 12:00:00,8105.7,8110.3,8104.2,8105.4,3600,1,0,3600
2024-01-25 13:00:00,8105.3,8115.9,8101.4,8113.8,3600,1,0,3600
2024-01-25 14:00:00,8113.9,8115.6,8100.5,8101.8,3600,1,0,3600
2024-01-25 15:00:00,8101.7,8113.9,8101.2,8112.6,3600,1,0,3600
2024-01-25 16:00:00,8112.5,8115.3,8106.8,8110.8,3600,1,0,3600
2024-01-25 17:00:00,8110.7,8116.8,8106.7,8116.0,3600,1,0,3600
2024-01-25 18:00:00,8115.9,8120.9,8110.9,8117.8,3600,1,0,3600
2024-01-25 19:00:00,8117.9,8118.0,8101.6,8104.4,3600,1,0,3600
2024-01-25 20:00:00,8104.5,8112.1,8103.8,8108.4,3600,1,0,3600
2024-01-25 21:00:00,8108.5,8115.6,8104.7,8112.8,3600,1,0,3600
2024-01-25 22:00:00,8112.7,8117.8,8110.0,8114.0,3595,1,0,3595
2024-01-25 23:00:00,8113.9,8119.5,8111.1,8113.4,3600,1,0,3600
2024-01-26 00:00:00,8113.5,8124.6,8113.2,8124.4,3600,1,0,3600
2024-01-26 01:00:00,8124.5,8128.4,8121.9,8126.6,3600,1,0,3600
2024-01-26 02:00:00,8126.7,8129.3,8123.0,8126.2,3600,1,0,3600
2024-01-26 03:00:00,8126.3,8129.7,8121.7,8126.6,3600,1,0,3600
2024-01-26 04:00:00,8126.7,8129.6,8115.9,8119.8,3600,1,0,3600
2024-01-26 05:00:00,8119.7,8123.8,8116.7,8119.6,3600,1,0,3600
2024-01-26 06:00:00,8119.5,8122.1,8116.2,8118.6,3600,1,0,3600
2024-01-26 07:00:00,8118.5,8118.6,8111.3,8115.0,3600,1,0,3600
2024-01-26 08:00:00,8114.9,8118.5,8110.1,8114.2,3600,1,0,3600
2024-01-26 09:00:00,8114.1,8115.5,8101.5,8102.6,3600,1,0,3600
2024-01-26 10:00:00,8102.5,8113.5,8100.9,8112.8,3600,1,0,3600
2024-01-26 11:00:00,8112.9,8122.7,8112.9,8122.0,3600,1,0,3600
2024-01-26 12:00:00,8122.1,8135.4,8121.7,8135.0,3600,1,0,3600
2024-01-26 13:00:00,8134.9,8143.5,8134.7,8143.4,3600,1,0,3600
2024-01-26 14:00:00,8143.3,8143.3,8132.1,8137.8,3600,1,0,3600
2024-01-26 15:00:00,8137.7,8143.4,8137.0,8142.2,3600,1,0,3600
2024-01-26 16:00:00,8142.3,8144.8,8133.7,8141.8,3600,1,0,3600
2024-01-26 17:00:00,8141.9,8146.7,8139.4,8141.0,3600,1,0,3600
2024-01-26 18:00:00,8141.1,8151.3,8140.4,8144.0,3600,1,0,3600
2024-01-26 19:00:00,8143.9,8148.6,8141.1,8143.8,3600,1,0,3600
2024-01-26 20:00:00,8143.7,8147.8,8140.4,8147.8,3600,1,0,3600
2024-01-26 21:00:00,8147.7,8147.9,8138.6,8146.2,3600,1,0,3600
2024-01-26 22:00:00,8146.3,8147.7,8135.8,8136.2,3600,1,0,3600
2024-01-26 23:00:00,8136.3,8139.9,8133.9,8136.4,3600,1,0,3600
2024-01-27 00:00:00,8136.5,8137.7,8126.5,8130.8,3600,1,0,3600
2024-01-27 01:00:00,8130.7,8139.2,8127.7,8133.2,3600,1,0,3600
2024-01-27 02:00:00,8133.3,8138.7,8131.2,8135.2,3600,1,0,3600
2024-01-27 03:00:00,8135.3,8139.3,8129.0,8129.6,3600,1,0,3600
2024-01-27 04:00:00,8129.7,8133.2,8123.5,8126.8,3600,1,0,3600
2024-01-27 05:00:00,8126.7,8128.1,8118.4,8118.4,3600,1,0,3600
2024-01-27 06:00:00,8118.5,8124.0,8116.6,8120.8,3600,1,0,3600
2024-01-27 07:00:00,8120.7,8123.0,8111.4,8113.2,3600,1,0,3600
2024-01-27 08:00:00,8113.3,8113.7,8104.5,8109.2,3600,1,0,3600
2024-01-27 09:00:00,8109.1,8109.3,8099.0,8099.2,3600,1,0,3600
2024-01-27 10:00:00,8099.3,8104.0,8096.0,8097.6,3600,1,0,3600
2024-01-27 11:00:00,8097.5,8104.4,8096.0,8102.8,3600,1,0,3600
2024-01-27 12:00:00,8102.7,8110.0,8101.8,8108.2,3600,1,0,3600
2024-01-27 13:00:00,8108.3,8116.9,8107.2,8115.8,3600,1,0,3600
2024-01-27 14:00:00,8115.7,8115.9,8107.9,8109.2,3600,1,0,3600
2024-01-27 15:00:00,8109.1,8111.7,8104.6,8110.8,3600,1,0,3600
2024-01-27 16:00:00,8110.7,8114.9,8107.6,8107.6,3600,1,0,3600
2024-01-27 17:00:00,8107.7,8109.7,8101.3,8101.4,3600,1,0,3600
2024-01-27 18:00:00,8101.3,8104.2,8093.6,8096.2,3600,1,0,3600
2024-01-27 19:00:00,8096.1,8108.6,8095.5,8107.2,3600,1,0,3600
2024-01-27 20:00:00,8107.1,8110.3,8105.6,8109.2,3600,1,0,3600
2024-01-27 21:00:00,8109.3,8120.9,8109.0,8114.6,3600,1,0,3600
2024-01-27 22:00:00,8114.7,8115.3,8108.4,8113.2,3600,1,0,3600
2024-01-27 23:00:00,8113.1,8117.3,8109.1,8116.2,3600,1,0,3600
2024-01-28 00:00:00,8116.3,8125.0,8116.1,8125.0,3600,1,0,3600
2024-01-28 01:00:00,8124.9,8125.6,8116.6,8122.4,3600,1,0,3600
2024-01-28 02:00:00,8122.5,8128.8,8122.2,8127.8,3600,1,0,3600
2024-01-28 03:00:00,8127.7,8129.9,8118.7,8124.2,3600,1,0,3600
2024-01-28 04:00:00,8124.3,8124.7,8113.2,8117.0,3600,1,0,3600
2024-01-28 05:00:00,8116.9,8122.3,8115.9,8118.6,3600,1,0,3600
2024-01-28 06:00:00,8118.5,8125.3,8117.4,8118.2,3600,1,0,3600
2024-01-28 07:00:00,8118.1,8123.0,8115.4,8122.8,3600,1,0,3600
2024-01-28 08:00:00,8122.9,8134.1,8119.9,8132.2,3600,1,0,3600
2024-01-28 09:00:00,8132.1,8144.0,8129.5,8142.8,3600,1,0,3600
2024-01-28 10:00:00,8142.9,8145.3,8134.6,8145.2,3600,1,0,3600
2024-01-28 11:00:00,8145.3,8150.7,8140.3,8140.4,3600,1,0,3600
2024-01-28 12:00:00,8140.3,8141.6,8134.9,8135.2,3600,1,0,3600
2024-01-28 13:00:00,8135.3,8146.4,8134.4,8146.4,3600,1,0,3600
2024-01-28 14:00:00,8146.5,8149.6,8143.4,8145.6,3600,1,0,3600
2024-01-28 15:00:00,8145.5,8146.1,8135.4,8140.8,3600,1,0,3600
2024-01-28 16:00:00,8140.7,8143.8,8135.9,8137.8,3600,1,0,3600
2024-01-28 17:00:00,8137.7,8150.7,8136.0,8143.6,3600,1,0,3600
2024-01-28 18:00:00,8143.5,8150.9,8140.4,8141.6,3600,1,0,3600
2024-01-28 19:00:00,8141.7,8145.4,8137.5,8141.4,3600,1,0,3600
2024-01-28 20:00:00,8141.5,8149.2,8138.2,8149.2,3600,1,0,3600
2024-01-28 21:00:00,8149.3,8150.9,8141.8,8149.2,3600,1,0,3600
2024-01-28 22:00:00,8149.1,8149.8,8143.3,8147.2,3600,1,0,3600
2024-01-28 23:00:00,8147.1,8153.5,8146.2,8147.4,3600,1,0,3600
2024-01-29 00:00:00,8147.5,8150.4,8144.0,8145.6,3600,1,0,3600
2024-01-29 01:00:00,8145.7,8145.7,8138.2,8139.8,3600,1,0,3600
2024-01-29 02:00:00,8139.9,8139.9,8126.8,8129.8,3600,1,0,3600
2024-01-29 03:00:00,8129.9,8131.4,8124.7,8127.2,3600,1,0,3600
2024-01-29 04:00:00,8127.1,8129.3,8117.0,8117.2,3600,1,0,3600
2024-01-29 05:00:00,8117.3,8125.7,8117.2,8120.4,3600,1,0,3600
2024-01-29 06:00:00,8120.5,8135.5,8120.5,8134.6,3600,1,0,3600
2024-01-29 07:00:00,8134.7,8139.0,8133.1,8134.4,3600,1,0,3600
2024-01-29 08:00:00,8134.5,8138.1,8133.2,8137.4,3600,1,0,3600
2024-01-29 09:00:00,8137.3,8140.8,8134.2,8137.4,3600,1,0,3600
2024-01-29 10:00:00,8137.3,8143.5,8129.7,8129.8,3600,1,0,3600
2024-01-29 11:00:00,8129.7,8146.2,8128.0,8145.4,3600,1,0,3600
2024-01-29 12:00:00,8145.5,8155.2,8145.2,8154.6,3600,1,0,3600
2024-01-29 13:00:00,8154.5,8166.0,8153.2,8162.6,3600,1,0,3600
2024-01-29 14:00:00,8162.5,8169.7,8159.0,8169.6,3600,1,0,3600
2024-01-29 15:00:00,8169.5,8171.7,8163.8,8166.6,3600,1,0,3600
2024-01-29 16:00:00,8166.5,8175.5,8165.0,8166.4,3600,1,0,3600
2024-01-29 17:00:00,8166.5,8167.7,8160.0,8162.4,3600,1,0,3600
2024-01-29 18:00:00,8162.3,8165.4,8159.7,8161.0,3600,1,0,3600
2024-01-29 19:00:00,8160.9,8169.1,8155.4,8169.0,3600,1,0,3600
2024-01-29 20:00:00,8169.1,8177.6,8168.4,8171.6,3600,1,0,3600
2024-01-29 21:00:00,8171.7,8172.3,8160.3,8169.2,3600,1,0,3600
2024-01-29 22:00:00,8169.3,8179.8,8167.5,8177.0,3600,1,0,3600
2024-01-29 23:00:00,8176.9,8182.7,8173.5,8175.0,3600,1,0,3600
2024-01-30 00:00:00,8175.1,8176.7,8170.5,8176.2,3600,1,0,3600
2024-01-30 01:00:00,8176.3,8177.3,8170.0,8174.0,3597,1,0,3597
2024-01-30 02:00:00,8173.9,8175.2,8168.4,8171.2,3600,1,0,3600
2024-01-30 03:00:00,8171.1,8181.4,8170.6,8179.0,3600,1,0,3600
2024-01-30 04:00:00,8178.9,8180.6,8168.8,8174.0,3600,1,0,3600
2024-01-30 05:00:00,8174.1,8178.5,8169.3,8174.8,3600,1,0,3600
2024-01-30 06:00:00,8174.9,8179.1,8170.6,8173.6,3600,1,0,3600
2024-01-30 07:00:00,8173.5,8175.4,8169.8,8174.3,2727,1,0,2727
2024-01-30 08:00:00,8174.2,8180.3,8169.3,8171.1,3600,1,0,3600
2024-01-30 09:00:00,8171.0,8172.2,8161.5,8161.5,3600,1,0,3600
2024-01-30 10:00:00,8161.4,8170.0,8157.7,8167.7,3600,1,0,3600
2024-01-30 11:00:00,8167.8,8172.3,8157.3,8158.3,3600,1,0,3600
2024-01-30 12:00:00,8158.2,8161.5,8151.0,8157.1,3600,1,0,3600
2024-01-30 13:00:00,8157.0,8164.5,8156.7,8164.5,3600,1,0,3600
2024-01-30 14:00:00,8164.6,8176.3,8162.0,8171.1,3600,1,0,3600
2024-01-30 15:00:00,8171.0,8174.1,8165.2,8172.7,3600,1,0,3600
2024-01-30 16:00:00,8172.8,8176.5,8169.1,8173.3,3600,1,0,3600
2024-01-30 17:00:00,8173.2,8178.2,8171.0,8176.7,3600,1,0,3600
2024-01-30 18:00:00,8176.8,8180.8,8174.3,8177.1,3600,1,0,3600
2024-01-30 19:00:00,8177.2,8182.7,8171.4,8175.7,3600,1,0,3600
2024-01-30 20:00:00,8175.8,8178.3,8171.3,8174.9,3600,1,0,3600
2024-01-30 21:00:00,8174.8,8179.1,8170.2,8178.7,3600,1,0,3600
2024-01-30 22:00:00,8178.8,8183.9,8173.8,8175.1,3600,1,0,3600
2024-01-30 23:00:00,8175.0,8179.4,8171.8,8177.7,3600,1,0,3600
2024-01-31 00:00:00,8177.8,8178.2,8170.2,8171.3,3600,1,0,3600
2024-01-31 01:00:00,8171.2,8178.0,8166.6,8175.9,3600,1,0,3600
2024-01-31 02:00:00,8176.0,8178.7,8170.6,8175.1,3600,1,0,3600
2024-01-31 03:00:00,8175.0,8180.0,8172.9,8174.7,3600,1,0,3600
2024-01-31 04:00:00,8174.6,8178.2,8170.5,8174.5,3600,1,0,3600
2024-01-31 05:00:00,8174.6,8174.6,8165.5,8173.1,3600,1,0,3600
2024-01-31 06:00:00,8173.0,8174.8,8165.4,8166.7,3600,1,0,3600
2024-01-31 07:00:00,8166.8,8170.3,8161.3,8163.5,3600,1,0,3600
2024-01-31 08:00:00,8163.4,8169.6,8162.6,8168.7,3600,1,0,3600
2024-01-31 09:00:00,8168.8,8170.5,8164.1,8165.7,3600,1,0,3600
2024-01-31 10:00:00,8165.8,8169.5,8164.2,8166.7,3600,1,0,3600
2024-01-31 11:00:00,8166.6,8176.8,8166.3,8174.3,3600,1,0,3600
2024-01-31 12:00:00,8174.4,8185.1,8172.4,8184.7,3600,1,0,3600
2024-01-31 13:00:00,8184.6,8195.4,8181.9,8195.3,3600,1,0,3600
2024-01-31 14:00:00,8195.4,8200.9,8194.8,8198.5,3600,1,0,3600
2024-01-31 15:00:00,8198.4,8198.8,8188.0,8196.5,3600,1,0,3600
2024-01-31 16:00:00,8196.6,8199.3,8189.6,8199.2,3598,1,0,3598
2024-01-31 17:00:00,8199.3,8202.6,8197.9,8201.6,3600,1,0,3600
2024-01-31 18:00:00,8201.5,8202.8,8196.6,8202.0,3600,1,0,3600
2024-01-31 19:00:00,8202.1,8209.4,8198.9,8209.0,3600,1,0,3600
2024-01-31 20:00:00,8208.9,8213.6,8207.0,8212.0,3600,1,0,3600
2024-01-31 21:00:00,8212.1,8221.8,8210.2,8216.0,3600,1,0,3600
2024-01-31 22:00:00,8216.1,8219.5,8213.1,8215.0,3600,1,0,3600
2024-01-31 23:00:00,8214.9,8221.6,8208.5,8221.4,3600,1,0,3600
2024-02-01 00:00:00,8221.5,8226.2,8216.9,8225.6,3600,1,0,3600
2024-02-01 01:00:00,8225.7,8233.8,8223.2,8230.6,3600,1,0,3600
2024-02-01 02:00:00,8230.5,8234.8,8228.8,8229.6,3600,1,0,3600
2024-02-01 03:00:00,8229.5,8240.5,8228.3,8240.2,3600,1,0,3600
2024-02-01 04:00:00,8240.1,8249.8,8239.4,8249.0,3600,1,0,3600
2024-02-01 05:00:00,8248.9,8261.7,8248.0,8258.2,3600,1,0,3600
2024-02-01 06:00:00,8258.3,8261.8,8252.0,8260.4,3600,1,0,3600
2024-02-01 07:00:00,8260.5,8265.2,8258.3,8262.2,3600,1,0,3600
2024-02-01 08:00:00,8262.3,8262.9,8247.9,8251.8,3600,1,0,3600
2024-02-01 09:00:00,8251.9,8256.6,8248.5,8250.6,3600,1,0,3600
2024-02-01 10:00:00,8250.7,8262.6,8250.0,8262.2,3600,1,0,3600
2024-02-01 11:00:00,8262.3,8268.8,8261.5,8265.2,3600,1,0,3600
2024-02-01 12:00:00,8265.3,8266.3,8255.2,8257.4,3600,1,0,3600
2024-02-01 13:00:00,8257.3,8259.8,8251.0,8259.4,3600,1,0,3600
2024-02-01 14:00:00,8259.3,8259.4,8252.3,8253.4,3600,1,0,3600
2024-02-01 15:00:00,8253.5,8254.0,8247.4,8250.8,3600,1,0,3600
2024-02-01 16:00:00,8250.9,8255.5,8246.3,8249.6,3600,1,0,3600
2024-02-01 17:00:00,8249.7,8258.6,8248.8,8255.8,3600,1,0,3600
2024-02-01 18:00:00,8255.9,8257.3,8246.9,8251.6,3600,1,0,3600
2024-02-01 19:00:00,8251.5,8257.5,8250.4,8257.2,3600,1,0,3600
2024-02-01 20:00:00,8257.1,8264.6,8256.4,8262.4,3600,1,0,3600
2024-02-01 21:00:00,8262.5,8265.2,8257.2,8257.5,3594,1,0,3594
2024-02-01 22:00:00,8257.6,8270.0,8257.2,8269.5,3600,1,0,3600
2024-02-01 23:00:00,8269.4,8281.4,8267.8,8280.7,3600,1,0,3600
2024-02-02 00:00:00,8280.6,8285.5,8275.9,8277.9,3600,1,0,3600
2024-02-02 01:00:00,8277.8,8281.2,8272.1,8272.3,3600,1,0,3600
2024-02-02 02:00:00,8272.4,8273.9,8267.8,8272.7,3600,1,0,3600
2024-02-02 03:00:00,8272.6,8279.9,8271.5,8278.0,3523,1,0,3523
2024-02-02 04:00:00,8278.1,8279.6,8272.0,8273.6,3600,1,0,3600
2024-02-02 05:00:00,8273.5,8279.2,8270.2,8273.0,3600,1,0,3600
2024-02-02 06:00:00,8272.9,8288.8,8272.8,8282.8,3600,1,0,3600
2024-02-02 07:00:00,8282.7,8287.1,8280.8,8282.8,3600,1,0,3600
2024-02-02 08:00:00,8282.7,8284.4,8274.5,8282.2,3600,1,0,3600
2024-02-02 09:00:00,8282.3,8286.4,8279.6,8285.2,3600,1,0,3600
2024-02-02 10:00:00,8285.1,8287.0,8274.5,8278.0,3600,1,0,3600
2024-02-02 11:00:00,8277.9,8281.9,8275.1,8275.4,3600,1,0,3600
2024-02-02 12:00:00,8275.5,8289.2,8274.8,8287.8,3600,1,0,3600
2024-02-02 13:00:00,8287.7,8291.6,8284.4,8286.2,3600,1,0,3600
2024-02-02 14:00:00,8286.3,8290.8,8280.4,8283.2,3600,1,0,3600
2024-02-02 15:00:00,8283.1,8292.1,8282.7,8285.6,3600,1,0,3600
2024-02-02 16:00:00,8285.5,8293.6,8283.1,8291.0,3600,1,0,3600
2024-02-02 17:00:00,8291.1,8297.6,8290.1,8297.4,3600,1,0,3600
2024-02-02 18:00:00,8297.3,8304.3,8288.9,8289.2,3600,1,0,3600
2024-02-02 19:00:00,8289.3,8297.0,8286.2,8295.8,3600,1,0,3600
2024-02-02 20:00:00,8295.9,8298.6,8292.7,8298.2,3600,1,0,3600
2024-02-02 21:00:00,8298.3,8300.3,8289.6,8291.4,3600,1,0,3600
2024-02-02 22:00:00,8291.3,8300.4,8289.9,8299.4,3600,1,0,3600
2024-02-02 23:00:00,8299.5,8300.0,8287.7,8289.2,3600,1,0,3600
2024-02-03 00:00:00,8289.1,8295.4,8286.4,8291.4,3600,1,0,3600
2024-02-03 01:00:00,8291.5,8301.2,8291.0,8297.2,3600,1,0,3600
2024-02-03 02:00:00,8297.1,8299.9,8292.2,8294.8,3600,1,0,3600
2024-02-03 03:00:00,8294.7,8304.2,8291.2,8299.8,3600,1,0,3600
2024-02-03 04:00:00,8299.7,8307.1,8297.9,8306.2,3600,1,0,3600
2024-02-03 05:00:00,8306.3,8308.9,8300.3,8302.6,3600,1,0,3600
2024-02-03 06:00:00,8302.7,8303.4,8293.7,8296.4,3600,1,0,3600
2024-02-03 07:00:00,8296.3,8301.2,8293.5,8296.4,3600,1,0,3600
2024-02-03 08:00:00,8296.3,8298.6,8283.9,8286.4,3600,1,0,3600
2024-02-03 09:00:00,8286.3,8286.4,8277.6,8279.8,3600,1,0,3600
2024-02-03 10:00:00,8279.9,8284.3,8277.4,8277.6,3600,1,0,3600
2024-02-03 11:00:00,8277.5,8279.0,8266.9,8267.2,3600,1,0,3600
2024-02-03 12:00:00,8267.1,8272.7,8265.2,8267.8,3600,1,0,3600
2024-02-03 13:00:00,8267.7,8276.5,8265.6,8273.2,3600,1,0,3600
2024-02-03 14:00:00,8273.3,8277.7,8270.8,8273.6,3600,1,0,3600
2024-02-03 15:00:00,8273.7,8281.8,8270.2,8275.0,3600,1,0,3600
2024-02-03 16:00:00,8274.9,8280.1,8271.8,8275.4,3600,1,0,3600
2024-02-03 17:00:00,8275.3,8275.7,8266.0,8267.4,3600,1,0,3600
2024-02-03 18:00:00,8267.5,8279.2,8267.4,8275.6,3600,1,0,3600
2024-02-03 19:00:00,8275.5,8280.6,8271.0,8277.8,3600,1,0,3600
2024-02-03 20:00:00,8277.7,8278.5,8264.9,8270.0,3600,1,0,3600
2024-02-03 21:00:00,8269.9,8272.6,8261.4,8265.4,3600,1,0,3600
2024-02-03 22:00:00,8265.5,8273.0,8265.0,8271.2,3600,1,0,3600
2024-02-03 23:00:00,8271.3,8279.4,8269.2,8279.2,3600,1,0,3600
2024-02-04 00:00:00,8279.1,8284.0,8274.1,8283.6,3600,1,0,3600
2024-02-04 01:00:00,8283.5,8289.9,8280.2,8288.2,3600,1,0,3600
2024-02-04 02:00:00,8288.3,8289.4,8283.7,8288.2,3600,1,0,3600
2024-02-04 03:00:00,8288.3,8297.0,8281.8,8282.6,3600,1,0,3600
2024-02-04 04:00:00,8282.7,8284.8,8275.6,8282.2,3600,1,0,3600
2024-02-04 05:00:00,8282.3,8286.7,8277.5,8278.4,3600,1,0,3600
2024-02-04 06:00:00,8278.5,8280.5,8272.3,8274.8,3600,1,0,3600
2024-02-04 07:00:00,8274.9,8278.3,8269.3,8270.6,3600,1,0,3600
2024-02-04 08:00:00,8270.5,8274.2,8261.8,8263.0,3600,1,0,3600
2024-02-04 09:00:00,8263.1,8269.6,8257.8,8260.8,3600,1,0,3600
2024-02-04 10:00:00,8260.9,8263.5,8255.0,8262.8,3600,1,0,3600
2024-02-04 11:00:00,8262.9,8264.3,8245.3,8248.0,3600,1,0,3600
2024-02-04 12:00:00,8247.9,8250.6,8242.0,8250.4,3600,1,0,3600
2024-02-04 13:00:00,8250.3,8250.7,8242.2,8249.6,3600,1,0,3600
2024-02-04 14:00:00,8249.5,8260.5,8249.3,8259.4,3600,1,0,3600
2024-02-04 15:00:00,8259.5,8263.8,8258.9,8263.8,3600,1,0,3600
2024-02-04 16:00:00,8263.9,8271.0,8263.5,8269.6,3600,1,0,3600
2024-02-04 17:00:00,8269.7,8271.9,8259.0,8259.6,3600,1,0,3600
2024-02-04 18:00:00,8259.7,8269.4,8258.3,8267.8,3600,1,0,3600
2024-02-04 19:00:00,8267.7,8277.5,8265.6,8274.6,3600,1,0,3600
2024-02-04 20:00:00,8274.5,8277.3,8271.7,8274.0,3600,1,0,3600
2024-02-04 21:00:00,8273.9,8283.6,8268.6,8283.2,3600,1,0,3600
2024-02-04 22:00:00,8283.3,8289.5,8282.8,8284.0,3600,1,0,3600
2024-02-04 23:00:00,8283.9,8284.4,8274.6,8281.6,3600,1,0,3600
2024-02-05 00:00:00,8281.5,8287.4,8278.6,8282.2,3600,1,0,3600
2024-02-05 01:00:00,8282.3,8282.5,8274.8,8277.0,3600,1,0,3600
2024-02-05 02:00:00,8276.9,8283.2,8272.9,8283.0,3600,1,0,3600
2024-02-05 03:00:00,8282.9,8287.7,8278.4,8278.4,3600,1,0,3600
2024-02-05 04:00:00,8278.3,8285.6,8277.5,8280.8,3600,1,0,3600
2024-02-05 05:00:00,8280.9,8286.5,8277.7,8285.0,3600,1,0,3600
2024-02-05 06:00:00,8284.9,8288.7,8278.9,8285.2,3600,1,0,3600
2024-02-05 07:00:00,8285.3,8286.3,8278.6,8281.6,3600,1,0,3600
2024-02-05 08:00:00,8281.7,8288.0,8278.7,8286.4,3600,1,0,3600
2024-02-05 09:00:00,8286.5,8293.0,8284.6,8287.8,3600,1,0,3600
2024-02-05 10:00:00,8287.9,8291.0,8278.5,8279.4,3600,1,0,3600
2024-02-05 11:00:00,8279.3,8281.8,8271.1,8280.2,3600,1,0,3600
2024-02-05 12:00:00,8280.1,8281.2,8273.3,8279.2,3600,1,0,3600
2024-02-05 13:00:00,8279.1,8281.4,8274.3,8276.6,3600,1,0,3600
2024-02-05 14:00:00,8276.7,8281.4,8275.5,8278.6,3600,1,0,3600
2024-02-05 15:00:00,8278.5,8287.8,8277.0,8280.0,3600,1,0,3600
2024-02-05 16:00:00,8280.1,8284.7,8274.9,8283.2,3600,1,0,3600
2024-02-05 17:00:00,8283.1,8290.8,8280.5,8289.2,3600,1,0,3600
2024-02-05 18:00:00,8289.1,8293.4,8287.0,8288.6,3600,1,0,3600
2024-02-05 19:00:00,8288.5,8292.2,8281.9,8283.8,3600,1,0,3600
2024-02-05 20:00:00,8283.7,8286.7,8277.2,8280.4,3600,1,0,3600
2024-02-05 21:00:00,8280.5,8284.9,8277.2,8279.6,3600,1,0,3600
2024-02-05 22:00:00,8279.5,8280.7,8271.1,8273.6,3600,1,0,3600
2024-02-05 23:00:00,8273.5,8282.8,8272.6,8279.2,3600,1,0,3600
2024-02-06 00:00:00,8279.3,8284.8,8274.5,8283.8,3600,1,0,3600
2024-02-06 01:00:00,8283.9,8290.1,8283.5,8288.8,3600,1,0,3600
2024-02-06 02:00:00,8288.9,8294.7,8286.5,8290.2,3600,1,0,3600
2024-02-06 03:00:00,8290.3,8307.9,8289.0,8307.6,3600,1,0,3600
2024-02-06 04:00:00,8307.5,8310.8,8295.3,8297.4,3600,1,0,3600
2024-02-06 05:00:00,8297.3,8297.5,8289.7,8290.0,3600,1,0,3600
2024-02-06 06:00:00,8289.9,8292.7,8286.0,8289.2,3600,1,0,3600
2024-02-06 07:00:00,8289.1,8291.2,8280.7,8280.8,3600,1,0,3600
2024-02-06 08:00:00,8280.9,8286.8,8280.0,8285.4,3600,1,0,3600
2024-02-06 09:00:00,8285.3,8289.0,8282.6,8285.0,3600,1,0,3600
2024-02-06 10:00:00,8284.9,8284.9,8274.9,8275.0,3600,1,0,3600
2024-02-06 11:00:00,8275.1,8276.5,8269.4,8273.6,3600,1,0,3600
2024-02-06 12:00:00,8273.5,8288.2,8273.4,8285.2,3600,1,0,3600
2024-02-06 13:00:00,8285.1,8290.1,8281.9,8285.0,3600,1,0,3600
2024-02-06 14:00:00,8284.9,8288.8,8281.3,8285.2,3600,1,0,3600
2024-02-06 15:00:00,8285.1,8285.7,8275.6,8277.2,3600,1,0,3600
2024-02-06 16:00:00,8277.1,8279.0,8272.8,8276.6,3600,1,0,3600
2024-02-06 17:00:00,8276.7,8278.6,8272.8,8276.2,3600,1,0,3600
2024-02-06 18:00:00,8276.1,8283.9,8275.4,8280.2,3600,1,0,3600
2024-02-06 19:00:00,8280.1,8281.0,8274.5,8277.4,3600,1,0,3600
2024-02-06 20:00:00,8277.3,8278.4,8271.5,8278.2,3600,1,0,3600
2024-02-06 21:00:00,8278.1,8278.8,8267.7,8269.4,3600,1,0,3600
2024-02-06 22:00:00,8269.5,8270.5,8261.9,8265.0,3600,1,0,3600
2024-02-06 23:00:00,8264.9,8270.5,8259.7,8268.0,3600,1,0,3600
2024-02-07 00:00:00,8267.9,8269.3,8262.1,8267.0,3600,1,0,3600
2024-02-07 01:00:00,8266.9,8267.3,8256.6,8259.4,3600,1,0,3600
2024-02-07 02:00:00,8259.5,8261.2,8254.2,8257.2,3600,1,0,3600
2024-02-07 03:00:00,8257.3,8262.6,8256.5,8262.0,3600,1,0,3600
2024-02-07 04:00:00,8262.1,8264.4,8256.5,8257.2,3600,1,0,3600
2024-02-07 05:00:00,8257.1,8259.1,8251.1,8252.2,3600,1,0,3600
2024-02-07 06:00:00,8252.1,8255.2,8245.4,8252.2,3600,1,0,3600
2024-02-07 07:00:00,8252.3,8256.8,8250.9,8256.0,3600,1,0,3600
2024-02-07 08:00:00,8256.1,8258.9,8248.1,8253.6,3600,1,0,3600
2024-02-07 09:00:00,8253.5,8258.5,8239.0,8240.0,3600,1,0,3600
2024-02-07 10:00:00,8240.1,8249.8,8237.4,8247.6,3600,1,0,3600
2024-02-07 11:00:00,8247.5,8251.6,8243.8,8247.8,3600,1,0,3600
2024-02-07 12:00:00,8247.9,8248.7,8238.1,8241.0,3600,1,0,3600
2024-02-07 13:00:00,8240.9,8249.6,8237.3,8249.4,3600,1,0,3600
2024-02-07 14:00:00,8249.5,8251.0,8244.6,8245.0,3600,1,0,3600
2024-02-07 15:00:00,8245.1,8252.7,8243.9,8249.0,3600,1,0,3600
2024-02-07 16:00:00,8248.9,8254.2,8247.3,8251.4,3600,1,0,3600
2024-02-07 17:00:00,8251.5,8252.7,8243.7,8245.0,3600,1,0,3600
2024-02-07 18:00:00,8244.9,8245.0,8236.8,8240.8,3600,1,0,3600
2024-02-07 19:00:00,8240.9,8244.0,8238.4,8240.6,3600,1,0,3600
2024-02-07 20:00:00,8240.5,8251.8,8240.4,8247.2,3600,1,0,3600
2024-02-07 21:00:00,8247.3,8249.2,8243.1,8244.8,3600,1,0,3600
2024-02-07 22:00:00,8244.9,8246.1,8238.7,8245.0,3600,1,0,3600
2024-02-07 23:00:00,8245.1,8249.7,8241.2,8248.2,3600,1,0,3600
2024-02-08 00:00:00,8248.3,8251.0,8240.9,8241.4,3600,1,0,3600
2024-02-08 01:00:00,8241.3,8248.8,8237.6,8245.8,3600,1,0,3600
2024-02-08 02:00:00,8245.9,8247.8,8242.1,8245.0,3600,1,0,3600
2024-02-08 03:00:00,8245.1,8253.5,8236.2,8239.0,3600,1,0,3600
2024-02-08 04:00:00,8239.1,8242.6,8236.6,8239.0,3600,1,0,3600
2024-02-08 05:00:00,8239.1,8250.5,8238.8,8244.2,3600,1,0,3600
2024-02-08 06:00:00,8244.3,8246.0,8232.9,8234.8,3600,1,0,3600
2024-02-08 07:00:00,8234.9,8237.3,8224.5,8225.6,3600,1,0,3600
2024-02-08 08:00:00,8225.5,8228.9,8222.7,8226.2,3600,1,0,3600
2024-02-08 09:00:00,8226.1,8228.2,8221.0,8227.2,3600,1,0,3600
2024-02-08 10:00:00,8227.3,8228.4,8218.5,8221.2,3600,1,0,3600
2024-02-08 11:00:00,8221.1,8225.4,8217.5,8225.4,3600,1,0,3600
2024-02-08 12:00:00,8225.5,8228.3,8216.2,8218.2,3600,1,0,3600
2024-02-08 13:00:00,8218.1,8223.5,8215.5,8223.0,3600,1,0,3600
2024-02-08 14:00:00,8222.9,8229.8,8221.9,8225.8,3600,1,0,3600
2024-02-08 15:00:00,8225.7,8233.2,8225.5,8227.6,3600,1,0,3600
2024-02-08 16:00:00,8227.7,8240.9,8226.6,8240.8,3600,1,0,3600
2024-02-08 17:00:00,8240.7,8245.1,8237.7,8244.8,3600,1,0,3600
2024-02-08 18:00:00,8244.9,8248.7,8240.7,8242.2,3600,1,0,3600
2024-02-08 19:00:00,8242.1,8243.5,8232.0,8232.2,3600,1,0,3600
2024-02-08 20:00:00,8232.1,8239.0,8226.4,8239.0,3600,1,0,3600
2024-02-08 21:00:00,8239.1,8239.7,8230.0,8230.8,3600,1,0,3600
2024-02-08 22:00:00,8230.7,8234.2,8226.7,8232.0,3600,1,0,3600
2024-02-08 23:00:00,8232.1,8238.8,8231.6,8238.4,3600,1,0,3600
2024-02-09 00:00:00,8238.3,8243.2,8235.3,8241.6,3600,1,0,3600
2024-02-09 01:00:00,8241.5,8241.6,8232.3,8237.4,3600,1,0,3600
2024-02-09 02:00:00,8237.3,8247.9,8233.5,8247.8,3600,1,0,3600
2024-02-09 03:00:00,8247.9,8254.9,8242.4,8243.4,3600,1,0,3600
2024-02-09 04:00:00,8243.5,8243.6,8235.5,8241.4,3600,1,0,3600
2024-02-09 05:00:00,8241.5,8246.9,8241.1,8242.6,3600,1,0,3600
2024-02-09 06:00:00,8242.5,8245.9,8233.7,8236.6,3600,1,0,3600
2024-02-09 07:00:00,8236.5,8242.9,8236.0,8238.2,3600,1,0,3600
2024-02-09 08:00:00,8238.1,8239.4,8233.1,8237.0,3600,1,0,3600
2024-02-09 09:00:00,8236.9,8247.6,8233.5,8246.4,3600,1,0,3600
2024-02-09 10:00:00,8246.3,8246.7,8235.4,8240.2,3600,1,0,3600
2024-02-09 11:00:00,8240.3,8240.5,8225.5,8226.0,3600,1,0,3600
2024-02-09 12:00:00,8226.1,8240.1,8225.2,8239.4,3600,1,0,3600
2024-02-09 13:00:00,8239.5,8240.6,8234.3,8238.8,3600,1,0,3600
2024-02-09 14:00:00,8238.9,8243.5,8236.4,8243.0,3600,1,0,3600
2024-02-09 15:00:00,8242.9,8250.8,8242.1,8247.0,3600,1,0,3600
2024-02-09 16:00:00,8247.1,8251.2,8243.8,8245.4,3600,1,0,3600
2024-02-09 17:00:00,8245.5,8250.8,8243.9,8247.4,3600,1,0,3600
2024-02-09 18:00:00,8247.3,8252.4,8244.8,8249.8,3600,1,0,3600
2024-02-09 19:00:00,8249.9,8250.2,8240.1,8240.6,3600,1,0,3600
2024-02-09 20:00:00,8240.5,8245.7,8237.6,8241.2,3600,1,0,3600
2024-02-09 21:00:00,8241.3,8243.8,8238.5,8240.4,3600,1,0,3600
2024-02-09 22:00:00,8240.3,8244.9,8238.3,8243.0,3600,1,0,3600
2024-02-09 23:00:00,8243.1,8252.1,8242.4,8245.0,3600,1,0,3600
2024-02-10 00:00:00,8245.1,8253.3,8244.9,8253.2,3600,1,0,3600
2024-02-10 01:00:00,8253.1,8253.1,8243.8,8245.4,3600,1,0,3600
2024-02-10 02:00:00,8245.3,8245.8,8238.9,8240.8,3600,1,0,3600
2024-02-10 03:00:00,8240.9,8242.8,8233.4,8235.8,3600,1,0,3600
2024-02-10 04:00:00,8235.7,8235.7,8225.9,8227.4,3600,1,0,3600
2024-02-10 05:00:00,8227.3,8230.2,8220.3,8221.8,3600,1,0,3600
2024-02-10 06:00:00,8221.7,8228.4,8219.8,8225.0,3600,1,0,3600
2024-02-10 07:00:00,8224.9,8228.8,8221.7,8224.6,3600,1,0,3600
2024-02-10 08:00:00,8224.7,8230.8,8221.8,8228.4,3600,1,0,3600
2024-02-10 09:00:00,8228.3,8236.7,8226.8,8231.8,3600,1,0,3600
2024-02-10 10:00:00,8231.9,8237.5,8226.2,8227.2,3600,1,0,3600
2024-02-10 11:00:00,8227.3,8230.9,8225.8,8228.2,3600,1,0,3600
2024-02-10 12:00:00,8228.1,8230.4,8220.4,8221.2,3600,1,0,3600
2024-02-10 13:00:00,8221.3,8223.1,8205.3,8205.4,3600,1,0,3600
2024-02-10 14:00:00,8205.5,8206.1,8189.5,8196.6,3600,1,0,3600
2024-02-10 15:00:00,8196.7,8197.3,8189.6,8193.2,3600,1,0,3600
2024-02-10 16:00:00,8193.3,8196.9,8186.7,8187.8,3600,1,0,3600
2024-02-10 17:00:00,8187.9,8192.7,8185.4,8192.6,3600,1,0,3600
2024-02-10 18:00:00,8192.5,8193.2,8185.7,8190.4,3600,1,0,3600
2024-02-10 19:00:00,8190.3,8198.8,8186.7,8195.0,3600,1,0,3600
2024-02-10 20:00:00,8194.9,8201.2,8193.2,8197.0,3600,1,0,3600
2024-02-10 21:00:00,8197.1,8201.2,8192.3,8193.0,3600,1,0,3600
2024-02-10 22:00:00,8192.9,8194.5,8187.6,8188.8,3600,1,0,3600
2024-02-10 23:00:00,8188.7,8190.5,8185.1,8187.8,3600,1,0,3600
2024-02-11 00:00:00,8187.9,8189.8,8175.0,8176.2,3600,1,0,3600
2024-02-11 01:00:00,8176.1,8177.5,8168.4,8171.4,3600,1,0,3600
2024-02-11 02:00:00,8171.3,8175.2,8166.2,8167.0,3600,1,0,3600
2024-02-11 03:00:00,8166.9,8167.8,8153.8,8157.8,3600,1,0,3600
2024-02-11 04:00:00,8157.7,8158.3,8151.8,8155.6,3600,1,0,3600
2024-02-11 05:00:00,8155.5,8168.4,8152.5,8168.2,3600,1,0,3600
2024-02-11 06:00:00,8168.3,8179.6,8166.8,8179.2,3600,1,0,3600
2024-02-11 07:00:00,8179.1,8200.4,8178.7,8199.2,3600,1,0,3600
2024-02-11 08:00:00,8199.1,8209.6,8196.9,8208.8,3600,1,0,3600
2024-02-11 09:00:00,8208.7,8216.3,8207.3,8214.8,3600,1,0,3600
2024-02-11 10:00:00,8214.7,8218.9,8210.6,8215.6,3600,1,0,3600
2024-02-11 11:00:00,8215.7,8219.1,8212.1,8216.2,3600,1,0,3600
2024-02-11 12:00:00,8216.3,8225.2,8211.3,8224.2,3600,1,0,3600
2024-02-11 13:00:00,8224.3,8224.6,8213.3,8216.4,3600,1,0,3600
2024-02-11 14:00:00,8216.5,8217.3,8209.2,8211.4,3600,1,0,3600
2024-02-11 15:00:00,8211.3,8215.3,8203.4,8207.0,3600,1,0,3600
2024-02-11 16:00:00,8207.1,8211.2,8203.2,8203.8,3600,1,0,3600
2024-02-11 17:00:00,8203.7,8207.0,8197.5,8199.6,3600,1,0,3600
2024-02-11 18:00:00,8199.5,8204.9,8196.3,8196.8,3600,1,0,3600
2024-02-11 19:00:00,8196.9,8211.0,8196.7,8208.6,3600,1,0,3600
2024-02-11 20:00:00,8208.5,8209.7,8201.3,8201.8,3600,1,0,3600
2024-02-11 21:00:00,8201.7,8201.8,8186.7,8188.0,3600,1,0,3600
2024-02-11 22:00:00,8187.9,8195.7,8182.5,8193.0,3600,1,0,3600
2024-02-11 23:00:00,8192.9,8194.1,8186.0,8187.6,3600,1,0,3600
2024-02-12 00:00:00,8187.5,8193.2,8183.9,8188.6,3600,1,0,3600
2024-02-12 01:00:00,8188.5,8194.3,8187.1,8191.8,3600,1,0,3600
2024-02-12 02:00:00,8191.7,8191.8,8182.8,8184.0,3600,1,0,3600
2024-02-12 03:00:00,8184.1,8195.8,8183.7,8195.0,3600,1,0,3600
2024-02-12 04:00:00,8195.1,8199.5,8189.0,8189.2,3600,1,0,3600
2024-02-12 05:00:00,8189.3,8191.9,8178.7,8180.4,3600,1,0,3600
2024-02-12 06:00:00,8180.5,8183.5,8175.3,8175.8,3600,1,0,3600
2024-02-12 07:00:00,8175.9,8181.4,8171.9,8180.6,3600,1,0,3600
2024-02-12 08:00:00,8180.5,8192.4,8178.8,8188.4,3600,1,0,3600
2024-02-12 09:00:00,8188.5,8193.8,8183.5,8185.0,3600,1,0,3600
2024-02-12 10:00:00,8185.1,8188.4,8181.1,8187.6,3600,1,0,3600
2024-02-12 11:00:00,8187.5,8199.2,8186.9,8192.4,3600,1,0,3600
2024-02-12 12:00:00,8192.3,8195.5,8189.7,8191.0,3600,1,0,3600
2024-02-12 13:00:00,8191.1,8193.0,8180.8,8183.8,3600,1,0,3600
2024-02-12 14:00:00,8183.9,8187.3,8179.4,8186.8,3600,1,0,3600
2024-02-12 15:00:00,8186.7,8188.3,8180.7,8184.8,3600,1,0,3600
2024-02-12 16:00:00,8184.9,8190.1,8182.7,8188.6,3600,1,0,3600
2024-02-12 17:00:00,8188.7,8196.8,8188.2,8192.2,3600,1,0,3600
2024-02-12 18:00:00,8192.3,8196.1,8187.3,8188.2,3600,1,0,3600
2024-02-12 19:00:00,8188.1,8191.6,8186.6,8187.0,3600,1,0,3600
2024-02-12 20:00:00,8187.1,8189.1,8176.3,8180.2,3600,1,0,3600
2024-02-12 21:00:00,8180.1,8186.0,8178.3,8185.6,3600,1,0,3600
2024-02-12 22:00:00,8185.5,8197.2,8183.0,8194.6,3600,1,0,3600
2024-02-12 23:00:00,8194.7,8199.5,8189.3,8190.2,3600,1,0,3600
2024-02-13 00:00:00,8190.3,8194.7,8189.4,8194.0,3600,1,0,3600
2024-02-13 01:00:00,8194.1,8198.9,8191.6,8198.8,3600,1,0,3600
2024-02-13 02:00:00,8198.7,8208.4,8197.8,8207.5,3556,1,0,3556
2024-02-13 03:00:00,8207.6,8215.4,8206.4,8209.4,3597,1,0,3597
2024-02-13 04:00:00,8209.5,8210.7,8200.5,8201.4,3600,1,0,3600
2024-02-13 05:00:00,8201.5,8207.8,8200.1,8202.2,3600,1,0,3600
2024-02-13 06:00:00,8202.1,8205.3,8199.2,8204.6,3600,1,0,3600
2024-02-13 07:00:00,8204.5,8215.9,8203.5,8212.6,3594,1,0,3594
2024-02-13 08:00:00,8212.5,8218.4,8210.1,8215.8,3600,1,0,3600
2024-02-13 09:00:00,8215.7,8219.4,8211.1,8213.8,3600,1,0,3600
2024-02-13 10:00:00,8213.7,8217.7,8212.0,8217.4,3600,1,0,3600
2024-02-13 11:00:00,8217.5,8222.9,8213.3,8221.4,3600,1,0,3600
2024-02-13 12:00:00,8221.5,8228.3,8221.1,8225.6,3600,1,0,3600
2024-02-13 13:00:00,8225.7,8225.7,8213.3,8218.4,3600,1,0,3600
2024-02-13 14:00:00,8218.5,8219.0,8210.4,8211.2,3600,1,0,3600
2024-02-13 15:00:00,8211.3,8213.3,8205.8,8206.8,3600,1,0,3600
2024-02-13 16:00:00,8206.9,8212.0,8201.8,8202.2,3600,1,0,3600
2024-02-13 17:00:00,8202.1,8213.9,8201.0,8210.2,3600,1,0,3600
2024-02-13 18:00:00,8210.3,8211.4,8203.4,8208.2,3600,1,0,3600
2024-02-13 19:00:00,8208.3,8210.4,8201.6,8205.8,3600,1,0,3600
2024-02-13 20:00:00,8205.9,8209.0,8200.7,8201.6,3600,1,0,3600
2024-02-13 21:00:00,8201.5,8210.0,8199.5,8206.2,3600,1,0,3600
2024-02-13 22:00:00,8206.3,8219.2,8206.3,8217.2,3600,1,0,3600
2024-02-13 23:00:00,8217.1,8221.7,8215.1,8220.2,3600,1,0,3600
2024-02-14 00:00:00,8220.3,8220.5,8209.1,8211.6,3600,1,0,3600
2024-02-14 01:00:00,8211.7,8216.0,8211.5,8213.0,3600,1,0,3600
2024-02-14 02:00:00,8212.9,8219.6,8211.1,8211.6,3600,1,0,3600
2024-02-14 03:00:00,8211.5,8218.4,8210.3,8217.5,3586,1,0,3586
2024-02-14 04:00:00,8217.6,8220.8,8213.4,8216.9,3600,1,0,3600
2024-02-14 05:00:00,8217.0,8223.6,8215.3,8218.3,3600,1,0,3600
2024-02-14 06:00:00,8218.2,8218.9,8209.1,8210.3,3600,1,0,3600
2024-02-14 07:00:00,8210.4,8218.4,8207.0,8216.1,3600,1,0,3600
2024-02-14 08:00:00,8216.0,8216.4,8207.5,8209.7,3600,1,0,3600
2024-02-14 09:00:00,8209.6,8215.3,8204.8,8215.3,3600,1,0,3600
2024-02-14 10:00:00,8215.4,8216.3,8206.9,8207.1,3600,1,0,3600
2024-02-14 11:00:00,8207.0,8212.8,8204.0,8206.5,3600,1,0,3600
2024-02-14 12:00:00,8206.6,8221.1,8205.8,8216.5,3600,1,0,3600
2024-02-14 13:00:00,8216.4,8220.6,8212.4,8218.3,3600,1,0,3600
2024-02-14 14:00:00,8218.4,8220.1,8213.2,8215.9,3600,1,0,3600
2024-02-14 15:00:00,8216.0,8224.7,8213.7,8221.3,3600,1,0,3600
2024-02-14 16:00:00,8221.4,8224.0,8206.2,8206.5,3600,1,0,3600
2024-02-14 17:00:00,8206.4,8209.7,8202.6,8203.5,3600,1,0,3600
2024-02-14 18:00:00,8203.6,8213.5,8201.8,8211.5,3600,1,0,3600
2024-02-14 19:00:00,8211.6,8215.5,8206.4,8209.9,3600,1,0,3600
2024-02-14 20:00:00,8210.0,8211.1,8202.3,8210.3,3600,1,0,3600
2024-02-14 21:00:00,8210.4,8212.2,8205.2,8206.5,3600,1,0,3600
2024-02-14 22:00:00,8206.6,8216.8,8205.4,8215.5,3600,1,0,3600
2024-02-14 23:00:00,8215.4,8220.8,8211.2,8218.5,3600,1,0,3600
2024-02-15 00:00:00,8218.4,8222.6,8214.6,8219.7,3600,1,0,3600
2024-02-15 01:00:00,8219.6,8232.2,8219.5,8231.7,3600,1,0,3600
2024-02-15 02:00:00,8231.6,8245.1,8230.6,8244.7,3600,1,0,3600
2024-02-15 03:00:00,8244.6,8254.1,8242.4,8253.5,3600,1,0,3600
2024-02-15 04:00:00,8253.4,8255.1,8247.9,8253.3,3600,1,0,3600
2024-02-15 05:00:00,8253.4,8254.0,8238.9,8240.7,3600,1,0,3600
2024-02-15 06:00:00,8240.8,8243.7,8236.3,8241.9,3600,1,0,3600
2024-02-15 07:00:00,8241.8,8245.5,8236.2,8245.1,3600,1,0,3600
2024-02-15 08:00:00,8245.2,8247.5,8229.9,8230.3,3600,1,0,3600
2024-02-15 09:00:00,8230.4,8239.1,8229.2,8234.1,3600,1,0,3600
2024-02-15 10:00:00,8234.0,8237.9,8220.2,8222.1,3600,1,0,3600
2024-02-15 11:00:00,8222.0,8226.9,8217.8,8217.9,3600,1,0,3600
2024-02-15 12:00:00,8217.8,8223.3,8215.3,8221.7,3600,1,0,3600
2024-02-15 13:00:00,8221.6,8225.8,8219.2,8224.9,3600,1,0,3600
2024-02-15 14:00:00,8224.8,8225.7,8215.1,8220.5,3600,1,0,3600
2024-02-15 15:00:00,8220.4,8221.9,8215.4,8216.2,3594,1,0,3594
2024-02-15 16:00:00,8216.1,8226.2,8214.9,8221.8,3600,1,0,3600
2024-02-15 17:00:00,8221.7,8234.2,8221.0,8231.2,3600,1,0,3600
2024-02-15 18:00:00,8231.3,8241.7,8229.0,8238.6,3600,1,0,3600
2024-02-15 19:00:00,8238.7,8246.5,8237.4,8245.8,3600,1,0,3600
2024-02-15 20:00:00,8245.9,8247.3,8237.2,8242.6,3600,1,0,3600
2024-02-15 21:00:00,8242.7,8245.1,8237.7,8240.0,3600,1,0,3600
2024-02-15 22:00:00,8239.9,8245.1,8237.2,8243.4,3600,1,0,3600
2024-02-15 23:00:00,8243.5,8244.6,8231.6,8235.2,3600,1,0,3600
2024-02-16 00:00:00,8235.1,8238.7,8233.8,8238.6,3600,1,0,3600
2024-02-16 01:00:00,8238.5,8242.2,8234.8,8237.8,3600,1,0,3600
2024-02-16 02:00:00,8237.7,8240.7,8233.2,8237.2,3600,1,0,3600
2024-02-16 03:00:00,8237.1,8243.0,8235.3,8238.2,3600,1,0,3600
2024-02-16 04:00:00,8238.3,8240.2,8234.0,8235.2,3600,1,0,3600
2024-02-16 05:00:00,8235.3,8241.5,8234.8,8239.8,3600,1,0,3600
2024-02-16 06:00:00,8239.9,8242.0,8235.3,8237.6,3600,1,0,3600
2024-02-16 07:00:00,8237.7,8243.3,8237.3,8242.2,3600,1,0,3600
2024-02-16 08:00:00,8242.3,8246.9,8240.7,8242.4,3600,1,0,3600
2024-02-16 09:00:00,8242.3,8242.3,8232.0,8232.6,3600,1,0,3600
2024-02-16 10:00:00,8232.7,8238.0,8230.2,8235.0,3600,1,0,3600
2024-02-16 11:00:00,8234.9,8243.6,8234.7,8241.4,3600,1,0,3600
2024-02-16 12:00:00,8241.3,8246.4,8240.3,8244.0,3600,1,0,3600
2024-02-16 13:00:00,8243.9,8250.2,8243.2,8244.2,3600,1,0,3600
2024-02-16 14:00:00,8244.3,8250.2,8240.0,8243.4,3600,1,0,3600
2024-02-16 15:00:00,8243.5,8250.9,8238.7,8241.0,3600,1,0,3600
2024-02-16 16:00:00,8241.1,8242.5,8234.7,8235.2,3600,1,0,3600
2024-02-16 17:00:00,8235.1,8242.9,8233.6,8241.2,3600,1,0,3600
2024-02-16 18:00:00,8241.1,8250.0,8239.3,8249.8,3600,1,0,3600
2024-02-16 19:00:00,8249.7,8256.2,8247.2,8253.8,3600,1,0,3600
2024-02-16 20:00:00,8253.9,8255.2,8246.1,8246.8,3600,1,0,3600
2024-02-16 21:00:00,8246.9,8249.6,8241.2,8247.4,3600,1,0,3600
2024-02-16 22:00:00,8247.3,8262.6,8246.3,8259.2,3600,1,0,3600
2024-02-16 23:00:00,8259.3,8264.8,8256.9,8261.0,3600,1,0,3600
2024-02-17 00:00:00,8260.9,8273.5,8260.8,8272.2,3600,1,0,3600
2024-02-17 01:00:00,8272.3,8273.6,8268.0,8272.2,3600,1,0,3600
2024-02-17 02:00:00,8272.3,8278.6,8270.3,8278.6,3600,1,0,3600
2024-02-17 03:00:00,8278.5,8283.6,8277.3,8282.6,3600,1,0,3600
2024-02-17 04:00:00,8282.7,8283.9,8275.8,8281.4,3600,1,0,3600
2024-02-17 05:00:00,8281.3,8283.2,8275.2,8279.2,3600,1,0,3600
2024-02-17 06:00:00,8279.1,8283.9,8268.7,8270.0,3600,1,0,3600
2024-02-17 07:00:00,8269.9,8278.3,8266.9,8276.4,3600,1,0,3600
2024-02-17 08:00:00,8276.5,8280.5,8274.9,8276.6,3600,1,0,3600
2024-02-17 09:00:00,8276.7,8284.8,8276.6,8283.0,3600,1,0,3600
2024-02-17 10:00:00,8282.9,8286.0,8278.9,8282.2,3600,1,0,3600
2024-02-17 11:00:00,8282.3,8285.7,8277.8,8283.6,3600,1,0,3600
2024-02-17 12:00:00,8283.7,8286.8,8270.5,8273.4,3600,1,0,3600
2024-02-17 13:00:00,8273.3,8273.8,8261.4,8262.4,3600,1,0,3600
2024-02-17 14:00:00,8262.5,8263.4,8258.7,8260.6,3600,1,0,3600
2024-02-17 15:00:00,8260.7,8262.3,8252.8,8260.4,3600,1,0,3600
2024-02-17 16:00:00,8260.5,8261.5,8250.5,8251.0,3600,1,0,3600
2024-02-17 17:00:00,8251.1,8254.1,8249.1,8252.4,3600,1,0,3600
2024-02-17 18:00:00,8252.3,8257.2,8250.9,8251.4,3600,1,0,3600
2024-02-17 19:00:00,8251.5,8252.6,8243.3,8243.6,3600,1,0,3600
2024-02-17 20:00:00,8243.7,8247.1,8240.9,8245.6,3600,1,0,3600
2024-02-17 21:00:00,8245.5,8247.1,8231.3,8239.2,3600,1,0,3600
2024-02-17 22:00:00,8239.3,8247.0,8235.7,8243.0,3600,1,0,3600
2024-02-17 23:00:00,8243.1,8252.6,8237.0,8249.0,3600,1,0,3600
2024-02-18 00:00:00,8248.9,8253.9,8247.7,8250.0,3600,1,0,3600
2024-02-18 01:00:00,8249.9,8252.2,8246.3,8247.6,3382,1,0,3382
2024-02-18 02:00:00,8247.7,8249.9,8242.5,8245.0,3600,1,0,3600
2024-02-18 03:00:00,8245.1,8252.7,8243.8,8248.6,3600,1,0,3600
2024-02-18 04:00:00,8248.7,8252.6,8245.3,8246.6,3600,1,0,3600
2024-02-18 05:00:00,8246.5,8246.9,8237.7,8241.0,3600,1,0,3600
2024-02-18 06:00:00,8240.9,8242.7,8235.5,8242.2,3600,1,0,3600
2024-02-18 07:00:00,8242.3,8245.6,8236.8,8237.4,3600,1,0,3600
2024-02-18 08:00:00,8237.3,8239.4,8233.8,8238.2,3600,1,0,3600
2024-02-18 09:00:00,8238.3,8238.6,8227.4,8227.4,3600,1,0,3600
2024-02-18 10:00:00,8227.3,8230.6,8225.7,8227.4,3600,1,0,3600
2024-02-18 11:00:00,8227.3,8228.4,8216.6,8217.0,3600,1,0,3600
2024-02-18 12:00:00,8216.9,8219.7,8207.2,8211.4,3600,1,0,3600
2024-02-18 13:00:00,8211.5,8223.8,8208.9,8223.8,3600,1,0,3600
2024-02-18 14:00:00,8223.9,8224.0,8211.9,8213.6,3600,1,0,3600
2024-02-18 15:00:00,8213.7,8214.8,8207.3,8208.8,3600,1,0,3600
2024-02-18 16:00:00,8208.9,8212.9,8205.7,8211.4,3600,1,0,3600
2024-02-18 17:00:00,8211.3,8212.6,8207.2,8208.8,3600,1,0,3600
2024-02-18 18:00:00,8208.9,8209.0,8194.5,8197.8,3600,1,0,3600
2024-02-18 19:00:00,8197.7,8206.1,8196.9,8203.4,3600,1,0,3600
2024-02-18 20:00:00,8203.5,8212.0,8203.2,8207.0,3600,1,0,3600
2024-02-18 21:00:00,8206.9,8208.9,8201.1,8201.4,3600,1,0,3600
2024-02-18 22:00:00,8201.5,8204.4,8192.8,8194.4,3600,1,0,3600
2024-02-18 23:00:00,8194.5,8196.1,8187.2,8195.4,3600,1,0,3600
2024-02-19 00:00:00,8195.3,8197.9,8192.1,8193.4,3600,1,0,3600
2024-02-19 01:00:00,8193.3,8199.9,8189.5,8198.0,3600,1,0,3600
2024-02-19 02:00:00,8197.9,8200.6,8194.2,8196.4,3600,1,0,3600
2024-02-19 03:00:00,8196.5,8201.8,8190.8,8192.4,3600,1,0,3600
2024-02-19 04:00:00,8192.3,8200.1,8190.4,8198.4,3600,1,0,3600
2024-02-19 05:00:00,8198.3,8204.5,8197.2,8202.2,3600,1,0,3600
2024-02-19 06:00:00,8202.1,8207.1,8195.1,8195.4,3600,1,0,3600
2024-02-19 07:00:00,8195.3,8198.7,8189.7,8191.8,3600,1,0,3600
2024-02-19 08:00:00,8191.7,8200.7,8190.7,8193.0,3600,1,0,3600
2024-02-19 09:00:00,8193.1,8197.2,8188.7,8195.0,3600,1,0,3600
2024-02-19 10:00:00,8195.1,8208.9,8194.7,8208.0,3600,1,0,3600
2024-02-19 11:00:00,8207.9,8209.6,8197.9,8200.6,3600,1,0,3600
2024-02-19 12:00:00,8200.5,8200.8,8189.5,8190.2,3600,1,0,3600
2024-02-19 13:00:00,8190.1,8197.0,8189.1,8195.0,3600,1,0,3600
2024-02-19 14:00:00,8195.1,8197.5,8191.2,8195.0,3600,1,0,3600
2024-02-19 15:00:00,8194.9,8198.9,8192.8,8196.2,3600,1,0,3600
2024-02-19 16:00:00,8196.1,8198.5,8191.1,8195.2,3600,1,0,3600
2024-02-19 17:00:00,8195.1,8197.0,8185.8,8187.0,3600,1,0,3600
2024-02-19 18:00:00,8186.9,8187.9,8178.3,8180.0,3600,1,0,3600
2024-02-19 19:00:00,8180.1,8185.0,8171.3,8175.6,3600,1,0,3600
2024-02-19 20:00:00,8175.7,8179.2,8169.0,8171.4,3600,1,0,3600
2024-02-19 21:00:00,8171.5,8175.4,8169.4,8172.8,3600,1,0,3600
2024-02-19 22:00:00,8172.7,8173.8,8164.8,8166.8,3600,1,0,3600
2024-02-19 23:00:00,8166.9,8174.6,8166.3,8174.0,3600,1,0,3600
2024-02-20 00:00:00,8174.1,8176.8,8165.3,8166.4,3600,1,0,3600
2024-02-20 01:00:00,8166.5,8169.7,8161.4,8168.0,3600,1,0,3600
2024-02-20 02:00:00,8167.9,8168.8,8153.1,8154.6,3600,1,0,3600
2024-02-20 03:00:00,8154.5,8159.7,8148.6,8159.4,3600,1,0,3600
2024-02-20 04:00:00,8159.3,8164.7,8155.6,8156.0,3600,1,0,3600
2024-02-20 05:00:00,8156.1,8156.5,8146.8,8149.6,3600,1,0,3600
2024-02-20 06:00:00,8149.5,8150.5,8142.5,8147.6,3600,1,0,3600
2024-02-20 07:00:00,8147.5,8150.7,8139.8,8140.4,3600,1,0,3600
2024-02-20 08:00:00,8140.3,8143.2,8137.4,8142.0,3600,1,0,3600
2024-02-20 09:00:00,8142.1,8146.8,8141.3,8144.8,3600,1,0,3600
2024-02-20 10:00:00,8144.7,8146.0,8136.4,8136.4,3600,1,0,3600
2024-02-20 11:00:00,8136.5,8138.5,8132.6,8136.2,3600,1,0,3600
2024-02-20 12:00:00,8136.1,8136.1,8115.6,8117.8,3600,1,0,3600
2024-02-20 13:00:00,8117.9,8121.5,8112.0,8120.6,3600,1,0,3600
2024-02-20 14:00:00,8120.7,8127.8,8119.5,8127.0,3600,1,0,3600
2024-02-20 15:00:00,8126.9,8133.5,8126.5,8129.0,3600,1,0,3600
2024-02-20 16:00:00,8129.1,8139.7,8129.1,8134.8,3600,1,0,3600
2024-02-20 17:00:00,8134.9,8140.5,8133.6,8134.4,3600,1,0,3600
2024-02-20 18:00:00,8134.5,8139.6,8132.8,8138.6,3600,1,0,3600
2024-02-20 19:00:00,8138.7,8139.2,8129.1,8131.6,3600,1,0,3600
2024-02-20 20:00:00,8131.7,8135.1,8127.5,8133.4,3600,1,0,3600
2024-02-20 21:00:00,8133.3,8136.5,8124.2,8125.0,3600,1,0,3600
2024-02-20 22:00:00,8125.1,8126.2,8116.8,8121.2,3600,1,0,3600
2024-02-20 23:00:00,8121.1,8123.2,8116.6,8119.0,3600,1,0,3600
2024-02-21 00:00:00,8118.9,8118.9,8110.4,8114.0,3600,1,0,3600
2024-02-21 01:00:00,8113.9,8118.4,8111.0,8118.4,3600,1,0,3600
2024-02-21 02:00:00,8118.5,8122.6,8115.6,8117.6,3600,1,0,3600
2024-02-21 03:00:00,8117.5,8124.7,8114.3,8118.4,3600,1,0,3600
2024-02-21 04:00:00,8118.5,8120.2,8105.9,8107.4,3600,1,0,3600
2024-02-21 05:00:00,8107.3,8107.6,8102.8,8106.6,3600,1,0,3600
2024-02-21 06:00:00,8106.5,8112.6,8103.3,8107.4,3600,1,0,3600
2024-02-21 07:00:00,8107.3,8111.0,8102.1,8104.8,3600,1,0,3600
2024-02-21 08:00:00,8104.7,8105.8,8099.2,8099.2,3600,1,0,3600
2024-02-21 09:00:00,8099.1,8104.8,8097.7,8101.8,3600,1,0,3600
2024-02-21 10:00:00,8101.9,8107.7,8101.7,8105.4,3600,1,0,3600
2024-02-21 11:00:00,8105.5,8108.7,8099.0,8102.8,3600,1,0,3600
2024-02-21 12:00:00,8102.7,8118.6,8102.1,8118.4,3600,1,0,3600
2024-02-21 13:00:00,8118.5,8122.3,8112.3,8115.0,3600,1,0,3600
2024-02-21 14:00:00,8114.9,8118.1,8102.5,8103.0,3600,1,0,3600
2024-02-21 15:00:00,8102.9,8107.1,8100.5,8103.2,3600,1,0,3600
2024-02-21 16:00:00,8103.3,8107.7,8097.8,8103.6,3600,1,0,3600
2024-02-21 17:00:00,8103.7,8107.7,8100.7,8100.8,3600,1,0,3600
2024-02-21 18:00:00,8100.9,8107.2,8098.3,8105.0,3600,1,0,3600
2024-02-21 19:00:00,8105.1,8115.6,8104.0,8110.6,3600,1,0,3600
2024-02-21 20:00:00,8110.7,8111.7,8103.5,8104.4,3600,1,0,3600
2024-02-21 21:00:00,8104.3,8105.1,8099.5,8103.0,3600,1,0,3600
2024-02-21 22:00:00,8102.9,8109.4,8100.5,8106.0,3600,1,0,3600
2024-02-21 23:00:00,8105.9,8112.8,8105.0,8106.2,3600,1,0,3600
2024-02-22 00:00:00,8106.1,8110.2,8104.9,8106.2,3600,1,0,3600
2024-02-22 01:00:00,8106.3,8108.3,8100.3,8105.2,3600,1,0,3600
2024-02-22 02:00:00,8105.1,8106.1,8100.1,8102.2,3600,1,0,3600
2024-02-22 03:00:00,8102.3,8106.0,8098.9,8105.8,3600,1,0,3600
2024-02-22 04:00:00,8105.7,8114.1,8105.5,8106.6,3600,1,0,3600
2024-02-22 05:00:00,8106.7,8108.3,8099.6,8104.6,3600,1,0,3600
2024-02-22 06:00:00,8104.7,8108.3,8090.0,8092.8,3600,1,0,3600
2024-02-22 07:00:00,8092.9,8100.1,8092.6,8098.6,3600,1,0,3600
2024-02-22 08:00:00,8098.7,8098.7,8088.7,8094.6,3600,1,0,3600
2024-02-22 09:00:00,8094.7,8095.9,8087.5,8095.0,3600,1,0,3600
2024-02-22 10:00:00,8095.1,8099.4,8093.1,8096.0,3600,1,0,3600
2024-02-22 11:00:00,8095.9,8099.4,8093.1,8096.0,3600,1,0,3600
2024-02-22 12:00:00,8095.9,8098.7,8088.4,8089.6,3600,1,0,3600
2024-02-22 13:00:00,8089.7,8095.9,8089.0,8094.8,3600,1,0,3600
2024-02-22 14:00:00,8094.7,8102.9,8092.5,8096.4,3600,1,0,3600
2024-02-22 15:00:00,8096.5,8097.0,8083.3,8083.6,3600,1,0,3600
2024-02-22 16:00:00,8083.7,8090.5,8081.0,8089.0,3600,1,0,3600
2024-02-22 17:00:00,8089.1,8090.4,8079.6,8081.4,3600,1,0,3600
2024-02-22 18:00:00,8081.5,8082.8,8073.5,8078.2,3600,1,0,3600
2024-02-22 19:00:00,8078.3,8084.1,8075.6,8083.2,3600,1,0,3600
2024-02-22 20:00:00,8083.1,8090.7,8082.5,8088.0,3600,1,0,3600
2024-02-22 21:00:00,8088.1,8096.0,8085.4,8094.6,3600,1,0,3600
2024-02-22 22:00:00,8094.7,8098.0,8087.0,8095.6,3600,1,0,3600
2024-02-22 23:00:00,8095.7,8100.0,8087.8,8092.2,3600,1,0,3600
2024-02-23 00:00:00,8092.3,8095.8,8086.4,8092.2,3600,1,0,3600
2024-02-23 01:00:00,8092.1,8095.0,8083.2,8084.2,3600,1,0,3600
2024-02-23 02:00:00,8084.3,8088.8,8082.3,8083.8,3600,1,0,3600
2024-02-23 03:00:00,8083.7,8092.3,8082.3,8087.2,3600,1,0,3600
2024-02-23 04:00:00,8087.3,8091.8,8084.2,8086.6,3600,1,0,3600
2024-02-23 05:00:00,8086.5,8089.4,8077.7,8082.2,3600,1,0,3600
2024-02-23 06:00:00,8082.1,8083.7,8078.3,8080.2,3600,1,0,3600
2024-02-23 07:00:00,8080.1,8095.7,8080.0,8093.0,3600,1,0,3600
2024-02-23 08:00:00,8093.1,8095.7,8087.9,8090.2,3600,1,0,3600
2024-02-23 09:00:00,8090.3,8104.3,8090.0,8102.8,3600,1,0,3600
2024-02-23 10:00:00,8102.9,8104.9,8095.7,8099.8,3600,1,0,3600
2024-02-23 11:00:00,8099.9,8101.0,8089.6,8090.6,3600,1,0,3600
2024-02-23 12:00:00,8090.7,8098.5,8089.3,8095.6,3600,1,0,3600
2024-02-23 13:00:00,8095.5,8100.0,8089.2,8091.8,3600,1,0,3600
2024-02-23 14:00:00,8091.9,8097.8,8090.7,8094.4,3600,1,0,3600
2024-02-23 15:00:00,8094.5,8098.2,8089.5,8098.0,3600,1,0,3600
2024-02-23 16:00:00,8098.1,8102.4,8095.4,8101.6,3600,1,0,3600
2024-02-23 17:00:00,8101.7,8113.7,8101.4,8112.0,3600,1,0,3600
2024-02-23 18:00:00,8112.1,8115.9,8103.7,8104.0,3600,1,0,3600
2024-02-23 19:00:00,8103.9,8118.0,8103.5,8112.2,3600,1,0,3600
2024-02-23 20:00:00,8112.3,8117.7,8112.0,8112.4,3600,1,0,3600
2024-02-23 21:00:00,8112.3,8116.8,8106.0,8115.2,3600,1,0,3600
2024-02-23 22:00:00,8115.1,8119.1,8115.1,8117.6,3600,1,0,3600
2024-02-23 23:00:00,8117.5,8127.7,8116.8,8125.6,3600,1,0,3600
2024-02-24 00:00:00,8125.5,8138.1,8124.5,8136.8,3600,1,0,3600
2024-02-24 01:00:00,8136.9,8149.7,8133.2,8149.4,3600,1,0,3600
2024-02-24 02:00:00,8149.5,8158.5,8146.7,8153.6,3600,1,0,3600
2024-02-24 03:00:00,8153.5,8156.0,8148.6,8155.0,3600,1,0,3600
2024-02-24 04:00:00,8155.1,8163.6,8151.9,8163.6,3600,1,0,3600
2024-02-24 05:00:00,8163.5,8166.3,8161.0,8165.0,3600,1,0,3600
2024-02-24 06:00:00,8165.1,8169.6,8150.6,8152.0,3600,1,0,3600
2024-02-24 07:00:00,8151.9,8156.2,8149.7,8153.6,3600,1,0,3600
2024-02-24 08:00:00,8153.5,8155.8,8147.1,8149.0,3600,1,0,3600
2024-02-24 09:00:00,8149.1,8152.6,8144.4,8147.8,3600,1,0,3600
2024-02-24 10:00:00,8147.7,8155.9,8144.3,8155.6,3600,1,0,3600
2024-02-24 11:00:00,8155.7,8159.0,8152.5,8155.2,3600,1,0,3600
2024-02-24 12:00:00,8155.1,8159.6,8153.0,8156.6,3600,1,0,3600
2024-02-24 13:00:00,8156.5,8165.9,8155.4,8165.2,3600,1,0,3600
2024-02-24 14:00:00,8165.1,8169.0,8160.0,8163.6,3600,1,0,3600
2024-02-24 15:00:00,8163.5,8166.9,8159.8,8160.8,3600,1,0,3600
2024-02-24 16:00:00,8160.7,8169.7,8160.0,8166.6,3600,1,0,3600
2024-02-24 17:00:00,8166.7,8173.1,8163.6,8170.6,3600,1,0,3600
2024-02-24 18:00:00,8170.7,8172.6,8162.9,8164.4,3600,1,0,3600
2024-02-24 19:00:00,8164.5,8165.0,8156.7,8160.2,3600,1,0,3600
2024-02-24 20:00:00,8160.1,8172.7,8158.8,8170.0,3600,1,0,3600
2024-02-24 21:00:00,8169.9,8171.5,8166.5,8168.4,3600,1,0,3600
2024-02-24 22:00:00,8168.3,8170.3,8162.2,8166.6,3600,1,0,3600
2024-02-24 23:00:00,8166.5,8168.1,8160.8,8163.0,3600,1,0,3600
2024-02-25 00:00:00,8162.9,8169.7,8162.5,8165.6,3600,1,0,3600
2024-02-25 01:00:00,8165.5,8181.7,8165.4,8177.4,3600,1,0,3600
2024-02-25 02:00:00,8177.3,8179.2,8171.0,8172.2,3587,1,0,3587
2024-02-25 03:00:00,8172.1,8176.3,8167.8,8171.8,3600,1,0,3600
2024-02-25 04:00:00,8171.9,8175.0,8166.9,8168.8,3600,1,0,3600
2024-02-25 05:00:00,8168.9,8170.5,8161.4,8162.2,3600,1,0,3600
2024-02-25 06:00:00,8162.1,8167.4,8161.0,8167.4,3600,1,0,3600
2024-02-25 07:00:00,8167.3,8173.2,8160.8,8161.4,3600,1,0,3600
2024-02-25 08:00:00,8161.5,8163.4,8157.0,8159.8,3600,1,0,3600
2024-02-25 09:00:00,8159.7,8167.1,8156.8,8166.2,3600,1,0,3600
2024-02-25 10:00:00,8166.3,8166.9,8152.7,8157.0,3600,1,0,3600
2024-02-25 11:00:00,8157.1,8161.1,8153.4,8158.0,3600,1,0,3600
2024-02-25 12:00:00,8157.9,8163.5,8153.7,8156.4,3600,1,0,3600
2024-02-25 13:00:00,8156.5,8168.6,8155.0,8164.6,3600,1,0,3600
2024-02-25 14:00:00,8164.7,8170.0,8163.8,8167.2,3600,1,0,3600
2024-02-25 15:00:00,8167.3,8167.4,8154.1,8155.6,3600,1,0,3600
2024-02-25 16:00:00,8155.7,8167.2,8153.7,8166.0,3600,1,0,3600
2024-02-25 17:00:00,8165.9,8168.0,8163.3,8164.6,3600,1,0,3600
2024-02-25 18:00:00,8164.7,8168.3,8160.3,8166.0,3600,1,0,3600
2024-02-25 19:00:00,8165.9,8166.6,8157.6,8158.6,3600,1,0,3600
2024-02-25 20:00:00,8158.5,8161.5,8152.4,8152.4,3600,1,0,3600
2024-02-25 21:00:00,8152.3,8152.3,8142.9,8148.4,3600,1,0,3600
2024-02-25 22:00:00,8148.3,8155.5,8145.9,8152.8,3600,1,0,3600
2024-02-25 23:00:00,8152.7,8160.8,8150.3,8158.6,3600,1,0,3600
2024-02-26 00:00:00,8158.7,8161.9,8153.1,8159.2,3600,1,0,3600
2024-02-26 01:00:00,8159.3,8164.3,8155.3,8159.0,3600,1,0,3600
2024-02-26 02:00:00,8159.1,8167.1,8157.3,8163.8,3600,1,0,3600
2024-02-26 03:00:00,8163.9,8164.0,8156.5,8161.8,3600,1,0,3600
2024-02-26 04:00:00,8161.9,8164.1,8154.4,8158.8,3600,1,0,3600
2024-02-26 05:00:00,8158.7,8159.5,8152.5,8156.2,3600,1,0,3600
2024-02-26 06:00:00,8156.3,8163.2,8151.3,8152.2,3600,1,0,3600
2024-02-26 07:00:00,8152.3,8152.8,8144.6,8147.8,3600,1,0,3600
2024-02-26 08:00:00,8147.9,8150.4,8143.5,8147.6,3600,1,0,3600
2024-02-26 09:00:00,8147.7,8155.1,8147.7,8148.4,3600,1,0,3600
2024-02-26 10:00:00,8148.3,8148.8,8136.8,8140.2,3600,1,0,3600
2024-02-26 11:00:00,8140.3,8146.0,8134.1,8140.6,3600,1,0,3600
2024-02-26 12:00:00,8140.7,8141.5,8137.3,8140.0,3600,1,0,3600
2024-02-26 13:00:00,8140.1,8140.2,8131.9,8135.4,3600,1,0,3600
2024-02-26 14:00:00,8135.5,8139.2,8133.8,8136.8,3600,1,0,3600
2024-02-26 15:00:00,8136.9,8139.5,8130.4,8136.8,3600,1,0,3600
2024-02-26 16:00:00,8136.7,8143.4,8135.8,8142.0,3600,1,0,3600
2024-02-26 17:00:00,8142.1,8146.8,8139.1,8140.8,3600,1,0,3600
2024-02-26 18:00:00,8140.7,8141.4,8128.6,8129.4,3600,1,0,3600
2024-02-26 19:00:00,8129.3,8132.7,8126.4,8128.0,3600,1,0,3600
2024-02-26 20:00:00,8128.1,8137.5,8124.0,8136.8,3600,1,0,3600
2024-02-26 21:00:00,8136.7,8149.4,8136.7,8145.8,3600,1,0,3600
2024-02-26 22:00:00,8145.7,8157.6,8145.7,8151.6,3600,1,0,3600
2024-02-26 23:00:00,8151.5,8161.9,8150.4,8159.2,3600,1,0,3600
2024-02-27 00:00:00,8159.1,8163.7,8155.3,8163.4,3600,1,0,3600
2024-02-27 01:00:00,8163.3,8167.0,8156.9,8161.6,3600,1,0,3600
2024-02-27 02:00:00,8161.5,8164.6,8148.3,8148.8,3600,1,0,3600
2024-02-27 03:00:00,8148.7,8153.0,8145.6,8147.6,3600,1,0,3600
2024-02-27 04:00:00,8147.5,8152.8,8139.1,8142.4,3600,1,0,3600
2024-02-27 05:00:00,8142.5,8145.0,8139.1,8142.0,3600,1,0,3600
2024-02-27 06:00:00,8141.9,8144.2,8136.5,8141.2,3600,1,0,3600
2024-02-27 07:00:00,8141.3,8142.5,8135.1,8136.4,3600,1,0,3600
2024-02-27 08:00:00,8136.3,8139.4,8131.4,8135.2,3600,1,0,3600
2024-02-27 09:00:00,8135.3,8139.9,8132.7,8133.4,3600,1,0,3600
2024-02-27 10:00:00,8133.5,8140.4,8131.8,8136.0,3600,1,0,3600
2024-02-27 11:00:00,8135.9,8137.5,8125.5,8130.6,3600,1,0,3600
2024-02-27 12:00:00,8130.7,8139.7,8129.7,8136.6,3600,1,0,3600
2024-02-27 13:00:00,8136.5,8142.2,8133.8,8137.2,3600,1,0,3600
2024-02-27 14:00:00,8137.1,8140.3,8134.8,8139.2,3600,1,0,3600
2024-02-27 15:00:00,8139.1,8140.8,8135.7,8137.2,3600,1,0,3600
2024-02-27 16:00:00,8137.1,8145.2,8133.0,8145.0,3600,1,0,3600
2024-02-27 17:00:00,8144.9,8159.2,8143.7,8155.2,3600,1,0,3600
2024-02-27 18:00:00,8155.1,8164.7,8154.9,8164.6,3600,1,0,3600
2024-02-27 19:00:00,8164.5,8168.3,8158.4,8167.4,3600,1,0,3600
2024-02-27 20:00:00,8167.3,8167.3,8157.8,8162.8,3600,1,0,3600
2024-02-27 21:00:00,8162.7,8163.6,8147.1,8147.6,3600,1,0,3600
2024-02-27 22:00:00,8147.5,8147.5,8138.8,8141.4,3600,1,0,3600
2024-02-27 23:00:00,8141.5,8149.5,8140.9,8148.2,3600,1,0,3600
2024-02-28 00:00:00,8148.3,8154.8,8145.4,8153.2,3600,1,0,3600
2024-02-28 01:00:00,8153.3,8154.3,8145.1,8149.0,3600,1,0,3600
2024-02-28 02:00:00,8148.9,8150.5,8143.0,8146.4,3600,1,0,3600
2024-02-28 03:00:00,8146.5,8147.8,8139.2,8139.2,3600,1,0,3600
2024-02-28 04:00:00,8139.1,8139.7,8128.9,8131.4,3600,1,0,3600
2024-02-28 05:00:00,8131.3,8132.6,8123.3,8125.0,3600,1,0,3600
2024-02-28 06:00:00,8124.9,8133.4,8122.9,8131.2,3600,1,0,3600
2024-02-28 07:00:00,8131.3,8131.4,8122.8,8126.6,3600,1,0,3600
2024-02-28 08:00:00,8126.7,8130.7,8124.5,8127.4,3600,1,0,3600
2024-02-28 09:00:00,8127.3,8129.8,8122.7,8129.0,3600,1,0,3600
2024-02-28 10:00:00,8128.9,8135.3,8128.4,8132.4,3600,1,0,3600
2024-02-28 11:00:00,8132.3,8137.9,8131.2,8135.8,3600,1,0,3600
2024-02-28 12:00:00,8135.9,8142.4,8133.6,8137.6,3600,1,0,3600
2024-02-28 13:00:00,8137.5,8137.9,8129.0,8129.4,3600,1,0,3600
2024-02-28 14:00:00,8129.5,8129.6,8119.8,8120.0,3600,1,0,3600
2024-02-28 15:00:00,8120.1,8121.2,8103.5,8103.6,3600,1,0,3600
2024-02-28 16:00:00,8103.7,8114.1,8103.3,8112.2,3600,1,0,3600
2024-02-28 17:00:00,8112.1,8125.5,8111.9,8121.2,3600,1,0,3600
2024-02-28 18:00:00,8121.1,8124.7,8118.0,8120.8,3600,1,0,3600
2024-02-28 19:00:00,8120.7,8136.0,8120.2,8132.4,3600,1,0,3600
2024-02-28 20:00:00,8132.5,8138.5,8130.4,8137.8,3600,1,0,3600
2024-02-28 21:00:00,8137.9,8139.1,8123.6,8123.8,3600,1,0,3600
2024-02-28 22:00:00,8123.7,8125.9,8118.2,8122.8,3600,1,0,3600
2024-02-28 23:00:00,8122.7,8126.1,8118.9,8122.8,3600,1,0,3600
2024-02-29 00:00:00,8122.9,8124.8,8115.4,8115.6,3600,1,0,3600
2024-02-29 01:00:00,8115.5,8129.2,8114.8,8123.8,3600,1,0,3600
2024-02-29 02:00:00,8123.9,8125.0,8107.3,8111.0,3600,1,0,3600
2024-02-29 03:00:00,8110.9,8111.4,8100.5,8105.6,3600,1,0,3600
2024-02-29 04:00:00,8105.5,8111.8,8102.4,8104.8,3600,1,0,3600
2024-02-29 05:00:00,8104.7,8107.5,8095.6,8096.8,3600,1,0,3600
2024-02-29 06:00:00,8096.7,8101.1,8093.4,8095.2,3600,1,0,3600
2024-02-29 07:00:00,8095.3,8102.1,8090.0,8099.0,3600,1,0,3600
2024-02-29 08:00:00,8099.1,8103.6,8093.7,8103.0,3600,1,0,3600
2024-02-29 09:00:00,8102.9,8107.9,8099.0,8104.4,3600,1,0,3600
2024-02-29 10:00:00,8104.5,8108.0,8097.2,8098.0,3600,1,0,3600
2024-02-29 11:00:00,8097.9,8109.5,8097.5,8106.6,3600,1,0,3600
2024-02-29 12:00:00,8106.7,8112.1,8103.2,8111.2,3600,1,0,3600
2024-02-29 13:00:00,8111.3,8113.3,8103.4,8108.4,3600,1,0,3600
2024-02-29 14:00:00,8108.5,8111.4,8103.5,8104.4,3600,1,0,3600
2024-02-29 15:00:00,8104.3,8109.0,8098.1,8098.8,3600,1,0,3600
2024-02-29 16:00:00,8098.9,8100.3,8087.0,8092.0,3600,1,0,3600
2024-02-29 17:00:00,8092.1,8094.5,8080.7,8081.0,3600,1,0,3600
2024-02-29 18:00:00,8080.9,8087.3,8080.3,8084.8,3600,1,0,3600
2024-02-29 19:00:00,8084.9,8087.5,8079.6,8079.8,3600,1,0,3600
2024-02-29 20:00:00,8079.7,8084.2,8075.5,8083.0,3600,1,0,3600
2024-02-29 21:00:00,8083.1,8083.7,8074.0,8078.0,3600,1,0,3600
2024-02-29 22:00:00,8077.9,8088.0,8077.1,8087.8,3600,1,0,3600
2024-02-29 23:00:00,8087.9,8104.2,8086.2,8102.4,3600,1,0,3600
2024-03-01 00:00:00,8102.5,8108.2,8100.1,8105.6,3600,1,0,3600
2024-03-01 01:00:00,8105.5,8120.8,8103.6,8120.4,3600,1,0,3600
2024-03-01 02:00:00,8120.3,8123.4,8118.1,8119.6,3600,1,0,3600
2024-03-01 03:00:00,8119.7,8128.6,8116.9,8128.0,3600,1,0,3600
2024-03-01 04:00:00,8127.9,8132.1,8126.4,8131.0,3600,1,0,3600
2024-03-01 05:00:00,8130.9,8139.5,8130.1,8135.2,3600,1,0,3600
2024-03-01 06:00:00,8135.1,8135.2,8124.7,8129.2,3600,1,0,3600
2024-03-01 07:00:00,8129.1,8131.3,8120.0,8123.4,3600,1,0,3600
2024-03-01 08:00:00,8123.5,8123.7,8111.2,8112.8,3600,1,0,3600
2024-03-01 09:00:00,8112.7,8123.2,8109.0,8122.4,3600,1,0,3600
2024-03-01 10:00:00,8122.3,8124.2,8115.1,8120.7,3599,1,0,3599
2024-03-01 11:00:00,8120.6,8131.5,8119.5,8125.7,3600,1,0,3600
2024-03-01 12:00:00,8125.6,8130.8,8120.5,8123.9,3600,1,0,3600
2024-03-01 13:00:00,8123.8,8132.8,8121.8,8132.5,3600,1,0,3600
2024-03-01 14:00:00,8132.4,8137.9,8126.1,8128.1,3600,1,0,3600
2024-03-01 15:00:00,8128.2,8142.1,8126.6,8141.1,3600,1,0,3600
2024-03-01 16:00:00,8141.0,8143.0,8133.9,8134.5,3600,1,0,3600
2024-03-01 17:00:00,8134.4,8136.9,8127.6,8131.5,3600,1,0,3600
2024-03-01 18:00:00,8131.4,8132.9,8122.5,8123.7,3600,1,0,3600
2024-03-01 19:00:00,8123.8,8126.4,8120.4,8122.5,3600,1,0,3600
2024-03-01 20:00:00,8122.6,8131.7,8121.9,8130.3,3600,1,0,3600
2024-03-01 21:00:00,8130.2,8132.5,8124.3,8129.9,3600,1,0,3600
2024-03-01 22:00:00,8129.8,8135.8,8128.9,8133.5,3600,1,0,3600
2024-03-01 23:00:00,8133.6,8135.9,8127.6,8135.1,3600,1,0,3600
2024-03-02 00:00:00,8135.2,8137.8,8133.3,8135.7,3600,1,0,3600
2024-03-02 01:00:00,8135.6,8147.6,8130.4,8144.1,3600,1,0,3600
2024-03-02 02:00:00,8144.2,8145.9,8141.0,8144.7,3600,1,0,3600
2024-03-02 03:00:00,8144.8,8145.3,8137.0,8141.1,3600,1,0,3600
2024-03-02 04:00:00,8141.2,8147.0,8139.6,8144.5,3600,1,0,3600
2024-03-02 05:00:00,8144.4,8148.3,8141.0,8145.7,3600,1,0,3600
2024-03-02 06:00:00,8145.6,8152.6,8144.4,8151.7,3600,1,0,3600
2024-03-02 07:00:00,8151.8,8154.2,8146.7,8152.3,3600,1,0,3600
2024-03-02 08:00:00,8152.4,8163.7,8152.1,8160.9,3600,1,0,3600
2024-03-02 09:00:00,8161.0,8166.2,8155.8,8166.1,3600,1,0,3600
2024-03-02 10:00:00,8166.2,8171.8,8163.4,8168.9,3600,1,0,3600
2024-03-02 11:00:00,8169.0,8173.2,8166.2,8166.9,3600,1,0,3600
2024-03-02 12:00:00,8166.8,8167.0,8155.0,8155.1,3600,1,0,3600
2024-03-02 13:00:00,8155.0,8160.8,8149.8,8157.1,3600,1,0,3600
2024-03-02 14:00:00,8157.2,8163.0,8156.7,8160.7,3600,1,0,3600
2024-03-02 15:00:00,8160.6,8165.5,8159.1,8159.5,3600,1,0,3600
2024-03-02 16:00:00,8159.4,8160.7,8153.6,8156.1,3600,1,0,3600
2024-03-02 17:00:00,8156.0,8161.7,8153.9,8161.7,3600,1,0,3600
2024-03-02 18:00:00,8161.8,8161.9,8157.0,8157.1,3600,1,0,3600
2024-03-02 19:00:00,8157.0,8160.3,8153.0,8154.1,3600,1,0,3600
2024-03-02 20:00:00,8154.2,8157.3,8147.6,8152.7,3600,1,0,3600
2024-03-02 21:00:00,8152.8,8155.8,8149.7,8150.1,3600,1,0,3600
2024-03-02 22:00:00,8150.2,8159.1,8150.0,8151.9,3600,1,0,3600
2024-03-02 23:00:00,8152.0,8158.6,8141.1,8141.1,3600,1,0,3600
2024-03-03 00:00:00,8141.0,8143.5,8135.4,8142.3,3600,1,0,3600
2024-03-03 01:00:00,8142.4,8142.8,8128.8,8129.3,3600,1,0,3600
2024-03-03 02:00:00,8129.2,8133.4,8124.7,8133.1,3600,1,0,3600
2024-03-03 03:00:00,8133.0,8141.7,8132.8,8138.9,3600,1,0,3600
2024-03-03 04:00:00,8138.8,8145.2,8138.8,8142.5,3600,1,0,3600
2024-03-03 05:00:00,8142.6,8143.1,8130.3,8134.5,3600,1,0,3600
2024-03-03 06:00:00,8134.4,8141.8,8132.8,8141.7,3600,1,0,3600
2024-03-03 07:00:00,8141.8,8147.2,8138.3,8138.3,3600,1,0,3600
2024-03-03 08:00:00,8138.4,8147.1,8138.4,8142.9,3600,1,0,3600
2024-03-03 09:00:00,8142.8,8149.6,8137.6,8149.5,3600,1,0,3600
2024-03-03 10:00:00,8149.6,8153.4,8148.5,8151.7,3600,1,0,3600
2024-03-03 11:00:00,8151.8,8160.6,8150.8,8155.7,3600,1,0,3600
2024-03-03 12:00:00,8155.6,8163.4,8154.3,8161.9,3600,1,0,3600
2024-03-03 13:00:00,8161.8,8171.8,8157.9,8171.3,3600,1,0,3600
2024-03-03 14:00:00,8171.2,8176.4,8168.7,8174.1,3600,1,0,3600
2024-03-03 15:00:00,8174.2,8178.8,8170.6,8171.1,3600,1,0,3600
2024-03-03 16:00:00,8171.0,8181.0,8167.0,8178.7,3600,1,0,3600
2024-03-03 17:00:00,8178.6,8186.3,8178.3,8183.1,3600,1,0,3600
2024-03-03 18:00:00,8183.0,8187.3,8180.8,8184.9,3600,1,0,3600
2024-03-03 19:00:00,8185.0,8186.6,8171.6,8174.3,3600,1,0,3600
2024-03-03 20:00:00,8174.4,8179.6,8173.2,8178.3,3600,1,0,3600
2024-03-03 21:00:00,8178.2,8184.8,8174.6,8181.7,3600,1,0,3600
2024-03-03 22:00:00,8181.8,8183.3,8175.8,8182.3,3600,1,0,3600
2024-03-03 23:00:00,8182.4,8187.6,8180.0,8184.9,3600,1,0,3600
2024-03-04 00:00:00,8185.0,8190.4,8181.5,8188.5,3600,1,0,3600
2024-03-04 01:00:00,8188.4,8191.0,8182.9,8184.7,3600,1,0,3600
2024-03-04 02:00:00,8184.6,8187.9,8177.7,8178.3,3600,1,0,3600
2024-03-04 03:00:00,8178.2,8179.6,8170.9,8173.8,3596,1,0,3596
2024-03-04 04:00:00,8173.7,8185.9,8172.5,8179.8,3600,1,0,3600
2024-03-04 05:00:00,8179.7,8185.9,8177.2,8178.2,3600,1,0,3600
2024-03-04 06:00:00,8178.3,8182.5,8172.7,8182.2,3600,1,0,3600
2024-03-04 07:00:00,8182.1,8183.8,8164.5,8168.2,3600,1,0,3600
2024-03-04 08:00:00,8168.3,8174.4,8164.1,8174.4,3600,1,0,3600
2024-03-04 09:00:00,8174.3,8175.2,8166.9,8169.2,3600,1,0,3600
2024-03-04 10:00:00,8169.1,8173.6,8163.0,8163.8,3600,1,0,3600
2024-03-04 11:00:00,8163.7,8163.8,8153.1,8155.4,3600,1,0,3600
2024-03-04 12:00:00,8155.5,8161.2,8153.6,8158.8,3600,1,0,3600
2024-03-04 13:00:00,8158.7,8159.0,8144.8,8145.4,3595,1,0,3595
2024-03-04 14:00:00,8145.3,8145.6,8139.8,8144.4,3600,1,0,3600
2024-03-04 15:00:00,8144.5,8145.2,8138.3,8144.6,3600,1,0,3600
2024-03-04 16:00:00,8144.7,8147.0,8139.6,8144.8,3600,1,0,3600
2024-03-04 17:00:00,8144.9,8145.1,8140.4,8140.6,3600,1,0,3600
2024-03-04 18:00:00,8140.7,8141.8,8122.7,8123.0,3600,1,0,3600
2024-03-04 19:00:00,8122.9,8131.9,8120.5,8124.4,3600,1,0,3600
2024-03-04 20:00:00,8124.3,8125.3,8112.0,8115.8,3600,1,0,3600
2024-03-04 21:00:00,8115.9,8121.4,8112.9,8121.0,3600,1,0,3600
2024-03-04 22:00:00,8121.1,8126.9,8119.4,8126.8,3600,1,0,3600
2024-03-04 23:00:00,8126.7,8134.9,8123.6,8130.8,3600,1,0,3600
2024-03-05 00:00:00,8130.9,8134.3,8127.4,8133.6,3600,1,0,3600
2024-03-05 01:00:00,8133.7,8134.5,8120.2,8121.2,3600,1,0,3600
2024-03-05 02:00:00,8121.3,8123.6,8113.0,8119.8,3600,1,0,3600
2024-03-05 03:00:00,8119.7,8120.0,8114.9,8119.8,3600,1,0,3600
2024-03-05 04:00:00,8119.9,8125.0,8117.2,8123.4,3600,1,0,3600
2024-03-05 05:00:00,8123.3,8124.1,8114.4,8116.4,3600,1,0,3600
2024-03-05 06:00:00,8116.5,8116.5,8104.1,8104.2,3600,1,0,3600
2024-03-05 07:00:00,8104.3,8111.0,8101.8,8110.8,3600,1,0,3600
2024-03-05 08:00:00,8110.7,8111.6,8102.2,8102.2,3600,1,0,3600
2024-03-05 09:00:00,8102.3,8104.2,8096.2,8102.8,3600,1,0,3600
2024-03-05 10:00:00,8102.9,8109.7,8098.6,8099.0,3600,1,0,3600
2024-03-05 11:00:00,8099.1,8107.3,8094.8,8105.6,3600,1,0,3600
2024-03-05 12:00:00,8105.5,8110.2,8102.1,8107.0,3600,1,0,3600
2024-03-05 13:00:00,8107.1,8113.0,8105.1,8111.0,3600,1,0,3600
2024-03-05 14:00:00,8110.9,8116.2,8106.6,8116.0,3600,1,0,3600
2024-03-05 15:00:00,8116.1,8120.9,8113.8,8116.8,3600,1,0,3600
2024-03-05 16:00:00,8116.7,8119.9,8112.8,8115.2,3600,1,0,3600
2024-03-05 17:00:00,8115.3,8116.8,8107.1,8107.2,3600,1,0,3600
2024-03-05 18:00:00,8107.1,8115.7,8106.4,8112.2,3600,1,0,3600
2024-03-05 19:00:00,8112.3,8118.3,8110.6,8113.0,3600,1,0,3600
2024-03-05 20:00:00,8112.9,8117.3,8106.6,8108.6,3600,1,0,3600
2024-03-05 21:00:00,8108.5,8109.3,8099.3,8102.2,3600,1,0,3600
2024-03-05 22:00:00,8102.3,8104.8,8097.4,8100.6,3600,1,0,3600
2024-03-05 23:00:00,8100.5,8105.0,8097.5,8101.6,3600,1,0,3600
2024-03-06 00:00:00,8101.7,8109.3,8101.6,8107.8,3600,1,0,3600
2024-03-06 01:00:00,8107.9,8114.3,8104.7,8113.8,3600,1,0,3600
2024-03-06 02:00:00,8113.9,8114.7,8098.3,8098.8,3600,1,0,3600
2024-03-06 03:00:00,8098.9,8101.6,8092.7,8092.8,3600,1,0,3600
2024-03-06 04:00:00,8092.7,8096.8,8081.0,8083.6,3600,1,0,3600
2024-03-06 05:00:00,8083.5,8084.2,8075.6,8078.4,3600,1,0,3600
2024-03-06 06:00:00,8078.5,8079.1,8072.7,8076.2,3600,1,0,3600
2024-03-06 07:00:00,8076.1,8085.2,8067.3,8085.2,3600,1,0,3600
2024-03-06 08:00:00,8085.3,8088.3,8080.2,8081.8,3600,1,0,3600
2024-03-06 09:00:00,8081.7,8089.2,8081.5,8084.4,3600,1,0,3600
2024-03-06 10:00:00,8084.5,8088.5,8073.3,8079.8,3600,1,0,3600
2024-03-06 11:00:00,8079.9,8080.4,8072.1,8077.6,3600,1,0,3600
2024-03-06 12:00:00,8077.7,8080.9,8074.5,8079.4,3600,1,0,3600
2024-03-06 13:00:00,8079.3,8079.3,8070.5,8071.4,3600,1,0,3600
2024-03-06 14:00:00,8071.5,8075.5,8068.8,8072.6,3600,1,0,3600
2024-03-06 15:00:00,8072.5,8078.2,8071.8,8077.0,3600,1,0,3600
2024-03-06 16:00:00,8077.1,8077.3,8057.7,8061.0,3600,1,0,3600
2024-03-06 17:00:00,8060.9,8063.8,8055.2,8058.2,3600,1,0,3600
2024-03-06 18:00:00,8058.1,8060.5,8053.3,8059.6,3600,1,0,3600
2024-03-06 19:00:00,8059.5,8067.2,8057.4,8064.6,3600,1,0,3600
2024-03-06 20:00:00,8064.5,8068.8,8059.0,8060.0,3600,1,0,3600
2024-03-06 21:00:00,8060.1,8061.1,8049.0,8050.4,3600,1,0,3600
2024-03-06 22:00:00,8050.3,8053.8,8046.2,8053.4,3600,1,0,3600
2024-03-06 23:00:00,8053.5,8061.0,8053.1,8058.8,3600,1,0,3600
2024-03-07 00:00:00,8058.9,8064.2,8056.0,8061.4,3600,1,0,3600
2024-03-07 01:00:00,8061.3,8063.7,8052.7,8058.6,3600,1,0,3600
2024-03-07 02:00:00,8058.7,8063.9,8054.7,8057.6,3600,1,0,3600
2024-03-07 03:00:00,8057.5,8060.0,8053.7,8054.4,3600,1,0,3600
2024-03-07 04:00:00,8054.5,8058.8,8054.5,8057.4,3600,1,0,3600
2024-03-07 05:00:00,8057.3,8061.8,8055.1,8058.2,3600,1,0,3600
2024-03-07 06:00:00,8058.1,8068.9,8057.1,8067.0,3600,1,0,3600
2024-03-07 07:00:00,8067.1,8076.7,8066.0,8067.6,3600,1,0,3600
2024-03-07 08:00:00,8067.5,8068.6,8058.0,8063.0,3600,1,0,3600
2024-03-07 09:00:00,8062.9,8063.8,8047.5,8048.0,3600,1,0,3600
2024-03-07 10:00:00,8047.9,8050.3,8042.6,8046.6,3600,1,0,3600
2024-03-07 11:00:00,8046.7,8050.9,8045.1,8049.6,3600,1,0,3600
2024-03-07 12:00:00,8049.7,8056.9,8045.2,8053.0,3600,1,0,3600
2024-03-07 13:00:00,8052.9,8053.9,8049.4,8050.2,3600,1,0,3600
2024-03-07 14:00:00,8050.3,8057.4,8048.6,8049.2,3600,1,0,3600
2024-03-07 15:00:00,8049.1,8056.5,8047.2,8047.6,3600,1,0,3600
2024-03-07 16:00:00,8047.5,8051.5,8045.7,8049.2,3600,1,0,3600
2024-03-07 17:00:00,8049.3,8059.2,8048.0,8057.0,3600,1,0,3600
2024-03-07 18:00:00,8057.1,8060.2,8055.4,8057.2,3600,1,0,3600
2024-03-07 19:00:00,8057.1,8071.4,8055.4,8067.0,3600,1,0,3600
2024-03-07 20:00:00,8066.9,8077.2,8066.0,8068.2,3600,1,0,3600
2024-03-07 21:00:00,8068.3,8078.4,8067.6,8078.0,3600,1,0,3600
2024-03-07 22:00:00,8077.9,8083.1,8076.5,8081.8,3600,1,0,3600
2024-03-07 23:00:00,8081.9,8092.9,8079.8,8090.4,3600,1,0,3600
2024-03-08 00:00:00,8090.3,8092.5,8077.7,8078.2,3600,1,0,3600
2024-03-08 01:00:00,8078.3,8080.3,8074.2,8078.2,3600,1,0,3600
2024-03-08 02:00:00,8078.3,8082.3,8073.0,8082.0,3600,1,0,3600
2024-03-08 03:00:00,8082.1,8093.7,8081.1,8093.2,3600,1,0,3600
2024-03-08 04:00:00,8093.3,8114.2,8093.1,8112.8,3600,1,0,3600
2024-03-08 05:00:00,8112.7,8113.5,8100.4,8103.8,3600,1,0,3600
2024-03-08 06:00:00,8103.9,8104.6,8095.0,8103.4,3600,1,0,3600
2024-03-08 07:00:00,8103.5,8107.3,8099.2,8104.8,3600,1,0,3600
2024-03-08 08:00:00,8104.9,8114.4,8104.1,8114.4,3600,1,0,3600
2024-03-08 09:00:00,8114.5,8121.0,8110.9,8115.2,3600,1,0,3600
2024-03-08 10:00:00,8115.3,8122.0,8112.4,8116.4,3600,1,0,3600
2024-03-08 11:00:00,8116.3,8120.1,8114.6,8116.8,3600,1,0,3600
2024-03-08 12:00:00,8116.9,8116.9,8107.2,8108.4,3600,1,0,3600
2024-03-08 13:00:00,8108.5,8121.8,8108.3,8119.4,3600,1,0,3600
2024-03-08 14:00:00,8119.3,8124.1,8116.9,8121.4,3600,1,0,3600
2024-03-08 15:00:00,8121.3,8121.8,8096.4,8098.8,3600,1,0,3600
2024-03-08 16:00:00,8098.9,8108.5,8096.1,8100.6,3600,1,0,3600
2024-03-08 17:00:00,8100.7,8101.6,8091.1,8097.2,3600,1,0,3600
2024-03-08 18:00:00,8097.3,8100.4,8092.3,8096.2,3600,1,0,3600
2024-03-08 19:00:00,8096.3,8096.7,8090.4,8095.4,3600,1,0,3600
2024-03-08 20:00:00,8095.5,8097.6,8089.5,8092.6,3600,1,0,3600
2024-03-08 21:00:00,8092.5,8098.4,8090.7,8095.0,3600,1,0,3600
2024-03-08 22:00:00,8095.1,8099.7,8092.1,8093.4,3600,1,0,3600
2024-03-08 23:00:00,8093.3,8098.0,8091.4,8097.4,3600,1,0,3600
2024-03-09 00:00:00,8097.5,8106.8,8097.0,8098.8,3600,1,0,3600
2024-03-09 01:00:00,8098.7,8103.5,8096.8,8101.6,3600,1,0,3600
2024-03-09 02:00:00,8101.5,8105.5,8094.2,8095.2,3600,1,0,3600
2024-03-09 03:00:00,8095.3,8101.7,8089.3,8089.8,3600,1,0,3600
2024-03-09 04:00:00,8089.9,8098.6,8089.7,8098.0,3600,1,0,3600
2024-03-09 05:00:00,8097.9,8104.5,8094.0,8094.6,3600,1,0,3600
2024-03-09 06:00:00,8094.7,8095.1,8081.5,8090.4,3600,1,0,3600
2024-03-09 07:00:00,8090.5,8096.1,8089.9,8094.8,3600,1,0,3600
2024-03-09 08:00:00,8094.9,8095.5,8087.4,8089.4,3600,1,0,3600
2024-03-09 09:00:00,8089.5,8098.2,8089.5,8093.8,3600,1,0,3600
2024-03-09 10:00:00,8093.9,8095.4,8090.3,8093.0,3600,1,0,3600
2024-03-09 11:00:00,8093.1,8096.2,8087.2,8087.8,3600,1,0,3600
2024-03-09 12:00:00,8087.7,8095.9,8082.5,8095.2,3600,1,0,3600
2024-03-09 13:00:00,8095.1,8099.1,8092.1,8097.0,3600,1,0,3600
2024-03-09 14:00:00,8096.9,8098.8,8093.2,8095.2,3600,1,0,3600
2024-03-09 15:00:00,8095.1,8098.9,8088.0,8091.0,3600,1,0,3600
2024-03-09 16:00:00,8090.9,8092.2,8085.0,8086.8,3594,1,0,3594
2024-03-09 17:00:00,8086.9,8089.3,8081.8,8082.4,3600,1,0,3600
2024-03-09 18:00:00,8082.3,8088.4,8080.7,8083.8,3600,1,0,3600
2024-03-09 19:00:00,8083.9,8087.8,8080.6,8081.6,3600,1,0,3600
2024-03-09 20:00:00,8081.7,8083.1,8072.1,8075.0,3600,1,0,3600
2024-03-09 21:00:00,8075.1,8078.0,8068.2,8076.6,3600,1,0,3600
2024-03-09 22:00:00,8076.7,8085.3,8074.1,8085.2,3600,1,0,3600
2024-03-09 23:00:00,8085.3,8090.7,8083.5,8087.2,3600,1,0,3600
2024-03-10 00:00:00,8087.1,8089.2,8078.5,8084.2,3600,1,0,3600
2024-03-10 01:00:00,8084.3,8090.5,8082.6,8087.0,3571,1,0,3571
2024-03-10 02:00:00,8087.1,8089.1,8079.9,8088.2,3586,1,0,3586
2024-03-10 03:00:00,8088.1,8091.7,8085.5,8086.8,3600,1,0,3600
2024-03-10 04:00:00,8086.9,8090.7,8083.6,8084.2,3600,1,0,3600
2024-03-10 05:00:00,8084.1,8095.8,8084.1,8095.6,3600,1,0,3600
2024-03-10 06:00:00,8095.5,8101.2,8093.8,8098.4,3600,1,0,3600
2024-03-10 07:00:00,8098.5,8102.4,8095.8,8099.8,3600,1,0,3600
2024-03-10 08:00:00,8099.9,8100.4,8093.3,8096.0,3600,1,0,3600
2024-03-10 09:00:00,8096.1,8101.1,8094.8,8100.4,3600,1,0,3600
2024-03-10 10:00:00,8100.3,8102.6,8089.4,8089.6,3600,1,0,3600
2024-03-10 11:00:00,8089.5,8093.3,8087.7,8090.2,3600,1,0,3600
2024-03-10 12:00:00,8090.1,8091.9,8085.0,8091.4,3600,1,0,3600
2024-03-10 13:00:00,8091.5,8094.4,8087.5,8089.2,3600,1,0,3600
2024-03-10 14:00:00,8089.1,8093.4,8088.0,8089.8,3600,1,0,3600
2024-03-10 15:00:00,8089.7,8093.7,8088.0,8090.0,3600,1,0,3600
2024-03-10 16:00:00,8089.9,8098.1,8088.4,8089.6,3600,1,0,3600
2024-03-10 17:00:00,8089.7,8099.4,8086.3,8098.2,3600,1,0,3600
2024-03-10 18:00:00,8098.1,8102.5,8095.0,8096.6,3600,1,0,3600
2024-03-10 19:00:00,8096.7,8102.8,8092.4,8101.0,3600,1,0,3600
2024-03-10 20:00:00,8101.1,8102.6,8096.8,8099.0,3600,1,0,3600
2024-03-10 21:00:00,8099.1,8104.5,8096.4,8099.6,3600,1,0,3600
2024-03-10 22:00:00,8099.7,8100.0,8092.1,8095.6,3600,1,0,3600
2024-03-10 23:00:00,8095.5,8096.7,8087.0,8088.4,3600,1,0,3600
2024-03-11 00:00:00,8088.3,8095.8,8084.0,8090.6,3600,1,0,3600
2024-03-11 01:00:00,8090.5,8099.4,8090.2,8092.4,3600,1,0,3600
2024-03-11 02:00:00,8092.5,8095.5,8079.4,8082.2,3600,1,0,3600
2024-03-11 03:00:00,8082.1,8089.0,8080.8,8085.8,3600,1,0,3600
2024-03-11 04:00:00,8085.9,8099.2,8085.5,8097.6,3600,1,0,3600
2024-03-11 05:00:00,8097.5,8102.8,8096.4,8098.4,3600,1,0,3600
2024-03-11 06:00:00,8098.5,8101.4,8094.0,8099.2,3600,1,0,3600
2024-03-11 07:00:00,8099.1,8103.6,8095.9,8101.2,3600,1,0,3600
2024-03-11 08:00:00,8101.3,8103.6,8096.1,8100.2,3600,1,0,3600
2024-03-11 09:00:00,8100.1,8102.3,8089.0,8093.4,3600,1,0,3600
2024-03-11 10:00:00,8093.3,8097.1,8088.8,8090.8,3600,1,0,3600
2024-03-11 11:00:00,8090.7,8100.8,8089.9,8097.8,3600,1,0,3600
2024-03-11 12:00:00,8097.9,8107.2,8097.6,8107.2,3600,1,0,3600
2024-03-11 13:00:00,8107.1,8113.8,8105.0,8105.4,3600,1,0,3600
2024-03-11 14:00:00,8105.3,8108.5,8099.5,8099.6,3600,1,0,3600
2024-03-11 15:00:00,8099.7,8108.2,8099.5,8105.8,3600,1,0,3600
2024-03-11 16:00:00,8105.9,8107.8,8099.2,8105.0,3600,1,0,3600
2024-03-11 17:00:00,8104.9,8108.6,8102.9,8107.2,3600,1,0,3600
2024-03-11 18:00:00,8107.1,8109.2,8101.6,8108.0,3600,1,0,3600
2024-03-11 19:00:00,8107.9,8109.3,8100.5,8103.0,3600,1,0,3600
2024-03-11 20:00:00,8102.9,8105.8,8099.1,8101.2,3600,1,0,3600
2024-03-11 21:00:00,8101.1,8101.1,8092.3,8097.8,3600,1,0,3600
2024-03-11 22:00:00,8097.7,8098.2,8087.5,8090.8,3600,1,0,3600
2024-03-11 23:00:00,8090.7,8102.2,8086.9,8100.8,3600,1,0,3600
2024-03-12 00:00:00,8100.7,8101.9,8088.5,8089.4,3600,1,0,3600
2024-03-12 01:00:00,8089.5,8098.7,8088.6,8098.6,3600,1,0,3600
2024-03-12 02:00:00,8098.5,8102.5,8094.9,8097.4,3600,1,0,3600
2024-03-12 03:00:00,8097.3,8099.5,8089.7,8099.4,3600,1,0,3600
2024-03-12 04:00:00,8099.3,8101.0,8085.6,8086.8,3600,1,0,3600
2024-03-12 05:00:00,8086.9,8094.9,8085.6,8089.0,3600,1,0,3600
2024-03-12 06:00:00,8088.9,8093.6,8084.0,8087.8,3600,1,0,3600
2024-03-12 07:00:00,8087.7,8087.9,8071.8,8074.4,3600,1,0,3600
2024-03-12 08:00:00,8074.3,8076.8,8066.2,8066.8,3600,1,0,3600
2024-03-12 09:00:00,8066.9,8068.7,8057.8,8061.6,3600,1,0,3600
2024-03-12 10:00:00,8061.7,8066.5,8059.3,8059.4,3600,1,0,3600
2024-03-12 11:00:00,8059.3,8060.3,8049.5,8051.6,3600,1,0,3600
2024-03-12 12:00:00,8051.5,8057.0,8047.8,8053.0,3600,1,0,3600
2024-03-12 13:00:00,8053.1,8059.4,8049.2,8052.6,3600,1,0,3600
2024-03-12 14:00:00,8052.5,8054.7,8047.6,8049.0,3600,1,0,3600
2024-03-12 15:00:00,8049.1,8050.5,8043.6,8044.2,3600,1,0,3600
2024-03-12 16:00:00,8044.1,8050.5,8037.7,8037.8,3600,1,0,3600
2024-03-12 17:00:00,8037.9,8039.2,8028.3,8028.4,3600,1,0,3600
2024-03-12 18:00:00,8028.3,8029.1,8023.2,8027.6,3600,1,0,3600
2024-03-12 19:00:00,8027.7,8038.3,8027.6,8035.8,3600,1,0,3600
2024-03-12 20:00:00,8035.9,8043.5,8029.6,8032.0,3600,1,0,3600
2024-03-12 21:00:00,8032.1,8037.5,8029.9,8037.4,3600,1,0,3600
2024-03-12 22:00:00,8037.3,8040.5,8035.1,8037.2,3600,1,0,3600
2024-03-12 23:00:00,8037.1,8052.0,8033.3,8051.0,3600,1,0,3600
2024-03-13 00:00:00,8050.9,8054.0,8047.4,8050.6,3600,1,0,3600
2024-03-13 01:00:00,8050.5,8064.6,8049.9,8059.0,3600,1,0,3600
2024-03-13 02:00:00,8059.1,8065.9,8057.7,8058.2,3600,1,0,3600
2024-03-13 03:00:00,8058.1,8059.6,8053.3,8055.4,3600,1,0,3600
2024-03-13 04:00:00,8055.5,8060.9,8053.5,8058.8,3600,1,0,3600
2024-03-13 05:00:00,8058.7,8065.4,8056.9,8064.4,3600,1,0,3600
2024-03-13 06:00:00,8064.5,8076.9,8064.2,8071.2,3600,1,0,3600
2024-03-13 07:00:00,8071.3,8076.8,8066.3,8066.4,3600,1,0,3600
2024-03-13 08:00:00,8066.3,8071.0,8062.2,8062.6,3586,1,0,3586
2024-03-13 09:00:00,8062.5,8075.0,8061.6,8074.4,3600,1,0,3600
2024-03-13 10:00:00,8074.5,8076.0,8070.4,8073.6,3600,1,0,3600
2024-03-13 11:00:00,8073.5,8078.0,8069.5,8077.0,3600,1,0,3600
2024-03-13 12:00:00,8077.1,8080.6,8074.5,8075.1,3581,1,0,3581
2024-03-13 13:00:00,8075.2,8076.8,8066.7,8070.9,3600,1,0,3600
2024-03-13 14:00:00,8070.8,8073.3,8067.4,8071.3,3446,1,0,3446
2024-03-13 15:00:00,8071.2,8078.7,8071.2,8076.3,3600,1,0,3600
2024-03-13 16:00:00,8076.2,8081.7,8074.1,8078.7,3594,1,0,3594
2024-03-13 17:00:00,8078.6,8082.9,8072.6,8075.1,3600,1,0,3600
2024-03-13 18:00:00,8075.0,8078.2,8071.9,8077.1,3600,1,0,3600
2024-03-13 19:00:00,8077.2,8084.8,8075.7,8084.1,3600,1,0,3600
2024-03-13 20:00:00,8084.0,8089.4,8083.5,8088.9,3600,1,0,3600
2024-03-13 21:00:00,8088.8,8091.1,8082.7,8089.5,3600,1,0,3600
2024-03-13 22:00:00,8089.6,8093.2,8088.2,8090.3,3600,1,0,3600
2024-03-13 23:00:00,8090.2,8093.1,8085.5,8086.9,3600,1,0,3600
2024-03-14 00:00:00,8087.0,8093.5,8084.5,8090.9,3600,1,0,3600
2024-03-14 01:00:00,8091.0,8092.5,8081.6,8083.3,3600,1,0,3600
2024-03-14 02:00:00,8083.2,8091.2,8076.2,8091.1,3600,1,0,3600
2024-03-14 03:00:00,8091.2,8092.0,8084.7,8088.9,3600,1,0,3600
2024-03-14 04:00:00,8088.8,8091.3,8080.4,8080.9,3600,1,0,3600
2024-03-14 05:00:00,8081.0,8083.4,8070.8,8070.9,3600,1,0,3600
2024-03-14 06:00:00,8071.0,8074.1,8068.1,8068.9,3600,1,0,3600
2024-03-14 07:00:00,8069.0,8069.8,8061.6,8063.5,3600,1,0,3600
2024-03-14 08:00:00,8063.6,8064.7,8060.1,8062.3,3600,1,0,3600
2024-03-14 09:00:00,8062.2,8078.7,8061.0,8074.7,3600,1,0,3600
2024-03-14 10:00:00,8074.6,8076.0,8065.9,8067.9,3600,1,0,3600
2024-03-14 11:00:00,8068.0,8068.9,8060.5,8067.3,3600,1,0,3600
2024-03-14 12:00:00,8067.2,8067.7,8060.0,8063.7,3600,1,0,3600
2024-03-14 13:00:00,8063.8,8065.0,8056.2,8059.7,3600,1,0,3600
2024-03-14 14:00:00,8059.8,8067.6,8059.5,8066.3,3600,1,0,3600
2024-03-14 15:00:00,8066.2,8075.4,8064.3,8074.5,3600,1,0,3600
2024-03-14 16:00:00,8074.4,8075.1,8066.4,8066.9,3600,1,0,3600
2024-03-14 17:00:00,8067.0,8068.2,8060.8,8061.5,3600,1,0,3600
2024-03-14 18:00:00,8061.4,8062.5,8055.3,8057.5,3600,1,0,3600
2024-03-14 19:00:00,8057.6,8065.9,8054.1,8062.1,3600,1,0,3600
2024-03-14 20:00:00,8062.2,8082.0,8061.7,8081.7,3600,1,0,3600
2024-03-14 21:00:00,8081.6,8086.0,8079.1,8082.1,3600,1,0,3600
2024-03-14 22:00:00,8082.0,8082.3,8069.2,8071.5,3600,1,0,3600
2024-03-14 23:00:00,8071.4,8074.5,8065.8,8074.3,3600,1,0,3600
2024-03-15 00:00:00,8074.4,8089.2,8074.4,8082.5,3600,1,0,3600
2024-03-15 01:00:00,8082.6,8083.2,8072.4,8076.3,3600,1,0,3600
2024-03-15 02:00:00,8076.2,8081.8,8070.4,8071.3,3600,1,0,3600
2024-03-15 03:00:00,8071.2,8075.7,8067.9,8074.9,3600,1,0,3600
2024-03-15 04:00:00,8075.0,8078.3,8064.2,8064.7,3600,1,0,3600
2024-03-15 05:00:00,8064.6,8068.4,8060.8,8065.1,3600,1,0,3600
2024-03-15 06:00:00,8065.2,8071.0,8060.1,8060.7,3600,1,0,3600
2024-03-15 07:00:00,8060.6,8068.2,8060.1,8064.1,3600,1,0,3600
2024-03-15 08:00:00,8064.0,8065.2,8053.6,8054.7,3600,1,0,3600
2024-03-15 09:00:00,8054.6,8059.2,8050.3,8058.3,3600,1,0,3600
2024-03-15 10:00:00,8058.2,8069.7,8058.0,8068.9,3600,1,0,3600
2024-03-15 11:00:00,8068.8,8070.9,8057.8,8059.5,3600,1,0,3600
2024-03-15 12:00:00,8059.4,8064.5,8054.5,8056.9,3600,1,0,3600
2024-03-15 13:00:00,8056.8,8056.9,8046.9,8050.7,3600,1,0,3600
2024-03-15 14:00:00,8050.6,8052.6,8045.8,8051.9,3600,1,0,3600
2024-03-15 15:00:00,8051.8,8057.2,8048.9,8051.7,3600,1,0,3600
2024-03-15 16:00:00,8051.6,8056.2,8048.9,8050.5,3600,1,0,3600
2024-03-15 17:00:00,8050.4,8051.5,8044.2,8049.1,3600,1,0,3600
2024-03-15 18:00:00,8049.0,8051.2,8045.4,8046.3,3600,1,0,3600
2024-03-15 19:00:00,8046.2,8048.1,8034.9,8035.9,3600,1,0,3600
2024-03-15 20:00:00,8035.8,8044.3,8035.8,8040.9,3600,1,0,3600
2024-03-15 21:00:00,8041.0,8043.3,8034.3,8038.3,3600,1,0,3600
2024-03-15 22:00:00,8038.4,8042.0,8033.6,8038.3,3600,1,0,3600
2024-03-15 23:00:00,8038.4,8042.4,8028.7,8034.5,3600,1,0,3600
2024-03-16 00:00:00,8034.6,8035.8,8030.1,8032.5,3600,1,0,3600
2024-03-16 01:00:00,8032.4,8041.4,8029.5,8038.7,3600,1,0,3600
2024-03-16 02:00:00,8038.6,8039.3,8022.8,8024.1,3600,1,0,3600
2024-03-16 03:00:00,8024.0,8030.0,8019.1,8020.7,3600,1,0,3600
2024-03-16 04:00:00,8020.6,8021.5,8014.1,8016.7,3600,1,0,3600
2024-03-16 05:00:00,8016.8,8025.3,8015.2,8025.1,3600,1,0,3600
2024-03-16 06:00:00,8025.2,8025.4,8016.6,8019.1,3600,1,0,3600
2024-03-16 07:00:00,8019.2,8022.6,8015.8,8019.9,3600,1,0,3600
2024-03-16 08:00:00,8020.0,8024.5,8009.4,8009.7,3600,1,0,3600
2024-03-16 09:00:00,8009.8,8016.5,8008.9,8011.7,3600,1,0,3600
2024-03-16 10:00:00,8011.8,8012.9,8002.1,8012.5,3600,1,0,3600
2024-03-16 11:00:00,8012.6,8014.9,8007.4,8009.5,3600,1,0,3600
2024-03-16 12:00:00,8009.4,8020.2,8008.6,8017.9,3600,1,0,3600
2024-03-16 13:00:00,8017.7,8021.2,8012.5,8019.0,3594,1,0,3594
2024-03-16 14:00:00,8019.0,8019.3,8010.5,8012.5,3594,1,0,3594
2024-03-16 15:00:00,8012.6,8015.6,8009.2,8010.7,3600,1,0,3600
2024-03-16 16:00:00,8010.8,8013.3,8003.8,8006.7,3600,1,0,3600
2024-03-16 17:00:00,8006.6,8007.8,7998.2,8002.9,3600,1,0,3600
2024-03-16 18:00:00,8003.0,8008.3,7996.8,8000.9,3600,1,0,3600
2024-03-16 19:00:00,8000.8,8003.6,7996.2,7999.1,3600,1,0,3600
2024-03-16 20:00:00,7999.0,8010.2,7997.6,8009.9,3600,1,0,3600
2024-03-16 21:00:00,8010.0,8010.2,7993.5,8000.9,3600,1,0,3600
2024-03-16 22:00:00,8001.0,8003.0,7995.5,7995.7,3600,1,0,3600
2024-03-16 23:00:00,7995.8,8007.5,7995.0,8007.1,3600,1,0,3600
2024-03-17 00:00:00,8007.2,8011.5,8005.9,8008.3,3600,1,0,3600
2024-03-17 01:00:00,8008.2,8014.7,8006.9,8009.9,3600,1,0,3600
2024-03-17 02:00:00,8010.0,8013.2,8006.5,8009.9,3385,1,0,3385
2024-03-17 03:00:00,8009.8,8010.6,8000.9,8008.3,3600,1,0,3600
2024-03-17 04:00:00,8008.2,8014.2,8002.7,8009.9,3600,1,0,3600
2024-03-17 05:00:00,8010.0,8011.7,8006.1,8009.1,3600,1,0,3600
2024-03-17 06:00:00,8009.2,8010.2,8000.9,8004.3,3600,1,0,3600
2024-03-17 07:00:00,8004.4,8006.0,7996.0,7999.3,3600,1,0,3600
2024-03-17 08:00:00,7999.2,8007.5,7998.9,8002.9,3600,1,0,3600
2024-03-17 09:00:00,8003.0,8008.0,7999.7,8005.7,3600,1,0,3600
2024-03-17 10:00:00,8005.6,8007.4,8000.6,8001.1,3600,1,0,3600
2024-03-17 11:00:00,8001.0,8004.4,7994.7,7996.1,3600,1,0,3600
2024-03-17 12:00:00,7996.0,7996.9,7991.3,7991.9,3600,1,0,3600
2024-03-17 13:00:00,7991.8,7996.9,7986.8,7994.1,3600,1,0,3600
2024-03-17 14:00:00,7994.0,8010.3,7993.6,8007.3,3600,1,0,3600
2024-03-17 15:00:00,8007.4,8010.0,7999.9,8002.7,3600,1,0,3600
2024-03-17 16:00:00,8002.8,8010.8,8002.0,8010.5,3600,1,0,3600
2024-03-17 17:00:00,8010.4,8019.2,8007.4,8017.1,3600,1,0,3600
2024-03-17 18:00:00,8017.2,8027.1,8016.5,8024.3,3600,1,0,3600
2024-03-17 19:00:00,8024.4,8026.8,8017.4,8026.5,3600,1,0,3600
2024-03-17 20:00:00,8026.4,8029.3,8021.5,8027.5,3600,1,0,3600
2024-03-17 21:00:00,8027.6,8036.7,8025.5,8035.3,3600,1,0,3600
2024-03-17 22:00:00,8035.2,8041.2,8033.4,8039.3,3600,1,0,3600
2024-03-17 23:00:00,8039.4,8043.5,8036.9,8042.3,3600,1,0,3600
2024-03-18 00:00:00,8042.2,8043.6,8037.2,8040.6,3595,1,0,3595
2024-03-18 01:00:00,8040.5,8050.4,8036.7,8048.2,3600,1,0,3600
2024-03-18 02:00:00,8048.3,8056.4,8047.9,8052.2,3600,1,0,3600
2024-03-18 03:00:00,8052.3,8060.2,8052.3,8058.0,3600,1,0,3600
2024-03-18 04:00:00,8057.9,8064.1,8052.9,8063.8,3600,1,0,3600
2024-03-18 05:00:00,8063.7,8064.4,8056.9,8061.2,3600,1,0,3600
2024-03-18 06:00:00,8061.3,8064.4,8055.9,8056.2,3600,1,0,3600
2024-03-18 07:00:00,8056.1,8060.1,8047.3,8047.8,3589,1,0,3589
2024-03-18 08:00:00,8047.7,8052.9,8046.6,8052.0,3600,1,0,3600
2024-03-18 09:00:00,8051.9,8056.2,8050.0,8053.2,3600,1,0,3600
2024-03-18 10:00:00,8053.1,8059.3,8047.7,8049.6,3600,1,0,3600
2024-03-18 11:00:00,8049.7,8054.3,8048.2,8054.0,3600,1,0,3600
2024-03-18 12:00:00,8053.9,8060.3,8052.3,8059.2,3600,1,0,3600
2024-03-18 13:00:00,8059.1,8069.5,8058.7,8065.2,3600,1,0,3600
2024-03-18 14:00:00,8065.1,8066.5,8058.9,8065.2,3600,1,0,3600
2024-03-18 15:00:00,8065.3,8067.5,8060.2,8066.4,3600,1,0,3600
2024-03-18 16:00:00,8066.3,8076.1,8065.6,8075.4,3600,1,0,3600
2024-03-18 17:00:00,8075.3,8080.9,8074.8,8080.0,3600,1,0,3600
2024-03-18 18:00:00,8080.1,8088.4,8078.7,8087.6,3600,1,0,3600
2024-03-18 19:00:00,8087.5,8093.4,8085.4,8092.0,3600,1,0,3600
2024-03-18 20:00:00,8092.1,8093.1,8085.0,8088.6,3600,1,0,3600
2024-03-18 21:00:00,8088.7,8091.7,8079.8,8079.8,3600,1,0,3600
2024-03-18 22:00:00,8079.9,8083.3,8075.8,8081.2,3600,1,0,3600
2024-03-18 23:00:00,8081.1,8081.7,8068.7,8068.8,3600,1,0,3600
2024-03-19 00:00:00,8068.7,8069.3,8059.9,8060.0,3600,1,0,3600
2024-03-19 01:00:00,8059.9,8061.0,8053.3,8058.2,3600,1,0,3600
2024-03-19 02:00:00,8058.1,8065.5,8053.0,8064.2,3600,1,0,3600
2024-03-19 03:00:00,8064.3,8064.4,8050.9,8050.9,3595,1,0,3595
2024-03-19 04:00:00,8050.8,8051.9,8041.9,8047.5,3600,1,0,3600
2024-03-19 05:00:00,8047.6,8050.8,8043.6,8047.1,3600,1,0,3600
2024-03-19 06:00:00,8047.0,8050.2,8042.3,8043.1,3600,1,0,3600
2024-03-19 07:00:00,8043.2,8044.4,8037.7,8041.3,3600,1,0,3600
2024-03-19 08:00:00,8041.4,8041.8,8035.8,8039.3,3600,1,0,3600
2024-03-19 09:00:00,8039.4,8039.6,8033.1,8036.5,3600,1,0,3600
2024-03-19 10:00:00,8036.4,8040.7,8034.7,8035.3,3600,1,0,3600
2024-03-19 11:00:00,8035.4,8037.9,8030.0,8037.5,3600,1,0,3600
2024-03-19 12:00:00,8037.4,8037.9,8031.6,8034.7,3600,1,0,3600
2024-03-19 13:00:00,8034.6,8036.5,8027.8,8031.7,3600,1,0,3600
2024-03-19 14:00:00,8031.6,8033.0,8025.5,8029.5,3600,1,0,3600
2024-03-19 15:00:00,8029.6,8030.6,8022.2,8029.9,3600,1,0,3600
2024-03-19 16:00:00,8030.0,8036.4,8029.5,8032.1,3600,1,0,3600
2024-03-19 17:00:00,8032.2,8037.8,8030.9,8030.9,3600,1,0,3600
2024-03-19 18:00:00,8030.8,8036.5,8030.1,8030.9,3600,1,0,3600
2024-03-19 19:00:00,8031.0,8038.9,8030.9,8036.7,3600,1,0,3600
2024-03-19 20:00:00,8036.6,8041.5,8033.9,8038.5,3600,1,0,3600
2024-03-19 21:00:00,8038.6,8047.6,8037.8,8044.9,3600,1,0,3600
2024-03-19 22:00:00,8045.0,8048.2,8042.0,8044.5,3600,1,0,3600
2024-03-19 23:00:00,8044.4,8049.2,8042.7,8043.3,3600,1,0,3600
2024-03-20 00:00:00,8043.4,8050.7,8041.8,8044.1,3600,1,0,3600
2024-03-20 01:00:00,8044.0,8050.0,8038.9,8047.3,3600,1,0,3600
2024-03-20 02:00:00,8047.4,8051.8,8043.6,8048.3,3600,1,0,3600
2024-03-20 03:00:00,8048.4,8052.7,8041.7,8045.9,3600,1,0,3600
2024-03-20 04:00:00,8045.8,8046.5,8041.7,8044.5,3600,1,0,3600
2024-03-20 05:00:00,8044.4,8052.3,8043.7,8050.3,3600,1,0,3600
2024-03-20 06:00:00,8050.4,8064.1,8048.6,8059.9,3600,1,0,3600
2024-03-20 07:00:00,8059.8,8067.0,8058.2,8064.8,3596,1,0,3596
2024-03-20 08:00:00,8064.9,8066.8,8058.5,8062.2,3600,1,0,3600
2024-03-20 09:00:00,8062.3,8068.0,8057.7,8059.2,3600,1,0,3600
2024-03-20 10:00:00,8059.3,8059.6,8047.3,8049.6,3600,1,0,3600
2024-03-20 11:00:00,8049.7,8059.2,8048.1,8056.8,3600,1,0,3600
2024-03-20 12:00:00,8056.9,8065.4,8055.4,8058.8,3600,1,0,3600
2024-03-20 13:00:00,8058.9,8059.1,8048.7,8051.0,3600,1,0,3600
2024-03-20 14:00:00,8050.9,8057.5,8049.1,8054.0,3600,1,0,3600
2024-03-20 15:00:00,8053.9,8054.2,8048.0,8049.0,3600,1,0,3600
2024-03-20 16:00:00,8048.9,8059.2,8048.3,8056.2,3600,1,0,3600
2024-03-20 17:00:00,8056.1,8061.1,8054.4,8059.8,3600,1,0,3600
2024-03-20 18:00:00,8059.9,8063.4,8052.9,8060.2,3600,1,0,3600
2024-03-20 19:00:00,8060.3,8062.9,8054.6,8057.0,3600,1,0,3600
2024-03-20 20:00:00,8057.1,8061.6,8051.9,8059.0,3600,1,0,3600
2024-03-20 21:00:00,8058.9,8067.8,8058.8,8066.6,3600,1,0,3600
2024-03-20 22:00:00,8066.5,8069.2,8062.7,8067.2,3600,1,0,3600
2024-03-20 23:00:00,8067.3,8072.4,8063.7,8070.8,3600,1,0,3600
2024-03-21 00:00:00,8070.7,8075.3,8069.1,8071.0,3600,1,0,3600
2024-03-21 01:00:00,8071.1,8077.9,8070.0,8077.8,3600,1,0,3600
2024-03-21 02:00:00,8077.7,8081.0,8074.9,8080.8,3600,1,0,3600
2024-03-21 03:00:00,8080.7,8085.1,8077.2,8077.6,3600,1,0,3600
2024-03-21 04:00:00,8077.7,8092.3,8074.7,8090.4,3600,1,0,3600
2024-03-21 05:00:00,8090.3,8103.6,8088.8,8103.0,3600,1,0,3600
2024-03-21 06:00:00,8103.1,8103.8,8095.2,8096.6,3600,1,0,3600
2024-03-21 07:00:00,8096.7,8101.4,8089.9,8092.0,3600,1,0,3600
2024-03-21 08:00:00,8092.1,8097.0,8089.8,8096.8,3600,1,0,3600
2024-03-21 09:00:00,8096.7,8117.5,8096.7,8115.6,3600,1,0,3600
2024-03-21 10:00:00,8115.5,8116.6,8111.9,8116.4,3600,1,0,3600
2024-03-21 11:00:00,8116.3,8122.5,8114.5,8121.4,3600,1,0,3600
2024-03-21 12:00:00,8121.3,8127.3,8118.3,8126.6,3600,1,0,3600
2024-03-21 13:00:00,8126.5,8135.8,8123.6,8130.2,3600,1,0,3600
2024-03-21 14:00:00,8130.3,8137.5,8125.8,8128.0,3600,1,0,3600
2024-03-21 15:00:00,8128.1,8132.3,8117.4,8121.2,3600,1,0,3600
2024-03-21 16:00:00,8121.1,8123.8,8116.3,8121.2,3600,1,0,3600
2024-03-21 17:00:00,8121.3,8124.9,8116.5,8118.4,3600,1,0,3600
2024-03-21 18:00:00,8118.3,8129.4,8115.9,8126.8,3600,1,0,3600
2024-03-21 19:00:00,8126.9,8134.6,8126.2,8133.2,3600,1,0,3600
2024-03-21 20:00:00,8133.3,8135.7,8127.7,8129.8,3600,1,0,3600
2024-03-21 21:00:00,8129.9,8131.4,8124.3,8127.4,3600,1,0,3600
2024-03-21 22:00:00,8127.3,8130.8,8121.6,8125.0,3600,1,0,3600
2024-03-21 23:00:00,8124.9,8126.9,8117.9,8120.2,3600,1,0,3600
2024-03-22 00:00:00,8120.1,8127.8,8117.7,8121.0,3600,1,0,3600
2024-03-22 01:00:00,8121.1,8128.6,8119.4,8126.8,3600,1,0,3600
2024-03-22 02:00:00,8126.9,8132.3,8122.8,8123.6,3600,1,0,3600
2024-03-22 03:00:00,8123.7,8129.5,8120.5,8121.4,3600,1,0,3600
2024-03-22 04:00:00,8121.5,8124.3,8116.6,8123.0,3600,1,0,3600
2024-03-22 05:00:00,8122.9,8126.8,8117.4,8126.4,3600,1,0,3600
2024-03-22 06:00:00,8126.5,8128.4,8122.2,8126.8,3600,1,0,3600
2024-03-22 07:00:00,8126.9,8131.0,8117.2,8121.6,3600,1,0,3600
2024-03-22 08:00:00,8121.7,8124.4,8115.0,8120.0,3600,1,0,3600
2024-03-22 09:00:00,8120.1,8124.9,8117.0,8124.2,3600,1,0,3600
2024-03-22 10:00:00,8124.3,8127.4,8121.8,8127.2,3600,1,0,3600
2024-03-22 11:00:00,8127.1,8128.4,8117.5,8121.2,3600,1,0,3600
2024-03-22 12:00:00,8121.3,8121.8,8116.9,8119.2,3600,1,0,3600
2024-03-22 13:00:00,8119.3,8130.2,8119.3,8125.0,3600,1,0,3600
2024-03-22 14:00:00,8124.9,8134.2,8123.2,8130.6,3600,1,0,3600
2024-03-22 15:00:00,8130.5,8133.9,8127.4,8129.8,3600,1,0,3600
2024-03-22 16:00:00,8129.7,8131.4,8124.2,8130.0,3600,1,0,3600
2024-03-22 17:00:00,8129.9,8136.3,8123.0,8123.0,3600,1,0,3600
2024-03-22 18:00:00,8122.9,8129.3,8121.7,8122.2,3600,1,0,3600
2024-03-22 19:00:00,8122.3,8131.7,8122.0,8128.4,3600,1,0,3600
2024-03-22 20:00:00,8128.5,8129.1,8111.0,8114.6,3600,1,0,3600
2024-03-22 21:00:00,8114.7,8117.9,8108.8,8115.4,3600,1,0,3600
2024-03-22 22:00:00,8115.3,8119.9,8109.9,8117.8,3600,1,0,3600
2024-03-22 23:00:00,8117.7,8122.4,8115.5,8119.2,3600,1,0,3600
2024-03-23 00:00:00,8119.3,8124.2,8117.7,8119.8,3600,1,0,3600
2024-03-23 01:00:00,8119.7,8120.7,8113.7,8115.8,3600,1,0,3600
2024-03-23 02:00:00,8115.9,8116.7,8108.9,8114.2,3600,1,0,3600
2024-03-23 03:00:00,8114.1,8117.8,8111.2,8112.2,3600,1,0,3600
2024-03-23 04:00:00,8112.3,8114.7,8101.6,8106.2,3600,1,0,3600
2024-03-23 05:00:00,8106.3,8110.5,8103.4,8104.4,3600,1,0,3600
2024-03-23 06:00:00,8104.3,8105.1,8093.6,8095.8,3600,1,0,3600
2024-03-23 07:00:00,8095.9,8097.1,8088.1,8094.8,3600,1,0,3600
2024-03-23 08:00:00,8094.7,8098.4,8090.5,8093.0,3600,1,0,3600
2024-03-23 09:00:00,8092.9,8098.4,8087.3,8097.0,3600,1,0,3600
2024-03-23 10:00:00,8097.1,8109.6,8096.9,8107.8,3600,1,0,3600
2024-03-23 11:00:00,8107.9,8114.0,8106.9,8107.6,3600,1,0,3600
2024-03-23 12:00:00,8107.5,8107.7,8096.6,8107.0,3600,1,0,3600
2024-03-23 13:00:00,8107.1,8108.6,8101.4,8103.6,3600,1,0,3600
2024-03-23 14:00:00,8103.7,8111.4,8102.9,8108.8,3600,1,0,3600
2024-03-23 15:00:00,8108.9,8123.8,8108.9,8122.4,3600,1,0,3600
2024-03-23 16:00:00,8122.3,8127.1,8120.6,8123.6,3600,1,0,3600
2024-03-23 17:00:00,8123.7,8125.7,8112.3,8115.0,3600,1,0,3600
2024-03-23 18:00:00,8115.1,8123.9,8114.2,8118.6,3600,1,0,3600
2024-03-23 19:00:00,8118.5,8118.9,8108.0,8115.4,3600,1,0,3600
2024-03-23 20:00:00,8115.3,8117.1,8110.4,8111.0,3600,1,0,3600
2024-03-23 21:00:00,8110.9,8111.6,8104.4,8110.4,3600,1,0,3600
2024-03-23 22:00:00,8110.3,8115.3,8108.7,8113.4,3600,1,0,3600
2024-03-23 23:00:00,8113.5,8115.2,8109.3,8110.8,3600,1,0,3600
2024-03-24 00:00:00,8110.9,8111.8,8104.5,8111.6,3600,1,0,3600
2024-03-24 01:00:00,8111.7,8119.1,8111.5,8113.6,3600,1,0,3600
2024-03-24 02:00:00,8113.5,8119.7,8112.7,8119.2,3580,1,0,3580
2024-03-24 03:00:00,8119.3,8123.0,8117.6,8119.8,3600,1,0,3600
2024-03-24 04:00:00,8119.7,8123.7,8112.2,8114.2,3600,1,0,3600
2024-03-24 05:00:00,8114.3,8120.5,8112.2,8118.0,3600,1,0,3600
2024-03-24 06:00:00,8118.1,8119.7,8111.6,8115.2,3600,1,0,3600
2024-03-24 07:00:00,8115.3,8120.7,8111.9,8113.4,3600,1,0,3600
2024-03-24 08:00:00,8113.3,8127.9,8112.7,8127.4,3600,1,0,3600
2024-03-24 09:00:00,8127.5,8130.1,8122.7,8127.2,3600,1,0,3600
2024-03-24 10:00:00,8127.3,8133.0,8126.6,8131.2,3600,1,0,3600
2024-03-24 11:00:00,8131.3,8133.0,8124.4,8129.4,3600,1,0,3600
2024-03-24 12:00:00,8129.5,8130.9,8123.0,8128.6,3600,1,0,3600
2024-03-24 13:00:00,8128.5,8131.3,8119.4,8128.0,3600,1,0,3600
2024-03-24 14:00:00,8128.1,8133.2,8120.3,8121.8,3600,1,0,3600
2024-03-24 15:00:00,8121.7,8122.1,8110.0,8114.2,3600,1,0,3600
2024-03-24 16:00:00,8114.1,8120.4,8111.9,8118.6,3600,1,0,3600
2024-03-24 17:00:00,8118.7,8129.1,8116.4,8125.0,3600,1,0,3600
2024-03-24 18:00:00,8125.1,8127.1,8118.9,8120.2,3600,1,0,3600
2024-03-24 19:00:00,8120.1,8122.1,8111.5,8117.2,3600,1,0,3600
2024-03-24 20:00:00,8117.3,8127.6,8115.9,8123.0,3600,1,0,3600
2024-03-24 21:00:00,8123.1,8124.0,8117.3,8124.0,3600,1,0,3600
2024-03-24 22:00:00,8124.1,8130.1,8123.1,8125.0,3600,1,0,3600
2024-03-24 23:00:00,8124.9,8135.7,8123.3,8135.0,3600,1,0,3600
2024-03-25 00:00:00,8134.9,8137.8,8130.3,8130.6,3600,1,0,3600
2024-03-25 01:00:00,8130.7,8131.6,8122.1,8126.0,3600,1,0,3600
2024-03-25 02:00:00,8126.1,8129.4,8116.1,8119.4,3600,1,0,3600
2024-03-25 03:00:00,8119.3,8123.3,8115.0,8119.6,3600,1,0,3600
2024-03-25 04:00:00,8119.5,8125.2,8115.3,8124.8,3600,1,0,3600
2024-03-25 05:00:00,8124.7,8125.0,8115.2,8119.2,3600,1,0,3600
2024-03-25 06:00:00,8119.3,8121.0,8105.2,8105.2,3600,1,0,3600
2024-03-25 07:00:00,8105.3,8111.9,8105.1,8111.0,3600,1,0,3600
2024-03-25 08:00:00,8110.9,8113.9,8107.4,8110.4,3600,1,0,3600
2024-03-25 09:00:00,8110.3,8112.8,8105.0,8106.8,3600,1,0,3600
2024-03-25 10:00:00,8106.7,8113.1,8106.4,8112.2,3600,1,0,3600
2024-03-25 11:00:00,8112.1,8114.9,8104.9,8105.8,3600,1,0,3600
2024-03-25 12:00:00,8105.7,8121.2,8104.2,8116.2,3600,1,0,3600
2024-03-25 13:00:00,8116.1,8120.1,8113.1,8114.4,3600,1,0,3600
2024-03-25 14:00:00,8114.5,8125.1,8113.3,8123.2,3600,1,0,3600
2024-03-25 15:00:00,8123.3,8127.1,8121.3,8124.0,3600,1,0,3600
2024-03-25 16:00:00,8123.9,8126.4,8118.5,8119.0,3600,1,0,3600
2024-03-25 17:00:00,8119.1,8121.5,8113.2,8114.0,3600,1,0,3600
2024-03-25 18:00:00,8113.9,8122.5,8112.6,8121.2,3600,1,0,3600
2024-03-25 19:00:00,8121.3,8128.5,8120.1,8128.4,3600,1,0,3600
2024-03-25 20:00:00,8128.3,8136.2,8127.8,8128.8,3600,1,0,3600
2024-03-25 21:00:00,8128.7,8132.8,8127.6,8127.6,3600,1,0,3600
2024-03-25 22:00:00,8127.5,8127.9,8119.5,8122.6,3593,1,0,3593
2024-03-25 23:00:00,8122.5,8128.4,8117.4,8117.4,3600,1,0,3600
2024-03-26 00:00:00,8117.3,8117.9,8107.5,8107.8,3600,1,0,3600
2024-03-26 01:00:00,8107.7,8112.9,8101.3,8104.4,3600,1,0,3600
2024-03-26 02:00:00,8104.5,8108.8,8101.4,8106.2,3600,1,0,3600
2024-03-26 03:00:00,8106.1,8113.3,8101.7,8102.6,3600,1,0,3600
2024-03-26 04:00:00,8102.7,8108.6,8099.1,8107.4,3600,1,0,3600
2024-03-26 05:00:00,8107.5,8107.6,8101.0,8102.2,3600,1,0,3600
2024-03-26 06:00:00,8102.1,8108.1,8100.3,8102.0,3600,1,0,3600
2024-03-26 07:00:00,8102.1,8105.4,8099.9,8102.2,3600,1,0,3600
2024-03-26 08:00:00,8102.1,8112.7,8101.3,8108.2,3600,1,0,3600
2024-03-26 09:00:00,8108.3,8120.5,8108.1,8118.4,3600,1,0,3600
2024-03-26 10:00:00,8118.3,8138.1,8117.7,8137.0,3600,1,0,3600
2024-03-26 11:00:00,8136.9,8140.4,8133.3,8136.8,3600,1,0,3600
2024-03-26 12:00:00,8136.9,8142.7,8135.2,8136.4,3600,1,0,3600
2024-03-26 13:00:00,8136.5,8144.9,8135.8,8143.0,3600,1,0,3600
2024-03-26 14:00:00,8143.1,8147.2,8140.5,8146.2,3600,1,0,3600
2024-03-26 15:00:00,8146.1,8165.3,8143.2,8164.8,3600,1,0,3600
2024-03-26 16:00:00,8164.7,8167.3,8154.8,8155.4,3600,1,0,3600
2024-03-26 17:00:00,8155.5,8156.0,8149.5,8151.6,3600,1,0,3600
2024-03-26 18:00:00,8151.5,8151.8,8144.9,8146.8,3600,1,0,3600
2024-03-26 19:00:00,8146.9,8151.5,8144.5,8148.0,3600,1,0,3600
2024-03-26 20:00:00,8148.1,8152.6,8144.3,8145.0,3600,1,0,3600
2024-03-26 21:00:00,8145.1,8145.7,8135.8,8138.4,3600,1,0,3600
2024-03-26 22:00:00,8138.5,8142.1,8127.6,8127.6,3600,1,0,3600
2024-03-26 23:00:00,8127.5,8130.0,8122.5,8129.4,3600,1,0,3600
2024-03-27 00:00:00,8129.5,8137.3,8129.4,8130.0,3600,1,0,3600
2024-03-27 01:00:00,8129.9,8135.1,8126.7,8134.8,3600,1,0,3600
2024-03-27 02:00:00,8134.9,8135.2,8128.1,8129.7,3595,1,0,3595
2024-03-27 03:00:00,8129.6,8137.4,8125.6,8136.9,3600,1,0,3600
2024-03-27 04:00:00,8137.0,8147.0,8136.8,8143.7,3596,1,0,3596
2024-03-27 05:00:00,8143.6,8144.8,8138.7,8140.5,3600,1,0,3600
2024-03-27 06:00:00,8140.4,8141.7,8137.0,8138.1,3600,1,0,3600
2024-03-27 07:00:00,8138.0,8143.8,8134.8,8141.1,3600,1,0,3600
2024-03-27 08:00:00,8141.2,8146.8,8136.8,8144.9,3600,1,0,3600
2024-03-27 09:00:00,8145.0,8151.5,8143.5,8148.5,3600,1,0,3600
2024-03-27 10:00:00,8148.4,8150.0,8141.1,8142.3,3600,1,0,3600
2024-03-27 11:00:00,8142.4,8144.7,8138.3,8140.3,3600,1,0,3600
2024-03-27 12:00:00,8140.4,8142.8,8137.6,8142.5,3600,1,0,3600
2024-03-27 13:00:00,8142.4,8147.0,8139.4,8140.9,3600,1,0,3600
2024-03-27 14:00:00,8140.8,8141.8,8133.4,8136.5,3600,1,0,3600
2024-03-27 15:00:00,8136.4,8139.8,8130.9,8137.7,3600,1,0,3600
2024-03-27 16:00:00,8137.8,8145.7,8135.0,8145.3,3600,1,0,3600
2024-03-27 17:00:00,8145.4,8148.1,8137.3,8147.3,3600,1,0,3600
2024-03-27 18:00:00,8147.4,8157.4,8146.6,8154.7,3600,1,0,3600
2024-03-27 19:00:00,8154.8,8164.0,8154.5,8160.3,3600,1,0,3600
2024-03-27 20:00:00,8160.4,8162.0,8154.9,8155.9,3600,1,0,3600
2024-03-27 21:00:00,8155.8,8162.1,8152.7,8161.9,3600,1,0,3600
2024-03-27 22:00:00,8161.8,8162.2,8153.5,8154.1,3600,1,0,3600
2024-03-27 23:00:00,8154.2,8155.4,8145.3,8149.5,3600,1,0,3600
2024-03-28 00:00:00,8149.4,8152.5,8142.9,8143.9,3600,1,0,3600
2024-03-28 01:00:00,8143.8,8144.0,8130.1,8132.9,3600,1,0,3600
2024-03-28 02:00:00,8132.8,8133.9,8124.1,8126.7,3600,1,0,3600
2024-03-28 03:00:00,8126.6,8133.7,8121.0,8121.3,3600,1,0,3600
2024-03-28 04:00:00,8121.2,8121.3,8112.6,8115.3,3600,1,0,3600
2024-03-28 05:00:00,8115.2,8119.7,8112.8,8113.7,3600,1,0,3600
2024-03-28 06:00:00,8113.6,8116.5,8110.6,8111.9,3600,1,0,3600
2024-03-28 07:00:00,8111.8,8111.8,8104.3,8107.7,3600,1,0,3600
2024-03-28 08:00:00,8107.6,8109.0,8103.5,8107.5,3600,1,0,3600
2024-03-28 09:00:00,8107.6,8114.3,8102.2,8113.1,3600,1,0,3600
2024-03-28 10:00:00,8113.0,8114.2,8103.5,8104.7,3600,1,0,3600
2024-03-28 11:00:00,8104.6,8114.8,8103.4,8112.7,3600,1,0,3600
2024-03-28 12:00:00,8112.8,8122.6,8112.2,8120.9,3600,1,0,3600
2024-03-28 13:00:00,8121.0,8128.7,8120.7,8126.5,3600,1,0,3600
2024-03-28 14:00:00,8126.6,8129.8,8124.8,8127.9,3600,1,0,3600
2024-03-28 15:00:00,8127.8,8136.5,8126.3,8133.1,3600,1,0,3600
2024-03-28 16:00:00,8133.2,8134.7,8117.9,8119.5,3600,1,0,3600
2024-03-28 17:00:00,8119.4,8123.6,8117.1,8119.9,3600,1,0,3600
2024-03-28 18:00:00,8120.0,8123.7,8115.8,8115.9,3600,1,0,3600
2024-03-28 19:00:00,8115.8,8127.3,8114.3,8118.3,3600,1,0,3600
2024-03-28 20:00:00,8118.2,8123.0,8110.9,8115.3,3600,1,0,3600
2024-03-28 21:00:00,8115.2,8117.9,8105.0,8105.1,3600,1,0,3600
2024-03-28 22:00:00,8105.0,8113.7,8100.4,8113.7,3600,1,0,3600
2024-03-28 23:00:00,8113.8,8116.8,8102.6,8103.7,3600,1,0,3600
2024-03-29 00:00:00,8103.6,8116.4,8096.6,8116.3,3600,1,0,3600
2024-03-29 01:00:00,8116.4,8117.5,8103.8,8106.5,3600,1,0,3600
2024-03-29 02:00:00,8106.6,8112.9,8105.3,8107.5,3600,1,0,3600
2024-03-29 03:00:00,8107.6,8113.7,8104.5,8110.3,3600,1,0,3600
2024-03-29 04:00:00,8110.4,8120.7,8109.4,8119.9,3600,1,0,3600
2024-03-29 05:00:00,8120.0,8120.2,8111.6,8114.3,3600,1,0,3600
2024-03-29 06:00:00,8114.4,8121.1,8110.5,8117.5,3600,1,0,3600
2024-03-29 07:00:00,8117.4,8117.6,8107.2,8108.7,3600,1,0,3600
2024-03-29 08:00:00,8108.6,8111.5,8105.0,8107.9,3600,1,0,3600
2024-03-29 09:00:00,8107.8,8113.7,8103.3,8108.9,3600,1,0,3600
2024-03-29 10:00:00,8108.8,8119.1,8107.6,8113.9,3600,1,0,3600
2024-03-29 11:00:00,8114.0,8114.3,8101.1,8102.3,3600,1,0,3600
2024-03-29 12:00:00,8102.4,8110.6,8101.7,8108.5,3600,1,0,3600
2024-03-29 13:00:00,8108.6,8110.7,8100.1,8104.1,3600,1,0,3600
2024-03-29 14:00:00,8104.0,8113.8,8102.2,8113.7,3600,1,0,3600
2024-03-29 15:00:00,8113.8,8117.9,8106.6,8109.5,3600,1,0,3600
2024-03-29 16:00:00,8109.6,8110.9,8104.3,8108.1,3600,1,0,3600
2024-03-29 17:00:00,8108.2,8113.8,8106.7,8113.1,3600,1,0,3600
2024-03-29 18:00:00,8113.2,8113.6,8107.7,8108.3,3600,1,0,3600
2024-03-29 19:00:00,8108.2,8122.6,8107.3,8121.7,3600,1,0,3600
2024-03-29 20:00:00,8121.6,8131.2,8120.7,8128.9,3600,1,0,3600
2024-03-29 21:00:00,8129.0,8135.6,8124.2,8133.3,3600,1,0,3600
2024-03-29 22:00:00,8133.4,8139.5,8131.3,8136.1,3600,1,0,3600
2024-03-29 23:00:00,8136.2,8142.5,8135.4,8141.5,3600,1,0,3600
2024-03-30 00:00:00,8141.4,8143.9,8135.8,8136.1,3600,1,0,3600
2024-03-30 01:00:00,8136.2,8139.7,8127.7,8134.3,3600,1,0,3600
2024-03-30 02:00:00,8134.4,8135.2,8119.0,8121.3,3600,1,0,3600
2024-03-30 03:00:00,8121.2,8123.7,8115.8,8120.3,3600,1,0,3600
2024-03-30 04:00:00,8120.2,8123.8,8116.6,8118.9,3600,1,0,3600
2024-03-30 05:00:00,8118.8,8123.1,8114.2,8119.3,3600,1,0,3600
2024-03-30 06:00:00,8119.2,8125.2,8118.9,8120.5,3600,1,0,3600
2024-03-30 07:00:00,8120.6,8125.1,8114.6,8115.3,3600,1,0,3600
2024-03-30 08:00:00,8115.2,8115.2,8100.9,8104.9,3600,1,0,3600
2024-03-30 09:00:00,8105.0,8112.9,8103.6,8112.1,3600,1,0,3600
2024-03-30 10:00:00,8112.0,8120.4,8111.4,8115.3,3600,1,0,3600
2024-03-30 11:00:00,8115.2,8117.2,8108.0,8109.1,3600,1,0,3600
2024-03-30 12:00:00,8109.0,8110.4,8102.9,8109.3,3600,1,0,3600
2024-03-30 13:00:00,8109.2,8114.9,8106.4,8113.7,3600,1,0,3600
2024-03-30 14:00:00,8113.8,8115.6,8110.5,8111.7,3600,1,0,3600
2024-03-30 15:00:00,8111.6,8114.1,8108.4,8112.1,3600,1,0,3600
2024-03-30 16:00:00,8112.0,8117.1,8109.6,8111.9,3600,1,0,3600
2024-03-30 17:00:00,8112.0,8117.0,8109.8,8113.9,3600,1,0,3600
2024-03-30 18:00:00,8114.0,8123.3,8111.9,8119.9,3600,1,0,3600
2024-03-30 19:00:00,8120.0,8127.9,8117.0,8123.3,3600,1,0,3600
2024-03-30 20:00:00,8123.4,8127.7,8120.1,8123.3,3600,1,0,3600
2024-03-30 21:00:00,8123.4,8124.3,8117.6,8119.5,3600,1,0,3600
2024-03-30 22:00:00,8119.4,8120.0,8113.7,8115.1,3600,1,0,3600
2024-03-30 23:00:00,8115.2,8117.6,8107.1,8111.9,3600,1,0,3600
2024-03-31 00:00:00,8112.0,8118.4,8110.5,8114.7,3600,1,0,3600
2024-03-31 01:00:00,8114.6,8120.8,8112.3,8119.7,3600,1,0,3600
2024-03-31 02:00:00,8119.6,8128.8,8115.5,8127.1,3582,1,0,3582
2024-03-31 03:00:00,8127.0,8140.7,8125.2,8139.7,3600,1,0,3600
2024-03-31 04:00:00,8139.8,8140.2,8130.8,8134.9,3600,1,0,3600
2024-03-31 05:00:00,8135.0,8148.9,8134.0,8148.9,3600,1,0,3600
2024-03-31 06:00:00,8148.8,8148.8,8133.2,8133.3,3600,1,0,3600
2024-03-31 07:00:00,8133.4,8135.5,8129.3,8130.1,3600,1,0,3600
2024-03-31 08:00:00,8130.0,8130.7,8124.2,8125.3,3600,1,0,3600
2024-03-31 09:00:00,8125.2,8129.5,8121.5,8124.3,3600,1,0,3600
2024-03-31 10:00:00,8124.4,8130.9,8118.3,8118.7,3600,1,0,3600
2024-03-31 11:00:00,8118.8,8128.8,8117.0,8124.7,3600,1,0,3600
2024-03-31 12:00:00,8124.8,8127.9,8118.1,8118.5,3600,1,0,3600
2024-03-31 13:00:00,8118.6,8119.0,8111.8,8113.7,3600,1,0,3600
2024-03-31 14:00:00,8113.8,8118.1,8112.6,8116.1,3600,1,0,3600
2024-03-31 15:00:00,8116.0,8118.2,8111.0,8111.5,3600,1,0,3600
2024-03-31 16:00:00,8111.4,8113.5,8103.0,8103.7,3600,1,0,3600
2024-03-31 17:00:00,8103.6,8106.7,8099.8,8105.7,3600,1,0,3600
2024-03-31 18:00:00,8105.8,8110.4,8101.8,8109.1,3600,1,0,3600
2024-03-31 19:00:00,8109.0,8109.0,8096.8,8097.1,3600,1,0,3600
2024-03-31 20:00:00,8097.0,8102.4,8094.1,8099.3,3600,1,0,3600
2024-03-31 21:00:00,8099.4,8101.0,8088.9,8089.7,3600,1,0,3600
2024-03-31 22:00:00,8089.8,8093.0,8081.8,8082.5,3600,1,0,3600
2024-03-31 23:00:00,8082.6,8088.5,8081.2,8087.5,3600,1,0,3600
2024-04-01 00:00:00,8087.4,8090.5,8084.1,8087.1,3600,1,0,3600
2024-04-01 01:00:00,8087.0,8094.4,8084.9,8086.1,3600,1,0,3600
2024-04-01 02:00:00,8086.2,8086.8,8076.6,8077.5,3600,1,0,3600
2024-04-01 03:00:00,8077.6,8093.9,8077.6,8092.3,3600,1,0,3600
2024-04-01 04:00:00,8092.2,8096.9,8087.2,8091.1,3600,1,0,3600
2024-04-01 05:00:00,8091.2,8095.0,8082.3,8083.3,3600,1,0,3600
2024-04-01 06:00:00,8083.2,8084.9,8074.8,8074.9,3600,1,0,3600
2024-04-01 07:00:00,8075.0,8079.3,8067.3,8069.1,3600,1,0,3600
2024-04-01 08:00:00,8069.0,8071.0,8061.2,8061.9,3600,1,0,3600
2024-04-01 09:00:00,8061.8,8066.8,8058.9,8061.9,3600,1,0,3600
2024-04-01 10:00:00,8061.8,8069.1,8061.3,8069.1,3600,1,0,3600
2024-04-01 11:00:00,8069.0,8073.7,8065.2,8069.1,3600,1,0,3600
2024-04-01 12:00:00,8069.2,8073.2,8068.0,8071.3,3600,1,0,3600
2024-04-01 13:00:00,8071.2,8071.7,8066.4,8068.7,3600,1,0,3600
2024-04-01 14:00:00,8068.8,8077.8,8063.0,8064.9,3600,1,0,3600
2024-04-01 15:00:00,8065.0,8071.8,8063.6,8069.7,3600,1,0,3600
2024-04-01 16:00:00,8069.6,8075.8,8068.7,8072.7,3600,1,0,3600
2024-04-01 17:00:00,8072.8,8081.7,8071.5,8078.1,3600,1,0,3600
2024-04-01 18:00:00,8078.0,8080.5,8067.7,8071.9,3600,1,0,3600
2024-04-01 19:00:00,8072.0,8078.0,8066.9,8068.1,3600,1,0,3600
2024-04-01 20:00:00,8068.0,8068.4,8057.6,8059.5,3600,1,0,3600
2024-04-01 21:00:00,8059.6,8067.2,8058.3,8067.1,3600,1,0,3600
2024-04-01 22:00:00,8067.2,8068.8,8057.0,8058.1,3600,1,0,3600
2024-04-01 23:00:00,8058.0,8062.1,8055.2,8057.1,3600,1,0,3600
2024-04-02 00:00:00,8057.2,8059.3,8053.0,8054.3,3600,1,0,3600
2024-04-02 01:00:00,8054.4,8057.2,8049.1,8051.9,3600,1,0,3600
2024-04-02 02:00:00,8051.8,8052.7,8040.7,8043.1,3600,1,0,3600
2024-04-02 03:00:00,8043.2,8046.7,8040.9,8046.1,3600,1,0,3600
2024-04-02 04:00:00,8046.0,8046.7,8040.0,8043.3,3600,1,0,3600
2024-04-02 05:00:00,8043.4,8046.2,8038.0,8043.9,3600,1,0,3600
2024-04-02 06:00:00,8043.8,8052.1,8043.0,8050.1,3600,1,0,3600
2024-04-02 07:00:00,8050.2,8050.4,8043.0,8044.5,3600,1,0,3600
2024-04-02 08:00:00,8044.6,8050.0,8041.1,8042.9,3600,1,0,3600
2024-04-02 09:00:00,8043.0,8043.5,8033.6,8036.1,3600,1,0,3600
2024-04-02 10:00:00,8036.0,8039.3,8033.1,8035.3,3600,1,0,3600
2024-04-02 11:00:00,8035.4,8039.7,8033.2,8037.3,3600,1,0,3600
2024-04-02 12:00:00,8037.4,8042.9,8033.1,8042.9,3600,1,0,3600
2024-04-02 13:00:00,8042.8,8048.7,8042.3,8046.1,3600,1,0,3600
2024-04-02 14:00:00,8046.2,8050.3,8040.1,8047.7,3600,1,0,3600
2024-04-02 15:00:00,8047.6,8048.1,8037.4,8040.7,3600,1,0,3600
2024-04-02 16:00:00,8040.8,8048.7,8039.8,8043.3,3600,1,0,3600
2024-04-02 17:00:00,8043.2,8047.0,8038.5,8043.5,3600,1,0,3600
2024-04-02 18:00:00,8043.4,8044.0,8032.4,8033.1,3600,1,0,3600
2024-04-02 19:00:00,8033.0,8034.2,8029.3,8031.5,3600,1,0,3600
2024-04-02 20:00:00,8031.6,8033.1,8027.9,8030.9,3600,1,0,3600
2024-04-02 21:00:00,8030.8,8041.1,8028.6,8041.1,3600,1,0,3600
2024-04-02 22:00:00,8041.0,8049.6,8038.5,8048.3,3600,1,0,3600
2024-04-02 23:00:00,8048.2,8055.2,8046.2,8053.5,3600,1,0,3600
2024-04-03 00:00:00,8053.6,8057.5,8047.5,8053.1,3600,1,0,3600
2024-04-03 01:00:00,8053.2,8057.0,8050.4,8053.9,3600,1,0,3600
2024-04-03 02:00:00,8054.0,8063.8,8051.3,8063.7,3600,1,0,3600
2024-04-03 03:00:00,8063.8,8067.2,8059.5,8064.5,3600,1,0,3600
2024-04-03 04:00:00,8064.4,8065.6,8056.0,8056.7,3600,1,0,3600
2024-04-03 05:00:00,8056.6,8059.2,8051.1,8051.5,3600,1,0,3600
2024-04-03 06:00:00,8051.4,8054.9,8046.3,8048.7,3600,1,0,3600
2024-04-03 07:00:00,8048.8,8051.1,8041.4,8042.7,3600,1,0,3600
2024-04-03 08:00:00,8042.6,8048.7,8038.4,8046.1,3600,1,0,3600
2024-04-03 09:00:00,8046.2,8047.6,8036.2,8039.5,3600,1,0,3600
2024-04-03 10:00:00,8039.6,8047.7,8036.9,8045.9,3600,1,0,3600
2024-04-03 11:00:00,8045.8,8057.1,8042.5,8055.1,3600,1,0,3600
2024-04-03 12:00:00,8055.2,8057.5,8048.8,8053.9,3600,1,0,3600
2024-04-03 13:00:00,8054.0,8056.3,8045.8,8054.9,3600,1,0,3600
2024-04-03 14:00:00,8054.8,8064.7,8050.9,8061.9,3600,1,0,3600
2024-04-03 15:00:00,8061.8,8072.2,8057.5,8071.3,3600,1,0,3600
2024-04-03 16:00:00,8071.2,8071.7,8061.4,8067.9,3600,1,0,3600
2024-04-03 17:00:00,8067.8,8082.9,8067.8,8073.7,3600,1,0,3600
2024-04-03 18:00:00,8073.8,8082.5,8073.3,8080.3,3600,1,0,3600
2024-04-03 19:00:00,8080.4,8080.6,8067.4,8067.7,3600,1,0,3600
2024-04-03 20:00:00,8067.8,8068.6,8063.4,8066.3,3600,1,0,3600
2024-04-03 21:00:00,8066.2,8074.4,8062.7,8074.1,3600,1,0,3600
2024-04-03 22:00:00,8074.2,8085.8,8074.2,8082.9,3600,1,0,3600
2024-04-03 23:00:00,8082.8,8082.9,8070.5,8074.3,3600,1,0,3600
2024-04-04 00:00:00,8074.2,8087.0,8072.2,8082.7,3600,1,0,3600
2024-04-04 01:00:00,8082.8,8082.8,8069.6,8074.1,3600,1,0,3600
2024-04-04 02:00:00,8074.2,8075.4,8070.1,8071.5,3569,1,0,3569
2024-04-04 03:00:00,8071.4,8072.2,8065.4,8072.1,3600,1,0,3600
2024-04-04 04:00:00,8072.0,8076.8,8067.3,8068.9,3600,1,0,3600
2024-04-04 05:00:00,8068.8,8070.3,8063.8,8068.1,3600,1,0,3600
2024-04-04 06:00:00,8068.2,8079.4,8067.6,8077.7,3600,1,0,3600
2024-04-04 07:00:00,8077.8,8088.9,8075.5,8087.9,3600,1,0,3600
2024-04-04 08:00:00,8087.8,8090.0,8079.2,8086.9,3600,1,0,3600
2024-04-04 09:00:00,8087.0,8092.0,8085.8,8090.1,3600,1,0,3600
2024-04-04 10:00:00,8090.0,8096.6,8088.6,8092.9,3600,1,0,3600
2024-04-04 11:00:00,8092.8,8101.6,8092.5,8099.1,3600,1,0,3600
2024-04-04 12:00:00,8099.0,8113.1,8098.2,8110.9,3600,1,0,3600
2024-04-04 13:00:00,8111.0,8117.1,8109.6,8112.9,3600,1,0,3600
2024-04-04 14:00:00,8113.0,8114.8,8110.6,8113.5,3600,1,0,3600
2024-04-04 15:00:00,8113.4,8115.1,8102.3,8102.3,3600,1,0,3600
2024-04-04 16:00:00,8102.2,8107.4,8096.1,8107.1,3600,1,0,3600
2024-04-04 17:00:00,8107.0,8107.5,8097.9,8098.3,3600,1,0,3600
2024-04-04 18:00:00,8098.4,8104.2,8097.6,8099.7,3600,1,0,3600
2024-04-04 19:00:00,8099.8,8105.9,8099.7,8104.1,3600,1,0,3600
2024-04-04 20:00:00,8104.2,8106.1,8101.5,8105.7,3600,1,0,3600
2024-04-04 21:00:00,8105.6,8107.8,8101.7,8107.1,3600,1,0,3600
2024-04-04 22:00:00,8107.2,8112.5,8105.0,8109.6,3594,1,0,3594
2024-04-04 23:00:00,8109.7,8117.6,8104.0,8117.4,3600,1,0,3600
2024-04-05 00:00:00,8117.5,8125.1,8115.8,8123.6,3600,1,0,3600
2024-04-05 01:00:00,8123.5,8129.5,8118.5,8127.2,3600,1,0,3600
2024-04-05 02:00:00,8127.3,8138.5,8127.2,8137.0,3600,1,0,3600
2024-04-05 03:00:00,8137.1,8144.5,8133.3,8144.0,3600,1,0,3600
2024-04-05 04:00:00,8143.9,8147.8,8141.6,8144.2,3600,1,0,3600
2024-04-05 05:00:00,8144.1,8147.6,8137.7,8143.2,3600,1,0,3600
2024-04-05 06:00:00,8143.3,8146.1,8134.4,8136.8,3600,1,0,3600
2024-04-05 07:00:00,8136.9,8144.7,8135.8,8138.4,3600,1,0,3600
2024-04-05 08:00:00,8138.3,8140.6,8131.7,8131.8,3600,1,0,3600
2024-04-05 09:00:00,8131.7,8135.3,8129.0,8129.6,3600,1,0,3600
2024-04-05 10:00:00,8129.5,8137.9,8126.7,8137.0,3600,1,0,3600
2024-04-05 11:00:00,8136.9,8140.0,8133.3,8137.0,3600,1,0,3600
2024-04-05 12:00:00,8136.9,8140.3,8132.7,8139.6,3600,1,0,3600
2024-04-05 13:00:00,8139.5,8145.1,8136.4,8142.0,3600,1,0,3600
2024-04-05 14:00:00,8142.1,8146.1,8138.7,8141.6,3600,1,0,3600
2024-04-05 15:00:00,8141.5,8142.6,8134.6,8138.0,3600,1,0,3600
2024-04-05 16:00:00,8137.9,8143.2,8131.8,8132.4,3600,1,0,3600
2024-04-05 17:00:00,8132.5,8139.7,8126.2,8139.0,3600,1,0,3600
2024-04-05 18:00:00,8139.1,8143.2,8134.7,8135.2,3600,1,0,3600
2024-04-05 19:00:00,8135.3,8143.5,8130.4,8140.6,3600,1,0,3600
2024-04-05 20:00:00,8140.7,8146.2,8138.9,8144.0,3600,1,0,3600
2024-04-05 21:00:00,8143.9,8147.0,8138.8,8138.8,3600,1,0,3600
2024-04-05 22:00:00,8138.9,8148.1,8135.1,8147.8,3600,1,0,3600
2024-04-05 23:00:00,8147.9,8157.6,8146.7,8156.4,3600,1,0,3600
2024-04-06 00:00:00,8156.3,8166.6,8155.6,8165.0,3600,1,0,3600
2024-04-06 01:00:00,8164.9,8167.2,8154.7,8156.6,3595,1,0,3595
2024-04-06 02:00:00,8156.5,8173.2,8156.4,8171.4,3600,1,0,3600
2024-04-06 03:00:00,8171.3,8176.9,8169.7,8171.4,3600,1,0,3600
2024-04-06 04:00:00,8171.3,8173.1,8164.7,8166.8,3600,1,0,3600
2024-04-06 05:00:00,8166.7,8176.8,8164.6,8176.8,3600,1,0,3600
2024-04-06 06:00:00,8176.9,8179.1,8172.0,8172.8,3600,1,0,3600
2024-04-06 07:00:00,8172.9,8183.1,8172.1,8182.4,3600,1,0,3600
2024-04-06 08:00:00,8182.3,8193.6,8180.2,8185.8,3600,1,0,3600
2024-04-06 09:00:00,8185.9,8186.1,8174.3,8184.6,3600,1,0,3600
2024-04-06 10:00:00,8184.7,8192.9,8184.2,8191.2,3600,1,0,3600
2024-04-06 11:00:00,8191.1,8198.4,8187.5,8197.6,3600,1,0,3600
2024-04-06 12:00:00,8197.5,8205.8,8197.4,8201.8,3600,1,0,3600
2024-04-06 13:00:00,8201.7,8208.4,8199.0,8207.2,3600,1,0,3600
2024-04-06 14:00:00,8207.3,8213.7,8206.7,8209.2,3600,1,0,3600
2024-04-06 15:00:00,8209.3,8220.1,8207.8,8219.6,3600,1,0,3600
2024-04-06 16:00:00,8219.7,8228.1,8215.1,8227.8,3600,1,0,3600
2024-04-06 17:00:00,8227.7,8231.7,8225.5,8229.9,3593,1,0,3593
2024-04-06 18:00:00,8229.8,8234.5,8228.0,8234.1,3600,1,0,3600
2024-04-06 19:00:00,8234.2,8241.7,8233.1,8235.5,3600,1,0,3600
2024-04-06 20:00:00,8235.6,8250.2,8235.4,8249.1,3600,1,0,3600
2024-04-06 21:00:00,8249.2,8253.7,8245.2,8253.7,3600,1,0,3600
2024-04-06 22:00:00,8253.8,8270.4,8252.2,8266.5,3600,1,0,3600
2024-04-06 23:00:00,8266.6,8274.1,8264.3,8269.7,3600,1,0,3600
2024-04-07 00:00:00,8269.8,8279.1,8269.5,8277.1,3600,1,0,3600
2024-04-07 01:00:00,8277.2,8278.5,8266.4,8268.5,3600,1,0,3600
2024-04-07 02:00:00,8268.4,8277.6,8267.5,8271.3,3600,1,0,3600
2024-04-07 03:00:00,8271.2,8271.4,8264.2,8266.5,3600,1,0,3600
2024-04-07 04:00:00,8266.4,8266.9,8253.9,8257.3,3600,1,0,3600
2024-04-07 05:00:00,8257.2,8263.3,8257.0,8258.7,3600,1,0,3600
2024-04-07 06:00:00,8258.8,8269.9,8258.1,8269.9,3600,1,0,3600
2024-04-07 07:00:00,8269.8,8275.3,8267.4,8273.7,3600,1,0,3600
2024-04-07 08:00:00,8273.6,8284.8,8272.6,8284.3,3600,1,0,3600
2024-04-07 09:00:00,8284.2,8284.8,8276.4,8282.9,3600,1,0,3600
2024-04-07 10:00:00,8283.0,8284.0,8272.9,8274.3,3600,1,0,3600
2024-04-07 11:00:00,8274.2,8277.7,8268.2,8270.5,3600,1,0,3600
2024-04-07 12:00:00,8270.6,8272.5,8265.2,8269.5,3600,1,0,3600
2024-04-07 13:00:00,8269.6,8281.5,8267.3,8275.5,3600,1,0,3600
2024-04-07 14:00:00,8275.6,8279.4,8271.4,8274.5,3600,1,0,3600
2024-04-07 15:00:00,8274.4,8274.9,8265.1,8267.9,3600,1,0,3600
2024-04-07 16:00:00,8268.0,8272.7,8265.8,8271.7,3600,1,0,3600
2024-04-07 17:00:00,8271.6,8280.9,8269.9,8275.7,3600,1,0,3600
2024-04-07 18:00:00,8275.8,8277.4,8270.2,8270.5,3600,1,0,3600
2024-04-07 19:00:00,8270.4,8271.5,8266.3,8267.9,3600,1,0,3600
2024-04-07 20:00:00,8267.8,8269.8,8263.1,8263.9,3600,1,0,3600
2024-04-07 21:00:00,8263.8,8271.8,8263.0,8265.3,3600,1,0,3600
2024-04-07 22:00:00,8265.4,8268.7,8262.8,8265.7,3600,1,0,3600
2024-04-07 23:00:00,8265.8,8272.9,8264.5,8271.3,3600,1,0,3600
2024-04-08 00:00:00,8271.2,8274.8,8267.3,8272.9,3600,1,0,3600
2024-04-08 01:00:00,8273.0,8277.9,8271.9,8274.3,3600,1,0,3600
2024-04-08 02:00:00,8274.2,8278.0,8270.3,8277.5,3600,1,0,3600
2024-04-08 03:00:00,8277.6,8283.0,8275.5,8278.2,3596,1,0,3596
2024-04-08 04:00:00,8278.1,8289.0,8277.1,8281.8,3600,1,0,3600
2024-04-08 05:00:00,8281.9,8289.4,8281.1,8286.4,3600,1,0,3600
2024-04-08 06:00:00,8286.5,8299.4,8285.2,8294.6,3600,1,0,3600
2024-04-08 07:00:00,8294.5,8300.0,8292.5,8298.8,3600,1,0,3600
2024-04-08 08:00:00,8298.7,8307.3,8298.3,8305.8,3600,1,0,3600
2024-04-08 09:00:00,8305.9,8309.6,8301.9,8307.2,3600,1,0,3600
2024-04-08 10:00:00,8307.1,8316.8,8305.7,8316.6,3600,1,0,3600
2024-04-08 11:00:00,8316.5,8322.0,8314.6,8319.4,3600,1,0,3600
2024-04-08 12:00:00,8319.5,8320.1,8313.2,8318.6,3600,1,0,3600
2024-04-08 13:00:00,8318.5,8322.3,8313.6,8315.0,3600,1,0,3600
2024-04-08 14:00:00,8314.9,8316.9,8310.8,8313.6,3600,1,0,3600
2024-04-08 15:00:00,8313.7,8325.0,8312.2,8321.0,3600,1,0,3600
2024-04-08 16:00:00,8321.1,8330.6,8320.0,8322.8,3600,1,0,3600
2024-04-08 17:00:00,8322.7,8332.3,8322.7,8328.8,3600,1,0,3600
2024-04-08 18:00:00,8328.9,8336.3,8327.4,8332.0,3600,1,0,3600
2024-04-08 19:00:00,8331.9,8333.1,8321.8,8326.0,3600,1,0,3600
2024-04-08 20:00:00,8326.1,8326.5,8317.0,8325.6,3600,1,0,3600
2024-04-08 21:00:00,8325.5,8328.6,8322.7,8328.4,3600,1,0,3600
2024-04-08 22:00:00,8328.3,8328.4,8318.4,8321.6,3600,1,0,3600
2024-04-08 23:00:00,8321.5,8324.8,8314.2,8318.4,3600,1,0,3600
2024-04-09 00:00:00,8318.3,8326.0,8313.2,8325.0,3600,1,0,3600
2024-04-09 01:00:00,8324.9,8332.9,8324.3,8327.8,3600,1,0,3600
2024-04-09 02:00:00,8327.7,8340.3,8326.8,8336.2,3600,1,0,3600
2024-04-09 03:00:00,8336.3,8348.6,8335.9,8341.8,3600,1,0,3600
2024-04-09 04:00:00,8341.9,8344.5,8331.8,8332.6,3600,1,0,3600
2024-04-09 05:00:00,8332.5,8339.9,8330.8,8333.8,3600,1,0,3600
2024-04-09 06:00:00,8333.7,8334.1,8324.8,8329.4,3600,1,0,3600
2024-04-09 07:00:00,8329.3,8336.6,8327.4,8332.6,3600,1,0,3600
2024-04-09 08:00:00,8332.5,8344.2,8331.8,8343.2,3600,1,0,3600
2024-04-09 09:00:00,8343.3,8350.6,8340.6,8350.0,3600,1,0,3600
2024-04-09 10:00:00,8349.9,8351.0,8336.0,8341.2,3600,1,0,3600
2024-04-09 11:00:00,8341.3,8345.6,8337.5,8339.8,3600,1,0,3600
2024-04-09 12:00:00,8339.9,8342.0,8329.9,8331.6,3600,1,0,3600
2024-04-09 13:00:00,8331.5,8336.6,8328.3,8329.6,3600,1,0,3600
2024-04-09 14:00:00,8329.7,8330.4,8320.5,8321.2,3600,1,0,3600
2024-04-09 15:00:00,8321.1,8325.2,8316.5,8321.8,3600,1,0,3600
2024-04-09 16:00:00,8321.7,8326.7,8313.0,8326.6,3600,1,0,3600
2024-04-09 17:00:00,8326.7,8327.0,8318.3,8322.0,3600,1,0,3600
2024-04-09 18:00:00,8321.9,8328.6,8314.4,8319.0,3600,1,0,3600
2024-04-09 19:00:00,8319.1,8323.3,8311.5,8316.8,3600,1,0,3600
2024-04-09 20:00:00,8316.7,8319.0,8311.2,8316.0,3600,1,0,3600
2024-04-09 21:00:00,8316.1,8320.8,8310.4,8312.0,3600,1,0,3600
2024-04-09 22:00:00,8312.1,8318.8,8311.5,8318.2,3600,1,0,3600
2024-04-09 23:00:00,8318.1,8318.5,8306.7,8307.4,3600,1,0,3600
2024-04-10 00:00:00,8307.3,8311.9,8304.6,8308.8,3600,1,0,3600
2024-04-10 01:00:00,8308.7,8320.3,8304.8,8318.4,3600,1,0,3600
2024-04-10 02:00:00,8318.3,8330.8,8316.6,8323.4,3600,1,0,3600
2024-04-10 03:00:00,8323.3,8325.8,8319.8,8320.0,3600,1,0,3600
2024-04-10 04:00:00,8320.1,8320.9,8312.3,8314.2,3600,1,0,3600
2024-04-10 05:00:00,8314.3,8324.6,8313.0,8323.0,3600,1,0,3600
2024-04-10 06:00:00,8323.1,8328.7,8321.3,8326.8,3600,1,0,3600
2024-04-10 07:00:00,8326.7,8328.3,8314.1,8318.4,3600,1,0,3600
2024-04-10 08:00:00,8318.3,8322.6,8310.1,8311.8,3600,1,0,3600
2024-04-10 09:00:00,8311.9,8312.6,8295.5,8298.2,3600,1,0,3600
2024-04-10 10:00:00,8298.1,8305.3,8295.1,8302.2,3600,1,0,3600
2024-04-10 11:00:00,8302.3,8302.7,8293.9,8301.4,3600,1,0,3600
2024-04-10 12:00:00,8301.3,8301.4,8292.0,8292.6,3600,1,0,3600
2024-04-10 13:00:00,8292.7,8293.9,8283.8,8288.8,3600,1,0,3600
2024-04-10 14:00:00,8288.9,8289.4,8282.7,8285.2,3600,1,0,3600
2024-04-10 15:00:00,8285.3,8289.7,8283.4,8289.4,3600,1,0,3600
2024-04-10 16:00:00,8289.3,8289.5,8284.9,8288.0,3600,1,0,3600
2024-04-10 17:00:00,8287.9,8290.9,8281.7,8283.0,3600,1,0,3600
2024-04-10 18:00:00,8282.9,8289.2,8282.3,8286.0,3600,1,0,3600
2024-04-10 19:00:00,8286.1,8289.1,8282.6,8284.0,3600,1,0,3600
2024-04-10 20:00:00,8283.9,8284.0,8273.7,8275.8,3600,1,0,3600
2024-04-10 21:00:00,8275.7,8283.6,8273.4,8283.2,3600,1,0,3600
2024-04-10 22:00:00,8283.1,8285.0,8278.6,8280.8,3600,1,0,3600
2024-04-10 23:00:00,8280.9,8287.9,8278.3,8285.0,3600,1,0,3600
2024-04-11 00:00:00,8284.9,8286.1,8274.9,8276.0,3600,1,0,3600
2024-04-11 01:00:00,8276.1,8279.7,8272.6,8278.0,3600,1,0,3600
2024-04-11 02:00:00,8278.1,8286.5,8277.3,8283.2,3600,1,0,3600
2024-04-11 03:00:00,8283.3,8285.0,8279.1,8281.4,3600,1,0,3600
2024-04-11 04:00:00,8281.5,8288.2,8278.6,8287.4,3600,1,0,3600
2024-04-11 05:00:00,8287.3,8292.8,8283.8,8287.4,3600,1,0,3600
2024-04-11 06:00:00,8287.5,8288.3,8278.5,8282.4,3600,1,0,3600
2024-04-11 07:00:00,8282.5,8284.4,8278.2,8280.6,3600,1,0,3600
2024-04-11 08:00:00,8280.5,8280.8,8269.7,8273.4,3600,1,0,3600
2024-04-11 09:00:00,8273.5,8283.0,8271.8,8280.0,3600,1,0,3600
2024-04-11 10:00:00,8280.1,8285.9,8278.4,8279.6,3600,1,0,3600
2024-04-11 11:00:00,8279.7,8289.7,8276.9,8289.2,3600,1,0,3600
2024-04-11 12:00:00,8289.1,8291.8,8276.6,8284.0,3600,1,0,3600
2024-04-11 13:00:00,8284.1,8293.7,8281.4,8288.8,3600,1,0,3600
2024-04-11 14:00:00,8288.9,8294.8,8288.2,8294.6,3600,1,0,3600
2024-04-11 15:00:00,8294.7,8295.8,8290.1,8294.2,3600,1,0,3600
2024-04-11 16:00:00,8294.3,8297.8,8286.3,8286.8,3600,1,0,3600
2024-04-11 17:00:00,8286.9,8291.9,8284.6,8291.0,3600,1,0,3600
2024-04-11 18:00:00,8291.1,8301.5,8290.5,8298.8,3600,1,0,3600
2024-04-11 19:00:00,8298.9,8305.0,8297.5,8298.4,3600,1,0,3600
2024-04-11 20:00:00,8298.3,8301.7,8292.9,8293.2,3600,1,0,3600
2024-04-11 21:00:00,8293.1,8298.4,8291.2,8297.6,3600,1,0,3600
2024-04-11 22:00:00,8297.7,8300.1,8290.6,8299.6,3600,1,0,3600
2024-04-11 23:00:00,8299.7,8307.8,8298.1,8302.6,3600,1,0,3600
2024-04-12 00:00:00,8302.7,8306.8,8292.9,8296.4,3600,1,0,3600
2024-04-12 01:00:00,8296.5,8299.1,8283.4,8283.6,3600,1,0,3600
2024-04-12 02:00:00,8283.5,8288.6,8278.6,8283.4,3600,1,0,3600
2024-04-12 03:00:00,8283.5,8299.6,8283.0,8298.6,3600,1,0,3600
2024-04-12 04:00:00,8298.7,8306.6,8297.7,8303.0,3600,1,0,3600
2024-04-12 05:00:00,8303.1,8306.7,8300.2,8303.0,3600,1,0,3600
2024-04-12 06:00:00,8303.1,8304.4,8292.4,8303.4,3600,1,0,3600
2024-04-12 07:00:00,8303.3,8321.1,8301.4,8320.0,3600,1,0,3600
2024-04-12 08:00:00,8319.9,8334.1,8318.8,8332.6,3600,1,0,3600
2024-04-12 09:00:00,8332.5,8340.0,8326.8,8326.8,3600,1,0,3600
2024-04-12 10:00:00,8326.9,8326.9,8311.5,8313.4,3600,1,0,3600
2024-04-12 11:00:00,8313.5,8318.4,8310.8,8316.6,3600,1,0,3600
2024-04-12 12:00:00,8316.5,8318.0,8310.1,8314.6,3600,1,0,3600
2024-04-12 13:00:00,8314.5,8322.4,8312.6,8318.8,3600,1,0,3600
2024-04-12 14:00:00,8318.9,8324.4,8317.7,8323.2,3600,1,0,3600
2024-04-12 15:00:00,8323.3,8329.1,8322.2,8323.4,3600,1,0,3600
2024-04-12 16:00:00,8323.5,8329.2,8322.5,8322.8,3600,1,0,3600
2024-04-12 17:00:00,8322.7,8327.8,8320.2,8326.0,3600,1,0,3600
2024-04-12 18:00:00,8325.9,8332.7,8325.3,8332.4,3600,1,0,3600
2024-04-12 19:00:00,8332.3,8333.5,8325.5,8326.0,3600,1,0,3600
2024-04-12 20:00:00,8325.9,8328.1,8321.5,8321.6,3600,1,0,3600
2024-04-12 21:00:00,8321.7,8323.2,8314.2,8316.6,3600,1,0,3600
2024-04-12 22:00:00,8316.7,8321.5,8315.5,8318.8,3600,1,0,3600
2024-04-12 23:00:00,8318.9,8326.1,8318.5,8319.2,3600,1,0,3600
2024-04-13 00:00:00,8319.3,8320.0,8313.3,8320.0,3600,1,0,3600
2024-04-13 01:00:00,8319.9,8324.9,8317.3,8318.2,3600,1,0,3600
2024-04-13 02:00:00,8318.3,8328.5,8315.6,8327.0,3600,1,0,3600
2024-04-13 03:00:00,8326.9,8332.7,8322.4,8330.8,3600,1,0,3600
2024-04-13 04:00:00,8330.7,8331.1,8318.3,8319.0,3600,1,0,3600
2024-04-13 05:00:00,8318.9,8333.1,8318.5,8329.8,3600,1,0,3600
2024-04-13 06:00:00,8329.9,8330.4,8322.0,8323.4,3600,1,0,3600
2024-04-13 07:00:00,8323.5,8326.4,8318.6,8324.2,3600,1,0,3600
2024-04-13 08:00:00,8324.3,8328.1,8321.5,8327.6,3600,1,0,3600
2024-04-13 09:00:00,8327.7,8341.1,8326.5,8339.0,3600,1,0,3600
2024-04-13 10:00:00,8338.9,8343.2,8332.4,8332.4,3600,1,0,3600
2024-04-13 11:00:00,8332.5,8334.2,8327.3,8332.2,3600,1,0,3600
2024-04-13 12:00:00,8332.3,8334.9,8322.9,8323.6,3600,1,0,3600
2024-04-13 13:00:00,8323.5,8331.3,8322.2,8328.6,3600,1,0,3600
2024-04-13 14:00:00,8328.7,8329.4,8316.9,8321.0,3600,1,0,3600
2024-04-13 15:00:00,8320.9,8322.5,8314.3,8318.4,3600,1,0,3600
2024-04-13 16:00:00,8318.5,8320.4,8309.8,8311.4,3600,1,0,3600
2024-04-13 17:00:00,8311.3,8317.8,8309.9,8317.4,3600,1,0,3600
2024-04-13 18:00:00,8317.3,8319.1,8312.4,8316.2,3600,1,0,3600
2024-04-13 19:00:00,8316.3,8319.5,8311.4,8315.6,3600,1,0,3600
2024-04-13 20:00:00,8315.5,8317.4,8310.0,8311.2,3600,1,0,3600
2024-04-13 21:00:00,8311.3,8312.1,8303.5,8310.4,3600,1,0,3600
2024-04-13 22:00:00,8310.3,8313.6,8302.7,8305.2,3600,1,0,3600
2024-04-13 23:00:00,8305.1,8306.3,8287.8,8288.2,3600,1,0,3600
2024-04-14 00:00:00,8288.3,8290.8,8280.9,8282.0,3600,1,0,3600
2024-04-14 01:00:00,8282.1,8285.9,8279.3,8285.4,3381,1,0,3381
2024-04-14 02:00:00,8285.5,8286.7,8278.5,8284.4,3600,1,0,3600
2024-04-14 03:00:00,8284.3,8285.2,8268.9,8272.0,3600,1,0,3600
2024-04-14 04:00:00,8272.1,8272.3,8263.2,8264.8,3600,1,0,3600
2024-04-14 05:00:00,8264.9,8271.2,8263.2,8270.4,3600,1,0,3600
2024-04-14 06:00:00,8270.5,8271.8,8262.1,8264.4,3600,1,0,3600
2024-04-14 07:00:00,8264.3,8265.6,8260.7,8264.7,3601,1,0,3601
2024-04-14 08:00:00,8264.8,8265.3,8256.6,8256.9,3600,1,0,3600
2024-04-14 09:00:00,8257.0,8269.4,8256.7,8265.3,3600,1,0,3600
2024-04-14 10:00:00,8265.2,8274.0,8263.7,8272.9,3600,1,0,3600
2024-04-14 11:00:00,8273.0,8279.0,8267.6,8277.1,3600,1,0,3600
2024-04-14 12:00:00,8277.0,8280.0,8271.1,8271.7,3600,1,0,3600
2024-04-14 13:00:00,8271.6,8274.7,8267.9,8268.3,3600,1,0,3600
2024-04-14 14:00:00,8268.4,8269.1,8262.8,8265.1,3600,1,0,3600
2024-04-14 15:00:00,8265.0,8278.3,8263.0,8277.1,3600,1,0,3600
2024-04-14 16:00:00,8277.2,8280.2,8273.2,8276.9,3600,1,0,3600
2024-04-14 17:00:00,8276.8,8283.6,8274.1,8281.5,3600,1,0,3600
2024-04-14 18:00:00,8281.6,8284.2,8273.1,8281.3,3600,1,0,3600
2024-04-14 19:00:00,8281.2,8286.5,8279.8,8286.5,3600,1,0,3600
2024-04-14 20:00:00,8286.6,8290.6,8283.0,8283.7,3600,1,0,3600
2024-04-14 21:00:00,8283.8,8285.9,8278.8,8282.1,3600,1,0,3600
2024-04-14 22:00:00,8282.2,8290.6,8281.1,8286.5,3600,1,0,3600
2024-04-14 23:00:00,8286.4,8294.4,8284.7,8287.7,3600,1,0,3600
2024-04-15 00:00:00,8287.6,8290.0,8275.3,8279.9,3600,1,0,3600
2024-04-15 01:00:00,8279.8,8282.0,8272.6,8280.3,3600,1,0,3600
2024-04-15 02:00:00,8280.2,8285.7,8279.2,8284.1,3600,1,0,3600
2024-04-15 03:00:00,8284.0,8287.1,8281.5,8284.5,3600,1,0,3600
2024-04-15 04:00:00,8284.4,8285.0,8275.9,8277.9,3600,1,0,3600
2024-04-15 05:00:00,8277.8,8278.6,8262.0,8265.1,3600,1,0,3600
2024-04-15 06:00:00,8265.0,8268.3,8254.5,8256.9,3600,1,0,3600
2024-04-15 07:00:00,8257.0,8266.7,8255.3,8266.5,3600,1,0,3600
2024-04-15 08:00:00,8266.4,8266.8,8260.5,8262.4,3599,1,0,3599
2024-04-15 09:00:00,8262.2,8268.6,8259.6,8267.2,3595,1,0,3595
2024-04-15 10:00:00,8267.3,8268.9,8261.3,8261.6,3600,1,0,3600
2024-04-15 11:00:00,8261.5,8268.2,8259.4,8264.6,3600,1,0,3600
2024-04-15 12:00:00,8264.5,8265.7,8256.3,8261.4,3600,1,0,3600
2024-04-15 13:00:00,8261.3,8267.8,8257.1,8257.4,3600,1,0,3600
2024-04-15 14:00:00,8257.3,8259.2,8250.6,8258.4,3600,1,0,3600
2024-04-15 15:00:00,8258.5,8264.8,8256.3,8262.8,3600,1,0,3600
2024-04-15 16:00:00,8262.9,8266.5,8260.9,8266.2,3600,1,0,3600
2024-04-15 17:00:00,8266.1,8267.1,8259.0,8262.0,3600,1,0,3600
2024-04-15 18:00:00,8262.1,8264.7,8254.4,8254.6,3600,1,0,3600
2024-04-15 19:00:00,8254.5,8254.5,8246.3,8249.8,3600,1,0,3600
2024-04-15 20:00:00,8249.7,8258.9,8247.7,8254.8,3600,1,0,3600
2024-04-15 21:00:00,8254.9,8257.6,8250.9,8257.2,3600,1,0,3600
2024-04-15 22:00:00,8257.1,8262.9,8253.2,8262.2,3600,1,0,3600
2024-04-15 23:00:00,8262.3,8265.4,8257.4,8261.8,3600,1,0,3600
2024-04-16 00:00:00,8261.9,8264.3,8256.7,8263.7,3601,1,0,3601
2024-04-16 01:00:00,8263.8,8275.4,8263.0,8274.3,3600,1,0,3600
2024-04-16 02:00:00,8274.2,8275.0,8268.2,8274.3,3600,1,0,3600
2024-04-16 03:00:00,8274.4,8277.3,8265.5,8265.5,3600,1,0,3600
2024-04-16 04:00:00,8265.4,8275.8,8263.7,8273.3,3600,1,0,3600
2024-04-16 05:00:00,8273.4,8279.7,8270.3,8276.5,3600,1,0,3600
2024-04-16 06:00:00,8276.6,8279.3,8273.0,8278.3,3600,1,0,3600
2024-04-16 07:00:00,8278.2,8282.2,8276.8,8281.3,3600,1,0,3600
2024-04-16 08:00:00,8281.2,8288.6,8280.0,8288.5,3600,1,0,3600
2024-04-16 09:00:00,8288.6,8288.7,8280.7,8280.9,3600,1,0,3600
2024-04-16 10:00:00,8281.0,8290.6,8280.5,8288.3,3600,1,0,3600
2024-04-16 11:00:00,8288.2,8290.3,8281.9,8282.5,3600,1,0,3600
2024-04-16 12:00:00,8282.4,8284.4,8269.4,8272.7,3600,1,0,3600
2024-04-16 13:00:00,8272.8,8275.1,8263.3,8265.5,3600,1,0,3600
2024-04-16 14:00:00,8265.4,8271.0,8263.3,8263.5,3600,1,0,3600
2024-04-16 15:00:00,8263.6,8268.9,8258.9,8266.5,3600,1,0,3600
2024-04-16 16:00:00,8266.6,8267.3,8257.0,8265.5,3600,1,0,3600
2024-04-16 17:00:00,8265.6,8275.2,8265.6,8272.7,3600,1,0,3600
2024-04-16 18:00:00,8272.6,8274.9,8268.2,8270.9,3600,1,0,3600
2024-04-16 19:00:00,8271.0,8273.3,8266.8,8269.5,3600,1,0,3600
2024-04-16 20:00:00,8269.4,8272.6,8264.8,8271.5,3600,1,0,3600
2024-04-16 21:00:00,8271.6,8272.2,8263.1,8267.5,3600,1,0,3600
2024-04-16 22:00:00,8267.6,8275.5,8265.2,8274.1,3600,1,0,3600
2024-04-16 23:00:00,8274.2,8282.1,8268.9,8281.9,3600,1,0,3600
2024-04-17 00:00:00,8281.8,8284.5,8269.5,8269.9,3600,1,0,3600
2024-04-17 01:00:00,8269.8,8269.9,8261.5,8262.7,3600,1,0,3600
2024-04-17 02:00:00,8262.8,8263.3,8250.6,8262.1,3600,1,0,3600
2024-04-17 03:00:00,8262.2,8272.1,8254.4,8271.3,3600,1,0,3600
2024-04-17 04:00:00,8271.2,8275.7,8266.1,8271.3,3600,1,0,3600
2024-04-17 05:00:00,8271.4,8274.1,8265.9,8272.3,3600,1,0,3600
2024-04-17 06:00:00,8272.2,8273.4,8267.0,8267.3,3600,1,0,3600
2024-04-17 07:00:00,8267.4,8269.1,8263.5,8266.3,3600,1,0,3600
2024-04-17 08:00:00,8266.4,8275.1,8264.3,8274.5,3600,1,0,3600
2024-04-17 09:00:00,8274.4,8278.7,8273.2,8277.1,3600,1,0,3600
2024-04-17 10:00:00,8277.0,8282.0,8271.5,8275.1,3600,1,0,3600
2024-04-17 11:00:00,8275.2,8279.7,8270.1,8271.7,3600,1,0,3600
2024-04-17 12:00:00,8271.6,8279.2,8271.2,8278.5,3600,1,0,3600
2024-04-17 13:00:00,8278.4,8288.5,8277.6,8284.9,3600,1,0,3600
2024-04-17 14:00:00,8285.0,8287.8,8278.5,8284.7,3600,1,0,3600
2024-04-17 15:00:00,8284.6,8286.3,8279.3,8282.5,3600,1,0,3600
2024-04-17 16:00:00,8282.4,8289.2,8281.1,8283.9,3600,1,0,3600
2024-04-17 17:00:00,8283.8,8295.0,8283.3,8294.6,3601,1,0,3601
2024-04-17 18:00:00,8294.7,8297.4,8291.2,8292.8,3600,1,0,3600
2024-04-17 19:00:00,8292.7,8303.0,8292.3,8299.2,3600,1,0,3600
2024-04-17 20:00:00,8299.1,8302.7,8287.3,8289.6,3600,1,0,3600
2024-04-17 21:00:00,8289.7,8292.8,8279.3,8282.0,3600,1,0,3600
2024-04-17 22:00:00,8281.9,8282.5,8273.5,8273.8,3600,1,0,3600
2024-04-17 23:00:00,8273.9,8278.2,8270.3,8278.0,3600,1,0,3600
2024-04-18 00:00:00,8278.1,8282.4,8274.4,8275.0,3600,1,0,3600
2024-04-18 01:00:00,8275.1,8277.5,8265.4,8267.2,3600,1,0,3600
2024-04-18 02:00:00,8267.3,8281.0,8267.0,8276.4,3600,1,0,3600
2024-04-18 03:00:00,8276.5,8276.8,8271.7,8273.8,3600,1,0,3600
2024-04-18 04:00:00,8273.7,8276.5,8268.5,8275.0,3600,1,0,3600
2024-04-18 05:00:00,8274.9,8276.3,8267.5,8267.8,3600,1,0,3600
2024-04-18 06:00:00,8267.9,8277.8,8264.4,8277.6,3600,1,0,3600
2024-04-18 07:00:00,8277.5,8278.9,8272.6,8276.2,3600,1,0,3600
2024-04-18 08:00:00,8276.3,8279.1,8269.5,8279.0,3600,1,0,3600
2024-04-18 09:00:00,8278.9,8281.6,8275.9,8280.8,3600,1,0,3600
2024-04-18 10:00:00,8280.7,8285.3,8277.1,8278.6,3600,1,0,3600
2024-04-18 11:00:00,8278.5,8284.7,8276.7,8280.8,3600,1,0,3600
2024-04-18 12:00:00,8280.7,8283.7,8269.3,8271.8,3600,1,0,3600
2024-04-18 13:00:00,8271.9,8278.8,8268.3,8276.6,3600,1,0,3600
2024-04-18 14:00:00,8276.7,8282.7,8273.1,8280.8,3600,1,0,3600
2024-04-18 15:00:00,8280.7,8288.2,8279.0,8281.8,3600,1,0,3600
2024-04-18 16:00:00,8281.9,8282.8,8272.6,8273.0,3600,1,0,3600
2024-04-18 17:00:00,8272.9,8280.8,8271.6,8279.2,3600,1,0,3600
2024-04-18 18:00:00,8279.1,8284.9,8278.3,8283.0,3600,1,0,3600
2024-04-18 19:00:00,8283.1,8284.3,8276.1,8278.6,3600,1,0,3600
2024-04-18 20:00:00,8278.7,8282.2,8272.3,8275.0,3600,1,0,3600
2024-04-18 21:00:00,8275.1,8278.9,8269.3,8275.4,3600,1,0,3600
2024-04-18 22:00:00,8275.5,8279.9,8271.3,8278.0,3600,1,0,3600
2024-04-18 23:00:00,8277.9,8286.7,8275.7,8286.4,3600,1,0,3600
2024-04-19 00:00:00,8286.5,8287.4,8277.2,8280.8,3600,1,0,3600
2024-04-19 01:00:00,8280.7,8283.3,8274.0,8278.4,3600,1,0,3600
2024-04-19 02:00:00,8278.5,8279.1,8268.6,8269.6,3600,1,0,3600
2024-04-19 03:00:00,8269.5,8281.1,8269.5,8280.6,3600,1,0,3600
2024-04-19 04:00:00,8280.7,8281.7,8273.4,8274.2,3600,1,0,3600
2024-04-19 05:00:00,8274.3,8279.3,8273.6,8274.0,3600,1,0,3600
2024-04-19 06:00:00,8273.9,8276.1,8268.8,8273.2,3600,1,0,3600
2024-04-19 07:00:00,8273.1,8281.4,8272.8,8273.2,3600,1,0,3600
2024-04-19 08:00:00,8273.3,8279.4,8271.7,8274.6,3600,1,0,3600
2024-04-19 09:00:00,8274.7,8281.7,8273.4,8281.1,3601,1,0,3601
2024-04-19 10:00:00,8281.2,8285.1,8271.7,8275.3,3600,1,0,3600
2024-04-19 11:00:00,8275.2,8280.7,8270.9,8280.7,3600,1,0,3600
2024-04-19 12:00:00,8280.6,8282.3,8276.3,8278.7,3600,1,0,3600
2024-04-19 13:00:00,8278.6,8285.4,8275.6,8283.9,3600,1,0,3600
2024-04-19 14:00:00,8284.0,8285.7,8278.9,8283.1,3600,1,0,3600
2024-04-19 15:00:00,8283.0,8288.6,8279.2,8287.5,3600,1,0,3600
2024-04-19 16:00:00,8287.4,8292.2,8285.9,8292.1,3600,1,0,3600
2024-04-19 17:00:00,8292.0,8295.8,8286.2,8293.9,3600,1,0,3600
2024-04-19 18:00:00,8294.0,8304.3,8293.2,8301.9,3600,1,0,3600
2024-04-19 19:00:00,8301.8,8304.1,8294.2,8297.1,3600,1,0,3600
2024-04-19 20:00:00,8297.0,8306.3,8296.6,8304.3,3600,1,0,3600
2024-04-19 21:00:00,8304.4,8305.1,8293.4,8296.3,3600,1,0,3600
2024-04-19 22:00:00,8296.2,8299.7,8290.8,8293.1,3600,1,0,3600
2024-04-19 23:00:00,8293.2,8301.1,8291.7,8294.7,3600,1,0,3600
2024-04-20 00:00:00,8294.6,8299.0,8289.1,8289.3,3600,1,0,3600
2024-04-20 01:00:00,8289.2,8289.5,8282.0,8282.5,3600,1,0,3600
2024-04-20 02:00:00,8282.6,8285.4,8278.9,8281.1,3600,1,0,3600
2024-04-20 03:00:00,8281.0,8285.4,8278.9,8282.7,3600,1,0,3600
2024-04-20 04:00:00,8282.6,8292.3,8280.4,8291.3,3600,1,0,3600
2024-04-20 05:00:00,8291.4,8300.3,8291.1,8295.1,3600,1,0,3600
2024-04-20 06:00:00,8295.2,8299.2,8291.5,8298.3,3600,1,0,3600
2024-04-20 07:00:00,8298.4,8304.6,8296.2,8303.9,3600,1,0,3600
2024-04-20 08:00:00,8304.0,8310.1,8301.4,8309.1,3600,1,0,3600
2024-04-20 09:00:00,8309.2,8309.3,8302.1,8307.5,3600,1,0,3600
2024-04-20 10:00:00,8307.6,8308.3,8296.4,8300.5,3600,1,0,3600
2024-04-20 11:00:00,8300.6,8303.9,8295.5,8296.7,3600,1,0,3600
2024-04-20 12:00:00,8296.8,8300.4,8288.1,8289.9,3600,1,0,3600
2024-04-20 13:00:00,8290.0,8292.3,8285.5,8287.5,3600,1,0,3600
2024-04-20 14:00:00,8287.4,8293.9,8284.4,8287.3,3600,1,0,3600
2024-04-20 15:00:00,8287.2,8291.9,8284.5,8288.7,3600,1,0,3600
2024-04-20 16:00:00,8288.6,8288.7,8282.7,8284.1,3600,1,0,3600
2024-04-20 17:00:00,8284.0,8291.1,8283.8,8291.1,3600,1,0,3600
2024-04-20 18:00:00,8291.0,8293.2,8285.7,8290.1,3600,1,0,3600
2024-04-20 19:00:00,8290.2,8293.1,8285.0,8288.7,3600,1,0,3600
2024-04-20 20:00:00,8288.8,8290.9,8284.7,8290.1,3600,1,0,3600
2024-04-20 21:00:00,8290.0,8293.9,8284.5,8286.3,3600,1,0,3600
2024-04-20 22:00:00,8286.4,8289.7,8284.0,8288.8,3601,1,0,3601
2024-04-20 23:00:00,8288.7,8290.9,8284.1,8286.0,3600,1,0,3600
2024-04-21 00:00:00,8285.9,8286.4,8271.4,8272.8,3600,1,0,3600
2024-04-21 01:00:00,8272.7,8274.6,8265.6,8266.4,3600,1,0,3600
2024-04-21 02:00:00,8266.5,8275.8,8265.7,8274.2,3600,1,0,3600
2024-04-21 03:00:00,8274.3,8278.2,8272.8,8275.2,3600,1,0,3600
2024-04-21 04:00:00,8275.3,8276.2,8266.2,8266.2,3600,1,0,3600
2024-04-21 05:00:00,8266.3,8274.4,8265.0,8269.8,3600,1,0,3600
2024-04-21 06:00:00,8269.9,8271.9,8259.6,8260.0,3600,1,0,3600
2024-04-21 07:00:00,8260.1,8264.4,8256.1,8256.4,3600,1,0,3600
2024-04-21 08:00:00,8256.3,8259.3,8248.0,8257.6,3600,1,0,3600
2024-04-21 09:00:00,8257.7,8258.9,8254.4,8254.6,3600,1,0,3600
2024-04-21 10:00:00,8254.5,8261.7,8249.3,8249.4,3600,1,0,3600
2024-04-21 11:00:00,8249.3,8256.6,8241.5,8256.6,3600,1,0,3600
2024-04-21 12:00:00,8256.7,8257.9,8244.7,8247.4,3600,1,0,3600
2024-04-21 13:00:00,8247.3,8252.0,8243.8,8246.8,3600,1,0,3600
2024-04-21 14:00:00,8246.7,8250.0,8244.9,8248.6,3600,1,0,3600
2024-04-21 15:00:00,8248.7,8255.2,8244.3,8254.2,3600,1,0,3600
2024-04-21 16:00:00,8254.1,8258.6,8252.8,8255.0,3600,1,0,3600
2024-04-21 17:00:00,8254.9,8261.9,8252.6,8255.6,3600,1,0,3600
2024-04-21 18:00:00,8255.7,8258.1,8250.5,8257.0,3600,1,0,3600
2024-04-21 19:00:00,8257.1,8265.8,8257.0,8261.4,3600,1,0,3600
2024-04-21 20:00:00,8261.3,8272.4,8261.3,8265.8,3600,1,0,3600
2024-04-21 21:00:00,8265.9,8267.6,8256.6,8260.2,3600,1,0,3600
2024-04-21 22:00:00,8260.3,8261.1,8246.5,8248.6,3600,1,0,3600
2024-04-21 23:00:00,8248.7,8257.0,8247.4,8254.6,3600,1,0,3600
2024-04-22 00:00:00,8254.5,8265.5,8252.0,8264.6,3600,1,0,3600
2024-04-22 01:00:00,8264.5,8268.9,8260.8,8261.4,3600,1,0,3600
2024-04-22 02:00:00,8261.3,8266.8,8258.5,8262.6,3600,1,0,3600
2024-04-22 03:00:00,8262.7,8266.3,8259.7,8262.6,3600,1,0,3600
2024-04-22 04:00:00,8262.5,8270.0,8261.6,8268.6,3600,1,0,3600
2024-04-22 05:00:00,8268.7,8269.2,8258.5,8262.8,3600,1,0,3600
2024-04-22 06:00:00,8262.7,8263.1,8253.3,8254.2,3600,1,0,3600
2024-04-22 07:00:00,8254.3,8255.5,8245.3,8246.8,3600,1,0,3600
2024-04-22 08:00:00,8246.9,8249.8,8240.3,8241.0,3600,1,0,3600
2024-04-22 09:00:00,8241.1,8246.2,8231.9,8240.0,3600,1,0,3600
2024-04-22 10:00:00,8239.9,8244.6,8236.1,8242.0,3600,1,0,3600
2024-04-22 11:00:00,8242.1,8247.9,8238.3,8246.2,3600,1,0,3600
2024-04-22 12:00:00,8246.1,8251.6,8243.4,8246.8,3600,1,0,3600
2024-04-22 13:00:00,8246.7,8251.5,8239.6,8244.4,3600,1,0,3600
2024-04-22 14:00:00,8244.3,8249.6,8241.2,8245.0,3600,1,0,3600
2024-04-22 15:00:00,8244.9,8245.4,8238.3,8240.2,3600,1,0,3600
2024-04-22 16:00:00,8240.3,8240.8,8227.5,8231.4,3600,1,0,3600
2024-04-22 17:00:00,8231.3,8238.6,8224.3,8236.6,3600,1,0,3600
2024-04-22 18:00:00,8236.5,8238.0,8226.1,8228.1,3601,1,0,3601
2024-04-22 19:00:00,8228.2,8236.0,8225.2,8228.3,3600,1,0,3600
2024-04-22 20:00:00,8228.2,8240.1,8227.5,8239.5,3600,1,0,3600
2024-04-22 21:00:00,8239.6,8247.0,8238.4,8241.5,3600,1,0,3600
2024-04-22 22:00:00,8241.4,8245.8,8234.9,8238.3,3600,1,0,3600
2024-04-22 23:00:00,8238.2,8246.1,8233.3,8242.5,3600,1,0,3600
2024-04-23 00:00:00,8242.4,8245.0,8239.5,8244.3,3600,1,0,3600
2024-04-23 01:00:00,8244.2,8244.9,8238.9,8241.9,3600,1,0,3600
2024-04-23 02:00:00,8242.0,8246.9,8233.2,8237.7,3600,1,0,3600
2024-04-23 03:00:00,8237.8,8239.4,8232.4,8233.7,3595,1,0,3595
2024-04-23 04:00:00,8233.6,8244.4,8233.0,8243.5,3600,1,0,3600
2024-04-23 05:00:00,8243.4,8251.0,8243.2,8249.7,3600,1,0,3600
2024-04-23 06:00:00,8249.6,8251.6,8244.8,8250.5,3600,1,0,3600
2024-04-23 07:00:00,8250.4,8252.1,8242.8,8243.1,3600,1,0,3600
2024-04-23 08:00:00,8243.2,8261.5,8242.8,8254.7,3600,1,0,3600
2024-04-23 09:00:00,8254.6,8272.8,8254.6,8270.7,3600,1,0,3600
2024-04-23 10:00:00,8270.8,8271.6,8256.8,8259.1,3600,1,0,3600
2024-04-23 11:00:00,8259.2,8263.8,8257.0,8257.1,3600,1,0,3600
2024-04-23 12:00:00,8257.2,8260.8,8252.5,8259.7,3600,1,0,3600
2024-04-23 13:00:00,8259.6,8261.6,8252.1,8255.1,3600,1,0,3600
2024-04-23 14:00:00,8255.0,8265.2,8254.8,8264.3,3600,1,0,3600
2024-04-23 15:00:00,8264.2,8283.1,8262.6,8282.1,3600,1,0,3600
2024-04-23 16:00:00,8282.0,8286.5,8280.4,8283.5,3600,1,0,3600
2024-04-23 17:00:00,8283.4,8287.6,8279.8,8281.1,3600,1,0,3600
2024-04-23 18:00:00,8281.2,8282.8,8270.2,8274.3,3600,1,0,3600
2024-04-23 19:00:00,8274.4,8276.0,8261.2,8264.1,3600,1,0,3600
2024-04-23 20:00:00,8264.2,8271.9,8264.1,8266.7,3600,1,0,3600
2024-04-23 21:00:00,8266.6,8268.5,8261.0,8262.5,3600,1,0,3600
2024-04-23 22:00:00,8262.6,8273.1,8262.3,8268.7,3600,1,0,3600
2024-04-23 23:00:00,8268.8,8274.4,8267.3,8271.9,3600,1,0,3600
2024-04-24 00:00:00,8271.8,8272.9,8265.2,8265.7,3600,1,0,3600
2024-04-24 01:00:00,8265.8,8275.7,8264.9,8272.9,3600,1,0,3600
2024-04-24 02:00:00,8272.8,8284.9,8269.9,8284.3,3600,1,0,3600
2024-04-24 03:00:00,8284.4,8290.9,8282.6,8288.3,3600,1,0,3600
2024-04-24 04:00:00,8288.4,8289.0,8277.0,8277.9,3600,1,0,3600
2024-04-24 05:00:00,8278.0,8283.4,8275.6,8280.7,3600,1,0,3600
2024-04-24 06:00:00,8280.6,8281.2,8273.5,8276.3,3600,1,0,3600
2024-04-24 07:00:00,8276.2,8278.4,8270.8,8274.7,3600,1,0,3600
2024-04-24 08:00:00,8274.6,8281.2,8270.6,8271.0,3601,1,0,3601
2024-04-24 09:00:00,8270.9,8272.6,8261.1,8264.2,3600,1,0,3600
2024-04-24 10:00:00,8264.3,8269.6,8259.7,8260.0,3600,1,0,3600
2024-04-24 11:00:00,8260.1,8263.5,8255.3,8258.8,3600,1,0,3600
2024-04-24 12:00:00,8258.9,8269.3,8258.3,8265.6,3600,1,0,3600
2024-04-24 13:00:00,8265.5,8269.4,8257.6,8268.0,3600,1,0,3600
2024-04-24 14:00:00,8267.9,8269.0,8261.6,8266.0,3600,1,0,3600
2024-04-24 15:00:00,8265.9,8271.7,8263.1,8269.0,3600,1,0,3600
2024-04-24 16:00:00,8268.9,8276.1,8266.4,8273.8,3600,1,0,3600
2024-04-24 17:00:00,8273.7,8276.1,8266.6,8269.8,3600,1,0,3600
2024-04-24 18:00:00,8269.7,8280.7,8269.3,8275.6,3600,1,0,3600
2024-04-24 19:00:00,8275.5,8277.4,8263.8,8264.8,3600,1,0,3600
2024-04-24 20:00:00,8264.7,8266.7,8257.1,8265.8,3600,1,0,3600
2024-04-24 21:00:00,8265.7,8266.7,8254.0,8255.0,3600,1,0,3600
2024-04-24 22:00:00,8254.9,8263.9,8254.6,8262.2,3600,1,0,3600
2024-04-24 23:00:00,8262.3,8264.5,8255.1,8258.2,3600,1,0,3600
2024-04-25 00:00:00,8258.1,8262.4,8255.7,8258.2,3600,1,0,3600
2024-04-25 01:00:00,8258.3,8262.3,8250.5,8253.0,3600,1,0,3600
2024-04-25 02:00:00,8253.1,8260.3,8251.4,8258.0,3600,1,0,3600
2024-04-25 03:00:00,8258.1,8263.4,8255.8,8257.8,3600,1,0,3600
2024-04-25 04:00:00,8257.7,8258.1,8244.1,8244.4,3600,1,0,3600
2024-04-25 05:00:00,8244.5,8251.2,8240.1,8250.2,3600,1,0,3600
2024-04-25 06:00:00,8250.3,8254.8,8248.6,8250.6,3600,1,0,3600
2024-04-25 07:00:00,8250.7,8258.2,8248.2,8250.0,3600,1,0,3600
2024-04-25 08:00:00,8249.9,8250.5,8243.3,8248.2,3600,1,0,3600
2024-04-25 09:00:00,8248.3,8252.4,8243.2,8244.0,3600,1,0,3600
2024-04-25 10:00:00,8244.1,8245.4,8234.9,8240.6,3600,1,0,3600
2024-04-25 11:00:00,8240.5,8245.2,8238.4,8242.8,3600,1,0,3600
2024-04-25 12:00:00,8242.7,8251.4,8240.8,8247.0,3600,1,0,3600
2024-04-25 13:00:00,8246.9,8247.6,8237.7,8238.2,3600,1,0,3600
2024-04-25 14:00:00,8238.1,8247.3,8235.1,8241.4,3600,1,0,3600
2024-04-25 15:00:00,8241.5,8245.4,8239.4,8242.6,3600,1,0,3600
2024-04-25 16:00:00,8242.7,8242.8,8235.2,8239.2,3600,1,0,3600
2024-04-25 17:00:00,8239.3,8240.1,8232.9,8235.0,3600,1,0,3600
2024-04-25 18:00:00,8235.1,8235.9,8228.5,8232.0,3600,1,0,3600
2024-04-25 19:00:00,8232.1,8234.9,8227.5,8231.8,3600,1,0,3600
2024-04-25 20:00:00,8231.7,8233.2,8226.8,8228.8,3600,1,0,3600
2024-04-25 21:00:00,8228.9,8230.3,8222.0,8225.6,3600,1,0,3600
2024-04-25 22:00:00,8225.7,8228.4,8219.6,8221.8,3600,1,0,3600
2024-04-25 23:00:00,8221.7,8226.1,8217.7,8218.6,3600,1,0,3600
2024-04-26 00:00:00,8218.5,8227.2,8218.1,8225.7,3601,1,0,3601
2024-04-26 01:00:00,8225.6,8232.2,8219.4,8224.1,3600,1,0,3600
2024-04-26 02:00:00,8224.0,8226.5,8216.9,8218.5,3600,1,0,3600
2024-04-26 03:00:00,8218.6,8219.4,8208.4,8209.5,3600,1,0,3600
2024-04-26 04:00:00,8209.6,8214.0,8201.6,8213.1,3600,1,0,3600
2024-04-26 05:00:00,8213.0,8214.6,8204.6,8207.3,3600,1,0,3600
2024-04-26 06:00:00,8207.4,8216.3,8206.6,8209.7,3600,1,0,3600
2024-04-26 07:00:00,8209.8,8212.8,8207.9,8208.9,3600,1,0,3600
2024-04-26 08:00:00,8208.8,8212.4,8205.1,8208.7,3600,1,0,3600
2024-04-26 09:00:00,8208.8,8215.9,8208.1,8215.5,3600,1,0,3600
2024-04-26 10:00:00,8215.6,8225.1,8212.9,8224.7,3600,1,0,3600
2024-04-26 11:00:00,8224.8,8226.4,8218.1,8223.1,3600,1,0,3600
2024-04-26 12:00:00,8223.0,8231.9,8221.8,8231.3,3600,1,0,3600
2024-04-26 13:00:00,8231.4,8234.3,8222.8,8224.7,3600,1,0,3600
2024-04-26 14:00:00,8224.6,8236.9,8223.4,8230.5,3600,1,0,3600
2024-04-26 15:00:00,8230.4,8237.5,8225.3,8236.5,3600,1,0,3600
2024-04-26 16:00:00,8236.4,8249.4,8235.1,8242.7,3600,1,0,3600
2024-04-26 17:00:00,8242.6,8244.9,8238.1,8238.7,3600,1,0,3600
2024-04-26 18:00:00,8238.6,8242.1,8233.9,8234.3,3600,1,0,3600
2024-04-26 19:00:00,8234.4,8234.5,8221.8,8223.5,3600,1,0,3600
2024-04-26 20:00:00,8223.6,8224.5,8216.0,8221.3,3600,1,0,3600
2024-04-26 21:00:00,8221.4,8222.6,8216.6,8218.7,3600,1,0,3600
2024-04-26 22:00:00,8218.6,8230.3,8218.2,8228.3,3600,1,0,3600
2024-04-26 23:00:00,8228.4,8236.2,8226.6,8232.5,3600,1,0,3600
2024-04-27 00:00:00,8232.6,8232.9,8222.0,8226.7,3600,1,0,3600
2024-04-27 01:00:00,8226.8,8243.4,8226.3,8238.9,3600,1,0,3600
2024-04-27 02:00:00,8238.8,8247.2,8236.4,8246.1,3600,1,0,3600
2024-04-27 03:00:00,8246.2,8246.4,8237.5,8241.1,3600,1,0,3600
2024-04-27 04:00:00,8241.2,8244.9,8237.9,8240.7,3600,1,0,3600
2024-04-27 05:00:00,8240.6,8243.5,8233.2,8234.1,3600,1,0,3600
2024-04-27 06:00:00,8234.0,8239.3,8230.7,8239.1,3600,1,0,3600
2024-04-27 07:00:00,8239.0,8239.0,8226.4,8231.3,3600,1,0,3600
2024-04-27 08:00:00,8231.4,8237.4,8228.5,8232.9,3600,1,0,3600
2024-04-27 09:00:00,8233.0,8241.0,8232.2,8235.7,3600,1,0,3600
2024-04-27 10:00:00,8235.8,8238.5,8221.4,8222.9,3600,1,0,3600
2024-04-27 11:00:00,8222.8,8237.0,8222.1,8232.9,3600,1,0,3600
2024-04-27 12:00:00,8232.8,8236.1,8230.2,8231.5,3600,1,0,3600
2024-04-27 13:00:00,8231.6,8234.7,8227.5,8228.6,3601,1,0,3601
2024-04-27 14:00:00,8228.7,8228.7,8219.0,8222.0,3600,1,0,3600
2024-04-27 15:00:00,8221.9,8223.1,8216.3,8220.5,3599,1,0,3599
2024-04-27 16:00:00,8220.6,8230.8,8218.6,8230.5,3600,1,0,3600
2024-04-27 17:00:00,8230.6,8233.3,8227.7,8231.8,3601,1,0,3601
2024-04-27 18:00:00,8231.9,8235.4,8226.1,8229.4,3600,1,0,3600
2024-04-27 19:00:00,8229.3,8241.8,8229.2,8235.0,3600,1,0,3600
2024-04-27 20:00:00,8235.1,8243.0,8233.7,8241.4,3600,1,0,3600
2024-04-27 21:00:00,8241.3,8245.5,8238.6,8243.2,3600,1,0,3600
2024-04-27 22:00:00,8243.1,8245.0,8238.4,8243.2,3600,1,0,3600
2024-04-27 23:00:00,8243.3,8244.0,8230.3,8233.6,3600,1,0,3600
2024-04-28 00:00:00,8233.7,8233.9,8221.1,8221.6,3600,1,0,3600
2024-04-28 01:00:00,8221.5,8224.2,8216.5,8220.8,3600,1,0,3600
2024-04-28 02:00:00,8220.7,8230.7,8219.6,8222.6,3582,1,0,3582
2024-04-28 03:00:00,8222.5,8232.8,8218.9,8231.4,3600,1,0,3600
2024-04-28 04:00:00,8231.3,8239.3,8229.4,8237.6,3600,1,0,3600
2024-04-28 05:00:00,8237.7,8239.0,8231.1,8235.8,3600,1,0,3600
2024-04-28 06:00:00,8235.7,8241.0,8234.1,8239.4,3600,1,0,3600
2024-04-28 07:00:00,8239.5,8245.8,8236.6,8245.6,3600,1,0,3600
2024-04-28 08:00:00,8245.5,8253.5,8242.9,8252.8,3600,1,0,3600
2024-04-28 09:00:00,8252.7,8253.4,8247.4,8250.2,3600,1,0,3600
2024-04-28 10:00:00,8250.3,8252.2,8241.6,8245.0,3600,1,0,3600
2024-04-28 11:00:00,8244.9,8246.1,8235.2,8237.0,3600,1,0,3600
2024-04-28 12:00:00,8236.9,8238.5,8233.5,8237.0,3600,1,0,3600
2024-04-28 13:00:00,8237.1,8249.0,8235.6,8248.8,3600,1,0,3600
2024-04-28 14:00:00,8248.7,8249.4,8238.2,8239.6,3600,1,0,3600
2024-04-28 15:00:00,8239.5,8245.9,8237.1,8244.8,3600,1,0,3600
2024-04-28 16:00:00,8244.7,8251.4,8243.6,8248.6,3600,1,0,3600
2024-04-28 17:00:00,8248.7,8251.0,8243.1,8244.6,3600,1,0,3600
2024-04-28 18:00:00,8244.5,8248.7,8241.9,8247.0,3600,1,0,3600
2024-04-28 19:00:00,8247.1,8254.4,8247.0,8248.4,3600,1,0,3600
2024-04-28 20:00:00,8248.5,8250.3,8240.4,8243.2,3600,1,0,3600
2024-04-28 21:00:00,8243.3,8254.1,8242.4,8251.6,3600,1,0,3600
2024-04-28 22:00:00,8251.7,8252.2,8244.8,8252.0,3600,1,0,3600
2024-04-28 23:00:00,8252.1,8258.1,8248.9,8251.0,3600,1,0,3600
2024-04-29 00:00:00,8250.9,8254.2,8247.7,8251.8,3600,1,0,3600
2024-04-29 01:00:00,8251.9,8253.9,8247.5,8250.6,3600,1,0,3600
2024-04-29 02:00:00,8250.7,8255.7,8249.8,8254.6,3600,1,0,3600
2024-04-29 03:00:00,8254.7,8255.4,8248.4,8254.4,3600,1,0,3600
2024-04-29 04:00:00,8254.3,8262.6,8252.4,8256.8,3600,1,0,3600
2024-04-29 05:00:00,8256.7,8258.3,8247.3,8248.4,3600,1,0,3600
2024-04-29 06:00:00,8248.5,8256.4,8246.7,8255.6,3600,1,0,3600
2024-04-29 07:00:00,8255.7,8256.5,8246.0,8249.2,3600,1,0,3600
2024-04-29 08:00:00,8249.3,8249.9,8238.7,8241.1,3601,1,0,3601
2024-04-29 09:00:00,8241.0,8241.1,8228.3,8228.5,3600,1,0,3600
2024-04-29 10:00:00,8228.6,8233.6,8224.8,8232.2,3599,1,0,3599
2024-04-29 11:00:00,8232.1,8232.7,8227.3,8229.7,3601,1,0,3601
2024-04-29 12:00:00,8229.8,8233.6,8227.7,8233.3,3600,1,0,3600
2024-04-29 13:00:00,8233.2,8243.4,8232.9,8241.3,3600,1,0,3600
2024-04-29 14:00:00,8241.2,8241.2,8232.1,8238.3,3600,1,0,3600
2024-04-29 15:00:00,8238.2,8240.7,8231.7,8237.7,3600,1,0,3600
2024-04-29 16:00:00,8237.8,8249.7,8236.5,8243.1,3600,1,0,3600
2024-04-29 17:00:00,8243.2,8250.1,8242.0,8248.3,3600,1,0,3600
2024-04-29 18:00:00,8248.2,8250.5,8236.2,8241.3,3600,1,0,3600
2024-04-29 19:00:00,8241.4,8245.6,8233.9,8237.1,3600,1,0,3600
2024-04-29 20:00:00,8237.0,8241.8,8231.0,8235.3,3600,1,0,3600
2024-04-29 21:00:00,8235.4,8246.6,8234.9,8246.1,3600,1,0,3600
2024-04-29 22:00:00,8246.2,8252.6,8244.6,8248.9,3600,1,0,3600
2024-04-29 23:00:00,8249.0,8256.2,8248.5,8252.9,3600,1,0,3600
2024-04-30 00:00:00,8253.0,8256.4,8248.8,8252.3,3600,1,0,3600
2024-04-30 01:00:00,8252.4,8258.8,8251.8,8253.5,3600,1,0,3600
2024-04-30 02:00:00,8253.4,8258.6,8250.6,8254.5,3600,1,0,3600
2024-04-30 03:00:00,8254.4,8258.1,8250.7,8255.1,3600,1,0,3600
2024-04-30 04:00:00,8255.2,8265.7,8255.0,8263.5,3600,1,0,3600
2024-04-30 05:00:00,8263.6,8266.4,8256.5,8265.9,3600,1,0,3600
2024-04-30 06:00:00,8265.8,8273.4,8265.6,8271.1,3600,1,0,3600
2024-04-30 07:00:00,8271.2,8272.6,8265.0,8270.5,3600,1,0,3600
2024-04-30 08:00:00,8270.6,8272.0,8262.8,8266.1,3600,1,0,3600
2024-04-30 09:00:00,8266.2,8267.1,8258.8,8259.1,3600,1,0,3600
2024-04-30 10:00:00,8259.0,8268.0,8258.2,8266.9,3600,1,0,3600
2024-04-30 11:00:00,8267.0,8271.6,8262.1,8266.1,3590,1,0,3590
2024-04-30 12:00:00,8266.0,8276.5,8265.3,8274.1,3600,1,0,3600
2024-04-30 13:00:00,8274.2,8277.2,8270.5,8276.5,3600,1,0,3600
2024-04-30 14:00:00,8276.6,8281.1,8272.4,8272.5,3600,1,0,3600
2024-04-30 15:00:00,8272.4,8274.4,8267.1,8270.3,3600,1,0,3600
2024-04-30 16:00:00,8270.2,8271.5,8246.3,8246.3,3600,1,0,3600
2024-04-30 17:00:00,8246.4,8251.5,8245.0,8245.9,3600,1,0,3600
2024-04-30 18:00:00,8246.0,8252.5,8244.2,8248.9,3600,1,0,3600
2024-04-30 19:00:00,8248.8,8262.6,8248.5,8256.3,3600,1,0,3600
2024-04-30 20:00:00,8256.2,8261.3,8254.5,8257.5,3600,1,0,3600
2024-04-30 21:00:00,8257.4,8263.5,8254.4,8262.7,3600,1,0,3600
2024-04-30 22:00:00,8262.8,8270.2,8259.2,8269.3,3600,1,0,3600
2024-04-30 23:00:00,8269.4,8270.3,8263.2,8267.3,3600,1,0,3600
2024-05-01 00:00:00,8267.4,8269.5,8257.8,8267.3,3600,1,0,3600
2024-05-01 01:00:00,8267.2,8273.7,8266.8,8272.1,3600,1,0,3600
2024-05-01 02:00:00,8272.0,8286.2,8271.9,8284.1,3600,1,0,3600
2024-05-01 03:00:00,8284.2,8294.6,8284.2,8290.5,3600,1,0,3600
2024-05-01 04:00:00,8290.4,8290.5,8281.9,8286.9,3600,1,0,3600
2024-05-01 05:00:00,8286.8,8291.9,8285.5,8290.7,3600,1,0,3600
2024-05-01 06:00:00,8290.6,8297.1,8288.2,8293.7,3600,1,0,3600
2024-05-01 07:00:00,8293.6,8297.2,8285.6,8287.1,3600,1,0,3600
2024-05-01 08:00:00,8287.2,8287.6,8276.9,8284.1,3600,1,0,3600
2024-05-01 09:00:00,8284.0,8287.8,8282.3,8283.1,3600,1,0,3600
2024-05-01 10:00:00,8283.2,8284.6,8276.1,8276.3,3600,1,0,3600
2024-05-01 11:00:00,8276.4,8281.0,8271.6,8280.3,3600,1,0,3600
2024-05-01 12:00:00,8280.2,8287.2,8274.1,8286.5,3600,1,0,3600
2024-05-01 13:00:00,8286.6,8289.4,8275.9,8278.7,3600,1,0,3600
2024-05-01 14:00:00,8278.8,8281.8,8270.7,8276.9,3600,1,0,3600
2024-05-01 15:00:00,8276.8,8280.1,8271.5,8275.5,3600,1,0,3600
2024-05-01 16:00:00,8275.4,8287.0,8275.1,8281.7,3600,1,0,3600
2024-05-01 17:00:00,8281.8,8291.7,8281.8,8289.1,3600,1,0,3600
2024-05-01 18:00:00,8289.0,8297.8,8286.9,8290.5,3600,1,0,3600
2024-05-01 19:00:00,8290.4,8291.6,8285.1,8286.1,3600,1,0,3600
2024-05-01 20:00:00,8286.2,8292.8,8284.2,8291.3,3600,1,0,3600
2024-05-01 21:00:00,8291.4,8300.6,8289.7,8295.5,3600,1,0,3600
2024-05-01 22:00:00,8295.6,8301.7,8295.5,8296.3,3600,1,0,3600
2024-05-01 23:00:00,8296.2,8300.0,8289.2,8299.1,3600,1,0,3600
2024-05-02 00:00:00,8299.0,8299.7,8291.5,8292.3,3600,1,0,3600
2024-05-02 01:00:00,8292.4,8294.1,8285.6,8286.5,3600,1,0,3600
2024-05-02 02:00:00,8286.4,8288.9,8279.3,8279.3,3600,1,0,3600
2024-05-02 03:00:00,8279.2,8283.9,8278.2,8283.1,3600,1,0,3600
2024-05-02 04:00:00,8283.2,8291.5,8283.0,8288.3,3600,1,0,3600
2024-05-02 05:00:00,8288.2,8296.1,8286.4,8290.7,3600,1,0,3600
2024-05-02 06:00:00,8290.8,8295.3,8287.5,8288.7,3600,1,0,3600
2024-05-02 07:00:00,8288.6,8295.6,8286.3,8292.6,2583,1,0,2583
2024-05-02 08:00:00,8292.7,8298.7,8291.6,8296.4,3600,1,0,3600
2024-05-02 09:00:00,8296.3,8299.5,8284.8,8286.2,3600,1,0,3600
2024-05-02 10:00:00,8286.1,8292.3,8285.0,8291.8,3600,1,0,3600
2024-05-02 11:00:00,8291.7,8304.2,8289.7,8304.2,3600,1,0,3600
2024-05-02 12:00:00,8304.3,8309.0,8301.5,8308.2,3600,1,0,3600
2024-05-02 13:00:00,8308.1,8311.0,8297.1,8297.2,3600,1,0,3600
2024-05-02 14:00:00,8297.3,8304.8,8292.3,8303.2,3592,1,0,3592
2024-05-02 15:00:00,8303.1,8307.7,8299.9,8305.4,3600,1,0,3600
2024-05-02 16:00:00,8305.5,8307.4,8300.1,8301.0,3600,1,0,3600
2024-05-02 17:00:00,8301.1,8307.8,8297.4,8297.8,3600,1,0,3600
2024-05-02 18:00:00,8297.7,8302.4,8293.5,8294.6,3600,1,0,3600
2024-05-02 19:00:00,8294.7,8294.9,8283.8,8286.4,3600,1,0,3600
2024-05-02 20:00:00,8286.5,8288.7,8280.2,8282.0,3600,1,0,3600
2024-05-02 21:00:00,8281.9,8283.9,8271.9,8272.6,3600,1,0,3600
2024-05-02 22:00:00,8272.7,8275.8,8269.0,8270.6,3600,1,0,3600
2024-05-02 23:00:00,8270.7,8274.3,8264.8,8268.0,3600,1,0,3600
2024-05-03 00:00:00,8267.9,8269.2,8264.1,8267.2,3600,1,0,3600
2024-05-03 01:00:00,8267.1,8274.4,8266.6,8273.0,3600,1,0,3600
2024-05-03 02:00:00,8272.9,8276.9,8269.9,8273.8,3600,1,0,3600
2024-05-03 03:00:00,8273.9,8278.0,8272.2,8275.8,3600,1,0,3600
2024-05-03 04:00:00,8275.7,8282.3,8273.8,8274.6,3600,1,0,3600
2024-05-03 05:00:00,8274.7,8276.2,8267.7,8271.2,3600,1,0,3600
2024-05-03 06:00:00,8271.1,8273.7,8266.8,8271.2,3600,1,0,3600
2024-05-03 07:00:00,8271.1,8276.9,8269.9,8273.8,3600,1,0,3600
2024-05-03 08:00:00,8273.7,8277.2,8269.1,8271.6,3600,1,0,3600
2024-05-03 09:00:00,8271.7,8285.5,8271.0,8284.0,3600,1,0,3600
2024-05-03 10:00:00,8284.1,8288.6,8282.7,8288.6,3600,1,0,3600
2024-05-03 11:00:00,8288.5,8291.9,8281.1,8287.8,3600,1,0,3600
2024-05-03 12:00:00,8287.9,8291.4,8284.1,8286.2,3600,1,0,3600
2024-05-03 13:00:00,8286.1,8286.4,8274.2,8281.4,3600,1,0,3600
2024-05-03 14:00:00,8281.5,8285.3,8274.0,8281.6,3600,1,0,3600
2024-05-03 15:00:00,8281.5,8285.1,8277.3,8280.2,3600,1,0,3600
2024-05-03 16:00:00,8280.1,8286.6,8278.6,8286.4,3600,1,0,3600
2024-05-03 17:00:00,8286.3,8293.2,8283.7,8287.4,3600,1,0,3600
2024-05-03 18:00:00,8287.5,8289.0,8283.0,8283.0,3600,1,0,3600
2024-05-03 19:00:00,8282.9,8287.5,8282.1,8286.6,3600,1,0,3600
2024-05-03 20:00:00,8286.7,8290.4,8283.0,8286.2,3600,1,0,3600
2024-05-03 21:00:00,8286.3,8289.6,8280.0,8281.4,3600,1,0,3600
2024-05-03 22:00:00,8281.3,8289.7,8279.7,8286.4,3600,1,0,3600
2024-05-03 23:00:00,8286.5,8294.7,8285.8,8291.6,3600,1,0,3600
2024-05-04 00:00:00,8291.7,8296.4,8289.3,8291.0,3600,1,0,3600
2024-05-04 01:00:00,8291.1,8291.1,8284.1,8286.2,3600,1,0,3600
2024-05-04 02:00:00,8286.1,8288.2,8279.2,8280.8,3600,1,0,3600
2024-05-04 03:00:00,8280.7,8281.2,8273.4,8274.2,3600,1,0,3600
2024-05-04 04:00:00,8274.3,8274.5,8261.6,8267.0,3600,1,0,3600
2024-05-04 05:00:00,8267.1,8279.2,8266.9,8279.0,3600,1,0,3600
2024-05-04 06:00:00,8279.1,8282.5,8270.5,8275.8,3600,1,0,3600
2024-05-04 07:00:00,8275.9,8277.5,8270.4,8276.6,3600,1,0,3600
2024-05-04 08:00:00,8276.5,8281.0,8272.1,8273.0,3600,1,0,3600
2024-05-04 09:00:00,8273.1,8273.6,8263.4,8264.0,3600,1,0,3600
2024-05-04 10:00:00,8264.1,8269.0,8262.5,8268.0,3600,1,0,3600
2024-05-04 11:00:00,8268.1,8273.1,8266.2,8268.4,3600,1,0,3600
2024-05-04 12:00:00,8268.5,8271.9,8265.0,8270.6,3600,1,0,3600
2024-05-04 13:00:00,8270.5,8275.9,8267.5,8272.6,3600,1,0,3600
2024-05-04 14:00:00,8272.5,8272.5,8263.2,8269.6,3600,1,0,3600
2024-05-04 15:00:00,8269.7,8273.0,8268.1,8271.8,3600,1,0,3600
2024-05-04 16:00:00,8271.9,8274.4,8265.7,8265.8,3600,1,0,3600
2024-05-04 17:00:00,8265.7,8272.3,8263.4,8272.2,3600,1,0,3600
2024-05-04 18:00:00,8272.3,8272.4,8261.8,8262.2,3600,1,0,3600
2024-05-04 19:00:00,8262.1,8262.5,8257.4,8259.8,3600,1,0,3600
2024-05-04 20:00:00,8259.9,8259.9,8246.2,8247.4,3600,1,0,3600
2024-05-04 21:00:00,8247.3,8250.7,8239.2,8239.6,3600,1,0,3600
2024-05-04 22:00:00,8239.7,8248.1,8238.1,8246.6,3600,1,0,3600
2024-05-04 23:00:00,8246.7,8251.9,8242.8,8250.4,3600,1,0,3600
2024-05-05 00:00:00,8250.3,8251.7,8243.8,8244.2,3600,1,0,3600
2024-05-05 01:00:00,8244.1,8250.0,8239.1,8240.8,3600,1,0,3600
2024-05-05 02:00:00,8240.7,8246.7,8239.6,8243.0,3600,1,0,3600
2024-05-05 03:00:00,8243.1,8249.2,8235.9,8248.4,3600,1,0,3600
2024-05-05 04:00:00,8248.5,8251.4,8243.0,8245.8,3600,1,0,3600
2024-05-05 05:00:00,8245.7,8245.8,8236.3,8238.2,3600,1,0,3600
2024-05-05 06:00:00,8238.1,8239.6,8230.7,8234.0,3600,1,0,3600
2024-05-05 07:00:00,8234.1,8238.2,8230.4,8231.2,3600,1,0,3600
2024-05-05 08:00:00,8231.1,8232.5,8222.0,8224.4,3600,1,0,3600
2024-05-05 09:00:00,8224.3,8227.2,8220.5,8224.6,3600,1,0,3600
2024-05-05 10:00:00,8224.5,8226.2,8216.2,8221.2,3600,1,0,3600
2024-05-05 11:00:00,8221.1,8225.3,8216.1,8225.2,3600,1,0,3600
2024-05-05 12:00:00,8225.1,8231.2,8225.0,8227.4,3600,1,0,3600
2024-05-05 13:00:00,8227.3,8228.7,8222.3,8224.4,3600,1,0,3600
2024-05-05 14:00:00,8224.3,8228.7,8222.9,8225.2,3600,1,0,3600
2024-05-05 15:00:00,8225.3,8229.3,8212.3,8215.8,3600,1,0,3600
2024-05-05 16:00:00,8215.7,8215.9,8208.5,8212.8,3600,1,0,3600
2024-05-05 17:00:00,8212.7,8215.9,8210.4,8212.6,3600,1,0,3600
2024-05-05 18:00:00,8212.5,8214.8,8204.6,8205.6,3600,1,0,3600
2024-05-05 19:00:00,8205.5,8214.3,8205.3,8212.8,3600,1,0,3600
2024-05-05 20:00:00,8212.7,8218.4,8211.4,8215.2,3600,1,0,3600
2024-05-05 21:00:00,8215.1,8218.5,8209.6,8216.2,3600,1,0,3600
2024-05-05 22:00:00,8216.3,8219.0,8210.0,8213.4,3600,1,0,3600
2024-05-05 23:00:00,8213.3,8216.5,8211.9,8215.2,3600,1,0,3600
2024-05-06 00:00:00,8215.3,8215.7,8208.6,8210.0,3600,1,0,3600
2024-05-06 01:00:00,8209.9,8214.9,8205.9,8210.2,3600,1,0,3600
2024-05-06 02:00:00,8210.3,8217.7,8208.9,8216.0,3562,1,0,3562
2024-05-06 03:00:00,8215.9,8219.2,8208.2,8209.8,3600,1,0,3600
2024-05-06 04:00:00,8209.9,8213.2,8206.8,8210.6,3600,1,0,3600
2024-05-06 05:00:00,8210.7,8215.6,8206.9,8214.4,3600,1,0,3600
2024-05-06 06:00:00,8214.3,8214.7,8208.0,8213.1,3595,1,0,3595
2024-05-06 07:00:00,8213.0,8222.1,8211.1,8221.5,3600,1,0,3600
2024-05-06 08:00:00,8221.6,8222.5,8217.5,8219.9,3600,1,0,3600
2024-05-06 09:00:00,8219.8,8226.2,8215.1,8215.3,3600,1,0,3600
2024-05-06 10:00:00,8215.2,8225.8,8214.2,8221.5,3600,1,0,3600
2024-05-06 11:00:00,8221.6,8228.5,8219.5,8224.7,3600,1,0,3600
2024-05-06 12:00:00,8224.6,8225.1,8215.3,8215.3,3600,1,0,3600
2024-05-06 13:00:00,8215.4,8226.0,8215.2,8224.3,3600,1,0,3600
2024-05-06 14:00:00,8224.2,8227.8,8217.8,8220.3,3600,1,0,3600
2024-05-06 15:00:00,8220.2,8227.3,8218.3,8219.5,3600,1,0,3600
2024-05-06 16:00:00,8219.4,8221.3,8214.3,8216.1,3600,1,0,3600
2024-05-06 17:00:00,8216.0,8218.6,8211.1,8216.5,3600,1,0,3600
2024-05-06 18:00:00,8216.4,8220.8,8211.0,8216.7,3600,1,0,3600
2024-05-06 19:00:00,8216.8,8220.1,8213.2,8213.9,3600,1,0,3600
2024-05-06 20:00:00,8214.0,8217.6,8210.5,8214.9,3600,1,0,3600
2024-05-06 21:00:00,8215.0,8215.3,8208.3,8213.3,3600,1,0,3600
2024-05-06 22:00:00,8213.4,8223.3,8213.4,8223.3,3600,1,0,3600
2024-05-06 23:00:00,8223.2,8231.4,8220.2,8230.5,3600,1,0,3600
2024-05-07 00:00:00,8230.4,8232.7,8222.9,8232.1,3600,1,0,3600
2024-05-07 01:00:00,8232.0,8236.7,8229.0,8229.1,3600,1,0,3600
2024-05-07 02:00:00,8229.0,8235.6,8227.1,8231.9,3600,1,0,3600
2024-05-07 03:00:00,8231.8,8238.5,8231.3,8238.3,3600,1,0,3600
2024-05-07 04:00:00,8238.2,8242.0,8232.6,8239.9,3600,1,0,3600
2024-05-07 05:00:00,8240.0,8241.2,8226.0,8227.3,3600,1,0,3600
2024-05-07 06:00:00,8227.2,8230.8,8225.6,8226.9,3600,1,0,3600
2024-05-07 07:00:00,8226.8,8231.9,8226.1,8226.7,3600,1,0,3600
2024-05-07 08:00:00,8226.6,8229.1,8221.0,8223.7,3600,1,0,3600
2024-05-07 09:00:00,8223.6,8225.5,8219.4,8220.9,3600,1,0,3600
2024-05-07 10:00:00,8220.8,8228.0,8220.8,8225.5,3600,1,0,3600
2024-05-07 11:00:00,8225.4,8230.5,8222.7,8225.3,3600,1,0,3600
2024-05-07 12:00:00,8225.4,8228.2,8218.0,8218.1,3600,1,0,3600
2024-05-07 13:00:00,8218.2,8221.2,8213.9,8216.1,3600,1,0,3600
2024-05-07 14:00:00,8216.0,8218.6,8205.7,8206.3,3600,1,0,3600
2024-05-07 15:00:00,8206.4,8206.8,8200.1,8202.5,3600,1,0,3600
2024-05-07 16:00:00,8202.4,8206.1,8195.7,8201.3,3600,1,0,3600
2024-05-07 17:00:00,8201.2,8204.8,8199.0,8200.3,3600,1,0,3600
2024-05-07 18:00:00,8200.2,8200.4,8187.7,8188.1,3600,1,0,3600
2024-05-07 19:00:00,8188.2,8191.6,8185.5,8190.7,3600,1,0,3600
2024-05-07 20:00:00,8190.8,8190.8,8181.4,8183.9,3600,1,0,3600
2024-05-07 21:00:00,8183.8,8184.0,8171.2,8173.7,3600,1,0,3600
2024-05-07 22:00:00,8173.8,8177.5,8170.4,8177.1,3600,1,0,3600
2024-05-07 23:00:00,8177.2,8184.4,8174.6,8178.7,3600,1,0,3600
2024-05-08 00:00:00,8178.6,8182.7,8175.8,8179.9,3600,1,0,3600
2024-05-08 01:00:00,8179.8,8191.7,8177.8,8191.5,3600,1,0,3600
2024-05-08 02:00:00,8191.4,8199.8,8189.7,8198.7,3600,1,0,3600
2024-05-08 03:00:00,8198.8,8204.9,8197.8,8201.3,3600,1,0,3600
2024-05-08 04:00:00,8201.4,8205.9,8195.6,8201.5,3600,1,0,3600
2024-05-08 05:00:00,8201.6,8208.6,8197.3,8207.2,3595,1,0,3595
2024-05-08 06:00:00,8207.1,8215.7,8206.5,8213.8,3600,1,0,3600
2024-05-08 07:00:00,8213.9,8215.9,8211.6,8212.8,3600,1,0,3600
2024-05-08 08:00:00,8212.9,8220.6,8212.8,8216.0,3600,1,0,3600
2024-05-08 09:00:00,8216.1,8222.5,8213.7,8220.8,3600,1,0,3600
2024-05-08 10:00:00,8220.7,8230.0,8219.7,8227.4,3600,1,0,3600
2024-05-08 11:00:00,8227.5,8229.1,8220.7,8224.6,3600,1,0,3600
2024-05-08 12:00:00,8224.5,8226.4,8220.5,8223.2,3600,1,0,3600
2024-05-08 13:00:00,8223.3,8230.8,8219.9,8229.2,3600,1,0,3600
2024-05-08 14:00:00,8229.3,8234.5,8225.7,8234.2,3600,1,0,3600
2024-05-08 15:00:00,8234.3,8235.4,8224.3,8228.0,3600,1,0,3600
2024-05-08 16:00:00,8228.1,8228.3,8219.5,8224.6,3600,1,0,3600
2024-05-08 17:00:00,8224.7,8224.7,8213.9,8215.2,3600,1,0,3600
2024-05-08 18:00:00,8215.3,8218.8,8207.8,8209.8,3600,1,0,3600
2024-05-08 19:00:00,8209.9,8216.7,8207.5,8211.4,3600,1,0,3600
2024-05-08 20:00:00,8211.3,8214.8,8208.1,8210.0,3600,1,0,3600
2024-05-08 21:00:00,8210.1,8217.1,8206.9,8210.0,3600,1,0,3600
2024-05-08 22:00:00,8210.1,8213.9,8208.3,8209.0,3600,1,0,3600
2024-05-08 23:00:00,8208.9,8213.3,8205.8,8209.4,3600,1,0,3600
2024-05-09 00:00:00,8209.5,8220.3,8205.6,8218.4,3600,1,0,3600
2024-05-09 01:00:00,8218.5,8220.5,8210.4,8210.8,3600,1,0,3600
2024-05-09 02:00:00,8210.9,8211.8,8200.6,8202.6,3600,1,0,3600
2024-05-09 03:00:00,8202.5,8209.0,8201.6,8207.8,3600,1,0,3600
2024-05-09 04:00:00,8207.9,8209.0,8202.1,8203.6,3600,1,0,3600
2024-05-09 05:00:00,8203.5,8213.8,8203.2,8206.2,3600,1,0,3600
2024-05-09 06:00:00,8206.1,8207.4,8192.4,8195.4,3600,1,0,3600
2024-05-09 07:00:00,8195.5,8200.5,8193.7,8199.2,3600,1,0,3600
2024-05-09 08:00:00,8199.1,8206.5,8197.7,8201.8,3600,1,0,3600
2024-05-09 09:00:00,8201.9,8203.1,8196.3,8201.0,3600,1,0,3600
2024-05-09 10:00:00,8200.9,8201.5,8191.7,8201.0,3600,1,0,3600
2024-05-09 11:00:00,8200.9,8203.1,8196.5,8202.4,3600,1,0,3600
2024-05-09 12:00:00,8202.5,8208.2,8202.0,8205.6,3600,1,0,3600
2024-05-09 13:00:00,8205.7,8219.5,8204.5,8219.4,3600,1,0,3600
2024-05-09 14:00:00,8219.5,8221.9,8214.2,8217.2,3600,1,0,3600
2024-05-09 15:00:00,8217.1,8218.9,8204.8,8206.6,3600,1,0,3600
2024-05-09 16:00:00,8206.5,8211.7,8204.1,8207.4,3600,1,0,3600
2024-05-09 17:00:00,8207.3,8214.2,8207.1,8212.6,3600,1,0,3600
2024-05-09 18:00:00,8212.5,8219.2,8210.3,8211.0,3600,1,0,3600
2024-05-09 19:00:00,8211.1,8216.8,8208.5,8211.2,3600,1,0,3600
2024-05-09 20:00:00,8211.3,8215.6,8209.5,8213.0,3600,1,0,3600
2024-05-09 21:00:00,8213.1,8220.6,8210.0,8219.0,3600,1,0,3600
2024-05-09 22:00:00,8218.9,8223.2,8216.9,8223.0,3600,1,0,3600
2024-05-09 23:00:00,8222.9,8225.1,8215.4,8218.6,3600,1,0,3600
2024-05-10 00:00:00,8218.5,8219.0,8206.0,8209.0,3592,1,0,3592
2024-05-10 01:00:00,8208.9,8212.3,8205.8,8209.0,3600,1,0,3600
2024-05-10 02:00:00,8208.9,8211.9,8204.3,8207.2,3600,1,0,3600
2024-05-10 03:00:00,8207.1,8215.1,8206.2,8213.4,3600,1,0,3600
2024-05-10 04:00:00,8213.3,8217.7,8211.5,8214.8,3600,1,0,3600
2024-05-10 05:00:00,8214.7,8223.5,8212.7,8219.8,3600,1,0,3600
2024-05-10 06:00:00,8219.7,8228.3,8217.8,8218.2,3600,1,0,3600
2024-05-10 07:00:00,8218.3,8222.8,8216.4,8219.0,3600,1,0,3600
2024-05-10 08:00:00,8219.1,8223.0,8215.4,8219.0,3600,1,0,3600
2024-05-10 09:00:00,8219.1,8222.7,8216.5,8222.4,3600,1,0,3600
2024-05-10 10:00:00,8222.3,8222.7,8217.8,8220.0,3600,1,0,3600
2024-05-10 11:00:00,8219.9,8224.1,8214.4,8217.8,3600,1,0,3600
2024-05-10 12:00:00,8217.9,8226.8,8217.7,8221.8,3600,1,0,3600
2024-05-10 13:00:00,8221.9,8228.9,8219.2,8219.6,3600,1,0,3600
2024-05-10 14:00:00,8219.5,8220.3,8209.8,8219.8,3600,1,0,3600
2024-05-10 15:00:00,8219.7,8225.6,8218.7,8220.4,3600,1,0,3600
2024-05-10 16:00:00,8220.5,8222.3,8214.7,8220.2,3600,1,0,3600
2024-05-10 17:00:00,8220.3,8222.4,8207.9,8212.0,3600,1,0,3600
2024-05-10 18:00:00,8211.9,8215.7,8207.2,8213.6,3600,1,0,3600
2024-05-10 19:00:00,8213.7,8217.2,8209.2,8214.6,3600,1,0,3600
2024-05-10 20:00:00,8214.5,8218.8,8209.5,8217.2,3600,1,0,3600
2024-05-10 21:00:00,8217.3,8218.6,8210.4,8210.8,3600,1,0,3600
2024-05-10 22:00:00,8210.9,8211.7,8199.1,8204.2,3600,1,0,3600
2024-05-10 23:00:00,8204.1,8208.8,8199.5,8202.8,3600,1,0,3600
2024-05-11 00:00:00,8202.7,8207.5,8199.7,8206.6,3600,1,0,3600
2024-05-11 01:00:00,8206.7,8214.9,8204.3,8213.8,3600,1,0,3600
2024-05-11 02:00:00,8213.9,8214.8,8208.2,8214.0,3600,1,0,3600
2024-05-11 03:00:00,8214.1,8220.8,8207.1,8220.0,3600,1,0,3600
2024-05-11 04:00:00,8220.1,8220.1,8207.9,8213.6,3600,1,0,3600
2024-05-11 05:00:00,8213.5,8220.7,8212.7,8213.8,3600,1,0,3600
2024-05-11 06:00:00,8213.9,8215.9,8204.2,8204.8,3600,1,0,3600
2024-05-11 07:00:00,8204.9,8209.9,8204.3,8209.6,3600,1,0,3600
2024-05-11 08:00:00,8209.7,8210.3,8200.7,8201.0,3600,1,0,3600
2024-05-11 09:00:00,8201.1,8211.6,8200.4,8205.6,3600,1,0,3600
2024-05-11 10:00:00,8205.5,8212.6,8198.4,8210.2,3600,1,0,3600
2024-05-11 11:00:00,8210.3,8215.8,8207.0,8215.8,3600,1,0,3600
2024-05-11 12:00:00,8215.7,8220.3,8212.5,8213.6,3600,1,0,3600
2024-05-11 13:00:00,8213.5,8223.6,8213.1,8220.0,3600,1,0,3600
2024-05-11 14:00:00,8219.9,8236.1,8219.6,8232.4,3600,1,0,3600
2024-05-11 15:00:00,8232.3,8234.5,8228.7,8231.0,3600,1,0,3600
2024-05-11 16:00:00,8230.9,8236.8,8225.5,8234.8,3600,1,0,3600
2024-05-11 17:00:00,8234.7,8240.6,8231.4,8238.0,3600,1,0,3600
2024-05-11 18:00:00,8237.9,8240.9,8227.7,8230.0,3600,1,0,3600
2024-05-11 19:00:00,8229.9,8237.3,8229.4,8231.2,3600,1,0,3600
2024-05-11 20:00:00,8231.1,8246.8,8231.0,8246.8,3600,1,0,3600
2024-05-11 21:00:00,8246.7,8250.9,8241.4,8245.8,3600,1,0,3600
2024-05-11 22:00:00,8245.7,8248.0,8239.0,8246.8,3600,1,0,3600
2024-05-11 23:00:00,8246.9,8253.4,8245.7,8248.2,3600,1,0,3600
2024-05-12 00:00:00,8248.3,8250.0,8243.0,8243.0,3600,1,0,3600
2024-05-12 01:00:00,8243.1,8243.6,8236.4,8242.0,3600,1,0,3600
2024-05-12 02:00:00,8242.1,8245.8,8237.2,8245.4,3600,1,0,3600
2024-05-12 03:00:00,8245.3,8250.5,8243.1,8248.2,3600,1,0,3600
2024-05-12 04:00:00,8248.1,8254.1,8243.4,8252.2,3600,1,0,3600
2024-05-12 05:00:00,8252.1,8258.9,8241.1,8241.6,3600,1,0,3600
2024-05-12 06:00:00,8241.7,8241.7,8233.3,8239.2,3600,1,0,3600
2024-05-12 07:00:00,8239.3,8242.1,8233.6,8235.0,3600,1,0,3600
2024-05-12 08:00:00,8234.9,8240.0,8233.4,8239.0,3600,1,0,3600
2024-05-12 09:00:00,8239.1,8247.0,8235.7,8246.8,3600,1,0,3600
2024-05-12 10:00:00,8246.7,8254.3,8241.5,8253.4,3600,1,0,3600
2024-05-12 11:00:00,8253.3,8260.3,8251.3,8259.2,3600,1,0,3600
2024-05-12 12:00:00,8259.3,8260.0,8250.3,8255.2,3600,1,0,3600
2024-05-12 13:00:00,8255.3,8261.0,8252.4,8256.4,3600,1,0,3600
2024-05-12 14:00:00,8256.5,8264.9,8255.1,8262.4,3600,1,0,3600
2024-05-12 15:00:00,8262.3,8271.0,8256.9,8271.0,3600,1,0,3600
2024-05-12 16:00:00,8270.9,8273.0,8261.3,8269.4,3600,1,0,3600
2024-05-12 17:00:00,8269.5,8271.2,8256.0,8258.4,3600,1,0,3600
2024-05-12 18:00:00,8258.3,8263.5,8257.6,8261.8,3600,1,0,3600
2024-05-12 19:00:00,8261.7,8262.8,8253.1,8254.6,3600,1,0,3600
2024-05-12 20:00:00,8254.5,8256.8,8249.1,8252.8,3600,1,0,3600
2024-05-12 21:00:00,8252.7,8257.5,8250.8,8253.2,3600,1,0,3600
2024-05-12 22:00:00,8253.1,8257.3,8251.9,8253.4,3600,1,0,3600
2024-05-12 23:00:00,8253.5,8257.9,8252.4,8255.0,3600,1,0,3600
2024-05-13 00:00:00,8254.9,8260.4,8246.5,8259.4,3600,1,0,3600
2024-05-13 01:00:00,8259.3,8274.9,8258.4,8273.3,2838,1,0,2838
2024-05-13 02:00:00,8273.2,8274.0,8266.5,8268.3,3600,1,0,3600
2024-05-13 03:00:00,8268.2,8270.2,8262.9,8265.7,3600,1,0,3600
2024-05-13 04:00:00,8265.8,8266.2,8257.7,8259.1,3600,1,0,3600
2024-05-13 05:00:00,8259.0,8265.8,8254.6,8263.5,3600,1,0,3600
2024-05-13 06:00:00,8263.4,8270.5,8259.8,8266.7,3600,1,0,3600
2024-05-13 07:00:00,8266.6,8273.4,8261.2,8269.5,3600,1,0,3600
2024-05-13 08:00:00,8269.6,8269.7,8259.3,8261.1,3600,1,0,3600
2024-05-13 09:00:00,8261.2,8261.2,8252.2,8253.7,3600,1,0,3600
2024-05-13 10:00:00,8253.8,8256.2,8247.2,8249.9,3600,1,0,3600
2024-05-13 11:00:00,8250.0,8251.0,8241.3,8242.1,3600,1,0,3600
2024-05-13 12:00:00,8242.0,8245.7,8238.4,8242.1,3600,1,0,3600
2024-05-13 13:00:00,8242.0,8242.8,8231.9,8232.7,3600,1,0,3600
2024-05-13 14:00:00,8232.6,8234.0,8221.9,8224.9,3600,1,0,3600
2024-05-13 15:00:00,8224.8,8231.4,8223.0,8225.9,3600,1,0,3600
2024-05-13 16:00:00,8226.0,8227.2,8220.7,8222.9,3600,1,0,3600
2024-05-13 17:00:00,8223.0,8228.5,8221.8,8228.5,3600,1,0,3600
2024-05-13 18:00:00,8228.4,8229.0,8210.0,8212.7,3600,1,0,3600
2024-05-13 19:00:00,8212.8,8213.4,8197.6,8198.7,3600,1,0,3600
2024-05-13 20:00:00,8198.6,8200.3,8194.2,8197.3,3600,1,0,3600
2024-05-13 21:00:00,8197.4,8201.4,8195.9,8197.9,3600,1,0,3600
2024-05-13 22:00:00,8197.8,8201.3,8191.9,8194.1,3600,1,0,3600
2024-05-13 23:00:00,8194.2,8195.1,8181.8,8182.1,3600,1,0,3600
2024-05-14 00:00:00,8182.0,8188.7,8181.9,8185.5,3600,1,0,3600
2024-05-14 01:00:00,8185.6,8187.1,8182.2,8185.3,3600,1,0,3600
2024-05-14 02:00:00,8185.4,8189.7,8173.8,8175.3,3600,1,0,3600
2024-05-14 03:00:00,8175.2,8184.0,8173.8,8180.3,3600,1,0,3600
2024-05-14 04:00:00,8180.2,8181.0,8172.8,8173.1,3600,1,0,3600
2024-05-14 05:00:00,8173.0,8175.9,8167.4,8175.9,3600,1,0,3600
2024-05-14 06:00:00,8176.0,8181.9,8173.8,8176.3,3600,1,0,3600
2024-05-14 07:00:00,8176.2,8185.6,8174.7,8184.7,3600,1,0,3600
2024-05-14 08:00:00,8184.6,8184.8,8173.0,8177.1,3600,1,0,3600
2024-05-14 09:00:00,8177.0,8182.5,8174.6,8179.3,3600,1,0,3600
2024-05-14 10:00:00,8179.2,8181.1,8169.7,8171.5,3600,1,0,3600
2024-05-14 11:00:00,8171.4,8174.3,8158.5,8159.3,3600,1,0,3600
2024-05-14 12:00:00,8159.4,8165.3,8155.4,8156.3,3600,1,0,3600
2024-05-14 13:00:00,8156.2,8167.1,8156.2,8161.9,3600,1,0,3600
2024-05-14 14:00:00,8161.8,8167.6,8158.2,8160.1,3600,1,0,3600
2024-05-14 15:00:00,8160.0,8169.7,8158.8,8169.3,3600,1,0,3600
2024-05-14 16:00:00,8169.4,8176.6,8167.9,8175.9,3600,1,0,3600
2024-05-14 17:00:00,8175.8,8182.8,8174.4,8181.7,3600,1,0,3600
2024-05-14 18:00:00,8181.8,8182.7,8173.7,8178.7,3600,1,0,3600
2024-05-14 19:00:00,8178.8,8184.4,8175.9,8179.3,3600,1,0,3600
2024-05-14 20:00:00,8179.2,8183.4,8176.3,8180.9,3600,1,0,3600
2024-05-14 21:00:00,8180.8,8185.6,8179.5,8182.9,3600,1,0,3600
2024-05-14 22:00:00,8183.0,8186.1,8179.0,8181.7,3600,1,0,3600
2024-05-14 23:00:00,8181.6,8187.2,8178.8,8183.9,3600,1,0,3600
2024-05-15 00:00:00,8184.0,8186.9,8180.5,8181.5,3600,1,0,3600
2024-05-15 01:00:00,8181.6,8192.6,8181.5,8191.5,3600,1,0,3600
2024-05-15 02:00:00,8191.6,8198.8,8191.2,8191.9,3600,1,0,3600
2024-05-15 03:00:00,8192.0,8197.9,8188.1,8193.3,3600,1,0,3600
2024-05-15 04:00:00,8193.2,8201.2,8192.7,8198.1,3600,1,0,3600
2024-05-15 05:00:00,8198.0,8203.9,8194.8,8202.7,3600,1,0,3600
2024-05-15 06:00:00,8202.8,8206.8,8199.0,8202.3,3600,1,0,3600
2024-05-15 07:00:00,8202.4,8209.7,8197.6,8208.7,3600,1,0,3600
2024-05-15 08:00:00,8208.8,8217.8,8207.4,8214.3,3600,1,0,3600
2024-05-15 09:00:00,8214.2,8214.9,8207.9,8211.5,3600,1,0,3600
2024-05-15 10:00:00,8211.4,8217.4,8209.8,8216.1,3600,1,0,3600
2024-05-15 11:00:00,8216.0,8220.8,8209.4,8219.5,3600,1,0,3600
2024-05-15 12:00:00,8219.6,8220.4,8210.2,8213.1,3600,1,0,3600
2024-05-15 13:00:00,8213.2,8213.8,8205.8,8208.5,3600,1,0,3600
2024-05-15 14:00:00,8208.6,8208.6,8198.9,8200.5,3600,1,0,3600
2024-05-15 15:00:00,8200.6,8204.3,8197.9,8200.1,3600,1,0,3600
2024-05-15 16:00:00,8200.2,8207.0,8199.8,8203.7,3600,1,0,3600
2024-05-15 17:00:00,8203.8,8209.2,8201.3,8201.8,3596,1,0,3596
2024-05-15 18:00:00,8201.7,8202.1,8195.2,8199.4,3600,1,0,3600
2024-05-15 19:00:00,8199.5,8201.8,8194.1,8197.6,3600,1,0,3600
2024-05-15 20:00:00,8197.5,8202.3,8191.3,8193.8,3600,1,0,3600
2024-05-15 21:00:00,8193.9,8202.9,8188.6,8192.0,3600,1,0,3600
2024-05-15 22:00:00,8192.1,8197.9,8189.5,8195.6,3600,1,0,3600
2024-05-15 23:00:00,8195.7,8196.7,8183.2,8186.0,3600,1,0,3600
2024-05-16 00:00:00,8185.9,8189.1,8180.1,8189.0,3600,1,0,3600
2024-05-16 01:00:00,8188.9,8197.0,8186.9,8195.2,3600,1,0,3600
2024-05-16 02:00:00,8195.3,8201.2,8194.3,8196.7,3595,1,0,3595
2024-05-16 03:00:00,8196.8,8204.3,8193.1,8204.1,3600,1,0,3600
2024-05-16 04:00:00,8204.2,8209.6,8202.1,8205.7,3600,1,0,3600
2024-05-16 05:00:00,8205.8,8210.0,8202.8,8206.7,3600,1,0,3600
2024-05-16 06:00:00,8206.8,8213.7,8204.9,8213.5,3600,1,0,3600
2024-05-16 07:00:00,8213.4,8214.3,8210.3,8211.9,3600,1,0,3600
2024-05-16 08:00:00,8211.8,8220.7,8211.3,8218.3,3600,1,0,3600
2024-05-16 09:00:00,8218.2,8218.7,8210.4,8211.1,3600,1,0,3600
2024-05-16 10:00:00,8211.2,8212.3,8201.9,8203.9,3600,1,0,3600
2024-05-16 11:00:00,8204.0,8214.8,8203.7,8211.7,3600,1,0,3600
2024-05-16 12:00:00,8211.6,8223.2,8210.2,8220.7,3600,1,0,3600
2024-05-16 13:00:00,8220.6,8232.1,8220.4,8231.3,3600,1,0,3600
2024-05-16 14:00:00,8231.2,8231.9,8222.9,8228.1,3600,1,0,3600
2024-05-16 15:00:00,8228.2,8229.3,8210.6,8210.9,3600,1,0,3600
2024-05-16 16:00:00,8210.8,8216.1,8210.3,8212.3,3600,1,0,3600
2024-05-16 17:00:00,8212.4,8218.2,8208.5,8216.3,3600,1,0,3600
2024-05-16 18:00:00,8216.2,8219.0,8210.7,8213.1,3600,1,0,3600
2024-05-16 19:00:00,8213.0,8213.0,8200.6,8203.3,3600,1,0,3600
2024-05-16 20:00:00,8203.2,8213.5,8202.7,8205.1,3600,1,0,3600
2024-05-16 21:00:00,8205.0,8205.3,8193.9,8196.1,3600,1,0,3600
2024-05-16 22:00:00,8196.0,8204.2,8193.8,8200.5,3600,1,0,3600
2024-05-16 23:00:00,8200.4,8210.4,8200.3,8206.3,3600,1,0,3600
2024-05-17 00:00:00,8206.4,8206.5,8192.5,8193.7,3600,1,0,3600
2024-05-17 01:00:00,8193.6,8199.5,8188.7,8188.7,3600,1,0,3600
2024-05-17 02:00:00,8188.6,8190.4,8185.0,8187.9,3600,1,0,3600
2024-05-17 03:00:00,8188.0,8189.5,8179.4,8186.7,3600,1,0,3600
2024-05-17 04:00:00,8186.8,8189.8,8185.0,8189.1,3600,1,0,3600
2024-05-17 05:00:00,8189.0,8195.7,8185.4,8188.9,3600,1,0,3600
2024-05-17 06:00:00,8188.8,8197.5,8188.6,8193.1,3600,1,0,3600
2024-05-17 07:00:00,8193.1,8197.3,8188.9,8193.1,3593,1,0,3593
2024-05-17 08:00:00,8193.2,8201.4,8191.3,8200.9,3600,1,0,3600
2024-05-17 09:00:00,8201.0,8206.2,8200.1,8204.9,3600,1,0,3600
2024-05-17 10:00:00,8204.8,8206.4,8198.1,8203.9,3600,1,0,3600
2024-05-17 11:00:00,8204.0,8204.5,8192.8,8197.9,3600,1,0,3600
2024-05-17 12:00:00,8197.8,8201.8,8193.9,8199.5,3600,1,0,3600
2024-05-17 13:00:00,8199.6,8203.3,8193.5,8199.7,3600,1,0,3600
2024-05-17 14:00:00,8199.6,8204.6,8195.7,8196.7,3600,1,0,3600
2024-05-17 15:00:00,8196.8,8203.1,8196.4,8202.7,3600,1,0,3600
2024-05-17 16:00:00,8202.8,8203.2,8196.6,8201.1,3600,1,0,3600
2024-05-17 17:00:00,8201.2,8202.9,8196.4,8200.7,3600,1,0,3600
2024-05-17 18:00:00,8200.6,8206.8,8200.4,8206.1,3600,1,0,3600
2024-05-17 19:00:00,8206.0,8209.6,8203.1,8209.1,3600,1,0,3600
2024-05-17 20:00:00,8209.0,8214.3,8202.8,8214.3,3600,1,0,3600
2024-05-17 21:00:00,8214.4,8216.4,8207.4,8210.1,3600,1,0,3600
2024-05-17 22:00:00,8210.2,8218.4,8209.5,8216.9,3600,1,0,3600
2024-05-17 23:00:00,8216.8,8223.9,8214.9,8218.9,3600,1,0,3600
2024-05-18 00:00:00,8218.8,8220.9,8207.0,8207.1,3600,1,0,3600
2024-05-18 01:00:00,8207.0,8212.2,8205.4,8208.7,3600,1,0,3600
2024-05-18 02:00:00,8208.6,8216.3,8203.8,8216.3,3600,1,0,3600
2024-05-18 03:00:00,8216.4,8216.4,8204.3,8206.1,3600,1,0,3600
2024-05-18 04:00:00,8206.0,8211.4,8202.6,8205.9,3600,1,0,3600
2024-05-18 05:00:00,8205.8,8213.3,8201.9,8210.7,3600,1,0,3600
2024-05-18 06:00:00,8210.8,8216.1,8204.2,8207.1,3600,1,0,3600
2024-05-18 07:00:00,8207.2,8207.5,8198.2,8198.3,3600,1,0,3600
2024-05-18 08:00:00,8198.4,8199.7,8193.9,8196.7,3600,1,0,3600
2024-05-18 09:00:00,8196.6,8203.6,8196.0,8198.3,3600,1,0,3600
2024-05-18 10:00:00,8198.2,8200.4,8191.2,8197.1,3600,1,0,3600
2024-05-18 11:00:00,8197.0,8203.7,8196.4,8198.7,3600,1,0,3600
2024-05-18 12:00:00,8198.6,8208.3,8195.8,8208.1,3600,1,0,3600
2024-05-18 13:00:00,8208.2,8208.9,8196.1,8201.1,3600,1,0,3600
2024-05-18 14:00:00,8201.0,8211.9,8199.3,8211.1,3600,1,0,3600
2024-05-18 15:00:00,8211.0,8212.2,8203.8,8210.7,3600,1,0,3600
2024-05-18 16:00:00,8210.6,8211.9,8205.9,8207.1,3600,1,0,3600
2024-05-18 17:00:00,8207.2,8208.0,8195.2,8198.7,3600,1,0,3600
2024-05-18 18:00:00,8198.6,8203.6,8198.5,8202.7,3600,1,0,3600
2024-05-18 19:00:00,8202.8,8206.6,8198.2,8199.7,3600,1,0,3600
2024-05-18 20:00:00,8199.6,8201.8,8195.9,8196.7,3600,1,0,3600
2024-05-18 21:00:00,8196.6,8199.8,8192.0,8193.3,3600,1,0,3600
2024-05-18 22:00:00,8193.2,8194.5,8188.6,8190.5,3600,1,0,3600
2024-05-18 23:00:00,8190.4,8200.8,8190.2,8196.7,3600,1,0,3600
2024-05-19 00:00:00,8196.6,8197.0,8188.7,8189.1,3600,1,0,3600
2024-05-19 01:00:00,8189.2,8192.5,8183.4,8185.7,3406,1,0,3406
2024-05-19 02:00:00,8185.8,8189.0,8175.1,8178.5,3600,1,0,3600
2024-05-19 03:00:00,8178.4,8189.0,8178.3,8183.7,3600,1,0,3600
2024-05-19 04:00:00,8183.8,8186.3,8169.6,8172.1,3600,1,0,3600
2024-05-19 05:00:00,8172.2,8173.5,8164.1,8169.3,3600,1,0,3600
2024-05-19 06:00:00,8169.2,8173.8,8166.3,8170.9,3600,1,0,3600
2024-05-19 07:00:00,8171.0,8173.3,8159.0,8160.9,3600,1,0,3600
2024-05-19 08:00:00,8161.0,8163.8,8157.9,8160.3,3600,1,0,3600
2024-05-19 09:00:00,8160.2,8162.0,8153.3,8155.3,3600,1,0,3600
2024-05-19 10:00:00,8155.2,8162.3,8151.9,8158.3,3600,1,0,3600
2024-05-19 11:00:00,8158.2,8159.4,8150.1,8155.5,3600,1,0,3600
2024-05-19 12:00:00,8155.4,8158.6,8152.4,8154.7,3600,1,0,3600
2024-05-19 13:00:00,8154.6,8156.7,8146.6,8148.5,3600,1,0,3600
2024-05-19 14:00:00,8148.4,8152.1,8143.2,8150.7,3600,1,0,3600
2024-05-19 15:00:00,8150.6,8151.1,8142.2,8144.9,3600,1,0,3600
2024-05-19 16:00:00,8145.0,8152.0,8143.6,8146.7,3600,1,0,3600
2024-05-19 17:00:00,8146.8,8155.1,8144.9,8145.5,3600,1,0,3600
2024-05-19 18:00:00,8145.4,8151.2,8145.0,8148.2,3591,1,0,3591
2024-05-19 19:00:00,8148.3,8156.3,8144.5,8153.8,3600,1,0,3600
2024-05-19 20:00:00,8153.9,8168.2,8152.8,8166.4,3600,1,0,3600
2024-05-19 21:00:00,8166.5,8171.1,8162.8,8163.4,3600,1,0,3600
2024-05-19 22:00:00,8163.5,8171.2,8161.8,8167.8,3600,1,0,3600
2024-05-19 23:00:00,8167.9,8179.6,8165.3,8177.8,3600,1,0,3600
2024-05-20 00:00:00,8177.9,8187.0,8175.1,8185.8,3600,1,0,3600
2024-05-20 01:00:00,8185.9,8193.2,8185.0,8190.2,3600,1,0,3600
2024-05-20 02:00:00,8190.1,8191.7,8184.5,8191.0,3600,1,0,3600
2024-05-20 03:00:00,8191.1,8195.6,8185.9,8194.0,3600,1,0,3600
2024-05-20 04:00:00,8194.1,8197.4,8190.8,8195.6,3600,1,0,3600
2024-05-20 05:00:00,8195.7,8202.3,8193.3,8202.2,3600,1,0,3600
2024-05-20 06:00:00,8202.1,8210.6,8200.2,8208.8,3600,1,0,3600
2024-05-20 07:00:00,8208.7,8213.3,8207.0,8211.6,3600,1,0,3600
2024-05-20 08:00:00,8211.5,8213.5,8205.8,8209.8,3600,1,0,3600
2024-05-20 09:00:00,8209.9,8218.0,8207.0,8209.4,3600,1,0,3600
2024-05-20 10:00:00,8209.3,8212.6,8203.3,8206.4,3600,1,0,3600
2024-05-20 11:00:00,8206.3,8210.1,8204.8,8209.6,3600,1,0,3600
2024-05-20 12:00:00,8209.7,8214.9,8206.5,8210.8,3600,1,0,3600
2024-05-20 13:00:00,8210.7,8218.5,8210.0,8217.8,3600,1,0,3600
2024-05-20 14:00:00,8217.7,8218.0,8208.8,8213.6,3600,1,0,3600
2024-05-20 15:00:00,8213.5,8219.3,8211.8,8213.6,3600,1,0,3600
2024-05-20 16:00:00,8213.5,8216.1,8207.4,8215.2,3600,1,0,3600
2024-05-20 17:00:00,8215.1,8216.6,8201.3,8209.2,3600,1,0,3600
2024-05-20 18:00:00,8209.3,8220.4,8208.0,8218.4,3600,1,0,3600
2024-05-20 19:00:00,8218.3,8222.6,8213.9,8219.6,3600,1,0,3600
2024-05-20 20:00:00,8219.7,8220.3,8214.6,8219.8,3600,1,0,3600
2024-05-20 21:00:00,8219.7,8225.6,8213.9,8216.8,3600,1,0,3600
2024-05-20 22:00:00,8216.9,8223.2,8215.8,8220.4,3600,1,0,3600
2024-05-20 23:00:00,8220.5,8223.3,8216.3,8218.4,3600,1,0,3600
2024-05-21 00:00:00,8218.3,8220.3,8211.0,8213.8,3600,1,0,3600
2024-05-21 01:00:00,8213.9,8214.9,8202.7,8208.0,3600,1,0,3600
2024-05-21 02:00:00,8208.1,8211.4,8204.2,8209.2,3600,1,0,3600
2024-05-21 03:00:00,8209.3,8217.0,8208.1,8214.2,3600,1,0,3600
2024-05-21 04:00:00,8214.3,8218.1,8211.3,8217.4,3600,1,0,3600
2024-05-21 05:00:00,8217.5,8222.0,8215.6,8220.6,3600,1,0,3600
2024-05-21 06:00:00,8220.5,8220.6,8204.4,8204.7,3595,1,0,3595
2024-05-21 07:00:00,8204.8,8213.0,8198.7,8209.7,3600,1,0,3600
2024-05-21 08:00:00,8209.6,8212.1,8202.7,8202.9,3600,1,0,3600
2024-05-21 09:00:00,8202.8,8203.4,8193.4,8196.3,3600,1,0,3600
2024-05-21 10:00:00,8196.4,8204.4,8195.5,8199.3,3600,1,0,3600
2024-05-21 11:00:00,8199.4,8199.6,8192.2,8192.5,3600,1,0,3600
2024-05-21 12:00:00,8192.6,8193.1,8184.0,8188.3,3600,1,0,3600
2024-05-21 13:00:00,8188.2,8189.5,8182.3,8184.3,3600,1,0,3600
2024-05-21 14:00:00,8184.2,8185.4,8171.5,8171.5,3600,1,0,3600
2024-05-21 15:00:00,8171.6,8173.0,8167.0,8172.9,3600,1,0,3600
2024-05-21 16:00:00,8172.8,8179.8,8172.0,8175.1,3600,1,0,3600
2024-05-21 17:00:00,8175.2,8187.6,8173.5,8187.1,3600,1,0,3600
2024-05-21 18:00:00,8187.2,8188.2,8172.3,8176.5,3600,1,0,3600
2024-05-21 19:00:00,8176.6,8178.3,8169.9,8171.9,3600,1,0,3600
2024-05-21 20:00:00,8171.8,8172.7,8162.5,8163.3,3600,1,0,3600
2024-05-21 21:00:00,8163.4,8171.2,8160.1,8161.9,3600,1,0,3600
2024-05-21 22:00:00,8161.8,8167.9,8159.2,8167.3,3600,1,0,3600
2024-05-21 23:00:00,8167.2,8170.2,8163.9,8165.7,3600,1,0,3600
2024-05-22 00:00:00,8165.8,8166.4,8155.5,8156.5,3600,1,0,3600
2024-05-22 01:00:00,8156.4,8156.7,8148.1,8154.5,3600,1,0,3600
2024-05-22 02:00:00,8154.4,8156.8,8144.6,8149.3,3600,1,0,3600
2024-05-22 03:00:00,8149.4,8149.5,8139.8,8141.9,3600,1,0,3600
2024-05-22 04:00:00,8141.8,8145.7,8137.3,8139.9,3600,1,0,3600
2024-05-22 05:00:00,8140.0,8140.5,8121.2,8123.9,3600,1,0,3600
2024-05-22 06:00:00,8123.8,8133.4,8121.3,8126.3,3600,1,0,3600
2024-05-22 07:00:00,8126.2,8131.3,8125.1,8128.7,3600,1,0,3600
2024-05-22 08:00:00,8128.8,8131.5,8125.0,8127.9,3600,1,0,3600
2024-05-22 09:00:00,8128.0,8128.6,8121.4,8126.7,3600,1,0,3600
2024-05-22 10:00:00,8126.6,8133.8,8123.7,8133.7,3600,1,0,3600
2024-05-22 11:00:00,8133.8,8134.7,8126.1,8126.9,3600,1,0,3600
2024-05-22 12:00:00,8127.0,8129.1,8122.9,8128.3,3600,1,0,3600
2024-05-22 13:00:00,8128.4,8129.9,8121.3,8125.5,3600,1,0,3600
2024-05-22 14:00:00,8125.6,8126.3,8118.1,8118.7,3600,1,0,3600
2024-05-22 15:00:00,8118.8,8124.3,8114.5,8120.9,3600,1,0,3600
2024-05-22 16:00:00,8120.8,8122.2,8114.9,8117.3,3600,1,0,3600
2024-05-22 17:00:00,8117.4,8123.0,8116.3,8120.7,3600,1,0,3600
2024-05-22 18:00:00,8120.8,8125.9,8116.4,8124.9,3600,1,0,3600
2024-05-22 19:00:00,8125.0,8125.0,8114.3,8117.9,3600,1,0,3600
2024-05-22 20:00:00,8118.0,8118.8,8109.9,8112.9,3600,1,0,3600
2024-05-22 21:00:00,8112.8,8125.3,8109.0,8125.1,3600,1,0,3600
2024-05-22 22:00:00,8125.2,8128.9,8123.5,8124.9,3600,1,0,3600
2024-05-22 23:00:00,8124.8,8125.2,8116.0,8120.1,3600,1,0,3600
2024-05-23 00:00:00,8120.0,8125.1,8117.6,8118.7,3600,1,0,3600
2024-05-23 01:00:00,8118.8,8125.4,8114.9,8123.9,3600,1,0,3600
2024-05-23 02:00:00,8123.8,8125.8,8119.9,8119.9,3600,1,0,3600
2024-05-23 03:00:00,8120.0,8125.1,8116.8,8120.1,3600,1,0,3600
2024-05-23 04:00:00,8120.0,8127.6,8118.5,8123.7,3600,1,0,3600
2024-05-23 05:00:00,8123.8,8125.1,8116.1,8121.3,3600,1,0,3600
2024-05-23 06:00:00,8121.4,8128.1,8118.6,8124.5,3600,1,0,3600
2024-05-23 07:00:00,8124.6,8124.6,8113.0,8117.7,3600,1,0,3600
2024-05-23 08:00:00,8117.6,8118.0,8109.4,8110.7,3600,1,0,3600
2024-05-23 09:00:00,8110.6,8120.1,8110.3,8120.1,3600,1,0,3600
2024-05-23 10:00:00,8120.0,8129.1,8117.4,8126.5,3600,1,0,3600
2024-05-23 11:00:00,8126.6,8126.6,8117.8,8123.1,3600,1,0,3600
2024-05-23 12:00:00,8123.2,8124.9,8113.6,8114.5,3600,1,0,3600
2024-05-23 13:00:00,8114.6,8124.6,8114.6,8120.9,3600,1,0,3600
2024-05-23 14:00:00,8120.8,8127.9,8120.8,8123.7,3600,1,0,3600
2024-05-23 15:00:00,8123.6,8127.4,8121.6,8125.5,3600,1,0,3600
2024-05-23 16:00:00,8125.4,8127.8,8120.3,8126.1,3600,1,0,3600
2024-05-23 17:00:00,8126.2,8138.0,8124.3,8131.5,3600,1,0,3600
2024-05-23 18:00:00,8131.6,8148.4,8131.1,8146.5,3600,1,0,3600
2024-05-23 19:00:00,8146.6,8150.6,8143.1,8149.7,3600,1,0,3600
2024-05-23 20:00:00,8149.6,8159.8,8147.6,8158.9,3600,1,0,3600
2024-05-23 21:00:00,8159.0,8161.6,8156.1,8156.1,3600,1,0,3600
2024-05-23 22:00:00,8156.0,8162.6,8153.8,8162.1,3600,1,0,3600
2024-05-23 23:00:00,8162.0,8166.3,8158.4,8160.3,3600,1,0,3600
2024-05-24 00:00:00,8160.4,8160.6,8147.4,8149.5,3600,1,0,3600
2024-05-24 01:00:00,8149.4,8151.0,8142.0,8146.9,3600,1,0,3600
2024-05-24 02:00:00,8147.0,8153.9,8146.9,8151.9,3600,1,0,3600
2024-05-24 03:00:00,8151.8,8162.8,8151.7,8160.9,3600,1,0,3600
2024-05-24 04:00:00,8161.0,8168.9,8158.6,8166.5,3600,1,0,3600
2024-05-24 05:00:00,8166.6,8168.2,8151.8,8158.5,3600,1,0,3600
2024-05-24 06:00:00,8158.6,8172.1,8158.6,8166.7,3600,1,0,3600
2024-05-24 07:00:00,8166.8,8170.9,8160.4,8161.5,3600,1,0,3600
2024-05-24 08:00:00,8161.4,8164.5,8158.5,8163.1,3600,1,0,3600
2024-05-24 09:00:00,8163.2,8169.0,8161.4,8165.3,3600,1,0,3600
2024-05-24 10:00:00,8165.2,8169.4,8160.1,8162.5,3600,1,0,3600
2024-05-24 11:00:00,8162.4,8169.2,8159.4,8168.9,3600,1,0,3600
2024-05-24 12:00:00,8169.0,8180.5,8168.4,8176.3,3600,1,0,3600
2024-05-24 13:00:00,8176.2,8178.6,8172.8,8173.7,3600,1,0,3600
2024-05-24 14:00:00,8173.6,8177.9,8167.2,8167.7,3600,1,0,3600
2024-05-24 15:00:00,8167.6,8167.6,8154.3,8155.7,3600,1,0,3600
2024-05-24 16:00:00,8155.6,8158.2,8149.8,8154.7,3600,1,0,3600
2024-05-24 17:00:00,8154.8,8165.5,8154.2,8155.9,3600,1,0,3600
2024-05-24 18:00:00,8155.8,8168.4,8154.4,8167.9,3600,1,0,3600
2024-05-24 19:00:00,8167.8,8172.6,8163.9,8170.7,3600,1,0,3600
2024-05-24 20:00:00,8170.6,8179.8,8170.2,8173.1,3600,1,0,3600
2024-05-24 21:00:00,8173.0,8175.2,8163.5,8163.9,3600,1,0,3600
2024-05-24 22:00:00,8163.8,8164.2,8153.6,8159.9,3600,1,0,3600
2024-05-24 23:00:00,8160.0,8163.0,8155.6,8159.3,3600,1,0,3600
2024-05-25 00:00:00,8159.4,8164.4,8156.6,8164.3,3600,1,0,3600
2024-05-25 01:00:00,8164.2,8166.0,8156.2,8159.7,3600,1,0,3600
2024-05-25 02:00:00,8159.6,8169.3,8159.1,8168.9,3600,1,0,3600
2024-05-25 03:00:00,8169.0,8172.7,8165.8,8166.9,3600,1,0,3600
2024-05-25 04:00:00,8166.8,8169.6,8164.7,8169.3,3600,1,0,3600
2024-05-25 05:00:00,8169.4,8174.0,8163.9,8173.3,3600,1,0,3600
2024-05-25 06:00:00,8173.4,8174.0,8165.6,8166.7,3600,1,0,3600
2024-05-25 07:00:00,8166.6,8169.6,8165.1,8165.9,3600,1,0,3600
2024-05-25 08:00:00,8166.0,8170.4,8162.9,8163.7,3600,1,0,3600
2024-05-25 09:00:00,8163.8,8165.2,8156.8,8157.7,3600,1,0,3600
2024-05-25 10:00:00,8157.8,8161.9,8151.3,8160.1,3600,1,0,3600
2024-05-25 11:00:00,8160.2,8168.6,8159.4,8166.7,3600,1,0,3600
2024-05-25 12:00:00,8166.8,8169.0,8164.3,8166.3,3600,1,0,3600
2024-05-25 13:00:00,8166.2,8180.8,8165.0,8179.7,3600,1,0,3600
2024-05-25 14:00:00,8179.8,8183.8,8177.5,8179.1,3600,1,0,3600
2024-05-25 15:00:00,8179.0,8183.6,8175.1,8176.9,3600,1,0,3600
2024-05-25 16:00:00,8176.8,8177.3,8158.0,8161.2,3594,1,0,3594
2024-05-25 17:00:00,8161.1,8163.9,8155.1,8156.6,3600,1,0,3600
2024-05-25 18:00:00,8156.5,8160.0,8151.8,8154.8,3600,1,0,3600
2024-05-25 19:00:00,8154.7,8156.4,8148.4,8149.4,3600,1,0,3600
2024-05-25 20:00:00,8149.3,8152.7,8148.6,8152.0,3600,1,0,3600
2024-05-25 21:00:00,8151.9,8154.3,8149.2,8154.2,3600,1,0,3600
2024-05-25 22:00:00,8154.1,8154.5,8145.8,8149.4,3600,1,0,3600
2024-05-25 23:00:00,8149.3,8152.4,8143.9,8144.6,3600,1,0,3600
2024-05-26 00:00:00,8144.5,8150.6,8143.7,8146.2,3600,1,0,3600
2024-05-26 01:00:00,8146.3,8157.7,8144.4,8156.2,3600,1,0,3600
2024-05-26 02:00:00,8156.3,8158.1,8151.5,8155.6,3591,1,0,3591
2024-05-26 03:00:00,8155.5,8161.1,8152.6,8160.0,3600,1,0,3600
2024-05-26 04:00:00,8159.9,8166.3,8159.6,8164.2,3600,1,0,3600
2024-05-26 05:00:00,8164.3,8179.0,8164.1,8178.8,3600,1,0,3600
2024-05-26 06:00:00,8178.7,8179.3,8169.3,8171.0,3600,1,0,3600
2024-05-26 07:00:00,8170.9,8185.7,8166.9,8185.2,3600,1,0,3600
2024-05-26 08:00:00,8185.1,8192.4,8183.2,8188.2,3600,1,0,3600
2024-05-26 09:00:00,8188.3,8189.5,8182.8,8185.0,3600,1,0,3600
2024-05-26 10:00:00,8184.9,8194.0,8180.0,8193.2,3600,1,0,3600
2024-05-26 11:00:00,8193.3,8196.2,8190.5,8192.2,3600,1,0,3600
2024-05-26 12:00:00,8192.3,8197.6,8188.3,8188.6,3600,1,0,3600
2024-05-26 13:00:00,8188.5,8196.5,8187.9,8189.0,3600,1,0,3600
2024-05-26 14:00:00,8188.9,8192.5,8186.6,8189.8,3600,1,0,3600
2024-05-26 15:00:00,8189.9,8193.8,8182.4,8184.0,3600,1,0,3600
2024-05-26 16:00:00,8183.9,8184.9,8178.9,8182.4,3600,1,0,3600
2024-05-26 17:00:00,8182.5,8187.3,8176.9,8179.0,3600,1,0,3600
2024-05-26 18:00:00,8178.9,8185.1,8178.2,8181.0,3600,1,0,3600
2024-05-26 19:00:00,8181.1,8183.1,8175.5,8177.4,3600,1,0,3600
2024-05-26 20:00:00,8177.5,8185.8,8177.0,8184.2,3600,1,0,3600
2024-05-26 21:00:00,8184.3,8187.3,8176.9,8178.4,3600,1,0,3600
2024-05-26 22:00:00,8178.5,8185.2,8175.6,8183.6,3600,1,0,3600
2024-05-26 23:00:00,8183.7,8183.7,8170.1,8179.0,3600,1,0,3600
2024-05-27 00:00:00,8179.1,8181.5,8172.8,8173.6,3600,1,0,3600
2024-05-27 01:00:00,8173.5,8179.1,8170.7,8175.0,3600,1,0,3600
2024-05-27 02:00:00,8174.9,8176.5,8167.6,8169.0,3600,1,0,3600
2024-05-27 03:00:00,8168.9,8171.3,8165.1,8166.3,2480,1,0,2480
2024-05-27 04:00:00,8166.3,8169.7,8162.2,8165.6,3594,1,0,3594
2024-05-27 05:00:00,8165.5,8170.1,8163.4,8165.0,3600,1,0,3600
2024-05-27 06:00:00,8165.1,8174.4,8163.5,8167.6,3600,1,0,3600
2024-05-27 07:00:00,8167.5,8169.4,8159.9,8162.8,3600,1,0,3600
2024-05-27 08:00:00,8162.9,8164.3,8153.2,8153.2,3600,1,0,3600
2024-05-27 09:00:00,8153.1,8161.5,8152.6,8158.8,3600,1,0,3600
2024-05-27 10:00:00,8158.7,8164.9,8158.7,8161.0,3600,1,0,3600
2024-05-27 11:00:00,8161.1,8172.2,8159.9,8172.2,3600,1,0,3600
2024-05-27 12:00:00,8172.1,8176.2,8166.8,8166.8,3600,1,0,3600
2024-05-27 13:00:00,8166.7,8170.7,8161.9,8168.2,3600,1,0,3600
2024-05-27 14:00:00,8168.3,8169.5,8162.7,8164.2,3600,1,0,3600
2024-05-27 15:00:00,8164.1,8166.3,8156.3,8156.6,3600,1,0,3600
2024-05-27 16:00:00,8156.5,8157.4,8139.0,8139.8,3600,1,0,3600
2024-05-27 17:00:00,8139.9,8147.2,8138.2,8139.8,3600,1,0,3600
2024-05-27 18:00:00,8139.7,8140.7,8125.0,8129.6,3600,1,0,3600
2024-05-27 19:00:00,8129.7,8132.4,8126.7,8127.8,3600,1,0,3600
2024-05-27 20:00:00,8127.9,8129.4,8121.5,8121.6,3600,1,0,3600
2024-05-27 21:00:00,8121.7,8126.0,8118.0,8119.6,3600,1,0,3600
2024-05-27 22:00:00,8119.7,8121.9,8112.0,8113.4,3600,1,0,3600
2024-05-27 23:00:00,8113.3,8119.4,8109.5,8109.8,3600,1,0,3600
2024-05-28 00:00:00,8109.9,8110.1,8101.9,8104.8,3600,1,0,3600
2024-05-28 01:00:00,8104.7,8114.3,8104.0,8113.8,3600,1,0,3600
2024-05-28 02:00:00,8113.7,8113.8,8100.7,8102.4,3600,1,0,3600
2024-05-28 03:00:00,8102.5,8108.8,8101.4,8106.8,3600,1,0,3600
2024-05-28 04:00:00,8106.7,8114.5,8103.9,8114.4,3600,1,0,3600
2024-05-28 05:00:00,8114.3,8115.0,8107.9,8110.0,3600,1,0,3600
2024-05-28 06:00:00,8110.1,8122.0,8109.9,8120.2,3600,1,0,3600
2024-05-28 07:00:00,8120.1,8121.9,8113.5,8119.2,3600,1,0,3600
2024-05-28 08:00:00,8119.1,8120.4,8105.1,8106.2,3600,1,0,3600
2024-05-28 09:00:00,8106.1,8109.0,8099.4,8108.0,3600,1,0,3600
2024-05-28 10:00:00,8108.1,8111.3,8104.9,8108.6,3600,1,0,3600
2024-05-28 11:00:00,8108.5,8113.6,8105.5,8110.2,3600,1,0,3600
2024-05-28 12:00:00,8110.3,8113.6,8107.6,8109.6,3600,1,0,3600
2024-05-28 13:00:00,8109.5,8114.6,8108.3,8108.4,3600,1,0,3600
2024-05-28 14:00:00,8108.3,8113.8,8107.0,8113.4,3600,1,0,3600
2024-05-28 15:00:00,8113.3,8113.5,8103.4,8106.6,3600,1,0,3600
2024-05-28 16:00:00,8106.5,8109.9,8096.0,8096.4,3600,1,0,3600
2024-05-28 17:00:00,8096.5,8096.9,8084.5,8089.6,3600,1,0,3600
2024-05-28 18:00:00,8089.7,8090.9,8082.5,8084.0,3600,1,0,3600
2024-05-28 19:00:00,8084.1,8090.8,8077.6,8080.0,3600,1,0,3600
2024-05-28 20:00:00,8079.9,8082.4,8076.6,8078.8,3600,1,0,3600
2024-05-28 21:00:00,8078.7,8089.5,8075.3,8086.0,3600,1,0,3600
2024-05-28 22:00:00,8085.9,8096.0,8085.2,8092.2,3600,1,0,3600
2024-05-28 23:00:00,8092.1,8101.3,8090.6,8095.4,3600,1,0,3600
2024-05-29 00:00:00,8095.5,8097.8,8083.0,8085.2,3600,1,0,3600
2024-05-29 01:00:00,8085.1,8089.1,8081.0,8081.2,3600,1,0,3600
2024-05-29 02:00:00,8081.3,8087.9,8079.9,8082.4,3600,1,0,3600
2024-05-29 03:00:00,8082.3,8084.4,8073.6,8077.0,3600,1,0,3600
2024-05-29 04:00:00,8076.9,8079.7,8069.0,8077.2,3600,1,0,3600
2024-05-29 05:00:00,8077.1,8083.7,8074.3,8079.0,3600,1,0,3600
2024-05-29 06:00:00,8078.9,8086.3,8076.9,8080.9,3595,1,0,3595
2024-05-29 07:00:00,8081.0,8085.4,8073.4,8075.1,3600,1,0,3600
2024-05-29 08:00:00,8075.0,8076.2,8065.9,8067.1,3600,1,0,3600
2024-05-29 09:00:00,8067.0,8072.9,8065.6,8069.7,3600,1,0,3600
2024-05-29 10:00:00,8069.8,8079.8,8068.3,8075.9,3600,1,0,3600
2024-05-29 11:00:00,8076.0,8077.2,8064.4,8068.1,3600,1,0,3600
2024-05-29 12:00:00,8068.2,8073.3,8067.0,8073.1,3600,1,0,3600
2024-05-29 13:00:00,8073.2,8077.1,8068.9,8070.3,3600,1,0,3600
2024-05-29 14:00:00,8070.4,8077.3,8070.2,8072.5,3600,1,0,3600
2024-05-29 15:00:00,8072.6,8073.4,8053.7,8054.3,3600,1,0,3600
2024-05-29 16:00:00,8054.4,8055.3,8046.9,8048.1,3600,1,0,3600
2024-05-29 17:00:00,8048.0,8051.4,8042.3,8051.1,3600,1,0,3600
2024-05-29 18:00:00,8051.2,8059.7,8050.4,8057.5,3600,1,0,3600
2024-05-29 19:00:00,8057.4,8067.4,8056.8,8057.7,3600,1,0,3600
2024-05-29 20:00:00,8057.8,8059.9,8045.1,8050.1,3600,1,0,3600
2024-05-29 21:00:00,8050.2,8050.6,8040.7,8045.9,3600,1,0,3600
2024-05-29 22:00:00,8045.8,8051.0,8042.4,8048.3,3600,1,0,3600
2024-05-29 23:00:00,8048.4,8051.1,8044.2,8049.5,3600,1,0,3600
2024-05-30 00:00:00,8049.6,8060.7,8048.7,8057.1,3600,1,0,3600
2024-05-30 01:00:00,8057.2,8057.7,8045.0,8047.5,3600,1,0,3600
2024-05-30 02:00:00,8047.4,8051.1,8044.0,8046.3,3600,1,0,3600
2024-05-30 03:00:00,8046.4,8050.8,8044.0,8049.1,3600,1,0,3600
2024-05-30 04:00:00,8049.0,8052.3,8042.4,8052.1,3600,1,0,3600
2024-05-30 05:00:00,8052.2,8052.7,8042.3,8045.3,3600,1,0,3600
2024-05-30 06:00:00,8045.4,8050.0,8043.3,8047.5,3600,1,0,3600
2024-05-30 07:00:00,8047.6,8053.0,8042.9,8047.1,3600,1,0,3600
2024-05-30 08:00:00,8047.2,8053.7,8046.4,8053.1,3600,1,0,3600
2024-05-30 09:00:00,8053.0,8059.7,8049.6,8054.7,3600,1,0,3600
2024-05-30 10:00:00,8054.6,8055.2,8045.8,8047.1,3600,1,0,3600
2024-05-30 11:00:00,8047.2,8049.1,8042.2,8043.1,3600,1,0,3600
2024-05-30 12:00:00,8043.2,8050.8,8039.5,8049.9,3600,1,0,3600
2024-05-30 13:00:00,8049.8,8064.7,8049.6,8057.5,3600,1,0,3600
2024-05-30 14:00:00,8057.6,8058.2,8044.1,8045.3,3600,1,0,3600
2024-05-30 15:00:00,8045.4,8050.3,8043.9,8048.9,3600,1,0,3600
2024-05-30 16:00:00,8048.8,8054.0,8046.6,8051.3,3600,1,0,3600
2024-05-30 17:00:00,8051.4,8057.3,8048.1,8056.3,3600,1,0,3600
2024-05-30 18:00:00,8056.2,8060.4,8053.5,8058.3,3600,1,0,3600
2024-05-30 19:00:00,8058.2,8061.8,8052.7,8054.9,3600,1,0,3600
2024-05-30 20:00:00,8054.8,8055.7,8044.4,8046.9,3600,1,0,3600
2024-05-30 21:00:00,8047.0,8049.1,8041.5,8046.3,3600,1,0,3600
2024-05-30 22:00:00,8046.4,8047.5,8040.2,8046.9,3600,1,0,3600
2024-05-30 23:00:00,8046.8,8049.4,8034.8,8035.1,3600,1,0,3600
2024-05-31 00:00:00,8035.0,8039.7,8022.7,8024.7,3600,1,0,3600
2024-05-31 01:00:00,8024.8,8033.2,8022.5,8031.3,3600,1,0,3600
2024-05-31 02:00:00,8031.4,8033.9,8026.9,8032.5,3600,1,0,3600
2024-05-31 03:00:00,8032.4,8035.5,8029.8,8031.1,3600,1,0,3600
2024-05-31 04:00:00,8031.0,8031.5,8022.4,8025.5,3600,1,0,3600
2024-05-31 05:00:00,8025.6,8029.4,8021.3,8026.3,3600,1,0,3600
2024-05-31 06:00:00,8026.4,8030.3,8024.5,8024.5,3600,1,0,3600
2024-05-31 07:00:00,8024.4,8030.5,8024.0,8029.9,3600,1,0,3600
2024-05-31 08:00:00,8030.0,8036.1,8020.2,8021.3,3600,1,0,3600
2024-05-31 09:00:00,8021.2,8022.6,8014.5,8014.5,3600,1,0,3600
2024-05-31 10:00:00,8014.6,8021.7,8012.6,8016.1,3600,1,0,3600
2024-05-31 11:00:00,8016.0,8025.3,8014.3,8019.7,3600,1,0,3600
2024-05-31 12:00:00,8019.8,8027.5,8018.5,8026.5,3600,1,0,3600
2024-05-31 13:00:00,8026.6,8033.2,8023.9,8028.5,3600,1,0,3600
2024-05-31 14:00:00,8028.6,8031.5,8019.5,8019.7,3600,1,0,3600
2024-05-31 15:00:00,8019.8,8027.9,8019.7,8021.7,3600,1,0,3600
2024-05-31 16:00:00,8021.6,8029.3,8020.8,8026.3,3600,1,0,3600
2024-05-31 17:00:00,8026.4,8035.3,8022.8,8023.1,3600,1,0,3600
2024-05-31 18:00:00,8023.0,8024.4,8014.3,8024.1,3600,1,0,3600
2024-05-31 19:00:00,8024.2,8034.9,8024.0,8031.9,3600,1,0,3600
2024-05-31 20:00:00,8032.0,8047.2,8031.8,8044.7,3600,1,0,3600
2024-05-31 21:00:00,8044.6,8048.0,8042.0,8043.1,3600,1,0,3600
2024-05-31 22:00:00,8043.2,8062.0,8042.6,8061.3,3600,1,0,3600
2024-05-31 23:00:00,8061.2,8068.2,8056.5,8066.7,3600,1,0,3600
2024-06-01 00:00:00,8066.6,8072.2,8066.5,8071.3,3600,1,0,3600
2024-06-01 01:00:00,8071.2,8072.9,8064.7,8071.1,3600,1,0,3600
2024-06-01 02:00:00,8071.0,8078.2,8071.0,8075.7,3600,1,0,3600
2024-06-01 03:00:00,8075.8,8078.2,8071.6,8074.9,3600,1,0,3600
2024-06-01 04:00:00,8074.8,8075.8,8061.8,8062.9,3600,1,0,3600
2024-06-01 05:00:00,8062.8,8065.5,8058.5,8061.9,3600,1,0,3600
2024-06-01 06:00:00,8062.0,8066.2,8061.1,8064.7,3600,1,0,3600
2024-06-01 07:00:00,8064.8,8064.8,8053.7,8057.9,3600,1,0,3600
2024-06-01 08:00:00,8057.8,8070.9,8056.3,8069.9,3600,1,0,3600
2024-06-01 09:00:00,8070.0,8079.9,8069.8,8078.1,3600,1,0,3600
2024-06-01 10:00:00,8078.0,8082.9,8076.7,8080.3,3600,1,0,3600
2024-06-01 11:00:00,8080.4,8081.6,8072.9,8078.7,3600,1,0,3600
2024-06-01 12:00:00,8078.8,8091.6,8078.4,8091.3,3600,1,0,3600
2024-06-01 13:00:00,8091.2,8092.4,8078.6,8078.7,3600,1,0,3600
2024-06-01 14:00:00,8078.8,8081.4,8068.6,8070.3,3600,1,0,3600
2024-06-01 15:00:00,8070.4,8072.5,8065.1,8071.9,3600,1,0,3600
2024-06-01 16:00:00,8072.0,8075.2,8070.9,8074.7,3600,1,0,3600
2024-06-01 17:00:00,8074.6,8079.5,8073.9,8079.5,3600,1,0,3600
2024-06-01 18:00:00,8079.4,8088.2,8079.0,8085.5,3600,1,0,3600
2024-06-01 19:00:00,8085.6,8087.2,8080.1,8085.3,3600,1,0,3600
2024-06-01 20:00:00,8085.4,8093.8,8085.2,8089.9,3600,1,0,3600
2024-06-01 21:00:00,8090.0,8094.7,8087.4,8091.9,3600,1,0,3600
2024-06-01 22:00:00,8091.8,8092.5,8084.2,8089.9,3600,1,0,3600
2024-06-01 23:00:00,8089.8,8094.3,8088.0,8092.1,3600,1,0,3600
2024-06-02 00:00:00,8092.2,8099.8,8088.5,8099.3,3600,1,0,3600
2024-06-02 01:00:00,8099.4,8099.7,8091.6,8093.1,3600,1,0,3600
2024-06-02 02:00:00,8093.0,8095.6,8085.6,8089.5,3599,1,0,3599
2024-06-02 03:00:00,8089.4,8091.1,8073.2,8075.7,3600,1,0,3600
2024-06-02 04:00:00,8075.8,8079.3,8071.7,8074.3,3600,1,0,3600
2024-06-02 05:00:00,8074.2,8077.8,8068.2,8071.7,3600,1,0,3600
2024-06-02 06:00:00,8071.8,8071.9,8061.4,8062.5,3600,1,0,3600
2024-06-02 07:00:00,8062.4,8066.5,8059.7,8062.1,3600,1,0,3600
2024-06-02 08:00:00,8062.2,8070.8,8059.6,8068.3,3600,1,0,3600
2024-06-02 09:00:00,8068.4,8068.9,8054.7,8054.7,3600,1,0,3600
2024-06-02 10:00:00,8054.8,8056.5,8049.6,8056.5,3600,1,0,3600
2024-06-02 11:00:00,8056.4,8058.5,8044.1,8045.3,3600,1,0,3600
2024-06-02 12:00:00,8045.4,8053.8,8040.1,8040.1,3600,1,0,3600
2024-06-02 13:00:00,8040.2,8048.8,8039.0,8046.5,3600,1,0,3600
2024-06-02 14:00:00,8046.6,8048.3,8033.5,8034.1,3600,1,0,3600
2024-06-02 15:00:00,8034.2,8036.3,8031.1,8034.1,3600,1,0,3600
2024-06-02 16:00:00,8034.2,8040.8,8033.1,8037.7,3600,1,0,3600
2024-06-02 17:00:00,8037.6,8045.3,8036.9,8037.7,3600,1,0,3600
2024-06-02 18:00:00,8037.6,8045.6,8035.5,8043.9,3600,1,0,3600
2024-06-02 19:00:00,8044.0,8047.1,8035.2,8038.1,3600,1,0,3600
2024-06-02 20:00:00,8038.2,8042.9,8036.2,8038.1,3600,1,0,3600
2024-06-02 21:00:00,8038.2,8047.5,8038.0,8042.7,3600,1,0,3600
2024-06-02 22:00:00,8042.8,8054.4,8042.0,8049.9,3600,1,0,3600
2024-06-02 23:00:00,8049.8,8050.0,8037.2,8037.5,3600,1,0,3600
2024-06-03 00:00:00,8037.4,8037.7,8030.7,8033.7,3600,1,0,3600
2024-06-03 01:00:00,8033.6,8036.2,8029.3,8034.1,3600,1,0,3600
2024-06-03 02:00:00,8034.0,8036.0,8030.0,8035.5,3600,1,0,3600
2024-06-03 03:00:00,8035.6,8049.4,8034.8,8044.9,3600,1,0,3600
2024-06-03 04:00:00,8045.0,8045.8,8039.2,8043.7,3600,1,0,3600
2024-06-03 05:00:00,8043.6,8045.8,8038.9,8040.5,3600,1,0,3600
2024-06-03 06:00:00,8040.6,8052.9,8038.3,8052.3,3600,1,0,3600
2024-06-03 07:00:00,8052.4,8058.4,8046.7,8056.1,3600,1,0,3600
2024-06-03 08:00:00,8056.0,8060.0,8052.2,8058.3,3600,1,0,3600
2024-06-03 09:00:00,8058.4,8058.5,8053.6,8057.3,3600,1,0,3600
2024-06-03 10:00:00,8057.2,8063.1,8057.0,8058.9,3600,1,0,3600
2024-06-03 11:00:00,8059.0,8063.1,8049.7,8053.7,3600,1,0,3600
2024-06-03 12:00:00,8053.8,8063.3,8050.7,8062.3,3600,1,0,3600
2024-06-03 13:00:00,8062.4,8066.7,8055.8,8057.3,3600,1,0,3600
2024-06-03 14:00:00,8057.4,8063.4,8055.4,8063.3,3600,1,0,3600
2024-06-03 15:00:00,8063.2,8068.4,8059.8,8060.1,3600,1,0,3600
2024-06-03 16:00:00,8060.2,8063.2,8054.2,8055.7,3600,1,0,3600
2024-06-03 17:00:00,8055.6,8058.9,8048.9,8049.5,3600,1,0,3600
2024-06-03 18:00:00,8049.4,8051.4,8044.7,8046.7,3600,1,0,3600
2024-06-03 19:00:00,8046.6,8054.0,8046.3,8052.1,3600,1,0,3600
2024-06-03 20:00:00,8052.0,8056.8,8047.2,8049.1,3600,1,0,3600
2024-06-03 21:00:00,8049.2,8054.6,8048.5,8049.5,3600,1,0,3600
2024-06-03 22:00:00,8049.4,8050.4,8038.4,8041.7,3600,1,0,3600
2024-06-03 23:00:00,8041.6,8044.8,8037.9,8040.1,3600,1,0,3600
2024-06-04 00:00:00,8040.0,8041.2,8032.0,8035.9,3600,1,0,3600
2024-06-04 01:00:00,8035.8,8039.3,8030.0,8032.3,3600,1,0,3600
2024-06-04 02:00:00,8032.2,8038.5,8029.7,8037.1,3600,1,0,3600
2024-06-04 03:00:00,8037.0,8039.6,8030.3,8035.5,3600,1,0,3600
2024-06-04 04:00:00,8035.4,8039.9,8031.0,8033.7,3600,1,0,3600
2024-06-04 05:00:00,8033.6,8039.9,8029.2,8039.7,3600,1,0,3600
2024-06-04 06:00:00,8039.8,8040.0,8030.3,8030.3,3592,1,0,3592
2024-06-04 07:00:00,8030.4,8031.7,8016.4,8017.7,3600,1,0,3600
2024-06-04 08:00:00,8017.6,8024.0,8014.2,8017.3,3600,1,0,3600
2024-06-04 09:00:00,8017.4,8027.0,8017.2,8026.7,3600,1,0,3600
2024-06-04 10:00:00,8026.6,8026.7,8019.0,8024.9,3600,1,0,3600
2024-06-04 11:00:00,8024.8,8024.9,8018.3,8021.1,3600,1,0,3600
2024-06-04 12:00:00,8021.0,8027.6,8019.6,8021.9,3600,1,0,3600
2024-06-04 13:00:00,8021.8,8025.5,8020.3,8020.8,3597,1,0,3597
2024-06-04 14:00:00,8020.9,8023.1,8015.7,8020.4,3600,1,0,3600
2024-06-04 15:00:00,8020.3,8026.3,8018.3,8024.8,3600,1,0,3600
2024-06-04 16:00:00,8024.7,8030.6,8022.8,8025.4,3600,1,0,3600
2024-06-04 17:00:00,8025.5,8033.5,8024.2,8026.6,3600,1,0,3600
2024-06-04 18:00:00,8026.5,8027.4,8018.7,8019.4,3600,1,0,3600
2024-06-04 19:00:00,8019.3,8019.3,7996.6,7999.4,3600,1,0,3600
2024-06-04 20:00:00,7999.5,8001.6,7989.5,7992.0,3600,1,0,3600
2024-06-04 21:00:00,7991.9,7993.1,7981.2,7986.2,3600,1,0,3600
2024-06-04 22:00:00,7986.3,7995.5,7985.8,7993.0,3600,1,0,3600
2024-06-04 23:00:00,7992.9,7995.9,7987.0,7987.4,3600,1,0,3600
2024-06-05 00:00:00,7987.3,7994.2,7985.4,7993.2,3600,1,0,3600
2024-06-05 01:00:00,7993.3,7997.4,7987.8,7996.6,3600,1,0,3600
2024-06-05 02:00:00,7996.5,8003.3,7996.3,7997.8,3600,1,0,3600
2024-06-05 03:00:00,7997.7,8004.7,7996.6,8000.4,3600,1,0,3600
2024-06-05 04:00:00,8000.5,8004.6,7995.3,8003.2,3600,1,0,3600
2024-06-05 05:00:00,8003.1,8003.2,7987.9,7989.8,3600,1,0,3600
2024-06-05 06:00:00,7989.9,7992.2,7986.1,7990.2,3600,1,0,3600
2024-06-05 07:00:00,7990.1,7997.6,7989.3,7994.6,3600,1,0,3600
2024-06-05 08:00:00,7994.5,7997.1,7983.4,7985.6,3600,1,0,3600
2024-06-05 09:00:00,7985.7,7988.1,7976.2,7983.2,3593,1,0,3593
2024-06-05 10:00:00,7983.3,7989.5,7979.1,7988.8,3600,1,0,3600
2024-06-05 11:00:00,7988.9,7991.6,7969.6,7970.6,3600,1,0,3600
2024-06-05 12:00:00,7970.7,7972.8,7962.5,7966.0,3600,1,0,3600
2024-06-05 13:00:00,7966.1,7981.4,7965.7,7976.8,3600,1,0,3600
2024-06-05 14:00:00,7976.9,7980.4,7973.2,7979.0,3600,1,0,3600
2024-06-05 15:00:00,7978.9,7984.0,7976.0,7982.0,3600,1,0,3600
2024-06-05 16:00:00,7981.9,7988.0,7978.7,7981.8,3600,1,0,3600
2024-06-05 17:00:00,7981.7,7981.9,7975.2,7980.0,3600,1,0,3600
2024-06-05 18:00:00,7980.1,7986.4,7978.2,7981.0,3600,1,0,3600
2024-06-05 19:00:00,7980.9,7982.5,7971.2,7973.4,3600,1,0,3600
2024-06-05 20:00:00,7973.5,7978.8,7966.2,7966.6,3600,1,0,3600
2024-06-05 21:00:00,7966.7,7967.9,7958.1,7963.6,3600,1,0,3600
2024-06-05 22:00:00,7963.5,7963.5,7955.0,7957.6,3600,1,0,3600
2024-06-05 23:00:00,7957.7,7972.0,7957.3,7971.2,3600,1,0,3600
2024-06-06 00:00:00,7971.1,7984.3,7970.1,7983.8,3600,1,0,3600
2024-06-06 01:00:00,7983.9,7986.8,7978.9,7985.2,3600,1,0,3600
2024-06-06 02:00:00,7985.1,7985.2,7978.5,7981.0,3600,1,0,3600
2024-06-06 03:00:00,7981.1,7985.4,7980.0,7983.6,2864,1,0,2864
2024-06-06 04:00:00,7983.7,7989.0,7980.7,7988.8,3600,1,0,3600
2024-06-06 05:00:00,7988.9,7993.7,7983.1,7985.6,3600,1,0,3600
2024-06-06 06:00:00,7985.5,7995.3,7985.4,7994.8,3600,1,0,3600
2024-06-06 07:00:00,7994.9,7999.9,7988.8,7997.8,3600,1,0,3600
2024-06-06 08:00:00,7997.7,8002.4,7994.0,7994.0,3600,1,0,3600
2024-06-06 09:00:00,7993.9,7996.0,7990.2,7993.0,3600,1,0,3600
2024-06-06 10:00:00,7992.9,7994.3,7978.8,7979.8,3600,1,0,3600
2024-06-06 11:00:00,7979.7,7982.1,7975.4,7978.4,3600,1,0,3600
2024-06-06 12:00:00,7978.3,7978.9,7966.3,7969.6,3600,1,0,3600
2024-06-06 13:00:00,7969.7,7974.7,7968.5,7974.4,3600,1,0,3600
2024-06-06 14:00:00,7974.3,7986.0,7973.5,7984.6,3600,1,0,3600
2024-06-06 15:00:00,7984.7,7995.9,7984.3,7993.6,3600,1,0,3600
2024-06-06 16:00:00,7993.5,7998.7,7988.8,7997.0,3600,1,0,3600
2024-06-06 17:00:00,7996.9,7998.4,7988.7,7991.0,3600,1,0,3600
2024-06-06 18:00:00,7990.9,7994.0,7986.6,7991.2,3600,1,0,3600
2024-06-06 19:00:00,7991.3,7993.6,7986.7,7992.4,3600,1,0,3600
2024-06-06 20:00:00,7992.3,7993.9,7985.1,7987.4,3600,1,0,3600
2024-06-06 21:00:00,7987.3,7993.1,7983.7,7992.0,3600,1,0,3600
2024-06-06 22:00:00,7992.1,7995.0,7989.7,7993.0,3600,1,0,3600
2024-06-06 23:00:00,7992.9,8000.3,7988.9,7997.8,3600,1,0,3600
2024-06-07 00:00:00,7997.9,7998.5,7987.3,7993.6,3600,1,0,3600
2024-06-07 01:00:00,7993.5,7994.5,7984.6,7987.4,3600,1,0,3600
2024-06-07 02:00:00,7987.3,7989.0,7979.8,7984.8,3600,1,0,3600
2024-06-07 03:00:00,7984.9,7985.3,7972.7,7978.4,3600,1,0,3600
2024-06-07 04:00:00,7978.3,7984.6,7975.1,7981.6,3600,1,0,3600
2024-06-07 05:00:00,7981.5,7988.8,7977.6,7988.0,3600,1,0,3600
2024-06-07 06:00:00,7987.9,7994.5,7987.4,7989.8,3600,1,0,3600
2024-06-07 07:00:00,7989.9,7993.7,7985.6,7989.6,3600,1,0,3600
2024-06-07 08:00:00,7989.5,7990.9,7983.8,7984.0,3600,1,0,3600
2024-06-07 09:00:00,7984.1,7988.5,7982.7,7987.4,3600,1,0,3600
2024-06-07 10:00:00,7987.5,7992.5,7982.9,7992.2,3600,1,0,3600
2024-06-07 11:00:00,7992.1,7993.5,7988.6,7990.8,3600,1,0,3600
2024-06-07 12:00:00,7990.7,8006.1,7990.4,8005.2,3600,1,0,3600
2024-06-07 13:00:00,8005.1,8006.2,7999.9,8004.2,3600,1,0,3600
2024-06-07 14:00:00,8004.3,8010.2,8004.2,8005.8,3600,1,0,3600
2024-06-07 15:00:00,8005.9,8009.1,8001.0,8002.8,3600,1,0,3600
2024-06-07 16:00:00,8002.9,8006.6,7994.7,7997.6,3600,1,0,3600
2024-06-07 17:00:00,7997.5,8011.8,7994.3,8010.6,3600,1,0,3600
2024-06-07 18:00:00,8010.5,8013.8,8008.8,8012.2,3600,1,0,3600
2024-06-07 19:00:00,8012.3,8021.8,8011.8,8021.8,3600,1,0,3600
2024-06-07 20:00:00,8021.7,8023.2,8015.1,8015.6,3600,1,0,3600
2024-06-07 21:00:00,8015.7,8027.4,8010.8,8026.8,3600,1,0,3600
2024-06-07 22:00:00,8026.9,8027.8,8023.0,8027.6,3600,1,0,3600
2024-06-07 23:00:00,8027.5,8029.3,8023.6,8024.4,3600,1,0,3600
2024-06-08 00:00:00,8024.5,8025.4,8013.1,8014.2,3600,1,0,3600
2024-06-08 01:00:00,8014.3,8021.8,8013.8,8015.2,3600,1,0,3600
2024-06-08 02:00:00,8015.1,8019.0,8007.9,8010.8,3600,1,0,3600
2024-06-08 03:00:00,8010.7,8013.6,8009.4,8011.8,3600,1,0,3600
2024-06-08 04:00:00,8011.9,8015.3,8010.2,8014.0,3600,1,0,3600
2024-06-08 05:00:00,8014.1,8014.8,8006.4,8006.8,3600,1,0,3600
2024-06-08 06:00:00,8006.9,8019.0,8005.6,8017.6,3600,1,0,3600
2024-06-08 07:00:00,8017.5,8023.5,8010.2,8012.4,3600,1,0,3600
2024-06-08 08:00:00,8012.5,8016.3,8007.3,8012.4,3600,1,0,3600
2024-06-08 09:00:00,8012.3,8021.8,8009.9,8020.2,3600,1,0,3600
2024-06-08 10:00:00,8020.3,8023.9,8013.7,8017.2,3600,1,0,3600
2024-06-08 11:00:00,8017.3,8022.9,8015.6,8022.8,3600,1,0,3600
2024-06-08 12:00:00,8022.9,8024.9,8013.8,8014.4,3600,1,0,3600
2024-06-08 13:00:00,8014.5,8015.0,7994.6,7998.0,3600,1,0,3600
2024-06-08 14:00:00,7998.1,8004.5,7989.5,7990.2,3600,1,0,3600
2024-06-08 15:00:00,7990.3,7993.5,7987.4,7991.0,3600,1,0,3600
2024-06-08 16:00:00,7990.9,7994.9,7989.1,7989.8,3600,1,0,3600
2024-06-08 17:00:00,7989.9,7993.3,7986.7,7989.8,3600,1,0,3600
2024-06-08 18:00:00,7989.7,7998.9,7989.6,7996.2,3600,1,0,3600
2024-06-08 19:00:00,7996.1,7999.7,7991.2,7991.2,3600,1,0,3600
2024-06-08 20:00:00,7991.1,7997.2,7989.6,7990.0,3600,1,0,3600
2024-06-08 21:00:00,7989.9,7995.4,7986.9,7994.8,3600,1,0,3600
2024-06-08 22:00:00,7994.9,7995.4,7984.1,7984.4,3600,1,0,3600
2024-06-08 23:00:00,7984.5,7989.9,7980.9,7987.4,3600,1,0,3600
2024-06-09 00:00:00,7987.3,7988.7,7981.8,7987.6,3600,1,0,3600
2024-06-09 01:00:00,7987.7,7990.3,7984.0,7986.6,3576,1,0,3576
2024-06-09 02:00:00,7986.7,7992.3,7984.4,7988.2,3600,1,0,3600
2024-06-09 03:00:00,7988.1,7998.4,7988.0,7994.6,3600,1,0,3600
2024-06-09 04:00:00,7994.7,7994.8,7988.8,7992.8,3600,1,0,3600
2024-06-09 05:00:00,7992.9,8002.9,7992.2,8000.4,3600,1,0,3600
2024-06-09 06:00:00,8000.5,8005.9,7997.0,8003.4,3600,1,0,3600
2024-06-09 07:00:00,8003.5,8007.1,7996.8,8000.4,3600,1,0,3600
2024-06-09 08:00:00,8000.5,8005.7,7995.9,8000.4,3600,1,0,3600
2024-06-09 09:00:00,8000.5,8009.4,7999.6,8008.4,3600,1,0,3600
2024-06-09 10:00:00,8008.3,8011.8,8004.8,8011.8,3600,1,0,3600
2024-06-09 11:00:00,8011.9,8022.7,8011.1,8019.8,3600,1,0,3600
2024-06-09 12:00:00,8019.9,8024.2,8018.4,8023.2,3600,1,0,3600
2024-06-09 13:00:00,8023.1,8025.0,8015.5,8017.8,3600,1,0,3600
2024-06-09 14:00:00,8017.9,8017.9,8009.8,8014.0,3600,1,0,3600
2024-06-09 15:00:00,8013.9,8015.7,8009.4,8013.0,3600,1,0,3600
2024-06-09 16:00:00,8012.9,8019.1,8004.3,8004.4,3600,1,0,3600
2024-06-09 17:00:00,8004.3,8005.7,7997.9,7998.0,3600,1,0,3600
2024-06-09 18:00:00,7998.1,8007.3,7996.6,8005.2,3600,1,0,3600
2024-06-09 19:00:00,8005.3,8024.6,8005.3,8024.4,3600,1,0,3600
2024-06-09 20:00:00,8024.3,8025.1,8004.5,8007.2,3600,1,0,3600
2024-06-09 21:00:00,8007.3,8017.3,8006.9,8015.2,3600,1,0,3600
2024-06-09 22:00:00,8015.3,8019.7,8011.8,8018.2,3600,1,0,3600
2024-06-09 23:00:00,8018.3,8018.4,8010.7,8015.6,3600,1,0,3600
2024-06-10 00:00:00,8015.5,8017.7,8005.9,8011.6,3600,1,0,3600
2024-06-10 01:00:00,8011.7,8012.8,8006.9,8012.4,3600,1,0,3600
2024-06-10 02:00:00,8012.5,8013.7,8005.2,8008.4,3595,1,0,3595
2024-06-10 03:00:00,8008.3,8017.0,8006.8,8015.8,3600,1,0,3600
2024-06-10 04:00:00,8015.7,8018.5,8009.5,8017.2,3600,1,0,3600
2024-06-10 05:00:00,8017.1,8026.7,8015.0,8025.0,3600,1,0,3600
2024-06-10 06:00:00,8024.9,8037.0,8024.5,8037.0,3600,1,0,3600
2024-06-10 07:00:00,8036.9,8043.4,8034.2,8040.4,3600,1,0,3600
2024-06-10 08:00:00,8040.3,8045.2,8038.5,8042.6,3600,1,0,3600
2024-06-10 09:00:00,8042.7,8050.2,8042.5,8048.8,3600,1,0,3600
2024-06-10 10:00:00,8048.9,8061.9,8048.8,8060.2,3600,1,0,3600
2024-06-10 11:00:00,8060.1,8065.1,8055.8,8056.8,3600,1,0,3600
2024-06-10 12:00:00,8056.7,8064.1,8054.8,8059.2,3600,1,0,3600
2024-06-10 13:00:00,8059.3,8060.2,8053.6,8060.0,3600,1,0,3600
2024-06-10 14:00:00,8060.1,8065.5,8058.4,8065.0,3600,1,0,3600
2024-06-10 15:00:00,8065.1,8065.2,8056.6,8060.6,3600,1,0,3600
2024-06-10 16:00:00,8060.5,8072.5,8060.2,8072.4,3600,1,0,3600
2024-06-10 17:00:00,8072.3,8081.8,8069.1,8081.6,3600,1,0,3600
2024-06-10 18:00:00,8081.5,8082.4,8072.9,8077.8,3600,1,0,3600
2024-06-10 19:00:00,8077.7,8082.9,8077.2,8079.0,3600,1,0,3600
2024-06-10 20:00:00,8078.9,8087.0,8077.1,8086.8,3600,1,0,3600
2024-06-10 21:00:00,8086.9,8090.7,8080.2,8081.2,3600,1,0,3600
2024-06-10 22:00:00,8081.1,8086.4,8079.3,8086.2,3600,1,0,3600
2024-06-10 23:00:00,8086.1,8086.4,8080.3,8083.0,3600,1,0,3600
2024-06-11 00:00:00,8083.1,8090.9,8082.8,8087.2,3600,1,0,3600
2024-06-11 01:00:00,8087.1,8091.8,8084.4,8091.0,3600,1,0,3600
2024-06-11 02:00:00,8090.9,8091.8,8085.1,8091.4,3600,1,0,3600
2024-06-11 03:00:00,8091.5,8095.6,8089.1,8090.4,3600,1,0,3600
2024-06-11 04:00:00,8090.3,8092.5,8082.0,8083.2,3600,1,0,3600
2024-06-11 05:00:00,8083.3,8088.7,8081.3,8088.6,3600,1,0,3600
2024-06-11 06:00:00,8088.7,8093.2,8088.0,8088.2,3600,1,0,3600
2024-06-11 07:00:00,8088.1,8093.5,8086.8,8091.6,3600,1,0,3600
2024-06-11 08:00:00,8091.7,8093.3,8086.5,8092.0,3600,1,0,3600
2024-06-11 09:00:00,8091.9,8095.8,8084.9,8087.6,3600,1,0,3600
2024-06-11 10:00:00,8087.7,8094.7,8083.2,8092.8,3600,1,0,3600
2024-06-11 11:00:00,8092.9,8096.3,8089.7,8093.6,3600,1,0,3600
2024-06-11 12:00:00,8093.7,8095.5,8081.5,8084.8,3600,1,0,3600
2024-06-11 13:00:00,8084.7,8089.2,8082.0,8087.4,3600,1,0,3600
2024-06-11 14:00:00,8087.5,8090.2,8082.0,8089.0,3600,1,0,3600
2024-06-11 15:00:00,8088.9,8090.0,8077.1,8081.0,3600,1,0,3600
2024-06-11 16:00:00,8080.9,8087.1,8079.0,8086.6,3600,1,0,3600
2024-06-11 17:00:00,8086.5,8086.5,8075.8,8076.0,3600,1,0,3600
2024-06-11 18:00:00,8075.9,8078.1,8070.6,8071.8,3600,1,0,3600
2024-06-11 19:00:00,8071.9,8080.5,8068.7,8074.8,3600,1,0,3600
2024-06-11 20:00:00,8074.7,8078.7,8071.6,8072.0,3600,1,0,3600
2024-06-11 21:00:00,8072.1,8076.3,8068.4,8073.2,3600,1,0,3600
2024-06-11 22:00:00,8073.1,8074.3,8065.7,8068.4,3600,1,0,3600
2024-06-11 23:00:00,8068.3,8071.5,8064.2,8069.0,3600,1,0,3600
2024-06-12 00:00:00,8069.1,8071.3,8065.8,8070.4,3600,1,0,3600
2024-06-12 01:00:00,8070.3,8073.3,8066.1,8071.4,3600,1,0,3600
2024-06-12 02:00:00,8071.5,8072.3,8066.3,8071.0,3600,1,0,3600
2024-06-12 03:00:00,8071.1,8071.1,8061.3,8061.4,3600,1,0,3600
2024-06-12 04:00:00,8061.3,8065.9,8058.6,8061.8,3600,1,0,3600
2024-06-12 05:00:00,8061.7,8062.1,8050.8,8051.0,3600,1,0,3600
2024-06-12 06:00:00,8051.1,8056.3,8049.9,8051.2,3600,1,0,3600
2024-06-12 07:00:00,8051.1,8058.3,8050.9,8053.0,3600,1,0,3600
2024-06-12 08:00:00,8052.9,8055.5,8047.6,8053.2,3600,1,0,3600
2024-06-12 09:00:00,8053.3,8057.2,8047.1,8048.6,3600,1,0,3600
2024-06-12 10:00:00,8048.7,8055.3,8047.6,8050.8,3600,1,0,3600
2024-06-12 11:00:00,8050.9,8053.7,8047.3,8049.8,3600,1,0,3600
2024-06-12 12:00:00,8049.9,8050.1,8037.2,8037.2,3600,1,0,3600
2024-06-12 13:00:00,8037.3,8044.9,8034.3,8043.8,3600,1,0,3600
2024-06-12 14:00:00,8043.7,8046.4,8042.3,8045.6,3600,1,0,3600
2024-06-12 15:00:00,8045.7,8047.6,8037.5,8040.8,3600,1,0,3600
2024-06-12 16:00:00,8040.7,8043.5,8035.9,8042.4,3600,1,0,3600
2024-06-12 17:00:00,8042.3,8045.0,8034.9,8037.8,3600,1,0,3600
2024-06-12 18:00:00,8037.9,8043.6,8033.7,8042.6,3600,1,0,3600
2024-06-12 19:00:00,8042.7,8043.9,8035.5,8036.2,3600,1,0,3600
2024-06-12 20:00:00,8036.3,8037.0,8028.2,8030.4,3600,1,0,3600
2024-06-12 21:00:00,8030.5,8031.1,8024.5,8025.4,3600,1,0,3600
2024-06-12 22:00:00,8025.3,8025.4,8012.5,8019.6,3600,1,0,3600
2024-06-12 23:00:00,8019.7,8022.3,8014.6,8020.2,3600,1,0,3600
2024-06-13 00:00:00,8020.3,8022.6,8017.6,8021.0,3600,1,0,3600
2024-06-13 01:00:00,8021.1,8021.5,8010.4,8012.4,3600,1,0,3600
2024-06-13 02:00:00,8012.3,8012.3,8004.1,8008.4,3600,1,0,3600
2024-06-13 03:00:00,8008.5,8011.4,8003.0,8005.2,3600,1,0,3600
2024-06-13 04:00:00,8005.3,8008.9,8001.1,8003.0,3600,1,0,3600
2024-06-13 05:00:00,8003.1,8004.1,7991.5,7994.8,3600,1,0,3600
2024-06-13 06:00:00,7994.7,8002.5,7991.5,8002.4,3600,1,0,3600
2024-06-13 07:00:00,8002.5,8008.2,7997.6,8001.6,3600,1,0,3600
2024-06-13 08:00:00,8001.7,8012.0,7999.4,8006.8,3600,1,0,3600
2024-06-13 09:00:00,8006.9,8008.1,8001.1,8004.0,3600,1,0,3600
2024-06-13 10:00:00,8003.9,8016.5,8003.7,8015.6,3600,1,0,3600
2024-06-13 11:00:00,8015.7,8029.0,8014.4,8024.0,3600,1,0,3600
2024-06-13 12:00:00,8024.1,8028.8,8023.0,8026.8,3600,1,0,3600
2024-06-13 13:00:00,8026.7,8027.6,8018.8,8026.2,3600,1,0,3600
2024-06-13 14:00:00,8026.3,8026.4,8018.1,8021.6,3600,1,0,3600
2024-06-13 15:00:00,8021.5,8023.2,8015.6,8022.8,3600,1,0,3600
2024-06-13 16:00:00,8022.9,8032.2,8022.3,8025.8,3600,1,0,3600
2024-06-13 17:00:00,8025.9,8029.8,8020.1,8020.6,3600,1,0,3600
2024-06-13 18:00:00,8020.7,8027.2,8019.7,8021.6,3600,1,0,3600
2024-06-13 19:00:00,8021.5,8034.3,8020.4,8031.2,3600,1,0,3600
2024-06-13 20:00:00,8031.3,8036.0,8028.3,8034.4,3600,1,0,3600
2024-06-13 21:00:00,8034.3,8035.1,8029.4,8032.8,3600,1,0,3600
2024-06-13 22:00:00,8032.9,8037.4,8031.0,8031.4,3600,1,0,3600
2024-06-13 23:00:00,8031.3,8038.1,8029.6,8036.8,3600,1,0,3600
2024-06-14 00:00:00,8036.7,8038.1,8030.4,8031.4,3600,1,0,3600
2024-06-14 01:00:00,8031.3,8035.1,8029.2,8030.8,3600,1,0,3600
2024-06-14 02:00:00,8030.7,8031.3,8024.0,8028.2,3600,1,0,3600
2024-06-14 03:00:00,8028.1,8036.2,8027.0,8036.2,3600,1,0,3600
2024-06-14 04:00:00,8036.1,8042.8,8034.2,8035.4,3600,1,0,3600
2024-06-14 05:00:00,8035.3,8038.9,8029.4,8035.4,3600,1,0,3600
2024-06-14 06:00:00,8035.5,8037.3,8031.7,8035.8,3600,1,0,3600
2024-06-14 07:00:00,8035.7,8048.3,8034.9,8047.8,3600,1,0,3600
2024-06-14 08:00:00,8047.9,8052.8,8046.6,8047.6,3600,1,0,3600
2024-06-14 09:00:00,8047.5,8048.3,8039.6,8040.2,3600,1,0,3600
2024-06-14 10:00:00,8040.3,8052.1,8039.7,8045.8,3600,1,0,3600
2024-06-14 11:00:00,8045.9,8051.3,8044.9,8048.0,3600,1,0,3600
2024-06-14 12:00:00,8048.1,8050.1,8044.4,8047.0,3600,1,0,3600
2024-06-14 13:00:00,8047.1,8057.7,8046.5,8056.8,3600,1,0,3600
2024-06-14 14:00:00,8056.9,8066.5,8054.4,8062.4,3600,1,0,3600
2024-06-14 15:00:00,8062.3,8066.8,8056.9,8064.4,3600,1,0,3600
2024-06-14 16:00:00,8064.3,8064.6,8056.3,8059.2,3600,1,0,3600
2024-06-14 17:00:00,8059.1,8071.1,8059.1,8066.2,3600,1,0,3600
2024-06-14 18:00:00,8066.1,8067.5,8060.1,8063.6,3600,1,0,3600
2024-06-14 19:00:00,8063.7,8075.4,8062.8,8073.2,3600,1,0,3600
2024-06-14 20:00:00,8073.1,8082.1,8071.6,8079.4,3600,1,0,3600
2024-06-14 21:00:00,8079.3,8082.9,8077.6,8082.8,3600,1,0,3600
2024-06-14 22:00:00,8082.7,8086.4,8079.1,8083.0,3600,1,0,3600
2024-06-14 23:00:00,8082.9,8087.0,8077.5,8078.2,3600,1,0,3600
2024-06-15 00:00:00,8078.1,8078.6,8068.6,8069.0,3600,1,0,3600
2024-06-15 01:00:00,8069.1,8080.4,8067.5,8077.0,3600,1,0,3600
2024-06-15 02:00:00,8076.9,8077.5,8070.1,8072.8,3600,1,0,3600
2024-06-15 03:00:00,8072.7,8075.3,8067.6,8070.6,3600,1,0,3600
2024-06-15 04:00:00,8070.5,8078.6,8070.1,8072.6,3600,1,0,3600
2024-06-15 05:00:00,8072.5,8075.5,8067.2,8070.2,3600,1,0,3600
2024-06-15 06:00:00,8070.1,8071.3,8061.4,8064.2,3600,1,0,3600
2024-06-15 07:00:00,8064.3,8075.8,8064.3,8072.0,3600,1,0,3600
2024-06-15 08:00:00,8071.9,8074.5,8058.9,8063.0,3600,1,0,3600
2024-06-15 09:00:00,8063.1,8065.3,8059.4,8061.4,3600,1,0,3600
2024-06-15 10:00:00,8061.5,8068.0,8059.9,8062.4,3600,1,0,3600
2024-06-15 11:00:00,8062.5,8064.1,8055.3,8062.0,3600,1,0,3600
2024-06-15 12:00:00,8061.9,8068.1,8059.0,8065.6,3600,1,0,3600
2024-06-15 13:00:00,8065.5,8069.9,8062.5,8063.8,3600,1,0,3600
2024-06-15 14:00:00,8063.9,8065.1,8059.4,8063.2,3600,1,0,3600
2024-06-15 15:00:00,8063.1,8068.6,8061.6,8064.6,3600,1,0,3600
2024-06-15 16:00:00,8064.5,8073.2,8062.7,8067.8,3600,1,0,3600
2024-06-15 17:00:00,8067.9,8076.9,8066.5,8066.6,3600,1,0,3600
2024-06-15 18:00:00,8066.7,8070.8,8065.6,8068.2,3600,1,0,3600
2024-06-15 19:00:00,8068.1,8070.8,8055.3,8057.6,3600,1,0,3600
2024-06-15 20:00:00,8057.7,8063.6,8054.5,8056.8,3600,1,0,3600
2024-06-15 21:00:00,8056.7,8059.9,8051.6,8056.8,3600,1,0,3600
2024-06-15 22:00:00,8056.7,8059.8,8050.8,8051.0,3600,1,0,3600
2024-06-15 23:00:00,8051.1,8059.2,8050.2,8058.6,3600,1,0,3600
2024-06-16 00:00:00,8058.7,8062.9,8052.4,8055.6,3600,1,0,3600
2024-06-16 01:00:00,8055.5,8055.5,8046.6,8049.0,3401,1,0,3401
2024-06-16 02:00:00,8049.1,8056.6,8045.7,8056.2,3600,1,0,3600
2024-06-16 03:00:00,8056.1,8062.2,8051.5,8061.6,3600,1,0,3600
2024-06-16 04:00:00,8061.5,8074.6,8058.7,8074.6,3600,1,0,3600
2024-06-16 05:00:00,8074.5,8080.9,8072.9,8078.8,3600,1,0,3600
2024-06-16 06:00:00,8078.9,8080.2,8069.9,8072.4,3600,1,0,3600
2024-06-16 07:00:00,8072.3,8072.6,8062.7,8065.4,3600,1,0,3600
2024-06-16 08:00:00,8065.3,8067.5,8059.6,8063.8,3600,1,0,3600
2024-06-16 09:00:00,8063.9,8063.9,8047.9,8050.6,3600,1,0,3600
2024-06-16 10:00:00,8050.5,8054.5,8045.5,8045.8,3600,1,0,3600
2024-06-16 11:00:00,8045.7,8055.6,8045.0,8053.2,3600,1,0,3600
2024-06-16 12:00:00,8053.1,8061.4,8051.4,8056.6,3600,1,0,3600
2024-06-16 13:00:00,8056.7,8060.3,8054.4,8058.0,3600,1,0,3600
2024-06-16 14:00:00,8057.9,8058.4,8045.7,8047.0,3600,1,0,3600
2024-06-16 15:00:00,8046.9,8054.3,8041.5,8053.6,3600,1,0,3600
2024-06-16 16:00:00,8053.7,8057.7,8051.5,8057.2,3600,1,0,3600
2024-06-16 17:00:00,8057.3,8058.2,8048.0,8052.0,3600,1,0,3600
2024-06-16 18:00:00,8051.9,8059.2,8051.5,8054.4,3600,1,0,3600
2024-06-16 19:00:00,8054.5,8054.5,8044.5,8046.2,3600,1,0,3600
2024-06-16 20:00:00,8046.1,8047.7,8037.1,8039.4,3600,1,0,3600
2024-06-16 21:00:00,8039.3,8044.3,8037.0,8043.6,3600,1,0,3600
2024-06-16 22:00:00,8043.7,8048.1,8038.9,8042.4,3600,1,0,3600
2024-06-16 23:00:00,8042.5,8049.0,8038.5,8048.4,3600,1,0,3600
2024-06-17 00:00:00,8048.3,8055.7,8047.4,8055.2,3600,1,0,3600
2024-06-17 01:00:00,8055.3,8056.1,8037.8,8037.8,3600,1,0,3600
2024-06-17 02:00:00,8037.7,8046.6,8037.5,8043.2,3600,1,0,3600
2024-06-17 03:00:00,8043.3,8050.4,8040.8,8042.0,3600,1,0,3600
2024-06-17 04:00:00,8041.9,8049.5,8041.0,8043.8,3600,1,0,3600
2024-06-17 05:00:00,8043.7,8047.8,8041.9,8045.4,3600,1,0,3600
2024-06-17 06:00:00,8045.3,8051.3,8043.0,8049.0,3600,1,0,3600
2024-06-17 07:00:00,8049.1,8054.0,8047.3,8048.2,3600,1,0,3600
2024-06-17 08:00:00,8048.3,8048.9,8039.0,8043.0,3600,1,0,3600
2024-06-17 09:00:00,8042.9,8044.2,8037.9,8038.4,3600,1,0,3600
2024-06-17 10:00:00,8038.3,8044.2,8036.5,8040.8,3600,1,0,3600
2024-06-17 11:00:00,8040.7,8042.7,8031.5,8031.8,3600,1,0,3600
2024-06-17 12:00:00,8031.7,8044.9,8031.5,8044.2,3600,1,0,3600
2024-06-17 13:00:00,8044.1,8052.4,8043.4,8049.6,3600,1,0,3600
2024-06-17 14:00:00,8049.7,8049.7,8033.4,8033.6,3600,1,0,3600
2024-06-17 15:00:00,8033.5,8034.3,8026.2,8028.6,3600,1,0,3600
2024-06-17 16:00:00,8028.7,8034.8,8027.4,8029.0,3600,1,0,3600
2024-06-17 17:00:00,8028.9,8030.4,8021.2,8022.6,3600,1,0,3600
2024-06-17 18:00:00,8022.5,8022.5,8011.2,8013.6,3600,1,0,3600
2024-06-17 19:00:00,8013.5,8015.3,8007.6,8014.2,3600,1,0,3600
2024-06-17 20:00:00,8014.3,8016.6,8011.1,8013.6,3600,1,0,3600
2024-06-17 21:00:00,8013.5,8017.1,8009.4,8013.6,3600,1,0,3600
2024-06-17 22:00:00,8013.5,8019.2,8009.3,8019.0,3600,1,0,3600
2024-06-17 23:00:00,8018.9,8021.6,8011.7,8014.2,3595,1,0,3595
2024-06-18 00:00:00,8014.3,8025.7,8012.8,8022.0,3600,1,0,3600
2024-06-18 01:00:00,8021.9,8022.4,8014.2,8022.0,3600,1,0,3600
2024-06-18 02:00:00,8021.9,8022.9,8002.5,8003.4,3600,1,0,3600
2024-06-18 03:00:00,8003.5,8004.0,7997.0,7998.8,3600,1,0,3600
2024-06-18 04:00:00,7998.7,8000.7,7994.7,8000.2,3600,1,0,3600
2024-06-18 05:00:00,8000.3,8006.9,7999.5,8002.6,3600,1,0,3600
2024-06-18 06:00:00,8002.7,8012.8,8002.5,8012.8,3600,1,0,3600
2024-06-18 07:00:00,8012.9,8015.9,8008.9,8009.2,3600,1,0,3600
2024-06-18 08:00:00,8009.3,8013.7,8006.7,8010.2,3600,1,0,3600
2024-06-18 09:00:00,8010.3,8019.3,8009.4,8015.8,3600,1,0,3600
2024-06-18 10:00:00,8015.9,8017.6,8010.3,8016.8,3600,1,0,3600
2024-06-18 11:00:00,8016.7,8017.5,8010.1,8011.0,3600,1,0,3600
2024-06-18 12:00:00,8010.9,8021.2,8008.0,8020.4,3600,1,0,3600
2024-06-18 13:00:00,8020.3,8021.3,8011.7,8012.8,3600,1,0,3600
2024-06-18 14:00:00,8012.9,8014.6,8002.3,8006.2,3600,1,0,3600
2024-06-18 15:00:00,8006.1,8012.7,8004.0,8012.3,3584,1,0,3584
2024-06-18 16:00:00,8012.4,8018.6,8010.0,8014.9,3600,1,0,3600
2024-06-18 17:00:00,8015.0,8019.9,8013.0,8019.9,3600,1,0,3600
2024-06-18 18:00:00,8019.8,8025.9,8018.7,8023.9,3600,1,0,3600
2024-06-18 19:00:00,8023.8,8028.1,8022.1,8022.3,3600,1,0,3600
2024-06-18 20:00:00,8022.4,8024.3,8013.4,8014.1,3600,1,0,3600
2024-06-18 21:00:00,8014.2,8018.0,8010.3,8012.1,3600,1,0,3600
2024-06-18 22:00:00,8012.0,8015.9,8007.7,8009.5,3600,1,0,3600
2024-06-18 23:00:00,8009.6,8016.1,8007.2,8013.3,3600,1,0,3600
2024-06-19 00:00:00,8013.4,8017.0,8008.8,8012.5,3600,1,0,3600
2024-06-19 01:00:00,8012.6,8019.7,8011.6,8013.7,3600,1,0,3600
2024-06-19 02:00:00,8013.6,8018.2,8011.7,8016.9,3600,1,0,3600
2024-06-19 03:00:00,8016.8,8018.3,8006.0,8010.9,3600,1,0,3600
2024-06-19 04:00:00,8010.8,8013.2,8006.6,8010.1,3600,1,0,3600
2024-06-19 05:00:00,8010.2,8013.4,8004.1,8005.9,3600,1,0,3600
2024-06-19 06:00:00,8005.8,8012.0,8004.6,8006.7,3600,1,0,3600
2024-06-19 07:00:00,8006.8,8011.1,8003.5,8008.7,3600,1,0,3600
2024-06-19 08:00:00,8008.8,8010.4,8000.0,8004.3,3600,1,0,3600
2024-06-19 09:00:00,8004.4,8006.0,7996.0,7996.1,3600,1,0,3600
2024-06-19 10:00:00,7996.2,7998.4,7987.5,7998.1,3600,1,0,3600
2024-06-19 11:00:00,7998.0,7998.0,7987.3,7997.3,3600,1,0,3600
2024-06-19 12:00:00,7997.4,8005.1,7996.1,8004.3,3600,1,0,3600
2024-06-19 13:00:00,8004.2,8009.0,8000.3,8006.3,3600,1,0,3600
2024-06-19 14:00:00,8006.4,8023.3,8005.8,8023.3,3600,1,0,3600
2024-06-19 15:00:00,8023.4,8028.4,8019.6,8023.7,3600,1,0,3600
2024-06-19 16:00:00,8023.6,8030.8,8021.2,8021.5,3600,1,0,3600
2024-06-19 17:00:00,8021.6,8027.8,8019.9,8020.9,3600,1,0,3600
2024-06-19 18:00:00,8021.0,8021.8,8012.3,8014.5,3600,1,0,3600
2024-06-19 19:00:00,8014.6,8017.5,8010.7,8011.3,3600,1,0,3600
2024-06-19 20:00:00,8011.2,8014.2,8005.8,8008.5,3600,1,0,3600
2024-06-19 21:00:00,8008.6,8012.4,8004.3,8006.4,3595,1,0,3595
2024-06-19 22:00:00,8006.5,8010.0,8000.8,8000.8,3600,1,0,3600
2024-06-19 23:00:00,8000.7,8001.1,7990.1,7992.0,3600,1,0,3600
2024-06-20 00:00:00,7991.9,7995.5,7986.6,7995.4,3600,1,0,3600
2024-06-20 01:00:00,7995.5,7998.4,7990.0,7996.8,3600,1,0,3600
2024-06-20 02:00:00,7996.7,8002.1,7994.8,8001.2,3600,1,0,3600
2024-06-20 03:00:00,8001.3,8005.2,7994.5,8004.6,3600,1,0,3600
2024-06-20 04:00:00,8004.7,8010.0,8004.0,8006.0,3600,1,0,3600
2024-06-20 05:00:00,8005.9,8014.2,8005.5,8010.0,3600,1,0,3600
2024-06-20 06:00:00,8010.1,8011.0,8002.2,8006.4,3600,1,0,3600
2024-06-20 07:00:00,8006.3,8012.6,8003.4,8010.2,3600,1,0,3600
2024-06-20 08:00:00,8010.1,8015.2,8006.6,8010.0,3600,1,0,3600
2024-06-20 09:00:00,8010.1,8014.4,8003.2,8005.0,3600,1,0,3600
2024-06-20 10:00:00,8004.9,8009.0,8001.1,8008.8,3600,1,0,3600
2024-06-20 11:00:00,8008.7,8011.0,8001.5,8002.4,3600,1,0,3600
2024-06-20 12:00:00,8002.3,8005.5,7997.9,7999.0,3600,1,0,3600
2024-06-20 13:00:00,7998.9,8000.4,7991.6,7993.4,3600,1,0,3600
2024-06-20 14:00:00,7993.5,7994.1,7987.7,7993.4,3600,1,0,3600
2024-06-20 15:00:00,7993.3,7998.7,7985.8,7990.2,3600,1,0,3600
2024-06-20 16:00:00,7990.3,7992.6,7987.1,7988.0,3600,1,0,3600
2024-06-20 17:00:00,7987.9,7994.3,7984.6,7994.2,3600,1,0,3600
2024-06-20 18:00:00,7994.1,7995.4,7982.8,7985.8,3600,1,0,3600
2024-06-20 19:00:00,7985.7,7995.7,7984.7,7991.0,3600,1,0,3600
2024-06-20 20:00:00,7991.1,7992.5,7982.9,7987.6,3600,1,0,3600
2024-06-20 21:00:00,7987.7,7992.2,7984.1,7987.0,3600,1,0,3600
2024-06-20 22:00:00,7987.1,7992.7,7983.8,7990.2,3600,1,0,3600
2024-06-20 23:00:00,7990.1,7990.6,7977.9,7984.8,3600,1,0,3600
2024-06-21 00:00:00,7984.7,7988.5,7966.2,7967.2,3600,1,0,3600
2024-06-21 01:00:00,7967.3,7971.6,7965.4,7970.0,3600,1,0,3600
2024-06-21 02:00:00,7970.1,7978.7,7968.9,7976.4,3600,1,0,3600
2024-06-21 03:00:00,7976.5,7982.0,7974.9,7979.4,3600,1,0,3600
2024-06-21 04:00:00,7979.5,7980.5,7973.3,7976.6,3600,1,0,3600
2024-06-21 05:00:00,7976.7,7981.8,7970.8,7974.0,3600,1,0,3600
2024-06-21 06:00:00,7973.9,7980.7,7972.0,7976.0,3600,1,0,3600
2024-06-21 07:00:00,7975.9,7980.2,7968.5,7980.0,3600,1,0,3600
2024-06-21 08:00:00,7980.1,7988.4,7977.0,7987.0,3600,1,0,3600
2024-06-21 09:00:00,7987.1,7989.5,7982.9,7985.4,3600,1,0,3600
2024-06-21 10:00:00,7985.3,7994.9,7984.4,7991.0,3600,1,0,3600
2024-06-21 11:00:00,7991.1,7998.2,7989.6,7995.8,3600,1,0,3600
2024-06-21 12:00:00,7995.9,8002.0,7992.2,8001.4,3600,1,0,3600
2024-06-21 13:00:00,8001.5,8008.9,8001.0,8004.6,3600,1,0,3600
2024-06-21 14:00:00,8004.7,8004.8,7994.1,7994.2,3600,1,0,3600
2024-06-21 15:00:00,7994.1,7995.9,7988.6,7992.2,3600,1,0,3600
2024-06-21 16:00:00,7992.3,8001.8,7991.9,7999.2,3600,1,0,3600
2024-06-21 17:00:00,7999.1,8006.5,7991.9,7996.0,3600,1,0,3600
2024-06-21 18:00:00,7995.9,7999.8,7989.5,7990.2,3600,1,0,3600
2024-06-21 19:00:00,7990.3,7992.3,7986.3,7991.6,3600,1,0,3600
2024-06-21 20:00:00,7991.7,7994.5,7988.7,7989.6,3600,1,0,3600
2024-06-21 21:00:00,7989.7,7991.5,7984.6,7985.4,3600,1,0,3600
2024-06-21 22:00:00,7985.5,7985.6,7978.0,7980.2,3600,1,0,3600
2024-06-21 23:00:00,7980.3,7983.7,7976.1,7982.0,3600,1,0,3600
2024-06-22 00:00:00,7982.1,7986.8,7979.4,7983.8,3600,1,0,3600
2024-06-22 01:00:00,7983.9,7990.4,7981.7,7987.8,3595,1,0,3595
2024-06-22 02:00:00,7987.9,7988.9,7977.0,7977.8,3600,1,0,3600
2024-06-22 03:00:00,7977.9,7984.2,7973.4,7981.0,3600,1,0,3600
2024-06-22 04:00:00,7981.1,7982.0,7969.4,7970.2,3600,1,0,3600
2024-06-22 05:00:00,7970.3,7977.5,7970.1,7974.8,3600,1,0,3600
2024-06-22 06:00:00,7974.7,7983.3,7971.5,7982.2,3600,1,0,3600
2024-06-22 07:00:00,7982.1,7987.2,7978.5,7982.4,3600,1,0,3600
2024-06-22 08:00:00,7982.5,7985.5,7976.0,7978.4,3600,1,0,3600
2024-06-22 09:00:00,7978.3,7987.7,7977.5,7984.8,3600,1,0,3600
2024-06-22 10:00:00,7984.7,7989.9,7983.8,7986.2,3600,1,0,3600
2024-06-22 11:00:00,7986.3,7988.8,7980.4,7981.2,3600,1,0,3600
2024-06-22 12:00:00,7981.3,7987.2,7980.7,7984.8,3600,1,0,3600
2024-06-22 13:00:00,7984.9,7988.8,7982.6,7988.0,3600,1,0,3600
2024-06-22 14:00:00,7987.9,7988.8,7977.5,7979.2,3600,1,0,3600
2024-06-22 15:00:00,7979.3,7987.0,7977.6,7984.4,3600,1,0,3600
2024-06-22 16:00:00,7984.3,7984.8,7976.4,7979.0,3600,1,0,3600
2024-06-22 17:00:00,7978.9,7979.4,7970.1,7972.2,3600,1,0,3600
2024-06-22 18:00:00,7972.1,7973.3,7961.6,7967.6,3600,1,0,3600
2024-06-22 19:00:00,7967.5,7969.1,7961.5,7962.2,3600,1,0,3600
2024-06-22 20:00:00,7962.3,7964.0,7958.2,7962.6,3600,1,0,3600
2024-06-22 21:00:00,7962.5,7968.4,7958.6,7967.6,3600,1,0,3600
2024-06-22 22:00:00,7967.7,7979.6,7965.6,7978.0,3600,1,0,3600
2024-06-22 23:00:00,7977.9,7979.4,7970.3,7971.0,3600,1,0,3600
2024-06-23 00:00:00,7971.1,7979.4,7970.4,7977.6,3600,1,0,3600
2024-06-23 01:00:00,7977.7,7977.8,7969.1,7976.6,3600,1,0,3600
2024-06-23 02:00:00,7976.7,7984.0,7973.1,7973.8,3600,1,0,3600
2024-06-23 03:00:00,7973.7,7980.1,7972.1,7976.2,3600,1,0,3600
2024-06-23 04:00:00,7976.3,7991.9,7975.3,7989.6,3600,1,0,3600
2024-06-23 05:00:00,7989.7,7998.4,7989.3,7997.0,3600,1,0,3600
2024-06-23 06:00:00,7996.9,8005.3,7994.3,8001.2,3600,1,0,3600
2024-06-23 07:00:00,8001.3,8008.2,7997.7,8006.4,3600,1,0,3600
2024-06-23 08:00:00,8006.5,8011.4,8004.9,8005.6,3600,1,0,3600
2024-06-23 09:00:00,8005.5,8007.3,8001.4,8005.6,3600,1,0,3600
2024-06-23 10:00:00,8005.7,8006.8,8000.6,8004.4,3600,1,0,3600
2024-06-23 11:00:00,8004.3,8008.9,8003.6,8003.6,3600,1,0,3600
2024-06-23 12:00:00,8003.7,8010.0,8001.2,8008.6,3600,1,0,3600
2024-06-23 13:00:00,8008.7,8009.8,7996.8,7998.4,3600,1,0,3600
2024-06-23 14:00:00,7998.3,8002.5,7995.3,7998.0,3600,1,0,3600
2024-06-23 15:00:00,7997.9,7999.8,7988.6,7992.6,3600,1,0,3600
2024-06-23 16:00:00,7992.5,7993.0,7982.7,7988.4,3600,1,0,3600
2024-06-23 17:00:00,7988.3,7988.8,7980.0,7982.8,3600,1,0,3600
2024-06-23 18:00:00,7982.7,7983.5,7973.8,7980.6,3600,1,0,3600
2024-06-23 19:00:00,7980.7,7985.4,7977.2,7984.4,3600,1,0,3600
2024-06-23 20:00:00,7984.3,7996.1,7983.4,7996.0,3600,1,0,3600
2024-06-23 21:00:00,7995.9,8000.9,7990.1,7991.0,3600,1,0,3600
2024-06-23 22:00:00,7990.9,7991.0,7981.3,7982.4,3600,1,0,3600
2024-06-23 23:00:00,7982.5,7995.9,7980.9,7985.2,3600,1,0,3600
2024-06-24 00:00:00,7985.3,7993.1,7982.8,7990.0,3600,1,0,3600
2024-06-24 01:00:00,7989.9,8000.1,7989.1,7997.8,3600,1,0,3600
2024-06-24 02:00:00,7997.9,8001.6,7996.0,7999.4,3600,1,0,3600
2024-06-24 03:00:00,7999.5,8000.1,7991.0,7994.8,3600,1,0,3600
2024-06-24 04:00:00,7994.7,7997.4,7991.9,7992.8,3600,1,0,3600
2024-06-24 05:00:00,7992.7,7996.8,7987.5,7987.8,3600,1,0,3600
2024-06-24 06:00:00,7987.7,7999.4,7985.9,7999.0,3600,1,0,3600
2024-06-24 07:00:00,7999.1,8004.9,7993.2,7997.2,3600,1,0,3600
2024-06-24 08:00:00,7997.3,7998.5,7987.2,7988.0,3600,1,0,3600
2024-06-24 09:00:00,7987.9,8001.6,7987.6,8000.8,3600,1,0,3600
2024-06-24 10:00:00,8000.7,8002.5,7989.8,7991.4,3600,1,0,3600
2024-06-24 11:00:00,7991.5,7996.0,7982.4,7982.8,3600,1,0,3600
2024-06-24 12:00:00,7982.9,7987.8,7978.9,7987.8,3600,1,0,3600
2024-06-24 13:00:00,7987.7,7997.9,7985.7,7988.8,3600,1,0,3600
2024-06-24 14:00:00,7988.7,7994.5,7987.3,7991.6,3600,1,0,3600
2024-06-24 15:00:00,7991.5,7994.9,7980.9,7986.8,3600,1,0,3600
2024-06-24 16:00:00,7986.9,7988.9,7981.0,7987.0,3600,1,0,3600
2024-06-24 17:00:00,7986.9,7987.6,7980.4,7985.8,3600,1,0,3600
2024-06-24 18:00:00,7985.7,7990.5,7978.8,7989.2,3600,1,0,3600
2024-06-24 19:00:00,7989.1,7993.4,7984.1,7991.4,3600,1,0,3600
2024-06-24 20:00:00,7991.5,7991.5,7981.0,7982.8,3600,1,0,3600
2024-06-24 21:00:00,7982.7,7995.1,7982.3,7991.2,3600,1,0,3600
2024-06-24 22:00:00,7991.1,7991.8,7985.2,7987.4,3600,1,0,3600
2024-06-24 23:00:00,7987.5,7992.4,7982.7,7983.8,3600,1,0,3600
2024-06-25 00:00:00,7983.9,7994.4,7981.8,7993.0,3600,1,0,3600
2024-06-25 01:00:00,7992.9,7997.2,7990.4,7994.4,3600,1,0,3600
2024-06-25 02:00:00,7994.5,8003.0,7994.0,7998.2,3600,1,0,3600
2024-06-25 03:00:00,7998.3,8004.9,7996.5,8004.4,3600,1,0,3600
2024-06-25 04:00:00,8004.5,8009.4,8003.8,8005.0,3600,1,0,3600
2024-06-25 05:00:00,8004.9,8012.6,8004.5,8008.6,3600,1,0,3600
2024-06-25 06:00:00,8008.7,8012.2,8004.6,8007.2,3600,1,0,3600
2024-06-25 07:00:00,8007.1,8019.6,8004.6,8016.2,3600,1,0,3600
2024-06-25 08:00:00,8016.1,8018.0,8008.4,8011.2,3600,1,0,3600
2024-06-25 09:00:00,8011.3,8011.7,8002.6,8010.4,3600,1,0,3600
2024-06-25 10:00:00,8010.3,8014.7,8002.5,8003.0,3600,1,0,3600
2024-06-25 11:00:00,8003.1,8015.9,8002.0,8015.0,3600,1,0,3600
2024-06-25 12:00:00,8015.1,8016.0,8004.3,8008.6,3600,1,0,3600
2024-06-25 13:00:00,8008.5,8011.8,8003.6,8010.2,3600,1,0,3600
2024-06-25 14:00:00,8010.1,8016.4,8001.2,8001.2,3600,1,0,3600
2024-06-25 15:00:00,8001.1,8001.6,7996.4,7999.6,3600,1,0,3600
2024-06-25 16:00:00,7999.5,8007.4,7999.4,8004.4,3600,1,0,3600
2024-06-25 17:00:00,8004.5,8013.2,8001.6,8011.6,3600,1,0,3600
2024-06-25 18:00:00,8011.7,8019.4,8009.0,8014.6,3600,1,0,3600
2024-06-25 19:00:00,8014.7,8016.3,8009.5,8012.0,3600,1,0,3600
2024-06-25 20:00:00,8011.9,8018.1,8010.4,8012.2,3600,1,0,3600
2024-06-25 21:00:00,8012.1,8012.7,8003.6,8006.8,3600,1,0,3600
2024-06-25 22:00:00,8006.7,8009.2,8003.2,8006.2,3600,1,0,3600
2024-06-25 23:00:00,8006.3,8007.7,7989.4,7992.2,3600,1,0,3600
2024-06-26 00:00:00,7992.1,8001.8,7990.5,8001.8,3600,1,0,3600
2024-06-26 01:00:00,8001.9,8004.9,7999.1,8002.2,3600,1,0,3600
2024-06-26 02:00:00,8002.3,8014.3,8000.7,8012.6,3600,1,0,3600
2024-06-26 03:00:00,8012.7,8024.8,8009.1,8024.0,3600,1,0,3600
2024-06-26 04:00:00,8023.9,8031.6,8023.2,8029.6,3600,1,0,3600
2024-06-26 05:00:00,8029.5,8034.7,8026.6,8029.0,3600,1,0,3600
2024-06-26 06:00:00,8029.1,8030.8,8022.0,8023.4,3600,1,0,3600
2024-06-26 07:00:00,8023.5,8028.2,8013.4,8013.6,3600,1,0,3600
2024-06-26 08:00:00,8013.7,8027.9,8011.2,8025.2,3600,1,0,3600
2024-06-26 09:00:00,8025.1,8026.4,8016.5,8019.2,3600,1,0,3600
2024-06-26 10:00:00,8019.1,8026.2,8018.5,8020.2,3600,1,0,3600
2024-06-26 11:00:00,8020.1,8020.4,8011.0,8014.0,3600,1,0,3600
2024-06-26 12:00:00,8014.1,8022.3,8013.7,8019.6,3600,1,0,3600
2024-06-26 13:00:00,8019.5,8026.2,8017.4,8022.8,3600,1,0,3600
2024-06-26 14:00:00,8022.9,8033.6,8022.8,8033.0,3600,1,0,3600
2024-06-26 15:00:00,8032.9,8036.8,8024.1,8028.2,3600,1,0,3600
2024-06-26 16:00:00,8028.3,8037.3,8024.0,8034.2,3600,1,0,3600
2024-06-26 17:00:00,8034.3,8041.8,8030.8,8030.8,3600,1,0,3600
2024-06-26 18:00:00,8030.7,8032.8,8022.7,8026.2,3600,1,0,3600
2024-06-26 19:00:00,8026.3,8032.9,8021.4,8027.8,3600,1,0,3600
2024-06-26 20:00:00,8027.9,8033.5,8026.4,8030.6,3600,1,0,3600
2024-06-26 21:00:00,8030.5,8039.1,8029.7,8032.8,3600,1,0,3600
2024-06-26 22:00:00,8032.9,8037.0,8027.8,8034.8,3600,1,0,3600
2024-06-26 23:00:00,8034.7,8035.0,8027.8,8031.8,3600,1,0,3600
2024-06-27 00:00:00,8031.7,8033.1,8023.7,8026.6,3600,1,0,3600
2024-06-27 01:00:00,8026.5,8027.0,8020.1,8023.4,3600,1,0,3600
2024-06-27 02:00:00,8023.3,8026.2,8020.6,8026.2,3600,1,0,3600
2024-06-27 03:00:00,8026.3,8031.4,8024.1,8030.8,3600,1,0,3600
2024-06-27 04:00:00,8030.7,8036.2,8028.7,8030.4,3600,1,0,3600
2024-06-27 05:00:00,8030.5,8030.5,8020.4,8022.8,3600,1,0,3600
2024-06-27 06:00:00,8022.7,8032.5,8022.6,8028.6,3600,1,0,3600
2024-06-27 07:00:00,8028.7,8035.6,8025.8,8028.6,3600,1,0,3600
2024-06-27 08:00:00,8028.7,8032.5,8021.1,8031.0,3600,1,0,3600
2024-06-27 09:00:00,8031.1,8032.9,8020.0,8024.0,3600,1,0,3600
2024-06-27 10:00:00,8023.9,8031.3,8022.4,8029.2,3600,1,0,3600
2024-06-27 11:00:00,8029.1,8037.4,8028.6,8036.6,3600,1,0,3600
2024-06-27 12:00:00,8036.7,8040.9,8030.8,8039.8,3600,1,0,3600
2024-06-27 13:00:00,8039.9,8040.5,8026.2,8029.8,3600,1,0,3600
2024-06-27 14:00:00,8029.7,8036.1,8028.0,8034.4,3600,1,0,3600
2024-06-27 15:00:00,8034.5,8041.3,8032.0,8041.2,3600,1,0,3600
2024-06-27 16:00:00,8041.1,8051.8,8041.1,8045.0,3600,1,0,3600
2024-06-27 17:00:00,8044.9,8047.4,8038.2,8041.8,3600,1,0,3600
2024-06-27 18:00:00,8041.9,8047.9,8039.6,8042.0,3600,1,0,3600
2024-06-27 19:00:00,8042.1,8043.5,8031.0,8035.8,3600,1,0,3600
2024-06-27 20:00:00,8035.7,8038.7,8032.4,8033.0,3600,1,0,3600
2024-06-27 21:00:00,8033.1,8041.0,8030.9,8040.8,3600,1,0,3600
2024-06-27 22:00:00,8040.7,8045.5,8038.4,8040.0,3600,1,0,3600
2024-06-27 23:00:00,8040.1,8046.2,8038.9,8043.4,3600,1,0,3600
2024-06-28 00:00:00,8043.5,8045.5,8038.6,8038.8,3600,1,0,3600
2024-06-28 01:00:00,8038.7,8046.2,8038.4,8044.8,3600,1,0,3600
2024-06-28 02:00:00,8044.9,8047.0,8039.6,8044.6,3600,1,0,3600
2024-06-28 03:00:00,8044.7,8045.6,8039.2,8043.8,3600,1,0,3600
2024-06-28 04:00:00,8043.9,8048.5,8041.3,8045.4,3600,1,0,3600
2024-06-28 05:00:00,8045.3,8047.7,8032.0,8033.6,3600,1,0,3600
2024-06-28 06:00:00,8033.5,8040.1,8031.5,8039.0,3600,1,0,3600
2024-06-28 07:00:00,8039.1,8044.1,8028.9,8029.0,3600,1,0,3600
2024-06-28 08:00:00,8028.9,8038.6,8028.7,8032.2,3600,1,0,3600
2024-06-28 09:00:00,8032.1,8034.6,8021.3,8024.6,3600,1,0,3600
2024-06-28 10:00:00,8024.7,8034.8,8024.2,8034.2,3600,1,0,3600
2024-06-28 11:00:00,8034.3,8035.9,8024.5,8027.6,3600,1,0,3600
2024-06-28 12:00:00,8027.7,8030.3,8020.7,8025.2,3600,1,0,3600
2024-06-28 13:00:00,8025.1,8025.2,8016.3,8017.6,3600,1,0,3600
2024-06-28 14:00:00,8017.5,8019.2,8008.7,8013.2,3600,1,0,3600
2024-06-28 15:00:00,8013.1,8015.7,8007.3,8013.2,3600,1,0,3600
2024-06-28 16:00:00,8013.3,8013.7,8008.2,8013.2,3600,1,0,3600
2024-06-28 17:00:00,8013.1,8013.3,8002.9,8005.4,3600,1,0,3600
2024-06-28 18:00:00,8005.3,8012.3,8001.6,8010.6,3600,1,0,3600
2024-06-28 19:00:00,8010.5,8011.6,8001.7,8002.8,3600,1,0,3600
2024-06-28 20:00:00,8002.9,8008.8,8000.5,8007.0,3600,1,0,3600
2024-06-28 21:00:00,8006.9,8008.4,8002.2,8003.8,3600,1,0,3600
2024-06-28 22:00:00,8003.7,8010.8,8001.4,8009.0,3600,1,0,3600
2024-06-28 23:00:00,8009.1,8009.2,8001.3,8005.4,3600,1,0,3600
2024-06-29 00:00:00,8005.3,8011.9,8000.9,8010.8,3600,1,0,3600
2024-06-29 01:00:00,8010.9,8021.6,8008.8,8017.8,3600,1,0,3600
2024-06-29 02:00:00,8017.7,8027.9,8015.8,8025.4,3600,1,0,3600
2024-06-29 03:00:00,8025.5,8030.3,8023.0,8029.2,3600,1,0,3600
2024-06-29 04:00:00,8029.3,8030.8,8022.7,8023.6,3600,1,0,3600
2024-06-29 05:00:00,8023.7,8027.9,8016.0,8020.6,3600,1,0,3600
2024-06-29 06:00:00,8020.5,8024.1,8014.4,8022.0,3600,1,0,3600
2024-06-29 07:00:00,8022.1,8028.0,8021.0,8024.6,3600,1,0,3600
2024-06-29 08:00:00,8024.5,8034.3,8018.0,8019.2,3600,1,0,3600
2024-06-29 09:00:00,8019.1,8024.3,8012.1,8022.0,3600,1,0,3600
2024-06-29 10:00:00,8022.1,8025.3,8017.9,8020.0,3600,1,0,3600
2024-06-29 11:00:00,8020.1,8021.1,8010.7,8011.0,3600,1,0,3600
2024-06-29 12:00:00,8011.1,8020.7,8009.7,8018.4,3600,1,0,3600
2024-06-29 13:00:00,8018.5,8019.7,8014.3,8016.8,3600,1,0,3600
2024-06-29 14:00:00,8016.7,8039.1,8015.9,8039.0,3600,1,0,3600
2024-06-29 15:00:00,8038.9,8040.8,8028.9,8031.4,3600,1,0,3600
2024-06-29 16:00:00,8031.3,8031.4,8022.9,8025.6,3600,1,0,3600
2024-06-29 17:00:00,8025.5,8025.9,8011.0,8012.0,3600,1,0,3600
2024-06-29 18:00:00,8011.9,8012.3,8004.6,8007.8,3600,1,0,3600
2024-06-29 19:00:00,8007.7,8019.2,8007.0,8014.2,3600,1,0,3600
2024-06-29 20:00:00,8014.3,8020.5,8011.3,8020.4,3600,1,0,3600
2024-06-29 21:00:00,8020.3,8024.0,8011.9,8019.2,3600,1,0,3600
2024-06-29 22:00:00,8019.3,8021.6,8009.4,8020.8,3600,1,0,3600
2024-06-29 23:00:00,8020.9,8026.6,8020.4,8023.2,3600,1,0,3600
2024-06-30 00:00:00,8023.3,8024.2,8014.9,8015.4,3600,1,0,3600
2024-06-30 01:00:00,8015.5,8017.8,8012.3,8013.0,3600,1,0,3600
2024-06-30 02:00:00,8012.9,8016.0,8010.0,8011.2,3600,1,0,3600
2024-06-30 03:00:00,8011.3,8013.7,8009.6,8011.8,3595,1,0,3595
2024-06-30 04:00:00,8011.7,8019.6,8008.7,8018.6,3600,1,0,3600
2024-06-30 05:00:00,8018.7,8018.7,8008.0,8008.2,3600,1,0,3600
2024-06-30 06:00:00,8008.3,8018.7,8006.4,8016.6,3600,1,0,3600
2024-06-30 07:00:00,8016.7,8019.9,8009.2,8010.0,3600,1,0,3600
2024-06-30 08:00:00,8010.1,8011.9,7999.1,8001.8,3600,1,0,3600
2024-06-30 09:00:00,8001.7,8017.6,8000.9,8017.4,3600,1,0,3600
2024-06-30 10:00:00,8017.3,8019.1,8012.1,8013.4,3600,1,0,3600
2024-06-30 11:00:00,8013.5,8022.0,8013.4,8021.2,3600,1,0,3600
2024-06-30 12:00:00,8021.1,8028.5,8019.2,8025.4,3600,1,0,3600
2024-06-30 13:00:00,8025.3,8029.5,8022.5,8026.2,3600,1,0,3600
2024-06-30 14:00:00,8026.1,8026.3,8014.4,8016.6,3600,1,0,3600
2024-06-30 15:00:00,8016.7,8017.2,8005.2,8009.6,3600,1,0,3600
2024-06-30 16:00:00,8009.5,8010.1,8003.6,8003.6,3600,1,0,3600
2024-06-30 17:00:00,8003.5,8014.7,8003.5,8008.0,3600,1,0,3600
2024-06-30 18:00:00,8007.9,8012.1,7998.1,8010.2,3600,1,0,3600
2024-06-30 19:00:00,8010.1,8010.4,7996.1,8002.6,3600,1,0,3600
2024-06-30 20:00:00,8002.5,8009.6,8000.5,8007.6,3600,1,0,3600
2024-06-30 21:00:00,8007.5,8012.5,8002.3,8009.0,3600,1,0,3600
2024-06-30 22:00:00,8008.9,8012.4,8003.8,8011.4,3600,1,0,3600
2024-06-30 23:00:00,8011.3,8022.6,8009.8,8019.6,3600,1,0,3600
2024-07-01 00:00:00,8019.7,8026.7,8014.6,8016.2,3600,1,0,3600
2024-07-01 01:00:00,8016.3,8016.5,7997.9,8000.4,3600,1,0,3600
2024-07-01 02:00:00,8000.3,8002.7,7997.4,7998.6,3600,1,0,3600
2024-07-01 03:00:00,7998.5,7999.7,7992.2,7997.4,3600,1,0,3600
2024-07-01 04:00:00,7997.3,7999.2,7985.1,7985.2,3600,1,0,3600
2024-07-01 05:00:00,7985.3,7992.0,7980.6,7981.0,3600,1,0,3600
2024-07-01 06:00:00,7981.1,7983.9,7976.7,7980.2,3600,1,0,3600
2024-07-01 07:00:00,7980.3,7996.0,7978.9,7995.8,3600,1,0,3600
2024-07-01 08:00:00,7995.7,8001.1,7994.2,7996.4,3600,1,0,3600
2024-07-01 09:00:00,7996.5,8008.1,7995.8,8002.4,3600,1,0,3600
2024-07-01 10:00:00,8002.3,8007.4,8000.6,8004.2,3600,1,0,3600
2024-07-01 11:00:00,8004.1,8007.5,7999.3,8002.4,3600,1,0,3600
2024-07-01 12:00:00,8002.3,8004.9,7995.5,7997.6,3600,1,0,3600
2024-07-01 13:00:00,7997.7,8004.7,7995.7,8002.4,3600,1,0,3600
2024-07-01 14:00:00,8002.5,8012.3,7996.8,8007.0,3600,1,0,3600
2024-07-01 15:00:00,8007.1,8009.1,8003.1,8005.8,3600,1,0,3600
2024-07-01 16:00:00,8005.7,8009.2,7995.7,7996.0,3600,1,0,3600
2024-07-01 17:00:00,7995.9,7996.3,7988.2,7990.4,3600,1,0,3600
2024-07-01 18:00:00,7990.3,7991.3,7979.5,7980.8,3600,1,0,3600
2024-07-01 19:00:00,7980.9,7991.5,7980.1,7980.8,3600,1,0,3600
2024-07-01 20:00:00,7980.9,7982.2,7973.8,7980.0,3600,1,0,3600
2024-07-01 21:00:00,7980.1,7982.2,7975.6,7976.6,3600,1,0,3600
2024-07-01 22:00:00,7976.5,7978.9,7968.5,7969.0,3600,1,0,3600
2024-07-01 23:00:00,7968.9,7973.0,7968.2,7969.6,3600,1,0,3600
2024-07-02 00:00:00,7969.5,7975.4,7969.3,7973.2,3600,1,0,3600
2024-07-02 01:00:00,7973.1,7979.8,7971.9,7974.4,3600,1,0,3600
2024-07-02 02:00:00,7974.5,7983.8,7972.9,7982.4,3600,1,0,3600
2024-07-02 03:00:00,7982.5,7989.1,7982.0,7985.6,3600,1,0,3600
2024-07-02 04:00:00,7985.7,7990.6,7984.4,7987.2,3600,1,0,3600
2024-07-02 05:00:00,7987.1,8000.5,7985.0,7995.4,3600,1,0,3600
2024-07-02 06:00:00,7995.3,7998.3,7989.7,7991.6,3600,1,0,3600
2024-07-02 07:00:00,7991.5,7992.1,7984.3,7989.2,3600,1,0,3600
2024-07-02 08:00:00,7989.3,7994.0,7987.4,7988.6,3600,1,0,3600
2024-07-02 09:00:00,7988.7,7989.9,7979.2,7982.2,3600,1,0,3600
2024-07-02 10:00:00,7982.1,7982.6,7976.2,7979.8,3600,1,0,3600
2024-07-02 11:00:00,7979.7,7984.4,7976.0,7979.0,3600,1,0,3600
2024-07-02 12:00:00,7979.1,7983.1,7977.3,7982.6,3600,1,0,3600
2024-07-02 13:00:00,7982.5,7984.8,7976.4,7979.8,3600,1,0,3600
2024-07-02 14:00:00,7979.7,7984.9,7979.2,7981.0,3600,1,0,3600
2024-07-02 15:00:00,7980.9,7985.3,7974.0,7975.8,3600,1,0,3600
2024-07-02 16:00:00,7975.9,7979.5,7972.6,7974.6,3600,1,0,3600
2024-07-02 17:00:00,7974.7,7981.1,7974.2,7979.2,3600,1,0,3600
2024-07-02 18:00:00,7979.3,7979.3,7970.2,7970.6,3600,1,0,3600
2024-07-02 19:00:00,7970.5,7973.5,7961.8,7963.6,3600,1,0,3600
2024-07-02 20:00:00,7963.7,7966.6,7955.7,7958.2,3600,1,0,3600
2024-07-02 21:00:00,7958.3,7973.0,7954.7,7969.0,3600,1,0,3600
2024-07-02 22:00:00,7969.1,7976.0,7967.2,7971.2,3600,1,0,3600
2024-07-02 23:00:00,7971.3,7971.5,7965.0,7968.4,3600,1,0,3600
2024-07-03 00:00:00,7968.3,7971.3,7965.5,7971.2,3600,1,0,3600
2024-07-03 01:00:00,7971.1,7977.6,7969.0,7972.6,3600,1,0,3600
2024-07-03 02:00:00,7972.7,7975.3,7967.7,7969.8,3600,1,0,3600
2024-07-03 03:00:00,7969.7,7970.6,7961.4,7962.8,3600,1,0,3600
2024-07-03 04:00:00,7962.9,7969.7,7960.2,7968.8,3600,1,0,3600
2024-07-03 05:00:00,7968.7,7975.9,7963.9,7975.8,3600,1,0,3600
2024-07-03 06:00:00,7975.7,7981.7,7971.1,7973.2,3600,1,0,3600
2024-07-03 07:00:00,7973.1,7978.2,7970.1,7976.4,3600,1,0,3600
2024-07-03 08:00:00,7976.5,7980.4,7973.1,7974.6,3600,1,0,3600
2024-07-03 09:00:00,7974.7,7976.8,7967.8,7975.4,3594,1,0,3594
2024-07-03 10:00:00,7975.5,7977.5,7969.6,7971.0,3600,1,0,3600
2024-07-03 11:00:00,7970.9,7973.7,7967.3,7967.8,3600,1,0,3600
2024-07-03 12:00:00,7967.9,7972.3,7961.8,7962.8,3600,1,0,3600
2024-07-03 13:00:00,7962.9,7963.6,7950.5,7953.2,3600,1,0,3600
2024-07-03 14:00:00,7953.3,7957.0,7950.4,7956.8,3600,1,0,3600
2024-07-03 15:00:00,7956.7,7962.2,7955.1,7955.8,3600,1,0,3600
2024-07-03 16:00:00,7955.9,7958.3,7951.1,7951.8,3600,1,0,3600
2024-07-03 17:00:00,7951.7,7961.4,7951.7,7959.0,3600,1,0,3600
2024-07-03 18:00:00,7958.9,7962.9,7955.6,7958.2,3600,1,0,3600
2024-07-03 19:00:00,7958.1,7969.5,7958.0,7969.0,3600,1,0,3600
2024-07-03 20:00:00,7968.9,7969.0,7961.3,7961.8,3600,1,0,3600
2024-07-03 21:00:00,7961.7,7978.4,7961.3,7972.0,3600,1,0,3600
2024-07-03 22:00:00,7972.1,7977.3,7968.2,7974.2,3600,1,0,3600
2024-07-03 23:00:00,7974.1,7983.9,7971.6,7979.6,3600,1,0,3600
2024-07-04 00:00:00,7979.7,7985.2,7977.7,7983.4,3600,1,0,3600
2024-07-04 01:00:00,7983.5,7992.1,7983.0,7987.0,3600,1,0,3600
2024-07-04 02:00:00,7987.1,7991.0,7979.1,7988.4,3600,1,0,3600
2024-07-04 03:00:00,7988.5,7996.3,7987.0,7995.2,3600,1,0,3600
2024-07-04 04:00:00,7995.1,7997.3,7987.7,7988.0,3600,1,0,3600
2024-07-04 05:00:00,7988.1,7988.2,7977.6,7980.8,3600,1,0,3600
2024-07-04 06:00:00,7980.7,7987.1,7979.6,7985.2,3600,1,0,3600
2024-07-04 07:00:00,7985.1,7989.1,7974.5,7974.8,3600,1,0,3600
2024-07-04 08:00:00,7974.7,7980.4,7973.5,7976.0,3600,1,0,3600
2024-07-04 09:00:00,7976.1,7980.0,7974.4,7976.4,3600,1,0,3600
2024-07-04 10:00:00,7976.3,7981.2,7972.4,7976.4,3600,1,0,3600
2024-07-04 11:00:00,7976.3,7976.9,7963.5,7964.2,3600,1,0,3600
2024-07-04 12:00:00,7964.3,7974.0,7964.1,7972.6,3600,1,0,3600
2024-07-04 13:00:00,7972.5,7985.1,7972.3,7984.6,3600,1,0,3600
2024-07-04 14:00:00,7984.5,7989.5,7980.7,7982.8,3600,1,0,3600
2024-07-04 15:00:00,7982.9,7991.5,7980.3,7989.0,3600,1,0,3600
2024-07-04 16:00:00,7989.1,7992.5,7984.3,7985.4,3600,1,0,3600
2024-07-04 17:00:00,7985.5,7997.5,7985.0,7996.4,3600,1,0,3600
2024-07-04 18:00:00,7996.5,7998.6,7988.0,7996.2,3600,1,0,3600
2024-07-04 19:00:00,7996.1,7996.1,7983.0,7985.0,3600,1,0,3600
2024-07-04 20:00:00,7984.9,7986.0,7979.7,7983.2,3600,1,0,3600
2024-07-04 21:00:00,7983.1,7999.7,7980.7,7997.2,3600,1,0,3600
2024-07-04 22:00:00,7997.1,8005.2,7996.6,7998.8,3593,1,0,3593
2024-07-04 23:00:00,7998.9,8007.2,7998.9,8003.4,3600,1,0,3600
2024-07-05 00:00:00,8003.3,8006.3,7995.7,8004.6,3600,1,0,3600
2024-07-05 01:00:00,8004.7,8016.2,8002.9,8014.8,3600,1,0,3600
2024-07-05 02:00:00,8014.7,8015.3,8000.5,8003.2,3600,1,0,3600
2024-07-05 03:00:00,8003.1,8003.1,7996.9,7998.4,3600,1,0,3600
2024-07-05 04:00:00,7998.3,7999.9,7990.1,7995.2,3600,1,0,3600
2024-07-05 05:00:00,7995.1,8006.8,7994.9,8005.2,3600,1,0,3600
2024-07-05 06:00:00,8005.1,8009.5,7999.0,8008.6,3600,1,0,3600
2024-07-05 07:00:00,8008.7,8012.6,8006.2,8011.2,3600,1,0,3600
2024-07-05 08:00:00,8011.1,8017.9,8008.1,8010.6,3600,1,0,3600
2024-07-05 09:00:00,8010.5,8012.6,8003.4,8009.2,3600,1,0,3600
2024-07-05 10:00:00,8009.3,8010.0,8000.5,8005.0,3600,1,0,3600
2024-07-05 11:00:00,8004.9,8011.7,8004.6,8007.4,3600,1,0,3600
2024-07-05 12:00:00,8007.3,8017.7,8007.2,8013.2,3600,1,0,3600
2024-07-05 13:00:00,8013.1,8018.3,8010.4,8012.0,3600,1,0,3600
2024-07-05 14:00:00,8011.9,8022.2,8008.0,8022.0,3600,1,0,3600
2024-07-05 15:00:00,8021.9,8034.7,8021.3,8031.2,3600,1,0,3600
2024-07-05 16:00:00,8031.1,8042.6,8029.6,8042.6,3600,1,0,3600
2024-07-05 17:00:00,8042.5,8042.7,8033.7,8038.6,3600,1,0,3600
2024-07-05 18:00:00,8038.7,8041.6,8029.8,8032.2,3600,1,0,3600
2024-07-05 19:00:00,8032.3,8034.2,8027.8,8029.4,3600,1,0,3600
2024-07-05 20:00:00,8029.5,8033.6,8023.4,8026.0,3600,1,0,3600
2024-07-05 21:00:00,8025.9,8029.6,8022.3,8029.2,3600,1,0,3600
2024-07-05 22:00:00,8029.3,8037.8,8027.9,8036.2,3600,1,0,3600
2024-07-05 23:00:00,8036.3,8041.5,8029.6,8039.2,3600,1,0,3600
2024-07-06 00:00:00,8039.3,8041.0,8036.5,8039.0,3600,1,0,3600
2024-07-06 01:00:00,8039.1,8041.9,8035.2,8036.2,3600,1,0,3600
2024-07-06 02:00:00,8036.1,8040.2,8034.2,8038.4,3600,1,0,3600
2024-07-06 03:00:00,8038.3,8040.2,8027.5,8029.2,3600,1,0,3600
2024-07-06 04:00:00,8029.3,8038.5,8029.1,8035.0,3600,1,0,3600
2024-07-06 05:00:00,8035.1,8040.8,8032.3,8038.6,3600,1,0,3600
2024-07-06 06:00:00,8038.7,8041.8,8033.6,8036.6,3600,1,0,3600
2024-07-06 07:00:00,8036.7,8038.4,8032.3,8033.4,3600,1,0,3600
2024-07-06 08:00:00,8033.5,8040.1,8030.9,8032.6,3600,1,0,3600
2024-07-06 09:00:00,8032.5,8043.0,8030.6,8042.8,3600,1,0,3600
2024-07-06 10:00:00,8042.7,8043.9,8037.9,8038.8,3600,1,0,3600
2024-07-06 11:00:00,8038.9,8039.9,8030.5,8031.0,3600,1,0,3600
2024-07-06 12:00:00,8031.1,8037.0,8029.4,8032.6,3600,1,0,3600
2024-07-06 13:00:00,8032.7,8036.7,8031.7,8034.4,3600,1,0,3600
2024-07-06 14:00:00,8034.3,8040.6,8033.0,8035.0,3600,1,0,3600
2024-07-06 15:00:00,8035.1,8043.4,8034.9,8039.2,3600,1,0,3600
2024-07-06 16:00:00,8039.1,8043.4,8032.4,8034.8,3600,1,0,3600
2024-07-06 17:00:00,8034.9,8040.4,8033.8,8036.8,3600,1,0,3600
2024-07-06 18:00:00,8036.9,8047.5,8035.9,8043.2,3600,1,0,3600
2024-07-06 19:00:00,8043.3,8050.1,8040.2,8050.0,3600,1,0,3600
2024-07-06 20:00:00,8050.1,8053.9,8044.7,8046.4,3600,1,0,3600
2024-07-06 21:00:00,8046.3,8047.4,8034.3,8035.6,3600,1,0,3600
2024-07-06 22:00:00,8035.7,8037.5,8032.0,8036.8,3600,1,0,3600
2024-07-06 23:00:00,8036.9,8039.5,8030.9,8032.2,3600,1,0,3600
2024-07-07 00:00:00,8032.3,8032.7,8024.6,8025.2,3600,1,0,3600
2024-07-07 01:00:00,8025.1,8036.1,8024.3,8034.4,3600,1,0,3600
2024-07-07 02:00:00,8034.3,8042.5,8034.1,8040.8,3600,1,0,3600
2024-07-07 03:00:00,8040.7,8042.8,8034.8,8040.8,3600,1,0,3600
2024-07-07 04:00:00,8040.9,8043.0,8034.0,8040.6,3600,1,0,3600
2024-07-07 05:00:00,8040.5,8046.4,8039.2,8042.4,3600,1,0,3600
2024-07-07 06:00:00,8042.3,8052.8,8042.0,8045.6,3600,1,0,3600
2024-07-07 07:00:00,8045.7,8048.2,8041.8,8042.8,3600,1,0,3600
2024-07-07 08:00:00,8042.7,8050.9,8041.8,8045.4,3600,1,0,3600
2024-07-07 09:00:00,8045.3,8056.9,8045.1,8054.2,3600,1,0,3600
2024-07-07 10:00:00,8054.1,8062.3,8053.3,8055.8,3600,1,0,3600
2024-07-07 11:00:00,8055.7,8060.9,8048.7,8060.6,3600,1,0,3600
2024-07-07 12:00:00,8060.5,8060.6,8054.4,8057.2,3600,1,0,3600
2024-07-07 13:00:00,8057.1,8066.1,8055.0,8065.4,3600,1,0,3600
2024-07-07 14:00:00,8065.5,8068.1,8059.1,8065.2,3600,1,0,3600
2024-07-07 15:00:00,8065.1,8065.9,8057.0,8061.0,3600,1,0,3600
2024-07-07 16:00:00,8060.9,8068.8,8060.2,8067.4,3600,1,0,3600
2024-07-07 17:00:00,8067.5,8074.4,8063.2,8064.0,3600,1,0,3600
2024-07-07 18:00:00,8063.9,8067.5,8054.0,8058.2,3600,1,0,3600
2024-07-07 19:00:00,8058.1,8063.1,8056.0,8060.0,3600,1,0,3600
2024-07-07 20:00:00,8059.9,8066.3,8058.9,8063.6,3600,1,0,3600
2024-07-07 21:00:00,8063.7,8072.7,8063.4,8068.4,3600,1,0,3600
2024-07-07 22:00:00,8068.3,8075.4,8066.3,8070.2,3600,1,0,3600
2024-07-07 23:00:00,8070.1,8072.7,8064.5,8069.4,3600,1,0,3600
2024-07-08 00:00:00,8069.3,8069.9,8054.0,8057.8,3600,1,0,3600
2024-07-08 01:00:00,8057.7,8063.3,8050.7,8062.4,3600,1,0,3600
2024-07-08 02:00:00,8062.3,8062.7,8056.1,8060.6,3600,1,0,3600
2024-07-08 03:00:00,8060.5,8066.9,8057.4,8065.6,3600,1,0,3600
2024-07-08 04:00:00,8065.5,8071.2,8063.1,8063.4,3600,1,0,3600
2024-07-08 05:00:00,8063.3,8063.6,8050.4,8057.2,3600,1,0,3600
2024-07-08 06:00:00,8057.1,8063.8,8057.0,8059.4,3600,1,0,3600
2024-07-08 07:00:00,8059.5,8068.3,8056.3,8057.6,3600,1,0,3600
2024-07-08 08:00:00,8057.5,8061.6,8055.7,8057.0,3600,1,0,3600
2024-07-08 09:00:00,8056.9,8066.1,8055.5,8060.4,3600,1,0,3600
2024-07-08 10:00:00,8060.3,8064.2,8054.1,8055.0,3600,1,0,3600
2024-07-08 11:00:00,8054.9,8067.7,8054.3,8065.2,3600,1,0,3600
2024-07-08 12:00:00,8065.3,8067.7,8059.9,8062.2,3600,1,0,3600
2024-07-08 13:00:00,8062.1,8066.4,8060.4,8063.0,3600,1,0,3600
2024-07-08 14:00:00,8063.1,8063.7,8056.4,8059.6,3600,1,0,3600
2024-07-08 15:00:00,8059.5,8062.1,8055.3,8060.6,3600,1,0,3600
2024-07-08 16:00:00,8060.7,8060.7,8049.6,8050.8,3600,1,0,3600
2024-07-08 17:00:00,8050.7,8050.9,8042.2,8044.8,3600,1,0,3600
2024-07-08 18:00:00,8044.7,8048.1,8042.4,8043.6,3600,1,0,3600
2024-07-08 19:00:00,8043.5,8047.1,8040.7,8042.6,3600,1,0,3600
2024-07-08 20:00:00,8042.5,8050.8,8042.4,8049.4,3600,1,0,3600
2024-07-08 21:00:00,8049.3,8052.6,8043.9,8046.2,3600,1,0,3600
2024-07-08 22:00:00,8046.3,8054.7,8044.5,8050.2,3600,1,0,3600
2024-07-08 23:00:00,8050.3,8051.4,8042.1,8043.2,3600,1,0,3600
2024-07-09 00:00:00,8043.3,8045.2,8036.4,8040.2,3600,1,0,3600
2024-07-09 01:00:00,8040.1,8040.7,8031.4,8032.0,3600,1,0,3600
2024-07-09 02:00:00,8032.1,8043.8,8030.0,8042.2,3600,1,0,3600
2024-07-09 03:00:00,8042.1,8044.9,8033.8,8034.6,3600,1,0,3600
2024-07-09 04:00:00,8034.7,8046.8,8033.2,8044.2,3600,1,0,3600
2024-07-09 05:00:00,8044.3,8048.8,8041.1,8044.2,3600,1,0,3600
2024-07-09 06:00:00,8044.3,8044.6,8036.5,8039.4,3600,1,0,3600
2024-07-09 07:00:00,8039.3,8042.0,8036.8,8037.6,3600,1,0,3600
2024-07-09 08:00:00,8037.7,8038.7,8031.2,8034.8,3600,1,0,3600
2024-07-09 09:00:00,8034.7,8037.2,8027.5,8032.4,3600,1,0,3600
2024-07-09 10:00:00,8032.3,8033.6,8026.3,8030.0,3600,1,0,3600
2024-07-09 11:00:00,8030.1,8041.5,8028.7,8039.8,3600,1,0,3600
2024-07-09 12:00:00,8039.9,8048.9,8039.5,8046.0,3600,1,0,3600
2024-07-09 13:00:00,8046.1,8056.2,8042.6,8054.8,3600,1,0,3600
2024-07-09 14:00:00,8054.7,8059.3,8053.1,8054.6,3600,1,0,3600
2024-07-09 15:00:00,8054.7,8058.6,8039.1,8040.6,3600,1,0,3600
2024-07-09 16:00:00,8040.5,8045.4,8040.0,8043.6,3600,1,0,3600
2024-07-09 17:00:00,8043.7,8049.1,8041.2,8045.8,3600,1,0,3600
2024-07-09 18:00:00,8045.9,8049.4,8041.9,8044.0,3600,1,0,3600
2024-07-09 19:00:00,8044.1,8050.8,8043.5,8049.4,3600,1,0,3600
2024-07-09 20:00:00,8049.5,8049.5,8037.4,8039.0,3600,1,0,3600
2024-07-09 21:00:00,8038.9,8040.5,8030.9,8033.0,3600,1,0,3600
2024-07-09 22:00:00,8033.1,8036.0,8026.6,8035.8,3600,1,0,3600
2024-07-09 23:00:00,8035.9,8047.7,8035.2,8046.8,3600,1,0,3600
2024-07-10 00:00:00,8046.9,8053.6,8045.4,8051.2,3600,1,0,3600
2024-07-10 01:00:00,8051.3,8057.9,8049.3,8055.4,3600,1,0,3600
2024-07-10 02:00:00,8055.5,8066.6,8052.7,8062.8,3600,1,0,3600
2024-07-10 03:00:00,8062.9,8071.4,8061.5,8065.6,3600,1,0,3600
2024-07-10 04:00:00,8065.5,8068.1,8063.2,8067.4,3600,1,0,3600
2024-07-10 05:00:00,8067.5,8069.3,8061.7,8064.8,3600,1,0,3600
2024-07-10 06:00:00,8064.9,8071.0,8056.5,8059.4,3600,1,0,3600
2024-07-10 07:00:00,8059.5,8066.9,8058.4,8066.2,3600,1,0,3600
2024-07-10 08:00:00,8066.1,8067.9,8059.7,8065.0,3600,1,0,3600
2024-07-10 09:00:00,8064.9,8066.3,8055.1,8058.4,3600,1,0,3600
2024-07-10 10:00:00,8058.5,8067.7,8058.4,8063.4,3600,1,0,3600
2024-07-10 11:00:00,8063.5,8069.9,8061.9,8068.4,3600,1,0,3600
2024-07-10 12:00:00,8068.5,8076.1,8066.9,8069.4,3600,1,0,3600
2024-07-10 13:00:00,8069.3,8077.1,8064.3,8071.8,3600,1,0,3600
2024-07-10 14:00:00,8071.9,8075.4,8070.2,8071.2,3600,1,0,3600
2024-07-10 15:00:00,8071.3,8078.4,8067.5,8074.6,3600,1,0,3600
2024-07-10 16:00:00,8074.7,8084.4,8074.7,8079.2,3600,1,0,3600
2024-07-10 17:00:00,8079.1,8084.7,8075.0,8076.2,3600,1,0,3600
2024-07-10 18:00:00,8076.3,8081.0,8074.9,8076.8,3600,1,0,3600
2024-07-10 19:00:00,8076.7,8077.7,8055.9,8056.8,3600,1,0,3600
2024-07-10 20:00:00,8056.9,8061.9,8052.0,8055.8,3600,1,0,3600
2024-07-10 21:00:00,8055.7,8057.8,8051.7,8056.0,3600,1,0,3600
2024-07-10 22:00:00,8056.1,8058.9,8051.9,8058.8,3600,1,0,3600
2024-07-10 23:00:00,8058.7,8066.7,8058.2,8060.4,3600,1,0,3600
2024-07-11 00:00:00,8060.3,8069.0,8060.0,8067.8,3600,1,0,3600
2024-07-11 01:00:00,8067.9,8069.0,8058.5,8061.6,3600,1,0,3600
2024-07-11 02:00:00,8061.7,8066.2,8057.4,8061.0,3600,1,0,3600
2024-07-11 03:00:00,8061.1,8065.1,8057.3,8065.0,3600,1,0,3600
2024-07-11 04:00:00,8065.1,8067.7,8060.0,8066.0,3600,1,0,3600
2024-07-11 05:00:00,8066.1,8078.0,8064.5,8074.8,3600,1,0,3600
2024-07-11 06:00:00,8074.9,8077.5,8067.6,8068.8,3600,1,0,3600
2024-07-11 07:00:00,8068.9,8075.8,8065.7,8067.2,3600,1,0,3600
2024-07-11 08:00:00,8067.1,8083.2,8066.8,8082.6,3600,1,0,3600
2024-07-11 09:00:00,8082.5,8087.0,8079.8,8085.2,3600,1,0,3600
2024-07-11 10:00:00,8085.3,8088.3,8082.8,8087.2,3600,1,0,3600
2024-07-11 11:00:00,8087.3,8091.1,8078.9,8082.0,3600,1,0,3600
2024-07-11 12:00:00,8082.1,8087.3,8079.1,8086.4,3600,1,0,3600
2024-07-11 13:00:00,8086.3,8087.3,8080.9,8083.6,3600,1,0,3600
2024-07-11 14:00:00,8083.7,8088.7,8070.7,8071.8,3600,1,0,3600
2024-07-11 15:00:00,8071.7,8079.0,8071.5,8078.4,3600,1,0,3600
2024-07-11 16:00:00,8078.5,8083.7,8076.1,8076.8,3600,1,0,3600
2024-07-11 17:00:00,8076.9,8079.5,8070.1,8075.4,3600,1,0,3600
2024-07-11 18:00:00,8075.3,8085.4,8075.0,8082.8,3600,1,0,3600
2024-07-11 19:00:00,8082.7,8083.4,8074.1,8081.6,3600,1,0,3600
2024-07-11 20:00:00,8081.7,8084.9,8078.1,8082.0,3600,1,0,3600
2024-07-11 21:00:00,8081.9,8088.8,8081.7,8084.0,3600,1,0,3600
2024-07-11 22:00:00,8083.9,8091.7,8083.4,8088.8,3600,1,0,3600
2024-07-11 23:00:00,8088.7,8093.0,8087.1,8088.4,3600,1,0,3600
2024-07-12 00:00:00,8088.5,8089.1,8079.0,8080.0,3600,1,0,3600
2024-07-12 01:00:00,8080.1,8096.0,8078.9,8095.6,3600,1,0,3600
2024-07-12 02:00:00,8095.5,8099.7,8092.0,8096.0,3600,1,0,3600
2024-07-12 03:00:00,8096.1,8107.9,8095.3,8107.2,3600,1,0,3600
2024-07-12 04:00:00,8107.1,8109.9,8102.7,8104.7,3599,1,0,3599
2024-07-12 05:00:00,8104.8,8112.7,8103.6,8110.1,3600,1,0,3600
2024-07-12 06:00:00,8110.0,8118.0,8106.8,8114.7,3600,1,0,3600
2024-07-12 07:00:00,8114.8,8127.2,8114.6,8123.7,3600,1,0,3600
2024-07-12 08:00:00,8123.8,8127.3,8112.1,8112.5,3600,1,0,3600
2024-07-12 09:00:00,8112.6,8125.6,8111.6,8124.7,3600,1,0,3600
2024-07-12 10:00:00,8124.6,8130.2,8123.8,8126.7,3600,1,0,3600
2024-07-12 11:00:00,8126.6,8129.7,8124.2,8127.9,3600,1,0,3600
2024-07-12 12:00:00,8128.0,8131.7,8124.9,8125.9,3600,1,0,3600
2024-07-12 13:00:00,8125.8,8132.0,8119.9,8130.3,3600,1,0,3600
2024-07-12 14:00:00,8130.4,8132.1,8123.3,8128.3,3600,1,0,3600
2024-07-12 15:00:00,8128.4,8133.8,8127.7,8133.5,3600,1,0,3600
2024-07-12 16:00:00,8133.6,8137.4,8128.7,8131.9,3600,1,0,3600
2024-07-12 17:00:00,8132.0,8135.0,8128.9,8131.7,3600,1,0,3600
2024-07-12 18:00:00,8131.8,8140.1,8130.9,8140.1,3600,1,0,3600
2024-07-12 19:00:00,8140.0,8142.3,8134.6,8136.1,3600,1,0,3600
2024-07-12 20:00:00,8136.2,8136.3,8124.3,8131.1,3600,1,0,3600
2024-07-12 21:00:00,8131.0,8136.4,8128.9,8135.3,3600,1,0,3600
2024-07-12 22:00:00,8135.2,8138.6,8130.4,8130.9,3600,1,0,3600
2024-07-12 23:00:00,8131.0,8131.5,8120.6,8121.9,3600,1,0,3600
2024-07-13 00:00:00,8121.8,8130.3,8121.4,8128.3,3600,1,0,3600
2024-07-13 01:00:00,8128.4,8130.2,8120.2,8129.1,3600,1,0,3600
2024-07-13 02:00:00,8129.2,8132.2,8122.8,8123.7,3600,1,0,3600
2024-07-13 03:00:00,8123.6,8124.3,8111.7,8112.9,3600,1,0,3600
2024-07-13 04:00:00,8112.8,8125.5,8112.7,8122.1,3600,1,0,3600
2024-07-13 05:00:00,8122.0,8125.1,8112.6,8112.7,3600,1,0,3600
2024-07-13 06:00:00,8112.8,8124.6,8111.3,8122.7,3600,1,0,3600
2024-07-13 07:00:00,8122.8,8125.4,8114.1,8115.3,3600,1,0,3600
2024-07-13 08:00:00,8115.2,8115.9,8107.0,8108.5,3600,1,0,3600
2024-07-13 09:00:00,8108.4,8115.2,8104.8,8105.3,3600,1,0,3600
2024-07-13 10:00:00,8105.4,8112.5,8102.3,8107.7,3600,1,0,3600
2024-07-13 11:00:00,8107.6,8110.4,8103.7,8107.3,3600,1,0,3600
2024-07-13 12:00:00,8107.2,8111.8,8104.9,8107.7,3600,1,0,3600
2024-07-13 13:00:00,8107.6,8115.1,8100.9,8103.9,3600,1,0,3600
2024-07-13 14:00:00,8104.0,8104.3,8090.7,8092.9,3600,1,0,3600
2024-07-13 15:00:00,8092.8,8100.0,8092.3,8095.7,3600,1,0,3600
2024-07-13 16:00:00,8095.6,8107.7,8094.8,8101.3,3600,1,0,3600
2024-07-13 17:00:00,8101.2,8102.8,8096.2,8101.3,3600,1,0,3600
2024-07-13 18:00:00,8101.2,8106.5,8098.7,8101.7,3600,1,0,3600
2024-07-13 19:00:00,8101.6,8109.9,8100.1,8109.1,3600,1,0,3600
2024-07-13 20:00:00,8109.2,8113.8,8106.7,8107.7,3600,1,0,3600
2024-07-13 21:00:00,8107.6,8117.5,8105.4,8116.1,3600,1,0,3600
2024-07-13 22:00:00,8116.2,8123.6,8114.0,8123.5,3600,1,0,3600
2024-07-13 23:00:00,8123.4,8124.6,8114.3,8118.1,3600,1,0,3600
2024-07-14 00:00:00,8118.0,8118.2,8107.2,8107.5,3600,1,0,3600
2024-07-14 01:00:00,8107.6,8116.3,8107.0,8114.7,3392,1,0,3392
2024-07-14 02:00:00,8114.6,8117.2,8105.9,8106.7,3600,1,0,3600
2024-07-14 03:00:00,8106.8,8121.5,8106.5,8121.3,3600,1,0,3600
2024-07-14 04:00:00,8121.2,8134.4,8121.1,8133.3,3600,1,0,3600
2024-07-14 05:00:00,8133.2,8137.7,8129.3,8129.7,3600,1,0,3600
2024-07-14 06:00:00,8129.6,8130.1,8119.3,8119.3,3600,1,0,3600
2024-07-14 07:00:00,8119.2,8121.5,8113.2,8114.9,3600,1,0,3600
2024-07-14 08:00:00,8115.0,8119.4,8111.2,8113.9,3600,1,0,3600
2024-07-14 09:00:00,8114.0,8122.4,8113.2,8122.1,3600,1,0,3600
2024-07-14 10:00:00,8122.0,8125.4,8119.2,8123.9,3600,1,0,3600
2024-07-14 11:00:00,8124.0,8127.4,8115.7,8117.3,3600,1,0,3600
2024-07-14 12:00:00,8117.2,8123.0,8115.5,8115.9,3600,1,0,3600
2024-07-14 13:00:00,8115.8,8119.8,8112.5,8115.5,3600,1,0,3600
2024-07-14 14:00:00,8115.4,8119.3,8111.5,8119.1,3600,1,0,3600
2024-07-14 15:00:00,8119.0,8120.3,8110.8,8115.9,3600,1,0,3600
2024-07-14 16:00:00,8115.8,8123.5,8115.1,8115.3,3600,1,0,3600
2024-07-14 17:00:00,8115.4,8127.5,8113.0,8125.5,3600,1,0,3600
2024-07-14 18:00:00,8125.6,8133.3,8120.1,8131.9,3600,1,0,3600
2024-07-14 19:00:00,8131.8,8138.4,8131.1,8137.3,3600,1,0,3600
2024-07-14 20:00:00,8137.2,8138.7,8132.9,8136.1,3600,1,0,3600
2024-07-14 21:00:00,8136.0,8141.9,8131.8,8132.3,3600,1,0,3600
2024-07-14 22:00:00,8132.4,8133.3,8125.6,8129.1,3600,1,0,3600
2024-07-14 23:00:00,8129.2,8136.2,8129.0,8135.7,3600,1,0,3600
2024-07-15 00:00:00,8135.6,8136.2,8128.1,8129.1,3600,1,0,3600
2024-07-15 01:00:00,8129.2,8131.2,8118.3,8118.7,3600,1,0,3600
2024-07-15 02:00:00,8118.6,8125.8,8116.8,8118.3,3600,1,0,3600
2024-07-15 03:00:00,8118.2,8123.4,8114.6,8116.7,3600,1,0,3600
2024-07-15 04:00:00,8116.8,8119.7,8112.9,8116.9,3600,1,0,3600
2024-07-15 05:00:00,8116.8,8120.1,8114.4,8115.9,3600,1,0,3600
2024-07-15 06:00:00,8116.0,8122.8,8115.5,8120.4,3597,1,0,3597
2024-07-15 07:00:00,8120.3,8131.7,8119.9,8128.0,3600,1,0,3600
2024-07-15 08:00:00,8128.1,8130.9,8126.3,8128.2,3600,1,0,3600
2024-07-15 09:00:00,8128.1,8136.2,8125.9,8135.2,3600,1,0,3600
2024-07-15 10:00:00,8135.3,8135.4,8129.6,8131.6,3600,1,0,3600
2024-07-15 11:00:00,8131.7,8144.1,8130.9,8142.2,3600,1,0,3600
2024-07-15 12:00:00,8142.1,8155.2,8141.2,8143.6,3600,1,0,3600
2024-07-15 13:00:00,8143.5,8149.6,8142.9,8144.6,3600,1,0,3600
2024-07-15 14:00:00,8144.5,8144.9,8131.7,8136.2,3600,1,0,3600
2024-07-15 15:00:00,8136.1,8145.8,8134.0,8144.6,3600,1,0,3600
2024-07-15 16:00:00,8144.5,8146.0,8133.5,8140.8,3600,1,0,3600
2024-07-15 17:00:00,8140.9,8145.2,8136.7,8139.4,3600,1,0,3600
2024-07-15 18:00:00,8139.5,8146.6,8137.8,8138.0,3600,1,0,3600
2024-07-15 19:00:00,8138.1,8139.1,8129.6,8135.8,3600,1,0,3600
2024-07-15 20:00:00,8135.9,8139.6,8130.4,8136.0,3600,1,0,3600
2024-07-15 21:00:00,8135.9,8144.9,8133.3,8138.4,3600,1,0,3600
2024-07-15 22:00:00,8138.3,8141.3,8134.4,8137.2,3600,1,0,3600
2024-07-15 23:00:00,8137.3,8140.8,8133.9,8138.8,3600,1,0,3600
2024-07-16 00:00:00,8138.9,8140.7,8132.4,8132.6,3600,1,0,3600
2024-07-16 01:00:00,8132.5,8139.0,8130.8,8137.0,3600,1,0,3600
2024-07-16 02:00:00,8136.9,8137.2,8121.2,8123.8,3600,1,0,3600
2024-07-16 03:00:00,8123.9,8129.5,8119.3,8129.2,3600,1,0,3600
2024-07-16 04:00:00,8129.3,8140.8,8128.8,8135.6,3600,1,0,3600
2024-07-16 05:00:00,8135.7,8146.4,8134.9,8143.4,3600,1,0,3600
2024-07-16 06:00:00,8143.5,8146.8,8138.2,8139.8,3600,1,0,3600
2024-07-16 07:00:00,8139.7,8146.2,8138.3,8143.2,3600,1,0,3600
2024-07-16 08:00:00,8143.3,8150.5,8142.4,8148.0,3600,1,0,3600
2024-07-16 09:00:00,8148.1,8148.1,8142.0,8146.0,3600,1,0,3600
2024-07-16 10:00:00,8146.1,8153.3,8144.2,8150.2,3600,1,0,3600
2024-07-16 11:00:00,8150.3,8154.8,8143.5,8145.2,3600,1,0,3600
2024-07-16 12:00:00,8145.3,8150.1,8141.3,8149.6,3600,1,0,3600
2024-07-16 13:00:00,8149.5,8149.8,8137.1,8138.2,3600,1,0,3600
2024-07-16 14:00:00,8138.3,8144.9,8133.1,8144.0,3600,1,0,3600
2024-07-16 15:00:00,8143.9,8153.1,8143.5,8152.4,3600,1,0,3600
2024-07-16 16:00:00,8152.5,8152.8,8145.0,8150.1,3595,1,0,3595
2024-07-16 17:00:00,8150.2,8156.9,8147.7,8148.9,3600,1,0,3600
2024-07-16 18:00:00,8149.0,8156.2,8146.9,8152.3,3600,1,0,3600
2024-07-16 19:00:00,8152.2,8158.5,8149.1,8150.9,3600,1,0,3600
2024-07-16 20:00:00,8150.8,8151.5,8136.2,8138.7,3600,1,0,3600
2024-07-16 21:00:00,8138.6,8142.2,8134.4,8139.9,3600,1,0,3600
2024-07-16 22:00:00,8140.0,8148.3,8138.7,8147.5,3600,1,0,3600
2024-07-16 23:00:00,8147.6,8156.3,8146.4,8155.7,3600,1,0,3600
2024-07-17 00:00:00,8155.6,8163.5,8155.1,8162.7,3600,1,0,3600
2024-07-17 01:00:00,8162.6,8169.2,8160.1,8166.1,3600,1,0,3600
2024-07-17 02:00:00,8166.0,8168.2,8154.8,8156.7,3600,1,0,3600
2024-07-17 03:00:00,8156.6,8157.4,8147.5,8153.3,3600,1,0,3600
2024-07-17 04:00:00,8153.4,8162.1,8153.1,8161.5,3600,1,0,3600
2024-07-17 05:00:00,8161.6,8167.0,8158.1,8158.9,3600,1,0,3600
2024-07-17 06:00:00,8158.8,8160.1,8154.9,8156.9,3600,1,0,3600
2024-07-17 07:00:00,8157.0,8168.5,8156.5,8166.9,3600,1,0,3600
2024-07-17 08:00:00,8167.0,8173.6,8164.6,8171.1,3600,1,0,3600
2024-07-17 09:00:00,8171.2,8182.0,8171.0,8181.9,3600,1,0,3600
2024-07-17 10:00:00,8181.8,8191.4,8177.9,8190.5,3600,1,0,3600
2024-07-17 11:00:00,8190.4,8201.4,8190.2,8195.7,3600,1,0,3600
2024-07-17 12:00:00,8195.6,8199.0,8188.9,8196.7,3600,1,0,3600
2024-07-17 13:00:00,8196.8,8203.1,8193.9,8198.3,3600,1,0,3600
2024-07-17 14:00:00,8198.2,8200.3,8191.5,8195.5,3600,1,0,3600
2024-07-17 15:00:00,8195.4,8200.9,8192.4,8195.3,3600,1,0,3600
2024-07-17 16:00:00,8195.4,8196.6,8183.8,8183.9,3600,1,0,3600
2024-07-17 17:00:00,8184.0,8186.1,8177.6,8179.9,3600,1,0,3600
2024-07-17 18:00:00,8180.0,8184.4,8175.8,8180.5,3600,1,0,3600
2024-07-17 19:00:00,8180.6,8185.2,8173.2,8176.9,3600,1,0,3600
2024-07-17 20:00:00,8177.0,8182.9,8177.0,8178.5,3600,1,0,3600
2024-07-17 21:00:00,8178.4,8182.7,8172.9,8176.7,3600,1,0,3600
2024-07-17 22:00:00,8176.8,8177.5,8170.4,8175.3,3600,1,0,3600
2024-07-17 23:00:00,8175.2,8186.9,8174.7,8184.1,3600,1,0,3600
2024-07-18 00:00:00,8184.0,8184.1,8169.7,8173.3,3600,1,0,3600
2024-07-18 01:00:00,8173.4,8181.5,8171.4,8179.5,3600,1,0,3600
2024-07-18 02:00:00,8179.4,8185.5,8176.3,8182.3,3600,1,0,3600
2024-07-18 03:00:00,8182.2,8185.0,8178.8,8183.7,3600,1,0,3600
2024-07-18 04:00:00,8183.8,8186.0,8171.3,8171.3,3600,1,0,3600
2024-07-18 05:00:00,8171.2,8177.1,8169.2,8173.7,3600,1,0,3600
2024-07-18 06:00:00,8173.6,8180.3,8171.6,8179.3,3600,1,0,3600
2024-07-18 07:00:00,8179.2,8182.0,8171.7,8175.3,3600,1,0,3600
2024-07-18 08:00:00,8175.4,8175.4,8168.0,8168.7,3600,1,0,3600
2024-07-18 09:00:00,8168.8,8175.9,8168.8,8169.7,3600,1,0,3600
2024-07-18 10:00:00,8169.8,8171.0,8161.2,8161.5,3600,1,0,3600
2024-07-18 11:00:00,8161.6,8173.1,8160.9,8169.9,3600,1,0,3600
2024-07-18 12:00:00,8170.0,8172.0,8163.1,8165.9,3600,1,0,3600
2024-07-18 13:00:00,8165.8,8177.1,8165.2,8176.1,3600,1,0,3600
2024-07-18 14:00:00,8176.0,8178.1,8173.6,8176.7,3600,1,0,3600
2024-07-18 15:00:00,8176.8,8180.4,8170.4,8174.7,3600,1,0,3600
2024-07-18 16:00:00,8174.8,8184.5,8172.5,8182.7,3600,1,0,3600
2024-07-18 17:00:00,8182.6,8186.9,8177.1,8182.7,3600,1,0,3600
2024-07-18 18:00:00,8182.8,8184.8,8178.5,8181.5,3600,1,0,3600
2024-07-18 19:00:00,8181.4,8191.5,8180.5,8191.3,3600,1,0,3600
2024-07-18 20:00:00,8191.2,8196.6,8189.4,8191.9,3600,1,0,3600
2024-07-18 21:00:00,8192.0,8195.9,8189.0,8190.1,3600,1,0,3600
2024-07-18 22:00:00,8190.2,8192.6,8183.9,8187.1,3600,1,0,3600
2024-07-18 23:00:00,8187.2,8191.6,8184.7,8190.5,3600,1,0,3600
2024-07-19 00:00:00,8190.4,8190.7,8180.6,8184.7,3600,1,0,3600
2024-07-19 01:00:00,8184.8,8192.2,8184.5,8186.7,3600,1,0,3600
2024-07-19 02:00:00,8186.6,8192.2,8184.2,8189.9,3600,1,0,3600
2024-07-19 03:00:00,8189.8,8193.9,8185.2,8192.9,3600,1,0,3600
2024-07-19 04:00:00,8193.0,8204.3,8190.7,8203.5,3593,1,0,3593
2024-07-19 05:00:00,8203.6,8210.4,8203.1,8208.5,3621,1,0,3621
2024-07-19 06:00:00,8208.6,8209.8,8200.4,8205.9,3594,1,0,3594
2024-07-19 07:00:00,8206.0,8212.5,8204.9,8207.3,3600,1,0,3600
2024-07-19 08:00:00,8207.2,8217.8,8203.7,8214.7,3600,1,0,3600
2024-07-19 09:00:00,8214.6,8216.2,8209.6,8214.7,3600,1,0,3600
2024-07-19 10:00:00,8214.6,8223.2,8212.0,8219.3,3600,1,0,3600
2024-07-19 11:00:00,8219.2,8229.4,8218.6,8227.5,3600,1,0,3600
2024-07-19 12:00:00,8227.6,8234.1,8227.1,8228.9,3600,1,0,3600
2024-07-19 13:00:00,8229.0,8237.4,8225.3,8237.1,3600,1,0,3600
2024-07-19 14:00:00,8237.0,8238.9,8225.2,8227.1,3600,1,0,3600
2024-07-19 15:00:00,8227.2,8230.5,8224.4,8230.5,3600,1,0,3600
2024-07-19 16:00:00,8230.4,8233.8,8228.2,8232.9,3600,1,0,3600
2024-07-19 17:00:00,8232.8,8238.5,8229.0,8234.3,3600,1,0,3600
2024-07-19 18:00:00,8234.4,8237.3,8228.5,8236.1,3600,1,0,3600
2024-07-19 19:00:00,8236.0,8242.3,8232.0,8239.3,3600,1,0,3600
2024-07-19 20:00:00,8239.4,8244.0,8236.9,8240.1,3600,1,0,3600
2024-07-19 21:00:00,8240.0,8245.4,8235.2,8235.5,3600,1,0,3600
2024-07-19 22:00:00,8235.6,8235.9,8221.8,8226.9,3600,1,0,3600
2024-07-19 23:00:00,8226.8,8234.1,8226.2,8233.7,3600,1,0,3600
2024-07-20 00:00:00,8233.6,8249.0,8233.6,8246.5,3600,1,0,3600
2024-07-20 01:00:00,8246.6,8254.7,8244.4,8252.5,3600,1,0,3600
2024-07-20 02:00:00,8252.6,8257.3,8246.1,8249.9,3600,1,0,3600
2024-07-20 03:00:00,8250.0,8260.0,8248.7,8253.1,3600,1,0,3600
2024-07-20 04:00:00,8253.2,8258.3,8244.1,8246.7,3600,1,0,3600
2024-07-20 05:00:00,8246.6,8254.5,8244.3,8248.7,3600,1,0,3600
2024-07-20 06:00:00,8248.8,8254.5,8247.4,8254.3,3600,1,0,3600
2024-07-20 07:00:00,8254.4,8256.5,8247.8,8248.3,3600,1,0,3600
2024-07-20 08:00:00,8248.2,8253.6,8243.9,8251.7,3600,1,0,3600
2024-07-20 09:00:00,8251.8,8255.3,8245.5,8245.7,3600,1,0,3600
2024-07-20 10:00:00,8245.8,8246.9,8238.2,8240.5,3600,1,0,3600
2024-07-20 11:00:00,8240.6,8245.8,8238.9,8241.1,3600,1,0,3600
2024-07-20 12:00:00,8241.2,8244.7,8235.3,8239.7,3600,1,0,3600
2024-07-20 13:00:00,8239.8,8240.4,8229.3,8233.9,3600,1,0,3600
2024-07-20 14:00:00,8233.8,8235.9,8225.0,8229.9,3600,1,0,3600
2024-07-20 15:00:00,8229.8,8240.6,8226.1,8236.9,3600,1,0,3600
2024-07-20 16:00:00,8237.0,8244.4,8234.1,8240.5,3600,1,0,3600
2024-07-20 17:00:00,8240.4,8240.5,8223.8,8224.3,3600,1,0,3600
2024-07-20 18:00:00,8224.2,8226.3,8220.9,8223.3,3600,1,0,3600
2024-07-20 19:00:00,8223.2,8230.5,8219.5,8229.7,3600,1,0,3600
2024-07-20 20:00:00,8229.6,8230.1,8225.1,8228.5,3600,1,0,3600
2024-07-20 21:00:00,8228.4,8238.1,8227.6,8233.7,3600,1,0,3600
2024-07-20 22:00:00,8233.8,8234.9,8229.0,8234.3,3600,1,0,3600
2024-07-20 23:00:00,8234.4,8239.3,8231.0,8238.5,3600,1,0,3600
2024-07-21 00:00:00,8238.4,8240.3,8234.6,8237.3,3600,1,0,3600
2024-07-21 01:00:00,8237.2,8247.7,8237.0,8246.7,3600,1,0,3600
2024-07-21 02:00:00,8246.6,8247.6,8234.8,8235.1,3600,1,0,3600
2024-07-21 03:00:00,8235.2,8236.0,8224.6,8229.7,3600,1,0,3600
2024-07-21 04:00:00,8229.8,8229.9,8217.6,8218.7,3600,1,0,3600
2024-07-21 05:00:00,8218.6,8221.0,8211.0,8212.5,3600,1,0,3600
2024-07-21 06:00:00,8212.4,8218.6,8208.9,8218.1,3600,1,0,3600
2024-07-21 07:00:00,8218.2,8234.7,8217.0,8232.3,3600,1,0,3600
2024-07-21 08:00:00,8232.2,8236.5,8226.2,8235.9,3600,1,0,3600
2024-07-21 09:00:00,8235.8,8238.7,8233.1,8237.1,3600,1,0,3600
2024-07-21 10:00:00,8237.2,8237.9,8226.4,8227.7,3600,1,0,3600
2024-07-21 11:00:00,8227.8,8230.0,8220.8,8223.7,3600,1,0,3600
2024-07-21 12:00:00,8223.8,8224.3,8216.9,8218.5,3600,1,0,3600
2024-07-21 13:00:00,8218.4,8226.2,8215.0,8226.1,3600,1,0,3600
2024-07-21 14:00:00,8226.2,8228.2,8221.6,8226.7,3600,1,0,3600
2024-07-21 15:00:00,8226.8,8229.8,8217.8,8220.1,3600,1,0,3600
2024-07-21 16:00:00,8220.2,8223.4,8217.6,8223.1,3600,1,0,3600
2024-07-21 17:00:00,8223.0,8226.7,8213.2,8213.7,3600,1,0,3600
2024-07-21 18:00:00,8213.6,8217.2,8208.2,8208.9,3600,1,0,3600
2024-07-21 19:00:00,8208.8,8218.1,8207.9,8217.5,3600,1,0,3600
2024-07-21 20:00:00,8217.4,8225.0,8217.3,8222.7,3600,1,0,3600
2024-07-21 21:00:00,8222.6,8223.8,8217.8,8221.5,3600,1,0,3600
2024-07-21 22:00:00,8221.4,8226.4,8218.4,8226.3,3600,1,0,3600
2024-07-21 23:00:00,8226.4,8228.3,8220.2,8225.1,3600,1,0,3600
2024-07-22 00:00:00,8225.2,8226.0,8210.0,8211.9,3590,1,0,3590
2024-07-22 01:00:00,8212.0,8222.7,8211.7,8222.7,3600,1,0,3600
2024-07-22 02:00:00,8222.8,8223.5,8214.0,8218.7,3600,1,0,3600
2024-07-22 03:00:00,8218.8,8222.4,8212.5,8215.7,3600,1,0,3600
2024-07-22 04:00:00,8215.8,8216.6,8209.7,8213.3,3600,1,0,3600
2024-07-22 05:00:00,8213.2,8216.8,8209.4,8214.9,3600,1,0,3600
2024-07-22 06:00:00,8215.0,8220.8,8212.8,8219.3,3600,1,0,3600
2024-07-22 07:00:00,8219.2,8229.4,8219.2,8225.7,3600,1,0,3600
2024-07-22 08:00:00,8225.8,8237.5,8224.8,8235.1,3600,1,0,3600
2024-07-22 09:00:00,8235.0,8237.2,8228.7,8234.1,3600,1,0,3600
2024-07-22 10:00:00,8234.2,8243.5,8233.3,8241.9,3600,1,0,3600
2024-07-22 11:00:00,8242.0,8252.6,8241.1,8251.3,3600,1,0,3600
2024-07-22 12:00:00,8251.4,8257.7,8247.7,8248.7,3600,1,0,3600
2024-07-22 13:00:00,8248.8,8251.1,8242.5,8247.1,3600,1,0,3600
2024-07-22 14:00:00,8247.2,8250.6,8241.9,8243.5,3600,1,0,3600
2024-07-22 15:00:00,8243.6,8250.0,8241.8,8248.7,3600,1,0,3600
2024-07-22 16:00:00,8248.6,8251.8,8243.9,8250.7,3600,1,0,3600
2024-07-22 17:00:00,8250.6,8253.1,8246.4,8252.7,3600,1,0,3600
2024-07-22 18:00:00,8252.6,8254.7,8247.2,8250.3,3600,1,0,3600
2024-07-22 19:00:00,8250.4,8260.6,8247.4,8258.3,3600,1,0,3600
2024-07-22 20:00:00,8258.4,8263.9,8257.2,8263.5,3600,1,0,3600
2024-07-22 21:00:00,8263.6,8265.1,8248.9,8254.7,3600,1,0,3600
2024-07-22 22:00:00,8254.8,8257.5,8251.1,8256.7,3600,1,0,3600
2024-07-22 23:00:00,8256.8,8260.9,8253.4,8257.7,3600,1,0,3600
2024-07-23 00:00:00,8257.6,8263.3,8255.2,8260.7,3600,1,0,3600
2024-07-23 01:00:00,8260.8,8271.9,8259.3,8271.3,3600,1,0,3600
2024-07-23 02:00:00,8271.2,8272.1,8264.7,8269.1,3600,1,0,3600
2024-07-23 03:00:00,8269.0,8272.0,8263.9,8265.7,3600,1,0,3600
2024-07-23 04:00:00,8265.8,8270.7,8263.9,8265.5,3600,1,0,3600
2024-07-23 05:00:00,8265.6,8265.7,8256.2,8256.3,3600,1,0,3600
2024-07-23 06:00:00,8256.2,8256.4,8245.6,8252.9,3600,1,0,3600
2024-07-23 07:00:00,8253.0,8261.7,8249.6,8257.7,3600,1,0,3600
2024-07-23 08:00:00,8257.8,8258.8,8244.4,8244.9,3600,1,0,3600
2024-07-23 09:00:00,8244.8,8246.3,8232.9,8240.5,3600,1,0,3600
2024-07-23 10:00:00,8240.6,8240.8,8226.0,8226.1,3600,1,0,3600
2024-07-23 11:00:00,8226.0,8229.5,8222.7,8224.3,3600,1,0,3600
2024-07-23 12:00:00,8224.4,8229.4,8219.1,8228.7,3600,1,0,3600
2024-07-23 13:00:00,8228.8,8241.0,8228.0,8236.7,3600,1,0,3600
2024-07-23 14:00:00,8236.6,8245.4,8233.8,8244.5,3600,1,0,3600
2024-07-23 15:00:00,8244.6,8248.1,8242.7,8246.9,3600,1,0,3600
2024-07-23 16:00:00,8247.0,8251.7,8243.1,8251.1,3600,1,0,3600
2024-07-23 17:00:00,8251.2,8258.6,8250.3,8251.5,3600,1,0,3600
2024-07-23 18:00:00,8251.6,8258.0,8247.9,8254.5,3600,1,0,3600
2024-07-23 19:00:00,8254.4,8256.9,8248.7,8255.5,3600,1,0,3600
2024-07-23 20:00:00,8255.4,8259.4,8252.3,8257.9,3600,1,0,3600
2024-07-23 21:00:00,8257.8,8262.0,8255.0,8258.3,3600,1,0,3600
2024-07-23 22:00:00,8258.2,8266.4,8257.7,8262.9,3600,1,0,3600
2024-07-23 23:00:00,8263.0,8266.1,8253.1,8253.9,3600,1,0,3600
2024-07-24 00:00:00,8253.8,8254.4,8246.3,8248.1,3600,1,0,3600
2024-07-24 01:00:00,8248.0,8255.4,8244.7,8255.1,3600,1,0,3600
2024-07-24 02:00:00,8255.2,8257.3,8248.2,8256.3,3565,1,0,3565
2024-07-24 03:00:00,8256.4,8266.1,8255.1,8263.2,3595,1,0,3595
2024-07-24 04:00:00,8263.1,8270.0,8261.9,8268.2,3600,1,0,3600
2024-07-24 05:00:00,8268.3,8269.0,8257.6,8260.8,3600,1,0,3600
2024-07-24 06:00:00,8260.7,8263.5,8256.1,8258.4,3600,1,0,3600
2024-07-24 07:00:00,8258.5,8261.0,8253.8,8260.6,3600,1,0,3600
2024-07-24 08:00:00,8260.7,8265.4,8255.7,8257.4,3600,1,0,3600
2024-07-24 09:00:00,8257.5,8259.1,8251.3,8256.8,3600,1,0,3600
2024-07-24 10:00:00,8256.9,8263.3,8256.0,8256.4,3600,1,0,3600
2024-07-24 11:00:00,8256.3,8268.6,8254.3,8267.2,3600,1,0,3600
2024-07-24 12:00:00,8267.1,8267.7,8257.9,8258.6,3600,1,0,3600
2024-07-24 13:00:00,8258.7,8272.3,8258.7,8271.4,3600,1,0,3600
2024-07-24 14:00:00,8271.5,8272.0,8262.4,8262.4,3600,1,0,3600
2024-07-24 15:00:00,8262.3,8266.6,8252.6,8252.6,3600,1,0,3600
2024-07-24 16:00:00,8252.7,8256.6,8247.6,8256.0,3600,1,0,3600
2024-07-24 17:00:00,8256.1,8259.1,8250.3,8258.2,3600,1,0,3600
2024-07-24 18:00:00,8258.1,8267.2,8257.0,8264.6,3600,1,0,3600
2024-07-24 19:00:00,8264.7,8266.1,8254.9,8260.2,3600,1,0,3600
2024-07-24 20:00:00,8260.3,8262.4,8250.1,8252.2,3600,1,0,3600
2024-07-24 21:00:00,8252.3,8258.1,8251.7,8256.6,3600,1,0,3600
2024-07-24 22:00:00,8256.7,8261.7,8254.5,8257.6,3600,1,0,3600
2024-07-24 23:00:00,8257.5,8258.3,8249.2,8249.8,3600,1,0,3600
2024-07-25 00:00:00,8249.9,8250.3,8237.6,8238.2,3600,1,0,3600
2024-07-25 01:00:00,8238.1,8241.6,8230.2,8233.2,3600,1,0,3600
2024-07-25 02:00:00,8233.1,8235.6,8224.8,8225.2,3600,1,0,3600
2024-07-25 03:00:00,8225.3,8230.0,8222.0,8222.0,3600,1,0,3600
2024-07-25 04:00:00,8221.9,8226.7,8218.4,8225.8,3600,1,0,3600
2024-07-25 05:00:00,8225.7,8227.1,8216.1,8218.8,3600,1,0,3600
2024-07-25 06:00:00,8218.7,8220.0,8209.1,8214.6,3600,1,0,3600
2024-07-25 07:00:00,8214.5,8217.3,8210.8,8215.8,3600,1,0,3600
2024-07-25 08:00:00,8215.7,8226.3,8212.0,8221.6,3600,1,0,3600
2024-07-25 09:00:00,8221.7,8224.0,8206.2,8206.6,3600,1,0,3600
2024-07-25 10:00:00,8206.5,8218.4,8202.9,8218.0,3600,1,0,3600
2024-07-25 11:00:00,8217.9,8221.9,8213.7,8219.6,3600,1,0,3600
2024-07-25 12:00:00,8219.7,8229.0,8216.8,8228.2,3600,1,0,3600
2024-07-25 13:00:00,8228.3,8228.7,8220.8,8224.2,3600,1,0,3600
2024-07-25 14:00:00,8224.1,8225.6,8220.2,8222.8,3600,1,0,3600
2024-07-25 15:00:00,8222.9,8229.3,8217.9,8224.8,3600,1,0,3600
2024-07-25 16:00:00,8224.9,8229.7,8221.6,8224.4,3600,1,0,3600
2024-07-25 17:00:00,8224.3,8233.6,8222.4,8231.8,3600,1,0,3600
2024-07-25 18:00:00,8231.7,8245.3,8229.9,8244.6,3600,1,0,3600
2024-07-25 19:00:00,8244.7,8248.0,8241.7,8246.4,3600,1,0,3600
2024-07-25 20:00:00,8246.5,8256.6,8246.0,8255.0,3600,1,0,3600
2024-07-25 21:00:00,8255.1,8264.0,8253.8,8263.2,3600,1,0,3600
2024-07-25 22:00:00,8263.1,8269.9,8262.6,8267.4,3600,1,0,3600
2024-07-25 23:00:00,8267.5,8274.7,8264.4,8272.8,3600,1,0,3600
2024-07-26 00:00:00,8272.7,8274.1,8264.2,8268.8,3600,1,0,3600
2024-07-26 01:00:00,8268.9,8274.3,8267.6,8273.6,3600,1,0,3600
2024-07-26 02:00:00,8273.5,8278.1,8270.9,8274.0,3600,1,0,3600
2024-07-26 03:00:00,8273.9,8279.8,8271.9,8275.8,3600,1,0,3600
2024-07-26 04:00:00,8275.7,8278.0,8265.7,8265.8,3600,1,0,3600
2024-07-26 05:00:00,8265.9,8271.9,8260.6,8271.4,3600,1,0,3600
2024-07-26 06:00:00,8271.5,8272.7,8267.4,8269.0,3600,1,0,3600
2024-07-26 07:00:00,8269.1,8271.6,8265.9,8268.0,3600,1,0,3600
2024-07-26 08:00:00,8268.1,8272.8,8263.0,8265.8,3600,1,0,3600
2024-07-26 09:00:00,8265.7,8267.6,8255.4,8260.8,3600,1,0,3600
2024-07-26 10:00:00,8260.9,8262.6,8254.5,8256.8,3600,1,0,3600
2024-07-26 11:00:00,8256.7,8260.3,8248.0,8248.4,3600,1,0,3600
2024-07-26 12:00:00,8248.3,8254.0,8245.2,8252.6,3600,1,0,3600
2024-07-26 13:00:00,8252.5,8265.5,8251.6,8259.0,3600,1,0,3600
2024-07-26 14:00:00,8259.1,8260.4,8248.6,8250.4,3600,1,0,3600
2024-07-26 15:00:00,8250.3,8252.3,8245.3,8247.0,3600,1,0,3600
2024-07-26 16:00:00,8246.9,8248.4,8239.4,8239.6,3600,1,0,3600
2024-07-26 17:00:00,8239.5,8242.0,8233.5,8240.2,3600,1,0,3600
2024-07-26 18:00:00,8240.1,8246.2,8231.0,8231.0,3600,1,0,3600
2024-07-26 19:00:00,8230.9,8232.1,8218.3,8222.0,3600,1,0,3600
2024-07-26 20:00:00,8221.9,8223.6,8210.3,8214.0,3600,1,0,3600
2024-07-26 21:00:00,8214.1,8219.6,8211.0,8218.8,3600,1,0,3600
2024-07-26 22:00:00,8218.7,8219.6,8201.0,8206.4,3600,1,0,3600
2024-07-26 23:00:00,8206.3,8207.0,8201.4,8201.6,3600,1,0,3600
2024-07-27 00:00:00,8201.5,8208.4,8200.8,8203.8,3600,1,0,3600
2024-07-27 01:00:00,8203.9,8209.8,8201.5,8209.6,3600,1,0,3600
2024-07-27 02:00:00,8209.5,8210.5,8200.9,8204.4,3600,1,0,3600
2024-07-27 03:00:00,8204.3,8212.5,8203.8,8211.8,3600,1,0,3600
2024-07-27 04:00:00,8211.7,8215.0,8208.5,8210.8,3600,1,0,3600
2024-07-27 05:00:00,8210.7,8211.9,8198.8,8199.6,3600,1,0,3600
2024-07-27 06:00:00,8199.5,8203.3,8197.4,8201.0,3600,1,0,3600
2024-07-27 07:00:00,8200.9,8210.2,8199.3,8207.2,3600,1,0,3600
2024-07-27 08:00:00,8207.1,8210.4,8204.9,8205.0,3600,1,0,3600
2024-07-27 09:00:00,8204.9,8205.9,8199.0,8201.6,3600,1,0,3600
2024-07-27 10:00:00,8201.7,8206.6,8198.5,8201.8,3600,1,0,3600
2024-07-27 11:00:00,8201.9,8202.2,8191.2,8195.2,3600,1,0,3600
2024-07-27 12:00:00,8195.1,8195.2,8181.3,8183.6,3600,1,0,3600
2024-07-27 13:00:00,8183.7,8185.1,8175.0,8175.6,3600,1,0,3600
2024-07-27 14:00:00,8175.7,8181.4,8175.2,8176.8,3600,1,0,3600
2024-07-27 15:00:00,8176.9,8180.4,8172.5,8180.4,3600,1,0,3600
2024-07-27 16:00:00,8180.5,8181.6,8172.3,8173.8,3600,1,0,3600
2024-07-27 17:00:00,8173.7,8182.0,8173.4,8177.0,3600,1,0,3600
2024-07-27 18:00:00,8177.1,8183.3,8172.7,8183.2,3600,1,0,3600
2024-07-27 19:00:00,8183.1,8189.4,8181.9,8189.0,3600,1,0,3600
2024-07-27 20:00:00,8188.9,8194.4,8185.9,8191.6,3600,1,0,3600
2024-07-27 21:00:00,8191.5,8194.9,8185.9,8188.0,3600,1,0,3600
2024-07-27 22:00:00,8187.9,8196.1,8185.6,8195.8,3600,1,0,3600
2024-07-27 23:00:00,8195.9,8208.9,8195.5,8208.2,3600,1,0,3600
2024-07-28 00:00:00,8208.3,8210.5,8204.4,8210.0,3600,1,0,3600
2024-07-28 01:00:00,8209.9,8215.7,8207.5,8209.8,3600,1,0,3600
2024-07-28 02:00:00,8209.9,8211.3,8205.5,8209.8,3599,1,0,3599
2024-07-28 03:00:00,8209.9,8220.3,8208.7,8216.6,3600,1,0,3600
2024-07-28 04:00:00,8216.5,8219.6,8211.5,8215.6,3600,1,0,3600
2024-07-28 05:00:00,8215.5,8216.9,8207.4,8207.8,3600,1,0,3600
2024-07-28 06:00:00,8207.9,8212.5,8205.2,8212.4,3600,1,0,3600
2024-07-28 07:00:00,8212.3,8215.0,8202.2,8203.6,3600,1,0,3600
2024-07-28 08:00:00,8203.7,8206.1,8197.2,8197.8,3600,1,0,3600
2024-07-28 09:00:00,8197.7,8201.4,8195.8,8198.4,3600,1,0,3600
2024-07-28 10:00:00,8198.3,8210.1,8196.5,8210.0,3600,1,0,3600
2024-07-28 11:00:00,8209.9,8216.4,8209.0,8214.8,3600,1,0,3600
2024-07-28 12:00:00,8214.9,8216.2,8205.3,8207.8,3600,1,0,3600
2024-07-28 13:00:00,8207.9,8213.0,8205.3,8207.8,3600,1,0,3600
2024-07-28 14:00:00,8207.7,8209.3,8195.8,8197.0,3600,1,0,3600
2024-07-28 15:00:00,8197.1,8202.8,8194.2,8194.2,3600,1,0,3600
2024-07-28 16:00:00,8194.1,8200.9,8193.1,8198.4,3600,1,0,3600
2024-07-28 17:00:00,8198.5,8200.8,8189.6,8191.6,3600,1,0,3600
2024-07-28 18:00:00,8191.5,8199.8,8190.1,8191.2,3600,1,0,3600
2024-07-28 19:00:00,8191.1,8192.3,8183.2,8183.6,3600,1,0,3600
2024-07-28 20:00:00,8183.5,8189.7,8179.6,8181.8,3600,1,0,3600
2024-07-28 21:00:00,8181.7,8187.2,8179.5,8181.0,3600,1,0,3600
2024-07-28 22:00:00,8181.1,8183.6,8174.6,8174.8,3600,1,0,3600
2024-07-28 23:00:00,8174.7,8185.2,8173.8,8183.2,3600,1,0,3600
2024-07-29 00:00:00,8183.1,8187.0,8182.0,8182.6,3600,1,0,3600
2024-07-29 01:00:00,8182.5,8190.9,8180.9,8190.4,3600,1,0,3600
2024-07-29 02:00:00,8190.3,8191.0,8177.9,8181.6,3600,1,0,3600
2024-07-29 03:00:00,8181.7,8187.1,8180.6,8181.6,3600,1,0,3600
2024-07-29 04:00:00,8181.5,8186.8,8181.0,8185.8,3600,1,0,3600
2024-07-29 05:00:00,8185.9,8188.6,8182.5,8188.2,3600,1,0,3600
2024-07-29 06:00:00,8188.1,8189.7,8179.9,8181.8,3600,1,0,3600
2024-07-29 07:00:00,8181.9,8181.9,8168.9,8171.2,3600,1,0,3600
2024-07-29 08:00:00,8171.1,8174.2,8167.5,8169.0,3600,1,0,3600
2024-07-29 09:00:00,8169.1,8171.3,8164.0,8168.9,3596,1,0,3596
2024-07-29 10:00:00,8169.0,8173.4,8162.7,8167.1,3600,2,0,3600
2024-07-29 11:00:00,8167.2,8175.7,8162.1,8175.5,3600,2,0,3600
2024-07-29 12:00:00,8175.4,8176.5,8171.3,8172.3,3600,2,0,3600
2024-07-29 13:00:00,8172.2,8176.5,8171.0,8173.9,3600,2,0,3600
2024-07-29 14:00:00,8174.0,8181.5,8172.5,8175.1,3600,2,0,3600
2024-07-29 15:00:00,8175.0,8176.3,8167.5,8173.3,3600,2,0,3600
2024-07-29 16:00:00,8173.2,8179.5,8172.0,8172.3,3600,2,0,3600
2024-07-29 17:00:00,8172.2,8177.9,8166.6,8177.5,3600,2,0,3600
2024-07-29 18:00:00,8177.6,8185.2,8177.3,8181.5,3600,2,0,3600
2024-07-29 19:00:00,8181.6,8184.3,8178.4,8179.9,3600,2,0,3600
2024-07-29 20:00:00,8179.8,8186.5,8175.0,8185.3,3600,2,0,3600
2024-07-29 21:00:00,8185.4,8191.9,8183.5,8187.1,3600,2,0,3600
2024-07-29 22:00:00,8187.0,8194.0,8186.0,8190.9,3600,2,0,3600
2024-07-29 23:00:00,8191.0,8200.4,8190.1,8197.9,3600,2,0,3600
2024-07-30 00:00:00,8198.0,8206.1,8193.6,8196.1,3600,2,0,3600
2024-07-30 01:00:00,8196.0,8199.2,8193.7,8195.9,3600,2,0,3600
2024-07-30 02:00:00,8195.8,8196.3,8188.4,8189.1,3600,2,0,3600
2024-07-30 03:00:00,8189.2,8194.0,8186.9,8193.7,3600,2,0,3600
2024-07-30 04:00:00,8193.8,8199.0,8192.2,8193.1,3600,2,0,3600
2024-07-30 05:00:00,8193.0,8195.2,8178.9,8182.5,3600,2,0,3600
2024-07-30 06:00:00,8182.4,8186.9,8179.3,8184.5,3600,2,0,3600
2024-07-30 07:00:00,8184.6,8192.5,8180.5,8191.9,3600,2,0,3600
2024-07-30 08:00:00,8191.8,8194.5,8187.1,8188.3,3600,2,0,3600
2024-07-30 09:00:00,8188.2,8191.0,8184.0,8185.3,3600,2,0,3600
2024-07-30 10:00:00,8185.4,8185.9,8181.2,8182.7,3600,2,0,3600
2024-07-30 11:00:00,8182.6,8188.0,8174.9,8175.7,3600,2,0,3600
2024-07-30 12:00:00,8175.6,8185.0,8175.6,8182.1,3600,2,0,3600
2024-07-30 13:00:00,8182.0,8186.3,8178.8,8179.1,3600,2,0,3600
2024-07-30 14:00:00,8179.2,8179.4,8163.6,8163.9,3600,2,0,3600
2024-07-30 15:00:00,8163.8,8169.3,8163.1,8165.1,3600,2,0,3600
2024-07-30 16:00:00,8165.2,8173.5,8164.9,8165.9,3600,2,0,3600
2024-07-30 17:00:00,8166.0,8168.2,8162.8,8163.9,3600,2,0,3600
2024-07-30 18:00:00,8163.8,8164.3,8153.4,8155.9,3600,2,0,3600
2024-07-30 19:00:00,8155.8,8159.9,8149.5,8150.1,3600,2,0,3600
2024-07-30 20:00:00,8150.0,8152.7,8145.2,8146.7,3600,2,0,3600
2024-07-30 21:00:00,8146.6,8147.0,8139.8,8144.5,3600,2,0,3600
2024-07-30 22:00:00,8144.6,8145.2,8136.8,8138.5,3600,2,0,3600
2024-07-30 23:00:00,8138.4,8143.2,8136.3,8139.1,3600,2,0,3600
2024-07-31 00:00:00,8139.2,8148.6,8138.1,8147.3,3600,2,0,3600
2024-07-31 01:00:00,8147.4,8155.6,8143.0,8155.1,3600,2,0,3600
2024-07-31 02:00:00,8155.2,8171.9,8154.6,8171.5,3600,2,0,3600
2024-07-31 03:00:00,8171.6,8181.8,8171.5,8178.3,3598,2,0,3598
2024-07-31 04:00:00,8178.4,8178.4,8172.4,8173.1,3589,2,0,3589
2024-07-31 05:00:00,8173.2,8175.1,8164.9,8170.3,3600,2,0,3600
2024-07-31 06:00:00,8170.2,8172.1,8161.5,8163.1,3600,2,0,3600
2024-07-31 07:00:00,8163.2,8169.1,8159.5,8166.3,3600,2,0,3600
2024-07-31 08:00:00,8166.4,8171.9,8162.4,8162.7,3600,2,0,3600
2024-07-31 09:00:00,8162.8,8163.8,8156.6,8158.3,3600,2,0,3600
2024-07-31 10:00:00,8158.2,8163.2,8154.2,8154.3,3600,2,0,3600
2024-07-31 11:00:00,8154.4,8159.3,8150.7,8153.1,3600,2,0,3600
2024-07-31 12:00:00,8153.0,8159.4,8151.5,8159.3,3600,2,0,3600
2024-07-31 13:00:00,8159.2,8160.9,8149.4,8149.9,3600,2,0,3600
2024-07-31 14:00:00,8149.8,8152.0,8146.8,8146.9,3600,2,0,3600
2024-07-31 15:00:00,8147.0,8147.3,8127.7,8127.7,3600,2,0,3600
2024-07-31 16:00:00,8127.8,8128.1,8118.2,8120.3,3600,2,0,3600
2024-07-31 17:00:00,8120.2,8129.3,8119.2,8124.9,3600,2,0,3600
2024-07-31 18:00:00,8125.0,8137.6,8123.7,8136.9,3600,2,0,3600
2024-07-31 19:00:00,8137.0,8147.1,8136.9,8145.7,3600,2,0,3600
2024-07-31 20:00:00,8145.8,8158.9,8145.7,8158.7,3600,2,0,3600
2024-07-31 21:00:00,8158.8,8161.0,8154.1,8155.9,3600,2,0,3600
2024-07-31 22:00:00,8155.8,8156.6,8148.1,8150.3,3600,2,0,3600
2024-07-31 23:00:00,8150.2,8156.6,8144.8,8153.9,3600,2,0,3600
2024-08-01 00:00:00,8154.0,8158.5,8152.8,8156.9,3600,2,0,3600
2024-08-01 01:00:00,8156.8,8157.3,8147.8,8147.9,3600,2,0,3600
2024-08-01 02:00:00,8148.0,8155.9,8147.0,8152.5,3600,2,0,3600
2024-08-01 03:00:00,8152.6,8153.2,8146.0,8153.1,3600,2,0,3600
2024-08-01 04:00:00,8153.2,8160.1,8152.3,8157.9,3600,2,0,3600
2024-08-01 05:00:00,8157.8,8165.0,8156.1,8162.1,3600,2,0,3600
2024-08-01 06:00:00,8162.0,8163.3,8151.0,8152.3,3600,2,0,3600
2024-08-01 07:00:00,8152.4,8159.3,8150.0,8155.9,3600,2,0,3600
2024-08-01 08:00:00,8156.0,8157.1,8150.9,8152.1,3600,2,0,3600
2024-08-01 09:00:00,8152.2,8160.4,8152.0,8156.9,3600,2,0,3600
2024-08-01 10:00:00,8156.8,8159.5,8152.0,8153.1,3600,2,0,3600
2024-08-01 11:00:00,8153.2,8154.3,8144.5,8152.1,3600,2,0,3600
2024-08-01 12:00:00,8152.0,8157.5,8150.6,8154.1,3600,2,0,3600
2024-08-01 13:00:00,8154.0,8155.1,8148.2,8149.5,3600,2,0,3600
2024-08-01 14:00:00,8149.4,8152.0,8140.3,8144.7,3600,2,0,3600
2024-08-01 15:00:00,8144.8,8147.3,8140.2,8144.7,3600,2,0,3600
2024-08-01 16:00:00,8144.8,8152.5,8144.8,8150.5,3600,2,0,3600
2024-08-01 17:00:00,8150.6,8162.4,8150.3,8155.7,3600,2,0,3600
2024-08-01 18:00:00,8155.6,8158.1,8148.7,8152.3,3600,2,0,3600
2024-08-01 19:00:00,8152.2,8152.9,8143.7,8143.7,3600,2,0,3600
2024-08-01 20:00:00,8143.8,8145.1,8132.8,8138.5,3600,2,0,3600
2024-08-01 21:00:00,8138.4,8145.6,8137.4,8143.9,3600,2,0,3600
2024-08-01 22:00:00,8143.8,8144.5,8133.4,8135.7,3600,2,0,3600
2024-08-01 23:00:00,8135.6,8146.0,8133.9,8138.4,3590,2,0,3590
2024-08-02 00:00:00,8138.3,8145.6,8136.6,8144.6,3600,2,0,3600
2024-08-02 01:00:00,8144.5,8145.4,8138.5,8139.6,3600,2,0,3600
2024-08-02 02:00:00,8139.7,8139.7,8129.5,8135.2,3600,2,0,3600
2024-08-02 03:00:00,8135.3,8138.9,8131.6,8133.2,3600,2,0,3600
2024-08-02 04:00:00,8133.1,8140.9,8133.0,8138.6,3600,2,0,3600
2024-08-02 05:00:00,8138.5,8145.3,8137.4,8140.2,3600,2,0,3600
2024-08-02 06:00:00,8140.3,8141.8,8135.1,8138.2,3594,2,0,3594
2024-08-02 07:00:00,8138.3,8145.4,8136.6,8139.2,3600,2,0,3600
2024-08-02 08:00:00,8139.1,8141.8,8134.6,8134.8,3600,2,0,3600
2024-08-02 09:00:00,8134.9,8140.8,8133.9,8139.2,3600,2,0,3600
2024-08-02 10:00:00,8139.1,8145.2,8138.3,8144.4,3600,2,0,3600
2024-08-02 11:00:00,8144.3,8146.2,8132.5,8136.2,3600,2,0,3600
2024-08-02 12:00:00,8136.1,8145.4,8135.7,8143.4,3600,2,0,3600
2024-08-02 13:00:00,8143.3,8147.7,8141.3,8141.6,3600,2,0,3600
2024-08-02 14:00:00,8141.5,8144.5,8138.7,8143.0,3600,2,0,3600
2024-08-02 15:00:00,8142.9,8143.5,8133.9,8139.0,3600,2,0,3600
2024-08-02 16:00:00,8139.1,8139.8,8133.5,8138.8,3600,2,0,3600
2024-08-02 17:00:00,8138.7,8140.7,8129.0,8129.8,3600,2,0,3600
2024-08-02 18:00:00,8129.9,8135.5,8126.0,8134.2,3600,2,0,3600
2024-08-02 19:00:00,8134.1,8135.4,8125.3,8134.8,3600,2,0,3600
2024-08-02 20:00:00,8134.7,8135.8,8128.8,8131.8,3600,2,0,3600
2024-08-02 21:00:00,8131.7,8134.3,8125.1,8129.6,3600,2,0,3600
2024-08-02 22:00:00,8129.7,8133.3,8128.1,8128.4,3600,2,0,3600
2024-08-02 23:00:00,8128.3,8133.7,8124.5,8131.0,3600,2,0,3600
2024-08-03 00:00:00,8131.1,8135.3,8127.6,8129.2,3600,2,0,3600
2024-08-03 01:00:00,8129.3,8130.8,8122.6,8124.4,3600,2,0,3600
2024-08-03 02:00:00,8124.5,8126.0,8114.5,8116.6,3600,2,0,3600
2024-08-03 03:00:00,8116.7,8121.2,8115.1,8118.8,3600,2,0,3600
2024-08-03 04:00:00,8118.7,8126.5,8118.6,8119.6,3600,2,0,3600
2024-08-03 05:00:00,8119.5,8121.0,8110.9,8116.0,3600,2,0,3600
2024-08-03 06:00:00,8116.1,8121.8,8115.2,8118.8,3600,2,0,3600
2024-08-03 07:00:00,8118.7,8122.3,8115.5,8118.4,3600,2,0,3600
2024-08-03 08:00:00,8118.3,8127.3,8117.6,8125.8,3600,2,0,3600
2024-08-03 09:00:00,8125.9,8134.1,8123.0,8133.8,3600,2,0,3600
2024-08-03 10:00:00,8133.7,8142.5,8132.6,8136.6,3600,2,0,3600
2024-08-03 11:00:00,8136.7,8137.4,8125.4,8127.6,3600,2,0,3600
2024-08-03 12:00:00,8127.7,8132.6,8126.1,8131.6,3600,2,0,3600
2024-08-03 13:00:00,8131.5,8138.8,8129.9,8131.8,3600,2,0,3600
2024-08-03 14:00:00,8131.9,8133.7,8120.0,8121.6,3600,2,0,3600
2024-08-03 15:00:00,8121.5,8121.8,8109.6,8110.4,3600,2,0,3600
2024-08-03 16:00:00,8110.5,8112.3,8102.7,8105.6,3600,2,0,3600
2024-08-03 17:00:00,8105.7,8110.4,8100.9,8110.0,3600,2,0,3600
2024-08-03 18:00:00,8109.9,8113.3,8103.6,8104.6,3600,2,0,3600
2024-08-03 19:00:00,8104.7,8106.4,8099.1,8105.2,3600,2,0,3600
2024-08-03 20:00:00,8105.3,8115.8,8104.7,8112.6,3600,2,0,3600
2024-08-03 21:00:00,8112.5,8118.7,8107.9,8117.8,3600,2,0,3600
2024-08-03 22:00:00,8117.7,8119.3,8111.8,8116.4,3600,2,0,3600
2024-08-03 23:00:00,8116.3,8121.2,8114.3,8117.2,3600,2,0,3600
2024-08-04 00:00:00,8117.1,8120.6,8115.3,8120.6,3600,2,0,3600
2024-08-04 01:00:00,8120.7,8127.6,8116.6,8127.2,3600,2,0,3600
2024-08-04 02:00:00,8127.1,8128.7,8121.2,8126.6,3600,2,0,3600
2024-08-04 03:00:00,8126.7,8144.2,8125.5,8140.8,3600,2,0,3600
2024-08-04 04:00:00,8140.7,8140.8,8133.4,8134.0,3600,2,0,3600
2024-08-04 05:00:00,8134.1,8135.2,8124.4,8128.0,3600,2,0,3600
2024-08-04 06:00:00,8127.9,8129.3,8122.5,8126.8,3600,2,0,3600
2024-08-04 07:00:00,8126.7,8127.5,8117.0,8118.0,3600,2,0,3600
2024-08-04 08:00:00,8117.9,8120.1,8113.5,8117.6,3600,2,0,3600
2024-08-04 09:00:00,8117.7,8122.1,8115.1,8120.2,3600,2,0,3600
2024-08-04 10:00:00,8120.1,8124.5,8116.2,8124.2,3600,2,0,3600
2024-08-04 11:00:00,8124.1,8128.2,8118.2,8127.8,3600,2,0,3600
2024-08-04 12:00:00,8127.7,8130.3,8123.6,8126.4,3600,2,0,3600
2024-08-04 13:00:00,8126.5,8135.4,8123.8,8124.2,3600,2,0,3600
2024-08-04 14:00:00,8124.3,8127.6,8118.6,8126.0,3600,2,0,3600
2024-08-04 15:00:00,8125.9,8132.9,8124.3,8130.6,3600,2,0,3600
2024-08-04 16:00:00,8130.7,8136.5,8127.8,8136.0,3600,2,0,3600
2024-08-04 17:00:00,8135.9,8137.3,8124.2,8124.6,3600,2,0,3600
2024-08-04 18:00:00,8124.5,8133.9,8123.8,8133.6,3600,2,0,3600
2024-08-04 19:00:00,8133.5,8133.5,8120.4,8121.0,3600,2,0,3600
2024-08-04 20:00:00,8121.1,8122.2,8112.5,8114.0,3600,2,0,3600
2024-08-04 21:00:00,8113.9,8115.6,8107.6,8109.2,3600,2,0,3600
2024-08-04 22:00:00,8109.1,8110.4,8101.8,8109.6,3600,2,0,3600
2024-08-04 23:00:00,8109.5,8114.7,8105.8,8106.6,3600,2,0,3600
2024-08-05 00:00:00,8106.5,8107.7,8101.3,8102.4,3600,2,0,3600
2024-08-05 01:00:00,8102.5,8104.1,8086.8,8088.2,3600,2,0,3600
2024-08-05 02:00:00,8088.1,8092.4,8084.3,8087.0,2590,2,0,2590
2024-08-05 03:00:00,8086.9,8096.1,8083.6,8090.8,3600,2,0,3600
2024-08-05 04:00:00,8090.9,8097.7,8087.4,8096.2,3600,2,0,3600
2024-08-05 05:00:00,8096.1,8099.3,8091.5,8096.8,3600,2,0,3600
2024-08-05 06:00:00,8096.7,8106.3,8095.2,8103.6,3600,2,0,3600
2024-08-05 07:00:00,8103.5,8107.5,8098.8,8098.8,3600,2,0,3600
2024-08-05 08:00:00,8098.7,8100.1,8092.6,8095.8,3600,2,0,3600
2024-08-05 09:00:00,8095.7,8099.7,8091.1,8091.6,3600,2,0,3600
2024-08-05 10:00:00,8091.5,8098.4,8087.5,8097.0,3600,2,0,3600
2024-08-05 11:00:00,8096.9,8099.0,8090.6,8095.2,3600,2,0,3600
2024-08-05 12:00:00,8095.1,8099.2,8092.8,8094.0,3600,2,0,3600
2024-08-05 13:00:00,8094.1,8101.9,8090.7,8098.4,3600,2,0,3600
2024-08-05 14:00:00,8098.5,8104.0,8096.7,8102.6,3600,2,0,3600
2024-08-05 15:00:00,8102.7,8102.8,8095.6,8096.0,3600,2,0,3600
2024-08-05 16:00:00,8095.9,8106.5,8095.9,8106.2,3600,2,0,3600
2024-08-05 17:00:00,8106.1,8108.1,8101.7,8102.6,3600,2,0,3600
2024-08-05 18:00:00,8102.5,8113.1,8101.1,8113.0,3600,2,0,3600
2024-08-05 19:00:00,8113.1,8123.0,8112.1,8121.8,3600,2,0,3600
2024-08-05 20:00:00,8121.9,8123.8,8112.6,8115.2,3600,2,0,3600
2024-08-05 21:00:00,8115.1,8128.7,8115.1,8127.0,3600,2,0,3600
2024-08-05 22:00:00,8127.1,8127.9,8120.8,8125.2,3600,2,0,3600
2024-08-05 23:00:00,8125.1,8128.2,8120.7,8122.4,3600,2,0,3600
2024-08-06 00:00:00,8122.3,8127.6,8117.9,8125.8,3600,2,0,3600
2024-08-06 01:00:00,8125.7,8129.0,8115.5,8122.0,3600,2,0,3600
2024-08-06 02:00:00,8121.9,8122.1,8108.6,8109.2,3600,2,0,3600
2024-08-06 03:00:00,8109.1,8109.4,8091.9,8093.6,3595,2,0,3595
2024-08-06 04:00:00,8093.5,8096.4,8088.9,8095.2,3600,2,0,3600
2024-08-06 05:00:00,8095.1,8096.7,8088.7,8088.8,3600,2,0,3600
2024-08-06 06:00:00,8088.7,8090.0,8081.5,8083.0,3600,2,0,3600
2024-08-06 07:00:00,8082.9,8087.7,8082.4,8083.8,3600,2,0,3600
2024-08-06 08:00:00,8083.7,8087.4,8082.2,8087.2,3600,2,0,3600
2024-08-06 09:00:00,8087.1,8088.8,8081.5,8085.2,3600,2,0,3600
2024-08-06 10:00:00,8085.3,8092.8,8081.8,8090.2,3600,2,0,3600
2024-08-06 11:00:00,8090.1,8092.8,8086.6,8090.8,3600,2,0,3600
2024-08-06 12:00:00,8090.7,8101.7,8090.2,8101.2,3600,2,0,3600
2024-08-06 13:00:00,8101.1,8103.0,8092.9,8095.6,3600,2,0,3600
2024-08-06 14:00:00,8095.5,8098.7,8092.0,8094.1,3595,2,0,3595
2024-08-06 15:00:00,8094.0,8098.0,8090.4,8093.7,3600,2,0,3600
2024-08-06 16:00:00,8093.8,8093.9,8084.6,8090.1,3600,2,0,3600
2024-08-06 17:00:00,8090.2,8092.5,8083.0,8083.9,3600,2,0,3600
2024-08-06 18:00:00,8083.8,8088.9,8080.7,8086.7,3600,2,0,3600
2024-08-06 19:00:00,8086.8,8090.1,8083.3,8085.3,3600,2,0,3600
2024-08-06 20:00:00,8085.2,8091.2,8079.9,8089.3,3600,2,0,3600
2024-08-06 21:00:00,8089.4,8100.1,8089.4,8095.5,3600,2,0,3600
2024-08-06 22:00:00,8095.6,8107.8,8094.8,8107.1,3600,2,0,3600
2024-08-06 23:00:00,8107.2,8114.0,8107.2,8110.3,3600,2,0,3600
2024-08-07 00:00:00,8110.4,8111.6,8103.9,8107.5,3600,2,0,3600
2024-08-07 01:00:00,8107.4,8112.2,8105.4,8111.9,3600,2,0,3600
2024-08-07 02:00:00,8112.0,8116.5,8111.4,8114.3,3600,2,0,3600
2024-08-07 03:00:00,8114.2,8114.9,8105.0,8111.7,3600,2,0,3600
2024-08-07 04:00:00,8111.6,8114.1,8106.4,8107.5,3600,2,0,3600
2024-08-07 05:00:00,8107.6,8114.1,8101.1,8101.1,3600,2,0,3600
2024-08-07 06:00:00,8101.2,8107.8,8097.5,8102.3,3600,2,0,3600
2024-08-07 07:00:00,8102.2,8105.5,8095.0,8103.5,3600,2,0,3600
2024-08-07 08:00:00,8103.4,8106.3,8097.4,8098.1,3600,2,0,3600
2024-08-07 09:00:00,8098.2,8101.5,8083.0,8083.5,3600,2,0,3600
2024-08-07 10:00:00,8083.4,8093.5,8082.4,8089.5,3600,2,0,3600
2024-08-07 11:00:00,8089.4,8090.8,8081.0,8082.9,3600,2,0,3600
2024-08-07 12:00:00,8082.8,8086.1,8079.1,8080.9,3600,2,0,3600
2024-08-07 13:00:00,8080.8,8081.1,8066.1,8068.3,3600,2,0,3600
2024-08-07 14:00:00,8068.2,8068.9,8063.1,8067.9,3600,2,0,3600
2024-08-07 15:00:00,8067.8,8069.6,8061.1,8069.3,3600,2,0,3600
2024-08-07 16:00:00,8069.2,8081.6,8066.7,8080.5,3600,2,0,3600
2024-08-07 17:00:00,8080.4,8084.5,8074.9,8080.1,3600,2,0,3600
2024-08-07 18:00:00,8080.2,8084.7,8075.3,8079.9,3600,2,0,3600
2024-08-07 19:00:00,8080.0,8085.7,8078.1,8084.3,3600,2,0,3600
2024-08-07 20:00:00,8084.2,8085.7,8077.6,8078.9,3600,2,0,3600
2024-08-07 21:00:00,8079.0,8082.1,8076.0,8079.3,3600,2,0,3600
2024-08-07 22:00:00,8079.4,8080.6,8073.1,8075.9,3600,2,0,3600
2024-08-07 23:00:00,8076.0,8082.7,8073.3,8075.5,3600,2,0,3600
2024-08-08 00:00:00,8075.4,8075.8,8061.6,8061.9,3600,2,0,3600
2024-08-08 01:00:00,8062.0,8065.4,8058.1,8061.7,3600,2,0,3600
2024-08-08 02:00:00,8061.8,8073.3,8061.1,8070.3,3600,2,0,3600
2024-08-08 03:00:00,8070.4,8076.0,8070.1,8072.3,3600,2,0,3600
2024-08-08 04:00:00,8072.2,8073.8,8063.0,8063.3,3600,2,0,3600
2024-08-08 05:00:00,8063.4,8064.4,8059.1,8064.3,3600,2,0,3600
2024-08-08 06:00:00,8064.4,8067.3,8062.8,8065.7,3600,2,0,3600
2024-08-08 07:00:00,8065.8,8067.1,8057.2,8058.3,3600,2,0,3600
2024-08-08 08:00:00,8058.4,8059.5,8052.9,8056.9,3600,2,0,3600
2024-08-08 09:00:00,8057.0,8062.0,8055.8,8059.7,3600,2,0,3600
2024-08-08 10:00:00,8059.8,8059.8,8040.3,8041.5,3600,2,0,3600
2024-08-08 11:00:00,8041.6,8042.0,8030.0,8030.9,3600,2,0,3600
2024-08-08 12:00:00,8031.0,8035.2,8024.5,8027.9,3600,2,0,3600
2024-08-08 13:00:00,8027.8,8034.6,8027.7,8031.9,3600,2,0,3600
2024-08-08 14:00:00,8032.0,8034.9,8028.9,8030.1,3600,2,0,3600
2024-08-08 15:00:00,8030.0,8033.8,8026.2,8032.9,3600,2,0,3600
2024-08-08 16:00:00,8033.0,8037.3,8027.9,8029.5,3600,2,0,3600
2024-08-08 17:00:00,8029.4,8030.0,8019.4,8021.7,3600,2,0,3600
2024-08-08 18:00:00,8021.8,8023.0,8011.8,8013.1,3600,2,0,3600
2024-08-08 19:00:00,8013.2,8021.6,8011.4,8018.3,3600,2,0,3600
2024-08-08 20:00:00,8018.4,8019.6,8010.0,8010.7,3600,2,0,3600
2024-08-08 21:00:00,8010.6,8014.1,8005.3,8009.5,3600,2,0,3600
2024-08-08 22:00:00,8009.4,8010.0,7997.8,7999.7,3600,2,0,3600
2024-08-08 23:00:00,7999.8,8005.6,7995.1,8001.9,3600,2,0,3600
2024-08-09 00:00:00,8001.8,8004.2,7997.7,8002.7,3600,2,0,3600
2024-08-09 01:00:00,8002.6,8007.4,8001.3,8004.1,3600,2,0,3600
2024-08-09 02:00:00,8004.0,8005.4,7992.3,7993.3,3600,2,0,3600
2024-08-09 03:00:00,7993.4,7997.1,7990.1,7992.7,3600,2,0,3600
2024-08-09 04:00:00,7992.8,7994.1,7983.9,7984.7,3600,2,0,3600
2024-08-09 05:00:00,7984.6,7995.3,7983.4,7992.1,3600,2,0,3600
2024-08-09 06:00:00,7992.2,8003.7,7991.8,8003.5,3600,2,0,3600
2024-08-09 07:00:00,8003.6,8012.8,8002.0,8011.5,3600,2,0,3600
2024-08-09 08:00:00,8011.6,8013.9,8006.5,8009.5,3600,2,0,3600
2024-08-09 09:00:00,8009.6,8015.0,8007.1,8009.5,3600,2,0,3600
2024-08-09 10:00:00,8009.6,8013.1,8005.3,8006.9,3600,2,0,3600
2024-08-09 11:00:00,8006.8,8013.9,8002.1,8007.5,3600,2,0,3600
2024-08-09 12:00:00,8007.6,8018.6,8007.5,8014.5,3600,2,0,3600
2024-08-09 13:00:00,8014.4,8015.8,8004.8,8007.3,3600,2,0,3600
2024-08-09 14:00:00,8007.2,8011.1,8000.9,8002.1,3600,2,0,3600
2024-08-09 15:00:00,8002.0,8007.2,7999.6,8005.5,3600,2,0,3600
2024-08-09 16:00:00,8005.6,8008.7,8002.1,8005.3,3600,2,0,3600
2024-08-09 17:00:00,8005.4,8018.7,8004.7,8015.5,3600,2,0,3600
2024-08-09 18:00:00,8015.6,8016.4,8008.3,8013.5,3600,2,0,3600
2024-08-09 19:00:00,8013.4,8016.8,8008.4,8008.9,3600,2,0,3600
2024-08-09 20:00:00,8008.8,8009.7,8000.7,8004.5,3600,2,0,3600
2024-08-09 21:00:00,8004.4,8016.6,8002.1,8013.1,3600,2,0,3600
2024-08-09 22:00:00,8013.2,8016.4,8010.9,8013.7,3600,2,0,3600
2024-08-09 23:00:00,8013.6,8030.5,8008.7,8029.7,3600,2,0,3600
2024-08-10 00:00:00,8029.6,8031.1,8025.3,8028.5,3600,2,0,3600
2024-08-10 01:00:00,8028.6,8029.1,8019.0,8019.3,3600,2,0,3600
2024-08-10 02:00:00,8019.4,8021.3,8013.0,8017.3,3600,2,0,3600
2024-08-10 03:00:00,8017.2,8026.3,8016.3,8025.9,3600,2,0,3600
2024-08-10 04:00:00,8026.0,8031.6,8023.9,8028.5,3600,2,0,3600
2024-08-10 05:00:00,8028.4,8031.3,8024.5,8028.1,3600,2,0,3600
2024-08-10 06:00:00,8028.2,8031.5,8026.6,8029.9,3600,2,0,3600
2024-08-10 07:00:00,8030.0,8035.3,8025.0,8034.3,3600,2,0,3600
2024-08-10 08:00:00,8034.2,8036.8,8030.2,8032.7,3600,2,0,3600
2024-08-10 09:00:00,8032.6,8032.8,8023.1,8025.1,3600,2,0,3600
2024-08-10 10:00:00,8025.0,8039.8,8024.5,8034.9,3600,2,0,3600
2024-08-10 11:00:00,8035.0,8043.1,8031.5,8037.7,3600,2,0,3600
2024-08-10 12:00:00,8037.8,8038.2,8021.8,8024.7,3600,2,0,3600
2024-08-10 13:00:00,8024.6,8029.2,8023.1,8023.9,3600,2,0,3600
2024-08-10 14:00:00,8024.0,8024.4,8019.0,8022.5,3600,2,0,3600
2024-08-10 15:00:00,8022.4,8023.9,8016.3,8017.7,3600,2,0,3600
2024-08-10 16:00:00,8017.6,8031.8,8017.6,8025.1,3600,2,0,3600
2024-08-10 17:00:00,8025.2,8029.4,8015.7,8018.3,3600,2,0,3600
2024-08-10 18:00:00,8018.4,8028.3,8017.6,8026.7,3600,2,0,3600
2024-08-10 19:00:00,8026.8,8028.8,8022.0,8028.3,3600,2,0,3600
2024-08-10 20:00:00,8028.2,8031.5,8023.4,8026.1,3600,2,0,3600
2024-08-10 21:00:00,8026.0,8029.5,8018.2,8028.9,3600,2,0,3600
2024-08-10 22:00:00,8028.8,8038.2,8026.6,8036.7,3600,2,0,3600
2024-08-10 23:00:00,8036.8,8052.9,8036.2,8052.3,3600,2,0,3600
2024-08-11 00:00:00,8052.4,8053.8,8045.8,8049.9,3600,2,0,3600
2024-08-11 01:00:00,8049.8,8054.9,8043.2,8044.5,3600,2,0,3600
2024-08-11 02:00:00,8044.4,8045.7,8033.1,8035.9,3600,2,0,3600
2024-08-11 03:00:00,8035.8,8037.3,8024.6,8027.7,3600,2,0,3600
2024-08-11 04:00:00,8027.8,8030.8,8015.9,8018.9,3600,2,0,3600
2024-08-11 05:00:00,8019.0,8020.5,8009.7,8010.5,3600,2,0,3600
2024-08-11 06:00:00,8010.4,8011.9,8004.7,8007.3,3600,2,0,3600
2024-08-11 07:00:00,8007.4,8018.2,8007.0,8017.1,3600,2,0,3600
2024-08-11 08:00:00,8017.2,8030.3,8015.1,8028.9,3600,2,0,3600
2024-08-11 09:00:00,8028.8,8042.3,8028.4,8041.7,3600,2,0,3600
2024-08-11 10:00:00,8041.8,8055.2,8041.5,8049.5,3600,2,0,3600
2024-08-11 11:00:00,8049.6,8058.0,8046.9,8055.5,3600,2,0,3600
2024-08-11 12:00:00,8055.4,8059.9,8053.6,8056.9,3600,2,0,3600
2024-08-11 13:00:00,8056.8,8059.1,8043.3,8044.7,3600,2,0,3600
2024-08-11 14:00:00,8044.6,8051.2,8040.9,8051.1,3600,2,0,3600
2024-08-11 15:00:00,8051.2,8054.9,8043.8,8044.5,3600,2,0,3600
2024-08-11 16:00:00,8044.6,8060.2,8043.2,8060.1,3600,2,0,3600
2024-08-11 17:00:00,8060.0,8061.4,8054.2,8060.3,3600,2,0,3600
2024-08-11 18:00:00,8060.2,8064.4,8048.9,8050.7,3600,2,0,3600
2024-08-11 19:00:00,8050.8,8054.4,8046.5,8047.3,3600,2,0,3600
2024-08-11 20:00:00,8047.2,8050.9,8043.7,8043.7,3600,2,0,3600
2024-08-11 21:00:00,8043.8,8047.5,8036.8,8042.5,3600,2,0,3600
2024-08-11 22:00:00,8042.6,8048.4,8040.8,8043.7,3600,2,0,3600
2024-08-11 23:00:00,8043.6,8044.0,8036.3,8043.9,3600,2,0,3600
2024-08-12 00:00:00,8044.0,8054.5,8043.5,8050.3,3600,2,0,3600
2024-08-12 01:00:00,8050.2,8056.6,8046.4,8053.3,3600,2,0,3600
2024-08-12 02:00:00,8053.4,8063.3,8049.1,8062.3,3600,2,0,3600
2024-08-12 03:00:00,8062.4,8066.6,8057.3,8061.5,3600,2,0,3600
2024-08-12 04:00:00,8061.4,8066.0,8059.1,8060.1,3600,2,0,3600
2024-08-12 05:00:00,8060.2,8064.7,8059.4,8061.3,3600,2,0,3600
2024-08-12 06:00:00,8061.4,8064.1,8051.1,8051.7,3600,2,0,3600
2024-08-12 07:00:00,8051.6,8052.3,8041.2,8050.5,3600,2,0,3600
2024-08-12 08:00:00,8050.4,8051.0,8043.2,8044.5,3600,2,0,3600
2024-08-12 09:00:00,8044.6,8056.7,8044.5,8055.3,3600,2,0,3600
2024-08-12 10:00:00,8055.4,8056.8,8052.5,8054.7,3600,2,0,3600
2024-08-12 11:00:00,8054.6,8059.5,8052.4,8053.9,3600,2,0,3600
2024-08-12 12:00:00,8054.0,8062.5,8050.7,8054.1,3600,2,0,3600
2024-08-12 13:00:00,8054.2,8060.4,8053.0,8055.9,3600,2,0,3600
2024-08-12 14:00:00,8056.0,8066.4,8055.5,8064.5,3600,2,0,3600
2024-08-12 15:00:00,8064.6,8071.4,8063.5,8068.5,3600,2,0,3600
2024-08-12 16:00:00,8068.4,8072.0,8063.0,8068.7,3600,2,0,3600
2024-08-12 17:00:00,8068.8,8070.9,8063.0,8067.1,3600,2,0,3600
2024-08-12 18:00:00,8067.2,8076.0,8067.1,8073.9,3600,2,0,3600
2024-08-12 19:00:00,8074.0,8078.3,8066.8,8068.5,3600,2,0,3600
2024-08-12 20:00:00,8068.4,8074.2,8066.0,8067.7,3600,2,0,3600
2024-08-12 21:00:00,8067.8,8073.2,8066.1,8067.5,3600,2,0,3600
2024-08-12 22:00:00,8067.6,8069.9,8062.9,8064.7,3600,2,0,3600
2024-08-12 23:00:00,8064.8,8069.8,8063.8,8068.9,3600,2,0,3600
2024-08-13 00:00:00,8069.0,8076.9,8068.5,8073.9,3600,2,0,3600
2024-08-13 01:00:00,8074.0,8081.8,8071.9,8080.3,3600,2,0,3600
2024-08-13 02:00:00,8080.2,8084.8,8079.6,8082.1,3600,2,0,3600
2024-08-13 03:00:00,8082.2,8083.4,8074.4,8077.7,3600,2,0,3600
2024-08-13 04:00:00,8077.8,8082.5,8076.6,8081.5,3600,2,0,3600
2024-08-13 05:00:00,8081.6,8089.1,8079.4,8084.7,3600,2,0,3600
2024-08-13 06:00:00,8084.6,8089.2,8082.2,8086.9,3600,2,0,3600
2024-08-13 07:00:00,8086.8,8089.5,8082.6,8088.9,3600,2,0,3600
2024-08-13 08:00:00,8088.8,8089.3,8074.5,8075.3,3600,2,0,3600
2024-08-13 09:00:00,8075.2,8091.4,8074.0,8088.5,3600,2,0,3600
2024-08-13 10:00:00,8088.4,8093.9,8086.7,8090.7,3600,2,0,3600
2024-08-13 11:00:00,8090.8,8091.8,8084.7,8088.3,3600,2,0,3600
2024-08-13 12:00:00,8088.4,8092.1,8082.9,8091.3,3600,2,0,3600
2024-08-13 13:00:00,8091.4,8091.8,8082.4,8087.1,3600,2,0,3600
2024-08-13 14:00:00,8087.0,8096.8,8086.7,8095.7,3600,2,0,3600
2024-08-13 15:00:00,8095.6,8110.6,8095.1,8108.9,3600,2,0,3600
2024-08-13 16:00:00,8109.0,8121.7,8103.8,8121.5,3600,2,0,3600
2024-08-13 17:00:00,8121.6,8124.4,8114.0,8115.5,3600,2,0,3600
2024-08-13 18:00:00,8115.4,8116.2,8100.3,8100.5,3600,2,0,3600
2024-08-13 19:00:00,8100.4,8105.1,8096.0,8103.7,3600,2,0,3600
2024-08-13 20:00:00,8103.8,8103.8,8094.6,8097.7,3600,2,0,3600
2024-08-13 21:00:00,8097.8,8098.9,8086.4,8094.9,3600,2,0,3600
2024-08-13 22:00:00,8095.0,8095.7,8090.1,8092.3,3600,2,0,3600
2024-08-13 23:00:00,8092.4,8112.4,8092.4,8111.7,3600,2,0,3600
2024-08-14 00:00:00,8111.8,8117.8,8109.7,8114.3,3600,2,0,3600
2024-08-14 01:00:00,8114.2,8118.7,8109.6,8110.9,3600,2,0,3600
2024-08-14 02:00:00,8110.8,8118.2,8107.2,8117.7,3600,2,0,3600
2024-08-14 03:00:00,8117.6,8127.7,8113.3,8127.5,3600,2,0,3600
2024-08-14 04:00:00,8127.6,8130.5,8124.8,8129.3,3600,2,0,3600
2024-08-14 05:00:00,8129.2,8133.8,8124.7,8125.9,3600,2,0,3600
2024-08-14 06:00:00,8125.8,8128.2,8121.7,8125.1,3600,2,0,3600
2024-08-14 07:00:00,8125.2,8134.0,8123.5,8130.5,3600,2,0,3600
2024-08-14 08:00:00,8130.6,8131.2,8123.3,8126.5,3600,2,0,3600
2024-08-14 09:00:00,8126.6,8131.9,8123.6,8129.3,3600,2,0,3600
2024-08-14 10:00:00,8129.2,8137.5,8127.5,8137.5,3600,2,0,3600
2024-08-14 11:00:00,8137.6,8144.3,8133.8,8138.5,3600,2,0,3600
2024-08-14 12:00:00,8138.4,8139.0,8128.2,8128.3,3600,2,0,3600
2024-08-14 13:00:00,8128.4,8131.4,8125.0,8125.5,3600,2,0,3600
2024-08-14 14:00:00,8125.6,8138.0,8124.4,8131.1,3600,2,0,3600
2024-08-14 15:00:00,8131.0,8132.5,8121.9,8126.1,3600,2,0,3600
2024-08-14 16:00:00,8126.2,8137.6,8123.9,8135.5,3600,2,0,3600
2024-08-14 17:00:00,8135.6,8140.8,8130.2,8140.5,3600,2,0,3600
2024-08-14 18:00:00,8140.4,8141.7,8136.4,8140.9,3600,2,0,3600
2024-08-14 19:00:00,8140.8,8143.8,8134.9,8138.7,3600,2,0,3600
2024-08-14 20:00:00,8138.8,8147.6,8138.6,8140.7,3600,2,0,3600
2024-08-14 21:00:00,8140.8,8149.2,8138.1,8140.1,3600,2,0,3600
2024-08-14 22:00:00,8140.0,8144.6,8134.7,8135.9,3600,2,0,3600
2024-08-14 23:00:00,8136.0,8144.8,8135.9,8142.3,3600,2,0,3600
2024-08-15 00:00:00,8142.2,8143.2,8135.0,8138.3,3600,2,0,3600
2024-08-15 01:00:00,8138.4,8142.0,8135.8,8139.7,3600,2,0,3600
2024-08-15 02:00:00,8139.8,8149.2,8138.8,8143.3,3600,2,0,3600
2024-08-15 03:00:00,8143.4,8153.3,8142.4,8148.9,3600,2,0,3600
2024-08-15 04:00:00,8148.8,8149.3,8142.0,8144.7,3600,2,0,3600
2024-08-15 05:00:00,8144.8,8160.5,8143.4,8159.3,3600,2,0,3600
2024-08-15 06:00:00,8159.2,8160.0,8153.5,8159.1,3600,2,0,3600
2024-08-15 07:00:00,8159.0,8161.0,8153.8,8155.9,3600,2,0,3600
2024-08-15 08:00:00,8156.0,8159.6,8151.9,8157.7,3595,2,0,3595
2024-08-15 09:00:00,8157.6,8170.0,8154.4,8169.3,3600,2,0,3600
2024-08-15 10:00:00,8169.2,8177.9,8166.5,8177.7,3600,2,0,3600
2024-08-15 11:00:00,8177.6,8179.6,8173.2,8175.3,3600,2,0,3600
2024-08-15 12:00:00,8175.2,8182.5,8173.5,8177.7,3600,2,0,3600
2024-08-15 13:00:00,8177.6,8180.7,8171.7,8179.1,3600,2,0,3600
2024-08-15 14:00:00,8179.2,8186.0,8176.9,8185.7,3600,2,0,3600
2024-08-15 15:00:00,8185.8,8186.6,8178.3,8180.7,3600,2,0,3600
2024-08-15 16:00:00,8180.8,8189.3,8179.9,8188.5,3600,2,0,3600
2024-08-15 17:00:00,8188.6,8193.2,8185.2,8187.7,3600,2,0,3600
2024-08-15 18:00:00,8187.6,8192.5,8182.2,8184.1,3600,2,0,3600
2024-08-15 19:00:00,8184.0,8187.4,8178.8,8178.9,3600,2,0,3600
2024-08-15 20:00:00,8179.0,8183.4,8175.7,8178.1,3600,2,0,3600
2024-08-15 21:00:00,8178.0,8178.3,8161.9,8165.1,3600,2,0,3600
2024-08-15 22:00:00,8165.0,8166.5,8161.6,8162.9,3600,2,0,3600
2024-08-15 23:00:00,8163.0,8164.2,8153.6,8157.5,3600,2,0,3600
2024-08-16 00:00:00,8157.6,8164.6,8156.5,8163.7,3600,2,0,3600
2024-08-16 01:00:00,8163.6,8164.3,8154.5,8155.9,3600,2,0,3600
2024-08-16 02:00:00,8155.8,8168.2,8153.6,8165.9,3600,2,0,3600
2024-08-16 03:00:00,8166.0,8167.5,8155.9,8158.3,3581,2,0,3581
2024-08-16 04:00:00,8158.2,8161.1,8154.7,8156.5,3585,2,0,3585
2024-08-16 05:00:00,8156.6,8160.8,8151.4,8154.5,3600,2,0,3600
2024-08-16 06:00:00,8154.6,8157.5,8146.5,8154.7,3600,2,0,3600
2024-08-16 07:00:00,8154.8,8157.8,8152.0,8153.3,3600,2,0,3600
2024-08-16 08:00:00,8153.4,8159.2,8152.2,8155.1,3600,2,0,3600
2024-08-16 09:00:00,8155.0,8166.0,8154.6,8164.3,3600,2,0,3600
2024-08-16 10:00:00,8164.2,8164.5,8153.5,8157.7,3600,2,0,3600
2024-08-16 11:00:00,8157.8,8161.5,8147.1,8152.5,3600,2,0,3600
2024-08-16 12:00:00,8152.4,8154.8,8144.7,8147.1,3600,2,0,3600
2024-08-16 13:00:00,8147.0,8152.1,8144.2,8144.7,3600,2,0,3600
2024-08-16 14:00:00,8144.6,8149.8,8142.5,8145.9,3600,2,0,3600
2024-08-16 15:00:00,8145.8,8153.8,8145.4,8148.1,3600,2,0,3600
2024-08-16 16:00:00,8148.2,8152.8,8144.8,8148.0,3597,2,0,3597
2024-08-16 17:00:00,8147.9,8148.2,8137.9,8138.4,3600,2,0,3600
2024-08-16 18:00:00,8138.3,8142.8,8137.3,8141.2,3600,2,0,3600
2024-08-16 19:00:00,8141.1,8146.1,8139.3,8143.2,3600,2,0,3600
2024-08-16 20:00:00,8143.1,8143.6,8138.8,8142.0,3600,2,0,3600
2024-08-16 21:00:00,8142.1,8143.7,8133.9,8135.6,3600,2,0,3600
2024-08-16 22:00:00,8135.7,8138.9,8134.2,8138.2,3600,2,0,3600
2024-08-16 23:00:00,8138.1,8138.9,8130.4,8135.2,3600,2,0,3600
2024-08-17 00:00:00,8135.1,8140.7,8134.0,8137.4,3600,2,0,3600
2024-08-17 01:00:00,8137.3,8137.5,8116.5,8117.0,3600,2,0,3600
2024-08-17 02:00:00,8116.9,8130.1,8115.5,8128.8,3600,2,0,3600
2024-08-17 03:00:00,8128.9,8134.7,8124.3,8134.6,3600,2,0,3600
2024-08-17 04:00:00,8134.7,8136.8,8129.7,8130.8,3600,2,0,3600
2024-08-17 05:00:00,8130.9,8139.1,8129.5,8133.2,3600,2,0,3600
2024-08-17 06:00:00,8133.1,8135.5,8128.6,8131.8,3600,2,0,3600
2024-08-17 07:00:00,8131.9,8132.9,8123.4,8124.0,3600,2,0,3600
2024-08-17 08:00:00,8123.9,8126.1,8120.3,8122.8,3600,2,0,3600
2024-08-17 09:00:00,8122.9,8130.2,8120.2,8129.6,3600,2,0,3600
2024-08-17 10:00:00,8129.5,8134.7,8125.7,8130.2,3600,2,0,3600
2024-08-17 11:00:00,8130.3,8143.1,8129.4,8137.0,3600,2,0,3600
2024-08-17 12:00:00,8137.1,8139.7,8129.3,8130.0,3600,2,0,3600
2024-08-17 13:00:00,8130.1,8134.7,8127.4,8132.8,3600,2,0,3600
2024-08-17 14:00:00,8132.7,8132.7,8112.3,8113.6,3600,2,0,3600
2024-08-17 15:00:00,8113.7,8121.4,8112.7,8113.6,3600,2,0,3600
2024-08-17 16:00:00,8113.7,8123.1,8109.7,8122.4,3600,2,0,3600
2024-08-17 17:00:00,8122.5,8127.4,8117.1,8117.6,3600,2,0,3600
2024-08-17 18:00:00,8117.7,8127.0,8117.4,8120.4,3600,2,0,3600
2024-08-17 19:00:00,8120.3,8121.1,8115.8,8118.8,3600,2,0,3600
2024-08-17 20:00:00,8118.9,8119.1,8111.5,8113.4,3600,2,0,3600
2024-08-17 21:00:00,8113.5,8115.1,8108.4,8109.4,3600,2,0,3600
2024-08-17 22:00:00,8109.3,8111.2,8105.2,8109.8,3600,2,0,3600
2024-08-17 23:00:00,8109.9,8117.8,8106.6,8115.8,3600,2,0,3600
2024-08-18 00:00:00,8115.9,8119.6,8109.4,8110.6,3600,2,0,3600
2024-08-18 01:00:00,8110.7,8116.0,8110.0,8111.8,3388,2,0,3388
2024-08-18 02:00:00,8111.7,8117.9,8108.5,8115.6,3600,2,0,3600
2024-08-18 03:00:00,8115.7,8132.4,8114.9,8125.2,3600,2,0,3600
2024-08-18 04:00:00,8125.3,8130.4,8123.2,8124.6,3600,2,0,3600
2024-08-18 05:00:00,8124.5,8125.7,8117.4,8117.4,3600,2,0,3600
2024-08-18 06:00:00,8117.5,8120.1,8104.2,8108.2,3600,2,0,3600
2024-08-18 07:00:00,8108.1,8110.5,8096.4,8097.4,3600,2,0,3600
2024-08-18 08:00:00,8097.3,8104.9,8095.6,8102.6,3600,2,0,3600
2024-08-18 09:00:00,8102.5,8107.6,8101.3,8107.0,3600,2,0,3600
2024-08-18 10:00:00,8106.9,8121.0,8106.9,8115.0,3600,2,0,3600
2024-08-18 11:00:00,8115.1,8116.8,8107.7,8109.0,3600,2,0,3600
2024-08-18 12:00:00,8109.1,8114.1,8106.6,8108.6,3600,2,0,3600
2024-08-18 13:00:00,8108.7,8110.9,8103.7,8105.8,3600,2,0,3600
2024-08-18 14:00:00,8105.7,8107.9,8102.8,8106.0,3600,2,0,3600
2024-08-18 15:00:00,8106.1,8107.9,8102.2,8106.0,3600,2,0,3600
2024-08-18 16:00:00,8106.1,8108.9,8102.1,8105.0,3600,2,0,3600
2024-08-18 17:00:00,8104.9,8114.2,8104.4,8113.4,3600,2,0,3600
2024-08-18 18:00:00,8113.3,8121.4,8112.3,8113.6,3600,2,0,3600
2024-08-18 19:00:00,8113.5,8118.1,8110.6,8114.4,3600,2,0,3600
2024-08-18 20:00:00,8114.5,8121.9,8112.3,8120.8,3600,2,0,3600
2024-08-18 21:00:00,8120.7,8130.2,8119.8,8127.4,3600,2,0,3600
2024-08-18 22:00:00,8127.5,8129.8,8110.6,8111.0,3600,2,0,3600
2024-08-18 23:00:00,8111.1,8115.8,8109.9,8112.2,3600,2,0,3600
2024-08-19 00:00:00,8112.3,8120.4,8111.7,8112.0,3600,2,0,3600
2024-08-19 01:00:00,8112.1,8115.0,8102.9,8115.0,3600,2,0,3600
2024-08-19 02:00:00,8115.1,8116.7,8106.7,8111.0,3600,2,0,3600
2024-08-19 03:00:00,8110.9,8111.1,8102.2,8103.8,3600,2,0,3600
2024-08-19 04:00:00,8103.9,8109.8,8099.0,8108.8,3600,2,0,3600
2024-08-19 05:00:00,8108.9,8114.4,8105.1,8107.2,3600,2,0,3600
2024-08-19 06:00:00,8107.1,8116.8,8106.8,8110.4,3600,2,0,3600
2024-08-19 07:00:00,8110.5,8112.4,8107.1,8109.8,3600,2,0,3600
2024-08-19 08:00:00,8109.7,8111.4,8102.9,8107.2,3600,2,0,3600
2024-08-19 09:00:00,8107.3,8113.8,8103.3,8104.6,3600,2,0,3600
2024-08-19 10:00:00,8104.7,8114.2,8104.4,8114.2,3600,2,0,3600
2024-08-19 11:00:00,8114.3,8120.1,8111.7,8119.2,3600,2,0,3600
2024-08-19 12:00:00,8119.3,8120.3,8114.6,8119.6,3600,2,0,3600
2024-08-19 13:00:00,8119.7,8123.2,8114.6,8118.0,3600,2,0,3600
2024-08-19 14:00:00,8118.1,8121.0,8114.6,8117.2,3600,2,0,3600
2024-08-19 15:00:00,8117.3,8130.7,8113.3,8129.8,3600,2,0,3600
2024-08-19 16:00:00,8129.9,8135.4,8127.3,8133.4,3600,2,0,3600
2024-08-19 17:00:00,8133.3,8140.9,8132.8,8136.2,3600,2,0,3600
2024-08-19 18:00:00,8136.3,8143.4,8133.1,8142.6,3600,2,0,3600
2024-08-19 19:00:00,8142.7,8150.1,8142.1,8145.2,3600,2,0,3600
2024-08-19 20:00:00,8145.1,8145.1,8130.5,8132.6,3600,2,0,3600
2024-08-19 21:00:00,8132.7,8134.9,8123.3,8126.8,3600,2,0,3600
2024-08-19 22:00:00,8126.9,8137.7,8126.2,8136.4,3600,2,0,3600
2024-08-19 23:00:00,8136.3,8144.5,8131.8,8143.8,3600,2,0,3600
2024-08-20 00:00:00,8143.9,8151.0,8142.9,8149.0,3600,2,0,3600
2024-08-20 01:00:00,8149.1,8152.9,8147.8,8150.6,3600,2,0,3600
2024-08-20 02:00:00,8150.7,8157.0,8148.0,8157.0,3590,2,0,3590
2024-08-20 03:00:00,8157.1,8161.1,8149.4,8158.2,3590,2,0,3590
2024-08-20 04:00:00,8158.1,8164.4,8156.6,8161.6,3600,2,0,3600
2024-08-20 05:00:00,8161.7,8171.1,8160.3,8168.8,3600,2,0,3600
2024-08-20 06:00:00,8168.9,8172.5,8157.8,8161.0,3600,2,0,3600
2024-08-20 07:00:00,8160.9,8168.2,8157.7,8167.4,3600,2,0,3600
2024-08-20 08:00:00,8167.3,8174.4,8165.3,8165.6,3600,2,0,3600
2024-08-20 09:00:00,8165.5,8171.5,8163.2,8169.2,3600,2,0,3600
2024-08-20 10:00:00,8169.3,8175.5,8165.5,8167.0,3600,2,0,3600
2024-08-20 11:00:00,8166.9,8167.0,8160.2,8164.8,3600,2,0,3600
2024-08-20 12:00:00,8164.9,8165.4,8156.3,8157.8,3600,2,0,3600
2024-08-20 13:00:00,8157.9,8162.9,8156.8,8159.0,3600,2,0,3600
2024-08-20 14:00:00,8159.1,8165.1,8153.8,8155.0,3600,2,0,3600
2024-08-20 15:00:00,8154.9,8157.3,8143.5,8144.4,3600,2,0,3600
2024-08-20 16:00:00,8144.5,8152.5,8141.4,8141.4,3600,2,0,3600
2024-08-20 17:00:00,8141.5,8142.8,8138.1,8140.2,3600,2,0,3600
2024-08-20 18:00:00,8140.3,8158.4,8139.4,8155.2,3590,2,0,3590
2024-08-20 19:00:00,8155.3,8162.7,8152.0,8161.2,3600,2,0,3600
2024-08-20 20:00:00,8161.3,8171.1,8160.3,8170.8,3600,2,0,3600
2024-08-20 21:00:00,8170.7,8172.1,8163.0,8165.2,3600,2,0,3600
2024-08-20 22:00:00,8165.1,8169.8,8161.6,8163.4,3600,2,0,3600
2024-08-20 23:00:00,8163.3,8172.5,8161.8,8170.0,3600,2,0,3600
2024-08-21 00:00:00,8169.9,8170.1,8160.1,8161.0,3600,2,0,3600
2024-08-21 01:00:00,8160.9,8168.5,8158.6,8165.0,3600,2,0,3600
2024-08-21 02:00:00,8165.1,8165.5,8158.3,8161.4,3600,2,0,3600
2024-08-21 03:00:00,8161.5,8164.3,8155.6,8157.2,3600,2,0,3600
2024-08-21 04:00:00,8157.1,8160.3,8154.5,8155.4,3600,2,0,3600
2024-08-21 05:00:00,8155.5,8164.6,8155.2,8158.8,3600,2,0,3600
2024-08-21 06:00:00,8158.7,8160.0,8154.7,8158.2,3600,2,0,3600
2024-08-21 07:00:00,8158.1,8166.7,8156.2,8164.8,3600,2,0,3600
2024-08-21 08:00:00,8164.9,8172.1,8162.3,8165.0,3600,2,0,3600
2024-08-21 09:00:00,8165.1,8169.5,8156.9,8157.8,3600,2,0,3600
2024-08-21 10:00:00,8157.9,8164.9,8155.5,8156.6,3600,2,0,3600
2024-08-21 11:00:00,8156.7,8161.1,8153.7,8159.2,3600,2,0,3600
2024-08-21 12:00:00,8159.3,8166.0,8156.1,8164.8,3600,2,0,3600
2024-08-21 13:00:00,8164.7,8165.1,8154.6,8156.4,3600,2,0,3600
2024-08-21 14:00:00,8156.3,8156.5,8148.6,8156.0,3600,2,0,3600
2024-08-21 15:00:00,8155.9,8157.1,8149.9,8154.6,3600,2,0,3600
2024-08-21 16:00:00,8154.7,8162.4,8151.9,8159.8,3600,2,0,3600
2024-08-21 17:00:00,8159.9,8165.3,8159.4,8165.0,3600,2,0,3600
2024-08-21 18:00:00,8165.1,8173.1,8164.3,8169.6,3600,2,0,3600
2024-08-21 19:00:00,8169.7,8175.5,8167.8,8170.4,3600,2,0,3600
2024-08-21 20:00:00,8170.5,8175.7,8169.9,8170.2,3600,2,0,3600
2024-08-21 21:00:00,8170.3,8174.7,8167.2,8170.8,3600,2,0,3600
2024-08-21 22:00:00,8170.7,8176.3,8169.7,8172.0,3600,2,0,3600
2024-08-21 23:00:00,8171.9,8178.7,8170.0,8177.8,3600,2,0,3600
2024-08-22 00:00:00,8177.9,8189.4,8177.0,8186.2,3600,2,0,3600
2024-08-22 01:00:00,8186.3,8196.3,8184.3,8193.2,3600,2,0,3600
2024-08-22 02:00:00,8193.3,8193.3,8183.1,8188.3,3589,2,0,3589
2024-08-22 03:00:00,8188.4,8195.4,8185.4,8194.7,3600,2,0,3600
2024-08-22 04:00:00,8194.8,8203.2,8194.7,8202.9,3600,2,0,3600
2024-08-22 05:00:00,8202.8,8203.4,8192.4,8194.7,3600,2,0,3600
2024-08-22 06:00:00,8194.6,8198.2,8187.7,8194.5,3600,2,0,3600
2024-08-22 07:00:00,8194.6,8195.9,8190.2,8194.3,3600,2,0,3600
2024-08-22 08:00:00,8194.4,8199.6,8190.5,8198.7,3600,2,0,3600
2024-08-22 09:00:00,8198.8,8206.2,8196.4,8203.1,3600,2,0,3600
2024-08-22 10:00:00,8203.0,8209.1,8201.9,8207.9,3600,2,0,3600
2024-08-22 11:00:00,8208.0,8209.7,8199.5,8203.9,3600,2,0,3600
2024-08-22 12:00:00,8204.0,8207.5,8201.0,8204.9,3600,2,0,3600
2024-08-22 13:00:00,8204.8,8213.9,8204.6,8209.1,3596,2,0,3596
2024-08-22 14:00:00,8209.0,8213.2,8203.4,8206.1,3600,2,0,3600
2024-08-22 15:00:00,8206.2,8208.1,8200.0,8200.5,3600,2,0,3600
2024-08-22 16:00:00,8200.6,8202.1,8192.8,8192.9,3600,2,0,3600
2024-08-22 17:00:00,8193.0,8200.2,8192.5,8197.1,3600,2,0,3600
2024-08-22 18:00:00,8197.0,8200.0,8185.2,8186.3,3600,2,0,3600
2024-08-22 19:00:00,8186.2,8186.8,8173.5,8174.1,3600,2,0,3600
2024-08-22 20:00:00,8174.0,8175.9,8167.0,8167.9,3600,2,0,3600
2024-08-22 21:00:00,8168.0,8169.6,8162.6,8164.1,3600,2,0,3600
2024-08-22 22:00:00,8164.0,8164.7,8153.1,8153.5,3557,2,0,3557
2024-08-22 23:00:00,8153.4,8164.3,8153.0,8159.9,3600,2,0,3600
2024-08-23 00:00:00,8160.0,8166.6,8158.0,8163.9,3600,2,0,3600
2024-08-23 01:00:00,8164.0,8172.8,8163.0,8167.1,3600,2,0,3600
2024-08-23 02:00:00,8167.2,8170.5,8164.3,8167.1,3581,2,0,3581
2024-08-23 03:00:00,8167.0,8167.7,8160.5,8167.3,3600,2,0,3600
2024-08-23 04:00:00,8167.2,8170.8,8163.8,8166.5,3600,2,0,3600
2024-08-23 05:00:00,8166.6,8173.9,8163.3,8170.9,3600,2,0,3600
2024-08-23 06:00:00,8170.8,8175.8,8165.5,8168.3,3600,2,0,3600
2024-08-23 07:00:00,8168.2,8173.8,8165.0,8165.1,3600,2,0,3600
2024-08-23 08:00:00,8165.2,8169.4,8162.9,8165.1,3600,2,0,3600
2024-08-23 09:00:00,8165.2,8169.1,8162.5,8167.7,3600,2,0,3600
2024-08-23 10:00:00,8167.6,8173.8,8165.3,8166.3,3600,2,0,3600
2024-08-23 11:00:00,8166.2,8167.7,8155.7,8157.1,3600,2,0,3600
2024-08-23 12:00:00,8157.0,8162.7,8154.7,8157.1,3600,2,0,3600
2024-08-23 13:00:00,8157.2,8159.6,8153.5,8159.3,3600,2,0,3600
2024-08-23 14:00:00,8159.2,8162.2,8153.7,8154.5,3600,2,0,3600
2024-08-23 15:00:00,8154.4,8156.0,8147.6,8153.9,3570,2,0,3570
2024-08-23 16:00:00,8153.8,8156.2,8144.2,8146.9,3600,2,0,3600
2024-08-23 17:00:00,8146.8,8151.8,8143.8,8151.5,3600,2,0,3600
2024-08-23 18:00:00,8151.4,8157.0,8150.8,8155.7,3600,2,0,3600
2024-08-23 19:00:00,8155.8,8155.8,8144.5,8153.9,3600,2,0,3600
2024-08-23 20:00:00,8153.8,8155.3,8141.4,8141.7,3600,2,0,3600
2024-08-23 21:00:00,8141.6,8146.5,8138.5,8143.9,3600,2,0,3600
2024-08-23 22:00:00,8143.8,8152.1,8143.2,8148.3,3600,2,0,3600
2024-08-23 23:00:00,8148.2,8148.8,8141.1,8142.3,3600,2,0,3600
2024-08-24 00:00:00,8142.2,8143.7,8136.8,8138.3,3600,2,0,3600
2024-08-24 01:00:00,8138.4,8140.9,8135.3,8139.5,3600,2,0,3600
2024-08-24 02:00:00,8139.4,8147.9,8138.6,8143.1,3600,2,0,3600
2024-08-24 03:00:00,8143.0,8147.9,8138.5,8140.7,3600,2,0,3600
2024-08-24 04:00:00,8140.6,8140.7,8128.5,8128.9,3600,2,0,3600
2024-08-24 05:00:00,8128.8,8137.3,8127.8,8130.1,3600,2,0,3600
2024-08-24 06:00:00,8130.0,8130.6,8122.2,8123.3,3600,2,0,3600
2024-08-24 07:00:00,8123.2,8136.0,8121.2,8131.1,3600,2,0,3600
2024-08-24 08:00:00,8131.0,8138.7,8129.4,8130.3,3600,2,0,3600
2024-08-24 09:00:00,8130.2,8134.7,8119.1,8122.1,3600,2,0,3600
2024-08-24 10:00:00,8122.0,8126.7,8116.0,8116.5,3600,2,0,3600
2024-08-24 11:00:00,8116.4,8122.5,8113.7,8119.7,3600,2,0,3600
2024-08-24 12:00:00,8119.8,8122.7,8114.6,8118.9,3600,2,0,3600
2024-08-24 13:00:00,8118.8,8122.7,8113.9,8121.3,3600,2,0,3600
2024-08-24 14:00:00,8121.2,8123.2,8118.1,8121.3,3600,2,0,3600
2024-08-24 15:00:00,8121.4,8128.0,8120.7,8121.5,3600,2,0,3600
2024-08-24 16:00:00,8121.4,8125.2,8116.8,8124.5,3600,2,0,3600
2024-08-24 17:00:00,8124.6,8135.5,8121.7,8134.5,3600,2,0,3600
2024-08-24 18:00:00,8134.6,8144.7,8132.5,8144.1,3600,2,0,3600
2024-08-24 19:00:00,8144.2,8152.3,8141.6,8145.5,3600,2,0,3600
2024-08-24 20:00:00,8145.4,8153.0,8142.8,8152.5,3600,2,0,3600
2024-08-24 21:00:00,8152.6,8156.8,8147.7,8150.3,3600,2,0,3600
2024-08-24 22:00:00,8150.4,8150.8,8137.4,8140.5,3600,2,0,3600
2024-08-24 23:00:00,8140.6,8150.8,8139.2,8143.5,3600,2,0,3600
2024-08-25 00:00:00,8143.6,8143.7,8130.9,8137.5,3600,2,0,3600
2024-08-25 01:00:00,8137.4,8139.2,8132.0,8136.1,3600,2,0,3600
2024-08-25 02:00:00,8136.2,8137.2,8122.0,8122.1,3600,2,0,3600
2024-08-25 03:00:00,8122.2,8125.5,8117.3,8123.1,3600,2,0,3600
2024-08-25 04:00:00,8123.0,8129.4,8122.8,8126.7,3600,2,0,3600
2024-08-25 05:00:00,8126.8,8128.7,8123.4,8126.1,3600,2,0,3600
2024-08-25 06:00:00,8126.2,8132.3,8125.0,8128.7,3600,2,0,3600
2024-08-25 07:00:00,8128.8,8130.4,8124.3,8127.7,3600,2,0,3600
2024-08-25 08:00:00,8127.8,8130.6,8119.1,8122.9,3600,2,0,3600
2024-08-25 09:00:00,8123.0,8130.4,8122.9,8128.5,3600,2,0,3600
2024-08-25 10:00:00,8128.6,8130.2,8123.0,8123.9,3600,2,0,3600
2024-08-25 11:00:00,8124.0,8131.2,8122.8,8126.1,3600,2,0,3600
2024-08-25 12:00:00,8126.0,8126.5,8115.8,8120.9,3600,2,0,3600
2024-08-25 13:00:00,8121.0,8129.3,8121.0,8127.3,3600,2,0,3600
2024-08-25 14:00:00,8127.4,8127.9,8116.0,8119.7,3600,2,0,3600
2024-08-25 15:00:00,8119.6,8119.7,8112.9,8113.7,3600,2,0,3600
2024-08-25 16:00:00,8113.8,8117.9,8113.3,8116.1,3600,2,0,3600
2024-08-25 17:00:00,8116.2,8123.9,8109.4,8109.5,3600,2,0,3600
2024-08-25 18:00:00,8109.4,8116.5,8100.5,8101.7,3600,2,0,3600
2024-08-25 19:00:00,8101.6,8103.3,8097.1,8098.9,3600,2,0,3600
2024-08-25 20:00:00,8098.8,8104.2,8097.3,8103.5,3600,2,0,3600
2024-08-25 21:00:00,8103.4,8106.3,8100.7,8103.9,3600,2,0,3600
2024-08-25 22:00:00,8104.0,8108.5,8098.7,8107.9,3600,2,0,3600
2024-08-25 23:00:00,8108.0,8118.5,8107.7,8112.9,3600,2,0,3600
2024-08-26 00:00:00,8113.0,8119.7,8110.7,8118.7,3600,2,0,3600
2024-08-26 01:00:00,8118.6,8123.2,8116.2,8122.3,3600,2,0,3600
2024-08-26 02:00:00,8122.2,8123.1,8115.2,8116.8,3597,2,0,3597
2024-08-26 03:00:00,8116.9,8123.1,8114.1,8121.6,3600,2,0,3600
2024-08-26 04:00:00,8121.5,8124.3,8115.7,8122.0,3600,2,0,3600
2024-08-26 05:00:00,8121.9,8135.8,8121.5,8132.4,3600,2,0,3600
2024-08-26 06:00:00,8132.3,8134.7,8127.2,8131.2,3600,2,0,3600
2024-08-26 07:00:00,8131.1,8140.0,8129.1,8133.8,3600,2,0,3600
2024-08-26 08:00:00,8133.7,8143.0,8132.4,8142.6,3600,2,0,3600
2024-08-26 09:00:00,8142.7,8147.0,8138.1,8144.4,3600,2,0,3600
2024-08-26 10:00:00,8144.3,8149.2,8143.3,8146.0,3600,2,0,3600
2024-08-26 11:00:00,8145.9,8148.2,8139.6,8142.8,3600,2,0,3600
2024-08-26 12:00:00,8142.9,8145.9,8139.6,8140.2,3600,2,0,3600
2024-08-26 13:00:00,8140.3,8140.8,8135.0,8135.0,3600,2,0,3600
2024-08-26 14:00:00,8134.9,8137.1,8128.9,8132.8,3600,2,0,3600
2024-08-26 15:00:00,8132.7,8132.8,8120.0,8122.2,3600,2,0,3600
2024-08-26 16:00:00,8122.3,8122.7,8117.2,8121.6,3600,2,0,3600
2024-08-26 17:00:00,8121.7,8124.7,8115.6,8116.8,3600,2,0,3600
2024-08-26 18:00:00,8116.9,8122.1,8113.6,8114.0,3600,2,0,3600
2024-08-26 19:00:00,8113.9,8122.3,8113.7,8115.8,3600,2,0,3600
2024-08-26 20:00:00,8115.7,8115.7,8107.1,8108.0,3600,2,0,3600
2024-08-26 21:00:00,8107.9,8117.4,8103.9,8117.4,3600,2,0,3600
2024-08-26 22:00:00,8117.5,8118.7,8109.9,8110.0,3600,2,0,3600
2024-08-26 23:00:00,8109.9,8114.3,8104.6,8106.0,3600,2,0,3600
2024-08-27 00:00:00,8105.9,8111.7,8102.1,8103.2,3600,2,0,3600
2024-08-27 01:00:00,8103.3,8104.6,8091.4,8091.6,3600,2,0,3600
2024-08-27 02:00:00,8091.5,8098.3,8090.5,8098.2,3600,2,0,3600
2024-08-27 03:00:00,8098.3,8103.9,8096.9,8102.4,3600,2,0,3600
2024-08-27 04:00:00,8102.3,8114.0,8101.7,8112.8,3600,2,0,3600
2024-08-27 05:00:00,8112.7,8120.9,8109.8,8119.8,3600,2,0,3600
2024-08-27 06:00:00,8119.9,8127.2,8116.9,8119.0,3600,2,0,3600
2024-08-27 07:00:00,8119.1,8124.1,8116.6,8119.0,3600,2,0,3600
2024-08-27 08:00:00,8119.1,8130.7,8115.9,8128.0,3600,2,0,3600
2024-08-27 09:00:00,8127.9,8129.7,8122.7,8125.6,3600,2,0,3600
2024-08-27 10:00:00,8125.5,8128.8,8119.1,8125.2,3600,2,0,3600
2024-08-27 11:00:00,8125.1,8125.4,8114.2,8114.8,3600,2,0,3600
2024-08-27 12:00:00,8114.9,8115.4,8105.2,8105.2,3600,2,0,3600
2024-08-27 13:00:00,8105.1,8110.8,8103.6,8109.4,3600,2,0,3600
2024-08-27 14:00:00,8109.5,8113.7,8105.4,8111.0,3600,2,0,3600
2024-08-27 15:00:00,8111.1,8117.4,8110.2,8112.8,3600,2,0,3600
2024-08-27 16:00:00,8112.9,8113.5,8101.1,8105.0,3600,2,0,3600
2024-08-27 17:00:00,8105.1,8107.1,8099.4,8101.2,3600,2,0,3600
2024-08-27 18:00:00,8101.3,8109.8,8097.8,8109.4,3600,2,0,3600
2024-08-27 19:00:00,8109.5,8114.3,8103.9,8105.6,3600,2,0,3600
2024-08-27 20:00:00,8105.5,8117.3,8099.4,8116.6,3600,2,0,3600
2024-08-27 21:00:00,8116.7,8117.7,8107.9,8113.2,3600,2,0,3600
2024-08-27 22:00:00,8113.1,8118.8,8112.4,8115.2,3600,2,0,3600
2024-08-27 23:00:00,8115.3,8121.6,8112.1,8112.8,3600,2,0,3600
2024-08-28 00:00:00,8112.9,8122.3,8109.5,8116.4,3600,2,0,3600
2024-08-28 01:00:00,8116.3,8121.3,8114.5,8119.6,3600,2,0,3600
2024-08-28 02:00:00,8119.7,8123.4,8112.8,8116.2,3600,2,0,3600
2024-08-28 03:00:00,8116.1,8117.6,8111.7,8116.6,3600,2,0,3600
2024-08-28 04:00:00,8116.5,8120.0,8111.4,8113.8,3600,2,0,3600
2024-08-28 05:00:00,8113.7,8113.7,8107.1,8111.0,3600,2,0,3600
2024-08-28 06:00:00,8111.1,8111.7,8101.7,8101.8,3600,2,0,3600
2024-08-28 07:00:00,8101.7,8104.0,8090.9,8091.0,3600,2,0,3600
2024-08-28 08:00:00,8090.9,8095.4,8089.5,8092.4,3600,2,0,3600
2024-08-28 09:00:00,8092.5,8094.5,8080.7,8081.0,3600,2,0,3600
2024-08-28 10:00:00,8081.1,8090.8,8081.0,8087.4,3600,2,0,3600
2024-08-28 11:00:00,8087.5,8092.8,8085.9,8089.8,3600,2,0,3600
2024-08-28 12:00:00,8089.9,8096.1,8089.7,8094.2,3600,2,0,3600
2024-08-28 13:00:00,8094.3,8103.5,8094.2,8103.4,3600,2,0,3600
2024-08-28 14:00:00,8103.5,8111.0,8101.8,8110.6,3600,2,0,3600
2024-08-28 15:00:00,8110.5,8111.8,8107.3,8111.4,3600,2,0,3600
2024-08-28 16:00:00,8111.3,8122.9,8110.4,8121.6,3600,2,0,3600
2024-08-28 17:00:00,8121.5,8128.3,8120.7,8126.6,3600,2,0,3600
2024-08-28 18:00:00,8126.5,8136.8,8124.6,8136.4,3600,2,0,3600
2024-08-28 19:00:00,8136.3,8143.2,8134.4,8142.8,3600,2,0,3600
2024-08-28 20:00:00,8142.7,8146.0,8139.2,8144.0,3600,2,0,3600
2024-08-28 21:00:00,8144.1,8152.8,8140.9,8151.0,3600,2,0,3600
2024-08-28 22:00:00,8150.9,8156.7,8143.8,8156.6,3600,2,0,3600
2024-08-28 23:00:00,8156.5,8158.2,8149.6,8151.4,3600,2,0,3600
2024-08-29 00:00:00,8151.3,8160.9,8150.0,8151.4,3600,2,0,3600
2024-08-29 01:00:00,8151.5,8154.8,8147.2,8151.2,3600,2,0,3600
2024-08-29 02:00:00,8151.3,8159.0,8150.9,8152.8,3600,2,0,3600
2024-08-29 03:00:00,8152.9,8155.4,8148.2,8148.8,3600,2,0,3600
2024-08-29 04:00:00,8148.9,8156.5,8148.2,8150.4,3600,2,0,3600
2024-08-29 05:00:00,8150.3,8151.2,8145.2,8147.0,3600,2,0,3600
2024-08-29 06:00:00,8147.1,8150.3,8143.8,8146.0,3600,2,0,3600
2024-08-29 07:00:00,8146.1,8150.7,8143.3,8147.2,3600,2,0,3600
2024-08-29 08:00:00,8147.3,8149.1,8138.8,8139.4,3600,2,0,3600
2024-08-29 09:00:00,8139.3,8142.7,8131.4,8134.6,3600,2,0,3600
2024-08-29 10:00:00,8134.5,8138.4,8131.1,8135.2,3600,2,0,3600
2024-08-29 11:00:00,8135.3,8143.3,8129.6,8141.6,3600,2,0,3600
2024-08-29 12:00:00,8141.5,8144.7,8137.5,8140.6,3600,2,0,3600
2024-08-29 13:00:00,8140.7,8147.1,8138.6,8142.0,3600,2,0,3600
2024-08-29 14:00:00,8142.1,8147.5,8137.5,8143.2,3600,2,0,3600
2024-08-29 15:00:00,8143.3,8146.6,8139.3,8142.8,3600,2,0,3600
2024-08-29 16:00:00,8142.9,8146.4,8137.9,8144.8,3600,2,0,3600
2024-08-29 17:00:00,8144.7,8155.5,8141.9,8155.0,3600,2,0,3600
2024-08-29 18:00:00,8154.9,8158.4,8151.3,8154.4,3600,2,0,3600
2024-08-29 19:00:00,8154.5,8167.4,8154.4,8164.0,3600,2,0,3600
2024-08-29 20:00:00,8164.1,8164.6,8155.7,8158.8,3600,2,0,3600
2024-08-29 21:00:00,8158.7,8161.3,8154.4,8160.6,3600,2,0,3600
2024-08-29 22:00:00,8160.5,8162.0,8153.3,8158.2,3600,2,0,3600
2024-08-29 23:00:00,8158.3,8161.3,8154.2,8157.2,3600,2,0,3600
2024-08-30 00:00:00,8157.1,8164.4,8156.2,8162.4,3600,2,0,3600
2024-08-30 01:00:00,8162.5,8163.2,8151.5,8153.8,3600,2,0,3600
2024-08-30 02:00:00,8153.9,8154.3,8136.9,8138.0,3600,2,0,3600
2024-08-30 03:00:00,8138.1,8145.3,8137.4,8139.0,3600,2,0,3600
2024-08-30 04:00:00,8138.9,8140.0,8134.1,8134.8,3600,2,0,3600
2024-08-30 05:00:00,8134.7,8143.0,8133.9,8135.2,3600,2,0,3600
2024-08-30 06:00:00,8135.3,8142.4,8133.7,8138.4,3600,2,0,3600
2024-08-30 07:00:00,8138.3,8146.5,8135.8,8141.8,3600,2,0,3600
2024-08-30 08:00:00,8141.9,8142.5,8135.3,8140.6,3600,2,0,3600
2024-08-30 09:00:00,8140.7,8145.1,8139.6,8140.0,3600,2,0,3600
2024-08-30 10:00:00,8140.1,8143.2,8134.1,8135.4,3600,2,0,3600
2024-08-30 11:00:00,8135.5,8142.4,8134.1,8137.8,3582,2,0,3582
2024-08-30 12:00:00,8137.7,8144.5,8136.8,8144.0,3600,2,0,3600
2024-08-30 13:00:00,8144.1,8149.6,8140.6,8140.6,3590,2,0,3590
2024-08-30 14:00:00,8140.5,8147.9,8139.3,8146.6,3600,2,0,3600
2024-08-30 15:00:00,8146.5,8151.0,8141.5,8143.6,3600,2,0,3600
2024-08-30 16:00:00,8143.5,8163.6,8143.4,8163.4,3600,2,0,3600
2024-08-30 17:00:00,8163.5,8168.2,8162.1,8165.4,3600,2,0,3600
2024-08-30 18:00:00,8165.5,8172.4,8164.9,8170.8,3600,2,0,3600
2024-08-30 19:00:00,8170.7,8180.2,8170.7,8177.6,3600,2,0,3600
2024-08-30 20:00:00,8177.7,8178.9,8172.9,8176.8,3600,2,0,3600
2024-08-30 21:00:00,8176.7,8178.6,8172.7,8174.2,3600,2,0,3600
2024-08-30 22:00:00,8174.1,8178.8,8170.3,8175.4,3600,2,0,3600
2024-08-30 23:00:00,8175.3,8183.2,8175.3,8176.6,3600,2,0,3600
2024-08-31 00:00:00,8176.7,8178.1,8169.3,8169.4,3600,2,0,3600
2024-08-31 01:00:00,8169.3,8171.4,8163.9,8169.6,3600,2,0,3600
2024-08-31 02:00:00,8169.5,8178.6,8167.8,8177.8,3600,2,0,3600
2024-08-31 03:00:00,8177.7,8199.4,8176.7,8192.4,3600,2,0,3600
2024-08-31 04:00:00,8192.3,8208.1,8192.2,8205.8,3600,2,0,3600
2024-08-31 05:00:00,8205.9,8209.5,8201.3,8202.2,3600,2,0,3600
2024-08-31 06:00:00,8202.3,8212.2,8200.4,8206.2,3600,2,0,3600
2024-08-31 07:00:00,8206.1,8211.5,8201.5,8202.4,3600,2,0,3600
2024-08-31 08:00:00,8202.5,8206.8,8199.6,8203.2,3600,2,0,3600
2024-08-31 09:00:00,8203.3,8206.8,8198.4,8198.6,3600,2,0,3600
2024-08-31 10:00:00,8198.7,8205.8,8195.7,8204.8,3600,2,0,3600
2024-08-31 11:00:00,8204.7,8211.8,8203.4,8205.2,3600,2,0,3600
2024-08-31 12:00:00,8205.1,8210.3,8204.8,8207.6,3600,2,0,3600
2024-08-31 13:00:00,8207.7,8215.4,8207.5,8213.4,3600,2,0,3600
2024-08-31 14:00:00,8213.3,8216.3,8207.7,8208.4,3600,2,0,3600
2024-08-31 15:00:00,8208.5,8213.4,8202.0,8202.8,3600,2,0,3600
2024-08-31 16:00:00,8202.7,8208.3,8200.8,8203.2,3600,2,0,3600
2024-08-31 17:00:00,8203.3,8218.7,8202.8,8214.8,3600,2,0,3600
2024-08-31 18:00:00,8214.9,8221.4,8210.7,8215.8,3600,2,0,3600
2024-08-31 19:00:00,8215.7,8225.7,8213.6,8224.8,3600,2,0,3600
2024-08-31 20:00:00,8224.9,8229.9,8223.3,8224.6,3600,2,0,3600
2024-08-31 21:00:00,8224.5,8237.9,8224.0,8231.6,3600,2,0,3600
2024-08-31 22:00:00,8231.5,8232.7,8224.1,8229.6,3600,2,0,3600
2024-08-31 23:00:00,8229.5,8232.7,8217.6,8218.0,3600,2,0,3600
2024-09-01 00:00:00,8218.1,8223.4,8212.6,8213.0,3600,2,0,3600
2024-09-01 01:00:00,8212.9,8215.8,8209.7,8211.2,3600,2,0,3600
2024-09-01 02:00:00,8211.3,8216.1,8210.8,8214.2,3600,2,0,3600
2024-09-01 03:00:00,8214.3,8215.2,8202.1,8202.8,3600,2,0,3600
2024-09-01 04:00:00,8202.7,8208.8,8195.7,8197.2,3600,2,0,3600
2024-09-01 05:00:00,8197.1,8197.6,8192.2,8196.8,3600,2,0,3600
2024-09-01 06:00:00,8196.9,8197.5,8191.3,8195.2,3600,2,0,3600
2024-09-01 07:00:00,8195.3,8197.6,8189.5,8197.2,3600,2,0,3600
2024-09-01 08:00:00,8197.1,8205.1,8196.2,8202.6,3600,2,0,3600
2024-09-01 09:00:00,8202.5,8206.3,8198.8,8202.2,3600,2,0,3600
2024-09-01 10:00:00,8202.1,8205.1,8194.4,8202.0,3600,2,0,3600
2024-09-01 11:00:00,8201.9,8207.2,8201.6,8202.2,3600,2,0,3600
2024-09-01 12:00:00,8202.3,8204.3,8192.3,8195.8,3600,2,0,3600
2024-09-01 13:00:00,8195.7,8197.5,8189.9,8190.0,3600,2,0,3600
2024-09-01 14:00:00,8189.9,8195.3,8188.5,8191.6,3600,2,0,3600
2024-09-01 15:00:00,8191.7,8198.1,8189.2,8198.0,3600,2,0,3600
2024-09-01 16:00:00,8197.9,8200.4,8193.9,8199.8,3600,2,0,3600
2024-09-01 17:00:00,8199.9,8205.2,8198.9,8200.8,3600,2,0,3600
2024-09-01 18:00:00,8200.9,8204.0,8197.8,8201.8,3600,2,0,3600
2024-09-01 19:00:00,8201.9,8218.3,8200.8,8210.8,3600,2,0,3600
2024-09-01 20:00:00,8210.9,8225.8,8209.6,8222.8,3600,2,0,3600
2024-09-01 21:00:00,8222.9,8226.0,8219.3,8220.2,3600,2,0,3600
2024-09-01 22:00:00,8220.3,8223.5,8214.7,8215.0,3600,2,0,3600
2024-09-01 23:00:00,8215.1,8221.1,8213.5,8213.8,3600,2,0,3600
2024-09-02 00:00:00,8213.7,8215.7,8205.2,8205.8,3600,2,0,3600
2024-09-02 01:00:00,8205.9,8207.8,8198.1,8199.6,3600,2,0,3600
2024-09-02 02:00:00,8199.5,8203.4,8196.7,8202.8,3600,2,0,3600
2024-09-02 03:00:00,8202.9,8203.7,8191.3,8192.8,3600,2,0,3600
2024-09-02 04:00:00,8192.9,8201.3,8191.8,8201.0,3600,2,0,3600
2024-09-02 05:00:00,8201.1,8205.6,8196.0,8204.8,3600,2,0,3600
2024-09-02 06:00:00,8204.9,8208.4,8197.8,8205.4,3600,2,0,3600
2024-09-02 07:00:00,8205.5,8206.2,8197.3,8199.4,3600,2,0,3600
2024-09-02 08:00:00,8199.5,8201.3,8193.8,8194.4,3600,2,0,3600
2024-09-02 09:00:00,8194.3,8201.8,8193.8,8198.8,3600,2,0,3600
2024-09-02 10:00:00,8198.7,8199.3,8192.0,8195.8,3600,2,0,3600
2024-09-02 11:00:00,8195.9,8202.5,8193.9,8199.8,3600,2,0,3600
2024-09-02 12:00:00,8199.9,8217.0,8199.7,8216.0,3600,2,0,3600
2024-09-02 13:00:00,8216.1,8216.4,8209.8,8209.8,3600,2,0,3600
2024-09-02 14:00:00,8209.7,8212.9,8206.0,8211.6,3600,2,0,3600
2024-09-02 15:00:00,8211.5,8223.0,8211.1,8223.0,3600,2,0,3600
2024-09-02 16:00:00,8223.1,8237.0,8222.9,8236.2,3600,2,0,3600
2024-09-02 17:00:00,8236.1,8242.1,8235.3,8241.0,3600,2,0,3600
2024-09-02 18:00:00,8240.9,8242.0,8235.5,8238.8,3600,2,0,3600
2024-09-02 19:00:00,8238.7,8241.1,8226.2,8228.0,3600,2,0,3600
2024-09-02 20:00:00,8227.9,8229.8,8223.0,8225.6,3600,2,0,3600
2024-09-02 21:00:00,8225.5,8234.8,8225.1,8229.6,3600,2,0,3600
2024-09-02 22:00:00,8229.7,8232.1,8218.7,8219.4,3600,2,0,3600
2024-09-02 23:00:00,8219.5,8226.7,8216.3,8219.2,3595,2,0,3595
2024-09-03 00:00:00,8219.1,8226.6,8215.7,8225.4,3600,2,0,3600
2024-09-03 01:00:00,8225.3,8226.1,8220.3,8225.4,3600,2,0,3600
2024-09-03 02:00:00,8225.5,8232.4,8223.7,8230.8,3600,2,0,3600
2024-09-03 03:00:00,8230.7,8235.8,8225.4,8234.8,3600,2,0,3600
2024-09-03 04:00:00,8234.7,8235.4,8229.3,8231.6,3600,2,0,3600
2024-09-03 05:00:00,8231.5,8231.6,8218.9,8222.4,3600,2,0,3600
2024-09-03 06:00:00,8222.3,8226.3,8216.5,8223.6,3600,2,0,3600
2024-09-03 07:00:00,8223.5,8227.9,8218.9,8227.8,3600,2,0,3600
2024-09-03 08:00:00,8227.9,8232.0,8225.4,8228.0,3600,2,0,3600
2024-09-03 09:00:00,8228.1,8228.8,8221.2,8223.8,3600,2,0,3600
2024-09-03 10:00:00,8223.9,8224.3,8214.3,8218.0,3600,2,0,3600
2024-09-03 11:00:00,8217.9,8222.8,8215.1,8220.6,3600,2,0,3600
2024-09-03 12:00:00,8220.7,8222.8,8216.2,8221.4,3600,2,0,3600
2024-09-03 13:00:00,8221.5,8222.3,8214.9,8221.4,3600,2,0,3600
2024-09-03 14:00:00,8221.5,8227.2,8218.7,8219.2,3600,2,0,3600
2024-09-03 15:00:00,8219.1,8233.9,8215.3,8233.4,3600,2,0,3600
2024-09-03 16:00:00,8233.5,8235.4,8228.6,8230.6,3600,2,0,3600
2024-09-03 17:00:00,8230.7,8236.8,8228.8,8236.0,3600,2,0,3600
2024-09-03 18:00:00,8236.1,8245.4,8236.0,8241.2,3600,2,0,3600
2024-09-03 19:00:00,8241.3,8243.9,8234.4,8235.0,3600,2,0,3600
2024-09-03 20:00:00,8234.9,8248.1,8234.9,8245.0,3600,2,0,3600
2024-09-03 21:00:00,8244.9,8254.1,8244.3,8251.6,3600,2,0,3600
2024-09-03 22:00:00,8251.7,8262.8,8251.1,8261.6,3600,2,0,3600
2024-09-03 23:00:00,8261.5,8273.6,8260.9,8270.0,3600,2,0,3600
2024-09-04 00:00:00,8270.1,8275.9,8264.3,8266.6,3600,2,0,3600
2024-09-04 01:00:00,8266.5,8269.5,8263.5,8266.6,3600,2,0,3600
2024-09-04 02:00:00,8266.5,8276.5,8266.3,8274.8,3600,2,0,3600
2024-09-04 03:00:00,8274.9,8286.5,8274.8,8284.6,3600,2,0,3600
2024-09-04 04:00:00,8284.5,8284.5,8277.8,8280.2,3600,2,0,3600
2024-09-04 05:00:00,8280.1,8282.0,8273.4,8276.0,3600,2,0,3600
2024-09-04 06:00:00,8275.9,8286.0,8275.5,8284.8,3600,2,0,3600
2024-09-04 07:00:00,8284.9,8287.4,8280.8,8284.2,3600,2,0,3600
2024-09-04 08:00:00,8284.3,8287.9,8277.2,8280.8,3600,2,0,3600
2024-09-04 09:00:00,8280.9,8285.7,8277.3,8278.8,3600,2,0,3600
2024-09-04 10:00:00,8278.9,8281.4,8274.7,8280.6,3600,2,0,3600
2024-09-04 11:00:00,8280.5,8280.5,8272.2,8273.8,3600,2,0,3600
2024-09-04 12:00:00,8273.9,8279.9,8272.2,8276.8,3600,2,0,3600
2024-09-04 13:00:00,8276.7,8285.3,8276.5,8284.0,3600,2,0,3600
2024-09-04 14:00:00,8284.1,8292.4,8281.8,8283.2,3600,2,0,3600
2024-09-04 15:00:00,8283.3,8287.4,8279.5,8282.0,3600,2,0,3600
2024-09-04 16:00:00,8282.1,8283.4,8273.5,8275.8,3600,2,0,3600
2024-09-04 17:00:00,8275.9,8288.6,8274.7,8288.2,3600,2,0,3600
2024-09-04 18:00:00,8288.1,8288.6,8279.9,8282.8,3600,2,0,3600
2024-09-04 19:00:00,8282.7,8283.1,8271.3,8276.4,3600,2,0,3600
2024-09-04 20:00:00,8276.3,8282.7,8270.9,8271.2,3600,2,0,3600
2024-09-04 21:00:00,8271.3,8271.8,8266.0,8267.2,3600,2,0,3600
2024-09-04 22:00:00,8267.1,8269.8,8253.5,8253.6,3600,2,0,3600
2024-09-04 23:00:00,8253.7,8256.8,8250.0,8254.8,3600,2,0,3600
2024-09-05 00:00:00,8254.7,8257.5,8245.1,8247.6,3600,2,0,3600
2024-09-05 01:00:00,8247.7,8250.3,8239.0,8243.3,3591,2,0,3591
2024-09-05 02:00:00,8243.2,8252.9,8240.6,8245.5,3600,2,0,3600
2024-09-05 03:00:00,8245.4,8251.9,8243.1,8248.5,3600,2,0,3600
2024-09-05 04:00:00,8248.4,8251.4,8243.7,8244.5,3600,2,0,3600
2024-09-05 05:00:00,8244.6,8251.0,8243.2,8249.9,3600,2,0,3600
2024-09-05 06:00:00,8250.0,8260.5,8249.8,8256.5,3600,2,0,3600
2024-09-05 07:00:00,8256.4,8262.9,8250.2,8251.3,3600,2,0,3600
2024-09-05 08:00:00,8251.4,8261.2,8250.8,8260.3,3600,2,0,3600
2024-09-05 09:00:00,8260.4,8260.5,8251.3,8253.7,3600,2,0,3600
2024-09-05 10:00:00,8253.6,8259.8,8252.3,8257.9,3600,2,0,3600
2024-09-05 11:00:00,8258.0,8258.6,8247.6,8248.5,3600,2,0,3600
2024-09-05 12:00:00,8248.4,8255.0,8247.6,8249.1,3600,2,0,3600
2024-09-05 13:00:00,8249.0,8253.0,8244.3,8248.7,3600,2,0,3600
2024-09-05 14:00:00,8248.6,8255.1,8246.9,8254.9,3600,2,0,3600
2024-09-05 15:00:00,8255.0,8258.8,8245.2,8245.5,3600,2,0,3600
2024-09-05 16:00:00,8245.6,8253.3,8242.8,8245.3,3600,2,0,3600
2024-09-05 17:00:00,8245.4,8250.1,8243.2,8246.5,3600,2,0,3600
2024-09-05 18:00:00,8246.6,8249.5,8242.8,8245.7,3600,2,0,3600
2024-09-05 19:00:00,8245.8,8259.4,8244.2,8256.9,3600,2,0,3600
2024-09-05 20:00:00,8256.8,8261.5,8252.0,8257.1,3600,2,0,3600
2024-09-05 21:00:00,8257.0,8264.0,8253.4,8263.7,3600,2,0,3600
2024-09-05 22:00:00,8263.6,8266.3,8258.7,8260.1,3600,2,0,3600
2024-09-05 23:00:00,8260.2,8277.0,8258.6,8276.1,3600,2,0,3600
2024-09-06 00:00:00,8276.0,8283.0,8275.0,8278.3,3600,2,0,3600
2024-09-06 01:00:00,8278.4,8280.6,8267.2,8270.5,3600,2,0,3600
2024-09-06 02:00:00,8270.4,8276.9,8267.7,8276.1,3600,2,0,3600
2024-09-06 03:00:00,8276.2,8278.7,8272.1,8276.7,3600,2,0,3600
2024-09-06 04:00:00,8276.6,8277.8,8269.6,8270.1,3600,2,0,3600
2024-09-06 05:00:00,8270.2,8278.2,8269.8,8278.1,3600,2,0,3600
2024-09-06 06:00:00,8278.2,8288.8,8277.1,8285.7,3600,2,0,3600
2024-09-06 07:00:00,8285.8,8289.9,8281.4,8289.5,3600,2,0,3600
2024-09-06 08:00:00,8289.4,8293.3,8285.8,8291.3,3600,2,0,3600
2024-09-06 09:00:00,8291.2,8291.2,8282.7,8288.3,3600,2,0,3600
2024-09-06 10:00:00,8288.2,8288.9,8276.7,8282.1,3600,2,0,3600
2024-09-06 11:00:00,8282.0,8286.0,8277.2,8277.7,3600,2,0,3600
2024-09-06 12:00:00,8277.6,8281.0,8270.5,8274.7,3600,2,0,3600
2024-09-06 13:00:00,8274.8,8284.9,8270.7,8281.5,3600,2,0,3600
2024-09-06 14:00:00,8281.4,8283.2,8274.3,8280.3,3600,2,0,3600
2024-09-06 15:00:00,8280.2,8283.9,8276.7,8283.1,3600,2,0,3600
2024-09-06 16:00:00,8283.2,8289.0,8281.9,8284.7,3600,2,0,3600
2024-09-06 17:00:00,8284.8,8287.3,8279.1,8281.1,3600,2,0,3600
2024-09-06 18:00:00,8281.2,8289.2,8280.9,8285.9,3600,2,0,3600
2024-09-06 19:00:00,8286.0,8286.3,8268.7,8271.3,3600,2,0,3600
2024-09-06 20:00:00,8271.4,8275.8,8270.7,8274.1,3600,2,0,3600
2024-09-06 21:00:00,8274.2,8284.5,8272.4,8280.7,3600,2,0,3600
2024-09-06 22:00:00,8280.6,8289.1,8279.4,8286.3,3600,2,0,3600
2024-09-06 23:00:00,8286.4,8287.6,8277.4,8278.7,3600,2,0,3600
2024-09-07 00:00:00,8278.8,8281.3,8273.2,8278.5,3600,2,0,3600
2024-09-07 01:00:00,8278.6,8279.1,8266.3,8267.1,3600,2,0,3600
2024-09-07 02:00:00,8267.0,8270.9,8261.0,8265.3,3600,2,0,3600
2024-09-07 03:00:00,8265.2,8270.1,8263.2,8268.1,3600,2,0,3600
2024-09-07 04:00:00,8268.0,8279.4,8267.9,8279.1,3600,2,0,3600
2024-09-07 05:00:00,8279.0,8279.4,8271.2,8271.5,3600,2,0,3600
2024-09-07 06:00:00,8271.6,8276.4,8269.1,8275.7,3600,2,0,3600
2024-09-07 07:00:00,8275.6,8279.7,8273.4,8273.7,3600,2,0,3600
2024-09-07 08:00:00,8273.8,8275.4,8266.9,8268.5,3600,2,0,3600
2024-09-07 09:00:00,8268.4,8271.0,8263.5,8267.9,3600,2,0,3600
2024-09-07 10:00:00,8267.8,8277.2,8266.9,8272.9,3600,2,0,3600
2024-09-07 11:00:00,8273.0,8279.6,8267.4,8279.5,3600,2,0,3600
2024-09-07 12:00:00,8279.4,8284.4,8275.6,8282.3,3600,2,0,3600
2024-09-07 13:00:00,8282.4,8288.8,8281.5,8283.5,3600,2,0,3600
2024-09-07 14:00:00,8283.6,8287.3,8282.3,8284.7,3600,2,0,3600
2024-09-07 15:00:00,8284.8,8286.1,8276.7,8278.7,3600,2,0,3600
2024-09-07 16:00:00,8278.6,8278.7,8273.1,8275.3,3600,2,0,3600
2024-09-07 17:00:00,8275.4,8275.9,8266.5,8273.3,3600,2,0,3600
2024-09-07 18:00:00,8273.2,8282.3,8272.0,8281.3,3600,2,0,3600
2024-09-07 19:00:00,8281.4,8282.4,8276.4,8278.3,3600,2,0,3600
2024-09-07 20:00:00,8278.4,8283.4,8278.3,8282.1,3600,2,0,3600
2024-09-07 21:00:00,8282.2,8285.5,8279.8,8280.7,3600,2,0,3600
2024-09-07 22:00:00,8280.6,8281.6,8273.4,8277.3,3600,2,0,3600
2024-09-07 23:00:00,8277.4,8285.3,8276.9,8283.9,3600,2,0,3600
2024-09-08 00:00:00,8284.0,8291.1,8282.5,8289.7,3600,2,0,3600
2024-09-08 01:00:00,8289.6,8294.6,8286.3,8293.3,3600,2,0,3600
2024-09-08 02:00:00,8293.4,8299.1,8292.5,8297.9,3600,2,0,3600
2024-09-08 03:00:00,8298.0,8300.9,8292.4,8300.5,3600,2,0,3600
2024-09-08 04:00:00,8300.6,8306.3,8297.8,8304.7,3600,2,0,3600
2024-09-08 05:00:00,8304.6,8308.6,8301.4,8304.3,3600,2,0,3600
2024-09-08 06:00:00,8304.4,8304.5,8292.8,8296.5,3600,2,0,3600
2024-09-08 07:00:00,8296.6,8299.8,8288.6,8292.9,3600,2,0,3600
2024-09-08 08:00:00,8292.8,8297.2,8291.1,8293.1,3600,2,0,3600
2024-09-08 09:00:00,8293.0,8310.9,8292.2,8308.3,3600,2,0,3600
2024-09-08 10:00:00,8308.2,8313.6,8307.0,8307.5,3600,2,0,3600
2024-09-08 11:00:00,8307.6,8312.5,8305.3,8309.9,3600,2,0,3600
2024-09-08 12:00:00,8309.8,8315.0,8305.8,8312.3,3600,2,0,3600
2024-09-08 13:00:00,8312.2,8314.0,8303.7,8307.5,3600,2,0,3600
2024-09-08 14:00:00,8307.4,8310.9,8299.4,8310.7,3600,2,0,3600
2024-09-08 15:00:00,8310.8,8315.3,8303.0,8304.7,3600,2,0,3600
2024-09-08 16:00:00,8304.6,8309.5,8301.0,8305.9,3600,2,0,3600
2024-09-08 17:00:00,8306.0,8311.4,8302.7,8306.1,3600,2,0,3600
2024-09-08 18:00:00,8306.2,8306.9,8299.6,8300.3,3600,2,0,3600
2024-09-08 19:00:00,8300.4,8306.5,8298.1,8306.1,3600,2,0,3600
2024-09-08 20:00:00,8306.2,8309.2,8295.8,8298.5,3600,2,0,3600
2024-09-08 21:00:00,8298.6,8300.7,8290.6,8300.7,3600,2,0,3600
2024-09-08 22:00:00,8300.6,8302.7,8293.3,8296.1,3600,2,0,3600
2024-09-08 23:00:00,8296.2,8299.6,8291.5,8291.7,3600,2,0,3600
2024-09-09 00:00:00,8291.8,8293.1,8284.3,8287.3,3600,2,0,3600
2024-09-09 01:00:00,8287.2,8289.1,8272.9,8274.5,3600,2,0,3600
2024-09-09 02:00:00,8274.6,8278.0,8273.2,8276.1,3600,2,0,3600
2024-09-09 03:00:00,8276.0,8276.7,8269.1,8276.7,3600,2,0,3600
2024-09-09 04:00:00,8276.6,8289.6,8276.3,8284.5,3600,2,0,3600
2024-09-09 05:00:00,8284.4,8287.3,8281.1,8286.1,3600,2,0,3600
2024-09-09 06:00:00,8286.0,8294.1,8285.6,8293.3,3600,2,0,3600
2024-09-09 07:00:00,8293.2,8300.0,8291.1,8299.5,3600,2,0,3600
2024-09-09 08:00:00,8299.6,8302.2,8291.9,8292.3,3600,2,0,3600
2024-09-09 09:00:00,8292.2,8299.5,8290.1,8299.5,3600,2,0,3600
2024-09-09 10:00:00,8299.6,8306.4,8296.5,8305.7,3600,2,0,3600
2024-09-09 11:00:00,8305.8,8312.4,8303.4,8311.9,3600,2,0,3600
2024-09-09 12:00:00,8312.0,8317.7,8311.8,8315.5,3600,2,0,3600
2024-09-09 13:00:00,8315.6,8319.6,8313.2,8315.1,3600,2,0,3600
2024-09-09 14:00:00,8315.0,8317.4,8312.8,8315.1,3600,2,0,3600
2024-09-09 15:00:00,8315.0,8328.1,8314.9,8323.3,3600,2,0,3600
2024-09-09 16:00:00,8323.4,8323.4,8312.7,8315.5,3600,2,0,3600
2024-09-09 17:00:00,8315.4,8319.9,8313.7,8318.9,3600,2,0,3600
2024-09-09 18:00:00,8319.0,8322.6,8313.9,8314.7,3600,2,0,3600
2024-09-09 19:00:00,8314.8,8314.9,8301.0,8303.5,3600,2,0,3600
2024-09-09 20:00:00,8303.6,8309.8,8302.5,8303.7,3600,2,0,3600
2024-09-09 21:00:00,8303.6,8304.3,8299.9,8300.1,3600,2,0,3600
2024-09-09 22:00:00,8300.0,8302.5,8292.7,8296.9,3600,2,0,3600
2024-09-09 23:00:00,8297.0,8299.9,8292.4,8296.3,3600,2,0,3600
2024-09-10 00:00:00,8296.2,8304.3,8295.8,8299.3,3600,2,0,3600
2024-09-10 01:00:00,8299.2,8303.6,8298.1,8300.5,3600,2,0,3600
2024-09-10 02:00:00,8300.6,8303.7,8297.8,8302.1,3598,2,0,3598
2024-09-10 03:00:00,8302.2,8308.7,8299.8,8308.7,3600,2,0,3600
2024-09-10 04:00:00,8308.6,8309.4,8294.6,8295.9,3600,2,0,3600
2024-09-10 05:00:00,8296.0,8298.4,8285.6,8285.9,3600,2,0,3600
2024-09-10 06:00:00,8285.8,8295.0,8280.9,8281.7,3600,2,0,3600
2024-09-10 07:00:00,8281.8,8294.5,8281.3,8291.9,3600,2,0,3600
2024-09-10 08:00:00,8292.0,8298.5,8291.4,8292.3,3600,2,0,3600
2024-09-10 09:00:00,8292.4,8297.6,8289.6,8293.9,3600,2,0,3600
2024-09-10 10:00:00,8294.0,8297.5,8289.6,8294.3,3600,2,0,3600
2024-09-10 11:00:00,8294.2,8299.0,8291.9,8292.9,3600,2,0,3600
2024-09-10 12:00:00,8292.8,8293.6,8287.8,8292.1,3600,2,0,3600
2024-09-10 13:00:00,8292.0,8292.8,8283.7,8287.5,3600,2,0,3600
2024-09-10 14:00:00,8287.6,8289.7,8274.5,8277.5,3600,2,0,3600
2024-09-10 15:00:00,8277.6,8284.1,8274.6,8283.9,3600,2,0,3600
2024-09-10 16:00:00,8284.0,8290.9,8283.3,8289.7,3600,2,0,3600
2024-09-10 17:00:00,8289.8,8291.6,8278.9,8280.3,3600,2,0,3600
2024-09-10 18:00:00,8280.2,8280.9,8273.6,8277.3,3600,2,0,3600
2024-09-10 19:00:00,8277.2,8287.1,8276.5,8285.1,3600,2,0,3600
2024-09-10 20:00:00,8285.0,8286.3,8278.7,8285.3,3600,2,0,3600
2024-09-10 21:00:00,8285.4,8287.2,8282.0,8285.3,3600,2,0,3600
2024-09-10 22:00:00,8285.2,8287.6,8278.4,8278.5,3600,2,0,3600
2024-09-10 23:00:00,8278.4,8289.9,8278.1,8288.9,3600,2,0,3600
2024-09-11 00:00:00,8288.8,8295.3,8285.8,8286.1,3600,2,0,3600
2024-09-11 01:00:00,8286.0,8295.3,8283.5,8293.5,3600,2,0,3600
2024-09-11 02:00:00,8293.4,8306.7,8292.9,8303.7,3600,2,0,3600
2024-09-11 03:00:00,8303.6,8312.5,8302.1,8311.4,3595,2,0,3595
2024-09-11 04:00:00,8311.3,8313.5,8302.7,8313.0,3600,2,0,3600
2024-09-11 05:00:00,8313.1,8321.2,8312.6,8315.8,3600,2,0,3600
2024-09-11 06:00:00,8315.9,8317.8,8313.1,8315.0,3600,2,0,3600
2024-09-11 07:00:00,8314.9,8323.7,8313.7,8317.8,3600,2,0,3600
2024-09-11 08:00:00,8317.9,8325.7,8315.1,8322.0,3600,2,0,3600
2024-09-11 09:00:00,8322.1,8336.2,8322.1,8336.2,3600,2,0,3600
2024-09-11 10:00:00,8336.1,8336.8,8319.6,8319.8,3600,2,0,3600
2024-09-11 11:00:00,8319.9,8320.5,8308.1,8314.6,3600,2,0,3600
2024-09-11 12:00:00,8314.5,8316.4,8306.8,8307.2,3600,2,0,3600
2024-09-11 13:00:00,8307.3,8309.9,8296.2,8303.0,3600,2,0,3600
2024-09-11 14:00:00,8302.9,8308.4,8300.7,8302.8,3600,2,0,3600
2024-09-11 15:00:00,8302.9,8306.2,8298.3,8299.0,3600,2,0,3600
2024-09-11 16:00:00,8298.9,8303.5,8295.9,8298.8,3600,2,0,3600
2024-09-11 17:00:00,8298.9,8307.8,8296.1,8307.6,3600,2,0,3600
2024-09-11 18:00:00,8307.5,8309.1,8298.5,8301.4,3600,2,0,3600
2024-09-11 19:00:00,8301.3,8303.9,8298.5,8302.0,3600,2,0,3600
2024-09-11 20:00:00,8302.1,8305.1,8300.1,8302.4,3600,2,0,3600
2024-09-11 21:00:00,8302.3,8304.3,8296.0,8296.6,3600,2,0,3600
2024-09-11 22:00:00,8296.7,8297.1,8285.1,8286.6,3600,2,0,3600
2024-09-11 23:00:00,8286.5,8291.5,8286.1,8289.0,3600,2,0,3600
2024-09-12 00:00:00,8288.9,8295.3,8283.8,8290.6,3600,2,0,3600
2024-09-12 01:00:00,8290.5,8302.6,8289.2,8300.0,3600,2,0,3600
2024-09-12 02:00:00,8299.9,8309.6,8297.9,8307.2,3600,2,0,3600
2024-09-12 03:00:00,8307.3,8308.0,8298.5,8306.0,3600,2,0,3600
2024-09-12 04:00:00,8306.1,8307.1,8298.8,8300.8,3600,2,0,3600
2024-09-12 05:00:00,8300.9,8309.7,8300.7,8309.2,3600,2,0,3600
2024-09-12 06:00:00,8309.3,8310.8,8298.8,8300.0,3600,2,0,3600
2024-09-12 07:00:00,8300.1,8301.3,8295.1,8295.8,3600,2,0,3600
2024-09-12 08:00:00,8295.9,8297.9,8289.8,8295.8,3600,2,0,3600
2024-09-12 09:00:00,8295.7,8296.1,8286.3,8289.0,3600,2,0,3600
2024-09-12 10:00:00,8288.9,8293.0,8284.1,8285.4,3600,2,0,3600
2024-09-12 11:00:00,8285.3,8285.7,8266.1,8273.0,3600,2,0,3600
2024-09-12 12:00:00,8272.9,8276.4,8264.9,8267.0,3600,2,0,3600
2024-09-12 13:00:00,8267.1,8270.0,8257.5,8259.4,3600,2,0,3600
2024-09-12 14:00:00,8259.3,8259.5,8240.0,8242.6,3600,2,0,3600
2024-09-12 15:00:00,8242.7,8250.0,8242.1,8247.6,3600,2,0,3600
2024-09-12 16:00:00,8247.7,8255.7,8246.1,8252.0,3600,2,0,3600
2024-09-12 17:00:00,8251.9,8259.6,8249.6,8258.4,3600,2,0,3600
2024-09-12 18:00:00,8258.3,8260.0,8251.2,8251.8,3600,2,0,3600
2024-09-12 19:00:00,8251.7,8256.9,8251.1,8253.4,3600,2,0,3600
2024-09-12 20:00:00,8253.5,8261.9,8252.7,8261.8,3600,2,0,3600
2024-09-12 21:00:00,8261.9,8263.5,8253.7,8255.4,3600,2,0,3600
2024-09-12 22:00:00,8255.5,8255.8,8247.9,8249.6,3600,2,0,3600
2024-09-12 23:00:00,8249.5,8254.2,8247.4,8253.0,3600,2,0,3600
2024-09-13 00:00:00,8252.9,8253.1,8236.8,8241.8,3600,2,0,3600
2024-09-13 01:00:00,8241.7,8242.6,8232.4,8233.4,3600,2,0,3600
2024-09-13 02:00:00,8233.3,8243.6,8230.7,8242.8,3600,2,0,3600
2024-09-13 03:00:00,8242.9,8243.7,8231.0,8235.6,3600,2,0,3600
2024-09-13 04:00:00,8235.5,8240.0,8231.5,8234.0,3600,2,0,3600
2024-09-13 05:00:00,8234.1,8236.0,8227.5,8228.8,3600,2,0,3600
2024-09-13 06:00:00,8228.7,8229.7,8220.0,8221.4,3600,2,0,3600
2024-09-13 07:00:00,8221.5,8225.8,8217.1,8222.2,3600,2,0,3600
2024-09-13 08:00:00,8222.1,8225.3,8220.2,8222.4,3600,2,0,3600
2024-09-13 09:00:00,8222.5,8225.1,8220.0,8223.0,3600,2,0,3600
2024-09-13 10:00:00,8223.1,8224.2,8217.0,8217.2,3600,2,0,3600
2024-09-13 11:00:00,8217.3,8221.1,8201.8,8204.0,3600,2,0,3600
2024-09-13 12:00:00,8204.1,8208.9,8202.0,8208.8,3600,2,0,3600
2024-09-13 13:00:00,8208.7,8209.7,8200.1,8202.2,3600,2,0,3600
2024-09-13 14:00:00,8202.3,8203.0,8197.6,8199.8,3600,2,0,3600
2024-09-13 15:00:00,8199.9,8211.2,8199.3,8208.0,3600,2,0,3600
2024-09-13 16:00:00,8208.1,8212.2,8205.8,8206.4,3600,2,0,3600
2024-09-13 17:00:00,8206.5,8208.3,8202.3,8204.4,3600,2,0,3600
2024-09-13 18:00:00,8204.5,8213.2,8203.4,8212.4,3600,2,0,3600
2024-09-13 19:00:00,8212.5,8219.9,8211.3,8213.0,3600,2,0,3600
2024-09-13 20:00:00,8213.1,8218.1,8211.7,8216.0,3600,2,0,3600
2024-09-13 21:00:00,8216.1,8217.6,8210.9,8211.6,3600,2,0,3600
2024-09-13 22:00:00,8211.5,8213.0,8203.0,8207.0,3600,2,0,3600
2024-09-13 23:00:00,8207.1,8215.4,8206.1,8208.4,3600,2,0,3600
2024-09-14 00:00:00,8208.3,8208.6,8197.3,8202.0,3600,2,0,3600
2024-09-14 01:00:00,8201.9,8203.2,8193.3,8200.6,3600,2,0,3600
2024-09-14 02:00:00,8200.5,8211.1,8200.3,8207.8,3600,2,0,3600
2024-09-14 03:00:00,8207.7,8209.1,8201.4,8203.6,3600,2,0,3600
2024-09-14 04:00:00,8203.5,8205.7,8192.1,8194.6,3600,2,0,3600
2024-09-14 05:00:00,8194.5,8203.2,8193.5,8199.8,3600,2,0,3600
2024-09-14 06:00:00,8199.9,8209.5,8198.0,8206.2,3600,2,0,3600
2024-09-14 07:00:00,8206.1,8210.5,8202.3,8208.0,3600,2,0,3600
2024-09-14 08:00:00,8208.1,8213.3,8201.7,8205.4,3600,2,0,3600
2024-09-14 09:00:00,8205.3,8211.2,8202.4,8209.6,3600,2,0,3600
2024-09-14 10:00:00,8209.5,8213.0,8202.2,8204.2,3600,2,0,3600
2024-09-14 11:00:00,8204.3,8212.6,8203.0,8210.2,3600,2,0,3600
2024-09-14 12:00:00,8210.3,8214.7,8208.4,8210.4,3600,2,0,3600
2024-09-14 13:00:00,8210.5,8212.9,8200.5,8202.4,3600,2,0,3600
2024-09-14 14:00:00,8202.5,8215.5,8202.5,8213.2,3600,2,0,3600
2024-09-14 15:00:00,8213.1,8220.7,8211.2,8220.0,3600,2,0,3600
2024-09-14 16:00:00,8219.9,8224.4,8212.5,8217.6,3600,2,0,3600
2024-09-14 17:00:00,8217.5,8227.5,8217.3,8226.8,3600,2,0,3600
2024-09-14 18:00:00,8226.9,8228.1,8217.8,8222.6,3600,2,0,3600
2024-09-14 19:00:00,8222.7,8231.3,8220.2,8228.8,3600,2,0,3600
2024-09-14 20:00:00,8228.9,8236.9,8226.8,8234.6,3600,2,0,3600
2024-09-14 21:00:00,8234.7,8239.6,8230.2,8231.0,3600,2,0,3600
2024-09-14 22:00:00,8231.1,8236.8,8226.3,8229.2,3600,2,0,3600
2024-09-14 23:00:00,8229.1,8232.9,8226.4,8229.6,3600,2,0,3600
2024-09-15 00:00:00,8229.5,8234.9,8221.9,8223.0,3600,2,0,3600
2024-09-15 01:00:00,8222.9,8225.9,8217.8,8218.6,3369,2,0,3369
2024-09-15 02:00:00,8218.5,8222.0,8214.9,8219.4,3599,2,0,3599
2024-09-15 03:00:00,8219.3,8222.7,8217.2,8222.4,3600,2,0,3600
2024-09-15 04:00:00,8222.5,8225.0,8213.6,8214.8,3600,2,0,3600
2024-09-15 05:00:00,8214.7,8218.9,8212.9,8213.6,3600,2,0,3600
2024-09-15 06:00:00,8213.7,8224.1,8213.1,8215.0,3600,2,0,3600
2024-09-15 07:00:00,8214.9,8226.6,8214.6,8226.0,3600,2,0,3600
2024-09-15 08:00:00,8226.1,8229.3,8223.4,8227.8,3600,2,0,3600
2024-09-15 09:00:00,8227.7,8238.1,8226.6,8235.4,3600,2,0,3600
2024-09-15 10:00:00,8235.3,8239.1,8231.8,8234.4,3600,2,0,3600
2024-09-15 11:00:00,8234.3,8236.3,8227.6,8228.0,3600,2,0,3600
2024-09-15 12:00:00,8227.9,8238.7,8226.3,8237.8,3600,2,0,3600
2024-09-15 13:00:00,8237.7,8246.1,8236.8,8242.2,3600,2,0,3600
2024-09-15 14:00:00,8242.1,8246.4,8234.8,8239.6,3600,2,0,3600
2024-09-15 15:00:00,8239.7,8246.2,8235.9,8237.0,3600,2,0,3600
2024-09-15 16:00:00,8236.9,8240.4,8230.2,8233.2,3600,2,0,3600
2024-09-15 17:00:00,8233.1,8240.0,8230.1,8233.6,3600,2,0,3600
2024-09-15 18:00:00,8233.5,8238.2,8230.6,8232.8,3600,2,0,3600
2024-09-15 19:00:00,8232.9,8234.4,8224.1,8225.6,3600,2,0,3600
2024-09-15 20:00:00,8225.7,8231.1,8223.8,8226.2,3600,2,0,3600
2024-09-15 21:00:00,8226.1,8233.9,8224.0,8227.0,3600,2,0,3600
2024-09-15 22:00:00,8227.1,8228.8,8219.0,8220.6,3600,2,0,3600
2024-09-15 23:00:00,8220.5,8221.4,8208.7,8211.0,3600,2,0,3600
2024-09-16 00:00:00,8211.1,8212.6,8206.1,8206.2,3600,2,0,3600
2024-09-16 01:00:00,8206.3,8207.4,8198.2,8203.6,3600,2,0,3600
2024-09-16 02:00:00,8203.5,8208.1,8198.1,8207.8,3600,2,0,3600
2024-09-16 03:00:00,8207.9,8215.1,8205.9,8210.4,3600,2,0,3600
2024-09-16 04:00:00,8210.5,8223.5,8209.5,8220.4,3600,2,0,3600
2024-09-16 05:00:00,8220.3,8221.2,8214.5,8218.8,3600,2,0,3600
2024-09-16 06:00:00,8218.9,8227.2,8218.7,8223.0,3600,2,0,3600
2024-09-16 07:00:00,8222.9,8224.2,8213.2,8222.2,3600,2,0,3600
2024-09-16 08:00:00,8222.3,8231.6,8222.0,8228.4,3600,2,0,3600
2024-09-16 09:00:00,8228.5,8229.0,8221.3,8221.6,3600,2,0,3600
2024-09-16 10:00:00,8221.5,8226.4,8220.0,8223.8,3600,2,0,3600
2024-09-16 11:00:00,8223.7,8224.7,8218.5,8221.0,3600,2,0,3600
2024-09-16 12:00:00,8220.9,8222.5,8212.2,8214.0,3600,2,0,3600
2024-09-16 13:00:00,8214.1,8214.5,8209.5,8214.0,3600,2,0,3600
2024-09-16 14:00:00,8213.9,8219.1,8212.5,8213.4,3600,2,0,3600
2024-09-16 15:00:00,8213.5,8223.0,8209.9,8219.6,3600,2,0,3600
2024-09-16 16:00:00,8219.7,8220.1,8210.6,8218.6,3600,2,0,3600
2024-09-16 17:00:00,8218.7,8220.2,8212.8,8217.4,3600,2,0,3600
2024-09-16 18:00:00,8217.3,8219.2,8214.4,8215.8,3600,2,0,3600
2024-09-16 19:00:00,8215.9,8220.7,8213.0,8215.0,3600,2,0,3600
2024-09-16 20:00:00,8214.9,8216.3,8205.8,8206.6,3600,2,0,3600
2024-09-16 21:00:00,8206.7,8208.0,8193.8,8194.6,3600,2,0,3600
2024-09-16 22:00:00,8194.5,8200.0,8190.5,8194.1,3595,2,0,3595
2024-09-16 23:00:00,8194.2,8197.4,8190.7,8191.4,3595,2,0,3595
2024-09-17 00:00:00,8191.5,8198.6,8190.8,8195.4,3600,2,0,3600
2024-09-17 01:00:00,8195.3,8204.0,8194.0,8200.6,3600,2,0,3600
2024-09-17 02:00:00,8200.7,8203.6,8190.7,8192.6,3600,2,0,3600
2024-09-17 03:00:00,8192.5,8193.7,8183.6,8186.8,3600,2,0,3600
2024-09-17 04:00:00,8186.7,8189.7,8183.8,8184.6,3600,2,0,3600
2024-09-17 05:00:00,8184.5,8186.8,8178.4,8180.4,3600,2,0,3600
2024-09-17 06:00:00,8180.3,8184.8,8174.0,8184.4,3600,2,0,3600
2024-09-17 07:00:00,8184.5,8194.2,8183.2,8191.6,3600,2,0,3600
2024-09-17 08:00:00,8191.5,8199.3,8190.6,8198.6,3600,2,0,3600
2024-09-17 09:00:00,8198.7,8201.9,8195.6,8199.4,3600,2,0,3600
2024-09-17 10:00:00,8199.5,8207.7,8198.3,8199.4,3600,2,0,3600
2024-09-17 11:00:00,8199.5,8206.2,8194.9,8200.4,3600,2,0,3600
2024-09-17 12:00:00,8200.3,8201.2,8184.3,8185.2,3600,2,0,3600
2024-09-17 13:00:00,8185.1,8201.1,8183.4,8198.0,3600,2,0,3600
2024-09-17 14:00:00,8197.9,8202.2,8196.0,8202.0,3600,2,0,3600
2024-09-17 15:00:00,8201.9,8203.2,8190.1,8192.6,3600,2,0,3600
2024-09-17 16:00:00,8192.7,8194.3,8186.4,8190.8,3600,2,0,3600
2024-09-17 17:00:00,8190.7,8200.4,8189.8,8193.0,3600,2,0,3600
2024-09-17 18:00:00,8193.1,8210.3,8192.2,8209.0,3600,2,0,3600
2024-09-17 19:00:00,8208.9,8210.0,8194.8,8195.4,3600,2,0,3600
2024-09-17 20:00:00,8195.5,8198.4,8191.6,8192.8,3600,2,0,3600
2024-09-17 21:00:00,8192.7,8199.7,8190.4,8197.6,3600,2,0,3600
2024-09-17 22:00:00,8197.7,8200.3,8188.1,8190.8,3600,2,0,3600
2024-09-17 23:00:00,8190.7,8192.5,8186.4,8188.6,3600,2,0,3600
2024-09-18 00:00:00,8188.7,8189.2,8183.1,8185.6,3600,2,0,3600
2024-09-18 01:00:00,8185.5,8186.9,8180.4,8183.0,3600,2,0,3600
2024-09-18 02:00:00,8182.9,8191.2,8181.5,8189.6,3600,2,0,3600
2024-09-18 03:00:00,8189.5,8194.6,8185.8,8194.2,3600,2,0,3600
2024-09-18 04:00:00,8194.1,8194.4,8185.6,8186.4,3600,2,0,3600
2024-09-18 05:00:00,8186.3,8188.4,8181.0,8181.8,3598,2,0,3598
2024-09-18 06:00:00,8181.7,8191.0,8181.3,8184.6,3600,2,0,3600
2024-09-18 07:00:00,8184.7,8186.2,8173.6,8174.4,3600,2,0,3600
2024-09-18 08:00:00,8174.5,8178.7,8171.1,8174.4,3600,2,0,3600
2024-09-18 09:00:00,8174.3,8176.9,8168.6,8171.6,3600,2,0,3600
2024-09-18 10:00:00,8171.7,8176.7,8167.8,8175.4,3600,2,0,3600
2024-09-18 11:00:00,8175.5,8181.4,8175.3,8178.4,3600,2,0,3600
2024-09-18 12:00:00,8178.5,8178.6,8169.1,8169.6,3600,2,0,3600
2024-09-18 13:00:00,8169.5,8173.6,8165.9,8172.0,3600,2,0,3600
2024-09-18 14:00:00,8171.9,8173.7,8162.1,8163.0,3600,2,0,3600
2024-09-18 15:00:00,8162.9,8164.5,8153.4,8154.2,3600,2,0,3600
2024-09-18 16:00:00,8154.3,8161.5,8152.9,8154.6,3600,2,0,3600
2024-09-18 17:00:00,8154.5,8155.0,8143.4,8145.2,3600,2,0,3600
2024-09-18 18:00:00,8145.3,8147.9,8140.7,8143.4,3600,2,0,3600
2024-09-18 19:00:00,8143.5,8153.7,8142.4,8152.8,3600,2,0,3600
2024-09-18 20:00:00,8152.7,8157.2,8144.9,8147.6,3600,2,0,3600
2024-09-18 21:00:00,8147.7,8151.2,8135.0,8138.2,3600,2,0,3600
2024-09-18 22:00:00,8138.3,8143.4,8136.9,8140.2,3600,2,0,3600
2024-09-18 23:00:00,8140.1,8143.0,8137.7,8141.6,3600,2,0,3600
2024-09-19 00:00:00,8141.5,8143.5,8130.9,8133.8,3600,2,0,3600
2024-09-19 01:00:00,8133.7,8139.1,8133.1,8139.0,3600,2,0,3600
2024-09-19 02:00:00,8138.9,8147.3,8137.2,8142.0,3600,2,0,3600
2024-09-19 03:00:00,8141.9,8146.7,8139.9,8146.4,3600,2,0,3600
2024-09-19 04:00:00,8146.3,8147.7,8139.5,8143.0,3600,2,0,3600
2024-09-19 05:00:00,8143.1,8144.0,8135.8,8137.4,3600,2,0,3600
2024-09-19 06:00:00,8137.3,8138.3,8127.1,8128.4,3600,2,0,3600
2024-09-19 07:00:00,8128.5,8136.0,8127.6,8132.4,3600,2,0,3600
2024-09-19 08:00:00,8132.5,8133.3,8122.8,8125.2,3600,2,0,3600
2024-09-19 09:00:00,8125.3,8128.0,8121.1,8122.6,3600,2,0,3600
2024-09-19 10:00:00,8122.7,8125.4,8112.4,8118.4,3600,2,0,3600
2024-09-19 11:00:00,8118.3,8119.3,8104.9,8109.0,3600,2,0,3600
2024-09-19 12:00:00,8108.9,8116.8,8107.5,8115.6,3600,2,0,3600
2024-09-19 13:00:00,8115.7,8131.6,8114.4,8131.4,3600,2,0,3600
2024-09-19 14:00:00,8131.5,8132.2,8115.9,8116.0,3600,2,0,3600
2024-09-19 15:00:00,8116.1,8127.2,8115.7,8126.2,3600,2,0,3600
2024-09-19 16:00:00,8126.3,8131.1,8121.1,8124.0,3600,2,0,3600
2024-09-19 17:00:00,8124.1,8124.3,8116.6,8120.4,3600,2,0,3600
2024-09-19 18:00:00,8120.3,8121.0,8110.4,8119.4,3600,2,0,3600
2024-09-19 19:00:00,8119.5,8126.5,8117.2,8123.6,3600,2,0,3600
2024-09-19 20:00:00,8123.7,8124.2,8111.6,8114.8,3600,2,0,3600
2024-09-19 21:00:00,8114.7,8117.3,8111.1,8112.6,3600,2,0,3600
2024-09-19 22:00:00,8112.5,8116.0,8109.1,8111.4,3600,2,0,3600
2024-09-19 23:00:00,8111.3,8111.6,8101.0,8105.0,3600,2,0,3600
2024-09-20 00:00:00,8104.9,8106.1,8094.7,8096.2,3600,2,0,3600
2024-09-20 01:00:00,8096.1,8108.1,8092.1,8107.0,3600,2,0,3600
2024-09-20 02:00:00,8106.9,8108.2,8100.9,8107.8,3600,2,0,3600
2024-09-20 03:00:00,8107.9,8112.5,8104.1,8105.4,3600,2,0,3600
2024-09-20 04:00:00,8105.3,8115.0,8102.8,8114.0,3600,2,0,3600
2024-09-20 05:00:00,8113.9,8119.2,8111.7,8118.8,3600,2,0,3600
2024-09-20 06:00:00,8118.7,8119.1,8105.3,8106.0,3600,2,0,3600
2024-09-20 07:00:00,8106.1,8106.7,8098.8,8105.0,3600,2,0,3600
2024-09-20 08:00:00,8105.1,8108.2,8102.0,8105.4,3600,2,0,3600
2024-09-20 09:00:00,8105.5,8114.5,8103.3,8111.0,3600,2,0,3600
2024-09-20 10:00:00,8110.9,8123.0,8110.4,8120.8,3590,2,0,3590
2024-09-20 11:00:00,8120.7,8121.6,8113.1,8113.8,3600,2,0,3600
2024-09-20 12:00:00,8113.9,8115.7,8106.8,8108.4,3600,2,0,3600
2024-09-20 13:00:00,8108.5,8121.7,8108.4,8118.4,3600,2,0,3600
2024-09-20 14:00:00,8118.3,8118.8,8110.1,8110.8,3600,2,0,3600
2024-09-20 15:00:00,8110.9,8125.0,8110.6,8123.4,3600,2,0,3600
2024-09-20 16:00:00,8123.5,8134.4,8120.2,8133.2,3600,2,0,3600
2024-09-20 17:00:00,8133.1,8136.5,8127.4,8136.2,3600,2,0,3600
2024-09-20 18:00:00,8136.1,8136.2,8126.8,8128.6,3600,2,0,3600
2024-09-20 19:00:00,8128.5,8132.7,8127.2,8130.6,3600,2,0,3600
2024-09-20 20:00:00,8130.5,8131.5,8122.4,8125.8,3600,2,0,3600
2024-09-20 21:00:00,8125.7,8135.3,8123.6,8135.0,3600,2,0,3600
2024-09-20 22:00:00,8134.9,8136.6,8122.9,8126.0,3600,2,0,3600
2024-09-20 23:00:00,8125.9,8132.2,8122.8,8128.2,3600,2,0,3600
2024-09-21 00:00:00,8128.1,8128.2,8115.2,8116.2,3600,2,0,3600
2024-09-21 01:00:00,8116.1,8121.7,8111.5,8116.6,3600,2,0,3600
2024-09-21 02:00:00,8116.7,8120.5,8115.0,8115.6,3600,2,0,3600
2024-09-21 03:00:00,8115.7,8122.1,8114.5,8116.0,3600,2,0,3600
2024-09-21 04:00:00,8115.9,8122.0,8112.8,8113.2,3600,2,0,3600
2024-09-21 05:00:00,8113.3,8115.3,8108.9,8113.8,3600,2,0,3600
2024-09-21 06:00:00,8113.7,8117.3,8109.8,8111.0,3600,2,0,3600
2024-09-21 07:00:00,8110.9,8115.7,8108.6,8114.0,3600,2,0,3600
2024-09-21 08:00:00,8113.9,8120.1,8112.1,8114.4,3600,2,0,3600
2024-09-21 09:00:00,8114.3,8115.7,8109.6,8112.6,3600,2,0,3600
2024-09-21 10:00:00,8112.5,8120.8,8107.9,8120.4,3600,2,0,3600
2024-09-21 11:00:00,8120.3,8127.8,8119.9,8123.2,3600,2,0,3600
2024-09-21 12:00:00,8123.3,8125.8,8118.9,8120.0,3600,2,0,3600
2024-09-21 13:00:00,8119.9,8123.1,8112.0,8114.0,3600,2,0,3600
2024-09-21 14:00:00,8114.1,8121.3,8112.1,8112.6,3600,2,0,3600
2024-09-21 15:00:00,8112.7,8114.9,8106.4,8111.6,3600,2,0,3600
2024-09-21 16:00:00,8111.7,8116.1,8109.5,8114.2,3600,2,0,3600
2024-09-21 17:00:00,8114.3,8115.4,8106.3,8109.0,3600,2,0,3600
2024-09-21 18:00:00,8109.1,8114.1,8107.5,8111.0,3600,2,0,3600
2024-09-21 19:00:00,8110.9,8119.5,8108.3,8116.8,3600,2,0,3600
2024-09-21 20:00:00,8116.9,8122.0,8113.4,8120.2,3600,2,0,3600
2024-09-21 21:00:00,8120.3,8121.0,8110.8,8118.0,3600,2,0,3600
2024-09-21 22:00:00,8117.9,8118.6,8106.8,8108.4,3600,2,0,3600
2024-09-21 23:00:00,8108.5,8115.7,8107.7,8110.8,3600,2,0,3600
2024-09-22 00:00:00,8110.9,8122.3,8109.1,8116.6,3600,2,0,3600
2024-09-22 01:00:00,8116.5,8123.9,8116.3,8123.4,3600,2,0,3600
2024-09-22 02:00:00,8123.5,8134.4,8122.4,8130.8,3594,2,0,3594
2024-09-22 03:00:00,8130.9,8133.1,8120.6,8121.6,3600,2,0,3600
2024-09-22 04:00:00,8121.5,8126.9,8117.1,8124.6,3600,2,0,3600
2024-09-22 05:00:00,8124.7,8130.3,8122.9,8127.6,3600,2,0,3600
2024-09-22 06:00:00,8127.5,8127.7,8114.0,8118.8,3600,2,0,3600
2024-09-22 07:00:00,8118.7,8126.2,8116.0,8126.0,3600,2,0,3600
2024-09-22 08:00:00,8125.9,8128.1,8115.9,8119.8,3600,2,0,3600
2024-09-22 09:00:00,8119.9,8126.6,8117.2,8117.6,3600,2,0,3600
2024-09-22 10:00:00,8117.5,8120.4,8112.1,8115.6,3600,2,0,3600
2024-09-22 11:00:00,8115.7,8117.2,8107.3,8107.6,3600,2,0,3600
2024-09-22 12:00:00,8107.5,8115.4,8105.2,8114.4,3600,2,0,3600
2024-09-22 13:00:00,8114.3,8120.5,8113.8,8114.2,3600,2,0,3600
2024-09-22 14:00:00,8114.1,8121.6,8111.1,8121.4,3600,2,0,3600
2024-09-22 15:00:00,8121.5,8121.7,8114.2,8115.0,3600,2,0,3600
2024-09-22 16:00:00,8115.1,8117.3,8111.1,8117.0,3600,2,0,3600
2024-09-22 17:00:00,8116.9,8118.3,8109.1,8110.0,3600,2,0,3600
2024-09-22 18:00:00,8109.9,8111.4,8102.3,8108.4,3600,2,0,3600
2024-09-22 19:00:00,8108.3,8112.8,8102.8,8105.8,3600,2,0,3600
2024-09-22 20:00:00,8105.7,8106.3,8098.2,8101.8,3600,2,0,3600
2024-09-22 21:00:00,8101.9,8109.7,8098.8,8106.4,3600,2,0,3600
2024-09-22 22:00:00,8106.3,8107.5,8100.6,8105.4,3600,2,0,3600
2024-09-22 23:00:00,8105.3,8108.9,8100.8,8106.0,3600,2,0,3600
2024-09-23 00:00:00,8106.0,8112.1,8105.5,8111.6,3595,2,0,3595
2024-09-23 01:00:00,8111.7,8116.8,8110.0,8114.4,3600,2,0,3600
2024-09-23 02:00:00,8114.3,8116.1,8107.2,8111.8,3600,2,0,3600
2024-09-23 03:00:00,8111.7,8115.3,8109.0,8112.0,3600,2,0,3600
2024-09-23 04:00:00,8111.9,8111.9,8100.9,8101.0,3600,2,0,3600
2024-09-23 05:00:00,8101.1,8109.4,8097.0,8106.4,3600,2,0,3600
2024-09-23 06:00:00,8106.5,8113.9,8104.9,8107.2,3600,2,0,3600
2024-09-23 07:00:00,8107.3,8108.0,8087.7,8092.6,3600,2,0,3600
2024-09-23 08:00:00,8092.7,8106.0,8090.9,8103.8,3600,2,0,3600
2024-09-23 09:00:00,8103.9,8109.7,8102.6,8104.8,3600,2,0,3600
2024-09-23 10:00:00,8104.9,8106.0,8096.3,8103.8,3600,2,0,3600
2024-09-23 11:00:00,8103.9,8104.5,8095.6,8099.2,3600,2,0,3600
2024-09-23 12:00:00,8099.1,8108.4,8099.0,8106.8,3600,2,0,3600
2024-09-23 13:00:00,8106.7,8110.8,8102.6,8102.8,3600,2,0,3600
2024-09-23 14:00:00,8102.7,8116.1,8101.4,8115.0,3600,2,0,3600
2024-09-23 15:00:00,8115.1,8116.4,8106.2,8107.8,3600,2,0,3600
2024-09-23 16:00:00,8107.9,8111.2,8103.4,8108.4,3600,2,0,3600
2024-09-23 17:00:00,8108.5,8113.1,8102.1,8109.0,3600,2,0,3600
2024-09-23 18:00:00,8108.9,8114.2,8106.5,8111.8,3600,2,0,3600
2024-09-23 19:00:00,8111.7,8124.6,8110.9,8121.8,3600,2,0,3600
2024-09-23 20:00:00,8121.9,8129.1,8118.7,8125.2,3600,2,0,3600
2024-09-23 21:00:00,8125.3,8131.6,8123.7,8126.6,3600,2,0,3600
2024-09-23 22:00:00,8126.5,8128.3,8121.5,8123.4,3600,2,0,3600
2024-09-23 23:00:00,8123.3,8131.5,8122.4,8131.4,3600,2,0,3600
2024-09-24 00:00:00,8131.3,8135.0,8128.5,8130.2,3600,2,0,3600
2024-09-24 01:00:00,8130.3,8142.9,8129.9,8136.0,3600,2,0,3600
2024-09-24 02:00:00,8136.1,8137.1,8130.1,8132.0,3600,2,0,3600
2024-09-24 03:00:00,8131.9,8133.1,8124.7,8131.4,3600,2,0,3600
2024-09-24 04:00:00,8131.5,8137.7,8129.6,8136.0,3600,2,0,3600
2024-09-24 05:00:00,8135.9,8137.6,8124.9,8125.4,3600,2,0,3600
2024-09-24 06:00:00,8125.3,8135.1,8122.4,8133.4,3600,2,0,3600
2024-09-24 07:00:00,8133.3,8145.1,8132.0,8143.0,3600,2,0,3600
2024-09-24 08:00:00,8143.1,8147.1,8141.0,8143.8,3600,2,0,3600
2024-09-24 09:00:00,8143.7,8146.0,8139.9,8145.2,3600,2,0,3600
2024-09-24 10:00:00,8145.1,8151.5,8143.7,8146.8,3600,2,0,3600
2024-09-24 11:00:00,8146.7,8147.3,8140.3,8147.2,3600,2,0,3600
2024-09-24 12:00:00,8147.1,8153.8,8145.8,8148.6,3600,2,0,3600
2024-09-24 13:00:00,8148.5,8149.2,8140.8,8144.8,3600,2,0,3600
2024-09-24 14:00:00,8144.7,8151.0,8142.6,8148.4,3600,2,0,3600
2024-09-24 15:00:00,8148.3,8154.3,8145.0,8149.0,3600,2,0,3600
2024-09-24 16:00:00,8148.9,8150.9,8142.2,8145.6,3600,2,0,3600
2024-09-24 17:00:00,8145.7,8146.1,8138.0,8142.8,3600,2,0,3600
2024-09-24 18:00:00,8142.7,8148.0,8138.5,8139.8,3600,2,0,3600
2024-09-24 19:00:00,8139.7,8142.2,8133.4,8141.2,3600,2,0,3600
2024-09-24 20:00:00,8141.3,8150.4,8140.3,8145.6,3600,2,0,3600
2024-09-24 21:00:00,8145.5,8159.0,8143.5,8157.2,3600,2,0,3600
2024-09-24 22:00:00,8157.3,8163.6,8152.5,8162.0,3600,2,0,3600
2024-09-24 23:00:00,8162.1,8163.2,8152.7,8153.2,3600,2,0,3600
2024-09-25 00:00:00,8153.3,8159.2,8149.9,8154.4,3600,2,0,3600
2024-09-25 01:00:00,8154.5,8160.2,8153.5,8159.6,3600,2,0,3600
2024-09-25 02:00:00,8159.5,8161.8,8154.5,8159.2,3600,2,0,3600
2024-09-25 03:00:00,8159.3,8163.2,8148.5,8150.8,3600,2,0,3600
2024-09-25 04:00:00,8150.9,8151.1,8144.6,8148.6,3600,2,0,3600
2024-09-25 05:00:00,8148.5,8161.4,8148.2,8158.6,3600,2,0,3600
2024-09-25 06:00:00,8158.5,8161.5,8154.8,8159.8,3600,2,0,3600
2024-09-25 07:00:00,8159.7,8170.9,8159.5,8170.0,3600,2,0,3600
2024-09-25 08:00:00,8169.9,8176.1,8166.9,8174.8,3600,2,0,3600
2024-09-25 09:00:00,8174.9,8175.9,8168.9,8172.6,3600,2,0,3600
2024-09-25 10:00:00,8172.5,8173.1,8168.5,8169.0,3600,2,0,3600
2024-09-25 11:00:00,8168.9,8169.5,8161.5,8161.8,3600,2,0,3600
2024-09-25 12:00:00,8161.9,8170.3,8159.8,8168.4,3600,2,0,3600
2024-09-25 13:00:00,8168.5,8188.0,8168.2,8187.8,3600,2,0,3600
2024-09-25 14:00:00,8187.9,8197.1,8187.0,8192.2,3600,2,0,3600
2024-09-25 15:00:00,8192.3,8203.1,8191.6,8202.2,3600,2,0,3600
2024-09-25 16:00:00,8202.1,8207.9,8194.5,8196.6,3600,2,0,3600
2024-09-25 17:00:00,8196.5,8198.3,8191.8,8195.8,3600,2,0,3600
2024-09-25 18:00:00,8195.9,8205.4,8193.4,8200.0,3600,2,0,3600
2024-09-25 19:00:00,8199.9,8201.9,8188.5,8191.0,3600,2,0,3600
2024-09-25 20:00:00,8191.1,8193.4,8189.0,8189.4,3600,2,0,3600
2024-09-25 21:00:00,8189.3,8193.3,8185.1,8186.6,3600,2,0,3600
2024-09-25 22:00:00,8186.7,8188.3,8181.2,8181.4,3600,2,0,3600
2024-09-25 23:00:00,8181.5,8186.3,8177.9,8181.6,3600,2,0,3600
2024-09-26 00:00:00,8181.5,8191.3,8180.1,8185.6,3600,2,0,3600
2024-09-26 01:00:00,8185.7,8189.7,8181.9,8188.4,3600,2,0,3600
2024-09-26 02:00:00,8188.5,8193.5,8181.7,8182.4,3600,2,0,3600
2024-09-26 03:00:00,8182.3,8184.1,8178.4,8182.2,3600,2,0,3600
2024-09-26 04:00:00,8182.1,8186.9,8179.3,8186.8,3600,2,0,3600
2024-09-26 05:00:00,8186.7,8191.5,8184.5,8190.2,3600,2,0,3600
2024-09-26 06:00:00,8190.3,8204.7,8189.8,8199.4,3600,2,0,3600
2024-09-26 07:00:00,8199.5,8202.7,8194.7,8201.0,3600,2,0,3600
2024-09-26 08:00:00,8200.9,8203.1,8192.2,8197.2,3600,2,0,3600
2024-09-26 09:00:00,8197.1,8197.9,8191.2,8191.8,3600,2,0,3600
2024-09-26 10:00:00,8191.9,8198.5,8191.0,8193.4,3600,2,0,3600
2024-09-26 11:00:00,8193.3,8196.4,8190.1,8192.6,3600,2,0,3600
2024-09-26 12:00:00,8192.5,8195.0,8188.3,8192.4,3600,2,0,3600
2024-09-26 13:00:00,8192.3,8194.7,8188.5,8194.4,3600,2,0,3600
2024-09-26 14:00:00,8194.3,8194.4,8184.8,8186.6,3600,2,0,3600
2024-09-26 15:00:00,8186.5,8189.7,8183.0,8185.6,3600,2,0,3600
2024-09-26 16:00:00,8185.7,8197.6,8185.6,8197.0,3600,2,0,3600
2024-09-26 17:00:00,8197.1,8201.5,8191.7,8194.6,3600,2,0,3600
2024-09-26 18:00:00,8194.5,8203.7,8194.3,8196.8,3600,2,0,3600
2024-09-26 19:00:00,8196.7,8202.1,8190.2,8194.4,3600,2,0,3600
2024-09-26 20:00:00,8194.3,8201.1,8193.1,8195.2,3600,2,0,3600
2024-09-26 21:00:00,8195.3,8199.2,8191.0,8191.6,3600,2,0,3600
2024-09-26 22:00:00,8191.7,8197.2,8191.2,8192.8,3600,2,0,3600
2024-09-26 23:00:00,8192.9,8196.1,8189.5,8194.0,3600,2,0,3600
2024-09-27 00:00:00,8194.1,8194.1,8181.6,8185.4,3600,2,0,3600
2024-09-27 01:00:00,8185.3,8185.4,8173.8,8174.6,3600,2,0,3600
2024-09-27 02:00:00,8174.5,8175.6,8169.7,8171.8,3600,2,0,3600
2024-09-27 03:00:00,8171.9,8176.1,8169.9,8171.6,3600,2,0,3600
2024-09-27 04:00:00,8171.7,8171.9,8162.7,8170.0,3600,2,0,3600
2024-09-27 05:00:00,8169.9,8174.5,8168.6,8170.2,3600,2,0,3600
2024-09-27 06:00:00,8170.3,8173.4,8165.9,8172.4,3600,2,0,3600
2024-09-27 07:00:00,8172.3,8172.7,8160.7,8161.4,3600,2,0,3600
2024-09-27 08:00:00,8161.5,8163.6,8156.4,8157.2,3600,2,0,3600
2024-09-27 09:00:00,8157.3,8165.8,8156.3,8164.0,3600,2,0,3600
2024-09-27 10:00:00,8163.9,8172.3,8163.9,8170.4,3600,2,0,3600
2024-09-27 11:00:00,8170.5,8172.7,8161.2,8161.8,3600,2,0,3600
2024-09-27 12:00:00,8161.7,8166.3,8160.1,8162.6,3600,2,0,3600
2024-09-27 13:00:00,8162.5,8170.3,8160.2,8169.0,3600,2,0,3600
2024-09-27 14:00:00,8168.9,8172.6,8164.7,8166.0,3600,2,0,3600
2024-09-27 15:00:00,8165.9,8171.3,8165.2,8169.0,3600,2,0,3600
2024-09-27 16:00:00,8169.1,8174.6,8167.2,8169.6,3600,2,0,3600
2024-09-27 17:00:00,8169.5,8171.9,8164.3,8165.0,3600,2,0,3600
2024-09-27 18:00:00,8165.1,8170.4,8159.9,8164.4,3600,2,0,3600
2024-09-27 19:00:00,8164.5,8169.9,8161.5,8167.2,3600,2,0,3600
2024-09-27 20:00:00,8167.1,8171.1,8162.7,8170.4,3600,2,0,3600
2024-09-27 21:00:00,8170.3,8171.5,8164.8,8171.0,3600,2,0,3600
2024-09-27 22:00:00,8170.9,8171.2,8161.2,8164.2,3600,2,0,3600
2024-09-27 23:00:00,8164.1,8170.6,8160.3,8169.2,3600,2,0,3600
2024-09-28 00:00:00,8169.1,8174.1,8166.4,8171.0,3600,2,0,3600
2024-09-28 01:00:00,8170.9,8170.9,8160.8,8161.8,3600,2,0,3600
2024-09-28 02:00:00,8161.9,8168.6,8158.8,8168.4,3600,2,0,3600
2024-09-28 03:00:00,8168.3,8171.2,8162.1,8164.4,3600,2,0,3600
2024-09-28 04:00:00,8164.3,8165.9,8160.8,8162.8,3600,2,0,3600
2024-09-28 05:00:00,8162.9,8168.0,8161.2,8165.2,3600,2,0,3600
2024-09-28 06:00:00,8165.3,8166.4,8158.6,8161.2,3600,2,0,3600
2024-09-28 07:00:00,8161.1,8171.4,8159.1,8171.2,3600,2,0,3600
2024-09-28 08:00:00,8171.3,8175.5,8169.8,8172.2,3600,2,0,3600
2024-09-28 09:00:00,8172.1,8174.5,8164.4,8170.2,3600,2,0,3600
2024-09-28 10:00:00,8170.3,8175.8,8167.5,8173.6,3600,2,0,3600
2024-09-28 11:00:00,8173.7,8175.0,8169.7,8173.8,3600,2,0,3600
2024-09-28 12:00:00,8173.9,8183.6,8173.7,8180.4,3600,2,0,3600
2024-09-28 13:00:00,8180.3,8181.1,8169.1,8169.4,3600,2,0,3600
2024-09-28 14:00:00,8169.5,8179.6,8169.4,8175.8,3600,2,0,3600
2024-09-28 15:00:00,8175.9,8179.5,8168.1,8170.4,3600,2,0,3600
2024-09-28 16:00:00,8170.3,8170.7,8163.6,8166.0,3600,2,0,3600
2024-09-28 17:00:00,8165.9,8177.7,8164.7,8176.6,3600,2,0,3600
2024-09-28 18:00:00,8176.7,8184.0,8168.9,8169.2,3600,2,0,3600
2024-09-28 19:00:00,8169.1,8169.5,8157.9,8165.6,3600,2,0,3600
2024-09-28 20:00:00,8165.5,8167.3,8150.7,8153.8,3600,2,0,3600
2024-09-28 21:00:00,8153.7,8158.5,8151.0,8156.2,3600,2,0,3600
2024-09-28 22:00:00,8156.1,8159.6,8152.2,8158.0,3600,2,0,3600
2024-09-28 23:00:00,8157.9,8169.6,8157.4,8166.0,3600,2,0,3600
2024-09-29 00:00:00,8166.1,8174.4,8163.0,8173.0,3600,2,0,3600
2024-09-29 01:00:00,8173.1,8173.8,8166.6,8167.8,3600,2,0,3600
2024-09-29 02:00:00,8167.7,8170.0,8165.6,8167.4,3600,2,0,3600
2024-09-29 03:00:00,8167.5,8170.0,8159.0,8167.8,3600,2,0,3600
2024-09-29 04:00:00,8167.7,8177.1,8166.4,8173.4,3600,2,0,3600
2024-09-29 05:00:00,8173.3,8175.0,8163.7,8166.4,3600,2,0,3600
2024-09-29 06:00:00,8166.5,8168.4,8161.5,8162.2,3600,2,0,3600
2024-09-29 07:00:00,8162.3,8166.7,8159.4,8165.8,3600,2,0,3600
2024-09-29 08:00:00,8165.9,8178.5,8165.1,8171.4,3600,2,0,3600
2024-09-29 09:00:00,8171.5,8178.5,8170.4,8177.8,3600,2,0,3600
2024-09-29 10:00:00,8177.9,8183.0,8173.5,8178.6,3600,2,0,3600
2024-09-29 11:00:00,8178.7,8183.8,8176.1,8177.8,3600,2,0,3600
2024-09-29 12:00:00,8177.7,8184.5,8177.5,8182.6,3600,2,0,3600
2024-09-29 13:00:00,8182.7,8189.7,8182.2,8185.0,3600,2,0,3600
2024-09-29 14:00:00,8184.9,8191.2,8184.7,8188.0,3600,2,0,3600
2024-09-29 15:00:00,8187.9,8188.2,8176.9,8177.2,3600,2,0,3600
2024-09-29 16:00:00,8177.3,8178.5,8171.5,8176.0,3600,2,0,3600
2024-09-29 17:00:00,8176.1,8185.1,8174.6,8184.4,3600,2,0,3600
2024-09-29 18:00:00,8184.5,8185.4,8179.0,8180.0,3600,2,0,3600
2024-09-29 19:00:00,8179.9,8180.6,8173.3,8176.0,3600,2,0,3600
2024-09-29 20:00:00,8176.1,8182.2,8172.3,8179.2,3600,2,0,3600
2024-09-29 21:00:00,8179.1,8184.9,8174.4,8179.2,3600,2,0,3600
2024-09-29 22:00:00,8179.3,8184.6,8178.7,8180.6,3600,2,0,3600
2024-09-29 23:00:00,8180.7,8181.5,8173.6,8177.8,3600,2,0,3600
2024-09-30 00:00:00,8177.7,8179.6,8170.5,8172.8,3600,2,0,3600
2024-09-30 01:00:00,8172.7,8177.8,8168.7,8176.0,3600,2,0,3600
2024-09-30 02:00:00,8176.1,8176.2,8166.4,8166.4,3600,2,0,3600
2024-09-30 03:00:00,8166.3,8167.8,8157.3,8158.4,3600,2,0,3600
2024-09-30 04:00:00,8158.5,8158.7,8153.5,8154.4,3600,2,0,3600
2024-09-30 05:00:00,8154.5,8161.7,8153.6,8154.2,3600,2,0,3600
2024-09-30 06:00:00,8154.3,8154.9,8146.7,8147.6,3600,2,0,3600
2024-09-30 07:00:00,8147.7,8151.1,8142.0,8142.4,3600,2,0,3600
2024-09-30 08:00:00,8142.3,8151.7,8141.9,8149.6,3600,2,0,3600
2024-09-30 09:00:00,8149.5,8151.9,8142.3,8145.4,3600,2,0,3600
2024-09-30 10:00:00,8145.5,8145.7,8138.9,8142.2,3600,2,0,3600
2024-09-30 11:00:00,8142.1,8142.6,8133.3,8134.2,3600,2,0,3600
2024-09-30 12:00:00,8134.3,8136.8,8132.0,8133.2,3600,2,0,3600
2024-09-30 13:00:00,8133.1,8139.6,8129.8,8133.2,3600,2,0,3600
2024-09-30 14:00:00,8133.1,8139.5,8129.4,8132.0,3600,2,0,3600
2024-09-30 15:00:00,8131.9,8140.5,8131.8,8138.0,3600,2,0,3600
2024-09-30 16:00:00,8137.9,8138.7,8130.1,8138.6,3600,2,0,3600
2024-09-30 17:00:00,8138.7,8148.9,8138.3,8143.8,3600,2,0,3600
2024-09-30 18:00:00,8143.7,8149.2,8140.7,8146.8,3600,2,0,3600
2024-09-30 19:00:00,8146.9,8157.0,8146.2,8157.0,3600,2,0,3600
2024-09-30 20:00:00,8156.9,8161.6,8154.3,8158.6,3600,2,0,3600
2024-09-30 21:00:00,8158.7,8163.7,8154.3,8162.6,3600,2,0,3600
2024-09-30 22:00:00,8162.7,8174.2,8162.0,8166.2,3600,2,0,3600
2024-09-30 23:00:00,8166.1,8175.0,8165.4,8172.0,3600,2,0,3600
2024-10-01 00:00:00,8171.9,8178.6,8171.8,8176.4,3600,2,0,3600
2024-10-01 01:00:00,8176.3,8181.3,8174.2,8178.4,3600,2,0,3600
2024-10-01 02:00:00,8178.3,8178.5,8163.8,8164.4,3600,2,0,3600
2024-10-01 03:00:00,8164.5,8177.5,8164.4,8175.0,3600,2,0,3600
2024-10-01 04:00:00,8175.1,8179.1,8170.8,8175.4,3600,2,0,3600
2024-10-01 05:00:00,8175.5,8176.4,8168.9,8170.4,3600,2,0,3600
2024-10-01 06:00:00,8170.3,8170.4,8164.1,8168.4,3600,2,0,3600
2024-10-01 07:00:00,8168.5,8172.1,8166.3,8168.4,3600,2,0,3600
2024-10-01 08:00:00,8168.3,8179.9,8165.1,8176.2,3600,2,0,3600
2024-10-01 09:00:00,8176.3,8178.5,8169.1,8173.2,3600,2,0,3600
2024-10-01 10:00:00,8173.3,8185.3,8170.6,8180.8,3600,2,0,3600
2024-10-01 11:00:00,8180.7,8180.7,8165.3,8166.8,3600,2,0,3600
2024-10-01 12:00:00,8166.9,8169.5,8160.9,8164.6,3600,2,0,3600
2024-10-01 13:00:00,8164.5,8167.4,8156.3,8156.6,3600,2,0,3600
2024-10-01 14:00:00,8156.5,8165.7,8155.5,8165.2,3600,2,0,3600
2024-10-01 15:00:00,8165.1,8175.2,8164.5,8172.4,3600,2,0,3600
2024-10-01 16:00:00,8172.5,8179.3,8171.9,8174.6,3600,2,0,3600
2024-10-01 17:00:00,8174.5,8175.6,8163.8,8164.8,3600,2,0,3600
2024-10-01 18:00:00,8164.9,8171.3,8161.5,8170.2,3600,2,0,3600
2024-10-01 19:00:00,8170.1,8184.8,8165.9,8184.6,3600,2,0,3600
2024-10-01 20:00:00,8184.5,8188.8,8180.5,8187.6,3600,2,0,3600
2024-10-01 21:00:00,8187.7,8188.0,8173.4,8175.0,3600,2,0,3600
2024-10-01 22:00:00,8174.9,8175.7,8168.5,8173.0,3600,2,0,3600
2024-10-01 23:00:00,8172.9,8173.6,8162.1,8163.2,3600,2,0,3600
2024-10-02 00:00:00,8163.1,8167.3,8161.5,8165.6,3600,2,0,3600
2024-10-02 01:00:00,8165.7,8170.3,8163.6,8168.6,3600,2,0,3600
2024-10-02 02:00:00,8168.5,8169.1,8162.0,8163.0,3600,2,0,3600
2024-10-02 03:00:00,8163.1,8171.8,8162.9,8165.6,3600,2,0,3600
2024-10-02 04:00:00,8165.5,8171.5,8163.5,8167.2,3600,2,0,3600
2024-10-02 05:00:00,8167.3,8169.1,8157.9,8167.6,3600,2,0,3600
2024-10-02 06:00:00,8167.7,8175.9,8165.9,8166.4,3600,2,0,3600
2024-10-02 07:00:00,8166.5,8170.2,8162.2,8164.4,3600,2,0,3600
2024-10-02 08:00:00,8164.3,8168.1,8156.6,8157.0,3600,2,0,3600
2024-10-02 09:00:00,8157.1,8167.6,8156.1,8165.6,3600,2,0,3600
2024-10-02 10:00:00,8165.5,8168.3,8161.8,8163.0,3600,2,0,3600
2024-10-02 11:00:00,8162.9,8164.2,8150.8,8153.6,3600,2,0,3600
2024-10-02 12:00:00,8153.5,8153.8,8145.0,8145.2,3600,2,0,3600
2024-10-02 13:00:00,8145.1,8145.6,8123.2,8123.6,3600,2,0,3600
2024-10-02 14:00:00,8123.5,8131.6,8122.6,8129.6,3600,2,0,3600
2024-10-02 15:00:00,8129.7,8134.2,8126.2,8129.0,3600,2,0,3600
2024-10-02 16:00:00,8128.9,8130.4,8120.8,8125.0,3600,2,0,3600
2024-10-02 17:00:00,8124.9,8127.2,8112.8,8117.8,3600,2,0,3600
2024-10-02 18:00:00,8117.7,8126.3,8117.6,8124.0,3600,2,0,3600
2024-10-02 19:00:00,8124.1,8129.6,8123.4,8127.2,3600,2,0,3600
2024-10-02 20:00:00,8127.3,8137.2,8126.7,8132.8,3600,2,0,3600
2024-10-02 21:00:00,8132.7,8137.7,8129.7,8133.2,3600,2,0,3600
2024-10-02 22:00:00,8133.3,8136.9,8131.0,8132.6,3600,2,0,3600
2024-10-02 23:00:00,8132.7,8136.4,8130.6,8135.4,3600,2,0,3600
2024-10-03 00:00:00,8135.3,8140.2,8128.8,8140.0,3600,2,0,3600
2024-10-03 01:00:00,8140.1,8148.3,8138.9,8143.8,3600,2,0,3600
2024-10-03 02:00:00,8143.7,8149.1,8141.3,8146.2,3600,2,0,3600
2024-10-03 03:00:00,8146.3,8153.7,8141.6,8151.6,3600,2,0,3600
2024-10-03 04:00:00,8151.7,8152.6,8143.3,8149.6,3600,2,0,3600
2024-10-03 05:00:00,8149.7,8153.2,8142.9,8152.6,3600,2,0,3600
2024-10-03 06:00:00,8152.5,8156.9,8143.0,8144.8,3600,2,0,3600
2024-10-03 07:00:00,8144.9,8148.0,8142.0,8146.2,3600,2,0,3600
2024-10-03 08:00:00,8146.3,8149.3,8140.4,8145.2,3600,2,0,3600
2024-10-03 09:00:00,8145.3,8147.0,8127.3,8127.6,3600,2,0,3600
2024-10-03 10:00:00,8127.7,8136.5,8125.8,8134.2,3600,2,0,3600
2024-10-03 11:00:00,8134.3,8140.4,8130.7,8136.6,3600,2,0,3600
2024-10-03 12:00:00,8136.5,8137.2,8121.8,8123.8,3600,2,0,3600
2024-10-03 13:00:00,8123.9,8124.7,8120.2,8123.4,3600,2,0,3600
2024-10-03 14:00:00,8123.5,8128.5,8119.9,8123.6,3600,2,0,3600
2024-10-03 15:00:00,8123.5,8132.2,8121.6,8130.8,3600,2,0,3600
2024-10-03 16:00:00,8130.9,8138.9,8126.9,8127.2,3600,2,0,3600
2024-10-03 17:00:00,8127.1,8133.2,8124.8,8125.2,3600,2,0,3600
2024-10-03 18:00:00,8125.1,8128.5,8117.3,8120.4,3600,2,0,3600
2024-10-03 19:00:00,8120.3,8127.6,8119.8,8125.4,3600,2,0,3600
2024-10-03 20:00:00,8125.3,8126.3,8111.4,8114.2,3600,2,0,3600
2024-10-03 21:00:00,8114.3,8115.7,8104.9,8108.4,3600,2,0,3600
2024-10-03 22:00:00,8108.3,8113.6,8105.7,8109.4,3600,2,0,3600
2024-10-03 23:00:00,8109.5,8114.4,8107.5,8111.0,3600,2,0,3600
2024-10-04 00:00:00,8110.9,8117.2,8105.9,8116.4,3600,2,0,3600
2024-10-04 01:00:00,8116.3,8116.5,8110.0,8114.2,3600,2,0,3600
2024-10-04 02:00:00,8114.1,8117.6,8109.6,8113.0,3600,2,0,3600
2024-10-04 03:00:00,8112.9,8119.3,8110.2,8116.4,3600,2,0,3600
2024-10-04 04:00:00,8116.5,8122.8,8112.6,8121.4,3600,2,0,3600
2024-10-04 05:00:00,8121.3,8126.8,8120.1,8120.4,3600,2,0,3600
2024-10-04 06:00:00,8120.3,8121.4,8110.5,8113.6,3600,2,0,3600
2024-10-04 07:00:00,8113.5,8121.5,8109.4,8119.6,3600,2,0,3600
2024-10-04 08:00:00,8119.7,8126.8,8117.0,8119.6,3600,2,0,3600
2024-10-04 09:00:00,8119.7,8121.0,8111.5,8113.2,3600,2,0,3600
2024-10-04 10:00:00,8113.1,8113.9,8107.1,8109.8,3600,2,0,3600
2024-10-04 11:00:00,8109.9,8110.5,8101.7,8110.4,3600,2,0,3600
2024-10-04 12:00:00,8110.3,8117.5,8107.9,8117.2,3600,2,0,3600
2024-10-04 13:00:00,8117.3,8117.5,8106.0,8106.2,3600,2,0,3600
2024-10-04 14:00:00,8106.3,8109.3,8099.8,8102.0,3600,2,0,3600
2024-10-04 15:00:00,8101.9,8105.4,8099.2,8103.0,3600,2,0,3600
2024-10-04 16:00:00,8103.1,8105.1,8094.1,8097.2,3600,2,0,3600
2024-10-04 17:00:00,8097.1,8098.4,8083.7,8085.4,3600,2,0,3600
2024-10-04 18:00:00,8085.5,8086.5,8080.6,8082.0,3600,2,0,3600
2024-10-04 19:00:00,8082.1,8083.5,8074.5,8074.8,3600,2,0,3600
2024-10-04 20:00:00,8074.9,8081.3,8073.2,8078.4,3600,2,0,3600
2024-10-04 21:00:00,8078.5,8080.9,8070.2,8076.4,3600,2,0,3600
2024-10-04 22:00:00,8076.3,8087.6,8075.8,8081.6,3600,2,0,3600
2024-10-04 23:00:00,8081.7,8085.0,8079.2,8084.6,3600,2,0,3600
2024-10-05 00:00:00,8084.7,8085.5,8077.5,8077.6,3600,2,0,3600
2024-10-05 01:00:00,8077.5,8082.3,8071.8,8073.2,3600,2,0,3600
2024-10-05 02:00:00,8073.1,8076.5,8069.5,8074.8,3600,2,0,3600
2024-10-05 03:00:00,8074.9,8079.1,8072.7,8074.6,3600,2,0,3600
2024-10-05 04:00:00,8074.5,8087.0,8073.9,8085.6,3600,2,0,3600
2024-10-05 05:00:00,8085.7,8087.4,8075.7,8081.2,3600,2,0,3600
2024-10-05 06:00:00,8081.1,8088.3,8080.8,8087.6,3600,2,0,3600
2024-10-05 07:00:00,8087.7,8088.5,8083.4,8085.0,3600,2,0,3600
2024-10-05 08:00:00,8085.1,8089.2,8082.5,8083.2,3600,2,0,3600
2024-10-05 09:00:00,8083.3,8093.3,8082.1,8093.2,3600,2,0,3600
2024-10-05 10:00:00,8093.1,8104.2,8093.1,8097.2,3600,2,0,3600
2024-10-05 11:00:00,8097.1,8101.6,8090.9,8092.6,3600,2,0,3600
2024-10-05 12:00:00,8092.5,8096.8,8088.7,8096.8,3600,2,0,3600
2024-10-05 13:00:00,8096.9,8097.4,8085.2,8089.6,3600,2,0,3600
2024-10-05 14:00:00,8089.5,8093.5,8086.2,8091.2,3600,2,0,3600
2024-10-05 15:00:00,8091.1,8097.2,8090.2,8091.2,3600,2,0,3600
2024-10-05 16:00:00,8091.3,8099.3,8087.9,8096.2,3600,2,0,3600
2024-10-05 17:00:00,8096.1,8096.8,8084.0,8093.0,3600,2,0,3600
2024-10-05 18:00:00,8093.1,8093.9,8083.7,8087.6,3600,2,0,3600
2024-10-05 19:00:00,8087.7,8090.6,8082.6,8089.2,3600,2,0,3600
2024-10-05 20:00:00,8089.1,8095.2,8088.1,8090.6,3600,2,0,3600
2024-10-05 21:00:00,8090.7,8093.3,8081.3,8082.0,3600,2,0,3600
2024-10-05 22:00:00,8082.1,8091.6,8081.8,8090.8,3600,2,0,3600
2024-10-05 23:00:00,8090.9,8092.9,8085.5,8089.6,3600,2,0,3600
2024-10-06 00:00:00,8089.7,8104.1,8089.4,8103.0,3600,2,0,3600
2024-10-06 01:00:00,8103.1,8111.1,8100.7,8101.0,3600,2,0,3600
2024-10-06 02:00:00,8100.9,8103.7,8096.3,8099.4,3600,2,0,3600
2024-10-06 03:00:00,8099.5,8102.3,8086.3,8088.4,3600,2,0,3600
2024-10-06 04:00:00,8088.3,8091.0,8076.6,8076.8,3600,2,0,3600
2024-10-06 05:00:00,8076.7,8082.4,8071.3,8082.4,3600,2,0,3600
2024-10-06 06:00:00,8082.3,8102.9,8082.3,8101.6,3600,2,0,3600
2024-10-06 07:00:00,8101.5,8104.2,8097.6,8100.4,3600,2,0,3600
2024-10-06 08:00:00,8100.5,8104.8,8094.9,8098.8,3600,2,0,3600
2024-10-06 09:00:00,8098.9,8101.8,8096.3,8096.8,3600,2,0,3600
2024-10-06 10:00:00,8096.9,8100.6,8092.9,8099.6,3600,2,0,3600
2024-10-06 11:00:00,8099.7,8103.4,8094.1,8099.2,3600,2,0,3600
2024-10-06 12:00:00,8099.1,8102.0,8091.3,8095.6,3600,2,0,3600
2024-10-06 13:00:00,8095.5,8110.0,8094.7,8109.0,3600,2,0,3600
2024-10-06 14:00:00,8108.9,8112.3,8102.9,8105.8,3600,2,0,3600
2024-10-06 15:00:00,8105.7,8110.0,8100.9,8104.2,3600,2,0,3600
2024-10-06 16:00:00,8104.3,8114.0,8102.5,8113.8,3600,2,0,3600
2024-10-06 17:00:00,8113.9,8119.7,8111.3,8117.2,3600,2,0,3600
2024-10-06 18:00:00,8117.3,8127.3,8115.8,8126.4,3600,2,0,3600
2024-10-06 19:00:00,8126.5,8131.4,8122.9,8129.6,3600,2,0,3600
2024-10-06 20:00:00,8129.5,8130.4,8116.6,8117.0,3600,2,0,3600
2024-10-06 21:00:00,8116.9,8126.6,8115.3,8124.2,3600,2,0,3600
2024-10-06 22:00:00,8124.3,8134.8,8123.2,8132.6,3600,2,0,3600
2024-10-06 23:00:00,8132.5,8134.9,8120.7,8121.8,3600,2,0,3600
2024-10-07 00:00:00,8121.7,8126.5,8120.6,8121.8,3600,2,0,3600
2024-10-07 01:00:00,8121.9,8126.7,8120.0,8121.0,3600,2,0,3600
2024-10-07 02:00:00,8121.1,8128.4,8120.0,8127.0,3600,2,0,3600
2024-10-07 03:00:00,8126.9,8131.8,8125.2,8126.4,3600,2,0,3600
2024-10-07 04:00:00,8126.5,8131.6,8123.4,8123.6,3600,2,0,3600
2024-10-07 05:00:00,8123.5,8129.7,8119.7,8128.6,3600,2,0,3600
2024-10-07 06:00:00,8128.5,8131.8,8123.7,8125.0,3600,2,0,3600
2024-10-07 07:00:00,8125.1,8126.9,8111.9,8114.2,3600,2,0,3600
2024-10-07 08:00:00,8114.1,8118.5,8110.3,8111.0,3600,2,0,3600
2024-10-07 09:00:00,8110.9,8111.5,8104.6,8105.2,3600,2,0,3600
2024-10-07 10:00:00,8105.3,8112.8,8104.1,8108.4,3600,2,0,3600
2024-10-07 11:00:00,8108.3,8110.5,8103.0,8103.4,3600,2,0,3600
2024-10-07 12:00:00,8103.5,8104.4,8092.5,8094.6,3600,2,0,3600
2024-10-07 13:00:00,8094.5,8094.8,8086.3,8089.2,3600,2,0,3600
2024-10-07 14:00:00,8089.1,8096.6,8088.8,8093.8,3600,2,0,3600
2024-10-07 15:00:00,8093.9,8103.4,8093.1,8101.0,3600,2,0,3600
2024-10-07 16:00:00,8100.9,8102.1,8094.4,8100.0,3600,2,0,3600
2024-10-07 17:00:00,8099.9,8100.1,8092.4,8092.8,3600,2,0,3600
2024-10-07 18:00:00,8092.9,8097.9,8088.6,8096.8,3600,2,0,3600
2024-10-07 19:00:00,8096.9,8097.2,8084.0,8090.8,3600,2,0,3600
2024-10-07 20:00:00,8090.7,8096.0,8088.2,8089.8,3600,2,0,3600
2024-10-07 21:00:00,8089.9,8098.6,8087.1,8097.8,3600,2,0,3600
2024-10-07 22:00:00,8097.7,8103.8,8094.7,8102.2,3600,2,0,3600
2024-10-07 23:00:00,8102.1,8105.1,8098.6,8102.0,3600,2,0,3600
2024-10-08 00:00:00,8101.9,8107.7,8096.3,8097.2,3600,2,0,3600
2024-10-08 01:00:00,8097.3,8105.4,8097.0,8104.2,3600,2,0,3600
2024-10-08 02:00:00,8104.3,8107.2,8100.6,8104.6,3600,2,0,3600
2024-10-08 03:00:00,8104.7,8108.5,8102.2,8107.4,3600,2,0,3600
2024-10-08 04:00:00,8107.5,8111.9,8105.8,8109.0,3600,2,0,3600
2024-10-08 05:00:00,8109.1,8116.7,8109.0,8116.2,3600,2,0,3600
2024-10-08 06:00:00,8116.1,8130.3,8113.1,8123.2,3600,2,0,3600
2024-10-08 07:00:00,8123.1,8129.7,8122.4,8128.8,3600,2,0,3600
2024-10-08 08:00:00,8128.9,8133.6,8122.1,8133.2,3600,2,0,3600
2024-10-08 09:00:00,8133.3,8135.7,8130.8,8135.6,3600,2,0,3600
2024-10-08 10:00:00,8135.5,8139.0,8128.3,8129.4,3600,2,0,3600
2024-10-08 11:00:00,8129.5,8135.7,8128.5,8135.2,3600,2,0,3600
2024-10-08 12:00:00,8135.3,8138.9,8128.0,8135.6,3600,2,0,3600
2024-10-08 13:00:00,8135.7,8136.6,8131.4,8136.4,3600,2,0,3600
2024-10-08 14:00:00,8136.5,8139.8,8132.6,8136.6,3600,2,0,3600
2024-10-08 15:00:00,8136.5,8137.1,8130.1,8132.4,3600,2,0,3600
2024-10-08 16:00:00,8132.3,8135.8,8125.0,8128.0,3600,2,0,3600
2024-10-08 17:00:00,8127.9,8128.3,8115.6,8119.6,3600,2,0,3600
2024-10-08 18:00:00,8119.7,8122.5,8114.0,8118.2,3600,2,0,3600
2024-10-08 19:00:00,8118.1,8129.1,8116.2,8117.6,3600,2,0,3600
2024-10-08 20:00:00,8117.5,8119.6,8113.7,8113.8,3590,2,0,3590
2024-10-08 21:00:00,8113.7,8117.5,8111.4,8117.2,3600,2,0,3600
2024-10-08 22:00:00,8117.3,8120.4,8115.7,8116.6,3600,2,0,3600
2024-10-08 23:00:00,8116.5,8128.8,8115.7,8127.2,3600,2,0,3600
2024-10-09 00:00:00,8127.1,8127.2,8122.2,8126.4,3600,2,0,3600
2024-10-09 01:00:00,8126.3,8135.8,8124.8,8135.2,3600,2,0,3600
2024-10-09 02:00:00,8135.1,8141.8,8133.1,8138.0,3600,2,0,3600
2024-10-09 03:00:00,8138.1,8145.2,8137.7,8143.4,3600,2,0,3600
2024-10-09 04:00:00,8143.5,8143.6,8135.1,8136.0,3600,2,0,3600
2024-10-09 05:00:00,8135.9,8139.8,8133.7,8139.2,3600,2,0,3600
2024-10-09 06:00:00,8139.1,8152.2,8137.9,8152.2,3600,2,0,3600
2024-10-09 07:00:00,8152.1,8154.6,8142.7,8145.2,3600,2,0,3600
2024-10-09 08:00:00,8145.3,8147.0,8132.7,8133.6,3600,2,0,3600
2024-10-09 09:00:00,8133.7,8142.2,8132.3,8134.0,3600,2,0,3600
2024-10-09 10:00:00,8134.1,8135.7,8127.6,8128.0,3600,2,0,3600
2024-10-09 11:00:00,8128.1,8130.9,8125.1,8126.8,3600,2,0,3600
2024-10-09 12:00:00,8126.9,8132.8,8121.0,8132.4,3600,2,0,3600
2024-10-09 13:00:00,8132.3,8132.7,8123.2,8127.6,3600,2,0,3600
2024-10-09 14:00:00,8127.5,8130.3,8123.7,8128.4,3600,2,0,3600
2024-10-09 15:00:00,8128.3,8135.8,8124.2,8135.6,3600,2,0,3600
2024-10-09 16:00:00,8135.5,8136.7,8122.1,8124.4,3600,2,0,3600
2024-10-09 17:00:00,8124.5,8127.8,8115.3,8115.8,3600,2,0,3600
2024-10-09 18:00:00,8115.7,8122.9,8115.6,8120.4,3600,2,0,3600
2024-10-09 19:00:00,8120.3,8135.3,8119.3,8132.4,3600,2,0,3600
2024-10-09 20:00:00,8132.3,8132.7,8122.5,8130.8,3600,2,0,3600
2024-10-09 21:00:00,8130.9,8135.7,8129.1,8130.8,3600,2,0,3600
2024-10-09 22:00:00,8130.9,8133.5,8124.8,8125.0,3600,2,0,3600
2024-10-09 23:00:00,8124.9,8128.8,8118.5,8120.8,3600,2,0,3600
2024-10-10 00:00:00,8120.9,8122.5,8117.2,8119.0,3600,2,0,3600
2024-10-10 01:00:00,8118.9,8119.1,8109.7,8112.0,3600,2,0,3600
2024-10-10 02:00:00,8111.9,8115.0,8109.1,8111.6,3600,2,0,3600
2024-10-10 03:00:00,8111.5,8112.2,8104.0,8105.8,3600,2,0,3600
2024-10-10 04:00:00,8105.7,8111.2,8104.5,8106.0,3600,2,0,3600
2024-10-10 05:00:00,8105.9,8106.0,8097.0,8102.8,3600,2,0,3600
2024-10-10 06:00:00,8102.7,8106.3,8098.7,8100.2,3600,2,0,3600
2024-10-10 07:00:00,8100.1,8115.0,8099.3,8113.2,3600,2,0,3600
2024-10-10 08:00:00,8113.1,8125.6,8112.8,8124.4,3600,2,0,3600
2024-10-10 09:00:00,8124.3,8131.1,8122.8,8125.8,3600,2,0,3600
2024-10-10 10:00:00,8125.9,8127.3,8119.4,8125.4,3600,2,0,3600
2024-10-10 11:00:00,8125.3,8131.3,8124.7,8125.0,3600,2,0,3600
2024-10-10 12:00:00,8124.9,8128.8,8117.0,8117.2,3600,2,0,3600
2024-10-10 13:00:00,8117.3,8130.2,8115.9,8127.8,3600,2,0,3600
2024-10-10 14:00:00,8127.9,8129.2,8122.1,8129.2,3600,2,0,3600
2024-10-10 15:00:00,8129.3,8133.1,8126.7,8132.6,3600,2,0,3600
2024-10-10 16:00:00,8132.7,8138.0,8130.7,8134.8,3600,2,0,3600
2024-10-10 17:00:00,8134.7,8147.9,8134.3,8145.2,3600,2,0,3600
2024-10-10 18:00:00,8145.3,8152.5,8143.3,8149.2,3600,2,0,3600
2024-10-10 19:00:00,8149.3,8155.2,8148.3,8150.4,3600,2,0,3600
2024-10-10 20:00:00,8150.3,8153.2,8144.9,8145.8,3600,2,0,3600
2024-10-10 21:00:00,8145.9,8156.9,8143.7,8153.2,3600,2,0,3600
2024-10-10 22:00:00,8153.1,8161.9,8151.0,8153.8,3600,2,0,3600
2024-10-10 23:00:00,8153.7,8167.5,8151.7,8164.6,3600,2,0,3600
2024-10-11 00:00:00,8164.7,8174.7,8164.1,8169.0,3600,2,0,3600
2024-10-11 01:00:00,8169.1,8173.7,8167.6,8169.8,3600,2,0,3600
2024-10-11 02:00:00,8169.9,8175.2,8168.5,8169.2,3600,2,0,3600
2024-10-11 03:00:00,8169.1,8178.1,8166.9,8177.4,3600,2,0,3600
2024-10-11 04:00:00,8177.5,8184.4,8172.3,8172.4,3600,2,0,3600
2024-10-11 05:00:00,8172.3,8183.9,8168.1,8183.8,3600,2,0,3600
2024-10-11 06:00:00,8183.7,8186.4,8179.0,8181.2,3600,2,0,3600
2024-10-11 07:00:00,8181.1,8186.5,8179.0,8185.6,3600,2,0,3600
2024-10-11 08:00:00,8185.7,8188.9,8182.7,8188.0,3600,2,0,3600
2024-10-11 09:00:00,8187.9,8196.6,8185.6,8190.0,3600,2,0,3600
2024-10-11 10:00:00,8190.1,8192.6,8185.1,8191.8,3600,2,0,3600
2024-10-11 11:00:00,8191.9,8201.0,8191.9,8196.2,3600,2,0,3600
2024-10-11 12:00:00,8196.1,8208.3,8195.8,8204.2,3600,2,0,3600
2024-10-11 13:00:00,8204.3,8205.1,8194.5,8196.4,3600,2,0,3600
2024-10-11 14:00:00,8196.5,8205.7,8196.5,8200.6,3600,2,0,3600
2024-10-11 15:00:00,8200.5,8201.8,8195.4,8197.4,3600,2,0,3600
2024-10-11 16:00:00,8197.3,8199.6,8186.9,8188.4,3600,2,0,3600
2024-10-11 17:00:00,8188.5,8193.6,8183.6,8187.4,3600,2,0,3600
2024-10-11 18:00:00,8187.5,8191.5,8181.5,8184.8,3600,2,0,3600
2024-10-11 19:00:00,8184.9,8192.1,8183.5,8188.6,3600,2,0,3600
2024-10-11 20:00:00,8188.7,8195.2,8186.3,8192.4,3600,2,0,3600
2024-10-11 21:00:00,8192.3,8192.7,8178.8,8183.6,3600,2,0,3600
2024-10-11 22:00:00,8183.7,8184.9,8177.2,8183.4,3600,2,0,3600
2024-10-11 23:00:00,8183.3,8189.1,8181.8,8184.2,3600,2,0,3600
2024-10-12 00:00:00,8184.3,8202.2,8184.1,8202.2,3600,2,0,3600
2024-10-12 01:00:00,8202.3,8206.8,8197.1,8198.2,3600,2,0,3600
2024-10-12 02:00:00,8198.1,8211.3,8195.7,8210.2,3600,2,0,3600
2024-10-12 03:00:00,8210.1,8214.1,8207.7,8208.6,3600,2,0,3600
2024-10-12 04:00:00,8208.7,8219.3,8208.7,8219.0,3600,2,0,3600
2024-10-12 05:00:00,8218.9,8227.2,8218.6,8224.8,3600,2,0,3600
2024-10-12 06:00:00,8224.9,8226.0,8215.1,8215.6,3600,2,0,3600
2024-10-12 07:00:00,8215.7,8223.2,8214.3,8219.6,3600,2,0,3600
2024-10-12 08:00:00,8219.5,8220.2,8209.9,8210.2,3600,2,0,3600
2024-10-12 09:00:00,8210.3,8211.7,8204.9,8211.4,3600,2,0,3600
2024-10-12 10:00:00,8211.3,8213.7,8207.5,8209.6,3600,2,0,3600
2024-10-12 11:00:00,8209.7,8211.2,8200.1,8201.6,3600,2,0,3600
2024-10-12 12:00:00,8201.7,8202.0,8190.6,8196.2,3600,2,0,3600
2024-10-12 13:00:00,8196.3,8203.2,8194.4,8202.6,3600,2,0,3600
2024-10-12 14:00:00,8202.5,8203.1,8191.9,8192.4,3600,2,0,3600
2024-10-12 15:00:00,8192.3,8194.5,8177.3,8177.6,3600,2,0,3600
2024-10-12 16:00:00,8177.7,8181.5,8173.2,8174.4,3600,2,0,3600
2024-10-12 17:00:00,8174.5,8176.8,8168.4,8175.4,3600,2,0,3600
2024-10-12 18:00:00,8175.3,8190.2,8172.8,8186.4,3600,2,0,3600
2024-10-12 19:00:00,8186.3,8198.7,8185.5,8195.4,3600,2,0,3600
2024-10-12 20:00:00,8195.3,8195.3,8188.4,8191.4,3600,2,0,3600
2024-10-12 21:00:00,8191.5,8196.2,8189.9,8192.0,3600,2,0,3600
2024-10-12 22:00:00,8191.9,8195.3,8189.3,8191.0,3600,2,0,3600
2024-10-12 23:00:00,8191.1,8194.8,8187.0,8187.4,3600,2,0,3600
2024-10-13 00:00:00,8187.3,8188.4,8173.7,8174.2,3600,2,0,3600
2024-10-13 01:00:00,8174.3,8175.3,8164.2,8164.8,3386,2,0,3386
2024-10-13 02:00:00,8164.9,8167.0,8159.9,8166.2,3600,2,0,3600
2024-10-13 03:00:00,8166.3,8171.4,8163.6,8169.8,3600,2,0,3600
2024-10-13 04:00:00,8169.7,8178.1,8168.9,8176.4,3600,2,0,3600
2024-10-13 05:00:00,8176.3,8178.8,8168.1,8170.0,3600,2,0,3600
2024-10-13 06:00:00,8169.9,8176.0,8168.3,8172.4,3600,2,0,3600
2024-10-13 07:00:00,8172.3,8174.6,8165.1,8167.6,3600,2,0,3600
2024-10-13 08:00:00,8167.5,8170.9,8163.2,8166.4,3600,2,0,3600
2024-10-13 09:00:00,8166.5,8166.7,8154.7,8157.4,3600,2,0,3600
2024-10-13 10:00:00,8157.5,8171.8,8157.1,8168.6,3600,2,0,3600
2024-10-13 11:00:00,8168.5,8169.2,8159.5,8160.8,3600,2,0,3600
2024-10-13 12:00:00,8160.7,8161.6,8153.6,8155.6,3600,2,0,3600
2024-10-13 13:00:00,8155.7,8165.8,8154.7,8163.6,3600,2,0,3600
2024-10-13 14:00:00,8163.7,8164.6,8156.9,8159.6,3600,2,0,3600
2024-10-13 15:00:00,8159.7,8165.1,8158.7,8163.8,3600,2,0,3600
2024-10-13 16:00:00,8163.9,8174.0,8163.7,8173.2,3600,2,0,3600
2024-10-13 17:00:00,8173.3,8174.2,8157.5,8161.8,3600,2,0,3600
2024-10-13 18:00:00,8161.9,8163.5,8154.6,8161.0,3600,2,0,3600
2024-10-13 19:00:00,8161.1,8177.4,8160.4,8177.4,3600,2,0,3600
2024-10-13 20:00:00,8177.5,8180.8,8173.6,8177.0,3600,2,0,3600
2024-10-13 21:00:00,8177.1,8177.4,8163.9,8166.6,3600,2,0,3600
2024-10-13 22:00:00,8166.7,8167.4,8160.2,8162.2,3600,2,0,3600
2024-10-13 23:00:00,8162.1,8168.6,8158.6,8168.0,3600,2,0,3600
2024-10-14 00:00:00,8168.1,8169.0,8157.1,8166.6,3600,2,0,3600
2024-10-14 01:00:00,8166.7,8170.3,8162.7,8167.6,3600,2,0,3600
2024-10-14 02:00:00,8167.7,8171.6,8161.1,8161.6,3600,2,0,3600
2024-10-14 03:00:00,8161.5,8161.9,8151.0,8154.6,3600,2,0,3600
2024-10-14 04:00:00,8154.7,8155.0,8148.9,8152.8,3600,2,0,3600
2024-10-14 05:00:00,8152.9,8154.4,8144.8,8149.4,3600,2,0,3600
2024-10-14 06:00:00,8149.3,8150.4,8139.3,8142.8,3600,2,0,3600
2024-10-14 07:00:00,8142.7,8146.2,8138.9,8144.2,3600,2,0,3600
2024-10-14 08:00:00,8144.1,8147.0,8136.2,8137.2,3600,2,0,3600
2024-10-14 09:00:00,8137.3,8141.0,8125.2,8125.2,3600,2,0,3600
2024-10-14 10:00:00,8125.1,8134.7,8123.5,8128.2,3600,2,0,3600
2024-10-14 11:00:00,8128.1,8134.5,8127.4,8128.4,3600,2,0,3600
2024-10-14 12:00:00,8128.3,8129.5,8123.2,8126.4,3600,2,0,3600
2024-10-14 13:00:00,8126.3,8130.2,8124.9,8125.4,3600,2,0,3600
2024-10-14 14:00:00,8125.3,8128.0,8119.2,8123.2,3600,2,0,3600
2024-10-14 15:00:00,8123.3,8124.1,8106.2,8106.4,3600,2,0,3600
2024-10-14 16:00:00,8106.5,8108.2,8098.0,8099.2,3600,2,0,3600
2024-10-14 17:00:00,8099.3,8101.1,8090.8,8096.2,3600,2,0,3600
2024-10-14 18:00:00,8096.3,8096.9,8087.6,8096.8,3600,2,0,3600
2024-10-14 19:00:00,8096.7,8101.7,8091.6,8100.2,3600,2,0,3600
2024-10-14 20:00:00,8100.3,8109.7,8096.2,8105.4,3600,2,0,3600
2024-10-14 21:00:00,8105.5,8106.0,8100.7,8101.8,3600,2,0,3600
2024-10-14 22:00:00,8101.9,8108.2,8100.8,8108.0,3600,2,0,3600
2024-10-14 23:00:00,8108.1,8114.5,8107.0,8108.0,3600,2,0,3600
2024-10-15 00:00:00,8107.9,8117.5,8105.5,8116.4,3600,2,0,3600
2024-10-15 01:00:00,8116.3,8119.0,8110.0,8118.0,3600,2,0,3600
2024-10-15 02:00:00,8117.9,8121.1,8113.8,8117.6,3600,2,0,3600
2024-10-15 03:00:00,8117.7,8124.2,8116.6,8122.2,3600,2,0,3600
2024-10-15 04:00:00,8122.1,8123.2,8117.6,8121.4,3600,2,0,3600
2024-10-15 05:00:00,8121.3,8128.1,8121.2,8123.2,3600,2,0,3600
2024-10-15 06:00:00,8123.1,8124.5,8118.1,8120.0,3600,2,0,3600
2024-10-15 07:00:00,8120.1,8121.5,8113.6,8115.6,3600,2,0,3600
2024-10-15 08:00:00,8115.7,8116.0,8108.7,8109.8,3600,2,0,3600
2024-10-15 09:00:00,8109.7,8112.1,8105.5,8109.2,3600,2,0,3600
2024-10-15 10:00:00,8109.3,8115.5,8107.8,8113.2,3600,2,0,3600
2024-10-15 11:00:00,8113.1,8119.0,8111.9,8112.6,3600,2,0,3600
2024-10-15 12:00:00,8112.5,8116.9,8110.0,8116.2,3600,2,0,3600
2024-10-15 13:00:00,8116.3,8120.5,8114.8,8116.4,3600,2,0,3600
2024-10-15 14:00:00,8116.3,8118.2,8111.3,8116.4,3600,2,0,3600
2024-10-15 15:00:00,8116.3,8122.3,8115.0,8119.4,3600,2,0,3600
2024-10-15 16:00:00,8119.5,8126.3,8118.6,8122.6,3600,2,0,3600
2024-10-15 17:00:00,8122.5,8123.7,8119.4,8122.2,3600,2,0,3600
2024-10-15 18:00:00,8122.3,8128.3,8117.9,8128.0,3600,2,0,3600
2024-10-15 19:00:00,8128.1,8139.5,8128.1,8139.4,3600,2,0,3600
2024-10-15 20:00:00,8139.5,8139.7,8130.4,8135.7,3593,2,0,3593
2024-10-15 21:00:00,8135.8,8136.1,8125.6,8128.1,3598,2,0,3598
2024-10-15 22:00:00,8128.2,8135.5,8128.0,8132.9,3600,2,0,3600
2024-10-15 23:00:00,8133.0,8140.1,8126.0,8137.3,3600,2,0,3600
2024-10-16 00:00:00,8137.2,8141.7,8135.5,8137.7,3600,2,0,3600
2024-10-16 01:00:00,8137.6,8144.9,8133.8,8143.9,3600,2,0,3600
2024-10-16 02:00:00,8143.8,8147.9,8139.6,8146.0,3599,2,0,3599
2024-10-16 03:00:00,8146.1,8148.6,8141.4,8147.4,3600,2,0,3600
2024-10-16 04:00:00,8147.3,8147.7,8133.5,8133.8,3600,2,0,3600
2024-10-16 05:00:00,8133.7,8136.4,8130.0,8131.0,3600,2,0,3600
2024-10-16 06:00:00,8131.1,8139.0,8130.2,8134.6,3600,2,0,3600
2024-10-16 07:00:00,8134.7,8134.7,8123.1,8123.2,3600,2,0,3600
2024-10-16 08:00:00,8123.3,8131.5,8122.9,8130.0,3600,2,0,3600
2024-10-16 09:00:00,8130.1,8130.1,8117.6,8121.6,3600,2,0,3600
2024-10-16 10:00:00,8121.5,8138.2,8121.0,8134.4,3600,2,0,3600
2024-10-16 11:00:00,8134.3,8139.6,8134.2,8137.8,3600,2,0,3600
2024-10-16 12:00:00,8137.9,8141.3,8134.0,8139.8,3600,2,0,3600
2024-10-16 13:00:00,8139.9,8149.1,8139.8,8148.4,3600,2,0,3600
2024-10-16 14:00:00,8148.3,8150.5,8144.9,8149.8,3600,2,0,3600
2024-10-16 15:00:00,8149.7,8158.7,8149.4,8156.8,3600,2,0,3600
2024-10-16 16:00:00,8156.7,8157.3,8150.2,8152.6,3600,2,0,3600
2024-10-16 17:00:00,8152.5,8156.2,8148.6,8151.2,3600,2,0,3600
2024-10-16 18:00:00,8151.3,8159.0,8146.9,8147.2,3600,2,0,3600
2024-10-16 19:00:00,8147.1,8153.6,8145.7,8147.2,3600,2,0,3600
2024-10-16 20:00:00,8147.3,8153.6,8144.1,8152.4,3600,2,0,3600
2024-10-16 21:00:00,8152.3,8154.4,8146.7,8147.0,3600,2,0,3600
2024-10-16 22:00:00,8146.9,8147.2,8137.3,8140.0,3600,2,0,3600
2024-10-16 23:00:00,8140.1,8146.7,8137.3,8138.4,3600,2,0,3600
2024-10-17 00:00:00,8138.3,8148.9,8137.8,8147.4,3600,2,0,3600
2024-10-17 01:00:00,8147.3,8147.4,8136.6,8138.6,3600,2,0,3600
2024-10-17 02:00:00,8138.7,8148.1,8137.3,8145.0,3600,2,0,3600
2024-10-17 03:00:00,8144.9,8152.6,8143.2,8151.2,3600,2,0,3600
2024-10-17 04:00:00,8151.3,8153.4,8146.1,8152.4,3600,2,0,3600
2024-10-17 05:00:00,8152.5,8152.9,8143.1,8144.0,3600,2,0,3600
2024-10-17 06:00:00,8143.9,8154.0,8142.1,8146.4,3600,2,0,3600
2024-10-17 07:00:00,8146.3,8148.0,8133.1,8134.0,3600,2,0,3600
2024-10-17 08:00:00,8134.1,8142.6,8132.3,8136.2,3600,2,0,3600
2024-10-17 09:00:00,8136.3,8136.6,8130.4,8132.8,3600,2,0,3600
2024-10-17 10:00:00,8132.7,8138.0,8129.7,8137.6,3600,2,0,3600
2024-10-17 11:00:00,8137.5,8138.4,8123.8,8123.8,3600,2,0,3600
2024-10-17 12:00:00,8123.7,8125.6,8116.4,8118.2,3600,2,0,3600
2024-10-17 13:00:00,8118.1,8124.0,8115.8,8119.2,3600,2,0,3600
2024-10-17 14:00:00,8119.1,8123.3,8115.0,8120.6,3600,2,0,3600
2024-10-17 15:00:00,8120.7,8121.8,8112.0,8116.4,3600,2,0,3600
2024-10-17 16:00:00,8116.3,8124.9,8115.6,8123.8,3600,2,0,3600
2024-10-17 17:00:00,8123.9,8123.9,8113.7,8116.8,3600,2,0,3600
2024-10-17 18:00:00,8116.7,8116.8,8107.5,8107.6,3600,2,0,3600
2024-10-17 19:00:00,8107.7,8110.7,8103.2,8108.2,3600,2,0,3600
2024-10-17 20:00:00,8108.1,8110.3,8104.4,8108.0,3600,2,0,3600
2024-10-17 21:00:00,8107.9,8111.4,8103.1,8110.4,3600,2,0,3600
2024-10-17 22:00:00,8110.3,8111.9,8105.9,8107.2,3600,2,0,3600
2024-10-17 23:00:00,8107.1,8109.9,8102.7,8108.0,3600,2,0,3600
2024-10-18 00:00:00,8107.9,8113.2,8106.9,8112.4,3600,2,0,3600
2024-10-18 01:00:00,8112.3,8116.9,8107.4,8109.0,3600,2,0,3600
2024-10-18 02:00:00,8108.9,8109.4,8104.5,8106.0,3600,2,0,3600
2024-10-18 03:00:00,8105.9,8106.8,8090.3,8091.0,3600,2,0,3600
2024-10-18 04:00:00,8090.9,8093.1,8078.8,8081.8,3600,2,0,3600
2024-10-18 05:00:00,8081.7,8084.8,8075.8,8081.0,3600,2,0,3600
2024-10-18 06:00:00,8080.9,8088.9,8079.8,8085.0,3600,2,0,3600
2024-10-18 07:00:00,8085.1,8088.3,8079.9,8081.0,3600,2,0,3600
2024-10-18 08:00:00,8081.1,8082.1,8072.9,8075.8,3600,2,0,3600
2024-10-18 09:00:00,8075.7,8081.7,8075.2,8081.2,3600,2,0,3600
2024-10-18 10:00:00,8081.1,8083.9,8076.7,8078.2,3600,2,0,3600
2024-10-18 11:00:00,8078.1,8080.9,8071.2,8071.2,3600,2,0,3600
2024-10-18 12:00:00,8071.3,8074.1,8065.0,8065.6,3600,2,0,3600
2024-10-18 13:00:00,8065.7,8067.5,8051.0,8051.2,3600,2,0,3600
2024-10-18 14:00:00,8051.3,8052.9,8040.4,8042.2,3600,2,0,3600
2024-10-18 15:00:00,8042.3,8046.5,8040.8,8041.2,3600,2,0,3600
2024-10-18 16:00:00,8041.1,8045.1,8035.0,8037.6,3600,2,0,3600
2024-10-18 17:00:00,8037.7,8038.7,8029.0,8031.4,3600,2,0,3600
2024-10-18 18:00:00,8031.5,8031.8,8019.6,8025.6,3600,2,0,3600
2024-10-18 19:00:00,8025.7,8027.7,8021.0,8025.6,3600,2,0,3600
2024-10-18 20:00:00,8025.5,8029.4,8017.0,8018.6,3600,2,0,3600
2024-10-18 21:00:00,8018.7,8020.3,8013.9,8016.2,3600,2,0,3600
2024-10-18 22:00:00,8016.1,8018.5,8008.0,8009.0,3600,2,0,3600
2024-10-18 23:00:00,8009.1,8010.0,8002.7,8004.2,3600,2,0,3600
2024-10-19 00:00:00,8004.3,8005.5,7991.5,7993.6,3600,2,0,3600
2024-10-19 01:00:00,7993.7,8007.3,7993.6,8005.2,3600,2,0,3600
2024-10-19 02:00:00,8005.3,8005.3,7995.9,7996.6,3600,2,0,3600
2024-10-19 03:00:00,7996.5,7998.3,7987.5,7987.8,3600,2,0,3600
2024-10-19 04:00:00,7987.9,7992.5,7986.2,7990.6,3600,2,0,3600
2024-10-19 05:00:00,7990.7,7995.7,7982.7,7983.0,3600,2,0,3600
2024-10-19 06:00:00,7983.1,7986.1,7979.2,7979.2,3600,2,0,3600
2024-10-19 07:00:00,7979.3,7983.8,7975.3,7983.8,3600,2,0,3600
2024-10-19 08:00:00,7983.7,7995.0,7983.7,7993.2,3600,2,0,3600
2024-10-19 09:00:00,7993.1,8001.4,7991.9,7998.8,3600,2,0,3600
2024-10-19 10:00:00,7998.7,7999.7,7989.1,7995.0,3600,2,0,3600
2024-10-19 11:00:00,7995.1,8000.6,7993.2,7999.6,3600,2,0,3600
2024-10-19 12:00:00,7999.5,8004.1,7994.1,8003.8,3600,2,0,3600
2024-10-19 13:00:00,8003.9,8011.1,8003.9,8007.4,3600,2,0,3600
2024-10-19 14:00:00,8007.5,8015.1,8006.9,8014.2,3600,2,0,3600
2024-10-19 15:00:00,8014.3,8015.1,8003.9,8007.0,3600,2,0,3600
2024-10-19 16:00:00,8006.9,8012.1,8004.8,8009.0,3600,2,0,3600
2024-10-19 17:00:00,8009.1,8015.6,8008.2,8010.6,3600,2,0,3600
2024-10-19 18:00:00,8010.7,8012.7,8004.3,8012.4,3600,2,0,3600
2024-10-19 19:00:00,8012.3,8018.3,8009.6,8016.6,3600,2,0,3600
2024-10-19 20:00:00,8016.5,8019.8,8009.2,8014.2,3600,2,0,3600
2024-10-19 21:00:00,8014.3,8018.1,8008.8,8012.0,3600,2,0,3600
2024-10-19 22:00:00,8012.1,8015.6,8007.6,8014.2,3600,2,0,3600
2024-10-19 23:00:00,8014.1,8019.6,8007.3,8010.4,3600,2,0,3600
2024-10-20 00:00:00,8010.5,8014.0,8007.8,8011.4,3600,2,0,3600
2024-10-20 01:00:00,8011.5,8014.7,8003.3,8007.0,3600,2,0,3600
2024-10-20 02:00:00,8006.9,8009.0,7997.6,8000.4,3583,2,0,3583
2024-10-20 03:00:00,8000.5,8007.0,7999.6,8000.8,3600,2,0,3600
2024-10-20 04:00:00,8000.9,8008.0,7999.4,8001.8,3600,2,0,3600
2024-10-20 05:00:00,8001.7,8003.5,7993.9,7994.0,3600,2,0,3600
2024-10-20 06:00:00,7993.9,7994.6,7988.0,7988.0,3600,2,0,3600
2024-10-20 07:00:00,7988.1,8003.5,7986.8,7998.2,3600,2,0,3600
2024-10-20 08:00:00,7998.1,8005.0,7997.1,7998.8,3600,2,0,3600
2024-10-20 09:00:00,7998.9,7999.9,7992.2,7996.0,3600,2,0,3600
2024-10-20 10:00:00,7996.1,7997.3,7990.0,7994.2,3600,2,0,3600
2024-10-20 11:00:00,7994.3,7999.5,7990.1,7999.4,3600,2,0,3600
2024-10-20 12:00:00,7999.5,8003.6,7994.2,7996.0,3600,2,0,3600
2024-10-20 13:00:00,7995.9,7996.5,7989.5,7996.2,3600,2,0,3600
2024-10-20 14:00:00,7996.3,7997.6,7988.7,7990.4,3600,2,0,3600
2024-10-20 15:00:00,7990.5,7999.5,7988.7,7997.0,3600,2,0,3600
2024-10-20 16:00:00,7997.1,8005.7,7995.8,8003.4,3600,2,0,3600
2024-10-20 17:00:00,8003.3,8012.3,8001.3,8007.6,3600,2,0,3600
2024-10-20 18:00:00,8007.5,8009.3,8004.2,8006.4,3600,2,0,3600
2024-10-20 19:00:00,8006.3,8008.0,7998.6,8001.0,3600,2,0,3600
2024-10-20 20:00:00,8001.1,8006.7,7996.0,8005.8,3600,2,0,3600
2024-10-20 21:00:00,8005.9,8006.9,7996.6,7997.0,3600,2,0,3600
2024-10-20 22:00:00,7997.1,8002.1,7987.3,7990.0,3600,2,0,3600
2024-10-20 23:00:00,7990.1,7998.6,7988.0,7997.8,3600,2,0,3600
2024-10-21 00:00:00,7997.7,7999.8,7994.1,7998.8,3600,2,0,3600
2024-10-21 01:00:00,7998.9,8004.6,7994.5,8001.4,3600,2,0,3600
2024-10-21 02:00:00,8001.3,8004.6,7995.1,8001.4,3600,2,0,3600
2024-10-21 03:00:00,8001.5,8003.9,7994.7,8001.4,3600,2,0,3600
2024-10-21 04:00:00,8001.5,8014.3,8001.3,8012.6,3600,2,0,3600
2024-10-21 05:00:00,8012.5,8014.0,8004.1,8006.4,3600,2,0,3600
2024-10-21 06:00:00,8006.3,8010.2,8004.4,8006.8,3600,2,0,3600
2024-10-21 07:00:00,8006.9,8011.3,8002.0,8011.0,3600,2,0,3600
2024-10-21 08:00:00,8011.1,8019.6,8009.2,8010.4,3600,2,0,3600
2024-10-21 09:00:00,8010.3,8016.8,8008.8,8015.2,3600,2,0,3600
2024-10-21 10:00:00,8015.1,8024.6,8014.8,8024.6,3600,2,0,3600
2024-10-21 11:00:00,8024.5,8039.0,8023.4,8036.6,3600,2,0,3600
2024-10-21 12:00:00,8036.7,8037.4,8028.0,8029.4,3600,2,0,3600
2024-10-21 13:00:00,8029.5,8030.1,8023.3,8023.4,3600,2,0,3600
2024-10-21 14:00:00,8023.3,8032.7,8022.7,8031.6,3600,2,0,3600
2024-10-21 15:00:00,8031.7,8032.8,8024.6,8026.0,3600,2,0,3600
2024-10-21 16:00:00,8026.1,8027.7,8018.9,8021.2,3600,2,0,3600
2024-10-21 17:00:00,8021.1,8024.4,8016.3,8017.0,3600,2,0,3600
2024-10-21 18:00:00,8016.9,8021.6,8015.9,8019.2,3600,2,0,3600
2024-10-21 19:00:00,8019.3,8031.5,8018.3,8029.6,3600,2,0,3600
2024-10-21 20:00:00,8029.7,8038.1,8028.6,8036.0,3600,2,0,3600
2024-10-21 21:00:00,8035.9,8036.0,8025.1,8027.8,3600,2,0,3600
2024-10-21 22:00:00,8027.9,8038.8,8027.7,8035.0,3595,2,0,3595
2024-10-21 23:00:00,8035.1,8038.1,8031.3,8035.4,3600,2,0,3600
2024-10-22 00:00:00,8035.3,8037.6,8032.5,8034.4,3600,2,0,3600
2024-10-22 01:00:00,8034.3,8037.6,8028.4,8035.4,3600,2,0,3600
2024-10-22 02:00:00,8035.5,8038.5,8031.7,8038.4,3600,2,0,3600
2024-10-22 03:00:00,8038.3,8052.5,8037.4,8043.6,3600,2,0,3600
2024-10-22 04:00:00,8043.5,8056.9,8039.1,8055.6,3600,2,0,3600
2024-10-22 05:00:00,8055.5,8058.5,8051.2,8055.4,3600,2,0,3600
2024-10-22 06:00:00,8055.3,8061.5,8054.0,8058.8,3600,2,0,3600
2024-10-22 07:00:00,8058.7,8059.6,8054.2,8056.8,3600,2,0,3600
2024-10-22 08:00:00,8056.9,8062.3,8055.3,8060.0,3600,2,0,3600
2024-10-22 09:00:00,8059.9,8060.7,8053.3,8057.8,3600,2,0,3600
2024-10-22 10:00:00,8057.9,8060.5,8055.2,8058.6,3600,2,0,3600
2024-10-22 11:00:00,8058.7,8063.8,8054.4,8054.6,3600,2,0,3600
2024-10-22 12:00:00,8054.7,8059.0,8052.2,8057.4,3600,2,0,3600
2024-10-22 13:00:00,8057.3,8060.5,8052.4,8059.6,3600,2,0,3600
2024-10-22 14:00:00,8059.7,8065.3,8058.6,8062.8,3600,2,0,3600
2024-10-22 15:00:00,8062.9,8065.4,8051.4,8052.8,3600,2,0,3600
2024-10-22 16:00:00,8052.9,8053.1,8042.3,8046.6,3600,2,0,3600
2024-10-22 17:00:00,8046.7,8048.6,8040.5,8046.0,3600,2,0,3600
2024-10-22 18:00:00,8045.9,8046.0,8036.5,8040.8,3600,2,0,3600
2024-10-22 19:00:00,8040.7,8046.4,8037.2,8037.4,3600,2,0,3600
2024-10-22 20:00:00,8037.5,8038.8,8028.2,8030.8,3600,2,0,3600
2024-10-22 21:00:00,8030.7,8036.7,8030.2,8031.0,3600,2,0,3600
2024-10-22 22:00:00,8030.9,8034.9,8026.6,8028.0,3600,2,0,3600
2024-10-22 23:00:00,8028.1,8029.0,8023.3,8023.8,3600,2,0,3600
2024-10-23 00:00:00,8023.7,8025.1,8018.3,8023.2,3600,2,0,3600
2024-10-23 01:00:00,8023.1,8026.5,8018.5,8025.8,3600,2,0,3600
2024-10-23 02:00:00,8025.9,8031.3,8023.5,8030.4,3598,2,0,3598
2024-10-23 03:00:00,8030.3,8047.0,8029.5,8045.4,3600,2,0,3600
2024-10-23 04:00:00,8045.3,8048.7,8036.2,8048.6,3600,2,0,3600
2024-10-23 05:00:00,8048.5,8051.6,8037.9,8047.6,3600,2,0,3600
2024-10-23 06:00:00,8047.5,8056.8,8043.6,8056.8,3600,2,0,3600
2024-10-23 07:00:00,8056.7,8058.9,8050.4,8052.6,3600,2,0,3600
2024-10-23 08:00:00,8052.5,8054.7,8044.2,8046.2,3600,2,0,3600
2024-10-23 09:00:00,8046.1,8053.6,8045.6,8051.4,3600,2,0,3600
2024-10-23 10:00:00,8051.3,8061.5,8051.1,8057.8,3600,2,0,3600
2024-10-23 11:00:00,8057.9,8062.4,8056.5,8057.0,3600,2,0,3600
2024-10-23 12:00:00,8057.1,8063.3,8055.9,8060.8,3600,2,0,3600
2024-10-23 13:00:00,8060.9,8065.0,8055.7,8064.6,3600,2,0,3600
2024-10-23 14:00:00,8064.7,8070.5,8063.8,8070.2,3600,2,0,3600
2024-10-23 15:00:00,8070.1,8072.6,8065.6,8071.6,3600,2,0,3600
2024-10-23 16:00:00,8071.7,8077.9,8071.5,8074.0,3600,2,0,3600
2024-10-23 17:00:00,8073.9,8074.6,8060.0,8062.0,3600,2,0,3600
2024-10-23 18:00:00,8062.1,8064.1,8056.3,8060.4,3600,2,0,3600
2024-10-23 19:00:00,8060.5,8065.5,8057.8,8060.8,3600,2,0,3600
2024-10-23 20:00:00,8060.7,8063.4,8054.2,8057.8,3600,2,0,3600
2024-10-23 21:00:00,8057.7,8064.2,8057.3,8058.0,3600,2,0,3600
2024-10-23 22:00:00,8057.9,8059.0,8054.8,8057.6,3600,2,0,3600
2024-10-23 23:00:00,8057.5,8067.6,8056.2,8064.6,3600,2,0,3600
2024-10-24 00:00:00,8064.7,8075.3,8062.1,8071.8,3600,2,0,3600
2024-10-24 01:00:00,8071.9,8077.3,8070.2,8072.0,3600,2,0,3600
2024-10-24 02:00:00,8072.1,8072.9,8065.0,8068.0,3600,2,0,3600
2024-10-24 03:00:00,8067.9,8075.9,8066.8,8075.2,3600,2,0,3600
2024-10-24 04:00:00,8075.3,8082.7,8074.0,8077.6,3600,2,0,3600
2024-10-24 05:00:00,8077.5,8082.2,8070.6,8078.4,3600,2,0,3600
2024-10-24 06:00:00,8078.5,8086.4,8077.4,8077.4,3600,2,0,3600
2024-10-24 07:00:00,8077.3,8082.8,8073.6,8080.4,3600,2,0,3600
2024-10-24 08:00:00,8080.3,8084.2,8075.5,8076.0,3600,2,0,3600
2024-10-24 09:00:00,8075.9,8083.6,8075.6,8079.6,3600,2,0,3600
2024-10-24 10:00:00,8079.5,8083.4,8074.3,8077.8,3600,2,0,3600
2024-10-24 11:00:00,8077.7,8080.7,8072.9,8076.6,3600,2,0,3600
2024-10-24 12:00:00,8076.7,8086.7,8076.0,8084.6,3600,2,0,3600
2024-10-24 13:00:00,8084.5,8091.1,8079.4,8090.4,3600,2,0,3600
2024-10-24 14:00:00,8090.5,8091.8,8073.4,8074.2,3600,2,0,3600
2024-10-24 15:00:00,8074.3,8076.9,8065.1,8066.2,3600,2,0,3600
2024-10-24 16:00:00,8066.3,8077.7,8064.6,8077.4,3600,2,0,3600
2024-10-24 17:00:00,8077.5,8086.3,8076.7,8079.8,3600,2,0,3600
2024-10-24 18:00:00,8079.7,8084.1,8077.0,8078.4,3600,2,0,3600
2024-10-24 19:00:00,8078.5,8079.6,8069.0,8072.6,3600,2,0,3600
2024-10-24 20:00:00,8072.7,8075.2,8067.7,8068.2,3600,2,0,3600
2024-10-24 21:00:00,8068.3,8070.9,8060.8,8060.8,3600,2,0,3600
2024-10-24 22:00:00,8060.9,8068.4,8060.8,8067.8,3600,2,0,3600
2024-10-24 23:00:00,8067.7,8072.1,8066.1,8071.2,3600,2,0,3600
2024-10-25 00:00:00,8071.3,8071.9,8065.5,8069.0,3600,2,0,3600
2024-10-25 01:00:00,8069.1,8078.4,8068.8,8076.0,3600,2,0,3600
2024-10-25 02:00:00,8075.9,8086.8,8073.4,8086.4,3600,2,0,3600
2024-10-25 03:00:00,8086.3,8095.1,8085.8,8095.0,3600,2,0,3600
2024-10-25 04:00:00,8095.1,8103.1,8093.7,8099.6,3600,2,0,3600
2024-10-25 05:00:00,8099.5,8103.9,8096.2,8103.6,3600,2,0,3600
2024-10-25 06:00:00,8103.5,8104.8,8099.2,8103.4,3600,2,0,3600
2024-10-25 07:00:00,8103.5,8103.6,8091.6,8092.8,3600,2,0,3600
2024-10-25 08:00:00,8092.9,8099.6,8088.4,8097.4,3600,2,0,3600
2024-10-25 09:00:00,8097.3,8100.9,8092.0,8095.6,3600,2,0,3600
2024-10-25 10:00:00,8095.5,8109.8,8094.4,8106.2,3600,2,0,3600
2024-10-25 11:00:00,8106.1,8108.3,8101.5,8106.4,3600,2,0,3600
2024-10-25 12:00:00,8106.3,8109.6,8101.8,8105.6,3600,2,0,3600
2024-10-25 13:00:00,8105.7,8110.3,8103.5,8108.8,3600,2,0,3600
2024-10-25 14:00:00,8108.9,8115.8,8105.1,8115.8,3600,2,0,3600
2024-10-25 15:00:00,8115.9,8118.6,8103.2,8105.8,3600,2,0,3600
2024-10-25 16:00:00,8105.9,8113.6,8104.8,8112.8,3600,2,0,3600
2024-10-25 17:00:00,8112.9,8117.6,8110.3,8112.4,3600,2,0,3600
2024-10-25 18:00:00,8112.5,8113.1,8109.0,8111.6,3600,2,0,3600
2024-10-25 19:00:00,8111.5,8120.6,8111.3,8113.2,3600,2,0,3600
2024-10-25 20:00:00,8113.3,8115.0,8108.3,8111.2,3600,2,0,3600
2024-10-25 21:00:00,8111.3,8113.5,8104.1,8112.4,3600,2,0,3600
2024-10-25 22:00:00,8112.5,8119.1,8108.9,8116.0,3600,2,0,3600
2024-10-25 23:00:00,8116.1,8116.1,8105.2,8105.4,3600,2,0,3600
2024-10-26 00:00:00,8105.5,8121.8,8105.0,8121.4,3600,2,0,3600
2024-10-26 01:00:00,8121.5,8122.1,8110.8,8115.2,3600,2,0,3600
2024-10-26 02:00:00,8115.3,8120.7,8112.4,8118.6,3600,2,0,3600
2024-10-26 03:00:00,8118.7,8123.1,8116.3,8120.6,3600,2,0,3600
2024-10-26 04:00:00,8120.5,8120.6,8110.6,8112.0,3600,2,0,3600
2024-10-26 05:00:00,8112.1,8116.8,8107.1,8116.6,3600,2,0,3600
2024-10-26 06:00:00,8116.5,8123.0,8115.4,8123.0,3600,2,0,3600
2024-10-26 07:00:00,8123.1,8125.7,8117.9,8119.8,3600,2,0,3600
2024-10-26 08:00:00,8119.7,8131.4,8119.7,8130.4,3600,2,0,3600
2024-10-26 09:00:00,8130.5,8136.6,8127.8,8133.0,3600,2,0,3600
2024-10-26 10:00:00,8133.1,8139.5,8130.9,8138.8,3600,2,0,3600
2024-10-26 11:00:00,8138.9,8148.4,8133.8,8145.6,3600,2,0,3600
2024-10-26 12:00:00,8145.7,8149.7,8142.3,8142.4,3600,2,0,3600
2024-10-26 13:00:00,8142.5,8145.1,8135.9,8139.6,3600,2,0,3600
2024-10-26 14:00:00,8139.7,8140.5,8134.7,8139.6,3600,2,0,3600
2024-10-26 15:00:00,8139.5,8146.8,8139.2,8146.8,3600,2,0,3600
2024-10-26 16:00:00,8146.7,8150.9,8141.0,8147.6,3600,2,0,3600
2024-10-26 17:00:00,8147.5,8155.0,8145.3,8151.6,3600,2,0,3600
2024-10-26 18:00:00,8151.7,8156.9,8147.0,8149.2,3600,2,0,3600
2024-10-26 19:00:00,8149.3,8150.6,8142.0,8145.6,3600,2,0,3600
2024-10-26 20:00:00,8145.7,8155.3,8141.3,8153.8,3600,2,0,3600
2024-10-26 21:00:00,8153.9,8154.0,8143.4,8143.6,3600,2,0,3600
2024-10-26 22:00:00,8143.7,8158.0,8142.9,8157.8,3600,2,0,3600
2024-10-26 23:00:00,8157.9,8163.4,8154.7,8159.6,3600,2,0,3600
2024-10-27 00:00:00,8159.7,8162.0,8147.5,8161.4,3600,2,0,3600
2024-10-27 01:00:00,8161.5,8166.7,8156.0,8159.6,3598,2,0,3598
2024-10-27 02:00:00,8159.7,8160.1,8140.6,8142.6,3600,2,0,3600
2024-10-27 03:00:00,8142.7,8154.8,8142.5,8148.4,3600,2,0,3600
2024-10-27 04:00:00,8148.3,8150.9,8141.4,8148.0,3600,2,0,3600
2024-10-27 05:00:00,8147.9,8149.0,8137.3,8143.6,3600,2,0,3600
2024-10-27 06:00:00,8143.5,8144.8,8137.3,8140.0,3600,2,0,3600
2024-10-27 07:00:00,8139.9,8145.5,8139.7,8143.2,3600,2,0,3600
2024-10-27 08:00:00,8143.1,8147.5,8138.1,8138.2,3600,2,0,3600
2024-10-27 09:00:00,8138.1,8143.0,8134.4,8137.8,3600,2,0,3600
2024-10-27 10:00:00,8137.7,8145.6,8135.3,8136.4,3600,2,0,3600
2024-10-27 11:00:00,8136.3,8146.4,8134.7,8142.5,3595,2,0,3595
2024-10-27 12:00:00,8142.4,8153.4,8141.9,8151.9,3600,2,0,3600
2024-10-27 13:00:00,8151.8,8159.0,8151.2,8156.1,3600,2,0,3600
2024-10-27 14:00:00,8156.2,8157.8,8147.8,8148.3,3600,2,0,3600
2024-10-27 15:00:00,8148.4,8149.5,8142.2,8147.9,3600,2,0,3600
2024-10-27 16:00:00,8147.8,8157.5,8147.3,8156.1,3600,2,0,3600
2024-10-27 17:00:00,8156.0,8156.9,8145.2,8149.9,3600,2,0,3600
2024-10-27 18:00:00,8150.0,8152.8,8140.8,8141.5,3600,2,0,3600
2024-10-27 19:00:00,8141.4,8143.9,8135.2,8141.3,3600,2,0,3600
2024-10-27 20:00:00,8141.2,8142.4,8131.6,8136.3,3600,2,0,3600
2024-10-27 21:00:00,8136.2,8137.8,8131.9,8133.5,3600,2,0,3600
2024-10-27 22:00:00,8133.6,8138.4,8130.1,8130.5,3600,2,0,3600
2024-10-27 23:00:00,8130.4,8135.3,8128.0,8130.1,3600,2,0,3600
2024-10-28 00:00:00,8130.2,8134.6,8125.7,8134.3,3600,2,0,3600
2024-10-28 01:00:00,8134.2,8137.2,8131.0,8134.5,3600,2,0,3600
2024-10-28 02:00:00,8134.6,8138.7,8129.8,8135.5,3600,2,0,3600
2024-10-28 03:00:00,8135.4,8142.3,8134.9,8138.1,3600,2,0,3600
2024-10-28 04:00:00,8138.0,8142.8,8135.6,8137.3,3600,2,0,3600
2024-10-28 05:00:00,8137.2,8151.8,8135.1,8150.3,3600,2,0,3600
2024-10-28 06:00:00,8150.4,8157.6,8147.4,8157.1,3600,2,0,3600
2024-10-28 07:00:00,8157.2,8160.0,8150.6,8152.5,3600,2,0,3600
2024-10-28 08:00:00,8152.6,8159.8,8147.5,8150.3,3600,2,0,3600
2024-10-28 09:00:00,8150.2,8161.3,8146.8,8161.3,3600,2,0,3600
2024-10-28 10:00:00,8161.4,8161.8,8153.4,8160.5,3600,2,0,3600
2024-10-28 11:00:00,8160.4,8164.8,8156.1,8163.3,3600,2,0,3600
2024-10-28 12:00:00,8163.2,8169.7,8161.4,8166.9,3600,2,0,3600
2024-10-28 13:00:00,8166.8,8174.3,8164.8,8172.5,3600,2,0,3600
2024-10-28 14:00:00,8172.6,8177.7,8169.4,8177.3,3600,2,0,3600
2024-10-28 15:00:00,8177.4,8180.2,8174.5,8174.7,3600,2,0,3600
2024-10-28 16:00:00,8174.6,8174.9,8153.7,8154.3,3600,2,0,3600
2024-10-28 17:00:00,8154.4,8157.5,8149.2,8149.7,3600,2,0,3600
2024-10-28 18:00:00,8149.6,8163.9,8147.2,8163.9,3600,2,0,3600
2024-10-28 19:00:00,8163.8,8168.1,8160.7,8166.9,3600,2,0,3600
2024-10-28 20:00:00,8166.8,8171.6,8165.1,8168.1,3600,2,0,3600
2024-10-28 21:00:00,8168.0,8170.6,8158.8,8160.3,3600,2,0,3600
2024-10-28 22:00:00,8160.4,8162.1,8156.0,8160.7,3600,2,0,3600
2024-10-28 23:00:00,8160.8,8166.6,8159.9,8166.5,3600,2,0,3600
2024-10-29 00:00:00,8166.4,8169.5,8164.3,8164.3,3600,2,0,3600
2024-10-29 01:00:00,8164.2,8166.3,8160.0,8162.1,3600,2,0,3600
2024-10-29 02:00:00,8162.0,8162.4,8153.5,8155.5,3600,2,0,3600
2024-10-29 03:00:00,8155.6,8162.1,8149.3,8157.9,3600,2,0,3600
2024-10-29 04:00:00,8158.0,8160.5,8145.5,8152.1,3600,2,0,3600
2024-10-29 05:00:00,8152.2,8152.4,8140.4,8141.1,3600,2,0,3600
2024-10-29 06:00:00,8141.2,8142.7,8137.0,8137.3,3600,2,0,3600
2024-10-29 07:00:00,8137.4,8149.9,8132.9,8147.1,3600,2,0,3600
2024-10-29 08:00:00,8147.0,8156.5,8145.3,8155.7,3600,2,0,3600
2024-10-29 09:00:00,8155.8,8157.4,8151.2,8151.9,3600,2,0,3600
2024-10-29 10:00:00,8152.0,8152.4,8141.4,8143.9,3600,2,0,3600
2024-10-29 11:00:00,8143.8,8149.1,8142.3,8142.9,3600,2,0,3600
2024-10-29 12:00:00,8142.8,8152.0,8141.1,8143.9,3600,2,0,3600
2024-10-29 13:00:00,8144.0,8156.1,8142.9,8148.3,3600,2,0,3600
2024-10-29 14:00:00,8148.2,8150.2,8143.9,8147.5,3600,2,0,3600
2024-10-29 15:00:00,8147.4,8151.6,8145.5,8145.9,3600,2,0,3600
2024-10-29 16:00:00,8146.0,8156.7,8143.5,8155.3,3600,2,0,3600
2024-10-29 17:00:00,8155.4,8157.7,8149.7,8156.5,3600,2,0,3600
2024-10-29 18:00:00,8156.6,8164.8,8156.2,8161.7,3600,2,0,3600
2024-10-29 19:00:00,8161.8,8163.4,8151.7,8153.7,3600,2,0,3600
2024-10-29 20:00:00,8153.8,8161.2,8152.6,8159.5,3600,2,0,3600
2024-10-29 21:00:00,8159.4,8162.9,8155.4,8161.7,3600,2,0,3600
2024-10-29 22:00:00,8161.6,8162.0,8153.3,8157.9,3600,2,0,3600
2024-10-29 23:00:00,8158.0,8162.3,8153.0,8159.5,3600,2,0,3600
2024-10-30 00:00:00,8159.4,8167.5,8158.8,8166.5,3600,2,0,3600
2024-10-30 01:00:00,8166.4,8169.1,8162.2,8162.5,3600,2,0,3600
2024-10-30 02:00:00,8162.4,8169.9,8157.0,8157.9,3600,2,0,3600
2024-10-30 03:00:00,8157.8,8159.3,8149.7,8150.5,3600,2,0,3600
2024-10-30 04:00:00,8150.4,8163.8,8148.2,8162.5,3600,2,0,3600
2024-10-30 05:00:00,8162.4,8171.2,8158.2,8171.1,3600,2,0,3600
2024-10-30 06:00:00,8171.2,8176.0,8166.6,8167.1,3600,2,0,3600
2024-10-30 07:00:00,8167.0,8178.4,8166.2,8177.5,3600,2,0,3600
2024-10-30 08:00:00,8177.6,8179.0,8167.1,8167.1,3600,2,0,3600
2024-10-30 09:00:00,8167.0,8176.8,8166.5,8173.3,3600,2,0,3600
2024-10-30 10:00:00,8173.2,8181.3,8171.6,8178.9,3600,2,0,3600
2024-10-30 11:00:00,8179.0,8179.2,8173.2,8173.9,3600,2,0,3600
2024-10-30 12:00:00,8174.0,8174.2,8168.8,8171.1,3600,2,0,3600
2024-10-30 13:00:00,8171.0,8174.4,8166.6,8170.1,3600,2,0,3600
2024-10-30 14:00:00,8170.2,8176.1,8168.5,8174.3,3600,2,0,3600
2024-10-30 15:00:00,8174.2,8176.3,8169.2,8172.9,3600,2,0,3600
2024-10-30 16:00:00,8173.0,8180.1,8170.6,8176.7,3600,2,0,3600
2024-10-30 17:00:00,8176.8,8180.5,8173.5,8179.5,3600,2,0,3600
2024-10-30 18:00:00,8179.6,8182.2,8175.6,8176.3,3600,2,0,3600
2024-10-30 19:00:00,8176.4,8179.7,8174.0,8175.9,3600,2,0,3600
2024-10-30 20:00:00,8175.8,8177.7,8168.6,8172.9,3600,2,0,3600
2024-10-30 21:00:00,8172.8,8178.4,8171.4,8175.1,3600,2,0,3600
2024-10-30 22:00:00,8175.2,8176.2,8169.0,8171.5,3600,2,0,3600
2024-10-30 23:00:00,8171.4,8177.5,8167.5,8176.7,3600,2,0,3600
2024-10-31 00:00:00,8176.6,8190.0,8175.5,8186.7,3600,2,0,3600
2024-10-31 01:00:00,8186.8,8191.6,8185.3,8186.3,3600,2,0,3600
2024-10-31 02:00:00,8186.4,8199.7,8183.3,8194.7,3600,2,0,3600
2024-10-31 03:00:00,8194.8,8202.1,8194.6,8198.3,3600,2,0,3600
2024-10-31 04:00:00,8198.4,8198.4,8188.1,8188.3,3600,2,0,3600
2024-10-31 05:00:00,8188.2,8191.9,8186.9,8189.3,3600,2,0,3600
2024-10-31 06:00:00,8189.2,8189.7,8178.8,8181.5,3600,2,0,3600
2024-10-31 07:00:00,8181.4,8182.2,8176.0,8176.5,3600,2,0,3600
2024-10-31 08:00:00,8176.4,8183.5,8173.2,8178.1,3600,2,0,3600
2024-10-31 09:00:00,8178.0,8182.4,8176.3,8180.1,3600,2,0,3600
2024-10-31 10:00:00,8180.0,8186.9,8179.1,8181.9,3600,2,0,3600
2024-10-31 11:00:00,8182.0,8182.5,8176.5,8178.5,3600,2,0,3600
2024-10-31 12:00:00,8178.6,8179.3,8171.3,8174.1,3600,2,0,3600
2024-10-31 13:00:00,8174.0,8175.2,8168.7,8169.1,3600,2,0,3600
2024-10-31 14:00:00,8169.0,8170.6,8162.4,8164.9,3600,2,0,3600
2024-10-31 15:00:00,8165.0,8165.6,8155.9,8159.9,3600,2,0,3600
2024-10-31 16:00:00,8159.8,8161.2,8149.9,8151.1,3600,2,0,3600
2024-10-31 17:00:00,8151.0,8156.4,8146.4,8155.1,3600,2,0,3600
2024-10-31 18:00:00,8155.0,8158.9,8152.7,8156.3,3600,2,0,3600
2024-10-31 19:00:00,8156.4,8158.9,8153.4,8157.1,3600,2,0,3600
2024-10-31 20:00:00,8157.0,8163.0,8155.3,8162.5,3600,2,0,3600
2024-10-31 21:00:00,8162.6,8168.0,8161.5,8167.3,3600,2,0,3600
2024-10-31 22:00:00,8167.4,8175.0,8165.2,8174.9,3600,2,0,3600
2024-10-31 23:00:00,8175.0,8180.0,8173.5,8176.3,3600,2,0,3600
2024-11-01 00:00:00,8176.2,8178.1,8170.0,8172.3,3600,2,0,3600
2024-11-01 01:00:00,8172.2,8173.7,8166.0,8171.7,3600,2,0,3600
2024-11-01 02:00:00,8171.6,8176.8,8167.9,8171.7,3600,2,0,3600
2024-11-01 03:00:00,8171.8,8177.2,8168.9,8175.5,3600,2,0,3600
2024-11-01 04:00:00,8175.4,8183.2,8173.0,8181.9,3600,2,0,3600
2024-11-01 05:00:00,8181.8,8190.7,8180.5,8188.5,3600,2,0,3600
2024-11-01 06:00:00,8188.6,8198.3,8187.4,8189.9,3600,2,0,3600
2024-11-01 07:00:00,8189.8,8202.1,8188.0,8201.5,3600,2,0,3600
2024-11-01 08:00:00,8201.6,8211.0,8200.2,8209.1,3600,2,0,3600
2024-11-01 09:00:00,8209.0,8212.7,8201.5,8204.1,3600,2,0,3600
2024-11-01 10:00:00,8204.0,8211.0,8202.5,8210.5,3600,2,0,3600
2024-11-01 11:00:00,8210.4,8219.7,8210.4,8217.1,3600,2,0,3600
2024-11-01 12:00:00,8217.0,8220.8,8213.7,8214.5,3600,2,0,3600
2024-11-01 13:00:00,8214.4,8217.5,8209.1,8211.3,3600,2,0,3600
2024-11-01 14:00:00,8211.4,8215.3,8206.6,8211.1,3600,2,0,3600
2024-11-01 15:00:00,8211.2,8215.5,8207.7,8208.7,3600,2,0,3600
2024-11-01 16:00:00,8208.6,8212.6,8204.9,8205.5,3600,2,0,3600
2024-11-01 17:00:00,8205.4,8207.2,8199.3,8201.7,3600,2,0,3600
2024-11-01 18:00:00,8201.8,8208.1,8199.0,8206.1,3600,2,0,3600
2024-11-01 19:00:00,8206.2,8211.3,8203.2,8211.1,3600,2,0,3600
2024-11-01 20:00:00,8211.2,8213.4,8206.2,8210.9,3600,2,0,3600
2024-11-01 21:00:00,8211.0,8219.1,8207.9,8219.1,3600,2,0,3600
2024-11-01 22:00:00,8219.2,8232.7,8217.6,8232.7,3600,2,0,3600
2024-11-01 23:00:00,8232.8,8236.7,8227.0,8227.9,3600,2,0,3600
2024-11-02 00:00:00,8228.0,8230.7,8223.5,8226.3,3600,2,0,3600
2024-11-02 01:00:00,8226.2,8226.2,8214.7,8216.3,3600,2,0,3600
2024-11-02 02:00:00,8216.2,8220.6,8212.5,8213.7,3600,2,0,3600
2024-11-02 03:00:00,8213.8,8219.0,8210.1,8218.5,3600,2,0,3600
2024-11-02 04:00:00,8218.6,8219.7,8210.9,8211.9,3600,2,0,3600
2024-11-02 05:00:00,8212.0,8213.4,8203.0,8204.9,3600,2,0,3600
2024-11-02 06:00:00,8205.0,8206.0,8197.6,8201.1,3600,2,0,3600
2024-11-02 07:00:00,8201.0,8204.7,8199.7,8203.9,3600,2,0,3600
2024-11-02 08:00:00,8204.0,8207.2,8198.0,8202.3,3600,2,0,3600
2024-11-02 09:00:00,8202.4,8206.2,8199.9,8200.7,3600,2,0,3600
2024-11-02 10:00:00,8200.8,8209.3,8200.2,8207.5,3600,2,0,3600
2024-11-02 11:00:00,8207.4,8208.8,8197.3,8197.5,3600,2,0,3600
2024-11-02 12:00:00,8197.6,8209.2,8193.3,8207.3,3600,2,0,3600
2024-11-02 13:00:00,8207.4,8208.5,8196.1,8197.7,3600,2,0,3600
2024-11-02 14:00:00,8197.8,8206.9,8197.1,8206.7,3600,2,0,3600
2024-11-02 15:00:00,8206.6,8213.5,8203.8,8213.1,3600,2,0,3600
2024-11-02 16:00:00,8213.0,8221.3,8212.4,8221.1,3600,2,0,3600
2024-11-02 17:00:00,8221.2,8227.0,8218.6,8223.9,3600,2,0,3600
2024-11-02 18:00:00,8223.8,8228.8,8220.8,8223.9,3600,2,0,3600
2024-11-02 19:00:00,8224.0,8224.4,8212.8,8214.7,3600,2,0,3600
2024-11-02 20:00:00,8214.8,8225.6,8210.7,8218.1,3600,2,0,3600
2024-11-02 21:00:00,8218.0,8222.7,8215.1,8216.7,3600,2,0,3600
2024-11-02 22:00:00,8216.6,8222.0,8215.4,8219.9,3600,2,0,3600
2024-11-02 23:00:00,8220.0,8223.4,8218.0,8219.9,3600,2,0,3600
2024-11-03 00:00:00,8220.0,8221.6,8214.3,8219.5,3600,2,0,3600
2024-11-03 01:00:00,8219.6,8221.1,8209.4,8210.7,3587,2,0,3587
2024-11-03 02:00:00,8210.8,8214.8,8205.8,8211.5,3600,2,0,3600
2024-11-03 03:00:00,8211.6,8221.8,8209.4,8221.1,3600,2,0,3600
2024-11-03 04:00:00,8221.0,8221.8,8213.2,8218.9,3600,2,0,3600
2024-11-03 05:00:00,8219.0,8221.6,8213.8,8214.1,3600,2,0,3600
2024-11-03 06:00:00,8214.2,8214.6,8206.0,8211.9,3600,2,0,3600
2024-11-03 07:00:00,8211.8,8213.3,8202.8,8203.7,3600,2,0,3600
2024-11-03 08:00:00,8203.6,8204.4,8190.8,8194.3,3600,2,0,3600
2024-11-03 09:00:00,8194.4,8199.2,8190.5,8199.1,3600,2,0,3600
2024-11-03 10:00:00,8199.2,8209.3,8198.1,8205.5,3600,2,0,3600
2024-11-03 11:00:00,8205.6,8207.8,8198.4,8199.9,3600,2,0,3600
2024-11-03 12:00:00,8199.8,8203.2,8196.5,8197.5,3600,2,0,3600
2024-11-03 13:00:00,8197.4,8199.3,8187.9,8188.7,3600,2,0,3600
2024-11-03 14:00:00,8188.8,8190.3,8178.7,8182.3,3600,2,0,3600
2024-11-03 15:00:00,8182.4,8191.4,8181.9,8186.5,3600,2,0,3600
2024-11-03 16:00:00,8186.4,8193.9,8185.3,8193.9,3600,2,0,3600
2024-11-03 17:00:00,8194.0,8206.9,8192.4,8204.9,3600,2,0,3600
2024-11-03 18:00:00,8204.8,8208.7,8200.5,8206.5,3600,2,0,3600
2024-11-03 19:00:00,8206.4,8214.2,8206.0,8213.3,3600,2,0,3600
2024-11-03 20:00:00,8213.2,8214.8,8209.6,8212.5,3600,2,0,3600
2024-11-03 21:00:00,8212.6,8214.5,8207.5,8212.5,3600,2,0,3600
2024-11-03 22:00:00,8212.6,8214.9,8208.2,8209.3,3600,2,0,3600
2024-11-03 23:00:00,8209.4,8213.0,8202.0,8205.9,3600,2,0,3600
2024-11-04 00:00:00,8206.0,8208.8,8199.5,8205.9,3600,2,0,3600
2024-11-04 01:00:00,8206.0,8215.1,8205.5,8214.5,3600,2,0,3600
2024-11-04 02:00:00,8214.6,8218.9,8209.4,8210.1,3600,2,0,3600
2024-11-04 03:00:00,8210.0,8213.8,8205.0,8208.5,3598,2,0,3598
2024-11-04 04:00:00,8208.4,8209.7,8199.9,8199.9,3600,2,0,3600
2024-11-04 05:00:00,8199.8,8209.4,8197.7,8198.5,3600,2,0,3600
2024-11-04 06:00:00,8198.6,8200.8,8191.6,8195.7,3600,2,0,3600
2024-11-04 07:00:00,8195.8,8197.8,8190.4,8196.7,3600,2,0,3600
2024-11-04 08:00:00,8196.8,8202.6,8192.0,8197.7,3600,2,0,3600
2024-11-04 09:00:00,8197.6,8199.4,8190.4,8198.1,3600,2,0,3600
2024-11-04 10:00:00,8198.2,8198.3,8187.2,8190.1,3600,2,0,3600
2024-11-04 11:00:00,8190.2,8194.9,8183.6,8184.7,3600,2,0,3600
2024-11-04 12:00:00,8184.6,8184.8,8174.3,8175.9,3600,2,0,3600
2024-11-04 13:00:00,8175.8,8184.1,8171.7,8182.5,3600,2,0,3600
2024-11-04 14:00:00,8182.4,8185.7,8176.8,8181.1,3600,2,0,3600
2024-11-04 15:00:00,8181.2,8185.6,8175.3,8179.9,3600,2,0,3600
2024-11-04 16:00:00,8179.8,8181.1,8175.7,8180.5,3600,2,0,3600
2024-11-04 17:00:00,8180.4,8183.0,8171.7,8172.5,3600,2,0,3600
2024-11-04 18:00:00,8172.4,8175.1,8162.9,8163.7,3600,2,0,3600
2024-11-04 19:00:00,8163.8,8175.3,8163.7,8171.9,3600,2,0,3600
2024-11-04 20:00:00,8171.8,8182.6,8171.1,8181.1,3600,2,0,3600
2024-11-04 21:00:00,8181.0,8184.2,8178.5,8183.1,3600,2,0,3600
2024-11-04 22:00:00,8183.0,8194.3,8181.7,8190.3,3600,2,0,3600
2024-11-04 23:00:00,8190.2,8197.3,8187.3,8192.1,3600,2,0,3600
2024-11-05 00:00:00,8192.0,8200.1,8187.8,8193.1,3600,2,0,3600
2024-11-05 01:00:00,8193.2,8200.6,8188.7,8189.3,3600,2,0,3600
2024-11-05 02:00:00,8189.4,8190.6,8182.1,8189.1,3600,2,0,3600
2024-11-05 03:00:00,8189.0,8195.5,8185.7,8191.5,3600,2,0,3600
2024-11-05 04:00:00,8191.6,8196.9,8188.0,8194.5,3600,2,0,3600
2024-11-05 05:00:00,8194.6,8197.2,8186.7,8188.5,3600,2,0,3600
2024-11-05 06:00:00,8188.4,8203.6,8186.2,8201.9,3600,2,0,3600
2024-11-05 07:00:00,8201.8,8208.0,8199.4,8203.9,3600,2,0,3600
2024-11-05 08:00:00,8203.8,8210.6,8202.3,8205.7,3600,2,0,3600
2024-11-05 09:00:00,8205.6,8206.3,8197.3,8201.1,3600,2,0,3600
2024-11-05 10:00:00,8201.2,8202.1,8191.4,8193.9,3600,2,0,3600
2024-11-05 11:00:00,8194.0,8199.3,8191.8,8196.1,3600,2,0,3600
2024-11-05 12:00:00,8196.2,8204.9,8195.0,8200.7,3600,2,0,3600
2024-11-05 13:00:00,8200.8,8203.7,8196.3,8196.9,3600,2,0,3600
2024-11-05 14:00:00,8197.0,8204.5,8196.3,8199.7,3600,2,0,3600
2024-11-05 15:00:00,8199.8,8206.2,8198.9,8200.7,3600,2,0,3600
2024-11-05 16:00:00,8200.6,8203.2,8194.5,8200.9,3600,2,0,3600
2024-11-05 17:00:00,8200.8,8207.1,8199.6,8201.9,3600,2,0,3600
2024-11-05 18:00:00,8201.8,8203.1,8194.0,8198.3,3600,2,0,3600
2024-11-05 19:00:00,8198.2,8198.4,8181.0,8181.3,3600,2,0,3600
2024-11-05 20:00:00,8181.2,8184.4,8178.2,8180.7,3600,2,0,3600
2024-11-05 21:00:00,8180.6,8190.2,8179.4,8188.3,3600,2,0,3600
2024-11-05 22:00:00,8188.4,8197.7,8186.8,8194.9,3600,2,0,3600
2024-11-05 23:00:00,8195.0,8198.8,8187.2,8188.9,3600,2,0,3600
2024-11-06 00:00:00,8189.0,8189.1,8175.7,8177.9,3600,2,0,3600
2024-11-06 01:00:00,8177.8,8182.4,8174.0,8182.1,3600,2,0,3600
2024-11-06 02:00:00,8182.0,8190.1,8181.7,8190.1,3600,2,0,3600
2024-11-06 03:00:00,8190.2,8192.0,8185.7,8186.5,3600,2,0,3600
2024-11-06 04:00:00,8186.6,8186.7,8173.2,8174.9,3600,2,0,3600
2024-11-06 05:00:00,8175.0,8184.9,8173.7,8178.9,3600,2,0,3600
2024-11-06 06:00:00,8179.0,8179.7,8168.0,8168.9,3600,2,0,3600
2024-11-06 07:00:00,8169.0,8169.4,8158.8,8163.5,3600,2,0,3600
2024-11-06 08:00:00,8163.6,8166.7,8159.4,8160.3,3600,2,0,3600
2024-11-06 09:00:00,8160.4,8161.7,8157.5,8158.7,3600,2,0,3600
2024-11-06 10:00:00,8158.6,8162.1,8155.8,8160.5,3600,2,0,3600
2024-11-06 11:00:00,8160.4,8169.3,8159.8,8168.1,3600,2,0,3600
2024-11-06 12:00:00,8168.2,8175.0,8166.8,8169.9,3600,2,0,3600
2024-11-06 13:00:00,8170.0,8177.5,8170.0,8174.5,3600,2,0,3600
2024-11-06 14:00:00,8174.4,8176.5,8167.8,8168.5,3600,2,0,3600
2024-11-06 15:00:00,8168.4,8174.2,8161.5,8162.9,3600,2,0,3600
2024-11-06 16:00:00,8162.8,8167.8,8160.6,8163.5,3600,2,0,3600
2024-11-06 17:00:00,8163.4,8168.0,8156.6,8157.7,3600,2,0,3600
2024-11-06 18:00:00,8157.6,8163.5,8156.5,8160.7,3600,2,0,3600
2024-11-06 19:00:00,8160.6,8162.3,8150.9,8155.1,3600,2,0,3600
2024-11-06 20:00:00,8155.2,8159.0,8151.2,8156.9,3600,2,0,3600
2024-11-06 21:00:00,8156.8,8160.3,8154.9,8156.3,3600,2,0,3600
2024-11-06 22:00:00,8156.4,8163.4,8154.6,8157.9,3600,2,0,3600
2024-11-06 23:00:00,8157.8,8160.6,8153.0,8155.9,3600,2,0,3600
2024-11-07 00:00:00,8156.0,8165.7,8154.6,8161.3,3600,2,0,3600
2024-11-07 01:00:00,8161.4,8163.5,8155.3,8162.5,3600,2,0,3600
2024-11-07 02:00:00,8162.4,8162.9,8150.9,8152.1,3600,2,0,3600
2024-11-07 03:00:00,8152.0,8153.4,8145.8,8148.5,3600,2,0,3600
2024-11-07 04:00:00,8148.4,8153.9,8146.9,8153.3,3600,2,0,3600
2024-11-07 05:00:00,8153.2,8153.5,8142.4,8145.1,3600,2,0,3600
2024-11-07 06:00:00,8145.2,8149.4,8138.9,8146.5,3600,2,0,3600
2024-11-07 07:00:00,8146.4,8151.5,8142.2,8144.3,3600,2,0,3600
2024-11-07 08:00:00,8144.4,8151.3,8139.9,8140.7,3600,2,0,3600
2024-11-07 09:00:00,8140.8,8141.5,8134.7,8137.5,3600,2,0,3600
2024-11-07 10:00:00,8137.4,8149.3,8136.9,8145.1,3600,2,0,3600
2024-11-07 11:00:00,8145.0,8148.8,8139.9,8143.7,3600,2,0,3600
2024-11-07 12:00:00,8143.8,8147.3,8135.8,8135.9,3600,2,0,3600
2024-11-07 13:00:00,8135.8,8136.9,8127.1,8133.9,3600,2,0,3600
2024-11-07 14:00:00,8133.8,8135.8,8129.5,8132.9,3600,2,0,3600
2024-11-07 15:00:00,8132.8,8134.3,8128.2,8131.3,3600,2,0,3600
2024-11-07 16:00:00,8131.4,8137.8,8123.5,8124.5,3600,2,0,3600
2024-11-07 17:00:00,8124.6,8132.9,8122.6,8132.9,3600,2,0,3600
2024-11-07 18:00:00,8133.0,8138.6,8129.9,8134.7,3600,2,0,3600
2024-11-07 19:00:00,8134.8,8144.4,8134.0,8141.5,3600,2,0,3600
2024-11-07 20:00:00,8141.6,8142.0,8130.2,8133.1,3600,2,0,3600
2024-11-07 21:00:00,8133.0,8145.4,8131.4,8143.9,3600,2,0,3600
2024-11-07 22:00:00,8144.0,8146.9,8138.2,8146.7,3600,2,0,3600
2024-11-07 23:00:00,8146.8,8150.8,8141.9,8143.3,3600,2,0,3600
2024-11-08 00:00:00,8143.2,8146.1,8136.1,8142.7,3600,2,0,3600
2024-11-08 01:00:00,8142.8,8143.9,8135.6,8137.5,3600,2,0,3600
2024-11-08 02:00:00,8137.4,8142.5,8132.0,8133.5,3600,2,0,3600
2024-11-08 03:00:00,8133.6,8139.4,8129.8,8138.7,3600,2,0,3600
2024-11-08 04:00:00,8138.8,8138.9,8126.9,8132.5,3600,2,0,3600
2024-11-08 05:00:00,8132.4,8134.2,8120.9,8133.1,3600,2,0,3600
2024-11-08 06:00:00,8133.0,8150.9,8132.3,8148.9,3600,2,0,3600
2024-11-08 07:00:00,8148.8,8150.3,8141.8,8144.7,3600,2,0,3600
2024-11-08 08:00:00,8144.6,8152.9,8140.4,8148.9,3600,2,0,3600
2024-11-08 09:00:00,8148.8,8153.3,8143.0,8144.7,3600,2,0,3600
2024-11-08 10:00:00,8144.6,8149.1,8141.6,8144.8,3595,2,0,3595
2024-11-08 11:00:00,8144.7,8150.4,8142.3,8149.6,3600,2,0,3600
2024-11-08 12:00:00,8149.5,8159.9,8147.4,8158.6,3600,2,0,3600
2024-11-08 13:00:00,8158.7,8159.0,8152.0,8152.2,3600,2,0,3600
2024-11-08 14:00:00,8152.1,8155.6,8146.5,8153.3,3595,2,0,3595
2024-11-08 15:00:00,8153.4,8160.4,8149.7,8159.7,3600,2,0,3600
2024-11-08 16:00:00,8159.8,8162.2,8155.6,8159.9,3600,2,0,3600
2024-11-08 17:00:00,8159.8,8171.3,8156.1,8170.1,3600,2,0,3600
2024-11-08 18:00:00,8170.2,8177.6,8167.2,8175.3,3600,2,0,3600
2024-11-08 19:00:00,8175.2,8183.6,8173.4,8175.2,3595,2,0,3595
2024-11-08 20:00:00,8175.1,8181.7,8166.7,8167.8,3600,2,0,3600
2024-11-08 21:00:00,8167.9,8171.8,8164.9,8171.4,3600,2,0,3600
2024-11-08 22:00:00,8171.3,8177.8,8167.8,8175.0,3600,2,0,3600
2024-11-08 23:00:00,8174.9,8176.9,8171.0,8175.4,3600,2,0,3600
2024-11-09 00:00:00,8175.5,8182.5,8173.4,8180.7,3597,2,0,3597
2024-11-09 01:00:00,8180.6,8183.0,8173.9,8178.3,3600,2,0,3600
2024-11-09 02:00:00,8178.2,8184.3,8177.7,8180.3,3600,2,0,3600
2024-11-09 03:00:00,8180.4,8187.2,8179.4,8181.5,3600,2,0,3600
2024-11-09 04:00:00,8181.4,8192.6,8181.0,8190.7,3600,2,0,3600
2024-11-09 05:00:00,8190.6,8192.3,8183.0,8191.5,3600,2,0,3600
2024-11-09 06:00:00,8191.4,8193.7,8182.2,8191.5,3600,2,0,3600
2024-11-09 07:00:00,8191.6,8195.2,8186.4,8193.1,3600,2,0,3600
2024-11-09 08:00:00,8193.0,8199.0,8190.1,8197.5,3600,2,0,3600
2024-11-09 09:00:00,8197.6,8202.0,8194.8,8201.9,3600,2,0,3600
2024-11-09 10:00:00,8201.8,8205.0,8192.8,8203.7,3600,2,0,3600
2024-11-09 11:00:00,8203.6,8208.4,8201.3,8203.1,3600,2,0,3600
2024-11-09 12:00:00,8203.2,8204.3,8198.6,8200.9,3600,2,0,3600
2024-11-09 13:00:00,8200.8,8208.0,8200.5,8206.9,3600,2,0,3600
2024-11-09 14:00:00,8206.8,8224.3,8206.4,8222.7,3600,2,0,3600
2024-11-09 15:00:00,8222.8,8226.1,8212.6,8213.9,3600,2,0,3600
2024-11-09 16:00:00,8213.8,8221.5,8213.2,8220.7,3600,2,0,3600
2024-11-09 17:00:00,8220.6,8226.4,8218.8,8220.3,3600,2,0,3600
2024-11-09 18:00:00,8220.4,8226.8,8220.3,8225.3,3600,2,0,3600
2024-11-09 19:00:00,8225.2,8233.1,8223.9,8231.1,3600,2,0,3600
2024-11-09 20:00:00,8231.0,8237.9,8229.3,8235.3,3600,2,0,3600
2024-11-09 21:00:00,8235.4,8241.3,8234.2,8238.1,3600,2,0,3600
2024-11-09 22:00:00,8238.2,8239.1,8228.9,8238.1,3600,2,0,3600
2024-11-09 23:00:00,8238.0,8240.3,8229.4,8237.7,3600,2,0,3600
2024-11-10 00:00:00,8237.8,8242.8,8230.3,8230.9,3600,2,0,3600
2024-11-10 01:00:00,8230.8,8235.8,8224.4,8231.3,3600,2,0,3600
2024-11-10 02:00:00,8231.4,8234.5,8227.3,8228.3,3600,2,0,3600
2024-11-10 03:00:00,8228.4,8235.7,8226.8,8229.7,3600,2,0,3600
2024-11-10 04:00:00,8229.8,8231.1,8213.5,8215.3,3600,2,0,3600
2024-11-10 05:00:00,8215.4,8217.6,8209.6,8217.3,3600,2,0,3600
2024-11-10 06:00:00,8217.4,8218.0,8202.1,8203.1,3600,2,0,3600
2024-11-10 07:00:00,8203.0,8203.8,8196.1,8198.5,3600,2,0,3600
2024-11-10 08:00:00,8198.6,8202.8,8188.6,8189.9,3600,2,0,3600
2024-11-10 09:00:00,8189.8,8191.0,8184.8,8185.5,3600,2,0,3600
2024-11-10 10:00:00,8185.4,8188.4,8182.9,8183.1,3600,2,0,3600
2024-11-10 11:00:00,8183.2,8184.2,8174.7,8178.7,3600,2,0,3600
2024-11-10 12:00:00,8178.8,8180.3,8173.4,8173.9,3600,2,0,3600
2024-11-10 13:00:00,8174.0,8174.7,8167.5,8170.9,3600,2,0,3600
2024-11-10 14:00:00,8170.8,8176.5,8167.6,8173.9,3600,2,0,3600
2024-11-10 15:00:00,8174.0,8186.6,8173.7,8182.9,3600,2,0,3600
2024-11-10 16:00:00,8183.0,8185.4,8178.1,8181.9,3600,2,0,3600
2024-11-10 17:00:00,8182.0,8184.7,8172.8,8184.3,3600,2,0,3600
2024-11-10 18:00:00,8184.4,8189.0,8179.3,8179.9,3600,2,0,3600
2024-11-10 19:00:00,8179.8,8184.1,8175.0,8183.5,3600,2,0,3600
2024-11-10 20:00:00,8183.6,8191.7,8183.0,8190.9,3600,2,0,3600
2024-11-10 21:00:00,8191.0,8196.6,8189.1,8196.1,3600,2,0,3600
2024-11-10 22:00:00,8196.0,8210.7,8195.2,8207.3,3600,2,0,3600
2024-11-10 23:00:00,8207.4,8210.4,8193.7,8195.9,3600,2,0,3600
2024-11-11 00:00:00,8196.0,8196.3,8190.6,8194.1,3600,2,0,3600
2024-11-11 01:00:00,8194.0,8195.8,8187.4,8192.3,3600,2,0,3600
2024-11-11 02:00:00,8192.4,8195.5,8185.8,8188.5,3600,2,0,3600
2024-11-11 03:00:00,8188.6,8193.1,8184.1,8189.1,3600,2,0,3600
2024-11-11 04:00:00,8189.0,8197.1,8187.8,8192.9,3600,2,0,3600
2024-11-11 05:00:00,8193.0,8194.1,8185.6,8187.9,3600,2,0,3600
2024-11-11 06:00:00,8187.8,8194.7,8183.9,8184.7,3600,2,0,3600
2024-11-11 07:00:00,8184.6,8185.3,8167.1,8167.3,3600,2,0,3600
2024-11-11 08:00:00,8167.2,8178.7,8166.8,8171.5,3600,2,0,3600
2024-11-11 09:00:00,8171.4,8172.2,8161.9,8163.5,3600,2,0,3600
2024-11-11 10:00:00,8163.4,8169.3,8156.3,8167.3,3600,2,0,3600
2024-11-11 11:00:00,8167.2,8181.9,8165.5,8181.9,3600,2,0,3600
2024-11-11 12:00:00,8182.0,8186.2,8174.8,8174.9,3600,2,0,3600
2024-11-11 13:00:00,8175.0,8182.2,8170.8,8181.3,3600,2,0,3600
2024-11-11 14:00:00,8181.2,8186.1,8180.9,8181.3,3600,2,0,3600
2024-11-11 15:00:00,8181.4,8181.4,8174.9,8179.1,3600,2,0,3600
2024-11-11 16:00:00,8179.2,8185.4,8175.3,8182.7,3600,2,0,3600
2024-11-11 17:00:00,8182.8,8184.3,8177.2,8177.5,3600,2,0,3600
2024-11-11 18:00:00,8177.4,8187.8,8172.6,8187.3,3600,2,0,3600
2024-11-11 19:00:00,8187.2,8194.7,8185.3,8192.5,3600,2,0,3600
2024-11-11 20:00:00,8192.6,8206.4,8189.8,8203.7,3600,2,0,3600
2024-11-11 21:00:00,8203.6,8207.4,8200.2,8200.9,3600,2,0,3600
2024-11-11 22:00:00,8201.0,8201.7,8192.8,8195.9,3600,2,0,3600
2024-11-11 23:00:00,8195.8,8207.9,8193.4,8206.5,3600,2,0,3600
2024-11-12 00:00:00,8206.6,8208.4,8202.2,8204.7,3600,2,0,3600
2024-11-12 01:00:00,8204.8,8205.4,8194.2,8197.3,3600,2,0,3600
2024-11-12 02:00:00,8197.2,8201.4,8192.7,8197.1,3600,2,0,3600
2024-11-12 03:00:00,8197.0,8198.3,8186.7,8191.7,3600,2,0,3600
2024-11-12 04:00:00,8191.8,8194.8,8187.8,8188.5,3600,2,0,3600
2024-11-12 05:00:00,8188.6,8193.6,8186.4,8190.3,3600,2,0,3600
2024-11-12 06:00:00,8190.2,8196.0,8188.3,8190.5,3600,2,0,3600
2024-11-12 07:00:00,8190.4,8196.7,8189.8,8190.9,3600,2,0,3600
2024-11-12 08:00:00,8191.0,8197.6,8187.7,8192.7,3600,2,0,3600
2024-11-12 09:00:00,8192.8,8198.5,8189.5,8190.3,3600,2,0,3600
2024-11-12 10:00:00,8190.4,8193.8,8185.0,8185.3,3600,2,0,3600
2024-11-12 11:00:00,8185.2,8197.1,8184.3,8194.3,3600,2,0,3600
2024-11-12 12:00:00,8194.4,8198.8,8189.1,8197.5,3600,2,0,3600
2024-11-12 13:00:00,8197.6,8200.9,8195.7,8196.9,3600,2,0,3600
2024-11-12 14:00:00,8196.8,8197.0,8187.6,8189.5,3600,2,0,3600
2024-11-12 15:00:00,8189.4,8194.8,8189.0,8194.3,3600,2,0,3600
2024-11-12 16:00:00,8194.2,8200.7,8193.4,8200.3,3600,2,0,3600
2024-11-12 17:00:00,8200.2,8203.7,8189.3,8189.7,3600,2,0,3600
2024-11-12 18:00:00,8189.6,8198.2,8187.0,8194.5,3600,2,0,3600
2024-11-12 19:00:00,8194.6,8197.9,8187.4,8187.5,3600,2,0,3600
2024-11-12 20:00:00,8187.4,8192.0,8184.3,8186.7,3600,2,0,3600
2024-11-12 21:00:00,8186.6,8189.2,8178.6,8187.2,3597,2,0,3597
2024-11-12 22:00:00,8187.1,8194.1,8183.7,8192.8,3600,2,0,3600
2024-11-12 23:00:00,8192.9,8197.5,8190.6,8196.4,3600,2,0,3600
2024-11-13 00:00:00,8196.5,8202.6,8195.2,8197.4,3600,2,0,3600
2024-11-13 01:00:00,8197.3,8208.8,8197.1,8202.2,3600,2,0,3600
2024-11-13 02:00:00,8202.3,8203.1,8185.9,8186.2,3507,2,0,3507
2024-11-13 03:00:00,8186.1,8189.7,8179.8,8181.8,3600,2,0,3600
2024-11-13 04:00:00,8181.7,8190.8,8179.4,8190.4,3600,2,0,3600
2024-11-13 05:00:00,8190.3,8191.2,8181.7,8186.6,3600,2,0,3600
2024-11-13 06:00:00,8186.7,8187.3,8178.9,8181.0,3600,2,0,3600
2024-11-13 07:00:00,8180.9,8188.3,8176.3,8187.6,3600,2,0,3600
2024-11-13 08:00:00,8187.5,8191.9,8183.0,8185.6,3600,2,0,3600
2024-11-13 09:00:00,8185.5,8193.3,8185.4,8193.2,3600,2,0,3600
2024-11-13 10:00:00,8193.3,8196.9,8186.2,8191.6,3600,2,0,3600
2024-11-13 11:00:00,8191.7,8203.6,8191.3,8203.4,3600,2,0,3600
2024-11-13 12:00:00,8203.5,8211.3,8202.2,8207.0,3600,2,0,3600
2024-11-13 13:00:00,8207.1,8207.4,8201.5,8206.8,3600,2,0,3600
2024-11-13 14:00:00,8206.9,8212.1,8205.3,8206.3,3596,2,0,3596
2024-11-13 15:00:00,8206.2,8208.5,8194.9,8196.9,3600,2,0,3600
2024-11-13 16:00:00,8197.0,8197.1,8186.2,8188.7,3600,2,0,3600
2024-11-13 17:00:00,8188.8,8191.9,8187.3,8190.5,3600,2,0,3600
2024-11-13 18:00:00,8190.4,8195.3,8187.3,8188.7,3600,2,0,3600
2024-11-13 19:00:00,8188.6,8194.0,8186.9,8188.3,3600,2,0,3600
2024-11-13 20:00:00,8188.2,8190.3,8181.7,8183.7,3600,2,0,3600
2024-11-13 21:00:00,8183.6,8190.3,8182.7,8187.7,3600,2,0,3600
2024-11-13 22:00:00,8187.6,8192.1,8186.7,8190.5,3600,2,0,3600
2024-11-13 23:00:00,8190.6,8196.2,8188.1,8194.1,3600,2,0,3600
2024-11-14 00:00:00,8194.2,8196.7,8189.7,8191.5,3600,2,0,3600
2024-11-14 01:00:00,8191.6,8197.8,8189.0,8196.3,3600,2,0,3600
2024-11-14 02:00:00,8196.2,8201.5,8194.4,8195.9,3600,2,0,3600
2024-11-14 03:00:00,8196.0,8201.8,8193.8,8195.3,3600,2,0,3600
2024-11-14 04:00:00,8195.4,8196.6,8184.5,8185.7,3600,2,0,3600
2024-11-14 05:00:00,8185.8,8205.0,8185.8,8203.3,3600,2,0,3600
2024-11-14 06:00:00,8203.4,8208.4,8198.6,8201.9,3600,2,0,3600
2024-11-14 07:00:00,8202.0,8203.0,8190.6,8190.7,3600,2,0,3600
2024-11-14 08:00:00,8190.8,8190.9,8182.4,8183.3,3600,2,0,3600
2024-11-14 09:00:00,8183.2,8190.7,8182.5,8190.1,3600,2,0,3600
2024-11-14 10:00:00,8190.2,8199.8,8188.9,8192.3,3600,2,0,3600
2024-11-14 11:00:00,8192.4,8196.2,8189.5,8190.1,3600,2,0,3600
2024-11-14 12:00:00,8190.0,8192.8,8185.5,8190.9,3600,2,0,3600
2024-11-14 13:00:00,8190.8,8197.0,8189.0,8193.1,3600,2,0,3600
2024-11-14 14:00:00,8193.0,8199.6,8191.7,8196.9,3600,2,0,3600
2024-11-14 15:00:00,8197.0,8200.1,8189.5,8190.3,3600,2,0,3600
2024-11-14 16:00:00,8190.2,8190.3,8185.1,8187.7,3600,2,0,3600
2024-11-14 17:00:00,8187.6,8187.6,8176.5,8177.9,3600,2,0,3600
2024-11-14 18:00:00,8178.0,8182.1,8174.4,8181.5,3600,2,0,3600
2024-11-14 19:00:00,8181.6,8185.1,8176.6,8177.3,3600,2,0,3600
2024-11-14 20:00:00,8177.2,8180.3,8172.4,8174.1,3600,2,0,3600
2024-11-14 21:00:00,8174.0,8176.1,8166.6,8175.5,3600,2,0,3600
2024-11-14 22:00:00,8175.4,8185.1,8175.3,8184.7,3600,2,0,3600
2024-11-14 23:00:00,8184.6,8190.6,8181.1,8181.1,3600,2,0,3600
2024-11-15 00:00:00,8181.2,8185.7,8178.8,8182.7,3600,2,0,3600
2024-11-15 01:00:00,8182.6,8182.6,8171.4,8172.5,3600,2,0,3600
2024-11-15 02:00:00,8172.6,8176.4,8170.7,8171.5,3598,2,0,3598
2024-11-15 03:00:00,8171.4,8179.1,8169.9,8173.9,3600,2,0,3600
2024-11-15 04:00:00,8173.8,8175.8,8168.3,8171.9,3600,2,0,3600
2024-11-15 05:00:00,8171.8,8173.0,8166.1,8170.1,3600,2,0,3600
2024-11-15 06:00:00,8170.0,8173.7,8161.6,8163.9,3600,2,0,3600
2024-11-15 07:00:00,8163.8,8170.8,8162.3,8169.1,3600,2,0,3600
2024-11-15 08:00:00,8169.2,8173.5,8166.4,8169.7,3600,2,0,3600
2024-11-15 09:00:00,8169.6,8177.7,8167.8,8172.9,3600,2,0,3600
2024-11-15 10:00:00,8172.8,8181.7,8171.9,8179.5,3600,2,0,3600
2024-11-15 11:00:00,8179.4,8181.8,8176.7,8181.5,3600,2,0,3600
2024-11-15 12:00:00,8181.6,8188.9,8179.5,8188.3,3600,2,0,3600
2024-11-15 13:00:00,8188.2,8192.2,8184.6,8191.3,3600,2,0,3600
2024-11-15 14:00:00,8191.4,8199.4,8188.7,8196.3,3600,2,0,3600
2024-11-15 15:00:00,8196.4,8201.7,8193.9,8200.9,3600,2,0,3600
2024-11-15 16:00:00,8201.0,8206.4,8198.6,8203.3,3600,2,0,3600
2024-11-15 17:00:00,8203.2,8207.4,8199.7,8203.1,3600,2,0,3600
2024-11-15 18:00:00,8203.0,8206.7,8199.3,8199.7,3600,2,0,3600
2024-11-15 19:00:00,8199.6,8200.9,8189.3,8189.7,3600,2,0,3600
2024-11-15 20:00:00,8189.8,8192.2,8186.5,8190.7,3600,2,0,3600
2024-11-15 21:00:00,8190.8,8191.1,8183.4,8187.5,3600,2,0,3600
2024-11-15 22:00:00,8187.6,8197.3,8187.6,8194.1,3600,2,0,3600
2024-11-15 23:00:00,8194.0,8200.5,8188.2,8191.1,3600,2,0,3600
2024-11-16 00:00:00,8191.2,8192.6,8186.9,8188.1,3600,2,0,3600
2024-11-16 01:00:00,8188.2,8188.9,8178.2,8186.1,3600,2,0,3600
2024-11-16 02:00:00,8186.2,8188.5,8181.3,8183.9,3600,2,0,3600
2024-11-16 03:00:00,8183.8,8191.8,8181.4,8185.9,3600,2,0,3600
2024-11-16 04:00:00,8186.0,8198.9,8183.2,8198.5,3600,2,0,3600
2024-11-16 05:00:00,8198.4,8209.7,8198.1,8205.1,3600,2,0,3600
2024-11-16 06:00:00,8205.2,8207.8,8201.5,8205.9,3600,2,0,3600
2024-11-16 07:00:00,8205.8,8210.7,8205.2,8207.9,3600,2,0,3600
2024-11-16 08:00:00,8207.8,8213.1,8204.0,8211.3,3600,2,0,3600
2024-11-16 09:00:00,8211.2,8217.4,8210.2,8213.3,3600,2,0,3600
2024-11-16 10:00:00,8213.4,8213.6,8204.4,8206.5,3600,2,0,3600
2024-11-16 11:00:00,8206.6,8206.8,8196.4,8200.5,3600,2,0,3600
2024-11-16 12:00:00,8200.6,8203.2,8191.7,8195.1,3600,2,0,3600
2024-11-16 13:00:00,8195.2,8199.1,8190.0,8194.7,3600,2,0,3600
2024-11-16 14:00:00,8194.6,8197.3,8187.6,8191.5,3600,2,0,3600
2024-11-16 15:00:00,8191.6,8192.5,8183.1,8186.3,3600,2,0,3600
2024-11-16 16:00:00,8186.2,8188.3,8181.0,8182.7,3600,2,0,3600
2024-11-16 17:00:00,8182.8,8183.3,8175.4,8180.9,3600,2,0,3600
2024-11-16 18:00:00,8181.0,8186.2,8178.7,8184.5,3600,2,0,3600
2024-11-16 19:00:00,8184.6,8187.6,8176.9,8178.1,3600,2,0,3600
2024-11-16 20:00:00,8178.2,8180.3,8175.7,8178.7,3600,2,0,3600
2024-11-16 21:00:00,8178.8,8183.8,8174.5,8177.7,3600,2,0,3600
2024-11-16 22:00:00,8177.6,8184.2,8176.7,8183.5,3600,2,0,3600
2024-11-16 23:00:00,8183.6,8189.7,8183.5,8188.3,3600,2,0,3600
2024-11-17 00:00:00,8188.2,8189.2,8182.8,8184.2,3595,2,0,3595
2024-11-17 01:00:00,8184.1,8186.5,8178.5,8178.6,3397,2,0,3397
2024-11-17 02:00:00,8178.5,8181.6,8177.1,8178.8,3608,2,0,3608
2024-11-17 03:00:00,8178.9,8180.3,8173.8,8180.2,3600,2,0,3600
2024-11-17 04:00:00,8180.3,8186.1,8178.6,8185.4,3600,2,0,3600
2024-11-17 05:00:00,8185.5,8189.7,8182.0,8187.4,3600,2,0,3600
2024-11-17 06:00:00,8187.3,8192.8,8182.9,8192.8,3600,2,0,3600
2024-11-17 07:00:00,8192.7,8204.2,8191.0,8204.0,3600,2,0,3600
2024-11-17 08:00:00,8204.1,8208.1,8194.3,8200.4,3600,2,0,3600
2024-11-17 09:00:00,8200.5,8204.3,8189.7,8192.2,3600,2,0,3600
2024-11-17 10:00:00,8192.1,8193.5,8180.9,8185.2,3600,2,0,3600
2024-11-17 11:00:00,8185.3,8189.2,8182.3,8184.2,3600,2,0,3600
2024-11-17 12:00:00,8184.3,8185.7,8180.9,8182.4,3600,2,0,3600
2024-11-17 13:00:00,8182.5,8199.9,8180.1,8197.6,3600,2,0,3600
2024-11-17 14:00:00,8197.5,8201.2,8194.3,8200.8,3600,2,0,3600
2024-11-17 15:00:00,8200.7,8204.8,8199.1,8200.4,3600,2,0,3600
2024-11-17 16:00:00,8200.3,8206.4,8199.4,8202.6,3600,2,0,3600
2024-11-17 17:00:00,8202.7,8205.1,8197.4,8200.2,3600,2,0,3600
2024-11-17 18:00:00,8200.1,8203.2,8195.8,8203.2,3600,2,0,3600
2024-11-17 19:00:00,8203.1,8203.2,8195.8,8200.2,3600,2,0,3600
2024-11-17 20:00:00,8200.3,8201.5,8190.9,8195.2,3600,2,0,3600
2024-11-17 21:00:00,8195.1,8195.5,8187.9,8192.2,3600,2,0,3600
2024-11-17 22:00:00,8192.1,8197.2,8190.5,8193.6,3600,2,0,3600
2024-11-17 23:00:00,8193.7,8203.4,8191.6,8203.2,3600,2,0,3600
2024-11-18 00:00:00,8203.1,8206.2,8199.7,8202.6,3600,2,0,3600
2024-11-18 01:00:00,8202.7,8210.9,8202.3,8207.4,3600,2,0,3600
2024-11-18 02:00:00,8207.5,8207.6,8197.0,8197.2,3600,2,0,3600
2024-11-18 03:00:00,8197.1,8198.7,8192.9,8193.0,3600,2,0,3600
2024-11-18 04:00:00,8192.9,8201.2,8191.9,8196.4,3600,2,0,3600
2024-11-18 05:00:00,8196.5,8204.0,8191.4,8202.4,3600,2,0,3600
2024-11-18 06:00:00,8202.5,8203.8,8191.6,8201.0,3600,2,0,3600
2024-11-18 07:00:00,8200.9,8211.7,8199.1,8206.4,3600,2,0,3600
2024-11-18 08:00:00,8206.3,8207.0,8188.9,8191.4,3600,2,0,3600
2024-11-18 09:00:00,8191.5,8196.7,8188.2,8192.2,3600,2,0,3600
2024-11-18 10:00:00,8192.3,8194.4,8178.5,8184.6,3600,2,0,3600
2024-11-18 11:00:00,8184.7,8189.7,8184.0,8188.8,3600,2,0,3600
2024-11-18 12:00:00,8188.7,8192.1,8183.2,8188.6,3600,2,0,3600
2024-11-18 13:00:00,8188.7,8189.9,8181.2,8181.4,3600,2,0,3600
2024-11-18 14:00:00,8181.3,8181.9,8172.2,8174.6,3600,2,0,3600
2024-11-18 15:00:00,8174.7,8181.4,8172.8,8177.2,3600,2,0,3600
2024-11-18 16:00:00,8177.3,8178.7,8171.3,8173.0,3600,2,0,3600
2024-11-18 17:00:00,8172.9,8173.6,8158.7,8160.0,3600,2,0,3600
2024-11-18 18:00:00,8159.9,8164.5,8157.4,8162.6,3600,2,0,3600
2024-11-18 19:00:00,8162.5,8165.9,8156.7,8164.2,3600,2,0,3600
2024-11-18 20:00:00,8164.1,8165.3,8158.8,8162.6,3600,2,0,3600
2024-11-18 21:00:00,8162.7,8167.1,8161.0,8163.4,3600,2,0,3600
2024-11-18 22:00:00,8163.3,8171.9,8161.1,8171.2,3600,2,0,3600
2024-11-18 23:00:00,8171.1,8177.0,8168.8,8176.8,3600,2,0,3600
2024-11-19 00:00:00,8176.9,8180.6,8174.0,8175.6,3600,2,0,3600
2024-11-19 01:00:00,8175.5,8186.7,8172.8,8184.4,3600,2,0,3600
2024-11-19 02:00:00,8184.3,8184.5,8173.4,8182.8,3600,2,0,3600
2024-11-19 03:00:00,8182.7,8185.9,8176.9,8183.8,3600,2,0,3600
2024-11-19 04:00:00,8183.7,8192.2,8182.9,8190.8,3600,2,0,3600
2024-11-19 05:00:00,8190.9,8194.8,8188.7,8192.0,3600,2,0,3600
2024-11-19 06:00:00,8192.1,8192.1,8180.9,8182.0,3600,2,0,3600
2024-11-19 07:00:00,8181.9,8190.3,8180.6,8184.6,3600,2,0,3600
2024-11-19 08:00:00,8184.7,8193.0,8182.0,8190.2,3600,2,0,3600
2024-11-19 09:00:00,8190.3,8194.6,8183.1,8183.2,3600,2,0,3600
2024-11-19 10:00:00,8183.3,8186.0,8176.3,8182.2,3600,2,0,3600
2024-11-19 11:00:00,8182.1,8189.7,8178.8,8187.4,3600,2,0,3600
2024-11-19 12:00:00,8187.5,8188.0,8179.4,8185.0,3600,2,0,3600
2024-11-19 13:00:00,8184.9,8189.0,8181.2,8182.4,3600,2,0,3600
2024-11-19 14:00:00,8182.5,8186.3,8180.0,8182.0,3600,2,0,3600
2024-11-19 15:00:00,8182.1,8182.4,8172.9,8173.6,3600,2,0,3600
2024-11-19 16:00:00,8173.7,8180.8,8172.8,8179.2,3600,2,0,3600
2024-11-19 17:00:00,8179.1,8188.7,8178.6,8184.8,3600,2,0,3600
2024-11-19 18:00:00,8184.7,8194.6,8183.6,8193.8,3600,2,0,3600
2024-11-19 19:00:00,8193.7,8194.7,8187.4,8187.4,3600,2,0,3600
2024-11-19 20:00:00,8187.5,8190.2,8179.5,8180.2,3600,2,0,3600
2024-11-19 21:00:00,8180.1,8180.8,8173.5,8174.0,3600,2,0,3600
2024-11-19 22:00:00,8174.1,8178.8,8170.5,8175.0,3600,2,0,3600
2024-11-19 23:00:00,8175.1,8188.8,8174.4,8187.6,3600,2,0,3600
2024-11-20 00:00:00,8187.5,8190.7,8185.1,8188.0,3600,2,0,3600
2024-11-20 01:00:00,8188.1,8189.0,8181.1,8185.6,3600,2,0,3600
2024-11-20 02:00:00,8185.7,8199.2,8185.3,8191.4,3600,2,0,3600
2024-11-20 03:00:00,8191.5,8195.8,8185.6,8187.8,3600,2,0,3600
2024-11-20 04:00:00,8187.9,8192.2,8181.4,8191.2,3600,2,0,3600
2024-11-20 05:00:00,8191.1,8206.8,8189.4,8205.4,3600,2,0,3600
2024-11-20 06:00:00,8205.3,8205.7,8192.3,8196.6,3600,2,0,3600
2024-11-20 07:00:00,8196.7,8204.8,8196.4,8201.8,3600,2,0,3600
2024-11-20 08:00:00,8201.9,8206.9,8194.2,8206.2,3600,2,0,3600
2024-11-20 09:00:00,8206.3,8217.2,8205.8,8214.1,3593,2,0,3593
2024-11-20 10:00:00,8214.2,8216.8,8206.9,8206.9,3600,2,0,3600
2024-11-20 11:00:00,8206.8,8212.3,8205.0,8206.1,3600,2,0,3600
2024-11-20 12:00:00,8206.0,8214.7,8200.4,8213.5,3600,2,0,3600
2024-11-20 13:00:00,8213.4,8223.9,8212.7,8223.9,3600,2,0,3600
2024-11-20 14:00:00,8223.8,8223.9,8214.3,8215.3,3600,2,0,3600
2024-11-20 15:00:00,8215.2,8222.2,8212.0,8221.9,3600,2,0,3600
2024-11-20 16:00:00,8221.8,8228.8,8219.8,8226.5,3600,2,0,3600
2024-11-20 17:00:00,8226.4,8231.8,8223.7,8231.3,3600,2,0,3600
2024-11-20 18:00:00,8231.4,8241.4,8229.9,8241.3,3600,2,0,3600
2024-11-20 19:00:00,8241.2,8242.5,8232.1,8232.7,3600,2,0,3600
2024-11-20 20:00:00,8232.6,8240.1,8230.9,8237.1,3600,2,0,3600
2024-11-20 21:00:00,8237.0,8241.5,8235.0,8237.3,3600,2,0,3600
2024-11-20 22:00:00,8237.4,8239.4,8227.2,8227.7,3600,2,0,3600
2024-11-20 23:00:00,8227.8,8233.7,8226.0,8229.5,3600,2,0,3600
2024-11-21 00:00:00,8229.4,8234.4,8228.6,8233.1,3600,2,0,3600
2024-11-21 01:00:00,8233.2,8238.5,8231.2,8234.7,3600,2,0,3600
2024-11-21 02:00:00,8234.8,8243.2,8231.0,8240.9,3600,2,0,3600
2024-11-21 03:00:00,8241.0,8241.5,8235.2,8241.1,3600,2,0,3600
2024-11-21 04:00:00,8241.2,8245.8,8236.9,8245.7,3600,2,0,3600
2024-11-21 05:00:00,8245.8,8247.7,8231.1,8232.1,3600,2,0,3600
2024-11-21 06:00:00,8232.2,8233.8,8226.0,8233.3,3600,2,0,3600
2024-11-21 07:00:00,8233.4,8238.4,8231.1,8234.1,3600,2,0,3600
2024-11-21 08:00:00,8234.0,8234.9,8226.2,8227.1,3600,2,0,3600
2024-11-21 09:00:00,8227.0,8236.4,8226.7,8232.7,3600,2,0,3600
2024-11-21 10:00:00,8232.8,8238.1,8231.0,8232.5,3600,2,0,3600
2024-11-21 11:00:00,8232.6,8237.5,8231.7,8233.7,3600,2,0,3600
2024-11-21 12:00:00,8233.8,8240.1,8229.6,8229.7,3600,2,0,3600
2024-11-21 13:00:00,8229.6,8232.5,8226.3,8230.9,3600,2,0,3600
2024-11-21 14:00:00,8230.8,8237.6,8228.8,8230.5,3600,2,0,3600
2024-11-21 15:00:00,8230.6,8241.8,8228.1,8239.7,3600,2,0,3600
2024-11-21 16:00:00,8239.8,8244.8,8236.4,8236.9,3600,2,0,3600
2024-11-21 17:00:00,8237.0,8245.1,8236.7,8242.5,3600,2,0,3600
2024-11-21 18:00:00,8242.4,8245.4,8240.9,8243.7,3600,2,0,3600
2024-11-21 19:00:00,8243.6,8243.9,8239.1,8240.7,3600,2,0,3600
2024-11-21 20:00:00,8240.6,8247.8,8238.8,8240.9,3600,2,0,3600
2024-11-21 21:00:00,8240.8,8243.9,8236.3,8238.5,3600,2,0,3600
2024-11-21 22:00:00,8238.6,8245.0,8237.5,8238.5,3600,2,0,3600
2024-11-21 23:00:00,8238.6,8253.3,8238.4,8252.9,3600,2,0,3600
2024-11-22 00:00:00,8253.0,8263.4,8248.5,8261.5,3600,2,0,3600
2024-11-22 01:00:00,8261.6,8268.1,8260.6,8266.5,3600,2,0,3600
2024-11-22 02:00:00,8266.4,8271.5,8257.9,8258.1,3600,2,0,3600
2024-11-22 03:00:00,8258.2,8262.3,8253.7,8261.9,3600,2,0,3600
2024-11-22 04:00:00,8261.8,8262.2,8255.9,8259.7,3600,2,0,3600
2024-11-22 05:00:00,8259.6,8263.6,8255.1,8260.9,3600,2,0,3600
2024-11-22 06:00:00,8261.0,8263.5,8255.4,8261.3,3600,2,0,3600
2024-11-22 07:00:00,8261.4,8262.2,8253.6,8258.3,3600,2,0,3600
2024-11-22 08:00:00,8258.2,8267.7,8256.6,8263.3,3600,2,0,3600
2024-11-22 09:00:00,8263.2,8269.7,8261.3,8265.1,3600,2,0,3600
2024-11-22 10:00:00,8265.0,8267.0,8260.4,8264.7,3600,2,0,3600
2024-11-22 11:00:00,8264.6,8268.1,8257.7,8261.7,3600,2,0,3600
2024-11-22 12:00:00,8261.8,8269.8,8261.3,8268.7,3600,2,0,3600
2024-11-22 13:00:00,8268.6,8278.1,8267.6,8275.7,3600,2,0,3600
2024-11-22 14:00:00,8275.6,8277.9,8270.1,8275.7,3600,2,0,3600
2024-11-22 15:00:00,8275.6,8281.0,8273.3,8274.7,3600,2,0,3600
2024-11-22 16:00:00,8274.8,8275.8,8264.9,8266.1,3600,2,0,3600
2024-11-22 17:00:00,8266.0,8268.1,8260.9,8263.5,3600,2,0,3600
2024-11-22 18:00:00,8263.6,8277.8,8263.0,8276.9,3600,2,0,3600
2024-11-22 19:00:00,8277.0,8281.4,8273.0,8281.1,3600,2,0,3600
2024-11-22 20:00:00,8281.2,8282.7,8273.5,8282.7,3600,2,0,3600
2024-11-22 21:00:00,8282.6,8284.4,8276.4,8276.9,3600,2,0,3600
2024-11-22 22:00:00,8277.0,8277.4,8270.0,8275.3,3600,2,0,3600
2024-11-22 23:00:00,8275.2,8280.8,8272.1,8280.7,3600,2,0,3600
2024-11-23 00:00:00,8280.8,8285.2,8275.5,8277.1,3600,2,0,3600
2024-11-23 01:00:00,8277.0,8279.0,8269.1,8277.5,3600,2,0,3600
2024-11-23 02:00:00,8277.4,8280.2,8268.5,8269.5,3600,2,0,3600
2024-11-23 03:00:00,8269.4,8274.1,8268.4,8272.9,3600,2,0,3600
2024-11-23 04:00:00,8272.8,8278.3,8270.5,8277.7,3600,2,0,3600
2024-11-23 05:00:00,8277.6,8281.4,8272.8,8273.9,3600,2,0,3600
2024-11-23 06:00:00,8273.8,8274.1,8262.4,8262.7,3600,2,0,3600
2024-11-23 07:00:00,8262.8,8263.0,8246.9,8251.1,3600,2,0,3600
2024-11-23 08:00:00,8251.0,8256.0,8246.2,8248.1,3600,2,0,3600
2024-11-23 09:00:00,8248.0,8251.2,8244.0,8249.9,3600,2,0,3600
2024-11-23 10:00:00,8250.0,8253.1,8247.2,8247.5,3600,2,0,3600
2024-11-23 11:00:00,8247.4,8250.2,8241.8,8244.3,3600,2,0,3600
2024-11-23 12:00:00,8244.2,8257.1,8242.7,8255.3,3600,2,0,3600
2024-11-23 13:00:00,8255.4,8256.8,8238.8,8239.9,3600,2,0,3600
2024-11-23 14:00:00,8240.0,8240.8,8228.9,8229.1,3600,2,0,3600
2024-11-23 15:00:00,8229.0,8234.2,8224.7,8226.3,3600,2,0,3600
2024-11-23 16:00:00,8226.4,8236.1,8226.4,8233.7,3600,2,0,3600
2024-11-23 17:00:00,8233.6,8237.0,8231.8,8233.7,3600,2,0,3600
2024-11-23 18:00:00,8233.8,8242.8,8230.5,8232.5,3600,2,0,3600
2024-11-23 19:00:00,8232.6,8237.2,8228.5,8230.9,3600,2,0,3600
2024-11-23 20:00:00,8231.0,8238.4,8227.2,8234.5,3600,2,0,3600
2024-11-23 21:00:00,8234.6,8243.0,8233.9,8240.5,3600,2,0,3600
2024-11-23 22:00:00,8240.4,8242.3,8236.0,8241.5,3600,2,0,3600
2024-11-23 23:00:00,8241.4,8245.1,8237.3,8242.1,3600,2,0,3600
2024-11-24 00:00:00,8242.2,8243.0,8236.9,8242.1,3600,2,0,3600
2024-11-24 01:00:00,8242.2,8242.8,8237.1,8240.3,3576,2,0,3576
2024-11-24 02:00:00,8240.4,8248.4,8238.3,8246.7,3600,2,0,3600
2024-11-24 03:00:00,8246.6,8247.1,8237.2,8237.3,3600,2,0,3600
2024-11-24 04:00:00,8237.2,8243.5,8234.9,8240.5,3600,2,0,3600
2024-11-24 05:00:00,8240.6,8241.1,8234.3,8240.9,3600,2,0,3600
2024-11-24 06:00:00,8241.0,8249.6,8240.9,8245.3,3600,2,0,3600
2024-11-24 07:00:00,8245.2,8247.0,8240.4,8242.1,3600,2,0,3600
2024-11-24 08:00:00,8242.0,8244.9,8234.0,8239.1,3600,2,0,3600
2024-11-24 09:00:00,8239.2,8242.6,8237.9,8240.9,3600,2,0,3600
2024-11-24 10:00:00,8240.8,8248.0,8240.0,8247.1,3600,2,0,3600
2024-11-24 11:00:00,8247.0,8248.6,8240.6,8243.1,3600,2,0,3600
2024-11-24 12:00:00,8243.0,8247.5,8238.1,8238.5,3600,2,0,3600
2024-11-24 13:00:00,8238.6,8240.9,8233.7,8234.7,3600,2,0,3600
2024-11-24 14:00:00,8234.8,8243.4,8234.5,8240.1,3600,2,0,3600
2024-11-24 15:00:00,8240.0,8240.8,8229.9,8230.9,3600,2,0,3600
2024-11-24 16:00:00,8231.0,8231.7,8221.3,8221.9,3600,2,0,3600
2024-11-24 17:00:00,8222.0,8231.7,8220.9,8231.1,3600,2,0,3600
2024-11-24 18:00:00,8231.2,8241.5,8228.5,8239.7,3600,2,0,3600
2024-11-24 19:00:00,8239.6,8247.6,8238.5,8241.5,3600,2,0,3600
2024-11-24 20:00:00,8241.6,8244.7,8236.2,8237.3,3600,2,0,3600
2024-11-24 21:00:00,8237.4,8246.5,8236.7,8244.9,3600,2,0,3600
2024-11-24 22:00:00,8245.0,8247.2,8234.6,8241.5,3600,2,0,3600
2024-11-24 23:00:00,8241.4,8245.4,8234.6,8241.9,3600,2,0,3600
2024-11-25 00:00:00,8242.0,8244.7,8233.7,8234.6,3595,2,0,3595
2024-11-25 01:00:00,8234.7,8234.9,8228.0,8231.0,3600,2,0,3600
2024-11-25 02:00:00,8231.1,8236.2,8226.2,8233.6,3600,2,0,3600
2024-11-25 03:00:00,8233.5,8236.4,8225.5,8229.6,3600,2,0,3600
2024-11-25 04:00:00,8229.5,8233.5,8218.0,8219.4,3600,2,0,3600
2024-11-25 05:00:00,8219.3,8226.1,8218.2,8218.4,3600,2,0,3600
2024-11-25 06:00:00,8218.3,8226.2,8217.2,8222.4,3600,2,0,3600
2024-11-25 07:00:00,8222.5,8229.5,8219.2,8220.8,3600,2,0,3600
2024-11-25 08:00:00,8220.9,8222.4,8214.0,8216.0,3600,2,0,3600
2024-11-25 09:00:00,8215.9,8220.7,8211.5,8213.8,3600,2,0,3600
2024-11-25 10:00:00,8213.7,8215.7,8203.1,8203.8,3600,2,0,3600
2024-11-25 11:00:00,8203.9,8203.9,8196.5,8197.0,3600,2,0,3600
2024-11-25 12:00:00,8196.9,8203.0,8194.6,8202.6,3600,2,0,3600
2024-11-25 13:00:00,8202.5,8212.7,8199.6,8212.2,3600,2,0,3600
2024-11-25 14:00:00,8212.3,8216.5,8209.2,8213.6,3600,2,0,3600
2024-11-25 15:00:00,8213.5,8214.2,8206.7,8208.6,3600,2,0,3600
2024-11-25 16:00:00,8208.7,8220.9,8208.5,8219.0,3600,2,0,3600
2024-11-25 17:00:00,8219.1,8223.6,8213.3,8216.6,3600,2,0,3600
2024-11-25 18:00:00,8216.5,8221.0,8214.6,8217.6,3600,2,0,3600
2024-11-25 19:00:00,8217.5,8220.1,8206.9,8211.6,3600,2,0,3600
2024-11-25 20:00:00,8211.5,8216.3,8210.5,8212.2,3600,2,0,3600
2024-11-25 21:00:00,8212.3,8223.2,8212.0,8221.6,3600,2,0,3600
2024-11-25 22:00:00,8221.5,8222.2,8204.6,8210.6,3600,2,0,3600
2024-11-25 23:00:00,8210.5,8212.8,8199.5,8200.8,3600,2,0,3600
2024-11-26 00:00:00,8200.7,8209.0,8199.3,8207.4,3600,2,0,3600
2024-11-26 01:00:00,8207.3,8208.5,8196.2,8197.4,3600,2,0,3600
2024-11-26 02:00:00,8197.3,8209.6,8197.1,8205.4,3600,2,0,3600
2024-11-26 03:00:00,8205.3,8212.1,8204.4,8205.8,3600,2,0,3600
2024-11-26 04:00:00,8205.9,8215.5,8205.6,8207.8,3600,2,0,3600
2024-11-26 05:00:00,8207.9,8209.7,8200.4,8209.6,3600,2,0,3600
2024-11-26 06:00:00,8209.5,8215.7,8203.8,8208.0,3600,2,0,3600
2024-11-26 07:00:00,8208.1,8208.5,8199.3,8202.0,3600,2,0,3600
2024-11-26 08:00:00,8202.1,8211.5,8201.6,8205.4,3600,2,0,3600
2024-11-26 09:00:00,8205.3,8213.3,8204.5,8211.4,3600,2,0,3600
2024-11-26 10:00:00,8211.3,8215.9,8209.2,8209.2,3600,2,0,3600
2024-11-26 11:00:00,8209.1,8215.2,8207.2,8211.0,3600,2,0,3600
2024-11-26 12:00:00,8211.1,8211.3,8203.2,8207.2,3600,2,0,3600
2024-11-26 13:00:00,8207.1,8210.3,8201.1,8209.2,3600,2,0,3600
2024-11-26 14:00:00,8209.3,8211.7,8202.7,8206.4,3600,2,0,3600
2024-11-26 15:00:00,8206.3,8210.1,8203.9,8204.6,3600,2,0,3600
2024-11-26 16:00:00,8204.5,8205.7,8198.4,8202.4,3600,2,0,3600
2024-11-26 17:00:00,8202.3,8204.7,8199.3,8203.8,3600,2,0,3600
2024-11-26 18:00:00,8203.9,8211.5,8202.4,8211.0,3600,2,0,3600
2024-11-26 19:00:00,8211.1,8223.8,8210.3,8218.8,3600,2,0,3600
2024-11-26 20:00:00,8218.9,8232.0,8218.9,8230.8,3600,2,0,3600
2024-11-26 21:00:00,8230.9,8233.9,8217.3,8218.4,3600,2,0,3600
2024-11-26 22:00:00,8218.5,8228.9,8217.4,8226.6,3600,2,0,3600
2024-11-26 23:00:00,8226.5,8229.9,8220.2,8223.0,3600,2,0,3600
2024-11-27 00:00:00,8222.9,8225.9,8213.7,8223.2,3600,2,0,3600
2024-11-27 01:00:00,8223.3,8229.3,8216.2,8217.8,3600,2,0,3600
2024-11-27 02:00:00,8217.9,8226.5,8214.9,8225.8,3600,2,0,3600
2024-11-27 03:00:00,8225.7,8240.6,8222.3,8237.4,3600,2,0,3600
2024-11-27 04:00:00,8237.5,8244.0,8237.0,8241.0,3600,2,0,3600
2024-11-27 05:00:00,8240.9,8248.3,8240.1,8246.4,3600,2,0,3600
2024-11-27 06:00:00,8246.5,8253.3,8244.4,8247.8,3600,2,0,3600
2024-11-27 07:00:00,8247.9,8257.4,8245.9,8255.0,3600,2,0,3600
2024-11-27 08:00:00,8254.9,8258.0,8249.4,8249.4,3600,2,0,3600
2024-11-27 09:00:00,8249.5,8251.5,8244.2,8246.2,3600,2,0,3600
2024-11-27 10:00:00,8246.1,8252.4,8245.6,8251.4,3600,2,0,3600
2024-11-27 11:00:00,8251.5,8258.2,8250.1,8256.0,3600,2,0,3600
2024-11-27 12:00:00,8255.9,8258.9,8246.2,8246.4,3600,2,0,3600
2024-11-27 13:00:00,8246.3,8258.6,8245.7,8257.8,3600,2,0,3600
2024-11-27 14:00:00,8257.7,8260.1,8255.8,8259.2,3600,2,0,3600
2024-11-27 15:00:00,8259.1,8259.5,8252.2,8257.2,3600,2,0,3600
2024-11-27 16:00:00,8257.1,8267.1,8256.3,8259.8,3600,2,0,3600
2024-11-27 17:00:00,8259.9,8260.8,8251.9,8254.0,3600,2,0,3600
2024-11-27 18:00:00,8253.9,8259.5,8250.8,8259.0,3600,2,0,3600
2024-11-27 19:00:00,8259.1,8265.1,8257.1,8262.4,3600,2,0,3600
2024-11-27 20:00:00,8262.5,8265.0,8256.6,8258.0,3600,2,0,3600
2024-11-27 21:00:00,8257.9,8262.5,8257.3,8260.0,3600,2,0,3600
2024-11-27 22:00:00,8260.1,8264.4,8256.4,8263.4,3600,2,0,3600
2024-11-27 23:00:00,8263.3,8271.1,8262.4,8267.6,3600,2,0,3600
2024-11-28 00:00:00,8267.5,8277.3,8267.5,8273.8,3600,2,0,3600
2024-11-28 01:00:00,8273.9,8278.1,8271.1,8273.8,3600,2,0,3600
2024-11-28 02:00:00,8273.9,8274.3,8267.4,8268.8,3600,2,0,3600
2024-11-28 03:00:00,8268.9,8272.2,8265.4,8267.8,3600,2,0,3600
2024-11-28 04:00:00,8267.9,8283.9,8267.8,8282.6,3600,2,0,3600
2024-11-28 05:00:00,8282.7,8284.1,8272.6,8273.2,3600,2,0,3600
2024-11-28 06:00:00,8273.3,8279.6,8272.7,8275.6,3600,2,0,3600
2024-11-28 07:00:00,8275.7,8285.8,8275.7,8280.4,3600,2,0,3600
2024-11-28 08:00:00,8280.3,8288.7,8277.8,8286.8,3600,2,0,3600
2024-11-28 09:00:00,8286.7,8292.6,8282.1,8291.0,3600,2,0,3600
2024-11-28 10:00:00,8290.9,8291.4,8286.5,8286.8,3600,2,0,3600
2024-11-28 11:00:00,8286.7,8286.7,8276.4,8276.8,3600,2,0,3600
2024-11-28 12:00:00,8276.7,8286.9,8276.1,8283.2,3600,2,0,3600
2024-11-28 13:00:00,8283.3,8290.2,8274.2,8274.2,3600,2,0,3600
2024-11-28 14:00:00,8274.1,8281.3,8269.7,8278.8,3600,2,0,3600
2024-11-28 15:00:00,8278.9,8284.5,8276.0,8284.4,3600,2,0,3600
2024-11-28 16:00:00,8284.3,8285.7,8278.3,8278.4,3600,2,0,3600
2024-11-28 17:00:00,8278.5,8286.2,8276.0,8284.8,3600,2,0,3600
2024-11-28 18:00:00,8284.7,8290.2,8278.9,8281.4,3600,2,0,3600
2024-11-28 19:00:00,8281.3,8281.4,8274.3,8274.6,3600,2,0,3600
2024-11-28 20:00:00,8274.5,8274.9,8265.5,8265.6,3600,2,0,3600
2024-11-28 21:00:00,8265.7,8269.0,8260.0,8266.6,3600,2,0,3600
2024-11-28 22:00:00,8266.5,8274.8,8266.5,8273.8,3600,2,0,3600
2024-11-28 23:00:00,8273.7,8278.8,8271.2,8275.0,3600,2,0,3600
2024-11-29 00:00:00,8275.1,8275.6,8261.2,8264.6,3600,2,0,3600
2024-11-29 01:00:00,8264.7,8266.5,8252.5,8253.4,3600,2,0,3600
2024-11-29 02:00:00,8253.5,8255.6,8246.4,8247.2,3600,2,0,3600
2024-11-29 03:00:00,8247.3,8250.0,8240.2,8245.6,3600,2,0,3600
2024-11-29 04:00:00,8245.7,8248.4,8237.7,8238.6,3600,2,0,3600
2024-11-29 05:00:00,8238.5,8243.6,8235.3,8241.2,3600,2,0,3600
2024-11-29 06:00:00,8241.1,8245.3,8237.2,8238.0,3600,2,0,3600
2024-11-29 07:00:00,8238.1,8244.5,8233.7,8237.2,3600,2,0,3600
2024-11-29 08:00:00,8237.3,8238.4,8229.9,8234.6,3600,2,0,3600
2024-11-29 09:00:00,8234.5,8238.8,8228.4,8228.8,3600,2,0,3600
2024-11-29 10:00:00,8228.9,8236.7,8225.5,8236.4,3600,2,0,3600
2024-11-29 11:00:00,8236.5,8243.5,8235.5,8236.6,3600,2,0,3600
2024-11-29 12:00:00,8236.5,8237.1,8226.5,8231.4,3600,2,0,3600
2024-11-29 13:00:00,8231.3,8236.1,8226.8,8230.6,3600,2,0,3600
2024-11-29 14:00:00,8230.5,8230.8,8221.7,8222.8,3600,2,0,3600
2024-11-29 15:00:00,8222.9,8225.7,8218.3,8219.6,3600,2,0,3600
2024-11-29 16:00:00,8219.5,8229.9,8216.5,8229.8,3600,2,0,3600
2024-11-29 17:00:00,8229.7,8235.8,8226.6,8229.6,3600,2,0,3600
2024-11-29 18:00:00,8229.5,8233.0,8224.9,8228.4,3600,2,0,3600
2024-11-29 19:00:00,8228.3,8231.8,8226.8,8227.4,3600,2,0,3600
2024-11-29 20:00:00,8227.5,8234.2,8225.2,8226.8,3600,2,0,3600
2024-11-29 21:00:00,8226.7,8230.6,8223.3,8229.2,3600,2,0,3600
2024-11-29 22:00:00,8229.3,8230.2,8221.8,8225.2,3600,2,0,3600
2024-11-29 23:00:00,8225.3,8229.6,8222.6,8228.8,3600,2,0,3600
2024-11-30 00:00:00,8228.9,8232.1,8224.5,8225.2,3600,2,0,3600
2024-11-30 01:00:00,8225.1,8228.1,8219.8,8221.8,3600,2,0,3600
2024-11-30 02:00:00,8221.9,8222.1,8209.9,8214.2,3600,2,0,3600
2024-11-30 03:00:00,8214.1,8219.2,8213.9,8215.0,3600,2,0,3600
2024-11-30 04:00:00,8215.1,8217.5,8210.3,8215.2,3600,2,0,3600
2024-11-30 05:00:00,8215.3,8217.1,8206.9,8209.0,3600,2,0,3600
2024-11-30 06:00:00,8209.1,8221.4,8209.0,8216.6,3600,2,0,3600
2024-11-30 07:00:00,8216.7,8216.8,8205.9,8207.2,3600,2,0,3600
2024-11-30 08:00:00,8207.1,8215.6,8206.5,8213.6,3600,2,0,3600
2024-11-30 09:00:00,8213.5,8224.0,8211.8,8222.7,3595,2,0,3595
2024-11-30 10:00:00,8222.6,8225.3,8214.9,8217.1,3600,2,0,3600
2024-11-30 11:00:00,8217.0,8228.7,8216.5,8228.1,3600,2,0,3600
2024-11-30 12:00:00,8228.0,8231.3,8223.4,8226.9,3600,2,0,3600
2024-11-30 13:00:00,8226.8,8231.3,8221.3,8221.7,3600,2,0,3600
2024-11-30 14:00:00,8221.8,8228.0,8219.8,8220.5,3600,2,0,3600
2024-11-30 15:00:00,8220.4,8224.9,8214.2,8217.3,3600,2,0,3600
2024-11-30 16:00:00,8217.2,8227.5,8213.1,8225.7,3600,2,0,3600
2024-11-30 17:00:00,8225.8,8228.1,8221.6,8227.3,3600,2,0,3600
2024-11-30 18:00:00,8227.2,8232.4,8227.2,8230.9,3600,2,0,3600
2024-11-30 19:00:00,8230.8,8231.4,8216.7,8221.1,3600,2,0,3600
2024-11-30 20:00:00,8221.2,8221.6,8213.3,8216.1,3600,2,0,3600
2024-11-30 21:00:00,8216.2,8225.0,8214.2,8222.3,3600,2,0,3600
2024-11-30 22:00:00,8222.2,8228.3,8219.5,8224.9,3600,2,0,3600
2024-11-30 23:00:00,8225.0,8238.7,8224.4,8238.5,3600,2,0,3600
2024-12-01 00:00:00,8238.6,8241.2,8231.8,8236.9,3600,2,0,3600
2024-12-01 01:00:00,8237.0,8247.0,8236.1,8240.7,3600,2,0,3600
2024-12-01 02:00:00,8240.8,8244.2,8238.3,8241.5,3600,2,0,3600
2024-12-01 03:00:00,8241.6,8253.4,8238.9,8251.9,3600,2,0,3600
2024-12-01 04:00:00,8251.8,8260.9,8250.9,8255.5,3600,2,0,3600
2024-12-01 05:00:00,8255.6,8262.0,8252.6,8259.3,3600,2,0,3600
2024-12-01 06:00:00,8259.4,8263.0,8253.8,8255.5,3600,2,0,3600
2024-12-01 07:00:00,8255.4,8258.8,8249.6,8252.9,3600,2,0,3600
2024-12-01 08:00:00,8252.8,8257.6,8249.3,8255.5,3600,2,0,3600
2024-12-01 09:00:00,8255.4,8262.0,8251.6,8254.1,3600,2,0,3600
2024-12-01 10:00:00,8254.0,8254.9,8247.1,8253.5,3600,2,0,3600
2024-12-01 11:00:00,8253.4,8253.6,8247.5,8250.5,3600,2,0,3600
2024-12-01 12:00:00,8250.6,8252.8,8247.7,8249.1,3600,2,0,3600
2024-12-01 13:00:00,8249.0,8253.3,8246.4,8248.9,3600,2,0,3600
2024-12-01 14:00:00,8248.8,8251.1,8241.3,8242.7,3600,2,0,3600
2024-12-01 15:00:00,8242.6,8246.5,8234.0,8234.3,3600,2,0,3600
2024-12-01 16:00:00,8234.2,8234.5,8227.3,8231.3,3600,2,0,3600
2024-12-01 17:00:00,8231.2,8236.2,8229.1,8229.1,3600,2,0,3600
2024-12-01 18:00:00,8229.2,8245.0,8227.6,8243.9,3600,2,0,3600
2024-12-01 19:00:00,8243.8,8246.0,8236.5,8245.5,3600,2,0,3600
2024-12-01 20:00:00,8245.4,8251.0,8242.2,8242.3,3600,2,0,3600
2024-12-01 21:00:00,8242.4,8252.5,8238.5,8251.9,3600,2,0,3600
2024-12-01 22:00:00,8251.8,8260.3,8247.1,8259.9,3600,2,0,3600
2024-12-01 23:00:00,8259.8,8261.9,8252.0,8254.9,3600,2,0,3600
2024-12-02 00:00:00,8254.8,8254.9,8244.7,8252.9,3600,2,0,3600
2024-12-02 01:00:00,8253.0,8255.9,8240.6,8241.1,3600,2,0,3600
2024-12-02 02:00:00,8241.2,8243.1,8229.7,8231.5,3600,2,0,3600
2024-12-02 03:00:00,8231.4,8238.1,8228.5,8231.5,3600,2,0,3600
2024-12-02 04:00:00,8231.4,8233.3,8222.5,8222.5,3600,2,0,3600
2024-12-02 05:00:00,8222.6,8223.3,8213.8,8215.7,3600,2,0,3600
2024-12-02 06:00:00,8215.6,8218.8,8210.9,8213.5,3600,2,0,3600
2024-12-02 07:00:00,8213.4,8214.3,8206.6,8211.3,3600,2,0,3600
2024-12-02 08:00:00,8211.4,8220.7,8210.2,8212.5,3600,2,0,3600
2024-12-02 09:00:00,8212.4,8216.2,8208.5,8208.9,3600,2,0,3600
2024-12-02 10:00:00,8208.8,8212.9,8203.4,8212.3,3600,2,0,3600
2024-12-02 11:00:00,8212.2,8218.3,8209.4,8213.1,3600,2,0,3600
2024-12-02 12:00:00,8213.2,8215.7,8207.8,8214.1,3600,2,0,3600
2024-12-02 13:00:00,8214.2,8219.5,8212.6,8213.5,3600,2,0,3600
2024-12-02 14:00:00,8213.4,8214.9,8205.0,8209.5,3600,2,0,3600
2024-12-02 15:00:00,8209.6,8210.8,8204.3,8210.1,3600,2,0,3600
2024-12-02 16:00:00,8210.2,8218.8,8208.9,8217.7,3600,2,0,3600
2024-12-02 17:00:00,8217.6,8220.7,8210.5,8218.3,3600,2,0,3600
2024-12-02 18:00:00,8218.2,8219.0,8212.5,8215.1,3600,2,0,3600
2024-12-02 19:00:00,8215.0,8220.1,8206.3,8207.5,3600,2,0,3600
2024-12-02 20:00:00,8207.6,8211.3,8206.3,8208.1,3600,2,0,3600
2024-12-02 21:00:00,8208.0,8216.8,8205.9,8211.7,3600,2,0,3600
2024-12-02 22:00:00,8211.8,8213.4,8206.0,8210.7,3600,2,0,3600
2024-12-02 23:00:00,8210.6,8215.9,8208.8,8215.3,3600,2,0,3600
2024-12-03 00:00:00,8215.4,8219.4,8213.1,8214.5,3600,2,0,3600
2024-12-03 01:00:00,8214.4,8218.3,8210.2,8213.5,3600,2,0,3600
2024-12-03 02:00:00,8213.6,8224.2,8213.3,8217.3,3600,2,0,3600
2024-12-03 03:00:00,8217.4,8223.6,8216.4,8221.3,3600,2,0,3600
2024-12-03 04:00:00,8221.4,8231.9,8218.7,8231.9,3600,2,0,3600
2024-12-03 05:00:00,8231.8,8234.5,8226.9,8227.3,3600,2,0,3600
2024-12-03 06:00:00,8227.2,8233.4,8225.1,8226.3,3598,2,0,3598
2024-12-03 07:00:00,8226.4,8240.5,8226.3,8240.5,3600,2,0,3600
2024-12-03 08:00:00,8240.6,8250.8,8236.1,8248.5,3600,2,0,3600
2024-12-03 09:00:00,8248.4,8251.9,8240.9,8240.9,3600,2,0,3600
2024-12-03 10:00:00,8241.0,8245.7,8239.7,8245.5,3600,2,0,3600
2024-12-03 11:00:00,8245.4,8252.5,8244.8,8245.9,3600,2,0,3600
2024-12-03 12:00:00,8245.8,8247.5,8241.3,8242.5,3600,2,0,3600
2024-12-03 13:00:00,8242.6,8243.1,8235.6,8238.5,3600,2,0,3600
2024-12-03 14:00:00,8238.6,8246.6,8236.2,8245.3,3600,2,0,3600
2024-12-03 15:00:00,8245.4,8247.2,8240.0,8244.3,3600,2,0,3600
2024-12-03 16:00:00,8244.4,8246.9,8237.1,8238.7,3600,2,0,3600
2024-12-03 17:00:00,8238.6,8238.6,8229.6,8235.3,3600,2,0,3600
2024-12-03 18:00:00,8235.4,8235.4,8227.2,8233.1,3600,2,0,3600
2024-12-03 19:00:00,8233.0,8234.3,8227.1,8231.9,3600,2,0,3600
2024-12-03 20:00:00,8231.8,8234.5,8225.5,8227.3,3600,2,0,3600
2024-12-03 21:00:00,8227.4,8229.2,8220.4,8228.5,3600,2,0,3600
2024-12-03 22:00:00,8228.4,8230.7,8221.3,8224.7,3600,2,0,3600
2024-12-03 23:00:00,8224.6,8230.6,8221.4,8228.3,3600,2,0,3600
2024-12-04 00:00:00,8228.2,8239.1,8225.6,8233.5,3600,2,0,3600
2024-12-04 01:00:00,8233.6,8238.7,8226.5,8235.5,3600,2,0,3600
2024-12-04 02:00:00,8235.4,8235.8,8223.8,8224.3,3600,2,0,3600
2024-12-04 03:00:00,8224.4,8227.5,8213.6,8214.7,3600,2,0,3600
2024-12-04 04:00:00,8214.8,8221.8,8214.8,8221.1,3600,2,0,3600
2024-12-04 05:00:00,8221.0,8228.3,8220.0,8228.1,3600,2,0,3600
2024-12-04 06:00:00,8228.2,8232.8,8222.1,8223.5,3600,2,0,3600
2024-12-04 07:00:00,8223.6,8225.0,8211.8,8213.9,3600,2,0,3600
2024-12-04 08:00:00,8214.0,8217.3,8202.7,8202.9,3600,2,0,3600
2024-12-04 09:00:00,8202.8,8204.5,8195.2,8195.5,3600,2,0,3600
2024-12-04 10:00:00,8195.6,8203.1,8192.1,8192.3,3600,2,0,3600
2024-12-04 11:00:00,8192.4,8195.5,8188.1,8194.5,3600,2,0,3600
2024-12-04 12:00:00,8194.6,8201.0,8191.9,8200.5,3600,2,0,3600
2024-12-04 13:00:00,8200.4,8202.8,8196.2,8202.7,3600,2,0,3600
2024-12-04 14:00:00,8202.6,8206.5,8197.7,8201.1,3600,2,0,3600
2024-12-04 15:00:00,8201.2,8202.9,8193.2,8195.5,3600,2,0,3600
2024-12-04 16:00:00,8195.4,8207.1,8194.7,8206.9,3600,2,0,3600
2024-12-04 17:00:00,8207.0,8212.5,8204.3,8212.3,3600,2,0,3600
2024-12-04 18:00:00,8212.4,8217.0,8210.7,8215.7,3600,2,0,3600
2024-12-04 19:00:00,8215.8,8219.5,8213.7,8214.1,3600,2,0,3600
2024-12-04 20:00:00,8214.2,8222.9,8212.6,8222.3,3600,2,0,3600
2024-12-04 21:00:00,8222.2,8229.1,8219.4,8226.9,3600,2,0,3600
2024-12-04 22:00:00,8227.0,8230.9,8221.3,8228.7,3600,2,0,3600
2024-12-04 23:00:00,8228.8,8236.5,8226.2,8226.3,3600,2,0,3600
2024-12-05 00:00:00,8226.4,8237.3,8225.9,8235.1,3600,2,0,3600
2024-12-05 01:00:00,8235.2,8237.4,8231.6,8235.7,3600,2,0,3600
2024-12-05 02:00:00,8235.8,8244.4,8235.2,8243.5,3600,2,0,3600
2024-12-05 03:00:00,8243.6,8244.5,8236.4,8238.5,3600,2,0,3600
2024-12-05 04:00:00,8238.4,8240.7,8233.6,8234.7,3600,2,0,3600
2024-12-05 05:00:00,8234.8,8235.2,8224.1,8224.1,3600,2,0,3600
2024-12-05 06:00:00,8224.0,8227.7,8221.3,8225.3,3600,2,0,3600
2024-12-05 07:00:00,8225.2,8228.6,8222.5,8224.1,3600,2,0,3600
2024-12-05 08:00:00,8224.0,8224.6,8208.3,8210.9,3600,2,0,3600
2024-12-05 09:00:00,8210.8,8213.6,8204.0,8204.1,3600,2,0,3600
2024-12-05 10:00:00,8204.2,8204.3,8193.4,8195.1,3600,2,0,3600
2024-12-05 11:00:00,8195.2,8198.2,8186.8,8189.9,3600,2,0,3600
2024-12-05 12:00:00,8190.0,8193.8,8181.9,8182.1,3600,2,0,3600
2024-12-05 13:00:00,8182.2,8187.8,8182.1,8185.9,3600,2,0,3600
2024-12-05 14:00:00,8185.8,8187.2,8181.2,8182.5,3600,2,0,3600
2024-12-05 15:00:00,8182.6,8184.9,8176.2,8180.1,3600,2,0,3600
2024-12-05 16:00:00,8180.0,8184.3,8176.6,8179.1,3600,2,0,3600
2024-12-05 17:00:00,8179.0,8186.6,8176.2,8184.5,3600,2,0,3600
2024-12-05 18:00:00,8184.4,8194.2,8183.5,8189.7,3600,2,0,3600
2024-12-05 19:00:00,8189.6,8195.7,8188.5,8193.7,3600,2,0,3600
2024-12-05 20:00:00,8193.8,8200.5,8187.4,8198.1,3600,2,0,3600
2024-12-05 21:00:00,8198.2,8199.3,8189.6,8191.7,3600,2,0,3600
2024-12-05 22:00:00,8191.8,8200.4,8190.6,8198.7,3600,2,0,3600
2024-12-05 23:00:00,8198.8,8206.9,8194.7,8206.5,3600,2,0,3600
2024-12-06 00:00:00,8206.6,8214.4,8205.8,8211.7,3600,2,0,3600
2024-12-06 01:00:00,8211.6,8216.6,8210.1,8210.9,3600,2,0,3600
2024-12-06 02:00:00,8210.8,8212.2,8204.9,8209.5,3600,2,0,3600
2024-12-06 03:00:00,8209.6,8215.0,8200.3,8212.1,3600,2,0,3600
2024-12-06 04:00:00,8212.2,8220.8,8210.8,8213.9,3600,2,0,3600
2024-12-06 05:00:00,8213.8,8216.2,8209.9,8210.9,3600,2,0,3600
2024-12-06 06:00:00,8210.8,8215.2,8206.4,8208.9,3600,2,0,3600
2024-12-06 07:00:00,8209.0,8210.5,8204.6,8206.1,3600,2,0,3600
2024-12-06 08:00:00,8206.0,8211.5,8204.3,8209.5,3600,2,0,3600
2024-12-06 09:00:00,8209.6,8212.8,8199.7,8201.1,3600,2,0,3600
2024-12-06 10:00:00,8201.0,8201.8,8196.8,8201.1,3600,2,0,3600
2024-12-06 11:00:00,8201.0,8210.5,8198.6,8210.1,3600,2,0,3600
2024-12-06 12:00:00,8210.0,8227.2,8210.0,8225.1,3600,2,0,3600
2024-12-06 13:00:00,8225.0,8225.9,8217.6,8222.9,3600,2,0,3600
2024-12-06 14:00:00,8223.0,8227.0,8221.3,8224.7,3600,2,0,3600
2024-12-06 15:00:00,8224.8,8237.9,8222.3,8236.3,3600,2,0,3600
2024-12-06 16:00:00,8236.2,8237.9,8228.3,8228.7,3600,2,0,3600
2024-12-06 17:00:00,8228.6,8228.7,8219.9,8222.1,3600,2,0,3600
2024-12-06 18:00:00,8222.0,8226.4,8218.8,8221.9,3600,2,0,3600
2024-12-06 19:00:00,8222.0,8223.3,8216.8,8223.1,3600,2,0,3600
2024-12-06 20:00:00,8223.2,8223.4,8210.0,8210.5,3600,2,0,3600
2024-12-06 21:00:00,8210.6,8212.7,8205.1,8210.3,3600,2,0,3600
2024-12-06 22:00:00,8210.4,8216.0,8209.5,8209.9,3600,2,0,3600
2024-12-06 23:00:00,8209.8,8211.4,8203.9,8209.7,3600,2,0,3600
2024-12-07 00:00:00,8209.8,8212.1,8204.4,8207.5,3600,2,0,3600
2024-12-07 01:00:00,8207.4,8211.4,8205.1,8210.9,3600,2,0,3600
2024-12-07 02:00:00,8211.0,8214.6,8203.5,8203.5,3600,2,0,3600
2024-12-07 03:00:00,8203.6,8212.5,8202.4,8211.9,3600,2,0,3600
2024-12-07 04:00:00,8211.8,8216.4,8205.9,8210.7,3600,2,0,3600
2024-12-07 05:00:00,8210.6,8211.8,8197.8,8199.9,3600,2,0,3600
2024-12-07 06:00:00,8199.8,8205.5,8196.6,8198.9,3600,2,0,3600
2024-12-07 07:00:00,8199.0,8201.3,8188.4,8188.7,3600,2,0,3600
2024-12-07 08:00:00,8188.8,8191.1,8183.9,8185.1,3600,2,0,3600
2024-12-07 09:00:00,8185.2,8187.8,8181.4,8186.5,3600,2,0,3600
2024-12-07 10:00:00,8186.6,8193.4,8179.7,8180.9,3600,2,0,3600
2024-12-07 11:00:00,8181.0,8184.2,8172.5,8181.9,3600,2,0,3600
2024-12-07 12:00:00,8181.8,8189.7,8180.3,8186.5,3600,2,0,3600
2024-12-07 13:00:00,8186.6,8195.3,8186.0,8193.3,3600,2,0,3600
2024-12-07 14:00:00,8193.2,8193.7,8186.1,8187.7,3600,2,0,3600
2024-12-07 15:00:00,8187.8,8200.0,8187.5,8198.5,3600,2,0,3600
2024-12-07 16:00:00,8198.4,8202.0,8190.6,8190.7,3600,2,0,3600
2024-12-07 17:00:00,8190.8,8193.6,8186.4,8188.3,3600,2,0,3600
2024-12-07 18:00:00,8188.4,8193.1,8186.9,8192.9,3600,2,0,3600
2024-12-07 19:00:00,8193.0,8196.8,8189.4,8196.1,3600,2,0,3600
2024-12-07 20:00:00,8196.0,8200.8,8193.6,8197.9,3600,2,0,3600
2024-12-07 21:00:00,8197.8,8198.0,8189.2,8194.3,3600,2,0,3600
2024-12-07 22:00:00,8194.4,8201.2,8192.0,8196.1,3600,2,0,3600
2024-12-07 23:00:00,8196.2,8199.6,8193.6,8194.9,3600,2,0,3600
2024-12-08 00:00:00,8195.0,8199.8,8190.5,8193.5,3600,2,0,3600
2024-12-08 01:00:00,8193.6,8202.3,8191.9,8195.9,3600,2,0,3600
2024-12-08 02:00:00,8195.8,8198.5,8188.4,8195.1,3600,2,0,3600
2024-12-08 03:00:00,8195.2,8207.8,8193.3,8206.7,3600,2,0,3600
2024-12-08 04:00:00,8206.6,8207.5,8200.0,8202.9,3600,2,0,3600
2024-12-08 05:00:00,8202.8,8204.2,8196.9,8197.5,3600,2,0,3600
2024-12-08 06:00:00,8197.4,8201.5,8193.5,8196.3,3600,2,0,3600
2024-12-08 07:00:00,8196.4,8197.6,8183.7,8184.5,3600,2,0,3600
2024-12-08 08:00:00,8184.6,8187.7,8180.7,8181.3,3600,2,0,3600
2024-12-08 09:00:00,8181.2,8189.8,8181.0,8184.5,3600,2,0,3600
2024-12-08 10:00:00,8184.6,8185.2,8172.2,8177.9,3600,2,0,3600
2024-12-08 11:00:00,8178.0,8180.0,8168.3,8169.5,3600,2,0,3600
2024-12-08 12:00:00,8169.4,8171.0,8157.1,8163.5,3600,2,0,3600
2024-12-08 13:00:00,8163.6,8167.4,8158.2,8160.9,3600,2,0,3600
2024-12-08 14:00:00,8160.8,8161.8,8150.4,8151.9,3600,2,0,3600
2024-12-08 15:00:00,8152.0,8152.9,8144.2,8145.7,3600,2,0,3600
2024-12-08 16:00:00,8145.8,8149.0,8142.2,8142.7,3600,2,0,3600
2024-12-08 17:00:00,8142.8,8147.9,8141.0,8147.1,3600,2,0,3600
2024-12-08 18:00:00,8147.2,8152.0,8144.2,8146.3,3600,2,0,3600
2024-12-08 19:00:00,8146.2,8150.2,8141.2,8141.7,3600,2,0,3600
2024-12-08 20:00:00,8141.6,8146.8,8136.1,8145.1,3600,2,0,3600
2024-12-08 21:00:00,8145.0,8152.3,8143.4,8147.7,3600,2,0,3600
2024-12-08 22:00:00,8147.6,8149.4,8139.1,8145.1,3600,2,0,3600
2024-12-08 23:00:00,8145.0,8150.9,8142.7,8150.3,3600,2,0,3600
2024-12-09 00:00:00,8150.2,8158.9,8148.8,8155.7,3600,2,0,3600
2024-12-09 01:00:00,8155.8,8162.8,8149.5,8161.5,3600,2,0,3600
2024-12-09 02:00:00,8161.4,8167.0,8158.7,8161.5,3600,2,0,3600
2024-12-09 03:00:00,8161.4,8164.5,8158.3,8163.3,3600,2,0,3600
2024-12-09 04:00:00,8163.2,8165.5,8153.6,8153.7,3600,2,0,3600
2024-12-09 05:00:00,8153.8,8156.9,8151.2,8153.7,3600,2,0,3600
2024-12-09 06:00:00,8153.6,8160.2,8153.3,8159.5,3600,2,0,3600
2024-12-09 07:00:00,8159.4,8163.9,8156.1,8159.5,3600,2,0,3600
2024-12-09 08:00:00,8159.4,8164.8,8156.6,8163.3,3600,2,0,3600
2024-12-09 09:00:00,8163.2,8163.2,8155.7,8160.1,3600,2,0,3600
2024-12-09 10:00:00,8160.0,8175.3,8157.9,8174.3,3600,2,0,3600
2024-12-09 11:00:00,8174.4,8179.2,8173.2,8176.3,3600,2,0,3600
2024-12-09 12:00:00,8176.2,8176.6,8170.6,8172.5,3600,2,0,3600
2024-12-09 13:00:00,8172.6,8188.4,8171.9,8184.7,3600,2,0,3600
2024-12-09 14:00:00,8184.8,8195.1,8184.0,8193.7,3600,2,0,3600
2024-12-09 15:00:00,8193.8,8195.4,8190.6,8194.5,3600,2,0,3600
2024-12-09 16:00:00,8194.4,8195.1,8183.2,8184.5,3600,2,0,3600
2024-12-09 17:00:00,8184.6,8190.7,8183.3,8185.1,3600,2,0,3600
2024-12-09 18:00:00,8185.0,8192.5,8184.3,8187.5,3600,2,0,3600
2024-12-09 19:00:00,8187.4,8190.5,8182.7,8184.5,3600,2,0,3600
2024-12-09 20:00:00,8184.6,8199.1,8184.0,8198.9,3600,2,0,3600
2024-12-09 21:00:00,8198.8,8199.9,8188.0,8190.5,3600,2,0,3600
2024-12-09 22:00:00,8190.6,8193.9,8187.5,8193.5,3600,2,0,3600
2024-12-09 23:00:00,8193.4,8195.9,8190.8,8194.5,3600,2,0,3600
2024-12-10 00:00:00,8194.6,8197.6,8189.2,8192.9,3600,2,0,3600
2024-12-10 01:00:00,8193.0,8197.7,8190.9,8192.7,3600,2,0,3600
2024-12-10 02:00:00,8192.6,8207.4,8192.5,8205.5,3600,2,0,3600
2024-12-10 03:00:00,8205.4,8214.5,8205.4,8213.9,3600,2,0,3600
2024-12-10 04:00:00,8214.0,8216.3,8211.4,8212.7,3600,2,0,3600
2024-12-10 05:00:00,8212.6,8222.0,8212.5,8219.9,3600,2,0,3600
2024-12-10 06:00:00,8220.0,8238.8,8219.3,8237.7,3600,2,0,3600
2024-12-10 07:00:00,8237.8,8241.8,8235.7,8238.7,3600,2,0,3600
2024-12-10 08:00:00,8238.6,8241.2,8234.0,8238.6,3595,2,0,3595
2024-12-10 09:00:00,8238.5,8240.7,8231.5,8238.2,3600,2,0,3600
2024-12-10 10:00:00,8238.1,8248.3,8238.0,8240.6,3600,2,0,3600
2024-12-10 11:00:00,8240.5,8249.4,8238.9,8242.2,3600,2,0,3600
2024-12-10 12:00:00,8242.1,8251.1,8241.0,8250.2,3600,2,0,3600
2024-12-10 13:00:00,8250.3,8254.6,8248.3,8248.6,3600,2,0,3600
2024-12-10 14:00:00,8248.7,8255.8,8246.7,8254.4,3600,2,0,3600
2024-12-10 15:00:00,8254.3,8256.9,8250.3,8251.6,3600,2,0,3600
2024-12-10 16:00:00,8251.5,8258.5,8248.9,8255.2,3600,2,0,3600
2024-12-10 17:00:00,8255.1,8265.5,8252.7,8264.6,3600,2,0,3600
2024-12-10 18:00:00,8264.7,8268.9,8261.2,8264.4,3600,2,0,3600
2024-12-10 19:00:00,8264.5,8265.1,8254.0,8257.0,3600,2,0,3600
2024-12-10 20:00:00,8257.1,8259.7,8248.5,8249.0,3600,2,0,3600
2024-12-10 21:00:00,8249.1,8258.1,8248.4,8254.2,3600,2,0,3600
2024-12-10 22:00:00,8254.1,8258.7,8252.4,8254.8,3600,2,0,3600
2024-12-10 23:00:00,8254.7,8255.3,8244.0,8246.4,3600,2,0,3600
2024-12-11 00:00:00,8246.5,8251.7,8241.1,8242.4,3600,2,0,3600
2024-12-11 01:00:00,8242.5,8243.7,8237.0,8241.2,3600,2,0,3600
2024-12-11 02:00:00,8241.3,8251.5,8239.8,8243.0,3600,2,0,3600
2024-12-11 03:00:00,8242.9,8247.3,8238.7,8243.8,3600,2,0,3600
2024-12-11 04:00:00,8243.7,8244.8,8232.5,8233.8,3600,2,0,3600
2024-12-11 05:00:00,8233.9,8243.8,8231.5,8243.8,3600,2,0,3600
2024-12-11 06:00:00,8243.7,8245.4,8233.9,8235.8,3600,2,0,3600
2024-12-11 07:00:00,8235.9,8238.8,8231.0,8236.6,3600,2,0,3600
2024-12-11 08:00:00,8236.5,8240.7,8233.1,8234.8,3600,2,0,3600
2024-12-11 09:00:00,8234.7,8240.7,8230.3,8238.8,3600,2,0,3600
2024-12-11 10:00:00,8238.7,8250.2,8238.7,8249.0,3600,2,0,3600
2024-12-11 11:00:00,8249.1,8254.5,8247.9,8253.4,3600,2,0,3600
2024-12-11 12:00:00,8253.3,8255.6,8248.1,8252.6,3600,2,0,3600
2024-12-11 13:00:00,8252.5,8255.7,8245.2,8246.6,3600,2,0,3600
2024-12-11 14:00:00,8246.5,8253.5,8244.6,8248.2,3600,2,0,3600
2024-12-11 15:00:00,8248.3,8255.1,8247.5,8251.6,3600,2,0,3600
2024-12-11 16:00:00,8251.7,8254.7,8247.4,8253.6,3600,2,0,3600
2024-12-11 17:00:00,8253.7,8266.4,8251.5,8266.2,3600,2,0,3600
2024-12-11 18:00:00,8266.3,8267.2,8260.0,8261.4,3600,2,0,3600
2024-12-11 19:00:00,8261.3,8270.5,8257.9,8270.2,3600,2,0,3600
2024-12-11 20:00:00,8270.3,8272.2,8264.4,8271.2,3600,2,0,3600
2024-12-11 21:00:00,8271.1,8279.9,8268.9,8272.8,3600,2,0,3600
2024-12-11 22:00:00,8272.7,8278.1,8270.3,8274.6,3600,2,0,3600
2024-12-11 23:00:00,8274.5,8280.6,8272.1,8280.4,3600,2,0,3600
2024-12-12 00:00:00,8280.5,8282.7,8275.4,8278.6,3600,2,0,3600
2024-12-12 01:00:00,8278.7,8280.6,8275.1,8277.8,3600,2,0,3600
2024-12-12 02:00:00,8277.7,8278.3,8266.2,8269.4,3600,2,0,3600
2024-12-12 03:00:00,8269.5,8276.2,8265.7,8273.8,3600,2,0,3600
2024-12-12 04:00:00,8273.9,8281.0,8271.2,8280.2,3600,2,0,3600
2024-12-12 05:00:00,8280.3,8280.4,8274.0,8274.6,3600,2,0,3600
2024-12-12 06:00:00,8274.7,8281.1,8272.3,8277.8,3600,2,0,3600
2024-12-12 07:00:00,8277.9,8280.4,8274.3,8277.8,3600,2,0,3600
2024-12-12 08:00:00,8277.7,8281.1,8274.3,8279.8,3600,2,0,3600
2024-12-12 09:00:00,8279.9,8281.8,8269.8,8272.0,3600,2,0,3600
2024-12-12 10:00:00,8272.1,8272.2,8267.0,8267.8,3600,2,0,3600
2024-12-12 11:00:00,8267.7,8270.1,8260.7,8264.6,3600,2,0,3600
2024-12-12 12:00:00,8264.7,8266.8,8258.4,8259.4,3600,2,0,3600
2024-12-12 13:00:00,8259.3,8270.7,8258.9,8270.4,3600,2,0,3600
2024-12-12 14:00:00,8270.5,8274.3,8265.0,8269.0,3600,2,0,3600
2024-12-12 15:00:00,8269.1,8269.8,8262.0,8263.8,3600,2,0,3600
2024-12-12 16:00:00,8263.7,8271.5,8262.8,8268.4,3600,2,0,3600
2024-12-12 17:00:00,8268.5,8275.3,8265.4,8265.4,3600,2,0,3600
2024-12-12 18:00:00,8265.5,8270.4,8262.6,8268.2,3600,2,0,3600
2024-12-12 19:00:00,8268.3,8272.6,8265.5,8270.2,3600,2,0,3600
2024-12-12 20:00:00,8270.3,8273.0,8266.6,8268.2,3600,2,0,3600
2024-12-12 21:00:00,8268.1,8269.1,8258.6,8261.0,3600,2,0,3600
2024-12-12 22:00:00,8260.9,8266.7,8257.8,8264.2,3600,2,0,3600
2024-12-12 23:00:00,8264.3,8272.2,8263.5,8267.4,3600,2,0,3600
2024-12-13 00:00:00,8267.3,8269.4,8263.6,8266.4,3600,2,0,3600
2024-12-13 01:00:00,8266.5,8272.9,8264.8,8265.0,3600,2,0,3600
2024-12-13 02:00:00,8264.9,8269.4,8259.9,8260.6,3600,2,0,3600
2024-12-13 03:00:00,8260.5,8264.5,8254.8,8256.4,3600,2,0,3600
2024-12-13 04:00:00,8256.3,8258.6,8249.6,8251.0,3600,2,0,3600
2024-12-13 05:00:00,8251.1,8253.8,8245.2,8249.4,3600,2,0,3600
2024-12-13 06:00:00,8249.3,8252.7,8240.9,8241.0,3600,2,0,3600
2024-12-13 07:00:00,8240.9,8248.3,8240.3,8240.8,3600,2,0,3600
2024-12-13 08:00:00,8240.9,8241.6,8234.5,8235.0,3600,2,0,3600
2024-12-13 09:00:00,8235.1,8239.1,8230.9,8232.8,3600,2,0,3600
2024-12-13 10:00:00,8232.7,8246.3,8232.7,8245.8,3600,2,0,3600
2024-12-13 11:00:00,8245.7,8248.4,8242.0,8246.0,3600,2,0,3600
2024-12-13 12:00:00,8246.1,8246.8,8235.2,8236.6,3600,2,0,3600
2024-12-13 13:00:00,8236.5,8236.5,8225.5,8226.8,3600,2,0,3600
2024-12-13 14:00:00,8226.7,8227.2,8217.1,8219.0,3600,2,0,3600
2024-12-13 15:00:00,8218.9,8221.4,8213.0,8218.2,3600,2,0,3600
2024-12-13 16:00:00,8218.1,8220.8,8210.5,8211.0,3600,2,0,3600
2024-12-13 17:00:00,8210.9,8212.8,8208.0,8212.4,3600,2,0,3600
2024-12-13 18:00:00,8212.3,8213.2,8205.2,8208.0,3600,2,0,3600
2024-12-13 19:00:00,8208.1,8214.2,8206.0,8206.6,3600,2,0,3600
2024-12-13 20:00:00,8206.5,8213.7,8204.2,8211.2,3594,2,0,3594
2024-12-13 21:00:00,8211.1,8216.2,8208.0,8214.8,3600,2,0,3600
2024-12-13 22:00:00,8214.9,8220.8,8211.7,8220.2,3600,2,0,3600
2024-12-13 23:00:00,8220.1,8223.4,8218.7,8221.4,3600,2,0,3600
2024-12-14 00:00:00,8221.3,8228.2,8219.3,8224.6,3600,2,0,3600
2024-12-14 01:00:00,8224.5,8234.4,8224.4,8228.4,3600,2,0,3600
2024-12-14 02:00:00,8228.3,8236.4,8225.9,8236.0,3600,2,0,3600
2024-12-14 03:00:00,8236.1,8243.7,8235.7,8242.8,3600,2,0,3600
2024-12-14 04:00:00,8242.7,8253.2,8241.1,8244.8,3600,2,0,3600
2024-12-14 05:00:00,8244.9,8246.9,8233.0,8233.4,3600,2,0,3600
2024-12-14 06:00:00,8233.5,8239.7,8229.5,8232.6,3600,2,0,3600
2024-12-14 07:00:00,8232.7,8239.1,8230.5,8237.2,3600,2,0,3600
2024-12-14 08:00:00,8237.3,8240.8,8230.1,8234.0,3600,2,0,3600
2024-12-14 09:00:00,8233.9,8237.3,8226.5,8230.4,3600,2,0,3600
2024-12-14 10:00:00,8230.5,8231.5,8224.9,8225.4,3600,2,0,3600
2024-12-14 11:00:00,8225.5,8229.2,8223.4,8224.2,3600,2,0,3600
2024-12-14 12:00:00,8224.1,8224.7,8216.8,8220.8,3600,2,0,3600
2024-12-14 13:00:00,8220.7,8225.0,8216.8,8218.0,3600,2,0,3600
2024-12-14 14:00:00,8218.1,8221.1,8212.5,8216.8,3600,2,0,3600
2024-12-14 15:00:00,8216.7,8217.0,8211.6,8214.0,3600,2,0,3600
2024-12-14 16:00:00,8214.1,8215.9,8204.7,8207.8,3600,2,0,3600
2024-12-14 17:00:00,8207.7,8211.3,8204.3,8205.0,3600,2,0,3600
2024-12-14 18:00:00,8204.9,8205.9,8196.6,8204.8,3600,2,0,3600
2024-12-14 19:00:00,8204.7,8207.8,8200.7,8201.8,3600,2,0,3600
2024-12-14 20:00:00,8201.7,8208.2,8200.6,8207.6,3600,2,0,3600
2024-12-14 21:00:00,8207.7,8213.6,8205.9,8212.6,3600,2,0,3600
2024-12-14 22:00:00,8212.7,8221.8,8207.1,8221.6,3600,2,0,3600
2024-12-14 23:00:00,8221.7,8229.2,8221.4,8224.2,3600,2,0,3600
2024-12-15 00:00:00,8224.1,8232.5,8221.7,8231.8,3600,2,0,3600
2024-12-15 01:00:00,8231.7,8236.1,8227.7,8230.6,3390,2,0,3390
2024-12-15 02:00:00,8230.7,8230.7,8223.1,8226.8,3600,2,0,3600
2024-12-15 03:00:00,8226.9,8228.4,8219.2,8219.2,3600,2,0,3600
2024-12-15 04:00:00,8219.1,8231.5,8219.0,8230.6,3600,2,0,3600
2024-12-15 05:00:00,8230.5,8236.2,8225.6,8229.4,3600,2,0,3600
2024-12-15 06:00:00,8229.3,8233.1,8216.3,8216.4,3600,2,0,3600
2024-12-15 07:00:00,8216.3,8229.0,8216.1,8224.4,3600,2,0,3600
2024-12-15 08:00:00,8224.5,8225.8,8221.1,8224.6,3600,2,0,3600
2024-12-15 09:00:00,8224.5,8227.8,8222.0,8225.0,3600,2,0,3600
2024-12-15 10:00:00,8225.1,8231.2,8222.8,8228.2,3600,2,0,3600
2024-12-15 11:00:00,8228.3,8232.2,8225.7,8228.8,3600,2,0,3600
2024-12-15 12:00:00,8228.9,8240.4,8226.7,8240.0,3600,2,0,3600
2024-12-15 13:00:00,8240.1,8243.9,8235.8,8243.8,3600,2,0,3600
2024-12-15 14:00:00,8243.9,8246.6,8239.7,8244.6,3600,2,0,3600
2024-12-15 15:00:00,8244.7,8245.2,8235.6,8238.2,3600,2,0,3600
2024-12-15 16:00:00,8238.3,8238.4,8228.8,8229.8,3600,2,0,3600
2024-12-15 17:00:00,8229.9,8230.3,8221.7,8225.8,3600,2,0,3600
2024-12-15 18:00:00,8225.7,8230.9,8222.8,8229.8,3600,2,0,3600
2024-12-15 19:00:00,8229.7,8231.3,8224.7,8227.4,3600,2,0,3600
2024-12-15 20:00:00,8227.3,8230.5,8222.4,8226.6,3600,2,0,3600
2024-12-15 21:00:00,8226.5,8232.1,8224.3,8228.4,3600,2,0,3600
2024-12-15 22:00:00,8228.5,8230.1,8219.7,8220.0,3600,2,0,3600
2024-12-15 23:00:00,8220.1,8231.9,8220.1,8227.2,3600,2,0,3600
2024-12-16 00:00:00,8227.3,8235.5,8222.5,8233.4,3600,2,0,3600
2024-12-16 01:00:00,8233.3,8238.6,8229.9,8233.2,3600,2,0,3600
2024-12-16 02:00:00,8233.3,8236.3,8229.4,8234.6,3600,2,0,3600
2024-12-16 03:00:00,8234.7,8244.4,8231.9,8242.0,3600,2,0,3600
2024-12-16 04:00:00,8241.9,8242.9,8235.4,8237.4,3600,2,0,3600
2024-12-16 05:00:00,8237.5,8244.9,8234.9,8235.2,3600,2,0,3600
2024-12-16 06:00:00,8235.3,8239.2,8233.2,8237.2,3600,2,0,3600
2024-12-16 07:00:00,8237.1,8237.9,8222.7,8225.4,3600,2,0,3600
2024-12-16 08:00:00,8225.5,8234.8,8225.3,8233.2,3600,2,0,3600
2024-12-16 09:00:00,8233.3,8238.1,8232.5,8237.4,3600,2,0,3600
2024-12-16 10:00:00,8237.3,8242.3,8228.2,8228.2,3600,2,0,3600
2024-12-16 11:00:00,8228.1,8231.6,8223.5,8224.4,3600,2,0,3600
2024-12-16 12:00:00,8224.3,8230.8,8224.0,8225.6,3600,2,0,3600
2024-12-16 13:00:00,8225.5,8231.9,8224.9,8225.2,3600,2,0,3600
2024-12-16 14:00:00,8225.3,8231.5,8225.1,8227.0,3600,2,0,3600
2024-12-16 15:00:00,8227.1,8228.2,8219.8,8223.4,3600,2,0,3600
2024-12-16 16:00:00,8223.5,8229.2,8221.3,8228.4,3600,2,0,3600
2024-12-16 17:00:00,8228.3,8234.9,8226.7,8231.4,3600,2,0,3600
2024-12-16 18:00:00,8231.5,8232.8,8222.9,8225.4,3600,2,0,3600
2024-12-16 19:00:00,8225.5,8226.1,8216.0,8219.6,3600,2,0,3600
2024-12-16 20:00:00,8219.5,8225.4,8212.1,8213.8,3600,2,0,3600
2024-12-16 21:00:00,8213.9,8218.6,8211.4,8212.0,3600,2,0,3600
2024-12-16 22:00:00,8211.9,8216.7,8208.3,8211.8,3600,2,0,3600
2024-12-16 23:00:00,8211.9,8218.3,8211.9,8216.6,3600,2,0,3600
2024-12-17 00:00:00,8216.5,8217.8,8205.2,8207.2,3600,2,0,3600
2024-12-17 01:00:00,8207.3,8219.5,8205.0,8215.2,3600,2,0,3600
2024-12-17 02:00:00,8215.1,8223.3,8214.6,8217.2,3600,2,0,3600
2024-12-17 03:00:00,8217.3,8226.4,8215.5,8225.0,3600,2,0,3600
2024-12-17 04:00:00,8224.9,8226.3,8208.3,8208.4,3600,2,0,3600
2024-12-17 05:00:00,8208.5,8211.6,8198.9,8200.0,3600,2,0,3600
2024-12-17 06:00:00,8200.1,8202.6,8195.0,8199.2,3600,2,0,3600
2024-12-17 07:00:00,8199.1,8207.1,8198.6,8204.2,3600,2,0,3600
2024-12-17 08:00:00,8204.1,8205.0,8195.2,8199.2,3600,2,0,3600
2024-12-17 09:00:00,8199.1,8204.1,8197.1,8201.8,3600,2,0,3600
2024-12-17 10:00:00,8201.9,8205.5,8193.1,8197.8,3600,2,0,3600
2024-12-17 11:00:00,8197.7,8199.0,8193.0,8194.6,3600,2,0,3600
2024-12-17 12:00:00,8194.5,8198.4,8192.0,8196.8,3600,2,0,3600
2024-12-17 13:00:00,8196.9,8197.3,8188.1,8191.8,3600,2,0,3600
2024-12-17 14:00:00,8191.7,8198.0,8190.2,8196.2,3600,2,0,3600
2024-12-17 15:00:00,8196.1,8202.5,8195.5,8196.8,3600,2,0,3600
2024-12-17 16:00:00,8196.7,8200.6,8192.7,8196.8,3600,2,0,3600
2024-12-17 17:00:00,8196.9,8208.3,8195.8,8207.2,3600,2,0,3600
2024-12-17 18:00:00,8207.3,8219.0,8206.3,8218.4,3600,2,0,3600
2024-12-17 19:00:00,8218.3,8220.3,8209.9,8219.8,3600,2,0,3600
2024-12-17 20:00:00,8219.7,8227.7,8217.7,8219.0,3600,2,0,3600
2024-12-17 21:00:00,8219.1,8228.9,8217.3,8226.4,3600,2,0,3600
2024-12-17 22:00:00,8226.5,8235.8,8225.0,8227.8,3600,2,0,3600
2024-12-17 23:00:00,8227.7,8240.0,8226.1,8239.4,3600,2,0,3600
2024-12-18 00:00:00,8239.3,8240.9,8232.1,8234.2,3600,2,0,3600
2024-12-18 01:00:00,8234.3,8234.8,8223.6,8224.4,3600,2,0,3600
2024-12-18 02:00:00,8224.3,8232.6,8223.1,8232.4,3600,2,0,3600
2024-12-18 03:00:00,8232.3,8232.9,8223.2,8224.8,3600,2,0,3600
2024-12-18 04:00:00,8224.7,8234.9,8223.9,8234.6,3600,2,0,3600
2024-12-18 05:00:00,8234.5,8237.5,8221.6,8223.0,3600,2,0,3600
2024-12-18 06:00:00,8222.9,8227.4,8219.3,8224.0,3600,2,0,3600
2024-12-18 07:00:00,8224.1,8233.5,8221.8,8232.6,3600,2,0,3600
2024-12-18 08:00:00,8232.7,8241.6,8228.7,8238.2,3600,2,0,3600
2024-12-18 09:00:00,8238.3,8250.4,8236.9,8248.0,3600,2,0,3600
2024-12-18 10:00:00,8247.9,8249.4,8239.6,8241.6,3600,2,0,3600
2024-12-18 11:00:00,8241.7,8247.6,8239.5,8245.6,3600,2,0,3600
2024-12-18 12:00:00,8245.5,8246.1,8240.3,8243.2,3600,2,0,3600
2024-12-18 13:00:00,8243.1,8251.7,8242.7,8248.2,3600,2,0,3600
2024-12-18 14:00:00,8248.3,8256.8,8244.9,8255.0,3600,2,0,3600
2024-12-18 15:00:00,8255.1,8257.4,8248.1,8254.0,3600,2,0,3600
2024-12-18 16:00:00,8253.9,8267.1,8253.9,8264.4,3600,2,0,3600
2024-12-18 17:00:00,8264.3,8265.7,8253.6,8258.2,3600,2,0,3600
2024-12-18 18:00:00,8258.1,8262.1,8249.4,8250.2,3600,2,0,3600
2024-12-18 19:00:00,8250.1,8258.5,8247.9,8258.4,3600,2,0,3600
2024-12-18 20:00:00,8258.5,8275.5,8256.4,8274.8,3600,2,0,3600
2024-12-18 21:00:00,8274.9,8276.6,8270.4,8276.0,3600,2,0,3600
2024-12-18 22:00:00,8275.9,8277.4,8270.6,8272.4,3600,2,0,3600
2024-12-18 23:00:00,8272.5,8275.2,8261.8,8263.8,3600,2,0,3600
2024-12-19 00:00:00,8263.7,8265.0,8258.4,8259.2,3600,2,0,3600
2024-12-19 01:00:00,8259.3,8260.8,8254.0,8256.0,3600,2,0,3600
2024-12-19 02:00:00,8255.9,8257.6,8247.9,8253.2,3600,2,0,3600
2024-12-19 03:00:00,8253.3,8256.2,8247.1,8254.4,3600,2,0,3600
2024-12-19 04:00:00,8254.3,8259.7,8251.5,8254.2,3600,2,0,3600
2024-12-19 05:00:00,8254.1,8264.0,8253.2,8263.6,3600,2,0,3600
2024-12-19 06:00:00,8263.7,8263.9,8251.6,8257.0,3600,2,0,3600
2024-12-19 07:00:00,8256.9,8260.0,8244.1,8245.4,3600,2,0,3600
2024-12-19 08:00:00,8245.5,8251.0,8244.6,8249.8,3600,2,0,3600
2024-12-19 09:00:00,8249.7,8254.5,8246.8,8253.0,3600,2,0,3600
2024-12-19 10:00:00,8252.9,8254.4,8245.2,8245.4,3600,2,0,3600
2024-12-19 11:00:00,8245.5,8250.8,8244.0,8244.6,3600,2,0,3600
2024-12-19 12:00:00,8244.5,8245.0,8237.3,8244.0,3600,2,0,3600
2024-12-19 13:00:00,8243.9,8248.9,8242.4,8247.5,3589,2,0,3589
2024-12-19 14:00:00,8247.6,8254.3,8242.3,8245.5,3600,2,0,3600
2024-12-19 15:00:00,8245.6,8245.9,8226.4,8229.3,3600,2,0,3600
2024-12-19 16:00:00,8229.4,8230.2,8224.6,8226.1,3600,2,0,3600
2024-12-19 17:00:00,8226.2,8231.6,8225.3,8226.9,3600,2,0,3600
2024-12-19 18:00:00,8226.8,8233.4,8224.5,8233.1,3600,2,0,3600
2024-12-19 19:00:00,8233.0,8236.0,8227.5,8228.9,3600,2,0,3600
2024-12-19 20:00:00,8229.0,8232.8,8224.8,8230.9,3600,2,0,3600
2024-12-19 21:00:00,8231.0,8236.7,8229.4,8233.7,3600,2,0,3600
2024-12-19 22:00:00,8233.6,8240.4,8230.8,8236.9,3600,2,0,3600
2024-12-19 23:00:00,8236.8,8240.7,8233.1,8234.3,3600,2,0,3600
2024-12-20 00:00:00,8234.4,8235.5,8224.7,8226.9,3600,2,0,3600
2024-12-20 01:00:00,8226.8,8228.2,8218.5,8218.7,3600,2,0,3600
2024-12-20 02:00:00,8218.6,8225.0,8215.8,8224.0,3595,2,0,3595
2024-12-20 03:00:00,8224.1,8226.6,8214.8,8218.2,3600,2,0,3600
2024-12-20 04:00:00,8218.3,8220.6,8214.9,8218.0,3600,2,0,3600
2024-12-20 05:00:00,8217.9,8219.0,8209.8,8213.4,3600,2,0,3600
2024-12-20 06:00:00,8213.3,8222.0,8213.0,8221.2,3600,2,0,3600
2024-12-20 07:00:00,8221.1,8225.5,8217.3,8220.2,3600,2,0,3600
2024-12-20 08:00:00,8220.1,8221.0,8211.0,8214.8,3600,2,0,3600
2024-12-20 09:00:00,8214.7,8219.1,8213.0,8216.6,3600,2,0,3600
2024-12-20 10:00:00,8216.7,8218.8,8209.0,8215.2,3600,2,0,3600
2024-12-20 11:00:00,8215.3,8229.7,8213.3,8229.4,3600,2,0,3600
2024-12-20 12:00:00,8229.3,8234.7,8228.0,8231.0,3600,2,0,3600
2024-12-20 13:00:00,8231.1,8237.1,8230.8,8234.0,3600,2,0,3600
2024-12-20 14:00:00,8234.1,8234.8,8229.6,8230.4,3600,2,0,3600
2024-12-20 15:00:00,8230.5,8234.3,8228.3,8234.2,3600,2,0,3600
2024-12-20 16:00:00,8234.3,8237.3,8228.7,8235.4,3600,2,0,3600
2024-12-20 17:00:00,8235.5,8238.7,8229.6,8238.6,3600,2,0,3600
2024-12-20 18:00:00,8238.5,8247.9,8236.8,8246.8,3600,2,0,3600
2024-12-20 19:00:00,8246.7,8246.9,8237.2,8237.2,3600,2,0,3600
2024-12-20 20:00:00,8237.3,8244.3,8236.4,8239.0,3600,2,0,3600
2024-12-20 21:00:00,8238.9,8241.4,8231.7,8234.2,3600,2,0,3600
2024-12-20 22:00:00,8234.1,8237.3,8231.7,8236.8,3600,2,0,3600
2024-12-20 23:00:00,8236.7,8242.3,8235.3,8238.2,3600,2,0,3600
2024-12-21 00:00:00,8238.1,8244.1,8234.3,8239.6,3600,2,0,3600
2024-12-21 01:00:00,8239.7,8246.5,8237.7,8245.0,3600,2,0,3600
2024-12-21 02:00:00,8244.9,8254.9,8242.6,8251.2,3600,2,0,3600
2024-12-21 03:00:00,8251.3,8260.4,8246.7,8259.8,3600,2,0,3600
2024-12-21 04:00:00,8259.7,8260.6,8252.5,8255.2,3600,2,0,3600
2024-12-21 05:00:00,8255.1,8261.6,8252.2,8261.2,3600,2,0,3600
2024-12-21 06:00:00,8261.1,8265.0,8260.3,8261.0,3600,2,0,3600
2024-12-21 07:00:00,8260.9,8267.7,8258.5,8265.8,3600,2,0,3600
2024-12-21 08:00:00,8265.7,8276.1,8264.7,8275.0,3600,2,0,3600
2024-12-21 09:00:00,8275.1,8275.7,8267.7,8269.4,3600,2,0,3600
2024-12-21 10:00:00,8269.5,8275.0,8268.6,8271.8,3600,2,0,3600
2024-12-21 11:00:00,8271.7,8278.7,8270.8,8277.0,3600,2,0,3600
2024-12-21 12:00:00,8277.1,8279.8,8271.7,8273.6,3600,2,0,3600
2024-12-21 13:00:00,8273.5,8277.2,8267.4,8269.6,3600,2,0,3600
2024-12-21 14:00:00,8269.7,8270.7,8261.7,8263.0,3600,2,0,3600
2024-12-21 15:00:00,8262.9,8269.3,8258.7,8267.4,3600,2,0,3600
2024-12-21 16:00:00,8267.5,8268.9,8262.4,8263.8,3600,2,0,3600
2024-12-21 17:00:00,8263.9,8271.1,8263.9,8267.6,3600,2,0,3600
2024-12-21 18:00:00,8267.5,8276.9,8265.9,8274.6,3600,2,0,3600
2024-12-21 19:00:00,8274.7,8275.4,8265.2,8271.0,3600,2,0,3600
2024-12-21 20:00:00,8271.1,8275.3,8268.7,8269.8,3600,2,0,3600
2024-12-21 21:00:00,8269.9,8270.7,8259.7,8263.8,3600,2,0,3600
2024-12-21 22:00:00,8263.7,8274.0,8263.6,8268.4,3600,2,0,3600
2024-12-21 23:00:00,8268.5,8269.4,8263.8,8267.6,3600,2,0,3600
2024-12-22 00:00:00,8267.7,8278.4,8267.2,8270.8,3600,2,0,3600
2024-12-22 01:00:00,8270.7,8274.3,8264.0,8265.2,3600,2,0,3600
2024-12-22 02:00:00,8265.3,8268.1,8260.5,8262.6,3588,2,0,3588
2024-12-22 03:00:00,8262.7,8266.5,8259.6,8260.6,3600,2,0,3600
2024-12-22 04:00:00,8260.7,8262.6,8255.9,8261.2,3600,2,0,3600
2024-12-22 05:00:00,8261.1,8273.2,8260.1,8272.6,3600,2,0,3600
2024-12-22 06:00:00,8272.7,8279.7,8272.2,8276.2,3600,2,0,3600
2024-12-22 07:00:00,8276.1,8276.9,8268.0,8274.6,3600,2,0,3600
2024-12-22 08:00:00,8274.7,8284.0,8272.8,8277.6,3600,2,0,3600
2024-12-22 09:00:00,8277.5,8277.9,8270.9,8276.6,3600,2,0,3600
2024-12-22 10:00:00,8276.5,8283.2,8273.5,8279.4,3600,2,0,3600
2024-12-22 11:00:00,8279.3,8285.2,8278.9,8279.2,3600,2,0,3600
2024-12-22 12:00:00,8279.3,8290.9,8278.5,8284.6,3600,2,0,3600
2024-12-22 13:00:00,8284.7,8286.8,8279.9,8281.8,3600,2,0,3600
2024-12-22 14:00:00,8281.7,8292.1,8281.5,8289.2,3600,2,0,3600
2024-12-22 15:00:00,8289.3,8293.1,8283.3,8285.2,3600,2,0,3600
2024-12-22 16:00:00,8285.1,8286.8,8274.3,8277.2,3600,2,0,3600
2024-12-22 17:00:00,8277.1,8281.0,8270.0,8270.2,3600,2,0,3600
2024-12-22 18:00:00,8270.1,8276.9,8267.3,8269.0,3600,2,0,3600
2024-12-22 19:00:00,8268.9,8272.6,8262.8,8266.2,3600,2,0,3600
2024-12-22 20:00:00,8266.1,8271.3,8264.3,8270.0,3600,2,0,3600
2024-12-22 21:00:00,8269.9,8275.9,8268.5,8271.8,3600,2,0,3600
2024-12-22 22:00:00,8271.7,8272.1,8263.6,8264.0,3600,2,0,3600
2024-12-22 23:00:00,8263.9,8266.0,8260.1,8262.8,3600,2,0,3600
2024-12-23 00:00:00,8262.9,8266.8,8258.6,8266.8,3600,2,0,3600
2024-12-23 01:00:00,8266.7,8267.9,8258.3,8260.6,3600,2,0,3600
2024-12-23 02:00:00,8260.5,8266.6,8259.8,8266.4,3600,2,0,3600
2024-12-23 03:00:00,8266.5,8267.2,8262.3,8262.4,3600,2,0,3600
2024-12-23 04:00:00,8262.5,8274.5,8261.8,8273.4,3600,2,0,3600
2024-12-23 05:00:00,8273.5,8279.5,8271.9,8272.8,3600,2,0,3600
2024-12-23 06:00:00,8272.9,8276.6,8264.1,8266.2,3600,2,0,3600
2024-12-23 07:00:00,8266.1,8269.2,8261.5,8267.0,3600,2,0,3600
2024-12-23 08:00:00,8266.9,8267.7,8259.5,8264.6,3600,2,0,3600
2024-12-23 09:00:00,8264.5,8272.5,8263.7,8272.4,3600,2,0,3600
2024-12-23 10:00:00,8272.5,8281.6,8272.1,8278.8,3600,2,0,3600
2024-12-23 11:00:00,8278.9,8282.4,8273.8,8275.8,3600,2,0,3600
2024-12-23 12:00:00,8275.9,8279.1,8273.9,8274.4,3600,2,0,3600
2024-12-23 13:00:00,8274.5,8279.1,8270.9,8276.2,3600,2,0,3600
2024-12-23 14:00:00,8276.1,8277.2,8270.5,8274.8,3600,2,0,3600
2024-12-23 15:00:00,8274.7,8276.6,8263.3,8266.8,3600,2,0,3600
2024-12-23 16:00:00,8266.7,8274.0,8266.1,8268.8,3600,2,0,3600
2024-12-23 17:00:00,8268.9,8274.4,8264.6,8271.6,3600,2,0,3600
2024-12-23 18:00:00,8271.5,8271.9,8263.0,8266.4,3600,2,0,3600
2024-12-23 19:00:00,8266.3,8267.8,8260.3,8262.8,3600,2,0,3600
2024-12-23 20:00:00,8262.9,8273.4,8260.9,8272.8,3600,2,0,3600
2024-12-23 21:00:00,8272.9,8274.6,8261.8,8271.2,3600,2,0,3600
2024-12-23 22:00:00,8271.1,8274.4,8268.9,8269.6,3600,2,0,3600
2024-12-23 23:00:00,8269.7,8279.4,8269.0,8278.6,3600,2,0,3600
2024-12-24 00:00:00,8278.7,8278.9,8269.3,8270.0,3600,2,0,3600
2024-12-24 01:00:00,8270.1,8282.1,8269.3,8278.2,3600,2,0,3600
2024-12-24 02:00:00,8278.1,8279.3,8273.1,8273.2,3600,2,0,3600
2024-12-24 03:00:00,8273.3,8285.1,8269.7,8281.6,3600,2,0,3600
2024-12-24 04:00:00,8281.5,8287.3,8278.8,8283.6,3600,2,0,3600
2024-12-24 05:00:00,8283.7,8290.9,8281.6,8287.6,3600,2,0,3600
2024-12-24 06:00:00,8287.5,8295.2,8286.5,8288.4,3600,2,0,3600
2024-12-24 07:00:00,8288.5,8290.3,8280.5,8281.4,3600,2,0,3600
2024-12-24 08:00:00,8281.5,8292.0,8280.5,8289.2,3600,2,0,3600
2024-12-24 09:00:00,8289.1,8292.8,8287.2,8290.2,3600,2,0,3600
2024-12-24 10:00:00,8290.3,8293.1,8285.1,8291.8,3600,2,0,3600
2024-12-24 11:00:00,8291.9,8292.5,8285.2,8287.4,3600,2,0,3600
2024-12-24 12:00:00,8287.3,8294.6,8286.6,8291.2,3600,2,0,3600
2024-12-24 13:00:00,8291.1,8304.7,8287.4,8300.6,3600,2,0,3600
2024-12-24 14:00:00,8300.7,8307.2,8297.5,8307.2,3600,2,0,3600
2024-12-24 15:00:00,8307.1,8314.2,8306.5,8311.8,3600,2,0,3600
2024-12-24 16:00:00,8311.7,8313.1,8300.9,8309.8,3600,2,0,3600
2024-12-24 17:00:00,8309.9,8315.3,8305.6,8306.0,3600,2,0,3600
2024-12-24 18:00:00,8305.9,8306.8,8298.0,8298.2,3600,2,0,3600
2024-12-24 19:00:00,8298.3,8302.0,8294.7,8298.8,3600,2,0,3600
2024-12-24 20:00:00,8298.7,8306.8,8297.9,8301.2,3600,2,0,3600
2024-12-24 21:00:00,8301.1,8310.1,8301.0,8305.6,3600,2,0,3600
2024-12-24 22:00:00,8305.7,8306.1,8297.5,8300.8,3600,2,0,3600
2024-12-24 23:00:00,8300.9,8312.4,8300.4,8311.6,3600,2,0,3600
2024-12-25 00:00:00,8311.5,8313.7,8307.5,8311.0,3600,2,0,3600
2024-12-25 01:00:00,8310.9,8317.7,8308.6,8317.2,3600,2,0,3600
2024-12-25 02:00:00,8317.1,8324.0,8311.5,8319.8,3600,2,0,3600
2024-12-25 03:00:00,8319.7,8328.2,8314.7,8325.6,3600,2,0,3600
2024-12-25 04:00:00,8325.7,8334.0,8324.9,8332.8,3600,2,0,3600
2024-12-25 05:00:00,8332.9,8336.1,8330.8,8333.6,3600,2,0,3600
2024-12-25 06:00:00,8333.5,8337.9,8328.4,8332.0,3600,2,0,3600
2024-12-25 07:00:00,8332.1,8339.8,8331.7,8336.4,3600,2,0,3600
2024-12-25 08:00:00,8336.5,8337.0,8329.0,8329.2,3600,2,0,3600
2024-12-25 09:00:00,8329.3,8332.6,8325.7,8327.2,3600,2,0,3600
2024-12-25 10:00:00,8327.1,8328.5,8320.1,8325.2,3600,2,0,3600
2024-12-25 11:00:00,8325.1,8328.9,8320.4,8324.4,3600,2,0,3600
2024-12-25 12:00:00,8324.3,8329.1,8321.5,8321.8,3600,2,0,3600
2024-12-25 13:00:00,8321.7,8329.9,8321.7,8327.0,3600,2,0,3600
2024-12-25 14:00:00,8326.9,8327.9,8323.1,8326.2,3600,2,0,3600
2024-12-25 15:00:00,8326.1,8335.1,8325.6,8330.0,3600,2,0,3600
2024-12-25 16:00:00,8329.9,8331.7,8326.3,8327.8,3600,2,0,3600
2024-12-25 17:00:00,8327.9,8329.9,8324.2,8326.6,3600,2,0,3600
2024-12-25 18:00:00,8326.5,8328.1,8317.2,8318.6,3600,2,0,3600
2024-12-25 19:00:00,8318.7,8321.9,8314.1,8318.8,3600,2,0,3600
2024-12-25 20:00:00,8318.7,8321.9,8312.2,8312.4,3600,2,0,3600
2024-12-25 21:00:00,8312.3,8315.9,8306.0,8306.8,3600,2,0,3600
2024-12-25 22:00:00,8306.7,8310.5,8302.6,8307.0,3600,2,0,3600
2024-12-25 23:00:00,8307.1,8310.3,8302.5,8305.8,3600,2,0,3600
2024-12-26 00:00:00,8305.7,8311.6,8304.5,8307.8,3600,2,0,3600
2024-12-26 01:00:00,8307.7,8315.0,8307.2,8314.6,3600,2,0,3600
2024-12-26 02:00:00,8314.5,8318.5,8311.3,8313.8,3600,2,0,3600
2024-12-26 03:00:00,8313.7,8317.3,8306.8,8307.0,3600,2,0,3600
2024-12-26 04:00:00,8306.9,8308.2,8292.9,8297.8,3600,2,0,3600
2024-12-26 05:00:00,8297.7,8313.8,8297.2,8312.0,3600,2,0,3600
2024-12-26 06:00:00,8312.1,8313.9,8306.2,8310.6,3600,2,0,3600
2024-12-26 07:00:00,8310.5,8323.4,8310.1,8323.2,3600,2,0,3600
2024-12-26 08:00:00,8323.1,8324.6,8314.1,8315.0,3600,2,0,3600
2024-12-26 09:00:00,8315.1,8316.0,8310.0,8312.2,3600,2,0,3600
2024-12-26 10:00:00,8312.3,8316.6,8308.5,8315.4,3600,2,0,3600
2024-12-26 11:00:00,8315.5,8315.9,8301.5,8311.6,3600,2,0,3600
2024-12-26 12:00:00,8311.5,8316.2,8310.5,8313.6,3600,2,0,3600
2024-12-26 13:00:00,8313.7,8322.4,8311.2,8319.6,3600,2,0,3600
2024-12-26 14:00:00,8319.5,8321.5,8315.1,8317.8,3600,2,0,3600
2024-12-26 15:00:00,8317.9,8321.9,8311.7,8312.2,3600,2,0,3600
2024-12-26 16:00:00,8312.1,8316.7,8307.4,8308.0,3600,2,0,3600
2024-12-26 17:00:00,8308.1,8309.2,8300.1,8301.8,3600,2,0,3600
2024-12-26 18:00:00,8301.9,8304.4,8296.3,8303.6,3600,2,0,3600
2024-12-26 19:00:00,8303.7,8305.3,8295.1,8296.6,3600,2,0,3600
2024-12-26 20:00:00,8296.5,8297.7,8289.1,8290.6,3600,2,0,3600
2024-12-26 21:00:00,8290.5,8292.0,8283.2,8289.8,3600,2,0,3600
2024-12-26 22:00:00,8289.7,8293.2,8286.7,8287.8,3600,2,0,3600
2024-12-26 23:00:00,8287.9,8288.9,8276.6,8281.8,3600,2,0,3600
2024-12-27 00:00:00,8281.7,8288.3,8281.3,8285.8,3600,2,0,3600
2024-12-27 01:00:00,8285.7,8307.8,8285.6,8306.0,3600,2,0,3600
2024-12-27 02:00:00,8306.1,8306.8,8302.1,8304.8,3600,2,0,3600
2024-12-27 03:00:00,8304.9,8308.4,8301.3,8306.2,3600,2,0,3600
2024-12-27 04:00:00,8306.3,8315.6,8305.7,8314.2,3600,2,0,3600
2024-12-27 05:00:00,8314.1,8315.8,8309.0,8312.8,3600,2,0,3600
2024-12-27 06:00:00,8312.9,8318.7,8309.1,8316.8,3600,2,0,3600
2024-12-27 07:00:00,8316.9,8323.9,8313.8,8320.6,3600,2,0,3600
2024-12-27 08:00:00,8320.5,8323.4,8314.5,8320.8,3600,2,0,3600
2024-12-27 09:00:00,8320.7,8322.7,8314.8,8321.8,3600,2,0,3600
2024-12-27 10:00:00,8321.7,8332.0,8319.3,8327.8,3600,2,0,3600
2024-12-27 11:00:00,8327.7,8332.4,8325.7,8327.4,3600,2,0,3600
2024-12-27 12:00:00,8327.5,8343.9,8325.8,8343.4,3600,2,0,3600
2024-12-27 13:00:00,8343.5,8348.9,8341.1,8348.4,3600,2,0,3600
2024-12-27 14:00:00,8348.3,8359.3,8347.4,8359.0,3600,2,0,3600
2024-12-27 15:00:00,8358.9,8364.0,8357.6,8360.2,3600,2,0,3600
2024-12-27 16:00:00,8360.3,8365.9,8353.9,8354.6,3600,2,0,3600
2024-12-27 17:00:00,8354.5,8356.7,8350.0,8350.2,3600,2,0,3600
2024-12-27 18:00:00,8350.1,8359.1,8350.0,8354.0,3600,2,0,3600
2024-12-27 19:00:00,8354.1,8363.3,8354.1,8360.0,3600,2,0,3600
2024-12-27 20:00:00,8360.1,8362.9,8356.4,8357.0,3600,2,0,3600
2024-12-27 21:00:00,8356.9,8357.9,8347.1,8349.0,3600,2,0,3600
2024-12-27 22:00:00,8349.1,8351.2,8340.5,8348.6,3600,2,0,3600
2024-12-27 23:00:00,8348.7,8348.8,8340.5,8343.0,3600,2,0,3600
2024-12-28 00:00:00,8343.1,8343.7,8335.7,8343.0,3600,2,0,3600
2024-12-28 01:00:00,8342.9,8352.6,8341.0,8351.6,3600,2,0,3600
2024-12-28 02:00:00,8351.5,8353.5,8344.8,8350.6,3600,2,0,3600
2024-12-28 03:00:00,8350.7,8357.3,8348.7,8351.4,3600,2,0,3600
2024-12-28 04:00:00,8351.3,8352.7,8342.7,8344.0,3600,2,0,3600
2024-12-28 05:00:00,8344.1,8346.6,8339.8,8344.6,3600,2,0,3600
2024-12-28 06:00:00,8344.5,8351.8,8343.4,8347.2,3600,2,0,3600
2024-12-28 07:00:00,8347.3,8348.4,8341.3,8345.2,3600,2,0,3600
2024-12-28 08:00:00,8345.3,8345.9,8331.7,8334.0,3600,2,0,3600
2024-12-28 09:00:00,8333.9,8345.9,8332.2,8345.0,3600,2,0,3600
2024-12-28 10:00:00,8344.9,8346.6,8337.5,8343.2,3600,2,0,3600
2024-12-28 11:00:00,8343.3,8346.4,8340.4,8341.8,3600,2,0,3600
2024-12-28 12:00:00,8341.9,8343.6,8336.9,8342.6,3600,2,0,3600
2024-12-28 13:00:00,8342.7,8349.6,8339.9,8348.6,3600,2,0,3600
2024-12-28 14:00:00,8348.5,8353.8,8344.2,8349.8,3600,2,0,3600
2024-12-28 15:00:00,8349.7,8355.5,8347.7,8355.0,3600,2,0,3600
2024-12-28 16:00:00,8355.1,8355.9,8349.4,8351.0,3600,2,0,3600
2024-12-28 17:00:00,8351.1,8354.9,8348.8,8349.6,3600,2,0,3600
2024-12-28 18:00:00,8349.5,8353.3,8346.0,8348.8,3600,2,0,3600
2024-12-28 19:00:00,8348.9,8350.0,8339.1,8340.8,3600,2,0,3600
2024-12-28 20:00:00,8340.9,8346.8,8337.3,8345.8,3600,2,0,3600
2024-12-28 21:00:00,8345.9,8346.3,8340.5,8342.8,3600,2,0,3600
2024-12-28 22:00:00,8342.9,8345.7,8339.5,8343.8,3600,2,0,3600
2024-12-28 23:00:00,8343.9,8346.3,8330.7,8330.8,3600,2,0,3600
2024-12-29 00:00:00,8330.7,8338.8,8326.7,8336.0,3600,2,0,3600
2024-12-29 01:00:00,8335.9,8337.6,8328.1,8328.6,3600,2,0,3600
2024-12-29 02:00:00,8328.7,8335.1,8327.3,8328.4,3600,2,0,3600
2024-12-29 03:00:00,8328.3,8329.0,8322.6,8323.0,3600,2,0,3600
2024-12-29 04:00:00,8322.9,8326.0,8318.2,8321.6,3600,2,0,3600
2024-12-29 05:00:00,8321.7,8329.6,8320.8,8328.6,3600,2,0,3600
2024-12-29 06:00:00,8328.7,8334.6,8326.3,8332.4,3600,2,0,3600
2024-12-29 07:00:00,8332.3,8337.8,8331.5,8336.8,3600,2,0,3600
2024-12-29 08:00:00,8336.9,8344.4,8334.7,8342.8,3600,2,0,3600
2024-12-29 09:00:00,8342.7,8355.6,8341.4,8355.2,3600,2,0,3600
2024-12-29 10:00:00,8355.3,8360.3,8350.6,8351.2,3600,2,0,3600
2024-12-29 11:00:00,8351.3,8356.3,8347.2,8353.0,3600,2,0,3600
2024-12-29 12:00:00,8352.9,8358.8,8350.5,8351.2,3600,2,0,3600
2024-12-29 13:00:00,8351.3,8351.9,8343.7,8348.8,3600,2,0,3600
2024-12-29 14:00:00,8348.9,8354.1,8346.0,8349.4,3600,2,0,3600
2024-12-29 15:00:00,8349.3,8361.4,8348.6,8360.4,3600,2,0,3600
2024-12-29 16:00:00,8360.3,8364.5,8358.1,8360.2,3600,2,0,3600
2024-12-29 17:00:00,8360.1,8364.1,8351.7,8352.0,3600,2,0,3600
2024-12-29 18:00:00,8352.1,8357.6,8351.0,8355.4,3600,2,0,3600
2024-12-29 19:00:00,8355.5,8357.7,8346.5,8352.2,3600,2,0,3600
2024-12-29 20:00:00,8352.3,8354.7,8348.8,8353.2,3600,2,0,3600
2024-12-29 21:00:00,8353.3,8354.3,8342.5,8348.0,3600,2,0,3600
2024-12-29 22:00:00,8348.1,8350.1,8341.8,8342.8,3600,2,0,3600
2024-12-29 23:00:00,8342.9,8346.3,8340.0,8344.4,3600,2,0,3600
2024-12-30 00:00:00,8344.3,8345.7,8339.1,8345.4,3600,2,0,3600
2024-12-30 01:00:00,8345.3,8350.8,8337.7,8350.0,3600,2,0,3600
2024-12-30 02:00:00,8349.9,8352.5,8345.4,8347.8,3600,2,0,3600
2024-12-30 03:00:00,8347.9,8359.0,8346.7,8357.0,3600,2,0,3600
2024-12-30 04:00:00,8357.1,8369.1,8353.7,8365.8,3600,2,0,3600
2024-12-30 05:00:00,8365.9,8371.2,8362.9,8366.8,3600,2,0,3600
2024-12-30 06:00:00,8366.9,8369.6,8362.0,8363.6,3600,2,0,3600
2024-12-30 07:00:00,8363.5,8367.4,8358.8,8364.0,3600,2,0,3600
2024-12-30 08:00:00,8364.1,8377.1,8363.5,8375.0,3600,2,0,3600
2024-12-30 09:00:00,8375.1,8379.0,8370.1,8377.8,3600,2,0,3600
2024-12-30 10:00:00,8377.7,8380.5,8372.5,8374.4,3600,2,0,3600
2024-12-30 11:00:00,8374.5,8376.5,8367.4,8368.8,3600,2,0,3600
2024-12-30 12:00:00,8368.7,8369.5,8360.3,8367.2,3600,2,0,3600
2024-12-30 13:00:00,8367.1,8367.5,8356.5,8357.0,3600,2,0,3600
2024-12-30 14:00:00,8357.1,8361.3,8351.0,8352.2,3600,2,0,3600
2024-12-30 15:00:00,8352.3,8357.7,8348.5,8356.2,3600,2,0,3600
2024-12-30 16:00:00,8356.1,8366.4,8355.2,8364.4,3600,2,0,3600
2024-12-30 17:00:00,8364.3,8367.2,8357.4,8358.6,3600,2,0,3600
2024-12-30 18:00:00,8358.7,8362.2,8349.1,8349.8,3600,2,0,3600
2024-12-30 19:00:00,8349.9,8358.3,8348.7,8356.6,3600,2,0,3600
2024-12-30 20:00:00,8356.5,8358.1,8348.9,8351.0,3600,2,0,3600
2024-12-30 21:00:00,8350.9,8352.5,8341.9,8342.2,3600,2,0,3600
2024-12-30 22:00:00,8342.1,8351.1,8339.3,8348.4,3600,2,0,3600
2024-12-30 23:00:00,8348.3,8349.4,8341.6,8343.8,3600,2,0,3600
