datetime,open,high,low,close,tick_volume,spread,real_volume,volume
2023-12-31 23:00:00,6885.479,6895.69,6880.297,6893.339,1796,163,0,1796
2024-01-01 00:00:00,6893.056,6897.02,6886.587,6891.658,1795,163,0,1795
2024-01-01 01:00:00,6891.782,6898.143,6889.676,6897.324,1798,163,0,1798
2024-01-01 02:00:00,6897.381,6900.097,6886.834,6887.154,1794,163,0,1794
2024-01-01 03:00:00,6887.162,6887.175,6876.758,6878.108,1797,163,0,1797
2024-01-01 04:00:00,6877.999,6887.945,6876.323,6876.735,1798,163,0,1798
2024-01-01 05:00:00,6876.651,6880.395,6872.928,6876.898,1794,163,0,1794
2024-01-01 06:00:00,6876.932,6881.977,6872.575,6879.791,1795,163,0,1795
2024-01-01 07:00:00,6879.837,6880.305,6868.019,6870.039,1796,163,0,1796
2024-01-01 08:00:00,6870.026,6871.266,6858.994,6859.696,1797,163,0,1797
2024-01-01 09:00:00,6859.892,6862.006,6847.006,6852.758,1800,163,0,1800
2024-01-01 10:00:00,6852.82,6857.175,6843.527,6846.6,1799,163,0,1799
2024-01-01 11:00:00,6846.806,6848.005,6839.052,6845.099,1795,163,0,1795
2024-01-01 12:00:00,6845.079,6846.426,6835.603,6843.149,1799,163,0,1799
2024-01-01 13:00:00,6843.353,6852.497,6840.978,6850.829,1795,163,0,1795
2024-01-01 14:00:00,6850.829,6855.653,6844.527,6851.02,1794,163,0,1794
2024-01-01 15:00:00,6851.397,6851.397,6839.048,6844.799,1794,163,0,1794
2024-01-01 16:00:00,6844.736,6849.809,6839.465,6840.677,1789,163,0,1789
2024-01-01 17:00:00,6840.579,6846.705,6830.598,6835.888,1797,163,0,1797
2024-01-01 18:00:00,6835.773,6845.42,6830.35,6842.039,1797,163,0,1797
2024-01-01 19:00:00,6841.885,6857.339,6841.695,6855.142,1796,163,0,1796
2024-01-01 20:00:00,6854.854,6863.863,6851.222,6852.618,1793,163,0,1793
2024-01-01 21:00:00,6852.451,6857.059,6845.29,6849.908,1796,163,0,1796
2024-01-01 22:00:00,6849.87,6854.778,6843.844,6853.859,1798,163,0,1798
2024-01-01 23:00:00,6853.774,6855.628,6845.381,6853.729,1794,163,0,1794
2024-01-02 00:00:00,6853.733,6857.901,6842.069,6843.626,1795,163,0,1795
2024-01-02 01:00:00,6843.488,6844.138,6825.305,6825.726,1795,163,0,1795
2024-01-02 02:00:00,6825.475,6829.814,6815.478,6817.34,1797,163,0,1797
2024-01-02 03:00:00,6817.142,6825.606,6812.376,6822.255,1797,163,0,1797
2024-01-02 04:00:00,6822.007,6823.778,6811.788,6816.947,1795,163,0,1795
2024-01-02 05:00:00,6817.007,6828.758,6816.054,6824.644,1797,163,0,1797
2024-01-02 06:00:00,6824.536,6831.09,6823.293,6826.889,1796,163,0,1796
2024-01-02 07:00:00,6826.945,6834.775,6825.907,6832.009,1797,163,0,1797
2024-01-02 08:00:00,6832.116,6832.53,6817.546,6819.86,1793,163,0,1793
2024-01-02 09:00:00,6820.01,6822.311,6808.764,6812.518,1797,163,0,1797
2024-01-02 10:00:00,6812.425,6819.704,6810.705,6817.15,1795,163,0,1795
2024-01-02 11:00:00,6817.258,6822.935,6816.127,6820.801,1797,163,0,1797
2024-01-02 12:00:00,6820.776,6824.829,6817.906,6823.071,1792,163,0,1792
2024-01-02 13:00:00,6823.181,6830.333,6817.659,6824.514,1799,163,0,1799
2024-01-02 14:00:00,6824.635,6832.616,6824.635,6830.046,1797,163,0,1797
2024-01-02 15:00:00,6830.169,6832.495,6823.364,6826.25,1797,163,0,1797
2024-01-02 16:00:00,6826.275,6838.279,6822.859,6833.931,1797,163,0,1797
2024-01-02 17:00:00,6834.15,6834.948,6817.064,6819.382,1797,163,0,1797
2024-01-02 18:00:00,6819.666,6828.657,6817.782,6824.377,1798,163,0,1798
2024-01-02 19:00:00,6824.093,6825.843,6818.331,6821.65,1794,163,0,1794
2024-01-02 20:00:00,6821.476,6826.677,6816.571,6821.732,1795,163,0,1795
2024-01-02 21:00:00,6821.933,6827.623,6818.667,6824.374,1796,163,0,1796
2024-01-02 22:00:00,6824.388,6843.585,6824.229,6839.902,1797,163,0,1797
2024-01-02 23:00:00,6839.951,6845.03,6834.989,6841.081,1796,163,0,1796
2024-01-03 00:00:00,6841.028,6843.693,6831.091,6834.598,1797,163,0,1797
2024-01-03 01:00:00,6834.553,6842.582,6829.278,6842.06,1794,163,0,1794
2024-01-03 02:00:00,6841.979,6851.629,6840.439,6851.538,1796,163,0,1796
2024-01-03 03:00:00,6851.474,6854.242,6843.641,6845.729,1795,163,0,1795
2024-01-03 04:00:00,6845.722,6848.07,6842.613,6845.929,1794,163,0,1794
2024-01-03 05:00:00,6846.074,6848.203,6839.977,6840.051,1797,163,0,1797
2024-01-03 06:00:00,6840.196,6850.813,6838.345,6848.325,1800,163,0,1800
2024-01-03 07:00:00,6848.13,6850.288,6839.818,6846.814,1798,163,0,1798
2024-01-03 08:00:00,6847.162,6857.926,6843.475,6857.215,1798,163,0,1798
2024-01-03 09:00:00,6857.272,6862.91,6852.033,6853.885,1794,163,0,1794
2024-01-03 10:00:00,6853.813,6855.711,6847.542,6850.215,1797,163,0,1797
2024-01-03 11:00:00,6849.896,6860.316,6848.872,6855.851,1795,163,0,1795
2024-01-03 12:00:00,6855.782,6861.643,6853.835,6859.324,1796,163,0,1796
2024-01-03 13:00:00,6859.228,6859.32,6847.565,6855.866,1796,163,0,1796
2024-01-03 14:00:00,6855.581,6855.791,6844.853,6851.159,1799,163,0,1799
2024-01-03 15:00:00,6850.767,6858.34,6844.645,6858.27,1794,163,0,1794
2024-01-03 16:00:00,6858.045,6858.082,6847.308,6850.314,1793,163,0,1793
2024-01-03 17:00:00,6850.334,6853.544,6839.848,6839.848,1797,163,0,1797
2024-01-03 18:00:00,6840.102,6854.677,6840.102,6851.973,1788,163,0,1788
2024-01-03 19:00:00,6852.018,6852.746,6844.021,6852.442,1799,163,0,1799
2024-01-03 20:00:00,6852.341,6857.03,6848.431,6854.16,1797,163,0,1797
2024-01-03 21:00:00,6854.161,6868.289,6851.995,6866.671,1798,163,0,1798
2024-01-03 22:00:00,6866.534,6872.128,6860.622,6863.103,1795,163,0,1795
2024-01-03 23:00:00,6862.959,6867.041,6848.021,6848.459,1792,163,0,1792
2024-01-04 00:00:00,6848.442,6853.875,6843.085,6843.263,1796,163,0,1796
2024-01-04 01:00:00,6843.447,6848.254,6839.034,6844.893,1799,163,0,1799
2024-01-04 02:00:00,6844.746,6862.08,6843.569,6862.08,1795,163,0,1795
2024-01-04 03:00:00,6862.14,6871.22,6856.029,6857.162,1797,163,0,1797
2024-01-04 04:00:00,6856.995,6861.795,6849.783,6860.724,1793,163,0,1793
2024-01-04 05:00:00,6860.606,6861.54,6852.58,6853.763,1799,163,0,1799
2024-01-04 06:00:00,6853.846,6853.846,6844.651,6851.052,1792,163,0,1792
2024-01-04 07:00:00,6850.755,6860.464,6848.576,6859.789,1794,163,0,1794
2024-01-04 08:00:00,6859.542,6869.148,6857.217,6866.741,1793,163,0,1793
2024-01-04 09:00:00,6866.895,6883.04,6865.696,6876.398,1794,163,0,1794
2024-01-04 10:00:00,6876.275,6879.539,6867.73,6877.506,1797,163,0,1797
2024-01-04 11:00:00,6877.455,6877.55,6867.303,6867.671,1794,163,0,1794
2024-01-04 12:00:00,6867.748,6868.341,6859.813,6867.313,1796,163,0,1796
2024-01-04 13:00:00,6867.289,6868.187,6858.153,6859.845,1796,163,0,1796
2024-01-04 14:00:00,6860.082,6869.079,6859.765,6866.405,1792,163,0,1792
2024-01-04 15:00:00,6866.406,6866.519,6847.613,6848.685,1796,163,0,1796
2024-01-04 16:00:00,6848.63,6851.619,6839.056,6840.087,1796,163,0,1796
2024-01-04 17:00:00,6839.73,6848.534,6837.275,6841.442,1798,163,0,1798
2024-01-04 18:00:00,6841.398,6847.127,6836.016,6841.741,1792,163,0,1792
2024-01-04 19:00:00,6841.636,6845.4,6838.112,6843.88,1795,163,0,1795
2024-01-04 20:00:00,6843.835,6854.26,6843.633,6846.636,1794,163,0,1794
2024-01-04 21:00:00,6846.557,6849.77,6839.644,6841.604,1796,163,0,1796
2024-01-04 22:00:00,6841.581,6843.66,6834.174,6840.071,1795,163,0,1795
2024-01-04 23:00:00,6840.466,6841.218,6829.189,6839.526,1797,163,0,1797
2024-01-05 00:00:00,6839.609,6842.037,6832.738,6832.762,1796,163,0,1796
2024-01-05 01:00:00,6832.382,6837.25,6826.436,6835.952,1797,163,0,1797
2024-01-05 02:00:00,6836.024,6850.061,6834.695,6846.308,1791,163,0,1791
2024-01-05 03:00:00,6846.372,6847.159,6831.387,6833.796,1797,163,0,1797
2024-01-05 04:00:00,6833.85,6837.673,6831.957,6832.51,1794,163,0,1794
2024-01-05 05:00:00,6832.606,6833.942,6826.991,6828.886,1789,163,0,1789
2024-01-05 06:00:00,6828.827,6848.678,6825.156,6848.352,1797,163,0,1797
2024-01-05 07:00:00,6848.223,6854.269,6845.057,6852.885,1795,163,0,1795
2024-01-05 08:00:00,6853.238,6861.115,6852.413,6859.594,1796,163,0,1796
2024-01-05 09:00:00,6859.792,6865.661,6849.379,6849.715,1798,163,0,1798
2024-01-05 10:00:00,6849.737,6851.14,6835.867,6835.983,1796,163,0,1796
2024-01-05 11:00:00,6835.648,6842.442,6827.917,6830.101,1797,163,0,1797
2024-01-05 12:00:00,6830.182,6843.722,6828.203,6840.778,1797,163,0,1797
2024-01-05 13:00:00,6840.764,6842.892,6835.03,6840.895,1798,163,0,1798
2024-01-05 14:00:00,6840.964,6841.946,6828.169,6828.914,1799,163,0,1799
2024-01-05 15:00:00,6829.007,6830.757,6822.446,6828.942,1793,163,0,1793
2024-01-05 16:00:00,6828.793,6829.405,6820.184,6825.201,1795,163,0,1795
2024-01-05 17:00:00,6825.065,6830.141,6821.346,6825.931,1794,163,0,1794
2024-01-05 18:00:00,6826.177,6826.504,6816.367,6820.045,1795,163,0,1795
2024-01-05 19:00:00,6819.993,6822.792,6815.439,6816.257,1796,163,0,1796
2024-01-05 20:00:00,6816.08,6816.873,6807.487,6815.862,1794,163,0,1794
2024-01-05 21:00:00,6815.725,6818.505,6811.117,6812.383,1795,163,0,1795
2024-01-05 22:00:00,6812.462,6820.862,6810.974,6820.854,1792,163,0,1792
2024-01-05 23:00:00,6820.964,6830.424,6819.328,6828.997,1796,163,0,1796
2024-01-06 00:00:00,6828.782,6834.549,6823.709,6832.983,1792,163,0,1792
2024-01-06 01:00:00,6833.086,6835.355,6827.897,6829.69,1799,163,0,1799
2024-01-06 02:00:00,6829.622,6845.43,6825.312,6841.234,1796,163,0,1796
2024-01-06 03:00:00,6841.398,6842.575,6831.367,6833.208,1796,163,0,1796
2024-01-06 04:00:00,6833.488,6836.641,6821.518,6824.638,1794,163,0,1794
2024-01-06 05:00:00,6824.796,6826.601,6815.498,6821.932,1794,163,0,1794
2024-01-06 06:00:00,6821.975,6822.208,6810.942,6811.417,1795,163,0,1795
2024-01-06 07:00:00,6811.492,6820.011,6810.464,6819.798,1795,163,0,1795
2024-01-06 08:00:00,6819.66,6824.868,6815.357,6817.759,1798,163,0,1798
2024-01-06 09:00:00,6817.764,6823.512,6812.821,6813.853,1795,163,0,1795
2024-01-06 10:00:00,6813.695,6814.495,6799.986,6801.217,1797,163,0,1797
2024-01-06 11:00:00,6801.148,6803.368,6795.574,6800.0,1798,163,0,1798
2024-01-06 12:00:00,6800.115,6806.06,6794.851,6802.507,1795,163,0,1795
2024-01-06 13:00:00,6802.321,6803.664,6789.799,6789.799,1792,163,0,1792
2024-01-06 14:00:00,6789.642,6792.599,6785.811,6788.353,1798,163,0,1798
2024-01-06 15:00:00,6788.522,6788.893,6782.911,6784.358,1798,163,0,1798
2024-01-06 16:00:00,6784.184,6789.674,6779.227,6787.706,1794,163,0,1794
2024-01-06 17:00:00,6787.768,6791.683,6782.583,6791.514,1797,163,0,1797
2024-01-06 18:00:00,6791.239,6799.19,6790.632,6795.885,1797,163,0,1797
2024-01-06 19:00:00,6796.08,6802.442,6786.343,6799.792,1797,163,0,1797
2024-01-06 20:00:00,6799.774,6810.474,6799.13,6804.21,1793,163,0,1793
2024-01-06 21:00:00,6804.15,6806.305,6797.017,6799.198,1796,163,0,1796
2024-01-06 22:00:00,6799.525,6805.76,6797.505,6797.505,1797,163,0,1797
2024-01-06 23:00:00,6797.541,6804.43,6792.503,6799.245,1798,163,0,1798
2024-01-07 00:00:00,6799.111,6804.162,6785.023,6785.328,1796,163,0,1796
2024-01-07 01:00:00,6785.071,6787.113,6780.273,6785.709,1796,163,0,1796
2024-01-07 02:00:00,6785.932,6788.26,6780.061,6782.559,1799,163,0,1799
2024-01-07 03:00:00,6782.574,6783.49,6772.25,6773.628,1796,163,0,1796
2024-01-07 04:00:00,6773.744,6776.098,6764.916,6766.454,1799,163,0,1799
2024-01-07 05:00:00,6766.602,6777.452,6762.561,6777.041,1798,163,0,1798
2024-01-07 06:00:00,6777.135,6777.964,6764.145,6770.076,1794,163,0,1794
2024-01-07 07:00:00,6769.959,6773.869,6764.907,6764.907,1796,163,0,1796
2024-01-07 08:00:00,6764.732,6765.922,6752.849,6754.27,1795,163,0,1795
2024-01-07 09:00:00,6754.332,6757.303,6746.855,6756.199,1798,163,0,1798
2024-01-07 10:00:00,6755.943,6758.692,6749.845,6755.545,1797,163,0,1797
2024-01-07 11:00:00,6755.997,6759.832,6751.275,6756.511,1798,163,0,1798
2024-01-07 12:00:00,6756.616,6764.069,6752.823,6760.791,1796,163,0,1796
2024-01-07 13:00:00,6760.844,6761.479,6744.561,6746.911,1798,163,0,1798
2024-01-07 14:00:00,6746.998,6748.691,6738.086,6743.773,1797,163,0,1797
2024-01-07 15:00:00,6743.955,6746.692,6735.127,6738.982,1793,163,0,1793
2024-01-07 16:00:00,6739.229,6740.984,6733.55,6739.112,1798,163,0,1798
2024-01-07 17:00:00,6739.251,6739.555,6732.094,6736.939,1793,163,0,1793
2024-01-07 18:00:00,6736.784,6737.564,6729.735,6734.455,1796,163,0,1796
2024-01-07 19:00:00,6734.303,6738.152,6726.007,6726.2,1793,163,0,1793
2024-01-07 20:00:00,6726.443,6731.574,6723.149,6729.047,1796,163,0,1796
2024-01-07 21:00:00,6729.254,6733.686,6726.726,6732.701,1795,163,0,1795
2024-01-07 22:00:00,6732.563,6737.296,6722.381,6722.413,1796,163,0,1796
2024-01-07 23:00:00,6722.478,6735.205,6721.691,6728.314,1797,163,0,1797
2024-01-08 00:00:00,6728.361,6757.66,6727.09,6751.829,1797,163,0,1797
2024-01-08 01:00:00,6751.592,6754.687,6743.538,6747.805,1796,163,0,1796
2024-01-08 02:00:00,6747.684,6751.093,6740.092,6749.493,1798,163,0,1798
2024-01-08 03:00:00,6749.827,6758.367,6747.182,6753.24,1796,163,0,1796
2024-01-08 04:00:00,6753.35,6755.132,6741.774,6744.654,1797,163,0,1797
2024-01-08 05:00:00,6744.516,6754.135,6740.605,6753.55,1797,163,0,1797
2024-01-08 06:00:00,6753.308,6758.892,6748.843,6749.483,1798,163,0,1798
2024-01-08 07:00:00,6749.555,6753.45,6745.294,6753.103,1797,163,0,1797
2024-01-08 08:00:00,6753.061,6756.516,6748.428,6749.067,1797,163,0,1797
2024-01-08 09:00:00,6749.422,6750.972,6741.075,6742.909,1797,163,0,1797
2024-01-08 10:00:00,6742.612,6752.649,6741.977,6749.834,1798,163,0,1798
2024-01-08 11:00:00,6749.801,6768.064,6748.55,6766.62,1794,163,0,1794
2024-01-08 12:00:00,6766.484,6766.973,6751.941,6758.926,1795,163,0,1795
2024-01-08 13:00:00,6758.633,6765.85,6755.862,6763.524,1799,163,0,1799
2024-01-08 14:00:00,6763.518,6767.761,6757.176,6761.143,1798,163,0,1798
2024-01-08 15:00:00,6761.229,6764.23,6755.533,6755.804,1793,163,0,1793
2024-01-08 16:00:00,6756.107,6761.67,6752.79,6760.127,1796,163,0,1796
2024-01-08 17:00:00,6760.091,6773.851,6760.091,6773.578,1791,163,0,1791
2024-01-08 18:00:00,6773.715,6775.497,6766.816,6769.5,1796,163,0,1796
2024-01-08 19:00:00,6769.778,6774.287,6765.096,6765.096,1797,163,0,1797
2024-01-08 20:00:00,6765.357,6766.046,6754.144,6756.554,1796,163,0,1796
2024-01-08 21:00:00,6756.659,6758.696,6745.969,6746.096,1796,163,0,1796
2024-01-08 22:00:00,6746.036,6754.57,6744.672,6749.452,1796,163,0,1796
2024-01-08 23:00:00,6749.099,6752.273,6741.685,6746.66,1799,163,0,1799
2024-01-09 00:00:00,6746.687,6750.05,6744.015,6747.322,1797,163,0,1797
2024-01-09 01:00:00,6747.529,6749.799,6738.659,6749.575,1793,163,0,1793
2024-01-09 02:00:00,6749.532,6762.438,6744.989,6761.495,1799,163,0,1799
2024-01-09 03:00:00,6761.288,6762.931,6756.643,6761.678,1793,163,0,1793
2024-01-09 04:00:00,6761.684,6775.826,6759.816,6773.924,1794,163,0,1794
2024-01-09 05:00:00,6774.167,6776.73,6767.968,6768.888,1798,163,0,1798
2024-01-09 06:00:00,6768.845,6772.842,6763.838,6770.204,1794,163,0,1794
2024-01-09 07:00:00,6770.373,6783.859,6766.884,6783.436,1797,163,0,1797
2024-01-09 08:00:00,6783.421,6788.042,6776.484,6777.462,1796,163,0,1796
2024-01-09 09:00:00,6777.653,6788.077,6775.565,6782.886,1795,163,0,1795
2024-01-09 10:00:00,6783.15,6790.923,6778.667,6789.269,1793,163,0,1793
2024-01-09 11:00:00,6789.479,6792.882,6787.309,6789.624,1796,163,0,1796
2024-01-09 12:00:00,6789.865,6800.663,6789.441,6796.948,1795,163,0,1795
2024-01-09 13:00:00,6796.872,6800.676,6787.603,6790.063,1795,163,0,1795
2024-01-09 14:00:00,6789.998,6791.993,6782.353,6783.594,1793,163,0,1793
2024-01-09 15:00:00,6783.581,6784.865,6772.829,6774.464,1798,163,0,1798
2024-01-09 16:00:00,6774.329,6777.915,6767.427,6770.898,1796,163,0,1796
2024-01-09 17:00:00,6771.181,6775.885,6767.719,6775.175,1794,163,0,1794
2024-01-09 18:00:00,6775.405,6794.878,6774.525,6794.125,1795,163,0,1795
2024-01-09 19:00:00,6794.155,6801.124,6793.36,6795.069,1798,163,0,1798
2024-01-09 20:00:00,6795.177,6795.653,6780.304,6781.777,1797,163,0,1797
2024-01-09 21:00:00,6781.657,6783.323,6771.582,6772.486,1798,163,0,1798
2024-01-09 22:00:00,6772.421,6787.847,6771.25,6781.653,1796,163,0,1796
2024-01-09 23:00:00,6781.607,6786.655,6779.755,6779.755,1795,163,0,1795
2024-01-10 00:00:00,6780.072,6787.903,6776.745,6786.512,1794,163,0,1794
2024-01-10 01:00:00,6786.568,6792.064,6781.553,6783.362,1796,163,0,1796
2024-01-10 02:00:00,6783.473,6790.029,6781.085,6784.504,1794,163,0,1794
2024-01-10 03:00:00,6784.526,6798.47,6781.02,6791.626,1799,163,0,1799
2024-01-10 04:00:00,6791.442,6799.915,6790.996,6798.175,1796,163,0,1796
2024-01-10 05:00:00,6798.555,6807.209,6798.39,6801.033,1797,163,0,1797
2024-01-10 06:00:00,6801.425,6813.864,6800.374,6808.343,1794,163,0,1794
2024-01-10 07:00:00,6808.127,6812.836,6805.588,6808.468,1793,163,0,1793
2024-01-10 08:00:00,6808.523,6810.784,6799.006,6808.902,1795,163,0,1795
2024-01-10 09:00:00,6808.507,6816.375,6807.712,6815.871,1797,163,0,1797
2024-01-10 10:00:00,6816.023,6816.023,6805.034,6808.813,1798,163,0,1798
2024-01-10 11:00:00,6808.824,6811.688,6805.058,6810.743,1798,163,0,1798
2024-01-10 12:00:00,6810.689,6815.948,6797.146,6797.701,1799,163,0,1799
2024-01-10 13:00:00,6797.698,6807.911,6793.733,6806.205,1798,163,0,1798
2024-01-10 14:00:00,6806.414,6809.237,6801.103,6801.256,1797,163,0,1797
2024-01-10 15:00:00,6800.91,6813.403,6800.682,6806.363,1793,163,0,1793
2024-01-10 16:00:00,6806.772,6810.898,6804.848,6807.953,1795,163,0,1795
2024-01-10 17:00:00,6807.617,6814.541,6803.555,6813.018,1799,163,0,1799
2024-01-10 18:00:00,6813.268,6819.304,6811.75,6813.902,1792,163,0,1792
2024-01-10 19:00:00,6814.004,6819.035,6810.249,6812.688,1793,163,0,1793
2024-01-10 20:00:00,6812.476,6821.877,6811.953,6820.989,1797,163,0,1797
2024-01-10 21:00:00,6820.838,6829.244,6816.629,6827.883,1796,163,0,1796
2024-01-10 22:00:00,6827.824,6835.774,6827.171,6828.256,1798,163,0,1798
2024-01-10 23:00:00,6828.605,6831.304,6820.408,6820.647,1797,163,0,1797
2024-01-11 00:00:00,6820.697,6823.803,6817.418,6819.722,1795,163,0,1795
2024-01-11 01:00:00,6819.579,6825.975,6814.51,6824.676,1799,163,0,1799
2024-01-11 02:00:00,6824.764,6828.068,6819.156,6825.708,1795,163,0,1795
2024-01-11 03:00:00,6825.81,6828.828,6819.997,6827.937,1799,163,0,1799
2024-01-11 04:00:00,6827.677,6832.121,6824.089,6830.189,1797,163,0,1797
2024-01-11 05:00:00,6830.154,6838.362,6829.251,6835.671,1799,163,0,1799
2024-01-11 06:00:00,6835.392,6841.806,6830.432,6830.894,1795,163,0,1795
2024-01-11 07:00:00,6831.021,6837.463,6830.475,6835.167,1797,163,0,1797
2024-01-11 08:00:00,6834.87,6837.046,6829.164,6834.559,1795,163,0,1795
2024-01-11 09:00:00,6834.522,6849.191,6833.595,6845.955,1794,163,0,1794
2024-01-11 10:00:00,6845.945,6848.318,6831.561,6835.165,1797,163,0,1797
2024-01-11 11:00:00,6835.045,6844.251,6831.634,6843.697,1798,163,0,1798
2024-01-11 12:00:00,6843.629,6852.986,6842.146,6849.242,1798,163,0,1798
2024-01-11 13:00:00,6849.192,6857.263,6848.244,6850.628,1794,163,0,1794
2024-01-11 14:00:00,6850.747,6859.92,6849.187,6859.499,1795,163,0,1795
2024-01-11 15:00:00,6859.22,6869.056,6855.904,6865.586,1799,163,0,1799
2024-01-11 16:00:00,6865.85,6876.195,6862.622,6876.116,1792,163,0,1792
2024-01-11 17:00:00,6876.185,6881.529,6864.899,6867.714,1792,163,0,1792
2024-01-11 18:00:00,6867.795,6875.243,6860.217,6872.418,1797,163,0,1797
2024-01-11 19:00:00,6872.017,6876.983,6870.541,6872.11,1795,163,0,1795
2024-01-11 20:00:00,6872.084,6877.792,6864.579,6866.455,1792,163,0,1792
2024-01-11 21:00:00,6866.426,6869.214,6856.723,6865.996,1794,163,0,1794
2024-01-11 22:00:00,6865.966,6866.883,6858.695,6861.156,1795,163,0,1795
2024-01-11 23:00:00,6860.704,6863.628,6848.577,6848.714,1798,163,0,1798
2024-01-12 00:00:00,6848.642,6852.411,6844.328,6849.364,1798,163,0,1798
2024-01-12 01:00:00,6849.518,6849.731,6835.779,6845.251,1798,163,0,1798
2024-01-12 02:00:00,6845.174,6851.713,6845.156,6848.606,1792,163,0,1792
2024-01-12 03:00:00,6848.51,6849.417,6838.59,6842.099,1796,163,0,1796
2024-01-12 04:00:00,6842.206,6851.343,6839.689,6841.58,1793,163,0,1793
2024-01-12 05:00:00,6841.657,6847.886,6835.573,6847.886,1798,163,0,1798
2024-01-12 06:00:00,6847.853,6848.558,6836.569,6845.187,1798,163,0,1798
2024-01-12 07:00:00,6845.169,6845.427,6835.421,6842.459,1795,163,0,1795
2024-01-12 08:00:00,6842.451,6844.739,6831.388,6834.642,1796,163,0,1796
2024-01-12 09:00:00,6834.64,6840.421,6828.563,6837.246,1797,163,0,1797
2024-01-12 10:00:00,6837.252,6838.694,6825.5,6826.554,1794,163,0,1794
2024-01-12 11:00:00,6826.825,6840.426,6826.165,6834.587,1794,163,0,1794
2024-01-12 12:00:00,6834.338,6839.117,6830.907,6833.778,1800,163,0,1800
2024-01-12 13:00:00,6833.655,6840.584,6828.427,6832.247,1792,163,0,1792
2024-01-12 14:00:00,6832.353,6837.915,6825.164,6837.609,1794,163,0,1794
2024-01-12 15:00:00,6837.525,6845.676,6837.33,6843.389,1798,163,0,1798
2024-01-12 16:00:00,6843.616,6844.732,6830.763,6841.047,1798,163,0,1798
2024-01-12 17:00:00,6840.938,6850.224,6838.558,6848.346,1793,163,0,1793
2024-01-12 18:00:00,6848.238,6848.274,6838.513,6842.755,1793,163,0,1793
2024-01-12 19:00:00,6842.761,6854.675,6842.761,6854.491,1800,163,0,1800
2024-01-12 20:00:00,6854.562,6856.588,6849.246,6849.545,1796,163,0,1796
2024-01-12 21:00:00,6849.743,6864.955,6849.481,6861.286,1799,163,0,1799
2024-01-12 22:00:00,6861.35,6865.549,6858.344,6862.076,1798,163,0,1798
2024-01-12 23:00:00,6861.908,6873.285,6860.676,6869.523,1795,163,0,1795
2024-01-13 00:00:00,6869.315,6876.747,6865.603,6875.319,1794,163,0,1794
2024-01-13 01:00:00,6875.352,6882.786,6872.884,6877.726,1796,163,0,1796
2024-01-13 02:00:00,6877.658,6885.331,6877.658,6883.029,1800,163,0,1800
2024-01-13 03:00:00,6882.965,6892.858,6878.127,6892.473,1797,163,0,1797
2024-01-13 04:00:00,6892.334,6902.953,6890.419,6901.156,1797,163,0,1797
2024-01-13 05:00:00,6901.291,6902.272,6897.632,6900.066,1796,163,0,1796
2024-01-13 06:00:00,6900.111,6906.358,6894.144,6902.928,1794,163,0,1794
2024-01-13 07:00:00,6902.694,6907.969,6900.235,6904.508,1797,163,0,1797
2024-01-13 08:00:00,6904.308,6908.444,6900.498,6906.056,1797,163,0,1797
2024-01-13 09:00:00,6905.871,6912.505,6899.549,6908.31,1797,163,0,1797
2024-01-13 10:00:00,6908.263,6914.772,6903.207,6912.633,1797,163,0,1797
2024-01-13 11:00:00,6912.419,6918.981,6910.258,6914.461,1791,163,0,1791
2024-01-13 12:00:00,6914.034,6927.55,6913.898,6925.941,1799,163,0,1799
2024-01-13 13:00:00,6925.633,6928.334,6919.135,6921.108,1798,163,0,1798
2024-01-13 14:00:00,6921.118,6923.398,6912.834,6923.14,1797,163,0,1797
2024-01-13 15:00:00,6923.26,6924.359,6913.198,6919.788,1796,163,0,1796
2024-01-13 16:00:00,6919.765,6921.152,6914.487,6917.06,1796,163,0,1796
2024-01-13 17:00:00,6916.955,6923.717,6914.149,6919.916,1795,163,0,1795
2024-01-13 18:00:00,6919.712,6932.679,6917.251,6926.376,1796,163,0,1796
2024-01-13 19:00:00,6926.605,6930.334,6916.959,6917.282,1798,163,0,1798
2024-01-13 20:00:00,6917.052,6930.364,6916.421,6924.885,1794,163,0,1794
2024-01-13 21:00:00,6924.698,6927.812,6919.109,6924.105,1794,163,0,1794
2024-01-13 22:00:00,6923.953,6929.433,6916.487,6917.918,1797,163,0,1797
2024-01-13 23:00:00,6917.844,6925.18,6908.185,6913.842,1797,163,0,1797
2024-01-14 00:00:00,6913.638,6914.376,6902.421,6905.795,1793,163,0,1793
2024-01-14 01:00:00,6905.894,6909.705,6900.18,6906.041,1678,163,0,1678
2024-01-14 02:00:00,6906.418,6916.671,6902.64,6911.435,1789,163,0,1789
2024-01-14 03:00:00,6911.541,6911.557,6902.379,6902.379,1795,163,0,1795
2024-01-14 04:00:00,6902.38,6911.365,6901.928,6910.117,1798,163,0,1798
2024-01-14 05:00:00,6909.853,6926.266,6906.514,6923.524,1798,163,0,1798
2024-01-14 06:00:00,6923.68,6933.898,6922.993,6933.601,1798,163,0,1798
2024-01-14 07:00:00,6933.701,6941.234,6932.379,6938.086,1796,163,0,1796
2024-01-14 08:00:00,6938.241,6939.024,6929.864,6937.853,1796,163,0,1796
2024-01-14 09:00:00,6937.774,6942.998,6928.766,6941.541,1797,163,0,1797
2024-01-14 10:00:00,6941.83,6944.946,6938.719,6939.867,1797,163,0,1797
2024-01-14 11:00:00,6939.945,6945.943,6939.423,6943.418,1795,163,0,1795
2024-01-14 12:00:00,6943.626,6945.044,6931.608,6936.502,1797,163,0,1797
2024-01-14 13:00:00,6936.666,6936.666,6920.234,6921.006,1797,163,0,1797
2024-01-14 14:00:00,6921.125,6929.391,6919.445,6920.404,1793,163,0,1793
2024-01-14 15:00:00,6920.261,6938.788,6917.569,6938.083,1799,163,0,1799
2024-01-14 16:00:00,6938.151,6941.824,6934.722,6936.444,1797,163,0,1797
2024-01-14 17:00:00,6936.312,6944.32,6936.291,6940.906,1795,163,0,1795
2024-01-14 18:00:00,6940.942,6942.797,6930.574,6934.929,1792,163,0,1792
2024-01-14 19:00:00,6934.994,6947.578,6934.874,6940.049,1794,163,0,1794
2024-01-14 20:00:00,6939.948,6942.398,6934.342,6938.453,1800,163,0,1800
2024-01-14 21:00:00,6938.454,6946.73,6935.783,6939.275,1796,163,0,1796
2024-01-14 22:00:00,6939.132,6951.345,6936.68,6947.004,1799,163,0,1799
2024-01-14 23:00:00,6947.106,6956.989,6945.153,6956.684,1798,163,0,1798
2024-01-15 00:00:00,6956.527,6960.709,6947.737,6950.78,1792,163,0,1792
2024-01-15 01:00:00,6950.62,6950.745,6928.943,6929.997,1532,163,0,1532
2024-01-15 02:00:00,6929.897,6937.61,6927.404,6936.937,1794,163,0,1794
2024-01-15 03:00:00,6936.642,6942.61,6932.252,6935.627,1796,163,0,1796
2024-01-15 04:00:00,6935.487,6935.727,6920.5,6921.359,1793,163,0,1793
2024-01-15 05:00:00,6921.227,6923.392,6911.872,6912.459,1797,163,0,1797
2024-01-15 06:00:00,6912.416,6914.098,6902.801,6903.82,1796,163,0,1796
2024-01-15 07:00:00,6903.969,6908.842,6898.979,6899.218,1797,163,0,1797
2024-01-15 08:00:00,6899.335,6905.507,6898.644,6904.376,1799,163,0,1799
2024-01-15 09:00:00,6904.47,6904.764,6889.015,6890.71,1796,163,0,1796
2024-01-15 10:00:00,6890.649,6905.275,6885.587,6903.524,1796,163,0,1796
2024-01-15 11:00:00,6903.729,6905.514,6888.12,6888.498,1796,163,0,1796
2024-01-15 12:00:00,6888.601,6890.381,6877.975,6883.841,1799,163,0,1799
2024-01-15 13:00:00,6883.805,6888.779,6877.061,6886.483,1796,163,0,1796
2024-01-15 14:00:00,6886.354,6890.093,6877.861,6883.122,1798,163,0,1798
2024-01-15 15:00:00,6883.231,6895.333,6880.893,6892.412,1796,163,0,1796
2024-01-15 16:00:00,6892.769,6893.926,6885.855,6891.272,1795,163,0,1795
2024-01-15 17:00:00,6891.134,6895.002,6888.39,6889.99,1794,163,0,1794
2024-01-15 18:00:00,6889.637,6890.698,6874.754,6875.73,1798,163,0,1798
2024-01-15 19:00:00,6875.924,6878.116,6868.546,6874.599,1799,163,0,1799
2024-01-15 20:00:00,6874.675,6877.838,6864.753,6867.43,1796,163,0,1796
2024-01-15 21:00:00,6867.662,6875.197,6866.451,6866.451,1798,163,0,1798
2024-01-15 22:00:00,6866.542,6873.793,6855.28,6855.922,1798,163,0,1798
2024-01-15 23:00:00,6856.109,6874.171,6856.037,6873.526,1799,163,0,1799
2024-01-16 00:00:00,6873.551,6875.996,6865.767,6870.462,1798,163,0,1798
2024-01-16 01:00:00,6870.408,6875.922,6865.318,6868.036,1797,163,0,1797
2024-01-16 02:00:00,6867.909,6877.247,6865.733,6876.625,1800,163,0,1800
2024-01-16 03:00:00,6876.787,6882.614,6874.05,6881.623,1797,163,0,1797
2024-01-16 04:00:00,6881.5,6894.699,6879.486,6894.2,1798,163,0,1798
2024-01-16 05:00:00,6894.225,6899.461,6889.411,6898.462,1798,163,0,1798
2024-01-16 06:00:00,6898.204,6899.988,6887.155,6891.451,1797,163,0,1797
2024-01-16 07:00:00,6891.642,6892.09,6877.358,6883.577,1795,163,0,1795
2024-01-16 08:00:00,6883.581,6883.581,6872.712,6874.561,1792,163,0,1792
2024-01-16 09:00:00,6874.403,6877.9,6864.643,6868.784,1799,163,0,1799
2024-01-16 10:00:00,6868.988,6886.237,6867.089,6884.117,1793,163,0,1793
2024-01-16 11:00:00,6884.302,6889.699,6879.565,6888.01,1799,163,0,1799
2024-01-16 12:00:00,6887.939,6893.783,6885.578,6888.84,1797,163,0,1797
2024-01-16 13:00:00,6888.842,6890.291,6881.826,6889.167,1794,163,0,1794
2024-01-16 14:00:00,6889.311,6898.806,6889.162,6897.521,1798,163,0,1798
2024-01-16 15:00:00,6897.623,6903.663,6894.355,6898.371,1797,163,0,1797
2024-01-16 16:00:00,6898.267,6910.198,6897.291,6905.481,1794,163,0,1794
2024-01-16 17:00:00,6905.225,6916.185,6904.921,6912.56,1794,163,0,1794
2024-01-16 18:00:00,6912.345,6913.4,6905.273,6910.577,1796,163,0,1796
2024-01-16 19:00:00,6910.94,6911.144,6886.628,6887.371,1795,163,0,1795
2024-01-16 20:00:00,6887.213,6896.67,6881.55,6892.863,1799,163,0,1799
2024-01-16 21:00:00,6893.098,6902.488,6892.879,6899.757,1793,163,0,1793
2024-01-16 22:00:00,6899.756,6909.335,6898.744,6908.331,1800,163,0,1800
2024-01-16 23:00:00,6907.983,6913.897,6904.989,6912.016,1799,163,0,1799
2024-01-17 00:00:00,6912.097,6919.229,6905.234,6914.657,1794,163,0,1794
2024-01-17 01:00:00,6914.281,6918.616,6911.142,6912.268,1796,163,0,1796
2024-01-17 02:00:00,6912.459,6921.16,6910.745,6916.352,1798,163,0,1798
2024-01-17 03:00:00,6915.988,6918.28,6905.826,6905.867,1795,163,0,1795
2024-01-17 04:00:00,6905.78,6906.535,6896.829,6899.503,1793,163,0,1793
2024-01-17 05:00:00,6899.66,6901.171,6888.365,6892.935,1798,163,0,1798
2024-01-17 06:00:00,6893.031,6894.875,6882.344,6884.146,1797,163,0,1797
2024-01-17 07:00:00,6883.985,6889.332,6878.001,6883.602,1797,163,0,1797
2024-01-17 08:00:00,6883.442,6891.338,6879.172,6887.113,1795,163,0,1795
2024-01-17 09:00:00,6887.072,6888.669,6873.738,6874.87,1795,163,0,1795
2024-01-17 10:00:00,6874.841,6877.472,6870.407,6875.105,1798,163,0,1798
2024-01-17 11:00:00,6875.354,6880.935,6871.568,6874.135,1795,163,0,1795
2024-01-17 12:00:00,6874.241,6885.583,6873.465,6883.137,1793,163,0,1793
2024-01-17 13:00:00,6882.989,6882.989,6868.129,6868.187,1796,163,0,1796
2024-01-17 14:00:00,6868.238,6876.342,6866.383,6875.109,1795,163,0,1795
2024-01-17 15:00:00,6875.068,6881.54,6870.455,6880.172,1799,163,0,1799
2024-01-17 16:00:00,6880.106,6882.426,6874.011,6879.218,1794,163,0,1794
2024-01-17 17:00:00,6878.992,6884.273,6876.75,6878.394,1796,163,0,1796
2024-01-17 18:00:00,6878.355,6881.535,6871.54,6876.731,1798,163,0,1798
2024-01-17 19:00:00,6876.659,6880.72,6872.003,6877.339,1797,163,0,1797
2024-01-17 20:00:00,6877.18,6881.315,6873.556,6877.321,1795,163,0,1795
2024-01-17 21:00:00,6877.412,6886.993,6875.406,6885.435,1790,163,0,1790
2024-01-17 22:00:00,6885.519,6892.876,6884.253,6889.707,1795,163,0,1795
2024-01-17 23:00:00,6889.66,6894.88,6885.764,6888.613,1797,163,0,1797
2024-01-18 00:00:00,6888.458,6895.02,6884.926,6887.341,1799,163,0,1799
2024-01-18 01:00:00,6887.5,6888.267,6880.031,6880.031,1799,163,0,1799
2024-01-18 02:00:00,6880.186,6883.088,6871.723,6882.86,1795,163,0,1795
2024-01-18 03:00:00,6882.661,6884.398,6877.996,6882.333,1800,163,0,1800
2024-01-18 04:00:00,6882.208,6882.705,6872.616,6875.866,1792,163,0,1792
2024-01-18 05:00:00,6875.736,6887.056,6871.968,6885.882,1796,163,0,1796
2024-01-18 06:00:00,6885.767,6896.915,6885.569,6893.69,1794,163,0,1794
2024-01-18 07:00:00,6893.555,6896.452,6887.192,6891.072,1793,163,0,1793
2024-01-18 08:00:00,6891.302,6893.303,6884.787,6887.736,1797,163,0,1797
2024-01-18 09:00:00,6887.502,6889.734,6872.027,6873.171,1795,163,0,1795
2024-01-18 10:00:00,6873.192,6874.974,6865.5,6869.394,1793,163,0,1793
2024-01-18 11:00:00,6869.051,6872.64,6866.81,6871.946,1796,163,0,1796
2024-01-18 12:00:00,6871.819,6875.169,6868.309,6873.335,1797,163,0,1797
2024-01-18 13:00:00,6873.199,6879.229,6868.432,6878.821,1796,163,0,1796
2024-01-18 14:00:00,6878.795,6879.274,6866.844,6869.248,1797,163,0,1797
2024-01-18 15:00:00,6869.12,6874.416,6862.338,6870.752,1795,163,0,1795
2024-01-18 16:00:00,6870.998,6871.21,6858.806,6859.17,1796,163,0,1796
2024-01-18 17:00:00,6859.072,6859.492,6844.741,6846.912,1793,163,0,1793
2024-01-18 18:00:00,6846.815,6851.66,6835.661,6835.661,1798,163,0,1798
2024-01-18 19:00:00,6835.884,6842.905,6830.836,6842.213,1794,163,0,1794
2024-01-18 20:00:00,6842.146,6847.14,6841.22,6842.926,1797,163,0,1797
2024-01-18 21:00:00,6843.209,6851.78,6838.158,6838.337,1798,163,0,1798
2024-01-18 22:00:00,6837.958,6837.958,6828.178,6834.109,1794,163,0,1794
2024-01-18 23:00:00,6834.288,6853.057,6833.783,6852.58,1796,163,0,1796
2024-01-19 00:00:00,6852.668,6856.896,6845.565,6851.314,1792,163,0,1792
2024-01-19 01:00:00,6851.527,6853.054,6846.509,6850.733,1799,163,0,1799
2024-01-19 02:00:00,6850.804,6855.861,6846.696,6848.776,1795,163,0,1795
2024-01-19 03:00:00,6848.83,6857.678,6847.68,6854.012,1793,163,0,1793
2024-01-19 04:00:00,6854.13,6862.298,6849.965,6860.693,1795,163,0,1795
2024-01-19 05:00:00,6860.608,6861.907,6846.214,6846.824,1796,163,0,1796
2024-01-19 06:00:00,6846.896,6847.98,6836.014,6836.014,1794,163,0,1794
2024-01-19 07:00:00,6835.994,6850.302,6835.994,6847.22,1797,163,0,1797
2024-01-19 08:00:00,6847.384,6854.991,6844.831,6846.237,1792,163,0,1792
2024-01-19 09:00:00,6846.18,6848.744,6840.422,6843.594,1789,163,0,1789
2024-01-19 10:00:00,6843.532,6846.251,6837.869,6842.788,1797,163,0,1797
2024-01-19 11:00:00,6842.617,6854.587,6842.245,6853.034,1792,163,0,1792
2024-01-19 12:00:00,6853.307,6853.763,6844.16,6852.009,1794,163,0,1794
2024-01-19 13:00:00,6851.967,6852.525,6845.552,6846.954,1797,163,0,1797
2024-01-19 14:00:00,6846.945,6854.29,6846.218,6852.892,1795,163,0,1795
2024-01-19 15:00:00,6853.035,6860.788,6852.819,6854.464,1795,163,0,1795
2024-01-19 16:00:00,6854.397,6854.954,6839.329,6839.428,1795,163,0,1795
2024-01-19 17:00:00,6839.485,6845.03,6834.077,6836.104,1798,163,0,1798
2024-01-19 18:00:00,6836.124,6847.053,6836.033,6846.649,1798,163,0,1798
2024-01-19 19:00:00,6846.453,6863.694,6845.435,6859.954,1798,163,0,1798
2024-01-19 20:00:00,6860.063,6864.24,6856.299,6863.794,1796,163,0,1796
2024-01-19 21:00:00,6863.769,6864.073,6856.562,6863.662,1797,163,0,1797
2024-01-19 22:00:00,6863.823,6866.038,6850.811,6858.226,1798,163,0,1798
2024-01-19 23:00:00,6858.367,6863.51,6854.701,6858.545,1798,163,0,1798
2024-01-20 00:00:00,6858.562,6864.51,6854.271,6859.136,1797,163,0,1797
2024-01-20 01:00:00,6859.209,6859.744,6848.719,6855.635,1796,163,0,1796
2024-01-20 02:00:00,6855.708,6863.175,6855.006,6860.687,1798,163,0,1798
2024-01-20 03:00:00,6860.921,6864.548,6850.01,6850.549,1795,163,0,1795
2024-01-20 04:00:00,6850.438,6857.549,6846.266,6853.843,1796,163,0,1796
2024-01-20 05:00:00,6853.94,6856.644,6849.554,6856.051,1795,163,0,1795
2024-01-20 06:00:00,6856.166,6860.143,6849.647,6850.401,1798,163,0,1798
2024-01-20 07:00:00,6850.375,6859.576,6848.871,6851.826,1799,163,0,1799
2024-01-20 08:00:00,6851.652,6856.268,6849.881,6853.131,1798,163,0,1798
2024-01-20 09:00:00,6853.133,6861.555,6849.054,6860.478,1794,163,0,1794
2024-01-20 10:00:00,6860.163,6863.518,6856.42,6860.372,1798,163,0,1798
2024-01-20 11:00:00,6860.364,6860.886,6851.921,6855.677,1794,163,0,1794
2024-01-20 12:00:00,6855.443,6860.719,6846.007,6860.224,1796,163,0,1796
2024-01-20 13:00:00,6860.141,6864.661,6851.892,6852.845,1791,163,0,1791
2024-01-20 14:00:00,6852.804,6860.04,6843.089,6843.996,1789,163,0,1789
2024-01-20 15:00:00,6843.631,6846.933,6838.147,6844.947,1798,163,0,1798
2024-01-20 16:00:00,6844.901,6845.236,6837.626,6843.374,1798,163,0,1798
2024-01-20 17:00:00,6843.247,6845.998,6828.821,6834.984,1797,163,0,1797
2024-01-20 18:00:00,6835.207,6841.551,6833.962,6834.315,1792,163,0,1792
2024-01-20 19:00:00,6834.361,6835.514,6828.68,6829.518,1797,163,0,1797
2024-01-20 20:00:00,6829.795,6839.224,6828.978,6837.823,1799,163,0,1799
2024-01-20 21:00:00,6837.692,6841.803,6835.483,6841.115,1798,163,0,1798
2024-01-20 22:00:00,6840.989,6842.436,6823.499,6823.499,1797,163,0,1797
2024-01-20 23:00:00,6823.181,6832.005,6823.048,6828.361,1798,163,0,1798
2024-01-21 00:00:00,6828.696,6835.266,6825.229,6833.549,1797,163,0,1797
2024-01-21 01:00:00,6834.012,6836.095,6825.334,6829.107,1800,163,0,1800
2024-01-21 02:00:00,6828.929,6831.183,6822.373,6822.648,1791,163,0,1791
2024-01-21 03:00:00,6822.728,6824.258,6813.753,6816.883,1797,163,0,1797
2024-01-21 04:00:00,6816.904,6817.076,6804.15,6804.936,1794,163,0,1794
2024-01-21 05:00:00,6805.015,6805.915,6792.897,6797.999,1795,163,0,1795
2024-01-21 06:00:00,6798.129,6800.454,6793.422,6796.958,1800,163,0,1800
2024-01-21 07:00:00,6796.907,6804.995,6791.987,6800.946,1796,163,0,1796
2024-01-21 08:00:00,6800.931,6808.456,6797.394,6802.282,1796,163,0,1796
2024-01-21 09:00:00,6802.171,6803.603,6794.088,6797.343,1796,163,0,1796
2024-01-21 10:00:00,6797.128,6797.128,6786.188,6786.687,1797,163,0,1797
2024-01-21 11:00:00,6786.774,6789.363,6781.597,6783.96,1796,163,0,1796
2024-01-21 12:00:00,6783.744,6786.258,6779.284,6779.766,1794,163,0,1794
2024-01-21 13:00:00,6779.683,6781.419,6774.87,6776.86,1796,163,0,1796
2024-01-21 14:00:00,6776.807,6799.598,6776.306,6799.407,1798,163,0,1798
2024-01-21 15:00:00,6799.443,6805.597,6795.844,6796.702,1800,163,0,1800
2024-01-21 16:00:00,6797.012,6798.4,6784.49,6786.026,1797,163,0,1797
2024-01-21 17:00:00,6786.09,6787.303,6776.947,6781.513,1798,163,0,1798
2024-01-21 18:00:00,6781.408,6790.367,6777.85,6784.18,1798,163,0,1798
2024-01-21 19:00:00,6784.052,6786.149,6776.227,6778.652,1796,163,0,1796
2024-01-21 20:00:00,6778.82,6780.386,6771.747,6778.446,1797,163,0,1797
2024-01-21 21:00:00,6778.479,6787.66,6777.823,6783.21,1795,163,0,1795
2024-01-21 22:00:00,6783.159,6783.355,6770.497,6777.421,1794,163,0,1794
2024-01-21 23:00:00,6777.487,6782.93,6776.781,6781.587,1797,163,0,1797
2024-01-22 00:00:00,6781.477,6789.042,6778.941,6785.434,1798,163,0,1798
2024-01-22 01:00:00,6785.246,6790.924,6777.874,6777.874,1795,163,0,1795
2024-01-22 02:00:00,6777.85,6800.005,6777.677,6799.785,1797,163,0,1797
2024-01-22 03:00:00,6799.81,6805.255,6798.212,6803.934,1798,163,0,1798
2024-01-22 04:00:00,6804.412,6807.705,6794.93,6796.832,1795,163,0,1795
2024-01-22 05:00:00,6796.733,6797.753,6781.471,6789.184,1798,163,0,1798
2024-01-22 06:00:00,6789.089,6790.552,6779.415,6784.063,1793,163,0,1793
2024-01-22 07:00:00,6784.362,6785.714,6772.138,6776.754,1797,163,0,1797
2024-01-22 08:00:00,6776.775,6780.413,6772.491,6775.922,1795,163,0,1795
2024-01-22 09:00:00,6776.149,6780.64,6770.036,6774.622,1793,163,0,1793
2024-01-22 10:00:00,6774.777,6780.864,6769.373,6780.831,1797,163,0,1797
2024-01-22 11:00:00,6780.758,6783.924,6775.277,6777.006,1797,163,0,1797
2024-01-22 12:00:00,6777.145,6778.284,6765.475,6770.003,1796,163,0,1796
2024-01-22 13:00:00,6770.172,6772.124,6758.508,6762.682,1796,163,0,1796
2024-01-22 14:00:00,6762.856,6767.113,6756.39,6757.354,1795,163,0,1795
2024-01-22 15:00:00,6757.317,6764.835,6751.412,6761.65,1797,163,0,1797
2024-01-22 16:00:00,6761.4,6769.568,6760.493,6764.788,1797,163,0,1797
2024-01-22 17:00:00,6764.863,6767.734,6759.169,6766.982,1798,163,0,1798
2024-01-22 18:00:00,6767.298,6770.944,6761.636,6770.257,1797,163,0,1797
2024-01-22 19:00:00,6770.308,6776.329,6767.081,6772.833,1795,163,0,1795
2024-01-22 20:00:00,6772.916,6778.887,6770.788,6775.588,1799,163,0,1799
2024-01-22 21:00:00,6775.355,6776.147,6759.002,6764.46,1797,163,0,1797
2024-01-22 22:00:00,6764.477,6770.543,6761.245,6767.751,1796,163,0,1796
2024-01-22 23:00:00,6767.522,6769.454,6755.274,6757.939,1795,163,0,1795
2024-01-23 00:00:00,6757.639,6765.684,6751.683,6765.684,1799,163,0,1799
2024-01-23 01:00:00,6765.725,6771.12,6746.994,6747.763,1796,163,0,1796
2024-01-23 02:00:00,6747.721,6753.513,6747.316,6749.289,1795,163,0,1795
2024-01-23 03:00:00,6749.215,6766.141,6747.789,6757.832,1796,163,0,1796
2024-01-23 04:00:00,6758.04,6767.872,6750.945,6765.917,1799,163,0,1799
2024-01-23 05:00:00,6766.224,6770.644,6763.472,6769.278,1794,163,0,1794
2024-01-23 06:00:00,6769.11,6772.295,6763.956,6766.84,1796,163,0,1796
2024-01-23 07:00:00,6766.971,6771.667,6766.267,6770.248,1793,163,0,1793
2024-01-23 08:00:00,6770.201,6773.896,6766.156,6770.462,1798,163,0,1798
2024-01-23 09:00:00,6770.146,6770.961,6751.085,6754.424,1798,163,0,1798
2024-01-23 10:00:00,6754.53,6758.682,6749.109,6758.267,1797,163,0,1797
2024-01-23 11:00:00,6758.283,6763.705,6754.505,6760.382,1799,163,0,1799
2024-01-23 12:00:00,6760.182,6769.943,6760.002,6765.218,1797,163,0,1797
2024-01-23 13:00:00,6765.328,6768.772,6757.735,6767.455,1795,163,0,1795
2024-01-23 14:00:00,6767.735,6770.2,6757.733,6767.006,1797,163,0,1797
2024-01-23 15:00:00,6767.066,6768.603,6762.262,6763.931,1793,163,0,1793
2024-01-23 16:00:00,6764.142,6768.337,6760.982,6765.416,1793,163,0,1793
2024-01-23 17:00:00,6765.699,6773.553,6760.512,6772.482,1793,163,0,1793
2024-01-23 18:00:00,6772.622,6774.672,6763.982,6765.194,1798,163,0,1798
2024-01-23 19:00:00,6764.953,6773.902,6759.736,6773.644,1799,163,0,1799
2024-01-23 20:00:00,6773.775,6782.743,6771.277,6782.69,1797,163,0,1797
2024-01-23 21:00:00,6782.683,6788.431,6779.629,6781.007,1799,163,0,1799
2024-01-23 22:00:00,6780.78,6782.103,6770.838,6778.114,1795,163,0,1795
2024-01-23 23:00:00,6778.032,6790.683,6777.666,6783.034,1795,163,0,1795
2024-01-24 00:00:00,6782.672,6784.421,6775.891,6779.329,1797,163,0,1797
2024-01-24 01:00:00,6779.234,6781.224,6773.758,6779.376,1799,163,0,1799
2024-01-24 02:00:00,6779.255,6782.682,6773.073,6781.242,1798,163,0,1798
2024-01-24 03:00:00,6781.239,6789.777,6778.307,6787.467,1797,163,0,1797
2024-01-24 04:00:00,6787.348,6791.868,6782.778,6791.263,1800,163,0,1800
2024-01-24 05:00:00,6791.036,6796.752,6785.029,6792.365,1795,163,0,1795
2024-01-24 06:00:00,6792.34,6802.189,6784.036,6784.826,1795,163,0,1795
2024-01-24 07:00:00,6784.657,6792.108,6783.103,6783.116,1796,163,0,1796
2024-01-24 08:00:00,6782.83,6783.105,6775.516,6781.293,1797,163,0,1797
2024-01-24 09:00:00,6781.366,6783.553,6757.636,6759.408,1795,163,0,1795
2024-01-24 10:00:00,6759.259,6761.528,6751.802,6757.686,1796,163,0,1796
2024-01-24 11:00:00,6757.813,6762.856,6755.831,6761.496,1796,163,0,1796
2024-01-24 12:00:00,6761.408,6761.66,6753.949,6759.084,1798,163,0,1798
2024-01-24 13:00:00,6758.981,6769.424,6758.931,6767.769,1797,163,0,1797
2024-01-24 14:00:00,6767.971,6769.924,6761.12,6767.355,1795,163,0,1795
2024-01-24 15:00:00,6767.314,6768.781,6757.838,6766.238,1797,163,0,1797
2024-01-24 16:00:00,6766.082,6767.298,6762.095,6764.39,1798,163,0,1798
2024-01-24 17:00:00,6764.271,6770.946,6763.094,6769.254,1793,163,0,1793
2024-01-24 18:00:00,6768.996,6770.923,6756.31,6757.001,1794,163,0,1794
2024-01-24 19:00:00,6756.957,6761.174,6748.722,6750.08,1797,163,0,1797
2024-01-24 20:00:00,6750.323,6754.149,6748.105,6748.105,1797,163,0,1797
2024-01-24 21:00:00,6748.037,6750.806,6743.036,6743.771,1799,163,0,1799
2024-01-24 22:00:00,6743.708,6751.855,6743.407,6745.812,1793,163,0,1793
2024-01-24 23:00:00,6746.118,6746.709,6734.555,6736.503,1797,163,0,1797
2024-01-25 00:00:00,6736.619,6743.774,6735.353,6736.496,1797,163,0,1797
2024-01-25 01:00:00,6736.445,6742.845,6736.199,6739.785,1796,163,0,1796
2024-01-25 02:00:00,6739.742,6751.125,6738.735,6748.448,1799,163,0,1799
2024-01-25 03:00:00,6748.568,6750.048,6735.321,6739.182,1794,163,0,1794
2024-01-25 04:00:00,6739.018,6743.709,6736.104,6737.843,1796,163,0,1796
2024-01-25 05:00:00,6737.993,6750.981,6737.91,6750.141,1797,163,0,1797
2024-01-25 06:00:00,6750.135,6751.662,6740.162,6740.254,1796,163,0,1796
2024-01-25 07:00:00,6740.347,6747.364,6733.35,6733.802,1795,163,0,1795
2024-01-25 08:00:00,6733.615,6733.9,6715.61,6720.219,1799,163,0,1799
2024-01-25 09:00:00,6720.145,6722.52,6715.304,6719.289,1799,163,0,1799
2024-01-25 10:00:00,6719.23,6719.779,6710.84,6714.118,1798,163,0,1798
2024-01-25 11:00:00,6714.21,6718.312,6710.427,6715.557,1795,163,0,1795
2024-01-25 12:00:00,6715.427,6726.301,6714.677,6725.545,1791,163,0,1791
2024-01-25 13:00:00,6725.646,6735.402,6725.148,6733.498,1796,163,0,1796
2024-01-25 14:00:00,6733.474,6742.929,6733.045,6737.531,1796,163,0,1796
2024-01-25 15:00:00,6737.707,6739.32,6730.804,6733.284,1795,163,0,1795
2024-01-25 16:00:00,6733.161,6744.675,6731.575,6740.072,1792,163,0,1792
2024-01-25 17:00:00,6739.77,6744.112,6736.914,6738.888,1794,163,0,1794
2024-01-25 18:00:00,6738.877,6741.428,6733.442,6736.158,1790,163,0,1790
2024-01-25 19:00:00,6736.047,6742.674,6733.901,6740.075,1798,163,0,1798
2024-01-25 20:00:00,6739.919,6748.03,6738.68,6740.676,1796,163,0,1796
2024-01-25 21:00:00,6740.474,6741.797,6733.253,6733.871,1794,163,0,1794
2024-01-25 22:00:00,6733.944,6740.181,6728.471,6739.754,1795,163,0,1795
2024-01-25 23:00:00,6739.984,6742.626,6735.563,6739.931,1797,163,0,1797
2024-01-26 00:00:00,6739.86,6751.164,6737.989,6750.584,1797,163,0,1797
2024-01-26 01:00:00,6750.562,6754.81,6740.408,6743.234,1797,163,0,1797
2024-01-26 02:00:00,6743.216,6744.18,6736.933,6738.22,1797,163,0,1797
2024-01-26 03:00:00,6737.907,6748.348,6736.205,6740.011,1796,163,0,1796
2024-01-26 04:00:00,6740.082,6745.566,6734.382,6740.782,1797,163,0,1797
2024-01-26 05:00:00,6740.751,6754.171,6739.797,6743.389,1794,163,0,1794
2024-01-26 06:00:00,6743.393,6746.354,6738.331,6743.718,1796,163,0,1796
2024-01-26 07:00:00,6743.432,6743.865,6735.561,6739.087,1795,160,0,1795
2024-01-26 08:00:00,6739.259,6743.048,6735.134,6740.098,1796,160,0,1796
2024-01-26 09:00:00,6740.144,6742.19,6730.665,6735.941,1794,160,0,1794
2024-01-26 10:00:00,6736.051,6740.672,6732.363,6733.844,1796,160,0,1796
2024-01-26 11:00:00,6733.908,6736.274,6728.709,6733.792,1796,160,0,1796
2024-01-26 12:00:00,6733.839,6742.38,6731.86,6740.621,1796,160,0,1796
2024-01-26 13:00:00,6740.538,6747.919,6735.944,6736.388,1797,160,0,1797
2024-01-26 14:00:00,6736.433,6743.238,6733.209,6740.398,1795,160,0,1795
2024-01-26 15:00:00,6740.467,6743.196,6729.588,6731.091,1793,160,0,1793
2024-01-26 16:00:00,6731.185,6740.858,6729.928,6740.353,1798,160,0,1798
2024-01-26 17:00:00,6740.06,6748.005,6737.904,6745.896,1792,160,0,1792
2024-01-26 18:00:00,6745.881,6753.908,6741.82,6753.015,1793,160,0,1793
2024-01-26 19:00:00,6753.227,6758.038,6750.842,6751.246,1794,160,0,1794
2024-01-26 20:00:00,6751.211,6756.995,6744.471,6744.471,1796,160,0,1796
2024-01-26 21:00:00,6744.736,6747.275,6736.364,6744.036,1792,160,0,1792
2024-01-26 22:00:00,6744.21,6744.21,6731.172,6737.525,1796,160,0,1796
2024-01-26 23:00:00,6737.467,6737.512,6729.736,6732.96,1797,160,0,1797
2024-01-27 00:00:00,6733.023,6733.451,6719.422,6720.512,1796,160,0,1796
2024-01-27 01:00:00,6720.606,6722.521,6715.757,6719.105,1795,160,0,1795
2024-01-27 02:00:00,6718.719,6719.122,6708.395,6715.181,1793,160,0,1793
2024-01-27 03:00:00,6715.433,6725.301,6712.034,6723.534,1795,160,0,1795
2024-01-27 04:00:00,6723.281,6732.789,6722.573,6730.916,1798,160,0,1798
2024-01-27 05:00:00,6730.889,6740.358,6729.05,6737.559,1795,160,0,1795
2024-01-27 06:00:00,6737.578,6739.964,6728.02,6736.773,1798,160,0,1798
2024-01-27 07:00:00,6736.88,6738.554,6719.458,6720.803,1793,160,0,1793
2024-01-27 08:00:00,6720.681,6729.097,6715.372,6728.429,1793,160,0,1793
2024-01-27 09:00:00,6728.266,6733.47,6724.694,6731.198,1796,160,0,1796
2024-01-27 10:00:00,6731.149,6736.039,6728.708,6732.037,1798,160,0,1798
2024-01-27 11:00:00,6732.066,6736.564,6721.923,6721.94,1794,160,0,1794
2024-01-27 12:00:00,6721.883,6728.508,6718.272,6727.74,1794,160,0,1794
2024-01-27 13:00:00,6727.539,6730.879,6722.905,6729.524,1798,160,0,1798
2024-01-27 14:00:00,6729.291,6737.629,6727.737,6737.501,1798,160,0,1798
2024-01-27 15:00:00,6737.425,6743.981,6736.352,6737.39,1795,160,0,1795
2024-01-27 16:00:00,6737.41,6739.904,6725.21,6725.21,1792,160,0,1792
2024-01-27 17:00:00,6725.289,6734.397,6720.863,6728.937,1798,160,0,1798
2024-01-27 18:00:00,6728.579,6734.576,6725.986,6733.809,1796,160,0,1796
2024-01-27 19:00:00,6733.849,6747.38,6732.501,6740.609,1799,160,0,1799
2024-01-27 20:00:00,6740.604,6747.347,6738.407,6742.612,1795,160,0,1795
2024-01-27 21:00:00,6742.719,6744.084,6713.321,6713.321,1799,160,0,1799
2024-01-27 22:00:00,6713.016,6722.002,6709.941,6714.4,1794,160,0,1794
2024-01-27 23:00:00,6714.411,6716.739,6707.493,6707.654,1796,160,0,1796
2024-01-28 00:00:00,6707.708,6710.108,6692.553,6694.698,1794,160,0,1794
2024-01-28 01:00:00,6694.652,6698.227,6689.385,6692.366,1796,160,0,1796
2024-01-28 02:00:00,6692.117,6698.174,6690.056,6697.476,1791,160,0,1791
2024-01-28 03:00:00,6697.627,6699.935,6685.871,6686.02,1796,160,0,1796
2024-01-28 04:00:00,6686.151,6698.004,6681.575,6696.52,1793,160,0,1793
2024-01-28 05:00:00,6696.709,6709.101,6696.025,6707.395,1792,160,0,1792
2024-01-28 06:00:00,6707.439,6720.809,6704.88,6720.105,1795,160,0,1795
2024-01-28 07:00:00,6720.197,6720.55,6704.742,6708.225,1797,160,0,1797
2024-01-28 08:00:00,6708.184,6711.118,6701.784,6702.532,1797,160,0,1797
2024-01-28 09:00:00,6702.463,6706.329,6697.374,6705.77,1796,160,0,1796
2024-01-28 10:00:00,6705.649,6712.743,6702.236,6711.087,1796,160,0,1796
2024-01-28 11:00:00,6711.284,6715.184,6700.647,6700.991,1798,160,0,1798
2024-01-28 12:00:00,6700.786,6703.358,6689.256,6695.167,1798,160,0,1798
2024-01-28 13:00:00,6695.162,6698.224,6688.38,6697.246,1794,160,0,1794
2024-01-28 14:00:00,6697.357,6700.525,6693.342,6694.805,1796,160,0,1796
2024-01-28 15:00:00,6694.737,6702.628,6690.414,6691.408,1797,160,0,1797
2024-01-28 16:00:00,6691.364,6698.006,6687.815,6694.534,1794,160,0,1794
2024-01-28 17:00:00,6694.415,6703.376,6689.674,6692.481,1796,160,0,1796
2024-01-28 18:00:00,6692.435,6695.171,6683.038,6686.397,1796,160,0,1796
2024-01-28 19:00:00,6686.323,6694.288,6684.32,6689.629,1797,160,0,1797
2024-01-28 20:00:00,6689.568,6698.154,6684.411,6693.449,1797,160,0,1797
2024-01-28 21:00:00,6693.613,6711.877,6692.527,6708.221,1795,160,0,1795
2024-01-28 22:00:00,6708.39,6714.362,6704.261,6711.751,1796,160,0,1796
2024-01-28 23:00:00,6711.559,6712.715,6702.781,6708.719,1795,160,0,1795
2024-01-29 00:00:00,6708.797,6714.618,6705.471,6712.1,1795,160,0,1795
2024-01-29 01:00:00,6712.067,6716.614,6709.5,6710.505,1798,160,0,1798
2024-01-29 02:00:00,6710.77,6721.653,6708.972,6719.28,1796,160,0,1796
2024-01-29 03:00:00,6719.079,6731.27,6714.367,6726.58,1798,160,0,1798
2024-01-29 04:00:00,6726.547,6731.375,6724.918,6729.785,1796,160,0,1796
2024-01-29 05:00:00,6729.528,6737.68,6727.047,6730.597,1798,160,0,1798
2024-01-29 06:00:00,6730.86,6745.132,6726.719,6742.236,1796,160,0,1796
2024-01-29 07:00:00,6742.303,6744.054,6733.652,6734.586,1795,160,0,1795
2024-01-29 08:00:00,6734.842,6742.508,6734.418,6738.999,1798,160,0,1798
2024-01-29 09:00:00,6738.858,6749.59,6738.305,6742.355,1794,160,0,1794
2024-01-29 10:00:00,6742.267,6748.512,6740.646,6741.017,1798,160,0,1798
2024-01-29 11:00:00,6741.171,6747.491,6738.542,6744.521,1798,160,0,1798
2024-01-29 12:00:00,6744.375,6744.743,6738.606,6742.08,1792,160,0,1792
2024-01-29 13:00:00,6742.126,6743.122,6723.677,6724.027,1794,160,0,1794
2024-01-29 14:00:00,6724.097,6740.196,6723.212,6737.93,1796,160,0,1796
2024-01-29 15:00:00,6738.088,6740.644,6728.143,6730.619,1795,160,0,1795
2024-01-29 16:00:00,6730.186,6730.633,6719.181,6721.543,1797,160,0,1797
2024-01-29 17:00:00,6721.613,6734.674,6720.097,6732.526,1793,160,0,1793
2024-01-29 18:00:00,6732.85,6740.059,6732.666,6734.48,1798,160,0,1798
2024-01-29 19:00:00,6734.596,6741.13,6733.376,6735.892,1795,160,0,1795
2024-01-29 20:00:00,6736.059,6739.289,6728.928,6733.351,1793,160,0,1793
2024-01-29 21:00:00,6733.358,6741.597,6732.538,6740.763,1795,160,0,1795
2024-01-29 22:00:00,6740.741,6743.472,6735.273,6740.877,1797,160,0,1797
2024-01-29 23:00:00,6740.95,6741.465,6726.616,6734.106,1796,160,0,1796
2024-01-30 00:00:00,6734.011,6744.724,6729.367,6743.935,1798,160,0,1798
2024-01-30 01:00:00,6744.098,6749.42,6741.828,6745.202,1798,160,0,1798
2024-01-30 02:00:00,6745.232,6748.76,6736.439,6744.37,1798,160,0,1798
2024-01-30 03:00:00,6744.35,6757.88,6743.439,6752.889,1793,160,0,1793
2024-01-30 04:00:00,6752.963,6755.488,6748.93,6753.821,1797,160,0,1797
2024-01-30 05:00:00,6753.642,6758.343,6751.592,6756.455,1794,160,0,1794
2024-01-30 06:00:00,6756.302,6760.127,6746.975,6749.642,1798,160,0,1798
2024-01-30 07:00:00,6749.787,6750.714,6737.857,6738.105,1355,160,0,1355
2024-01-30 08:00:00,6737.899,6744.131,6735.375,6736.8,1794,160,0,1794
2024-01-30 09:00:00,6736.749,6743.951,6735.098,6740.613,1797,160,0,1797
2024-01-30 10:00:00,6740.708,6750.638,6740.538,6749.551,1793,160,0,1793
2024-01-30 11:00:00,6749.48,6754.763,6748.319,6752.976,1795,160,0,1795
2024-01-30 12:00:00,6752.935,6754.3,6743.096,6744.853,1797,160,0,1797
2024-01-30 13:00:00,6744.71,6748.749,6736.244,6748.749,1797,160,0,1797
2024-01-30 14:00:00,6748.693,6756.762,6748.37,6755.834,1798,160,0,1798
2024-01-30 15:00:00,6755.687,6758.433,6746.754,6746.825,1797,160,0,1797
2024-01-30 16:00:00,6747.111,6749.815,6733.963,6734.187,1799,160,0,1799
2024-01-30 17:00:00,6734.019,6740.863,6732.336,6735.077,1798,160,0,1798
2024-01-30 18:00:00,6734.952,6739.266,6730.058,6730.673,1796,160,0,1796
2024-01-30 19:00:00,6730.611,6730.611,6710.726,6711.186,1798,160,0,1798
2024-01-30 20:00:00,6711.355,6713.127,6704.396,6706.021,1791,160,0,1791
2024-01-30 21:00:00,6706.232,6709.7,6701.086,6704.058,1795,160,0,1795
2024-01-30 22:00:00,6703.716,6709.576,6697.946,6709.382,1796,160,0,1796
2024-01-30 23:00:00,6709.51,6715.759,6700.133,6715.191,1793,160,0,1793
2024-01-31 00:00:00,6715.182,6725.029,6714.597,6724.143,1791,160,0,1791
2024-01-31 01:00:00,6724.398,6736.199,6722.069,6735.856,1799,160,0,1799
2024-01-31 02:00:00,6735.895,6742.484,6734.097,6739.715,1796,160,0,1796
2024-01-31 03:00:00,6739.827,6749.189,6738.705,6744.796,1796,160,0,1796
2024-01-31 04:00:00,6744.731,6757.71,6741.326,6741.326,1799,160,0,1799
2024-01-31 05:00:00,6741.544,6756.527,6741.171,6749.132,1798,160,0,1798
2024-01-31 06:00:00,6749.148,6751.264,6742.416,6748.691,1795,160,0,1795
2024-01-31 07:00:00,6748.86,6755.135,6743.898,6754.176,1795,160,0,1795
2024-01-31 08:00:00,6754.173,6760.28,6751.052,6756.291,1792,160,0,1792
2024-01-31 09:00:00,6756.502,6758.879,6749.842,6752.583,1795,160,0,1795
2024-01-31 10:00:00,6752.403,6764.979,6751.7,6764.822,1795,160,0,1795
2024-01-31 11:00:00,6764.805,6764.805,6752.447,6754.249,1795,160,0,1795
2024-01-31 12:00:00,6754.205,6754.715,6747.545,6748.475,1797,160,0,1797
2024-01-31 13:00:00,6748.318,6763.077,6747.671,6761.226,1798,160,0,1798
2024-01-31 14:00:00,6761.112,6761.112,6747.367,6752.324,1796,160,0,1796
2024-01-31 15:00:00,6752.326,6760.208,6750.24,6754.679,1798,160,0,1798
2024-01-31 16:00:00,6754.735,6755.647,6730.337,6730.337,1792,160,0,1792
2024-01-31 17:00:00,6730.478,6738.544,6727.062,6737.327,1795,160,0,1795
2024-01-31 18:00:00,6737.046,6742.574,6733.252,6733.919,1797,160,0,1797
2024-01-31 19:00:00,6734.112,6739.604,6729.103,6729.772,1797,160,0,1797
2024-01-31 20:00:00,6729.516,6731.409,6722.073,6723.604,1796,160,0,1796
2024-01-31 21:00:00,6723.744,6726.8,6709.681,6711.634,1796,160,0,1796
2024-01-31 22:00:00,6711.648,6715.574,6706.772,6708.774,1796,160,0,1796
2024-01-31 23:00:00,6709.043,6716.573,6706.754,6716.2,1798,160,0,1798
2024-02-01 00:00:00,6716.151,6722.855,6712.491,6715.298,1797,160,0,1797
2024-02-01 01:00:00,6715.093,6722.082,6710.612,6720.284,1796,160,0,1796
2024-02-01 02:00:00,6720.384,6721.143,6709.816,6711.81,1795,160,0,1795
2024-02-01 03:00:00,6711.778,6718.003,6705.853,6717.115,1796,160,0,1796
2024-02-01 04:00:00,6717.25,6723.636,6713.669,6718.754,1794,160,0,1794
2024-02-01 05:00:00,6718.791,6726.147,6717.639,6724.333,1793,160,0,1793
2024-02-01 06:00:00,6724.438,6724.977,6714.867,6717.129,1799,160,0,1799
2024-02-01 07:00:00,6717.205,6720.327,6705.215,6709.818,1797,160,0,1797
2024-02-01 08:00:00,6709.702,6716.291,6703.336,6704.093,1794,160,0,1794
2024-02-01 09:00:00,6704.158,6707.469,6697.479,6704.181,1798,160,0,1798
2024-02-01 10:00:00,6704.348,6714.246,6703.965,6713.07,1794,160,0,1794
2024-02-01 11:00:00,6712.83,6716.716,6710.287,6711.995,1797,160,0,1797
2024-02-01 12:00:00,6712.163,6723.806,6710.462,6715.912,1795,160,0,1795
2024-02-01 13:00:00,6715.948,6717.165,6708.97,6712.038,1797,170,0,1797
2024-02-01 14:00:00,6711.685,6716.673,6708.376,6710.811,1795,170,0,1795
2024-02-01 15:00:00,6710.763,6713.607,6706.353,6708.629,1799,170,0,1799
2024-02-01 16:00:00,6708.585,6710.106,6698.181,6703.022,1795,170,0,1795
2024-02-01 17:00:00,6702.666,6713.866,6699.053,6712.942,1793,170,0,1793
2024-02-01 18:00:00,6713.112,6718.072,6705.69,6711.909,1793,170,0,1793
2024-02-01 19:00:00,6711.774,6715.246,6707.678,6711.982,1799,170,0,1799
2024-02-01 20:00:00,6712.2,6717.907,6707.74,6713.382,1794,170,0,1794
2024-02-01 21:00:00,6713.154,6713.436,6696.805,6701.648,1791,170,0,1791
2024-02-01 22:00:00,6701.569,6707.49,6700.859,6704.608,1795,170,0,1795
2024-02-01 23:00:00,6704.4,6705.386,6695.986,6698.623,1797,170,0,1797
2024-02-02 00:00:00,6698.45,6699.681,6689.791,6698.486,1798,170,0,1798
2024-02-02 01:00:00,6698.738,6699.158,6688.024,6694.597,1795,170,0,1795
2024-02-02 02:00:00,6694.41,6694.41,6683.839,6683.839,1795,170,0,1795
2024-02-02 03:00:00,6683.84,6691.572,6681.06,6689.394,1759,170,0,1759
2024-02-02 04:00:00,6689.296,6692.857,6680.251,6682.236,1793,170,0,1793
2024-02-02 05:00:00,6682.142,6693.113,6680.313,6689.601,1799,170,0,1799
2024-02-02 06:00:00,6689.862,6700.816,6687.176,6700.492,1795,170,0,1795
2024-02-02 07:00:00,6700.259,6701.402,6683.349,6686.626,1797,170,0,1797
2024-02-02 08:00:00,6686.767,6688.497,6675.249,6680.534,1796,170,0,1796
2024-02-02 09:00:00,6680.617,6684.47,6674.265,6681.81,1796,170,0,1796
2024-02-02 10:00:00,6682.119,6685.891,6675.691,6683.963,1797,170,0,1797
2024-02-02 11:00:00,6683.95,6685.339,6676.286,6676.425,1798,170,0,1798
2024-02-02 12:00:00,6676.587,6688.042,6675.724,6683.259,1794,168,0,1794
2024-02-02 13:00:00,6683.315,6683.808,6667.373,6670.842,1797,168,0,1797
2024-02-02 14:00:00,6670.824,6672.996,6659.772,6659.772,1794,168,0,1794
2024-02-02 15:00:00,6659.817,6665.092,6655.892,6664.813,1797,168,0,1797
2024-02-02 16:00:00,6664.873,6668.373,6659.151,6661.111,1794,168,0,1794
2024-02-02 17:00:00,6661.272,6665.303,6656.038,6657.196,1797,168,0,1797
2024-02-02 18:00:00,6657.128,6657.575,6645.847,6651.56,1795,168,0,1795
2024-02-02 19:00:00,6651.377,6655.837,6639.44,6641.358,1796,168,0,1796
2024-02-02 20:00:00,6641.038,6644.444,6636.486,6638.336,1794,168,0,1794
2024-02-02 21:00:00,6638.318,6640.818,6628.923,6636.473,1795,168,0,1795
2024-02-02 22:00:00,6636.384,6649.824,6634.407,6649.21,1794,168,0,1794
2024-02-02 23:00:00,6649.309,6659.906,6649.092,6657.538,1794,168,0,1794
2024-02-03 00:00:00,6657.545,6664.879,6656.087,6663.407,1798,168,0,1798
2024-02-03 01:00:00,6663.203,6669.235,6662.445,6664.928,1797,168,0,1797
2024-02-03 02:00:00,6665.083,6669.213,6662.7,6664.541,1794,168,0,1794
2024-02-03 03:00:00,6664.728,6664.87,6655.842,6657.934,1799,168,0,1799
2024-02-03 04:00:00,6657.918,6660.572,6641.292,6641.901,1800,168,0,1800
2024-02-03 05:00:00,6641.916,6643.798,6630.521,6631.274,1796,168,0,1796
2024-02-03 06:00:00,6631.366,6642.683,6630.455,6642.016,1798,168,0,1798
2024-02-03 07:00:00,6642.152,6652.488,6640.81,6651.814,1797,168,0,1797
2024-02-03 08:00:00,6651.899,6656.412,6647.225,6652.181,1795,168,0,1795
2024-02-03 09:00:00,6652.033,6664.399,6651.696,6651.835,1792,168,0,1792
2024-02-03 10:00:00,6652.004,6661.819,6647.63,6660.532,1793,168,0,1793
2024-02-03 11:00:00,6660.733,6666.694,6657.254,6661.909,1797,168,0,1797
2024-02-03 12:00:00,6662.122,6666.011,6651.984,6652.092,1798,168,0,1798
2024-02-03 13:00:00,6652.273,6655.408,6641.081,6641.593,1795,168,0,1795
2024-02-03 14:00:00,6641.73,6646.204,6634.405,6639.86,1796,168,0,1796
2024-02-03 15:00:00,6639.672,6651.404,6638.167,6651.404,1797,168,0,1797
2024-02-03 16:00:00,6651.394,6653.971,6642.922,6653.971,1797,168,0,1797
2024-02-03 17:00:00,6654.298,6666.786,6654.231,6663.568,1791,168,0,1791
2024-02-03 18:00:00,6663.719,6664.63,6652.931,6658.818,1797,168,0,1797
2024-02-03 19:00:00,6658.667,6667.719,6658.531,6665.973,1796,168,0,1796
2024-02-03 20:00:00,6665.774,6679.01,6665.774,6676.259,1792,168,0,1792
2024-02-03 21:00:00,6676.43,6677.706,6667.777,6677.347,1797,168,0,1797
2024-02-03 22:00:00,6677.414,6679.722,6672.4,6677.535,1799,168,0,1799
2024-02-03 23:00:00,6677.766,6689.525,6673.747,6688.137,1799,168,0,1799
2024-02-04 00:00:00,6688.443,6701.825,6688.27,6700.815,1796,168,0,1796
2024-02-04 01:00:00,6700.719,6704.661,6694.678,6701.706,1796,168,0,1796
2024-02-04 02:00:00,6701.937,6708.045,6698.807,6699.337,1797,168,0,1797
2024-02-04 03:00:00,6699.453,6701.499,6693.663,6695.448,1794,168,0,1794
2024-02-04 04:00:00,6695.689,6710.34,6695.689,6709.865,1793,168,0,1793
2024-02-04 05:00:00,6709.926,6711.947,6699.743,6703.835,1796,168,0,1796
2024-02-04 06:00:00,6704.088,6720.367,6702.715,6718.534,1796,168,0,1796
2024-02-04 07:00:00,6718.725,6725.143,6718.402,6723.537,1796,168,0,1796
2024-02-04 08:00:00,6723.434,6733.129,6721.998,6726.778,1795,168,0,1795
2024-02-04 09:00:00,6726.732,6730.319,6719.436,6728.59,1796,168,0,1796
2024-02-04 10:00:00,6728.261,6745.695,6728.261,6741.17,1792,168,0,1792
2024-02-04 11:00:00,6741.211,6744.56,6736.829,6741.548,1795,168,0,1795
2024-02-04 12:00:00,6741.252,6744.037,6737.21,6740.544,1792,168,0,1792
2024-02-04 13:00:00,6740.788,6753.069,6739.34,6748.937,1795,168,0,1795
2024-02-04 14:00:00,6749.042,6752.475,6745.675,6745.675,1796,168,0,1796
2024-02-04 15:00:00,6745.72,6750.501,6743.004,6747.835,1792,168,0,1792
2024-02-04 16:00:00,6747.786,6751.537,6741.87,6748.046,1793,168,0,1793
2024-02-04 17:00:00,6747.872,6753.983,6742.991,6751.426,1796,168,0,1796
2024-02-04 18:00:00,6751.606,6757.682,6750.518,6752.422,1795,168,0,1795
2024-02-04 19:00:00,6752.175,6762.04,6745.117,6754.999,1794,168,0,1794
2024-02-04 20:00:00,6754.802,6756.719,6746.296,6751.155,1795,168,0,1795
2024-02-04 21:00:00,6751.193,6754.476,6742.824,6749.716,1793,168,0,1793
2024-02-04 22:00:00,6749.636,6751.145,6742.374,6744.298,1798,168,0,1798
2024-02-04 23:00:00,6744.472,6763.712,6743.658,6761.301,1797,168,0,1797
2024-02-05 00:00:00,6761.211,6762.898,6756.311,6760.184,1798,168,0,1798
2024-02-05 01:00:00,6759.906,6761.087,6751.533,6758.337,1794,168,0,1794
2024-02-05 02:00:00,6758.449,6761.471,6753.044,6760.081,1796,168,0,1796
2024-02-05 03:00:00,6760.089,6762.689,6755.311,6761.625,1796,168,0,1796
2024-02-05 04:00:00,6761.615,6767.5,6750.418,6750.703,1798,168,0,1798
2024-02-05 05:00:00,6750.709,6752.164,6742.838,6743.575,1794,168,0,1794
2024-02-05 06:00:00,6743.423,6746.075,6731.377,6738.304,1797,168,0,1797
2024-02-05 07:00:00,6738.058,6741.976,6734.802,6738.01,1797,168,0,1797
2024-02-05 08:00:00,6738.171,6740.637,6728.172,6733.284,1796,168,0,1796
2024-02-05 09:00:00,6733.382,6748.942,6731.034,6743.437,1798,168,0,1798
2024-02-05 10:00:00,6743.59,6753.719,6741.345,6748.755,1792,168,0,1792
2024-02-05 11:00:00,6748.984,6758.219,6748.38,6749.964,1794,168,0,1794
2024-02-05 12:00:00,6750.174,6752.272,6745.827,6746.847,1794,168,0,1794
2024-02-05 13:00:00,6746.715,6746.715,6735.359,6738.426,1797,168,0,1797
2024-02-05 14:00:00,6738.475,6751.728,6735.158,6751.521,1797,168,0,1797
2024-02-05 15:00:00,6751.394,6757.324,6750.307,6756.395,1800,168,0,1800
2024-02-05 16:00:00,6756.288,6765.134,6752.552,6761.827,1793,168,0,1793
2024-02-05 17:00:00,6762.007,6763.274,6747.962,6750.975,1795,168,0,1795
2024-02-05 18:00:00,6750.991,6753.541,6739.989,6742.707,1791,168,0,1791
2024-02-05 19:00:00,6743.112,6743.584,6731.62,6734.346,1797,168,0,1797
2024-02-05 20:00:00,6734.249,6742.929,6727.713,6740.456,1799,168,0,1799
2024-02-05 21:00:00,6740.539,6750.105,6738.973,6748.754,1795,168,0,1795
2024-02-05 22:00:00,6748.828,6749.656,6739.883,6740.834,1797,168,0,1797
2024-02-05 23:00:00,6740.988,6759.255,6739.817,6757.949,1796,168,0,1796
2024-02-06 00:00:00,6757.407,6772.199,6756.459,6769.735,1798,168,0,1798
2024-02-06 01:00:00,6769.743,6777.689,6767.146,6777.165,1798,168,0,1798
2024-02-06 02:00:00,6777.196,6778.774,6771.313,6772.437,1796,168,0,1796
2024-02-06 03:00:00,6772.223,6779.653,6767.376,6779.653,1796,168,0,1796
2024-02-06 04:00:00,6779.748,6795.167,6776.591,6787.168,1794,168,0,1794
2024-02-06 05:00:00,6787.222,6795.338,6786.045,6791.517,1798,168,0,1798
2024-02-06 06:00:00,6791.844,6795.626,6781.896,6782.778,1799,168,0,1799
2024-02-06 07:00:00,6782.553,6788.24,6777.585,6779.274,1796,168,0,1796
2024-02-06 08:00:00,6779.252,6780.709,6772.11,6773.002,1794,168,0,1794
2024-02-06 09:00:00,6773.089,6779.413,6772.457,6777.07,1797,168,0,1797
2024-02-06 10:00:00,6776.911,6777.542,6764.555,6766.319,1796,168,0,1796
2024-02-06 11:00:00,6766.398,6770.015,6761.531,6768.22,1800,168,0,1800
2024-02-06 12:00:00,6768.823,6770.336,6752.299,6755.823,1797,168,0,1797
2024-02-06 13:00:00,6755.745,6756.709,6750.962,6755.793,1799,168,0,1799
2024-02-06 14:00:00,6755.966,6758.567,6752.714,6754.601,1795,168,0,1795
2024-02-06 15:00:00,6754.94,6756.412,6750.86,6753.25,1796,168,0,1796
2024-02-06 16:00:00,6753.082,6765.527,6752.036,6760.04,1796,168,0,1796
2024-02-06 17:00:00,6760.098,6761.3,6750.817,6753.942,1798,168,0,1798
2024-02-06 18:00:00,6753.784,6759.166,6749.921,6750.801,1797,168,0,1797
2024-02-06 19:00:00,6750.49,6761.643,6749.732,6756.647,1790,168,0,1790
2024-02-06 20:00:00,6756.755,6759.52,6747.398,6757.054,1794,168,0,1794
2024-02-06 21:00:00,6756.876,6760.969,6749.861,6758.658,1799,168,0,1799
2024-02-06 22:00:00,6758.591,6759.246,6745.031,6747.117,1795,168,0,1795
2024-02-06 23:00:00,6747.109,6749.13,6735.724,6739.02,1794,168,0,1794
2024-02-07 00:00:00,6739.015,6742.384,6731.379,6731.66,1794,168,0,1794
2024-02-07 01:00:00,6731.647,6736.993,6730.293,6736.742,1798,168,0,1798
2024-02-07 02:00:00,6736.873,6741.804,6732.515,6733.991,1798,168,0,1798
2024-02-07 03:00:00,6734.019,6743.448,6733.392,6742.792,1794,168,0,1794
2024-02-07 04:00:00,6743.022,6752.394,6739.374,6748.535,1796,168,0,1796
2024-02-07 05:00:00,6748.636,6752.707,6741.843,6748.351,1795,168,0,1795
2024-02-07 06:00:00,6748.224,6760.427,6744.053,6759.22,1796,168,0,1796
2024-02-07 07:00:00,6759.198,6765.952,6758.404,6765.4,1799,168,0,1799
2024-02-07 08:00:00,6765.607,6765.986,6756.805,6762.791,1798,168,0,1798
2024-02-07 09:00:00,6762.832,6769.133,6759.136,6760.932,1797,168,0,1797
2024-02-07 10:00:00,6760.904,6765.764,6759.002,6760.092,1796,168,0,1796
2024-02-07 11:00:00,6760.122,6764.335,6755.615,6761.419,1796,168,0,1796
2024-02-07 12:00:00,6761.498,6765.747,6757.714,6759.047,1799,168,0,1799
2024-02-07 13:00:00,6759.342,6765.828,6756.828,6762.657,1796,168,0,1796
2024-02-07 14:00:00,6762.727,6765.961,6755.174,6763.538,1798,168,0,1798
2024-02-07 15:00:00,6763.516,6767.712,6757.954,6767.638,1798,168,0,1798
2024-02-07 16:00:00,6767.526,6774.192,6759.301,6760.187,1796,168,0,1796
2024-02-07 17:00:00,6760.296,6763.387,6752.688,6753.321,1792,168,0,1792
2024-02-07 18:00:00,6753.127,6760.239,6741.931,6759.808,1796,168,0,1796
2024-02-07 19:00:00,6759.792,6760.904,6754.601,6759.129,1798,168,0,1798
2024-02-07 20:00:00,6759.494,6767.18,6753.778,6765.689,1793,168,0,1793
2024-02-07 21:00:00,6766.04,6766.633,6758.88,6759.345,1797,168,0,1797
2024-02-07 22:00:00,6759.335,6769.151,6753.328,6768.677,1796,168,0,1796
2024-02-07 23:00:00,6768.684,6775.031,6767.815,6772.199,1793,168,0,1793
2024-02-08 00:00:00,6772.214,6778.003,6769.899,6774.228,1796,168,0,1796
2024-02-08 01:00:00,6774.54,6783.857,6769.242,6777.749,1795,168,0,1795
2024-02-08 02:00:00,6778.078,6778.968,6768.332,6774.048,1798,168,0,1798
2024-02-08 03:00:00,6774.308,6778.6,6771.542,6772.527,1794,168,0,1794
2024-02-08 04:00:00,6772.615,6774.341,6765.102,6768.252,1798,168,0,1798
2024-02-08 05:00:00,6768.429,6772.99,6765.906,6772.466,1795,168,0,1795
2024-02-08 06:00:00,6772.439,6780.838,6770.209,6778.632,1796,168,0,1796
2024-02-08 07:00:00,6778.319,6778.998,6762.184,6762.66,1796,168,0,1796
2024-02-08 08:00:00,6762.965,6764.614,6752.699,6752.699,1799,168,0,1799
2024-02-08 09:00:00,6752.615,6759.489,6748.13,6757.796,1796,168,0,1796
2024-02-08 10:00:00,6757.957,6759.9,6746.779,6747.422,1797,168,0,1797
2024-02-08 11:00:00,6747.483,6748.705,6736.894,6742.054,1796,168,0,1796
2024-02-08 12:00:00,6741.91,6752.178,6740.204,6750.079,1799,168,0,1799
2024-02-08 13:00:00,6750.056,6750.411,6741.362,6745.943,1794,168,0,1794
2024-02-08 14:00:00,6746.076,6755.358,6745.192,6751.253,1793,168,0,1793
2024-02-08 15:00:00,6751.299,6761.318,6750.274,6760.908,1797,168,0,1797
2024-02-08 16:00:00,6760.949,6763.58,6747.613,6750.541,1798,168,0,1798
2024-02-08 17:00:00,6750.427,6750.427,6737.06,6745.614,1797,168,0,1797
2024-02-08 18:00:00,6745.403,6750.1,6736.817,6738.375,1793,168,0,1793
2024-02-08 19:00:00,6738.622,6744.717,6735.322,6743.635,1798,168,0,1798
2024-02-08 20:00:00,6743.645,6750.492,6742.912,6746.08,1797,168,0,1797
2024-02-08 21:00:00,6745.9,6749.787,6742.36,6742.978,1795,168,0,1795
2024-02-08 22:00:00,6742.958,6743.666,6734.036,6738.42,1797,168,0,1797
2024-02-08 23:00:00,6738.26,6740.302,6720.991,6723.661,1795,168,0,1795
2024-02-09 00:00:00,6723.743,6730.23,6719.995,6727.857,1795,168,0,1795
2024-02-09 01:00:00,6727.915,6745.783,6727.388,6744.528,1793,168,0,1793
2024-02-09 02:00:00,6744.631,6749.6,6740.663,6746.6,1796,168,0,1796
2024-02-09 03:00:00,6746.31,6747.487,6738.338,6740.453,1798,168,0,1798
2024-02-09 04:00:00,6740.278,6743.771,6736.51,6738.75,1794,168,0,1794
2024-02-09 05:00:00,6738.35,6739.724,6732.509,6734.724,1793,168,0,1793
2024-02-09 06:00:00,6734.8,6741.579,6732.314,6738.659,1795,168,0,1795
2024-02-09 07:00:00,6738.789,6745.083,6736.476,6745.083,1793,168,0,1793
2024-02-09 08:00:00,6745.576,6757.24,6744.934,6755.73,1799,168,0,1799
2024-02-09 09:00:00,6755.566,6758.832,6747.125,6755.186,1793,168,0,1793
2024-02-09 10:00:00,6755.242,6759.724,6745.528,6748.132,1796,168,0,1796
2024-02-09 11:00:00,6748.059,6750.504,6739.602,6748.083,1796,168,0,1796
2024-02-09 12:00:00,6748.112,6751.431,6742.178,6745.129,1796,168,0,1796
2024-02-09 13:00:00,6745.21,6748.046,6736.243,6740.3,1793,170,0,1793
2024-02-09 14:00:00,6740.765,6750.622,6737.023,6749.909,1795,170,0,1795
2024-02-09 15:00:00,6749.723,6754.932,6746.03,6753.157,1793,170,0,1793
2024-02-09 16:00:00,6753.263,6764.132,6752.901,6762.869,1798,170,0,1798
2024-02-09 17:00:00,6762.705,6765.248,6753.008,6753.534,1795,170,0,1795
2024-02-09 18:00:00,6753.385,6765.474,6750.411,6763.704,1796,170,0,1796
2024-02-09 19:00:00,6763.779,6773.828,6762.752,6762.752,1794,170,0,1794
2024-02-09 20:00:00,6762.547,6767.672,6760.67,6763.694,1793,170,0,1793
2024-02-09 21:00:00,6763.711,6764.413,6754.023,6756.898,1798,170,0,1798
2024-02-09 22:00:00,6756.982,6761.509,6747.889,6747.921,1797,170,0,1797
2024-02-09 23:00:00,6747.819,6752.356,6746.263,6749.005,1798,170,0,1798
2024-02-10 00:00:00,6748.844,6753.496,6746.89,6751.436,1795,170,0,1795
2024-02-10 01:00:00,6751.47,6754.541,6743.737,6747.573,1794,170,0,1794
2024-02-10 02:00:00,6747.846,6757.322,6744.468,6752.87,1794,170,0,1794
2024-02-10 03:00:00,6752.697,6755.658,6748.081,6750.802,1796,170,0,1796
2024-02-10 04:00:00,6750.952,6759.592,6749.665,6758.827,1797,170,0,1797
2024-02-10 05:00:00,6758.623,6767.262,6758.623,6762.229,1796,170,0,1796
2024-02-10 06:00:00,6762.299,6763.296,6746.48,6762.126,1794,170,0,1794
2024-02-10 07:00:00,6762.192,6774.617,6761.786,6772.809,1796,170,0,1796
2024-02-10 08:00:00,6772.716,6777.176,6769.155,6774.159,1797,170,0,1797
2024-02-10 09:00:00,6774.066,6781.616,6773.918,6778.197,1798,170,0,1798
2024-02-10 10:00:00,6778.181,6786.742,6775.755,6785.72,1798,170,0,1798
2024-02-10 11:00:00,6785.645,6790.44,6782.237,6787.588,1799,170,0,1799
2024-02-10 12:00:00,6787.658,6792.036,6780.066,6788.038,1795,170,0,1795
2024-02-10 13:00:00,6788.298,6793.891,6786.042,6788.186,1797,170,0,1797
2024-02-10 14:00:00,6788.206,6789.829,6775.951,6776.348,1794,170,0,1794
2024-02-10 15:00:00,6776.509,6777.776,6767.283,6768.714,1793,170,0,1793
2024-02-10 16:00:00,6768.432,6773.409,6766.151,6766.659,1794,170,0,1794
2024-02-10 17:00:00,6766.538,6779.898,6763.066,6779.898,1792,170,0,1792
2024-02-10 18:00:00,6779.737,6779.742,6768.308,6774.124,1794,170,0,1794
2024-02-10 19:00:00,6774.428,6790.572,6773.942,6790.369,1797,170,0,1797
2024-02-10 20:00:00,6790.223,6795.671,6787.582,6794.16,1794,170,0,1794
2024-02-10 21:00:00,6794.031,6804.087,6793.46,6801.234,1798,170,0,1798
2024-02-10 22:00:00,6801.318,6803.474,6790.268,6790.416,1795,170,0,1795
2024-02-10 23:00:00,6790.239,6794.224,6785.649,6792.677,1799,170,0,1799
2024-02-11 00:00:00,6792.708,6800.304,6789.501,6797.78,1797,170,0,1797
2024-02-11 01:00:00,6797.698,6813.494,6796.243,6810.553,1797,170,0,1797
2024-02-11 02:00:00,6810.355,6816.85,6805.472,6816.237,1794,170,0,1794
2024-02-11 03:00:00,6816.265,6819.858,6809.557,6809.557,1792,170,0,1792
2024-02-11 04:00:00,6809.498,6817.952,6807.956,6815.066,1791,170,0,1791
2024-02-11 05:00:00,6815.105,6827.277,6814.249,6821.464,1796,170,0,1796
2024-02-11 06:00:00,6821.682,6826.667,6818.418,6821.021,1793,170,0,1793
2024-02-11 07:00:00,6820.878,6821.649,6815.166,6817.611,1796,170,0,1796
2024-02-11 08:00:00,6817.445,6824.845,6813.052,6822.732,1797,170,0,1797
2024-02-11 09:00:00,6822.582,6823.519,6814.104,6818.806,1797,170,0,1797
2024-02-11 10:00:00,6818.984,6819.754,6807.568,6809.53,1799,170,0,1799
2024-02-11 11:00:00,6809.5,6812.982,6801.273,6810.475,1795,170,0,1795
2024-02-11 12:00:00,6810.479,6812.636,6801.634,6805.857,1795,170,0,1795
2024-02-11 13:00:00,6805.869,6810.903,6800.531,6807.687,1794,170,0,1794
2024-02-11 14:00:00,6807.484,6810.692,6804.077,6807.107,1797,170,0,1797
2024-02-11 15:00:00,6807.28,6819.902,6806.775,6818.235,1793,170,0,1793
2024-02-11 16:00:00,6818.153,6828.014,6816.456,6822.885,1797,170,0,1797
2024-02-11 17:00:00,6822.891,6829.798,6821.085,6821.68,1795,170,0,1795
2024-02-11 18:00:00,6821.577,6831.674,6820.24,6829.832,1798,170,0,1798
2024-02-11 19:00:00,6829.738,6836.34,6824.411,6832.907,1793,170,0,1793
2024-02-11 20:00:00,6833.105,6837.994,6824.714,6825.818,1796,170,0,1796
2024-02-11 21:00:00,6825.598,6830.99,6814.154,6816.877,1795,170,0,1795
2024-02-11 22:00:00,6816.713,6829.27,6816.575,6826.959,1794,170,0,1794
2024-02-11 23:00:00,6826.676,6837.929,6821.649,6836.884,1794,170,0,1794
2024-02-12 00:00:00,6836.867,6854.237,6835.705,6852.591,1794,170,0,1794
2024-02-12 01:00:00,6852.423,6858.295,6847.959,6855.366,1798,170,0,1798
2024-02-12 02:00:00,6855.27,6857.378,6840.438,6846.445,1797,170,0,1797
2024-02-12 03:00:00,6846.507,6851.718,6844.906,6845.232,1799,170,0,1799
2024-02-12 04:00:00,6845.375,6854.026,6840.025,6850.376,1798,170,0,1798
2024-02-12 05:00:00,6850.241,6850.288,6832.211,6833.561,1794,170,0,1794
2024-02-12 06:00:00,6833.349,6836.022,6825.363,6831.646,1794,170,0,1794
2024-02-12 07:00:00,6831.576,6837.821,6830.722,6833.724,1799,170,0,1799
2024-02-12 08:00:00,6833.804,6843.093,6830.997,6836.401,1794,170,0,1794
2024-02-12 09:00:00,6836.345,6837.172,6828.795,6834.357,1796,170,0,1796
2024-02-12 10:00:00,6834.275,6850.961,6828.926,6831.184,1798,170,0,1798
2024-02-12 11:00:00,6831.114,6832.338,6822.212,6829.08,1797,170,0,1797
2024-02-12 12:00:00,6828.908,6854.891,6827.513,6854.639,1797,178,0,1797
2024-02-12 13:00:00,6854.606,6859.193,6851.479,6855.875,1793,178,0,1793
2024-02-12 14:00:00,6856.031,6861.263,6844.978,6848.572,1797,178,0,1797
2024-02-12 15:00:00,6848.517,6853.885,6844.22,6846.034,1799,178,0,1799
2024-02-12 16:00:00,6845.802,6849.252,6843.141,6847.975,1800,178,0,1800
2024-02-12 17:00:00,6847.809,6851.484,6839.852,6842.598,1796,178,0,1796
2024-02-12 18:00:00,6842.588,6846.67,6836.122,6836.962,1797,178,0,1797
2024-02-12 19:00:00,6837.038,6840.285,6833.462,6839.163,1799,178,0,1799
2024-02-12 20:00:00,6839.003,6842.693,6837.755,6839.457,1797,178,0,1797
2024-02-12 21:00:00,6839.488,6839.616,6828.051,6834.044,1795,178,0,1795
2024-02-12 22:00:00,6833.91,6837.897,6829.622,6830.222,1798,178,0,1798
2024-02-12 23:00:00,6830.102,6830.87,6821.239,6830.553,1795,178,0,1795
2024-02-13 00:00:00,6830.504,6833.515,6821.73,6827.67,1798,178,0,1798
2024-02-13 01:00:00,6827.581,6829.812,6809.121,6811.353,1796,178,0,1796
2024-02-13 02:00:00,6811.631,6820.136,6809.792,6816.741,1776,178,0,1776
2024-02-13 03:00:00,6816.207,6831.187,6814.791,6828.692,1795,178,0,1795
2024-02-13 04:00:00,6828.919,6829.648,6816.959,6822.625,1796,178,0,1796
2024-02-13 05:00:00,6822.684,6827.505,6817.799,6824.983,1796,178,0,1796
2024-02-13 06:00:00,6825.168,6829.568,6819.108,6826.326,1798,178,0,1798
2024-02-13 07:00:00,6826.377,6832.392,6815.499,6818.497,1793,178,0,1793
2024-02-13 08:00:00,6818.432,6827.085,6815.167,6823.834,1796,178,0,1796
2024-02-13 09:00:00,6823.913,6849.393,6822.509,6848.371,1799,178,0,1799
2024-02-13 10:00:00,6848.283,6854.935,6842.743,6847.783,1797,178,0,1797
2024-02-13 11:00:00,6847.815,6854.374,6845.14,6845.335,1798,178,0,1798
2024-02-13 12:00:00,6845.389,6847.459,6838.027,6838.537,1794,178,0,1794
2024-02-13 13:00:00,6838.458,6838.559,6827.83,6836.606,1796,178,0,1796
2024-02-13 14:00:00,6836.64,6840.119,6833.152,6834.899,1796,178,0,1796
2024-02-13 15:00:00,6834.935,6843.337,6832.848,6840.175,1794,178,0,1794
2024-02-13 16:00:00,6839.899,6845.21,6834.18,6844.019,1795,178,0,1795
2024-02-13 17:00:00,6844.038,6855.716,6842.901,6848.259,1798,178,0,1798
2024-02-13 18:00:00,6848.005,6854.589,6845.856,6849.591,1797,178,0,1797
2024-02-13 19:00:00,6849.561,6854.72,6841.917,6841.946,1796,178,0,1796
2024-02-13 20:00:00,6841.784,6846.767,6837.472,6845.311,1796,178,0,1796
2024-02-13 21:00:00,6845.359,6847.456,6830.408,6832.415,1792,178,0,1792
2024-02-13 22:00:00,6832.271,6833.448,6816.587,6819.731,1796,178,0,1796
2024-02-13 23:00:00,6819.712,6826.548,6816.619,6826.548,1795,178,0,1795
2024-02-14 00:00:00,6826.843,6834.733,6825.558,6825.8,1796,178,0,1796
2024-02-14 01:00:00,6825.91,6833.201,6824.168,6828.647,1794,178,0,1794
2024-02-14 02:00:00,6828.706,6830.398,6820.627,6825.08,1793,178,0,1793
2024-02-14 03:00:00,6825.05,6825.938,6813.944,6815.98,1787,178,0,1787
2024-02-14 04:00:00,6815.891,6824.671,6811.033,6814.069,1800,178,0,1800
2024-02-14 05:00:00,6814.209,6818.41,6801.944,6804.852,1791,178,0,1791
2024-02-14 06:00:00,6804.683,6812.885,6804.172,6812.085,1796,178,0,1796
2024-02-14 07:00:00,6812.187,6816.601,6808.676,6816.409,1799,178,0,1799
2024-02-14 08:00:00,6816.409,6820.829,6809.687,6818.582,1797,178,0,1797
2024-02-14 09:00:00,6818.799,6835.061,6817.747,6831.193,1796,178,0,1796
2024-02-14 10:00:00,6831.162,6833.101,6822.51,6823.489,1796,178,0,1796
2024-02-14 11:00:00,6823.621,6826.576,6813.422,6813.874,1799,178,0,1799
2024-02-14 12:00:00,6813.826,6814.998,6806.389,6807.916,1797,178,0,1797
2024-02-14 13:00:00,6807.962,6820.212,6807.201,6815.223,1793,178,0,1793
2024-02-14 14:00:00,6815.084,6815.424,6804.522,6805.605,1795,178,0,1795
2024-02-14 15:00:00,6805.37,6816.804,6803.801,6810.483,1794,178,0,1794
2024-02-14 16:00:00,6810.694,6822.135,6810.694,6819.464,1798,178,0,1798
2024-02-14 17:00:00,6819.335,6819.547,6809.815,6810.902,1796,178,0,1796
2024-02-14 18:00:00,6810.778,6811.39,6803.933,6804.934,1797,178,0,1797
2024-02-14 19:00:00,6804.917,6809.842,6799.774,6800.726,1796,178,0,1796
2024-02-14 20:00:00,6800.873,6824.413,6800.822,6823.93,1790,178,0,1790
2024-02-14 21:00:00,6824.175,6826.769,6808.829,6809.256,1791,178,0,1791
2024-02-14 22:00:00,6809.262,6816.457,6808.098,6811.096,1798,178,0,1798
2024-02-14 23:00:00,6811.092,6813.589,6805.992,6812.808,1796,178,0,1796
2024-02-15 00:00:00,6812.558,6819.542,6808.515,6816.927,1797,178,0,1797
2024-02-15 01:00:00,6817.261,6820.547,6809.84,6815.365,1797,178,0,1797
2024-02-15 02:00:00,6815.646,6818.388,6812.641,6817.482,1796,178,0,1796
2024-02-15 03:00:00,6817.509,6835.854,6816.478,6835.854,1794,178,0,1794
2024-02-15 04:00:00,6835.963,6842.828,6829.214,6838.219,1794,178,0,1794
2024-02-15 05:00:00,6838.144,6846.3,6837.041,6842.875,1797,178,0,1797
2024-02-15 06:00:00,6842.734,6845.648,6832.553,6837.218,1797,178,0,1797
2024-02-15 07:00:00,6837.089,6844.367,6832.952,6834.14,1796,178,0,1796
2024-02-15 08:00:00,6834.103,6838.825,6831.342,6833.691,1797,178,0,1797
2024-02-15 09:00:00,6833.628,6836.587,6829.157,6834.858,1793,178,0,1793
2024-02-15 10:00:00,6834.997,6840.654,6827.127,6838.835,1796,178,0,1796
2024-02-15 11:00:00,6838.751,6838.836,6826.273,6828.154,1795,178,0,1795
2024-02-15 12:00:00,6828.198,6840.536,6828.198,6840.533,1798,178,0,1798
2024-02-15 13:00:00,6840.249,6843.579,6832.571,6834.153,1792,178,0,1792
2024-02-15 14:00:00,6833.847,6839.341,6829.6,6829.604,1795,178,0,1795
2024-02-15 15:00:00,6829.669,6830.37,6820.913,6829.278,1792,178,0,1792
2024-02-15 16:00:00,6828.955,6840.347,6824.198,6837.186,1795,178,0,1795
2024-02-15 17:00:00,6837.062,6845.272,6833.884,6843.99,1797,178,0,1797
2024-02-15 18:00:00,6843.918,6853.82,6842.49,6846.03,1797,178,0,1797
2024-02-15 19:00:00,6845.78,6848.877,6835.046,6836.281,1795,178,0,1795
2024-02-15 20:00:00,6835.962,6840.816,6831.587,6838.973,1799,178,0,1799
2024-02-15 21:00:00,6839.044,6841.688,6831.709,6834.849,1800,178,0,1800
2024-02-15 22:00:00,6835.073,6845.505,6833.925,6840.472,1799,178,0,1799
2024-02-15 23:00:00,6840.072,6845.273,6834.838,6836.866,1794,178,0,1794
2024-02-16 00:00:00,6837.17,6839.914,6832.851,6832.942,1795,178,0,1795
2024-02-16 01:00:00,6833.047,6845.651,6831.926,6842.155,1796,178,0,1796
2024-02-16 02:00:00,6842.34,6843.257,6834.126,6837.998,1798,178,0,1798
2024-02-16 03:00:00,6838.244,6852.393,6836.847,6850.331,1796,178,0,1796
2024-02-16 04:00:00,6850.522,6851.639,6840.512,6846.877,1797,178,0,1797
2024-02-16 05:00:00,6846.911,6852.207,6837.233,6838.973,1795,178,0,1795
2024-02-16 06:00:00,6839.164,6845.037,6833.458,6836.867,1797,178,0,1797
2024-02-16 07:00:00,6836.797,6842.09,6832.367,6834.976,1795,178,0,1795
2024-02-16 08:00:00,6834.955,6840.9,6833.882,6838.082,1797,178,0,1797
2024-02-16 09:00:00,6838.12,6847.272,6838.085,6844.954,1794,178,0,1794
2024-02-16 10:00:00,6845.031,6847.293,6836.436,6836.79,1793,178,0,1793
2024-02-16 11:00:00,6836.862,6842.416,6830.208,6830.821,1797,178,0,1797
2024-02-16 12:00:00,6830.478,6834.171,6825.662,6830.77,1796,178,0,1796
2024-02-16 13:00:00,6830.785,6837.228,6825.603,6831.187,1799,181,0,1799
2024-02-16 14:00:00,6831.252,6832.842,6822.409,6822.893,1798,181,0,1798
2024-02-16 15:00:00,6823.124,6827.814,6816.802,6821.486,1798,181,0,1798
2024-02-16 16:00:00,6821.625,6825.669,6816.46,6818.726,1795,181,0,1795
2024-02-16 17:00:00,6818.757,6828.868,6816.071,6827.58,1797,181,0,1797
2024-02-16 18:00:00,6827.664,6835.087,6823.689,6830.445,1796,181,0,1796
2024-02-16 19:00:00,6830.515,6834.183,6819.356,6824.584,1798,181,0,1798
2024-02-16 20:00:00,6824.569,6825.404,6808.744,6810.606,1798,181,0,1798
2024-02-16 21:00:00,6810.451,6812.339,6806.19,6807.834,1793,181,0,1793
2024-02-16 22:00:00,6807.796,6810.924,6800.515,6804.859,1798,181,0,1798
2024-02-16 23:00:00,6804.822,6809.556,6797.554,6808.16,1797,181,0,1797
2024-02-17 00:00:00,6808.165,6814.719,6807.002,6812.669,1797,181,0,1797
2024-02-17 01:00:00,6812.967,6816.384,6808.545,6809.202,1798,181,0,1798
2024-02-17 02:00:00,6809.4,6810.355,6798.493,6799.478,1793,181,0,1793
2024-02-17 03:00:00,6799.516,6803.954,6793.131,6797.818,1794,181,0,1794
2024-02-17 04:00:00,6797.829,6809.917,6796.254,6806.395,1793,181,0,1793
2024-02-17 05:00:00,6806.221,6809.039,6799.986,6806.186,1793,181,0,1793
2024-02-17 06:00:00,6806.182,6810.979,6796.634,6800.216,1790,181,0,1790
2024-02-17 07:00:00,6799.997,6800.261,6789.662,6792.652,1797,181,0,1797
2024-02-17 08:00:00,6792.903,6794.101,6785.952,6789.168,1796,181,0,1796
2024-02-17 09:00:00,6789.205,6793.176,6785.208,6789.194,1797,181,0,1797
2024-02-17 10:00:00,6789.037,6801.58,6788.091,6799.527,1796,181,0,1796
2024-02-17 11:00:00,6799.816,6805.95,6798.478,6805.054,1794,181,0,1794
2024-02-17 12:00:00,6805.061,6806.394,6798.093,6805.642,1798,181,0,1798
2024-02-17 13:00:00,6805.644,6811.786,6805.25,6811.178,1798,181,0,1798
2024-02-17 14:00:00,6811.289,6821.764,6810.556,6819.583,1796,181,0,1796
2024-02-17 15:00:00,6819.295,6821.466,6810.323,6817.168,1798,181,0,1798
2024-02-17 16:00:00,6816.878,6823.519,6813.618,6818.632,1798,181,0,1798
2024-02-17 17:00:00,6818.794,6818.872,6797.885,6798.419,1796,181,0,1796
2024-02-17 18:00:00,6798.716,6801.546,6791.923,6797.891,1799,181,0,1799
2024-02-17 19:00:00,6798.017,6800.104,6792.447,6797.46,1797,181,0,1797
2024-02-17 20:00:00,6796.964,6801.18,6793.042,6797.605,1792,181,0,1792
2024-02-17 21:00:00,6797.497,6799.913,6787.737,6787.927,1797,181,0,1797
2024-02-17 22:00:00,6787.94,6793.749,6783.621,6789.326,1791,181,0,1791
2024-02-17 23:00:00,6789.282,6801.914,6788.846,6790.441,1797,181,0,1797
2024-02-18 00:00:00,6790.559,6794.948,6785.679,6793.071,1793,181,0,1793
2024-02-18 01:00:00,6793.07,6797.527,6780.111,6783.433,1686,181,0,1686
2024-02-18 02:00:00,6783.476,6786.568,6776.122,6783.443,1794,181,0,1794
2024-02-18 03:00:00,6783.5,6787.724,6777.097,6783.628,1799,181,0,1799
2024-02-18 04:00:00,6783.59,6786.274,6775.0,6780.751,1795,181,0,1795
2024-02-18 05:00:00,6780.758,6791.89,6776.943,6791.576,1795,181,0,1795
2024-02-18 06:00:00,6791.326,6794.579,6779.64,6780.594,1796,181,0,1796
2024-02-18 07:00:00,6780.805,6781.575,6769.181,6771.345,1798,181,0,1798
2024-02-18 08:00:00,6771.498,6775.797,6764.992,6765.421,1799,181,0,1799
2024-02-18 09:00:00,6765.423,6770.271,6750.729,6753.971,1796,181,0,1796
2024-02-18 10:00:00,6754.255,6756.998,6745.127,6747.902,1796,181,0,1796
2024-02-18 11:00:00,6747.935,6749.958,6734.273,6737.95,1795,181,0,1795
2024-02-18 12:00:00,6737.914,6745.717,6736.598,6743.399,1795,181,0,1795
2024-02-18 13:00:00,6743.488,6750.472,6741.638,6746.269,1794,181,0,1794
2024-02-18 14:00:00,6746.095,6748.104,6735.789,6746.587,1795,181,0,1795
2024-02-18 15:00:00,6746.391,6756.436,6745.546,6754.925,1799,181,0,1799
2024-02-18 16:00:00,6754.572,6760.534,6746.955,6746.955,1796,181,0,1796
2024-02-18 17:00:00,6747.129,6748.089,6732.012,6732.389,1797,181,0,1797
2024-02-18 18:00:00,6732.527,6736.121,6724.246,6732.573,1795,181,0,1795
2024-02-18 19:00:00,6732.524,6733.791,6723.02,6730.512,1794,181,0,1794
2024-02-18 20:00:00,6730.435,6734.017,6725.861,6729.186,1797,181,0,1797
2024-02-18 21:00:00,6729.416,6736.92,6724.002,6736.92,1799,181,0,1799
2024-02-18 22:00:00,6736.983,6739.884,6730.535,6730.749,1798,181,0,1798
2024-02-18 23:00:00,6730.675,6739.462,6730.257,6735.572,1796,181,0,1796
2024-02-19 00:00:00,6735.894,6741.702,6733.626,6738.322,1794,181,0,1794
2024-02-19 01:00:00,6738.406,6741.933,6736.286,6737.292,1794,181,0,1794
2024-02-19 02:00:00,6737.26,6739.75,6732.745,6734.612,1796,181,0,1796
2024-02-19 03:00:00,6734.557,6740.967,6731.142,6740.483,1792,181,0,1792
2024-02-19 04:00:00,6740.404,6751.539,6737.846,6747.428,1795,181,0,1795
2024-02-19 05:00:00,6747.066,6748.447,6740.103,6741.047,1797,181,0,1797
2024-02-19 06:00:00,6740.903,6744.958,6735.953,6737.741,1797,181,0,1797
2024-02-19 07:00:00,6737.698,6753.345,6737.564,6744.975,1797,181,0,1797
2024-02-19 08:00:00,6745.045,6750.004,6736.84,6738.375,1797,181,0,1797
2024-02-19 09:00:00,6738.487,6750.123,6734.912,6747.706,1798,181,0,1798
2024-02-19 10:00:00,6747.611,6750.688,6743.411,6748.182,1793,181,0,1793
2024-02-19 11:00:00,6748.456,6754.977,6744.99,6754.038,1793,181,0,1793
2024-02-19 12:00:00,6754.167,6765.113,6752.261,6764.743,1795,181,0,1795
2024-02-19 13:00:00,6764.964,6768.195,6759.759,6760.273,1798,181,0,1798
2024-02-19 14:00:00,6760.433,6765.282,6757.949,6758.707,1795,181,0,1795
2024-02-19 15:00:00,6758.618,6763.906,6753.393,6756.322,1797,181,0,1797
2024-02-19 16:00:00,6756.328,6764.65,6753.42,6753.877,1796,181,0,1796
2024-02-19 17:00:00,6753.929,6766.168,6753.467,6764.879,1798,181,0,1798
2024-02-19 18:00:00,6764.812,6765.548,6752.769,6753.036,1798,181,0,1798
2024-02-19 19:00:00,6752.889,6760.54,6750.058,6751.428,1796,181,0,1796
2024-02-19 20:00:00,6751.482,6752.966,6735.948,6741.345,1797,181,0,1797
2024-02-19 21:00:00,6741.428,6747.397,6736.655,6742.502,1794,181,0,1794
2024-02-19 22:00:00,6742.464,6744.338,6735.178,6738.42,1793,181,0,1793
2024-02-19 23:00:00,6738.503,6748.301,6737.815,6742.506,1794,181,0,1794
2024-02-20 00:00:00,6742.458,6746.396,6734.287,6735.103,1797,181,0,1797
2024-02-20 01:00:00,6735.099,6736.637,6724.032,6728.462,1798,181,0,1798
2024-02-20 02:00:00,6729.066,6735.898,6728.167,6735.291,1799,181,0,1799
2024-02-20 03:00:00,6734.979,6742.363,6730.072,6738.972,1797,181,0,1797
2024-02-20 04:00:00,6739.054,6742.187,6733.447,6742.187,1799,181,0,1799
2024-02-20 05:00:00,6742.285,6749.824,6736.355,6747.621,1796,181,0,1796
2024-02-20 06:00:00,6747.59,6752.587,6740.284,6744.234,1795,181,0,1795
2024-02-20 07:00:00,6744.424,6749.215,6740.05,6748.517,1794,181,0,1794
2024-02-20 08:00:00,6748.561,6750.135,6732.814,6734.736,1795,181,0,1795
2024-02-20 09:00:00,6734.684,6740.178,6727.023,6732.388,1796,181,0,1796
2024-02-20 10:00:00,6732.576,6740.264,6728.992,6734.83,1798,181,0,1798
2024-02-20 11:00:00,6734.786,6742.714,6731.199,6736.807,1798,181,0,1798
2024-02-20 12:00:00,6736.934,6737.155,6731.436,6734.502,1795,181,0,1795
2024-02-20 13:00:00,6734.218,6738.461,6728.998,6733.553,1796,181,0,1796
2024-02-20 14:00:00,6733.525,6738.228,6728.454,6735.232,1796,181,0,1796
2024-02-20 15:00:00,6735.294,6735.692,6725.832,6726.68,1799,181,0,1799
2024-02-20 16:00:00,6726.418,6727.986,6714.759,6715.878,1794,181,0,1794
2024-02-20 17:00:00,6716.062,6720.527,6710.985,6711.573,1793,181,0,1793
2024-02-20 18:00:00,6711.602,6717.491,6708.61,6715.991,1795,181,0,1795
2024-02-20 19:00:00,6715.965,6719.452,6706.514,6707.416,1795,181,0,1795
2024-02-20 20:00:00,6707.372,6708.147,6695.071,6700.088,1797,181,0,1797
2024-02-20 21:00:00,6700.272,6701.781,6691.566,6691.727,1796,181,0,1796
2024-02-20 22:00:00,6691.736,6693.889,6685.846,6687.733,1797,181,0,1797
2024-02-20 23:00:00,6687.717,6695.38,6684.644,6693.474,1795,181,0,1795
2024-02-21 00:00:00,6693.466,6693.533,6684.832,6687.463,1794,181,0,1794
2024-02-21 01:00:00,6687.841,6688.973,6679.913,6682.98,1794,181,0,1794
2024-02-21 02:00:00,6682.715,6683.822,6676.946,6681.375,1797,181,0,1797
2024-02-21 03:00:00,6681.294,6684.023,6673.143,6675.11,1795,181,0,1795
2024-02-21 04:00:00,6675.325,6675.325,6653.171,6653.652,1796,181,0,1796
2024-02-21 05:00:00,6653.694,6656.126,6649.475,6653.783,1791,181,0,1791
2024-02-21 06:00:00,6653.689,6659.736,6650.055,6655.563,1798,181,0,1798
2024-02-21 07:00:00,6655.592,6656.227,6643.073,6650.898,1799,181,0,1799
2024-02-21 08:00:00,6650.934,6657.312,6649.946,6654.768,1796,181,0,1796
2024-02-21 09:00:00,6654.846,6661.182,6646.059,6646.202,1800,181,0,1800
2024-02-21 10:00:00,6646.463,6651.483,6642.964,6646.689,1797,181,0,1797
2024-02-21 11:00:00,6646.583,6649.993,6641.933,6647.805,1794,181,0,1794
2024-02-21 12:00:00,6647.523,6653.384,6644.416,6649.051,1798,181,0,1798
2024-02-21 13:00:00,6649.144,6655.141,6643.629,6646.564,1795,181,0,1795
2024-02-21 14:00:00,6646.545,6652.595,6644.563,6651.957,1796,181,0,1796
2024-02-21 15:00:00,6651.865,6659.254,6649.973,6657.297,1794,181,0,1794
2024-02-21 16:00:00,6657.292,6667.86,6656.751,6664.842,1797,181,0,1797
2024-02-21 17:00:00,6665.022,6672.771,6663.21,6671.688,1797,181,0,1797
2024-02-21 18:00:00,6671.79,6679.536,6665.469,6677.367,1796,181,0,1796
2024-02-21 19:00:00,6677.417,6678.698,6672.924,6674.933,1797,181,0,1797
2024-02-21 20:00:00,6675.081,6677.96,6671.07,6676.773,1798,181,0,1798
2024-02-21 21:00:00,6676.52,6684.546,6674.244,6681.411,1796,181,0,1796
2024-02-21 22:00:00,6681.224,6687.124,6679.037,6682.169,1792,181,0,1792
2024-02-21 23:00:00,6682.205,6689.433,6677.821,6688.709,1799,181,0,1799
2024-02-22 00:00:00,6688.566,6693.295,6680.378,6683.509,1796,181,0,1796
2024-02-22 01:00:00,6683.456,6684.002,6668.507,6672.541,1798,181,0,1798
2024-02-22 02:00:00,6672.532,6679.916,6669.644,6669.965,1799,181,0,1799
2024-02-22 03:00:00,6669.962,6684.848,6669.695,6682.975,1795,181,0,1795
2024-02-22 04:00:00,6683.136,6687.274,6677.568,6678.867,1791,181,0,1791
2024-02-22 05:00:00,6678.971,6686.689,6678.686,6682.442,1796,181,0,1796
2024-02-22 06:00:00,6682.647,6685.891,6672.954,6683.873,1797,181,0,1797
2024-02-22 07:00:00,6683.858,6686.719,6681.008,6683.139,1796,181,0,1796
2024-02-22 08:00:00,6683.251,6686.525,6674.85,6675.348,1795,181,0,1795
2024-02-22 09:00:00,6675.635,6686.786,6675.635,6683.085,1796,181,0,1796
2024-02-22 10:00:00,6683.143,6694.651,6682.999,6692.408,1796,181,0,1796
2024-02-22 11:00:00,6692.397,6701.36,6692.258,6700.752,1797,181,0,1797
2024-02-22 12:00:00,6700.747,6706.066,6694.55,6699.99,1798,181,0,1798
2024-02-22 13:00:00,6699.946,6701.313,6686.378,6691.363,1792,181,0,1792
2024-02-22 14:00:00,6691.075,6691.075,6682.88,6685.084,1795,181,0,1795
2024-02-22 15:00:00,6685.445,6692.16,6681.271,6683.283,1797,181,0,1797
2024-02-22 16:00:00,6683.411,6688.28,6674.793,6681.987,1796,181,0,1796
2024-02-22 17:00:00,6682.083,6687.534,6677.479,6679.428,1797,181,0,1797
2024-02-22 18:00:00,6679.193,6681.828,6672.093,6681.031,1799,181,0,1799
2024-02-22 19:00:00,6681.134,6689.659,6680.329,6688.562,1796,181,0,1796
2024-02-22 20:00:00,6688.751,6698.016,6688.155,6693.346,1798,181,0,1798
2024-02-22 21:00:00,6693.205,6698.031,6691.252,6696.067,1797,181,0,1797
2024-02-22 22:00:00,6696.311,6703.356,6695.812,6703.356,1796,181,0,1796
2024-02-22 23:00:00,6703.344,6725.318,6703.195,6719.871,1797,181,0,1797
2024-02-23 00:00:00,6720.09,6723.229,6713.192,6717.792,1797,181,0,1797
2024-02-23 01:00:00,6717.85,6724.548,6715.384,6724.365,1797,181,0,1797
2024-02-23 02:00:00,6724.779,6727.107,6712.586,6712.762,1794,181,0,1794
2024-02-23 03:00:00,6712.71,6717.235,6706.363,6706.438,1791,181,0,1791
2024-02-23 04:00:00,6706.445,6706.542,6699.86,6702.426,1796,181,0,1796
2024-02-23 05:00:00,6702.601,6711.501,6700.681,6707.809,1794,181,0,1794
2024-02-23 06:00:00,6707.694,6716.928,6705.956,6710.113,1797,181,0,1797
2024-02-23 07:00:00,6710.114,6718.804,6707.338,6716.256,1795,181,0,1795
2024-02-23 08:00:00,6716.474,6721.261,6708.83,6716.558,1798,181,0,1798
2024-02-23 09:00:00,6716.584,6724.256,6713.966,6720.034,1798,181,0,1798
2024-02-23 10:00:00,6719.964,6733.147,6718.306,6726.109,1798,181,0,1798
2024-02-23 11:00:00,6726.091,6729.361,6720.943,6726.726,1797,181,0,1797
2024-02-23 12:00:00,6726.545,6726.788,6707.441,6707.441,1797,178,0,1797
2024-02-23 13:00:00,6707.409,6712.73,6702.91,6711.849,1798,178,0,1798
2024-02-23 14:00:00,6711.878,6716.502,6709.718,6715.092,1796,178,0,1796
2024-02-23 15:00:00,6715.136,6718.326,6711.426,6715.284,1795,178,0,1795
2024-02-23 16:00:00,6715.327,6724.705,6715.226,6724.352,1795,178,0,1795
2024-02-23 17:00:00,6724.384,6733.08,6723.75,6730.038,1798,178,0,1798
2024-02-23 18:00:00,6730.313,6735.062,6727.137,6733.542,1799,178,0,1799
2024-02-23 19:00:00,6733.458,6735.392,6724.426,6728.784,1796,178,0,1796
2024-02-23 20:00:00,6728.705,6733.31,6723.332,6726.882,1795,178,0,1795
2024-02-23 21:00:00,6727.071,6730.669,6721.771,6726.399,1796,178,0,1796
2024-02-23 22:00:00,6726.559,6730.22,6721.856,6723.905,1795,178,0,1795
2024-02-23 23:00:00,6724.222,6729.663,6721.512,6724.195,1793,178,0,1793
2024-02-24 00:00:00,6724.26,6725.798,6714.993,6719.491,1796,178,0,1796
2024-02-24 01:00:00,6719.226,6725.562,6714.608,6721.037,1794,178,0,1794
2024-02-24 02:00:00,6721.148,6724.806,6715.282,6722.476,1796,178,0,1796
2024-02-24 03:00:00,6722.458,6735.564,6720.847,6734.342,1798,178,0,1798
2024-02-24 04:00:00,6734.303,6751.227,6734.255,6748.653,1798,178,0,1798
2024-02-24 05:00:00,6748.573,6760.25,6743.194,6749.713,1796,178,0,1796
2024-02-24 06:00:00,6749.53,6752.09,6744.895,6751.649,1798,178,0,1798
2024-02-24 07:00:00,6751.916,6760.641,6749.329,6751.331,1795,178,0,1795
2024-02-24 08:00:00,6751.1,6763.559,6749.09,6758.858,1797,178,0,1797
2024-02-24 09:00:00,6758.909,6762.688,6752.699,6755.076,1797,178,0,1797
2024-02-24 10:00:00,6755.198,6765.686,6750.798,6764.594,1796,178,0,1796
2024-02-24 11:00:00,6764.702,6767.23,6757.623,6760.086,1790,178,0,1790
2024-02-24 12:00:00,6759.997,6765.024,6754.882,6760.651,1796,178,0,1796
2024-02-24 13:00:00,6760.774,6763.024,6755.085,6761.386,1797,178,0,1797
2024-02-24 14:00:00,6761.276,6770.122,6759.228,6767.742,1798,178,0,1798
2024-02-24 15:00:00,6767.9,6767.984,6757.779,6757.845,1796,178,0,1796
2024-02-24 16:00:00,6757.93,6761.775,6752.365,6753.02,1795,178,0,1795
2024-02-24 17:00:00,6752.969,6757.154,6748.641,6754.079,1797,178,0,1797
2024-02-24 18:00:00,6754.133,6756.714,6746.789,6752.083,1797,178,0,1797
2024-02-24 19:00:00,6751.834,6754.912,6748.282,6753.032,1798,178,0,1798
2024-02-24 20:00:00,6753.083,6755.17,6743.574,6744.596,1798,178,0,1798
2024-02-24 21:00:00,6744.695,6745.02,6725.96,6727.906,1798,178,0,1798
2024-02-24 22:00:00,6727.765,6730.053,6720.677,6720.677,1796,178,0,1796
2024-02-24 23:00:00,6720.524,6724.935,6716.154,6720.871,1795,178,0,1795
2024-02-25 00:00:00,6720.754,6738.683,6717.408,6738.683,1794,178,0,1794
2024-02-25 01:00:00,6738.472,6748.186,6732.359,6737.668,1796,178,0,1796
2024-02-25 02:00:00,6737.637,6742.318,6732.66,6736.325,1789,178,0,1789
2024-02-25 03:00:00,6736.555,6741.752,6730.14,6736.121,1798,178,0,1798
2024-02-25 04:00:00,6736.402,6737.045,6725.459,6727.519,1795,178,0,1795
2024-02-25 05:00:00,6727.424,6727.424,6711.876,6712.234,1796,178,0,1796
2024-02-25 06:00:00,6712.009,6718.589,6704.41,6716.645,1796,178,0,1796
2024-02-25 07:00:00,6716.512,6718.631,6710.52,6710.984,1797,178,0,1797
2024-02-25 08:00:00,6710.926,6716.033,6710.057,6715.823,1795,178,0,1795
2024-02-25 09:00:00,6716.184,6728.452,6715.398,6719.71,1795,178,0,1795
2024-02-25 10:00:00,6719.485,6728.161,6714.587,6728.161,1799,178,0,1799
2024-02-25 11:00:00,6728.261,6729.089,6718.129,6718.272,1794,178,0,1794
2024-02-25 12:00:00,6718.125,6722.687,6715.754,6720.993,1797,178,0,1797
2024-02-25 13:00:00,6720.842,6726.579,6715.852,6725.469,1799,178,0,1799
2024-02-25 14:00:00,6725.389,6726.667,6719.239,6719.924,1795,178,0,1795
2024-02-25 15:00:00,6720.037,6731.019,6720.037,6730.99,1791,178,0,1791
2024-02-25 16:00:00,6730.792,6735.029,6728.124,6733.573,1797,178,0,1797
2024-02-25 17:00:00,6733.697,6743.741,6732.431,6739.452,1794,178,0,1794
2024-02-25 18:00:00,6739.289,6750.111,6737.485,6747.888,1794,178,0,1794
2024-02-25 19:00:00,6748.198,6748.619,6741.514,6744.106,1795,178,0,1795
2024-02-25 20:00:00,6744.234,6749.872,6739.543,6748.96,1796,178,0,1796
2024-02-25 21:00:00,6748.838,6757.277,6748.024,6749.392,1799,178,0,1799
2024-02-25 22:00:00,6749.537,6754.024,6745.624,6747.897,1795,178,0,1795
2024-02-25 23:00:00,6747.964,6749.566,6742.334,6744.473,1799,178,0,1799
2024-02-26 00:00:00,6744.337,6750.17,6743.039,6745.053,1796,178,0,1796
2024-02-26 01:00:00,6744.786,6752.721,6740.61,6752.182,1795,178,0,1795
2024-02-26 02:00:00,6752.277,6766.675,6751.767,6764.687,1794,178,0,1794
2024-02-26 03:00:00,6764.721,6767.289,6754.356,6762.867,1796,178,0,1796
2024-02-26 04:00:00,6763.207,6765.199,6757.809,6759.935,1794,178,0,1794
2024-02-26 05:00:00,6759.532,6766.5,6755.774,6760.793,1794,178,0,1794
2024-02-26 06:00:00,6760.753,6764.632,6757.928,6764.425,1795,178,0,1795
2024-02-26 07:00:00,6764.446,6766.035,6756.101,6764.632,1796,178,0,1796
2024-02-26 08:00:00,6764.787,6766.535,6751.097,6757.838,1792,178,0,1792
2024-02-26 09:00:00,6757.891,6759.977,6750.536,6754.042,1798,178,0,1798
2024-02-26 10:00:00,6753.812,6761.644,6750.274,6754.224,1796,178,0,1796
2024-02-26 11:00:00,6754.301,6760.091,6749.947,6757.956,1797,178,0,1797
2024-02-26 12:00:00,6757.867,6768.66,6754.623,6766.817,1797,178,0,1797
2024-02-26 13:00:00,6766.954,6770.586,6757.712,6761.715,1796,178,0,1796
2024-02-26 14:00:00,6761.841,6775.889,6759.632,6771.459,1796,178,0,1796
2024-02-26 15:00:00,6771.309,6777.942,6769.508,6770.993,1796,178,0,1796
2024-02-26 16:00:00,6771.14,6773.882,6758.872,6759.049,1793,178,0,1793
2024-02-26 17:00:00,6758.809,6761.214,6750.367,6754.986,1792,178,0,1792
2024-02-26 18:00:00,6755.011,6756.474,6746.11,6754.621,1795,178,0,1795
2024-02-26 19:00:00,6754.694,6759.349,6751.307,6751.926,1796,178,0,1796
2024-02-26 20:00:00,6751.735,6754.826,6746.676,6749.493,1792,178,0,1792
2024-02-26 21:00:00,6749.221,6749.221,6737.989,6742.479,1800,178,0,1800
2024-02-26 22:00:00,6742.452,6744.832,6734.356,6736.04,1796,178,0,1796
2024-02-26 23:00:00,6736.099,6743.617,6734.301,6742.129,1798,178,0,1798
2024-02-27 00:00:00,6742.008,6744.667,6734.213,6737.479,1799,178,0,1799
2024-02-27 01:00:00,6737.408,6745.683,6737.233,6742.255,1797,178,0,1797
2024-02-27 02:00:00,6742.184,6743.59,6730.521,6731.463,1794,178,0,1794
2024-02-27 03:00:00,6731.39,6740.525,6731.39,6738.921,1798,178,0,1798
2024-02-27 04:00:00,6738.99,6753.13,6738.742,6747.83,1798,178,0,1798
2024-02-27 05:00:00,6747.744,6766.23,6745.512,6761.248,1795,178,0,1795
2024-02-27 06:00:00,6761.189,6768.75,6760.062,6764.063,1791,178,0,1791
2024-02-27 07:00:00,6764.134,6766.761,6759.254,6766.26,1796,178,0,1796
2024-02-27 08:00:00,6766.013,6769.919,6760.257,6761.126,1796,178,0,1796
2024-02-27 09:00:00,6760.869,6764.394,6752.98,6752.98,1796,178,0,1796
2024-02-27 10:00:00,6753.032,6753.416,6741.046,6742.554,1798,178,0,1798
2024-02-27 11:00:00,6742.481,6742.995,6732.433,6734.474,1793,178,0,1793
2024-02-27 12:00:00,6734.751,6735.616,6725.607,6727.023,1794,178,0,1794
2024-02-27 13:00:00,6726.949,6728.418,6720.22,6726.596,1796,178,0,1796
2024-02-27 14:00:00,6726.558,6735.73,6721.768,6721.903,1794,178,0,1794
2024-02-27 15:00:00,6721.634,6727.66,6716.595,6723.538,1795,178,0,1795
2024-02-27 16:00:00,6723.551,6724.053,6715.421,6722.541,1798,178,0,1798
2024-02-27 17:00:00,6722.613,6728.945,6714.442,6716.228,1798,178,0,1798
2024-02-27 18:00:00,6716.444,6717.572,6707.923,6709.008,1798,178,0,1798
2024-02-27 19:00:00,6709.271,6714.835,6706.503,6713.582,1794,178,0,1794
2024-02-27 20:00:00,6713.613,6715.63,6701.994,6702.625,1796,178,0,1796
2024-02-27 21:00:00,6702.413,6708.944,6699.465,6699.908,1798,178,0,1798
2024-02-27 22:00:00,6699.692,6701.87,6693.32,6699.243,1798,178,0,1798
2024-02-27 23:00:00,6699.448,6710.519,6699.448,6706.256,1793,178,0,1793
2024-02-28 00:00:00,6706.382,6712.581,6704.227,6706.094,1795,178,0,1795
2024-02-28 01:00:00,6705.897,6708.474,6699.598,6707.676,1793,178,0,1793
2024-02-28 02:00:00,6707.709,6723.292,6707.046,6722.954,1796,178,0,1796
2024-02-28 03:00:00,6722.597,6731.516,6722.091,6724.181,1796,178,0,1796
2024-02-28 04:00:00,6724.318,6737.776,6721.151,6735.35,1792,178,0,1792
2024-02-28 05:00:00,6735.437,6739.541,6731.253,6735.349,1792,178,0,1792
2024-02-28 06:00:00,6735.386,6735.798,6728.816,6733.432,1794,178,0,1794
2024-02-28 07:00:00,6733.13,6735.361,6723.707,6728.505,1799,178,0,1799
2024-02-28 08:00:00,6728.803,6734.028,6725.626,6732.941,1797,178,0,1797
2024-02-28 09:00:00,6732.961,6734.922,6722.013,6727.645,1795,178,0,1795
2024-02-28 10:00:00,6727.714,6734.113,6725.28,6727.902,1796,178,0,1796
2024-02-28 11:00:00,6727.894,6738.26,6726.298,6728.305,1793,178,0,1793
2024-02-28 12:00:00,6728.316,6733.935,6721.948,6723.236,1793,178,0,1793
2024-02-28 13:00:00,6723.395,6728.479,6715.336,6725.811,1796,178,0,1796
2024-02-28 14:00:00,6725.747,6738.175,6725.077,6734.402,1794,178,0,1794
2024-02-28 15:00:00,6734.423,6735.494,6725.077,6725.969,1794,178,0,1794
2024-02-28 16:00:00,6726.41,6728.979,6711.337,6712.184,1798,178,0,1798
2024-02-28 17:00:00,6711.947,6719.014,6708.826,6717.166,1795,178,0,1795
2024-02-28 18:00:00,6717.065,6719.247,6711.025,6713.58,1797,178,0,1797
2024-02-28 19:00:00,6713.668,6724.113,6712.829,6722.272,1797,178,0,1797
2024-02-28 20:00:00,6722.425,6724.901,6719.343,6722.403,1794,178,0,1794
2024-02-28 21:00:00,6722.483,6724.626,6717.164,6723.806,1795,178,0,1795
2024-02-28 22:00:00,6723.78,6742.512,6723.2,6738.975,1797,178,0,1797
2024-02-28 23:00:00,6739.106,6751.853,6735.238,6751.411,1798,178,0,1798
2024-02-29 00:00:00,6751.589,6758.608,6749.559,6752.853,1797,178,0,1797
2024-02-29 01:00:00,6753.094,6757.397,6744.123,6744.123,1797,178,0,1797
2024-02-29 02:00:00,6744.05,6751.338,6742.501,6748.788,1794,178,0,1794
2024-02-29 03:00:00,6748.843,6754.195,6741.061,6742.921,1796,178,0,1796
2024-02-29 04:00:00,6742.744,6756.705,6742.534,6754.049,1796,178,0,1796
2024-02-29 05:00:00,6753.921,6758.175,6748.978,6750.96,1794,178,0,1794
2024-02-29 06:00:00,6751.008,6753.818,6745.212,6750.315,1797,178,0,1797
2024-02-29 07:00:00,6750.191,6761.276,6749.39,6761.276,1795,178,0,1795
2024-02-29 08:00:00,6761.367,6766.294,6758.582,6759.136,1797,178,0,1797
2024-02-29 09:00:00,6759.072,6775.726,6756.565,6775.562,1792,178,0,1792
2024-02-29 10:00:00,6775.739,6778.363,6770.839,6773.099,1792,178,0,1792
2024-02-29 11:00:00,6773.322,6775.833,6761.669,6763.815,1797,178,0,1797
2024-02-29 12:00:00,6763.754,6763.754,6756.08,6762.75,1798,178,0,1798
2024-02-29 13:00:00,6762.593,6766.747,6759.971,6762.23,1798,178,0,1798
2024-02-29 14:00:00,6762.46,6763.775,6739.507,6741.477,1795,178,0,1795
2024-02-29 15:00:00,6741.579,6742.455,6732.05,6740.59,1794,178,0,1794
2024-02-29 16:00:00,6740.626,6741.453,6724.148,6724.148,1796,178,0,1796
2024-02-29 17:00:00,6724.321,6726.319,6711.597,6713.91,1798,178,0,1798
2024-02-29 18:00:00,6714.189,6718.746,6706.827,6708.04,1796,178,0,1796
2024-02-29 19:00:00,6708.003,6711.744,6700.252,6705.394,1799,178,0,1799
2024-02-29 20:00:00,6705.597,6716.01,6703.132,6713.68,1797,178,0,1797
2024-02-29 21:00:00,6713.658,6714.149,6701.645,6704.145,1796,178,0,1796
2024-02-29 22:00:00,6704.212,6705.348,6689.889,6692.689,1798,178,0,1798
2024-02-29 23:00:00,6692.667,6694.628,6685.457,6685.896,1797,178,0,1797
2024-03-01 00:00:00,6685.779,6700.792,6682.701,6699.535,1797,178,0,1797
2024-03-01 01:00:00,6699.303,6699.905,6693.096,6697.451,1795,178,0,1795
2024-03-01 02:00:00,6697.566,6705.352,6695.803,6704.387,1797,178,0,1797
2024-03-01 03:00:00,6704.328,6709.728,6698.71,6704.412,1796,178,0,1796
2024-03-01 04:00:00,6704.378,6710.419,6700.475,6701.5,1796,178,0,1796
2024-03-01 05:00:00,6701.766,6708.235,6692.626,6696.447,1798,178,0,1798
2024-03-01 06:00:00,6696.178,6715.249,6694.992,6714.767,1796,178,0,1796
2024-03-01 07:00:00,6714.794,6715.461,6707.607,6709.851,1798,178,0,1798
2024-03-01 08:00:00,6710.164,6717.699,6704.083,6717.377,1797,178,0,1797
2024-03-01 09:00:00,6717.535,6726.42,6711.45,6723.179,1795,178,0,1795
2024-03-01 10:00:00,6723.245,6726.199,6714.702,6717.543,1797,178,0,1797
2024-03-01 11:00:00,6717.551,6731.968,6715.279,6731.096,1797,178,0,1797
2024-03-01 12:00:00,6731.095,6735.625,6727.265,6734.08,1797,178,0,1797
2024-03-01 13:00:00,6734.274,6741.141,6733.754,6737.406,1797,178,0,1797
2024-03-01 14:00:00,6737.505,6743.495,6736.369,6736.617,1798,178,0,1798
2024-03-01 15:00:00,6736.849,6739.546,6733.252,6735.084,1798,178,0,1798
2024-03-01 16:00:00,6735.184,6738.356,6727.776,6738.138,1798,178,0,1798
2024-03-01 17:00:00,6738.08,6743.896,6737.046,6740.448,1793,178,0,1793
2024-03-01 18:00:00,6740.388,6749.917,6739.893,6747.025,1798,178,0,1798
2024-03-01 19:00:00,6747.206,6747.848,6739.469,6744.769,1798,178,0,1798
2024-03-01 20:00:00,6745.018,6749.974,6741.01,6746.197,1799,178,0,1799
2024-03-01 21:00:00,6746.262,6753.98,6742.749,6743.237,1796,178,0,1796
2024-03-01 22:00:00,6743.291,6745.423,6737.38,6744.968,1794,178,0,1794
2024-03-01 23:00:00,6744.861,6746.557,6730.139,6730.139,1794,178,0,1794
2024-03-02 00:00:00,6729.957,6737.491,6728.541,6733.113,1795,178,0,1795
2024-03-02 01:00:00,6732.837,6733.394,6726.95,6730.198,1794,178,0,1794
2024-03-02 02:00:00,6730.059,6735.993,6727.284,6732.936,1797,178,0,1797
2024-03-02 03:00:00,6732.765,6740.887,6732.316,6736.183,1797,178,0,1797
2024-03-02 04:00:00,6736.473,6737.93,6728.261,6730.326,1796,178,0,1796
2024-03-02 05:00:00,6730.472,6731.394,6720.603,6720.782,1800,178,0,1800
2024-03-02 06:00:00,6720.412,6733.436,6714.904,6731.701,1794,178,0,1794
2024-03-02 07:00:00,6731.638,6734.942,6727.471,6728.332,1798,178,0,1798
2024-03-02 08:00:00,6728.301,6741.185,6723.365,6735.875,1798,178,0,1798
2024-03-02 09:00:00,6735.843,6736.536,6728.872,6734.989,1800,178,0,1800
2024-03-02 10:00:00,6735.202,6740.204,6730.865,6734.868,1796,178,0,1796
2024-03-02 11:00:00,6734.508,6742.056,6727.26,6730.402,1798,178,0,1798
2024-03-02 12:00:00,6730.608,6732.403,6722.753,6725.29,1798,178,0,1798
2024-03-02 13:00:00,6725.525,6734.85,6721.344,6731.461,1791,178,0,1791
2024-03-02 14:00:00,6731.537,6734.64,6721.347,6723.187,1794,178,0,1794
2024-03-02 15:00:00,6722.894,6730.977,6722.321,6722.321,1795,178,0,1795
2024-03-02 16:00:00,6722.307,6725.299,6716.773,6720.43,1797,178,0,1797
2024-03-02 17:00:00,6720.563,6725.104,6715.811,6716.517,1795,178,0,1795
2024-03-02 18:00:00,6716.45,6719.939,6709.893,6717.218,1793,178,0,1793
2024-03-02 19:00:00,6717.147,6717.147,6704.653,6705.765,1795,178,0,1795
2024-03-02 20:00:00,6706.02,6710.574,6699.283,6702.048,1793,178,0,1793
2024-03-02 21:00:00,6701.697,6710.571,6701.258,6703.762,1796,178,0,1796
2024-03-02 22:00:00,6703.677,6705.086,6692.74,6694.785,1796,178,0,1796
2024-03-02 23:00:00,6694.598,6703.106,6692.285,6698.366,1789,178,0,1789
2024-03-03 00:00:00,6698.103,6704.92,6690.01,6693.127,1793,178,0,1793
2024-03-03 01:00:00,6692.945,6697.981,6690.871,6695.236,1798,178,0,1798
2024-03-03 02:00:00,6695.149,6700.938,6688.494,6691.731,1794,178,0,1794
2024-03-03 03:00:00,6691.63,6695.708,6684.241,6687.969,1799,178,0,1799
2024-03-03 04:00:00,6687.723,6687.738,6674.503,6679.81,1799,178,0,1799
2024-03-03 05:00:00,6680.008,6684.94,6678.986,6681.104,1796,178,0,1796
2024-03-03 06:00:00,6680.866,6683.553,6662.812,6665.449,1796,178,0,1796
2024-03-03 07:00:00,6665.646,6682.541,6665.615,6677.745,1794,178,0,1794
2024-03-03 08:00:00,6677.785,6682.452,6672.262,6675.57,1791,178,0,1791
2024-03-03 09:00:00,6675.693,6683.6,6672.92,6678.089,1797,178,0,1797
2024-03-03 10:00:00,6678.064,6687.101,6677.401,6681.596,1793,178,0,1793
2024-03-03 11:00:00,6681.472,6693.393,6678.355,6692.075,1798,178,0,1798
2024-03-03 12:00:00,6692.298,6695.557,6689.144,6690.843,1798,178,0,1798
2024-03-03 13:00:00,6690.928,6700.962,6687.72,6697.441,1796,178,0,1796
2024-03-03 14:00:00,6697.329,6702.503,6694.76,6696.364,1796,178,0,1796
2024-03-03 15:00:00,6696.462,6702.808,6689.476,6694.031,1795,178,0,1795
2024-03-03 16:00:00,6694.144,6701.517,6692.593,6695.284,1795,178,0,1795
2024-03-03 17:00:00,6695.319,6700.375,6690.579,6697.711,1796,178,0,1796
2024-03-03 18:00:00,6697.616,6697.628,6683.963,6686.0,1798,178,0,1798
2024-03-03 19:00:00,6685.974,6696.172,6685.884,6691.624,1798,178,0,1798
2024-03-03 20:00:00,6691.57,6697.291,6685.734,6692.69,1799,178,0,1799
2024-03-03 21:00:00,6692.774,6696.791,6683.821,6694.272,1797,178,0,1797
2024-03-03 22:00:00,6694.606,6699.482,6685.615,6696.123,1794,178,0,1794
2024-03-03 23:00:00,6696.037,6706.158,6693.124,6703.034,1794,178,0,1794
2024-03-04 00:00:00,6703.081,6714.258,6701.593,6713.682,1795,178,0,1795
2024-03-04 01:00:00,6713.809,6724.029,6713.193,6721.925,1795,178,0,1795
2024-03-04 02:00:00,6722.149,6732.924,6720.762,6728.342,1797,178,0,1797
2024-03-04 03:00:00,6728.127,6731.314,6722.203,6725.01,1793,178,0,1793
2024-03-04 04:00:00,6725.084,6733.851,6723.871,6729.576,1795,178,0,1795
2024-03-04 05:00:00,6729.432,6732.78,6724.308,6725.693,1799,178,0,1799
2024-03-04 06:00:00,6725.578,6730.983,6722.697,6729.296,1796,178,0,1796
2024-03-04 07:00:00,6729.139,6731.254,6717.653,6718.549,1791,178,0,1791
2024-03-04 08:00:00,6718.446,6720.926,6707.939,6708.263,1799,178,0,1799
2024-03-04 09:00:00,6708.203,6716.48,6708.167,6714.135,1798,178,0,1798
2024-03-04 10:00:00,6714.113,6717.991,6710.934,6713.207,1796,178,0,1796
2024-03-04 11:00:00,6713.332,6730.493,6712.111,6729.914,1797,178,0,1797
2024-03-04 12:00:00,6730.252,6741.924,6728.615,6737.998,1796,178,0,1796
2024-03-04 13:00:00,6737.955,6743.747,6736.583,6740.498,1796,178,0,1796
2024-03-04 14:00:00,6740.464,6742.623,6734.45,6736.532,1797,178,0,1797
2024-03-04 15:00:00,6736.221,6739.851,6728.646,6737.017,1799,178,0,1799
2024-03-04 16:00:00,6737.066,6739.37,6732.53,6735.916,1795,178,0,1795
2024-03-04 17:00:00,6735.708,6737.094,6724.804,6724.95,1798,178,0,1798
2024-03-04 18:00:00,6725.283,6725.578,6714.451,6719.697,1795,178,0,1795
2024-03-04 19:00:00,6719.65,6721.529,6712.584,6719.307,1793,178,0,1793
2024-03-04 20:00:00,6719.008,6728.943,6719.008,6727.488,1796,178,0,1796
2024-03-04 21:00:00,6727.349,6731.776,6720.623,6722.893,1793,178,0,1793
2024-03-04 22:00:00,6722.74,6728.537,6718.929,6726.871,1799,178,0,1799
2024-03-04 23:00:00,6726.784,6734.572,6726.461,6733.801,1793,178,0,1793
2024-03-05 00:00:00,6733.537,6734.11,6722.399,6728.52,1796,178,0,1796
2024-03-05 01:00:00,6728.384,6734.972,6727.313,6734.972,1790,178,0,1790
2024-03-05 02:00:00,6735.104,6740.093,6731.245,6736.533,1796,178,0,1796
2024-03-05 03:00:00,6736.627,6747.221,6732.406,6744.908,1794,178,0,1794
2024-03-05 04:00:00,6744.769,6754.807,6740.77,6751.14,1793,178,0,1793
2024-03-05 05:00:00,6751.012,6762.134,6750.384,6760.574,1794,178,0,1794
2024-03-05 06:00:00,6760.579,6762.232,6748.472,6749.761,1798,178,0,1798
2024-03-05 07:00:00,6749.678,6750.46,6741.085,6745.025,1798,178,0,1798
2024-03-05 08:00:00,6745.016,6749.55,6741.639,6744.168,1798,178,0,1798
2024-03-05 09:00:00,6744.225,6750.393,6742.371,6745.211,1794,178,0,1794
2024-03-05 10:00:00,6745.485,6749.177,6740.268,6744.66,1799,178,0,1799
2024-03-05 11:00:00,6744.463,6752.039,6740.944,6748.378,1794,178,0,1794
2024-03-05 12:00:00,6748.398,6752.463,6739.17,6739.287,1794,178,0,1794
2024-03-05 13:00:00,6739.252,6747.498,6736.856,6747.157,1798,178,0,1798
2024-03-05 14:00:00,6747.299,6766.18,6747.299,6762.907,1798,178,0,1798
2024-03-05 15:00:00,6762.998,6769.276,6761.431,6762.856,1796,178,0,1796
2024-03-05 16:00:00,6762.893,6763.554,6754.5,6757.731,1797,178,0,1797
2024-03-05 17:00:00,6757.808,6759.042,6743.38,6744.152,1792,178,0,1792
2024-03-05 18:00:00,6744.122,6745.66,6737.3,6741.545,1793,178,0,1793
2024-03-05 19:00:00,6741.657,6743.745,6727.834,6727.851,1795,178,0,1795
2024-03-05 20:00:00,6727.487,6733.252,6721.597,6724.466,1798,178,0,1798
2024-03-05 21:00:00,6724.176,6726.33,6716.859,6719.974,1799,178,0,1799
2024-03-05 22:00:00,6719.97,6721.282,6706.55,6707.325,1800,178,0,1800
2024-03-05 23:00:00,6707.193,6713.002,6700.927,6710.058,1792,178,0,1792
2024-03-06 00:00:00,6710.3,6712.593,6697.578,6701.177,1791,178,0,1791
2024-03-06 01:00:00,6701.077,6701.343,6690.864,6690.864,1792,178,0,1792
2024-03-06 02:00:00,6690.862,6706.83,6690.577,6704.633,1792,178,0,1792
2024-03-06 03:00:00,6704.524,6706.521,6699.132,6705.651,1795,178,0,1795
2024-03-06 04:00:00,6705.707,6711.999,6704.604,6706.867,1793,178,0,1793
2024-03-06 05:00:00,6706.96,6710.845,6702.884,6709.915,1797,178,0,1797
2024-03-06 06:00:00,6709.748,6710.558,6702.006,6707.491,1796,178,0,1796
2024-03-06 07:00:00,6707.639,6712.375,6703.584,6703.608,1796,178,0,1796
2024-03-06 08:00:00,6703.384,6707.754,6696.6,6698.671,1792,178,0,1792
2024-03-06 09:00:00,6698.525,6704.161,6697.264,6701.385,1795,178,0,1795
2024-03-06 10:00:00,6701.358,6703.667,6695.915,6697.485,1799,178,0,1799
2024-03-06 11:00:00,6697.36,6699.712,6692.036,6696.985,1798,178,0,1798
2024-03-06 12:00:00,6697.052,6713.05,6695.475,6705.425,1790,178,0,1790
2024-03-06 13:00:00,6705.588,6707.534,6698.006,6702.769,1796,178,0,1796
2024-03-06 14:00:00,6702.817,6707.778,6700.27,6701.678,1798,178,0,1798
2024-03-06 15:00:00,6701.653,6710.413,6700.378,6702.564,1800,178,0,1800
2024-03-06 16:00:00,6702.478,6703.657,6693.894,6697.563,1794,178,0,1794
2024-03-06 17:00:00,6697.61,6703.78,6695.932,6699.216,1796,178,0,1796
2024-03-06 18:00:00,6699.11,6699.82,6684.209,6690.286,1793,178,0,1793
2024-03-06 19:00:00,6690.121,6692.976,6680.826,6685.005,1795,178,0,1795
2024-03-06 20:00:00,6685.127,6685.598,6677.746,6680.0,1795,178,0,1795
2024-03-06 21:00:00,6679.857,6684.875,6676.064,6678.477,1798,178,0,1798
2024-03-06 22:00:00,6678.431,6687.804,6678.225,6685.313,1795,178,0,1795
2024-03-06 23:00:00,6685.312,6686.248,6677.321,6682.032,1798,178,0,1798
2024-03-07 00:00:00,6682.199,6683.45,6672.596,6676.479,1792,178,0,1792
2024-03-07 01:00:00,6676.627,6679.297,6664.34,6665.853,1795,178,0,1795
2024-03-07 02:00:00,6665.971,6667.479,6656.099,6658.808,1794,178,0,1794
2024-03-07 03:00:00,6658.637,6659.802,6652.438,6656.348,1789,178,0,1789
2024-03-07 04:00:00,6656.495,6657.708,6646.008,6646.351,1798,178,0,1798
2024-03-07 05:00:00,6646.257,6653.659,6644.006,6650.054,1797,178,0,1797
2024-03-07 06:00:00,6650.03,6653.381,6646.505,6649.429,1798,178,0,1798
2024-03-07 07:00:00,6649.365,6657.046,6647.822,6654.129,1794,178,0,1794
2024-03-07 08:00:00,6654.313,6654.61,6642.033,6642.057,1798,178,0,1798
2024-03-07 09:00:00,6642.147,6649.911,6640.862,6646.694,1795,178,0,1795
2024-03-07 10:00:00,6646.683,6647.811,6641.222,6643.162,1798,178,0,1798
2024-03-07 11:00:00,6643.155,6646.6,6638.308,6641.618,1796,178,0,1796
2024-03-07 12:00:00,6641.165,6645.734,6638.006,6643.918,1794,178,0,1794
2024-03-07 13:00:00,6643.952,6650.167,6633.098,6633.894,1799,178,0,1799
2024-03-07 14:00:00,6633.933,6639.383,6629.294,6636.723,1799,178,0,1799
2024-03-07 15:00:00,6636.686,6641.725,6632.576,6639.591,1795,178,0,1795
2024-03-07 16:00:00,6639.496,6643.072,6635.408,6641.919,1797,178,0,1797
2024-03-07 17:00:00,6642.002,6642.28,6633.382,6635.292,1797,178,0,1797
2024-03-07 18:00:00,6635.405,6640.476,6630.424,6630.867,1795,178,0,1795
2024-03-07 19:00:00,6630.819,6637.122,6625.875,6635.602,1799,178,0,1799
2024-03-07 20:00:00,6635.455,6642.393,6633.539,6640.161,1795,178,0,1795
2024-03-07 21:00:00,6640.061,6640.501,6630.95,6633.542,1798,178,0,1798
2024-03-07 22:00:00,6633.653,6639.164,6630.561,6634.645,1794,178,0,1794
2024-03-07 23:00:00,6634.903,6640.876,6632.824,6633.925,1796,178,0,1796
2024-03-08 00:00:00,6633.689,6634.97,6622.892,6625.06,1793,178,0,1793
2024-03-08 01:00:00,6624.842,6625.965,6617.072,6618.868,1796,178,0,1796
2024-03-08 02:00:00,6619.186,6621.025,6612.196,6612.946,1794,178,0,1794
2024-03-08 03:00:00,6613.027,6615.452,6607.918,6610.608,1797,178,0,1797
2024-03-08 04:00:00,6610.815,6618.582,6607.498,6607.498,1791,178,0,1791
2024-03-08 05:00:00,6607.48,6616.411,6606.043,6615.029,1796,178,0,1796
2024-03-08 06:00:00,6614.958,6614.958,6600.329,6600.329,1797,178,0,1797
2024-03-08 07:00:00,6600.418,6602.172,6591.044,6591.083,1794,178,0,1794
2024-03-08 08:00:00,6591.038,6592.639,6585.215,6585.402,1795,178,0,1795
2024-03-08 09:00:00,6585.19,6594.558,6584.995,6590.192,1795,178,0,1795
2024-03-08 10:00:00,6590.066,6601.134,6590.042,6598.762,1798,178,0,1798
2024-03-08 11:00:00,6598.663,6608.801,6594.607,6606.764,1795,178,0,1795
2024-03-08 12:00:00,6607.175,6610.328,6604.309,6606.512,1796,178,0,1796
2024-03-08 13:00:00,6606.498,6607.986,6588.992,6592.254,1794,175,0,1794
2024-03-08 14:00:00,6592.177,6596.824,6588.841,6592.284,1796,175,0,1796
2024-03-08 15:00:00,6592.397,6596.494,6589.333,6593.41,1798,175,0,1798
2024-03-08 16:00:00,6593.548,6594.596,6586.508,6588.091,1794,175,0,1794
2024-03-08 17:00:00,6588.0,6589.65,6576.42,6577.336,1797,175,0,1797
2024-03-08 18:00:00,6577.117,6578.467,6567.728,6573.494,1791,175,0,1791
2024-03-08 19:00:00,6573.552,6577.204,6570.988,6571.767,1796,175,0,1796
2024-03-08 20:00:00,6571.797,6574.725,6563.074,6563.266,1799,175,0,1799
2024-03-08 21:00:00,6562.896,6577.33,6562.214,6576.11,1797,175,0,1797
2024-03-08 22:00:00,6576.066,6579.034,6571.072,6572.263,1796,175,0,1796
2024-03-08 23:00:00,6572.185,6575.723,6562.301,6572.059,1799,175,0,1799
2024-03-09 00:00:00,6572.138,6578.345,6563.255,6564.751,1797,175,0,1797
2024-03-09 01:00:00,6564.84,6579.289,6564.84,6578.6,1799,175,0,1799
2024-03-09 02:00:00,6578.495,6585.939,6577.407,6582.081,1796,175,0,1796
2024-03-09 03:00:00,6581.886,6587.536,6576.227,6579.645,1794,175,0,1794
2024-03-09 04:00:00,6579.993,6588.527,6575.573,6576.371,1798,175,0,1798
2024-03-09 05:00:00,6576.561,6585.164,6575.08,6584.846,1791,175,0,1791
2024-03-09 06:00:00,6584.622,6598.155,6584.09,6597.534,1798,175,0,1798
2024-03-09 07:00:00,6597.474,6602.682,6586.598,6587.584,1799,175,0,1799
2024-03-09 08:00:00,6587.423,6589.255,6580.089,6588.207,1797,175,0,1797
2024-03-09 09:00:00,6588.347,6592.118,6583.3,6588.46,1797,175,0,1797
2024-03-09 10:00:00,6588.612,6595.721,6587.739,6595.123,1799,175,0,1799
2024-03-09 11:00:00,6595.304,6600.231,6589.933,6597.863,1797,175,0,1797
2024-03-09 12:00:00,6597.84,6609.537,6597.65,6606.45,1793,175,0,1793
2024-03-09 13:00:00,6606.521,6612.138,6600.134,6603.231,1798,175,0,1798
2024-03-09 14:00:00,6603.438,6611.434,6602.23,6610.912,1796,175,0,1796
2024-03-09 15:00:00,6610.572,6614.038,6600.631,6604.551,1796,175,0,1796
2024-03-09 16:00:00,6604.466,6620.058,6603.137,6619.626,1794,175,0,1794
2024-03-09 17:00:00,6619.526,6626.24,6615.099,6620.873,1795,175,0,1795
2024-03-09 18:00:00,6620.749,6622.114,6608.283,6611.156,1796,175,0,1796
2024-03-09 19:00:00,6611.168,6612.858,6603.396,6606.51,1798,175,0,1798
2024-03-09 20:00:00,6606.508,6615.854,6602.733,6615.567,1799,175,0,1799
2024-03-09 21:00:00,6615.729,6617.678,6609.534,6613.024,1795,175,0,1795
2024-03-09 22:00:00,6612.853,6620.1,6609.878,6616.01,1797,175,0,1797
2024-03-09 23:00:00,6615.92,6627.214,6614.974,6624.296,1796,175,0,1796
2024-03-10 00:00:00,6624.078,6626.139,6618.143,6622.127,1798,175,0,1798
2024-03-10 01:00:00,6621.912,6625.416,6617.947,6622.741,1785,175,0,1785
2024-03-10 02:00:00,6622.809,6626.351,6618.291,6619.575,1787,175,0,1787
2024-03-10 03:00:00,6619.319,6634.171,6617.849,6632.975,1799,175,0,1799
2024-03-10 04:00:00,6633.133,6633.869,6620.172,6625.701,1795,175,0,1795
2024-03-10 05:00:00,6625.877,6630.151,6620.466,6622.998,1797,175,0,1797
2024-03-10 06:00:00,6623.097,6632.376,6622.97,6630.297,1799,175,0,1799
2024-03-10 07:00:00,6630.333,6631.174,6623.404,6629.326,1793,175,0,1793
2024-03-10 08:00:00,6629.269,6639.42,6627.076,6635.378,1797,175,0,1797
2024-03-10 09:00:00,6635.388,6641.759,6630.713,6638.454,1796,175,0,1796
2024-03-10 10:00:00,6638.41,6638.917,6628.761,6631.977,1796,175,0,1796
2024-03-10 11:00:00,6631.983,6639.245,6631.05,6638.79,1798,175,0,1798
2024-03-10 12:00:00,6638.631,6648.135,6636.5,6646.195,1794,175,0,1794
2024-03-10 13:00:00,6646.21,6649.418,6641.201,6643.321,1795,175,0,1795
2024-03-10 14:00:00,6643.27,6647.292,6640.761,6642.594,1794,175,0,1794
2024-03-10 15:00:00,6642.346,6654.997,6642.149,6648.704,1792,175,0,1792
2024-03-10 16:00:00,6648.747,6650.581,6638.726,6640.286,1797,175,0,1797
2024-03-10 17:00:00,6640.332,6643.725,6634.883,6637.576,1798,175,0,1798
2024-03-10 18:00:00,6637.427,6645.482,6634.935,6638.645,1799,175,0,1799
2024-03-10 19:00:00,6638.642,6641.28,6623.509,6623.769,1797,175,0,1797
2024-03-10 20:00:00,6623.98,6629.856,6621.339,6626.888,1797,175,0,1797
2024-03-10 21:00:00,6626.841,6628.668,6620.593,6623.049,1797,175,0,1797
2024-03-10 22:00:00,6623.083,6632.007,6618.857,6625.78,1796,175,0,1796
2024-03-10 23:00:00,6625.834,6643.742,6625.532,6643.341,1794,175,0,1794
2024-03-11 00:00:00,6643.147,6653.099,6638.172,6652.596,1800,175,0,1800
2024-03-11 01:00:00,6652.749,6664.755,6649.842,6663.476,1792,175,0,1792
2024-03-11 02:00:00,6663.53,6666.926,6655.96,6666.703,1796,175,0,1796
2024-03-11 03:00:00,6666.556,6671.527,6663.506,6666.304,1798,175,0,1798
2024-03-11 04:00:00,6666.354,6670.862,6664.728,6668.957,1798,175,0,1798
2024-03-11 05:00:00,6668.978,6671.91,6661.232,6662.246,1797,175,0,1797
2024-03-11 06:00:00,6662.228,6664.112,6656.466,6656.655,1797,175,0,1797
2024-03-11 07:00:00,6656.46,6665.031,6654.866,6657.872,1797,175,0,1797
2024-03-11 08:00:00,6657.956,6671.681,6656.405,6669.391,1796,175,0,1796
2024-03-11 09:00:00,6669.211,6672.822,6665.931,6672.504,1796,175,0,1796
2024-03-11 10:00:00,6672.754,6673.997,6667.806,6669.84,1795,175,0,1795
2024-03-11 11:00:00,6669.744,6670.109,6662.26,6665.931,1797,175,0,1797
2024-03-11 12:00:00,6665.858,6666.267,6646.984,6647.414,1793,175,0,1793
2024-03-11 13:00:00,6647.08,6648.08,6638.204,6644.781,1797,175,0,1797
2024-03-11 14:00:00,6644.673,6646.161,6634.836,6644.823,1799,175,0,1799
2024-03-11 15:00:00,6644.986,6645.512,6636.981,6638.778,1798,175,0,1798
2024-03-11 16:00:00,6638.798,6649.384,6638.279,6648.825,1798,175,0,1798
2024-03-11 17:00:00,6648.891,6655.162,6648.214,6651.622,1797,175,0,1797
2024-03-11 18:00:00,6651.586,6654.759,6646.544,6653.957,1798,175,0,1798
2024-03-11 19:00:00,6653.806,6659.104,6649.55,6658.383,1790,175,0,1790
2024-03-11 20:00:00,6658.124,6659.487,6639.267,6640.026,1795,175,0,1795
2024-03-11 21:00:00,6639.904,6649.321,6636.806,6643.855,1793,175,0,1793
2024-03-11 22:00:00,6643.837,6648.198,6637.632,6640.486,1796,175,0,1796
2024-03-11 23:00:00,6640.565,6642.624,6634.239,6639.715,1798,175,0,1798
2024-03-12 00:00:00,6639.741,6640.499,6631.329,6632.712,1797,175,0,1797
2024-03-12 01:00:00,6632.747,6638.924,6631.009,6636.826,1798,175,0,1798
2024-03-12 02:00:00,6636.883,6640.478,6629.494,6636.94,1793,175,0,1793
2024-03-12 03:00:00,6636.917,6639.191,6630.681,6632.972,1796,175,0,1796
2024-03-12 04:00:00,6633.222,6638.776,6627.965,6632.208,1798,175,0,1798
2024-03-12 05:00:00,6631.977,6635.411,6630.035,6633.663,1798,175,0,1798
2024-03-12 06:00:00,6633.849,6638.173,6630.984,6635.824,1794,175,0,1794
2024-03-12 07:00:00,6636.137,6646.997,6632.259,6645.496,1798,175,0,1798
2024-03-12 08:00:00,6645.35,6653.76,6644.095,6651.653,1797,175,0,1797
2024-03-12 09:00:00,6651.611,6657.095,6647.436,6654.347,1796,175,0,1796
2024-03-12 10:00:00,6654.251,6657.986,6641.141,6643.026,1797,175,0,1797
2024-03-12 11:00:00,6642.951,6654.137,6642.818,6650.485,1797,175,0,1797
2024-03-12 12:00:00,6650.497,6656.352,6646.147,6646.794,1798,175,0,1798
2024-03-12 13:00:00,6646.872,6652.25,6639.528,6641.244,1795,175,0,1795
2024-03-12 14:00:00,6641.279,6642.74,6630.93,6634.14,1796,175,0,1796
2024-03-12 15:00:00,6634.364,6637.385,6620.734,6620.996,1796,175,0,1796
2024-03-12 16:00:00,6621.181,6621.181,6607.807,6612.255,1797,175,0,1797
2024-03-12 17:00:00,6611.948,6628.277,6611.814,6627.705,1796,175,0,1796
2024-03-12 18:00:00,6627.871,6638.253,6627.011,6631.828,1798,175,0,1798
2024-03-12 19:00:00,6631.562,6637.469,6630.122,6636.238,1796,175,0,1796
2024-03-12 20:00:00,6636.21,6640.244,6629.802,6636.335,1796,175,0,1796
2024-03-12 21:00:00,6636.411,6637.803,6631.885,6631.999,1798,175,0,1798
2024-03-12 22:00:00,6632.048,6640.523,6630.622,6639.522,1797,175,0,1797
2024-03-12 23:00:00,6639.469,6646.134,6634.554,6639.073,1797,175,0,1797
2024-03-13 00:00:00,6639.114,6650.604,6638.596,6650.134,1795,175,0,1795
2024-03-13 01:00:00,6649.899,6653.718,6645.381,6648.007,1798,175,0,1798
2024-03-13 02:00:00,6648.069,6654.853,6646.843,6651.068,1796,175,0,1796
2024-03-13 03:00:00,6650.897,6659.147,6648.049,6657.672,1794,175,0,1794
2024-03-13 04:00:00,6657.498,6657.686,6647.275,6651.283,1795,175,0,1795
2024-03-13 05:00:00,6651.405,6656.128,6645.901,6653.657,1795,175,0,1795
2024-03-13 06:00:00,6653.835,6661.857,6651.688,6660.086,1797,175,0,1797
2024-03-13 07:00:00,6660.064,6670.022,6659.42,6667.599,1799,175,0,1799
2024-03-13 08:00:00,6667.528,6667.528,6657.703,6662.158,1787,175,0,1787
2024-03-13 09:00:00,6662.309,6665.927,6658.704,6660.367,1792,175,0,1792
2024-03-13 10:00:00,6660.573,6662.939,6650.21,6650.407,1797,175,0,1797
2024-03-13 11:00:00,6650.502,6652.486,6638.857,6639.655,1793,175,0,1793
2024-03-13 12:00:00,6639.705,6640.225,6632.769,6636.688,1787,175,0,1787
2024-03-13 13:00:00,6636.767,6645.689,6629.439,6639.84,1793,175,0,1793
2024-03-13 14:00:00,6639.721,6654.528,6636.644,6654.086,1722,175,0,1722
2024-03-13 15:00:00,6654.147,6659.952,6651.19,6651.19,1796,175,0,1796
2024-03-13 16:00:00,6650.89,6652.243,6635.619,6636.022,1794,175,0,1794
2024-03-13 17:00:00,6636.074,6640.226,6633.344,6636.425,1798,175,0,1798
2024-03-13 18:00:00,6636.314,6639.749,6631.557,6636.571,1793,175,0,1793
2024-03-13 19:00:00,6636.391,6642.305,6632.193,6641.474,1794,175,0,1794
2024-03-13 20:00:00,6641.425,6645.492,6635.315,6638.195,1796,175,0,1796
2024-03-13 21:00:00,6638.41,6640.944,6631.45,6632.561,1795,175,0,1795
2024-03-13 22:00:00,6632.76,6633.169,6623.566,6623.802,1796,175,0,1796
2024-03-13 23:00:00,6623.787,6645.458,6623.63,6642.308,1797,175,0,1797
2024-03-14 00:00:00,6642.333,6644.345,6631.554,6635.621,1797,175,0,1797
2024-03-14 01:00:00,6635.613,6646.409,6635.348,6643.319,1796,175,0,1796
2024-03-14 02:00:00,6643.155,6651.497,6640.782,6651.497,1796,175,0,1796
2024-03-14 03:00:00,6651.47,6662.435,6650.623,6659.828,1795,175,0,1795
2024-03-14 04:00:00,6660.167,6666.962,6658.96,6665.568,1794,175,0,1794
2024-03-14 05:00:00,6665.436,6666.555,6655.7,6665.336,1798,175,0,1798
2024-03-14 06:00:00,6665.361,6673.316,6664.651,6667.31,1796,175,0,1796
2024-03-14 07:00:00,6667.215,6673.73,6664.898,6671.573,1797,175,0,1797
2024-03-14 08:00:00,6671.279,6674.006,6663.279,6667.142,1797,175,0,1797
2024-03-14 09:00:00,6667.021,6674.873,6665.871,6669.93,1797,175,0,1797
2024-03-14 10:00:00,6669.908,6683.098,6666.512,6678.416,1794,175,0,1794
2024-03-14 11:00:00,6678.41,6680.108,6666.252,6667.921,1798,175,0,1798
2024-03-14 12:00:00,6667.885,6674.904,6665.733,6672.285,1798,175,0,1798
2024-03-14 13:00:00,6672.301,6674.099,6655.508,6655.965,1795,175,0,1795
2024-03-14 14:00:00,6656.076,6661.43,6651.97,6654.67,1795,175,0,1795
2024-03-14 15:00:00,6654.981,6658.675,6645.495,6649.119,1792,175,0,1792
2024-03-14 16:00:00,6649.174,6661.309,6647.355,6660.591,1796,175,0,1796
2024-03-14 17:00:00,6660.512,6663.177,6652.826,6655.449,1797,175,0,1797
2024-03-14 18:00:00,6655.425,6664.085,6654.003,6656.673,1795,175,0,1795
2024-03-14 19:00:00,6656.697,6660.637,6652.391,6654.894,1796,175,0,1796
2024-03-14 20:00:00,6654.833,6660.316,6650.513,6656.482,1797,175,0,1797
2024-03-14 21:00:00,6656.416,6661.732,6652.546,6660.285,1796,175,0,1796
2024-03-14 22:00:00,6660.158,6673.583,6657.697,6670.558,1795,175,0,1795
2024-03-14 23:00:00,6670.438,6679.027,6665.982,6667.408,1795,175,0,1795
2024-03-15 00:00:00,6667.453,6672.326,6662.734,6668.913,1792,175,0,1792
2024-03-15 01:00:00,6668.912,6676.202,6666.565,6671.197,1795,175,0,1795
2024-03-15 02:00:00,6671.286,6673.695,6664.108,6672.591,1795,175,0,1795
2024-03-15 03:00:00,6672.427,6680.144,6663.787,6667.48,1795,175,0,1795
2024-03-15 04:00:00,6667.629,6669.665,6659.616,6663.29,1795,175,0,1795
2024-03-15 05:00:00,6663.295,6665.682,6647.749,6656.135,1797,175,0,1797
2024-03-15 06:00:00,6655.826,6666.968,6653.8,6664.229,1790,175,0,1790
2024-03-15 07:00:00,6664.376,6668.4,6661.335,6662.389,1796,175,0,1796
2024-03-15 08:00:00,6662.582,6664.884,6655.917,6658.628,1797,175,0,1797
2024-03-15 09:00:00,6658.614,6667.25,6656.25,6656.575,1792,175,0,1792
2024-03-15 10:00:00,6656.44,6664.584,6653.151,6662.18,1794,175,0,1794
2024-03-15 11:00:00,6662.179,6672.29,6659.031,6669.987,1799,175,0,1799
2024-03-15 12:00:00,6669.965,6672.378,6660.099,6662.978,1798,175,0,1798
2024-03-15 13:00:00,6662.95,6669.341,6659.13,6664.568,1796,176,0,1796
2024-03-15 14:00:00,6664.556,6669.543,6655.936,6668.193,1799,176,0,1799
2024-03-15 15:00:00,6668.427,6670.305,6653.564,6655.453,1794,176,0,1794
2024-03-15 16:00:00,6655.57,6656.359,6644.611,6647.839,1796,176,0,1796
2024-03-15 17:00:00,6647.982,6652.931,6640.027,6641.848,1798,176,0,1798
2024-03-15 18:00:00,6642.498,6646.244,6639.624,6641.671,1796,176,0,1796
2024-03-15 19:00:00,6641.661,6643.485,6635.278,6636.09,1797,176,0,1797
2024-03-15 20:00:00,6636.049,6652.742,6634.406,6646.869,1799,176,0,1799
2024-03-15 21:00:00,6646.829,6654.01,6635.186,6635.303,1796,176,0,1796
2024-03-15 22:00:00,6635.271,6640.902,6632.871,6638.755,1798,176,0,1798
2024-03-15 23:00:00,6638.693,6652.235,6637.4,6647.109,1796,176,0,1796
2024-03-16 00:00:00,6646.993,6647.879,6635.02,6637.056,1796,176,0,1796
2024-03-16 01:00:00,6637.284,6641.083,6629.942,6630.907,1796,176,0,1796
2024-03-16 02:00:00,6630.811,6642.85,6627.401,6642.644,1796,176,0,1796
2024-03-16 03:00:00,6642.331,6649.137,6640.793,6644.782,1793,176,0,1793
2024-03-16 04:00:00,6645.092,6656.577,6643.447,6654.702,1798,176,0,1798
2024-03-16 05:00:00,6654.713,6662.18,6649.489,6659.129,1797,176,0,1797
2024-03-16 06:00:00,6658.923,6664.303,6658.2,6660.453,1794,176,0,1794
2024-03-16 07:00:00,6660.187,6665.637,6655.775,6662.123,1797,176,0,1797
2024-03-16 08:00:00,6662.33,6674.19,6660.824,6673.565,1795,176,0,1795
2024-03-16 09:00:00,6673.432,6673.825,6665.244,6670.285,1796,176,0,1796
2024-03-16 10:00:00,6670.556,6677.768,6667.136,6672.58,1794,176,0,1794
2024-03-16 11:00:00,6672.77,6684.844,6670.995,6684.761,1797,176,0,1797
2024-03-16 12:00:00,6684.511,6688.868,6676.084,6688.866,1796,176,0,1796
2024-03-16 13:00:00,6689.243,6692.347,6680.632,6681.01,1794,176,0,1794
2024-03-16 14:00:00,6680.865,6682.457,6676.05,6681.412,1797,176,0,1797
2024-03-16 15:00:00,6681.193,6682.514,6673.191,6676.065,1796,176,0,1796
2024-03-16 16:00:00,6676.177,6676.402,6657.514,6663.403,1798,176,0,1798
2024-03-16 17:00:00,6663.173,6668.423,6656.852,6662.176,1798,176,0,1798
2024-03-16 18:00:00,6662.132,6664.982,6646.108,6651.714,1798,176,0,1798
2024-03-16 19:00:00,6652.029,6657.25,6648.704,6654.354,1797,176,0,1797
2024-03-16 20:00:00,6654.463,6665.154,6653.835,6654.326,1796,176,0,1796
2024-03-16 21:00:00,6654.341,6658.33,6650.474,6654.716,1797,176,0,1797
2024-03-16 22:00:00,6654.812,6655.791,6648.785,6654.538,1794,176,0,1794
2024-03-16 23:00:00,6654.531,6660.406,6648.894,6657.833,1793,176,0,1793
2024-03-17 00:00:00,6658.075,6668.002,6656.748,6662.595,1792,176,0,1792
2024-03-17 01:00:00,6662.742,6668.055,6658.181,6667.187,1795,176,0,1795
2024-03-17 02:00:00,6666.717,6668.465,6660.624,6661.983,1683,176,0,1683
2024-03-17 03:00:00,6661.914,6662.357,6652.42,6653.013,1795,176,0,1795
2024-03-17 04:00:00,6652.941,6662.166,6651.259,6657.672,1797,176,0,1797
2024-03-17 05:00:00,6657.673,6669.204,6657.274,6665.805,1790,176,0,1790
2024-03-17 06:00:00,6665.713,6666.023,6655.463,6661.211,1798,176,0,1798
2024-03-17 07:00:00,6661.364,6664.164,6655.213,6664.164,1794,176,0,1794
2024-03-17 08:00:00,6663.915,6666.665,6657.195,6663.483,1797,176,0,1797
2024-03-17 09:00:00,6663.534,6664.264,6657.161,6659.234,1796,176,0,1796
2024-03-17 10:00:00,6659.256,6661.674,6655.418,6656.951,1789,176,0,1789
2024-03-17 11:00:00,6657.097,6660.137,6650.598,6658.447,1794,176,0,1794
2024-03-17 12:00:00,6658.417,6667.782,6656.533,6666.188,1796,176,0,1796
2024-03-17 13:00:00,6666.447,6679.257,6666.447,6673.121,1796,176,0,1796
2024-03-17 14:00:00,6673.088,6682.338,6670.093,6678.741,1793,176,0,1793
2024-03-17 15:00:00,6678.734,6684.644,6676.27,6680.47,1796,176,0,1796
2024-03-17 16:00:00,6680.545,6685.091,6674.122,6679.863,1795,176,0,1795
2024-03-17 17:00:00,6679.748,6681.504,6673.856,6676.674,1795,176,0,1795
2024-03-17 18:00:00,6676.687,6677.348,6666.239,6666.392,1794,176,0,1794
2024-03-17 19:00:00,6666.575,6681.4,6665.181,6672.762,1797,176,0,1797
2024-03-17 20:00:00,6672.398,6675.776,6665.69,6674.529,1798,176,0,1798
2024-03-17 21:00:00,6674.893,6675.409,6666.93,6669.151,1796,176,0,1796
2024-03-17 22:00:00,6669.022,6672.686,6663.407,6672.072,1797,176,0,1797
2024-03-17 23:00:00,6671.67,6673.906,6666.721,6669.507,1795,176,0,1795
2024-03-18 00:00:00,6669.717,6679.662,6666.694,6678.042,1796,176,0,1796
2024-03-18 01:00:00,6677.862,6680.647,6673.511,6679.786,1796,176,0,1796
2024-03-18 02:00:00,6679.74,6681.894,6673.305,6674.274,1796,176,0,1796
2024-03-18 03:00:00,6674.154,6676.926,6662.243,6662.243,1798,176,0,1798
2024-03-18 04:00:00,6662.042,6663.736,6656.03,6661.696,1794,176,0,1794
2024-03-18 05:00:00,6661.808,6672.359,6659.026,6670.366,1798,176,0,1798
2024-03-18 06:00:00,6670.588,6670.89,6661.05,6666.042,1799,176,0,1799
2024-03-18 07:00:00,6666.038,6671.617,6656.54,6660.918,1793,176,0,1793
2024-03-18 08:00:00,6660.884,6668.435,6659.077,6665.731,1794,176,0,1794
2024-03-18 09:00:00,6665.626,6670.915,6660.268,6667.336,1795,176,0,1795
2024-03-18 10:00:00,6667.374,6667.718,6652.388,6652.388,1792,176,0,1792
2024-03-18 11:00:00,6652.455,6660.853,6648.645,6656.088,1791,176,0,1791
2024-03-18 12:00:00,6656.353,6657.269,6645.483,6649.466,1799,176,0,1799
2024-03-18 13:00:00,6649.417,6655.051,6647.008,6652.162,1796,176,0,1796
2024-03-18 14:00:00,6652.21,6653.552,6642.776,6644.885,1795,176,0,1795
2024-03-18 15:00:00,6644.743,6644.743,6632.04,6633.658,1797,176,0,1797
2024-03-18 16:00:00,6633.576,6633.856,6621.748,6621.81,1795,176,0,1795
2024-03-18 17:00:00,6621.883,6624.76,6615.967,6618.724,1796,176,0,1796
2024-03-18 18:00:00,6618.757,6623.209,6613.246,6621.678,1798,176,0,1798
2024-03-18 19:00:00,6621.625,6632.588,6621.125,6632.048,1797,176,0,1797
2024-03-18 20:00:00,6631.818,6632.505,6622.145,6625.96,1795,176,0,1795
2024-03-18 21:00:00,6626.128,6627.106,6618.271,6622.735,1793,176,0,1793
2024-03-18 22:00:00,6622.627,6629.244,6618.809,6628.454,1791,176,0,1791
2024-03-18 23:00:00,6628.485,6641.151,6627.859,6638.199,1797,176,0,1797
2024-03-19 00:00:00,6638.12,6647.392,6636.707,6646.779,1794,176,0,1794
2024-03-19 01:00:00,6646.584,6655.577,6643.195,6654.644,1796,176,0,1796
2024-03-19 02:00:00,6654.413,6657.043,6651.038,6655.414,1797,176,0,1797
2024-03-19 03:00:00,6655.116,6659.569,6651.83,6659.569,1789,176,0,1789
2024-03-19 04:00:00,6659.595,6664.225,6653.16,6655.521,1797,176,0,1797
2024-03-19 05:00:00,6655.556,6662.159,6653.395,6660.307,1798,176,0,1798
2024-03-19 06:00:00,6660.109,6666.754,6657.522,6662.365,1797,176,0,1797
2024-03-19 07:00:00,6662.315,6669.456,6661.756,6664.671,1791,176,0,1791
2024-03-19 08:00:00,6664.371,6668.475,6658.937,6666.76,1789,176,0,1789
2024-03-19 09:00:00,6666.775,6672.681,6663.021,6668.308,1794,176,0,1794
2024-03-19 10:00:00,6668.206,6670.792,6659.349,6662.115,1798,176,0,1798
2024-03-19 11:00:00,6662.285,6663.889,6647.09,6648.209,1789,176,0,1789
2024-03-19 12:00:00,6648.095,6654.855,6644.679,6647.041,1798,176,0,1798
2024-03-19 13:00:00,6646.815,6660.678,6644.398,6657.731,1795,176,0,1795
2024-03-19 14:00:00,6658.026,6663.098,6648.504,6655.647,1792,176,0,1792
2024-03-19 15:00:00,6655.604,6656.113,6647.556,6652.565,1796,176,0,1796
2024-03-19 16:00:00,6652.563,6654.698,6636.193,6636.465,1797,176,0,1797
2024-03-19 17:00:00,6636.322,6640.526,6633.29,6637.199,1800,176,0,1800
2024-03-19 18:00:00,6637.414,6642.294,6633.453,6639.216,1795,176,0,1795
2024-03-19 19:00:00,6639.246,6645.121,6637.591,6638.066,1797,176,0,1797
2024-03-19 20:00:00,6638.087,6645.013,6632.483,6633.045,1793,176,0,1793
2024-03-19 21:00:00,6632.742,6635.817,6615.922,6616.097,1797,176,0,1797
2024-03-19 22:00:00,6616.165,6622.599,6614.16,6615.443,1797,176,0,1797
2024-03-19 23:00:00,6615.508,6631.409,6615.48,6621.289,1795,176,0,1795
2024-03-20 00:00:00,6621.419,6629.138,6620.06,6629.138,1798,176,0,1798
2024-03-20 01:00:00,6629.318,6631.749,6626.474,6626.827,1798,176,0,1798
2024-03-20 02:00:00,6626.471,6631.55,6616.709,6630.492,1794,176,0,1794
2024-03-20 03:00:00,6630.337,6639.919,6628.932,6629.119,1797,176,0,1797
2024-03-20 04:00:00,6629.146,6637.731,6625.587,6635.766,1797,176,0,1797
2024-03-20 05:00:00,6635.555,6637.45,6623.977,6634.287,1796,176,0,1796
2024-03-20 06:00:00,6634.537,6637.468,6627.816,6630.547,1797,176,0,1797
2024-03-20 07:00:00,6630.657,6645.715,6629.037,6642.123,1795,176,0,1795
2024-03-20 08:00:00,6642.273,6646.161,6636.506,6643.876,1797,176,0,1797
2024-03-20 09:00:00,6644.132,6654.834,6642.233,6649.12,1797,176,0,1797
2024-03-20 10:00:00,6649.067,6655.126,6646.086,6652.657,1795,176,0,1795
2024-03-20 11:00:00,6652.669,6656.23,6647.952,6650.733,1796,176,0,1796
2024-03-20 12:00:00,6650.919,6654.253,6646.899,6648.807,1790,176,0,1790
2024-03-20 13:00:00,6649.201,6652.292,6646.09,6648.967,1796,176,0,1796
2024-03-20 14:00:00,6649.247,6672.953,6649.105,6670.169,1797,176,0,1797
2024-03-20 15:00:00,6670.152,6676.992,6668.84,6674.573,1794,176,0,1794
2024-03-20 16:00:00,6674.744,6677.891,6666.684,6668.783,1791,176,0,1791
2024-03-20 17:00:00,6668.812,6681.151,6667.819,6670.467,1794,176,0,1794
2024-03-20 18:00:00,6670.237,6674.934,6666.101,6666.191,1798,176,0,1798
2024-03-20 19:00:00,6665.939,6674.587,6663.527,6671.323,1795,176,0,1795
2024-03-20 20:00:00,6671.472,6676.908,6668.377,6676.887,1795,176,0,1795
2024-03-20 21:00:00,6676.793,6686.576,6670.689,6673.211,1797,176,0,1797
2024-03-20 22:00:00,6673.26,6673.553,6659.766,6660.528,1795,176,0,1795
2024-03-20 23:00:00,6660.568,6668.3,6658.882,6659.09,1793,176,0,1793
2024-03-21 00:00:00,6659.157,6665.845,6651.074,6652.305,1794,176,0,1794
2024-03-21 01:00:00,6652.195,6654.518,6646.963,6652.278,1798,176,0,1798
2024-03-21 02:00:00,6652.581,6662.478,6651.2,6658.887,1798,176,0,1798
2024-03-21 03:00:00,6658.7,6658.7,6637.171,6638.982,1795,176,0,1795
2024-03-21 04:00:00,6638.521,6645.373,6635.588,6639.424,1797,176,0,1797
2024-03-21 05:00:00,6639.662,6647.088,6628.932,6632.435,1799,176,0,1799
2024-03-21 06:00:00,6632.29,6636.874,6628.572,6635.834,1799,176,0,1799
2024-03-21 07:00:00,6635.863,6641.461,6634.174,6639.668,1795,176,0,1795
2024-03-21 08:00:00,6639.686,6648.18,6634.638,6647.596,1796,176,0,1796
2024-03-21 09:00:00,6647.604,6648.481,6638.182,6638.223,1792,176,0,1792
2024-03-21 10:00:00,6638.313,6651.623,6637.726,6647.739,1796,176,0,1796
2024-03-21 11:00:00,6648.004,6649.114,6639.911,6642.293,1796,176,0,1796
2024-03-21 12:00:00,6642.514,6644.374,6627.276,6630.293,1796,176,0,1796
2024-03-21 13:00:00,6630.284,6637.71,6628.69,6632.964,1797,176,0,1797
2024-03-21 14:00:00,6633.1,6638.063,6628.958,6631.431,1797,176,0,1797
2024-03-21 15:00:00,6631.418,6640.79,6631.418,6634.852,1800,176,0,1800
2024-03-21 16:00:00,6635.06,6639.859,6630.067,6633.766,1798,176,0,1798
2024-03-21 17:00:00,6633.782,6634.72,6620.255,6621.695,1797,176,0,1797
2024-03-21 18:00:00,6621.724,6627.456,6619.876,6621.547,1796,176,0,1796
2024-03-21 19:00:00,6621.68,6621.68,6609.719,6612.02,1792,176,0,1792
2024-03-21 20:00:00,6611.957,6617.248,6609.883,6613.798,1798,176,0,1798
2024-03-21 21:00:00,6613.826,6616.414,6607.72,6611.962,1798,176,0,1798
2024-03-21 22:00:00,6611.999,6622.491,6608.363,6618.756,1795,176,0,1795
2024-03-21 23:00:00,6618.98,6623.456,6612.064,6613.802,1794,176,0,1794
2024-03-22 00:00:00,6613.545,6620.052,6608.365,6608.933,1799,176,0,1799
2024-03-22 01:00:00,6608.828,6613.867,6605.166,6608.845,1796,176,0,1796
2024-03-22 02:00:00,6608.597,6610.392,6601.09,6604.713,1795,176,0,1795
2024-03-22 03:00:00,6604.76,6610.184,6602.834,6605.343,1797,176,0,1797
2024-03-22 04:00:00,6605.451,6613.552,6600.952,6601.412,1796,176,0,1796
2024-03-22 05:00:00,6601.656,6605.849,6598.685,6603.65,1795,176,0,1795
2024-03-22 06:00:00,6603.676,6607.01,6597.643,6599.268,1796,176,0,1796
2024-03-22 07:00:00,6599.479,6614.291,6599.38,6614.291,1799,176,0,1799
2024-03-22 08:00:00,6614.521,6621.956,6612.31,6621.096,1796,175,0,1796
2024-03-22 09:00:00,6621.263,6636.976,6620.663,6630.966,1796,175,0,1796
2024-03-22 10:00:00,6630.865,6634.071,6628.435,6632.808,1792,175,0,1792
2024-03-22 11:00:00,6632.938,6633.109,6619.82,6620.549,1797,175,0,1797
2024-03-22 12:00:00,6620.757,6636.477,6620.757,6630.906,1793,175,0,1793
2024-03-22 13:00:00,6630.869,6640.931,6630.519,6637.054,1796,175,0,1796
2024-03-22 14:00:00,6636.839,6648.943,6633.716,6642.127,1797,175,0,1797
2024-03-22 15:00:00,6641.991,6647.357,6640.288,6646.178,1798,175,0,1798
2024-03-22 16:00:00,6646.29,6651.166,6643.529,6645.925,1798,175,0,1798
2024-03-22 17:00:00,6645.813,6649.329,6638.884,6640.133,1792,175,0,1792
2024-03-22 18:00:00,6639.742,6651.621,6634.3,6651.214,1798,175,0,1798
2024-03-22 19:00:00,6651.357,6652.638,6642.28,6642.428,1799,175,0,1799
2024-03-22 20:00:00,6642.295,6649.833,6638.45,6646.841,1795,175,0,1795
2024-03-22 21:00:00,6646.565,6660.504,6646.206,6654.802,1797,175,0,1797
2024-03-22 22:00:00,6654.731,6656.276,6644.669,6645.034,1795,175,0,1795
2024-03-22 23:00:00,6645.014,6645.482,6639.357,6643.074,1796,175,0,1796
2024-03-23 00:00:00,6643.271,6653.777,6640.954,6646.146,1797,175,0,1797
2024-03-23 01:00:00,6646.191,6653.558,6645.567,6651.894,1796,175,0,1796
2024-03-23 02:00:00,6652.016,6659.036,6647.832,6657.915,1796,175,0,1796
2024-03-23 03:00:00,6658.033,6661.456,6653.025,6656.43,1797,175,0,1797
2024-03-23 04:00:00,6656.426,6658.05,6648.077,6656.575,1797,175,0,1797
2024-03-23 05:00:00,6656.233,6659.565,6645.644,6645.88,1792,175,0,1792
2024-03-23 06:00:00,6645.791,6654.885,6643.437,6648.912,1792,175,0,1792
2024-03-23 07:00:00,6648.956,6649.148,6631.133,6631.133,1798,175,0,1798
2024-03-23 08:00:00,6631.024,6635.118,6625.715,6627.274,1798,175,0,1798
2024-03-23 09:00:00,6627.41,6630.14,6619.538,6623.203,1794,175,0,1794
2024-03-23 10:00:00,6623.283,6627.768,6612.708,6615.545,1794,175,0,1794
2024-03-23 11:00:00,6615.533,6621.938,6609.29,6614.923,1798,175,0,1798
2024-03-23 12:00:00,6614.996,6625.608,6612.546,6624.025,1793,175,0,1793
2024-03-23 13:00:00,6624.133,6631.148,6619.674,6624.728,1795,175,0,1795
2024-03-23 14:00:00,6624.587,6631.048,6623.919,6628.739,1791,175,0,1791
2024-03-23 15:00:00,6628.841,6632.263,6623.096,6626.795,1796,175,0,1796
2024-03-23 16:00:00,6626.907,6637.531,6624.794,6636.812,1792,175,0,1792
2024-03-23 17:00:00,6636.616,6636.631,6626.208,6633.343,1795,175,0,1795
2024-03-23 18:00:00,6633.259,6640.56,6631.998,6635.284,1797,175,0,1797
2024-03-23 19:00:00,6635.268,6636.721,6625.476,6630.118,1795,175,0,1795
2024-03-23 20:00:00,6630.168,6630.201,6611.247,6611.59,1796,175,0,1796
2024-03-23 21:00:00,6611.564,6615.226,6602.419,6603.598,1796,175,0,1796
2024-03-23 22:00:00,6603.61,6607.046,6597.463,6598.795,1795,175,0,1795
2024-03-23 23:00:00,6598.889,6614.13,6598.167,6612.373,1796,175,0,1796
2024-03-24 00:00:00,6612.465,6621.961,6610.297,6621.802,1799,175,0,1799
2024-03-24 01:00:00,6621.611,6621.84,6605.886,6608.173,1792,175,0,1792
2024-03-24 02:00:00,6608.318,6614.404,6597.014,6597.407,1787,175,0,1787
2024-03-24 03:00:00,6597.22,6601.787,6593.445,6597.45,1794,175,0,1794
2024-03-24 04:00:00,6597.546,6600.573,6586.648,6587.579,1796,175,0,1796
2024-03-24 05:00:00,6587.44,6591.341,6581.704,6588.988,1796,175,0,1796
2024-03-24 06:00:00,6588.949,6599.741,6588.126,6597.083,1793,175,0,1793
2024-03-24 07:00:00,6597.024,6599.009,6589.561,6592.115,1794,175,0,1794
2024-03-24 08:00:00,6591.952,6603.319,6590.487,6590.503,1798,175,0,1798
2024-03-24 09:00:00,6590.435,6594.318,6587.032,6587.406,1791,175,0,1791
2024-03-24 10:00:00,6587.263,6592.866,6586.733,6592.16,1797,175,0,1797
2024-03-24 11:00:00,6592.298,6592.714,6578.794,6578.828,1797,175,0,1797
2024-03-24 12:00:00,6578.694,6584.172,6569.79,6571.113,1794,175,0,1794
2024-03-24 13:00:00,6571.131,6576.613,6568.568,6571.56,1793,175,0,1793
2024-03-24 14:00:00,6571.726,6582.907,6569.603,6582.371,1795,175,0,1795
2024-03-24 15:00:00,6582.441,6589.123,6579.73,6586.924,1799,175,0,1799
2024-03-24 16:00:00,6587.062,6604.539,6586.743,6603.204,1793,175,0,1793
2024-03-24 17:00:00,6602.952,6604.43,6595.237,6599.067,1795,175,0,1795
2024-03-24 18:00:00,6598.943,6600.36,6574.063,6574.673,1798,175,0,1798
2024-03-24 19:00:00,6574.659,6576.344,6567.25,6570.436,1796,175,0,1796
2024-03-24 20:00:00,6570.385,6575.715,6569.558,6574.589,1796,175,0,1796
2024-03-24 21:00:00,6574.417,6579.526,6572.762,6575.345,1797,175,0,1797
2024-03-24 22:00:00,6575.204,6576.812,6567.014,6573.399,1799,175,0,1799
2024-03-24 23:00:00,6573.409,6580.522,6571.646,6574.395,1796,175,0,1796
2024-03-25 00:00:00,6574.471,6582.13,6573.402,6576.727,1798,175,0,1798
2024-03-25 01:00:00,6576.801,6576.801,6567.252,6572.347,1792,175,0,1792
2024-03-25 02:00:00,6572.366,6576.658,6568.347,6573.315,1795,175,0,1795
2024-03-25 03:00:00,6573.322,6575.282,6561.344,6563.84,1793,175,0,1793
2024-03-25 04:00:00,6563.792,6569.526,6559.544,6562.317,1795,175,0,1795
2024-03-25 05:00:00,6562.223,6568.124,6555.426,6557.215,1795,175,0,1795
2024-03-25 06:00:00,6557.086,6561.417,6550.676,6555.359,1792,175,0,1792
2024-03-25 07:00:00,6555.248,6565.91,6553.642,6564.44,1799,175,0,1799
2024-03-25 08:00:00,6564.434,6582.588,6564.434,6580.402,1799,175,0,1799
2024-03-25 09:00:00,6580.229,6592.282,6577.051,6591.593,1792,175,0,1792
2024-03-25 10:00:00,6591.75,6600.459,6587.428,6599.4,1794,175,0,1794
2024-03-25 11:00:00,6599.687,6603.4,6594.812,6595.156,1795,175,0,1795
2024-03-25 12:00:00,6595.173,6598.15,6592.522,6593.723,1790,175,0,1790
2024-03-25 13:00:00,6593.824,6594.631,6582.675,6584.755,1791,175,0,1791
2024-03-25 14:00:00,6584.756,6588.115,6576.345,6576.943,1797,175,0,1797
2024-03-25 15:00:00,6576.593,6580.786,6570.856,6571.247,1797,175,0,1797
2024-03-25 16:00:00,6571.161,6575.416,6564.254,6566.594,1798,175,0,1798
2024-03-25 17:00:00,6566.797,6578.97,6565.125,6576.728,1797,175,0,1797
2024-03-25 18:00:00,6576.679,6578.974,6570.859,6571.272,1795,175,0,1795
2024-03-25 19:00:00,6571.333,6581.298,6569.369,6574.825,1795,175,0,1795
2024-03-25 20:00:00,6574.823,6576.807,6567.005,6570.078,1794,175,0,1794
2024-03-25 21:00:00,6570.181,6570.181,6561.476,6567.252,1793,175,0,1793
2024-03-25 22:00:00,6566.931,6570.045,6561.614,6569.1,1794,175,0,1794
2024-03-25 23:00:00,6568.948,6569.335,6558.227,6563.703,1797,175,0,1797
2024-03-26 00:00:00,6563.854,6575.664,6562.91,6572.387,1798,175,0,1798
2024-03-26 01:00:00,6571.977,6572.045,6564.68,6570.131,1796,175,0,1796
2024-03-26 02:00:00,6569.741,6576.931,6567.129,6569.044,1797,175,0,1797
2024-03-26 03:00:00,6568.92,6575.57,6564.728,6569.42,1796,175,0,1796
2024-03-26 04:00:00,6569.491,6580.607,6569.438,6572.985,1791,175,0,1791
2024-03-26 05:00:00,6573.055,6573.507,6561.42,6564.629,1794,175,0,1794
2024-03-26 06:00:00,6564.622,6566.197,6556.443,6559.888,1793,175,0,1793
2024-03-26 07:00:00,6559.876,6572.202,6559.645,6570.759,1795,175,0,1795
2024-03-26 08:00:00,6570.993,6581.217,6570.993,6580.322,1797,175,0,1797
2024-03-26 09:00:00,6580.276,6589.642,6580.023,6589.593,1795,175,0,1795
2024-03-26 10:00:00,6589.137,6591.319,6583.178,6586.987,1795,175,0,1795
2024-03-26 11:00:00,6586.663,6595.184,6584.074,6591.225,1797,175,0,1797
2024-03-26 12:00:00,6591.316,6597.67,6586.447,6592.564,1793,175,0,1793
2024-03-26 13:00:00,6592.613,6593.108,6583.515,6584.459,1796,175,0,1796
2024-03-26 14:00:00,6584.621,6589.33,6580.439,6585.475,1793,175,0,1793
2024-03-26 15:00:00,6585.399,6589.495,6581.709,6587.109,1796,175,0,1796
2024-03-26 16:00:00,6586.909,6587.715,6579.468,6582.802,1797,175,0,1797
2024-03-26 17:00:00,6583.241,6596.074,6580.976,6593.797,1798,175,0,1798
2024-03-26 18:00:00,6593.974,6599.728,6591.982,6599.297,1796,175,0,1796
2024-03-26 19:00:00,6599.216,6615.014,6598.024,6609.119,1792,175,0,1792
2024-03-26 20:00:00,6608.944,6612.93,6601.566,6604.579,1797,175,0,1797
2024-03-26 21:00:00,6604.166,6604.648,6585.57,6587.45,1796,175,0,1796
2024-03-26 22:00:00,6587.401,6590.027,6580.486,6582.313,1795,175,0,1795
2024-03-26 23:00:00,6582.222,6584.965,6572.741,6579.635,1797,175,0,1797
2024-03-27 00:00:00,6579.76,6590.316,6578.344,6585.946,1795,175,0,1795
2024-03-27 01:00:00,6585.922,6587.855,6582.717,6584.337,1796,175,0,1796
2024-03-27 02:00:00,6584.511,6585.736,6572.189,6573.547,1794,175,0,1794
2024-03-27 03:00:00,6573.781,6576.265,6564.795,6565.116,1794,175,0,1794
2024-03-27 04:00:00,6565.302,6565.302,6554.347,6560.273,1792,175,0,1792
2024-03-27 05:00:00,6560.325,6562.96,6556.532,6561.588,1795,175,0,1795
2024-03-27 06:00:00,6561.575,6566.169,6557.262,6564.22,1798,175,0,1798
2024-03-27 07:00:00,6564.268,6574.83,6560.212,6574.579,1797,175,0,1797
2024-03-27 08:00:00,6574.575,6579.819,6572.176,6576.82,1797,175,0,1797
2024-03-27 09:00:00,6576.779,6577.364,6565.88,6567.0,1793,175,0,1793
2024-03-27 10:00:00,6567.033,6577.561,6566.631,6574.618,1798,175,0,1798
2024-03-27 11:00:00,6574.702,6582.7,6570.022,6581.743,1797,175,0,1797
2024-03-27 12:00:00,6581.62,6587.011,6576.314,6584.314,1797,175,0,1797
2024-03-27 13:00:00,6584.127,6590.277,6582.49,6587.354,1800,175,0,1800
2024-03-27 14:00:00,6587.278,6593.998,6586.622,6589.642,1796,175,0,1796
2024-03-27 15:00:00,6589.396,6601.095,6588.794,6600.734,1792,175,0,1792
2024-03-27 16:00:00,6600.555,6602.135,6585.122,6586.0,1795,175,0,1795
2024-03-27 17:00:00,6585.99,6596.934,6583.405,6588.563,1796,175,0,1796
2024-03-27 18:00:00,6588.874,6590.098,6580.71,6587.169,1797,175,0,1797
2024-03-27 19:00:00,6587.015,6598.899,6586.628,6598.45,1794,175,0,1794
2024-03-27 20:00:00,6598.287,6600.331,6589.929,6596.671,1797,175,0,1797
2024-03-27 21:00:00,6596.786,6597.034,6585.702,6586.678,1792,175,0,1792
2024-03-27 22:00:00,6586.584,6588.062,6577.174,6580.895,1795,175,0,1795
2024-03-27 23:00:00,6580.961,6582.311,6572.833,6578.514,1798,175,0,1798
2024-03-28 00:00:00,6578.555,6581.528,6573.175,6576.316,1797,175,0,1797
2024-03-28 01:00:00,6576.408,6581.49,6572.481,6579.82,1795,175,0,1795
2024-03-28 02:00:00,6580.029,6585.663,6578.613,6583.237,1793,175,0,1793
2024-03-28 03:00:00,6583.19,6583.892,6574.238,6581.177,1797,175,0,1797
2024-03-28 04:00:00,6581.06,6587.18,6578.108,6580.298,1797,175,0,1797
2024-03-28 05:00:00,6580.59,6586.926,6578.408,6586.598,1795,175,0,1795
2024-03-28 06:00:00,6586.625,6598.621,6586.396,6588.139,1799,175,0,1799
2024-03-28 07:00:00,6588.289,6591.493,6584.33,6585.757,1796,174,0,1796
2024-03-28 08:00:00,6585.64,6591.939,6581.319,6585.242,1794,174,0,1794
2024-03-28 09:00:00,6585.135,6588.925,6581.132,6586.391,1797,174,0,1797
2024-03-28 10:00:00,6586.015,6598.971,6583.713,6597.949,1797,174,0,1797
2024-03-28 11:00:00,6597.9,6600.707,6594.837,6596.879,1797,174,0,1797
2024-03-28 12:00:00,6596.991,6601.413,6589.555,6589.929,1797,174,0,1797
2024-03-28 13:00:00,6590.226,6593.384,6578.643,6584.278,1793,174,0,1793
2024-03-28 14:00:00,6584.165,6594.146,6583.51,6585.875,1795,174,0,1795
2024-03-28 15:00:00,6586.075,6593.163,6580.587,6592.175,1797,174,0,1797
2024-03-28 16:00:00,6592.05,6606.487,6590.757,6604.227,1798,174,0,1798
2024-03-28 17:00:00,6604.081,6611.365,6601.138,6609.499,1795,174,0,1795
2024-03-28 18:00:00,6609.65,6611.941,6602.431,6606.559,1799,174,0,1799
2024-03-28 19:00:00,6606.425,6607.767,6596.527,6599.189,1792,174,0,1792
2024-03-28 20:00:00,6599.171,6605.792,6595.623,6599.84,1796,174,0,1796
2024-03-28 21:00:00,6599.752,6600.328,6590.749,6595.934,1793,174,0,1793
2024-03-28 22:00:00,6596.079,6597.32,6583.327,6589.941,1795,174,0,1795
2024-03-28 23:00:00,6589.943,6594.373,6585.892,6592.636,1796,174,0,1796
2024-03-29 00:00:00,6592.669,6594.327,6584.847,6585.924,1797,174,0,1797
2024-03-29 01:00:00,6585.572,6590.789,6582.467,6590.789,1794,174,0,1794
2024-03-29 02:00:00,6590.896,6593.052,6584.784,6586.482,1795,174,0,1795
2024-03-29 03:00:00,6586.478,6589.729,6579.023,6582.466,1794,174,0,1794
2024-03-29 04:00:00,6582.687,6585.52,6573.443,6576.076,1799,174,0,1799
2024-03-29 05:00:00,6575.767,6582.765,6572.578,6573.694,1793,174,0,1793
2024-03-29 06:00:00,6573.722,6576.89,6569.141,6570.376,1796,174,0,1796
2024-03-29 07:00:00,6570.49,6579.132,6566.512,6571.538,1796,174,0,1796
2024-03-29 08:00:00,6571.585,6571.62,6562.287,6568.575,1792,174,0,1792
2024-03-29 09:00:00,6568.561,6568.561,6558.349,6562.602,1797,174,0,1797
2024-03-29 10:00:00,6562.602,6569.953,6562.323,6567.792,1794,174,0,1794
2024-03-29 11:00:00,6567.816,6578.294,6566.535,6572.101,1795,174,0,1795
2024-03-29 12:00:00,6571.98,6578.089,6568.243,6574.119,1797,174,0,1797
2024-03-29 13:00:00,6574.079,6581.63,6573.761,6576.188,1794,174,0,1794
2024-03-29 14:00:00,6576.301,6581.342,6570.414,6581.342,1797,174,0,1797
2024-03-29 15:00:00,6581.001,6586.373,6576.348,6577.644,1794,174,0,1794
2024-03-29 16:00:00,6577.55,6578.043,6564.413,6569.279,1798,174,0,1798
2024-03-29 17:00:00,6569.258,6570.839,6554.315,6557.748,1797,174,0,1797
2024-03-29 18:00:00,6557.857,6564.859,6551.751,6557.078,1798,174,0,1798
2024-03-29 19:00:00,6557.215,6560.057,6550.271,6551.424,1799,174,0,1799
2024-03-29 20:00:00,6551.448,6556.716,6547.659,6549.194,1797,174,0,1797
2024-03-29 21:00:00,6549.342,6553.131,6540.824,6548.785,1796,174,0,1796
2024-03-29 22:00:00,6548.82,6550.759,6543.631,6549.947,1797,174,0,1797
2024-03-29 23:00:00,6549.978,6558.857,6547.929,6558.599,1797,174,0,1797
2024-03-30 00:00:00,6558.554,6567.605,6556.213,6566.112,1796,174,0,1796
2024-03-30 01:00:00,6566.096,6568.965,6560.993,6563.423,1795,174,0,1795
2024-03-30 02:00:00,6563.225,6563.697,6556.124,6561.687,1797,174,0,1797
2024-03-30 03:00:00,6561.472,6563.178,6553.506,6557.829,1796,174,0,1796
2024-03-30 04:00:00,6558.163,6567.906,6558.027,6563.044,1796,174,0,1796
2024-03-30 05:00:00,6562.974,6575.767,6562.402,6569.537,1795,174,0,1795
2024-03-30 06:00:00,6569.404,6576.013,6564.543,6575.547,1798,174,0,1798
2024-03-30 07:00:00,6575.641,6577.466,6563.045,6563.47,1795,174,0,1795
2024-03-30 08:00:00,6563.365,6567.664,6559.127,6559.414,1797,174,0,1797
2024-03-30 09:00:00,6559.394,6562.917,6554.252,6559.765,1794,174,0,1794
2024-03-30 10:00:00,6559.826,6562.169,6553.747,6558.008,1793,174,0,1793
2024-03-30 11:00:00,6558.076,6563.696,6553.065,6560.452,1795,174,0,1795
2024-03-30 12:00:00,6560.567,6565.327,6551.64,6564.601,1798,174,0,1798
2024-03-30 13:00:00,6564.605,6564.605,6550.224,6552.249,1797,174,0,1797
2024-03-30 14:00:00,6552.447,6556.709,6547.717,6554.63,1793,174,0,1793
2024-03-30 15:00:00,6554.475,6560.204,6552.176,6558.621,1797,174,0,1797
2024-03-30 16:00:00,6558.678,6568.626,6553.95,6566.548,1795,174,0,1795
2024-03-30 17:00:00,6566.74,6576.988,6560.973,6576.627,1797,174,0,1797
2024-03-30 18:00:00,6576.197,6579.263,6573.032,6576.397,1795,174,0,1795
2024-03-30 19:00:00,6576.382,6587.035,6575.83,6584.676,1795,174,0,1795
2024-03-30 20:00:00,6585.04,6585.04,6572.561,6573.578,1796,174,0,1796
2024-03-30 21:00:00,6573.82,6574.972,6568.482,6568.853,1797,174,0,1797
2024-03-30 22:00:00,6568.856,6577.088,6567.102,6575.518,1794,174,0,1794
2024-03-30 23:00:00,6575.423,6577.327,6566.684,6569.499,1793,174,0,1793
2024-03-31 00:00:00,6569.529,6569.529,6558.12,6561.173,1796,174,0,1796
2024-03-31 01:00:00,6561.025,6571.669,6560.687,6562.375,1799,174,0,1799
2024-03-31 02:00:00,6562.146,6576.485,6559.678,6575.239,1790,174,0,1790
2024-03-31 03:00:00,6575.347,6582.283,6574.988,6577.545,1798,174,0,1798
2024-03-31 04:00:00,6577.624,6584.06,6566.373,6573.565,1798,174,0,1798
2024-03-31 05:00:00,6573.457,6581.326,6572.778,6574.032,1795,174,0,1795
2024-03-31 06:00:00,6574.164,6574.592,6568.895,6573.698,1795,174,0,1795
2024-03-31 07:00:00,6573.699,6590.382,6570.906,6589.098,1796,174,0,1796
2024-03-31 08:00:00,6589.224,6597.454,6586.354,6595.455,1794,174,0,1794
2024-03-31 09:00:00,6595.198,6599.164,6591.704,6593.947,1797,174,0,1797
2024-03-31 10:00:00,6594.013,6601.288,6590.696,6599.282,1796,174,0,1796
2024-03-31 11:00:00,6599.356,6600.089,6588.293,6590.698,1793,174,0,1793
2024-03-31 12:00:00,6590.511,6605.444,6589.917,6603.669,1796,174,0,1796
2024-03-31 13:00:00,6603.845,6605.529,6594.4,6604.404,1796,174,0,1796
2024-03-31 14:00:00,6604.762,6625.714,6604.307,6624.582,1797,174,0,1797
2024-03-31 15:00:00,6624.327,6624.327,6611.873,6613.289,1799,174,0,1799
2024-03-31 16:00:00,6613.208,6623.03,6611.196,6619.9,1797,174,0,1797
2024-03-31 17:00:00,6620.217,6621.529,6609.908,6610.893,1794,174,0,1794
2024-03-31 18:00:00,6611.111,6613.148,6601.854,6605.149,1797,174,0,1797
2024-03-31 19:00:00,6605.121,6610.843,6598.798,6604.657,1794,174,0,1794
2024-03-31 20:00:00,6604.641,6614.15,6604.509,6610.589,1796,174,0,1796
2024-03-31 21:00:00,6610.787,6613.122,6606.292,6608.924,1799,174,0,1799
2024-03-31 22:00:00,6609.124,6612.27,6603.89,6604.31,1796,174,0,1796
2024-03-31 23:00:00,6604.303,6606.761,6592.687,6593.551,1794,174,0,1794
2024-04-01 00:00:00,6593.144,6596.696,6589.892,6594.191,1795,174,0,1795
2024-04-01 01:00:00,6594.359,6600.56,6592.829,6597.242,1794,174,0,1794
2024-04-01 02:00:00,6597.147,6597.669,6589.001,6595.436,1797,174,0,1797
2024-04-01 03:00:00,6595.248,6599.479,6592.269,6592.269,1796,174,0,1796
2024-04-01 04:00:00,6592.318,6595.01,6583.701,6592.41,1794,174,0,1794
2024-04-01 05:00:00,6592.43,6598.027,6588.295,6591.104,1799,174,0,1799
2024-04-01 06:00:00,6591.18,6606.819,6590.901,6602.507,1796,174,0,1796
2024-04-01 07:00:00,6602.633,6609.651,6598.363,6605.861,1795,174,0,1795
2024-04-01 08:00:00,6605.743,6616.514,6604.579,6606.535,1797,174,0,1797
2024-04-01 09:00:00,6606.596,6607.214,6594.7,6597.157,1795,174,0,1795
2024-04-01 10:00:00,6596.937,6598.532,6589.938,6592.101,1797,174,0,1797
2024-04-01 11:00:00,6592.401,6594.699,6586.845,6592.35,1800,174,0,1800
2024-04-01 12:00:00,6592.397,6595.747,6588.252,6590.226,1795,174,0,1795
2024-04-01 13:00:00,6590.117,6590.117,6572.811,6575.817,1793,174,0,1793
2024-04-01 14:00:00,6575.83,6577.045,6568.682,6572.491,1794,174,0,1794
2024-04-01 15:00:00,6572.153,6577.754,6570.42,6574.184,1796,174,0,1796
2024-04-01 16:00:00,6574.231,6575.256,6562.947,6567.036,1798,174,0,1798
2024-04-01 17:00:00,6567.08,6573.469,6556.609,6557.698,1796,174,0,1796
2024-04-01 18:00:00,6558.049,6562.092,6555.897,6555.897,1800,174,0,1800
2024-04-01 19:00:00,6555.708,6567.332,6553.633,6560.668,1795,174,0,1795
2024-04-01 20:00:00,6560.308,6562.637,6553.55,6556.852,1798,174,0,1798
2024-04-01 21:00:00,6556.859,6568.024,6555.317,6557.22,1794,174,0,1794
2024-04-01 22:00:00,6557.3,6565.973,6556.272,6564.982,1795,174,0,1795
2024-04-01 23:00:00,6565.292,6571.781,6561.014,6567.753,1798,174,0,1798
2024-04-02 00:00:00,6567.773,6568.516,6559.57,6563.818,1795,174,0,1795
2024-04-02 01:00:00,6563.796,6574.909,6561.362,6567.206,1797,174,0,1797
2024-04-02 02:00:00,6567.279,6572.242,6561.517,6563.119,1794,174,0,1794
2024-04-02 03:00:00,6562.996,6564.445,6556.113,6557.28,1793,174,0,1793
2024-04-02 04:00:00,6557.228,6557.74,6544.984,6550.233,1796,174,0,1796
2024-04-02 05:00:00,6550.249,6555.62,6549.045,6551.946,1796,174,0,1796
2024-04-02 06:00:00,6551.844,6555.59,6547.952,6554.985,1795,174,0,1795
2024-04-02 07:00:00,6555.006,6559.07,6551.367,6556.578,1796,174,0,1796
2024-04-02 08:00:00,6556.626,6571.913,6553.745,6571.913,1799,174,0,1799
2024-04-02 09:00:00,6571.763,6581.182,6570.625,6578.396,1795,174,0,1795
2024-04-02 10:00:00,6578.444,6581.545,6568.497,6571.681,1793,174,0,1793
2024-04-02 11:00:00,6571.41,6577.771,6569.508,6577.558,1796,174,0,1796
2024-04-02 12:00:00,6577.591,6581.728,6574.989,6581.468,1797,174,0,1797
2024-04-02 13:00:00,6581.477,6586.339,6575.437,6576.432,1798,174,0,1798
2024-04-02 14:00:00,6576.343,6581.53,6573.898,6574.022,1797,174,0,1797
2024-04-02 15:00:00,6573.973,6586.58,6568.45,6586.383,1796,174,0,1796
2024-04-02 16:00:00,6586.463,6594.001,6584.616,6586.503,1796,174,0,1796
2024-04-02 17:00:00,6586.641,6594.098,6582.037,6588.927,1796,174,0,1796
2024-04-02 18:00:00,6589.131,6603.045,6589.131,6602.561,1800,174,0,1800
2024-04-02 19:00:00,6603.079,6603.332,6589.339,6595.936,1793,174,0,1793
2024-04-02 20:00:00,6596.041,6604.339,6590.097,6603.971,1797,174,0,1797
2024-04-02 21:00:00,6603.873,6604.04,6593.799,6601.446,1789,174,0,1789
2024-04-02 22:00:00,6601.67,6619.051,6600.797,6616.807,1794,174,0,1794
2024-04-02 23:00:00,6616.784,6617.27,6607.076,6611.814,1797,174,0,1797
2024-04-03 00:00:00,6611.65,6622.469,6610.778,6618.82,1796,174,0,1796
2024-04-03 01:00:00,6618.765,6623.302,6607.453,6609.704,1796,174,0,1796
2024-04-03 02:00:00,6609.524,6611.142,6603.846,6607.672,1796,174,0,1796
2024-04-03 03:00:00,6607.66,6616.043,6600.809,6615.734,1792,174,0,1792
2024-04-03 04:00:00,6615.724,6625.944,6614.498,6620.098,1798,174,0,1798
2024-04-03 05:00:00,6620.078,6627.187,6617.781,6621.249,1797,174,0,1797
2024-04-03 06:00:00,6621.138,6631.688,6616.983,6630.918,1794,174,0,1794
2024-04-03 07:00:00,6630.993,6643.883,6630.791,6643.509,1796,174,0,1796
2024-04-03 08:00:00,6643.58,6653.614,6641.254,6653.419,1797,174,0,1797
2024-04-03 09:00:00,6653.536,6657.594,6649.451,6654.054,1797,174,0,1797
2024-04-03 10:00:00,6653.928,6660.336,6651.57,6653.5,1798,174,0,1798
2024-04-03 11:00:00,6653.554,6654.85,6644.5,6645.391,1797,174,0,1797
2024-04-03 12:00:00,6645.294,6648.093,6636.544,6637.711,1793,174,0,1793
2024-04-03 13:00:00,6637.804,6647.228,6634.968,6639.415,1797,174,0,1797
2024-04-03 14:00:00,6639.602,6646.748,6638.776,6644.646,1793,174,0,1793
2024-04-03 15:00:00,6644.647,6659.102,6644.109,6656.63,1798,174,0,1798
2024-04-03 16:00:00,6656.586,6657.425,6646.036,6652.604,1795,174,0,1795
2024-04-03 17:00:00,6652.716,6653.346,6640.692,6644.578,1795,174,0,1795
2024-04-03 18:00:00,6645.019,6649.738,6642.257,6643.818,1797,174,0,1797
2024-04-03 19:00:00,6644.134,6650.362,6639.974,6647.78,1798,174,0,1798
2024-04-03 20:00:00,6647.692,6652.609,6634.569,6636.571,1793,174,0,1793
2024-04-03 21:00:00,6636.809,6642.121,6632.782,6635.825,1796,174,0,1796
2024-04-03 22:00:00,6635.883,6637.659,6631.391,6637.581,1798,174,0,1798
2024-04-03 23:00:00,6637.7,6642.303,6631.817,6636.027,1791,174,0,1791
2024-04-04 00:00:00,6636.018,6636.335,6631.082,6634.869,1796,174,0,1796
2024-04-04 01:00:00,6634.97,6636.537,6628.356,6635.835,1794,174,0,1794
2024-04-04 02:00:00,6635.895,6636.941,6620.754,6622.198,1776,174,0,1776
2024-04-04 03:00:00,6622.33,6623.778,6614.237,6614.241,1794,174,0,1794
2024-04-04 04:00:00,6614.109,6616.75,6605.938,6611.506,1796,174,0,1796
2024-04-04 05:00:00,6611.568,6616.837,6606.968,6612.62,1798,174,0,1798
2024-04-04 06:00:00,6612.792,6621.411,6609.259,6613.304,1792,174,0,1792
2024-04-04 07:00:00,6613.311,6613.466,6600.419,6606.08,1795,174,0,1795
2024-04-04 08:00:00,6606.035,6609.686,6599.126,6604.162,1797,174,0,1797
2024-04-04 09:00:00,6604.257,6609.893,6602.625,6603.333,1798,174,0,1798
2024-04-04 10:00:00,6603.176,6605.725,6594.921,6596.117,1797,174,0,1797
2024-04-04 11:00:00,6596.015,6596.015,6575.647,6581.362,1796,174,0,1796
2024-04-04 12:00:00,6581.403,6582.648,6566.872,6568.459,1797,174,0,1797
2024-04-04 13:00:00,6568.493,6573.936,6563.498,6565.675,1794,174,0,1794
2024-04-04 14:00:00,6565.636,6565.766,6546.081,6556.179,1798,174,0,1798
2024-04-04 15:00:00,6556.178,6562.33,6552.981,6558.89,1797,174,0,1797
2024-04-04 16:00:00,6558.764,6565.457,6557.796,6560.835,1797,174,0,1797
2024-04-04 17:00:00,6560.949,6565.813,6559.753,6565.462,1797,174,0,1797
2024-04-04 18:00:00,6565.481,6568.934,6558.596,6564.44,1798,174,0,1798
2024-04-04 19:00:00,6564.496,6577.622,6564.078,6571.852,1793,174,0,1793
2024-04-04 20:00:00,6571.708,6573.516,6561.852,6564.38,1798,174,0,1798
2024-04-04 21:00:00,6564.633,6571.957,6561.317,6561.45,1793,174,0,1793
2024-04-04 22:00:00,6561.489,6563.484,6550.555,6562.907,1793,174,0,1793
2024-04-04 23:00:00,6562.782,6565.464,6550.273,6550.555,1795,174,0,1795
2024-04-05 00:00:00,6550.44,6556.89,6544.513,6552.295,1798,174,0,1798
2024-04-05 01:00:00,6552.267,6559.995,6549.291,6554.519,1796,174,0,1796
2024-04-05 02:00:00,6554.917,6556.791,6549.647,6551.859,1796,174,0,1796
2024-04-05 03:00:00,6551.786,6557.487,6548.261,6550.684,1797,174,0,1797
2024-04-05 04:00:00,6550.79,6551.984,6531.974,6534.772,1795,174,0,1795
2024-04-05 05:00:00,6534.991,6540.458,6532.818,6536.365,1796,174,0,1796
2024-04-05 06:00:00,6536.583,6545.01,6532.53,6543.885,1797,174,0,1797
2024-04-05 07:00:00,6544.071,6544.478,6534.694,6537.48,1797,174,0,1797
2024-04-05 08:00:00,6537.502,6546.937,6536.63,6542.814,1793,174,0,1793
2024-04-05 09:00:00,6543.066,6543.895,6533.164,6536.191,1798,174,0,1798
2024-04-05 10:00:00,6536.248,6546.397,6534.763,6545.706,1797,174,0,1797
2024-04-05 11:00:00,6545.848,6548.172,6538.546,6546.381,1796,174,0,1796
2024-04-05 12:00:00,6546.346,6549.107,6536.665,6543.21,1795,173,0,1795
2024-04-05 13:00:00,6543.028,6548.906,6540.993,6542.149,1796,173,0,1796
2024-04-05 14:00:00,6542.329,6546.368,6535.069,6545.969,1794,173,0,1794
2024-04-05 15:00:00,6545.999,6549.476,6541.185,6545.97,1797,173,0,1797
2024-04-05 16:00:00,6545.876,6550.152,6541.115,6550.041,1794,173,0,1794
2024-04-05 17:00:00,6550.182,6558.436,6548.261,6551.813,1797,173,0,1797
2024-04-05 18:00:00,6551.705,6551.705,6532.972,6542.055,1794,173,0,1794
2024-04-05 19:00:00,6542.078,6551.358,6541.136,6544.913,1796,173,0,1796
2024-04-05 20:00:00,6544.832,6545.734,6535.224,6543.743,1795,173,0,1795
2024-04-05 21:00:00,6543.735,6546.499,6531.526,6532.569,1795,173,0,1795
2024-04-05 22:00:00,6532.651,6541.556,6531.811,6538.264,1797,173,0,1797
2024-04-05 23:00:00,6537.898,6544.732,6535.474,6544.072,1796,173,0,1796
2024-04-06 00:00:00,6544.117,6552.647,6541.694,6551.522,1797,173,0,1797
2024-04-06 01:00:00,6551.409,6553.003,6542.36,6546.269,1795,173,0,1795
2024-04-06 02:00:00,6546.081,6555.012,6545.042,6554.842,1799,173,0,1799
2024-04-06 03:00:00,6554.696,6558.95,6551.21,6558.082,1793,173,0,1793
2024-04-06 04:00:00,6558.201,6568.361,6556.913,6559.363,1796,173,0,1796
2024-04-06 05:00:00,6559.433,6562.785,6555.057,6559.326,1796,173,0,1796
2024-04-06 06:00:00,6559.352,6567.051,6555.44,6563.792,1797,173,0,1797
2024-04-06 07:00:00,6563.522,6573.334,6561.875,6571.627,1798,173,0,1798
2024-04-06 08:00:00,6571.549,6571.549,6562.379,6569.661,1798,173,0,1798
2024-04-06 09:00:00,6569.745,6572.333,6559.599,6562.81,1795,173,0,1795
2024-04-06 10:00:00,6562.33,6575.961,6561.377,6573.182,1791,173,0,1791
2024-04-06 11:00:00,6573.089,6587.576,6573.089,6584.997,1799,173,0,1799
2024-04-06 12:00:00,6584.656,6586.909,6576.403,6576.826,1795,173,0,1795
2024-04-06 13:00:00,6576.506,6577.266,6568.196,6572.328,1797,173,0,1797
2024-04-06 14:00:00,6572.156,6574.122,6567.838,6571.191,1796,173,0,1796
2024-04-06 15:00:00,6571.385,6572.021,6558.034,6560.546,1795,173,0,1795
2024-04-06 16:00:00,6560.82,6563.341,6551.634,6553.807,1795,173,0,1795
2024-04-06 17:00:00,6554.241,6564.07,6553.503,6556.864,1793,173,0,1793
2024-04-06 18:00:00,6557.192,6569.094,6556.997,6566.807,1797,173,0,1797
2024-04-06 19:00:00,6567.017,6572.287,6564.478,6571.491,1797,173,0,1797
2024-04-06 20:00:00,6571.421,6575.707,6567.317,6571.551,1799,173,0,1799
2024-04-06 21:00:00,6571.559,6572.31,6563.512,6571.693,1797,173,0,1797
2024-04-06 22:00:00,6571.692,6573.161,6563.939,6566.306,1795,173,0,1795
2024-04-06 23:00:00,6566.184,6569.151,6559.604,6566.895,1798,173,0,1798
2024-04-07 00:00:00,6566.84,6568.0,6561.105,6562.317,1796,173,0,1796
2024-04-07 01:00:00,6562.776,6567.118,6553.115,6557.186,1794,173,0,1794
2024-04-07 02:00:00,6557.34,6570.911,6555.455,6570.731,1795,173,0,1795
2024-04-07 03:00:00,6570.932,6587.263,6570.396,6585.851,1795,173,0,1795
2024-04-07 04:00:00,6585.67,6596.86,6584.931,6595.516,1799,173,0,1799
2024-04-07 05:00:00,6595.528,6604.405,6592.004,6603.96,1797,173,0,1797
2024-04-07 06:00:00,6603.795,6604.565,6588.311,6591.348,1794,173,0,1794
2024-04-07 07:00:00,6591.321,6601.293,6591.238,6600.652,1795,173,0,1795
2024-04-07 08:00:00,6600.898,6613.728,6600.327,6610.038,1795,173,0,1795
2024-04-07 09:00:00,6609.777,6612.007,6599.649,6601.838,1796,173,0,1796
2024-04-07 10:00:00,6601.868,6602.705,6592.461,6593.014,1797,173,0,1797
2024-04-07 11:00:00,6593.109,6595.832,6586.312,6592.233,1795,173,0,1795
2024-04-07 12:00:00,6592.276,6595.727,6584.952,6592.329,1791,173,0,1791
2024-04-07 13:00:00,6592.227,6598.794,6586.763,6589.902,1796,173,0,1796
2024-04-07 14:00:00,6589.846,6602.432,6588.858,6596.771,1795,173,0,1795
2024-04-07 15:00:00,6596.925,6601.969,6592.816,6600.326,1795,173,0,1795
2024-04-07 16:00:00,6600.295,6609.597,6599.296,6601.396,1795,173,0,1795
2024-04-07 17:00:00,6601.289,6601.289,6590.717,6591.52,1796,173,0,1796
2024-04-07 18:00:00,6591.574,6601.359,6588.94,6596.307,1797,173,0,1797
2024-04-07 19:00:00,6596.4,6603.304,6593.012,6593.012,1799,173,0,1799
2024-04-07 20:00:00,6593.063,6593.459,6582.999,6589.435,1797,173,0,1797
2024-04-07 21:00:00,6589.401,6590.871,6578.144,6578.55,1799,173,0,1799
2024-04-07 22:00:00,6578.52,6583.916,6569.622,6570.399,1797,173,0,1797
2024-04-07 23:00:00,6570.461,6579.089,6568.133,6578.885,1797,173,0,1797
2024-04-08 00:00:00,6578.916,6579.067,6570.258,6570.46,1793,173,0,1793
2024-04-08 01:00:00,6570.639,6573.94,6565.713,6569.224,1797,173,0,1797
2024-04-08 02:00:00,6568.864,6581.381,6563.904,6579.601,1796,173,0,1796
2024-04-08 03:00:00,6579.601,6582.485,6574.747,6575.05,1794,173,0,1794
2024-04-08 04:00:00,6575.044,6582.505,6571.004,6578.675,1794,173,0,1794
2024-04-08 05:00:00,6578.371,6578.409,6569.198,6570.383,1795,173,0,1795
2024-04-08 06:00:00,6570.504,6577.665,6567.311,6574.241,1796,173,0,1796
2024-04-08 07:00:00,6574.162,6577.694,6569.397,6569.397,1794,173,0,1794
2024-04-08 08:00:00,6569.381,6573.466,6567.038,6567.662,1792,173,0,1792
2024-04-08 09:00:00,6567.709,6570.864,6560.992,6566.081,1800,173,0,1800
2024-04-08 10:00:00,6566.186,6567.388,6558.113,6558.74,1796,173,0,1796
2024-04-08 11:00:00,6558.565,6566.749,6555.258,6566.56,1797,181,0,1797
2024-04-08 12:00:00,6566.284,6580.032,6565.476,6575.153,1799,181,0,1799
2024-04-08 13:00:00,6574.923,6582.31,6570.625,6582.306,1797,181,0,1797
2024-04-08 14:00:00,6582.225,6586.763,6563.651,6563.773,1798,181,0,1798
2024-04-08 15:00:00,6563.759,6565.68,6551.651,6552.015,1798,181,0,1798
2024-04-08 16:00:00,6552.256,6554.157,6538.8,6542.186,1797,181,0,1797
2024-04-08 17:00:00,6542.28,6549.177,6540.373,6546.831,1796,181,0,1796
2024-04-08 18:00:00,6546.785,6552.025,6543.17,6545.667,1799,181,0,1799
2024-04-08 19:00:00,6545.695,6551.484,6542.299,6548.433,1800,181,0,1800
2024-04-08 20:00:00,6548.459,6551.183,6536.087,6546.289,1795,181,0,1795
2024-04-08 21:00:00,6546.256,6547.769,6539.803,6541.273,1798,181,0,1798
2024-04-08 22:00:00,6541.307,6549.976,6540.537,6543.434,1793,181,0,1793
2024-04-08 23:00:00,6543.712,6552.029,6541.707,6549.341,1793,181,0,1793
2024-04-09 00:00:00,6549.239,6558.048,6549.088,6557.814,1793,181,0,1793
2024-04-09 01:00:00,6557.911,6568.658,6555.577,6563.814,1796,181,0,1796
2024-04-09 02:00:00,6563.98,6564.816,6558.018,6560.405,1796,181,0,1796
2024-04-09 03:00:00,6560.225,6562.893,6556.73,6561.363,1796,181,0,1796
2024-04-09 04:00:00,6561.463,6563.487,6555.204,6562.18,1799,181,0,1799
2024-04-09 05:00:00,6562.232,6569.457,6561.824,6567.013,1796,181,0,1796
2024-04-09 06:00:00,6566.804,6567.951,6547.192,6548.232,1796,181,0,1796
2024-04-09 07:00:00,6548.318,6549.805,6535.597,6544.274,1799,181,0,1799
2024-04-09 08:00:00,6544.417,6548.716,6541.647,6547.422,1799,181,0,1799
2024-04-09 09:00:00,6547.472,6551.6,6542.601,6551.06,1792,181,0,1792
2024-04-09 10:00:00,6550.959,6554.208,6547.038,6549.757,1796,181,0,1796
2024-04-09 11:00:00,6549.863,6553.788,6542.614,6544.985,1798,181,0,1798
2024-04-09 12:00:00,6545.087,6548.361,6539.726,6544.106,1794,181,0,1794
2024-04-09 13:00:00,6544.129,6545.496,6532.681,6540.812,1792,181,0,1792
2024-04-09 14:00:00,6541.056,6551.707,6540.857,6541.163,1794,181,0,1794
2024-04-09 15:00:00,6541.001,6550.264,6538.406,6545.752,1793,181,0,1793
2024-04-09 16:00:00,6545.81,6548.047,6540.782,6544.583,1798,181,0,1798
2024-04-09 17:00:00,6544.534,6555.239,6540.502,6552.632,1795,181,0,1795
2024-04-09 18:00:00,6552.335,6557.047,6550.48,6555.555,1793,181,0,1793
2024-04-09 19:00:00,6555.327,6559.055,6551.031,6554.789,1797,181,0,1797
2024-04-09 20:00:00,6554.886,6559.361,6552.051,6555.118,1795,181,0,1795
2024-04-09 21:00:00,6554.875,6560.537,6552.481,6556.167,1798,181,0,1798
2024-04-09 22:00:00,6556.121,6567.37,6555.856,6566.78,1794,181,0,1794
2024-04-09 23:00:00,6566.705,6576.454,6555.466,6555.466,1797,181,0,1797
2024-04-10 00:00:00,6555.416,6557.662,6544.916,6545.864,1798,181,0,1798
2024-04-10 01:00:00,6546.173,6555.391,6535.766,6535.905,1797,181,0,1797
2024-04-10 02:00:00,6535.733,6538.839,6532.017,6533.047,1794,181,0,1794
2024-04-10 03:00:00,6532.92,6541.569,6530.035,6538.976,1794,181,0,1794
2024-04-10 04:00:00,6538.949,6543.434,6531.994,6539.207,1794,181,0,1794
2024-04-10 05:00:00,6539.071,6548.783,6537.43,6547.015,1796,181,0,1796
2024-04-10 06:00:00,6546.947,6556.552,6545.683,6555.962,1797,181,0,1797
2024-04-10 07:00:00,6556.09,6566.854,6555.507,6559.44,1795,181,0,1795
2024-04-10 08:00:00,6559.415,6570.364,6558.666,6564.249,1796,181,0,1796
2024-04-10 09:00:00,6564.257,6565.398,6558.244,6558.377,1794,181,0,1794
2024-04-10 10:00:00,6558.568,6562.962,6555.515,6558.691,1799,181,0,1799
2024-04-10 11:00:00,6558.661,6571.104,6558.501,6569.587,1796,181,0,1796
2024-04-10 12:00:00,6569.499,6574.728,6567.951,6568.214,1799,181,0,1799
2024-04-10 13:00:00,6568.383,6572.65,6564.725,6564.725,1795,181,0,1795
2024-04-10 14:00:00,6564.742,6564.758,6556.505,6557.685,1797,181,0,1797
2024-04-10 15:00:00,6557.557,6562.154,6550.696,6551.369,1794,181,0,1794
2024-04-10 16:00:00,6551.468,6553.837,6547.313,6547.368,1798,181,0,1798
2024-04-10 17:00:00,6547.401,6549.902,6543.022,6548.751,1796,181,0,1796
2024-04-10 18:00:00,6548.757,6551.885,6543.357,6547.066,1797,181,0,1797
2024-04-10 19:00:00,6547.106,6549.177,6542.285,6547.248,1793,181,0,1793
2024-04-10 20:00:00,6547.11,6558.583,6544.913,6555.681,1796,181,0,1796
2024-04-10 21:00:00,6555.71,6560.606,6552.32,6557.63,1799,181,0,1799
2024-04-10 22:00:00,6557.755,6569.991,6556.336,6569.991,1791,181,0,1791
2024-04-10 23:00:00,6570.214,6570.921,6559.246,6564.836,1796,181,0,1796
2024-04-11 00:00:00,6564.921,6571.465,6559.652,6560.137,1796,181,0,1796
2024-04-11 01:00:00,6560.124,6560.345,6548.335,6551.709,1795,181,0,1795
2024-04-11 02:00:00,6551.797,6554.903,6545.814,6548.899,1798,181,0,1798
2024-04-11 03:00:00,6548.942,6557.373,6542.086,6542.331,1796,181,0,1796
2024-04-11 04:00:00,6542.42,6556.925,6542.225,6554.533,1797,181,0,1797
2024-04-11 05:00:00,6554.297,6560.503,6552.089,6558.92,1796,181,0,1796
2024-04-11 06:00:00,6558.859,6563.024,6549.522,6553.114,1796,181,0,1796
2024-04-11 07:00:00,6553.221,6563.425,6548.448,6560.098,1798,181,0,1798
2024-04-11 08:00:00,6560.182,6568.774,6556.504,6567.308,1797,181,0,1797
2024-04-11 09:00:00,6566.981,6569.146,6563.89,6566.23,1794,181,0,1794
2024-04-11 10:00:00,6566.151,6570.351,6555.67,6556.756,1796,181,0,1796
2024-04-11 11:00:00,6556.928,6561.295,6552.963,6557.186,1795,181,0,1795
2024-04-11 12:00:00,6557.102,6557.467,6551.565,6552.58,1791,181,0,1791
2024-04-11 13:00:00,6552.734,6557.408,6548.264,6553.276,1797,181,0,1797
2024-04-11 14:00:00,6553.437,6556.69,6549.162,6555.079,1795,181,0,1795
2024-04-11 15:00:00,6555.191,6557.75,6540.618,6543.058,1793,181,0,1793
2024-04-11 16:00:00,6543.088,6545.164,6531.816,6533.189,1797,181,0,1797
2024-04-11 17:00:00,6533.156,6534.532,6526.841,6531.773,1797,181,0,1797
2024-04-11 18:00:00,6531.509,6535.758,6527.944,6528.294,1797,181,0,1797
2024-04-11 19:00:00,6528.528,6528.632,6516.758,6522.425,1797,181,0,1797
2024-04-11 20:00:00,6522.307,6528.797,6519.38,6528.068,1795,181,0,1795
2024-04-11 21:00:00,6527.982,6544.797,6526.009,6543.133,1791,181,0,1791
2024-04-11 22:00:00,6543.39,6547.561,6536.161,6541.803,1795,181,0,1795
2024-04-11 23:00:00,6541.716,6547.255,6540.673,6541.884,1797,181,0,1797
2024-04-12 00:00:00,6541.888,6547.209,6536.838,6537.994,1797,181,0,1797
2024-04-12 01:00:00,6538.241,6540.043,6530.072,6534.221,1797,181,0,1797
2024-04-12 02:00:00,6534.098,6536.544,6527.983,6536.333,1794,181,0,1794
2024-04-12 03:00:00,6536.161,6536.836,6529.935,6532.085,1796,181,0,1796
2024-04-12 04:00:00,6532.175,6537.006,6526.826,6529.825,1795,181,0,1795
2024-04-12 05:00:00,6529.776,6539.984,6529.497,6531.009,1797,181,0,1797
2024-04-12 06:00:00,6531.17,6533.462,6526.584,6527.403,1797,181,0,1797
2024-04-12 07:00:00,6527.2,6536.129,6525.446,6527.792,1796,181,0,1796
2024-04-12 08:00:00,6527.694,6529.436,6522.703,6527.62,1796,181,0,1796
2024-04-12 09:00:00,6527.725,6533.657,6525.731,6533.132,1793,181,0,1793
2024-04-12 10:00:00,6533.184,6542.386,6532.007,6541.735,1797,181,0,1797
2024-04-12 11:00:00,6541.536,6543.56,6531.913,6535.744,1796,181,0,1796
2024-04-12 12:00:00,6535.846,6539.189,6530.745,6533.743,1798,181,0,1798
2024-04-12 13:00:00,6533.764,6541.231,6531.572,6532.649,1791,181,0,1791
2024-04-12 14:00:00,6532.797,6537.3,6515.819,6523.076,1796,181,0,1796
2024-04-12 15:00:00,6522.982,6524.943,6515.12,6518.046,1795,181,0,1795
2024-04-12 16:00:00,6518.276,6522.639,6516.522,6519.233,1795,181,0,1795
2024-04-12 17:00:00,6519.006,6519.006,6497.691,6502.698,1798,181,0,1798
2024-04-12 18:00:00,6502.815,6507.015,6499.384,6500.637,1796,181,0,1796
2024-04-12 19:00:00,6500.626,6500.626,6495.032,6497.527,1796,181,0,1796
2024-04-12 20:00:00,6497.552,6498.635,6491.005,6493.728,1795,181,0,1795
2024-04-12 21:00:00,6493.716,6505.366,6493.464,6498.73,1796,181,0,1796
2024-04-12 22:00:00,6498.763,6502.093,6494.569,6498.699,1796,181,0,1796
2024-04-12 23:00:00,6498.809,6504.309,6497.434,6501.449,1795,181,0,1795
2024-04-13 00:00:00,6501.632,6505.398,6496.269,6496.728,1796,181,0,1796
2024-04-13 01:00:00,6496.646,6497.13,6484.693,6484.968,1795,181,0,1795
2024-04-13 02:00:00,6485.059,6487.91,6474.956,6474.956,1793,181,0,1793
2024-04-13 03:00:00,6474.706,6481.209,6472.298,6475.757,1798,181,0,1798
2024-04-13 04:00:00,6475.719,6481.095,6470.685,6479.597,1796,181,0,1796
2024-04-13 05:00:00,6479.434,6481.28,6475.214,6477.272,1798,181,0,1798
2024-04-13 06:00:00,6477.22,6488.311,6474.57,6485.375,1792,181,0,1792
2024-04-13 07:00:00,6485.349,6490.709,6478.445,6488.298,1789,181,0,1789
2024-04-13 08:00:00,6488.281,6494.063,6486.293,6486.774,1795,181,0,1795
2024-04-13 09:00:00,6486.761,6490.028,6480.972,6488.938,1794,181,0,1794
2024-04-13 10:00:00,6488.883,6489.378,6484.281,6486.111,1796,181,0,1796
2024-04-13 11:00:00,6486.185,6503.273,6485.601,6500.726,1794,181,0,1794
2024-04-13 12:00:00,6500.858,6501.413,6483.665,6483.803,1797,181,0,1797
2024-04-13 13:00:00,6484.1,6484.39,6474.392,6474.638,1795,181,0,1795
2024-04-13 14:00:00,6474.654,6478.322,6471.814,6475.429,1798,181,0,1798
2024-04-13 15:00:00,6475.601,6479.444,6469.742,6474.951,1795,181,0,1795
2024-04-13 16:00:00,6474.817,6474.841,6461.076,6467.023,1797,181,0,1797
2024-04-13 17:00:00,6467.323,6470.411,6460.899,6464.279,1797,181,0,1797
2024-04-13 18:00:00,6464.441,6465.085,6450.457,6453.682,1798,181,0,1798
2024-04-13 19:00:00,6453.929,6459.602,6448.44,6453.357,1795,181,0,1795
2024-04-13 20:00:00,6453.241,6455.51,6446.547,6446.547,1795,181,0,1795
2024-04-13 21:00:00,6446.511,6450.863,6443.72,6448.767,1799,181,0,1799
2024-04-13 22:00:00,6448.853,6456.424,6447.937,6450.964,1797,181,0,1797
2024-04-13 23:00:00,6451.197,6462.478,6449.404,6460.265,1793,181,0,1793
2024-04-14 00:00:00,6460.022,6463.577,6453.695,6453.941,1796,181,0,1796
2024-04-14 01:00:00,6454.016,6457.276,6449.872,6456.681,1692,181,0,1692
2024-04-14 02:00:00,6456.354,6457.056,6444.929,6450.243,1798,181,0,1798
2024-04-14 03:00:00,6449.959,6456.951,6442.198,6445.688,1794,181,0,1794
2024-04-14 04:00:00,6445.71,6449.441,6442.307,6448.311,1794,181,0,1794
2024-04-14 05:00:00,6448.167,6451.473,6441.385,6447.962,1796,181,0,1796
2024-04-14 06:00:00,6447.753,6460.994,6444.963,6459.659,1794,181,0,1794
2024-04-14 07:00:00,6459.831,6461.148,6452.723,6453.222,1798,181,0,1798
2024-04-14 08:00:00,6453.328,6463.319,6453.075,6463.02,1796,181,0,1796
2024-04-14 09:00:00,6462.706,6464.865,6457.255,6461.125,1799,181,0,1799
2024-04-14 10:00:00,6461.443,6464.647,6449.411,6450.413,1796,181,0,1796
2024-04-14 11:00:00,6450.473,6470.713,6450.322,6469.911,1792,181,0,1792
2024-04-14 12:00:00,6470.086,6470.749,6458.11,6462.224,1795,181,0,1795
2024-04-14 13:00:00,6462.393,6464.57,6452.075,6452.126,1797,181,0,1797
2024-04-14 14:00:00,6451.984,6469.739,6451.065,6462.042,1798,181,0,1798
2024-04-14 15:00:00,6462.136,6470.665,6459.334,6469.915,1795,181,0,1795
2024-04-14 16:00:00,6469.994,6479.236,6469.881,6471.204,1798,181,0,1798
2024-04-14 17:00:00,6471.276,6486.916,6470.244,6484.107,1796,181,0,1796
2024-04-14 18:00:00,6484.006,6487.498,6479.269,6480.873,1791,181,0,1791
2024-04-14 19:00:00,6480.797,6482.67,6470.959,6471.296,1793,181,0,1793
2024-04-14 20:00:00,6471.43,6485.868,6471.181,6480.649,1796,181,0,1796
2024-04-14 21:00:00,6480.533,6483.891,6476.801,6480.297,1799,181,0,1799
2024-04-14 22:00:00,6480.316,6481.826,6470.19,6473.287,1795,181,0,1795
2024-04-14 23:00:00,6473.366,6483.921,6472.399,6483.054,1795,181,0,1795
2024-04-15 00:00:00,6483.059,6490.192,6480.478,6487.55,1797,181,0,1797
2024-04-15 01:00:00,6487.583,6489.363,6477.985,6478.783,1799,181,0,1799
2024-04-15 02:00:00,6478.755,6481.866,6472.475,6472.539,1798,181,0,1798
2024-04-15 03:00:00,6472.61,6482.473,6470.438,6480.315,1796,181,0,1796
2024-04-15 04:00:00,6480.325,6496.327,6477.625,6495.039,1794,181,0,1794
2024-04-15 05:00:00,6494.942,6504.651,6493.757,6500.338,1797,181,0,1797
2024-04-15 06:00:00,6500.247,6501.206,6494.367,6495.021,1797,181,0,1797
2024-04-15 07:00:00,6494.794,6494.794,6480.107,6487.152,1798,181,0,1798
2024-04-15 08:00:00,6487.048,6490.236,6479.249,6481.658,1798,181,0,1798
2024-04-15 09:00:00,6481.911,6481.911,6466.599,6469.047,1795,181,0,1795
2024-04-15 10:00:00,6469.342,6472.47,6466.851,6469.564,1795,181,0,1795
2024-04-15 11:00:00,6469.781,6472.018,6460.536,6461.241,1798,181,0,1798
2024-04-15 12:00:00,6461.186,6472.319,6460.705,6467.441,1795,179,0,1795
2024-04-15 13:00:00,6467.439,6474.779,6464.953,6473.843,1791,179,0,1791
2024-04-15 14:00:00,6473.987,6486.388,6470.645,6484.554,1795,179,0,1795
2024-04-15 15:00:00,6484.617,6484.617,6475.204,6480.242,1791,179,0,1791
2024-04-15 16:00:00,6479.953,6481.067,6472.737,6474.434,1797,179,0,1797
2024-04-15 17:00:00,6474.205,6481.516,6471.722,6471.722,1798,179,0,1798
2024-04-15 18:00:00,6471.658,6472.438,6457.211,6459.093,1792,179,0,1792
2024-04-15 19:00:00,6458.989,6463.832,6457.602,6461.594,1793,179,0,1793
2024-04-15 20:00:00,6461.855,6465.594,6456.151,6464.303,1798,179,0,1798
2024-04-15 21:00:00,6464.187,6472.157,6463.523,6469.252,1792,179,0,1792
2024-04-15 22:00:00,6468.987,6476.741,6467.801,6474.773,1794,179,0,1794
2024-04-15 23:00:00,6474.665,6477.337,6470.41,6475.459,1795,179,0,1795
2024-04-16 00:00:00,6475.34,6477.081,6466.723,6470.778,1794,179,0,1794
2024-04-16 01:00:00,6470.567,6472.823,6463.141,6464.954,1795,179,0,1795
2024-04-16 02:00:00,6464.983,6467.821,6462.591,6464.612,1795,179,0,1795
2024-04-16 03:00:00,6464.768,6473.572,6458.684,6472.097,1794,179,0,1794
2024-04-16 04:00:00,6472.124,6479.179,6468.934,6468.934,1798,179,0,1798
2024-04-16 05:00:00,6468.919,6472.297,6458.404,6458.853,1795,179,0,1795
2024-04-16 06:00:00,6459.119,6471.506,6457.557,6471.292,1794,179,0,1794
2024-04-16 07:00:00,6471.454,6473.719,6457.995,6458.705,1795,179,0,1795
2024-04-16 08:00:00,6458.804,6464.698,6455.88,6462.099,1798,179,0,1798
2024-04-16 09:00:00,6461.901,6470.583,6460.092,6469.021,1798,179,0,1798
2024-04-16 10:00:00,6469.144,6479.5,6468.82,6478.603,1800,179,0,1800
2024-04-16 11:00:00,6478.71,6480.35,6475.544,6476.957,1794,179,0,1794
2024-04-16 12:00:00,6477.101,6486.95,6476.109,6479.725,1797,179,0,1797
2024-04-16 13:00:00,6479.669,6479.7,6463.839,6464.459,1795,179,0,1795
2024-04-16 14:00:00,6464.515,6469.136,6456.961,6460.964,1796,179,0,1796
2024-04-16 15:00:00,6460.623,6460.993,6448.975,6449.986,1795,179,0,1795
2024-04-16 16:00:00,6449.784,6450.93,6442.393,6445.736,1795,179,0,1795
2024-04-16 17:00:00,6445.689,6451.004,6438.262,6438.464,1798,179,0,1798
2024-04-16 18:00:00,6438.803,6438.852,6431.802,6436.817,1798,179,0,1798
2024-04-16 19:00:00,6436.622,6440.304,6430.659,6438.781,1797,179,0,1797
2024-04-16 20:00:00,6438.561,6447.773,6436.084,6447.629,1791,179,0,1791
2024-04-16 21:00:00,6447.852,6449.485,6438.2,6438.279,1795,179,0,1795
2024-04-16 22:00:00,6438.316,6438.881,6417.262,6418.961,1792,179,0,1792
2024-04-16 23:00:00,6418.923,6427.548,6418.007,6426.675,1795,179,0,1795
2024-04-17 00:00:00,6426.82,6428.06,6411.741,6412.571,1797,179,0,1797
2024-04-17 01:00:00,6412.299,6419.58,6403.213,6404.074,1792,179,0,1792
2024-04-17 02:00:00,6403.91,6412.312,6402.678,6409.721,1794,179,0,1794
2024-04-17 03:00:00,6409.719,6411.738,6397.398,6398.455,1795,179,0,1795
2024-04-17 04:00:00,6398.465,6403.7,6396.162,6399.667,1799,179,0,1799
2024-04-17 05:00:00,6399.969,6407.038,6399.769,6404.198,1797,179,0,1797
2024-04-17 06:00:00,6404.344,6406.96,6399.679,6405.427,1792,179,0,1792
2024-04-17 07:00:00,6405.479,6417.292,6405.441,6417.022,1797,179,0,1797
2024-04-17 08:00:00,6416.837,6421.034,6413.193,6420.468,1797,179,0,1797
2024-04-17 09:00:00,6420.48,6423.45,6413.368,6418.094,1797,179,0,1797
2024-04-17 10:00:00,6417.975,6429.649,6416.995,6428.639,1794,179,0,1794
2024-04-17 11:00:00,6428.577,6433.457,6425.055,6429.357,1795,179,0,1795
2024-04-17 12:00:00,6429.304,6434.385,6427.128,6432.405,1797,179,0,1797
2024-04-17 13:00:00,6432.219,6433.381,6425.821,6432.005,1796,179,0,1796
2024-04-17 14:00:00,6431.731,6432.529,6419.614,6426.14,1796,179,0,1796
2024-04-17 15:00:00,6426.187,6428.788,6420.716,6423.651,1798,179,0,1798
2024-04-17 16:00:00,6423.402,6423.546,6414.662,6421.556,1797,179,0,1797
2024-04-17 17:00:00,6421.743,6427.421,6420.051,6423.951,1797,179,0,1797
2024-04-17 18:00:00,6423.961,6432.136,6422.072,6426.79,1795,179,0,1795
2024-04-17 19:00:00,6426.723,6427.82,6420.553,6420.633,1797,179,0,1797
2024-04-17 20:00:00,6420.709,6425.594,6416.075,6420.873,1796,179,0,1796
2024-04-17 21:00:00,6420.673,6420.673,6410.499,6419.271,1796,179,0,1796
2024-04-17 22:00:00,6419.31,6424.614,6416.195,6419.489,1794,179,0,1794
2024-04-17 23:00:00,6419.874,6434.235,6418.078,6430.259,1794,179,0,1794
2024-04-18 00:00:00,6430.548,6431.652,6423.847,6428.089,1794,179,0,1794
2024-04-18 01:00:00,6427.879,6430.827,6418.216,6418.304,1795,179,0,1795
2024-04-18 02:00:00,6418.193,6421.37,6401.305,6404.226,1791,179,0,1791
2024-04-18 03:00:00,6404.279,6404.921,6395.014,6400.99,1798,179,0,1798
2024-04-18 04:00:00,6401.033,6408.623,6398.902,6408.086,1797,179,0,1797
2024-04-18 05:00:00,6408.194,6416.552,6406.267,6411.024,1797,179,0,1797
2024-04-18 06:00:00,6411.234,6414.449,6408.323,6411.553,1796,179,0,1796
2024-04-18 07:00:00,6411.363,6418.727,6409.909,6412.45,1796,179,0,1796
2024-04-18 08:00:00,6412.28,6414.621,6396.893,6397.054,1796,179,0,1796
2024-04-18 09:00:00,6396.962,6398.814,6389.563,6395.896,1795,179,0,1795
2024-04-18 10:00:00,6395.63,6404.275,6393.677,6399.038,1797,179,0,1797
2024-04-18 11:00:00,6399.186,6403.21,6395.429,6399.919,1795,179,0,1795
2024-04-18 12:00:00,6399.652,6399.677,6391.687,6393.084,1797,179,0,1797
2024-04-18 13:00:00,6393.503,6395.787,6390.67,6392.019,1796,179,0,1796
2024-04-18 14:00:00,6392.089,6398.475,6390.448,6391.188,1795,179,0,1795
2024-04-18 15:00:00,6391.263,6400.092,6390.371,6397.36,1798,179,0,1798
2024-04-18 16:00:00,6397.613,6409.721,6395.522,6409.499,1793,179,0,1793
2024-04-18 17:00:00,6409.276,6409.276,6403.819,6406.447,1796,179,0,1796
2024-04-18 18:00:00,6406.601,6410.025,6401.187,6402.642,1799,179,0,1799
2024-04-18 19:00:00,6402.539,6405.165,6397.459,6404.228,1791,179,0,1791
2024-04-18 20:00:00,6404.329,6405.467,6399.969,6400.478,1792,179,0,1792
2024-04-18 21:00:00,6400.044,6403.396,6395.926,6401.433,1795,179,0,1795
2024-04-18 22:00:00,6401.399,6415.674,6400.01,6411.266,1797,179,0,1797
2024-04-18 23:00:00,6411.148,6412.405,6403.486,6409.648,1796,179,0,1796
2024-04-19 00:00:00,6409.637,6410.897,6401.669,6408.572,1797,179,0,1797
2024-04-19 01:00:00,6408.359,6420.227,6407.681,6415.396,1797,179,0,1797
2024-04-19 02:00:00,6415.44,6418.1,6407.939,6407.939,1800,179,0,1800
2024-04-19 03:00:00,6408.056,6413.045,6402.502,6412.832,1796,179,0,1796
2024-04-19 04:00:00,6412.619,6415.761,6399.188,6399.87,1793,179,0,1793
2024-04-19 05:00:00,6399.974,6402.142,6391.219,6393.626,1799,179,0,1799
2024-04-19 06:00:00,6393.587,6404.139,6390.667,6403.017,1798,179,0,1798
2024-04-19 07:00:00,6403.017,6406.234,6393.97,6394.103,1796,179,0,1796
2024-04-19 08:00:00,6393.973,6396.338,6386.354,6386.512,1798,179,0,1798
2024-04-19 09:00:00,6386.451,6388.404,6377.992,6379.428,1795,179,0,1795
2024-04-19 10:00:00,6379.487,6380.205,6367.523,6367.523,1797,179,0,1797
2024-04-19 11:00:00,6367.702,6376.075,6366.617,6374.196,1795,179,0,1795
2024-04-19 12:00:00,6374.099,6380.037,6367.817,6378.863,1797,179,0,1797
2024-04-19 13:00:00,6378.832,6380.878,6370.622,6375.051,1798,179,0,1798
2024-04-19 14:00:00,6375.444,6376.437,6358.014,6358.467,1798,179,0,1798
2024-04-19 15:00:00,6358.332,6366.029,6357.024,6364.879,1798,179,0,1798
2024-04-19 16:00:00,6365.222,6374.969,6364.879,6369.976,1795,179,0,1795
2024-04-19 17:00:00,6370.095,6373.025,6365.75,6366.73,1792,179,0,1792
2024-04-19 18:00:00,6366.925,6369.955,6353.613,6356.796,1797,179,0,1797
2024-04-19 19:00:00,6357.044,6361.756,6353.619,6357.258,1795,179,0,1795
2024-04-19 20:00:00,6357.054,6358.983,6349.31,6351.924,1796,179,0,1796
2024-04-19 21:00:00,6352.175,6361.739,6347.509,6360.028,1796,179,0,1796
2024-04-19 22:00:00,6359.883,6360.47,6352.685,6354.97,1794,179,0,1794
2024-04-19 23:00:00,6354.792,6359.732,6350.252,6359.525,1795,179,0,1795
2024-04-20 00:00:00,6359.226,6363.85,6349.442,6350.469,1794,179,0,1794
2024-04-20 01:00:00,6350.342,6354.294,6345.71,6347.748,1797,179,0,1797
2024-04-20 02:00:00,6347.96,6353.061,6342.545,6350.357,1798,179,0,1798
2024-04-20 03:00:00,6350.277,6364.589,6349.971,6363.485,1797,179,0,1797
2024-04-20 04:00:00,6363.29,6365.602,6357.323,6364.492,1795,179,0,1795
2024-04-20 05:00:00,6364.906,6367.554,6360.895,6362.812,1796,179,0,1796
2024-04-20 06:00:00,6362.815,6364.021,6353.906,6358.619,1794,179,0,1794
2024-04-20 07:00:00,6358.665,6367.005,6357.462,6359.63,1797,179,0,1797
2024-04-20 08:00:00,6359.621,6363.514,6353.096,6356.527,1798,179,0,1798
2024-04-20 09:00:00,6356.289,6364.006,6354.11,6359.018,1795,179,0,1795
2024-04-20 10:00:00,6358.933,6363.551,6358.034,6361.138,1791,179,0,1791
2024-04-20 11:00:00,6361.057,6362.77,6354.645,6362.719,1795,179,0,1795
2024-04-20 12:00:00,6362.369,6371.363,6361.47,6368.787,1796,179,0,1796
2024-04-20 13:00:00,6368.768,6370.936,6360.988,6362.556,1798,179,0,1798
2024-04-20 14:00:00,6362.784,6372.706,6362.784,6372.281,1795,179,0,1795
2024-04-20 15:00:00,6372.106,6377.471,6368.313,6373.987,1795,179,0,1795
2024-04-20 16:00:00,6373.747,6373.747,6357.922,6361.833,1798,179,0,1798
2024-04-20 17:00:00,6361.828,6365.025,6354.642,6355.708,1799,179,0,1799
2024-04-20 18:00:00,6355.808,6359.012,6352.396,6355.36,1793,179,0,1793
2024-04-20 19:00:00,6355.224,6359.573,6343.514,6343.661,1797,179,0,1797
2024-04-20 20:00:00,6343.64,6344.938,6333.947,6338.645,1796,179,0,1796
2024-04-20 21:00:00,6338.698,6343.237,6336.803,6338.148,1798,179,0,1798
2024-04-20 22:00:00,6337.786,6339.291,6329.665,6337.362,1797,179,0,1797
2024-04-20 23:00:00,6337.241,6339.451,6331.774,6331.993,1794,179,0,1794
2024-04-21 00:00:00,6332.123,6336.254,6328.218,6330.856,1790,179,0,1790
2024-04-21 01:00:00,6331.219,6345.541,6330.377,6345.521,1798,179,0,1798
2024-04-21 02:00:00,6345.347,6363.912,6342.638,6363.18,1793,179,0,1793
2024-04-21 03:00:00,6363.123,6371.828,6363.123,6368.56,1795,179,0,1795
2024-04-21 04:00:00,6368.559,6372.825,6366.114,6371.318,1791,179,0,1791
2024-04-21 05:00:00,6371.322,6372.796,6354.259,6356.494,1797,179,0,1797
2024-04-21 06:00:00,6356.365,6368.121,6356.099,6364.052,1797,179,0,1797
2024-04-21 07:00:00,6364.081,6365.829,6355.116,6358.259,1795,179,0,1795
2024-04-21 08:00:00,6358.397,6365.374,6356.835,6364.08,1797,179,0,1797
2024-04-21 09:00:00,6364.113,6366.889,6360.376,6360.809,1797,179,0,1797
2024-04-21 10:00:00,6360.917,6362.735,6356.577,6361.843,1796,179,0,1796
2024-04-21 11:00:00,6362.094,6368.138,6361.621,6362.078,1798,179,0,1798
2024-04-21 12:00:00,6362.225,6373.651,6359.038,6373.18,1798,179,0,1798
2024-04-21 13:00:00,6373.271,6378.342,6370.967,6373.89,1797,179,0,1797
2024-04-21 14:00:00,6373.751,6377.85,6365.098,6370.825,1793,179,0,1793
2024-04-21 15:00:00,6370.67,6372.611,6360.947,6362.332,1792,179,0,1792
2024-04-21 16:00:00,6362.191,6366.791,6354.14,6366.234,1796,179,0,1796
2024-04-21 17:00:00,6366.376,6373.304,6361.13,6373.304,1796,179,0,1796
2024-04-21 18:00:00,6373.297,6376.612,6367.532,6376.272,1792,179,0,1792
2024-04-21 19:00:00,6376.205,6383.157,6375.415,6376.679,1794,179,0,1794
2024-04-21 20:00:00,6376.434,6383.635,6369.534,6377.93,1796,179,0,1796
2024-04-21 21:00:00,6377.932,6378.434,6362.02,6370.196,1796,179,0,1796
2024-04-21 22:00:00,6370.468,6374.187,6365.576,6373.408,1793,179,0,1793
2024-04-21 23:00:00,6373.564,6385.407,6372.991,6382.434,1792,179,0,1792
2024-04-22 00:00:00,6382.639,6393.886,6379.796,6392.235,1793,179,0,1793
2024-04-22 01:00:00,6392.223,6394.131,6385.926,6392.124,1796,179,0,1796
2024-04-22 02:00:00,6392.06,6393.931,6387.792,6391.637,1798,179,0,1798
2024-04-22 03:00:00,6391.499,6396.192,6385.087,6386.772,1799,179,0,1799
2024-04-22 04:00:00,6386.427,6390.3,6383.498,6387.375,1796,179,0,1796
2024-04-22 05:00:00,6387.212,6404.245,6387.033,6402.547,1795,179,0,1795
2024-04-22 06:00:00,6402.318,6406.171,6397.091,6400.344,1799,179,0,1799
2024-04-22 07:00:00,6400.472,6408.771,6398.531,6406.565,1793,179,0,1793
2024-04-22 08:00:00,6406.624,6408.286,6401.757,6403.465,1794,179,0,1794
2024-04-22 09:00:00,6403.315,6405.076,6393.185,6393.752,1795,179,0,1795
2024-04-22 10:00:00,6393.82,6400.287,6393.573,6398.765,1797,179,0,1797
2024-04-22 11:00:00,6398.747,6401.199,6386.566,6388.192,1796,177,0,1796
2024-04-22 12:00:00,6388.291,6397.051,6385.128,6396.655,1798,177,0,1798
2024-04-22 13:00:00,6396.647,6399.396,6392.737,6395.474,1797,177,0,1797
2024-04-22 14:00:00,6395.365,6398.864,6389.487,6391.264,1794,177,0,1794
2024-04-22 15:00:00,6391.281,6392.479,6385.647,6388.217,1796,177,0,1796
2024-04-22 16:00:00,6388.142,6389.881,6379.699,6384.528,1795,177,0,1795
2024-04-22 17:00:00,6384.583,6395.198,6384.214,6394.612,1797,177,0,1797
2024-04-22 18:00:00,6394.743,6395.391,6384.592,6387.179,1796,177,0,1796
2024-04-22 19:00:00,6387.542,6390.367,6377.992,6379.965,1796,177,0,1796
2024-04-22 20:00:00,6380.043,6389.235,6377.581,6388.053,1795,177,0,1795
2024-04-22 21:00:00,6388.174,6394.452,6383.952,6384.118,1798,177,0,1798
2024-04-22 22:00:00,6383.982,6387.243,6378.805,6380.694,1792,177,0,1792
2024-04-22 23:00:00,6380.511,6386.868,6378.043,6381.487,1798,177,0,1798
2024-04-23 00:00:00,6381.647,6382.089,6370.458,6377.842,1795,177,0,1795
2024-04-23 01:00:00,6377.892,6377.892,6366.691,6369.778,1796,177,0,1796
2024-04-23 02:00:00,6369.893,6371.664,6364.948,6365.759,1792,177,0,1792
2024-04-23 03:00:00,6365.675,6365.83,6356.354,6360.891,1794,177,0,1794
2024-04-23 04:00:00,6360.859,6368.524,6360.084,6360.884,1795,177,0,1795
2024-04-23 05:00:00,6360.825,6362.086,6352.275,6352.481,1795,177,0,1795
2024-04-23 06:00:00,6352.685,6362.305,6351.601,6361.734,1799,177,0,1799
2024-04-23 07:00:00,6361.726,6362.706,6351.845,6356.189,1797,177,0,1797
2024-04-23 08:00:00,6356.245,6356.402,6347.488,6349.487,1796,177,0,1796
2024-04-23 09:00:00,6349.27,6356.435,6347.315,6353.227,1798,177,0,1798
2024-04-23 10:00:00,6353.346,6359.214,6350.08,6352.694,1797,177,0,1797
2024-04-23 11:00:00,6352.649,6364.576,6352.196,6364.206,1795,177,0,1795
2024-04-23 12:00:00,6364.219,6366.075,6356.033,6356.177,1797,177,0,1797
2024-04-23 13:00:00,6356.243,6359.268,6351.72,6351.951,1794,177,0,1794
2024-04-23 14:00:00,6351.958,6362.911,6351.432,6356.859,1798,177,0,1798
2024-04-23 15:00:00,6356.881,6370.314,6354.251,6367.894,1794,177,0,1794
2024-04-23 16:00:00,6368.118,6371.208,6362.717,6368.5,1790,177,0,1790
2024-04-23 17:00:00,6368.277,6368.277,6351.564,6353.96,1798,177,0,1798
2024-04-23 18:00:00,6354.033,6354.148,6341.074,6343.054,1796,177,0,1796
2024-04-23 19:00:00,6343.039,6350.223,6341.821,6348.457,1798,177,0,1798
2024-04-23 20:00:00,6348.371,6349.253,6340.802,6341.217,1796,177,0,1796
2024-04-23 21:00:00,6341.198,6346.414,6338.459,6343.099,1796,177,0,1796
2024-04-23 22:00:00,6343.119,6345.922,6335.084,6339.579,1794,177,0,1794
2024-04-23 23:00:00,6339.66,6341.623,6327.224,6328.71,1795,177,0,1795
2024-04-24 00:00:00,6328.226,6331.389,6323.759,6328.65,1798,177,0,1798
2024-04-24 01:00:00,6328.466,6329.593,6319.558,6320.444,1796,177,0,1796
2024-04-24 02:00:00,6320.127,6322.405,6312.211,6314.58,1794,177,0,1794
2024-04-24 03:00:00,6314.509,6318.09,6305.191,6310.447,1795,177,0,1795
2024-04-24 04:00:00,6310.561,6316.188,6306.539,6308.433,1792,177,0,1792
2024-04-24 05:00:00,6308.383,6309.48,6300.748,6307.317,1796,177,0,1796
2024-04-24 06:00:00,6307.454,6307.651,6300.575,6304.088,1797,177,0,1797
2024-04-24 07:00:00,6303.737,6304.738,6299.156,6302.752,1795,177,0,1795
2024-04-24 08:00:00,6302.871,6304.894,6294.343,6297.072,1792,177,0,1792
2024-04-24 09:00:00,6297.176,6298.227,6279.0,6283.77,1797,177,0,1797
2024-04-24 10:00:00,6283.759,6284.938,6275.514,6279.083,1795,177,0,1795
2024-04-24 11:00:00,6279.128,6289.963,6278.74,6289.051,1795,177,0,1795
2024-04-24 12:00:00,6289.07,6290.149,6276.171,6276.387,1796,177,0,1796
2024-04-24 13:00:00,6276.287,6284.35,6270.585,6270.585,1792,177,0,1792
2024-04-24 14:00:00,6270.605,6270.723,6262.026,6263.273,1794,177,0,1794
2024-04-24 15:00:00,6263.098,6267.047,6259.817,6261.716,1796,177,0,1796
2024-04-24 16:00:00,6261.72,6265.015,6257.0,6261.046,1796,177,0,1796
2024-04-24 17:00:00,6261.034,6269.917,6259.619,6268.537,1799,177,0,1799
2024-04-24 18:00:00,6268.432,6270.852,6260.418,6267.405,1796,177,0,1796
2024-04-24 19:00:00,6267.35,6270.869,6261.233,6261.434,1798,177,0,1798
2024-04-24 20:00:00,6261.27,6261.27,6248.273,6249.47,1796,177,0,1796
2024-04-24 21:00:00,6249.627,6251.243,6236.512,6236.814,1796,177,0,1796
2024-04-24 22:00:00,6236.951,6243.728,6231.041,6235.868,1795,177,0,1795
2024-04-24 23:00:00,6235.919,6249.811,6232.815,6248.058,1796,177,0,1796
2024-04-25 00:00:00,6247.938,6257.114,6244.662,6256.993,1794,177,0,1794
2024-04-25 01:00:00,6256.646,6270.3,6255.301,6269.798,1798,177,0,1798
2024-04-25 02:00:00,6269.733,6274.085,6265.153,6273.655,1795,177,0,1795
2024-04-25 03:00:00,6273.608,6281.711,6271.493,6277.018,1794,177,0,1794
2024-04-25 04:00:00,6277.007,6284.293,6277.007,6280.859,1797,177,0,1797
2024-04-25 05:00:00,6280.575,6282.814,6274.156,6281.062,1797,177,0,1797
2024-04-25 06:00:00,6280.831,6282.252,6273.457,6273.56,1795,177,0,1795
2024-04-25 07:00:00,6273.217,6273.983,6248.804,6250.089,1796,177,0,1796
2024-04-25 08:00:00,6250.083,6256.404,6249.401,6253.895,1791,177,0,1791
2024-04-25 09:00:00,6253.685,6254.877,6244.721,6250.052,1793,177,0,1793
2024-04-25 10:00:00,6250.153,6267.487,6248.325,6263.126,1798,177,0,1798
2024-04-25 11:00:00,6263.051,6263.341,6255.486,6257.81,1795,177,0,1795
2024-04-25 12:00:00,6257.795,6258.093,6248.558,6249.769,1798,177,0,1798
2024-04-25 13:00:00,6249.81,6258.314,6248.695,6248.895,1793,177,0,1793
2024-04-25 14:00:00,6248.834,6250.929,6246.244,6248.066,1797,177,0,1797
2024-04-25 15:00:00,6247.802,6254.999,6246.614,6252.147,1798,177,0,1798
2024-04-25 16:00:00,6252.129,6256.517,6249.502,6250.358,1798,177,0,1798
2024-04-25 17:00:00,6250.346,6252.279,6245.282,6251.192,1798,177,0,1798
2024-04-25 18:00:00,6251.255,6261.472,6251.255,6258.434,1795,177,0,1795
2024-04-25 19:00:00,6258.354,6258.354,6248.889,6250.323,1796,177,0,1796
2024-04-25 20:00:00,6250.161,6254.536,6246.215,6252.288,1794,177,0,1794
2024-04-25 21:00:00,6252.249,6252.443,6240.605,6242.185,1793,177,0,1793
2024-04-25 22:00:00,6242.243,6247.532,6238.643,6245.722,1796,177,0,1796
2024-04-25 23:00:00,6245.561,6253.83,6245.561,6253.508,1797,177,0,1797
2024-04-26 00:00:00,6253.472,6259.857,6251.731,6254.108,1796,177,0,1796
2024-04-26 01:00:00,6254.311,6264.642,6252.659,6262.512,1797,177,0,1797
2024-04-26 02:00:00,6262.351,6264.555,6253.771,6256.447,1797,177,0,1797
2024-04-26 03:00:00,6256.59,6259.386,6250.608,6251.307,1798,177,0,1798
2024-04-26 04:00:00,6251.169,6256.257,6248.552,6250.853,1797,177,0,1797
2024-04-26 05:00:00,6251.136,6252.861,6245.452,6249.0,1795,177,0,1795
2024-04-26 06:00:00,6248.986,6253.667,6236.529,6239.069,1795,177,0,1795
2024-04-26 07:00:00,6238.89,6241.691,6234.299,6238.137,1794,177,0,1794
2024-04-26 08:00:00,6238.296,6240.51,6229.06,6232.439,1797,177,0,1797
2024-04-26 09:00:00,6232.389,6246.415,6232.389,6241.993,1790,177,0,1790
2024-04-26 10:00:00,6241.819,6251.54,6241.179,6246.461,1792,177,0,1792
2024-04-26 11:00:00,6246.57,6265.767,6245.612,6265.149,1794,177,0,1794
2024-04-26 12:00:00,6265.271,6269.991,6259.392,6267.549,1793,177,0,1793
2024-04-26 13:00:00,6267.32,6267.32,6254.511,6256.712,1795,177,0,1795
2024-04-26 14:00:00,6256.799,6262.392,6250.755,6257.518,1798,177,0,1798
2024-04-26 15:00:00,6257.513,6266.913,6252.309,6265.49,1794,177,0,1794
2024-04-26 16:00:00,6265.359,6276.199,6264.186,6275.981,1795,177,0,1795
2024-04-26 17:00:00,6276.185,6278.126,6269.089,6269.875,1796,177,0,1796
2024-04-26 18:00:00,6269.708,6269.708,6254.399,6254.399,1796,177,0,1796
2024-04-26 19:00:00,6254.279,6259.878,6248.126,6258.482,1794,177,0,1794
2024-04-26 20:00:00,6258.466,6266.181,6257.658,6262.478,1798,177,0,1798
2024-04-26 21:00:00,6262.618,6268.26,6259.536,6259.762,1794,177,0,1794
2024-04-26 22:00:00,6259.893,6267.55,6259.893,6260.594,1793,177,0,1793
2024-04-26 23:00:00,6261.02,6262.838,6253.525,6259.1,1795,177,0,1795
2024-04-27 00:00:00,6259.183,6260.072,6237.873,6237.873,1797,177,0,1797
2024-04-27 01:00:00,6237.776,6238.227,6230.093,6235.227,1797,177,0,1797
2024-04-27 02:00:00,6235.391,6237.518,6229.754,6235.851,1793,177,0,1793
2024-04-27 03:00:00,6235.83,6237.286,6229.32,6235.487,1791,177,0,1791
2024-04-27 04:00:00,6235.783,6244.97,6235.28,6243.734,1796,177,0,1796
2024-04-27 05:00:00,6243.83,6259.827,6240.956,6256.95,1795,177,0,1795
2024-04-27 06:00:00,6257.142,6258.592,6247.644,6254.574,1794,177,0,1794
2024-04-27 07:00:00,6254.576,6259.502,6251.385,6258.329,1793,177,0,1793
2024-04-27 08:00:00,6258.212,6276.966,6257.706,6274.852,1798,177,0,1798
2024-04-27 09:00:00,6274.948,6277.778,6270.353,6272.834,1795,177,0,1795
2024-04-27 10:00:00,6272.656,6284.074,6271.103,6283.568,1798,177,0,1798
2024-04-27 11:00:00,6283.697,6293.245,6282.591,6283.22,1799,177,0,1799
2024-04-27 12:00:00,6283.329,6283.329,6269.647,6275.818,1797,177,0,1797
2024-04-27 13:00:00,6275.582,6278.328,6265.836,6267.277,1798,177,0,1798
2024-04-27 14:00:00,6267.443,6280.809,6266.256,6280.689,1796,177,0,1796
2024-04-27 15:00:00,6280.594,6287.967,6276.946,6277.913,1794,177,0,1794
2024-04-27 16:00:00,6278.09,6286.721,6277.356,6281.653,1795,177,0,1795
2024-04-27 17:00:00,6281.856,6284.192,6276.153,6277.527,1794,177,0,1794
2024-04-27 18:00:00,6277.712,6281.59,6270.675,6272.062,1797,177,0,1797
2024-04-27 19:00:00,6272.251,6275.586,6265.164,6268.421,1796,177,0,1796
2024-04-27 20:00:00,6268.466,6275.006,6265.168,6265.168,1793,177,0,1793
2024-04-27 21:00:00,6265.27,6273.193,6264.914,6271.395,1798,177,0,1798
2024-04-27 22:00:00,6271.277,6280.466,6265.016,6272.138,1794,177,0,1794
2024-04-27 23:00:00,6272.238,6281.13,6266.169,6267.309,1795,177,0,1795
2024-04-28 00:00:00,6267.236,6272.516,6265.277,6267.66,1794,177,0,1794
2024-04-28 01:00:00,6267.591,6273.881,6264.198,6269.95,1796,177,0,1796
2024-04-28 02:00:00,6269.879,6273.069,6267.409,6271.845,1786,177,0,1786
2024-04-28 03:00:00,6271.837,6275.519,6265.766,6269.768,1796,177,0,1796
2024-04-28 04:00:00,6269.909,6280.787,6269.531,6276.728,1792,177,0,1792
2024-04-28 05:00:00,6276.611,6284.76,6274.795,6283.809,1798,177,0,1798
2024-04-28 06:00:00,6283.918,6284.575,6276.061,6282.573,1794,177,0,1794
2024-04-28 07:00:00,6282.687,6283.538,6271.764,6280.758,1798,177,0,1798
2024-04-28 08:00:00,6280.737,6295.425,6278.571,6295.144,1797,177,0,1797
2024-04-28 09:00:00,6295.524,6300.091,6291.217,6297.861,1796,177,0,1796
2024-04-28 10:00:00,6297.897,6303.072,6296.13,6298.855,1800,177,0,1800
2024-04-28 11:00:00,6298.72,6304.356,6298.546,6300.033,1793,177,0,1793
2024-04-28 12:00:00,6299.99,6300.099,6290.571,6297.116,1795,177,0,1795
2024-04-28 13:00:00,6297.216,6299.77,6285.772,6293.233,1798,177,0,1798
2024-04-28 14:00:00,6293.07,6298.606,6287.718,6289.001,1799,177,0,1799
2024-04-28 15:00:00,6289.076,6305.716,6288.3,6305.354,1800,177,0,1800
2024-04-28 16:00:00,6305.053,6314.774,6301.177,6310.366,1793,177,0,1793
2024-04-28 17:00:00,6310.27,6312.191,6305.577,6308.433,1797,177,0,1797
2024-04-28 18:00:00,6308.419,6312.93,6305.596,6312.872,1795,177,0,1795
2024-04-28 19:00:00,6312.991,6313.005,6306.599,6309.363,1796,177,0,1796
2024-04-28 20:00:00,6309.236,6312.233,6303.801,6305.824,1795,177,0,1795
2024-04-28 21:00:00,6305.783,6310.604,6297.928,6300.581,1794,177,0,1794
2024-04-28 22:00:00,6300.967,6302.842,6287.443,6288.093,1790,177,0,1790
2024-04-28 23:00:00,6287.899,6294.963,6284.054,6288.424,1795,177,0,1795
2024-04-29 00:00:00,6288.756,6297.439,6279.635,6295.589,1799,177,0,1799
2024-04-29 01:00:00,6295.752,6297.761,6287.04,6287.068,1793,177,0,1793
2024-04-29 02:00:00,6287.004,6287.822,6274.102,6279.327,1798,177,0,1798
2024-04-29 03:00:00,6279.614,6281.14,6272.315,6276.949,1797,177,0,1797
2024-04-29 04:00:00,6277.193,6287.386,6276.949,6281.36,1797,177,0,1797
2024-04-29 05:00:00,6281.165,6288.945,6278.052,6280.27,1795,177,0,1795
2024-04-29 06:00:00,6280.156,6281.346,6275.84,6279.238,1799,177,0,1799
2024-04-29 07:00:00,6279.304,6288.642,6277.818,6288.472,1796,177,0,1796
2024-04-29 08:00:00,6288.233,6294.239,6279.812,6292.634,1796,177,0,1796
2024-04-29 09:00:00,6292.748,6301.126,6292.207,6298.578,1797,177,0,1797
2024-04-29 10:00:00,6298.706,6300.502,6292.728,6295.287,1795,177,0,1795
2024-04-29 11:00:00,6295.419,6296.712,6282.889,6287.206,1794,177,0,1794
2024-04-29 12:00:00,6287.102,6288.032,6280.939,6282.853,1797,174,0,1797
2024-04-29 13:00:00,6283.165,6287.459,6281.339,6283.181,1800,174,0,1800
2024-04-29 14:00:00,6283.104,6286.763,6277.549,6283.124,1792,174,0,1792
2024-04-29 15:00:00,6283.351,6289.084,6278.965,6281.773,1798,174,0,1798
2024-04-29 16:00:00,6281.848,6283.309,6274.323,6282.58,1794,174,0,1794
2024-04-29 17:00:00,6282.647,6283.997,6267.473,6271.659,1797,174,0,1797
2024-04-29 18:00:00,6271.767,6275.226,6266.369,6268.958,1795,174,0,1795
2024-04-29 19:00:00,6268.927,6271.708,6264.757,6267.151,1793,174,0,1793
2024-04-29 20:00:00,6267.092,6270.962,6263.457,6268.669,1791,174,0,1791
2024-04-29 21:00:00,6268.995,6273.435,6267.001,6270.506,1791,174,0,1791
2024-04-29 22:00:00,6270.319,6272.417,6263.68,6271.758,1794,174,0,1794
2024-04-29 23:00:00,6271.584,6274.89,6266.678,6271.061,1797,174,0,1797
2024-04-30 00:00:00,6270.93,6274.119,6267.839,6271.611,1795,174,0,1795
2024-04-30 01:00:00,6271.637,6274.155,6265.358,6266.057,1795,174,0,1795
2024-04-30 02:00:00,6265.938,6268.272,6261.363,6264.354,1789,174,0,1789
2024-04-30 03:00:00,6264.407,6270.292,6261.11,6267.524,1793,174,0,1793
2024-04-30 04:00:00,6267.195,6269.825,6260.168,6260.436,1794,174,0,1794
2024-04-30 05:00:00,6260.671,6263.894,6258.472,6262.588,1792,174,0,1792
2024-04-30 06:00:00,6262.353,6274.434,6261.39,6270.195,1792,174,0,1792
2024-04-30 07:00:00,6270.056,6274.036,6266.061,6267.643,1796,174,0,1796
2024-04-30 08:00:00,6267.76,6268.392,6258.397,6264.176,1792,174,0,1792
2024-04-30 09:00:00,6264.283,6266.855,6259.481,6264.43,1798,174,0,1798
2024-04-30 10:00:00,6264.422,6264.99,6253.773,6259.161,1797,174,0,1797
2024-04-30 11:00:00,6258.948,6262.198,6253.766,6254.215,1791,174,0,1791
2024-04-30 12:00:00,6254.175,6257.054,6249.05,6254.096,1794,174,0,1794
2024-04-30 13:00:00,6254.078,6254.543,6242.528,6243.387,1799,174,0,1799
2024-04-30 14:00:00,6243.613,6260.8,6241.488,6259.883,1796,174,0,1796
2024-04-30 15:00:00,6260.017,6262.584,6250.775,6253.337,1795,174,0,1795
2024-04-30 16:00:00,6253.449,6259.243,6253.41,6256.679,1797,174,0,1797
2024-04-30 17:00:00,6256.743,6269.273,6251.712,6265.199,1797,174,0,1797
2024-04-30 18:00:00,6265.41,6267.181,6255.472,6260.951,1797,174,0,1797
2024-04-30 19:00:00,6261.013,6261.707,6251.815,6256.758,1798,174,0,1798
2024-04-30 20:00:00,6256.654,6264.64,6254.567,6263.477,1796,174,0,1796
2024-04-30 21:00:00,6263.233,6266.078,6260.961,6262.887,1794,174,0,1794
2024-04-30 22:00:00,6262.703,6264.92,6253.537,6259.495,1794,174,0,1794
2024-04-30 23:00:00,6259.358,6264.392,6258.702,6262.605,1796,174,0,1796
2024-05-01 00:00:00,6262.478,6276.954,6260.845,6274.99,1796,174,0,1796
2024-05-01 01:00:00,6274.701,6276.522,6270.254,6275.702,1796,174,0,1796
2024-05-01 02:00:00,6275.48,6275.839,6261.144,6265.95,1795,174,0,1795
2024-05-01 03:00:00,6266.085,6267.925,6256.076,6257.86,1796,174,0,1796
2024-05-01 04:00:00,6258.055,6268.42,6257.685,6264.305,1796,174,0,1796
2024-05-01 05:00:00,6264.137,6266.849,6259.143,6260.115,1794,174,0,1794
2024-05-01 06:00:00,6260.134,6260.793,6254.718,6259.632,1798,174,0,1798
2024-05-01 07:00:00,6259.619,6264.655,6256.63,6264.655,1796,174,0,1796
2024-05-01 08:00:00,6264.526,6265.098,6257.501,6264.25,1797,174,0,1797
2024-05-01 09:00:00,6264.126,6272.23,6262.6,6264.838,1795,174,0,1795
2024-05-01 10:00:00,6264.933,6267.241,6261.626,6261.626,1799,174,0,1799
2024-05-01 11:00:00,6261.616,6265.677,6256.571,6262.349,1800,174,0,1800
2024-05-01 12:00:00,6262.306,6265.01,6254.155,6261.991,1795,174,0,1795
2024-05-01 13:00:00,6261.755,6263.38,6249.741,6258.182,1798,174,0,1798
2024-05-01 14:00:00,6258.072,6260.255,6253.136,6254.288,1799,174,0,1799
2024-05-01 15:00:00,6254.407,6257.256,6249.94,6256.569,1797,174,0,1797
2024-05-01 16:00:00,6256.58,6262.048,6254.573,6259.936,1798,174,0,1798
2024-05-01 17:00:00,6260.235,6263.9,6256.941,6260.898,1796,174,0,1796
2024-05-01 18:00:00,6260.732,6262.291,6253.592,6254.215,1795,174,0,1795
2024-05-01 19:00:00,6254.075,6255.342,6247.359,6254.386,1798,174,0,1798
2024-05-01 20:00:00,6254.472,6258.139,6249.74,6254.797,1795,174,0,1795
2024-05-01 21:00:00,6254.71,6256.035,6244.76,6251.034,1800,174,0,1800
2024-05-01 22:00:00,6251.177,6256.881,6250.338,6254.338,1793,174,0,1793
2024-05-01 23:00:00,6254.514,6255.823,6246.167,6246.828,1795,174,0,1795
2024-05-02 00:00:00,6246.704,6252.17,6244.224,6251.909,1796,174,0,1796
2024-05-02 01:00:00,6252.261,6253.082,6244.758,6247.411,1796,174,0,1796
2024-05-02 02:00:00,6247.501,6252.935,6239.861,6246.924,1794,174,0,1794
2024-05-02 03:00:00,6247.328,6254.467,6247.265,6253.889,1799,174,0,1799
2024-05-02 04:00:00,6253.812,6259.427,6250.782,6253.999,1793,174,0,1793
2024-05-02 05:00:00,6254.23,6261.485,6249.846,6257.895,1798,174,0,1798
2024-05-02 06:00:00,6257.795,6262.954,6254.758,6257.813,1797,174,0,1797
2024-05-02 07:00:00,6257.693,6269.847,6257.281,6269.571,1797,174,0,1797
2024-05-02 08:00:00,6269.373,6276.048,6265.165,6274.272,1798,174,0,1798
2024-05-02 09:00:00,6274.135,6276.018,6269.667,6275.345,1789,174,0,1789
2024-05-02 10:00:00,6275.379,6280.901,6270.424,6280.218,1797,174,0,1797
2024-05-02 11:00:00,6280.384,6288.925,6278.444,6287.008,1796,174,0,1796
2024-05-02 12:00:00,6287.05,6287.333,6279.696,6283.118,1796,174,0,1796
2024-05-02 13:00:00,6283.034,6289.08,6280.557,6285.034,1796,174,0,1796
2024-05-02 14:00:00,6285.206,6288.241,6280.317,6281.942,1795,174,0,1795
2024-05-02 15:00:00,6281.829,6289.659,6281.446,6289.659,1793,174,0,1793
2024-05-02 16:00:00,6290.15,6290.267,6276.858,6280.094,1795,174,0,1795
2024-05-02 17:00:00,6279.992,6282.123,6271.562,6272.039,1793,174,0,1793
2024-05-02 18:00:00,6272.081,6274.462,6263.232,6264.499,1794,174,0,1794
2024-05-02 19:00:00,6264.47,6265.132,6253.587,6258.627,1796,174,0,1796
2024-05-02 20:00:00,6258.575,6264.722,6256.573,6261.435,1793,174,0,1793
2024-05-02 21:00:00,6261.551,6261.893,6252.523,6253.602,1796,174,0,1796
2024-05-02 22:00:00,6253.598,6261.62,6252.536,6257.834,1795,174,0,1795
2024-05-02 23:00:00,6257.803,6264.54,6256.195,6262.562,1796,174,0,1796
2024-05-03 00:00:00,6262.63,6263.485,6253.142,6253.73,1794,174,0,1794
2024-05-03 01:00:00,6253.505,6261.609,6248.632,6248.843,1796,174,0,1796
2024-05-03 02:00:00,6248.873,6251.752,6244.891,6248.923,1795,174,0,1795
2024-05-03 03:00:00,6248.785,6261.192,6248.572,6257.739,1793,174,0,1793
2024-05-03 04:00:00,6257.677,6260.569,6253.319,6253.319,1796,174,0,1796
2024-05-03 05:00:00,6253.327,6260.055,6251.788,6253.809,1795,174,0,1795
2024-05-03 06:00:00,6253.829,6257.38,6252.652,6252.906,1796,174,0,1796
2024-05-03 07:00:00,6253.024,6256.506,6243.742,6243.759,1796,174,0,1796
2024-05-03 08:00:00,6243.517,6253.47,6239.271,6252.527,1796,174,0,1796
2024-05-03 09:00:00,6252.562,6255.981,6250.141,6253.456,1795,174,0,1795
2024-05-03 10:00:00,6253.325,6256.7,6249.803,6255.707,1794,174,0,1794
2024-05-03 11:00:00,6255.557,6258.61,6250.89,6254.939,1794,174,0,1794
2024-05-03 12:00:00,6254.758,6259.848,6251.755,6258.364,1794,174,0,1794
2024-05-03 13:00:00,6258.631,6270.123,6254.586,6269.385,1796,174,0,1796
2024-05-03 14:00:00,6269.301,6271.944,6265.636,6266.719,1791,174,0,1791
2024-05-03 15:00:00,6266.683,6276.614,6265.672,6272.846,1790,174,0,1790
2024-05-03 16:00:00,6272.834,6277.589,6270.577,6274.668,1793,174,0,1793
2024-05-03 17:00:00,6274.89,6275.881,6267.075,6273.477,1797,174,0,1797
2024-05-03 18:00:00,6273.437,6279.179,6272.093,6277.374,1793,174,0,1793
2024-05-03 19:00:00,6277.261,6281.65,6274.702,6278.823,1799,174,0,1799
2024-05-03 20:00:00,6278.857,6283.051,6278.017,6278.755,1793,174,0,1793
2024-05-03 21:00:00,6278.614,6282.399,6273.598,6282.048,1794,174,0,1794
2024-05-03 22:00:00,6282.317,6287.61,6278.834,6286.349,1797,174,0,1797
2024-05-03 23:00:00,6286.333,6298.95,6285.512,6291.248,1797,174,0,1797
2024-05-04 00:00:00,6291.343,6297.769,6288.55,6292.31,1794,174,0,1794
2024-05-04 01:00:00,6292.362,6303.186,6291.419,6301.934,1797,174,0,1797
2024-05-04 02:00:00,6302.31,6314.94,6301.368,6314.77,1792,174,0,1792
2024-05-04 03:00:00,6314.97,6321.817,6313.016,6314.996,1798,174,0,1798
2024-05-04 04:00:00,6314.746,6317.764,6306.127,6317.619,1796,174,0,1796
2024-05-04 05:00:00,6317.38,6320.087,6308.859,6310.946,1797,174,0,1797
2024-05-04 06:00:00,6311.172,6315.072,6304.658,6307.918,1796,174,0,1796
2024-05-04 07:00:00,6307.584,6310.718,6302.343,6308.02,1793,174,0,1793
2024-05-04 08:00:00,6308.169,6321.261,6307.968,6318.845,1797,174,0,1797
2024-05-04 09:00:00,6318.861,6332.191,6317.422,6331.241,1796,174,0,1796
2024-05-04 10:00:00,6331.486,6333.251,6314.648,6316.713,1799,174,0,1799
2024-05-04 11:00:00,6317.014,6319.196,6303.378,6304.806,1791,174,0,1791
2024-05-04 12:00:00,6305.109,6313.533,6299.434,6306.655,1793,174,0,1793
2024-05-04 13:00:00,6306.688,6314.348,6305.39,6310.179,1794,174,0,1794
2024-05-04 14:00:00,6310.479,6317.929,6307.834,6313.424,1795,174,0,1795
2024-05-04 15:00:00,6313.42,6317.399,6303.507,6307.2,1797,174,0,1797
2024-05-04 16:00:00,6307.442,6308.739,6302.806,6303.249,1794,174,0,1794
2024-05-04 17:00:00,6302.923,6303.652,6287.239,6289.339,1796,174,0,1796
2024-05-04 18:00:00,6289.308,6290.06,6276.185,6279.416,1790,174,0,1790
2024-05-04 19:00:00,6279.517,6281.274,6272.083,6274.025,1795,174,0,1795
2024-05-04 20:00:00,6273.952,6277.719,6269.241,6277.107,1791,174,0,1791
2024-05-04 21:00:00,6277.097,6287.586,6274.765,6286.089,1798,174,0,1798
2024-05-04 22:00:00,6286.136,6292.019,6283.793,6284.407,1798,174,0,1798
2024-05-04 23:00:00,6284.388,6289.519,6279.958,6287.579,1799,174,0,1799
2024-05-05 00:00:00,6287.33,6291.148,6284.449,6287.17,1798,174,0,1798
2024-05-05 01:00:00,6287.216,6292.378,6286.092,6289.45,1797,174,0,1797
2024-05-05 02:00:00,6289.563,6291.514,6276.057,6276.191,1798,174,0,1798
2024-05-05 03:00:00,6275.96,6286.617,6274.153,6285.769,1796,174,0,1796
2024-05-05 04:00:00,6285.572,6288.457,6279.631,6281.775,1795,174,0,1795
2024-05-05 05:00:00,6281.691,6282.292,6276.179,6278.997,1797,174,0,1797
2024-05-05 06:00:00,6278.863,6290.923,6276.03,6287.626,1796,174,0,1796
2024-05-05 07:00:00,6287.779,6301.821,6287.779,6301.266,1797,174,0,1797
2024-05-05 08:00:00,6300.903,6305.352,6297.678,6304.394,1799,174,0,1799
2024-05-05 09:00:00,6304.464,6311.199,6303.496,6306.821,1792,174,0,1792
2024-05-05 10:00:00,6306.855,6309.402,6300.883,6300.883,1798,174,0,1798
2024-05-05 11:00:00,6300.885,6306.781,6299.351,6303.103,1799,174,0,1799
2024-05-05 12:00:00,6303.025,6311.114,6302.128,6307.216,1797,174,0,1797
2024-05-05 13:00:00,6307.356,6310.0,6302.58,6302.58,1798,174,0,1798
2024-05-05 14:00:00,6302.419,6306.635,6299.148,6302.179,1798,174,0,1798
2024-05-05 15:00:00,6302.245,6310.336,6300.122,6305.15,1798,174,0,1798
2024-05-05 16:00:00,6305.294,6311.78,6302.322,6309.305,1797,174,0,1797
2024-05-05 17:00:00,6309.487,6314.19,6300.987,6301.34,1798,174,0,1798
2024-05-05 18:00:00,6301.446,6302.634,6288.214,6288.5,1797,174,0,1797
2024-05-05 19:00:00,6288.634,6296.595,6286.789,6293.895,1794,174,0,1794
2024-05-05 20:00:00,6294.024,6294.024,6283.164,6284.4,1795,174,0,1795
2024-05-05 21:00:00,6284.352,6287.218,6280.761,6280.801,1796,174,0,1796
2024-05-05 22:00:00,6281.117,6285.76,6273.283,6275.896,1798,174,0,1798
2024-05-05 23:00:00,6275.771,6278.885,6264.083,6266.709,1799,174,0,1799
2024-05-06 00:00:00,6266.619,6276.131,6266.619,6273.16,1797,174,0,1797
2024-05-06 01:00:00,6272.889,6273.102,6261.423,6261.606,1795,174,0,1795
2024-05-06 02:00:00,6261.604,6261.676,6254.972,6259.527,1779,174,0,1779
2024-05-06 03:00:00,6259.288,6264.349,6254.912,6259.363,1793,174,0,1793
2024-05-06 04:00:00,6259.432,6263.942,6250.361,6250.89,1798,174,0,1798
2024-05-06 05:00:00,6250.976,6259.382,6247.937,6259.352,1799,174,0,1799
2024-05-06 06:00:00,6259.519,6259.924,6247.764,6248.409,1792,174,0,1792
2024-05-06 07:00:00,6248.39,6252.737,6242.866,6251.947,1793,174,0,1793
2024-05-06 08:00:00,6251.795,6270.409,6251.795,6265.8,1796,174,0,1796
2024-05-06 09:00:00,6265.88,6266.601,6252.69,6256.923,1798,174,0,1798
2024-05-06 10:00:00,6256.793,6258.576,6245.733,6248.376,1793,174,0,1793
2024-05-06 11:00:00,6248.494,6255.513,6244.636,6245.517,1794,174,0,1794
2024-05-06 12:00:00,6245.388,6246.1,6230.49,6236.696,1796,174,0,1796
2024-05-06 13:00:00,6236.571,6244.249,6232.409,6232.95,1795,174,0,1795
2024-05-06 14:00:00,6232.91,6246.414,6230.724,6245.774,1797,174,0,1797
2024-05-06 15:00:00,6246.043,6255.43,6244.87,6249.348,1797,174,0,1797
2024-05-06 16:00:00,6249.599,6259.328,6249.095,6257.076,1797,174,0,1797
2024-05-06 17:00:00,6256.801,6257.328,6250.47,6255.495,1799,174,0,1799
2024-05-06 18:00:00,6255.507,6260.798,6253.226,6259.779,1797,174,0,1797
2024-05-06 19:00:00,6259.869,6271.949,6258.972,6269.53,1796,174,0,1796
2024-05-06 20:00:00,6269.343,6279.151,6267.937,6277.992,1795,174,0,1795
2024-05-06 21:00:00,6278.032,6284.63,6277.05,6281.464,1792,174,0,1792
2024-05-06 22:00:00,6281.3,6291.579,6279.05,6284.27,1795,174,0,1795
2024-05-06 23:00:00,6284.334,6287.431,6280.599,6285.571,1793,174,0,1793
2024-05-07 00:00:00,6285.472,6286.093,6276.46,6278.205,1797,174,0,1797
2024-05-07 01:00:00,6278.399,6285.594,6276.163,6280.27,1798,174,0,1798
2024-05-07 02:00:00,6280.364,6291.514,6279.801,6283.572,1794,174,0,1794
2024-05-07 03:00:00,6283.436,6284.001,6275.048,6276.499,1797,174,0,1797
2024-05-07 04:00:00,6276.583,6279.888,6270.008,6278.473,1798,174,0,1798
2024-05-07 05:00:00,6278.344,6279.365,6271.474,6271.587,1795,174,0,1795
2024-05-07 06:00:00,6271.969,6276.717,6268.657,6275.787,1798,174,0,1798
2024-05-07 07:00:00,6275.898,6276.437,6262.088,6263.842,1798,174,0,1798
2024-05-07 08:00:00,6263.537,6265.655,6257.521,6258.752,1794,174,0,1794
2024-05-07 09:00:00,6258.805,6268.652,6258.402,6265.276,1796,174,0,1796
2024-05-07 10:00:00,6265.46,6266.92,6260.073,6262.052,1796,174,0,1796
2024-05-07 11:00:00,6261.802,6263.799,6253.634,6257.812,1796,174,0,1796
2024-05-07 12:00:00,6257.519,6262.064,6250.661,6254.677,1792,174,0,1792
2024-05-07 13:00:00,6254.724,6261.755,6251.224,6260.52,1795,174,0,1795
2024-05-07 14:00:00,6260.677,6269.122,6257.412,6266.951,1792,174,0,1792
2024-05-07 15:00:00,6266.826,6276.113,6262.619,6273.605,1796,174,0,1796
2024-05-07 16:00:00,6273.671,6274.341,6264.987,6270.966,1794,174,0,1794
2024-05-07 17:00:00,6270.844,6273.028,6261.176,6261.44,1796,174,0,1796
2024-05-07 18:00:00,6261.488,6262.802,6254.239,6259.233,1791,174,0,1791
2024-05-07 19:00:00,6259.181,6264.27,6255.716,6262.484,1793,174,0,1793
2024-05-07 20:00:00,6262.362,6264.655,6255.565,6262.563,1793,174,0,1793
2024-05-07 21:00:00,6262.58,6267.321,6256.175,6263.556,1793,174,0,1793
2024-05-07 22:00:00,6263.787,6268.29,6250.802,6250.915,1795,174,0,1795
2024-05-07 23:00:00,6251.173,6256.064,6245.689,6254.185,1792,174,0,1792
2024-05-08 00:00:00,6253.886,6258.11,6252.536,6257.296,1796,174,0,1796
2024-05-08 01:00:00,6257.487,6261.306,6244.326,6246.46,1793,174,0,1793
2024-05-08 02:00:00,6246.258,6250.594,6242.109,6248.054,1795,174,0,1795
2024-05-08 03:00:00,6247.723,6254.277,6244.858,6252.521,1795,174,0,1795
2024-05-08 04:00:00,6252.307,6258.86,6248.7,6249.83,1795,174,0,1795
2024-05-08 05:00:00,6250.018,6259.095,6247.578,6257.731,1794,174,0,1794
2024-05-08 06:00:00,6257.599,6261.923,6253.595,6255.953,1795,174,0,1795
2024-05-08 07:00:00,6255.75,6257.589,6245.411,6248.916,1797,174,0,1797
2024-05-08 08:00:00,6248.961,6255.162,6246.088,6248.997,1797,174,0,1797
2024-05-08 09:00:00,6249.105,6252.659,6245.202,6251.507,1794,174,0,1794
2024-05-08 10:00:00,6251.642,6257.228,6248.951,6255.77,1793,174,0,1793
2024-05-08 11:00:00,6255.93,6257.882,6247.488,6253.976,1795,174,0,1795
2024-05-08 12:00:00,6254.219,6259.292,6252.129,6256.217,1795,173,0,1795
2024-05-08 13:00:00,6256.067,6259.948,6248.928,6259.337,1792,173,0,1792
2024-05-08 14:00:00,6259.358,6268.277,6258.36,6267.472,1798,173,0,1798
2024-05-08 15:00:00,6267.326,6271.35,6262.641,6270.779,1795,173,0,1795
2024-05-08 16:00:00,6270.871,6272.463,6263.993,6272.318,1797,173,0,1797
2024-05-08 17:00:00,6272.462,6273.595,6261.742,6266.425,1798,173,0,1798
2024-05-08 18:00:00,6266.359,6271.018,6260.672,6260.952,1798,173,0,1798
2024-05-08 19:00:00,6260.975,6266.868,6257.536,6259.023,1798,173,0,1798
2024-05-08 20:00:00,6259.093,6269.596,6258.707,6268.045,1798,173,0,1798
2024-05-08 21:00:00,6268.119,6269.406,6261.391,6267.79,1793,173,0,1793
2024-05-08 22:00:00,6267.911,6273.052,6267.074,6271.844,1795,173,0,1795
2024-05-08 23:00:00,6272.01,6273.233,6265.37,6267.317,1790,173,0,1790
2024-05-09 00:00:00,6266.994,6278.221,6264.167,6272.883,1795,173,0,1795
2024-05-09 01:00:00,6272.636,6282.256,6272.636,6279.033,1797,173,0,1797
2024-05-09 02:00:00,6279.043,6286.403,6273.264,6278.902,1798,173,0,1798
2024-05-09 03:00:00,6279.052,6284.134,6275.733,6278.959,1797,173,0,1797
2024-05-09 04:00:00,6278.591,6283.363,6278.0,6281.545,1796,173,0,1796
2024-05-09 05:00:00,6281.741,6287.475,6274.64,6274.64,1797,173,0,1797
2024-05-09 06:00:00,6274.834,6283.507,6271.386,6282.727,1798,173,0,1798
2024-05-09 07:00:00,6282.994,6284.376,6269.318,6270.517,1798,173,0,1798
2024-05-09 08:00:00,6270.407,6273.474,6265.196,6270.968,1798,173,0,1798
2024-05-09 09:00:00,6271.05,6274.425,6265.672,6268.674,1794,173,0,1794
2024-05-09 10:00:00,6268.956,6271.182,6258.189,6264.7,1798,173,0,1798
2024-05-09 11:00:00,6264.569,6269.858,6261.116,6269.36,1792,173,0,1792
2024-05-09 12:00:00,6269.068,6278.269,6266.545,6278.023,1795,173,0,1795
2024-05-09 13:00:00,6277.694,6284.567,6272.844,6283.125,1795,173,0,1795
2024-05-09 14:00:00,6283.233,6286.22,6280.086,6280.281,1798,173,0,1798
2024-05-09 15:00:00,6280.149,6287.308,6276.192,6276.817,1797,173,0,1797
2024-05-09 16:00:00,6277.045,6279.78,6271.634,6274.052,1797,173,0,1797
2024-05-09 17:00:00,6273.827,6284.533,6273.687,6280.311,1796,173,0,1796
2024-05-09 18:00:00,6280.223,6290.498,6277.19,6285.365,1797,173,0,1797
2024-05-09 19:00:00,6285.539,6285.85,6274.119,6277.293,1794,173,0,1794
2024-05-09 20:00:00,6277.316,6278.369,6271.602,6273.813,1796,173,0,1796
2024-05-09 21:00:00,6273.955,6278.324,6263.247,6265.41,1798,173,0,1798
2024-05-09 22:00:00,6265.133,6266.893,6254.891,6262.164,1795,173,0,1795
2024-05-09 23:00:00,6262.515,6270.199,6255.493,6269.622,1798,173,0,1798
2024-05-10 00:00:00,6269.805,6273.171,6266.235,6270.034,1792,173,0,1792
2024-05-10 01:00:00,6270.325,6275.445,6259.981,6260.961,1795,173,0,1795
2024-05-10 02:00:00,6260.925,6270.915,6257.281,6270.436,1793,173,0,1793
2024-05-10 03:00:00,6270.554,6274.169,6266.141,6271.912,1796,173,0,1796
2024-05-10 04:00:00,6271.963,6275.352,6268.701,6272.084,1798,173,0,1798
2024-05-10 05:00:00,6272.015,6273.331,6266.665,6271.104,1798,173,0,1798
2024-05-10 06:00:00,6271.156,6272.945,6261.449,6263.505,1795,173,0,1795
2024-05-10 07:00:00,6263.351,6264.433,6256.004,6263.854,1797,173,0,1797
2024-05-10 08:00:00,6263.785,6271.122,6263.667,6270.847,1796,173,0,1796
2024-05-10 09:00:00,6270.789,6277.367,6269.362,6277.318,1798,173,0,1798
2024-05-10 10:00:00,6277.15,6278.836,6271.942,6274.606,1796,173,0,1796
2024-05-10 11:00:00,6274.766,6275.015,6263.524,6273.464,1791,173,0,1791
2024-05-10 12:00:00,6273.146,6284.597,6273.146,6279.066,1794,173,0,1794
2024-05-10 13:00:00,6278.996,6287.777,6276.674,6286.979,1793,173,0,1793
2024-05-10 14:00:00,6286.894,6296.5,6285.526,6291.269,1792,173,0,1792
2024-05-10 15:00:00,6291.292,6305.841,6291.292,6301.199,1794,173,0,1794
2024-05-10 16:00:00,6301.055,6305.397,6296.429,6303.709,1795,173,0,1795
2024-05-10 17:00:00,6303.682,6308.67,6291.739,6293.485,1797,173,0,1797
2024-05-10 18:00:00,6293.381,6296.122,6286.122,6288.253,1797,173,0,1797
2024-05-10 19:00:00,6288.338,6291.077,6277.244,6277.896,1793,173,0,1793
2024-05-10 20:00:00,6277.709,6278.56,6261.518,6263.58,1796,173,0,1796
2024-05-10 21:00:00,6263.425,6273.525,6258.85,6269.723,1795,173,0,1795
2024-05-10 22:00:00,6269.485,6270.304,6263.307,6264.978,1793,173,0,1793
2024-05-10 23:00:00,6265.02,6265.111,6253.481,6257.235,1794,173,0,1794
2024-05-11 00:00:00,6257.243,6264.138,6256.221,6259.524,1799,173,0,1799
2024-05-11 01:00:00,6259.507,6266.498,6256.65,6265.058,1799,173,0,1799
2024-05-11 02:00:00,6265.097,6271.051,6260.603,6264.971,1798,173,0,1798
2024-05-11 03:00:00,6264.602,6268.181,6258.34,6258.829,1797,173,0,1797
2024-05-11 04:00:00,6258.992,6266.136,6255.75,6263.584,1793,173,0,1793
2024-05-11 05:00:00,6263.833,6269.438,6262.88,6263.758,1795,173,0,1795
2024-05-11 06:00:00,6263.836,6267.795,6260.539,6266.827,1795,173,0,1795
2024-05-11 07:00:00,6266.823,6272.399,6265.681,6268.202,1795,173,0,1795
2024-05-11 08:00:00,6267.891,6273.79,6264.445,6264.927,1793,173,0,1793
2024-05-11 09:00:00,6264.868,6277.254,6263.538,6276.87,1795,173,0,1795
2024-05-11 10:00:00,6276.797,6282.194,6269.693,6271.136,1792,173,0,1792
2024-05-11 11:00:00,6271.151,6275.712,6269.068,6272.931,1798,173,0,1798
2024-05-11 12:00:00,6272.587,6278.37,6268.385,6268.966,1796,173,0,1796
2024-05-11 13:00:00,6269.052,6269.136,6255.015,6255.348,1791,173,0,1791
2024-05-11 14:00:00,6255.423,6256.537,6248.209,6252.778,1799,173,0,1799
2024-05-11 15:00:00,6252.48,6269.158,6252.204,6267.622,1796,173,0,1796
2024-05-11 16:00:00,6267.57,6272.507,6263.82,6265.247,1793,173,0,1793
2024-05-11 17:00:00,6265.058,6265.92,6251.316,6251.78,1795,173,0,1795
2024-05-11 18:00:00,6251.775,6255.171,6248.514,6252.344,1793,173,0,1793
2024-05-11 19:00:00,6252.255,6260.409,6250.405,6251.32,1798,173,0,1798
2024-05-11 20:00:00,6251.331,6257.47,6246.04,6257.372,1798,173,0,1798
2024-05-11 21:00:00,6257.484,6259.335,6251.103,6252.555,1797,173,0,1797
2024-05-11 22:00:00,6252.581,6259.1,6252.581,6257.602,1793,173,0,1793
2024-05-11 23:00:00,6257.678,6263.06,6250.331,6251.637,1796,173,0,1796
2024-05-12 00:00:00,6251.682,6254.237,6241.98,6242.392,1795,173,0,1795
2024-05-12 01:00:00,6242.117,6247.234,6239.644,6241.155,1795,173,0,1795
2024-05-12 02:00:00,6241.205,6245.978,6236.908,6243.915,1795,173,0,1795
2024-05-12 03:00:00,6243.932,6248.018,6241.346,6243.994,1797,173,0,1797
2024-05-12 04:00:00,6243.954,6247.892,6241.002,6245.408,1795,173,0,1795
2024-05-12 05:00:00,6245.607,6253.288,6239.88,6250.945,1796,173,0,1796
2024-05-12 06:00:00,6250.883,6251.946,6242.579,6250.552,1796,173,0,1796
2024-05-12 07:00:00,6250.657,6258.566,6249.695,6257.539,1795,173,0,1795
2024-05-12 08:00:00,6257.331,6258.931,6247.402,6247.736,1799,173,0,1799
2024-05-12 09:00:00,6247.382,6248.166,6239.007,6239.333,1796,173,0,1796
2024-05-12 10:00:00,6239.129,6241.509,6227.857,6228.301,1797,173,0,1797
2024-05-12 11:00:00,6228.749,6234.211,6225.743,6231.453,1796,173,0,1796
2024-05-12 12:00:00,6231.3,6235.116,6222.775,6226.866,1797,173,0,1797
2024-05-12 13:00:00,6226.828,6240.569,6224.572,6240.104,1797,173,0,1797
2024-05-12 14:00:00,6240.201,6245.682,6228.582,6228.984,1793,173,0,1793
2024-05-12 15:00:00,6228.647,6229.512,6219.02,6222.206,1798,173,0,1798
2024-05-12 16:00:00,6222.288,6234.658,6217.92,6233.937,1797,173,0,1797
2024-05-12 17:00:00,6233.981,6235.315,6219.285,6223.837,1794,173,0,1794
2024-05-12 18:00:00,6223.932,6228.89,6216.332,6217.33,1794,173,0,1794
2024-05-12 19:00:00,6217.389,6217.65,6207.226,6209.695,1791,173,0,1791
2024-05-12 20:00:00,6209.704,6215.665,6201.313,6202.917,1797,173,0,1797
2024-05-12 21:00:00,6203.226,6217.985,6200.252,6216.425,1798,173,0,1798
2024-05-12 22:00:00,6216.058,6231.179,6215.751,6223.746,1794,173,0,1794
2024-05-12 23:00:00,6224.155,6226.637,6218.753,6220.28,1798,173,0,1798
2024-05-13 00:00:00,6220.238,6229.235,6218.888,6226.064,1793,173,0,1793
2024-05-13 01:00:00,6226.068,6230.061,6218.154,6227.978,1415,173,0,1415
2024-05-13 02:00:00,6228.031,6230.307,6224.172,6225.508,1796,173,0,1796
2024-05-13 03:00:00,6225.394,6232.623,6225.253,6228.359,1799,173,0,1799
2024-05-13 04:00:00,6228.6,6234.576,6227.931,6230.849,1800,173,0,1800
2024-05-13 05:00:00,6230.604,6246.255,6229.11,6246.255,1799,173,0,1799
2024-05-13 06:00:00,6246.055,6250.655,6243.503,6246.467,1797,173,0,1797
2024-05-13 07:00:00,6246.362,6251.886,6244.063,6251.559,1796,173,0,1796
2024-05-13 08:00:00,6251.842,6263.7,6249.06,6262.59,1796,173,0,1796
2024-05-13 09:00:00,6262.593,6271.859,6262.182,6271.381,1796,173,0,1796
2024-05-13 10:00:00,6271.32,6275.219,6266.277,6267.828,1798,173,0,1798
2024-05-13 11:00:00,6267.857,6270.386,6263.552,6264.878,1796,173,0,1796
2024-05-13 12:00:00,6264.803,6267.475,6254.529,6254.776,1796,173,0,1796
2024-05-13 13:00:00,6254.805,6260.638,6251.342,6259.691,1795,174,0,1795
2024-05-13 14:00:00,6259.824,6263.881,6253.373,6258.894,1799,174,0,1799
2024-05-13 15:00:00,6259.026,6263.148,6253.731,6256.838,1799,174,0,1799
2024-05-13 16:00:00,6256.756,6266.556,6255.132,6265.585,1796,174,0,1796
2024-05-13 17:00:00,6265.744,6278.983,6265.197,6274.925,1797,174,0,1797
2024-05-13 18:00:00,6274.73,6284.742,6274.26,6284.662,1796,174,0,1796
2024-05-13 19:00:00,6284.407,6303.628,6284.058,6303.628,1793,174,0,1793
2024-05-13 20:00:00,6303.673,6308.917,6301.685,6307.968,1795,174,0,1795
2024-05-13 21:00:00,6308.123,6322.512,6307.442,6321.277,1794,174,0,1794
2024-05-13 22:00:00,6321.43,6325.44,6314.891,6324.638,1793,174,0,1793
2024-05-13 23:00:00,6324.79,6325.774,6317.363,6321.613,1797,174,0,1797
2024-05-14 00:00:00,6321.713,6327.368,6318.797,6319.398,1795,174,0,1795
2024-05-14 01:00:00,6319.523,6339.478,6319.523,6337.328,1799,174,0,1799
2024-05-14 02:00:00,6337.606,6339.454,6328.388,6337.566,1797,174,0,1797
2024-05-14 03:00:00,6337.649,6340.575,6328.727,6329.524,1797,174,0,1797
2024-05-14 04:00:00,6329.498,6331.008,6315.893,6318.956,1793,174,0,1793
2024-05-14 05:00:00,6318.803,6322.169,6312.566,6319.128,1798,174,0,1798
2024-05-14 06:00:00,6319.339,6335.328,6317.836,6326.363,1795,174,0,1795
2024-05-14 07:00:00,6326.486,6329.149,6314.782,6318.921,1796,174,0,1796
2024-05-14 08:00:00,6318.679,6320.152,6308.561,6310.418,1795,174,0,1795
2024-05-14 09:00:00,6310.33,6311.425,6299.212,6303.698,1796,174,0,1796
2024-05-14 10:00:00,6303.759,6312.975,6302.63,6312.975,1794,174,0,1794
2024-05-14 11:00:00,6312.888,6320.884,6310.531,6313.231,1795,174,0,1795
2024-05-14 12:00:00,6313.074,6314.571,6305.345,6312.609,1794,174,0,1794
2024-05-14 13:00:00,6312.25,6314.377,6305.551,6313.877,1796,174,0,1796
2024-05-14 14:00:00,6313.883,6315.871,6302.393,6308.147,1791,174,0,1791
2024-05-14 15:00:00,6308.322,6310.964,6305.228,6306.512,1795,174,0,1795
2024-05-14 16:00:00,6306.444,6321.678,6304.969,6321.269,1796,174,0,1796
2024-05-14 17:00:00,6321.295,6324.868,6314.094,6317.669,1795,174,0,1795
2024-05-14 18:00:00,6318.073,6319.139,6312.642,6314.758,1788,174,0,1788
2024-05-14 19:00:00,6314.764,6320.365,6311.128,6317.064,1795,174,0,1795
2024-05-14 20:00:00,6317.252,6321.162,6313.003,6313.563,1799,174,0,1799
2024-05-14 21:00:00,6313.519,6325.078,6311.463,6322.906,1792,174,0,1792
2024-05-14 22:00:00,6323.219,6337.627,6323.202,6337.619,1794,174,0,1794
2024-05-14 23:00:00,6337.699,6347.184,6330.84,6345.91,1795,174,0,1795
2024-05-15 00:00:00,6345.743,6347.198,6341.102,6342.719,1794,174,0,1794
2024-05-15 01:00:00,6342.671,6355.035,6341.017,6350.055,1795,174,0,1795
2024-05-15 02:00:00,6350.188,6353.694,6344.002,6347.456,1797,174,0,1797
2024-05-15 03:00:00,6347.205,6353.772,6343.918,6346.182,1795,174,0,1795
2024-05-15 04:00:00,6346.1,6347.082,6336.691,6341.098,1798,174,0,1798
2024-05-15 05:00:00,6341.11,6348.481,6338.09,6346.959,1794,174,0,1794
2024-05-15 06:00:00,6346.895,6351.509,6343.737,6346.519,1797,174,0,1797
2024-05-15 07:00:00,6346.424,6351.892,6344.14,6347.712,1797,174,0,1797
2024-05-15 08:00:00,6347.503,6348.366,6331.745,6333.823,1792,174,0,1792
2024-05-15 09:00:00,6333.558,6335.064,6316.01,6316.637,1796,174,0,1796
2024-05-15 10:00:00,6316.664,6330.774,6316.149,6330.656,1795,174,0,1795
2024-05-15 11:00:00,6330.716,6333.523,6323.029,6323.452,1793,174,0,1793
2024-05-15 12:00:00,6323.164,6328.69,6319.581,6326.44,1796,174,0,1796
2024-05-15 13:00:00,6326.451,6333.735,6325.072,6328.529,1798,174,0,1798
2024-05-15 14:00:00,6328.474,6337.312,6328.407,6332.222,1793,174,0,1793
2024-05-15 15:00:00,6331.963,6332.694,6325.391,6332.376,1794,174,0,1794
2024-05-15 16:00:00,6332.505,6335.823,6328.599,6333.285,1796,174,0,1796
2024-05-15 17:00:00,6333.193,6336.555,6328.844,6330.689,1797,174,0,1797
2024-05-15 18:00:00,6330.642,6330.642,6314.658,6315.926,1795,174,0,1795
2024-05-15 19:00:00,6315.522,6320.508,6314.498,6315.52,1794,174,0,1794
2024-05-15 20:00:00,6315.287,6315.721,6307.472,6309.457,1795,174,0,1795
2024-05-15 21:00:00,6309.596,6310.343,6304.938,6309.806,1799,174,0,1799
2024-05-15 22:00:00,6309.795,6317.31,6309.338,6312.424,1799,174,0,1799
2024-05-15 23:00:00,6312.553,6313.736,6299.138,6303.616,1799,174,0,1799
2024-05-16 00:00:00,6303.252,6307.785,6299.109,6307.785,1794,174,0,1794
2024-05-16 01:00:00,6307.576,6312.645,6303.732,6311.857,1798,174,0,1798
2024-05-16 02:00:00,6311.822,6318.204,6309.644,6310.021,1794,174,0,1794
2024-05-16 03:00:00,6310.203,6315.236,6303.164,6303.825,1793,174,0,1793
2024-05-16 04:00:00,6303.876,6305.41,6293.689,6294.901,1796,174,0,1796
2024-05-16 05:00:00,6295.095,6299.459,6283.749,6283.801,1799,174,0,1799
2024-05-16 06:00:00,6283.981,6288.152,6277.606,6282.243,1794,174,0,1794
2024-05-16 07:00:00,6281.924,6284.764,6267.398,6271.647,1792,174,0,1792
2024-05-16 08:00:00,6271.571,6277.32,6270.344,6274.35,1796,174,0,1796
2024-05-16 09:00:00,6274.417,6285.101,6271.313,6284.234,1795,174,0,1795
2024-05-16 10:00:00,6284.148,6289.519,6279.696,6289.473,1796,174,0,1796
2024-05-16 11:00:00,6289.55,6299.129,6288.08,6299.129,1799,174,0,1799
2024-05-16 12:00:00,6299.333,6300.995,6292.441,6297.669,1797,174,0,1797
2024-05-16 13:00:00,6297.505,6303.961,6294.339,6295.304,1794,174,0,1794
2024-05-16 14:00:00,6295.58,6302.827,6294.485,6301.996,1790,174,0,1790
2024-05-16 15:00:00,6302.18,6309.267,6297.185,6307.015,1797,174,0,1797
2024-05-16 16:00:00,6307.018,6311.386,6302.211,6304.199,1796,174,0,1796
2024-05-16 17:00:00,6304.361,6308.131,6299.288,6307.002,1795,174,0,1795
2024-05-16 18:00:00,6307.113,6320.811,6306.649,6319.033,1795,174,0,1795
2024-05-16 19:00:00,6319.256,6319.784,6302.908,6303.716,1794,174,0,1794
2024-05-16 20:00:00,6303.824,6306.758,6294.67,6297.285,1797,174,0,1797
2024-05-16 21:00:00,6297.147,6299.498,6292.334,6297.378,1795,174,0,1795
2024-05-16 22:00:00,6297.308,6298.541,6288.683,6288.683,1799,174,0,1799
2024-05-16 23:00:00,6288.922,6291.457,6285.261,6285.261,1796,174,0,1796
2024-05-17 00:00:00,6285.129,6288.467,6279.431,6287.859,1796,174,0,1796
2024-05-17 01:00:00,6287.741,6289.322,6273.914,6277.467,1798,174,0,1798
2024-05-17 02:00:00,6277.367,6280.42,6263.866,6265.469,1797,174,0,1797
2024-05-17 03:00:00,6265.384,6277.114,6265.384,6273.493,1797,174,0,1797
2024-05-17 04:00:00,6273.625,6277.007,6269.193,6274.71,1794,174,0,1794
2024-05-17 05:00:00,6274.722,6282.196,6274.607,6281.813,1798,174,0,1798
2024-05-17 06:00:00,6281.782,6289.262,6277.456,6278.353,1796,174,0,1796
2024-05-17 07:00:00,6277.606,6288.749,6275.002,6279.244,1796,174,0,1796
2024-05-17 08:00:00,6279.593,6292.555,6279.349,6288.492,1796,174,0,1796
2024-05-17 09:00:00,6288.463,6289.329,6280.149,6281.48,1797,174,0,1797
2024-05-17 10:00:00,6281.439,6285.289,6273.927,6273.955,1792,174,0,1792
2024-05-17 11:00:00,6273.96,6274.064,6260.422,6261.797,1791,174,0,1791
2024-05-17 12:00:00,6261.756,6268.546,6259.943,6265.867,1794,174,0,1794
2024-05-17 13:00:00,6265.858,6270.689,6262.686,6264.026,1799,174,0,1799
2024-05-17 14:00:00,6264.214,6271.582,6261.894,6269.989,1799,174,0,1799
2024-05-17 15:00:00,6269.943,6274.977,6267.179,6269.289,1795,174,0,1795
2024-05-17 16:00:00,6269.466,6282.214,6268.531,6279.586,1797,174,0,1797
2024-05-17 17:00:00,6279.664,6285.02,6276.488,6277.537,1796,174,0,1796
2024-05-17 18:00:00,6277.373,6278.901,6270.702,6276.212,1794,174,0,1794
2024-05-17 19:00:00,6276.0,6281.563,6273.129,6280.315,1794,174,0,1794
2024-05-17 20:00:00,6280.129,6281.706,6268.063,6276.482,1798,174,0,1798
2024-05-17 21:00:00,6276.133,6295.162,6274.727,6293.537,1797,174,0,1797
2024-05-17 22:00:00,6293.429,6303.251,6293.08,6303.183,1797,174,0,1797
2024-05-17 23:00:00,6303.174,6314.094,6303.053,6308.955,1796,174,0,1796
2024-05-18 00:00:00,6308.789,6311.681,6305.538,6306.664,1798,174,0,1798
2024-05-18 01:00:00,6306.848,6307.074,6294.151,6294.828,1795,174,0,1795
2024-05-18 02:00:00,6294.655,6299.057,6285.014,6286.838,1798,174,0,1798
2024-05-18 03:00:00,6287.079,6293.255,6285.67,6285.67,1798,174,0,1798
2024-05-18 04:00:00,6285.635,6296.209,6285.027,6293.069,1791,174,0,1791
2024-05-18 05:00:00,6293.125,6293.4,6283.37,6284.411,1791,174,0,1791
2024-05-18 06:00:00,6284.472,6289.886,6280.764,6289.293,1787,174,0,1787
2024-05-18 07:00:00,6289.416,6301.254,6289.371,6298.312,1795,174,0,1795
2024-05-18 08:00:00,6298.468,6308.34,6297.177,6304.172,1794,174,0,1794
2024-05-18 09:00:00,6304.137,6305.955,6297.835,6301.058,1795,174,0,1795
2024-05-18 10:00:00,6301.109,6301.754,6290.933,6293.725,1796,174,0,1796
2024-05-18 11:00:00,6293.893,6299.692,6288.647,6298.334,1796,174,0,1796
2024-05-18 12:00:00,6298.279,6299.166,6277.973,6283.224,1796,174,0,1796
2024-05-18 13:00:00,6283.508,6291.023,6281.341,6284.956,1799,174,0,1799
2024-05-18 14:00:00,6284.976,6292.626,6281.093,6284.739,1795,174,0,1795
2024-05-18 15:00:00,6284.751,6285.119,6274.357,6276.599,1796,174,0,1796
2024-05-18 16:00:00,6276.308,6280.489,6270.459,6277.815,1791,174,0,1791
2024-05-18 17:00:00,6277.925,6286.254,6276.887,6283.786,1795,174,0,1795
2024-05-18 18:00:00,6283.856,6289.191,6281.02,6284.285,1787,174,0,1787
2024-05-18 19:00:00,6284.161,6289.942,6273.992,6274.104,1796,174,0,1796
2024-05-18 20:00:00,6274.295,6282.853,6271.915,6280.237,1797,174,0,1797
2024-05-18 21:00:00,6280.152,6282.695,6276.94,6278.722,1799,174,0,1799
2024-05-18 22:00:00,6278.575,6285.52,6274.072,6279.143,1790,174,0,1790
2024-05-18 23:00:00,6279.106,6288.747,6276.813,6287.788,1796,174,0,1796
2024-05-19 00:00:00,6287.543,6295.752,6282.736,6293.212,1793,174,0,1793
2024-05-19 01:00:00,6293.202,6303.534,6291.339,6301.325,1695,174,0,1695
2024-05-19 02:00:00,6301.505,6306.992,6298.25,6304.122,1797,174,0,1797
2024-05-19 03:00:00,6304.314,6311.428,6301.974,6309.176,1795,174,0,1795
2024-05-19 04:00:00,6308.928,6309.361,6295.311,6298.823,1796,174,0,1796
2024-05-19 05:00:00,6298.786,6304.231,6296.492,6301.659,1793,174,0,1793
2024-05-19 06:00:00,6301.563,6314.719,6300.031,6312.346,1795,174,0,1795
2024-05-19 07:00:00,6312.498,6326.45,6311.649,6319.052,1799,174,0,1799
2024-05-19 08:00:00,6319.35,6320.693,6313.925,6320.199,1792,174,0,1792
2024-05-19 09:00:00,6320.17,6325.24,6316.954,6319.582,1796,174,0,1796
2024-05-19 10:00:00,6319.763,6323.845,6314.743,6318.815,1798,174,0,1798
2024-05-19 11:00:00,6318.531,6333.067,6315.432,6330.026,1797,174,0,1797
2024-05-19 12:00:00,6330.134,6330.558,6322.159,6324.091,1791,174,0,1791
2024-05-19 13:00:00,6324.28,6325.86,6319.684,6320.63,1797,174,0,1797
2024-05-19 14:00:00,6320.894,6322.817,6298.754,6298.754,1799,174,0,1799
2024-05-19 15:00:00,6298.94,6303.414,6296.377,6299.849,1794,174,0,1794
2024-05-19 16:00:00,6299.644,6300.911,6288.967,6293.868,1798,174,0,1798
2024-05-19 17:00:00,6293.893,6300.728,6293.463,6296.012,1799,174,0,1799
2024-05-19 18:00:00,6296.004,6298.857,6292.381,6296.442,1792,174,0,1792
2024-05-19 19:00:00,6296.62,6298.841,6289.04,6289.578,1798,174,0,1798
2024-05-19 20:00:00,6289.895,6293.977,6278.208,6279.856,1799,174,0,1799
2024-05-19 21:00:00,6279.757,6286.047,6272.85,6284.04,1798,174,0,1798
2024-05-19 22:00:00,6284.06,6286.084,6278.856,6283.542,1795,174,0,1795
2024-05-19 23:00:00,6283.387,6284.858,6276.589,6277.558,1795,174,0,1795
2024-05-20 00:00:00,6277.521,6282.432,6273.542,6274.147,1792,174,0,1792
2024-05-20 01:00:00,6274.21,6291.158,6274.104,6289.551,1799,174,0,1799
2024-05-20 02:00:00,6289.706,6295.381,6288.251,6294.565,1799,174,0,1799
2024-05-20 03:00:00,6294.206,6294.908,6278.987,6280.885,1794,174,0,1794
2024-05-20 04:00:00,6280.977,6287.107,6279.119,6284.615,1792,174,0,1792
2024-05-20 05:00:00,6284.545,6297.838,6283.161,6296.436,1795,174,0,1795
2024-05-20 06:00:00,6296.969,6298.137,6282.495,6285.245,1797,174,0,1797
2024-05-20 07:00:00,6285.33,6288.824,6282.515,6285.835,1796,174,0,1796
2024-05-20 08:00:00,6286.021,6297.919,6286.021,6293.163,1798,174,0,1798
2024-05-20 09:00:00,6293.051,6306.291,6290.976,6305.955,1798,174,0,1798
2024-05-20 10:00:00,6305.906,6309.317,6300.969,6305.32,1797,174,0,1797
2024-05-20 11:00:00,6305.449,6307.125,6296.551,6301.335,1795,174,0,1795
2024-05-20 12:00:00,6301.108,6316.923,6300.19,6312.885,1798,174,0,1798
2024-05-20 13:00:00,6312.849,6320.745,6310.669,6314.671,1796,174,0,1796
2024-05-20 14:00:00,6314.799,6318.896,6308.943,6310.608,1799,174,0,1799
2024-05-20 15:00:00,6310.767,6311.801,6299.815,6303.766,1800,174,0,1800
2024-05-20 16:00:00,6303.507,6316.768,6302.967,6306.551,1796,174,0,1796
2024-05-20 17:00:00,6306.599,6318.069,6306.232,6314.751,1799,174,0,1799
2024-05-20 18:00:00,6314.91,6316.61,6306.348,6311.93,1797,174,0,1797
2024-05-20 19:00:00,6312.086,6312.981,6301.038,6303.775,1797,174,0,1797
2024-05-20 20:00:00,6303.902,6308.128,6296.531,6297.306,1796,174,0,1796
2024-05-20 21:00:00,6297.572,6305.943,6293.065,6302.677,1794,174,0,1794
2024-05-20 22:00:00,6302.699,6306.449,6301.296,6302.089,1798,174,0,1798
2024-05-20 23:00:00,6302.223,6314.577,6302.059,6312.452,1795,174,0,1795
2024-05-21 00:00:00,6312.068,6312.879,6301.908,6305.365,1796,174,0,1796
2024-05-21 01:00:00,6305.361,6306.316,6298.04,6299.044,1794,174,0,1794
2024-05-21 02:00:00,6298.899,6302.514,6292.493,6294.473,1798,174,0,1798
2024-05-21 03:00:00,6294.624,6307.043,6294.574,6302.542,1797,174,0,1797
2024-05-21 04:00:00,6302.662,6302.91,6286.153,6287.045,1793,174,0,1793
2024-05-21 05:00:00,6287.184,6289.853,6275.685,6276.369,1799,174,0,1799
2024-05-21 06:00:00,6276.462,6278.2,6268.445,6272.285,1794,174,0,1794
2024-05-21 07:00:00,6272.393,6275.711,6265.281,6275.364,1796,174,0,1796
2024-05-21 08:00:00,6275.451,6286.395,6274.356,6283.186,1795,174,0,1795
2024-05-21 09:00:00,6283.13,6288.001,6282.174,6284.492,1799,174,0,1799
2024-05-21 10:00:00,6284.289,6292.258,6281.248,6287.778,1796,174,0,1796
2024-05-21 11:00:00,6287.72,6291.67,6283.334,6290.512,1795,174,0,1795
2024-05-21 12:00:00,6290.599,6301.014,6285.513,6300.856,1796,174,0,1796
2024-05-21 13:00:00,6301.058,6303.143,6290.177,6291.683,1796,174,0,1796
2024-05-21 14:00:00,6291.693,6297.979,6283.727,6285.536,1794,174,0,1794
2024-05-21 15:00:00,6285.774,6292.915,6282.032,6290.516,1797,174,0,1797
2024-05-21 16:00:00,6290.915,6297.506,6289.213,6292.664,1796,174,0,1796
2024-05-21 17:00:00,6292.833,6299.519,6290.963,6298.196,1795,174,0,1795
2024-05-21 18:00:00,6298.299,6299.382,6293.994,6296.683,1797,174,0,1797
2024-05-21 19:00:00,6296.789,6299.946,6292.98,6295.205,1795,174,0,1795
2024-05-21 20:00:00,6295.235,6305.938,6294.666,6298.201,1795,174,0,1795
2024-05-21 21:00:00,6298.148,6298.271,6291.093,6294.892,1798,174,0,1798
2024-05-21 22:00:00,6294.871,6296.883,6285.683,6296.21,1800,174,0,1800
2024-05-21 23:00:00,6296.199,6300.045,6286.077,6287.498,1795,174,0,1795
2024-05-22 00:00:00,6287.514,6292.591,6285.25,6286.193,1794,174,0,1794
2024-05-22 01:00:00,6286.064,6287.44,6281.424,6284.59,1797,174,0,1797
2024-05-22 02:00:00,6284.542,6290.423,6282.705,6286.118,1799,174,0,1799
2024-05-22 03:00:00,6286.388,6294.167,6285.911,6293.724,1796,174,0,1796
2024-05-22 04:00:00,6293.61,6295.542,6285.769,6288.321,1792,174,0,1792
2024-05-22 05:00:00,6288.473,6297.504,6285.65,6287.79,1798,174,0,1798
2024-05-22 06:00:00,6287.662,6288.47,6277.406,6280.572,1797,174,0,1797
2024-05-22 07:00:00,6280.684,6284.233,6276.723,6279.598,1795,174,0,1795
2024-05-22 08:00:00,6279.232,6280.936,6272.994,6275.389,1797,174,0,1797
2024-05-22 09:00:00,6275.367,6277.737,6266.486,6275.711,1794,174,0,1794
2024-05-22 10:00:00,6275.934,6279.792,6271.752,6277.86,1795,174,0,1795
2024-05-22 11:00:00,6277.54,6284.969,6275.902,6282.789,1795,174,0,1795
2024-05-22 12:00:00,6282.775,6284.314,6274.914,6274.984,1794,174,0,1794
2024-05-22 13:00:00,6275.088,6276.407,6268.603,6272.388,1795,174,0,1795
2024-05-22 14:00:00,6272.349,6274.67,6268.235,6271.742,1795,174,0,1795
2024-05-22 15:00:00,6271.676,6273.754,6264.969,6264.969,1798,174,0,1798
2024-05-22 16:00:00,6265.132,6265.404,6256.189,6257.311,1798,174,0,1798
2024-05-22 17:00:00,6257.337,6258.267,6251.451,6253.62,1795,174,0,1795
2024-05-22 18:00:00,6253.599,6257.945,6251.757,6255.591,1792,174,0,1792
2024-05-22 19:00:00,6255.659,6262.094,6251.066,6256.975,1796,174,0,1796
2024-05-22 20:00:00,6256.86,6258.116,6251.118,6253.234,1799,174,0,1799
2024-05-22 21:00:00,6253.29,6256.309,6249.213,6252.635,1797,174,0,1797
2024-05-22 22:00:00,6252.69,6255.67,6249.095,6252.836,1788,174,0,1788
2024-05-22 23:00:00,6252.929,6255.369,6248.437,6254.902,1796,174,0,1796
2024-05-23 00:00:00,6255.074,6261.771,6253.325,6254.792,1799,174,0,1799
2024-05-23 01:00:00,6254.843,6269.608,6252.263,6269.22,1795,174,0,1795
2024-05-23 02:00:00,6269.058,6274.901,6264.46,6269.806,1798,174,0,1798
2024-05-23 03:00:00,6269.936,6274.743,6264.964,6272.207,1797,174,0,1797
2024-05-23 04:00:00,6272.294,6275.62,6267.915,6274.222,1794,174,0,1794
2024-05-23 05:00:00,6274.109,6277.288,6268.076,6272.437,1798,174,0,1798
2024-05-23 06:00:00,6272.443,6285.281,6271.622,6283.427,1795,174,0,1795
2024-05-23 07:00:00,6283.556,6288.226,6280.917,6283.213,1797,174,0,1797
2024-05-23 08:00:00,6283.125,6288.469,6278.387,6286.993,1796,174,0,1796
2024-05-23 09:00:00,6286.959,6299.404,6286.04,6297.132,1795,174,0,1795
2024-05-23 10:00:00,6297.286,6303.398,6293.659,6294.217,1791,174,0,1791
2024-05-23 11:00:00,6294.193,6294.466,6269.155,6270.677,1798,174,0,1798
2024-05-23 12:00:00,6270.884,6278.618,6270.245,6277.574,1796,174,0,1796
2024-05-23 13:00:00,6277.72,6278.388,6271.18,6271.18,1795,174,0,1795
2024-05-23 14:00:00,6271.225,6274.441,6265.255,6274.441,1791,174,0,1791
2024-05-23 15:00:00,6274.648,6278.598,6271.277,6273.288,1796,174,0,1796
2024-05-23 16:00:00,6273.356,6277.223,6267.487,6273.505,1797,174,0,1797
2024-05-23 17:00:00,6273.492,6282.093,6273.405,6277.201,1797,174,0,1797
2024-05-23 18:00:00,6277.33,6280.67,6270.797,6280.67,1794,174,0,1794
2024-05-23 19:00:00,6280.82,6284.339,6275.095,6280.534,1793,174,0,1793
2024-05-23 20:00:00,6280.006,6289.019,6276.041,6288.783,1796,174,0,1796
2024-05-23 21:00:00,6288.852,6296.621,6288.541,6294.266,1797,174,0,1797
2024-05-23 22:00:00,6294.215,6294.363,6280.223,6284.962,1796,174,0,1796
2024-05-23 23:00:00,6285.019,6289.372,6283.71,6287.374,1797,174,0,1797
2024-05-24 00:00:00,6287.293,6288.882,6278.906,6281.402,1795,174,0,1795
2024-05-24 01:00:00,6281.59,6283.15,6274.355,6279.221,1796,174,0,1796
2024-05-24 02:00:00,6278.943,6285.553,6275.603,6284.54,1797,174,0,1797
2024-05-24 03:00:00,6284.489,6290.818,6280.839,6290.159,1796,174,0,1796
2024-05-24 04:00:00,6290.102,6297.637,6288.348,6292.935,1796,174,0,1796
2024-05-24 05:00:00,6293.136,6293.391,6279.373,6281.897,1798,174,0,1798
2024-05-24 06:00:00,6281.887,6284.5,6276.422,6284.109,1798,174,0,1798
2024-05-24 07:00:00,6284.109,6290.244,6282.662,6287.825,1795,174,0,1795
2024-05-24 08:00:00,6288.032,6290.388,6277.858,6279.606,1796,174,0,1796
2024-05-24 09:00:00,6280.073,6280.073,6269.795,6271.382,1797,174,0,1797
2024-05-24 10:00:00,6271.473,6273.048,6267.027,6267.906,1799,174,0,1799
2024-05-24 11:00:00,6267.82,6268.75,6250.445,6251.164,1796,174,0,1796
2024-05-24 12:00:00,6251.032,6253.134,6246.108,6249.899,1798,174,0,1798
2024-05-24 13:00:00,6249.84,6255.173,6245.203,6253.463,1794,174,0,1794
2024-05-24 14:00:00,6253.624,6265.64,6250.496,6251.633,1799,174,0,1799
2024-05-24 15:00:00,6251.494,6258.051,6249.204,6257.527,1792,174,0,1792
2024-05-24 16:00:00,6257.589,6258.356,6248.859,6249.532,1794,174,0,1794
2024-05-24 17:00:00,6249.446,6265.722,6249.446,6262.689,1794,174,0,1794
2024-05-24 18:00:00,6262.797,6263.191,6254.24,6256.442,1797,174,0,1797
2024-05-24 19:00:00,6256.345,6258.05,6248.193,6254.027,1794,174,0,1794
2024-05-24 20:00:00,6254.161,6257.882,6251.313,6254.76,1799,174,0,1799
2024-05-24 21:00:00,6254.801,6260.706,6251.232,6258.963,1794,174,0,1794
2024-05-24 22:00:00,6259.201,6260.089,6250.091,6250.091,1792,174,0,1792
2024-05-24 23:00:00,6249.956,6250.881,6242.24,6247.329,1798,174,0,1798
2024-05-25 00:00:00,6247.234,6250.952,6244.224,6249.064,1796,174,0,1796
2024-05-25 01:00:00,6249.048,6251.845,6235.828,6235.828,1796,174,0,1796
2024-05-25 02:00:00,6236.014,6247.514,6233.605,6247.395,1795,174,0,1795
2024-05-25 03:00:00,6247.377,6255.555,6243.559,6254.674,1795,174,0,1795
2024-05-25 04:00:00,6254.736,6260.084,6251.594,6257.341,1796,174,0,1796
2024-05-25 05:00:00,6257.506,6260.767,6248.536,6253.258,1795,174,0,1795
2024-05-25 06:00:00,6253.17,6258.207,6245.491,6251.917,1796,174,0,1796
2024-05-25 07:00:00,6251.866,6251.95,6238.427,6240.1,1798,174,0,1798
2024-05-25 08:00:00,6240.155,6247.342,6237.822,6246.945,1799,174,0,1799
2024-05-25 09:00:00,6246.643,6247.678,6225.612,6226.2,1798,174,0,1798
2024-05-25 10:00:00,6226.031,6231.771,6225.018,6231.313,1795,174,0,1795
2024-05-25 11:00:00,6231.353,6231.353,6218.912,6222.555,1796,174,0,1796
2024-05-25 12:00:00,6222.59,6224.031,6212.897,6216.539,1795,174,0,1795
2024-05-25 13:00:00,6216.633,6218.178,6213.34,6214.502,1798,174,0,1798
2024-05-25 14:00:00,6214.32,6228.525,6212.719,6222.659,1798,174,0,1798
2024-05-25 15:00:00,6222.339,6225.241,6215.798,6225.004,1794,174,0,1794
2024-05-25 16:00:00,6225.05,6225.445,6216.0,6218.117,1793,174,0,1793
2024-05-25 17:00:00,6217.959,6225.903,6217.736,6220.915,1793,174,0,1793
2024-05-25 18:00:00,6220.781,6227.869,6218.815,6225.174,1797,174,0,1797
2024-05-25 19:00:00,6225.016,6230.154,6221.861,6223.908,1798,174,0,1798
2024-05-25 20:00:00,6223.958,6227.946,6218.142,6220.671,1795,174,0,1795
2024-05-25 21:00:00,6220.708,6231.51,6220.175,6229.696,1799,174,0,1799
2024-05-25 22:00:00,6229.825,6234.685,6225.816,6228.508,1797,174,0,1797
2024-05-25 23:00:00,6228.38,6231.666,6220.829,6228.324,1789,174,0,1789
2024-05-26 00:00:00,6228.174,6232.692,6223.993,6227.776,1797,174,0,1797
2024-05-26 01:00:00,6227.684,6233.108,6222.356,6229.745,1799,174,0,1799
2024-05-26 02:00:00,6229.659,6236.176,6225.475,6234.796,1793,174,0,1793
2024-05-26 03:00:00,6234.959,6246.353,6234.229,6246.173,1797,174,0,1797
2024-05-26 04:00:00,6246.105,6254.422,6243.054,6250.355,1795,174,0,1795
2024-05-26 05:00:00,6250.102,6251.231,6244.593,6245.734,1795,174,0,1795
2024-05-26 06:00:00,6245.995,6249.078,6235.404,6242.603,1793,174,0,1793
2024-05-26 07:00:00,6242.688,6243.422,6235.744,6239.086,1795,174,0,1795
2024-05-26 08:00:00,6239.325,6246.631,6237.424,6237.723,1795,174,0,1795
2024-05-26 09:00:00,6237.676,6237.676,6219.593,6222.775,1795,174,0,1795
2024-05-26 10:00:00,6222.935,6226.121,6220.113,6224.455,1796,174,0,1796
2024-05-26 11:00:00,6224.671,6226.601,6213.606,6216.865,1798,174,0,1798
2024-05-26 12:00:00,6216.915,6223.027,6214.394,6221.978,1794,174,0,1794
2024-05-26 13:00:00,6221.663,6230.074,6220.624,6222.448,1789,174,0,1789
2024-05-26 14:00:00,6222.57,6224.807,6213.652,6217.582,1796,174,0,1796
2024-05-26 15:00:00,6217.652,6220.291,6212.849,6216.731,1799,174,0,1799
2024-05-26 16:00:00,6216.665,6223.802,6212.56,6215.654,1797,174,0,1797
2024-05-26 17:00:00,6215.697,6227.648,6215.434,6224.437,1795,174,0,1795
2024-05-26 18:00:00,6224.64,6226.5,6215.828,6220.481,1794,174,0,1794
2024-05-26 19:00:00,6220.697,6222.091,6210.132,6214.918,1797,174,0,1797
2024-05-26 20:00:00,6215.164,6228.912,6214.585,6224.435,1797,174,0,1797
2024-05-26 21:00:00,6224.482,6227.824,6215.183,6216.799,1792,174,0,1792
2024-05-26 22:00:00,6216.891,6225.382,6216.397,6218.948,1795,174,0,1795
2024-05-26 23:00:00,6218.826,6220.982,6215.161,6217.515,1795,174,0,1795
2024-05-27 00:00:00,6217.501,6221.296,6211.694,6216.92,1796,174,0,1796
2024-05-27 01:00:00,6216.847,6220.915,6210.372,6217.965,1796,174,0,1796
2024-05-27 02:00:00,6217.96,6218.385,6210.498,6214.649,1797,174,0,1797
2024-05-27 03:00:00,6214.712,6223.191,6214.119,6217.267,1234,174,0,1234
2024-05-27 04:00:00,6217.842,6223.76,6214.675,6223.537,1792,174,0,1792
2024-05-27 05:00:00,6223.835,6233.751,6220.603,6222.183,1796,174,0,1796
2024-05-27 06:00:00,6222.089,6227.403,6215.876,6226.768,1796,174,0,1796
2024-05-27 07:00:00,6226.856,6230.194,6224.4,6228.274,1797,174,0,1797
2024-05-27 08:00:00,6228.308,6229.839,6215.563,6215.851,1794,174,0,1794
2024-05-27 09:00:00,6215.936,6218.095,6209.888,6210.775,1798,174,0,1798
2024-05-27 10:00:00,6210.716,6212.072,6203.575,6206.546,1795,174,0,1795
2024-05-27 11:00:00,6206.278,6207.462,6196.663,6198.578,1796,174,0,1796
2024-05-27 12:00:00,6198.605,6199.15,6191.298,6191.622,1797,172,0,1797
2024-05-27 13:00:00,6191.597,6192.213,6179.299,6184.529,1797,172,0,1797
2024-05-27 14:00:00,6184.399,6184.975,6172.644,6173.681,1795,172,0,1795
2024-05-27 15:00:00,6173.55,6176.259,6159.778,6159.898,1796,172,0,1796
2024-05-27 16:00:00,6159.903,6162.426,6155.533,6161.906,1797,172,0,1797
2024-05-27 17:00:00,6162.081,6162.657,6143.464,6147.932,1792,172,0,1792
2024-05-27 18:00:00,6147.937,6159.395,6145.397,6158.297,1796,172,0,1796
2024-05-27 19:00:00,6158.25,6165.707,6157.232,6160.754,1794,172,0,1794
2024-05-27 20:00:00,6160.833,6163.889,6152.926,6155.615,1796,172,0,1796
2024-05-27 21:00:00,6155.533,6163.636,6155.161,6159.327,1797,172,0,1797
2024-05-27 22:00:00,6159.561,6159.568,6147.847,6152.174,1798,172,0,1798
2024-05-27 23:00:00,6152.276,6156.195,6148.681,6153.893,1792,172,0,1792
2024-05-28 00:00:00,6153.902,6153.902,6147.401,6149.878,1799,172,0,1799
2024-05-28 01:00:00,6149.701,6152.941,6147.212,6151.441,1795,172,0,1795
2024-05-28 02:00:00,6151.393,6156.927,6151.036,6152.881,1796,172,0,1796
2024-05-28 03:00:00,6153.042,6156.631,6150.761,6153.711,1800,172,0,1800
2024-05-28 04:00:00,6153.564,6156.246,6147.28,6152.16,1797,172,0,1797
2024-05-28 05:00:00,6152.148,6156.088,6147.376,6148.397,1798,172,0,1798
2024-05-28 06:00:00,6148.388,6163.845,6148.11,6162.092,1797,172,0,1797
2024-05-28 07:00:00,6162.203,6162.511,6148.601,6152.153,1794,172,0,1794
2024-05-28 08:00:00,6151.974,6155.014,6140.748,6143.173,1796,172,0,1796
2024-05-28 09:00:00,6142.992,6157.728,6142.807,6156.937,1795,172,0,1795
2024-05-28 10:00:00,6156.864,6157.038,6144.414,6145.108,1794,172,0,1794
2024-05-28 11:00:00,6145.35,6149.669,6139.147,6144.521,1793,172,0,1793
2024-05-28 12:00:00,6144.412,6153.521,6143.349,6146.524,1794,172,0,1794
2024-05-28 13:00:00,6146.734,6153.364,6144.538,6150.131,1794,172,0,1794
2024-05-28 14:00:00,6150.002,6154.374,6145.994,6148.31,1795,172,0,1795
2024-05-28 15:00:00,6148.38,6157.086,6147.995,6154.721,1793,172,0,1793
2024-05-28 16:00:00,6154.699,6160.582,6154.388,6155.131,1797,172,0,1797
2024-05-28 17:00:00,6155.138,6163.197,6153.276,6160.654,1797,172,0,1797
2024-05-28 18:00:00,6160.56,6168.295,6158.204,6167.027,1797,172,0,1797
2024-05-28 19:00:00,6167.15,6171.943,6165.307,6166.095,1798,172,0,1798
2024-05-28 20:00:00,6166.093,6171.343,6163.424,6166.142,1799,172,0,1799
2024-05-28 21:00:00,6166.397,6169.161,6161.916,6163.113,1795,172,0,1795
2024-05-28 22:00:00,6162.963,6169.952,6159.733,6164.068,1796,172,0,1796
2024-05-28 23:00:00,6164.046,6168.097,6159.637,6164.654,1797,172,0,1797
2024-05-29 00:00:00,6164.87,6168.195,6160.738,6161.386,1798,172,0,1798
2024-05-29 01:00:00,6161.459,6174.597,6161.459,6164.87,1791,172,0,1791
2024-05-29 02:00:00,6164.889,6170.268,6162.614,6165.715,1794,172,0,1794
2024-05-29 03:00:00,6165.552,6174.967,6163.07,6171.124,1795,172,0,1795
2024-05-29 04:00:00,6171.185,6180.268,6170.896,6176.525,1797,172,0,1797
2024-05-29 05:00:00,6176.692,6183.442,6173.026,6182.604,1798,172,0,1798
2024-05-29 06:00:00,6182.646,6192.482,6179.465,6192.299,1796,172,0,1796
2024-05-29 07:00:00,6192.088,6196.728,6185.185,6187.101,1796,172,0,1796
2024-05-29 08:00:00,6187.008,6189.362,6173.715,6177.419,1795,172,0,1795
2024-05-29 09:00:00,6177.853,6181.615,6171.268,6173.608,1796,172,0,1796
2024-05-29 10:00:00,6173.577,6179.017,6170.681,6177.823,1793,172,0,1793
2024-05-29 11:00:00,6177.931,6184.048,6173.471,6176.843,1795,172,0,1795
2024-05-29 12:00:00,6176.974,6183.1,6169.271,6169.811,1794,172,0,1794
2024-05-29 13:00:00,6169.974,6175.756,6165.963,6171.697,1794,172,0,1794
2024-05-29 14:00:00,6171.54,6175.125,6166.191,6167.221,1794,172,0,1794
2024-05-29 15:00:00,6167.426,6175.064,6164.891,6168.422,1794,172,0,1794
2024-05-29 16:00:00,6168.457,6170.035,6162.648,6164.919,1797,172,0,1797
2024-05-29 17:00:00,6164.733,6165.134,6157.606,6160.363,1791,172,0,1791
2024-05-29 18:00:00,6160.476,6172.878,6158.999,6169.62,1794,172,0,1794
2024-05-29 19:00:00,6169.467,6177.244,6166.473,6176.484,1798,172,0,1798
2024-05-29 20:00:00,6176.456,6177.306,6170.221,6174.182,1797,172,0,1797
2024-05-29 21:00:00,6174.241,6176.647,6163.435,6167.255,1795,172,0,1795
2024-05-29 22:00:00,6167.314,6170.912,6162.61,6170.819,1795,172,0,1795
2024-05-29 23:00:00,6170.801,6172.884,6166.488,6169.799,1796,172,0,1796
2024-05-30 00:00:00,6169.833,6186.212,6168.299,6186.134,1795,172,0,1795
2024-05-30 01:00:00,6185.995,6186.072,6175.948,6178.629,1793,172,0,1793
2024-05-30 02:00:00,6178.723,6187.653,6177.602,6187.147,1796,172,0,1796
2024-05-30 03:00:00,6187.352,6199.206,6183.61,6194.615,1794,172,0,1794
2024-05-30 04:00:00,6194.549,6198.536,6186.186,6190.881,1795,172,0,1795
2024-05-30 05:00:00,6191.2,6194.619,6187.272,6190.34,1795,172,0,1795
2024-05-30 06:00:00,6190.291,6190.295,6181.728,6185.214,1796,172,0,1796
2024-05-30 07:00:00,6185.348,6190.314,6182.55,6183.14,1797,172,0,1797
2024-05-30 08:00:00,6183.139,6186.615,6178.872,6180.866,1790,172,0,1790
2024-05-30 09:00:00,6180.988,6187.372,6175.681,6176.539,1796,172,0,1796
2024-05-30 10:00:00,6176.626,6201.01,6175.82,6200.751,1796,172,0,1796
2024-05-30 11:00:00,6200.387,6206.4,6198.979,6200.493,1793,172,0,1793
2024-05-30 12:00:00,6200.377,6210.089,6198.08,6208.216,1797,172,0,1797
2024-05-30 13:00:00,6208.378,6213.661,6203.486,6209.561,1794,172,0,1794
2024-05-30 14:00:00,6209.136,6213.856,6204.365,6208.995,1790,172,0,1790
2024-05-30 15:00:00,6209.099,6215.709,6206.748,6207.377,1797,172,0,1797
2024-05-30 16:00:00,6207.439,6208.587,6194.403,6200.529,1792,172,0,1792
2024-05-30 17:00:00,6200.628,6207.003,6199.123,6200.286,1795,172,0,1795
2024-05-30 18:00:00,6200.248,6200.749,6188.964,6192.588,1798,172,0,1798
2024-05-30 19:00:00,6192.839,6197.111,6184.671,6187.092,1797,172,0,1797
2024-05-30 20:00:00,6187.094,6193.163,6181.855,6191.435,1790,172,0,1790
2024-05-30 21:00:00,6191.578,6200.346,6190.648,6197.867,1797,172,0,1797
2024-05-30 22:00:00,6197.945,6211.508,6195.243,6211.39,1794,172,0,1794
2024-05-30 23:00:00,6211.671,6214.976,6199.66,6204.867,1794,172,0,1794
2024-05-31 00:00:00,6204.967,6210.247,6204.297,6210.059,1798,172,0,1798
2024-05-31 01:00:00,6210.218,6214.962,6205.691,6211.635,1797,172,0,1797
2024-05-31 02:00:00,6211.843,6219.843,6210.148,6213.142,1799,172,0,1799
2024-05-31 03:00:00,6213.188,6216.056,6206.344,6208.287,1792,172,0,1792
2024-05-31 04:00:00,6208.455,6222.398,6208.455,6220.867,1795,172,0,1795
2024-05-31 05:00:00,6220.961,6221.582,6211.1,6221.101,1797,172,0,1797
2024-05-31 06:00:00,6221.186,6226.258,6217.89,6224.414,1796,172,0,1796
2024-05-31 07:00:00,6224.57,6229.421,6218.543,6226.144,1795,172,0,1795
2024-05-31 08:00:00,6226.147,6233.527,6226.147,6232.239,1797,172,0,1797
2024-05-31 09:00:00,6232.472,6237.602,6228.149,6236.797,1795,172,0,1795
2024-05-31 10:00:00,6236.634,6240.884,6230.145,6240.258,1796,172,0,1796
2024-05-31 11:00:00,6240.196,6241.481,6232.678,6232.864,1795,172,0,1795
2024-05-31 12:00:00,6233.004,6239.334,6231.364,6238.477,1798,172,0,1798
2024-05-31 13:00:00,6238.805,6243.441,6232.852,6241.7,1796,172,0,1796
2024-05-31 14:00:00,6241.335,6243.059,6235.677,6241.57,1797,172,0,1797
2024-05-31 15:00:00,6241.624,6243.383,6230.034,6232.702,1797,172,0,1797
2024-05-31 16:00:00,6232.665,6236.518,6230.425,6233.78,1793,172,0,1793
2024-05-31 17:00:00,6233.91,6234.572,6222.159,6222.893,1798,172,0,1798
2024-05-31 18:00:00,6222.722,6233.494,6220.608,6233.193,1798,172,0,1798
2024-05-31 19:00:00,6233.245,6237.198,6224.933,6230.718,1796,172,0,1796
2024-05-31 20:00:00,6230.496,6233.76,6226.002,6230.668,1799,172,0,1799
2024-05-31 21:00:00,6230.469,6234.084,6224.335,6225.493,1795,172,0,1795
2024-05-31 22:00:00,6225.393,6228.592,6218.928,6227.361,1797,172,0,1797
2024-05-31 23:00:00,6227.442,6230.536,6220.378,6223.858,1797,172,0,1797
2024-06-01 00:00:00,6223.624,6233.023,6222.399,6232.329,1795,172,0,1795
2024-06-01 01:00:00,6232.264,6237.326,6230.683,6233.6,1793,172,0,1793
2024-06-01 02:00:00,6233.472,6235.432,6227.356,6231.795,1797,172,0,1797
2024-06-01 03:00:00,6231.971,6242.602,6228.63,6237.316,1793,172,0,1793
2024-06-01 04:00:00,6237.329,6239.132,6225.85,6228.727,1794,172,0,1794
2024-06-01 05:00:00,6228.751,6229.921,6216.736,6221.942,1793,172,0,1793
2024-06-01 06:00:00,6221.972,6235.93,6220.473,6235.641,1794,172,0,1794
2024-06-01 07:00:00,6235.622,6241.491,6235.393,6239.138,1796,172,0,1796
2024-06-01 08:00:00,6239.041,6241.457,6228.408,6232.582,1792,172,0,1792
2024-06-01 09:00:00,6232.753,6239.392,6229.49,6229.758,1798,172,0,1798
2024-06-01 10:00:00,6230.169,6231.538,6220.637,6221.696,1798,172,0,1798
2024-06-01 11:00:00,6221.837,6242.752,6219.264,6242.279,1798,172,0,1798
2024-06-01 12:00:00,6242.078,6249.073,6239.267,6244.829,1795,172,0,1795
2024-06-01 13:00:00,6244.872,6259.705,6244.605,6256.792,1797,172,0,1797
2024-06-01 14:00:00,6256.79,6267.541,6253.987,6264.966,1795,172,0,1795
2024-06-01 15:00:00,6264.927,6268.738,6257.733,6266.998,1797,172,0,1797
2024-06-01 16:00:00,6267.0,6274.345,6263.521,6273.026,1798,172,0,1798
2024-06-01 17:00:00,6272.951,6278.026,6270.974,6273.007,1797,172,0,1797
2024-06-01 18:00:00,6273.201,6278.272,6270.573,6278.028,1797,172,0,1797
2024-06-01 19:00:00,6278.278,6281.26,6271.702,6276.946,1797,172,0,1797
2024-06-01 20:00:00,6277.354,6289.431,6276.436,6289.352,1797,172,0,1797
2024-06-01 21:00:00,6289.298,6290.008,6281.533,6286.347,1797,172,0,1797
2024-06-01 22:00:00,6286.432,6293.633,6285.229,6291.652,1800,172,0,1800
2024-06-01 23:00:00,6291.434,6292.401,6281.269,6282.609,1797,172,0,1797
2024-06-02 00:00:00,6282.522,6287.977,6277.645,6287.977,1795,172,0,1795
2024-06-02 01:00:00,6288.054,6290.44,6279.189,6280.215,1796,172,0,1796
2024-06-02 02:00:00,6280.414,6287.009,6277.608,6282.796,1796,172,0,1796
2024-06-02 03:00:00,6283.012,6284.659,6269.45,6272.48,1792,172,0,1792
2024-06-02 04:00:00,6272.302,6274.08,6265.723,6269.626,1796,172,0,1796
2024-06-02 05:00:00,6269.618,6276.064,6266.966,6275.224,1794,172,0,1794
2024-06-02 06:00:00,6275.012,6281.628,6273.354,6275.031,1797,172,0,1797
2024-06-02 07:00:00,6274.904,6276.112,6266.433,6268.35,1795,172,0,1795
2024-06-02 08:00:00,6268.277,6273.299,6263.564,6270.716,1793,172,0,1793
2024-06-02 09:00:00,6270.692,6270.916,6262.049,6263.119,1798,172,0,1798
2024-06-02 10:00:00,6263.043,6263.424,6252.743,6255.185,1797,172,0,1797
2024-06-02 11:00:00,6255.174,6267.33,6252.119,6266.119,1796,172,0,1796
2024-06-02 12:00:00,6265.927,6268.989,6256.36,6267.449,1795,172,0,1795
2024-06-02 13:00:00,6267.621,6281.225,6265.747,6279.138,1796,172,0,1796
2024-06-02 14:00:00,6278.99,6281.505,6272.407,6275.151,1790,172,0,1790
2024-06-02 15:00:00,6275.078,6282.888,6274.975,6281.553,1794,172,0,1794
2024-06-02 16:00:00,6281.79,6283.497,6274.741,6274.888,1797,172,0,1797
2024-06-02 17:00:00,6274.627,6285.07,6270.891,6283.417,1797,172,0,1797
2024-06-02 18:00:00,6283.467,6287.673,6278.938,6283.425,1795,172,0,1795
2024-06-02 19:00:00,6283.51,6286.259,6274.435,6274.618,1797,172,0,1797
2024-06-02 20:00:00,6274.543,6276.315,6262.517,6265.995,1797,172,0,1797
2024-06-02 21:00:00,6265.719,6276.961,6264.222,6276.961,1798,172,0,1798
2024-06-02 22:00:00,6277.001,6283.707,6274.19,6275.012,1797,172,0,1797
2024-06-02 23:00:00,6275.07,6282.593,6274.958,6281.185,1795,172,0,1795
2024-06-03 00:00:00,6281.339,6290.487,6278.582,6289.582,1796,172,0,1796
2024-06-03 01:00:00,6289.539,6294.022,6282.961,6293.517,1795,172,0,1795
2024-06-03 02:00:00,6293.493,6294.034,6283.769,6287.4,1796,172,0,1796
2024-06-03 03:00:00,6287.494,6290.981,6281.248,6287.622,1794,172,0,1794
2024-06-03 04:00:00,6287.517,6297.903,6285.539,6292.708,1798,172,0,1798
2024-06-03 05:00:00,6292.505,6297.466,6280.372,6282.593,1798,172,0,1798
2024-06-03 06:00:00,6282.409,6290.657,6281.277,6288.41,1794,172,0,1794
2024-06-03 07:00:00,6288.221,6294.0,6286.073,6292.733,1799,172,0,1799
2024-06-03 08:00:00,6292.759,6297.7,6291.652,6294.982,1794,172,0,1794
2024-06-03 09:00:00,6294.864,6299.127,6283.207,6287.164,1795,172,0,1795
2024-06-03 10:00:00,6287.412,6291.249,6284.509,6289.067,1796,172,0,1796
2024-06-03 11:00:00,6289.366,6293.085,6282.068,6292.815,1796,172,0,1796
2024-06-03 12:00:00,6292.659,6293.189,6284.132,6289.419,1797,174,0,1797
2024-06-03 13:00:00,6289.426,6298.69,6289.426,6298.26,1795,174,0,1795
2024-06-03 14:00:00,6298.373,6310.436,6296.665,6306.985,1791,174,0,1791
2024-06-03 15:00:00,6307.209,6319.238,6306.836,6318.04,1796,174,0,1796
2024-06-03 16:00:00,6318.019,6321.476,6307.349,6309.168,1795,174,0,1795
2024-06-03 17:00:00,6308.801,6308.847,6289.171,6289.698,1797,174,0,1797
2024-06-03 18:00:00,6289.72,6292.334,6275.234,6276.257,1798,174,0,1798
2024-06-03 19:00:00,6276.111,6277.652,6267.288,6267.917,1795,174,0,1795
2024-06-03 20:00:00,6267.854,6269.398,6254.688,6255.495,1795,174,0,1795
2024-06-03 21:00:00,6255.601,6265.522,6254.245,6262.283,1795,174,0,1795
2024-06-03 22:00:00,6262.438,6265.025,6258.475,6264.001,1797,174,0,1797
2024-06-03 23:00:00,6263.577,6264.404,6252.848,6257.515,1798,174,0,1798
2024-06-04 00:00:00,6257.74,6258.043,6250.546,6253.008,1798,174,0,1798
2024-06-04 01:00:00,6253.115,6255.015,6246.25,6246.753,1792,174,0,1792
2024-06-04 02:00:00,6246.578,6252.72,6246.335,6250.924,1796,174,0,1796
2024-06-04 03:00:00,6250.95,6252.35,6239.307,6246.216,1798,174,0,1798
2024-06-04 04:00:00,6246.241,6246.875,6229.98,6233.976,1798,174,0,1798
2024-06-04 05:00:00,6233.857,6243.172,6230.452,6242.301,1797,174,0,1797
2024-06-04 06:00:00,6242.478,6242.712,6236.568,6236.618,1793,174,0,1793
2024-06-04 07:00:00,6236.802,6244.957,6232.98,6234.509,1798,174,0,1798
2024-06-04 08:00:00,6234.527,6235.219,6221.68,6222.285,1795,174,0,1795
2024-06-04 09:00:00,6222.0,6230.479,6221.643,6228.032,1797,174,0,1797
2024-06-04 10:00:00,6227.901,6229.236,6219.558,6227.736,1798,174,0,1798
2024-06-04 11:00:00,6228.0,6245.535,6226.917,6244.394,1794,174,0,1794
2024-06-04 12:00:00,6244.575,6245.019,6236.691,6240.84,1797,174,0,1797
2024-06-04 13:00:00,6240.969,6242.731,6234.401,6234.401,1795,174,0,1795
2024-06-04 14:00:00,6234.359,6238.574,6231.626,6234.982,1797,174,0,1797
2024-06-04 15:00:00,6234.863,6238.482,6230.078,6234.551,1797,174,0,1797
2024-06-04 16:00:00,6234.852,6241.847,6229.573,6236.016,1795,174,0,1795
2024-06-04 17:00:00,6235.665,6244.652,6233.766,6237.72,1795,174,0,1795
2024-06-04 18:00:00,6238.046,6240.823,6231.418,6235.594,1798,174,0,1798
2024-06-04 19:00:00,6235.735,6237.45,6227.141,6229.304,1796,174,0,1796
2024-06-04 20:00:00,6229.427,6235.274,6227.515,6228.413,1795,174,0,1795
2024-06-04 21:00:00,6228.412,6228.433,6221.942,6224.908,1796,174,0,1796
2024-06-04 22:00:00,6225.221,6228.134,6216.409,6219.213,1795,174,0,1795
2024-06-04 23:00:00,6219.185,6228.766,6218.274,6219.444,1798,174,0,1798
2024-06-05 00:00:00,6219.277,6219.598,6209.649,6209.974,1796,174,0,1796
2024-06-05 01:00:00,6209.903,6213.287,6207.515,6208.738,1798,174,0,1798
2024-06-05 02:00:00,6208.829,6211.553,6203.054,6203.413,1796,174,0,1796
2024-06-05 03:00:00,6202.95,6205.463,6197.406,6198.057,1796,174,0,1796
2024-06-05 04:00:00,6198.135,6205.054,6194.992,6202.005,1798,174,0,1798
2024-06-05 05:00:00,6202.223,6203.042,6187.406,6193.717,1794,174,0,1794
2024-06-05 06:00:00,6193.822,6199.763,6192.262,6196.332,1799,174,0,1799
2024-06-05 07:00:00,6195.864,6200.048,6192.401,6193.76,1794,174,0,1794
2024-06-05 08:00:00,6193.805,6194.726,6189.279,6193.831,1798,174,0,1798
2024-06-05 09:00:00,6193.79,6194.315,6185.238,6186.186,1794,174,0,1794
2024-06-05 10:00:00,6185.922,6193.224,6184.311,6187.004,1790,174,0,1790
2024-06-05 11:00:00,6186.941,6196.231,6186.745,6193.598,1796,174,0,1796
2024-06-05 12:00:00,6193.433,6197.613,6190.161,6194.399,1793,174,0,1793
2024-06-05 13:00:00,6194.385,6195.014,6181.022,6182.562,1795,174,0,1795
2024-06-05 14:00:00,6182.461,6185.02,6177.03,6178.892,1794,174,0,1794
2024-06-05 15:00:00,6179.173,6180.17,6163.469,6166.322,1796,174,0,1796
2024-06-05 16:00:00,6166.478,6181.54,6165.829,6180.396,1794,174,0,1794
2024-06-05 17:00:00,6180.467,6183.854,6177.438,6179.548,1795,174,0,1795
2024-06-05 18:00:00,6179.695,6185.169,6177.844,6181.378,1798,174,0,1798
2024-06-05 19:00:00,6181.487,6196.208,6180.813,6191.311,1795,174,0,1795
2024-06-05 20:00:00,6191.564,6192.516,6179.745,6184.081,1797,174,0,1797
2024-06-05 21:00:00,6183.926,6184.352,6175.14,6179.164,1797,174,0,1797
2024-06-05 22:00:00,6179.151,6181.956,6173.922,6176.756,1796,174,0,1796
2024-06-05 23:00:00,6176.581,6185.449,6176.495,6182.953,1799,174,0,1799
2024-06-06 00:00:00,6183.024,6192.35,6182.92,6188.747,1794,174,0,1794
2024-06-06 01:00:00,6189.024,6189.845,6177.616,6180.267,1791,174,0,1791
2024-06-06 02:00:00,6180.414,6181.176,6175.083,6179.001,1794,174,0,1794
2024-06-06 03:00:00,6179.183,6200.864,6178.739,6200.054,1426,174,0,1426
2024-06-06 04:00:00,6199.854,6204.684,6195.604,6196.078,1794,174,0,1794
2024-06-06 05:00:00,6196.039,6197.205,6189.181,6190.602,1797,174,0,1797
2024-06-06 06:00:00,6190.891,6192.773,6183.525,6186.882,1795,174,0,1795
2024-06-06 07:00:00,6186.737,6188.48,6183.658,6187.13,1798,174,0,1798
2024-06-06 08:00:00,6187.002,6188.138,6178.714,6179.016,1797,174,0,1797
2024-06-06 09:00:00,6179.192,6179.608,6167.692,6173.49,1796,174,0,1796
2024-06-06 10:00:00,6173.429,6180.175,6169.77,6179.262,1795,174,0,1795
2024-06-06 11:00:00,6179.297,6180.09,6168.141,6173.281,1798,174,0,1798
2024-06-06 12:00:00,6173.289,6183.123,6170.9,6178.527,1797,174,0,1797
2024-06-06 13:00:00,6178.289,6184.814,6175.895,6183.287,1794,174,0,1794
2024-06-06 14:00:00,6183.412,6193.666,6183.235,6191.233,1799,174,0,1799
2024-06-06 15:00:00,6191.242,6191.242,6177.04,6177.621,1795,174,0,1795
2024-06-06 16:00:00,6177.529,6179.934,6172.085,6174.071,1796,174,0,1796
2024-06-06 17:00:00,6174.3,6184.917,6173.076,6183.253,1797,174,0,1797
2024-06-06 18:00:00,6183.273,6184.405,6172.017,6175.789,1795,174,0,1795
2024-06-06 19:00:00,6175.657,6182.496,6174.083,6174.519,1795,174,0,1795
2024-06-06 20:00:00,6174.29,6182.941,6172.633,6181.739,1799,174,0,1799
2024-06-06 21:00:00,6181.551,6190.575,6179.952,6190.275,1794,174,0,1794
2024-06-06 22:00:00,6190.318,6190.479,6176.648,6177.106,1799,174,0,1799
2024-06-06 23:00:00,6177.097,6183.209,6174.963,6176.703,1797,174,0,1797
2024-06-07 00:00:00,6176.675,6178.372,6170.911,6178.372,1794,174,0,1794
2024-06-07 01:00:00,6178.573,6182.536,6173.89,6175.227,1798,174,0,1798
2024-06-07 02:00:00,6175.267,6176.548,6161.838,6168.435,1800,174,0,1800
2024-06-07 03:00:00,6168.256,6170.134,6161.677,6162.883,1793,174,0,1793
2024-06-07 04:00:00,6162.717,6166.995,6159.868,6166.498,1799,174,0,1799
2024-06-07 05:00:00,6166.533,6171.631,6160.751,6166.683,1798,174,0,1798
2024-06-07 06:00:00,6166.854,6170.233,6159.682,6163.389,1794,174,0,1794
2024-06-07 07:00:00,6163.456,6167.239,6159.51,6164.11,1796,174,0,1796
2024-06-07 08:00:00,6164.137,6164.137,6158.175,6159.9,1796,174,0,1796
2024-06-07 09:00:00,6159.825,6171.873,6159.041,6171.673,1797,174,0,1797
2024-06-07 10:00:00,6171.75,6172.532,6163.944,6166.722,1796,174,0,1796
2024-06-07 11:00:00,6166.89,6168.724,6159.138,6167.307,1798,174,0,1798
2024-06-07 12:00:00,6167.326,6175.036,6165.975,6166.571,1791,174,0,1791
2024-06-07 13:00:00,6166.48,6175.768,6163.918,6167.498,1796,174,0,1796
2024-06-07 14:00:00,6167.505,6178.267,6167.081,6175.855,1794,174,0,1794
2024-06-07 15:00:00,6175.59,6181.869,6172.769,6174.571,1795,174,0,1795
2024-06-07 16:00:00,6174.323,6181.227,6172.34,6174.473,1797,174,0,1797
2024-06-07 17:00:00,6174.419,6177.706,6168.079,6174.057,1793,174,0,1793
2024-06-07 18:00:00,6174.175,6177.869,6168.726,6171.838,1795,174,0,1795
2024-06-07 19:00:00,6172.106,6174.777,6162.939,6165.763,1795,174,0,1795
2024-06-07 20:00:00,6165.765,6166.824,6152.669,6153.892,1797,174,0,1797
2024-06-07 21:00:00,6154.183,6162.287,6153.071,6161.486,1794,174,0,1794
2024-06-07 22:00:00,6161.572,6164.36,6153.258,6162.47,1800,174,0,1800
2024-06-07 23:00:00,6162.802,6166.542,6154.853,6158.496,1794,174,0,1794
2024-06-08 00:00:00,6158.798,6160.473,6154.44,6158.873,1797,174,0,1797
2024-06-08 01:00:00,6158.71,6170.374,6157.8,6167.665,1796,174,0,1796
2024-06-08 02:00:00,6167.6,6175.69,6161.804,6170.234,1797,174,0,1797
2024-06-08 03:00:00,6170.048,6175.21,6161.575,6162.568,1794,174,0,1794
2024-06-08 04:00:00,6162.657,6165.966,6157.049,6160.9,1797,174,0,1797
2024-06-08 05:00:00,6160.778,6163.219,6157.528,6158.515,1800,174,0,1800
2024-06-08 06:00:00,6158.373,6159.361,6150.249,6158.384,1796,174,0,1796
2024-06-08 07:00:00,6158.112,6158.58,6146.084,6150.521,1797,174,0,1797
2024-06-08 08:00:00,6150.506,6153.854,6148.775,6151.253,1792,174,0,1792
2024-06-08 09:00:00,6150.991,6151.12,6126.418,6126.68,1797,174,0,1797
2024-06-08 10:00:00,6126.74,6128.799,6114.684,6114.771,1792,174,0,1792
2024-06-08 11:00:00,6114.984,6118.954,6112.211,6118.885,1795,174,0,1795
2024-06-08 12:00:00,6119.038,6124.025,6108.976,6109.843,1796,174,0,1796
2024-06-08 13:00:00,6109.859,6115.433,6104.506,6113.66,1792,174,0,1792
2024-06-08 14:00:00,6113.934,6116.572,6107.345,6110.274,1796,174,0,1796
2024-06-08 15:00:00,6110.17,6122.093,6107.952,6115.647,1793,174,0,1793
2024-06-08 16:00:00,6115.509,6122.594,6108.164,6110.331,1795,174,0,1795
2024-06-08 17:00:00,6110.506,6129.54,6109.662,6127.956,1798,174,0,1798
2024-06-08 18:00:00,6127.924,6137.193,6126.999,6134.076,1793,174,0,1793
2024-06-08 19:00:00,6133.87,6140.225,6131.157,6134.405,1795,174,0,1795
2024-06-08 20:00:00,6134.463,6141.862,6127.579,6140.466,1795,174,0,1795
2024-06-08 21:00:00,6140.418,6146.333,6138.93,6143.379,1796,174,0,1796
2024-06-08 22:00:00,6143.384,6144.319,6134.524,6136.807,1792,174,0,1792
2024-06-08 23:00:00,6136.796,6139.138,6132.867,6137.734,1795,174,0,1795
2024-06-09 00:00:00,6137.851,6143.689,6136.388,6138.509,1796,174,0,1796
2024-06-09 01:00:00,6138.69,6146.181,6135.084,6145.642,1785,174,0,1785
2024-06-09 02:00:00,6145.66,6151.697,6140.197,6149.43,1797,174,0,1797
2024-06-09 03:00:00,6149.586,6163.041,6149.187,6161.83,1797,174,0,1797
2024-06-09 04:00:00,6161.63,6164.626,6155.674,6156.161,1797,174,0,1797
2024-06-09 05:00:00,6156.267,6169.019,6153.98,6165.862,1797,174,0,1797
2024-06-09 06:00:00,6165.88,6178.321,6164.765,6177.886,1792,174,0,1792
2024-06-09 07:00:00,6177.871,6190.981,6175.446,6183.626,1793,174,0,1793
2024-06-09 08:00:00,6183.483,6188.86,6180.94,6182.154,1797,174,0,1797
2024-06-09 09:00:00,6182.108,6189.552,6179.914,6181.47,1793,174,0,1793
2024-06-09 10:00:00,6181.439,6181.854,6174.358,6176.201,1795,174,0,1795
2024-06-09 11:00:00,6176.316,6181.094,6174.016,6179.532,1799,174,0,1799
2024-06-09 12:00:00,6179.479,6186.868,6175.909,6184.438,1795,174,0,1795
2024-06-09 13:00:00,6184.666,6189.885,6178.517,6187.223,1790,174,0,1790
2024-06-09 14:00:00,6187.094,6191.222,6182.585,6185.38,1799,174,0,1799
2024-06-09 15:00:00,6185.253,6190.233,6182.758,6188.891,1790,174,0,1790
2024-06-09 16:00:00,6188.748,6196.37,6185.341,6192.849,1795,174,0,1795
2024-06-09 17:00:00,6192.88,6194.501,6183.963,6184.216,1791,174,0,1791
2024-06-09 18:00:00,6184.027,6185.132,6166.622,6167.943,1800,174,0,1800
2024-06-09 19:00:00,6168.183,6168.984,6158.431,6160.45,1796,174,0,1796
2024-06-09 20:00:00,6160.391,6164.624,6155.295,6157.726,1796,174,0,1796
2024-06-09 21:00:00,6157.742,6159.593,6147.978,6149.272,1792,174,0,1792
2024-06-09 22:00:00,6149.211,6149.211,6130.577,6134.003,1791,174,0,1791
2024-06-09 23:00:00,6134.062,6137.935,6132.173,6133.121,1797,174,0,1797
2024-06-10 00:00:00,6133.057,6133.263,6125.32,6127.064,1796,174,0,1796
2024-06-10 01:00:00,6127.309,6130.383,6121.536,6124.872,1798,174,0,1798
2024-06-10 02:00:00,6124.873,6127.072,6120.836,6126.049,1792,174,0,1792
2024-06-10 03:00:00,6125.989,6137.119,6125.618,6128.49,1792,174,0,1792
2024-06-10 04:00:00,6128.227,6138.839,6128.227,6138.238,1798,174,0,1798
2024-06-10 05:00:00,6138.154,6147.761,6137.791,6145.054,1795,174,0,1795
2024-06-10 06:00:00,6144.928,6155.786,6143.122,6155.015,1798,174,0,1798
2024-06-10 07:00:00,6155.006,6160.716,6155.006,6160.715,1792,174,0,1792
2024-06-10 08:00:00,6160.696,6166.348,6156.497,6165.611,1797,174,0,1797
2024-06-10 09:00:00,6165.99,6170.534,6161.355,6169.553,1797,174,0,1797
2024-06-10 10:00:00,6169.233,6170.157,6156.078,6168.57,1796,174,0,1796
2024-06-10 11:00:00,6168.891,6169.935,6160.726,6162.635,1798,174,0,1798
2024-06-10 12:00:00,6162.602,6173.88,6161.044,6173.084,1798,174,0,1798
2024-06-10 13:00:00,6172.929,6180.565,6171.16,6178.449,1797,174,0,1797
2024-06-10 14:00:00,6178.513,6185.666,6175.942,6180.053,1794,174,0,1794
2024-06-10 15:00:00,6180.155,6184.442,6177.238,6179.85,1795,174,0,1795
2024-06-10 16:00:00,6180.018,6185.125,6175.724,6183.288,1796,174,0,1796
2024-06-10 17:00:00,6183.68,6188.976,6180.563,6182.006,1795,174,0,1795
2024-06-10 18:00:00,6181.62,6181.645,6167.998,6172.538,1794,174,0,1794
2024-06-10 19:00:00,6172.306,6180.271,6170.215,6179.243,1796,174,0,1796
2024-06-10 20:00:00,6179.338,6179.582,6173.799,6175.494,1794,174,0,1794
2024-06-10 21:00:00,6175.596,6180.56,6172.656,6177.419,1798,174,0,1798
2024-06-10 22:00:00,6177.614,6179.193,6171.624,6171.747,1799,174,0,1799
2024-06-10 23:00:00,6171.569,6176.213,6164.173,6174.811,1795,174,0,1795
2024-06-11 00:00:00,6174.723,6181.36,6173.94,6174.568,1796,174,0,1796
2024-06-11 01:00:00,6174.871,6188.428,6172.889,6187.255,1797,174,0,1797
2024-06-11 02:00:00,6187.234,6193.08,6182.675,6189.148,1796,174,0,1796
2024-06-11 03:00:00,6189.163,6190.209,6174.451,6177.503,1794,174,0,1794
2024-06-11 04:00:00,6177.421,6185.988,6174.46,6182.635,1796,174,0,1796
2024-06-11 05:00:00,6183.049,6184.405,6175.888,6177.814,1798,174,0,1798
2024-06-11 06:00:00,6177.699,6190.064,6174.75,6189.335,1798,174,0,1798
2024-06-11 07:00:00,6189.458,6199.093,6188.955,6197.109,1802,174,0,1802
2024-06-11 08:00:00,6197.206,6200.572,6186.869,6188.399,1790,174,0,1790
2024-06-11 09:00:00,6188.355,6192.942,6182.723,6183.203,1796,174,0,1796
2024-06-11 10:00:00,6183.417,6184.654,6177.206,6182.243,1790,172,0,1790
2024-06-11 11:00:00,6182.259,6182.942,6167.638,6172.535,1792,172,0,1792
2024-06-11 12:00:00,6172.446,6184.567,6172.114,6183.711,1799,172,0,1799
2024-06-11 13:00:00,6183.649,6183.649,6176.232,6178.135,1795,172,0,1795
2024-06-11 14:00:00,6177.93,6184.834,6173.192,6175.601,1798,172,0,1798
2024-06-11 15:00:00,6176.067,6176.214,6168.412,6171.009,1794,172,0,1794
2024-06-11 16:00:00,6170.897,6183.83,6170.295,6178.99,1794,172,0,1794
2024-06-11 17:00:00,6178.863,6183.17,6176.044,6182.399,1793,172,0,1793
2024-06-11 18:00:00,6182.478,6185.11,6175.893,6178.787,1797,172,0,1797
2024-06-11 19:00:00,6178.885,6181.31,6173.845,6177.695,1796,172,0,1796
2024-06-11 20:00:00,6177.692,6184.67,6175.515,6177.057,1799,172,0,1799
2024-06-11 21:00:00,6176.857,6190.895,6176.592,6184.655,1797,172,0,1797
2024-06-11 22:00:00,6184.67,6185.66,6172.623,6176.161,1796,172,0,1796
2024-06-11 23:00:00,6175.91,6184.292,6174.207,6174.699,1796,172,0,1796
2024-06-12 00:00:00,6174.568,6180.632,6172.689,6178.269,1794,172,0,1794
2024-06-12 01:00:00,6178.534,6188.826,6176.141,6184.848,1798,172,0,1798
2024-06-12 02:00:00,6184.84,6202.845,6183.608,6199.265,1793,172,0,1793
2024-06-12 03:00:00,6199.261,6203.156,6197.752,6198.034,1799,172,0,1799
2024-06-12 04:00:00,6198.103,6203.698,6193.841,6200.295,1798,172,0,1798
2024-06-12 05:00:00,6200.148,6200.312,6191.928,6199.478,1797,172,0,1797
2024-06-12 06:00:00,6199.513,6201.585,6193.36,6194.02,1797,172,0,1797
2024-06-12 07:00:00,6193.836,6194.177,6182.77,6182.77,1795,172,0,1795
2024-06-12 08:00:00,6182.859,6189.502,6176.089,6187.095,1800,172,0,1800
2024-06-12 09:00:00,6187.013,6193.005,6186.505,6191.877,1795,172,0,1795
2024-06-12 10:00:00,6191.67,6201.14,6189.822,6199.873,1793,172,0,1793
2024-06-12 11:00:00,6199.949,6207.226,6198.901,6204.914,1793,172,0,1793
2024-06-12 12:00:00,6204.785,6207.814,6198.894,6200.888,1795,172,0,1795
2024-06-12 13:00:00,6200.809,6200.809,6189.93,6191.349,1800,172,0,1800
2024-06-12 14:00:00,6191.487,6191.604,6182.894,6188.199,1798,172,0,1798
2024-06-12 15:00:00,6187.969,6191.777,6180.853,6184.398,1799,172,0,1799
2024-06-12 16:00:00,6184.647,6190.111,6183.596,6186.162,1797,172,0,1797
2024-06-12 17:00:00,6186.263,6197.805,6186.184,6190.929,1796,172,0,1796
2024-06-12 18:00:00,6190.97,6193.513,6184.603,6184.603,1795,172,0,1795
2024-06-12 19:00:00,6184.676,6185.148,6173.858,6180.001,1793,172,0,1793
2024-06-12 20:00:00,6180.061,6181.867,6168.869,6172.732,1797,172,0,1797
2024-06-12 21:00:00,6172.761,6174.788,6167.862,6170.58,1794,172,0,1794
2024-06-12 22:00:00,6170.312,6174.88,6158.426,6164.057,1796,172,0,1796
2024-06-12 23:00:00,6164.337,6172.804,6162.439,6171.94,1795,172,0,1795
2024-06-13 00:00:00,6172.23,6172.661,6161.627,6164.052,1796,172,0,1796
2024-06-13 01:00:00,6164.013,6170.716,6161.87,6168.192,1793,172,0,1793
2024-06-13 02:00:00,6167.966,6169.489,6160.599,6163.063,1796,172,0,1796
2024-06-13 03:00:00,6162.895,6168.128,6155.333,6159.489,1794,172,0,1794
2024-06-13 04:00:00,6159.509,6175.634,6158.792,6174.759,1797,172,0,1797
2024-06-13 05:00:00,6174.901,6180.15,6172.857,6175.142,1794,172,0,1794
2024-06-13 06:00:00,6175.317,6180.265,6168.987,6169.275,1795,172,0,1795
2024-06-13 07:00:00,6169.579,6172.159,6160.084,6162.784,1794,172,0,1794
2024-06-13 08:00:00,6162.828,6166.209,6158.207,6160.53,1797,172,0,1797
2024-06-13 09:00:00,6160.701,6161.966,6151.712,6160.433,1799,172,0,1799
2024-06-13 10:00:00,6160.578,6171.875,6157.575,6168.789,1797,172,0,1797
2024-06-13 11:00:00,6168.568,6187.575,6168.087,6187.223,1795,172,0,1795
2024-06-13 12:00:00,6187.296,6189.06,6178.915,6181.515,1797,172,0,1797
2024-06-13 13:00:00,6181.757,6188.844,6180.095,6181.948,1796,172,0,1796
2024-06-13 14:00:00,6181.875,6183.084,6166.024,6167.001,1793,172,0,1793
2024-06-13 15:00:00,6166.934,6167.868,6153.581,6155.131,1794,172,0,1794
2024-06-13 16:00:00,6155.316,6158.399,6152.647,6155.994,1791,172,0,1791
2024-06-13 17:00:00,6155.91,6156.064,6147.985,6149.126,1795,172,0,1795
2024-06-13 18:00:00,6148.979,6152.787,6145.955,6151.048,1793,172,0,1793
2024-06-13 19:00:00,6151.053,6159.4,6149.891,6154.883,1796,172,0,1796
2024-06-13 20:00:00,6154.591,6154.782,6144.396,6146.0,1797,172,0,1797
2024-06-13 21:00:00,6146.045,6148.159,6132.937,6136.435,1797,172,0,1797
2024-06-13 22:00:00,6136.534,6136.588,6125.113,6125.394,1792,172,0,1792
2024-06-13 23:00:00,6125.533,6133.873,6125.218,6131.352,1795,172,0,1795
2024-06-14 00:00:00,6131.276,6131.871,6125.768,6128.505,1797,172,0,1797
2024-06-14 01:00:00,6128.212,6134.414,6125.349,6132.691,1794,172,0,1794
2024-06-14 02:00:00,6133.026,6152.513,6131.516,6149.259,1798,172,0,1798
2024-06-14 03:00:00,6149.249,6154.417,6145.69,6153.245,1796,172,0,1796
2024-06-14 04:00:00,6153.209,6153.86,6142.07,6148.902,1793,172,0,1793
2024-06-14 05:00:00,6149.038,6150.583,6143.734,6149.316,1794,172,0,1794
2024-06-14 06:00:00,6149.446,6157.0,6148.616,6153.408,1798,172,0,1798
2024-06-14 07:00:00,6153.231,6155.382,6140.911,6143.195,1796,172,0,1796
2024-06-14 08:00:00,6143.079,6156.85,6137.392,6155.801,1794,172,0,1794
2024-06-14 09:00:00,6155.555,6165.738,6155.537,6163.083,1795,172,0,1795
2024-06-14 10:00:00,6163.09,6170.357,6162.761,6163.702,1792,172,0,1792
2024-06-14 11:00:00,6163.876,6171.676,6162.576,6163.488,1796,172,0,1796
2024-06-14 12:00:00,6163.458,6166.806,6143.959,6144.176,1796,172,0,1796
2024-06-14 13:00:00,6144.228,6146.313,6134.792,6140.293,1798,172,0,1798
2024-06-14 14:00:00,6140.132,6145.075,6135.405,6138.992,1797,172,0,1797
2024-06-14 15:00:00,6139.241,6141.496,6132.004,6140.265,1795,172,0,1795
2024-06-14 16:00:00,6140.198,6142.191,6132.058,6135.428,1794,172,0,1794
2024-06-14 17:00:00,6135.507,6138.504,6131.347,6132.931,1797,172,0,1797
2024-06-14 18:00:00,6132.707,6146.446,6132.22,6142.06,1798,172,0,1798
2024-06-14 19:00:00,6142.073,6145.065,6137.77,6142.074,1797,172,0,1797
2024-06-14 20:00:00,6142.073,6151.711,6141.88,6149.935,1796,172,0,1796
2024-06-14 21:00:00,6149.727,6155.524,6145.901,6154.547,1793,172,0,1793
2024-06-14 22:00:00,6154.447,6157.866,6149.49,6155.414,1795,172,0,1795
2024-06-14 23:00:00,6155.431,6164.328,6155.354,6157.006,1795,172,0,1795
2024-06-15 00:00:00,6157.084,6176.679,6156.476,6175.059,1792,172,0,1792
2024-06-15 01:00:00,6174.853,6176.774,6167.332,6167.769,1796,172,0,1796
2024-06-15 02:00:00,6167.806,6175.908,6163.693,6172.795,1799,172,0,1799
2024-06-15 03:00:00,6172.802,6177.301,6171.031,6173.534,1796,172,0,1796
2024-06-15 04:00:00,6173.7,6190.931,6173.453,6190.257,1795,172,0,1795
2024-06-15 05:00:00,6190.301,6192.874,6180.573,6188.181,1795,172,0,1795
2024-06-15 06:00:00,6188.179,6189.348,6178.696,6178.696,1796,172,0,1796
2024-06-15 07:00:00,6178.802,6180.601,6172.836,6176.247,1797,172,0,1797
2024-06-15 08:00:00,6176.147,6177.279,6166.038,6176.056,1795,172,0,1795
2024-06-15 09:00:00,6176.184,6180.667,6173.719,6174.805,1791,172,0,1791
2024-06-15 10:00:00,6174.855,6178.031,6168.445,6171.141,1789,172,0,1789
2024-06-15 11:00:00,6171.056,6177.736,6170.048,6173.749,1794,172,0,1794
2024-06-15 12:00:00,6173.764,6182.588,6173.249,6180.29,1792,172,0,1792
2024-06-15 13:00:00,6180.12,6181.222,6172.536,6174.218,1798,172,0,1798
2024-06-15 14:00:00,6174.104,6175.149,6165.49,6170.343,1796,172,0,1796
2024-06-15 15:00:00,6170.306,6179.021,6165.789,6178.436,1798,172,0,1798
2024-06-15 16:00:00,6178.749,6182.8,6176.677,6178.257,1798,172,0,1798
2024-06-15 17:00:00,6178.141,6186.433,6172.315,6182.932,1792,172,0,1792
2024-06-15 18:00:00,6182.398,6190.746,6180.944,6186.892,1796,172,0,1796
2024-06-15 19:00:00,6186.808,6196.429,6181.431,6192.149,1797,172,0,1797
2024-06-15 20:00:00,6192.233,6195.569,6185.23,6186.228,1797,172,0,1797
2024-06-15 21:00:00,6186.389,6189.123,6180.903,6186.716,1791,172,0,1791
2024-06-15 22:00:00,6186.557,6199.708,6185.171,6196.786,1794,172,0,1794
2024-06-15 23:00:00,6196.906,6203.96,6194.872,6198.706,1796,172,0,1796
2024-06-16 00:00:00,6198.633,6205.697,6196.4,6197.12,1799,172,0,1799
2024-06-16 01:00:00,6197.146,6198.763,6191.066,6194.43,1697,172,0,1697
2024-06-16 02:00:00,6194.185,6204.792,6192.327,6200.215,1792,172,0,1792
2024-06-16 03:00:00,6200.205,6200.413,6187.938,6189.586,1793,172,0,1793
2024-06-16 04:00:00,6189.448,6192.062,6187.024,6188.736,1796,172,0,1796
2024-06-16 05:00:00,6188.777,6188.978,6179.235,6184.404,1797,172,0,1797
2024-06-16 06:00:00,6184.612,6192.088,6182.622,6189.351,1794,172,0,1794
2024-06-16 07:00:00,6189.307,6198.465,6186.964,6197.092,1795,172,0,1795
2024-06-16 08:00:00,6196.996,6201.169,6192.443,6193.699,1797,172,0,1797
2024-06-16 09:00:00,6193.355,6200.274,6193.029,6199.86,1792,172,0,1792
2024-06-16 10:00:00,6199.914,6202.237,6196.196,6196.571,1796,172,0,1796
2024-06-16 11:00:00,6196.702,6198.947,6193.094,6195.346,1796,172,0,1796
2024-06-16 12:00:00,6195.438,6195.438,6185.472,6188.207,1797,172,0,1797
2024-06-16 13:00:00,6188.056,6194.388,6185.063,6194.037,1797,172,0,1797
2024-06-16 14:00:00,6193.949,6196.502,6185.955,6185.955,1795,172,0,1795
2024-06-16 15:00:00,6186.053,6201.795,6184.801,6200.522,1796,172,0,1796
2024-06-16 16:00:00,6200.33,6211.963,6199.407,6210.663,1798,172,0,1798
2024-06-16 17:00:00,6210.652,6211.458,6191.54,6198.677,1790,172,0,1790
2024-06-16 18:00:00,6198.668,6203.68,6196.761,6202.427,1796,172,0,1796
2024-06-16 19:00:00,6202.402,6202.402,6192.08,6193.423,1795,172,0,1795
2024-06-16 20:00:00,6193.201,6194.732,6187.326,6192.711,1794,172,0,1794
2024-06-16 21:00:00,6193.048,6201.219,6192.047,6195.224,1797,172,0,1797
2024-06-16 22:00:00,6195.24,6197.954,6188.013,6193.303,1798,172,0,1798
2024-06-16 23:00:00,6192.932,6195.492,6188.271,6191.569,1797,172,0,1797
2024-06-17 00:00:00,6191.52,6207.244,6190.542,6199.348,1795,172,0,1795
2024-06-17 01:00:00,6199.356,6206.265,6198.077,6205.045,1792,172,0,1792
2024-06-17 02:00:00,6204.826,6205.487,6195.752,6199.087,1796,172,0,1796
2024-06-17 03:00:00,6198.978,6202.702,6188.064,6189.676,1798,172,0,1798
2024-06-17 04:00:00,6189.7,6192.356,6184.164,6192.195,1799,172,0,1799
2024-06-17 05:00:00,6192.187,6199.618,6187.79,6198.689,1798,172,0,1798
2024-06-17 06:00:00,6198.71,6199.243,6191.437,6195.758,1797,172,0,1797
2024-06-17 07:00:00,6195.775,6206.25,6194.693,6201.027,1799,172,0,1799
2024-06-17 08:00:00,6201.38,6204.385,6197.312,6202.338,1793,172,0,1793
2024-06-17 09:00:00,6202.343,6202.478,6193.874,6199.109,1796,172,0,1796
2024-06-17 10:00:00,6199.03,6200.48,6187.978,6188.358,1798,172,0,1798
2024-06-17 11:00:00,6188.592,6194.902,6185.218,6185.353,1796,172,0,1796
2024-06-17 12:00:00,6185.621,6192.498,6178.19,6184.683,1799,172,0,1799
2024-06-17 13:00:00,6184.643,6192.551,6182.58,6190.562,1799,172,0,1799
2024-06-17 14:00:00,6190.659,6191.136,6179.577,6181.181,1794,172,0,1794
2024-06-17 15:00:00,6181.157,6194.295,6179.859,6193.372,1798,172,0,1798
2024-06-17 16:00:00,6193.392,6196.991,6191.585,6195.417,1796,172,0,1796
2024-06-17 17:00:00,6195.375,6199.352,6190.355,6193.056,1797,172,0,1797
2024-06-17 18:00:00,6193.412,6196.447,6185.066,6193.95,1798,172,0,1798
2024-06-17 19:00:00,6193.98,6196.455,6184.821,6184.925,1797,172,0,1797
2024-06-17 20:00:00,6184.844,6184.915,6178.423,6181.879,1796,172,0,1796
2024-06-17 21:00:00,6181.784,6183.307,6176.348,6177.703,1797,172,0,1797
2024-06-17 22:00:00,6177.674,6180.964,6174.581,6180.217,1795,172,0,1795
2024-06-17 23:00:00,6180.137,6187.671,6178.898,6185.814,1792,172,0,1792
2024-06-18 00:00:00,6185.738,6191.555,6184.915,6187.252,1796,172,0,1796
2024-06-18 01:00:00,6187.384,6190.94,6182.779,6184.867,1794,172,0,1794
2024-06-18 02:00:00,6184.873,6187.433,6180.34,6183.053,1794,172,0,1794
2024-06-18 03:00:00,6183.022,6184.043,6173.626,6175.514,1798,172,0,1798
2024-06-18 04:00:00,6175.536,6178.148,6170.843,6173.214,1793,172,0,1793
2024-06-18 05:00:00,6173.203,6178.567,6171.893,6174.148,1798,172,0,1798
2024-06-18 06:00:00,6174.44,6177.052,6161.575,6165.174,1793,172,0,1793
2024-06-18 07:00:00,6164.962,6170.666,6162.215,6166.21,1798,172,0,1798
2024-06-18 08:00:00,6166.304,6174.881,6163.526,6169.482,1786,172,0,1786
2024-06-18 09:00:00,6169.301,6177.158,6168.893,6174.759,1796,172,0,1796
2024-06-18 10:00:00,6174.592,6185.442,6173.247,6180.211,1794,172,0,1794
2024-06-18 11:00:00,6180.408,6181.243,6169.428,6171.056,1797,172,0,1797
2024-06-18 12:00:00,6170.796,6172.07,6161.982,6162.773,1795,172,0,1795
2024-06-18 13:00:00,6162.815,6170.553,6156.253,6166.985,1792,172,0,1792
2024-06-18 14:00:00,6166.577,6169.386,6159.177,6164.126,1795,172,0,1795
2024-06-18 15:00:00,6163.996,6175.539,6161.335,6171.621,1787,172,0,1787
2024-06-18 16:00:00,6171.616,6175.892,6167.774,6169.928,1797,172,0,1797
2024-06-18 17:00:00,6170.28,6170.74,6164.63,6166.637,1798,172,0,1798
2024-06-18 18:00:00,6166.782,6175.194,6162.764,6165.837,1796,172,0,1796
2024-06-18 19:00:00,6165.789,6178.879,6165.404,6178.61,1796,172,0,1796
2024-06-18 20:00:00,6178.673,6188.989,6177.126,6183.641,1795,172,0,1795
2024-06-18 21:00:00,6183.882,6191.879,6179.917,6186.416,1799,172,0,1799
2024-06-18 22:00:00,6186.295,6186.573,6175.238,6176.392,1792,172,0,1792
2024-06-18 23:00:00,6176.413,6178.299,6162.827,6167.95,1795,172,0,1795
2024-06-19 00:00:00,6167.863,6169.648,6163.549,6168.305,1795,172,0,1795
2024-06-19 01:00:00,6168.502,6170.184,6161.292,6162.964,1797,172,0,1797
2024-06-19 02:00:00,6162.783,6170.519,6162.76,6164.714,1796,172,0,1796
2024-06-19 03:00:00,6164.778,6170.58,6159.404,6168.609,1796,172,0,1796
2024-06-19 04:00:00,6168.387,6174.124,6156.592,6157.424,1795,172,0,1795
2024-06-19 05:00:00,6157.328,6160.716,6147.239,6147.239,1797,172,0,1797
2024-06-19 06:00:00,6147.266,6147.266,6135.93,6138.261,1795,172,0,1795
2024-06-19 07:00:00,6138.263,6141.38,6134.336,6140.468,1796,172,0,1796
2024-06-19 08:00:00,6140.333,6147.049,6134.586,6145.153,1795,172,0,1795
2024-06-19 09:00:00,6145.268,6150.862,6142.253,6144.886,1796,172,0,1796
2024-06-19 10:00:00,6144.821,6149.93,6142.771,6149.92,1796,172,0,1796
2024-06-19 11:00:00,6150.201,6150.895,6143.693,6147.01,1798,172,0,1798
2024-06-19 12:00:00,6146.989,6147.903,6137.704,6140.782,1794,172,0,1794
2024-06-19 13:00:00,6140.784,6145.006,6137.053,6139.701,1794,172,0,1794
2024-06-19 14:00:00,6140.064,6141.541,6134.14,6135.214,1797,172,0,1797
2024-06-19 15:00:00,6135.104,6140.339,6132.425,6135.753,1792,172,0,1792
2024-06-19 16:00:00,6135.858,6141.718,6135.613,6135.795,1795,172,0,1795
2024-06-19 17:00:00,6135.617,6144.872,6133.408,6134.737,1797,172,0,1797
2024-06-19 18:00:00,6134.619,6135.69,6124.108,6124.535,1797,172,0,1797
2024-06-19 19:00:00,6124.501,6127.509,6120.766,6126.961,1797,172,0,1797
2024-06-19 20:00:00,6126.843,6152.08,6126.342,6150.653,1798,172,0,1798
2024-06-19 21:00:00,6150.815,6159.869,6148.383,6151.44,1791,172,0,1791
2024-06-19 22:00:00,6151.67,6159.73,6150.108,6152.612,1794,172,0,1794
2024-06-19 23:00:00,6152.531,6162.72,6151.394,6161.624,1796,172,0,1796
2024-06-20 00:00:00,6161.677,6162.35,6152.31,6157.401,1799,172,0,1799
2024-06-20 01:00:00,6157.289,6159.243,6150.842,6156.251,1791,172,0,1791
2024-06-20 02:00:00,6156.329,6156.735,6146.2,6150.054,1797,172,0,1797
2024-06-20 03:00:00,6149.917,6151.353,6142.68,6147.663,1795,172,0,1795
2024-06-20 04:00:00,6147.692,6147.775,6140.648,6146.825,1800,172,0,1800
2024-06-20 05:00:00,6147.16,6155.841,6147.16,6155.553,1795,172,0,1795
2024-06-20 06:00:00,6155.497,6161.48,6151.376,6157.35,1796,172,0,1796
2024-06-20 07:00:00,6157.289,6158.014,6147.492,6150.092,1796,172,0,1796
2024-06-20 08:00:00,6150.294,6153.074,6145.213,6146.662,1794,172,0,1794
2024-06-20 09:00:00,6146.933,6147.274,6134.79,6138.193,1794,172,0,1794
2024-06-20 10:00:00,6138.189,6141.495,6133.937,6140.499,1793,172,0,1793
2024-06-20 11:00:00,6140.468,6147.9,6137.819,6145.099,1796,172,0,1796
2024-06-20 12:00:00,6145.092,6147.566,6140.094,6140.194,1795,172,0,1795
2024-06-20 13:00:00,6140.126,6149.121,6136.567,6148.806,1800,172,0,1800
2024-06-20 14:00:00,6149.049,6154.501,6145.315,6151.803,1797,172,0,1797
2024-06-20 15:00:00,6151.741,6151.844,6142.447,6146.854,1798,172,0,1798
2024-06-20 16:00:00,6146.921,6157.578,6146.022,6156.673,1795,172,0,1795
2024-06-20 17:00:00,6156.642,6158.075,6144.717,6145.01,1794,172,0,1794
2024-06-20 18:00:00,6144.67,6151.849,6142.722,6150.979,1799,172,0,1799
2024-06-20 19:00:00,6150.959,6164.968,6149.127,6160.196,1799,172,0,1799
2024-06-20 20:00:00,6160.019,6160.569,6152.388,6154.763,1793,172,0,1793
2024-06-20 21:00:00,6155.0,6165.073,6152.07,6162.014,1794,172,0,1794
2024-06-20 22:00:00,6161.986,6163.873,6153.037,6156.381,1798,172,0,1798
2024-06-20 23:00:00,6156.316,6156.792,6143.577,6143.996,1798,172,0,1798
2024-06-21 00:00:00,6144.136,6148.671,6138.539,6143.341,1799,172,0,1799
2024-06-21 01:00:00,6143.401,6148.254,6139.954,6144.845,1796,172,0,1796
2024-06-21 02:00:00,6144.845,6145.25,6130.668,6133.822,1793,172,0,1793
2024-06-21 03:00:00,6133.899,6141.891,6132.313,6139.973,1796,172,0,1796
2024-06-21 04:00:00,6139.901,6145.191,6138.017,6144.374,1797,172,0,1797
2024-06-21 05:00:00,6144.403,6154.559,6144.224,6144.306,1794,172,0,1794
2024-06-21 06:00:00,6144.214,6153.547,6143.553,6146.723,1799,172,0,1799
2024-06-21 07:00:00,6146.529,6147.453,6131.264,6135.2,1793,172,0,1793
2024-06-21 08:00:00,6135.294,6136.698,6120.169,6123.471,1795,172,0,1795
2024-06-21 09:00:00,6123.221,6128.74,6114.876,6128.418,1796,172,0,1796
2024-06-21 10:00:00,6128.271,6130.392,6122.28,6128.295,1795,172,0,1795
2024-06-21 11:00:00,6128.039,6135.285,6126.461,6131.08,1796,172,0,1796
2024-06-21 12:00:00,6131.022,6131.63,6121.002,6121.712,1794,172,0,1794
2024-06-21 13:00:00,6121.401,6128.841,6121.142,6126.049,1798,172,0,1798
2024-06-21 14:00:00,6126.067,6132.492,6121.767,6130.29,1795,172,0,1795
2024-06-21 15:00:00,6130.237,6135.822,6127.122,6127.408,1794,172,0,1794
2024-06-21 16:00:00,6127.325,6136.8,6125.685,6135.542,1796,172,0,1796
2024-06-21 17:00:00,6135.299,6138.188,6127.92,6130.257,1792,172,0,1792
2024-06-21 18:00:00,6130.375,6140.225,6127.394,6135.933,1798,172,0,1798
2024-06-21 19:00:00,6135.868,6141.503,6130.565,6141.059,1799,172,0,1799
2024-06-21 20:00:00,6141.086,6151.49,6138.174,6150.874,1796,172,0,1796
2024-06-21 21:00:00,6150.649,6150.649,6143.164,6145.79,1789,172,0,1789
2024-06-21 22:00:00,6145.844,6156.481,6145.563,6154.961,1798,172,0,1798
2024-06-21 23:00:00,6154.658,6155.115,6141.554,6143.09,1797,172,0,1797
2024-06-22 00:00:00,6143.158,6149.971,6138.638,6149.793,1798,172,0,1798
2024-06-22 01:00:00,6149.864,6155.813,6143.735,6150.032,1797,172,0,1797
2024-06-22 02:00:00,6150.004,6154.986,6146.726,6153.265,1798,172,0,1798
2024-06-22 03:00:00,6153.081,6154.801,6142.792,6146.63,1793,172,0,1793
2024-06-22 04:00:00,6146.532,6157.389,6143.896,6151.431,1794,172,0,1794
2024-06-22 05:00:00,6151.574,6153.671,6146.649,6151.246,1796,172,0,1796
2024-06-22 06:00:00,6151.509,6163.242,6150.169,6163.241,1797,172,0,1797
2024-06-22 07:00:00,6163.253,6167.268,6157.233,6165.218,1796,172,0,1796
2024-06-22 08:00:00,6165.359,6177.842,6165.259,6173.3,1799,172,0,1799
2024-06-22 09:00:00,6173.327,6179.908,6172.213,6177.956,1794,172,0,1794
2024-06-22 10:00:00,6177.864,6180.771,6166.347,6168.494,1794,172,0,1794
2024-06-22 11:00:00,6168.709,6175.163,6163.346,6171.035,1797,172,0,1797
2024-06-22 12:00:00,6170.905,6186.078,6170.329,6185.136,1791,172,0,1791
2024-06-22 13:00:00,6185.17,6185.445,6171.759,6177.542,1797,172,0,1797
2024-06-22 14:00:00,6177.35,6181.016,6172.291,6173.005,1796,172,0,1796
2024-06-22 15:00:00,6172.788,6180.122,6167.538,6178.639,1795,172,0,1795
2024-06-22 16:00:00,6178.517,6181.289,6175.813,6178.947,1797,172,0,1797
2024-06-22 17:00:00,6179.174,6181.212,6175.341,6177.528,1793,172,0,1793
2024-06-22 18:00:00,6177.57,6177.768,6165.894,6173.29,1798,172,0,1798
2024-06-22 19:00:00,6173.513,6177.109,6168.789,6172.315,1794,172,0,1794
2024-06-22 20:00:00,6171.988,6181.799,6171.988,6174.223,1800,172,0,1800
2024-06-22 21:00:00,6174.386,6177.836,6170.718,6176.057,1793,172,0,1793
2024-06-22 22:00:00,6175.912,6176.178,6167.016,6170.163,1796,172,0,1796
2024-06-22 23:00:00,6170.403,6175.497,6166.011,6175.497,1795,172,0,1795
2024-06-23 00:00:00,6175.681,6180.472,6168.564,6179.94,1795,172,0,1795
2024-06-23 01:00:00,6179.902,6186.444,6179.111,6183.995,1794,172,0,1794
2024-06-23 02:00:00,6183.619,6189.197,6177.188,6187.094,1794,172,0,1794
2024-06-23 03:00:00,6187.169,6202.6,6186.657,6201.383,1791,172,0,1791
2024-06-23 04:00:00,6201.498,6202.942,6191.208,6191.991,1796,172,0,1796
2024-06-23 05:00:00,6191.928,6192.352,6181.49,6189.515,1797,172,0,1797
2024-06-23 06:00:00,6189.425,6195.377,6187.204,6192.706,1794,172,0,1794
2024-06-23 07:00:00,6192.692,6194.497,6184.688,6187.437,1797,172,0,1797
2024-06-23 08:00:00,6187.262,6192.699,6184.785,6188.174,1799,172,0,1799
2024-06-23 09:00:00,6188.204,6195.075,6180.563,6194.768,1793,172,0,1793
2024-06-23 10:00:00,6194.905,6202.291,6188.256,6188.703,1792,172,0,1792
2024-06-23 11:00:00,6188.527,6195.779,6187.311,6193.551,1795,172,0,1795
2024-06-23 12:00:00,6193.48,6202.816,6189.463,6202.055,1793,172,0,1793
2024-06-23 13:00:00,6201.797,6204.601,6194.872,6202.351,1797,172,0,1797
2024-06-23 14:00:00,6202.486,6205.089,6197.166,6202.807,1793,172,0,1793
2024-06-23 15:00:00,6202.929,6206.371,6198.7,6203.564,1795,172,0,1795
2024-06-23 16:00:00,6203.076,6204.779,6196.232,6201.634,1798,172,0,1798
2024-06-23 17:00:00,6201.664,6210.981,6200.02,6206.855,1795,172,0,1795
2024-06-23 18:00:00,6207.183,6212.659,6201.8,6202.497,1795,172,0,1795
2024-06-23 19:00:00,6202.106,6203.007,6193.365,6193.365,1796,172,0,1796
2024-06-23 20:00:00,6193.096,6198.823,6188.632,6192.983,1794,172,0,1794
2024-06-23 21:00:00,6192.833,6197.994,6189.736,6191.561,1791,172,0,1791
2024-06-23 22:00:00,6191.611,6201.839,6191.361,6196.6,1796,172,0,1796
2024-06-23 23:00:00,6196.566,6203.08,6192.399,6201.557,1792,172,0,1792
2024-06-24 00:00:00,6201.577,6204.739,6195.278,6201.546,1795,172,0,1795
2024-06-24 01:00:00,6201.787,6203.899,6196.927,6201.274,1795,172,0,1795
2024-06-24 02:00:00,6201.27,6206.411,6192.408,6194.578,1795,172,0,1795
2024-06-24 03:00:00,6194.611,6213.212,6192.749,6211.351,1796,172,0,1796
2024-06-24 04:00:00,6211.36,6213.767,6201.871,6205.841,1795,172,0,1795
2024-06-24 05:00:00,6205.779,6207.27,6201.504,6205.748,1795,172,0,1795
2024-06-24 06:00:00,6205.614,6211.784,6199.411,6210.352,1795,172,0,1795
2024-06-24 07:00:00,6210.178,6216.423,6207.85,6215.17,1798,172,0,1798
2024-06-24 08:00:00,6215.142,6223.628,6214.182,6219.912,1794,172,0,1794
2024-06-24 09:00:00,6219.877,6228.081,6215.608,6226.256,1798,172,0,1798
2024-06-24 10:00:00,6226.26,6230.547,6223.856,6229.373,1797,172,0,1797
2024-06-24 11:00:00,6229.268,6240.169,6225.32,6234.855,1799,172,0,1799
2024-06-24 12:00:00,6234.621,6240.059,6232.208,6235.547,1797,172,0,1797
2024-06-24 13:00:00,6235.645,6238.83,6231.192,6238.001,1793,173,0,1793
2024-06-24 14:00:00,6238.16,6249.283,6237.364,6240.492,1797,173,0,1797
2024-06-24 15:00:00,6240.38,6256.195,6240.248,6245.907,1796,173,0,1796
2024-06-24 16:00:00,6246.104,6246.923,6238.138,6239.593,1797,173,0,1797
2024-06-24 17:00:00,6239.692,6254.44,6239.017,6254.44,1796,173,0,1796
2024-06-24 18:00:00,6254.019,6264.742,6254.019,6258.056,1797,173,0,1797
2024-06-24 19:00:00,6257.656,6261.094,6254.611,6255.532,1797,173,0,1797
2024-06-24 20:00:00,6255.708,6258.331,6249.107,6254.97,1794,173,0,1794
2024-06-24 21:00:00,6254.802,6268.986,6253.685,6267.157,1795,173,0,1795
2024-06-24 22:00:00,6267.048,6268.69,6255.801,6261.77,1796,173,0,1796
2024-06-24 23:00:00,6261.55,6265.289,6252.435,6255.223,1795,173,0,1795
2024-06-25 00:00:00,6255.18,6263.442,6252.856,6253.478,1794,173,0,1794
2024-06-25 01:00:00,6253.234,6258.464,6251.752,6256.478,1799,173,0,1799
2024-06-25 02:00:00,6256.647,6259.536,6247.188,6247.859,1796,173,0,1796
2024-06-25 03:00:00,6248.023,6248.775,6240.565,6243.053,1797,173,0,1797
2024-06-25 04:00:00,6243.187,6246.206,6233.424,6233.58,1795,173,0,1795
2024-06-25 05:00:00,6233.597,6242.471,6228.782,6238.785,1795,173,0,1795
2024-06-25 06:00:00,6238.754,6240.935,6230.541,6236.749,1794,173,0,1794
2024-06-25 07:00:00,6236.632,6237.438,6227.981,6229.879,1795,173,0,1795
2024-06-25 08:00:00,6229.771,6237.731,6229.336,6237.731,1797,173,0,1797
2024-06-25 09:00:00,6237.712,6239.992,6233.416,6237.014,1793,173,0,1793
2024-06-25 10:00:00,6237.242,6238.91,6223.948,6232.497,1795,173,0,1795
2024-06-25 11:00:00,6232.415,6238.706,6227.386,6229.579,1794,173,0,1794
2024-06-25 12:00:00,6229.335,6237.905,6223.955,6235.871,1796,173,0,1796
2024-06-25 13:00:00,6235.946,6239.964,6231.188,6234.468,1790,173,0,1790
2024-06-25 14:00:00,6234.397,6236.567,6227.344,6229.247,1793,173,0,1793
2024-06-25 15:00:00,6229.546,6237.118,6227.586,6234.498,1790,173,0,1790
2024-06-25 16:00:00,6234.471,6241.784,6232.34,6237.956,1797,173,0,1797
2024-06-25 17:00:00,6237.821,6238.376,6226.428,6230.975,1797,173,0,1797
2024-06-25 18:00:00,6230.655,6242.393,6230.134,6237.278,1798,173,0,1798
2024-06-25 19:00:00,6237.063,6241.34,6230.384,6230.531,1795,173,0,1795
2024-06-25 20:00:00,6230.306,6230.626,6219.726,6228.906,1797,173,0,1797
2024-06-25 21:00:00,6228.638,6233.278,6227.043,6231.054,1795,173,0,1795
2024-06-25 22:00:00,6230.81,6233.924,6224.119,6228.836,1795,173,0,1795
2024-06-25 23:00:00,6229.261,6230.147,6217.599,6220.408,1791,173,0,1791
2024-06-26 00:00:00,6220.401,6227.909,6220.401,6225.056,1792,173,0,1792
2024-06-26 01:00:00,6225.295,6226.526,6215.218,6216.327,1794,173,0,1794
2024-06-26 02:00:00,6216.105,6218.08,6207.56,6209.6,1795,173,0,1795
2024-06-26 03:00:00,6209.712,6216.85,6206.848,6213.147,1797,173,0,1797
2024-06-26 04:00:00,6212.822,6217.584,6208.662,6215.455,1797,173,0,1797
2024-06-26 05:00:00,6215.119,6222.074,6210.37,6221.464,1795,173,0,1795
2024-06-26 06:00:00,6221.549,6223.114,6205.456,6207.722,1795,173,0,1795
2024-06-26 07:00:00,6207.862,6216.508,6203.229,6216.508,1799,173,0,1799
2024-06-26 08:00:00,6216.243,6226.873,6210.72,6225.262,1798,173,0,1798
2024-06-26 09:00:00,6225.044,6226.08,6209.303,6211.91,1795,173,0,1795
2024-06-26 10:00:00,6211.923,6212.39,6198.335,6206.034,1796,173,0,1796
2024-06-26 11:00:00,6206.054,6214.179,6205.733,6210.68,1791,173,0,1791
2024-06-26 12:00:00,6210.713,6236.945,6210.693,6236.945,1798,173,0,1798
2024-06-26 13:00:00,6236.889,6243.292,6226.965,6229.125,1796,173,0,1796
2024-06-26 14:00:00,6229.059,6230.25,6220.839,6227.738,1793,173,0,1793
2024-06-26 15:00:00,6227.587,6232.623,6225.059,6228.981,1796,173,0,1796
2024-06-26 16:00:00,6228.826,6233.678,6224.673,6224.883,1794,173,0,1794
2024-06-26 17:00:00,6224.84,6229.432,6222.495,6225.07,1792,173,0,1792
2024-06-26 18:00:00,6225.329,6229.083,6221.071,6223.771,1797,173,0,1797
2024-06-26 19:00:00,6223.747,6224.731,6216.224,6216.772,1796,173,0,1796
2024-06-26 20:00:00,6216.524,6222.691,6209.008,6209.901,1797,173,0,1797
2024-06-26 21:00:00,6209.721,6212.727,6205.879,6210.363,1799,173,0,1799
2024-06-26 22:00:00,6210.302,6220.331,6209.571,6220.168,1795,173,0,1795
2024-06-26 23:00:00,6220.141,6231.128,6219.85,6230.766,1795,173,0,1795
2024-06-27 00:00:00,6231.009,6236.119,6227.314,6227.809,1793,173,0,1793
2024-06-27 01:00:00,6227.693,6228.688,6222.883,6224.018,1793,173,0,1793
2024-06-27 02:00:00,6224.109,6225.191,6215.798,6218.068,1795,173,0,1795
2024-06-27 03:00:00,6217.998,6220.6,6213.281,6218.103,1792,173,0,1792
2024-06-27 04:00:00,6218.061,6227.43,6216.092,6226.361,1798,173,0,1798
2024-06-27 05:00:00,6226.461,6230.401,6220.522,6220.766,1797,173,0,1797
2024-06-27 06:00:00,6220.719,6222.293,6214.647,6221.367,1794,173,0,1794
2024-06-27 07:00:00,6221.522,6221.853,6211.687,6211.989,1795,173,0,1795
2024-06-27 08:00:00,6212.22,6213.689,6206.303,6207.335,1798,173,0,1798
2024-06-27 09:00:00,6207.252,6218.699,6205.768,6212.738,1795,173,0,1795
2024-06-27 10:00:00,6212.77,6219.2,6209.692,6215.808,1795,173,0,1795
2024-06-27 11:00:00,6215.862,6218.18,6209.332,6209.657,1795,173,0,1795
2024-06-27 12:00:00,6209.523,6216.357,6209.098,6215.287,1798,173,0,1798
2024-06-27 13:00:00,6215.285,6222.961,6212.427,6212.427,1795,173,0,1795
2024-06-27 14:00:00,6212.636,6214.935,6202.618,6209.059,1793,173,0,1793
2024-06-27 15:00:00,6208.991,6214.797,6207.094,6211.057,1795,173,0,1795
2024-06-27 16:00:00,6210.91,6215.747,6207.084,6208.83,1797,173,0,1797
2024-06-27 17:00:00,6208.926,6209.232,6201.694,6207.535,1798,173,0,1798
2024-06-27 18:00:00,6207.441,6213.736,6204.381,6208.403,1797,173,0,1797
2024-06-27 19:00:00,6208.214,6214.649,6207.92,6212.206,1793,173,0,1793
2024-06-27 20:00:00,6212.215,6214.353,6204.185,6214.195,1796,173,0,1796
2024-06-27 21:00:00,6214.32,6223.201,6212.344,6220.769,1796,173,0,1796
2024-06-27 22:00:00,6220.878,6224.614,6211.382,6213.261,1794,173,0,1794
2024-06-27 23:00:00,6213.456,6223.696,6211.499,6223.264,1797,173,0,1797
2024-06-28 00:00:00,6223.171,6225.411,6217.448,6221.146,1793,173,0,1793
2024-06-28 01:00:00,6221.184,6229.784,6219.563,6222.357,1794,173,0,1794
2024-06-28 02:00:00,6222.222,6223.195,6214.19,6216.902,1796,173,0,1796
2024-06-28 03:00:00,6216.853,6218.087,6208.854,6209.59,1796,173,0,1796
2024-06-28 04:00:00,6209.715,6211.196,6199.927,6200.231,1794,173,0,1794
2024-06-28 05:00:00,6200.212,6200.347,6190.35,6198.337,1793,173,0,1793
2024-06-28 06:00:00,6198.39,6201.313,6188.225,6190.983,1794,173,0,1794
2024-06-28 07:00:00,6191.186,6193.912,6181.397,6185.752,1793,173,0,1793
2024-06-28 08:00:00,6185.856,6188.06,6180.604,6185.229,1799,173,0,1799
2024-06-28 09:00:00,6185.205,6188.865,6180.413,6184.394,1798,173,0,1798
2024-06-28 10:00:00,6184.155,6192.414,6180.354,6189.083,1799,173,0,1799
2024-06-28 11:00:00,6189.419,6192.511,6186.448,6191.389,1795,173,0,1795
2024-06-28 12:00:00,6191.368,6198.433,6190.29,6195.308,1795,173,0,1795
2024-06-28 13:00:00,6195.25,6197.316,6188.527,6188.662,1797,173,0,1797
2024-06-28 14:00:00,6188.631,6194.809,6184.727,6190.368,1795,173,0,1795
2024-06-28 15:00:00,6190.335,6192.024,6178.898,6179.188,1793,173,0,1793
2024-06-28 16:00:00,6179.112,6182.616,6170.095,6178.282,1797,173,0,1797
2024-06-28 17:00:00,6178.106,6181.69,6175.329,6177.498,1794,173,0,1794
2024-06-28 18:00:00,6177.373,6180.735,6173.882,6177.011,1794,173,0,1794
2024-06-28 19:00:00,6177.044,6188.978,6176.789,6188.585,1795,173,0,1795
2024-06-28 20:00:00,6188.576,6208.232,6188.092,6199.784,1796,173,0,1796
2024-06-28 21:00:00,6199.79,6215.557,6198.808,6213.411,1799,173,0,1799
2024-06-28 22:00:00,6213.475,6213.911,6205.859,6209.527,1797,173,0,1797
2024-06-28 23:00:00,6209.327,6215.758,6202.486,6206.388,1798,173,0,1798
2024-06-29 00:00:00,6206.392,6218.947,6206.036,6213.476,1793,173,0,1793
2024-06-29 01:00:00,6213.684,6221.985,6212.868,6217.572,1793,173,0,1793
2024-06-29 02:00:00,6217.775,6219.169,6195.324,6195.709,1794,173,0,1794
2024-06-29 03:00:00,6195.583,6201.103,6188.383,6200.535,1796,173,0,1796
2024-06-29 04:00:00,6200.568,6203.415,6191.909,6198.44,1795,173,0,1795
2024-06-29 05:00:00,6198.361,6205.306,6198.28,6203.955,1799,173,0,1799
2024-06-29 06:00:00,6203.916,6207.366,6200.929,6203.281,1796,173,0,1796
2024-06-29 07:00:00,6203.377,6210.406,6201.911,6202.901,1796,173,0,1796
2024-06-29 08:00:00,6202.809,6210.626,6200.614,6206.174,1797,173,0,1797
2024-06-29 09:00:00,6206.393,6213.508,6206.192,6210.791,1797,173,0,1797
2024-06-29 10:00:00,6210.524,6215.238,6208.094,6210.033,1796,173,0,1796
2024-06-29 11:00:00,6209.92,6224.419,6209.819,6221.875,1797,173,0,1797
2024-06-29 12:00:00,6221.737,6221.807,6213.114,6213.114,1797,173,0,1797
2024-06-29 13:00:00,6213.01,6213.296,6202.244,6207.114,1796,173,0,1796
2024-06-29 14:00:00,6207.098,6213.018,6201.652,6210.355,1795,173,0,1795
2024-06-29 15:00:00,6210.447,6220.849,6209.349,6217.471,1795,173,0,1795
2024-06-29 16:00:00,6217.624,6219.328,6213.496,6213.999,1798,173,0,1798
2024-06-29 17:00:00,6214.003,6216.913,6209.97,6209.985,1793,173,0,1793
2024-06-29 18:00:00,6209.995,6222.825,6209.311,6221.281,1794,173,0,1794
2024-06-29 19:00:00,6221.56,6223.371,6214.437,6216.23,1797,173,0,1797
2024-06-29 20:00:00,6216.353,6221.635,6211.321,6213.044,1789,173,0,1789
2024-06-29 21:00:00,6213.089,6223.712,6212.112,6218.615,1799,173,0,1799
2024-06-29 22:00:00,6218.789,6225.149,6216.658,6225.149,1799,173,0,1799
2024-06-29 23:00:00,6225.09,6230.896,6221.979,6227.039,1799,173,0,1799
2024-06-30 00:00:00,6227.312,6228.0,6203.856,6204.328,1795,173,0,1795
2024-06-30 01:00:00,6204.373,6206.494,6199.822,6204.949,1797,173,0,1797
2024-06-30 02:00:00,6205.018,6207.956,6198.201,6204.419,1798,173,0,1798
2024-06-30 03:00:00,6204.441,6212.813,6202.231,6211.904,1793,173,0,1793
2024-06-30 04:00:00,6211.684,6221.432,6209.802,6216.165,1794,173,0,1794
2024-06-30 05:00:00,6216.006,6219.027,6211.696,6215.073,1797,173,0,1797
2024-06-30 06:00:00,6214.798,6217.631,6208.063,6214.263,1798,173,0,1798
2024-06-30 07:00:00,6214.579,6219.742,6211.473,6217.006,1795,173,0,1795
2024-06-30 08:00:00,6217.183,6220.146,6202.673,6204.311,1797,173,0,1797
2024-06-30 09:00:00,6204.609,6208.751,6201.517,6202.543,1794,173,0,1794
2024-06-30 10:00:00,6202.481,6212.529,6200.344,6212.529,1795,173,0,1795
2024-06-30 11:00:00,6212.414,6220.182,6211.142,6217.712,1796,173,0,1796
2024-06-30 12:00:00,6217.621,6218.472,6202.71,6208.552,1795,173,0,1795
2024-06-30 13:00:00,6208.79,6209.359,6200.337,6200.337,1795,173,0,1795
2024-06-30 14:00:00,6200.063,6212.146,6198.423,6211.022,1798,173,0,1798
2024-06-30 15:00:00,6210.831,6220.242,6210.356,6220.189,1795,173,0,1795
2024-06-30 16:00:00,6220.302,6220.302,6212.753,6215.154,1797,173,0,1797
2024-06-30 17:00:00,6215.324,6225.125,6214.427,6224.717,1797,173,0,1797
2024-06-30 18:00:00,6224.69,6225.537,6218.875,6220.519,1794,173,0,1794
2024-06-30 19:00:00,6220.704,6225.972,6219.571,6222.909,1798,173,0,1798
2024-06-30 20:00:00,6222.59,6235.44,6221.351,6235.377,1797,173,0,1797
2024-06-30 21:00:00,6235.34,6237.515,6229.039,6230.18,1798,173,0,1798
2024-06-30 22:00:00,6230.171,6242.603,6228.013,6234.914,1796,173,0,1796
2024-06-30 23:00:00,6234.721,6247.195,6231.587,6247.195,1793,173,0,1793
2024-07-01 00:00:00,6247.154,6247.307,6239.124,6239.143,1800,173,0,1800
2024-07-01 01:00:00,6238.992,6241.471,6235.628,6240.447,1792,173,0,1792
2024-07-01 02:00:00,6240.52,6247.974,6238.257,6246.219,1796,173,0,1796
2024-07-01 03:00:00,6246.49,6259.833,6244.118,6257.392,1798,173,0,1798
2024-07-01 04:00:00,6257.418,6261.667,6252.544,6261.487,1790,173,0,1790
2024-07-01 05:00:00,6261.45,6271.787,6259.264,6270.789,1797,173,0,1797
2024-07-01 06:00:00,6270.781,6276.265,6266.12,6269.968,1792,173,0,1792
2024-07-01 07:00:00,6270.104,6270.776,6265.698,6268.599,1798,173,0,1798
2024-07-01 08:00:00,6268.361,6271.603,6263.648,6270.964,1796,173,0,1796
2024-07-01 09:00:00,6270.987,6272.133,6262.505,6264.851,1795,173,0,1795
2024-07-01 10:00:00,6264.816,6270.06,6262.54,6268.448,1799,173,0,1799
2024-07-01 11:00:00,6268.746,6273.668,6265.895,6269.805,1796,173,0,1796
2024-07-01 12:00:00,6269.849,6271.057,6257.907,6257.968,1793,173,0,1793
2024-07-01 13:00:00,6257.961,6265.939,6254.898,6263.301,1790,173,0,1790
2024-07-01 14:00:00,6263.222,6265.943,6257.181,6262.201,1793,173,0,1793
2024-07-01 15:00:00,6261.936,6267.143,6258.857,6262.751,1791,173,0,1791
2024-07-01 16:00:00,6262.57,6265.073,6252.987,6257.476,1797,173,0,1797
2024-07-01 17:00:00,6257.837,6260.026,6250.088,6252.499,1794,173,0,1794
2024-07-01 18:00:00,6252.463,6260.293,6251.867,6256.114,1798,173,0,1798
2024-07-01 19:00:00,6256.072,6256.323,6247.918,6248.871,1795,173,0,1795
2024-07-01 20:00:00,6248.943,6252.78,6239.938,6240.368,1794,173,0,1794
2024-07-01 21:00:00,6240.273,6247.861,6239.599,6245.515,1797,173,0,1797
2024-07-01 22:00:00,6245.502,6247.428,6239.643,6247.307,1792,173,0,1792
2024-07-01 23:00:00,6247.245,6253.79,6240.227,6241.199,1794,173,0,1794
2024-07-02 00:00:00,6241.345,6246.249,6238.978,6241.537,1794,173,0,1794
2024-07-02 01:00:00,6241.707,6243.132,6232.78,6235.775,1799,173,0,1799
2024-07-02 02:00:00,6235.648,6240.673,6231.587,6239.078,1797,173,0,1797
2024-07-02 03:00:00,6239.377,6247.145,6239.006,6242.275,1797,173,0,1797
2024-07-02 04:00:00,6242.394,6244.982,6233.342,6233.342,1799,173,0,1799
2024-07-02 05:00:00,6233.029,6239.708,6222.218,6222.91,1796,173,0,1796
2024-07-02 06:00:00,6222.826,6224.598,6214.433,6214.866,1796,173,0,1796
2024-07-02 07:00:00,6215.073,6224.739,6213.699,6219.47,1795,172,0,1795
2024-07-02 08:00:00,6219.425,6225.451,6216.631,6220.672,1798,172,0,1798
2024-07-02 09:00:00,6220.82,6220.852,6213.859,6213.956,1793,172,0,1793
2024-07-02 10:00:00,6214.194,6215.399,6205.397,6208.382,1796,172,0,1796
2024-07-02 11:00:00,6208.44,6210.622,6202.83,6207.106,1797,172,0,1797
2024-07-02 12:00:00,6207.209,6222.376,6205.747,6219.353,1798,172,0,1798
2024-07-02 13:00:00,6219.613,6228.399,6219.537,6222.385,1793,172,0,1793
2024-07-02 14:00:00,6222.542,6231.767,6219.154,6228.673,1799,172,0,1799
2024-07-02 15:00:00,6229.084,6234.808,6228.58,6232.604,1796,172,0,1796
2024-07-02 16:00:00,6232.397,6235.907,6222.786,6226.645,1796,172,0,1796
2024-07-02 17:00:00,6227.142,6235.137,6224.388,6232.663,1796,172,0,1796
2024-07-02 18:00:00,6232.932,6234.591,6218.228,6218.879,1797,172,0,1797
2024-07-02 19:00:00,6218.894,6225.016,6217.667,6224.295,1796,172,0,1796
2024-07-02 20:00:00,6224.618,6227.008,6215.157,6217.178,1794,172,0,1794
2024-07-02 21:00:00,6217.408,6219.994,6213.122,6215.733,1797,172,0,1797
2024-07-02 22:00:00,6215.701,6223.697,6214.538,6222.472,1793,172,0,1793
2024-07-02 23:00:00,6222.267,6229.248,6219.963,6221.316,1794,172,0,1794
2024-07-03 00:00:00,6221.493,6231.032,6220.951,6229.392,1796,172,0,1796
2024-07-03 01:00:00,6229.157,6237.052,6222.521,6236.493,1790,172,0,1790
2024-07-03 02:00:00,6236.494,6236.84,6230.507,6234.082,1794,172,0,1794
2024-07-03 03:00:00,6233.986,6238.29,6223.465,6223.465,1795,172,0,1795
2024-07-03 04:00:00,6223.323,6228.002,6218.405,6220.314,1797,172,0,1797
2024-07-03 05:00:00,6220.398,6222.272,6215.517,6218.309,1797,172,0,1797
2024-07-03 06:00:00,6218.249,6233.733,6217.114,6232.622,1794,172,0,1794
2024-07-03 07:00:00,6232.541,6234.0,6221.481,6226.129,1793,172,0,1793
2024-07-03 08:00:00,6226.028,6232.53,6223.259,6225.632,1796,172,0,1796
2024-07-03 09:00:00,6225.639,6232.157,6224.075,6230.365,1793,172,0,1793
2024-07-03 10:00:00,6230.208,6232.371,6222.071,6232.371,1795,172,0,1795
2024-07-03 11:00:00,6232.731,6233.898,6223.816,6224.889,1794,172,0,1794
2024-07-03 12:00:00,6225.093,6229.651,6220.989,6225.726,1798,172,0,1798
2024-07-03 13:00:00,6225.864,6227.598,6213.229,6219.214,1797,172,0,1797
2024-07-03 14:00:00,6219.031,6220.165,6211.49,6218.329,1797,172,0,1797
2024-07-03 15:00:00,6218.641,6220.858,6211.306,6214.855,1798,172,0,1798
2024-07-03 16:00:00,6214.698,6217.99,6211.762,6215.258,1796,172,0,1796
2024-07-03 17:00:00,6215.246,6224.521,6214.208,6223.095,1792,172,0,1792
2024-07-03 18:00:00,6222.889,6225.476,6213.351,6213.871,1796,172,0,1796
2024-07-03 19:00:00,6213.626,6221.285,6208.774,6219.823,1794,172,0,1794
2024-07-03 20:00:00,6219.79,6233.173,6219.585,6228.982,1796,172,0,1796
2024-07-03 21:00:00,6229.011,6230.337,6221.044,6223.869,1791,172,0,1791
2024-07-03 22:00:00,6223.821,6225.611,6215.017,6225.352,1793,172,0,1793
2024-07-03 23:00:00,6225.124,6226.797,6208.417,6212.619,1797,172,0,1797
2024-07-04 00:00:00,6213.114,6219.806,6209.941,6216.502,1797,172,0,1797
2024-07-04 01:00:00,6216.471,6219.096,6206.664,6207.452,1795,172,0,1795
2024-07-04 02:00:00,6207.331,6209.092,6195.873,6196.726,1794,172,0,1794
2024-07-04 03:00:00,6196.718,6197.718,6187.271,6193.849,1798,172,0,1798
2024-07-04 04:00:00,6193.743,6197.731,6191.445,6194.724,1796,172,0,1796
2024-07-04 05:00:00,6194.523,6200.598,6191.574,6198.208,1798,172,0,1798
2024-07-04 06:00:00,6198.071,6207.995,6197.627,6202.156,1793,172,0,1793
2024-07-04 07:00:00,6201.982,6214.177,6200.631,6205.683,1796,172,0,1796
2024-07-04 08:00:00,6205.793,6211.893,6202.278,6207.189,1795,172,0,1795
2024-07-04 09:00:00,6207.271,6216.451,6207.234,6214.146,1791,172,0,1791
2024-07-04 10:00:00,6213.996,6222.02,6209.373,6221.327,1796,172,0,1796
2024-07-04 11:00:00,6221.223,6222.193,6210.922,6219.363,1792,172,0,1792
2024-07-04 12:00:00,6219.359,6227.179,6217.983,6219.741,1796,172,0,1796
2024-07-04 13:00:00,6219.465,6219.708,6200.621,6204.148,1796,172,0,1796
2024-07-04 14:00:00,6204.252,6214.178,6203.482,6209.851,1793,172,0,1793
2024-07-04 15:00:00,6209.828,6215.401,6207.036,6214.017,1799,172,0,1799
2024-07-04 16:00:00,6214.096,6218.047,6207.971,6210.308,1798,172,0,1798
2024-07-04 17:00:00,6210.24,6212.559,6202.674,6203.433,1795,172,0,1795
2024-07-04 18:00:00,6203.272,6210.981,6202.102,6210.082,1793,172,0,1793
2024-07-04 19:00:00,6209.953,6211.515,6199.718,6200.603,1796,172,0,1796
2024-07-04 20:00:00,6200.684,6202.107,6193.54,6199.931,1798,172,0,1798
2024-07-04 21:00:00,6199.823,6200.067,6188.13,6191.08,1794,172,0,1794
2024-07-04 22:00:00,6191.007,6192.961,6181.059,6182.033,1794,172,0,1794
2024-07-04 23:00:00,6182.3,6191.924,6181.537,6187.102,1797,172,0,1797
2024-07-05 00:00:00,6186.863,6191.194,6183.434,6187.561,1795,172,0,1795
2024-07-05 01:00:00,6187.76,6198.426,6187.76,6191.624,1794,172,0,1794
2024-07-05 02:00:00,6191.615,6205.621,6191.22,6204.893,1796,172,0,1796
2024-07-05 03:00:00,6205.101,6207.791,6197.581,6207.575,1797,172,0,1797
2024-07-05 04:00:00,6207.733,6219.656,6198.99,6216.513,1795,172,0,1795
2024-07-05 05:00:00,6216.4,6219.073,6212.187,6213.426,1794,172,0,1794
2024-07-05 06:00:00,6213.206,6216.905,6205.378,6206.596,1797,172,0,1797
2024-07-05 07:00:00,6206.553,6217.232,6206.553,6214.379,1796,172,0,1796
2024-07-05 08:00:00,6214.757,6220.619,6213.721,6218.899,1795,172,0,1795
2024-07-05 09:00:00,6219.083,6222.54,6213.777,6214.965,1799,172,0,1799
2024-07-05 10:00:00,6214.904,6215.863,6207.787,6212.229,1797,172,0,1797
2024-07-05 11:00:00,6212.47,6219.713,6207.606,6211.708,1799,172,0,1799
2024-07-05 12:00:00,6211.662,6217.222,6210.661,6210.811,1796,172,0,1796
2024-07-05 13:00:00,6210.647,6213.612,6207.472,6210.452,1792,172,0,1792
2024-07-05 14:00:00,6210.363,6217.084,6210.363,6214.063,1795,172,0,1795
2024-07-05 15:00:00,6214.146,6218.191,6209.314,6209.668,1795,172,0,1795
2024-07-05 16:00:00,6209.61,6216.132,6203.894,6212.184,1793,172,0,1793
2024-07-05 17:00:00,6212.233,6215.237,6209.145,6214.259,1799,172,0,1799
2024-07-05 18:00:00,6214.321,6215.515,6197.78,6198.942,1799,172,0,1799
2024-07-05 19:00:00,6199.028,6205.718,6197.349,6200.998,1795,172,0,1795
2024-07-05 20:00:00,6200.956,6204.468,6198.876,6204.084,1797,172,0,1797
2024-07-05 21:00:00,6203.884,6209.975,6201.334,6205.693,1794,172,0,1794
2024-07-05 22:00:00,6205.638,6217.121,6205.466,6209.686,1794,172,0,1794
2024-07-05 23:00:00,6209.477,6223.224,6208.905,6223.224,1798,172,0,1798
2024-07-06 00:00:00,6223.284,6229.91,6219.973,6227.383,1797,172,0,1797
2024-07-06 01:00:00,6227.339,6230.689,6224.826,6226.251,1795,172,0,1795
2024-07-06 02:00:00,6226.215,6231.122,6223.215,6229.171,1797,172,0,1797
2024-07-06 03:00:00,6229.281,6232.401,6220.056,6223.071,1796,172,0,1796
2024-07-06 04:00:00,6222.93,6223.035,6217.856,6219.735,1792,172,0,1792
2024-07-06 05:00:00,6219.569,6224.192,6215.309,6218.226,1793,172,0,1793
2024-07-06 06:00:00,6218.061,6219.455,6205.935,6208.497,1796,172,0,1796
2024-07-06 07:00:00,6208.868,6214.83,6204.13,6212.299,1792,172,0,1792
2024-07-06 08:00:00,6212.177,6214.672,6208.642,6209.515,1792,172,0,1792
2024-07-06 09:00:00,6209.514,6217.401,6206.777,6215.757,1796,172,0,1796
2024-07-06 10:00:00,6215.743,6220.861,6211.197,6213.846,1796,172,0,1796
2024-07-06 11:00:00,6213.834,6221.413,6207.666,6220.876,1798,172,0,1798
2024-07-06 12:00:00,6221.016,6228.025,6215.717,6227.6,1796,172,0,1796
2024-07-06 13:00:00,6227.349,6233.075,6223.333,6232.431,1798,172,0,1798
2024-07-06 14:00:00,6232.536,6242.115,6230.947,6241.253,1797,172,0,1797
2024-07-06 15:00:00,6241.274,6250.927,6239.332,6245.079,1799,172,0,1799
2024-07-06 16:00:00,6244.817,6252.741,6244.49,6252.541,1796,172,0,1796
2024-07-06 17:00:00,6252.426,6252.773,6240.059,6244.068,1796,172,0,1796
2024-07-06 18:00:00,6244.05,6252.378,6241.317,6252.336,1796,172,0,1796
2024-07-06 19:00:00,6252.197,6265.714,6249.624,6262.132,1796,172,0,1796
2024-07-06 20:00:00,6262.121,6271.655,6260.109,6269.802,1792,172,0,1792
2024-07-06 21:00:00,6269.911,6272.256,6257.319,6260.454,1793,172,0,1793
2024-07-06 22:00:00,6260.417,6264.96,6256.5,6262.229,1800,172,0,1800
2024-07-06 23:00:00,6262.17,6266.83,6259.259,6260.447,1796,172,0,1796
2024-07-07 00:00:00,6260.532,6260.655,6247.122,6250.46,1796,172,0,1796
2024-07-07 01:00:00,6250.695,6251.47,6238.233,6241.221,1795,172,0,1795
2024-07-07 02:00:00,6241.161,6243.88,6235.023,6241.452,1797,172,0,1797
2024-07-07 03:00:00,6241.421,6246.164,6239.667,6243.23,1793,172,0,1793
2024-07-07 04:00:00,6243.151,6246.533,6240.577,6244.178,1794,172,0,1794
2024-07-07 05:00:00,6244.206,6245.089,6233.14,6239.628,1792,172,0,1792
2024-07-07 06:00:00,6239.356,6243.748,6236.312,6240.154,1798,172,0,1798
2024-07-07 07:00:00,6240.164,6249.891,6238.834,6246.346,1795,172,0,1795
2024-07-07 08:00:00,6246.429,6251.198,6234.781,6240.99,1797,172,0,1797
2024-07-07 09:00:00,6241.005,6245.543,6233.219,6239.774,1797,172,0,1797
2024-07-07 10:00:00,6239.527,6242.306,6236.112,6241.106,1797,172,0,1797
2024-07-07 11:00:00,6241.439,6247.99,6239.361,6244.872,1798,172,0,1798
2024-07-07 12:00:00,6245.002,6253.367,6244.924,6246.584,1793,172,0,1793
2024-07-07 13:00:00,6246.634,6251.9,6241.75,6249.781,1795,172,0,1795
2024-07-07 14:00:00,6249.632,6254.83,6242.965,6245.202,1797,172,0,1797
2024-07-07 15:00:00,6245.301,6249.533,6243.428,6247.55,1798,172,0,1798
2024-07-07 16:00:00,6247.497,6248.332,6227.526,6229.944,1794,172,0,1794
2024-07-07 17:00:00,6230.041,6235.394,6227.24,6227.995,1795,172,0,1795
2024-07-07 18:00:00,6228.006,6232.778,6222.624,6224.94,1795,172,0,1795
2024-07-07 19:00:00,6224.995,6226.265,6220.086,6220.67,1794,172,0,1794
2024-07-07 20:00:00,6220.781,6224.138,6214.184,6221.231,1796,172,0,1796
2024-07-07 21:00:00,6221.501,6221.748,6212.21,6212.914,1797,172,0,1797
2024-07-07 22:00:00,6212.791,6215.943,6208.308,6208.308,1797,172,0,1797
2024-07-07 23:00:00,6208.444,6209.569,6198.26,6198.833,1796,172,0,1796
2024-07-08 00:00:00,6198.646,6206.782,6194.94,6205.103,1794,172,0,1794
2024-07-08 01:00:00,6205.072,6219.488,6204.341,6213.188,1798,172,0,1798
2024-07-08 02:00:00,6212.452,6226.888,6209.869,6226.784,1794,172,0,1794
2024-07-08 03:00:00,6226.955,6231.209,6224.596,6230.75,1792,172,0,1792
2024-07-08 04:00:00,6230.9,6231.333,6221.971,6228.547,1794,172,0,1794
2024-07-08 05:00:00,6228.586,6236.753,6225.668,6234.775,1797,172,0,1797
2024-07-08 06:00:00,6234.771,6237.216,6225.246,6229.656,1795,172,0,1795
2024-07-08 07:00:00,6229.429,6231.417,6220.595,6221.581,1795,172,0,1795
2024-07-08 08:00:00,6221.246,6226.022,6216.803,6224.7,1795,172,0,1795
2024-07-08 09:00:00,6224.659,6226.663,6212.095,6215.606,1799,172,0,1799
2024-07-08 10:00:00,6215.448,6219.918,6211.185,6217.894,1793,172,0,1793
2024-07-08 11:00:00,6218.014,6223.16,6213.194,6222.512,1792,172,0,1792
2024-07-08 12:00:00,6222.416,6227.073,6220.342,6221.996,1798,172,0,1798
2024-07-08 13:00:00,6222.017,6228.431,6220.656,6223.106,1796,172,0,1796
2024-07-08 14:00:00,6222.978,6227.627,6218.869,6223.556,1796,172,0,1796
2024-07-08 15:00:00,6223.644,6236.858,6221.113,6231.791,1797,172,0,1797
2024-07-08 16:00:00,6232.02,6233.944,6226.961,6227.254,1795,172,0,1795
2024-07-08 17:00:00,6227.147,6227.291,6217.977,6218.97,1794,172,0,1794
2024-07-08 18:00:00,6219.092,6225.064,6215.878,6217.596,1797,172,0,1797
2024-07-08 19:00:00,6217.752,6229.495,6216.477,6227.352,1799,172,0,1799
2024-07-08 20:00:00,6227.478,6235.183,6226.534,6229.687,1798,172,0,1798
2024-07-08 21:00:00,6229.867,6234.216,6225.525,6232.144,1797,172,0,1797
2024-07-08 22:00:00,6232.103,6232.965,6226.462,6232.178,1795,172,0,1795
2024-07-08 23:00:00,6232.11,6237.865,6224.183,6234.974,1796,172,0,1796
2024-07-09 00:00:00,6234.84,6240.612,6229.913,6234.903,1796,172,0,1796
2024-07-09 01:00:00,6234.719,6244.783,6233.072,6243.907,1795,172,0,1795
2024-07-09 02:00:00,6243.914,6252.747,6240.734,6250.683,1797,172,0,1797
2024-07-09 03:00:00,6250.733,6252.595,6241.115,6246.088,1796,172,0,1796
2024-07-09 04:00:00,6246.322,6249.519,6234.787,6235.964,1797,172,0,1797
2024-07-09 05:00:00,6235.732,6238.272,6230.028,6232.874,1795,172,0,1795
2024-07-09 06:00:00,6232.586,6233.75,6225.564,6231.411,1796,172,0,1796
2024-07-09 07:00:00,6231.405,6235.702,6228.766,6231.0,1800,172,0,1800
2024-07-09 08:00:00,6231.088,6231.133,6220.798,6223.813,1795,172,0,1795
2024-07-09 09:00:00,6223.91,6229.038,6220.261,6225.691,1792,172,0,1792
2024-07-09 10:00:00,6225.654,6226.431,6215.831,6220.13,1800,172,0,1800
2024-07-09 11:00:00,6220.013,6227.848,6214.282,6215.475,1792,172,0,1792
2024-07-09 12:00:00,6215.595,6217.382,6210.009,6214.395,1798,172,0,1798
2024-07-09 13:00:00,6214.532,6217.037,6209.954,6211.259,1793,172,0,1793
2024-07-09 14:00:00,6211.262,6212.308,6199.804,6203.688,1796,172,0,1796
2024-07-09 15:00:00,6203.451,6206.033,6195.804,6200.952,1795,172,0,1795
2024-07-09 16:00:00,6201.006,6201.709,6185.444,6187.886,1798,172,0,1798
2024-07-09 17:00:00,6187.554,6193.307,6183.294,6188.997,1796,172,0,1796
2024-07-09 18:00:00,6188.857,6195.553,6182.123,6194.976,1795,172,0,1795
2024-07-09 19:00:00,6195.133,6197.789,6183.519,6183.907,1796,172,0,1796
2024-07-09 20:00:00,6183.92,6188.258,6179.897,6187.8,1795,172,0,1795
2024-07-09 21:00:00,6187.723,6188.537,6175.347,6177.882,1798,172,0,1798
2024-07-09 22:00:00,6177.823,6180.902,6169.519,6178.249,1798,172,0,1798
2024-07-09 23:00:00,6178.211,6178.585,6168.571,6172.017,1793,172,0,1793
2024-07-10 00:00:00,6171.939,6173.084,6163.789,6166.499,1795,172,0,1795
2024-07-10 01:00:00,6166.637,6174.732,6165.709,6172.585,1800,172,0,1800
2024-07-10 02:00:00,6172.511,6177.354,6167.037,6177.315,1795,172,0,1795
2024-07-10 03:00:00,6177.487,6185.2,6174.179,6178.016,1796,172,0,1796
2024-07-10 04:00:00,6178.244,6189.743,6177.97,6189.603,1795,172,0,1795
2024-07-10 05:00:00,6189.603,6193.337,6187.085,6189.797,1800,172,0,1800
2024-07-10 06:00:00,6189.651,6195.235,6185.942,6188.033,1797,172,0,1797
2024-07-10 07:00:00,6187.983,6193.807,6187.846,6192.556,1795,172,0,1795
2024-07-10 08:00:00,6192.588,6199.612,6187.787,6195.695,1797,172,0,1797
2024-07-10 09:00:00,6195.762,6196.556,6191.518,6193.6,1796,172,0,1796
2024-07-10 10:00:00,6193.591,6194.225,6181.833,6186.191,1793,172,0,1793
2024-07-10 11:00:00,6186.303,6187.684,6180.388,6182.446,1796,172,0,1796
2024-07-10 12:00:00,6182.565,6187.917,6175.448,6187.869,1796,172,0,1796
2024-07-10 13:00:00,6188.142,6197.761,6187.414,6195.729,1796,172,0,1796
2024-07-10 14:00:00,6195.788,6200.751,6191.687,6194.332,1797,172,0,1797
2024-07-10 15:00:00,6194.342,6196.497,6189.052,6196.324,1794,172,0,1794
2024-07-10 16:00:00,6196.439,6198.593,6189.63,6189.779,1794,172,0,1794
2024-07-10 17:00:00,6189.752,6191.698,6174.635,6176.586,1795,172,0,1795
2024-07-10 18:00:00,6176.634,6182.234,6173.279,6179.457,1798,172,0,1798
2024-07-10 19:00:00,6179.264,6182.777,6171.573,6175.873,1795,172,0,1795
2024-07-10 20:00:00,6175.925,6183.801,6174.454,6180.165,1794,172,0,1794
2024-07-10 21:00:00,6180.145,6185.991,6178.333,6184.986,1797,172,0,1797
2024-07-10 22:00:00,6185.179,6188.418,6178.345,6181.511,1795,172,0,1795
2024-07-10 23:00:00,6181.625,6187.579,6178.993,6185.407,1797,172,0,1797
2024-07-11 00:00:00,6185.695,6192.339,6182.727,6183.922,1798,172,0,1798
2024-07-11 01:00:00,6183.956,6189.709,6179.864,6182.159,1798,172,0,1798
2024-07-11 02:00:00,6181.853,6182.802,6173.531,6181.144,1794,172,0,1794
2024-07-11 03:00:00,6180.92,6181.952,6171.02,6173.989,1797,172,0,1797
2024-07-11 04:00:00,6174.09,6178.709,6165.621,6169.828,1792,172,0,1792
2024-07-11 05:00:00,6169.66,6172.774,6164.238,6169.185,1795,172,0,1795
2024-07-11 06:00:00,6169.416,6175.392,6161.448,6163.021,1798,172,0,1798
2024-07-11 07:00:00,6162.885,6166.876,6160.592,6165.212,1798,172,0,1798
2024-07-11 08:00:00,6165.216,6169.913,6161.289,6168.953,1796,172,0,1796
2024-07-11 09:00:00,6168.936,6170.778,6161.682,6164.286,1796,172,0,1796
2024-07-11 10:00:00,6164.199,6165.471,6150.184,6151.708,1796,172,0,1796
2024-07-11 11:00:00,6151.474,6159.504,6151.301,6158.319,1797,172,0,1797
2024-07-11 12:00:00,6158.328,6167.675,6157.555,6167.578,1789,172,0,1789
2024-07-11 13:00:00,6167.445,6181.712,6167.445,6180.222,1796,172,0,1796
2024-07-11 14:00:00,6180.443,6186.478,6177.303,6181.421,1794,172,0,1794
2024-07-11 15:00:00,6181.383,6190.697,6176.537,6190.374,1793,172,0,1793
2024-07-11 16:00:00,6190.104,6190.584,6182.666,6185.642,1795,172,0,1795
2024-07-11 17:00:00,6185.807,6188.216,6177.669,6182.94,1795,172,0,1795
2024-07-11 18:00:00,6182.908,6195.493,6179.657,6194.039,1796,172,0,1796
2024-07-11 19:00:00,6194.175,6196.259,6186.053,6191.189,1799,172,0,1799
2024-07-11 20:00:00,6191.301,6206.388,6191.065,6206.097,1796,172,0,1796
2024-07-11 21:00:00,6205.84,6206.643,6191.938,6195.17,1796,172,0,1796
2024-07-11 22:00:00,6194.874,6203.876,6192.674,6201.435,1796,172,0,1796
2024-07-11 23:00:00,6201.269,6208.28,6199.636,6204.446,1797,172,0,1797
2024-07-12 00:00:00,6204.138,6215.066,6203.206,6214.174,1798,172,0,1798
2024-07-12 01:00:00,6214.121,6217.335,6207.719,6215.836,1791,172,0,1791
2024-07-12 02:00:00,6215.933,6219.404,6211.462,6211.898,1794,172,0,1794
2024-07-12 03:00:00,6212.122,6224.972,6211.949,6220.435,1798,172,0,1798
2024-07-12 04:00:00,6220.535,6228.846,6218.858,6226.025,1794,172,0,1794
2024-07-12 05:00:00,6226.031,6231.428,6221.204,6228.32,1795,172,0,1795
2024-07-12 06:00:00,6228.299,6237.797,6226.472,6236.835,1794,172,0,1794
2024-07-12 07:00:00,6236.922,6252.304,6236.391,6250.145,1797,172,0,1797
2024-07-12 08:00:00,6250.013,6250.638,6239.862,6240.127,1792,172,0,1792
2024-07-12 09:00:00,6240.152,6245.514,6236.062,6241.059,1796,172,0,1796
2024-07-12 10:00:00,6241.312,6243.133,6231.995,6240.244,1796,172,0,1796
2024-07-12 11:00:00,6240.322,6245.504,6237.186,6239.944,1796,172,0,1796
2024-07-12 12:00:00,6239.626,6249.483,6239.024,6247.003,1796,172,0,1796
2024-07-12 13:00:00,6247.201,6251.059,6238.299,6239.672,1795,172,0,1795
2024-07-12 14:00:00,6239.721,6246.873,6236.577,6242.456,1792,172,0,1792
2024-07-12 15:00:00,6242.247,6253.627,6240.737,6250.284,1798,172,0,1798
2024-07-12 16:00:00,6250.195,6252.868,6242.628,6243.25,1795,172,0,1795
2024-07-12 17:00:00,6242.973,6244.334,6229.742,6233.092,1794,172,0,1794
2024-07-12 18:00:00,6233.113,6236.818,6227.971,6236.3,1798,172,0,1798
2024-07-12 19:00:00,6236.26,6240.822,6229.557,6230.443,1793,172,0,1793
2024-07-12 20:00:00,6230.36,6239.108,6229.038,6233.73,1795,172,0,1795
2024-07-12 21:00:00,6233.715,6248.894,6231.097,6247.881,1795,172,0,1795
2024-07-12 22:00:00,6247.594,6249.587,6233.021,6233.39,1795,172,0,1795
2024-07-12 23:00:00,6233.247,6238.048,6228.831,6230.452,1796,172,0,1796
2024-07-13 00:00:00,6230.47,6234.91,6225.769,6233.386,1794,172,0,1794
2024-07-13 01:00:00,6233.153,6240.045,6231.798,6232.692,1796,172,0,1796
2024-07-13 02:00:00,6232.52,6234.938,6227.235,6230.909,1798,172,0,1798
2024-07-13 03:00:00,6230.662,6234.112,6226.313,6233.499,1796,172,0,1796
2024-07-13 04:00:00,6233.607,6233.607,6221.508,6231.127,1796,172,0,1796
2024-07-13 05:00:00,6231.151,6239.352,6229.764,6231.337,1797,172,0,1797
2024-07-13 06:00:00,6231.493,6233.968,6223.27,6224.269,1793,172,0,1793
2024-07-13 07:00:00,6224.379,6227.276,6218.884,6223.606,1791,172,0,1791
2024-07-13 08:00:00,6223.48,6228.403,6221.837,6222.978,1798,172,0,1798
2024-07-13 09:00:00,6223.069,6223.457,6211.984,6216.981,1796,172,0,1796
2024-07-13 10:00:00,6217.019,6222.473,6207.278,6207.278,1796,172,0,1796
2024-07-13 11:00:00,6207.292,6219.117,6201.77,6218.54,1794,172,0,1794
2024-07-13 12:00:00,6218.257,6223.593,6213.865,6221.717,1795,172,0,1795
2024-07-13 13:00:00,6221.852,6226.991,6217.545,6224.126,1794,172,0,1794
2024-07-13 14:00:00,6224.266,6224.667,6216.55,6220.217,1798,172,0,1798
2024-07-13 15:00:00,6220.401,6232.456,6218.195,6231.162,1793,172,0,1793
2024-07-13 16:00:00,6231.127,6231.184,6221.901,6225.45,1795,172,0,1795
2024-07-13 17:00:00,6225.299,6226.303,6211.355,6212.142,1800,172,0,1800
2024-07-13 18:00:00,6212.125,6212.717,6202.31,6202.767,1788,172,0,1788
2024-07-13 19:00:00,6202.758,6211.442,6201.916,6211.254,1794,172,0,1794
2024-07-13 20:00:00,6211.383,6213.543,6208.055,6211.756,1797,172,0,1797
2024-07-13 21:00:00,6211.785,6222.764,6210.025,6220.884,1799,172,0,1799
2024-07-13 22:00:00,6220.92,6222.259,6211.881,6213.802,1797,172,0,1797
2024-07-13 23:00:00,6213.852,6217.516,6202.989,6204.563,1798,172,0,1798
2024-07-14 00:00:00,6204.94,6207.203,6201.32,6205.926,1797,172,0,1797
2024-07-14 01:00:00,6205.791,6206.316,6200.569,6204.487,1692,172,0,1692
2024-07-14 02:00:00,6204.443,6214.247,6203.45,6213.766,1797,172,0,1797
2024-07-14 03:00:00,6213.755,6218.298,6208.692,6210.372,1791,172,0,1791
2024-07-14 04:00:00,6210.352,6211.861,6199.15,6204.063,1793,172,0,1793
2024-07-14 05:00:00,6204.119,6215.132,6203.748,6214.746,1798,172,0,1798
2024-07-14 06:00:00,6214.693,6222.954,6214.253,6219.987,1794,172,0,1794
2024-07-14 07:00:00,6220.161,6223.737,6214.207,6216.695,1795,172,0,1795
2024-07-14 08:00:00,6216.98,6226.357,6216.107,6221.22,1798,172,0,1798
2024-07-14 09:00:00,6221.011,6223.712,6214.954,6221.792,1797,172,0,1797
2024-07-14 10:00:00,6221.886,6228.094,6221.233,6226.571,1797,172,0,1797
2024-07-14 11:00:00,6226.894,6236.777,6226.423,6228.045,1792,172,0,1792
2024-07-14 12:00:00,6228.274,6228.619,6219.014,6220.074,1798,172,0,1798
2024-07-14 13:00:00,6220.34,6221.5,6212.647,6214.122,1794,172,0,1794
2024-07-14 14:00:00,6214.19,6220.658,6213.38,6217.972,1792,172,0,1792
2024-07-14 15:00:00,6218.068,6219.279,6208.561,6209.345,1796,172,0,1796
2024-07-14 16:00:00,6209.44,6214.331,6205.682,6211.863,1793,172,0,1793
2024-07-14 17:00:00,6212.129,6220.864,6210.374,6220.864,1789,172,0,1789
2024-07-14 18:00:00,6220.787,6231.541,6220.787,6231.141,1796,172,0,1796
2024-07-14 19:00:00,6231.3,6233.817,6225.317,6228.916,1796,172,0,1796
2024-07-14 20:00:00,6229.033,6231.846,6224.132,6230.237,1796,172,0,1796
2024-07-14 21:00:00,6230.08,6240.392,6222.012,6236.911,1797,172,0,1797
2024-07-14 22:00:00,6236.889,6255.671,6233.403,6255.143,1797,172,0,1797
2024-07-14 23:00:00,6255.068,6259.991,6251.761,6258.647,1794,172,0,1794
2024-07-15 00:00:00,6258.521,6267.587,6251.583,6252.337,1798,172,0,1798
2024-07-15 01:00:00,6252.131,6253.049,6244.636,6250.015,1792,172,0,1792
2024-07-15 02:00:00,6250.061,6256.869,6248.83,6252.054,1798,172,0,1798
2024-07-15 03:00:00,6252.101,6262.183,6248.915,6261.776,1794,172,0,1794
2024-07-15 04:00:00,6261.823,6270.752,6261.654,6266.47,1795,172,0,1795
2024-07-15 05:00:00,6266.312,6274.291,6261.87,6262.977,1793,172,0,1793
2024-07-15 06:00:00,6262.749,6276.831,6262.749,6276.477,1794,172,0,1794
2024-07-15 07:00:00,6276.206,6281.264,6272.547,6279.28,1795,172,0,1795
2024-07-15 08:00:00,6279.261,6286.83,6278.762,6281.527,1796,172,0,1796
2024-07-15 09:00:00,6281.598,6284.041,6270.277,6272.965,1794,172,0,1794
2024-07-15 10:00:00,6272.959,6278.149,6272.038,6277.013,1797,172,0,1797
2024-07-15 11:00:00,6276.771,6283.266,6269.785,6279.334,1798,172,0,1798
2024-07-15 12:00:00,6279.32,6281.245,6270.296,6270.296,1796,174,0,1796
2024-07-15 13:00:00,6269.923,6271.791,6260.373,6263.739,1796,174,0,1796
2024-07-15 14:00:00,6263.706,6275.742,6262.385,6272.205,1794,174,0,1794
2024-07-15 15:00:00,6272.091,6273.681,6262.71,6263.255,1790,174,0,1790
2024-07-15 16:00:00,6263.148,6265.05,6259.977,6262.882,1796,174,0,1796
2024-07-15 17:00:00,6263.165,6269.233,6258.126,6261.809,1797,174,0,1797
2024-07-15 18:00:00,6261.836,6267.015,6253.243,6254.111,1794,174,0,1794
2024-07-15 19:00:00,6254.244,6257.967,6248.318,6249.371,1794,174,0,1794
2024-07-15 20:00:00,6249.21,6259.12,6248.943,6254.747,1798,174,0,1798
2024-07-15 21:00:00,6254.883,6258.036,6247.524,6252.154,1798,174,0,1798
2024-07-15 22:00:00,6252.254,6262.203,6247.249,6260.066,1794,174,0,1794
2024-07-15 23:00:00,6260.151,6277.268,6259.111,6276.208,1797,174,0,1797
2024-07-16 00:00:00,6276.257,6281.594,6269.257,6269.474,1796,174,0,1796
2024-07-16 01:00:00,6269.386,6280.168,6266.863,6280.167,1796,174,0,1796
2024-07-16 02:00:00,6280.3,6281.112,6271.603,6278.149,1799,174,0,1799
2024-07-16 03:00:00,6278.266,6288.706,6276.203,6287.736,1795,174,0,1795
2024-07-16 04:00:00,6287.765,6293.519,6286.861,6291.933,1799,174,0,1799
2024-07-16 05:00:00,6292.042,6299.646,6290.11,6299.646,1796,174,0,1796
2024-07-16 06:00:00,6299.575,6307.254,6298.035,6307.065,1796,174,0,1796
2024-07-16 07:00:00,6306.831,6312.586,6305.083,6311.899,1795,174,0,1795
2024-07-16 08:00:00,6312.031,6312.745,6307.004,6309.053,1793,174,0,1793
2024-07-16 09:00:00,6309.124,6317.925,6308.844,6314.857,1799,174,0,1799
2024-07-16 10:00:00,6314.86,6317.887,6301.431,6303.266,1794,174,0,1794
2024-07-16 11:00:00,6303.37,6305.904,6297.117,6301.502,1795,174,0,1795
2024-07-16 12:00:00,6301.273,6306.02,6299.111,6303.559,1792,174,0,1792
2024-07-16 13:00:00,6303.664,6313.25,6301.598,6313.043,1797,174,0,1797
2024-07-16 14:00:00,6312.846,6313.612,6302.405,6307.468,1791,174,0,1791
2024-07-16 15:00:00,6307.331,6315.825,6307.306,6313.288,1790,174,0,1790
2024-07-16 16:00:00,6313.631,6323.764,6311.441,6323.03,1797,174,0,1797
2024-07-16 17:00:00,6323.288,6324.695,6316.806,6318.415,1798,174,0,1798
2024-07-16 18:00:00,6318.2,6319.506,6309.699,6313.432,1797,174,0,1797
2024-07-16 19:00:00,6313.283,6320.883,6313.283,6316.667,1797,174,0,1797
2024-07-16 20:00:00,6316.617,6319.6,6305.203,6309.773,1797,174,0,1797
2024-07-16 21:00:00,6309.404,6314.599,6306.923,6311.371,1794,174,0,1794
2024-07-16 22:00:00,6311.295,6312.529,6305.634,6307.107,1793,174,0,1793
2024-07-16 23:00:00,6307.355,6308.829,6295.481,6301.358,1797,174,0,1797
2024-07-17 00:00:00,6301.223,6306.054,6288.316,6297.992,1797,174,0,1797
2024-07-17 01:00:00,6298.066,6316.664,6296.445,6315.695,1793,174,0,1793
2024-07-17 02:00:00,6315.755,6317.502,6309.078,6314.477,1794,174,0,1794
2024-07-17 03:00:00,6314.388,6321.087,6313.752,6318.139,1793,174,0,1793
2024-07-17 04:00:00,6318.209,6319.357,6310.954,6314.817,1797,174,0,1797
2024-07-17 05:00:00,6314.876,6319.677,6309.573,6317.359,1796,174,0,1796
2024-07-17 06:00:00,6317.331,6319.788,6311.883,6315.841,1796,174,0,1796
2024-07-17 07:00:00,6315.861,6320.314,6311.55,6314.413,1795,174,0,1795
2024-07-17 08:00:00,6314.457,6327.658,6314.289,6327.262,1796,174,0,1796
2024-07-17 09:00:00,6327.405,6327.613,6318.342,6323.697,1795,174,0,1795
2024-07-17 10:00:00,6323.739,6330.579,6321.698,6324.416,1795,174,0,1795
2024-07-17 11:00:00,6324.263,6334.775,6321.171,6333.795,1797,174,0,1797
2024-07-17 12:00:00,6334.05,6334.937,6326.243,6330.178,1796,174,0,1796
2024-07-17 13:00:00,6329.961,6333.799,6324.826,6329.839,1796,174,0,1796
2024-07-17 14:00:00,6329.942,6333.332,6324.809,6327.939,1798,174,0,1798
2024-07-17 15:00:00,6327.751,6336.386,6326.159,6336.386,1796,174,0,1796
2024-07-17 16:00:00,6336.615,6346.625,6335.882,6346.457,1798,174,0,1798
2024-07-17 17:00:00,6346.388,6358.46,6345.313,6354.466,1798,174,0,1798
2024-07-17 18:00:00,6354.568,6360.073,6346.175,6348.446,1794,174,0,1794
2024-07-17 19:00:00,6348.244,6358.387,6346.995,6357.041,1792,174,0,1792
2024-07-17 20:00:00,6356.959,6366.076,6352.875,6364.411,1796,174,0,1796
2024-07-17 21:00:00,6364.274,6370.726,6360.507,6362.466,1799,174,0,1799
2024-07-17 22:00:00,6362.232,6369.008,6359.219,6360.082,1794,174,0,1794
2024-07-17 23:00:00,6360.444,6366.03,6358.247,6358.247,1795,174,0,1795
2024-07-18 00:00:00,6358.268,6359.147,6352.606,6355.532,1793,174,0,1793
2024-07-18 01:00:00,6355.559,6360.462,6350.541,6357.992,1798,174,0,1798
2024-07-18 02:00:00,6358.003,6364.027,6357.017,6362.367,1799,174,0,1799
2024-07-18 03:00:00,6362.378,6364.038,6355.016,6357.471,1794,174,0,1794
2024-07-18 04:00:00,6357.507,6358.345,6348.46,6349.822,1797,174,0,1797
2024-07-18 05:00:00,6349.523,6351.981,6340.821,6344.147,1797,174,0,1797
2024-07-18 06:00:00,6343.959,6344.743,6335.847,6337.931,1798,174,0,1798
2024-07-18 07:00:00,6337.967,6344.62,6336.756,6339.952,1794,174,0,1794
2024-07-18 08:00:00,6339.56,6342.705,6336.659,6340.53,1792,174,0,1792
2024-07-18 09:00:00,6340.386,6346.05,6338.976,6341.31,1794,174,0,1794
2024-07-18 10:00:00,6341.513,6345.988,6334.33,6340.322,1793,174,0,1793
2024-07-18 11:00:00,6340.494,6352.843,6339.262,6350.862,1795,174,0,1795
2024-07-18 12:00:00,6351.044,6353.343,6331.49,6333.847,1796,174,0,1796
2024-07-18 13:00:00,6333.871,6334.28,6313.173,6314.952,1795,174,0,1795
2024-07-18 14:00:00,6315.238,6316.842,6309.31,6313.667,1795,174,0,1795
2024-07-18 15:00:00,6313.654,6317.126,6306.163,6307.879,1796,174,0,1796
2024-07-18 16:00:00,6307.789,6307.938,6301.623,6305.948,1795,174,0,1795
2024-07-18 17:00:00,6305.863,6307.615,6299.631,6300.378,1795,174,0,1795
2024-07-18 18:00:00,6300.388,6310.043,6297.462,6309.649,1792,174,0,1792
2024-07-18 19:00:00,6309.779,6324.295,6308.629,6318.828,1793,174,0,1793
2024-07-18 20:00:00,6318.746,6332.76,6318.746,6331.236,1794,174,0,1794
2024-07-18 21:00:00,6331.467,6331.606,6322.43,6324.613,1793,174,0,1793
2024-07-18 22:00:00,6324.295,6330.861,6321.215,6322.432,1799,174,0,1799
2024-07-18 23:00:00,6322.437,6338.018,6322.412,6336.518,1797,174,0,1797
2024-07-19 00:00:00,6336.425,6337.428,6324.745,6329.803,1795,174,0,1795
2024-07-19 01:00:00,6329.809,6335.505,6326.526,6327.029,1796,174,0,1796
2024-07-19 02:00:00,6326.909,6340.644,6324.052,6338.047,1799,174,0,1799
2024-07-19 03:00:00,6338.099,6345.796,6334.77,6342.688,1794,174,0,1794
2024-07-19 04:00:00,6342.601,6349.193,6338.619,6346.363,1790,174,0,1790
2024-07-19 05:00:00,6346.473,6347.526,6338.132,6339.245,1808,174,0,1808
2024-07-19 06:00:00,6339.098,6344.12,6334.979,6343.206,1793,174,0,1793
2024-07-19 07:00:00,6343.439,6343.516,6333.362,6341.688,1798,174,0,1798
2024-07-19 08:00:00,6341.98,6344.61,6338.021,6342.012,1792,174,0,1792
2024-07-19 09:00:00,6342.088,6351.392,6340.103,6346.958,1792,174,0,1792
2024-07-19 10:00:00,6346.744,6350.999,6339.533,6340.084,1797,174,0,1797
2024-07-19 11:00:00,6340.382,6342.437,6336.081,6339.448,1797,174,0,1797
2024-07-19 12:00:00,6339.089,6342.8,6333.399,6337.6,1797,174,0,1797
2024-07-19 13:00:00,6337.593,6338.198,6332.615,6335.017,1798,174,0,1798
2024-07-19 14:00:00,6335.22,6335.415,6324.275,6330.498,1796,174,0,1796
2024-07-19 15:00:00,6330.237,6332.35,6325.953,6328.271,1797,174,0,1797
2024-07-19 16:00:00,6328.176,6328.183,6316.6,6321.875,1793,174,0,1793
2024-07-19 17:00:00,6321.626,6332.172,6320.944,6328.866,1798,174,0,1798
2024-07-19 18:00:00,6329.087,6331.785,6316.243,6317.778,1796,174,0,1796
2024-07-19 19:00:00,6317.518,6324.619,6315.0,6318.693,1795,174,0,1795
2024-07-19 20:00:00,6318.738,6331.77,6316.469,6322.777,1794,174,0,1794
2024-07-19 21:00:00,6322.798,6323.447,6317.253,6317.295,1799,174,0,1799
2024-07-19 22:00:00,6317.134,6320.575,6312.575,6313.63,1794,174,0,1794
2024-07-19 23:00:00,6313.452,6313.92,6305.911,6311.148,1799,174,0,1799
2024-07-20 00:00:00,6311.114,6317.825,6306.555,6307.843,1794,174,0,1794
2024-07-20 01:00:00,6307.858,6328.362,6307.137,6327.239,1798,174,0,1798
2024-07-20 02:00:00,6327.317,6327.788,6316.625,6323.342,1796,174,0,1796
2024-07-20 03:00:00,6323.36,6324.158,6318.419,6321.972,1794,174,0,1794
2024-07-20 04:00:00,6322.002,6330.338,6320.358,6327.665,1798,174,0,1798
2024-07-20 05:00:00,6327.762,6328.372,6320.059,6322.832,1795,174,0,1795
2024-07-20 06:00:00,6322.962,6326.348,6310.45,6311.027,1796,174,0,1796
2024-07-20 07:00:00,6310.87,6314.892,6307.135,6307.617,1796,174,0,1796
2024-07-20 08:00:00,6307.478,6315.933,6307.249,6313.227,1796,174,0,1796
2024-07-20 09:00:00,6313.237,6319.024,6311.551,6313.18,1797,174,0,1797
2024-07-20 10:00:00,6313.194,6321.833,6313.194,6318.854,1793,174,0,1793
2024-07-20 11:00:00,6318.648,6328.401,6318.016,6325.747,1795,174,0,1795
2024-07-20 12:00:00,6325.553,6327.261,6315.458,6326.122,1796,174,0,1796
2024-07-20 13:00:00,6326.018,6328.336,6318.684,6320.875,1794,174,0,1794
2024-07-20 14:00:00,6321.153,6323.836,6315.34,6320.844,1795,174,0,1795
2024-07-20 15:00:00,6320.987,6324.183,6315.561,6318.195,1798,174,0,1798
2024-07-20 16:00:00,6318.235,6326.005,6313.927,6324.958,1797,174,0,1797
2024-07-20 17:00:00,6324.876,6326.907,6316.833,6317.84,1798,174,0,1798
2024-07-20 18:00:00,6317.623,6320.346,6313.563,6318.124,1794,174,0,1794
2024-07-20 19:00:00,6318.232,6318.579,6304.449,6306.067,1797,174,0,1797
2024-07-20 20:00:00,6306.13,6310.921,6304.787,6307.886,1798,174,0,1798
2024-07-20 21:00:00,6307.887,6312.991,6302.469,6303.092,1795,174,0,1795
2024-07-20 22:00:00,6302.982,6311.674,6302.335,6307.049,1796,174,0,1796
2024-07-20 23:00:00,6307.111,6311.72,6302.884,6304.713,1794,174,0,1794
2024-07-21 00:00:00,6304.701,6305.654,6289.991,6295.497,1795,174,0,1795
2024-07-21 01:00:00,6295.272,6307.991,6294.786,6305.991,1795,174,0,1795
2024-07-21 02:00:00,6306.226,6306.786,6297.364,6299.109,1794,174,0,1794
2024-07-21 03:00:00,6299.127,6308.023,6296.173,6299.258,1797,174,0,1797
2024-07-21 04:00:00,6299.202,6303.667,6292.086,6294.07,1799,174,0,1799
2024-07-21 05:00:00,6294.185,6305.746,6292.6,6305.431,1795,174,0,1795
2024-07-21 06:00:00,6305.492,6311.663,6302.724,6305.461,1794,174,0,1794
2024-07-21 07:00:00,6305.414,6308.031,6300.844,6306.248,1795,174,0,1795
2024-07-21 08:00:00,6306.182,6309.841,6300.61,6301.579,1796,174,0,1796
2024-07-21 09:00:00,6301.452,6303.282,6288.973,6289.8,1795,174,0,1795
2024-07-21 10:00:00,6289.845,6295.853,6286.794,6291.977,1797,174,0,1797
2024-07-21 11:00:00,6291.956,6309.312,6289.89,6309.21,1796,174,0,1796
2024-07-21 12:00:00,6309.363,6312.79,6302.633,6306.985,1798,174,0,1798
2024-07-21 13:00:00,6306.825,6309.599,6302.816,6306.474,1796,174,0,1796
2024-07-21 14:00:00,6306.297,6310.951,6303.597,6307.042,1794,174,0,1794
2024-07-21 15:00:00,6307.127,6309.426,6299.727,6308.107,1793,174,0,1793
2024-07-21 16:00:00,6308.392,6313.037,6302.144,6302.162,1794,174,0,1794
2024-07-21 17:00:00,6302.085,6304.975,6295.935,6303.134,1791,174,0,1791
2024-07-21 18:00:00,6303.121,6305.287,6299.5,6304.06,1792,174,0,1792
2024-07-21 19:00:00,6304.21,6313.947,6303.22,6313.746,1794,174,0,1794
2024-07-21 20:00:00,6313.779,6321.791,6311.781,6318.099,1788,174,0,1788
2024-07-21 21:00:00,6318.108,6326.819,6315.906,6325.001,1796,174,0,1796
2024-07-21 22:00:00,6325.093,6329.171,6321.347,6321.859,1795,174,0,1795
2024-07-21 23:00:00,6321.908,6324.181,6316.024,6323.268,1797,174,0,1797
2024-07-22 00:00:00,6323.044,6327.824,6315.611,6323.68,1794,174,0,1794
2024-07-22 01:00:00,6323.601,6324.419,6312.063,6318.584,1795,174,0,1795
2024-07-22 02:00:00,6318.604,6326.782,6317.716,6326.213,1794,174,0,1794
2024-07-22 03:00:00,6326.015,6333.193,6325.258,6327.677,1793,174,0,1793
2024-07-22 04:00:00,6327.578,6329.474,6322.947,6323.966,1791,174,0,1791
2024-07-22 05:00:00,6324.03,6325.14,6317.792,6323.889,1795,174,0,1795
2024-07-22 06:00:00,6323.754,6329.075,6320.754,6325.291,1794,174,0,1794
2024-07-22 07:00:00,6325.384,6329.674,6322.271,6324.12,1799,174,0,1799
2024-07-22 08:00:00,6323.844,6328.039,6320.944,6326.123,1793,174,0,1793
2024-07-22 09:00:00,6326.481,6326.667,6318.975,6321.233,1796,175,0,1796
2024-07-22 10:00:00,6321.463,6327.857,6315.235,6317.612,1795,175,0,1795
2024-07-22 11:00:00,6317.566,6326.369,6316.984,6321.613,1793,175,0,1793
2024-07-22 12:00:00,6321.841,6324.581,6315.545,6323.591,1794,175,0,1794
2024-07-22 13:00:00,6323.675,6326.694,6316.032,6318.026,1798,175,0,1798
2024-07-22 14:00:00,6318.446,6323.54,6315.567,6322.353,1795,175,0,1795
2024-07-22 15:00:00,6322.198,6322.647,6315.387,6321.2,1795,175,0,1795
2024-07-22 16:00:00,6321.202,6326.948,6319.253,6326.899,1796,175,0,1796
2024-07-22 17:00:00,6327.021,6327.043,6319.499,6323.534,1798,175,0,1798
2024-07-22 18:00:00,6323.279,6326.677,6312.197,6312.851,1793,175,0,1793
2024-07-22 19:00:00,6313.285,6316.222,6308.538,6312.455,1795,175,0,1795
2024-07-22 20:00:00,6312.293,6319.899,6310.137,6314.182,1797,175,0,1797
2024-07-22 21:00:00,6314.212,6315.176,6306.072,6313.253,1796,175,0,1796
2024-07-22 22:00:00,6313.463,6320.605,6312.388,6317.517,1797,175,0,1797
2024-07-22 23:00:00,6317.703,6326.607,6314.608,6322.608,1793,175,0,1793
2024-07-23 00:00:00,6322.238,6326.192,6319.362,6321.097,1797,175,0,1797
2024-07-23 01:00:00,6321.071,6324.96,6315.762,6322.436,1799,175,0,1799
2024-07-23 02:00:00,6322.471,6333.92,6321.451,6331.172,1795,175,0,1795
2024-07-23 03:00:00,6331.056,6331.21,6321.365,6322.017,1799,175,0,1799
2024-07-23 04:00:00,6321.868,6321.868,6313.505,6317.543,1796,175,0,1796
2024-07-23 05:00:00,6317.272,6320.698,6313.637,6314.369,1797,175,0,1797
2024-07-23 06:00:00,6314.597,6316.107,6306.562,6310.238,1793,175,0,1793
2024-07-23 07:00:00,6310.196,6311.58,6299.196,6310.656,1797,175,0,1797
2024-07-23 08:00:00,6310.524,6312.662,6303.767,6307.657,1798,175,0,1798
2024-07-23 09:00:00,6307.588,6320.052,6307.365,6320.035,1799,175,0,1799
2024-07-23 10:00:00,6319.908,6334.748,6319.059,6333.665,1798,175,0,1798
2024-07-23 11:00:00,6333.75,6338.06,6330.032,6330.393,1792,175,0,1792
2024-07-23 12:00:00,6330.478,6335.742,6328.756,6332.16,1793,175,0,1793
2024-07-23 13:00:00,6332.18,6332.67,6320.08,6320.781,1795,175,0,1795
2024-07-23 14:00:00,6320.633,6324.403,6312.664,6315.328,1795,175,0,1795
2024-07-23 15:00:00,6315.4,6319.936,6310.39,6310.823,1793,175,0,1793
2024-07-23 16:00:00,6310.776,6312.913,6307.555,6307.555,1792,175,0,1792
2024-07-23 17:00:00,6307.554,6324.14,6305.777,6323.765,1796,175,0,1796
2024-07-23 18:00:00,6323.931,6326.655,6314.721,6315.245,1797,175,0,1797
2024-07-23 19:00:00,6315.445,6322.712,6314.072,6316.533,1798,175,0,1798
2024-07-23 20:00:00,6316.549,6317.043,6301.476,6301.927,1795,175,0,1795
2024-07-23 21:00:00,6301.824,6313.717,6301.659,6313.148,1795,175,0,1795
2024-07-23 22:00:00,6313.408,6313.877,6306.925,6307.013,1796,175,0,1796
2024-07-23 23:00:00,6307.114,6315.314,6307.02,6308.357,1794,175,0,1794
2024-07-24 00:00:00,6308.453,6313.267,6305.252,6311.741,1795,175,0,1795
2024-07-24 01:00:00,6311.84,6324.259,6311.145,6323.25,1797,175,0,1797
2024-07-24 02:00:00,6323.073,6327.21,6316.226,6316.421,1782,175,0,1782
2024-07-24 03:00:00,6316.454,6319.533,6308.496,6315.776,1788,175,0,1788
2024-07-24 04:00:00,6315.645,6321.833,6315.003,6318.868,1797,175,0,1797
2024-07-24 05:00:00,6318.862,6326.51,6317.65,6323.571,1796,175,0,1796
2024-07-24 06:00:00,6323.569,6328.452,6307.504,6308.082,1796,175,0,1796
2024-07-24 07:00:00,6308.358,6308.358,6299.288,6301.502,1799,175,0,1799
2024-07-24 08:00:00,6301.484,6316.704,6299.653,6312.698,1796,175,0,1796
2024-07-24 09:00:00,6312.803,6323.785,6307.729,6322.217,1796,175,0,1796
2024-07-24 10:00:00,6322.119,6322.119,6308.082,6313.297,1797,175,0,1797
2024-07-24 11:00:00,6313.289,6317.928,6305.519,6310.451,1795,175,0,1795
2024-07-24 12:00:00,6310.498,6315.445,6307.761,6310.772,1794,175,0,1794
2024-07-24 13:00:00,6310.805,6327.272,6310.172,6320.311,1798,175,0,1798
2024-07-24 14:00:00,6320.269,6323.477,6317.153,6320.256,1794,175,0,1794
2024-07-24 15:00:00,6320.121,6326.922,6318.506,6326.771,1797,175,0,1797
2024-07-24 16:00:00,6327.024,6336.303,6324.073,6335.706,1797,175,0,1797
2024-07-24 17:00:00,6335.981,6341.862,6335.874,6338.44,1797,175,0,1797
2024-07-24 18:00:00,6338.378,6340.819,6329.789,6332.612,1798,175,0,1798
2024-07-24 19:00:00,6332.576,6338.845,6331.363,6338.604,1796,175,0,1796
2024-07-24 20:00:00,6338.713,6349.713,6335.611,6349.482,1797,175,0,1797
2024-07-24 21:00:00,6349.489,6354.655,6345.533,6345.755,1793,175,0,1793
2024-07-24 22:00:00,6345.88,6353.384,6344.835,6349.767,1794,175,0,1794
2024-07-24 23:00:00,6350.071,6360.224,6348.169,6358.517,1797,175,0,1797
2024-07-25 00:00:00,6358.472,6364.837,6347.355,6350.327,1795,175,0,1795
2024-07-25 01:00:00,6350.36,6356.917,6348.189,6350.489,1796,175,0,1796
2024-07-25 02:00:00,6350.166,6358.796,6343.955,6353.294,1797,175,0,1797
2024-07-25 03:00:00,6353.116,6361.448,6352.408,6359.41,1797,175,0,1797
2024-07-25 04:00:00,6359.396,6360.726,6347.084,6351.988,1794,175,0,1794
2024-07-25 05:00:00,6351.887,6360.743,6348.425,6353.171,1796,175,0,1796
2024-07-25 06:00:00,6353.111,6353.456,6341.849,6345.819,1798,175,0,1798
2024-07-25 07:00:00,6345.608,6357.74,6345.208,6350.739,1798,175,0,1798
2024-07-25 08:00:00,6350.901,6352.581,6342.975,6343.801,1794,175,0,1794
2024-07-25 09:00:00,6343.955,6354.281,6342.969,6354.065,1794,175,0,1794
2024-07-25 10:00:00,6354.12,6362.74,6353.193,6359.535,1793,175,0,1793
2024-07-25 11:00:00,6359.246,6359.873,6349.356,6350.105,1796,175,0,1796
2024-07-25 12:00:00,6350.005,6356.263,6346.488,6347.053,1797,175,0,1797
2024-07-25 13:00:00,6346.981,6347.07,6338.558,6346.584,1795,175,0,1795
2024-07-25 14:00:00,6346.455,6353.546,6345.16,6349.912,1797,175,0,1797
2024-07-25 15:00:00,6349.757,6357.762,6348.585,6354.142,1796,175,0,1796
2024-07-25 16:00:00,6354.196,6356.047,6346.304,6348.143,1798,175,0,1798
2024-07-25 17:00:00,6348.163,6352.239,6342.724,6348.133,1794,175,0,1794
2024-07-25 18:00:00,6348.353,6349.6,6329.954,6330.755,1793,175,0,1793
2024-07-25 19:00:00,6330.881,6347.679,6330.872,6344.612,1798,175,0,1798
2024-07-25 20:00:00,6344.387,6346.518,6339.483,6341.66,1794,175,0,1794
2024-07-25 21:00:00,6341.538,6348.598,6338.483,6348.12,1797,175,0,1797
2024-07-25 22:00:00,6348.268,6357.947,6344.932,6356.005,1795,175,0,1795
2024-07-25 23:00:00,6356.102,6361.429,6352.707,6354.676,1795,175,0,1795
2024-07-26 00:00:00,6354.937,6363.412,6352.216,6355.344,1792,175,0,1792
2024-07-26 01:00:00,6355.379,6371.737,6354.063,6370.536,1798,175,0,1798
2024-07-26 02:00:00,6370.667,6374.19,6364.379,6373.464,1794,175,0,1794
2024-07-26 03:00:00,6373.401,6376.239,6369.373,6371.647,1794,175,0,1794
2024-07-26 04:00:00,6371.551,6375.994,6367.233,6368.288,1793,175,0,1793
2024-07-26 05:00:00,6368.191,6378.562,6368.191,6371.087,1800,175,0,1800
2024-07-26 06:00:00,6371.333,6381.474,6370.378,6376.066,1792,175,0,1792
2024-07-26 07:00:00,6375.981,6376.077,6359.506,6359.51,1799,175,0,1799
2024-07-26 08:00:00,6359.433,6360.39,6351.523,6359.957,1800,177,0,1800
2024-07-26 09:00:00,6360.006,6362.587,6352.434,6356.73,1795,177,0,1795
2024-07-26 10:00:00,6356.867,6362.306,6351.527,6357.313,1792,177,0,1792
2024-07-26 11:00:00,6357.38,6367.629,6356.93,6367.007,1800,177,0,1800
2024-07-26 12:00:00,6367.082,6370.904,6360.82,6360.82,1798,177,0,1798
2024-07-26 13:00:00,6361.261,6362.915,6351.34,6352.212,1795,177,0,1795
2024-07-26 14:00:00,6352.649,6355.948,6349.335,6351.373,1799,177,0,1799
2024-07-26 15:00:00,6351.577,6368.645,6349.92,6364.467,1795,177,0,1795
2024-07-26 16:00:00,6364.367,6368.151,6357.522,6360.927,1797,177,0,1797
2024-07-26 17:00:00,6360.759,6366.581,6360.422,6361.888,1793,177,0,1793
2024-07-26 18:00:00,6362.192,6381.056,6361.462,6379.735,1793,177,0,1793
2024-07-26 19:00:00,6379.634,6386.325,6379.416,6383.86,1799,177,0,1799
2024-07-26 20:00:00,6383.885,6389.523,6379.451,6383.277,1792,177,0,1792
2024-07-26 21:00:00,6383.057,6383.66,6373.651,6375.638,1795,177,0,1795
2024-07-26 22:00:00,6375.455,6378.261,6371.096,6374.491,1793,177,0,1793
2024-07-26 23:00:00,6374.724,6384.21,6371.726,6374.386,1793,177,0,1793
2024-07-27 00:00:00,6374.397,6375.248,6366.368,6369.507,1798,177,0,1798
2024-07-27 01:00:00,6369.425,6376.786,6368.133,6370.321,1799,177,0,1799
2024-07-27 02:00:00,6370.53,6375.43,6364.722,6370.486,1792,177,0,1792
2024-07-27 03:00:00,6370.294,6372.76,6365.66,6369.797,1796,177,0,1796
2024-07-27 04:00:00,6369.791,6370.159,6359.121,6360.584,1796,177,0,1796
2024-07-27 05:00:00,6360.48,6369.562,6356.44,6367.645,1793,177,0,1793
2024-07-27 06:00:00,6367.698,6367.748,6352.706,6352.875,1796,177,0,1796
2024-07-27 07:00:00,6352.882,6361.371,6350.563,6354.27,1796,177,0,1796
2024-07-27 08:00:00,6354.292,6355.351,6348.283,6350.969,1795,177,0,1795
2024-07-27 09:00:00,6350.996,6351.973,6342.96,6349.796,1797,177,0,1797
2024-07-27 10:00:00,6349.745,6350.907,6336.041,6336.317,1796,177,0,1796
2024-07-27 11:00:00,6336.425,6347.199,6334.32,6345.972,1797,177,0,1797
2024-07-27 12:00:00,6346.097,6348.774,6338.222,6338.299,1794,177,0,1794
2024-07-27 13:00:00,6338.187,6343.528,6333.639,6333.639,1794,177,0,1794
2024-07-27 14:00:00,6333.553,6335.468,6322.848,6323.938,1797,177,0,1797
2024-07-27 15:00:00,6323.921,6328.541,6319.783,6319.783,1798,177,0,1798
2024-07-27 16:00:00,6319.611,6319.631,6312.341,6313.462,1798,177,0,1798
2024-07-27 17:00:00,6313.522,6319.561,6309.832,6313.555,1795,177,0,1795
2024-07-27 18:00:00,6313.439,6326.369,6312.75,6324.414,1797,177,0,1797
2024-07-27 19:00:00,6324.386,6328.711,6322.333,6327.726,1799,177,0,1799
2024-07-27 20:00:00,6327.929,6337.107,6327.929,6335.513,1793,177,0,1793
2024-07-27 21:00:00,6335.757,6340.016,6329.787,6333.061,1794,177,0,1794
2024-07-27 22:00:00,6332.752,6343.728,6332.752,6338.0,1799,177,0,1799
2024-07-27 23:00:00,6337.736,6344.463,6334.84,6343.54,1798,177,0,1798
2024-07-28 00:00:00,6343.431,6346.056,6331.139,6338.849,1797,177,0,1797
2024-07-28 01:00:00,6338.701,6347.678,6338.701,6340.138,1794,177,0,1794
2024-07-28 02:00:00,6339.94,6342.604,6333.485,6335.705,1798,177,0,1798
2024-07-28 03:00:00,6335.669,6345.99,6330.131,6344.228,1796,177,0,1796
2024-07-28 04:00:00,6344.144,6346.491,6332.95,6338.154,1797,177,0,1797
2024-07-28 05:00:00,6338.195,6339.959,6320.863,6323.052,1794,177,0,1794
2024-07-28 06:00:00,6323.014,6324.931,6313.263,6316.288,1796,177,0,1796
2024-07-28 07:00:00,6316.331,6319.49,6312.519,6318.213,1795,177,0,1795
2024-07-28 08:00:00,6318.312,6324.781,6313.688,6323.464,1797,177,0,1797
2024-07-28 09:00:00,6323.66,6345.084,6322.842,6344.799,1799,177,0,1799
2024-07-28 10:00:00,6344.995,6353.838,6341.03,6352.254,1798,177,0,1798
2024-07-28 11:00:00,6352.344,6353.125,6339.176,6341.875,1793,177,0,1793
2024-07-28 12:00:00,6341.705,6346.074,6334.299,6335.741,1796,177,0,1796
2024-07-28 13:00:00,6335.8,6336.517,6324.822,6332.361,1795,177,0,1795
2024-07-28 14:00:00,6332.576,6333.265,6324.425,6329.284,1796,177,0,1796
2024-07-28 15:00:00,6329.14,6338.054,6323.181,6333.0,1797,177,0,1797
2024-07-28 16:00:00,6332.779,6338.341,6329.695,6334.823,1797,177,0,1797
2024-07-28 17:00:00,6334.647,6335.471,6324.825,6326.449,1798,177,0,1798
2024-07-28 18:00:00,6326.37,6326.707,6316.526,6319.693,1798,177,0,1798
2024-07-28 19:00:00,6319.569,6328.218,6312.511,6327.764,1797,177,0,1797
2024-07-28 20:00:00,6327.655,6331.966,6322.522,6328.346,1792,177,0,1792
2024-07-28 21:00:00,6328.557,6330.289,6323.518,6324.404,1796,177,0,1796
2024-07-28 22:00:00,6324.512,6325.458,6313.758,6315.244,1792,177,0,1792
2024-07-28 23:00:00,6315.469,6315.766,6309.372,6312.494,1799,177,0,1799
2024-07-29 00:00:00,6312.509,6320.499,6310.552,6313.718,1791,177,0,1791
2024-07-29 01:00:00,6313.666,6328.19,6313.587,6324.61,1795,177,0,1795
2024-07-29 02:00:00,6324.759,6333.962,6324.123,6333.527,1796,177,0,1796
2024-07-29 03:00:00,6333.668,6334.613,6323.922,6331.445,1793,177,0,1793
2024-07-29 04:00:00,6331.708,6337.254,6331.207,6332.42,1794,177,0,1794
2024-07-29 05:00:00,6332.79,6339.238,6330.041,6331.955,1796,177,0,1796
2024-07-29 06:00:00,6332.102,6336.72,6329.742,6332.285,1797,177,0,1797
2024-07-29 07:00:00,6332.516,6335.662,6326.633,6333.225,1798,177,0,1798
2024-07-29 08:00:00,6333.248,6341.412,6331.674,6334.667,1790,177,0,1790
2024-07-29 09:00:00,6334.715,6334.787,6322.325,6323.835,1794,177,0,1794
2024-07-29 10:00:00,6323.99,6333.134,6323.013,6325.93,1797,177,0,1797
2024-07-29 11:00:00,6326.246,6328.456,6320.0,6323.108,1797,177,0,1797
2024-07-29 12:00:00,6323.163,6329.824,6321.852,6329.477,1796,177,0,1796
2024-07-29 13:00:00,6329.453,6329.688,6319.376,6323.197,1797,177,0,1797
2024-07-29 14:00:00,6322.924,6323.017,6306.649,6310.329,1795,177,0,1795
2024-07-29 15:00:00,6310.21,6315.714,6308.669,6311.155,1795,177,0,1795
2024-07-29 16:00:00,6311.07,6320.489,6307.982,6317.848,1795,177,0,1795
2024-07-29 17:00:00,6317.829,6319.062,6305.074,6307.085,1794,177,0,1794
2024-07-29 18:00:00,6306.725,6314.233,6301.488,6313.948,1790,177,0,1790
2024-07-29 19:00:00,6313.966,6316.224,6309.755,6314.979,1795,177,0,1795
2024-07-29 20:00:00,6314.879,6314.879,6295.672,6298.81,1799,177,0,1799
2024-07-29 21:00:00,6298.963,6308.182,6298.276,6304.165,1794,177,0,1794
2024-07-29 22:00:00,6304.337,6307.482,6296.472,6296.59,1798,177,0,1798
2024-07-29 23:00:00,6296.595,6300.9,6292.647,6299.506,1798,177,0,1798
2024-07-30 00:00:00,6299.967,6305.928,6296.49,6297.112,1796,177,0,1796
2024-07-30 01:00:00,6297.295,6297.398,6288.743,6291.617,1794,177,0,1794
2024-07-30 02:00:00,6291.508,6294.461,6287.849,6291.609,1794,177,0,1794
2024-07-30 03:00:00,6291.882,6293.895,6282.759,6284.598,1796,177,0,1796
2024-07-30 04:00:00,6284.835,6289.653,6279.198,6283.413,1798,177,0,1798
2024-07-30 05:00:00,6283.483,6285.909,6280.253,6283.966,1792,177,0,1792
2024-07-30 06:00:00,6283.975,6298.26,6280.104,6295.906,1797,177,0,1797
2024-07-30 07:00:00,6295.92,6302.007,6295.435,6298.19,1798,177,0,1798
2024-07-30 08:00:00,6298.126,6300.005,6289.903,6289.903,1797,177,0,1797
2024-07-30 09:00:00,6289.565,6293.041,6283.194,6283.194,1798,177,0,1798
2024-07-30 10:00:00,6283.335,6293.867,6279.724,6291.634,1797,177,0,1797
2024-07-30 11:00:00,6291.633,6291.633,6279.641,6279.914,1796,177,0,1796
2024-07-30 12:00:00,6279.715,6284.009,6270.706,6284.009,1800,177,0,1800
2024-07-30 13:00:00,6283.908,6290.934,6283.485,6287.037,1791,177,0,1791
2024-07-30 14:00:00,6286.924,6294.288,6284.585,6290.626,1797,177,0,1797
2024-07-30 15:00:00,6291.044,6291.799,6275.942,6280.202,1797,177,0,1797
2024-07-30 16:00:00,6280.117,6285.012,6278.236,6282.943,1799,177,0,1799
2024-07-30 17:00:00,6283.036,6292.743,6275.919,6283.168,1798,177,0,1798
2024-07-30 18:00:00,6283.158,6290.225,6281.304,6284.482,1794,177,0,1794
2024-07-30 19:00:00,6284.572,6296.419,6284.325,6295.908,1799,177,0,1799
2024-07-30 20:00:00,6295.722,6301.31,6292.797,6301.111,1795,177,0,1795
2024-07-30 21:00:00,6301.046,6307.324,6296.018,6298.959,1799,177,0,1799
2024-07-30 22:00:00,6299.123,6308.445,6297.596,6306.409,1791,177,0,1791
2024-07-30 23:00:00,6306.554,6311.754,6305.514,6308.602,1794,177,0,1794
2024-07-31 00:00:00,6308.636,6314.208,6307.262,6307.442,1796,177,0,1796
2024-07-31 01:00:00,6307.401,6313.387,6306.0,6312.329,1794,177,0,1794
2024-07-31 02:00:00,6312.358,6317.542,6311.076,6311.867,1799,177,0,1799
2024-07-31 03:00:00,6312.053,6316.167,6309.52,6315.635,1793,177,0,1793
2024-07-31 04:00:00,6315.836,6322.138,6311.744,6322.138,1790,177,0,1790
2024-07-31 05:00:00,6322.052,6333.342,6321.854,6332.509,1797,177,0,1797
2024-07-31 06:00:00,6332.626,6340.932,6331.112,6340.445,1794,177,0,1794
2024-07-31 07:00:00,6340.503,6347.357,6338.603,6343.489,1796,177,0,1796
2024-07-31 08:00:00,6343.348,6351.561,6342.038,6348.869,1797,177,0,1797
2024-07-31 09:00:00,6348.802,6356.043,6345.242,6354.824,1793,177,0,1793
2024-07-31 10:00:00,6354.706,6366.819,6354.123,6362.734,1793,177,0,1793
2024-07-31 11:00:00,6363.115,6363.67,6354.39,6356.871,1794,177,0,1794
2024-07-31 12:00:00,6356.937,6359.356,6348.41,6354.619,1797,177,0,1797
2024-07-31 13:00:00,6354.39,6359.44,6351.061,6358.675,1794,177,0,1794
2024-07-31 14:00:00,6359.023,6362.203,6352.055,6356.549,1793,177,0,1793
2024-07-31 15:00:00,6356.594,6357.745,6350.041,6354.458,1797,177,0,1797
2024-07-31 16:00:00,6354.334,6357.754,6346.451,6347.018,1795,177,0,1795
2024-07-31 17:00:00,6346.687,6348.466,6339.428,6345.124,1796,177,0,1796
2024-07-31 18:00:00,6345.224,6351.925,6343.032,6348.265,1790,177,0,1790
2024-07-31 19:00:00,6348.508,6350.079,6338.094,6341.375,1797,177,0,1797
2024-07-31 20:00:00,6341.39,6342.742,6332.864,6338.579,1793,177,0,1793
2024-07-31 21:00:00,6338.659,6343.863,6335.227,6337.233,1793,177,0,1793
2024-07-31 22:00:00,6337.222,6338.009,6329.135,6333.188,1794,177,0,1794
2024-07-31 23:00:00,6333.214,6335.023,6324.317,6327.544,1799,177,0,1799
2024-08-01 00:00:00,6327.814,6336.261,6324.835,6330.008,1793,177,0,1793
2024-08-01 01:00:00,6330.009,6332.543,6317.094,6318.159,1797,177,0,1797
2024-08-01 02:00:00,6317.983,6321.623,6315.435,6319.009,1799,177,0,1799
2024-08-01 03:00:00,6318.913,6322.313,6307.41,6310.848,1795,177,0,1795
2024-08-01 04:00:00,6310.528,6314.513,6304.482,6307.111,1797,177,0,1797
2024-08-01 05:00:00,6307.027,6315.733,6306.845,6314.12,1795,177,0,1795
2024-08-01 06:00:00,6313.854,6318.266,6309.399,6316.286,1792,177,0,1792
2024-08-01 07:00:00,6316.109,6322.495,6311.8,6321.955,1795,177,0,1795
2024-08-01 08:00:00,6321.508,6322.057,6309.874,6316.41,1796,177,0,1796
2024-08-01 09:00:00,6316.623,6323.202,6314.22,6322.526,1795,177,0,1795
2024-08-01 10:00:00,6322.315,6329.083,6321.585,6328.63,1794,177,0,1794
2024-08-01 11:00:00,6328.537,6354.229,6326.042,6353.532,1796,177,0,1796
2024-08-01 12:00:00,6353.396,6358.167,6348.971,6357.874,1792,177,0,1792
2024-08-01 13:00:00,6358.158,6359.581,6351.854,6358.78,1796,177,0,1796
2024-08-01 14:00:00,6358.717,6365.664,6355.213,6359.928,1795,177,0,1795
2024-08-01 15:00:00,6359.715,6372.009,6357.187,6370.0,1798,177,0,1798
2024-08-01 16:00:00,6369.991,6375.59,6368.134,6372.937,1796,177,0,1796
2024-08-01 17:00:00,6373.257,6375.665,6367.81,6372.356,1797,177,0,1797
2024-08-01 18:00:00,6372.435,6380.239,6365.612,6379.85,1794,177,0,1794
2024-08-01 19:00:00,6379.914,6388.89,6378.594,6382.842,1793,177,0,1793
2024-08-01 20:00:00,6382.784,6388.556,6381.385,6382.323,1800,177,0,1800
2024-08-01 21:00:00,6382.316,6382.77,6371.956,6374.783,1793,177,0,1793
2024-08-01 22:00:00,6374.475,6381.308,6371.285,6379.688,1798,177,0,1798
2024-08-01 23:00:00,6379.627,6383.488,6375.149,6376.038,1787,177,0,1787
2024-08-02 00:00:00,6376.138,6376.518,6367.246,6370.002,1798,177,0,1798
2024-08-02 01:00:00,6369.994,6371.238,6358.701,6361.886,1794,177,0,1794
2024-08-02 02:00:00,6361.888,6367.868,6360.601,6364.29,1797,177,0,1797
2024-08-02 03:00:00,6364.361,6368.507,6359.216,6365.164,1796,177,0,1796
2024-08-02 04:00:00,6365.276,6380.801,6365.04,6379.551,1795,177,0,1795
2024-08-02 05:00:00,6379.201,6382.136,6373.303,6374.813,1795,177,0,1795
2024-08-02 06:00:00,6375.174,6379.58,6372.764,6374.658,1792,177,0,1792
2024-08-02 07:00:00,6374.63,6378.499,6373.255,6376.164,1796,177,0,1796
2024-08-02 08:00:00,6376.365,6380.054,6367.426,6367.588,1796,177,0,1796
2024-08-02 09:00:00,6367.686,6367.711,6355.813,6355.813,1793,177,0,1793
2024-08-02 10:00:00,6355.999,6365.83,6354.898,6358.908,1796,177,0,1796
2024-08-02 11:00:00,6358.941,6362.588,6347.823,6353.685,1798,177,0,1798
2024-08-02 12:00:00,6353.56,6353.632,6344.255,6349.709,1794,177,0,1794
2024-08-02 13:00:00,6349.869,6351.789,6342.69,6342.829,1791,177,0,1791
2024-08-02 14:00:00,6342.776,6343.081,6329.257,6329.54,1794,177,0,1794
2024-08-02 15:00:00,6329.611,6338.652,6329.611,6332.927,1796,177,0,1796
2024-08-02 16:00:00,6333.326,6333.892,6323.553,6331.304,1794,177,0,1794
2024-08-02 17:00:00,6331.288,6339.659,6329.742,6338.658,1795,177,0,1795
2024-08-02 18:00:00,6338.715,6344.556,6334.514,6343.194,1798,177,0,1798
2024-08-02 19:00:00,6343.343,6343.589,6333.604,6335.701,1797,177,0,1797
2024-08-02 20:00:00,6335.898,6343.234,6328.878,6339.224,1798,177,0,1798
2024-08-02 21:00:00,6339.381,6341.823,6335.485,6339.363,1798,177,0,1798
2024-08-02 22:00:00,6339.305,6345.78,6338.134,6342.464,1794,177,0,1794
2024-08-02 23:00:00,6342.275,6348.05,6341.21,6346.834,1792,177,0,1792
2024-08-03 00:00:00,6347.058,6349.835,6333.318,6335.429,1797,177,0,1797
2024-08-03 01:00:00,6335.325,6351.096,6334.424,6342.933,1795,177,0,1795
2024-08-03 02:00:00,6343.018,6343.404,6336.679,6338.009,1793,177,0,1793
2024-08-03 03:00:00,6338.038,6341.389,6334.545,6334.657,1796,177,0,1796
2024-08-03 04:00:00,6334.774,6336.447,6322.71,6325.452,1795,177,0,1795
2024-08-03 05:00:00,6325.11,6332.781,6323.963,6328.185,1797,177,0,1797
2024-08-03 06:00:00,6328.313,6352.848,6328.156,6351.288,1795,177,0,1795
2024-08-03 07:00:00,6351.425,6358.152,6349.73,6358.152,1793,177,0,1793
2024-08-03 08:00:00,6357.861,6365.741,6357.857,6362.524,1797,177,0,1797
2024-08-03 09:00:00,6362.754,6368.508,6360.887,6366.412,1796,177,0,1796
2024-08-03 10:00:00,6366.05,6375.574,6364.723,6373.666,1795,177,0,1795
2024-08-03 11:00:00,6373.567,6377.88,6371.061,6375.641,1797,177,0,1797
2024-08-03 12:00:00,6375.582,6379.427,6372.325,6378.823,1795,177,0,1795
2024-08-03 13:00:00,6378.979,6381.893,6371.607,6375.44,1798,177,0,1798
2024-08-03 14:00:00,6375.257,6376.078,6358.84,6359.871,1797,177,0,1797
2024-08-03 15:00:00,6360.006,6360.65,6353.038,6354.619,1798,177,0,1798
2024-08-03 16:00:00,6354.337,6357.806,6346.482,6347.906,1798,177,0,1798
2024-08-03 17:00:00,6347.913,6347.915,6341.28,6347.862,1795,177,0,1795
2024-08-03 18:00:00,6347.847,6350.043,6342.999,6344.216,1797,177,0,1797
2024-08-03 19:00:00,6344.093,6346.029,6336.754,6338.324,1792,177,0,1792
2024-08-03 20:00:00,6338.669,6341.583,6332.637,6339.366,1796,177,0,1796
2024-08-03 21:00:00,6339.326,6344.244,6337.107,6342.3,1795,177,0,1795
2024-08-03 22:00:00,6342.236,6344.925,6338.547,6339.276,1793,177,0,1793
2024-08-03 23:00:00,6339.116,6345.863,6338.271,6341.62,1796,177,0,1796
2024-08-04 00:00:00,6341.5,6347.106,6341.472,6344.973,1795,177,0,1795
2024-08-04 01:00:00,6345.179,6355.973,6343.852,6352.501,1799,177,0,1799
2024-08-04 02:00:00,6352.474,6362.287,6352.125,6359.931,1795,177,0,1795
2024-08-04 03:00:00,6360.139,6370.162,6359.831,6369.931,1797,177,0,1797
2024-08-04 04:00:00,6369.947,6378.84,6368.739,6378.337,1793,177,0,1793
2024-08-04 05:00:00,6378.074,6382.825,6374.3,6379.608,1797,177,0,1797
2024-08-04 06:00:00,6379.463,6389.746,6379.296,6388.543,1795,177,0,1795
2024-08-04 07:00:00,6388.518,6391.685,6384.751,6386.36,1798,177,0,1798
2024-08-04 08:00:00,6386.373,6387.788,6373.688,6374.605,1799,177,0,1799
2024-08-04 09:00:00,6374.627,6382.32,6373.629,6376.403,1796,177,0,1796
2024-08-04 10:00:00,6376.341,6384.801,6373.127,6384.05,1796,177,0,1796
2024-08-04 11:00:00,6384.121,6386.403,6374.513,6375.502,1795,177,0,1795
2024-08-04 12:00:00,6375.364,6377.616,6370.161,6370.837,1797,177,0,1797
2024-08-04 13:00:00,6371.114,6371.211,6365.989,6368.363,1796,177,0,1796
2024-08-04 14:00:00,6368.561,6373.069,6361.914,6372.081,1797,177,0,1797
2024-08-04 15:00:00,6372.042,6384.583,6370.373,6377.592,1796,177,0,1796
2024-08-04 16:00:00,6377.613,6385.307,6369.825,6370.222,1798,177,0,1798
2024-08-04 17:00:00,6370.368,6373.137,6361.944,6364.476,1797,177,0,1797
2024-08-04 18:00:00,6364.445,6366.727,6356.939,6359.387,1792,177,0,1792
2024-08-04 19:00:00,6359.316,6365.714,6356.476,6362.164,1797,177,0,1797
2024-08-04 20:00:00,6362.223,6370.729,6354.766,6370.169,1799,177,0,1799
2024-08-04 21:00:00,6370.207,6376.625,6366.279,6375.963,1796,177,0,1796
2024-08-04 22:00:00,6376.075,6382.088,6372.037,6374.919,1798,177,0,1798
2024-08-04 23:00:00,6374.963,6389.926,6374.481,6389.189,1794,177,0,1794
2024-08-05 00:00:00,6389.018,6401.296,6387.741,6396.477,1795,177,0,1795
2024-08-05 01:00:00,6396.404,6400.069,6391.23,6392.987,1798,177,0,1798
2024-08-05 02:00:00,6392.959,6395.161,6388.493,6391.547,1295,177,0,1295
2024-08-05 03:00:00,6392.006,6405.367,6391.529,6400.191,1796,177,0,1796
2024-08-05 04:00:00,6400.165,6410.689,6398.192,6400.615,1793,177,0,1793
2024-08-05 05:00:00,6400.363,6409.938,6398.817,6408.709,1796,177,0,1796
2024-08-05 06:00:00,6408.731,6410.38,6399.81,6407.084,1797,177,0,1797
2024-08-05 07:00:00,6407.226,6407.769,6393.458,6396.079,1796,177,0,1796
2024-08-05 08:00:00,6395.93,6398.58,6386.815,6387.949,1798,177,0,1798
2024-08-05 09:00:00,6388.083,6388.638,6371.538,6373.185,1794,177,0,1794
2024-08-05 10:00:00,6373.294,6375.362,6359.018,6360.391,1795,177,0,1795
2024-08-05 11:00:00,6360.381,6361.986,6347.141,6347.841,1800,177,0,1800
2024-08-05 12:00:00,6347.759,6353.962,6345.361,6351.497,1798,177,0,1798
2024-08-05 13:00:00,6351.186,6357.757,6347.831,6352.71,1798,177,0,1798
2024-08-05 14:00:00,6352.661,6360.601,6352.379,6354.061,1798,177,0,1798
2024-08-05 15:00:00,6353.505,6358.279,6350.418,6355.062,1795,177,0,1795
2024-08-05 16:00:00,6355.35,6362.269,6354.861,6360.449,1797,177,0,1797
2024-08-05 17:00:00,6360.296,6370.792,6359.664,6368.291,1795,177,0,1795
2024-08-05 18:00:00,6368.306,6373.857,6366.665,6368.853,1797,177,0,1797
2024-08-05 19:00:00,6368.849,6372.951,6367.48,6371.714,1797,177,0,1797
2024-08-05 20:00:00,6371.718,6373.175,6360.911,6363.434,1797,177,0,1797
2024-08-05 21:00:00,6363.48,6370.627,6361.045,6367.382,1799,177,0,1799
2024-08-05 22:00:00,6367.633,6380.692,6367.376,6377.508,1794,177,0,1794
2024-08-05 23:00:00,6377.531,6381.244,6373.014,6381.122,1795,177,0,1795
2024-08-06 00:00:00,6380.828,6385.699,6379.097,6382.302,1798,177,0,1798
2024-08-06 01:00:00,6382.077,6383.026,6374.188,6382.943,1798,177,0,1798
2024-08-06 02:00:00,6383.175,6386.816,6380.922,6383.545,1797,177,0,1797
2024-08-06 03:00:00,6383.263,6384.817,6375.448,6377.087,1792,177,0,1792
2024-08-06 04:00:00,6377.241,6381.433,6370.311,6378.639,1799,177,0,1799
2024-08-06 05:00:00,6378.83,6386.421,6375.389,6381.612,1796,177,0,1796
2024-08-06 06:00:00,6381.418,6384.147,6373.963,6381.754,1795,177,0,1795
2024-08-06 07:00:00,6381.682,6389.202,6380.738,6386.139,1791,177,0,1791
2024-08-06 08:00:00,6386.183,6393.633,6384.008,6390.649,1796,177,0,1796
2024-08-06 09:00:00,6390.448,6390.527,6375.3,6381.324,1798,177,0,1798
2024-08-06 10:00:00,6381.303,6389.037,6376.664,6386.503,1796,177,0,1796
2024-08-06 11:00:00,6386.677,6392.521,6383.555,6385.803,1793,177,0,1793
2024-08-06 12:00:00,6385.596,6387.163,6374.045,6379.166,1797,177,0,1797
2024-08-06 13:00:00,6379.289,6383.983,6375.428,6383.283,1799,177,0,1799
2024-08-06 14:00:00,6383.422,6387.462,6377.225,6385.567,1797,177,0,1797
2024-08-06 15:00:00,6385.451,6389.275,6379.169,6379.238,1796,177,0,1796
2024-08-06 16:00:00,6379.044,6379.727,6371.333,6374.532,1795,177,0,1795
2024-08-06 17:00:00,6374.421,6383.031,6371.419,6381.584,1796,177,0,1796
2024-08-06 18:00:00,6381.214,6385.314,6373.959,6382.049,1798,177,0,1798
2024-08-06 19:00:00,6382.207,6382.779,6370.868,6374.046,1793,177,0,1793
2024-08-06 20:00:00,6373.926,6379.028,6366.609,6366.893,1796,177,0,1796
2024-08-06 21:00:00,6366.857,6377.952,6366.736,6375.672,1795,177,0,1795
2024-08-06 22:00:00,6375.602,6382.266,6374.58,6379.824,1797,177,0,1797
2024-08-06 23:00:00,6379.797,6380.576,6366.044,6378.797,1795,177,0,1795
2024-08-07 00:00:00,6378.848,6382.292,6376.167,6379.84,1797,177,0,1797
2024-08-07 01:00:00,6379.99,6385.796,6375.632,6383.773,1794,177,0,1794
2024-08-07 02:00:00,6383.412,6388.852,6376.901,6378.399,1795,177,0,1795
2024-08-07 03:00:00,6378.378,6382.445,6374.913,6378.385,1798,177,0,1798
2024-08-07 04:00:00,6378.132,6384.507,6377.333,6381.65,1797,177,0,1797
2024-08-07 05:00:00,6381.367,6381.992,6377.334,6378.136,1796,177,0,1796
2024-08-07 06:00:00,6377.851,6378.786,6363.4,6363.876,1796,177,0,1796
2024-08-07 07:00:00,6363.975,6368.466,6361.543,6363.113,1797,177,0,1797
2024-08-07 08:00:00,6362.824,6369.689,6357.346,6364.529,1798,177,0,1798
2024-08-07 09:00:00,6364.248,6367.913,6357.82,6364.247,1796,177,0,1796
2024-08-07 10:00:00,6364.171,6372.074,6363.124,6364.225,1795,177,0,1795
2024-08-07 11:00:00,6364.088,6371.912,6363.96,6371.19,1797,177,0,1797
2024-08-07 12:00:00,6371.202,6371.504,6356.516,6356.874,1796,177,0,1796
2024-08-07 13:00:00,6357.012,6357.882,6344.267,6351.183,1794,177,0,1794
2024-08-07 14:00:00,6350.956,6354.603,6342.947,6349.166,1793,177,0,1793
2024-08-07 15:00:00,6348.863,6356.817,6347.167,6352.948,1794,177,0,1794
2024-08-07 16:00:00,6353.02,6363.703,6350.787,6362.029,1800,177,0,1800
2024-08-07 17:00:00,6361.846,6372.251,6360.04,6371.598,1797,177,0,1797
2024-08-07 18:00:00,6371.793,6385.058,6370.42,6381.939,1800,177,0,1800
2024-08-07 19:00:00,6381.889,6388.423,6380.587,6388.423,1796,177,0,1796
2024-08-07 20:00:00,6388.299,6390.58,6384.45,6388.191,1799,177,0,1799
2024-08-07 21:00:00,6388.111,6390.67,6385.038,6388.758,1799,177,0,1799
2024-08-07 22:00:00,6388.657,6394.349,6383.565,6394.042,1795,177,0,1795
2024-08-07 23:00:00,6394.136,6401.343,6392.88,6398.092,1796,177,0,1796
2024-08-08 00:00:00,6398.068,6402.21,6389.042,6391.744,1793,177,0,1793
2024-08-08 01:00:00,6391.763,6394.789,6383.91,6386.666,1798,177,0,1798
2024-08-08 02:00:00,6386.675,6399.536,6386.551,6397.117,1796,177,0,1796
2024-08-08 03:00:00,6396.757,6407.049,6393.776,6402.574,1792,177,0,1792
2024-08-08 04:00:00,6402.568,6403.234,6394.976,6400.623,1797,177,0,1797
2024-08-08 05:00:00,6400.502,6401.053,6393.605,6397.53,1794,177,0,1794
2024-08-08 06:00:00,6397.287,6402.152,6393.577,6399.937,1795,177,0,1795
2024-08-08 07:00:00,6400.162,6414.038,6397.011,6413.738,1797,177,0,1797
2024-08-08 08:00:00,6414.048,6417.267,6408.076,6409.271,1798,177,0,1798
2024-08-08 09:00:00,6409.342,6412.064,6405.019,6410.154,1796,177,0,1796
2024-08-08 10:00:00,6410.193,6411.174,6399.526,6403.987,1796,177,0,1796
2024-08-08 11:00:00,6404.103,6409.691,6399.367,6406.892,1797,177,0,1797
2024-08-08 12:00:00,6406.737,6411.806,6405.383,6410.904,1794,177,0,1794
2024-08-08 13:00:00,6410.87,6417.692,6409.063,6414.841,1794,177,0,1794
2024-08-08 14:00:00,6415.077,6424.393,6413.155,6416.665,1794,177,0,1794
2024-08-08 15:00:00,6416.444,6422.636,6415.195,6416.349,1796,177,0,1796
2024-08-08 16:00:00,6416.673,6417.02,6403.346,6404.111,1799,177,0,1799
2024-08-08 17:00:00,6404.27,6407.609,6399.174,6400.993,1794,177,0,1794
2024-08-08 18:00:00,6400.904,6402.979,6395.536,6397.589,1796,177,0,1796
2024-08-08 19:00:00,6397.634,6397.864,6381.043,6388.007,1797,177,0,1797
2024-08-08 20:00:00,6388.242,6395.59,6384.466,6392.639,1793,177,0,1793
2024-08-08 21:00:00,6392.713,6401.052,6390.221,6397.399,1790,177,0,1790
2024-08-08 22:00:00,6397.306,6398.667,6392.572,6394.83,1792,177,0,1792
2024-08-08 23:00:00,6394.853,6404.675,6394.25,6402.895,1799,177,0,1799
2024-08-09 00:00:00,6402.902,6407.052,6399.308,6403.085,1796,177,0,1796
2024-08-09 01:00:00,6403.359,6408.069,6399.37,6405.745,1795,177,0,1795
2024-08-09 02:00:00,6405.532,6411.917,6403.376,6411.594,1798,177,0,1798
2024-08-09 03:00:00,6411.489,6417.047,6409.672,6411.107,1796,177,0,1796
2024-08-09 04:00:00,6411.087,6417.645,6400.912,6400.912,1798,177,0,1798
2024-08-09 05:00:00,6400.997,6411.429,6400.385,6408.182,1794,177,0,1794
2024-08-09 06:00:00,6408.345,6409.601,6398.349,6401.347,1791,177,0,1791
2024-08-09 07:00:00,6401.367,6415.303,6400.388,6415.145,1796,177,0,1796
2024-08-09 08:00:00,6415.223,6422.594,6412.872,6419.674,1791,177,0,1791
2024-08-09 09:00:00,6419.297,6420.133,6413.614,6418.325,1798,177,0,1798
2024-08-09 10:00:00,6418.396,6424.523,6414.451,6419.323,1796,177,0,1796
2024-08-09 11:00:00,6419.167,6422.105,6414.823,6419.248,1797,177,0,1797
2024-08-09 12:00:00,6419.189,6426.934,6417.098,6423.966,1797,177,0,1797
2024-08-09 13:00:00,6423.769,6426.122,6418.206,6418.676,1794,177,0,1794
2024-08-09 14:00:00,6418.771,6425.112,6414.851,6424.274,1796,177,0,1796
2024-08-09 15:00:00,6424.14,6432.086,6423.704,6431.014,1798,177,0,1798
2024-08-09 16:00:00,6430.918,6436.132,6425.295,6433.689,1798,177,0,1798
2024-08-09 17:00:00,6433.537,6440.96,6430.392,6440.96,1797,177,0,1797
2024-08-09 18:00:00,6441.065,6453.557,6439.152,6452.703,1792,177,0,1792
2024-08-09 19:00:00,6452.491,6453.849,6443.765,6450.686,1794,177,0,1794
2024-08-09 20:00:00,6450.725,6455.949,6448.524,6452.62,1796,177,0,1796
2024-08-09 21:00:00,6452.434,6453.899,6437.621,6438.849,1796,177,0,1796
2024-08-09 22:00:00,6439.027,6441.069,6424.187,6427.012,1798,177,0,1798
2024-08-09 23:00:00,6427.218,6433.798,6422.52,6427.311,1797,177,0,1797
2024-08-10 00:00:00,6427.226,6433.994,6426.294,6433.031,1798,177,0,1798
2024-08-10 01:00:00,6432.608,6434.129,6428.282,6430.985,1794,177,0,1794
2024-08-10 02:00:00,6431.105,6432.179,6426.311,6429.77,1796,177,0,1796
2024-08-10 03:00:00,6429.735,6432.282,6423.231,6429.951,1798,177,0,1798
2024-08-10 04:00:00,6430.082,6432.078,6422.902,6424.462,1799,177,0,1799
2024-08-10 05:00:00,6424.139,6428.353,6418.77,6420.083,1799,177,0,1799
2024-08-10 06:00:00,6419.828,6419.885,6411.865,6412.663,1796,177,0,1796
2024-08-10 07:00:00,6413.036,6416.176,6406.368,6407.674,1795,177,0,1795
2024-08-10 08:00:00,6407.705,6409.71,6402.27,6407.68,1793,177,0,1793
2024-08-10 09:00:00,6407.719,6408.014,6395.38,6403.76,1791,177,0,1791
2024-08-10 10:00:00,6403.696,6403.696,6393.995,6397.868,1797,177,0,1797
2024-08-10 11:00:00,6397.806,6398.761,6389.961,6397.82,1795,177,0,1795
2024-08-10 12:00:00,6397.723,6401.306,6391.633,6401.306,1798,177,0,1798
2024-08-10 13:00:00,6401.476,6414.747,6400.276,6411.02,1796,177,0,1796
2024-08-10 14:00:00,6410.869,6415.989,6404.64,6411.886,1796,177,0,1796
2024-08-10 15:00:00,6411.903,6413.714,6401.585,6403.56,1798,177,0,1798
2024-08-10 16:00:00,6403.484,6410.512,6396.305,6396.972,1798,177,0,1798
2024-08-10 17:00:00,6396.844,6407.0,6392.102,6401.656,1797,177,0,1797
2024-08-10 18:00:00,6401.742,6406.475,6397.727,6401.474,1798,177,0,1798
2024-08-10 19:00:00,6401.513,6409.102,6401.173,6408.071,1797,177,0,1797
2024-08-10 20:00:00,6408.106,6410.549,6400.746,6404.592,1795,177,0,1795
2024-08-10 21:00:00,6404.51,6404.694,6390.746,6392.59,1796,177,0,1796
2024-08-10 22:00:00,6392.548,6393.165,6373.583,6373.745,1798,177,0,1798
2024-08-10 23:00:00,6374.081,6376.73,6368.856,6370.278,1790,177,0,1790
2024-08-11 00:00:00,6369.99,6371.112,6361.701,6365.926,1799,177,0,1799
2024-08-11 01:00:00,6365.978,6386.291,6364.454,6385.662,1799,177,0,1799
2024-08-11 02:00:00,6385.429,6387.468,6379.242,6380.128,1794,177,0,1794
2024-08-11 03:00:00,6379.895,6385.434,6375.104,6378.542,1794,177,0,1794
2024-08-11 04:00:00,6378.666,6381.521,6372.114,6379.587,1798,177,0,1798
2024-08-11 05:00:00,6379.709,6392.599,6374.992,6391.121,1796,177,0,1796
2024-08-11 06:00:00,6391.121,6394.928,6384.619,6391.539,1798,177,0,1798
2024-08-11 07:00:00,6391.33,6391.33,6384.954,6388.032,1797,177,0,1797
2024-08-11 08:00:00,6387.715,6387.973,6372.532,6373.176,1795,177,0,1795
2024-08-11 09:00:00,6372.972,6379.776,6369.505,6370.524,1797,177,0,1797
2024-08-11 10:00:00,6370.763,6384.307,6367.494,6383.531,1796,177,0,1796
2024-08-11 11:00:00,6383.668,6387.11,6378.285,6380.074,1796,177,0,1796
2024-08-11 12:00:00,6379.969,6387.54,6373.393,6376.771,1795,177,0,1795
2024-08-11 13:00:00,6376.795,6382.357,6373.285,6376.523,1798,177,0,1798
2024-08-11 14:00:00,6376.471,6376.768,6370.69,6374.416,1798,177,0,1798
2024-08-11 15:00:00,6374.524,6379.38,6372.991,6376.984,1797,177,0,1797
2024-08-11 16:00:00,6376.918,6378.188,6364.477,6368.326,1793,177,0,1793
2024-08-11 17:00:00,6368.164,6370.648,6364.179,6369.852,1797,177,0,1797
2024-08-11 18:00:00,6369.748,6374.595,6368.201,6372.734,1797,177,0,1797
2024-08-11 19:00:00,6372.595,6386.848,6370.721,6386.604,1797,177,0,1797
2024-08-11 20:00:00,6386.581,6388.768,6375.436,6378.43,1795,177,0,1795
2024-08-11 21:00:00,6378.364,6386.852,6376.469,6382.091,1797,177,0,1797
2024-08-11 22:00:00,6381.908,6383.841,6375.416,6377.188,1796,177,0,1796
2024-08-11 23:00:00,6377.048,6382.398,6376.564,6378.711,1796,177,0,1796
2024-08-12 00:00:00,6378.567,6380.072,6373.391,6376.43,1796,177,0,1796
2024-08-12 01:00:00,6376.154,6384.044,6373.661,6383.815,1796,177,0,1796
2024-08-12 02:00:00,6383.801,6397.11,6383.073,6392.711,1798,177,0,1798
2024-08-12 03:00:00,6392.571,6396.807,6388.51,6391.173,1796,177,0,1796
2024-08-12 04:00:00,6391.332,6395.208,6388.888,6394.081,1797,177,0,1797
2024-08-12 05:00:00,6394.087,6407.57,6393.779,6400.419,1798,177,0,1798
2024-08-12 06:00:00,6400.264,6402.807,6388.764,6389.888,1796,177,0,1796
2024-08-12 07:00:00,6389.927,6397.423,6389.055,6392.879,1797,177,0,1797
2024-08-12 08:00:00,6393.124,6407.659,6392.569,6404.637,1797,177,0,1797
2024-08-12 09:00:00,6404.796,6419.395,6404.06,6419.259,1791,177,0,1791
2024-08-12 10:00:00,6419.466,6432.172,6416.163,6428.916,1795,177,0,1795
2024-08-12 11:00:00,6428.898,6429.905,6424.046,6426.861,1796,177,0,1796
2024-08-12 12:00:00,6426.84,6431.633,6424.445,6427.098,1794,177,0,1794
2024-08-12 13:00:00,6427.131,6434.807,6425.709,6428.769,1795,177,0,1795
2024-08-12 14:00:00,6429.031,6436.97,6428.63,6430.133,1791,177,0,1791
2024-08-12 15:00:00,6430.185,6431.703,6425.517,6429.247,1794,177,0,1794
2024-08-12 16:00:00,6429.182,6440.17,6428.328,6439.808,1795,177,0,1795
2024-08-12 17:00:00,6439.848,6446.116,6438.029,6440.328,1795,177,0,1795
2024-08-12 18:00:00,6440.433,6442.386,6434.031,6441.705,1798,177,0,1798
2024-08-12 19:00:00,6441.694,6447.475,6436.907,6447.475,1794,177,0,1794
2024-08-12 20:00:00,6447.272,6450.045,6440.848,6444.904,1793,177,0,1793
2024-08-12 21:00:00,6445.186,6447.587,6438.734,6445.62,1799,177,0,1799
2024-08-12 22:00:00,6445.701,6452.625,6443.132,6451.867,1792,177,0,1792
2024-08-12 23:00:00,6451.882,6460.199,6447.668,6458.74,1796,177,0,1796
2024-08-13 00:00:00,6458.707,6459.383,6450.658,6456.037,1793,177,0,1793
2024-08-13 01:00:00,6456.255,6462.07,6455.061,6458.486,1795,177,0,1795
2024-08-13 02:00:00,6458.446,6473.932,6457.816,6467.391,1798,177,0,1798
2024-08-13 03:00:00,6467.709,6470.309,6462.825,6466.885,1794,177,0,1794
2024-08-13 04:00:00,6466.89,6468.247,6454.216,6456.7,1792,177,0,1792
2024-08-13 05:00:00,6456.565,6456.712,6447.189,6447.352,1791,177,0,1791
2024-08-13 06:00:00,6447.24,6447.576,6439.789,6445.182,1797,177,0,1797
2024-08-13 07:00:00,6445.035,6457.794,6444.054,6457.348,1795,177,0,1795
2024-08-13 08:00:00,6457.594,6459.188,6453.28,6457.513,1791,177,0,1791
2024-08-13 09:00:00,6457.761,6461.723,6453.092,6455.791,1796,177,0,1796
2024-08-13 10:00:00,6455.567,6458.149,6450.945,6456.748,1795,177,0,1795
2024-08-13 11:00:00,6456.541,6459.732,6452.17,6453.118,1797,177,0,1797
2024-08-13 12:00:00,6453.072,6458.417,6448.083,6448.59,1798,177,0,1798
2024-08-13 13:00:00,6448.378,6453.073,6444.91,6451.891,1795,177,0,1795
2024-08-13 14:00:00,6451.676,6454.082,6445.243,6447.567,1793,177,0,1793
2024-08-13 15:00:00,6447.509,6450.06,6441.289,6442.884,1794,177,0,1794
2024-08-13 16:00:00,6442.928,6445.825,6433.725,6434.165,1793,177,0,1793
2024-08-13 17:00:00,6434.059,6439.307,6431.932,6434.498,1793,177,0,1793
2024-08-13 18:00:00,6434.664,6438.788,6431.644,6434.691,1798,177,0,1798
2024-08-13 19:00:00,6434.913,6439.553,6429.366,6435.077,1791,177,0,1791
2024-08-13 20:00:00,6435.153,6449.805,6433.634,6445.882,1797,177,0,1797
2024-08-13 21:00:00,6445.56,6452.301,6445.56,6449.56,1793,177,0,1793
2024-08-13 22:00:00,6449.562,6451.406,6444.876,6445.874,1799,177,0,1799
2024-08-13 23:00:00,6446.023,6454.8,6444.77,6454.183,1797,177,0,1797
2024-08-14 00:00:00,6454.208,6458.836,6443.694,6444.551,1791,177,0,1791
2024-08-14 01:00:00,6444.689,6444.924,6427.555,6429.994,1794,177,0,1794
2024-08-14 02:00:00,6430.106,6438.299,6428.439,6434.941,1795,177,0,1795
2024-08-14 03:00:00,6435.366,6440.062,6431.15,6434.395,1796,177,0,1796
2024-08-14 04:00:00,6434.418,6440.863,6430.118,6437.35,1795,177,0,1795
2024-08-14 05:00:00,6437.417,6446.01,6434.827,6436.437,1794,177,0,1794
2024-08-14 06:00:00,6436.401,6442.185,6433.118,6437.333,1789,177,0,1789
2024-08-14 07:00:00,6437.447,6439.234,6426.565,6431.148,1798,177,0,1798
2024-08-14 08:00:00,6431.399,6441.074,6427.393,6440.087,1795,177,0,1795
2024-08-14 09:00:00,6440.231,6443.424,6437.942,6440.867,1792,177,0,1792
2024-08-14 10:00:00,6440.445,6446.858,6437.242,6438.762,1797,177,0,1797
2024-08-14 11:00:00,6438.533,6446.003,6435.598,6443.275,1796,177,0,1796
2024-08-14 12:00:00,6443.121,6445.527,6434.624,6441.494,1796,177,0,1796
2024-08-14 13:00:00,6441.488,6445.668,6436.569,6445.042,1796,177,0,1796
2024-08-14 14:00:00,6445.04,6449.311,6438.779,6449.098,1795,177,0,1795
2024-08-14 15:00:00,6449.136,6450.199,6442.311,6447.007,1795,177,0,1795
2024-08-14 16:00:00,6447.278,6452.156,6444.488,6452.156,1793,177,0,1793
2024-08-14 17:00:00,6451.862,6462.029,6451.076,6453.335,1798,177,0,1798
2024-08-14 18:00:00,6453.268,6468.032,6451.673,6466.679,1796,177,0,1796
2024-08-14 19:00:00,6466.442,6470.88,6461.67,6469.594,1797,177,0,1797
2024-08-14 20:00:00,6469.562,6471.608,6466.773,6469.461,1796,177,0,1796
2024-08-14 21:00:00,6469.425,6473.933,6464.723,6472.418,1796,177,0,1796
2024-08-14 22:00:00,6472.239,6479.402,6467.968,6473.585,1797,177,0,1797
2024-08-14 23:00:00,6473.815,6473.887,6464.277,6469.197,1797,177,0,1797
2024-08-15 00:00:00,6469.527,6476.764,6464.811,6475.466,1799,177,0,1799
2024-08-15 01:00:00,6475.771,6495.227,6474.694,6494.508,1796,177,0,1796
2024-08-15 02:00:00,6494.312,6495.456,6478.659,6481.541,1797,177,0,1797
2024-08-15 03:00:00,6481.151,6497.897,6480.121,6494.34,1793,177,0,1793
2024-08-15 04:00:00,6494.26,6499.675,6489.666,6497.053,1793,177,0,1793
2024-08-15 05:00:00,6496.981,6500.201,6490.224,6491.613,1795,177,0,1795
2024-08-15 06:00:00,6491.67,6491.67,6483.004,6484.357,1795,177,0,1795
2024-08-15 07:00:00,6484.177,6491.096,6481.707,6485.579,1796,177,0,1796
2024-08-15 08:00:00,6485.432,6500.509,6484.809,6500.334,1794,177,0,1794
2024-08-15 09:00:00,6500.14,6504.22,6493.18,6493.823,1799,177,0,1799
2024-08-15 10:00:00,6493.723,6494.159,6479.309,6479.947,1799,177,0,1799
2024-08-15 11:00:00,6479.921,6480.064,6472.519,6476.332,1797,177,0,1797
2024-08-15 12:00:00,6475.939,6479.439,6469.256,6470.454,1798,177,0,1798
2024-08-15 13:00:00,6470.913,6481.11,6470.603,6480.634,1794,177,0,1794
2024-08-15 14:00:00,6480.879,6484.735,6476.319,6481.235,1797,177,0,1797
2024-08-15 15:00:00,6481.298,6485.489,6472.564,6476.27,1797,177,0,1797
2024-08-15 16:00:00,6476.333,6486.017,6472.65,6483.325,1795,177,0,1795
2024-08-15 17:00:00,6483.644,6491.224,6481.375,6489.67,1795,177,0,1795
2024-08-15 18:00:00,6489.78,6493.564,6484.907,6493.411,1793,177,0,1793
2024-08-15 19:00:00,6493.397,6493.671,6484.745,6489.492,1796,177,0,1796
2024-08-15 20:00:00,6489.332,6493.896,6482.008,6482.008,1798,177,0,1798
2024-08-15 21:00:00,6482.023,6487.625,6479.267,6482.793,1797,177,0,1797
2024-08-15 22:00:00,6482.858,6488.151,6478.393,6479.261,1797,177,0,1797
2024-08-15 23:00:00,6479.011,6481.225,6471.654,6475.145,1797,177,0,1797
2024-08-16 00:00:00,6474.738,6481.156,6467.634,6468.161,1796,177,0,1796
2024-08-16 01:00:00,6468.206,6474.981,6466.541,6469.209,1792,177,0,1792
2024-08-16 02:00:00,6468.814,6472.509,6465.064,6469.23,1795,177,0,1795
2024-08-16 03:00:00,6469.218,6471.58,6457.801,6463.544,1787,177,0,1787
2024-08-16 04:00:00,6463.352,6466.47,6451.198,6455.414,1784,177,0,1784
2024-08-16 05:00:00,6455.376,6457.075,6449.075,6451.949,1796,177,0,1796
2024-08-16 06:00:00,6451.822,6454.415,6440.086,6440.609,1794,177,0,1794
2024-08-16 07:00:00,6440.476,6445.355,6434.811,6441.816,1799,177,0,1799
2024-08-16 08:00:00,6441.918,6448.491,6440.177,6447.775,1795,177,0,1795
2024-08-16 09:00:00,6447.698,6448.89,6439.52,6442.645,1795,177,0,1795
2024-08-16 10:00:00,6442.312,6451.91,6437.642,6446.071,1798,177,0,1798
2024-08-16 11:00:00,6446.121,6452.78,6443.148,6452.78,1796,177,0,1796
2024-08-16 12:00:00,6452.627,6454.346,6447.771,6449.928,1794,177,0,1794
2024-08-16 13:00:00,6449.944,6463.201,6449.944,6463.201,1796,177,0,1796
2024-08-16 14:00:00,6462.97,6465.318,6458.343,6460.064,1797,177,0,1797
2024-08-16 15:00:00,6459.683,6468.797,6456.113,6465.836,1795,177,0,1795
2024-08-16 16:00:00,6465.963,6469.056,6461.406,6463.642,1792,177,0,1792
2024-08-16 17:00:00,6463.754,6468.542,6453.308,6458.069,1797,177,0,1797
2024-08-16 18:00:00,6458.161,6460.038,6450.369,6452.104,1797,177,0,1797
2024-08-16 19:00:00,6452.212,6454.548,6448.188,6451.875,1797,177,0,1797
2024-08-16 20:00:00,6451.856,6458.196,6446.637,6450.279,1794,177,0,1794
2024-08-16 21:00:00,6450.623,6453.491,6446.113,6448.197,1798,177,0,1798
2024-08-16 22:00:00,6448.216,6448.677,6440.507,6442.884,1792,177,0,1792
2024-08-16 23:00:00,6443.018,6448.994,6437.672,6448.994,1791,177,0,1791
2024-08-17 00:00:00,6449.023,6459.399,6448.774,6455.888,1797,177,0,1797
2024-08-17 01:00:00,6456.173,6458.025,6447.887,6453.16,1797,177,0,1797
2024-08-17 02:00:00,6452.993,6453.613,6443.803,6452.885,1795,177,0,1795
2024-08-17 03:00:00,6452.964,6458.723,6451.724,6454.671,1798,177,0,1798
2024-08-17 04:00:00,6454.692,6465.837,6453.735,6462.009,1793,177,0,1793
2024-08-17 05:00:00,6462.182,6466.753,6450.688,6459.583,1793,177,0,1793
2024-08-17 06:00:00,6459.364,6469.112,6458.664,6465.904,1798,177,0,1798
2024-08-17 07:00:00,6465.733,6470.14,6462.844,6467.974,1794,177,0,1794
2024-08-17 08:00:00,6467.497,6467.534,6457.448,6462.386,1791,177,0,1791
2024-08-17 09:00:00,6462.556,6463.146,6456.852,6458.517,1794,177,0,1794
2024-08-17 10:00:00,6458.299,6458.299,6440.65,6448.724,1796,177,0,1796
2024-08-17 11:00:00,6448.727,6456.113,6448.727,6454.577,1794,177,0,1794
2024-08-17 12:00:00,6454.45,6461.82,6450.263,6458.542,1799,177,0,1799
2024-08-17 13:00:00,6458.591,6465.351,6456.329,6463.851,1797,177,0,1797
2024-08-17 14:00:00,6464.026,6466.76,6453.385,6453.895,1798,177,0,1798
2024-08-17 15:00:00,6453.889,6459.085,6452.083,6452.243,1795,177,0,1795
2024-08-17 16:00:00,6451.976,6457.909,6451.032,6454.611,1794,177,0,1794
2024-08-17 17:00:00,6454.451,6463.32,6454.11,6459.038,1797,177,0,1797
2024-08-17 18:00:00,6458.962,6469.789,6458.962,6462.881,1794,177,0,1794
2024-08-17 19:00:00,6462.726,6471.765,6457.707,6470.863,1797,177,0,1797
2024-08-17 20:00:00,6470.812,6476.581,6469.705,6472.01,1798,177,0,1798
2024-08-17 21:00:00,6471.939,6481.558,6471.775,6477.344,1799,177,0,1799
2024-08-17 22:00:00,6477.162,6481.594,6474.947,6478.556,1790,177,0,1790
2024-08-17 23:00:00,6478.793,6490.499,6477.216,6490.305,1798,177,0,1798
2024-08-18 00:00:00,6490.191,6499.584,6488.042,6496.021,1791,177,0,1791
2024-08-18 01:00:00,6496.235,6509.504,6496.007,6507.211,1688,177,0,1688
2024-08-18 02:00:00,6507.413,6508.231,6499.056,6503.871,1797,177,0,1797
2024-08-18 03:00:00,6503.959,6509.884,6502.721,6507.594,1796,177,0,1796
2024-08-18 04:00:00,6507.695,6508.875,6492.189,6492.849,1794,177,0,1794
2024-08-18 05:00:00,6493.184,6494.273,6482.052,6484.5,1797,177,0,1797
2024-08-18 06:00:00,6484.259,6498.899,6482.328,6493.658,1796,177,0,1796
2024-08-18 07:00:00,6493.783,6503.892,6491.97,6499.13,1797,177,0,1797
2024-08-18 08:00:00,6498.502,6508.775,6496.751,6498.146,1798,177,0,1798
2024-08-18 09:00:00,6498.343,6501.025,6493.864,6494.721,1794,177,0,1794
2024-08-18 10:00:00,6494.532,6507.998,6492.086,6507.677,1795,177,0,1795
2024-08-18 11:00:00,6507.809,6508.149,6499.667,6503.481,1796,177,0,1796
2024-08-18 12:00:00,6503.44,6514.093,6501.666,6511.31,1798,177,0,1798
2024-08-18 13:00:00,6511.366,6516.711,6505.96,6515.217,1796,177,0,1796
2024-08-18 14:00:00,6515.261,6516.504,6503.045,6505.449,1795,177,0,1795
2024-08-18 15:00:00,6505.536,6511.102,6504.728,6508.55,1797,177,0,1797
2024-08-18 16:00:00,6508.592,6516.643,6506.794,6514.121,1798,177,0,1798
2024-08-18 17:00:00,6514.03,6519.238,6509.379,6516.123,1795,177,0,1795
2024-08-18 18:00:00,6516.027,6517.687,6509.937,6511.098,1796,177,0,1796
2024-08-18 19:00:00,6511.144,6520.229,6511.135,6515.662,1797,177,0,1797
2024-08-18 20:00:00,6515.578,6516.528,6507.873,6509.513,1796,177,0,1796
2024-08-18 21:00:00,6509.52,6510.088,6503.775,6507.152,1795,177,0,1795
2024-08-18 22:00:00,6507.016,6507.866,6501.073,6502.518,1796,177,0,1796
2024-08-18 23:00:00,6502.355,6512.034,6499.184,6504.483,1795,177,0,1795
2024-08-19 00:00:00,6504.738,6505.241,6493.887,6498.453,1799,177,0,1799
2024-08-19 01:00:00,6498.379,6517.273,6497.186,6515.506,1798,177,0,1798
2024-08-19 02:00:00,6515.434,6526.621,6512.331,6526.296,1796,177,0,1796
2024-08-19 03:00:00,6526.485,6539.922,6525.688,6532.516,1796,177,0,1796
2024-08-19 04:00:00,6532.695,6533.232,6513.119,6518.345,1797,177,0,1797
2024-08-19 05:00:00,6518.397,6529.701,6517.071,6527.134,1793,177,0,1793
2024-08-19 06:00:00,6527.303,6530.628,6523.745,6529.315,1798,177,0,1798
2024-08-19 07:00:00,6529.365,6537.595,6524.102,6529.466,1795,181,0,1795
2024-08-19 08:00:00,6529.601,6532.962,6516.644,6517.903,1793,181,0,1793
2024-08-19 09:00:00,6517.918,6517.977,6508.98,6514.106,1791,181,0,1791
2024-08-19 10:00:00,6514.029,6519.046,6511.611,6516.618,1795,181,0,1795
2024-08-19 11:00:00,6516.437,6518.062,6511.211,6515.163,1797,181,0,1797
2024-08-19 12:00:00,6515.267,6517.519,6509.0,6515.058,1796,181,0,1796
2024-08-19 13:00:00,6515.172,6516.583,6507.898,6515.19,1796,181,0,1796
2024-08-19 14:00:00,6515.402,6525.44,6514.273,6522.373,1795,181,0,1795
2024-08-19 15:00:00,6522.524,6529.672,6522.524,6527.466,1796,181,0,1796
2024-08-19 16:00:00,6527.483,6537.965,6525.593,6526.827,1796,181,0,1796
2024-08-19 17:00:00,6526.743,6531.641,6519.128,6519.424,1795,181,0,1795
2024-08-19 18:00:00,6519.482,6526.035,6517.603,6525.477,1800,181,0,1800
2024-08-19 19:00:00,6525.392,6533.085,6525.245,6530.35,1793,181,0,1793
2024-08-19 20:00:00,6530.288,6532.205,6524.039,6524.544,1796,181,0,1796
2024-08-19 21:00:00,6524.54,6532.582,6520.248,6527.59,1797,181,0,1797
2024-08-19 22:00:00,6527.833,6531.76,6523.364,6525.351,1795,181,0,1795
2024-08-19 23:00:00,6525.565,6531.9,6520.79,6524.5,1794,181,0,1794
2024-08-20 00:00:00,6524.445,6537.998,6523.648,6532.802,1795,181,0,1795
2024-08-20 01:00:00,6532.486,6545.023,6532.005,6545.023,1795,181,0,1795
2024-08-20 02:00:00,6544.541,6544.554,6532.803,6535.879,1793,181,0,1793
2024-08-20 03:00:00,6536.061,6537.191,6525.554,6530.371,1788,181,0,1788
2024-08-20 04:00:00,6530.225,6538.058,6526.824,6532.802,1793,181,0,1793
2024-08-20 05:00:00,6532.954,6535.831,6525.635,6532.754,1797,181,0,1797
2024-08-20 06:00:00,6532.744,6536.932,6530.054,6531.951,1792,181,0,1792
2024-08-20 07:00:00,6531.736,6540.592,6528.555,6532.103,1797,181,0,1797
2024-08-20 08:00:00,6531.809,6534.15,6522.251,6523.622,1796,181,0,1796
2024-08-20 09:00:00,6523.59,6526.052,6516.723,6525.794,1796,181,0,1796
2024-08-20 10:00:00,6525.758,6526.652,6512.709,6518.278,1797,181,0,1797
2024-08-20 11:00:00,6518.401,6524.089,6516.453,6522.742,1792,181,0,1792
2024-08-20 12:00:00,6522.854,6524.498,6516.909,6517.644,1794,181,0,1794
2024-08-20 13:00:00,6517.838,6519.928,6513.567,6516.569,1792,181,0,1792
2024-08-20 14:00:00,6516.699,6524.796,6515.412,6524.114,1796,181,0,1796
2024-08-20 15:00:00,6524.32,6524.683,6510.546,6512.595,1795,181,0,1795
2024-08-20 16:00:00,6512.491,6518.444,6509.578,6518.098,1796,181,0,1796
2024-08-20 17:00:00,6517.96,6525.855,6516.237,6517.89,1799,181,0,1799
2024-08-20 18:00:00,6517.88,6526.606,6515.938,6518.168,1792,181,0,1792
2024-08-20 19:00:00,6517.851,6521.553,6513.821,6521.409,1795,181,0,1795
2024-08-20 20:00:00,6521.219,6535.399,6519.496,6534.496,1793,181,0,1793
2024-08-20 21:00:00,6534.573,6549.468,6532.013,6548.186,1797,181,0,1797
2024-08-20 22:00:00,6548.332,6548.534,6536.462,6536.782,1796,181,0,1796
2024-08-20 23:00:00,6536.773,6539.85,6529.69,6531.227,1800,181,0,1800
2024-08-21 00:00:00,6531.039,6536.976,6528.337,6536.025,1791,181,0,1791
2024-08-21 01:00:00,6536.296,6541.718,6535.347,6536.656,1797,181,0,1797
2024-08-21 02:00:00,6537.212,6546.237,6536.258,6537.704,1794,181,0,1794
2024-08-21 03:00:00,6537.87,6549.582,6537.864,6547.672,1795,181,0,1795
2024-08-21 04:00:00,6547.885,6551.679,6541.572,6541.676,1797,181,0,1797
2024-08-21 05:00:00,6541.734,6544.461,6530.668,6539.657,1794,181,0,1794
2024-08-21 06:00:00,6539.797,6545.712,6537.347,6540.207,1794,181,0,1794
2024-08-21 07:00:00,6540.271,6541.06,6527.84,6529.363,1795,181,0,1795
2024-08-21 08:00:00,6529.534,6531.875,6518.695,6520.177,1796,181,0,1796
2024-08-21 09:00:00,6519.888,6520.096,6510.902,6511.512,1797,181,0,1797
2024-08-21 10:00:00,6511.53,6528.956,6509.412,6525.362,1793,181,0,1793
2024-08-21 11:00:00,6525.222,6536.621,6524.116,6533.529,1795,181,0,1795
2024-08-21 12:00:00,6533.344,6538.674,6526.845,6536.403,1795,181,0,1795
2024-08-21 13:00:00,6536.614,6538.468,6521.996,6522.847,1797,181,0,1797
2024-08-21 14:00:00,6522.921,6534.316,6522.367,6530.807,1797,181,0,1797
2024-08-21 15:00:00,6530.955,6530.955,6521.611,6523.406,1796,181,0,1796
2024-08-21 16:00:00,6523.562,6529.724,6517.377,6529.724,1797,181,0,1797
2024-08-21 17:00:00,6529.676,6535.036,6523.094,6528.08,1797,181,0,1797
2024-08-21 18:00:00,6528.216,6529.942,6520.158,6526.12,1795,181,0,1795
2024-08-21 19:00:00,6525.953,6525.953,6518.585,6519.054,1797,181,0,1797
2024-08-21 20:00:00,6519.337,6530.608,6519.14,6529.63,1796,181,0,1796
2024-08-21 21:00:00,6529.488,6530.103,6519.669,6524.24,1794,181,0,1794
2024-08-21 22:00:00,6524.215,6526.537,6514.198,6519.836,1798,181,0,1798
2024-08-21 23:00:00,6519.784,6529.724,6515.304,6524.716,1796,181,0,1796
2024-08-22 00:00:00,6524.753,6525.31,6517.461,6519.17,1796,181,0,1796
2024-08-22 01:00:00,6519.413,6519.938,6505.88,6506.065,1795,181,0,1795
2024-08-22 02:00:00,6505.869,6507.551,6498.969,6503.798,1791,181,0,1791
2024-08-22 03:00:00,6503.913,6507.559,6499.748,6506.008,1793,181,0,1793
2024-08-22 04:00:00,6505.924,6516.593,6505.373,6513.995,1798,181,0,1798
2024-08-22 05:00:00,6514.027,6521.48,6513.797,6520.421,1795,181,0,1795
2024-08-22 06:00:00,6520.244,6526.83,6516.756,6525.132,1797,181,0,1797
2024-08-22 07:00:00,6525.11,6532.962,6521.472,6531.358,1795,181,0,1795
2024-08-22 08:00:00,6531.492,6539.446,6530.152,6531.198,1798,181,0,1798
2024-08-22 09:00:00,6531.097,6539.31,6529.135,6538.834,1795,181,0,1795
2024-08-22 10:00:00,6538.791,6547.707,6536.34,6546.823,1792,181,0,1792
2024-08-22 11:00:00,6546.832,6548.923,6539.859,6548.112,1796,181,0,1796
2024-08-22 12:00:00,6548.319,6551.882,6542.554,6545.517,1792,181,0,1792
2024-08-22 13:00:00,6545.684,6545.977,6539.705,6541.004,1793,181,0,1793
2024-08-22 14:00:00,6540.832,6542.168,6532.63,6539.571,1793,181,0,1793
2024-08-22 15:00:00,6539.386,6542.629,6534.514,6541.905,1793,181,0,1793
2024-08-22 16:00:00,6541.794,6543.384,6528.864,6530.944,1794,181,0,1794
2024-08-22 17:00:00,6531.007,6538.328,6529.354,6537.921,1796,181,0,1796
2024-08-22 18:00:00,6537.968,6540.107,6529.15,6529.15,1792,181,0,1792
2024-08-22 19:00:00,6529.264,6533.842,6525.812,6525.812,1795,181,0,1795
2024-08-22 20:00:00,6525.876,6535.238,6522.003,6530.889,1794,181,0,1794
2024-08-22 21:00:00,6531.012,6535.973,6522.833,6523.91,1795,181,0,1795
2024-08-22 22:00:00,6523.915,6523.915,6514.439,6515.83,1777,181,0,1777
2024-08-22 23:00:00,6515.836,6516.368,6509.252,6511.479,1797,181,0,1797
2024-08-23 00:00:00,6511.717,6523.412,6510.694,6523.412,1795,181,0,1795
2024-08-23 01:00:00,6523.268,6531.396,6522.841,6530.394,1795,181,0,1795
2024-08-23 02:00:00,6530.23,6548.069,6528.65,6546.701,1788,181,0,1788
2024-08-23 03:00:00,6546.702,6554.974,6544.351,6546.597,1795,181,0,1795
2024-08-23 04:00:00,6546.702,6554.539,6546.025,6553.999,1794,181,0,1794
2024-08-23 05:00:00,6553.906,6556.942,6549.266,6553.982,1793,181,0,1793
2024-08-23 06:00:00,6553.97,6565.768,6550.834,6563.804,1795,181,0,1795
2024-08-23 07:00:00,6563.633,6570.373,6563.101,6565.421,1793,181,0,1793
2024-08-23 08:00:00,6565.405,6567.25,6554.964,6555.188,1791,181,0,1791
2024-08-23 09:00:00,6555.198,6555.198,6545.681,6545.707,1795,181,0,1795
2024-08-23 10:00:00,6545.811,6546.195,6529.187,6532.619,1796,181,0,1796
2024-08-23 11:00:00,6532.637,6534.567,6527.225,6531.902,1795,181,0,1795
2024-08-23 12:00:00,6531.824,6539.622,6529.795,6536.317,1796,181,0,1796
2024-08-23 13:00:00,6536.34,6539.276,6531.141,6532.052,1798,181,0,1798
2024-08-23 14:00:00,6532.303,6532.688,6521.41,6524.832,1794,181,0,1794
2024-08-23 15:00:00,6525.126,6526.387,6511.513,6515.304,1773,181,0,1773
2024-08-23 16:00:00,6515.272,6519.083,6511.166,6518.234,1796,181,0,1796
2024-08-23 17:00:00,6518.269,6519.628,6511.338,6513.944,1789,181,0,1789
2024-08-23 18:00:00,6514.169,6514.212,6505.761,6508.589,1797,181,0,1797
2024-08-23 19:00:00,6508.627,6509.61,6502.049,6505.892,1796,181,0,1796
2024-08-23 20:00:00,6506.235,6512.105,6504.616,6506.377,1795,181,0,1795
2024-08-23 21:00:00,6506.331,6508.698,6498.428,6501.811,1797,181,0,1797
2024-08-23 22:00:00,6501.851,6508.658,6497.758,6508.634,1797,181,0,1797
2024-08-23 23:00:00,6508.611,6511.904,6504.935,6509.4,1793,181,0,1793
2024-08-24 00:00:00,6508.945,6514.687,6507.365,6510.419,1798,181,0,1798
2024-08-24 01:00:00,6510.17,6512.799,6504.57,6505.004,1798,181,0,1798
2024-08-24 02:00:00,6505.02,6509.155,6498.725,6499.508,1796,181,0,1796
2024-08-24 03:00:00,6499.508,6500.004,6477.565,6477.573,1795,181,0,1795
2024-08-24 04:00:00,6477.652,6479.507,6471.737,6472.22,1796,181,0,1796
2024-08-24 05:00:00,6472.142,6474.982,6469.746,6472.341,1794,181,0,1794
2024-08-24 06:00:00,6472.449,6481.203,6470.941,6472.319,1794,181,0,1794
2024-08-24 07:00:00,6472.366,6485.376,6470.684,6483.783,1797,181,0,1797
2024-08-24 08:00:00,6483.836,6489.591,6483.411,6487.972,1795,181,0,1795
2024-08-24 09:00:00,6488.068,6491.681,6484.028,6487.228,1797,181,0,1797
2024-08-24 10:00:00,6487.111,6487.116,6475.043,6475.479,1793,181,0,1793
2024-08-24 11:00:00,6475.67,6478.456,6469.958,6477.094,1793,181,0,1793
2024-08-24 12:00:00,6477.386,6480.75,6473.047,6478.451,1797,181,0,1797
2024-08-24 13:00:00,6478.359,6480.197,6470.524,6471.196,1793,181,0,1793
2024-08-24 14:00:00,6471.001,6478.963,6467.758,6477.381,1795,181,0,1795
2024-08-24 15:00:00,6477.368,6481.417,6473.128,6474.01,1798,181,0,1798
2024-08-24 16:00:00,6473.796,6477.84,6471.081,6474.535,1797,181,0,1797
2024-08-24 17:00:00,6474.488,6487.831,6472.588,6486.0,1794,181,0,1794
2024-08-24 18:00:00,6486.36,6486.959,6469.382,6470.788,1798,181,0,1798
2024-08-24 19:00:00,6470.632,6479.593,6469.915,6476.006,1795,181,0,1795
2024-08-24 20:00:00,6475.693,6485.561,6475.232,6481.897,1796,181,0,1796
2024-08-24 21:00:00,6481.805,6484.076,6474.856,6474.856,1797,181,0,1797
2024-08-24 22:00:00,6474.929,6480.661,6473.844,6474.107,1794,181,0,1794
2024-08-24 23:00:00,6474.031,6476.586,6468.974,6474.582,1795,181,0,1795
2024-08-25 00:00:00,6474.7,6482.289,6473.011,6479.573,1795,181,0,1795
2024-08-25 01:00:00,6479.394,6483.588,6470.036,6472.571,1794,181,0,1794
2024-08-25 02:00:00,6472.367,6473.903,6467.844,6469.968,1796,181,0,1796
2024-08-25 03:00:00,6470.053,6479.415,6469.24,6478.644,1797,181,0,1797
2024-08-25 04:00:00,6478.491,6483.396,6476.104,6477.619,1797,181,0,1797
2024-08-25 05:00:00,6477.61,6477.789,6467.461,6474.035,1796,181,0,1796
2024-08-25 06:00:00,6473.797,6476.236,6471.216,6471.58,1798,181,0,1798
2024-08-25 07:00:00,6471.51,6474.673,6466.714,6474.673,1797,181,0,1797
2024-08-25 08:00:00,6474.731,6475.047,6461.121,6462.831,1795,181,0,1795
2024-08-25 09:00:00,6462.75,6471.692,6461.877,6468.898,1796,181,0,1796
2024-08-25 10:00:00,6468.951,6483.815,6467.95,6483.491,1797,181,0,1797
2024-08-25 11:00:00,6483.351,6493.721,6482.726,6486.443,1794,181,0,1794
2024-08-25 12:00:00,6486.13,6497.185,6483.972,6497.185,1796,181,0,1796
2024-08-25 13:00:00,6497.203,6499.546,6484.764,6493.558,1795,181,0,1795
2024-08-25 14:00:00,6493.319,6500.871,6492.167,6493.607,1794,181,0,1794
2024-08-25 15:00:00,6493.641,6501.28,6488.469,6495.917,1796,181,0,1796
2024-08-25 16:00:00,6495.96,6506.549,6494.619,6504.874,1795,181,0,1795
2024-08-25 17:00:00,6504.948,6511.174,6500.795,6505.189,1796,181,0,1796
2024-08-25 18:00:00,6505.364,6506.985,6500.038,6504.739,1795,181,0,1795
2024-08-25 19:00:00,6505.028,6515.945,6504.144,6515.777,1795,181,0,1795
2024-08-25 20:00:00,6515.897,6518.224,6511.604,6516.387,1797,181,0,1797
2024-08-25 21:00:00,6516.264,6521.269,6512.478,6513.907,1794,181,0,1794
2024-08-25 22:00:00,6514.129,6521.042,6502.415,6502.57,1796,181,0,1796
2024-08-25 23:00:00,6502.326,6506.882,6500.894,6503.94,1793,181,0,1793
2024-08-26 00:00:00,6503.687,6510.02,6502.964,6509.114,1799,181,0,1799
2024-08-26 01:00:00,6509.074,6510.412,6494.887,6495.665,1795,181,0,1795
2024-08-26 02:00:00,6495.358,6501.591,6491.963,6498.902,1796,181,0,1796
2024-08-26 03:00:00,6498.826,6505.458,6493.676,6493.676,1797,181,0,1797
2024-08-26 04:00:00,6493.579,6495.969,6489.348,6490.262,1799,181,0,1799
2024-08-26 05:00:00,6490.226,6491.134,6477.825,6482.588,1795,181,0,1795
2024-08-26 06:00:00,6482.45,6485.849,6477.173,6480.385,1796,181,0,1796
2024-08-26 07:00:00,6480.512,6482.978,6474.008,6475.361,1796,181,0,1796
2024-08-26 08:00:00,6475.371,6477.393,6461.145,6467.714,1798,181,0,1798
2024-08-26 09:00:00,6467.481,6475.679,6465.589,6474.625,1799,181,0,1799
2024-08-26 10:00:00,6474.725,6477.534,6464.452,6467.64,1799,181,0,1799
2024-08-26 11:00:00,6467.669,6471.86,6463.743,6463.812,1795,179,0,1795
2024-08-26 12:00:00,6464.166,6465.142,6448.3,6449.478,1797,179,0,1797
2024-08-26 13:00:00,6449.396,6451.584,6435.67,6438.082,1798,179,0,1798
2024-08-26 14:00:00,6438.301,6453.316,6438.301,6449.76,1795,179,0,1795
2024-08-26 15:00:00,6449.815,6450.865,6442.501,6448.566,1796,179,0,1796
2024-08-26 16:00:00,6448.661,6456.767,6447.349,6453.347,1796,179,0,1796
2024-08-26 17:00:00,6453.371,6457.771,6448.526,6455.675,1795,179,0,1795
2024-08-26 18:00:00,6455.62,6456.946,6445.403,6448.539,1796,179,0,1796
2024-08-26 19:00:00,6448.36,6458.454,6441.783,6457.868,1794,179,0,1794
2024-08-26 20:00:00,6457.908,6461.074,6446.266,6449.507,1797,179,0,1797
2024-08-26 21:00:00,6449.676,6461.296,6444.505,6460.75,1795,179,0,1795
2024-08-26 22:00:00,6460.786,6467.549,6454.778,6459.863,1798,179,0,1798
2024-08-26 23:00:00,6459.873,6468.238,6459.612,6463.649,1795,179,0,1795
2024-08-27 00:00:00,6463.527,6463.527,6456.517,6460.593,1797,179,0,1797
2024-08-27 01:00:00,6460.825,6476.359,6458.486,6475.001,1796,179,0,1796
2024-08-27 02:00:00,6475.079,6475.424,6467.55,6472.376,1791,179,0,1791
2024-08-27 03:00:00,6472.183,6476.636,6469.275,6474.287,1798,179,0,1798
2024-08-27 04:00:00,6474.227,6478.81,6471.257,6478.414,1795,179,0,1795
2024-08-27 05:00:00,6478.667,6489.63,6473.921,6487.552,1798,179,0,1798
2024-08-27 06:00:00,6487.325,6489.053,6478.65,6481.335,1794,179,0,1794
2024-08-27 07:00:00,6481.468,6491.55,6477.005,6488.969,1796,179,0,1796
2024-08-27 08:00:00,6489.009,6490.773,6482.013,6487.944,1795,179,0,1795
2024-08-27 09:00:00,6487.539,6493.588,6480.723,6480.831,1795,179,0,1795
2024-08-27 10:00:00,6480.714,6488.02,6474.004,6485.204,1798,179,0,1798
2024-08-27 11:00:00,6485.06,6485.701,6471.063,6475.015,1798,179,0,1798
2024-08-27 12:00:00,6475.128,6475.985,6463.392,6470.146,1793,179,0,1793
2024-08-27 13:00:00,6469.956,6471.404,6462.51,6463.895,1795,179,0,1795
2024-08-27 14:00:00,6463.806,6467.397,6458.991,6467.152,1799,179,0,1799
2024-08-27 15:00:00,6467.204,6473.76,6466.087,6473.76,1794,179,0,1794
2024-08-27 16:00:00,6473.923,6485.784,6471.218,6485.614,1798,179,0,1798
2024-08-27 17:00:00,6485.686,6487.248,6480.127,6480.369,1793,179,0,1793
2024-08-27 18:00:00,6480.446,6486.819,6479.672,6482.782,1798,179,0,1798
2024-08-27 19:00:00,6483.028,6493.731,6483.028,6490.059,1799,179,0,1799
2024-08-27 20:00:00,6489.819,6496.125,6485.452,6486.367,1793,179,0,1793
2024-08-27 21:00:00,6486.411,6486.884,6477.162,6478.918,1798,179,0,1798
2024-08-27 22:00:00,6478.837,6485.449,6476.0,6485.307,1797,179,0,1797
2024-08-27 23:00:00,6485.334,6488.227,6482.286,6485.591,1798,179,0,1798
2024-08-28 00:00:00,6485.674,6488.59,6482.093,6486.541,1797,179,0,1797
2024-08-28 01:00:00,6486.549,6502.087,6486.533,6500.807,1790,179,0,1790
2024-08-28 02:00:00,6500.989,6502.907,6492.955,6493.172,1797,179,0,1797
2024-08-28 03:00:00,6493.249,6496.189,6489.762,6492.191,1797,179,0,1797
2024-08-28 04:00:00,6491.974,6505.884,6490.411,6505.627,1796,179,0,1796
2024-08-28 05:00:00,6505.438,6508.905,6499.474,6508.388,1794,179,0,1794
2024-08-28 06:00:00,6508.253,6509.94,6494.891,6495.848,1794,179,0,1794
2024-08-28 07:00:00,6495.6,6499.766,6492.599,6494.412,1799,179,0,1799
2024-08-28 08:00:00,6494.316,6494.494,6470.325,6473.835,1793,179,0,1793
2024-08-28 09:00:00,6473.892,6477.168,6468.65,6472.214,1794,179,0,1794
2024-08-28 10:00:00,6472.351,6479.428,6470.253,6472.009,1798,179,0,1798
2024-08-28 11:00:00,6472.055,6481.55,6470.939,6471.048,1794,179,0,1794
2024-08-28 12:00:00,6471.153,6476.225,6466.056,6471.604,1797,179,0,1797
2024-08-28 13:00:00,6471.236,6482.44,6466.01,6482.14,1796,179,0,1796
2024-08-28 14:00:00,6482.309,6489.028,6476.134,6488.006,1798,179,0,1798
2024-08-28 15:00:00,6488.078,6490.158,6480.331,6484.277,1796,179,0,1796
2024-08-28 16:00:00,6484.314,6488.119,6476.174,6478.058,1795,179,0,1795
2024-08-28 17:00:00,6478.21,6485.43,6475.113,6476.551,1795,179,0,1795
2024-08-28 18:00:00,6476.564,6477.246,6466.456,6467.201,1797,179,0,1797
2024-08-28 19:00:00,6467.106,6479.846,6464.888,6472.956,1793,179,0,1793
2024-08-28 20:00:00,6472.853,6479.708,6468.295,6477.554,1798,179,0,1798
2024-08-28 21:00:00,6477.679,6482.537,6470.819,6473.431,1798,179,0,1798
2024-08-28 22:00:00,6473.53,6480.762,6471.01,6476.116,1796,179,0,1796
2024-08-28 23:00:00,6476.164,6479.627,6468.016,6469.775,1790,179,0,1790
2024-08-29 00:00:00,6469.677,6485.11,6469.336,6484.395,1795,179,0,1795
2024-08-29 01:00:00,6484.52,6488.61,6479.754,6486.73,1794,179,0,1794
2024-08-29 02:00:00,6486.614,6496.644,6486.057,6494.025,1794,179,0,1794
2024-08-29 03:00:00,6493.781,6496.176,6488.614,6490.195,1797,179,0,1797
2024-08-29 04:00:00,6490.155,6491.652,6483.5,6489.108,1791,179,0,1791
2024-08-29 05:00:00,6489.203,6501.086,6487.613,6500.123,1797,179,0,1797
2024-08-29 06:00:00,6500.543,6503.145,6491.433,6492.746,1796,179,0,1796
2024-08-29 07:00:00,6492.694,6500.818,6486.174,6486.842,1792,179,0,1792
2024-08-29 08:00:00,6486.718,6493.656,6482.819,6485.609,1797,179,0,1797
2024-08-29 09:00:00,6485.55,6492.391,6485.063,6488.817,1794,179,0,1794
2024-08-29 10:00:00,6488.897,6504.972,6487.65,6503.702,1797,179,0,1797
2024-08-29 11:00:00,6503.837,6506.317,6493.153,6494.167,1792,179,0,1792
2024-08-29 12:00:00,6494.166,6501.981,6492.009,6497.939,1797,179,0,1797
2024-08-29 13:00:00,6498.126,6509.068,6497.247,6508.607,1796,179,0,1796
2024-08-29 14:00:00,6508.487,6509.097,6502.976,6502.976,1796,179,0,1796
2024-08-29 15:00:00,6503.014,6507.288,6494.466,6499.065,1796,179,0,1796
2024-08-29 16:00:00,6499.198,6504.718,6497.885,6502.758,1794,179,0,1794
2024-08-29 17:00:00,6503.083,6505.823,6496.264,6498.003,1798,179,0,1798
2024-08-29 18:00:00,6497.822,6503.689,6495.461,6500.37,1796,179,0,1796
2024-08-29 19:00:00,6500.296,6511.256,6498.709,6506.141,1792,179,0,1792
2024-08-29 20:00:00,6506.334,6514.917,6505.838,6513.818,1795,179,0,1795
2024-08-29 21:00:00,6513.739,6515.983,6508.696,6511.823,1799,179,0,1799
2024-08-29 22:00:00,6512.046,6529.337,6509.503,6529.047,1795,179,0,1795
2024-08-29 23:00:00,6529.134,6532.001,6522.508,6527.126,1799,179,0,1799
2024-08-30 00:00:00,6526.892,6536.929,6526.565,6530.405,1793,179,0,1793
2024-08-30 01:00:00,6530.302,6534.933,6521.399,6529.342,1796,179,0,1796
2024-08-30 02:00:00,6529.485,6534.014,6527.089,6533.549,1795,179,0,1795
2024-08-30 03:00:00,6533.532,6533.903,6512.471,6512.719,1795,179,0,1795
2024-08-30 04:00:00,6512.852,6518.691,6510.988,6518.327,1796,179,0,1796
2024-08-30 05:00:00,6518.336,6523.184,6517.278,6522.071,1794,179,0,1794
2024-08-30 06:00:00,6522.019,6522.145,6515.785,6518.533,1791,179,0,1791
2024-08-30 07:00:00,6518.557,6522.989,6515.861,6518.905,1798,179,0,1798
2024-08-30 08:00:00,6519.059,6521.862,6510.555,6510.99,1798,179,0,1798
2024-08-30 09:00:00,6511.195,6512.327,6502.434,6509.084,1797,179,0,1797
2024-08-30 10:00:00,6508.858,6510.24,6500.024,6502.687,1794,179,0,1794
2024-08-30 11:00:00,6502.593,6513.908,6500.002,6510.406,1792,179,0,1792
2024-08-30 12:00:00,6510.51,6514.757,6507.0,6510.722,1794,179,0,1794
2024-08-30 13:00:00,6510.605,6513.752,6507.324,6513.641,1793,179,0,1793
2024-08-30 14:00:00,6513.584,6525.422,6508.823,6522.572,1797,179,0,1797
2024-08-30 15:00:00,6522.79,6533.283,6520.051,6529.261,1798,179,0,1798
2024-08-30 16:00:00,6529.398,6536.29,6526.02,6534.235,1796,179,0,1796
2024-08-30 17:00:00,6534.451,6541.516,6532.201,6540.873,1794,179,0,1794
2024-08-30 18:00:00,6541.041,6545.015,6536.674,6539.741,1793,179,0,1793
2024-08-30 19:00:00,6539.92,6548.353,6539.238,6545.817,1796,179,0,1796
2024-08-30 20:00:00,6545.573,6549.531,6540.339,6544.502,1797,179,0,1797
2024-08-30 21:00:00,6544.63,6552.619,6538.771,6551.345,1796,179,0,1796
2024-08-30 22:00:00,6551.484,6561.671,6550.711,6558.445,1796,179,0,1796
2024-08-30 23:00:00,6558.355,6563.566,6553.862,6558.825,1799,179,0,1799
2024-08-31 00:00:00,6558.948,6560.149,6548.316,6558.917,1797,179,0,1797
2024-08-31 01:00:00,6559.012,6569.771,6557.953,6565.368,1794,179,0,1794
2024-08-31 02:00:00,6565.318,6576.009,6563.635,6568.041,1795,179,0,1795
2024-08-31 03:00:00,6567.872,6572.566,6562.399,6569.293,1793,179,0,1793
2024-08-31 04:00:00,6569.118,6572.429,6560.377,6568.944,1790,179,0,1790
2024-08-31 05:00:00,6568.623,6580.532,6568.591,6574.876,1797,179,0,1797
2024-08-31 06:00:00,6574.578,6582.699,6570.912,6578.432,1796,179,0,1796
2024-08-31 07:00:00,6578.73,6593.584,6578.188,6591.295,1797,179,0,1797
2024-08-31 08:00:00,6591.003,6597.417,6589.411,6594.09,1795,179,0,1795
2024-08-31 09:00:00,6593.997,6597.537,6591.468,6594.643,1792,179,0,1792
2024-08-31 10:00:00,6594.743,6597.266,6588.956,6591.593,1799,179,0,1799
2024-08-31 11:00:00,6591.62,6593.721,6584.494,6591.002,1796,179,0,1796
2024-08-31 12:00:00,6590.848,6595.732,6587.849,6588.999,1795,179,0,1795
2024-08-31 13:00:00,6588.987,6598.426,6587.914,6597.715,1795,179,0,1795
2024-08-31 14:00:00,6597.386,6610.694,6593.109,6608.449,1795,179,0,1795
2024-08-31 15:00:00,6608.669,6617.643,6608.16,6616.938,1796,179,0,1796
2024-08-31 16:00:00,6617.184,6622.159,6609.072,6611.323,1797,179,0,1797
2024-08-31 17:00:00,6611.177,6613.517,6606.775,6609.638,1799,179,0,1799
2024-08-31 18:00:00,6609.575,6615.576,6606.578,6614.383,1799,179,0,1799
2024-08-31 19:00:00,6614.502,6621.296,6614.167,6620.024,1794,179,0,1794
2024-08-31 20:00:00,6620.382,6622.128,6611.908,6612.072,1795,179,0,1795
2024-08-31 21:00:00,6612.244,6613.813,6606.486,6611.433,1796,179,0,1796
2024-08-31 22:00:00,6611.498,6623.479,6611.498,6619.876,1797,179,0,1797
2024-08-31 23:00:00,6619.533,6622.485,6616.344,6616.875,1796,179,0,1796
2024-09-01 00:00:00,6616.718,6617.294,6606.665,6611.34,1794,179,0,1794
2024-09-01 01:00:00,6611.717,6621.719,6610.677,6619.851,1794,179,0,1794
2024-09-01 02:00:00,6619.72,6623.517,6608.043,6617.956,1796,179,0,1796
2024-09-01 03:00:00,6617.929,6620.033,6611.944,6619.635,1795,179,0,1795
2024-09-01 04:00:00,6619.533,6623.434,6616.448,6619.433,1793,179,0,1793
2024-09-01 05:00:00,6619.393,6622.97,6614.191,6616.985,1796,179,0,1796
2024-09-01 06:00:00,6617.175,6625.974,6614.088,6625.5,1798,179,0,1798
2024-09-01 07:00:00,6625.221,6626.785,6619.464,6625.359,1797,179,0,1797
2024-09-01 08:00:00,6625.369,6630.315,6620.969,6621.107,1794,179,0,1794
2024-09-01 09:00:00,6621.0,6637.392,6621.0,6636.233,1797,179,0,1797
2024-09-01 10:00:00,6636.403,6637.096,6625.442,6630.548,1796,179,0,1796
2024-09-01 11:00:00,6630.677,6636.482,6629.785,6631.724,1794,179,0,1794
2024-09-01 12:00:00,6631.935,6634.603,6626.767,6628.647,1797,179,0,1797
2024-09-01 13:00:00,6628.797,6635.117,6626.924,6631.038,1796,179,0,1796
2024-09-01 14:00:00,6631.165,6639.466,6630.274,6639.294,1798,179,0,1798
2024-09-01 15:00:00,6639.197,6644.491,6633.957,6640.97,1797,179,0,1797
2024-09-01 16:00:00,6640.988,6642.305,6623.954,6625.47,1795,179,0,1795
2024-09-01 17:00:00,6625.695,6625.74,6611.744,6617.911,1795,179,0,1795
2024-09-01 18:00:00,6618.021,6625.307,6614.597,6618.214,1794,179,0,1794
2024-09-01 19:00:00,6617.997,6625.466,6617.425,6623.309,1798,179,0,1798
2024-09-01 20:00:00,6623.046,6636.088,6623.026,6627.864,1793,179,0,1793
2024-09-01 21:00:00,6627.886,6629.836,6611.894,6613.539,1798,179,0,1798
2024-09-01 22:00:00,6613.618,6615.145,6592.878,6593.694,1798,179,0,1798
2024-09-01 23:00:00,6593.741,6596.359,6587.995,6591.818,1798,179,0,1798
2024-09-02 00:00:00,6592.013,6594.941,6578.135,6580.449,1796,179,0,1796
2024-09-02 01:00:00,6580.412,6581.639,6568.528,6568.75,1797,179,0,1797
2024-09-02 02:00:00,6568.834,6572.676,6566.246,6566.517,1796,179,0,1796
2024-09-02 03:00:00,6566.712,6575.353,6564.163,6574.051,1798,179,0,1798
2024-09-02 04:00:00,6574.175,6574.175,6566.267,6570.392,1796,179,0,1796
2024-09-02 05:00:00,6570.463,6578.374,6568.775,6575.737,1792,179,0,1792
2024-09-02 06:00:00,6575.702,6578.23,6564.661,6564.661,1798,179,0,1798
2024-09-02 07:00:00,6564.665,6567.936,6559.483,6567.679,1791,179,0,1791
2024-09-02 08:00:00,6567.653,6572.422,6551.06,6552.346,1798,179,0,1798
2024-09-02 09:00:00,6552.487,6559.131,6552.133,6553.824,1798,179,0,1798
2024-09-02 10:00:00,6553.929,6563.663,6552.892,6560.376,1798,179,0,1798
2024-09-02 11:00:00,6560.502,6561.021,6552.55,6558.399,1796,179,0,1796
2024-09-02 12:00:00,6558.692,6577.769,6558.149,6568.587,1795,179,0,1795
2024-09-02 13:00:00,6568.705,6585.711,6567.788,6579.265,1797,179,0,1797
2024-09-02 14:00:00,6579.289,6584.937,6571.662,6581.562,1796,179,0,1796
2024-09-02 15:00:00,6581.849,6583.781,6566.971,6567.289,1797,179,0,1797
2024-09-02 16:00:00,6567.136,6570.831,6558.398,6561.763,1797,179,0,1797
2024-09-02 17:00:00,6561.474,6568.094,6557.839,6567.523,1793,179,0,1793
2024-09-02 18:00:00,6567.753,6579.294,6567.753,6577.718,1797,179,0,1797
2024-09-02 19:00:00,6577.578,6581.877,6570.037,6570.652,1797,179,0,1797
2024-09-02 20:00:00,6570.542,6578.151,6567.62,6572.497,1798,179,0,1798
2024-09-02 21:00:00,6572.547,6578.268,6558.661,6564.086,1795,179,0,1795
2024-09-02 22:00:00,6564.084,6572.836,6562.912,6564.735,1796,179,0,1796
2024-09-02 23:00:00,6564.684,6568.751,6562.171,6562.404,1790,179,0,1790
2024-09-03 00:00:00,6562.402,6571.041,6558.764,6559.748,1796,179,0,1796
2024-09-03 01:00:00,6559.557,6567.914,6559.311,6560.356,1797,179,0,1797
2024-09-03 02:00:00,6560.647,6565.751,6559.131,6565.092,1797,179,0,1797
2024-09-03 03:00:00,6565.1,6571.009,6560.648,6565.948,1796,179,0,1796
2024-09-03 04:00:00,6565.951,6570.085,6563.851,6569.804,1794,179,0,1794
2024-09-03 05:00:00,6569.699,6575.452,6564.596,6566.893,1798,179,0,1798
2024-09-03 06:00:00,6567.002,6569.529,6561.444,6564.94,1799,179,0,1799
2024-09-03 07:00:00,6564.769,6576.284,6562.571,6567.973,1799,179,0,1799
2024-09-03 08:00:00,6568.122,6572.194,6565.054,6567.901,1794,179,0,1794
2024-09-03 09:00:00,6567.794,6573.01,6560.206,6572.02,1795,179,0,1795
2024-09-03 10:00:00,6571.8,6579.024,6568.19,6568.494,1800,182,0,1800
2024-09-03 11:00:00,6568.321,6576.23,6563.848,6566.093,1795,182,0,1795
2024-09-03 12:00:00,6565.994,6579.682,6565.767,6573.724,1796,182,0,1796
2024-09-03 13:00:00,6573.887,6590.245,6570.914,6589.331,1797,182,0,1797
2024-09-03 14:00:00,6589.084,6595.953,6585.227,6590.558,1798,182,0,1798
2024-09-03 15:00:00,6590.613,6592.362,6580.684,6586.742,1798,182,0,1798
2024-09-03 16:00:00,6586.634,6589.107,6580.561,6580.959,1799,182,0,1799
2024-09-03 17:00:00,6580.906,6590.353,6578.196,6587.916,1794,182,0,1794
2024-09-03 18:00:00,6587.852,6596.854,6587.055,6596.224,1792,182,0,1792
2024-09-03 19:00:00,6596.211,6602.069,6592.352,6599.469,1799,182,0,1799
2024-09-03 20:00:00,6599.4,6606.938,6590.461,6594.418,1795,182,0,1795
2024-09-03 21:00:00,6594.225,6594.234,6584.152,6590.757,1799,182,0,1799
2024-09-03 22:00:00,6590.717,6591.752,6583.92,6585.733,1794,182,0,1794
2024-09-03 23:00:00,6585.652,6591.137,6582.614,6584.811,1795,182,0,1795
2024-09-04 00:00:00,6584.624,6606.945,6583.645,6605.601,1793,182,0,1793
2024-09-04 01:00:00,6605.409,6605.478,6594.475,6595.655,1794,182,0,1794
2024-09-04 02:00:00,6595.541,6599.441,6593.441,6594.374,1798,182,0,1798
2024-09-04 03:00:00,6594.414,6603.186,6590.308,6601.863,1793,182,0,1793
2024-09-04 04:00:00,6602.066,6608.963,6597.2,6600.555,1793,182,0,1793
2024-09-04 05:00:00,6600.771,6610.425,6600.036,6607.935,1797,182,0,1797
2024-09-04 06:00:00,6608.131,6620.61,6607.215,6617.911,1796,182,0,1796
2024-09-04 07:00:00,6617.888,6621.057,6609.345,6610.972,1797,182,0,1797
2024-09-04 08:00:00,6610.815,6619.189,6608.324,6610.706,1795,182,0,1795
2024-09-04 09:00:00,6611.245,6613.666,6600.368,6600.598,1797,182,0,1797
2024-09-04 10:00:00,6600.407,6600.52,6591.418,6592.098,1797,182,0,1797
2024-09-04 11:00:00,6592.251,6602.99,6592.136,6596.612,1796,182,0,1796
2024-09-04 12:00:00,6596.802,6599.982,6590.621,6594.869,1793,182,0,1793
2024-09-04 13:00:00,6594.759,6597.739,6587.758,6595.236,1796,182,0,1796
2024-09-04 14:00:00,6594.967,6597.781,6584.173,6586.314,1793,182,0,1793
2024-09-04 15:00:00,6586.184,6586.184,6572.409,6578.635,1795,182,0,1795
2024-09-04 16:00:00,6578.454,6584.317,6574.955,6583.033,1795,182,0,1795
2024-09-04 17:00:00,6583.549,6592.752,6579.807,6590.571,1797,182,0,1797
2024-09-04 18:00:00,6590.541,6593.138,6580.86,6584.37,1798,182,0,1798
2024-09-04 19:00:00,6584.398,6586.052,6573.706,6575.944,1797,182,0,1797
2024-09-04 20:00:00,6576.218,6577.273,6567.771,6571.846,1798,182,0,1798
2024-09-04 21:00:00,6571.755,6580.912,6570.522,6576.782,1794,182,0,1794
2024-09-04 22:00:00,6576.88,6589.093,6574.421,6588.884,1799,182,0,1799
2024-09-04 23:00:00,6588.801,6588.883,6578.807,6579.034,1793,182,0,1793
2024-09-05 00:00:00,6578.852,6582.376,6567.577,6568.337,1797,182,0,1797
2024-09-05 01:00:00,6568.106,6572.731,6565.665,6568.463,1789,182,0,1789
2024-09-05 02:00:00,6568.616,6568.616,6554.367,6554.411,1797,182,0,1797
2024-09-05 03:00:00,6554.508,6560.684,6551.926,6559.878,1796,182,0,1796
2024-09-05 04:00:00,6559.864,6563.67,6556.401,6559.11,1794,182,0,1794
2024-09-05 05:00:00,6559.122,6560.434,6547.808,6549.765,1800,182,0,1800
2024-09-05 06:00:00,6549.771,6553.026,6544.328,6550.805,1794,182,0,1794
2024-09-05 07:00:00,6551.135,6556.147,6547.801,6555.563,1796,182,0,1796
2024-09-05 08:00:00,6555.362,6560.271,6552.265,6559.88,1798,182,0,1798
2024-09-05 09:00:00,6559.845,6563.523,6553.513,6561.8,1793,182,0,1793
2024-09-05 10:00:00,6561.802,6566.437,6559.022,6565.333,1796,182,0,1796
2024-09-05 11:00:00,6565.227,6580.21,6563.817,6574.66,1797,182,0,1797
2024-09-05 12:00:00,6574.866,6575.753,6554.013,6558.236,1797,182,0,1797
2024-09-05 13:00:00,6558.523,6558.995,6550.745,6551.297,1795,182,0,1795
2024-09-05 14:00:00,6551.145,6556.482,6549.258,6555.383,1793,182,0,1793
2024-09-05 15:00:00,6555.529,6557.387,6550.624,6555.929,1795,182,0,1795
2024-09-05 16:00:00,6555.924,6560.513,6553.036,6556.58,1795,182,0,1795
2024-09-05 17:00:00,6556.714,6569.767,6555.555,6564.686,1798,182,0,1798
2024-09-05 18:00:00,6564.766,6571.925,6563.405,6568.389,1791,182,0,1791
2024-09-05 19:00:00,6568.442,6577.592,6567.265,6568.072,1795,182,0,1795
2024-09-05 20:00:00,6568.256,6573.379,6567.858,6570.369,1799,182,0,1799
2024-09-05 21:00:00,6570.376,6571.83,6560.336,6561.259,1797,182,0,1797
2024-09-05 22:00:00,6561.342,6563.905,6552.138,6560.422,1798,182,0,1798
2024-09-05 23:00:00,6560.21,6568.58,6559.779,6563.154,1796,182,0,1796
2024-09-06 00:00:00,6563.102,6564.815,6556.3,6560.203,1791,182,0,1791
2024-09-06 01:00:00,6560.218,6561.635,6535.143,6540.475,1793,182,0,1793
2024-09-06 02:00:00,6540.306,6542.975,6534.078,6541.671,1796,182,0,1796
2024-09-06 03:00:00,6541.741,6550.796,6537.868,6550.424,1797,182,0,1797
2024-09-06 04:00:00,6550.276,6553.584,6546.523,6546.579,1797,182,0,1797
2024-09-06 05:00:00,6546.509,6554.561,6540.16,6554.247,1797,182,0,1797
2024-09-06 06:00:00,6554.095,6563.788,6553.566,6562.887,1798,182,0,1798
2024-09-06 07:00:00,6562.74,6566.045,6553.243,6553.299,1797,182,0,1797
2024-09-06 08:00:00,6553.296,6554.776,6542.46,6549.413,1798,182,0,1798
2024-09-06 09:00:00,6549.29,6550.567,6535.993,6543.37,1795,182,0,1795
2024-09-06 10:00:00,6543.392,6550.216,6541.134,6548.599,1797,182,0,1797
2024-09-06 11:00:00,6548.593,6552.065,6542.877,6551.928,1799,182,0,1799
2024-09-06 12:00:00,6551.726,6554.771,6543.934,6554.026,1797,182,0,1797
2024-09-06 13:00:00,6553.948,6556.32,6548.486,6551.742,1797,182,0,1797
2024-09-06 14:00:00,6551.726,6554.506,6547.613,6554.375,1797,182,0,1797
2024-09-06 15:00:00,6554.411,6555.536,6547.152,6548.966,1794,182,0,1794
2024-09-06 16:00:00,6549.215,6560.649,6549.107,6552.554,1796,182,0,1796
2024-09-06 17:00:00,6552.486,6554.934,6549.091,6551.631,1794,182,0,1794
2024-09-06 18:00:00,6551.516,6565.981,6549.294,6562.265,1793,182,0,1793
2024-09-06 19:00:00,6562.183,6563.008,6552.463,6554.735,1798,182,0,1798
2024-09-06 20:00:00,6554.712,6557.081,6547.44,6551.822,1795,182,0,1795
2024-09-06 21:00:00,6551.777,6560.561,6548.112,6556.334,1795,182,0,1795
2024-09-06 22:00:00,6556.261,6562.083,6553.527,6560.26,1795,182,0,1795
2024-09-06 23:00:00,6560.498,6573.674,6559.853,6572.445,1792,182,0,1792
2024-09-07 00:00:00,6572.288,6576.53,6566.814,6572.57,1795,182,0,1795
2024-09-07 01:00:00,6572.464,6583.673,6570.244,6582.931,1796,182,0,1796
2024-09-07 02:00:00,6583.134,6593.566,6580.843,6589.065,1795,182,0,1795
2024-09-07 03:00:00,6589.037,6599.482,6587.594,6599.087,1795,182,0,1795
2024-09-07 04:00:00,6599.501,6603.243,6598.146,6601.824,1796,182,0,1796
2024-09-07 05:00:00,6601.939,6607.276,6599.847,6605.482,1794,182,0,1794
2024-09-07 06:00:00,6605.555,6626.383,6600.348,6625.911,1797,182,0,1797
2024-09-07 07:00:00,6625.628,6629.587,6616.442,6617.644,1796,182,0,1796
2024-09-07 08:00:00,6617.798,6626.088,6615.667,6623.782,1795,182,0,1795
2024-09-07 09:00:00,6623.892,6625.461,6618.08,6624.95,1797,182,0,1797
2024-09-07 10:00:00,6624.998,6629.421,6621.347,6622.879,1799,182,0,1799
2024-09-07 11:00:00,6623.044,6635.24,6623.044,6631.945,1795,182,0,1795
2024-09-07 12:00:00,6631.751,6659.224,6630.902,6658.634,1796,182,0,1796
2024-09-07 13:00:00,6658.58,6662.087,6652.12,6654.706,1797,182,0,1797
2024-09-07 14:00:00,6654.87,6655.413,6646.618,6649.866,1796,182,0,1796
2024-09-07 15:00:00,6649.832,6655.213,6648.628,6649.347,1797,182,0,1797
2024-09-07 16:00:00,6649.329,6653.803,6643.501,6650.335,1800,182,0,1800
2024-09-07 17:00:00,6650.334,6651.58,6629.948,6631.184,1796,182,0,1796
2024-09-07 18:00:00,6631.242,6632.951,6623.724,6626.146,1797,182,0,1797
2024-09-07 19:00:00,6626.021,6631.63,6618.393,6623.75,1795,182,0,1795
2024-09-07 20:00:00,6623.744,6629.586,6620.947,6622.532,1793,182,0,1793
2024-09-07 21:00:00,6622.676,6626.997,6618.449,6620.338,1794,182,0,1794
2024-09-07 22:00:00,6620.452,6621.74,6609.051,6621.419,1798,182,0,1798
2024-09-07 23:00:00,6621.207,6631.727,6618.105,6627.998,1791,182,0,1791
2024-09-08 00:00:00,6628.033,6633.796,6621.662,6633.699,1798,182,0,1798
2024-09-08 01:00:00,6633.613,6635.828,6625.005,6634.285,1793,182,0,1793
2024-09-08 02:00:00,6633.998,6643.162,6630.496,6636.223,1798,182,0,1798
2024-09-08 03:00:00,6636.325,6639.14,6629.712,6637.919,1798,182,0,1798
2024-09-08 04:00:00,6637.773,6642.379,6633.264,6640.929,1792,182,0,1792
2024-09-08 05:00:00,6641.13,6648.756,6640.071,6647.21,1795,182,0,1795
2024-09-08 06:00:00,6647.132,6653.1,6646.267,6651.353,1791,182,0,1791
2024-09-08 07:00:00,6651.34,6653.573,6644.727,6652.76,1795,182,0,1795
2024-09-08 08:00:00,6653.206,6657.489,6650.428,6654.356,1800,182,0,1800
2024-09-08 09:00:00,6654.444,6655.058,6647.365,6647.952,1799,182,0,1799
2024-09-08 10:00:00,6648.013,6656.613,6648.009,6652.358,1796,182,0,1796
2024-09-08 11:00:00,6652.636,6666.921,6652.636,6663.056,1798,182,0,1798
2024-09-08 12:00:00,6663.1,6667.468,6661.694,6664.255,1793,182,0,1793
2024-09-08 13:00:00,6664.353,6664.353,6648.791,6652.484,1797,182,0,1797
2024-09-08 14:00:00,6652.543,6654.309,6647.407,6651.48,1797,182,0,1797
2024-09-08 15:00:00,6651.461,6651.829,6638.26,6641.046,1793,182,0,1793
2024-09-08 16:00:00,6640.945,6648.391,6640.45,6645.451,1794,182,0,1794
2024-09-08 17:00:00,6645.726,6646.549,6635.508,6640.449,1799,182,0,1799
2024-09-08 18:00:00,6640.585,6644.617,6636.585,6639.886,1794,182,0,1794
2024-09-08 19:00:00,6639.797,6640.996,6634.075,6636.93,1795,182,0,1795
2024-09-08 20:00:00,6637.016,6640.089,6629.571,6632.917,1794,182,0,1794
2024-09-08 21:00:00,6632.643,6642.069,6631.82,6632.324,1794,182,0,1794
2024-09-08 22:00:00,6632.305,6646.904,6631.566,6646.366,1796,182,0,1796
2024-09-08 23:00:00,6646.155,6650.834,6640.511,6644.824,1796,182,0,1796
2024-09-09 00:00:00,6645.039,6649.98,6639.509,6647.087,1797,182,0,1797
2024-09-09 01:00:00,6646.948,6654.488,6643.861,6648.763,1795,182,0,1795
2024-09-09 02:00:00,6648.874,6654.403,6646.996,6651.343,1792,182,0,1792
2024-09-09 03:00:00,6651.364,6656.754,6642.101,6642.249,1796,182,0,1796
2024-09-09 04:00:00,6642.424,6643.134,6631.26,6639.29,1790,182,0,1790
2024-09-09 05:00:00,6639.247,6641.791,6633.276,6638.518,1796,182,0,1796
2024-09-09 06:00:00,6638.576,6646.955,6632.064,6641.711,1794,182,0,1794
2024-09-09 07:00:00,6641.688,6641.688,6629.745,6638.232,1797,182,0,1797
2024-09-09 08:00:00,6638.347,6645.692,6634.322,6645.52,1794,182,0,1794
2024-09-09 09:00:00,6645.505,6646.463,6639.914,6643.337,1797,182,0,1797
2024-09-09 10:00:00,6643.46,6647.438,6638.637,6645.337,1797,184,0,1797
2024-09-09 11:00:00,6645.289,6646.679,6632.518,6636.868,1795,184,0,1795
2024-09-09 12:00:00,6637.043,6647.512,6635.02,6647.031,1794,184,0,1794
2024-09-09 13:00:00,6646.865,6650.215,6644.043,6647.223,1800,184,0,1800
2024-09-09 14:00:00,6647.154,6656.708,6647.154,6652.955,1796,184,0,1796
2024-09-09 15:00:00,6653.111,6653.645,6638.852,6640.673,1795,184,0,1795
2024-09-09 16:00:00,6640.657,6648.892,6635.115,6648.042,1796,184,0,1796
2024-09-09 17:00:00,6648.04,6653.162,6646.765,6650.385,1797,184,0,1797
2024-09-09 18:00:00,6650.552,6653.884,6647.577,6649.571,1795,184,0,1795
2024-09-09 19:00:00,6649.856,6656.254,6647.227,6655.449,1794,184,0,1794
2024-09-09 20:00:00,6655.43,6655.901,6646.818,6649.933,1798,184,0,1798
2024-09-09 21:00:00,6649.683,6664.212,6649.208,6656.413,1792,184,0,1792
2024-09-09 22:00:00,6656.385,6668.355,6654.303,6666.55,1795,184,0,1795
2024-09-09 23:00:00,6666.378,6666.378,6649.736,6658.175,1795,184,0,1795
2024-09-10 00:00:00,6658.306,6660.358,6641.975,6648.331,1795,184,0,1795
2024-09-10 01:00:00,6648.255,6659.512,6644.997,6659.289,1796,184,0,1796
2024-09-10 02:00:00,6659.437,6663.529,6653.556,6662.972,1797,184,0,1797
2024-09-10 03:00:00,6663.232,6669.888,6662.512,6667.17,1796,184,0,1796
2024-09-10 04:00:00,6667.079,6670.594,6662.261,6664.037,1791,184,0,1791
2024-09-10 05:00:00,6663.73,6669.178,6656.216,6656.442,1796,184,0,1796
2024-09-10 06:00:00,6656.677,6661.842,6654.684,6659.443,1796,184,0,1796
2024-09-10 07:00:00,6659.488,6665.963,6654.309,6664.513,1796,184,0,1796
2024-09-10 08:00:00,6664.847,6676.599,6664.065,6671.988,1797,184,0,1797
2024-09-10 09:00:00,6671.914,6675.805,6665.668,6670.052,1796,184,0,1796
2024-09-10 10:00:00,6670.011,6674.675,6663.476,6665.959,1799,184,0,1799
2024-09-10 11:00:00,6666.002,6668.345,6656.602,6659.518,1796,184,0,1796
2024-09-10 12:00:00,6659.516,6676.618,6659.364,6666.873,1798,184,0,1798
2024-09-10 13:00:00,6666.837,6673.714,6663.403,6667.694,1798,184,0,1798
2024-09-10 14:00:00,6667.627,6668.717,6659.455,6659.911,1797,184,0,1797
2024-09-10 15:00:00,6659.957,6662.569,6655.582,6662.215,1797,184,0,1797
2024-09-10 16:00:00,6662.39,6663.704,6654.439,6662.238,1795,184,0,1795
2024-09-10 17:00:00,6662.352,6668.014,6658.149,6665.201,1795,184,0,1795
2024-09-10 18:00:00,6665.074,6680.975,6663.961,6678.944,1796,184,0,1796
2024-09-10 19:00:00,6678.912,6682.595,6671.466,6672.087,1797,184,0,1797
2024-09-10 20:00:00,6672.176,6676.951,6659.62,6662.836,1794,184,0,1794
2024-09-10 21:00:00,6662.76,6662.877,6649.329,6652.429,1794,184,0,1794
2024-09-10 22:00:00,6652.458,6659.063,6647.663,6648.905,1796,184,0,1796
2024-09-10 23:00:00,6648.865,6650.29,6642.919,6647.269,1795,184,0,1795
2024-09-11 00:00:00,6647.477,6658.947,6647.38,6652.374,1795,184,0,1795
2024-09-11 01:00:00,6652.16,6657.677,6646.086,6657.677,1792,184,0,1792
2024-09-11 02:00:00,6657.661,6661.656,6653.188,6654.295,1793,184,0,1793
2024-09-11 03:00:00,6654.176,6662.697,6652.337,6661.845,1794,184,0,1794
2024-09-11 04:00:00,6661.884,6665.517,6650.812,6652.51,1797,184,0,1797
2024-09-11 05:00:00,6652.226,6662.309,6649.67,6659.518,1795,184,0,1795
2024-09-11 06:00:00,6659.491,6666.694,6654.976,6665.403,1793,184,0,1793
2024-09-11 07:00:00,6665.199,6667.251,6657.497,6660.181,1795,184,0,1795
2024-09-11 08:00:00,6660.257,6664.993,6654.652,6663.906,1798,184,0,1798
2024-09-11 09:00:00,6664.192,6672.15,6662.762,6672.047,1798,184,0,1798
2024-09-11 10:00:00,6671.968,6671.968,6660.69,6665.726,1795,184,0,1795
2024-09-11 11:00:00,6665.335,6668.75,6656.797,6657.626,1792,184,0,1792
2024-09-11 12:00:00,6657.488,6660.787,6647.44,6647.596,1795,184,0,1795
2024-09-11 13:00:00,6647.606,6652.003,6639.571,6639.578,1796,184,0,1796
2024-09-11 14:00:00,6639.813,6653.214,6638.395,6652.608,1797,184,0,1797
2024-09-11 15:00:00,6652.533,6656.315,6641.489,6643.261,1798,184,0,1798
2024-09-11 16:00:00,6643.0,6648.424,6639.991,6647.922,1799,184,0,1799
2024-09-11 17:00:00,6647.718,6651.51,6644.776,6646.636,1796,184,0,1796
2024-09-11 18:00:00,6646.517,6654.142,6646.318,6651.934,1799,184,0,1799
2024-09-11 19:00:00,6651.956,6659.136,6648.715,6656.706,1794,184,0,1794
2024-09-11 20:00:00,6656.614,6660.909,6652.435,6655.956,1794,184,0,1794
2024-09-11 21:00:00,6655.98,6669.475,6655.98,6665.512,1799,184,0,1799
2024-09-11 22:00:00,6665.527,6668.696,6653.251,6653.251,1797,184,0,1797
2024-09-11 23:00:00,6653.206,6664.998,6653.135,6656.608,1798,184,0,1798
2024-09-12 00:00:00,6656.313,6662.033,6653.021,6658.18,1794,184,0,1794
2024-09-12 01:00:00,6658.077,6673.125,6656.827,6672.538,1794,184,0,1794
2024-09-12 02:00:00,6672.3,6681.296,6671.766,6672.256,1796,184,0,1796
2024-09-12 03:00:00,6672.283,6674.463,6668.238,6670.031,1799,184,0,1799
2024-09-12 04:00:00,6669.737,6671.496,6665.606,6667.168,1796,184,0,1796
2024-09-12 05:00:00,6667.384,6670.338,6662.507,6665.047,1798,184,0,1798
2024-09-12 06:00:00,6664.805,6670.678,6662.079,6668.213,1793,184,0,1793
2024-09-12 07:00:00,6668.177,6673.948,6667.429,6668.589,1794,184,0,1794
2024-09-12 08:00:00,6668.496,6670.356,6660.063,6661.496,1797,184,0,1797
2024-09-12 09:00:00,6661.587,6670.561,6659.514,6660.374,1795,184,0,1795
2024-09-12 10:00:00,6660.29,6663.223,6653.159,6657.816,1795,184,0,1795
2024-09-12 11:00:00,6657.974,6666.212,6656.757,6662.14,1797,184,0,1797
2024-09-12 12:00:00,6662.026,6669.905,6658.845,6668.93,1794,184,0,1794
2024-09-12 13:00:00,6668.701,6672.252,6666.894,6668.543,1794,184,0,1794
2024-09-12 14:00:00,6668.505,6670.564,6659.247,6661.937,1797,184,0,1797
2024-09-12 15:00:00,6661.966,6673.589,6661.528,6666.153,1795,184,0,1795
2024-09-12 16:00:00,6666.12,6670.666,6661.259,6670.632,1792,184,0,1792
2024-09-12 17:00:00,6670.518,6676.245,6665.224,6668.968,1795,184,0,1795
2024-09-12 18:00:00,6668.983,6679.803,6667.666,6676.244,1800,184,0,1800
2024-09-12 19:00:00,6676.347,6677.262,6665.984,6669.03,1798,184,0,1798
2024-09-12 20:00:00,6669.018,6684.834,6665.699,6682.914,1797,184,0,1797
2024-09-12 21:00:00,6682.994,6686.044,6677.233,6677.977,1794,184,0,1794
2024-09-12 22:00:00,6677.662,6677.923,6666.535,6670.357,1794,184,0,1794
2024-09-12 23:00:00,6670.533,6674.093,6657.928,6658.78,1798,184,0,1798
2024-09-13 00:00:00,6658.943,6663.311,6652.129,6661.299,1798,184,0,1798
2024-09-13 01:00:00,6661.211,6666.259,6656.959,6663.732,1794,184,0,1794
2024-09-13 02:00:00,6663.544,6665.914,6654.147,6662.016,1795,184,0,1795
2024-09-13 03:00:00,6662.214,6668.94,6658.206,6667.849,1796,184,0,1796
2024-09-13 04:00:00,6667.76,6671.491,6663.673,6666.372,1797,184,0,1797
2024-09-13 05:00:00,6666.558,6672.612,6666.045,6670.403,1797,184,0,1797
2024-09-13 06:00:00,6670.517,6672.32,6664.885,6667.846,1797,184,0,1797
2024-09-13 07:00:00,6667.806,6674.378,6665.164,6665.632,1795,184,0,1795
2024-09-13 08:00:00,6665.701,6667.297,6654.576,6663.681,1794,184,0,1794
2024-09-13 09:00:00,6663.681,6665.559,6658.612,6660.497,1797,184,0,1797
2024-09-13 10:00:00,6660.597,6671.17,6656.759,6666.368,1797,185,0,1797
2024-09-13 11:00:00,6666.321,6669.012,6652.072,6654.993,1797,185,0,1797
2024-09-13 12:00:00,6654.83,6655.711,6646.643,6651.09,1796,185,0,1796
2024-09-13 13:00:00,6651.061,6657.919,6646.888,6649.134,1795,185,0,1795
2024-09-13 14:00:00,6649.346,6652.433,6644.785,6649.004,1797,185,0,1797
2024-09-13 15:00:00,6648.974,6659.271,6648.762,6658.829,1796,185,0,1796
2024-09-13 16:00:00,6658.854,6663.555,6647.634,6647.66,1800,185,0,1800
2024-09-13 17:00:00,6647.964,6650.847,6644.086,6646.874,1796,185,0,1796
2024-09-13 18:00:00,6647.013,6649.888,6631.407,6633.929,1793,185,0,1793
2024-09-13 19:00:00,6633.744,6635.791,6616.956,6619.592,1799,185,0,1799
2024-09-13 20:00:00,6619.937,6632.297,6619.937,6631.273,1798,185,0,1798
2024-09-13 21:00:00,6631.32,6635.551,6625.09,6628.996,1799,185,0,1799
2024-09-13 22:00:00,6629.178,6634.288,6624.976,6634.148,1798,185,0,1798
2024-09-13 23:00:00,6634.297,6644.631,6633.189,6637.068,1798,185,0,1798
2024-09-14 00:00:00,6636.981,6638.465,6632.382,6634.799,1798,185,0,1798
2024-09-14 01:00:00,6634.833,6647.446,6634.711,6640.34,1793,185,0,1793
2024-09-14 02:00:00,6640.542,6648.408,6637.367,6645.85,1796,185,0,1796
2024-09-14 03:00:00,6645.928,6647.847,6635.359,6635.359,1794,185,0,1794
2024-09-14 04:00:00,6635.508,6638.536,6622.758,6626.184,1794,185,0,1794
2024-09-14 05:00:00,6626.306,6629.594,6621.789,6621.789,1791,185,0,1791
2024-09-14 06:00:00,6621.791,6633.245,6620.194,6628.968,1796,185,0,1796
2024-09-14 07:00:00,6628.9,6634.804,6626.045,6630.516,1793,185,0,1793
2024-09-14 08:00:00,6630.774,6634.293,6626.861,6629.478,1794,185,0,1794
2024-09-14 09:00:00,6629.369,6631.549,6618.264,6621.89,1798,185,0,1798
2024-09-14 10:00:00,6621.802,6626.481,6619.096,6619.761,1797,185,0,1797
2024-09-14 11:00:00,6619.894,6630.164,6618.496,6624.641,1789,185,0,1789
2024-09-14 12:00:00,6624.829,6627.625,6620.292,6625.208,1799,185,0,1799
2024-09-14 13:00:00,6625.343,6633.189,6619.913,6630.873,1797,185,0,1797
2024-09-14 14:00:00,6630.958,6632.029,6620.128,6630.487,1798,185,0,1798
2024-09-14 15:00:00,6630.513,6632.47,6624.556,6627.209,1800,185,0,1800
2024-09-14 16:00:00,6627.338,6640.265,6626.091,6640.073,1793,185,0,1793
2024-09-14 17:00:00,6640.058,6658.357,6640.058,6656.495,1795,185,0,1795
2024-09-14 18:00:00,6656.508,6669.091,6653.721,6667.999,1794,185,0,1794
2024-09-14 19:00:00,6668.37,6679.059,6664.274,6674.843,1797,185,0,1797
2024-09-14 20:00:00,6675.232,6679.703,6663.077,6663.077,1794,185,0,1794
2024-09-14 21:00:00,6663.155,6670.228,6660.892,6664.054,1795,185,0,1795
2024-09-14 22:00:00,6663.984,6673.356,6659.818,6672.924,1791,185,0,1791
2024-09-14 23:00:00,6672.664,6672.812,6663.921,6667.189,1798,185,0,1798
2024-09-15 00:00:00,6667.134,6670.113,6662.823,6669.443,1797,185,0,1797
2024-09-15 01:00:00,6669.688,6677.867,6663.421,6677.116,1687,185,0,1687
2024-09-15 02:00:00,6677.016,6683.916,6676.584,6677.553,1796,185,0,1796
2024-09-15 03:00:00,6677.318,6680.219,6675.127,6678.203,1799,185,0,1799
2024-09-15 04:00:00,6678.304,6682.456,6675.295,6676.793,1796,185,0,1796
2024-09-15 05:00:00,6676.676,6684.032,6674.99,6682.157,1795,185,0,1795
2024-09-15 06:00:00,6682.202,6686.45,6675.871,6675.991,1794,185,0,1794
2024-09-15 07:00:00,6675.978,6676.231,6661.534,6667.063,1797,185,0,1797
2024-09-15 08:00:00,6666.952,6680.787,6663.238,6678.268,1798,185,0,1798
2024-09-15 09:00:00,6678.017,6679.33,6673.619,6676.752,1798,185,0,1798
2024-09-15 10:00:00,6676.706,6680.784,6668.741,6670.87,1799,185,0,1799
2024-09-15 11:00:00,6670.712,6677.78,6668.139,6672.703,1799,185,0,1799
2024-09-15 12:00:00,6672.557,6674.727,6665.926,6669.158,1795,185,0,1795
2024-09-15 13:00:00,6669.211,6674.718,6667.587,6671.714,1798,185,0,1798
2024-09-15 14:00:00,6671.451,6681.897,6668.662,6675.627,1792,185,0,1792
2024-09-15 15:00:00,6675.567,6679.119,6671.376,6674.238,1799,185,0,1799
2024-09-15 16:00:00,6674.367,6675.75,6660.981,6661.025,1794,185,0,1794
2024-09-15 17:00:00,6660.887,6664.176,6646.631,6653.13,1798,185,0,1798
2024-09-15 18:00:00,6652.864,6654.129,6632.028,6640.504,1791,185,0,1791
2024-09-15 19:00:00,6640.268,6643.612,6634.728,6641.046,1795,185,0,1795
2024-09-15 20:00:00,6641.013,6642.397,6636.417,6638.679,1793,185,0,1793
2024-09-15 21:00:00,6638.721,6643.915,6634.529,6638.414,1793,185,0,1793
2024-09-15 22:00:00,6638.356,6638.516,6627.531,6636.645,1793,185,0,1793
2024-09-15 23:00:00,6636.797,6643.304,6632.889,6634.84,1796,185,0,1796
2024-09-16 00:00:00,6634.819,6637.639,6628.664,6629.807,1795,185,0,1795
2024-09-16 01:00:00,6630.031,6635.434,6628.557,6631.648,1798,185,0,1798
2024-09-16 02:00:00,6631.867,6644.589,6631.317,6643.4,1797,185,0,1797
2024-09-16 03:00:00,6643.298,6649.78,6641.604,6648.856,1793,185,0,1793
2024-09-16 04:00:00,6648.652,6649.858,6632.863,6632.863,1795,185,0,1795
2024-09-16 05:00:00,6632.793,6636.547,6624.745,6635.661,1796,185,0,1796
2024-09-16 06:00:00,6635.709,6639.843,6631.812,6635.711,1797,185,0,1797
2024-09-16 07:00:00,6635.664,6637.003,6626.014,6627.027,1795,185,0,1795
2024-09-16 08:00:00,6626.618,6635.904,6621.031,6624.416,1794,185,0,1794
2024-09-16 09:00:00,6624.098,6627.119,6608.447,6610.056,1796,185,0,1796
2024-09-16 10:00:00,6610.057,6611.36,6601.459,6606.717,1794,185,0,1794
2024-09-16 11:00:00,6606.934,6610.163,6601.322,6608.031,1796,185,0,1796
2024-09-16 12:00:00,6608.209,6617.168,6608.17,6612.668,1796,185,0,1796
2024-09-16 13:00:00,6612.962,6612.962,6598.745,6599.937,1795,185,0,1795
2024-09-16 14:00:00,6599.824,6600.84,6590.515,6593.587,1795,185,0,1795
2024-09-16 15:00:00,6593.486,6601.786,6590.689,6594.096,1796,185,0,1796
2024-09-16 16:00:00,6594.205,6599.228,6587.008,6587.792,1796,185,0,1796
2024-09-16 17:00:00,6587.999,6596.11,6584.49,6593.737,1797,185,0,1797
2024-09-16 18:00:00,6593.979,6597.714,6590.015,6594.066,1796,185,0,1796
2024-09-16 19:00:00,6594.096,6603.049,6589.81,6594.536,1797,185,0,1797
2024-09-16 20:00:00,6594.563,6597.16,6588.613,6590.676,1797,185,0,1797
2024-09-16 21:00:00,6590.559,6592.549,6586.104,6588.39,1793,185,0,1793
2024-09-16 22:00:00,6588.493,6588.823,6578.632,6582.104,1792,185,0,1792
2024-09-16 23:00:00,6582.279,6590.22,6577.347,6588.738,1792,185,0,1792
2024-09-17 00:00:00,6588.782,6589.808,6583.085,6587.027,1798,185,0,1798
2024-09-17 01:00:00,6586.781,6589.818,6583.87,6588.386,1798,185,0,1798
2024-09-17 02:00:00,6588.07,6603.893,6585.542,6602.926,1795,185,0,1795
2024-09-17 03:00:00,6603.032,6603.185,6591.827,6596.114,1798,185,0,1798
2024-09-17 04:00:00,6596.044,6600.418,6586.628,6598.652,1798,185,0,1798
2024-09-17 05:00:00,6598.598,6600.052,6592.789,6594.364,1797,185,0,1797
2024-09-17 06:00:00,6594.175,6597.964,6588.749,6597.712,1796,185,0,1796
2024-09-17 07:00:00,6597.457,6607.635,6595.967,6605.29,1796,185,0,1796
2024-09-17 08:00:00,6605.448,6613.663,6603.645,6611.795,1796,185,0,1796
2024-09-17 09:00:00,6612.108,6613.56,6604.811,6606.12,1794,185,0,1794
2024-09-17 10:00:00,6606.116,6613.2,6599.495,6608.33,1795,185,0,1795
2024-09-17 11:00:00,6608.362,6610.72,6602.396,6610.592,1796,185,0,1796
2024-09-17 12:00:00,6610.709,6618.552,6608.88,6617.705,1796,185,0,1796
2024-09-17 13:00:00,6617.803,6628.2,6616.461,6624.081,1793,185,0,1793
2024-09-17 14:00:00,6624.071,6630.305,6620.642,6625.461,1798,185,0,1798
2024-09-17 15:00:00,6625.517,6639.556,6624.536,6637.249,1797,185,0,1797
2024-09-17 16:00:00,6637.252,6638.796,6626.298,6633.418,1797,185,0,1797
2024-09-17 17:00:00,6633.425,6648.579,6632.167,6646.336,1793,185,0,1793
2024-09-17 18:00:00,6646.469,6653.63,6646.323,6646.632,1796,185,0,1796
2024-09-17 19:00:00,6646.709,6648.606,6639.94,6644.832,1797,185,0,1797
2024-09-17 20:00:00,6644.762,6653.507,6644.171,6649.438,1798,185,0,1798
2024-09-17 21:00:00,6649.153,6653.19,6642.335,6647.156,1794,185,0,1794
2024-09-17 22:00:00,6647.098,6654.383,6645.766,6649.53,1795,185,0,1795
2024-09-17 23:00:00,6649.498,6649.676,6640.954,6642.384,1793,185,0,1793
2024-09-18 00:00:00,6642.436,6644.347,6629.732,6632.259,1796,185,0,1796
2024-09-18 01:00:00,6632.255,6645.619,6628.391,6642.937,1795,185,0,1795
2024-09-18 02:00:00,6642.915,6653.371,6637.675,6651.945,1793,185,0,1793
2024-09-18 03:00:00,6652.036,6656.287,6641.437,6641.701,1794,185,0,1794
2024-09-18 04:00:00,6641.57,6641.762,6635.176,6637.511,1797,185,0,1797
2024-09-18 05:00:00,6637.476,6639.274,6628.573,6631.212,1793,185,0,1793
2024-09-18 06:00:00,6631.199,6636.477,6628.768,6635.884,1792,185,0,1792
2024-09-18 07:00:00,6635.981,6639.818,6631.542,6632.79,1798,185,0,1798
2024-09-18 08:00:00,6632.895,6643.668,6631.298,6636.102,1791,185,0,1791
2024-09-18 09:00:00,6636.203,6644.267,6632.624,6644.069,1792,185,0,1792
2024-09-18 10:00:00,6644.071,6655.697,6643.928,6655.435,1795,185,0,1795
2024-09-18 11:00:00,6655.951,6659.665,6648.106,6654.117,1789,185,0,1789
2024-09-18 12:00:00,6654.036,6660.442,6652.757,6652.986,1796,185,0,1796
2024-09-18 13:00:00,6652.884,6659.685,6650.147,6658.751,1795,185,0,1795
2024-09-18 14:00:00,6658.658,6669.002,6656.989,6667.15,1796,185,0,1796
2024-09-18 15:00:00,6667.456,6678.894,6666.971,6676.678,1796,185,0,1796
2024-09-18 16:00:00,6676.79,6692.062,6676.664,6690.03,1799,185,0,1799
2024-09-18 17:00:00,6690.084,6695.142,6685.831,6687.842,1795,185,0,1795
2024-09-18 18:00:00,6687.879,6694.485,6685.307,6690.28,1796,185,0,1796
2024-09-18 19:00:00,6690.431,6694.514,6686.35,6686.998,1790,185,0,1790
2024-09-18 20:00:00,6686.724,6692.069,6679.177,6679.998,1797,185,0,1797
2024-09-18 21:00:00,6679.956,6682.307,6670.646,6675.618,1795,185,0,1795
2024-09-18 22:00:00,6675.841,6685.363,6669.879,6684.377,1796,185,0,1796
2024-09-18 23:00:00,6684.429,6697.911,6683.916,6695.386,1795,185,0,1795
2024-09-19 00:00:00,6695.413,6700.257,6690.572,6693.623,1796,185,0,1796
2024-09-19 01:00:00,6693.444,6701.918,6692.76,6694.251,1792,185,0,1792
2024-09-19 02:00:00,6694.414,6706.236,6691.068,6703.74,1799,185,0,1799
2024-09-19 03:00:00,6703.663,6711.784,6702.186,6707.646,1798,185,0,1798
2024-09-19 04:00:00,6707.446,6708.989,6704.273,6706.85,1799,185,0,1799
2024-09-19 05:00:00,6706.774,6714.807,6699.964,6701.403,1795,185,0,1795
2024-09-19 06:00:00,6701.502,6708.448,6697.873,6704.076,1795,185,0,1795
2024-09-19 07:00:00,6703.988,6708.435,6696.568,6704.339,1791,185,0,1791
2024-09-19 08:00:00,6704.727,6705.434,6697.957,6701.697,1797,185,0,1797
2024-09-19 09:00:00,6701.98,6702.181,6690.255,6696.84,1797,185,0,1797
2024-09-19 10:00:00,6696.721,6710.862,6695.27,6707.349,1794,185,0,1794
2024-09-19 11:00:00,6707.571,6714.282,6704.369,6712.787,1795,185,0,1795
2024-09-19 12:00:00,6712.88,6715.849,6706.989,6715.03,1791,185,0,1791
2024-09-19 13:00:00,6715.511,6716.38,6707.479,6712.161,1793,185,0,1793
2024-09-19 14:00:00,6712.14,6712.361,6701.449,6704.286,1796,185,0,1796
2024-09-19 15:00:00,6704.361,6708.489,6698.327,6699.531,1796,185,0,1796
2024-09-19 16:00:00,6699.816,6704.17,6692.442,6692.562,1797,185,0,1797
2024-09-19 17:00:00,6692.326,6699.257,6684.571,6691.036,1794,185,0,1794
2024-09-19 18:00:00,6691.03,6704.508,6687.366,6704.008,1797,185,0,1797
2024-09-19 19:00:00,6704.148,6704.148,6691.611,6693.022,1798,185,0,1798
2024-09-19 20:00:00,6692.912,6698.498,6683.733,6684.258,1800,185,0,1800
2024-09-19 21:00:00,6684.529,6688.425,6677.715,6679.079,1797,185,0,1797
2024-09-19 22:00:00,6678.853,6693.462,6678.773,6693.253,1794,185,0,1794
2024-09-19 23:00:00,6693.246,6696.084,6689.011,6694.012,1796,185,0,1796
2024-09-20 00:00:00,6693.942,6695.034,6686.572,6688.061,1795,185,0,1795
2024-09-20 01:00:00,6687.995,6691.084,6682.456,6684.81,1795,185,0,1795
2024-09-20 02:00:00,6685.033,6685.706,6677.299,6677.67,1794,185,0,1794
2024-09-20 03:00:00,6677.683,6680.711,6663.09,6669.4,1798,185,0,1798
2024-09-20 04:00:00,6669.473,6670.074,6661.433,6669.465,1791,185,0,1791
2024-09-20 05:00:00,6669.618,6684.544,6667.605,6682.664,1797,185,0,1797
2024-09-20 06:00:00,6682.689,6685.985,6679.605,6682.22,1797,185,0,1797
2024-09-20 07:00:00,6682.154,6684.496,6675.597,6676.879,1800,185,0,1800
2024-09-20 08:00:00,6676.943,6677.601,6667.788,6674.407,1793,185,0,1793
2024-09-20 09:00:00,6674.482,6681.374,6672.827,6680.206,1798,185,0,1798
2024-09-20 10:00:00,6679.787,6685.546,6676.873,6678.127,1791,185,0,1791
2024-09-20 11:00:00,6678.088,6687.312,6669.27,6686.071,1795,185,0,1795
2024-09-20 12:00:00,6686.307,6691.785,6682.114,6691.703,1798,185,0,1798
2024-09-20 13:00:00,6691.793,6694.477,6687.736,6692.622,1797,185,0,1797
2024-09-20 14:00:00,6692.589,6695.15,6681.034,6682.159,1795,185,0,1795
2024-09-20 15:00:00,6682.49,6684.153,6666.597,6667.011,1797,185,0,1797
2024-09-20 16:00:00,6667.301,6670.248,6650.712,6651.095,1798,185,0,1798
2024-09-20 17:00:00,6651.231,6657.331,6645.72,6648.797,1793,185,0,1793
2024-09-20 18:00:00,6648.87,6659.564,6648.729,6659.081,1798,185,0,1798
2024-09-20 19:00:00,6659.187,6660.771,6648.07,6649.266,1798,185,0,1798
2024-09-20 20:00:00,6649.287,6654.502,6644.121,6651.289,1800,185,0,1800
2024-09-20 21:00:00,6651.346,6662.931,6651.346,6658.089,1793,185,0,1793
2024-09-20 22:00:00,6658.176,6666.749,6657.683,6660.64,1794,185,0,1794
2024-09-20 23:00:00,6660.474,6666.077,6658.699,6664.657,1795,185,0,1795
2024-09-21 00:00:00,6664.519,6673.121,6661.608,6666.353,1795,185,0,1795
2024-09-21 01:00:00,6666.325,6677.492,6665.19,6674.108,1798,185,0,1798
2024-09-21 02:00:00,6674.299,6675.319,6663.392,6663.486,1795,185,0,1795
2024-09-21 03:00:00,6663.421,6676.198,6663.115,6675.456,1794,185,0,1794
2024-09-21 04:00:00,6675.54,6682.942,6673.126,6677.234,1799,185,0,1799
2024-09-21 05:00:00,6677.286,6684.071,6669.448,6669.606,1799,185,0,1799
2024-09-21 06:00:00,6669.425,6677.999,6668.176,6671.561,1794,185,0,1794
2024-09-21 07:00:00,6671.6,6675.741,6668.409,6671.525,1797,185,0,1797
2024-09-21 08:00:00,6671.456,6677.511,6668.043,6677.443,1800,185,0,1800
2024-09-21 09:00:00,6677.496,6681.048,6671.842,6676.672,1797,185,0,1797
2024-09-21 10:00:00,6676.497,6682.608,6672.109,6682.253,1797,185,0,1797
2024-09-21 11:00:00,6682.183,6683.109,6671.085,6675.159,1795,185,0,1795
2024-09-21 12:00:00,6674.942,6686.618,6673.769,6682.423,1793,185,0,1793
2024-09-21 13:00:00,6682.328,6687.579,6679.582,6683.794,1798,185,0,1798
2024-09-21 14:00:00,6683.67,6689.933,6677.024,6680.775,1796,185,0,1796
2024-09-21 15:00:00,6680.844,6693.673,6678.562,6690.59,1796,185,0,1796
2024-09-21 16:00:00,6690.622,6700.159,6684.177,6687.667,1796,185,0,1796
2024-09-21 17:00:00,6687.722,6696.576,6686.068,6691.805,1796,185,0,1796
2024-09-21 18:00:00,6691.678,6695.654,6686.885,6692.228,1793,185,0,1793
2024-09-21 19:00:00,6691.948,6695.916,6687.7,6688.651,1794,185,0,1794
2024-09-21 20:00:00,6688.581,6695.499,6687.963,6693.249,1797,185,0,1797
2024-09-21 21:00:00,6693.176,6702.657,6692.022,6698.761,1797,185,0,1797
2024-09-21 22:00:00,6698.496,6701.851,6691.729,6692.207,1794,185,0,1794
2024-09-21 23:00:00,6692.47,6698.733,6687.458,6697.721,1800,185,0,1800
2024-09-22 00:00:00,6697.518,6705.384,6694.904,6704.333,1796,185,0,1796
2024-09-22 01:00:00,6704.239,6718.436,6703.52,6714.553,1798,185,0,1798
2024-09-22 02:00:00,6714.436,6718.382,6711.96,6715.356,1791,185,0,1791
2024-09-22 03:00:00,6715.49,6720.702,6709.464,6711.955,1798,185,0,1798
2024-09-22 04:00:00,6711.979,6714.545,6706.857,6712.596,1800,185,0,1800
2024-09-22 05:00:00,6712.732,6723.929,6706.404,6723.538,1792,185,0,1792
2024-09-22 06:00:00,6723.236,6743.05,6721.727,6742.65,1795,185,0,1795
2024-09-22 07:00:00,6742.636,6744.334,6737.145,6740.461,1795,185,0,1795
2024-09-22 08:00:00,6740.473,6746.88,6734.993,6745.206,1798,185,0,1798
2024-09-22 09:00:00,6745.329,6757.396,6744.307,6756.339,1797,185,0,1797
2024-09-22 10:00:00,6756.747,6761.379,6753.245,6759.675,1798,185,0,1798
2024-09-22 11:00:00,6759.628,6770.277,6752.932,6767.939,1793,185,0,1793
2024-09-22 12:00:00,6767.941,6776.945,6767.446,6776.258,1795,185,0,1795
2024-09-22 13:00:00,6776.272,6779.055,6771.628,6775.064,1798,185,0,1798
2024-09-22 14:00:00,6774.786,6782.334,6772.571,6777.681,1798,185,0,1798
2024-09-22 15:00:00,6777.248,6782.502,6770.49,6770.669,1798,185,0,1798
2024-09-22 16:00:00,6770.824,6776.251,6768.498,6773.443,1796,185,0,1796
2024-09-22 17:00:00,6773.456,6776.44,6765.587,6766.59,1795,185,0,1795
2024-09-22 18:00:00,6766.616,6771.381,6752.742,6754.945,1797,185,0,1797
2024-09-22 19:00:00,6754.904,6761.906,6750.957,6761.778,1797,185,0,1797
2024-09-22 20:00:00,6761.825,6764.303,6757.231,6762.711,1797,185,0,1797
2024-09-22 21:00:00,6762.747,6770.665,6760.424,6767.145,1798,185,0,1798
2024-09-22 22:00:00,6767.341,6775.551,6766.571,6774.462,1795,185,0,1795
2024-09-22 23:00:00,6774.689,6781.182,6773.004,6777.402,1795,185,0,1795
2024-09-23 00:00:00,6777.351,6778.876,6765.853,6774.19,1796,185,0,1796
2024-09-23 01:00:00,6774.045,6778.008,6772.945,6777.572,1795,185,0,1795
2024-09-23 02:00:00,6777.78,6779.46,6766.049,6768.953,1793,185,0,1793
2024-09-23 03:00:00,6769.024,6769.604,6757.179,6757.971,1798,185,0,1798
2024-09-23 04:00:00,6758.222,6767.06,6756.627,6762.997,1790,185,0,1790
2024-09-23 05:00:00,6763.222,6764.803,6755.525,6757.823,1796,185,0,1796
2024-09-23 06:00:00,6757.767,6770.319,6757.28,6766.669,1795,185,0,1795
2024-09-23 07:00:00,6766.653,6773.219,6763.165,6772.087,1796,185,0,1796
2024-09-23 08:00:00,6771.867,6773.486,6765.682,6767.919,1796,185,0,1796
2024-09-23 09:00:00,6768.103,6778.6,6767.058,6773.527,1796,185,0,1796
2024-09-23 10:00:00,6773.774,6780.479,6772.479,6775.97,1799,185,0,1799
2024-09-23 11:00:00,6775.975,6785.69,6775.046,6779.298,1798,185,0,1798
2024-09-23 12:00:00,6779.204,6781.406,6770.09,6773.848,1797,185,0,1797
2024-09-23 13:00:00,6773.496,6780.926,6766.368,6770.274,1794,185,0,1794
2024-09-23 14:00:00,6770.341,6774.538,6766.796,6767.555,1798,185,0,1798
2024-09-23 15:00:00,6767.262,6768.25,6747.601,6750.066,1795,185,0,1795
2024-09-23 16:00:00,6750.471,6753.747,6743.895,6747.897,1796,185,0,1796
2024-09-23 17:00:00,6747.604,6749.955,6743.615,6744.418,1799,185,0,1799
2024-09-23 18:00:00,6744.256,6754.239,6737.464,6753.791,1794,185,0,1794
2024-09-23 19:00:00,6753.817,6756.381,6745.253,6754.285,1794,185,0,1794
2024-09-23 20:00:00,6754.087,6754.677,6741.674,6746.204,1794,185,0,1794
2024-09-23 21:00:00,6746.152,6747.524,6730.041,6731.69,1796,185,0,1796
2024-09-23 22:00:00,6731.318,6731.944,6724.176,6730.774,1798,185,0,1798
2024-09-23 23:00:00,6730.72,6738.424,6729.304,6737.267,1796,185,0,1796
2024-09-24 00:00:00,6737.483,6739.153,6729.043,6731.792,1793,185,0,1793
2024-09-24 01:00:00,6731.801,6735.317,6723.414,6728.74,1793,185,0,1793
2024-09-24 02:00:00,6728.424,6742.007,6725.078,6739.968,1796,185,0,1796
2024-09-24 03:00:00,6740.013,6743.154,6727.904,6728.357,1797,185,0,1797
2024-09-24 04:00:00,6728.334,6730.267,6713.624,6714.237,1797,185,0,1797
2024-09-24 05:00:00,6714.162,6718.708,6708.857,6715.512,1797,185,0,1797
2024-09-24 06:00:00,6715.664,6727.322,6715.664,6725.495,1796,185,0,1796
2024-09-24 07:00:00,6725.408,6730.28,6721.462,6728.961,1796,185,0,1796
2024-09-24 08:00:00,6729.174,6736.953,6728.401,6732.593,1797,185,0,1797
2024-09-24 09:00:00,6732.859,6738.093,6730.938,6736.923,1797,185,0,1797
2024-09-24 10:00:00,6737.042,6739.19,6731.055,6731.908,1798,185,0,1798
2024-09-24 11:00:00,6731.714,6736.875,6724.378,6725.494,1794,187,0,1794
2024-09-24 12:00:00,6725.477,6731.841,6722.332,6729.285,1795,187,0,1795
2024-09-24 13:00:00,6729.225,6733.896,6726.389,6733.282,1797,187,0,1797
2024-09-24 14:00:00,6733.341,6734.591,6722.808,6723.33,1795,187,0,1795
2024-09-24 15:00:00,6723.209,6725.365,6720.82,6722.996,1795,187,0,1795
2024-09-24 16:00:00,6722.978,6725.902,6720.768,6723.325,1795,187,0,1795
2024-09-24 17:00:00,6723.077,6730.418,6722.782,6729.336,1797,187,0,1797
2024-09-24 18:00:00,6729.336,6730.056,6721.183,6724.589,1795,187,0,1795
2024-09-24 19:00:00,6724.244,6732.34,6722.643,6728.948,1796,187,0,1796
2024-09-24 20:00:00,6728.909,6736.741,6727.019,6732.986,1794,187,0,1794
2024-09-24 21:00:00,6733.273,6735.533,6728.208,6728.375,1797,187,0,1797
2024-09-24 22:00:00,6728.353,6731.045,6724.433,6727.916,1797,187,0,1797
2024-09-24 23:00:00,6728.259,6745.226,6727.734,6743.769,1794,187,0,1794
2024-09-25 00:00:00,6744.236,6745.203,6735.011,6738.722,1799,187,0,1799
2024-09-25 01:00:00,6738.993,6748.239,6738.993,6746.774,1798,187,0,1798
2024-09-25 02:00:00,6746.851,6757.079,6746.024,6754.547,1796,187,0,1796
2024-09-25 03:00:00,6754.308,6760.164,6752.019,6759.881,1795,187,0,1795
2024-09-25 04:00:00,6759.868,6762.929,6752.348,6757.314,1794,187,0,1794
2024-09-25 05:00:00,6757.066,6760.962,6750.994,6760.75,1795,187,0,1795
2024-09-25 06:00:00,6760.87,6762.639,6751.798,6753.538,1793,187,0,1793
2024-09-25 07:00:00,6753.622,6760.193,6751.187,6754.286,1794,187,0,1794
2024-09-25 08:00:00,6754.323,6759.941,6750.853,6751.337,1791,187,0,1791
2024-09-25 09:00:00,6751.372,6751.689,6745.693,6751.188,1793,187,0,1793
2024-09-25 10:00:00,6751.401,6756.32,6747.716,6755.251,1791,187,0,1791
2024-09-25 11:00:00,6755.259,6764.962,6755.259,6763.398,1797,187,0,1797
2024-09-25 12:00:00,6763.488,6767.342,6758.804,6765.976,1796,187,0,1796
2024-09-25 13:00:00,6766.166,6782.567,6766.129,6778.957,1796,187,0,1796
2024-09-25 14:00:00,6778.894,6784.703,6774.992,6783.36,1792,187,0,1792
2024-09-25 15:00:00,6783.31,6787.551,6777.757,6782.696,1796,187,0,1796
2024-09-25 16:00:00,6782.479,6786.691,6778.664,6786.227,1796,187,0,1796
2024-09-25 17:00:00,6786.07,6788.817,6781.922,6782.142,1796,187,0,1796
2024-09-25 18:00:00,6782.416,6784.691,6768.706,6783.031,1795,187,0,1795
2024-09-25 19:00:00,6782.834,6791.198,6780.788,6789.658,1797,187,0,1797
2024-09-25 20:00:00,6789.804,6799.042,6788.225,6796.914,1796,187,0,1796
2024-09-25 21:00:00,6796.615,6800.651,6794.255,6796.93,1795,187,0,1795
2024-09-25 22:00:00,6796.774,6798.401,6788.903,6797.137,1791,187,0,1791
2024-09-25 23:00:00,6796.894,6797.077,6783.789,6789.498,1797,187,0,1797
2024-09-26 00:00:00,6789.42,6789.964,6779.724,6783.499,1792,187,0,1792
2024-09-26 01:00:00,6783.344,6794.134,6782.004,6792.298,1798,187,0,1798
2024-09-26 02:00:00,6792.368,6794.984,6787.451,6792.144,1796,187,0,1796
2024-09-26 03:00:00,6792.25,6793.658,6784.735,6791.266,1799,187,0,1799
2024-09-26 04:00:00,6790.996,6790.996,6773.69,6778.473,1797,187,0,1797
2024-09-26 05:00:00,6778.262,6781.115,6770.647,6770.749,1794,187,0,1794
2024-09-26 06:00:00,6770.507,6773.896,6766.258,6767.123,1796,187,0,1796
2024-09-26 07:00:00,6767.098,6770.733,6762.966,6770.733,1794,187,0,1794
2024-09-26 08:00:00,6770.647,6773.421,6767.047,6768.375,1799,187,0,1799
2024-09-26 09:00:00,6768.458,6776.705,6763.351,6776.363,1796,187,0,1796
2024-09-26 10:00:00,6776.156,6777.711,6761.266,6763.861,1796,187,0,1796
2024-09-26 11:00:00,6763.94,6767.382,6757.052,6757.724,1796,187,0,1796
2024-09-26 12:00:00,6757.948,6763.352,6752.639,6760.54,1796,187,0,1796
2024-09-26 13:00:00,6760.322,6765.632,6757.567,6762.775,1798,187,0,1798
2024-09-26 14:00:00,6762.701,6768.323,6760.341,6767.022,1799,187,0,1799
2024-09-26 15:00:00,6767.066,6776.506,6766.175,6775.803,1796,187,0,1796
2024-09-26 16:00:00,6775.681,6781.484,6772.478,6774.43,1796,187,0,1796
2024-09-26 17:00:00,6774.377,6775.822,6769.777,6774.148,1795,187,0,1795
2024-09-26 18:00:00,6773.937,6784.68,6772.815,6773.595,1797,187,0,1797
2024-09-26 19:00:00,6773.081,6775.828,6766.914,6770.461,1795,187,0,1795
2024-09-26 20:00:00,6770.571,6774.442,6764.891,6772.775,1795,187,0,1795
2024-09-26 21:00:00,6773.195,6779.88,6772.463,6775.361,1797,187,0,1797
2024-09-26 22:00:00,6775.254,6786.635,6774.327,6781.853,1797,187,0,1797
2024-09-26 23:00:00,6782.364,6782.364,6771.703,6773.851,1795,187,0,1795
2024-09-27 00:00:00,6773.825,6776.699,6767.556,6776.666,1795,187,0,1795
2024-09-27 01:00:00,6776.962,6782.996,6775.705,6778.915,1798,187,0,1798
2024-09-27 02:00:00,6778.821,6778.897,6770.628,6771.25,1796,187,0,1796
2024-09-27 03:00:00,6771.165,6778.216,6768.155,6771.963,1798,187,0,1798
2024-09-27 04:00:00,6771.977,6782.804,6766.42,6782.744,1795,187,0,1795
2024-09-27 05:00:00,6782.741,6784.357,6777.459,6781.767,1797,187,0,1797
2024-09-27 06:00:00,6781.946,6787.903,6779.671,6784.478,1795,187,0,1795
2024-09-27 07:00:00,6784.548,6784.612,6765.922,6767.655,1795,187,0,1795
2024-09-27 08:00:00,6767.543,6778.19,6762.049,6773.94,1794,187,0,1794
2024-09-27 09:00:00,6773.859,6776.12,6765.361,6766.055,1794,187,0,1794
2024-09-27 10:00:00,6765.899,6772.252,6765.401,6768.828,1797,187,0,1797
2024-09-27 11:00:00,6769.049,6774.45,6766.54,6767.895,1794,187,0,1794
2024-09-27 12:00:00,6767.833,6770.757,6764.842,6765.772,1797,187,0,1797
2024-09-27 13:00:00,6765.782,6770.437,6759.101,6770.437,1798,187,0,1798
2024-09-27 14:00:00,6770.328,6776.347,6762.924,6766.164,1797,187,0,1797
2024-09-27 15:00:00,6766.347,6773.83,6764.453,6772.54,1796,187,0,1796
2024-09-27 16:00:00,6772.323,6773.055,6763.038,6765.864,1798,187,0,1798
2024-09-27 17:00:00,6765.878,6775.686,6764.535,6767.394,1795,187,0,1795
2024-09-27 18:00:00,6767.377,6772.645,6763.201,6768.56,1797,187,0,1797
2024-09-27 19:00:00,6768.582,6771.966,6753.598,6754.391,1797,187,0,1797
2024-09-27 20:00:00,6754.348,6755.338,6747.918,6749.183,1796,187,0,1796
2024-09-27 21:00:00,6749.349,6762.894,6747.442,6760.276,1796,187,0,1796
2024-09-27 22:00:00,6760.236,6765.648,6757.205,6759.718,1797,187,0,1797
2024-09-27 23:00:00,6759.695,6764.584,6753.355,6758.441,1798,187,0,1798
2024-09-28 00:00:00,6758.545,6759.693,6750.336,6750.852,1799,187,0,1799
2024-09-28 01:00:00,6750.853,6751.18,6740.672,6746.497,1796,187,0,1796
2024-09-28 02:00:00,6746.425,6748.078,6740.456,6743.894,1795,187,0,1795
2024-09-28 03:00:00,6743.749,6744.363,6737.173,6740.38,1800,187,0,1800
2024-09-28 04:00:00,6740.313,6740.803,6730.628,6738.751,1798,187,0,1798
2024-09-28 05:00:00,6738.848,6739.918,6731.322,6732.03,1794,187,0,1794
2024-09-28 06:00:00,6731.924,6735.245,6723.115,6729.041,1797,187,0,1797
2024-09-28 07:00:00,6729.271,6736.104,6725.52,6727.328,1798,187,0,1798
2024-09-28 08:00:00,6727.589,6730.654,6719.846,6722.899,1798,187,0,1798
2024-09-28 09:00:00,6722.951,6723.289,6710.305,6718.213,1799,187,0,1799
2024-09-28 10:00:00,6718.249,6721.462,6712.517,6715.561,1794,187,0,1794
2024-09-28 11:00:00,6715.502,6728.684,6714.833,6727.003,1797,187,0,1797
2024-09-28 12:00:00,6727.214,6732.809,6722.897,6732.663,1796,187,0,1796
2024-09-28 13:00:00,6732.666,6741.099,6730.071,6735.377,1798,187,0,1798
2024-09-28 14:00:00,6735.63,6746.729,6733.607,6746.399,1796,187,0,1796
2024-09-28 15:00:00,6746.449,6765.595,6741.711,6765.424,1797,187,0,1797
2024-09-28 16:00:00,6765.447,6769.843,6761.78,6762.047,1795,187,0,1795
2024-09-28 17:00:00,6761.668,6764.262,6755.233,6760.46,1797,187,0,1797
2024-09-28 18:00:00,6760.397,6769.759,6759.215,6763.324,1797,187,0,1797
2024-09-28 19:00:00,6763.33,6766.886,6757.822,6765.252,1798,187,0,1798
2024-09-28 20:00:00,6765.21,6766.685,6756.99,6761.0,1797,187,0,1797
2024-09-28 21:00:00,6761.019,6765.349,6752.816,6753.397,1798,187,0,1798
2024-09-28 22:00:00,6753.352,6769.36,6752.757,6768.703,1796,187,0,1796
2024-09-28 23:00:00,6768.509,6774.591,6764.971,6770.662,1798,187,0,1798
2024-09-29 00:00:00,6770.616,6783.687,6768.202,6782.382,1793,187,0,1793
2024-09-29 01:00:00,6782.315,6792.216,6779.859,6788.526,1794,187,0,1794
2024-09-29 02:00:00,6788.849,6794.469,6783.159,6791.277,1798,187,0,1798
2024-09-29 03:00:00,6791.111,6796.939,6787.685,6788.055,1798,187,0,1798
2024-09-29 04:00:00,6788.055,6796.288,6786.037,6786.683,1793,187,0,1793
2024-09-29 05:00:00,6786.634,6788.497,6780.967,6783.127,1798,187,0,1798
2024-09-29 06:00:00,6782.926,6783.442,6774.099,6780.967,1798,187,0,1798
2024-09-29 07:00:00,6781.079,6792.877,6778.341,6791.567,1795,187,0,1795
2024-09-29 08:00:00,6791.824,6795.677,6787.603,6787.984,1795,187,0,1795
2024-09-29 09:00:00,6787.785,6787.785,6759.722,6759.906,1799,187,0,1799
2024-09-29 10:00:00,6759.872,6762.013,6748.463,6750.309,1795,187,0,1795
2024-09-29 11:00:00,6750.445,6753.065,6741.499,6744.071,1796,187,0,1796
2024-09-29 12:00:00,6744.02,6744.634,6718.357,6718.761,1794,187,0,1794
2024-09-29 13:00:00,6718.671,6725.256,6716.509,6721.628,1799,187,0,1799
2024-09-29 14:00:00,6721.599,6723.19,6706.428,6710.67,1796,187,0,1796
2024-09-29 15:00:00,6710.605,6715.892,6706.393,6711.664,1797,187,0,1797
2024-09-29 16:00:00,6712.183,6717.695,6708.862,6709.84,1795,187,0,1795
2024-09-29 17:00:00,6709.619,6720.109,6708.833,6718.877,1796,187,0,1796
2024-09-29 18:00:00,6718.713,6720.912,6713.178,6719.021,1795,187,0,1795
2024-09-29 19:00:00,6719.007,6721.773,6712.639,6715.806,1794,187,0,1794
2024-09-29 20:00:00,6715.896,6718.718,6708.98,6715.063,1798,187,0,1798
2024-09-29 21:00:00,6714.933,6722.221,6705.889,6709.775,1796,187,0,1796
2024-09-29 22:00:00,6710.093,6724.163,6705.13,6722.304,1797,187,0,1797
2024-09-29 23:00:00,6722.269,6722.803,6710.419,6714.483,1790,187,0,1790
2024-09-30 00:00:00,6714.422,6721.521,6711.313,6718.482,1792,187,0,1792
2024-09-30 01:00:00,6718.208,6721.454,6715.58,6716.428,1798,187,0,1798
2024-09-30 02:00:00,6716.278,6717.824,6710.657,6716.118,1796,187,0,1796
2024-09-30 03:00:00,6716.263,6721.162,6712.421,6712.821,1797,187,0,1797
2024-09-30 04:00:00,6712.709,6727.418,6711.89,6725.08,1795,187,0,1795
2024-09-30 05:00:00,6725.57,6726.132,6715.431,6717.297,1795,187,0,1795
2024-09-30 06:00:00,6717.171,6720.594,6704.87,6706.307,1793,187,0,1793
2024-09-30 07:00:00,6706.251,6711.683,6701.474,6711.283,1800,187,0,1800
2024-09-30 08:00:00,6711.346,6723.514,6709.612,6717.04,1797,187,0,1797
2024-09-30 09:00:00,6716.844,6721.669,6713.829,6720.484,1797,187,0,1797
2024-09-30 10:00:00,6720.383,6724.009,6715.677,6719.693,1795,187,0,1795
2024-09-30 11:00:00,6719.727,6725.614,6715.211,6722.781,1798,187,0,1798
2024-09-30 12:00:00,6722.655,6739.08,6718.658,6735.393,1795,187,0,1795
2024-09-30 13:00:00,6735.107,6743.258,6728.005,6742.464,1798,187,0,1798
2024-09-30 14:00:00,6742.549,6745.581,6735.037,6736.719,1796,187,0,1796
2024-09-30 15:00:00,6736.86,6740.338,6732.38,6733.124,1796,187,0,1796
2024-09-30 16:00:00,6733.156,6742.672,6727.652,6727.66,1797,187,0,1797
2024-09-30 17:00:00,6727.727,6727.727,6710.851,6711.63,1796,187,0,1796
2024-09-30 18:00:00,6711.751,6716.458,6706.763,6714.706,1798,187,0,1798
2024-09-30 19:00:00,6714.47,6719.047,6709.189,6716.589,1797,187,0,1797
2024-09-30 20:00:00,6716.626,6723.186,6712.863,6715.502,1800,187,0,1800
2024-09-30 21:00:00,6715.348,6717.096,6708.463,6712.241,1798,187,0,1798
2024-09-30 22:00:00,6712.105,6720.014,6711.146,6715.248,1799,187,0,1799
2024-09-30 23:00:00,6715.357,6720.652,6709.202,6719.445,1797,187,0,1797
2024-10-01 00:00:00,6719.369,6720.089,6704.457,6707.054,1796,187,0,1796
2024-10-01 01:00:00,6707.326,6717.714,6707.265,6711.484,1796,187,0,1796
2024-10-01 02:00:00,6711.535,6716.563,6701.64,6706.648,1797,187,0,1797
2024-10-01 03:00:00,6706.552,6720.087,6705.978,6720.087,1798,187,0,1798
2024-10-01 04:00:00,6720.037,6724.534,6715.714,6720.672,1798,187,0,1798
2024-10-01 05:00:00,6720.496,6724.072,6710.708,6710.708,1797,187,0,1797
2024-10-01 06:00:00,6710.36,6720.749,6709.886,6719.841,1794,187,0,1794
2024-10-01 07:00:00,6719.945,6733.706,6716.412,6731.615,1793,186,0,1793
2024-10-01 08:00:00,6731.468,6734.371,6727.97,6729.909,1797,186,0,1797
2024-10-01 09:00:00,6729.982,6734.507,6728.753,6732.025,1792,186,0,1792
2024-10-01 10:00:00,6731.974,6733.463,6724.359,6731.599,1794,186,0,1794
2024-10-01 11:00:00,6731.548,6736.0,6726.106,6728.446,1793,186,0,1793
2024-10-01 12:00:00,6728.769,6739.626,6727.732,6739.273,1797,186,0,1797
2024-10-01 13:00:00,6739.619,6752.232,6736.779,6745.109,1800,186,0,1800
2024-10-01 14:00:00,6744.895,6750.255,6740.205,6742.679,1798,186,0,1798
2024-10-01 15:00:00,6742.671,6745.749,6736.134,6737.344,1796,186,0,1796
2024-10-01 16:00:00,6737.44,6741.608,6730.046,6736.774,1796,186,0,1796
2024-10-01 17:00:00,6736.852,6743.049,6726.87,6732.144,1793,186,0,1793
2024-10-01 18:00:00,6732.282,6732.706,6722.702,6724.829,1799,186,0,1799
2024-10-01 19:00:00,6724.734,6727.662,6712.013,6717.802,1796,186,0,1796
2024-10-01 20:00:00,6717.894,6720.319,6715.919,6716.669,1795,186,0,1795
2024-10-01 21:00:00,6716.6,6721.089,6709.737,6710.307,1798,186,0,1798
2024-10-01 22:00:00,6710.275,6721.456,6708.958,6720.653,1797,186,0,1797
2024-10-01 23:00:00,6720.692,6721.497,6714.302,6715.31,1793,186,0,1793
2024-10-02 00:00:00,6715.405,6728.788,6715.39,6722.784,1795,186,0,1795
2024-10-02 01:00:00,6722.791,6733.97,6720.326,6733.44,1798,186,0,1798
2024-10-02 02:00:00,6733.592,6746.551,6733.437,6738.998,1797,186,0,1797
2024-10-02 03:00:00,6738.735,6740.789,6732.301,6734.105,1798,186,0,1798
2024-10-02 04:00:00,6733.871,6738.128,6730.497,6738.128,1799,186,0,1799
2024-10-02 05:00:00,6737.887,6744.366,6737.108,6742.683,1799,186,0,1799
2024-10-02 06:00:00,6742.412,6744.568,6735.678,6741.83,1795,186,0,1795
2024-10-02 07:00:00,6741.833,6750.027,6740.423,6748.384,1798,186,0,1798
2024-10-02 08:00:00,6748.017,6752.13,6742.65,6744.217,1795,186,0,1795
2024-10-02 09:00:00,6744.289,6747.694,6738.621,6740.1,1796,186,0,1796
2024-10-02 10:00:00,6739.974,6743.951,6726.776,6727.228,1795,186,0,1795
2024-10-02 11:00:00,6727.394,6730.957,6723.345,6730.235,1798,186,0,1798
2024-10-02 12:00:00,6729.993,6733.334,6725.595,6729.683,1796,186,0,1796
2024-10-02 13:00:00,6729.951,6736.437,6724.91,6726.483,1795,186,0,1795
2024-10-02 14:00:00,6726.812,6734.782,6724.732,6726.941,1800,186,0,1800
2024-10-02 15:00:00,6726.892,6729.041,6720.532,6722.317,1794,186,0,1794
2024-10-02 16:00:00,6722.353,6728.2,6717.608,6718.98,1796,186,0,1796
2024-10-02 17:00:00,6718.85,6718.931,6710.464,6711.408,1796,186,0,1796
2024-10-02 18:00:00,6711.446,6712.74,6704.977,6706.651,1796,186,0,1796
2024-10-02 19:00:00,6706.571,6709.905,6701.048,6703.916,1795,186,0,1795
2024-10-02 20:00:00,6703.93,6716.164,6703.424,6715.845,1793,186,0,1793
2024-10-02 21:00:00,6715.822,6720.085,6705.32,6717.297,1794,186,0,1794
2024-10-02 22:00:00,6717.501,6720.989,6715.046,6719.501,1799,186,0,1799
2024-10-02 23:00:00,6719.281,6719.566,6706.826,6709.35,1797,186,0,1797
2024-10-03 00:00:00,6709.696,6721.515,6706.55,6718.472,1798,186,0,1798
2024-10-03 01:00:00,6718.306,6721.683,6710.98,6716.273,1796,186,0,1796
2024-10-03 02:00:00,6716.22,6717.99,6710.396,6715.527,1797,186,0,1797
2024-10-03 03:00:00,6715.309,6719.807,6709.129,6715.026,1799,186,0,1799
2024-10-03 04:00:00,6715.009,6718.295,6709.345,6716.708,1797,186,0,1797
2024-10-03 05:00:00,6716.568,6721.289,6709.643,6713.298,1794,186,0,1794
2024-10-03 06:00:00,6713.394,6714.345,6701.679,6706.522,1793,186,0,1793
2024-10-03 07:00:00,6706.698,6712.748,6703.247,6709.387,1799,186,0,1799
2024-10-03 08:00:00,6709.396,6712.977,6705.638,6711.142,1794,186,0,1794
2024-10-03 09:00:00,6710.808,6718.538,6703.355,6704.23,1797,186,0,1797
2024-10-03 10:00:00,6704.255,6704.844,6686.605,6689.602,1793,186,0,1793
2024-10-03 11:00:00,6689.38,6692.788,6686.202,6686.605,1799,186,0,1799
2024-10-03 12:00:00,6686.496,6690.183,6676.098,6677.529,1795,186,0,1795
2024-10-03 13:00:00,6677.522,6689.035,6675.452,6688.022,1793,186,0,1793
2024-10-03 14:00:00,6687.798,6691.208,6682.869,6689.323,1797,186,0,1797
2024-10-03 15:00:00,6689.462,6692.887,6683.419,6684.075,1796,186,0,1796
2024-10-03 16:00:00,6684.025,6685.572,6677.542,6678.38,1796,186,0,1796
2024-10-03 17:00:00,6678.433,6684.978,6677.268,6680.618,1795,186,0,1795
2024-10-03 18:00:00,6680.584,6682.626,6673.656,6674.024,1794,186,0,1794
2024-10-03 19:00:00,6674.106,6682.067,6671.457,6681.271,1796,186,0,1796
2024-10-03 20:00:00,6681.114,6682.292,6672.457,6673.987,1796,186,0,1796
2024-10-03 21:00:00,6673.952,6677.446,6670.108,6671.234,1797,186,0,1797
2024-10-03 22:00:00,6671.448,6687.214,6666.651,6686.668,1794,186,0,1794
2024-10-03 23:00:00,6686.776,6693.81,6685.16,6690.013,1794,186,0,1794
2024-10-04 00:00:00,6690.121,6691.639,6679.66,6681.217,1795,186,0,1795
2024-10-04 01:00:00,6680.953,6681.82,6671.723,6671.989,1793,186,0,1793
2024-10-04 02:00:00,6672.034,6673.801,6657.697,6659.921,1794,186,0,1794
2024-10-04 03:00:00,6660.043,6669.996,6656.954,6657.161,1795,186,0,1795
2024-10-04 04:00:00,6657.2,6659.875,6645.762,6645.816,1796,186,0,1796
2024-10-04 05:00:00,6645.928,6659.595,6639.805,6659.595,1799,186,0,1799
2024-10-04 06:00:00,6659.587,6660.839,6654.328,6658.343,1793,186,0,1793
2024-10-04 07:00:00,6658.414,6658.966,6651.327,6657.564,1797,186,0,1797
2024-10-04 08:00:00,6657.655,6665.769,6653.376,6664.587,1794,186,0,1794
2024-10-04 09:00:00,6664.423,6666.8,6646.816,6647.141,1797,186,0,1797
2024-10-04 10:00:00,6647.149,6650.653,6644.028,6649.178,1797,186,0,1797
2024-10-04 11:00:00,6649.125,6650.048,6640.529,6650.048,1797,186,0,1797
2024-10-04 12:00:00,6649.914,6659.54,6648.95,6655.423,1796,186,0,1796
2024-10-04 13:00:00,6655.212,6657.342,6645.648,6646.869,1796,186,0,1796
2024-10-04 14:00:00,6647.078,6648.963,6636.712,6638.293,1795,186,0,1795
2024-10-04 15:00:00,6638.235,6639.071,6627.467,6632.613,1794,186,0,1794
2024-10-04 16:00:00,6632.87,6633.497,6625.888,6630.484,1799,186,0,1799
2024-10-04 17:00:00,6630.557,6631.625,6617.564,6617.564,1797,186,0,1797
2024-10-04 18:00:00,6617.299,6627.613,6614.245,6627.53,1798,186,0,1798
2024-10-04 19:00:00,6627.689,6634.09,6620.268,6620.786,1798,186,0,1798
2024-10-04 20:00:00,6620.773,6629.11,6615.805,6629.11,1796,186,0,1796
2024-10-04 21:00:00,6628.998,6637.931,6625.484,6636.243,1794,186,0,1794
2024-10-04 22:00:00,6636.145,6639.288,6634.938,6635.777,1799,186,0,1799
2024-10-04 23:00:00,6635.764,6635.894,6622.821,6627.707,1797,186,0,1797
2024-10-05 00:00:00,6627.802,6629.578,6621.625,6628.614,1795,186,0,1795
2024-10-05 01:00:00,6628.566,6630.319,6617.986,6618.227,1796,186,0,1796
2024-10-05 02:00:00,6618.238,6626.993,6617.141,6620.694,1795,186,0,1795
2024-10-05 03:00:00,6620.658,6626.12,6618.63,6621.806,1796,186,0,1796
2024-10-05 04:00:00,6621.823,6622.908,6610.566,6611.994,1795,186,0,1795
2024-10-05 05:00:00,6611.821,6624.154,6608.033,6623.701,1796,186,0,1796
2024-10-05 06:00:00,6623.725,6631.817,6622.622,6628.292,1796,186,0,1796
2024-10-05 07:00:00,6628.208,6633.903,6625.745,6633.277,1796,186,0,1796
2024-10-05 08:00:00,6633.019,6641.873,6630.751,6640.797,1795,186,0,1795
2024-10-05 09:00:00,6640.664,6643.109,6633.511,6640.724,1794,186,0,1794
2024-10-05 10:00:00,6640.685,6642.317,6632.676,6635.26,1795,186,0,1795
2024-10-05 11:00:00,6635.121,6637.901,6629.319,6633.647,1796,186,0,1796
2024-10-05 12:00:00,6633.291,6634.983,6623.162,6626.532,1799,186,0,1799
2024-10-05 13:00:00,6626.742,6634.095,6622.057,6633.046,1797,186,0,1797
2024-10-05 14:00:00,6633.131,6638.132,6629.504,6633.768,1793,186,0,1793
2024-10-05 15:00:00,6633.585,6639.953,6630.278,6636.1,1792,186,0,1792
2024-10-05 16:00:00,6636.222,6641.229,6630.08,6639.664,1795,186,0,1795
2024-10-05 17:00:00,6639.752,6646.325,6633.907,6640.62,1797,186,0,1797
2024-10-05 18:00:00,6640.77,6645.255,6634.916,6641.004,1798,186,0,1798
2024-10-05 19:00:00,6640.981,6643.361,6634.755,6643.316,1796,186,0,1796
2024-10-05 20:00:00,6643.433,6649.515,6637.812,6638.817,1798,186,0,1798
2024-10-05 21:00:00,6638.62,6648.906,6636.248,6647.74,1798,186,0,1798
2024-10-05 22:00:00,6647.937,6649.143,6637.876,6641.276,1798,186,0,1798
2024-10-05 23:00:00,6641.212,6643.317,6627.599,6629.026,1794,186,0,1794
2024-10-06 00:00:00,6629.052,6640.478,6624.957,6639.731,1793,186,0,1793
2024-10-06 01:00:00,6640.134,6646.091,6638.641,6644.008,1799,186,0,1799
2024-10-06 02:00:00,6644.118,6646.207,6635.819,6644.813,1796,186,0,1796
2024-10-06 03:00:00,6644.832,6646.385,6638.631,6640.601,1794,186,0,1794
2024-10-06 04:00:00,6640.983,6644.958,6635.706,6635.706,1794,186,0,1794
2024-10-06 05:00:00,6635.734,6636.127,6626.008,6631.435,1797,186,0,1797
2024-10-06 06:00:00,6631.412,6636.077,6629.051,6632.36,1799,186,0,1799
2024-10-06 07:00:00,6632.508,6636.858,6631.022,6634.045,1794,186,0,1794
2024-10-06 08:00:00,6633.782,6634.425,6626.089,6629.583,1793,186,0,1793
2024-10-06 09:00:00,6629.813,6634.876,6621.193,6621.27,1795,186,0,1795
2024-10-06 10:00:00,6620.948,6626.732,6619.113,6626.103,1795,186,0,1795
2024-10-06 11:00:00,6626.007,6633.356,6620.606,6628.507,1795,186,0,1795
2024-10-06 12:00:00,6628.24,6631.726,6619.653,6630.623,1797,186,0,1797
2024-10-06 13:00:00,6629.974,6634.516,6623.871,6630.412,1798,186,0,1798
2024-10-06 14:00:00,6630.333,6634.105,6625.32,6632.321,1794,186,0,1794
2024-10-06 15:00:00,6632.279,6633.568,6621.813,6630.192,1793,186,0,1793
2024-10-06 16:00:00,6630.222,6630.987,6624.115,6628.655,1799,186,0,1799
2024-10-06 17:00:00,6628.787,6636.641,6627.801,6633.479,1795,186,0,1795
2024-10-06 18:00:00,6633.361,6633.361,6626.226,6629.977,1795,186,0,1795
2024-10-06 19:00:00,6629.948,6641.904,6624.931,6639.542,1798,186,0,1798
2024-10-06 20:00:00,6640.0,6641.916,6635.09,6639.17,1797,186,0,1797
2024-10-06 21:00:00,6639.198,6640.404,6634.791,6635.79,1795,186,0,1795
2024-10-06 22:00:00,6635.436,6639.751,6631.384,6636.5,1799,186,0,1799
2024-10-06 23:00:00,6636.585,6650.089,6634.578,6650.089,1793,186,0,1793
2024-10-07 00:00:00,6650.218,6652.601,6638.054,6639.675,1794,186,0,1794
2024-10-07 01:00:00,6639.46,6647.751,6639.249,6647.751,1791,186,0,1791
2024-10-07 02:00:00,6647.449,6662.089,6645.94,6656.058,1799,186,0,1799
2024-10-07 03:00:00,6656.24,6656.79,6646.927,6647.252,1795,186,0,1795
2024-10-07 04:00:00,6647.41,6649.857,6638.947,6644.397,1796,186,0,1796
2024-10-07 05:00:00,6644.579,6657.348,6644.526,6654.26,1793,186,0,1793
2024-10-07 06:00:00,6654.153,6661.45,6650.827,6652.205,1795,186,0,1795
2024-10-07 07:00:00,6652.309,6655.928,6650.149,6652.501,1797,186,0,1797
2024-10-07 08:00:00,6652.695,6657.958,6644.474,6648.921,1796,186,0,1796
2024-10-07 09:00:00,6649.107,6654.263,6644.309,6648.26,1797,186,0,1797
2024-10-07 10:00:00,6648.465,6651.503,6642.05,6644.249,1796,186,0,1796
2024-10-07 11:00:00,6644.454,6649.585,6637.628,6641.672,1797,186,0,1797
2024-10-07 12:00:00,6641.343,6643.275,6633.317,6639.586,1793,186,0,1793
2024-10-07 13:00:00,6639.404,6645.136,6637.738,6643.448,1798,186,0,1798
2024-10-07 14:00:00,6643.686,6657.719,6642.411,6650.475,1791,186,0,1791
2024-10-07 15:00:00,6650.118,6655.94,6647.62,6652.096,1793,186,0,1793
2024-10-07 16:00:00,6652.138,6653.241,6645.647,6648.765,1799,186,0,1799
2024-10-07 17:00:00,6648.464,6657.751,6646.314,6654.492,1793,186,0,1793
2024-10-07 18:00:00,6654.372,6654.372,6631.267,6631.267,1797,186,0,1797
2024-10-07 19:00:00,6631.047,6635.259,6624.615,6625.417,1795,186,0,1795
2024-10-07 20:00:00,6625.332,6627.001,6619.106,6625.851,1797,186,0,1797
2024-10-07 21:00:00,6625.738,6630.707,6620.406,6627.589,1793,186,0,1793
2024-10-07 22:00:00,6627.575,6633.432,6623.594,6627.737,1796,186,0,1796
2024-10-07 23:00:00,6627.835,6631.436,6621.311,6625.2,1794,186,0,1794
2024-10-08 00:00:00,6624.932,6637.718,6623.935,6636.979,1796,186,0,1796
2024-10-08 01:00:00,6636.978,6644.022,6630.067,6633.15,1796,186,0,1796
2024-10-08 02:00:00,6632.933,6638.829,6631.29,6636.58,1796,186,0,1796
2024-10-08 03:00:00,6636.684,6641.488,6633.736,6635.96,1800,186,0,1800
2024-10-08 04:00:00,6635.834,6645.686,6635.834,6638.764,1793,186,0,1793
2024-10-08 05:00:00,6638.585,6643.745,6629.222,6629.674,1797,186,0,1797
2024-10-08 06:00:00,6629.696,6633.061,6624.963,6630.207,1799,186,0,1799
2024-10-08 07:00:00,6630.172,6630.326,6616.398,6617.784,1798,186,0,1798
2024-10-08 08:00:00,6617.696,6621.979,6615.728,6620.606,1794,183,0,1794
2024-10-08 09:00:00,6620.814,6628.775,6620.113,6621.901,1795,183,0,1795
2024-10-08 10:00:00,6622.221,6629.808,6618.538,6629.684,1797,183,0,1797
2024-10-08 11:00:00,6629.65,6639.224,6626.579,6627.904,1792,183,0,1792
2024-10-08 12:00:00,6627.879,6628.972,6620.87,6623.865,1797,183,0,1797
2024-10-08 13:00:00,6623.602,6626.672,6620.072,6626.007,1800,183,0,1800
2024-10-08 14:00:00,6625.819,6625.819,6617.676,6622.22,1798,183,0,1798
2024-10-08 15:00:00,6622.312,6639.751,6622.041,6632.881,1795,183,0,1795
2024-10-08 16:00:00,6633.048,6637.278,6631.051,6636.29,1796,183,0,1796
2024-10-08 17:00:00,6636.295,6640.042,6628.759,6630.29,1793,183,0,1793
2024-10-08 18:00:00,6630.371,6630.397,6622.976,6626.555,1797,183,0,1797
2024-10-08 19:00:00,6626.63,6627.138,6618.658,6622.75,1797,183,0,1797
2024-10-08 20:00:00,6622.699,6628.079,6618.08,6620.394,1795,183,0,1795
2024-10-08 21:00:00,6620.327,6631.249,6617.971,6629.079,1795,183,0,1795
2024-10-08 22:00:00,6629.098,6636.147,6627.249,6627.249,1799,183,0,1799
2024-10-08 23:00:00,6627.345,6631.067,6617.816,6621.708,1797,183,0,1797
2024-10-09 00:00:00,6621.966,6629.529,6621.791,6625.161,1798,183,0,1798
2024-10-09 01:00:00,6625.511,6627.035,6618.834,6624.916,1796,183,0,1796
2024-10-09 02:00:00,6625.024,6632.941,6623.801,6630.762,1796,183,0,1796
2024-10-09 03:00:00,6630.948,6634.73,6628.201,6631.261,1795,183,0,1795
2024-10-09 04:00:00,6631.229,6638.866,6622.822,6638.866,1799,183,0,1799
2024-10-09 05:00:00,6639.012,6651.115,6638.607,6648.048,1799,183,0,1799
2024-10-09 06:00:00,6648.056,6648.241,6636.814,6641.336,1797,183,0,1797
2024-10-09 07:00:00,6641.261,6649.662,6637.133,6647.545,1795,183,0,1795
2024-10-09 08:00:00,6647.478,6653.272,6642.918,6643.956,1798,183,0,1798
2024-10-09 09:00:00,6643.883,6647.42,6640.22,6643.081,1796,183,0,1796
2024-10-09 10:00:00,6643.224,6643.224,6628.611,6634.757,1794,183,0,1794
2024-10-09 11:00:00,6634.845,6647.123,6634.285,6640.352,1794,183,0,1794
2024-10-09 12:00:00,6640.379,6646.529,6635.72,6644.711,1795,183,0,1795
2024-10-09 13:00:00,6644.761,6648.29,6640.545,6644.983,1798,183,0,1798
2024-10-09 14:00:00,6645.027,6659.225,6642.589,6658.241,1796,183,0,1796
2024-10-09 15:00:00,6658.439,6664.909,6655.126,6657.509,1795,183,0,1795
2024-10-09 16:00:00,6657.356,6662.312,6654.118,6656.025,1796,183,0,1796
2024-10-09 17:00:00,6656.336,6667.015,6655.002,6666.406,1794,183,0,1794
2024-10-09 18:00:00,6666.288,6669.363,6662.792,6667.608,1796,183,0,1796
2024-10-09 19:00:00,6667.448,6670.944,6656.846,6660.099,1796,183,0,1796
2024-10-09 20:00:00,6660.167,6660.676,6652.695,6656.073,1798,183,0,1798
2024-10-09 21:00:00,6655.94,6657.701,6645.211,6647.466,1797,183,0,1797
2024-10-09 22:00:00,6647.624,6649.478,6638.496,6640.582,1796,183,0,1796
2024-10-09 23:00:00,6640.651,6647.385,6638.634,6646.557,1791,183,0,1791
2024-10-10 00:00:00,6646.689,6658.88,6643.242,6645.162,1793,183,0,1793
2024-10-10 01:00:00,6645.129,6647.086,6633.256,6634.932,1795,183,0,1795
2024-10-10 02:00:00,6634.907,6637.683,6629.878,6632.627,1796,183,0,1796
2024-10-10 03:00:00,6632.884,6635.535,6628.59,6628.59,1794,183,0,1794
2024-10-10 04:00:00,6628.442,6629.961,6621.58,6623.157,1794,183,0,1794
2024-10-10 05:00:00,6623.083,6625.181,6610.985,6612.026,1797,183,0,1797
2024-10-10 06:00:00,6611.981,6614.344,6606.288,6607.057,1795,183,0,1795
2024-10-10 07:00:00,6606.966,6618.815,6606.443,6615.785,1795,183,0,1795
2024-10-10 08:00:00,6615.951,6631.3,6615.256,6624.313,1797,183,0,1797
2024-10-10 09:00:00,6623.935,6634.766,6623.467,6632.401,1797,183,0,1797
2024-10-10 10:00:00,6632.448,6636.415,6625.513,6635.088,1795,183,0,1795
2024-10-10 11:00:00,6634.88,6637.059,6625.844,6626.976,1796,183,0,1796
2024-10-10 12:00:00,6627.229,6632.847,6623.545,6627.818,1795,183,0,1795
2024-10-10 13:00:00,6627.492,6628.708,6617.541,6620.192,1795,183,0,1795
2024-10-10 14:00:00,6620.311,6630.601,6620.264,6630.486,1797,183,0,1797
2024-10-10 15:00:00,6630.311,6637.025,6628.612,6630.881,1796,183,0,1796
2024-10-10 16:00:00,6630.73,6632.433,6612.783,6616.503,1797,183,0,1797
2024-10-10 17:00:00,6616.338,6630.239,6615.922,6620.834,1793,183,0,1793
2024-10-10 18:00:00,6621.011,6627.918,6619.591,6626.024,1798,183,0,1798
2024-10-10 19:00:00,6626.062,6640.432,6625.685,6636.322,1793,183,0,1793
2024-10-10 20:00:00,6636.186,6642.466,6632.921,6636.737,1797,183,0,1797
2024-10-10 21:00:00,6636.931,6638.776,6633.312,6636.264,1796,183,0,1796
2024-10-10 22:00:00,6635.928,6637.1,6627.743,6627.743,1797,183,0,1797
2024-10-10 23:00:00,6627.822,6636.308,6627.728,6629.941,1795,183,0,1795
2024-10-11 00:00:00,6629.984,6630.415,6617.877,6620.659,1800,183,0,1800
2024-10-11 01:00:00,6620.536,6621.781,6610.067,6610.505,1794,183,0,1794
2024-10-11 02:00:00,6610.594,6611.114,6603.625,6604.321,1795,183,0,1795
2024-10-11 03:00:00,6604.329,6608.379,6602.529,6604.84,1796,183,0,1796
2024-10-11 04:00:00,6604.527,6612.624,6600.26,6606.782,1795,183,0,1795
2024-10-11 05:00:00,6606.668,6612.072,6602.981,6611.646,1798,183,0,1798
2024-10-11 06:00:00,6611.897,6615.743,6604.202,6604.202,1796,183,0,1796
2024-10-11 07:00:00,6603.878,6607.034,6592.629,6592.946,1794,183,0,1794
2024-10-11 08:00:00,6592.767,6600.682,6592.3,6596.733,1795,183,0,1795
2024-10-11 09:00:00,6596.571,6607.607,6593.337,6607.065,1796,183,0,1796
2024-10-11 10:00:00,6606.905,6611.547,6605.45,6610.558,1794,183,0,1794
2024-10-11 11:00:00,6610.214,6612.768,6602.564,6607.474,1798,183,0,1798
2024-10-11 12:00:00,6607.812,6615.907,6607.609,6615.464,1796,183,0,1796
2024-10-11 13:00:00,6615.747,6626.92,6615.37,6624.048,1796,183,0,1796
2024-10-11 14:00:00,6624.177,6628.684,6620.939,6624.419,1793,183,0,1793
2024-10-11 15:00:00,6624.554,6633.136,6624.075,6632.813,1793,183,0,1793
2024-10-11 16:00:00,6632.917,6638.751,6629.71,6631.574,1798,183,0,1798
2024-10-11 17:00:00,6631.35,6633.002,6620.135,6623.214,1794,183,0,1794
2024-10-11 18:00:00,6623.411,6624.355,6615.004,6622.896,1795,183,0,1795
2024-10-11 19:00:00,6622.957,6623.502,6615.997,6621.829,1795,183,0,1795
2024-10-11 20:00:00,6621.715,6622.689,6615.887,6620.492,1797,183,0,1797
2024-10-11 21:00:00,6620.614,6628.502,6620.386,6628.463,1799,183,0,1799
2024-10-11 22:00:00,6628.642,6630.944,6617.768,6623.51,1794,183,0,1794
2024-10-11 23:00:00,6623.51,6623.85,6612.535,6620.096,1793,183,0,1793
2024-10-12 00:00:00,6620.202,6623.109,6617.735,6623.109,1798,183,0,1798
2024-10-12 01:00:00,6623.264,6631.069,6621.864,6628.744,1799,183,0,1799
2024-10-12 02:00:00,6628.856,6631.358,6621.173,6628.924,1798,183,0,1798
2024-10-12 03:00:00,6628.985,6634.113,6623.545,6625.801,1797,183,0,1797
2024-10-12 04:00:00,6625.925,6634.538,6625.416,6631.595,1795,183,0,1795
2024-10-12 05:00:00,6631.635,6631.658,6623.791,6626.275,1799,183,0,1799
2024-10-12 06:00:00,6626.021,6630.748,6622.374,6626.147,1798,183,0,1798
2024-10-12 07:00:00,6626.378,6641.431,6624.059,6637.659,1791,183,0,1791
2024-10-12 08:00:00,6637.803,6646.737,6637.188,6646.737,1799,183,0,1799
2024-10-12 09:00:00,6646.776,6647.007,6633.391,6635.259,1800,183,0,1800
2024-10-12 10:00:00,6635.341,6643.526,6633.628,6638.21,1791,183,0,1791
2024-10-12 11:00:00,6638.083,6639.096,6627.69,6630.568,1795,183,0,1795
2024-10-12 12:00:00,6630.715,6638.219,6627.931,6637.133,1797,183,0,1797
2024-10-12 13:00:00,6636.793,6637.774,6630.098,6634.615,1798,183,0,1798
2024-10-12 14:00:00,6634.431,6647.238,6633.096,6645.914,1795,183,0,1795
2024-10-12 15:00:00,6645.805,6649.544,6641.585,6643.397,1796,183,0,1796
2024-10-12 16:00:00,6643.468,6651.153,6639.427,6640.726,1796,183,0,1796
2024-10-12 17:00:00,6640.843,6646.705,6635.781,6636.233,1794,183,0,1794
2024-10-12 18:00:00,6636.089,6636.62,6628.81,6633.347,1798,183,0,1798
2024-10-12 19:00:00,6633.515,6641.705,6631.311,6637.01,1794,183,0,1794
2024-10-12 20:00:00,6637.099,6650.424,6634.872,6649.393,1795,183,0,1795
2024-10-12 21:00:00,6649.259,6649.259,6636.394,6636.495,1798,183,0,1798
2024-10-12 22:00:00,6636.686,6639.65,6627.348,6629.825,1796,183,0,1796
2024-10-12 23:00:00,6629.855,6635.932,6628.105,6630.944,1793,183,0,1793
2024-10-13 00:00:00,6631.062,6635.21,6628.475,6630.929,1797,183,0,1797
2024-10-13 01:00:00,6630.777,6632.398,6620.527,6625.59,1691,183,0,1691
2024-10-13 02:00:00,6625.865,6628.799,6618.181,6627.554,1798,183,0,1798
2024-10-13 03:00:00,6627.562,6630.067,6624.183,6625.291,1795,183,0,1795
2024-10-13 04:00:00,6625.038,6626.145,6618.216,6623.352,1796,183,0,1796
2024-10-13 05:00:00,6623.289,6633.737,6622.778,6631.398,1798,183,0,1798
2024-10-13 06:00:00,6631.397,6631.446,6614.582,6615.243,1796,183,0,1796
2024-10-13 07:00:00,6615.398,6630.461,6614.377,6628.462,1797,183,0,1797
2024-10-13 08:00:00,6628.464,6631.426,6613.73,6613.778,1796,183,0,1796
2024-10-13 09:00:00,6613.653,6619.267,6612.599,6614.137,1797,183,0,1797
2024-10-13 10:00:00,6614.055,6618.114,6602.487,6609.646,1798,183,0,1798
2024-10-13 11:00:00,6609.654,6611.153,6586.892,6587.874,1797,183,0,1797
2024-10-13 12:00:00,6587.904,6593.91,6585.439,6586.786,1799,183,0,1799
2024-10-13 13:00:00,6586.855,6597.167,6584.325,6596.833,1794,183,0,1794
2024-10-13 14:00:00,6596.709,6605.19,6595.7,6599.59,1797,183,0,1797
2024-10-13 15:00:00,6599.509,6601.87,6587.151,6601.356,1797,183,0,1797
2024-10-13 16:00:00,6601.295,6610.258,6594.683,6603.746,1797,183,0,1797
2024-10-13 17:00:00,6603.656,6606.76,6588.015,6589.817,1795,183,0,1795
2024-10-13 18:00:00,6589.675,6591.67,6579.419,6581.722,1796,183,0,1796
2024-10-13 19:00:00,6581.747,6591.091,6576.182,6587.883,1793,183,0,1793
2024-10-13 20:00:00,6587.855,6590.333,6582.832,6586.074,1797,183,0,1797
2024-10-13 21:00:00,6586.161,6589.02,6583.102,6587.498,1795,183,0,1795
2024-10-13 22:00:00,6587.55,6588.766,6579.548,6581.51,1792,183,0,1792
2024-10-13 23:00:00,6581.417,6585.556,6576.549,6584.497,1793,183,0,1793
2024-10-14 00:00:00,6584.831,6595.831,6582.245,6595.831,1796,183,0,1796
2024-10-14 01:00:00,6595.834,6600.605,6585.908,6598.858,1796,183,0,1796
2024-10-14 02:00:00,6598.598,6604.23,6595.475,6601.917,1794,183,0,1794
2024-10-14 03:00:00,6601.806,6602.988,6592.394,6597.006,1797,183,0,1797
2024-10-14 04:00:00,6596.576,6603.026,6594.387,6602.143,1795,183,0,1795
2024-10-14 05:00:00,6601.869,6605.712,6592.562,6593.332,1795,183,0,1795
2024-10-14 06:00:00,6593.696,6596.453,6585.443,6585.965,1796,183,0,1796
2024-10-14 07:00:00,6586.08,6587.872,6580.421,6583.425,1795,183,0,1795
2024-10-14 08:00:00,6583.372,6584.542,6569.156,6580.729,1795,183,0,1795
2024-10-14 09:00:00,6580.633,6587.705,6577.926,6580.547,1795,183,0,1795
2024-10-14 10:00:00,6580.226,6585.567,6573.708,6574.198,1794,183,0,1794
2024-10-14 11:00:00,6574.159,6579.112,6569.371,6570.52,1794,183,0,1794
2024-10-14 12:00:00,6570.448,6576.344,6567.908,6575.281,1796,183,0,1796
2024-10-14 13:00:00,6575.062,6587.228,6574.768,6586.388,1797,183,0,1797
2024-10-14 14:00:00,6586.472,6599.918,6586.051,6598.083,1795,183,0,1795
2024-10-14 15:00:00,6598.255,6599.901,6592.343,6598.708,1799,183,0,1799
2024-10-14 16:00:00,6598.955,6606.511,6598.196,6605.242,1799,183,0,1799
2024-10-14 17:00:00,6605.319,6605.945,6597.165,6597.788,1793,183,0,1793
2024-10-14 18:00:00,6597.941,6600.996,6592.041,6595.708,1796,183,0,1796
2024-10-14 19:00:00,6595.886,6602.776,6589.892,6602.389,1793,183,0,1793
2024-10-14 20:00:00,6602.183,6604.162,6598.146,6599.358,1797,183,0,1797
2024-10-14 21:00:00,6599.251,6603.545,6594.613,6596.987,1795,183,0,1795
2024-10-14 22:00:00,6596.74,6613.575,6595.816,6612.344,1797,183,0,1797
2024-10-14 23:00:00,6612.288,6614.519,6600.401,6603.201,1794,183,0,1794
2024-10-15 00:00:00,6603.538,6606.133,6594.846,6602.512,1796,183,0,1796
2024-10-15 01:00:00,6602.302,6607.617,6599.471,6603.628,1797,183,0,1797
2024-10-15 02:00:00,6603.945,6605.654,6599.209,6601.71,1796,183,0,1796
2024-10-15 03:00:00,6601.571,6605.563,6597.214,6601.461,1796,183,0,1796
2024-10-15 04:00:00,6601.182,6624.937,6600.182,6623.567,1798,183,0,1798
2024-10-15 05:00:00,6623.451,6632.561,6622.697,6631.113,1795,183,0,1795
2024-10-15 06:00:00,6631.201,6638.182,6629.878,6633.137,1795,183,0,1795
2024-10-15 07:00:00,6633.204,6637.364,6624.469,6626.89,1796,183,0,1796
2024-10-15 08:00:00,6626.853,6634.178,6624.187,6628.339,1793,183,0,1793
2024-10-15 09:00:00,6628.048,6631.864,6623.818,6629.186,1800,184,0,1800
2024-10-15 10:00:00,6628.889,6629.82,6618.886,6621.082,1796,184,0,1796
2024-10-15 11:00:00,6621.2,6623.677,6613.261,6620.189,1795,184,0,1795
2024-10-15 12:00:00,6620.151,6628.436,6619.332,6625.2,1796,184,0,1796
2024-10-15 13:00:00,6625.148,6633.183,6621.662,6629.57,1793,184,0,1793
2024-10-15 14:00:00,6629.739,6635.919,6626.216,6629.004,1797,184,0,1797
2024-10-15 15:00:00,6628.643,6629.034,6619.434,6620.756,1797,184,0,1797
2024-10-15 16:00:00,6620.477,6622.082,6613.142,6620.089,1798,184,0,1798
2024-10-15 17:00:00,6620.227,6630.211,6618.529,6626.561,1796,184,0,1796
2024-10-15 18:00:00,6626.523,6632.398,6614.63,6631.094,1797,184,0,1797
2024-10-15 19:00:00,6631.45,6631.885,6619.735,6619.785,1795,184,0,1795
2024-10-15 20:00:00,6619.574,6622.009,6613.031,6616.892,1792,184,0,1792
2024-10-15 21:00:00,6616.759,6621.008,6613.507,6619.568,1790,184,0,1790
2024-10-15 22:00:00,6619.584,6627.507,6618.529,6619.714,1798,184,0,1798
2024-10-15 23:00:00,6619.516,6619.941,6608.789,6609.089,1797,184,0,1797
2024-10-16 00:00:00,6609.19,6618.392,6607.885,6615.115,1800,184,0,1800
2024-10-16 01:00:00,6615.195,6626.481,6613.709,6625.996,1796,184,0,1796
2024-10-16 02:00:00,6625.996,6631.446,6623.536,6629.396,1797,184,0,1797
2024-10-16 03:00:00,6629.617,6630.735,6616.481,6617.8,1799,184,0,1799
2024-10-16 04:00:00,6617.784,6635.46,6617.02,6630.9,1794,184,0,1794
2024-10-16 05:00:00,6630.617,6638.069,6624.923,6625.809,1796,184,0,1796
2024-10-16 06:00:00,6626.015,6626.536,6619.552,6624.92,1796,184,0,1796
2024-10-16 07:00:00,6625.06,6625.308,6610.121,6615.439,1796,184,0,1796
2024-10-16 08:00:00,6615.402,6620.05,6609.804,6610.794,1796,184,0,1796
2024-10-16 09:00:00,6610.516,6612.441,6598.491,6601.213,1792,184,0,1792
2024-10-16 10:00:00,6600.864,6609.873,6596.501,6607.292,1799,184,0,1799
2024-10-16 11:00:00,6607.291,6611.692,6600.496,6604.982,1797,184,0,1797
2024-10-16 12:00:00,6605.058,6612.128,6603.785,6611.786,1795,184,0,1795
2024-10-16 13:00:00,6611.789,6623.114,6609.742,6614.437,1798,184,0,1798
2024-10-16 14:00:00,6614.349,6628.457,6608.955,6623.716,1790,184,0,1790
2024-10-16 15:00:00,6623.664,6629.01,6623.168,6624.613,1795,184,0,1795
2024-10-16 16:00:00,6624.436,6635.676,6624.235,6634.622,1796,184,0,1796
2024-10-16 17:00:00,6634.563,6637.702,6630.389,6632.886,1796,184,0,1796
2024-10-16 18:00:00,6632.762,6640.637,6631.918,6634.082,1798,184,0,1798
2024-10-16 19:00:00,6634.054,6636.383,6624.73,6626.618,1793,184,0,1793
2024-10-16 20:00:00,6626.658,6631.902,6621.491,6622.253,1794,184,0,1794
2024-10-16 21:00:00,6622.097,6628.847,6614.959,6622.811,1795,184,0,1795
2024-10-16 22:00:00,6623.116,6626.224,6606.7,6607.943,1798,184,0,1798
2024-10-16 23:00:00,6607.529,6614.588,6607.339,6611.912,1796,184,0,1796
2024-10-17 00:00:00,6612.025,6614.452,6602.386,6602.681,1799,184,0,1799
2024-10-17 01:00:00,6602.435,6611.074,6598.036,6608.633,1794,184,0,1794
2024-10-17 02:00:00,6608.541,6611.936,6599.53,6600.835,1795,184,0,1795
2024-10-17 03:00:00,6600.758,6608.706,6599.07,6606.192,1796,184,0,1796
2024-10-17 04:00:00,6605.933,6621.814,6605.752,6617.622,1798,184,0,1798
2024-10-17 05:00:00,6617.7,6618.321,6602.061,6605.46,1798,184,0,1798
2024-10-17 06:00:00,6605.541,6606.925,6598.957,6603.151,1794,184,0,1794
2024-10-17 07:00:00,6603.281,6604.61,6595.252,6598.565,1798,184,0,1798
2024-10-17 08:00:00,6598.621,6603.203,6588.711,6589.519,1797,184,0,1797
2024-10-17 09:00:00,6589.507,6594.129,6579.185,6580.807,1798,184,0,1798
2024-10-17 10:00:00,6580.887,6585.343,6577.9,6578.17,1796,184,0,1796
2024-10-17 11:00:00,6578.04,6581.586,6574.959,6578.98,1797,184,0,1797
2024-10-17 12:00:00,6579.337,6580.883,6570.8,6573.235,1795,184,0,1795
2024-10-17 13:00:00,6572.894,6584.279,6569.809,6579.835,1793,184,0,1793
2024-10-17 14:00:00,6579.896,6582.215,6573.637,6580.176,1793,184,0,1793
2024-10-17 15:00:00,6580.213,6595.368,6579.037,6591.315,1795,184,0,1795
2024-10-17 16:00:00,6591.256,6593.481,6586.236,6593.481,1799,184,0,1799
2024-10-17 17:00:00,6593.412,6595.176,6583.377,6590.528,1797,184,0,1797
2024-10-17 18:00:00,6590.329,6594.166,6586.603,6589.998,1793,184,0,1793
2024-10-17 19:00:00,6589.975,6596.4,6587.352,6588.027,1790,184,0,1790
2024-10-17 20:00:00,6588.007,6595.882,6586.292,6587.768,1796,184,0,1796
2024-10-17 21:00:00,6587.638,6589.617,6579.046,6580.791,1797,184,0,1797
2024-10-17 22:00:00,6580.668,6588.534,6574.673,6583.252,1799,184,0,1799
2024-10-17 23:00:00,6583.222,6592.401,6583.017,6589.179,1797,184,0,1797
2024-10-18 00:00:00,6589.092,6594.003,6581.409,6583.823,1793,184,0,1793
2024-10-18 01:00:00,6583.667,6586.975,6567.937,6568.123,1796,184,0,1796
2024-10-18 02:00:00,6568.08,6572.428,6564.603,6570.334,1797,184,0,1797
2024-10-18 03:00:00,6570.254,6571.647,6563.386,6564.17,1796,184,0,1796
2024-10-18 04:00:00,6564.225,6566.283,6552.281,6553.314,1796,184,0,1796
2024-10-18 05:00:00,6553.293,6563.061,6551.527,6557.032,1794,184,0,1794
2024-10-18 06:00:00,6556.712,6567.811,6555.429,6565.697,1793,184,0,1793
2024-10-18 07:00:00,6565.589,6568.33,6562.781,6564.269,1795,184,0,1795
2024-10-18 08:00:00,6564.244,6564.462,6556.487,6558.048,1797,184,0,1797
2024-10-18 09:00:00,6557.667,6566.826,6557.06,6563.907,1793,184,0,1793
2024-10-18 10:00:00,6563.697,6567.833,6557.997,6559.148,1793,184,0,1793
2024-10-18 11:00:00,6559.122,6559.356,6549.288,6551.507,1799,184,0,1799
2024-10-18 12:00:00,6551.57,6562.461,6548.465,6560.997,1795,184,0,1795
2024-10-18 13:00:00,6560.932,6568.027,6557.12,6562.714,1795,184,0,1795
2024-10-18 14:00:00,6562.403,6571.219,6558.442,6569.827,1798,184,0,1798
2024-10-18 15:00:00,6569.668,6576.828,6564.717,6571.016,1796,184,0,1796
2024-10-18 16:00:00,6571.241,6575.914,6567.279,6574.259,1795,184,0,1795
2024-10-18 17:00:00,6574.267,6575.051,6565.594,6570.24,1793,184,0,1793
2024-10-18 18:00:00,6570.273,6576.657,6568.526,6575.881,1796,184,0,1796
2024-10-18 19:00:00,6575.964,6591.52,6571.934,6582.484,1798,184,0,1798
2024-10-18 20:00:00,6582.549,6586.973,6574.787,6579.506,1796,184,0,1796
2024-10-18 21:00:00,6579.519,6583.509,6573.144,6573.428,1796,184,0,1796
2024-10-18 22:00:00,6573.33,6583.477,6571.294,6582.03,1797,184,0,1797
2024-10-18 23:00:00,6582.059,6582.712,6574.866,6580.671,1794,184,0,1794
2024-10-19 00:00:00,6580.308,6582.672,6573.954,6574.066,1797,184,0,1797
2024-10-19 01:00:00,6573.801,6576.011,6562.489,6564.449,1797,184,0,1797
2024-10-19 02:00:00,6564.284,6565.559,6559.071,6562.108,1799,184,0,1799
2024-10-19 03:00:00,6561.957,6576.754,6560.609,6573.352,1797,184,0,1797
2024-10-19 04:00:00,6573.457,6574.457,6564.928,6568.022,1796,184,0,1796
2024-10-19 05:00:00,6567.99,6575.739,6565.828,6567.652,1795,184,0,1795
2024-10-19 06:00:00,6567.568,6581.578,6565.255,6577.053,1795,184,0,1795
2024-10-19 07:00:00,6576.711,6581.342,6566.836,6567.461,1796,184,0,1796
2024-10-19 08:00:00,6567.579,6567.579,6557.738,6561.714,1793,184,0,1793
2024-10-19 09:00:00,6561.669,6561.923,6553.106,6559.617,1795,184,0,1795
2024-10-19 10:00:00,6559.786,6559.786,6549.201,6549.201,1793,184,0,1793
2024-10-19 11:00:00,6549.198,6549.327,6533.131,6536.667,1796,184,0,1796
2024-10-19 12:00:00,6536.823,6538.704,6529.339,6529.392,1796,184,0,1796
2024-10-19 13:00:00,6529.453,6531.612,6516.005,6519.153,1795,184,0,1795
2024-10-19 14:00:00,6519.169,6524.177,6515.57,6522.221,1793,184,0,1793
2024-10-19 15:00:00,6522.389,6523.009,6517.052,6520.172,1798,184,0,1798
2024-10-19 16:00:00,6520.074,6528.323,6520.074,6527.441,1795,184,0,1795
2024-10-19 17:00:00,6527.306,6528.94,6509.459,6514.764,1792,184,0,1792
2024-10-19 18:00:00,6514.748,6523.407,6512.786,6522.619,1796,184,0,1796
2024-10-19 19:00:00,6522.693,6524.7,6512.894,6521.978,1792,184,0,1792
2024-10-19 20:00:00,6522.043,6529.264,6517.996,6523.856,1795,184,0,1795
2024-10-19 21:00:00,6524.018,6527.503,6511.127,6512.039,1797,184,0,1797
2024-10-19 22:00:00,6512.12,6514.65,6498.432,6499.05,1797,184,0,1797
2024-10-19 23:00:00,6499.518,6505.776,6494.945,6495.674,1793,184,0,1793
2024-10-20 00:00:00,6495.516,6497.111,6489.184,6494.192,1794,184,0,1794
2024-10-20 01:00:00,6494.184,6498.521,6489.414,6497.407,1797,184,0,1797
2024-10-20 02:00:00,6497.363,6503.487,6494.151,6500.338,1787,184,0,1787
2024-10-20 03:00:00,6500.717,6507.236,6495.822,6507.025,1795,184,0,1795
2024-10-20 04:00:00,6507.117,6508.593,6495.128,6506.959,1795,184,0,1795
2024-10-20 05:00:00,6506.869,6520.119,6505.207,6517.789,1797,184,0,1797
2024-10-20 06:00:00,6517.793,6520.498,6510.098,6516.039,1794,184,0,1794
2024-10-20 07:00:00,6515.766,6519.92,6509.918,6513.296,1797,184,0,1797
2024-10-20 08:00:00,6513.41,6517.651,6507.97,6509.399,1793,184,0,1793
2024-10-20 09:00:00,6509.698,6512.439,6502.109,6508.706,1794,184,0,1794
2024-10-20 10:00:00,6508.857,6514.41,6501.08,6502.45,1795,184,0,1795
2024-10-20 11:00:00,6502.437,6509.777,6500.474,6504.397,1799,184,0,1799
2024-10-20 12:00:00,6504.549,6512.319,6497.144,6507.618,1797,184,0,1797
2024-10-20 13:00:00,6507.668,6511.754,6497.254,6504.012,1796,184,0,1796
2024-10-20 14:00:00,6503.959,6504.772,6494.632,6500.797,1796,184,0,1796
2024-10-20 15:00:00,6500.956,6512.003,6499.033,6508.311,1796,184,0,1796
2024-10-20 16:00:00,6508.269,6514.998,6506.197,6507.428,1798,184,0,1798
2024-10-20 17:00:00,6507.225,6509.061,6494.415,6494.415,1798,184,0,1798
2024-10-20 18:00:00,6494.531,6498.646,6489.511,6498.646,1792,184,0,1792
2024-10-20 19:00:00,6499.032,6499.874,6484.839,6489.005,1794,184,0,1794
2024-10-20 20:00:00,6488.958,6492.171,6483.811,6484.009,1800,184,0,1800
2024-10-20 21:00:00,6484.196,6485.503,6476.314,6482.181,1795,184,0,1795
2024-10-20 22:00:00,6482.177,6488.318,6481.538,6485.368,1795,184,0,1795
2024-10-20 23:00:00,6485.418,6489.525,6477.34,6486.865,1794,184,0,1794
2024-10-21 00:00:00,6486.927,6494.65,6483.603,6490.453,1796,184,0,1796
2024-10-21 01:00:00,6490.015,6495.13,6483.717,6487.067,1794,184,0,1794
2024-10-21 02:00:00,6487.116,6488.81,6478.14,6478.14,1792,184,0,1792
2024-10-21 03:00:00,6478.069,6483.209,6471.66,6478.062,1794,184,0,1794
2024-10-21 04:00:00,6478.057,6481.483,6470.797,6473.577,1800,184,0,1800
2024-10-21 05:00:00,6473.68,6480.712,6470.372,6478.804,1796,184,0,1796
2024-10-21 06:00:00,6478.778,6490.102,6476.887,6488.091,1799,184,0,1799
2024-10-21 07:00:00,6488.314,6489.785,6481.939,6485.97,1795,184,0,1795
2024-10-21 08:00:00,6486.09,6488.544,6479.3,6484.396,1794,184,0,1794
2024-10-21 09:00:00,6484.52,6491.585,6482.144,6482.983,1797,184,0,1797
2024-10-21 10:00:00,6483.211,6495.093,6482.235,6487.738,1796,184,0,1796
2024-10-21 11:00:00,6487.846,6490.781,6483.949,6488.845,1794,184,0,1794
2024-10-21 12:00:00,6488.82,6492.648,6484.116,6484.283,1794,184,0,1794
2024-10-21 13:00:00,6484.411,6484.664,6468.263,6471.437,1797,184,0,1797
2024-10-21 14:00:00,6471.256,6487.22,6469.839,6483.473,1797,184,0,1797
2024-10-21 15:00:00,6483.257,6484.599,6478.704,6479.74,1798,184,0,1798
2024-10-21 16:00:00,6479.716,6481.046,6471.862,6472.39,1795,184,0,1795
2024-10-21 17:00:00,6472.443,6485.687,6470.9,6480.693,1791,184,0,1791
2024-10-21 18:00:00,6480.58,6482.379,6475.897,6480.367,1794,184,0,1794
2024-10-21 19:00:00,6480.213,6496.473,6478.535,6496.413,1798,184,0,1798
2024-10-21 20:00:00,6496.473,6500.317,6492.267,6496.313,1797,184,0,1797
2024-10-21 21:00:00,6495.987,6498.098,6490.603,6491.716,1797,184,0,1797
2024-10-21 22:00:00,6491.737,6493.307,6480.338,6480.636,1793,184,0,1793
2024-10-21 23:00:00,6480.682,6485.01,6475.574,6483.887,1792,184,0,1792
2024-10-22 00:00:00,6483.703,6495.137,6483.703,6488.69,1795,184,0,1795
2024-10-22 01:00:00,6488.412,6497.768,6487.473,6493.152,1793,184,0,1793
2024-10-22 02:00:00,6493.377,6497.158,6486.496,6488.368,1792,184,0,1792
2024-10-22 03:00:00,6488.172,6495.195,6485.491,6492.704,1798,184,0,1798
2024-10-22 04:00:00,6492.998,6511.312,6492.177,6509.48,1795,184,0,1795
2024-10-22 05:00:00,6509.563,6515.282,6505.322,6512.047,1794,184,0,1794
2024-10-22 06:00:00,6512.064,6515.321,6508.069,6509.22,1795,180,0,1795
2024-10-22 07:00:00,6509.463,6514.336,6506.158,6511.441,1796,180,0,1796
2024-10-22 08:00:00,6511.735,6511.821,6505.83,6507.395,1796,180,0,1796
2024-10-22 09:00:00,6507.346,6512.655,6503.762,6511.58,1798,180,0,1798
2024-10-22 10:00:00,6511.736,6518.888,6509.758,6515.97,1797,180,0,1797
2024-10-22 11:00:00,6515.982,6517.373,6506.754,6514.258,1798,180,0,1798
2024-10-22 12:00:00,6514.129,6516.245,6507.52,6514.707,1796,180,0,1796
2024-10-22 13:00:00,6514.281,6519.735,6511.07,6517.939,1796,180,0,1796
2024-10-22 14:00:00,6517.755,6521.871,6513.803,6516.257,1792,180,0,1792
2024-10-22 15:00:00,6516.427,6521.457,6511.229,6512.638,1799,180,0,1799
2024-10-22 16:00:00,6512.997,6518.492,6507.943,6515.623,1795,180,0,1795
2024-10-22 17:00:00,6515.519,6521.61,6512.957,6519.141,1797,180,0,1797
2024-10-22 18:00:00,6519.047,6521.794,6510.56,6510.918,1797,180,0,1797
2024-10-22 19:00:00,6510.84,6510.84,6502.596,6506.382,1795,180,0,1795
2024-10-22 20:00:00,6506.372,6509.568,6503.859,6508.884,1794,180,0,1794
2024-10-22 21:00:00,6509.025,6513.79,6505.802,6507.953,1795,180,0,1795
2024-10-22 22:00:00,6507.991,6514.008,6506.317,6513.105,1798,180,0,1798
2024-10-22 23:00:00,6513.33,6521.451,6512.765,6514.72,1796,180,0,1796
2024-10-23 00:00:00,6514.824,6518.996,6509.543,6509.726,1796,180,0,1796
2024-10-23 01:00:00,6509.723,6512.744,6503.592,6506.291,1797,180,0,1797
2024-10-23 02:00:00,6505.952,6507.916,6500.044,6505.137,1796,180,0,1796
2024-10-23 03:00:00,6504.993,6508.949,6500.538,6506.849,1795,180,0,1795
2024-10-23 04:00:00,6506.46,6513.217,6502.704,6503.509,1794,180,0,1794
2024-10-23 05:00:00,6503.295,6505.844,6499.278,6501.97,1794,180,0,1794
2024-10-23 06:00:00,6501.893,6512.276,6501.182,6511.164,1795,180,0,1795
2024-10-23 07:00:00,6510.985,6516.538,6506.553,6515.179,1798,180,0,1798
2024-10-23 08:00:00,6515.075,6517.707,6507.692,6509.771,1795,180,0,1795
2024-10-23 09:00:00,6510.093,6516.755,6508.742,6514.119,1795,180,0,1795
2024-10-23 10:00:00,6514.293,6529.849,6512.73,6529.565,1797,180,0,1797
2024-10-23 11:00:00,6529.508,6533.165,6515.792,6517.396,1797,180,0,1797
2024-10-23 12:00:00,6517.391,6527.886,6515.717,6525.271,1794,180,0,1794
2024-10-23 13:00:00,6525.27,6529.805,6512.64,6516.604,1796,180,0,1796
2024-10-23 14:00:00,6516.314,6521.544,6511.927,6517.674,1797,180,0,1797
2024-10-23 15:00:00,6517.911,6522.44,6511.025,6511.203,1794,180,0,1794
2024-10-23 16:00:00,6511.207,6512.97,6500.02,6502.318,1795,180,0,1795
2024-10-23 17:00:00,6502.485,6503.958,6496.349,6500.747,1798,180,0,1798
2024-10-23 18:00:00,6500.783,6500.783,6488.385,6498.254,1796,180,0,1796
2024-10-23 19:00:00,6498.057,6499.054,6486.594,6486.594,1797,180,0,1797
2024-10-23 20:00:00,6486.606,6492.663,6477.803,6483.007,1797,180,0,1797
2024-10-23 21:00:00,6482.931,6483.246,6473.93,6473.93,1794,180,0,1794
2024-10-23 22:00:00,6473.799,6474.276,6464.588,6466.651,1796,180,0,1796
2024-10-23 23:00:00,6466.665,6475.719,6466.63,6475.403,1798,180,0,1798
2024-10-24 00:00:00,6475.666,6488.715,6474.866,6487.501,1796,180,0,1796
2024-10-24 01:00:00,6487.569,6489.4,6472.971,6474.372,1798,180,0,1798
2024-10-24 02:00:00,6474.431,6482.602,6473.121,6478.883,1794,180,0,1794
2024-10-24 03:00:00,6479.02,6481.669,6471.532,6474.369,1796,180,0,1796
2024-10-24 04:00:00,6474.588,6479.701,6465.825,6466.333,1795,180,0,1795
2024-10-24 05:00:00,6466.25,6472.858,6464.995,6472.34,1796,180,0,1796
2024-10-24 06:00:00,6472.259,6482.565,6471.332,6480.155,1796,180,0,1796
2024-10-24 07:00:00,6480.03,6486.14,6477.621,6483.713,1797,180,0,1797
2024-10-24 08:00:00,6483.934,6490.185,6481.723,6487.031,1794,180,0,1794
2024-10-24 09:00:00,6486.649,6491.003,6475.776,6490.456,1793,180,0,1793
2024-10-24 10:00:00,6490.279,6490.279,6478.2,6478.72,1795,180,0,1795
2024-10-24 11:00:00,6478.482,6480.378,6473.165,6475.316,1793,180,0,1793
2024-10-24 12:00:00,6475.301,6479.006,6469.2,6473.605,1792,180,0,1792
2024-10-24 13:00:00,6473.572,6481.191,6470.649,6478.63,1794,180,0,1794
2024-10-24 14:00:00,6478.89,6481.383,6472.961,6473.673,1795,180,0,1795
2024-10-24 15:00:00,6473.771,6480.979,6473.092,6477.303,1794,180,0,1794
2024-10-24 16:00:00,6477.262,6484.371,6476.407,6480.836,1799,180,0,1799
2024-10-24 17:00:00,6481.025,6495.27,6480.221,6489.71,1795,180,0,1795
2024-10-24 18:00:00,6489.878,6493.161,6485.145,6487.746,1793,180,0,1793
2024-10-24 19:00:00,6487.575,6493.546,6485.433,6492.035,1796,180,0,1796
2024-10-24 20:00:00,6491.9,6493.918,6479.82,6480.994,1790,180,0,1790
2024-10-24 21:00:00,6481.051,6489.594,6480.658,6484.993,1795,180,0,1795
2024-10-24 22:00:00,6485.23,6485.527,6473.947,6476.268,1793,180,0,1793
2024-10-24 23:00:00,6476.258,6478.093,6464.716,6467.726,1797,180,0,1797
2024-10-25 00:00:00,6467.801,6476.902,6466.757,6472.681,1799,180,0,1799
2024-10-25 01:00:00,6472.646,6480.074,6472.646,6478.499,1798,180,0,1798
2024-10-25 02:00:00,6478.681,6480.831,6472.934,6477.111,1797,180,0,1797
2024-10-25 03:00:00,6477.096,6487.702,6473.725,6484.26,1794,180,0,1794
2024-10-25 04:00:00,6484.285,6488.673,6480.918,6486.889,1797,180,0,1797
2024-10-25 05:00:00,6486.864,6494.424,6486.044,6487.348,1796,180,0,1796
2024-10-25 06:00:00,6487.365,6492.116,6480.81,6491.678,1794,180,0,1794
2024-10-25 07:00:00,6491.741,6503.022,6490.016,6502.766,1794,180,0,1794
2024-10-25 08:00:00,6502.895,6512.93,6502.136,6506.333,1794,180,0,1794
2024-10-25 09:00:00,6506.389,6507.307,6499.327,6505.129,1798,180,0,1798
2024-10-25 10:00:00,6504.971,6506.203,6493.91,6503.393,1797,180,0,1797
2024-10-25 11:00:00,6503.56,6503.873,6492.844,6493.468,1791,180,0,1791
2024-10-25 12:00:00,6493.396,6502.318,6490.858,6500.92,1797,180,0,1797
2024-10-25 13:00:00,6500.778,6503.415,6493.744,6497.39,1797,180,0,1797
2024-10-25 14:00:00,6497.38,6503.242,6495.433,6499.918,1795,180,0,1795
2024-10-25 15:00:00,6500.029,6502.544,6493.589,6501.355,1795,180,0,1795
2024-10-25 16:00:00,6501.333,6503.678,6495.293,6499.755,1795,180,0,1795
2024-10-25 17:00:00,6499.733,6504.021,6495.803,6500.769,1798,180,0,1798
2024-10-25 18:00:00,6500.77,6511.918,6500.34,6508.955,1796,180,0,1796
2024-10-25 19:00:00,6508.659,6513.908,6503.775,6510.596,1795,180,0,1795
2024-10-25 20:00:00,6510.478,6519.079,6506.584,6516.723,1795,180,0,1795
2024-10-25 21:00:00,6516.646,6518.464,6507.339,6510.63,1798,180,0,1798
2024-10-25 22:00:00,6510.516,6513.774,6503.592,6513.202,1793,180,0,1793
2024-10-25 23:00:00,6513.077,6518.092,6507.561,6512.019,1792,180,0,1792
2024-10-26 00:00:00,6511.827,6512.835,6503.423,6503.423,1799,180,0,1799
2024-10-26 01:00:00,6503.372,6508.377,6499.861,6504.011,1793,180,0,1793
2024-10-26 02:00:00,6503.948,6511.865,6503.862,6507.594,1797,180,0,1797
2024-10-26 03:00:00,6507.518,6511.441,6503.621,6508.455,1789,180,0,1789
2024-10-26 04:00:00,6508.63,6512.498,6503.199,6503.432,1793,180,0,1793
2024-10-26 05:00:00,6503.336,6505.743,6498.418,6501.574,1799,180,0,1799
2024-10-26 06:00:00,6501.497,6504.563,6491.808,6493.014,1797,180,0,1797
2024-10-26 07:00:00,6493.154,6493.57,6486.493,6488.537,1794,180,0,1794
2024-10-26 08:00:00,6488.441,6498.913,6487.606,6497.132,1792,180,0,1792
2024-10-26 09:00:00,6497.283,6497.363,6484.391,6489.321,1793,180,0,1793
2024-10-26 10:00:00,6489.493,6491.34,6476.617,6476.977,1796,180,0,1796
2024-10-26 11:00:00,6476.731,6478.912,6471.191,6474.141,1796,180,0,1796
2024-10-26 12:00:00,6473.731,6484.234,6471.688,6484.234,1795,180,0,1795
2024-10-26 13:00:00,6484.28,6496.274,6481.698,6491.281,1795,180,0,1795
2024-10-26 14:00:00,6491.385,6494.957,6481.264,6488.326,1794,180,0,1794
2024-10-26 15:00:00,6488.234,6489.222,6474.077,6477.488,1795,180,0,1795
2024-10-26 16:00:00,6477.401,6484.098,6473.944,6479.251,1795,180,0,1795
2024-10-26 17:00:00,6479.348,6486.752,6477.771,6485.769,1798,180,0,1798
2024-10-26 18:00:00,6485.624,6492.134,6483.501,6489.262,1797,180,0,1797
2024-10-26 19:00:00,6489.485,6503.452,6489.308,6500.923,1797,180,0,1797
2024-10-26 20:00:00,6501.063,6511.485,6500.317,6510.18,1797,180,0,1797
2024-10-26 21:00:00,6510.067,6512.68,6492.094,6493.533,1796,180,0,1796
2024-10-26 22:00:00,6493.44,6494.979,6481.153,6486.835,1797,180,0,1797
2024-10-26 23:00:00,6486.883,6490.616,6482.397,6488.857,1797,180,0,1797
2024-10-27 00:00:00,6488.715,6493.659,6484.114,6484.44,1794,180,0,1794
2024-10-27 01:00:00,6484.515,6486.24,6476.489,6477.598,1795,180,0,1795
2024-10-27 02:00:00,6477.793,6488.213,6474.67,6487.379,1793,180,0,1793
2024-10-27 03:00:00,6487.441,6491.362,6479.731,6491.013,1795,180,0,1795
2024-10-27 04:00:00,6490.718,6494.269,6487.794,6490.941,1795,180,0,1795
2024-10-27 05:00:00,6491.0,6494.636,6479.334,6484.252,1797,180,0,1797
2024-10-27 06:00:00,6483.866,6491.183,6477.877,6490.122,1795,180,0,1795
2024-10-27 07:00:00,6489.842,6494.356,6487.269,6490.14,1793,180,0,1793
2024-10-27 08:00:00,6490.037,6500.816,6488.381,6492.599,1797,180,0,1797
2024-10-27 09:00:00,6492.511,6495.109,6481.676,6482.755,1798,180,0,1798
2024-10-27 10:00:00,6483.001,6490.368,6480.199,6488.215,1797,180,0,1797
2024-10-27 11:00:00,6488.333,6490.913,6480.251,6484.354,1795,180,0,1795
2024-10-27 12:00:00,6484.445,6486.699,6470.895,6470.923,1794,180,0,1794
2024-10-27 13:00:00,6471.095,6479.899,6466.154,6479.899,1797,180,0,1797
2024-10-27 14:00:00,6479.727,6481.025,6471.806,6476.2,1798,180,0,1798
2024-10-27 15:00:00,6476.514,6476.523,6466.746,6474.518,1796,180,0,1796
2024-10-27 16:00:00,6474.464,6475.464,6466.041,6470.129,1795,180,0,1795
2024-10-27 17:00:00,6470.206,6472.373,6462.64,6465.411,1796,180,0,1796
2024-10-27 18:00:00,6465.389,6467.117,6460.421,6463.537,1796,180,0,1796
2024-10-27 19:00:00,6463.497,6466.703,6456.572,6464.343,1795,180,0,1795
2024-10-27 20:00:00,6464.234,6466.068,6452.204,6460.383,1796,180,0,1796
2024-10-27 21:00:00,6460.288,6464.216,6456.328,6456.328,1797,180,0,1797
2024-10-27 22:00:00,6456.346,6456.878,6441.342,6442.192,1796,180,0,1796
2024-10-27 23:00:00,6442.258,6446.737,6437.097,6442.765,1794,180,0,1794
2024-10-28 00:00:00,6442.487,6446.939,6436.238,6436.64,1795,180,0,1795
2024-10-28 01:00:00,6436.394,6439.297,6429.909,6434.763,1797,180,0,1797
2024-10-28 02:00:00,6434.789,6438.39,6432.313,6435.076,1799,180,0,1799
2024-10-28 03:00:00,6434.939,6435.383,6424.22,6429.896,1797,180,0,1797
2024-10-28 04:00:00,6429.796,6431.973,6423.953,6430.243,1795,180,0,1795
2024-10-28 05:00:00,6430.447,6446.518,6429.717,6441.114,1799,180,0,1799
2024-10-28 06:00:00,6441.085,6446.662,6437.94,6438.541,1796,180,0,1796
2024-10-28 07:00:00,6438.526,6439.344,6432.407,6439.269,1797,180,0,1797
2024-10-28 08:00:00,6439.445,6451.571,6439.058,6449.824,1798,179,0,1798
2024-10-28 09:00:00,6449.97,6458.285,6449.209,6455.622,1795,179,0,1795
2024-10-28 10:00:00,6455.208,6457.854,6450.192,6455.643,1795,179,0,1795
2024-10-28 11:00:00,6455.499,6458.318,6446.507,6448.828,1794,179,0,1794
2024-10-28 12:00:00,6448.601,6453.865,6443.862,6451.01,1795,179,0,1795
2024-10-28 13:00:00,6450.866,6451.893,6444.705,6447.02,1793,179,0,1793
2024-10-28 14:00:00,6447.139,6452.443,6444.635,6448.137,1791,179,0,1791
2024-10-28 15:00:00,6448.333,6452.852,6446.303,6449.332,1798,179,0,1798
2024-10-28 16:00:00,6448.903,6458.626,6446.712,6457.608,1796,179,0,1796
2024-10-28 17:00:00,6457.564,6462.096,6453.937,6459.154,1797,179,0,1797
2024-10-28 18:00:00,6459.294,6465.148,6453.492,6459.447,1798,179,0,1798
2024-10-28 19:00:00,6459.422,6460.643,6450.062,6457.052,1796,179,0,1796
2024-10-28 20:00:00,6456.927,6471.438,6455.467,6462.378,1793,179,0,1793
2024-10-28 21:00:00,6462.353,6468.494,6456.885,6466.837,1796,179,0,1796
2024-10-28 22:00:00,6466.841,6467.694,6456.86,6462.315,1795,179,0,1795
2024-10-28 23:00:00,6462.509,6465.277,6456.244,6457.561,1794,179,0,1794
2024-10-29 00:00:00,6457.518,6458.286,6441.576,6441.865,1797,179,0,1797
2024-10-29 01:00:00,6442.255,6443.32,6436.713,6438.603,1798,179,0,1798
2024-10-29 02:00:00,6438.625,6438.899,6426.957,6428.562,1793,179,0,1793
2024-10-29 03:00:00,6428.481,6432.865,6421.765,6426.36,1793,179,0,1793
2024-10-29 04:00:00,6426.302,6427.527,6409.895,6409.895,1797,179,0,1797
2024-10-29 05:00:00,6410.202,6424.483,6409.505,6420.856,1793,179,0,1793
2024-10-29 06:00:00,6420.843,6431.962,6419.655,6429.712,1797,179,0,1797
2024-10-29 07:00:00,6429.541,6431.561,6423.114,6424.575,1795,179,0,1795
2024-10-29 08:00:00,6424.829,6434.104,6424.735,6433.641,1797,179,0,1797
2024-10-29 09:00:00,6433.693,6444.222,6431.733,6443.079,1798,179,0,1798
2024-10-29 10:00:00,6442.924,6448.116,6440.257,6443.928,1794,179,0,1794
2024-10-29 11:00:00,6443.949,6449.686,6433.76,6437.735,1795,179,0,1795
2024-10-29 12:00:00,6437.76,6440.383,6427.567,6429.513,1795,179,0,1795
2024-10-29 13:00:00,6429.741,6434.369,6424.512,6433.082,1797,179,0,1797
2024-10-29 14:00:00,6432.802,6436.177,6425.468,6428.294,1793,179,0,1793
2024-10-29 15:00:00,6428.404,6430.272,6419.3,6422.764,1795,179,0,1795
2024-10-29 16:00:00,6422.692,6428.97,6419.387,6425.619,1799,179,0,1799
2024-10-29 17:00:00,6425.523,6451.355,6425.221,6450.319,1795,179,0,1795
2024-10-29 18:00:00,6450.368,6455.926,6447.295,6450.783,1797,179,0,1797
2024-10-29 19:00:00,6450.723,6451.168,6440.188,6443.379,1794,179,0,1794
2024-10-29 20:00:00,6443.129,6449.658,6442.134,6448.834,1794,179,0,1794
2024-10-29 21:00:00,6449.043,6462.007,6446.573,6460.699,1793,179,0,1793
2024-10-29 22:00:00,6460.671,6463.131,6451.438,6453.641,1796,179,0,1796
2024-10-29 23:00:00,6453.569,6457.981,6450.761,6455.347,1794,179,0,1794
2024-10-30 00:00:00,6455.421,6461.884,6454.566,6461.884,1799,179,0,1799
2024-10-30 01:00:00,6461.833,6462.016,6451.237,6455.074,1795,179,0,1795
2024-10-30 02:00:00,6455.363,6461.402,6454.392,6458.71,1795,179,0,1795
2024-10-30 03:00:00,6458.836,6461.871,6447.635,6448.25,1796,179,0,1796
2024-10-30 04:00:00,6448.484,6451.918,6445.794,6446.474,1799,179,0,1799
2024-10-30 05:00:00,6446.443,6452.259,6443.746,6446.463,1800,179,0,1800
2024-10-30 06:00:00,6446.412,6451.419,6443.398,6443.866,1790,179,0,1790
2024-10-30 07:00:00,6443.637,6443.743,6433.578,6439.081,1795,179,0,1795
2024-10-30 08:00:00,6439.24,6444.499,6437.78,6442.755,1799,179,0,1799
2024-10-30 09:00:00,6442.613,6443.757,6433.488,6436.236,1796,179,0,1796
2024-10-30 10:00:00,6436.121,6442.971,6429.947,6429.947,1799,179,0,1799
2024-10-30 11:00:00,6429.97,6436.575,6429.256,6435.284,1793,179,0,1793
2024-10-30 12:00:00,6435.182,6438.847,6425.706,6426.588,1798,179,0,1798
2024-10-30 13:00:00,6426.681,6427.332,6418.261,6422.224,1794,179,0,1794
2024-10-30 14:00:00,6421.941,6433.501,6421.909,6430.657,1793,179,0,1793
2024-10-30 15:00:00,6430.57,6438.024,6429.435,6433.672,1790,179,0,1790
2024-10-30 16:00:00,6433.584,6438.964,6432.208,6437.083,1796,179,0,1796
2024-10-30 17:00:00,6436.891,6452.623,6434.708,6451.816,1793,179,0,1793
2024-10-30 18:00:00,6451.831,6458.456,6451.254,6452.715,1797,179,0,1797
2024-10-30 19:00:00,6452.592,6455.012,6447.13,6448.565,1794,179,0,1794
2024-10-30 20:00:00,6448.784,6454.759,6443.452,6448.383,1797,179,0,1797
2024-10-30 21:00:00,6448.383,6448.955,6438.67,6438.67,1796,179,0,1796
2024-10-30 22:00:00,6438.5,6445.167,6436.502,6439.069,1795,179,0,1795
2024-10-30 23:00:00,6439.174,6440.727,6434.361,6437.548,1794,179,0,1794
2024-10-31 00:00:00,6437.28,6445.228,6433.784,6442.435,1793,179,0,1793
2024-10-31 01:00:00,6442.708,6448.822,6441.284,6445.656,1796,179,0,1796
2024-10-31 02:00:00,6445.733,6449.504,6442.24,6446.609,1799,179,0,1799
2024-10-31 03:00:00,6446.659,6450.97,6442.781,6446.665,1797,179,0,1797
2024-10-31 04:00:00,6446.719,6455.325,6441.951,6442.981,1797,179,0,1797
2024-10-31 05:00:00,6443.18,6448.671,6439.492,6446.692,1797,179,0,1797
2024-10-31 06:00:00,6446.521,6448.785,6441.106,6446.213,1795,179,0,1795
2024-10-31 07:00:00,6446.12,6451.475,6442.09,6443.361,1796,179,0,1796
2024-10-31 08:00:00,6443.278,6444.647,6436.981,6443.584,1798,179,0,1798
2024-10-31 09:00:00,6443.635,6443.635,6431.372,6432.419,1797,179,0,1797
2024-10-31 10:00:00,6432.246,6437.439,6424.663,6425.214,1796,179,0,1796
2024-10-31 11:00:00,6425.564,6429.166,6420.473,6420.814,1798,179,0,1798
2024-10-31 12:00:00,6420.667,6421.958,6411.639,6412.074,1795,179,0,1795
2024-10-31 13:00:00,6412.146,6418.829,6403.539,6404.613,1798,179,0,1798
2024-10-31 14:00:00,6404.427,6411.084,6403.058,6409.82,1795,179,0,1795
2024-10-31 15:00:00,6409.674,6427.346,6407.883,6425.103,1797,179,0,1797
2024-10-31 16:00:00,6424.894,6431.425,6420.752,6430.05,1795,179,0,1795
2024-10-31 17:00:00,6430.155,6438.873,6427.587,6438.873,1796,179,0,1796
2024-10-31 18:00:00,6439.179,6444.639,6430.183,6430.945,1792,179,0,1792
2024-10-31 19:00:00,6430.773,6438.669,6427.882,6433.256,1796,179,0,1796
2024-10-31 20:00:00,6433.106,6443.392,6429.093,6438.779,1795,179,0,1795
2024-10-31 21:00:00,6438.695,6451.475,6437.411,6444.381,1797,179,0,1797
2024-10-31 22:00:00,6444.421,6446.987,6439.341,6442.837,1791,179,0,1791
2024-10-31 23:00:00,6442.828,6447.492,6431.649,6433.963,1796,179,0,1796
2024-11-01 00:00:00,6434.027,6438.153,6428.675,6432.272,1797,179,0,1797
2024-11-01 01:00:00,6432.474,6435.828,6429.906,6434.062,1797,179,0,1797
2024-11-01 02:00:00,6433.992,6437.95,6423.586,6430.229,1796,179,0,1796
2024-11-01 03:00:00,6430.244,6437.567,6430.035,6434.385,1796,179,0,1796
2024-11-01 04:00:00,6434.545,6440.882,6431.025,6433.501,1797,179,0,1797
2024-11-01 05:00:00,6433.652,6436.777,6426.808,6427.267,1796,179,0,1796
2024-11-01 06:00:00,6427.48,6432.25,6422.007,6430.008,1795,179,0,1795
2024-11-01 07:00:00,6430.303,6439.45,6429.15,6438.049,1796,179,0,1796
2024-11-01 08:00:00,6437.987,6440.521,6432.561,6440.074,1797,179,0,1797
2024-11-01 09:00:00,6440.133,6457.349,6438.569,6455.812,1795,179,0,1795
2024-11-01 10:00:00,6455.939,6455.939,6449.777,6452.777,1793,179,0,1793
2024-11-01 11:00:00,6452.747,6454.556,6443.042,6443.182,1797,179,0,1797
2024-11-01 12:00:00,6442.957,6442.957,6432.139,6438.947,1793,179,0,1793
2024-11-01 13:00:00,6439.16,6444.938,6433.853,6435.197,1797,179,0,1797
2024-11-01 14:00:00,6434.933,6442.322,6424.191,6424.977,1795,179,0,1795
2024-11-01 15:00:00,6424.76,6435.896,6424.596,6426.316,1793,179,0,1793
2024-11-01 16:00:00,6426.582,6437.635,6421.404,6437.188,1798,179,0,1798
2024-11-01 17:00:00,6437.227,6437.534,6428.353,6429.037,1793,179,0,1793
2024-11-01 18:00:00,6429.033,6431.949,6421.354,6423.989,1797,179,0,1797
2024-11-01 19:00:00,6423.859,6435.76,6423.151,6434.246,1795,179,0,1795
2024-11-01 20:00:00,6434.152,6442.241,6428.884,6436.803,1797,179,0,1797
2024-11-01 21:00:00,6436.993,6438.12,6429.921,6432.802,1792,179,0,1792
2024-11-01 22:00:00,6433.002,6441.899,6432.933,6440.851,1800,179,0,1800
2024-11-01 23:00:00,6440.817,6445.538,6437.13,6443.688,1796,179,0,1796
2024-11-02 00:00:00,6443.405,6444.563,6433.856,6440.977,1796,179,0,1796
2024-11-02 01:00:00,6440.985,6446.55,6429.283,6431.549,1797,179,0,1797
2024-11-02 02:00:00,6431.4,6434.057,6429.166,6433.948,1796,179,0,1796
2024-11-02 03:00:00,6433.947,6434.671,6415.371,6416.82,1797,179,0,1797
2024-11-02 04:00:00,6416.489,6417.008,6411.245,6413.463,1797,179,0,1797
2024-11-02 05:00:00,6413.394,6417.782,6408.981,6413.402,1797,179,0,1797
2024-11-02 06:00:00,6413.22,6421.631,6409.733,6418.818,1799,179,0,1799
2024-11-02 07:00:00,6418.843,6420.482,6412.926,6416.088,1797,179,0,1797
2024-11-02 08:00:00,6415.989,6425.476,6413.735,6423.862,1800,179,0,1800
2024-11-02 09:00:00,6423.795,6433.46,6418.591,6433.301,1793,179,0,1793
2024-11-02 10:00:00,6433.182,6437.419,6425.875,6429.041,1797,179,0,1797
2024-11-02 11:00:00,6428.983,6438.171,6425.196,6436.664,1797,179,0,1797
2024-11-02 12:00:00,6436.801,6437.124,6430.164,6433.412,1797,179,0,1797
2024-11-02 13:00:00,6433.508,6440.797,6431.038,6439.652,1798,179,0,1798
2024-11-02 14:00:00,6439.541,6439.541,6429.672,6429.672,1797,179,0,1797
2024-11-02 15:00:00,6429.796,6444.028,6427.507,6442.176,1797,179,0,1797
2024-11-02 16:00:00,6442.217,6452.227,6440.057,6450.092,1795,179,0,1795
2024-11-02 17:00:00,6450.155,6453.105,6438.946,6439.037,1798,179,0,1798
2024-11-02 18:00:00,6438.879,6439.663,6429.302,6430.289,1796,179,0,1796
2024-11-02 19:00:00,6430.389,6433.158,6416.7,6417.132,1797,179,0,1797
2024-11-02 20:00:00,6417.168,6419.301,6412.064,6416.703,1795,179,0,1795
2024-11-02 21:00:00,6416.56,6420.563,6412.385,6413.556,1793,179,0,1793
2024-11-02 22:00:00,6413.507,6419.2,6408.082,6408.131,1795,179,0,1795
2024-11-02 23:00:00,6408.018,6411.945,6401.049,6401.527,1795,179,0,1795
2024-11-03 00:00:00,6401.459,6402.942,6393.607,6396.729,1793,179,0,1793
2024-11-03 01:00:00,6396.776,6406.994,6396.432,6404.683,1793,179,0,1793
2024-11-03 02:00:00,6404.702,6417.681,6404.657,6414.57,1790,179,0,1790
2024-11-03 03:00:00,6414.86,6416.856,6404.122,6406.082,1796,179,0,1796
2024-11-03 04:00:00,6405.981,6411.351,6399.866,6401.29,1794,179,0,1794
2024-11-03 05:00:00,6401.182,6402.667,6390.182,6391.627,1794,179,0,1794
2024-11-03 06:00:00,6391.615,6398.618,6390.054,6391.03,1796,179,0,1796
2024-11-03 07:00:00,6391.058,6405.101,6387.801,6404.392,1793,179,0,1793
2024-11-03 08:00:00,6404.221,6430.191,6403.927,6426.659,1798,179,0,1798
2024-11-03 09:00:00,6426.691,6427.627,6410.148,6410.444,1790,179,0,1790
2024-11-03 10:00:00,6410.622,6414.42,6407.999,6411.788,1794,179,0,1794
2024-11-03 11:00:00,6411.597,6412.883,6406.597,6412.883,1793,179,0,1793
2024-11-03 12:00:00,6412.765,6412.892,6395.194,6398.286,1799,179,0,1799
2024-11-03 13:00:00,6398.126,6399.813,6390.863,6391.307,1794,179,0,1794
2024-11-03 14:00:00,6390.951,6393.207,6381.437,6383.807,1791,179,0,1791
2024-11-03 15:00:00,6383.31,6392.329,6381.638,6389.943,1797,179,0,1797
2024-11-03 16:00:00,6389.797,6393.047,6374.785,6377.737,1795,179,0,1795
2024-11-03 17:00:00,6377.975,6382.996,6376.825,6380.534,1797,179,0,1797
2024-11-03 18:00:00,6380.279,6389.895,6376.06,6385.235,1796,179,0,1796
2024-11-03 19:00:00,6385.44,6394.544,6380.102,6382.006,1797,179,0,1797
2024-11-03 20:00:00,6382.142,6395.635,6378.019,6395.02,1792,179,0,1792
2024-11-03 21:00:00,6394.988,6396.354,6384.904,6387.068,1798,179,0,1798
2024-11-03 22:00:00,6387.109,6387.283,6378.748,6380.144,1795,179,0,1795
2024-11-03 23:00:00,6379.961,6386.6,6374.928,6386.6,1796,179,0,1796
2024-11-04 00:00:00,6386.775,6388.569,6378.262,6384.844,1793,179,0,1793
2024-11-04 01:00:00,6384.799,6392.472,6379.24,6391.337,1796,179,0,1796
2024-11-04 02:00:00,6391.452,6403.989,6391.11,6402.562,1794,179,0,1794
2024-11-04 03:00:00,6402.469,6406.568,6398.621,6399.681,1794,179,0,1794
2024-11-04 04:00:00,6399.522,6403.397,6393.353,6397.28,1796,179,0,1796
2024-11-04 05:00:00,6397.283,6397.34,6386.221,6392.646,1795,179,0,1795
2024-11-04 06:00:00,6392.64,6401.763,6392.239,6401.057,1795,179,0,1795
2024-11-04 07:00:00,6400.995,6406.597,6393.381,6395.447,1797,177,0,1797
2024-11-04 08:00:00,6395.581,6397.768,6391.779,6394.819,1792,177,0,1792
2024-11-04 09:00:00,6394.77,6403.336,6393.216,6398.847,1795,177,0,1795
2024-11-04 10:00:00,6398.936,6405.306,6396.986,6404.58,1798,177,0,1798
2024-11-04 11:00:00,6404.394,6406.314,6395.815,6396.291,1795,177,0,1795
2024-11-04 12:00:00,6396.377,6398.602,6386.435,6392.915,1797,177,0,1797
2024-11-04 13:00:00,6392.815,6400.838,6392.612,6396.579,1798,177,0,1798
2024-11-04 14:00:00,6396.644,6411.664,6395.983,6411.652,1795,177,0,1795
2024-11-04 15:00:00,6411.805,6414.631,6406.725,6412.123,1796,177,0,1796
2024-11-04 16:00:00,6412.147,6413.617,6405.448,6410.73,1793,177,0,1793
2024-11-04 17:00:00,6410.813,6415.05,6401.025,6401.025,1793,177,0,1793
2024-11-04 18:00:00,6400.962,6403.073,6395.512,6398.938,1793,177,0,1793
2024-11-04 19:00:00,6399.183,6401.008,6386.891,6389.283,1795,177,0,1795
2024-11-04 20:00:00,6389.421,6393.903,6386.43,6388.755,1790,177,0,1790
2024-11-04 21:00:00,6388.962,6398.279,6385.943,6397.339,1792,177,0,1792
2024-11-04 22:00:00,6397.222,6401.497,6393.305,6395.43,1794,177,0,1794
2024-11-04 23:00:00,6395.504,6408.51,6394.911,6406.513,1795,177,0,1795
2024-11-05 00:00:00,6406.514,6415.99,6405.884,6415.99,1799,177,0,1799
2024-11-05 01:00:00,6415.885,6420.127,6410.471,6416.815,1796,177,0,1796
2024-11-05 02:00:00,6416.972,6422.372,6413.884,6417.613,1795,177,0,1795
2024-11-05 03:00:00,6417.828,6427.384,6417.583,6426.981,1797,177,0,1797
2024-11-05 04:00:00,6426.779,6430.007,6422.366,6429.935,1796,177,0,1796
2024-11-05 05:00:00,6430.361,6431.317,6416.625,6420.281,1798,177,0,1798
2024-11-05 06:00:00,6420.265,6422.584,6414.587,6415.724,1797,177,0,1797
2024-11-05 07:00:00,6415.85,6422.822,6414.264,6415.25,1795,177,0,1795
2024-11-05 08:00:00,6415.254,6421.758,6413.709,6420.606,1797,177,0,1797
2024-11-05 09:00:00,6420.42,6423.214,6414.187,6414.187,1794,177,0,1794
2024-11-05 10:00:00,6414.182,6414.239,6406.392,6411.943,1794,177,0,1794
2024-11-05 11:00:00,6411.83,6424.514,6411.241,6423.742,1792,177,0,1792
2024-11-05 12:00:00,6423.614,6424.224,6409.215,6413.627,1794,177,0,1794
2024-11-05 13:00:00,6413.709,6415.029,6403.455,6405.102,1800,177,0,1800
2024-11-05 14:00:00,6405.026,6410.976,6400.899,6402.369,1793,177,0,1793
2024-11-05 15:00:00,6402.526,6406.138,6395.799,6406.009,1793,177,0,1793
2024-11-05 16:00:00,6405.939,6408.584,6397.072,6397.832,1797,177,0,1797
2024-11-05 17:00:00,6397.907,6403.192,6397.256,6399.623,1794,177,0,1794
2024-11-05 18:00:00,6399.837,6401.68,6393.769,6394.899,1794,177,0,1794
2024-11-05 19:00:00,6395.114,6400.746,6392.506,6395.805,1797,177,0,1797
2024-11-05 20:00:00,6395.761,6399.209,6386.99,6387.546,1798,177,0,1798
2024-11-05 21:00:00,6387.501,6393.785,6382.976,6392.728,1794,177,0,1794
2024-11-05 22:00:00,6393.024,6399.915,6390.459,6392.336,1798,177,0,1798
2024-11-05 23:00:00,6392.342,6406.043,6391.676,6398.674,1797,177,0,1797
2024-11-06 00:00:00,6398.398,6400.128,6392.323,6397.211,1799,177,0,1799
2024-11-06 01:00:00,6397.431,6404.44,6396.049,6403.872,1793,177,0,1793
2024-11-06 02:00:00,6403.747,6417.424,6403.511,6416.335,1797,177,0,1797
2024-11-06 03:00:00,6416.566,6421.419,6413.699,6418.855,1797,177,0,1797
2024-11-06 04:00:00,6418.947,6423.126,6412.272,6412.326,1798,177,0,1798
2024-11-06 05:00:00,6412.343,6413.097,6397.934,6401.302,1798,177,0,1798
2024-11-06 06:00:00,6401.156,6402.031,6388.004,6388.814,1795,177,0,1795
2024-11-06 07:00:00,6388.806,6392.589,6381.539,6388.742,1795,177,0,1795
2024-11-06 08:00:00,6388.702,6393.36,6384.12,6385.215,1794,177,0,1794
2024-11-06 09:00:00,6385.254,6388.674,6379.306,6382.888,1798,177,0,1798
2024-11-06 10:00:00,6383.042,6387.853,6378.39,6381.145,1795,177,0,1795
2024-11-06 11:00:00,6381.465,6384.295,6373.153,6377.265,1796,177,0,1796
2024-11-06 12:00:00,6377.274,6377.899,6362.974,6373.397,1799,177,0,1799
2024-11-06 13:00:00,6373.398,6379.533,6370.333,6375.68,1796,177,0,1796
2024-11-06 14:00:00,6375.804,6384.501,6373.702,6381.144,1794,177,0,1794
2024-11-06 15:00:00,6381.114,6384.046,6375.441,6376.255,1791,177,0,1791
2024-11-06 16:00:00,6376.13,6381.147,6373.367,6380.656,1794,177,0,1794
2024-11-06 17:00:00,6380.596,6386.69,6379.694,6381.626,1795,177,0,1795
2024-11-06 18:00:00,6381.604,6390.849,6381.475,6389.117,1799,177,0,1799
2024-11-06 19:00:00,6389.15,6392.345,6383.313,6392.345,1797,177,0,1797
2024-11-06 20:00:00,6392.451,6395.93,6384.974,6386.437,1794,177,0,1794
2024-11-06 21:00:00,6386.471,6394.598,6385.011,6392.165,1796,177,0,1796
2024-11-06 22:00:00,6392.256,6395.754,6388.179,6389.136,1795,177,0,1795
2024-11-06 23:00:00,6389.27,6394.521,6387.168,6388.583,1793,177,0,1793
2024-11-07 00:00:00,6388.578,6392.623,6386.599,6388.924,1797,177,0,1797
2024-11-07 01:00:00,6389.111,6401.22,6389.079,6401.083,1792,177,0,1792
2024-11-07 02:00:00,6401.075,6401.304,6393.206,6400.163,1794,177,0,1794
2024-11-07 03:00:00,6400.252,6400.252,6395.538,6397.966,1797,177,0,1797
2024-11-07 04:00:00,6397.838,6400.646,6385.352,6388.135,1795,177,0,1795
2024-11-07 05:00:00,6388.272,6391.072,6380.884,6384.995,1797,177,0,1797
2024-11-07 06:00:00,6385.116,6388.035,6372.698,6376.576,1794,177,0,1794
2024-11-07 07:00:00,6376.402,6381.623,6372.58,6374.379,1799,177,0,1799
2024-11-07 08:00:00,6374.324,6374.665,6367.004,6371.773,1792,177,0,1792
2024-11-07 09:00:00,6371.76,6373.684,6361.777,6362.27,1795,177,0,1795
2024-11-07 10:00:00,6362.292,6372.453,6358.407,6370.584,1794,177,0,1794
2024-11-07 11:00:00,6370.749,6377.767,6368.374,6373.451,1798,177,0,1798
2024-11-07 12:00:00,6373.482,6373.846,6362.332,6362.889,1798,177,0,1798
2024-11-07 13:00:00,6362.714,6372.005,6362.236,6370.953,1796,177,0,1796
2024-11-07 14:00:00,6371.119,6393.383,6370.727,6392.159,1796,177,0,1796
2024-11-07 15:00:00,6392.139,6394.979,6387.731,6389.644,1792,177,0,1792
2024-11-07 16:00:00,6389.937,6395.82,6386.1,6392.787,1797,177,0,1797
2024-11-07 17:00:00,6392.679,6399.045,6389.689,6393.77,1800,177,0,1800
2024-11-07 18:00:00,6393.564,6404.869,6392.702,6403.406,1794,177,0,1794
2024-11-07 19:00:00,6403.256,6403.31,6391.012,6395.274,1795,177,0,1795
2024-11-07 20:00:00,6395.228,6398.769,6391.189,6394.429,1795,177,0,1795
2024-11-07 21:00:00,6394.156,6403.148,6391.95,6400.479,1798,177,0,1798
2024-11-07 22:00:00,6400.466,6403.781,6397.008,6399.822,1796,177,0,1796
2024-11-07 23:00:00,6399.729,6399.826,6379.603,6381.872,1797,177,0,1797
2024-11-08 00:00:00,6381.787,6386.042,6374.453,6375.119,1798,177,0,1798
2024-11-08 01:00:00,6374.95,6378.694,6370.302,6373.243,1795,177,0,1795
2024-11-08 02:00:00,6373.045,6376.06,6370.155,6375.184,1799,177,0,1799
2024-11-08 03:00:00,6375.075,6380.149,6373.008,6376.793,1791,177,0,1791
2024-11-08 04:00:00,6376.791,6379.364,6369.656,6377.541,1799,177,0,1799
2024-11-08 05:00:00,6377.582,6379.015,6367.585,6368.226,1794,177,0,1794
2024-11-08 06:00:00,6368.256,6370.672,6361.67,6365.147,1792,177,0,1792
2024-11-08 07:00:00,6365.186,6372.019,6362.44,6371.563,1790,177,0,1790
2024-11-08 08:00:00,6371.462,6371.745,6356.893,6359.168,1797,177,0,1797
2024-11-08 09:00:00,6359.196,6363.257,6356.907,6361.65,1797,177,0,1797
2024-11-08 10:00:00,6361.526,6370.698,6357.144,6367.915,1794,177,0,1794
2024-11-08 11:00:00,6367.819,6374.355,6364.34,6372.108,1797,177,0,1797
2024-11-08 12:00:00,6372.097,6376.815,6367.84,6372.985,1793,177,0,1793
2024-11-08 13:00:00,6373.169,6387.458,6370.498,6387.458,1794,177,0,1794
2024-11-08 14:00:00,6387.417,6392.914,6386.309,6387.426,1792,177,0,1792
2024-11-08 15:00:00,6387.133,6387.567,6376.059,6379.085,1798,177,0,1798
2024-11-08 16:00:00,6379.14,6390.84,6377.29,6388.005,1799,177,0,1799
2024-11-08 17:00:00,6388.055,6401.594,6387.32,6398.193,1796,177,0,1796
2024-11-08 18:00:00,6397.991,6397.991,6387.922,6392.758,1792,177,0,1792
2024-11-08 19:00:00,6392.781,6393.817,6385.546,6391.167,1790,177,0,1790
2024-11-08 20:00:00,6391.59,6398.86,6389.728,6396.795,1799,177,0,1799
2024-11-08 21:00:00,6396.817,6402.981,6395.248,6401.989,1793,177,0,1793
2024-11-08 22:00:00,6401.771,6409.796,6398.299,6402.316,1796,177,0,1796
2024-11-08 23:00:00,6402.384,6415.383,6398.817,6413.08,1798,177,0,1798
2024-11-09 00:00:00,6413.255,6414.057,6400.694,6400.694,1796,177,0,1796
2024-11-09 01:00:00,6400.69,6401.212,6394.914,6398.486,1793,177,0,1793
2024-11-09 02:00:00,6398.443,6398.961,6392.699,6398.399,1794,177,0,1794
2024-11-09 03:00:00,6398.276,6408.199,6396.385,6406.901,1791,177,0,1791
2024-11-09 04:00:00,6406.65,6409.687,6400.604,6406.113,1797,177,0,1797
2024-11-09 05:00:00,6406.176,6408.924,6397.268,6404.386,1797,177,0,1797
2024-11-09 06:00:00,6404.608,6409.598,6402.846,6403.136,1794,177,0,1794
2024-11-09 07:00:00,6403.048,6405.232,6396.822,6397.914,1798,177,0,1798
2024-11-09 08:00:00,6397.736,6398.677,6387.399,6389.224,1795,177,0,1795
2024-11-09 09:00:00,6389.067,6394.264,6387.33,6391.157,1797,177,0,1797
2024-11-09 10:00:00,6391.071,6399.096,6383.977,6393.494,1788,177,0,1788
2024-11-09 11:00:00,6393.536,6396.625,6387.39,6393.221,1794,177,0,1794
2024-11-09 12:00:00,6393.24,6393.942,6383.992,6385.956,1794,177,0,1794
2024-11-09 13:00:00,6385.943,6387.334,6375.625,6375.827,1797,177,0,1797
2024-11-09 14:00:00,6375.95,6385.197,6375.421,6383.275,1796,177,0,1796
2024-11-09 15:00:00,6383.246,6389.14,6380.954,6387.085,1795,177,0,1795
2024-11-09 16:00:00,6387.143,6405.378,6386.671,6401.908,1795,177,0,1795
2024-11-09 17:00:00,6401.944,6402.641,6392.962,6398.259,1800,177,0,1800
2024-11-09 18:00:00,6398.47,6400.556,6393.987,6398.738,1795,177,0,1795
2024-11-09 19:00:00,6398.561,6403.122,6388.886,6391.86,1799,177,0,1799
2024-11-09 20:00:00,6391.921,6392.251,6382.707,6383.566,1795,177,0,1795
2024-11-09 21:00:00,6383.525,6388.622,6380.553,6382.615,1792,177,0,1792
2024-11-09 22:00:00,6382.577,6383.861,6374.825,6374.825,1795,177,0,1795
2024-11-09 23:00:00,6374.468,6378.034,6368.311,6368.773,1793,177,0,1793
2024-11-10 00:00:00,6368.98,6374.561,6367.874,6370.546,1793,177,0,1793
2024-11-10 01:00:00,6370.742,6371.565,6363.002,6370.477,1796,177,0,1796
2024-11-10 02:00:00,6370.597,6371.852,6359.905,6360.407,1796,177,0,1796
2024-11-10 03:00:00,6360.5,6365.506,6357.624,6359.717,1795,177,0,1795
2024-11-10 04:00:00,6359.924,6360.757,6348.489,6354.524,1794,177,0,1794
2024-11-10 05:00:00,6354.24,6361.003,6346.884,6357.836,1795,177,0,1795
2024-11-10 06:00:00,6357.894,6363.613,6355.927,6356.713,1795,177,0,1795
2024-11-10 07:00:00,6356.667,6359.513,6349.924,6357.384,1795,177,0,1795
2024-11-10 08:00:00,6357.395,6363.873,6355.992,6357.165,1795,177,0,1795
2024-11-10 09:00:00,6357.233,6363.964,6354.174,6356.659,1793,177,0,1793
2024-11-10 10:00:00,6356.485,6359.649,6342.611,6344.619,1794,177,0,1794
2024-11-10 11:00:00,6344.796,6353.223,6343.462,6344.615,1794,177,0,1794
2024-11-10 12:00:00,6344.553,6352.236,6340.446,6351.694,1798,177,0,1798
2024-11-10 13:00:00,6351.608,6351.727,6341.895,6345.818,1796,177,0,1796
2024-11-10 14:00:00,6346.102,6353.742,6341.826,6344.272,1794,177,0,1794
2024-11-10 15:00:00,6344.094,6347.688,6336.439,6337.149,1793,177,0,1793
2024-11-10 16:00:00,6337.156,6337.465,6328.354,6328.624,1796,177,0,1796
2024-11-10 17:00:00,6328.814,6329.462,6323.646,6326.58,1797,177,0,1797
2024-11-10 18:00:00,6326.599,6331.769,6322.597,6323.713,1795,177,0,1795
2024-11-10 19:00:00,6323.847,6326.342,6317.756,6320.242,1798,177,0,1798
2024-11-10 20:00:00,6320.279,6326.573,6314.971,6315.219,1796,177,0,1796
2024-11-10 21:00:00,6315.028,6322.597,6313.579,6318.708,1797,177,0,1797
2024-11-10 22:00:00,6318.604,6326.977,6316.876,6325.867,1793,177,0,1793
2024-11-10 23:00:00,6325.685,6338.656,6323.873,6337.632,1793,177,0,1793
2024-11-11 00:00:00,6337.459,6338.396,6327.405,6333.377,1796,177,0,1796
2024-11-11 01:00:00,6333.365,6342.513,6331.5,6341.269,1796,177,0,1796
2024-11-11 02:00:00,6341.085,6348.701,6334.656,6348.487,1796,177,0,1796
2024-11-11 03:00:00,6348.435,6349.631,6343.517,6347.079,1796,177,0,1796
2024-11-11 04:00:00,6347.339,6347.946,6335.74,6339.867,1796,177,0,1796
2024-11-11 05:00:00,6339.52,6343.918,6337.708,6342.084,1795,177,0,1795
2024-11-11 06:00:00,6341.771,6342.611,6327.644,6328.351,1794,177,0,1794
2024-11-11 07:00:00,6328.445,6330.135,6320.453,6322.292,1795,176,0,1795
2024-11-11 08:00:00,6322.63,6323.2,6312.974,6313.144,1795,176,0,1795
2024-11-11 09:00:00,6313.387,6315.167,6304.343,6307.01,1797,176,0,1797
2024-11-11 10:00:00,6306.938,6311.791,6305.224,6306.792,1798,176,0,1798
2024-11-11 11:00:00,6306.843,6308.045,6299.942,6306.671,1798,176,0,1798
2024-11-11 12:00:00,6306.779,6317.074,6306.524,6310.601,1798,176,0,1798
2024-11-11 13:00:00,6310.497,6317.972,6310.355,6317.393,1799,176,0,1799
2024-11-11 14:00:00,6317.453,6321.138,6314.057,6314.336,1794,176,0,1794
2024-11-11 15:00:00,6314.165,6321.928,6313.486,6315.48,1797,176,0,1797
2024-11-11 16:00:00,6315.592,6322.272,6310.599,6321.029,1796,176,0,1796
2024-11-11 17:00:00,6320.928,6325.163,6316.205,6317.314,1797,176,0,1797
2024-11-11 18:00:00,6317.258,6318.623,6312.272,6315.962,1793,176,0,1793
2024-11-11 19:00:00,6315.68,6320.772,6312.095,6312.136,1797,176,0,1797
2024-11-11 20:00:00,6312.164,6314.662,6305.954,6307.292,1798,176,0,1798
2024-11-11 21:00:00,6307.541,6316.809,6307.076,6316.134,1797,176,0,1797
2024-11-11 22:00:00,6316.241,6325.766,6313.357,6321.232,1797,176,0,1797
2024-11-11 23:00:00,6321.454,6322.882,6314.612,6320.328,1797,176,0,1797
2024-11-12 00:00:00,6320.15,6325.738,6312.321,6315.781,1799,176,0,1799
2024-11-12 01:00:00,6315.834,6320.314,6314.766,6316.606,1793,176,0,1793
2024-11-12 02:00:00,6316.512,6319.135,6310.068,6316.918,1794,176,0,1794
2024-11-12 03:00:00,6316.94,6319.176,6310.917,6313.265,1798,176,0,1798
2024-11-12 04:00:00,6313.37,6322.858,6311.01,6322.854,1798,176,0,1798
2024-11-12 05:00:00,6322.749,6326.527,6318.645,6322.652,1797,176,0,1797
2024-11-12 06:00:00,6322.723,6326.162,6320.178,6324.425,1795,176,0,1795
2024-11-12 07:00:00,6324.51,6328.536,6319.082,6319.144,1798,176,0,1798
2024-11-12 08:00:00,6318.847,6324.499,6312.598,6323.349,1794,176,0,1794
2024-11-12 09:00:00,6323.576,6328.722,6319.926,6320.197,1796,176,0,1796
2024-11-12 10:00:00,6320.351,6322.515,6315.887,6318.928,1796,176,0,1796
2024-11-12 11:00:00,6318.754,6325.131,6317.749,6319.954,1798,176,0,1798
2024-11-12 12:00:00,6319.528,6330.896,6318.801,6329.276,1794,176,0,1794
2024-11-12 13:00:00,6329.332,6330.982,6325.488,6330.542,1795,176,0,1795
2024-11-12 14:00:00,6330.276,6339.104,6330.206,6337.731,1795,176,0,1795
2024-11-12 15:00:00,6337.736,6339.429,6321.675,6324.734,1793,176,0,1793
2024-11-12 16:00:00,6324.693,6330.041,6319.387,6327.472,1798,176,0,1798
2024-11-12 17:00:00,6327.397,6333.966,6325.542,6330.507,1794,176,0,1794
2024-11-12 18:00:00,6330.478,6337.903,6330.397,6334.428,1793,176,0,1793
2024-11-12 19:00:00,6334.258,6343.746,6333.486,6340.322,1796,176,0,1796
2024-11-12 20:00:00,6340.185,6347.95,6336.232,6342.72,1797,176,0,1797
2024-11-12 21:00:00,6342.944,6343.994,6338.085,6342.992,1794,176,0,1794
2024-11-12 22:00:00,6343.176,6358.21,6342.942,6352.487,1798,176,0,1798
2024-11-12 23:00:00,6352.413,6363.363,6352.413,6360.86,1793,176,0,1793
2024-11-13 00:00:00,6360.816,6361.154,6339.949,6339.949,1796,176,0,1796
2024-11-13 01:00:00,6340.097,6342.501,6335.975,6342.497,1794,176,0,1794
2024-11-13 02:00:00,6342.424,6353.012,6340.798,6350.101,1772,176,0,1772
2024-11-13 03:00:00,6350.332,6350.528,6343.209,6345.995,1797,176,0,1797
2024-11-13 04:00:00,6346.12,6359.666,6346.057,6358.839,1795,176,0,1795
2024-11-13 05:00:00,6358.897,6361.419,6352.374,6359.28,1798,176,0,1798
2024-11-13 06:00:00,6359.352,6361.512,6353.216,6356.74,1797,176,0,1797
2024-11-13 07:00:00,6356.927,6364.642,6350.837,6350.87,1794,176,0,1794
2024-11-13 08:00:00,6350.96,6355.182,6345.142,6351.141,1799,176,0,1799
2024-11-13 09:00:00,6351.205,6354.004,6342.923,6345.707,1794,176,0,1794
2024-11-13 10:00:00,6345.93,6349.269,6341.757,6344.392,1796,176,0,1796
2024-11-13 11:00:00,6344.323,6349.36,6334.851,6339.928,1796,176,0,1796
2024-11-13 12:00:00,6339.932,6344.109,6332.729,6334.801,1795,176,0,1795
2024-11-13 13:00:00,6334.809,6338.362,6330.053,6332.554,1798,176,0,1798
2024-11-13 14:00:00,6332.722,6336.183,6327.837,6331.206,1795,176,0,1795
2024-11-13 15:00:00,6331.257,6342.775,6331.257,6335.823,1797,176,0,1797
2024-11-13 16:00:00,6335.889,6345.427,6335.37,6344.696,1796,176,0,1796
2024-11-13 17:00:00,6344.783,6354.759,6344.783,6350.801,1793,176,0,1793
2024-11-13 18:00:00,6350.746,6353.935,6342.9,6346.368,1795,176,0,1795
2024-11-13 19:00:00,6346.133,6351.158,6341.812,6348.919,1798,176,0,1798
2024-11-13 20:00:00,6348.875,6356.926,6347.078,6353.634,1794,176,0,1794
2024-11-13 21:00:00,6353.74,6359.424,6349.119,6358.098,1794,176,0,1794
2024-11-13 22:00:00,6358.231,6358.346,6339.029,6339.427,1798,176,0,1798
2024-11-13 23:00:00,6339.152,6344.94,6336.486,6342.334,1796,176,0,1796
2024-11-14 00:00:00,6342.3,6351.837,6340.52,6342.535,1797,176,0,1797
2024-11-14 01:00:00,6342.459,6347.585,6332.264,6347.585,1797,176,0,1797
2024-11-14 02:00:00,6347.852,6348.151,6336.73,6346.995,1795,176,0,1795
2024-11-14 03:00:00,6347.009,6349.653,6338.723,6341.314,1796,176,0,1796
2024-11-14 04:00:00,6341.352,6341.466,6332.163,6335.979,1797,176,0,1797
2024-11-14 05:00:00,6335.893,6336.515,6325.156,6327.547,1793,176,0,1793
2024-11-14 06:00:00,6327.693,6338.371,6322.907,6335.632,1795,176,0,1795
2024-11-14 07:00:00,6336.039,6339.113,6327.606,6335.233,1792,176,0,1792
2024-11-14 08:00:00,6335.59,6338.101,6330.827,6331.555,1797,176,0,1797
2024-11-14 09:00:00,6331.688,6344.935,6326.882,6343.826,1798,176,0,1798
2024-11-14 10:00:00,6343.9,6354.586,6343.81,6346.007,1796,176,0,1796
2024-11-14 11:00:00,6345.94,6353.191,6342.834,6345.255,1793,176,0,1793
2024-11-14 12:00:00,6345.15,6353.996,6343.748,6348.411,1796,176,0,1796
2024-11-14 13:00:00,6348.384,6356.552,6346.432,6348.931,1798,176,0,1798
2024-11-14 14:00:00,6348.763,6360.02,6348.763,6358.308,1796,176,0,1796
2024-11-14 15:00:00,6358.296,6360.312,6351.829,6352.755,1797,176,0,1797
2024-11-14 16:00:00,6352.649,6358.271,6349.427,6356.363,1794,176,0,1794
2024-11-14 17:00:00,6356.656,6363.899,6355.566,6362.666,1798,176,0,1798
2024-11-14 18:00:00,6362.744,6365.272,6358.087,6362.01,1796,176,0,1796
2024-11-14 19:00:00,6361.983,6364.595,6352.073,6352.137,1798,176,0,1798
2024-11-14 20:00:00,6352.037,6355.78,6346.318,6351.531,1794,176,0,1794
2024-11-14 21:00:00,6351.269,6351.555,6344.488,6348.355,1795,176,0,1795
2024-11-14 22:00:00,6348.494,6363.467,6348.325,6360.286,1795,176,0,1795
2024-11-14 23:00:00,6360.16,6362.093,6353.123,6355.497,1797,176,0,1797
2024-11-15 00:00:00,6355.404,6361.595,6354.228,6361.498,1792,176,0,1792
2024-11-15 01:00:00,6361.472,6370.053,6361.05,6367.642,1798,176,0,1798
2024-11-15 02:00:00,6367.509,6368.276,6349.214,6349.716,1797,176,0,1797
2024-11-15 03:00:00,6349.597,6356.176,6346.465,6352.536,1798,176,0,1798
2024-11-15 04:00:00,6352.499,6359.78,6351.507,6354.347,1797,176,0,1797
2024-11-15 05:00:00,6354.35,6356.039,6348.631,6349.552,1796,176,0,1796
2024-11-15 06:00:00,6349.527,6350.25,6338.774,6341.781,1795,176,0,1795
2024-11-15 07:00:00,6341.46,6354.78,6339.862,6351.57,1799,176,0,1799
2024-11-15 08:00:00,6351.418,6352.692,6344.811,6346.504,1799,176,0,1799
2024-11-15 09:00:00,6346.597,6358.409,6343.01,6356.611,1791,176,0,1791
2024-11-15 10:00:00,6356.696,6362.748,6353.778,6357.427,1793,176,0,1793
2024-11-15 11:00:00,6357.419,6363.77,6355.1,6361.908,1796,176,0,1796
2024-11-15 12:00:00,6362.12,6372.534,6359.631,6372.186,1797,176,0,1797
2024-11-15 13:00:00,6372.378,6381.608,6370.72,6380.291,1798,176,0,1798
2024-11-15 14:00:00,6380.415,6383.967,6377.354,6379.537,1794,176,0,1794
2024-11-15 15:00:00,6379.47,6386.908,6375.503,6384.265,1794,176,0,1794
2024-11-15 16:00:00,6384.218,6384.574,6367.775,6376.366,1798,176,0,1798
2024-11-15 17:00:00,6376.599,6378.79,6370.305,6370.982,1795,176,0,1795
2024-11-15 18:00:00,6371.071,6375.317,6356.199,6357.324,1797,176,0,1797
2024-11-15 19:00:00,6357.499,6361.02,6353.703,6357.514,1792,176,0,1792
2024-11-15 20:00:00,6357.669,6358.461,6346.277,6347.364,1793,176,0,1793
2024-11-15 21:00:00,6347.347,6358.719,6346.445,6357.034,1794,176,0,1794
2024-11-15 22:00:00,6357.167,6359.231,6343.133,6343.323,1795,176,0,1795
2024-11-15 23:00:00,6343.332,6347.29,6339.062,6341.11,1797,176,0,1797
2024-11-16 00:00:00,6341.145,6344.309,6336.869,6338.558,1795,176,0,1795
2024-11-16 01:00:00,6338.743,6340.22,6323.594,6324.902,1793,176,0,1793
2024-11-16 02:00:00,6324.979,6325.431,6318.604,6321.86,1793,176,0,1793
2024-11-16 03:00:00,6321.99,6335.831,6321.567,6334.04,1797,176,0,1797
2024-11-16 04:00:00,6334.236,6335.122,6325.601,6334.47,1795,176,0,1795
2024-11-16 05:00:00,6334.389,6337.62,6320.989,6322.255,1794,176,0,1794
2024-11-16 06:00:00,6322.109,6328.24,6321.112,6321.26,1794,176,0,1794
2024-11-16 07:00:00,6321.356,6324.73,6310.574,6313.302,1800,176,0,1800
2024-11-16 08:00:00,6313.37,6321.159,6310.594,6320.757,1795,176,0,1795
2024-11-16 09:00:00,6320.719,6331.035,6318.766,6330.517,1799,176,0,1799
2024-11-16 10:00:00,6330.636,6331.661,6319.028,6319.171,1797,176,0,1797
2024-11-16 11:00:00,6319.122,6322.925,6309.132,6316.277,1796,176,0,1796
2024-11-16 12:00:00,6316.147,6323.323,6313.659,6321.312,1797,176,0,1797
2024-11-16 13:00:00,6321.417,6321.523,6312.171,6312.171,1795,176,0,1795
2024-11-16 14:00:00,6312.247,6312.417,6303.703,6306.113,1794,176,0,1794
2024-11-16 15:00:00,6306.072,6315.069,6300.303,6312.05,1798,176,0,1798
2024-11-16 16:00:00,6311.943,6315.236,6297.921,6298.215,1798,176,0,1798
2024-11-16 17:00:00,6298.253,6307.748,6294.883,6304.201,1797,176,0,1797
2024-11-16 18:00:00,6304.222,6305.377,6296.698,6298.361,1799,176,0,1799
2024-11-16 19:00:00,6298.065,6300.487,6293.488,6299.354,1797,176,0,1797
2024-11-16 20:00:00,6299.433,6313.517,6298.177,6312.205,1797,176,0,1797
2024-11-16 21:00:00,6312.222,6320.263,6310.626,6318.967,1798,176,0,1798
2024-11-16 22:00:00,6318.939,6332.376,6318.661,6330.483,1796,176,0,1796
2024-11-16 23:00:00,6330.172,6335.727,6327.191,6333.675,1793,176,0,1793
2024-11-17 00:00:00,6333.669,6333.712,6316.874,6318.015,1789,176,0,1789
2024-11-17 01:00:00,6318.123,6320.479,6310.825,6312.918,1697,176,0,1697
2024-11-17 02:00:00,6312.754,6314.452,6303.611,6311.485,1809,176,0,1809
2024-11-17 03:00:00,6311.449,6317.11,6306.353,6316.634,1794,176,0,1794
2024-11-17 04:00:00,6316.772,6318.228,6306.297,6309.81,1795,176,0,1795
2024-11-17 05:00:00,6309.43,6312.92,6300.598,6301.896,1797,176,0,1797
2024-11-17 06:00:00,6301.909,6303.416,6294.339,6298.916,1795,176,0,1795
2024-11-17 07:00:00,6298.934,6304.133,6294.937,6299.714,1796,176,0,1796
2024-11-17 08:00:00,6299.804,6303.073,6294.138,6300.329,1797,176,0,1797
2024-11-17 09:00:00,6300.367,6315.037,6295.573,6310.754,1796,176,0,1796
2024-11-17 10:00:00,6310.735,6311.684,6293.315,6293.315,1793,176,0,1793
2024-11-17 11:00:00,6293.226,6297.593,6289.951,6291.479,1795,176,0,1795
2024-11-17 12:00:00,6291.489,6293.084,6284.054,6286.512,1798,176,0,1798
2024-11-17 13:00:00,6286.55,6288.69,6281.274,6283.38,1797,176,0,1797
2024-11-17 14:00:00,6283.14,6289.626,6281.601,6285.443,1796,176,0,1796
2024-11-17 15:00:00,6285.518,6298.027,6283.127,6293.12,1796,176,0,1796
2024-11-17 16:00:00,6293.1,6302.962,6290.7,6299.092,1797,176,0,1797
2024-11-17 17:00:00,6299.173,6308.341,6297.996,6303.083,1795,176,0,1795
2024-11-17 18:00:00,6302.704,6303.339,6293.429,6296.112,1797,176,0,1797
2024-11-17 19:00:00,6296.316,6300.262,6294.729,6298.483,1798,176,0,1798
2024-11-17 20:00:00,6298.319,6298.319,6282.893,6283.745,1795,176,0,1795
2024-11-17 21:00:00,6283.932,6286.145,6274.936,6275.866,1798,176,0,1798
2024-11-17 22:00:00,6275.536,6280.134,6271.187,6278.658,1799,176,0,1799
2024-11-17 23:00:00,6278.447,6291.928,6276.524,6290.831,1795,176,0,1795
2024-11-18 00:00:00,6290.869,6292.725,6284.009,6285.156,1795,176,0,1795
2024-11-18 01:00:00,6285.318,6287.315,6275.807,6285.769,1793,176,0,1793
2024-11-18 02:00:00,6285.994,6290.568,6279.474,6283.841,1795,176,0,1795
2024-11-18 03:00:00,6283.883,6289.291,6277.677,6288.196,1795,176,0,1795
2024-11-18 04:00:00,6287.992,6295.114,6284.646,6294.99,1793,176,0,1793
2024-11-18 05:00:00,6294.777,6295.682,6285.73,6290.02,1796,176,0,1796
2024-11-18 06:00:00,6290.142,6309.797,6289.623,6308.461,1799,174,0,1799
2024-11-18 07:00:00,6308.549,6311.892,6305.873,6308.387,1793,174,0,1793
2024-11-18 08:00:00,6308.609,6315.771,6306.417,6310.193,1793,174,0,1793
2024-11-18 09:00:00,6310.198,6312.134,6306.898,6308.399,1798,174,0,1798
2024-11-18 10:00:00,6308.469,6313.094,6305.373,6308.534,1798,174,0,1798
2024-11-18 11:00:00,6308.442,6311.587,6302.794,6303.977,1796,174,0,1796
2024-11-18 12:00:00,6304.071,6309.816,6300.427,6304.483,1796,174,0,1796
2024-11-18 13:00:00,6304.692,6312.852,6304.115,6308.817,1796,174,0,1796
2024-11-18 14:00:00,6308.606,6310.928,6300.153,6301.988,1795,174,0,1795
2024-11-18 15:00:00,6301.937,6310.387,6300.892,6307.597,1798,174,0,1798
2024-11-18 16:00:00,6307.399,6308.361,6300.623,6304.223,1795,174,0,1795
2024-11-18 17:00:00,6304.341,6307.901,6293.396,6296.153,1797,174,0,1797
2024-11-18 18:00:00,6295.799,6307.222,6294.494,6305.458,1797,174,0,1797
2024-11-18 19:00:00,6305.664,6307.282,6295.36,6296.523,1792,174,0,1792
2024-11-18 20:00:00,6296.813,6309.978,6294.074,6308.093,1795,174,0,1795
2024-11-18 21:00:00,6308.075,6315.682,6305.586,6312.245,1797,174,0,1797
2024-11-18 22:00:00,6312.046,6322.041,6311.547,6320.406,1795,174,0,1795
2024-11-18 23:00:00,6320.203,6322.105,6312.745,6320.69,1795,174,0,1795
2024-11-19 00:00:00,6320.713,6323.245,6309.027,6313.709,1795,174,0,1795
2024-11-19 01:00:00,6313.677,6315.396,6304.044,6310.461,1798,174,0,1798
2024-11-19 02:00:00,6310.576,6314.056,6306.963,6313.327,1795,174,0,1795
2024-11-19 03:00:00,6313.298,6315.497,6309.8,6315.128,1798,174,0,1798
2024-11-19 04:00:00,6315.188,6324.854,6313.224,6321.312,1792,174,0,1792
2024-11-19 05:00:00,6321.144,6326.941,6318.882,6324.427,1796,174,0,1796
2024-11-19 06:00:00,6324.698,6325.922,6315.995,6321.577,1796,174,0,1796
2024-11-19 07:00:00,6321.514,6323.641,6317.028,6318.33,1794,174,0,1794
2024-11-19 08:00:00,6318.123,6322.913,6311.24,6321.315,1793,174,0,1793
2024-11-19 09:00:00,6321.062,6322.001,6311.965,6313.245,1796,174,0,1796
2024-11-19 10:00:00,6313.364,6317.519,6309.064,6309.605,1798,174,0,1798
2024-11-19 11:00:00,6309.622,6322.337,6308.305,6318.585,1792,174,0,1792
2024-11-19 12:00:00,6318.782,6324.533,6316.706,6319.905,1797,174,0,1797
2024-11-19 13:00:00,6319.922,6325.356,6318.596,6321.066,1795,174,0,1795
2024-11-19 14:00:00,6321.443,6321.588,6313.071,6314.356,1796,174,0,1796
2024-11-19 15:00:00,6314.306,6314.306,6303.903,6304.658,1796,174,0,1796
2024-11-19 16:00:00,6304.582,6312.05,6304.193,6311.131,1798,174,0,1798
2024-11-19 17:00:00,6311.195,6317.229,6308.823,6315.307,1795,174,0,1795
2024-11-19 18:00:00,6315.296,6325.295,6314.148,6324.863,1797,174,0,1797
2024-11-19 19:00:00,6324.852,6331.97,6316.755,6331.614,1791,174,0,1791
2024-11-19 20:00:00,6331.769,6341.579,6331.769,6340.907,1798,174,0,1798
2024-11-19 21:00:00,6340.764,6343.656,6338.199,6342.388,1791,174,0,1791
2024-11-19 22:00:00,6342.442,6349.966,6340.201,6345.369,1796,174,0,1796
2024-11-19 23:00:00,6345.334,6345.785,6332.213,6332.799,1798,174,0,1798
2024-11-20 00:00:00,6332.632,6333.008,6317.49,6317.855,1797,174,0,1797
2024-11-20 01:00:00,6318.145,6322.073,6314.996,6320.946,1792,174,0,1792
2024-11-20 02:00:00,6320.95,6321.312,6311.987,6314.553,1798,174,0,1798
2024-11-20 03:00:00,6314.775,6324.182,6309.557,6321.544,1796,174,0,1796
2024-11-20 04:00:00,6321.262,6321.451,6311.544,6311.651,1795,174,0,1795
2024-11-20 05:00:00,6311.647,6312.161,6304.733,6307.266,1797,174,0,1797
2024-11-20 06:00:00,6307.241,6320.819,6307.085,6318.665,1799,174,0,1799
2024-11-20 07:00:00,6318.756,6320.203,6299.528,6300.169,1793,174,0,1793
2024-11-20 08:00:00,6300.334,6308.739,6297.11,6304.547,1797,174,0,1797
2024-11-20 09:00:00,6304.38,6307.355,6296.524,6300.343,1792,174,0,1792
2024-11-20 10:00:00,6300.345,6305.484,6295.844,6303.537,1797,174,0,1797
2024-11-20 11:00:00,6303.676,6312.43,6298.589,6299.884,1796,174,0,1796
2024-11-20 12:00:00,6299.812,6303.651,6291.847,6299.476,1797,174,0,1797
2024-11-20 13:00:00,6299.305,6310.588,6298.644,6304.82,1798,174,0,1798
2024-11-20 14:00:00,6304.827,6305.549,6296.276,6297.284,1797,174,0,1797
2024-11-20 15:00:00,6297.175,6307.005,6293.994,6305.68,1793,174,0,1793
2024-11-20 16:00:00,6305.644,6306.24,6293.96,6295.227,1797,174,0,1797
2024-11-20 17:00:00,6295.423,6298.707,6285.948,6295.635,1799,174,0,1799
2024-11-20 18:00:00,6295.893,6296.135,6282.678,6288.935,1797,174,0,1797
2024-11-20 19:00:00,6289.006,6293.421,6283.096,6283.228,1798,174,0,1798
2024-11-20 20:00:00,6283.179,6288.571,6280.64,6284.939,1797,174,0,1797
2024-11-20 21:00:00,6284.947,6293.973,6283.097,6292.572,1796,174,0,1796
2024-11-20 22:00:00,6292.44,6295.214,6288.28,6291.002,1793,174,0,1793
2024-11-20 23:00:00,6290.847,6295.765,6287.67,6288.044,1797,174,0,1797
2024-11-21 00:00:00,6287.981,6296.247,6282.453,6289.049,1795,174,0,1795
2024-11-21 01:00:00,6289.015,6289.833,6280.217,6287.868,1794,174,0,1794
2024-11-21 02:00:00,6287.749,6287.869,6275.785,6280.865,1797,174,0,1797
2024-11-21 03:00:00,6280.696,6282.471,6273.122,6281.287,1797,174,0,1797
2024-11-21 04:00:00,6281.411,6283.792,6277.704,6278.638,1794,174,0,1794
2024-11-21 05:00:00,6278.689,6293.618,6277.323,6288.78,1792,174,0,1792
2024-11-21 06:00:00,6288.856,6295.155,6285.585,6294.424,1793,174,0,1793
2024-11-21 07:00:00,6294.157,6298.072,6287.129,6287.753,1794,174,0,1794
2024-11-21 08:00:00,6287.616,6292.088,6283.722,6291.381,1796,174,0,1796
2024-11-21 09:00:00,6291.322,6291.707,6273.971,6277.318,1800,174,0,1800
2024-11-21 10:00:00,6277.399,6281.838,6274.469,6277.831,1797,174,0,1797
2024-11-21 11:00:00,6277.781,6278.998,6269.027,6270.623,1794,174,0,1794
2024-11-21 12:00:00,6270.615,6272.428,6262.453,6268.305,1796,174,0,1796
2024-11-21 13:00:00,6268.216,6271.006,6265.203,6269.633,1796,174,0,1796
2024-11-21 14:00:00,6269.688,6271.686,6256.26,6256.26,1793,174,0,1793
2024-11-21 15:00:00,6256.228,6259.572,6251.257,6254.663,1796,174,0,1796
2024-11-21 16:00:00,6254.669,6265.009,6254.669,6264.612,1797,174,0,1797
2024-11-21 17:00:00,6264.332,6279.306,6263.879,6274.069,1797,174,0,1797
2024-11-21 18:00:00,6273.809,6290.405,6273.446,6284.847,1795,174,0,1795
2024-11-21 19:00:00,6284.643,6298.266,6283.931,6296.604,1795,174,0,1795
2024-11-21 20:00:00,6296.415,6298.349,6287.155,6287.617,1793,174,0,1793
2024-11-21 21:00:00,6287.797,6291.106,6286.306,6289.992,1791,174,0,1791
2024-11-21 22:00:00,6290.062,6294.065,6284.223,6290.924,1792,174,0,1792
2024-11-21 23:00:00,6290.753,6298.817,6290.309,6292.611,1792,174,0,1792
2024-11-22 00:00:00,6292.84,6295.122,6285.28,6291.979,1796,174,0,1796
2024-11-22 01:00:00,6292.122,6293.468,6281.615,6292.778,1795,174,0,1795
2024-11-22 02:00:00,6292.647,6294.741,6285.964,6290.328,1795,174,0,1795
2024-11-22 03:00:00,6290.546,6292.977,6280.39,6284.684,1795,174,0,1795
2024-11-22 04:00:00,6284.934,6290.975,6282.53,6286.139,1796,174,0,1796
2024-11-22 05:00:00,6286.321,6295.567,6285.642,6289.51,1795,174,0,1795
2024-11-22 06:00:00,6289.43,6289.889,6273.783,6275.506,1797,174,0,1797
2024-11-22 07:00:00,6275.55,6281.298,6269.696,6270.559,1798,174,0,1798
2024-11-22 08:00:00,6270.628,6275.884,6266.953,6275.039,1798,174,0,1798
2024-11-22 09:00:00,6275.299,6275.8,6265.171,6268.073,1798,174,0,1798
2024-11-22 10:00:00,6268.463,6272.287,6263.353,6268.352,1796,174,0,1796
2024-11-22 11:00:00,6268.396,6269.782,6251.995,6252.115,1796,174,0,1796
2024-11-22 12:00:00,6252.249,6257.567,6249.097,6256.357,1797,174,0,1797
2024-11-22 13:00:00,6256.361,6260.761,6250.516,6255.254,1799,174,0,1799
2024-11-22 14:00:00,6255.372,6259.107,6243.852,6246.27,1798,174,0,1798
2024-11-22 15:00:00,6246.249,6246.895,6234.713,6235.058,1794,174,0,1794
2024-11-22 16:00:00,6234.697,6235.042,6220.085,6222.014,1796,174,0,1796
2024-11-22 17:00:00,6222.021,6226.837,6214.485,6224.481,1793,174,0,1793
2024-11-22 18:00:00,6224.429,6224.796,6214.648,6214.953,1796,174,0,1796
2024-11-22 19:00:00,6214.606,6217.492,6209.402,6212.025,1796,174,0,1796
2024-11-22 20:00:00,6211.908,6218.288,6209.792,6215.272,1793,174,0,1793
2024-11-22 21:00:00,6215.282,6219.637,6206.67,6207.442,1796,174,0,1796
2024-11-22 22:00:00,6207.516,6211.172,6187.039,6187.039,1797,174,0,1797
2024-11-22 23:00:00,6187.035,6209.127,6183.629,6207.516,1797,174,0,1797
2024-11-23 00:00:00,6207.507,6212.815,6201.325,6205.135,1798,174,0,1798
2024-11-23 01:00:00,6205.226,6211.948,6201.0,6210.926,1799,174,0,1799
2024-11-23 02:00:00,6210.694,6211.724,6204.497,6207.528,1795,174,0,1795
2024-11-23 03:00:00,6207.572,6221.48,6207.332,6214.675,1798,174,0,1798
2024-11-23 04:00:00,6214.716,6221.889,6214.625,6219.442,1796,174,0,1796
2024-11-23 05:00:00,6219.572,6221.374,6211.742,6215.088,1794,174,0,1794
2024-11-23 06:00:00,6215.347,6221.993,6213.84,6219.526,1798,174,0,1798
2024-11-23 07:00:00,6219.633,6226.411,6212.391,6215.612,1795,174,0,1795
2024-11-23 08:00:00,6215.384,6217.46,6206.296,6209.56,1797,174,0,1797
2024-11-23 09:00:00,6209.649,6210.15,6198.22,6199.771,1794,174,0,1794
2024-11-23 10:00:00,6199.956,6201.891,6193.225,6194.367,1793,174,0,1793
2024-11-23 11:00:00,6194.47,6200.925,6191.295,6197.93,1794,174,0,1794
2024-11-23 12:00:00,6197.93,6202.28,6191.537,6196.676,1797,174,0,1797
2024-11-23 13:00:00,6196.8,6200.999,6191.617,6198.245,1797,174,0,1797
2024-11-23 14:00:00,6198.449,6202.142,6194.544,6201.703,1793,174,0,1793
2024-11-23 15:00:00,6201.746,6204.121,6191.842,6195.702,1796,174,0,1796
2024-11-23 16:00:00,6195.808,6206.601,6194.469,6196.358,1796,174,0,1796
2024-11-23 17:00:00,6196.424,6209.611,6194.405,6207.026,1797,174,0,1797
2024-11-23 18:00:00,6206.854,6211.976,6202.775,6207.855,1797,174,0,1797
2024-11-23 19:00:00,6207.801,6208.111,6195.331,6202.418,1798,174,0,1798
2024-11-23 20:00:00,6202.425,6216.674,6201.282,6213.015,1793,174,0,1793
2024-11-23 21:00:00,6212.938,6213.649,6204.047,6204.439,1795,174,0,1795
2024-11-23 22:00:00,6204.462,6207.159,6199.184,6207.159,1797,174,0,1797
2024-11-23 23:00:00,6207.394,6210.4,6197.964,6200.414,1791,174,0,1791
2024-11-24 00:00:00,6200.365,6201.768,6190.998,6193.246,1793,174,0,1793
2024-11-24 01:00:00,6193.024,6199.556,6191.767,6194.566,1781,174,0,1781
2024-11-24 02:00:00,6194.418,6199.365,6186.306,6187.776,1797,174,0,1797
2024-11-24 03:00:00,6187.879,6188.642,6179.675,6184.44,1794,174,0,1794
2024-11-24 04:00:00,6184.62,6191.546,6183.807,6188.935,1795,174,0,1795
2024-11-24 05:00:00,6188.801,6192.551,6184.861,6188.613,1794,174,0,1794
2024-11-24 06:00:00,6188.722,6197.555,6187.438,6193.766,1796,174,0,1796
2024-11-24 07:00:00,6193.808,6207.284,6192.894,6202.6,1797,174,0,1797
2024-11-24 08:00:00,6202.919,6207.643,6200.502,6207.392,1795,174,0,1795
2024-11-24 09:00:00,6207.489,6213.803,6205.086,6213.003,1797,174,0,1797
2024-11-24 10:00:00,6212.896,6226.849,6212.538,6226.553,1797,174,0,1797
2024-11-24 11:00:00,6226.495,6229.076,6217.614,6221.805,1791,174,0,1791
2024-11-24 12:00:00,6221.912,6224.925,6214.185,6220.907,1799,174,0,1799
2024-11-24 13:00:00,6221.047,6223.948,6215.755,6216.316,1797,174,0,1797
2024-11-24 14:00:00,6216.366,6224.757,6212.658,6224.642,1795,174,0,1795
2024-11-24 15:00:00,6224.831,6231.425,6222.899,6230.598,1795,174,0,1795
2024-11-24 16:00:00,6230.402,6237.745,6225.572,6237.745,1798,174,0,1798
2024-11-24 17:00:00,6238.021,6245.0,6237.672,6243.601,1791,174,0,1791
2024-11-24 18:00:00,6243.647,6253.653,6238.776,6247.92,1797,174,0,1797
2024-11-24 19:00:00,6247.78,6252.681,6243.313,6250.604,1796,174,0,1796
2024-11-24 20:00:00,6250.842,6255.224,6248.003,6254.547,1794,174,0,1794
2024-11-24 21:00:00,6254.602,6257.744,6248.771,6251.985,1796,174,0,1796
2024-11-24 22:00:00,6251.716,6262.169,6251.437,6261.238,1796,174,0,1796
2024-11-24 23:00:00,6261.018,6272.791,6260.842,6268.765,1795,174,0,1795
2024-11-25 00:00:00,6268.339,6271.538,6264.393,6269.38,1794,174,0,1794
2024-11-25 01:00:00,6269.343,6283.095,6267.01,6277.495,1797,174,0,1797
2024-11-25 02:00:00,6277.292,6278.413,6269.617,6271.716,1798,174,0,1798
2024-11-25 03:00:00,6271.743,6281.751,6268.693,6269.704,1797,174,0,1797
2024-11-25 04:00:00,6269.638,6276.859,6266.508,6267.136,1790,174,0,1790
2024-11-25 05:00:00,6267.214,6276.098,6266.818,6270.065,1795,174,0,1795
2024-11-25 06:00:00,6270.175,6276.874,6270.089,6273.981,1794,174,0,1794
2024-11-25 07:00:00,6273.668,6289.615,6273.617,6289.175,1796,174,0,1796
2024-11-25 08:00:00,6289.243,6291.01,6282.798,6286.009,1796,174,0,1796
2024-11-25 09:00:00,6286.181,6287.2,6269.79,6270.002,1798,174,0,1798
2024-11-25 10:00:00,6270.041,6274.183,6267.261,6271.87,1795,174,0,1795
2024-11-25 11:00:00,6271.886,6272.272,6264.36,6271.33,1798,174,0,1798
2024-11-25 12:00:00,6271.117,6278.496,6268.284,6278.227,1793,174,0,1793
2024-11-25 13:00:00,6278.182,6279.524,6263.393,6264.664,1794,174,0,1794
2024-11-25 14:00:00,6264.385,6270.353,6257.533,6269.59,1796,174,0,1796
2024-11-25 15:00:00,6269.554,6274.488,6265.167,6271.233,1796,174,0,1796
2024-11-25 16:00:00,6271.142,6278.494,6268.31,6276.343,1795,174,0,1795
2024-11-25 17:00:00,6276.179,6277.477,6270.622,6271.2,1798,174,0,1798
2024-11-25 18:00:00,6271.373,6273.286,6266.496,6271.289,1799,174,0,1799
2024-11-25 19:00:00,6270.978,6271.804,6263.385,6266.81,1795,174,0,1795
2024-11-25 20:00:00,6267.152,6267.452,6261.907,6262.231,1797,174,0,1797
2024-11-25 21:00:00,6262.522,6270.559,6260.083,6266.809,1795,174,0,1795
2024-11-25 22:00:00,6266.816,6276.862,6265.795,6276.862,1793,174,0,1793
2024-11-25 23:00:00,6277.086,6279.93,6265.265,6266.171,1795,174,0,1795
2024-11-26 00:00:00,6265.857,6273.088,6264.005,6267.307,1798,174,0,1798
2024-11-26 01:00:00,6267.504,6274.105,6265.431,6268.908,1794,174,0,1794
2024-11-26 02:00:00,6269.054,6273.423,6263.758,6265.856,1798,174,0,1798
2024-11-26 03:00:00,6265.721,6271.758,6261.581,6264.377,1797,174,0,1797
2024-11-26 04:00:00,6264.371,6267.339,6256.496,6262.166,1796,174,0,1796
2024-11-26 05:00:00,6262.055,6275.214,6260.708,6268.064,1797,174,0,1797
2024-11-26 06:00:00,6267.761,6272.036,6263.633,6271.876,1798,174,0,1798
2024-11-26 07:00:00,6271.724,6275.208,6268.343,6274.772,1798,174,0,1798
2024-11-26 08:00:00,6274.534,6284.844,6273.105,6279.752,1790,174,0,1790
2024-11-26 09:00:00,6279.306,6283.319,6272.377,6282.295,1798,174,0,1798
2024-11-26 10:00:00,6282.423,6282.423,6271.334,6277.669,1793,174,0,1793
2024-11-26 11:00:00,6277.771,6285.305,6276.953,6281.42,1797,174,0,1797
2024-11-26 12:00:00,6281.269,6282.422,6269.948,6270.223,1796,174,0,1796
2024-11-26 13:00:00,6270.005,6288.517,6268.207,6285.995,1796,174,0,1796
2024-11-26 14:00:00,6286.241,6286.433,6276.064,6276.596,1796,174,0,1796
2024-11-26 15:00:00,6276.956,6280.314,6269.273,6273.664,1790,174,0,1790
2024-11-26 16:00:00,6274.008,6276.695,6271.398,6274.923,1797,174,0,1797
2024-11-26 17:00:00,6274.895,6285.168,6274.895,6281.336,1796,174,0,1796
2024-11-26 18:00:00,6281.389,6284.612,6277.311,6279.676,1796,174,0,1796
2024-11-26 19:00:00,6279.716,6289.53,6278.444,6284.625,1795,174,0,1795
2024-11-26 20:00:00,6284.757,6294.583,6281.769,6288.817,1794,174,0,1794
2024-11-26 21:00:00,6288.96,6300.087,6288.057,6297.261,1798,174,0,1798
2024-11-26 22:00:00,6297.401,6304.765,6297.401,6303.097,1798,174,0,1798
2024-11-26 23:00:00,6303.318,6304.019,6294.892,6299.73,1795,174,0,1795
2024-11-27 00:00:00,6299.699,6300.768,6291.751,6295.575,1795,174,0,1795
2024-11-27 01:00:00,6295.336,6297.865,6290.592,6294.793,1796,174,0,1796
2024-11-27 02:00:00,6294.692,6307.572,6294.469,6306.679,1794,174,0,1794
2024-11-27 03:00:00,6306.685,6317.721,6303.165,6316.666,1796,174,0,1796
2024-11-27 04:00:00,6316.974,6320.656,6309.672,6316.962,1793,174,0,1793
2024-11-27 05:00:00,6316.84,6322.794,6314.845,6319.971,1798,174,0,1798
2024-11-27 06:00:00,6319.968,6324.01,6317.688,6321.096,1800,174,0,1800
2024-11-27 07:00:00,6320.998,6335.52,6320.998,6333.556,1796,174,0,1796
2024-11-27 08:00:00,6333.709,6334.053,6325.111,6325.168,1793,174,0,1793
2024-11-27 09:00:00,6325.024,6335.146,6320.933,6334.034,1796,174,0,1796
2024-11-27 10:00:00,6333.871,6334.255,6323.478,6331.119,1797,174,0,1797
2024-11-27 11:00:00,6331.05,6352.075,6329.735,6351.161,1796,174,0,1796
2024-11-27 12:00:00,6351.151,6351.549,6342.519,6342.573,1796,174,0,1796
2024-11-27 13:00:00,6342.57,6350.131,6341.976,6344.176,1793,174,0,1793
2024-11-27 14:00:00,6344.072,6351.103,6342.927,6343.356,1799,174,0,1799
2024-11-27 15:00:00,6343.449,6344.426,6337.153,6344.314,1795,174,0,1795
2024-11-27 16:00:00,6344.411,6364.777,6344.411,6360.939,1797,174,0,1797
2024-11-27 17:00:00,6361.073,6363.714,6348.929,6349.251,1793,174,0,1793
2024-11-27 18:00:00,6349.411,6352.904,6341.448,6351.814,1796,174,0,1796
2024-11-27 19:00:00,6351.742,6358.007,6348.002,6355.393,1793,174,0,1793
2024-11-27 20:00:00,6355.372,6360.295,6349.737,6357.081,1797,174,0,1797
2024-11-27 21:00:00,6357.101,6364.279,6355.152,6360.519,1797,174,0,1797
2024-11-27 22:00:00,6360.528,6362.773,6340.272,6340.475,1798,174,0,1798
2024-11-27 23:00:00,6340.413,6341.692,6328.417,6331.774,1793,174,0,1793
2024-11-28 00:00:00,6331.925,6338.751,6328.691,6331.172,1793,174,0,1793
2024-11-28 01:00:00,6331.286,6344.028,6330.09,6344.028,1794,174,0,1794
2024-11-28 02:00:00,6344.195,6353.999,6341.104,6352.245,1792,174,0,1792
2024-11-28 03:00:00,6352.49,6359.558,6352.008,6358.584,1798,174,0,1798
2024-11-28 04:00:00,6358.226,6367.087,6355.43,6363.426,1797,174,0,1797
2024-11-28 05:00:00,6363.458,6365.305,6353.85,6359.447,1791,174,0,1791
2024-11-28 06:00:00,6359.673,6363.724,6349.456,6352.069,1794,174,0,1794
2024-11-28 07:00:00,6351.915,6355.571,6349.988,6353.474,1796,174,0,1796
2024-11-28 08:00:00,6353.411,6358.636,6351.545,6354.795,1797,174,0,1797
2024-11-28 09:00:00,6354.827,6355.075,6341.942,6344.572,1799,174,0,1799
2024-11-28 10:00:00,6344.74,6349.506,6343.427,6345.788,1795,174,0,1795
2024-11-28 11:00:00,6345.72,6345.754,6333.736,6335.559,1792,174,0,1792
2024-11-28 12:00:00,6335.688,6337.775,6329.409,6333.076,1796,174,0,1796
2024-11-28 13:00:00,6333.032,6350.59,6329.98,6349.339,1792,174,0,1792
2024-11-28 14:00:00,6349.661,6365.704,6348.619,6360.23,1796,174,0,1796
2024-11-28 15:00:00,6360.466,6366.955,6356.427,6357.396,1792,174,0,1792
2024-11-28 16:00:00,6357.526,6360.761,6348.67,6349.988,1797,174,0,1797
2024-11-28 17:00:00,6350.061,6365.595,6349.117,6360.681,1796,174,0,1796
2024-11-28 18:00:00,6360.99,6366.349,6356.183,6357.519,1793,174,0,1793
2024-11-28 19:00:00,6357.572,6363.084,6354.641,6361.474,1799,174,0,1799
2024-11-28 20:00:00,6361.329,6364.803,6355.498,6358.496,1792,174,0,1792
2024-11-28 21:00:00,6358.422,6358.984,6344.62,6352.136,1796,174,0,1796
2024-11-28 22:00:00,6352.211,6357.226,6347.177,6355.518,1794,174,0,1794
2024-11-28 23:00:00,6355.389,6357.499,6350.925,6353.552,1797,174,0,1797
2024-11-29 00:00:00,6353.557,6356.947,6350.768,6355.284,1797,174,0,1797
2024-11-29 01:00:00,6355.183,6356.995,6350.373,6356.548,1794,174,0,1794
2024-11-29 02:00:00,6356.392,6366.049,6353.828,6365.161,1794,174,0,1794
2024-11-29 03:00:00,6365.351,6366.536,6359.165,6362.482,1796,174,0,1796
2024-11-29 04:00:00,6362.452,6366.937,6353.771,6353.771,1798,174,0,1798
2024-11-29 05:00:00,6353.615,6367.031,6353.017,6366.287,1799,174,0,1799
2024-11-29 06:00:00,6366.401,6374.185,6364.742,6371.786,1792,174,0,1792
2024-11-29 07:00:00,6371.853,6374.493,6362.716,6366.272,1795,174,0,1795
2024-11-29 08:00:00,6366.172,6373.956,6365.117,6371.792,1793,174,0,1793
2024-11-29 09:00:00,6371.636,6373.895,6367.809,6372.147,1798,174,0,1798
2024-11-29 10:00:00,6372.064,6386.762,6372.064,6386.66,1793,174,0,1793
2024-11-29 11:00:00,6386.833,6388.555,6380.562,6384.537,1795,174,0,1795
2024-11-29 12:00:00,6384.285,6392.663,6382.366,6390.484,1795,174,0,1795
2024-11-29 13:00:00,6390.389,6393.377,6386.366,6391.655,1796,174,0,1796
2024-11-29 14:00:00,6391.552,6394.957,6387.619,6388.683,1796,174,0,1796
2024-11-29 15:00:00,6388.612,6390.104,6379.875,6380.324,1796,174,0,1796
2024-11-29 16:00:00,6380.235,6384.202,6376.771,6380.854,1797,174,0,1797
2024-11-29 17:00:00,6381.087,6393.437,6378.004,6389.221,1792,174,0,1792
2024-11-29 18:00:00,6389.396,6392.487,6381.302,6383.64,1795,174,0,1795
2024-11-29 19:00:00,6383.08,6383.775,6374.499,6379.892,1795,174,0,1795
2024-11-29 20:00:00,6379.97,6380.617,6370.88,6375.486,1800,174,0,1800
2024-11-29 21:00:00,6375.615,6377.057,6362.315,6368.892,1795,174,0,1795
2024-11-29 22:00:00,6369.093,6380.504,6365.713,6379.382,1798,174,0,1798
2024-11-29 23:00:00,6379.49,6389.679,6377.862,6389.348,1792,174,0,1792
2024-11-30 00:00:00,6389.458,6402.239,6388.141,6400.994,1796,174,0,1796
2024-11-30 01:00:00,6400.84,6405.162,6398.433,6398.503,1797,174,0,1797
2024-11-30 02:00:00,6398.425,6405.247,6394.845,6398.283,1798,174,0,1798
2024-11-30 03:00:00,6398.34,6400.227,6390.172,6395.395,1797,174,0,1797
2024-11-30 04:00:00,6395.492,6412.084,6395.05,6410.844,1794,174,0,1794
2024-11-30 05:00:00,6410.732,6422.856,6410.732,6417.278,1797,174,0,1797
2024-11-30 06:00:00,6417.125,6423.028,6415.407,6415.985,1794,174,0,1794
2024-11-30 07:00:00,6415.963,6418.469,6411.636,6414.319,1795,174,0,1795
2024-11-30 08:00:00,6414.197,6422.335,6412.718,6420.376,1799,174,0,1799
2024-11-30 09:00:00,6420.443,6425.396,6416.853,6419.584,1793,174,0,1793
2024-11-30 10:00:00,6419.564,6422.038,6412.221,6416.041,1797,174,0,1797
2024-11-30 11:00:00,6415.824,6416.594,6407.992,6415.939,1798,174,0,1798
2024-11-30 12:00:00,6415.805,6421.062,6413.633,6416.012,1795,174,0,1795
2024-11-30 13:00:00,6416.121,6425.871,6413.97,6425.542,1795,174,0,1795
2024-11-30 14:00:00,6425.767,6428.017,6420.567,6423.665,1795,174,0,1795
2024-11-30 15:00:00,6423.553,6430.638,6420.617,6427.031,1796,174,0,1796
2024-11-30 16:00:00,6426.875,6427.317,6409.663,6411.561,1798,174,0,1798
2024-11-30 17:00:00,6411.638,6423.084,6410.634,6416.996,1794,174,0,1794
2024-11-30 18:00:00,6416.612,6430.092,6409.953,6421.928,1791,174,0,1791
2024-11-30 19:00:00,6421.854,6424.328,6411.348,6412.632,1798,174,0,1798
2024-11-30 20:00:00,6412.441,6416.468,6408.761,6410.526,1798,174,0,1798
2024-11-30 21:00:00,6410.445,6413.136,6404.11,6410.519,1794,174,0,1794
2024-11-30 22:00:00,6410.537,6427.825,6410.537,6426.502,1795,174,0,1795
2024-11-30 23:00:00,6426.578,6427.241,6421.522,6426.291,1795,174,0,1795
2024-12-01 00:00:00,6426.469,6429.991,6424.719,6427.514,1793,174,0,1793
2024-12-01 01:00:00,6427.67,6428.098,6415.911,6420.603,1796,174,0,1796
2024-12-01 02:00:00,6420.155,6434.986,6419.202,6433.684,1795,174,0,1795
2024-12-01 03:00:00,6433.489,6442.732,6433.348,6438.801,1795,174,0,1795
2024-12-01 04:00:00,6438.775,6447.115,6438.406,6443.723,1794,174,0,1794
2024-12-01 05:00:00,6443.472,6451.559,6441.306,6447.544,1794,174,0,1794
2024-12-01 06:00:00,6447.65,6448.489,6437.481,6439.487,1794,174,0,1794
2024-12-01 07:00:00,6439.504,6447.103,6426.346,6426.346,1795,174,0,1795
2024-12-01 08:00:00,6426.134,6431.099,6422.519,6425.214,1795,174,0,1795
2024-12-01 09:00:00,6425.032,6425.427,6418.758,6421.95,1796,174,0,1796
2024-12-01 10:00:00,6421.944,6423.032,6412.984,6415.863,1798,174,0,1798
2024-12-01 11:00:00,6415.688,6422.0,6415.244,6420.172,1799,174,0,1799
2024-12-01 12:00:00,6420.181,6424.031,6416.051,6417.797,1796,174,0,1796
2024-12-01 13:00:00,6417.753,6422.119,6409.631,6414.171,1795,174,0,1795
2024-12-01 14:00:00,6414.189,6425.223,6414.189,6415.686,1797,174,0,1797
2024-12-01 15:00:00,6415.565,6420.988,6413.228,6415.251,1798,174,0,1798
2024-12-01 16:00:00,6414.906,6421.214,6413.789,6419.183,1797,174,0,1797
2024-12-01 17:00:00,6419.057,6422.643,6414.554,6420.469,1796,174,0,1796
2024-12-01 18:00:00,6420.378,6426.168,6415.487,6424.262,1796,174,0,1796
2024-12-01 19:00:00,6424.086,6426.202,6421.194,6422.681,1796,174,0,1796
2024-12-01 20:00:00,6422.568,6424.942,6417.494,6420.959,1792,174,0,1792
2024-12-01 21:00:00,6420.898,6422.73,6415.448,6420.773,1797,174,0,1797
2024-12-01 22:00:00,6420.802,6440.476,6418.78,6437.391,1795,174,0,1795
2024-12-01 23:00:00,6437.474,6443.696,6431.223,6431.489,1797,174,0,1797
2024-12-02 00:00:00,6431.743,6439.023,6428.893,6430.854,1798,174,0,1798
2024-12-02 01:00:00,6430.883,6432.874,6424.842,6430.57,1796,174,0,1796
2024-12-02 02:00:00,6430.705,6436.346,6429.703,6435.182,1795,174,0,1795
2024-12-02 03:00:00,6435.093,6436.183,6426.399,6431.827,1798,174,0,1798
2024-12-02 04:00:00,6431.674,6435.609,6424.422,6432.251,1794,178,0,1794
2024-12-02 05:00:00,6432.069,6438.909,6429.931,6434.777,1794,178,0,1794
2024-12-02 06:00:00,6434.907,6434.907,6421.184,6422.38,1797,178,0,1797
2024-12-02 07:00:00,6422.393,6429.334,6421.581,6422.278,1794,178,0,1794
2024-12-02 08:00:00,6422.238,6425.182,6410.451,6414.411,1799,178,0,1799
2024-12-02 09:00:00,6414.425,6415.504,6403.058,6405.451,1795,178,0,1795
2024-12-02 10:00:00,6405.462,6406.032,6397.302,6400.587,1791,178,0,1791
2024-12-02 11:00:00,6400.401,6404.106,6396.746,6402.379,1798,178,0,1798
2024-12-02 12:00:00,6402.367,6410.864,6399.916,6403.465,1796,178,0,1796
2024-12-02 13:00:00,6403.684,6409.227,6402.056,6407.029,1794,178,0,1794
2024-12-02 14:00:00,6406.938,6411.789,6404.846,6406.261,1798,178,0,1798
2024-12-02 15:00:00,6406.432,6416.024,6405.869,6406.584,1798,178,0,1798
2024-12-02 16:00:00,6406.559,6420.462,6406.174,6417.87,1797,178,0,1797
2024-12-02 17:00:00,6417.85,6427.511,6417.749,6420.84,1799,178,0,1799
2024-12-02 18:00:00,6420.781,6433.288,6418.916,6433.288,1798,178,0,1798
2024-12-02 19:00:00,6433.585,6438.502,6427.74,6428.491,1794,178,0,1794
2024-12-02 20:00:00,6428.477,6438.796,6427.238,6435.418,1798,178,0,1798
2024-12-02 21:00:00,6435.403,6436.612,6420.805,6421.778,1797,178,0,1797
2024-12-02 22:00:00,6422.099,6430.268,6419.341,6430.168,1794,178,0,1794
2024-12-02 23:00:00,6430.319,6435.5,6421.64,6421.925,1796,178,0,1796
2024-12-03 00:00:00,6421.9,6432.86,6420.424,6430.37,1796,178,0,1796
2024-12-03 01:00:00,6430.53,6438.788,6430.319,6437.982,1798,178,0,1798
2024-12-03 02:00:00,6437.96,6444.666,6431.294,6431.294,1797,178,0,1797
2024-12-03 03:00:00,6431.362,6431.642,6423.545,6424.896,1797,178,0,1797
2024-12-03 04:00:00,6424.814,6425.142,6415.904,6416.739,1797,178,0,1797
2024-12-03 05:00:00,6416.764,6417.322,6397.14,6400.968,1794,178,0,1794
2024-12-03 06:00:00,6401.002,6404.269,6390.022,6394.695,1793,178,0,1793
2024-12-03 07:00:00,6394.804,6397.664,6388.688,6389.165,1799,178,0,1799
2024-12-03 08:00:00,6389.222,6392.206,6380.846,6383.154,1799,178,0,1799
2024-12-03 09:00:00,6382.885,6397.028,6381.809,6394.97,1796,178,0,1796
2024-12-03 10:00:00,6394.923,6398.43,6390.626,6395.32,1790,178,0,1790
2024-12-03 11:00:00,6395.309,6410.93,6394.414,6407.976,1798,178,0,1798
2024-12-03 12:00:00,6408.175,6411.057,6404.852,6410.146,1795,178,0,1795
2024-12-03 13:00:00,6409.956,6418.657,6409.786,6418.386,1797,178,0,1797
2024-12-03 14:00:00,6418.133,6425.974,6417.653,6422.034,1792,178,0,1792
2024-12-03 15:00:00,6422.242,6424.766,6417.314,6420.539,1797,178,0,1797
2024-12-03 16:00:00,6420.522,6428.873,6416.525,6422.408,1797,178,0,1797
2024-12-03 17:00:00,6422.443,6425.896,6417.255,6417.904,1794,178,0,1794
2024-12-03 18:00:00,6418.0,6421.12,6412.844,6416.653,1797,178,0,1797
2024-12-03 19:00:00,6416.821,6429.217,6416.732,6427.122,1791,178,0,1791
2024-12-03 20:00:00,6427.153,6432.358,6420.046,6425.661,1794,178,0,1794
2024-12-03 21:00:00,6425.67,6428.539,6419.568,6422.507,1796,178,0,1796
2024-12-03 22:00:00,6422.671,6422.968,6409.382,6414.203,1797,178,0,1797
2024-12-03 23:00:00,6414.24,6414.24,6406.361,6406.834,1797,178,0,1797
2024-12-04 00:00:00,6406.867,6418.101,6406.709,6416.355,1797,178,0,1797
2024-12-04 01:00:00,6416.534,6425.617,6414.958,6420.088,1796,178,0,1796
2024-12-04 02:00:00,6419.948,6423.634,6411.545,6413.57,1793,178,0,1793
2024-12-04 03:00:00,6413.523,6417.692,6405.553,6413.502,1796,178,0,1796
2024-12-04 04:00:00,6413.645,6421.401,6413.151,6418.003,1795,178,0,1795
2024-12-04 05:00:00,6418.017,6421.206,6412.958,6420.859,1798,178,0,1798
2024-12-04 06:00:00,6421.106,6435.332,6420.002,6431.529,1796,178,0,1796
2024-12-04 07:00:00,6431.518,6446.406,6429.329,6440.638,1799,178,0,1799
2024-12-04 08:00:00,6440.821,6446.036,6439.034,6442.951,1796,178,0,1796
2024-12-04 09:00:00,6442.803,6446.695,6438.124,6439.175,1797,178,0,1797
2024-12-04 10:00:00,6439.057,6445.787,6437.056,6441.86,1795,178,0,1795
2024-12-04 11:00:00,6441.972,6455.463,6439.823,6441.91,1792,178,0,1792
2024-12-04 12:00:00,6442.047,6445.281,6427.064,6427.627,1797,178,0,1797
2024-12-04 13:00:00,6427.576,6434.403,6427.003,6429.056,1796,178,0,1796
2024-12-04 14:00:00,6429.254,6437.377,6427.015,6434.775,1795,178,0,1795
2024-12-04 15:00:00,6434.786,6438.09,6429.633,6432.018,1793,178,0,1793
2024-12-04 16:00:00,6432.018,6445.666,6430.332,6440.994,1796,178,0,1796
2024-12-04 17:00:00,6440.818,6447.991,6439.78,6447.595,1798,178,0,1798
2024-12-04 18:00:00,6447.755,6459.854,6444.04,6459.854,1796,178,0,1796
2024-12-04 19:00:00,6459.851,6469.724,6458.979,6466.974,1791,178,0,1791
2024-12-04 20:00:00,6466.968,6477.914,6466.772,6468.765,1799,178,0,1799
2024-12-04 21:00:00,6468.834,6474.129,6461.519,6463.173,1797,178,0,1797
2024-12-04 22:00:00,6463.084,6470.774,6462.021,6470.436,1797,178,0,1797
2024-12-04 23:00:00,6470.59,6476.195,6467.872,6475.676,1792,178,0,1792
2024-12-05 00:00:00,6475.892,6480.305,6470.638,6473.593,1794,178,0,1794
2024-12-05 01:00:00,6473.689,6474.551,6466.008,6470.441,1796,178,0,1796
2024-12-05 02:00:00,6470.434,6475.988,6464.514,6474.001,1796,178,0,1796
2024-12-05 03:00:00,6474.073,6474.563,6466.619,6466.822,1797,178,0,1797
2024-12-05 04:00:00,6466.813,6466.91,6454.644,6454.934,1798,178,0,1798
2024-12-05 05:00:00,6454.946,6460.114,6447.619,6449.295,1795,178,0,1795
2024-12-05 06:00:00,6449.108,6451.607,6445.246,6451.165,1800,178,0,1800
2024-12-05 07:00:00,6451.1,6454.179,6447.585,6451.317,1798,178,0,1798
2024-12-05 08:00:00,6451.071,6453.197,6443.771,6451.093,1797,178,0,1797
2024-12-05 09:00:00,6451.214,6455.347,6446.736,6446.736,1794,178,0,1794
2024-12-05 10:00:00,6446.723,6449.185,6438.004,6443.417,1797,178,0,1797
2024-12-05 11:00:00,6443.59,6446.078,6432.548,6434.798,1796,178,0,1796
2024-12-05 12:00:00,6434.877,6450.026,6434.129,6444.584,1795,178,0,1795
2024-12-05 13:00:00,6444.436,6446.065,6436.427,6437.747,1795,178,0,1795
2024-12-05 14:00:00,6437.89,6441.567,6428.627,6430.291,1796,178,0,1796
2024-12-05 15:00:00,6430.221,6433.501,6418.363,6418.604,1800,178,0,1800
2024-12-05 16:00:00,6418.432,6418.497,6411.847,6414.498,1796,178,0,1796
2024-12-05 17:00:00,6414.321,6426.719,6411.842,6426.157,1795,178,0,1795
2024-12-05 18:00:00,6426.114,6429.124,6409.218,6409.392,1797,178,0,1797
2024-12-05 19:00:00,6409.231,6412.732,6403.524,6412.23,1794,178,0,1794
2024-12-05 20:00:00,6412.271,6414.067,6406.751,6406.99,1795,178,0,1795
2024-12-05 21:00:00,6407.206,6407.474,6391.49,6394.278,1794,178,0,1794
2024-12-05 22:00:00,6394.402,6395.2,6382.2,6382.908,1794,178,0,1794
2024-12-05 23:00:00,6382.659,6385.009,6379.854,6383.249,1796,178,0,1796
2024-12-06 00:00:00,6383.168,6384.917,6373.218,6381.435,1796,178,0,1796
2024-12-06 01:00:00,6381.367,6382.006,6368.061,6378.299,1794,178,0,1794
2024-12-06 02:00:00,6378.227,6384.983,6376.91,6380.044,1796,178,0,1796
2024-12-06 03:00:00,6379.886,6388.74,6379.754,6384.061,1795,178,0,1795
2024-12-06 04:00:00,6384.032,6385.468,6362.767,6367.247,1794,178,0,1794
2024-12-06 05:00:00,6367.234,6379.907,6364.223,6375.459,1798,178,0,1798
2024-12-06 06:00:00,6375.423,6379.317,6373.001,6378.159,1793,178,0,1793
2024-12-06 07:00:00,6377.863,6382.819,6376.256,6380.845,1793,178,0,1793
2024-12-06 08:00:00,6380.705,6388.054,6379.866,6387.044,1799,178,0,1799
2024-12-06 09:00:00,6386.857,6387.067,6379.672,6384.096,1796,178,0,1796
2024-12-06 10:00:00,6384.105,6387.796,6376.989,6376.989,1796,178,0,1796
2024-12-06 11:00:00,6377.281,6386.792,6375.778,6381.661,1793,178,0,1793
2024-12-06 12:00:00,6381.651,6382.433,6368.69,6369.896,1793,178,0,1793
2024-12-06 13:00:00,6369.992,6377.058,6366.643,6375.671,1798,178,0,1798
2024-12-06 14:00:00,6375.755,6379.873,6370.891,6373.775,1797,178,0,1797
2024-12-06 15:00:00,6373.891,6378.049,6369.985,6372.375,1799,178,0,1799
2024-12-06 16:00:00,6372.284,6383.591,6370.58,6382.372,1793,178,0,1793
2024-12-06 17:00:00,6382.409,6391.703,6381.652,6384.986,1795,178,0,1795
2024-12-06 18:00:00,6385.187,6392.505,6384.471,6392.465,1798,178,0,1798
2024-12-06 19:00:00,6392.569,6408.434,6388.851,6407.6,1796,178,0,1796
2024-12-06 20:00:00,6407.611,6410.369,6400.362,6400.533,1796,178,0,1796
2024-12-06 21:00:00,6400.457,6405.587,6398.561,6403.996,1797,178,0,1797
2024-12-06 22:00:00,6403.899,6406.948,6399.782,6404.867,1799,178,0,1799
2024-12-06 23:00:00,6404.741,6408.573,6399.547,6405.29,1797,178,0,1797
2024-12-07 00:00:00,6405.397,6411.705,6402.274,6404.871,1795,178,0,1795
2024-12-07 01:00:00,6404.976,6405.214,6396.071,6398.673,1799,178,0,1799
2024-12-07 02:00:00,6398.623,6400.305,6388.801,6392.077,1796,178,0,1796
2024-12-07 03:00:00,6392.339,6399.47,6390.405,6394.148,1795,178,0,1795
2024-12-07 04:00:00,6393.916,6398.562,6388.995,6394.506,1791,178,0,1791
2024-12-07 05:00:00,6394.447,6394.589,6381.785,6385.774,1793,178,0,1793
2024-12-07 06:00:00,6385.809,6387.972,6379.167,6379.262,1796,178,0,1796
2024-12-07 07:00:00,6379.227,6380.051,6371.894,6375.136,1797,178,0,1797
2024-12-07 08:00:00,6375.276,6380.987,6373.336,6380.987,1795,178,0,1795
2024-12-07 09:00:00,6380.786,6383.622,6374.994,6380.422,1793,178,0,1793
2024-12-07 10:00:00,6380.521,6381.937,6369.001,6370.12,1796,178,0,1796
2024-12-07 11:00:00,6370.292,6384.607,6369.494,6384.428,1793,178,0,1793
2024-12-07 12:00:00,6384.838,6395.39,6384.826,6395.282,1797,178,0,1797
2024-12-07 13:00:00,6395.355,6396.495,6380.276,6387.48,1794,178,0,1794
2024-12-07 14:00:00,6387.601,6390.895,6378.445,6378.746,1796,178,0,1796
2024-12-07 15:00:00,6378.415,6383.882,6370.734,6371.334,1795,178,0,1795
2024-12-07 16:00:00,6371.161,6383.697,6370.59,6380.096,1797,178,0,1797
2024-12-07 17:00:00,6380.126,6380.514,6370.416,6370.538,1797,178,0,1797
2024-12-07 18:00:00,6370.587,6389.399,6369.263,6387.433,1794,178,0,1794
2024-12-07 19:00:00,6387.086,6393.836,6386.754,6390.772,1797,178,0,1797
2024-12-07 20:00:00,6391.001,6400.396,6389.847,6398.37,1798,178,0,1798
2024-12-07 21:00:00,6398.521,6404.187,6395.19,6395.19,1791,178,0,1791
2024-12-07 22:00:00,6395.175,6404.042,6395.026,6401.356,1795,178,0,1795
2024-12-07 23:00:00,6401.356,6402.692,6391.082,6392.215,1795,178,0,1795
2024-12-08 00:00:00,6392.277,6402.85,6387.015,6401.12,1795,178,0,1795
2024-12-08 01:00:00,6401.08,6408.434,6398.42,6408.227,1798,178,0,1798
2024-12-08 02:00:00,6408.248,6409.473,6397.766,6401.701,1794,178,0,1794
2024-12-08 03:00:00,6401.976,6409.302,6401.445,6404.232,1796,178,0,1796
2024-12-08 04:00:00,6404.595,6404.802,6396.733,6400.581,1796,178,0,1796
2024-12-08 05:00:00,6400.798,6408.197,6393.548,6396.089,1796,178,0,1796
2024-12-08 06:00:00,6396.072,6399.676,6392.085,6395.098,1797,178,0,1797
2024-12-08 07:00:00,6394.988,6399.441,6389.924,6390.154,1794,178,0,1794
2024-12-08 08:00:00,6390.413,6391.223,6380.452,6381.367,1796,178,0,1796
2024-12-08 09:00:00,6381.229,6385.806,6377.521,6382.933,1793,178,0,1793
2024-12-08 10:00:00,6383.074,6389.823,6382.531,6389.607,1796,178,0,1796
2024-12-08 11:00:00,6389.805,6398.905,6388.674,6398.797,1795,178,0,1795
2024-12-08 12:00:00,6398.882,6403.387,6394.966,6396.596,1796,178,0,1796
2024-12-08 13:00:00,6396.742,6398.631,6388.748,6390.875,1798,178,0,1798
2024-12-08 14:00:00,6390.955,6393.18,6385.982,6392.749,1798,178,0,1798
2024-12-08 15:00:00,6392.851,6393.841,6380.758,6383.803,1793,178,0,1793
2024-12-08 16:00:00,6383.603,6391.357,6383.094,6388.529,1796,178,0,1796
2024-12-08 17:00:00,6388.699,6391.947,6375.963,6377.078,1797,178,0,1797
2024-12-08 18:00:00,6376.775,6379.196,6365.102,6370.334,1797,178,0,1797
2024-12-08 19:00:00,6370.82,6381.227,6368.297,6380.573,1795,178,0,1795
2024-12-08 20:00:00,6380.61,6385.013,6378.542,6381.416,1796,178,0,1796
2024-12-08 21:00:00,6381.324,6381.571,6372.205,6377.651,1797,178,0,1797
2024-12-08 22:00:00,6377.683,6387.49,6377.548,6386.811,1794,178,0,1794
2024-12-08 23:00:00,6386.939,6387.554,6380.692,6385.539,1796,178,0,1796
2024-12-09 00:00:00,6385.502,6385.534,6373.392,6380.617,1797,178,0,1797
2024-12-09 01:00:00,6380.507,6385.89,6375.412,6377.908,1796,178,0,1796
2024-12-09 02:00:00,6377.818,6378.713,6367.27,6373.125,1796,178,0,1796
2024-12-09 03:00:00,6372.969,6374.41,6365.211,6368.792,1798,178,0,1798
2024-12-09 04:00:00,6368.811,6370.7,6361.51,6364.963,1797,176,0,1797
2024-12-09 05:00:00,6364.702,6368.212,6361.019,6363.239,1798,176,0,1798
2024-12-09 06:00:00,6363.158,6368.307,6359.488,6365.717,1795,176,0,1795
2024-12-09 07:00:00,6365.716,6375.12,6363.338,6370.205,1799,176,0,1799
2024-12-09 08:00:00,6370.157,6372.221,6362.274,6366.901,1797,176,0,1797
2024-12-09 09:00:00,6366.978,6373.051,6362.305,6372.563,1793,176,0,1793
2024-12-09 10:00:00,6372.576,6384.259,6368.423,6383.047,1797,176,0,1797
2024-12-09 11:00:00,6383.427,6387.897,6376.831,6378.876,1795,176,0,1795
2024-12-09 12:00:00,6379.059,6380.46,6371.753,6373.037,1792,176,0,1792
2024-12-09 13:00:00,6373.094,6381.292,6370.773,6374.174,1799,176,0,1799
2024-12-09 14:00:00,6374.33,6379.383,6366.646,6372.592,1795,176,0,1795
2024-12-09 15:00:00,6372.58,6377.693,6370.071,6373.188,1794,176,0,1794
2024-12-09 16:00:00,6373.3,6376.638,6367.46,6367.922,1794,176,0,1794
2024-12-09 17:00:00,6367.941,6370.428,6359.96,6361.19,1794,176,0,1794
2024-12-09 18:00:00,6361.312,6386.661,6361.123,6385.127,1797,176,0,1797
2024-12-09 19:00:00,6385.073,6386.271,6378.022,6381.033,1793,176,0,1793
2024-12-09 20:00:00,6381.134,6389.521,6381.134,6389.313,1797,176,0,1797
2024-12-09 21:00:00,6389.171,6395.555,6385.283,6387.338,1795,176,0,1795
2024-12-09 22:00:00,6387.46,6388.747,6381.245,6387.738,1794,176,0,1794
2024-12-09 23:00:00,6387.823,6400.671,6386.713,6399.97,1797,176,0,1797
2024-12-10 00:00:00,6399.92,6404.711,6397.769,6403.985,1795,176,0,1795
2024-12-10 01:00:00,6404.135,6404.675,6392.684,6398.568,1796,176,0,1796
2024-12-10 02:00:00,6398.793,6403.213,6393.273,6393.565,1795,176,0,1795
2024-12-10 03:00:00,6393.516,6406.075,6392.864,6401.65,1798,176,0,1798
2024-12-10 04:00:00,6401.486,6402.151,6395.211,6399.344,1796,176,0,1796
2024-12-10 05:00:00,6399.421,6401.745,6388.273,6390.818,1795,176,0,1795
2024-12-10 06:00:00,6390.895,6395.405,6385.88,6395.061,1797,176,0,1797
2024-12-10 07:00:00,6394.967,6395.233,6385.828,6387.541,1795,176,0,1795
2024-12-10 08:00:00,6387.619,6397.775,6385.552,6393.695,1796,176,0,1796
2024-12-10 09:00:00,6393.449,6393.449,6379.671,6380.914,1797,176,0,1797
2024-12-10 10:00:00,6381.022,6386.442,6378.482,6383.293,1798,176,0,1798
2024-12-10 11:00:00,6383.283,6383.578,6373.595,6374.25,1796,176,0,1796
2024-12-10 12:00:00,6374.271,6374.566,6368.057,6374.566,1796,176,0,1796
2024-12-10 13:00:00,6374.985,6381.771,6373.986,6380.826,1798,176,0,1798
2024-12-10 14:00:00,6380.792,6398.186,6380.534,6396.455,1795,176,0,1795
2024-12-10 15:00:00,6396.482,6402.873,6393.899,6395.076,1798,176,0,1798
2024-12-10 16:00:00,6394.992,6400.206,6393.816,6398.644,1793,176,0,1793
2024-12-10 17:00:00,6398.547,6402.22,6390.365,6395.599,1797,176,0,1797
2024-12-10 18:00:00,6395.654,6409.74,6395.058,6406.294,1794,176,0,1794
2024-12-10 19:00:00,6406.288,6417.34,6404.158,6412.569,1796,176,0,1796
2024-12-10 20:00:00,6412.308,6413.045,6405.6,6410.168,1794,176,0,1794
2024-12-10 21:00:00,6410.116,6414.148,6408.135,6409.658,1796,176,0,1796
2024-12-10 22:00:00,6409.485,6409.859,6401.942,6402.812,1797,176,0,1797
2024-12-10 23:00:00,6402.682,6409.778,6402.106,6409.407,1793,176,0,1793
2024-12-11 00:00:00,6409.346,6413.775,6404.514,6412.813,1796,176,0,1796
2024-12-11 01:00:00,6412.66,6412.759,6403.323,6407.25,1793,176,0,1793
2024-12-11 02:00:00,6407.309,6407.513,6400.919,6404.363,1795,176,0,1795
2024-12-11 03:00:00,6404.294,6407.973,6400.018,6407.952,1793,176,0,1793
2024-12-11 04:00:00,6407.872,6417.321,6405.746,6414.464,1795,176,0,1795
2024-12-11 05:00:00,6414.365,6416.342,6409.864,6414.163,1797,176,0,1797
2024-12-11 06:00:00,6414.003,6429.163,6412.362,6427.033,1798,176,0,1798
2024-12-11 07:00:00,6427.049,6427.332,6416.713,6416.791,1797,176,0,1797
2024-12-11 08:00:00,6416.661,6421.045,6413.299,6414.136,1797,176,0,1797
2024-12-11 09:00:00,6414.05,6414.885,6402.328,6403.159,1797,176,0,1797
2024-12-11 10:00:00,6402.988,6406.245,6395.927,6402.998,1795,176,0,1795
2024-12-11 11:00:00,6403.07,6407.937,6402.033,6405.63,1794,176,0,1794
2024-12-11 12:00:00,6405.874,6408.625,6399.154,6400.667,1797,176,0,1797
2024-12-11 13:00:00,6400.947,6401.734,6389.706,6389.952,1799,176,0,1799
2024-12-11 14:00:00,6390.018,6395.435,6388.471,6393.961,1794,176,0,1794
2024-12-11 15:00:00,6394.066,6403.649,6391.694,6403.586,1795,176,0,1795
2024-12-11 16:00:00,6403.521,6405.243,6397.381,6400.329,1798,176,0,1798
2024-12-11 17:00:00,6400.358,6401.291,6389.512,6389.926,1797,176,0,1797
2024-12-11 18:00:00,6389.943,6392.301,6384.549,6388.922,1796,176,0,1796
2024-12-11 19:00:00,6388.988,6389.359,6377.677,6379.254,1796,176,0,1796
2024-12-11 20:00:00,6379.234,6380.191,6362.633,6366.635,1794,176,0,1794
2024-12-11 21:00:00,6366.432,6373.224,6360.931,6364.96,1794,176,0,1794
2024-12-11 22:00:00,6364.838,6364.838,6352.36,6354.045,1799,176,0,1799
2024-12-11 23:00:00,6354.212,6360.108,6351.117,6356.563,1797,176,0,1797
2024-12-12 00:00:00,6356.638,6359.647,6351.811,6358.422,1796,176,0,1796
2024-12-12 01:00:00,6358.597,6363.231,6356.281,6361.761,1797,176,0,1797
2024-12-12 02:00:00,6361.513,6362.26,6350.538,6351.152,1798,176,0,1798
2024-12-12 03:00:00,6351.099,6352.725,6345.702,6350.098,1798,176,0,1798
2024-12-12 04:00:00,6350.082,6356.809,6348.845,6353.445,1795,176,0,1795
2024-12-12 05:00:00,6353.596,6361.39,6350.544,6352.328,1799,176,0,1799
2024-12-12 06:00:00,6352.229,6356.533,6347.664,6352.325,1795,176,0,1795
2024-12-12 07:00:00,6352.41,6352.781,6344.441,6347.308,1796,176,0,1796
2024-12-12 08:00:00,6347.375,6348.068,6331.35,6339.031,1797,176,0,1797
2024-12-12 09:00:00,6338.744,6344.722,6332.123,6333.936,1800,176,0,1800
2024-12-12 10:00:00,6333.97,6336.21,6327.771,6333.281,1798,176,0,1798
2024-12-12 11:00:00,6333.376,6343.883,6333.016,6342.873,1796,176,0,1796
2024-12-12 12:00:00,6342.515,6343.232,6328.435,6334.069,1792,176,0,1792
2024-12-12 13:00:00,6334.156,6336.725,6327.386,6332.001,1796,176,0,1796
2024-12-12 14:00:00,6331.925,6336.652,6321.995,6325.264,1793,176,0,1793
2024-12-12 15:00:00,6325.338,6328.297,6316.092,6327.925,1796,176,0,1796
2024-12-12 16:00:00,6327.853,6332.295,6324.578,6330.234,1797,176,0,1797
2024-12-12 17:00:00,6329.872,6331.059,6318.072,6320.32,1792,176,0,1792
2024-12-12 18:00:00,6320.499,6321.831,6310.266,6315.769,1796,176,0,1796
2024-12-12 19:00:00,6315.846,6318.309,6312.593,6314.304,1796,176,0,1796
2024-12-12 20:00:00,6314.286,6326.666,6314.093,6324.705,1798,176,0,1798
2024-12-12 21:00:00,6324.746,6324.746,6313.952,6321.493,1796,176,0,1796
2024-12-12 22:00:00,6321.382,6321.382,6305.325,6305.474,1799,176,0,1799
2024-12-12 23:00:00,6305.472,6309.039,6303.651,6307.3,1797,176,0,1797
2024-12-13 00:00:00,6307.186,6307.664,6299.133,6303.383,1799,176,0,1799
2024-12-13 01:00:00,6303.393,6308.218,6298.741,6305.524,1796,176,0,1796
2024-12-13 02:00:00,6305.521,6315.003,6304.877,6313.593,1798,176,0,1798
2024-12-13 03:00:00,6313.748,6316.584,6307.529,6311.281,1793,176,0,1793
2024-12-13 04:00:00,6311.3,6325.971,6310.853,6325.533,1797,176,0,1797
2024-12-13 05:00:00,6325.419,6329.228,6319.74,6320.855,1796,176,0,1796
2024-12-13 06:00:00,6320.673,6320.709,6313.441,6314.812,1794,176,0,1794
2024-12-13 07:00:00,6314.88,6317.052,6306.903,6308.095,1796,176,0,1796
2024-12-13 08:00:00,6308.155,6308.155,6294.304,6295.977,1795,176,0,1795
2024-12-13 09:00:00,6296.176,6296.899,6278.854,6280.517,1794,176,0,1794
2024-12-13 10:00:00,6280.814,6290.069,6278.682,6289.536,1792,176,0,1792
2024-12-13 11:00:00,6289.605,6290.506,6278.913,6289.084,1795,176,0,1795
2024-12-13 12:00:00,6289.358,6292.912,6285.356,6287.516,1795,176,0,1795
2024-12-13 13:00:00,6287.544,6288.83,6280.431,6283.611,1796,176,0,1796
2024-12-13 14:00:00,6283.492,6292.189,6282.646,6283.523,1798,176,0,1798
2024-12-13 15:00:00,6283.552,6288.352,6278.897,6285.124,1795,176,0,1795
2024-12-13 16:00:00,6285.072,6287.83,6281.713,6287.353,1794,176,0,1794
2024-12-13 17:00:00,6287.386,6295.468,6285.942,6288.16,1794,176,0,1794
2024-12-13 18:00:00,6288.207,6290.609,6283.747,6286.08,1794,176,0,1794
2024-12-13 19:00:00,6285.904,6290.931,6277.481,6279.151,1795,176,0,1795
2024-12-13 20:00:00,6279.045,6286.136,6277.325,6279.554,1794,176,0,1794
2024-12-13 21:00:00,6279.548,6295.297,6276.66,6290.258,1799,176,0,1799
2024-12-13 22:00:00,6290.303,6293.739,6279.526,6281.688,1794,176,0,1794
2024-12-13 23:00:00,6281.807,6296.129,6281.807,6291.404,1795,176,0,1795
2024-12-14 00:00:00,6291.497,6300.168,6290.42,6298.842,1797,176,0,1797
2024-12-14 01:00:00,6298.86,6303.825,6293.464,6303.221,1793,176,0,1793
2024-12-14 02:00:00,6303.081,6308.794,6297.652,6304.604,1797,176,0,1797
2024-12-14 03:00:00,6304.334,6309.478,6298.06,6298.965,1796,176,0,1796
2024-12-14 04:00:00,6298.957,6311.102,6297.907,6308.417,1795,176,0,1795
2024-12-14 05:00:00,6308.4,6308.589,6295.793,6299.82,1793,176,0,1793
2024-12-14 06:00:00,6299.937,6312.55,6297.637,6307.274,1793,176,0,1793
2024-12-14 07:00:00,6307.034,6311.43,6304.559,6307.615,1795,176,0,1795
2024-12-14 08:00:00,6307.622,6312.999,6304.518,6307.538,1798,176,0,1798
2024-12-14 09:00:00,6307.543,6316.367,6307.503,6314.351,1796,176,0,1796
2024-12-14 10:00:00,6314.387,6323.751,6311.969,6321.294,1797,176,0,1797
2024-12-14 11:00:00,6321.217,6322.508,6315.894,6319.902,1794,176,0,1794
2024-12-14 12:00:00,6319.803,6320.114,6311.223,6312.569,1795,176,0,1795
2024-12-14 13:00:00,6312.723,6314.574,6308.366,6314.574,1796,176,0,1796
2024-12-14 14:00:00,6314.485,6324.064,6306.936,6324.064,1794,176,0,1794
2024-12-14 15:00:00,6324.032,6327.348,6313.909,6317.413,1797,176,0,1797
2024-12-14 16:00:00,6317.437,6323.456,6315.393,6317.283,1795,176,0,1795
2024-12-14 17:00:00,6317.254,6318.156,6305.495,6309.309,1797,176,0,1797
2024-12-14 18:00:00,6309.366,6317.641,6309.334,6313.68,1794,176,0,1794
2024-12-14 19:00:00,6313.757,6314.386,6301.773,6310.54,1791,176,0,1791
2024-12-14 20:00:00,6310.686,6317.316,6307.168,6316.97,1799,176,0,1799
2024-12-14 21:00:00,6316.728,6319.749,6313.498,6314.179,1797,176,0,1797
2024-12-14 22:00:00,6314.22,6319.694,6311.439,6319.411,1792,176,0,1792
2024-12-14 23:00:00,6319.519,6323.021,6310.904,6311.129,1796,176,0,1796
2024-12-15 00:00:00,6311.131,6324.358,6309.254,6320.154,1792,176,0,1792
2024-12-15 01:00:00,6320.304,6321.518,6315.551,6317.053,1693,176,0,1693
2024-12-15 02:00:00,6317.182,6317.182,6301.108,6301.421,1796,176,0,1796
2024-12-15 03:00:00,6301.443,6309.266,6299.532,6309.266,1798,176,0,1798
2024-12-15 04:00:00,6309.119,6311.559,6302.23,6305.739,1796,176,0,1796
2024-12-15 05:00:00,6305.698,6310.374,6303.622,6308.504,1800,176,0,1800
2024-12-15 06:00:00,6308.342,6311.967,6301.497,6302.603,1796,176,0,1796
2024-12-15 07:00:00,6302.601,6307.615,6299.266,6304.179,1794,176,0,1794
2024-12-15 08:00:00,6304.193,6309.707,6303.481,6305.129,1797,176,0,1797
2024-12-15 09:00:00,6305.126,6310.584,6302.976,6305.556,1797,176,0,1797
2024-12-15 10:00:00,6305.562,6307.203,6300.933,6306.119,1796,176,0,1796
2024-12-15 11:00:00,6305.996,6310.018,6299.555,6303.472,1798,176,0,1798
2024-12-15 12:00:00,6303.302,6312.281,6302.791,6308.982,1795,176,0,1795
2024-12-15 13:00:00,6309.047,6322.273,6308.152,6322.273,1798,176,0,1798
2024-12-15 14:00:00,6322.146,6335.997,6321.773,6335.046,1797,176,0,1797
2024-12-15 15:00:00,6335.288,6343.948,6334.808,6338.157,1795,176,0,1795
2024-12-15 16:00:00,6338.044,6339.812,6330.157,6333.117,1793,176,0,1793
2024-12-15 17:00:00,6333.345,6335.692,6330.573,6332.767,1796,176,0,1796
2024-12-15 18:00:00,6332.781,6333.123,6323.553,6330.842,1797,176,0,1797
2024-12-15 19:00:00,6331.214,6335.117,6324.335,6326.998,1796,176,0,1796
2024-12-15 20:00:00,6326.902,6329.845,6320.169,6322.717,1794,176,0,1794
2024-12-15 21:00:00,6322.775,6327.945,6313.888,6326.549,1794,176,0,1794
2024-12-15 22:00:00,6326.311,6330.406,6323.471,6328.088,1794,176,0,1794
2024-12-15 23:00:00,6328.2,6334.634,6325.659,6329.627,1797,176,0,1797
2024-12-16 00:00:00,6329.66,6329.66,6322.531,6323.93,1794,176,0,1794
2024-12-16 01:00:00,6323.629,6330.263,6322.789,6330.179,1795,176,0,1795
2024-12-16 02:00:00,6330.159,6335.665,6323.557,6335.102,1794,176,0,1794
2024-12-16 03:00:00,6335.147,6335.435,6322.269,6330.075,1794,175,0,1794
2024-12-16 04:00:00,6330.362,6340.851,6327.882,6337.957,1796,175,0,1796
2024-12-16 05:00:00,6337.875,6341.966,6335.7,6336.398,1797,175,0,1797
2024-12-16 06:00:00,6336.557,6347.159,6335.98,6345.56,1798,175,0,1798
2024-12-16 07:00:00,6345.55,6363.169,6345.228,6363.169,1795,175,0,1795
2024-12-16 08:00:00,6363.343,6363.666,6355.333,6357.18,1797,175,0,1797
2024-12-16 09:00:00,6357.098,6365.026,6356.78,6364.591,1796,175,0,1796
2024-12-16 10:00:00,6364.4,6373.394,6363.431,6368.28,1796,175,0,1796
2024-12-16 11:00:00,6368.168,6375.062,6366.035,6370.736,1796,175,0,1796
2024-12-16 12:00:00,6370.727,6379.761,6368.244,6379.488,1797,175,0,1797
2024-12-16 13:00:00,6379.566,6381.102,6373.234,6377.19,1795,175,0,1795
2024-12-16 14:00:00,6377.153,6385.388,6375.587,6385.32,1798,175,0,1798
2024-12-16 15:00:00,6385.388,6386.815,6364.155,6364.179,1799,175,0,1799
2024-12-16 16:00:00,6364.349,6369.109,6359.649,6362.605,1793,175,0,1793
2024-12-16 17:00:00,6362.691,6372.523,6357.794,6372.286,1796,175,0,1796
2024-12-16 18:00:00,6372.284,6384.431,6371.985,6378.837,1795,175,0,1795
2024-12-16 19:00:00,6378.833,6387.201,6376.67,6384.244,1795,175,0,1795
2024-12-16 20:00:00,6384.468,6388.424,6383.071,6387.703,1797,175,0,1797
2024-12-16 21:00:00,6387.89,6388.57,6381.042,6382.38,1798,175,0,1798
2024-12-16 22:00:00,6382.378,6385.987,6375.474,6380.06,1798,175,0,1798
2024-12-16 23:00:00,6380.205,6384.544,6377.775,6382.092,1795,175,0,1795
2024-12-17 00:00:00,6382.314,6382.726,6370.509,6370.67,1797,175,0,1797
2024-12-17 01:00:00,6370.417,6379.695,6369.928,6376.776,1796,175,0,1796
2024-12-17 02:00:00,6376.826,6377.438,6364.083,6364.993,1794,175,0,1794
2024-12-17 03:00:00,6364.909,6374.296,6363.991,6367.718,1796,175,0,1796
2024-12-17 04:00:00,6367.537,6382.272,6367.019,6381.735,1796,175,0,1796
2024-12-17 05:00:00,6381.949,6397.569,6381.294,6388.363,1797,175,0,1797
2024-12-17 06:00:00,6388.32,6390.773,6378.128,6389.812,1795,175,0,1795
2024-12-17 07:00:00,6390.021,6390.021,6382.576,6386.892,1798,175,0,1798
2024-12-17 08:00:00,6386.671,6388.35,6375.99,6378.405,1795,175,0,1795
2024-12-17 09:00:00,6377.985,6380.838,6373.279,6376.282,1793,175,0,1793
2024-12-17 10:00:00,6376.126,6381.568,6370.551,6373.154,1795,175,0,1795
2024-12-17 11:00:00,6373.224,6374.671,6361.154,6361.154,1789,175,0,1789
2024-12-17 12:00:00,6361.589,6364.45,6349.71,6352.079,1795,175,0,1795
2024-12-17 13:00:00,6351.715,6353.632,6347.69,6350.184,1797,175,0,1797
2024-12-17 14:00:00,6350.522,6360.11,6347.588,6355.996,1795,175,0,1795
2024-12-17 15:00:00,6356.147,6365.817,6355.788,6365.817,1792,175,0,1792
2024-12-17 16:00:00,6365.741,6370.732,6362.296,6365.592,1797,175,0,1797
2024-12-17 17:00:00,6365.667,6368.349,6360.944,6365.399,1793,175,0,1793
2024-12-17 18:00:00,6365.148,6372.02,6363.49,6370.354,1795,175,0,1795
2024-12-17 19:00:00,6370.325,6373.749,6365.546,6368.731,1796,175,0,1796
2024-12-17 20:00:00,6368.342,6369.162,6361.441,6363.643,1795,175,0,1795
2024-12-17 21:00:00,6363.643,6366.118,6357.238,6360.183,1797,175,0,1797
2024-12-17 22:00:00,6360.221,6361.344,6356.258,6360.505,1796,175,0,1796
2024-12-17 23:00:00,6360.601,6361.445,6351.906,6355.491,1796,175,0,1796
2024-12-18 00:00:00,6355.706,6360.834,6351.457,6357.715,1797,175,0,1797
2024-12-18 01:00:00,6357.722,6374.602,6357.618,6372.859,1798,175,0,1798
2024-12-18 02:00:00,6373.029,6374.11,6357.543,6367.619,1795,175,0,1795
2024-12-18 03:00:00,6367.943,6371.692,6361.069,6361.37,1793,175,0,1793
2024-12-18 04:00:00,6361.235,6366.506,6355.836,6365.675,1795,175,0,1795
2024-12-18 05:00:00,6365.766,6368.569,6357.114,6363.725,1794,175,0,1794
2024-12-18 06:00:00,6363.595,6366.682,6354.185,6359.25,1795,175,0,1795
2024-12-18 07:00:00,6359.267,6360.327,6348.451,6350.192,1797,175,0,1797
2024-12-18 08:00:00,6349.899,6356.89,6348.961,6350.787,1792,175,0,1792
2024-12-18 09:00:00,6350.901,6362.089,6350.025,6361.146,1796,175,0,1796
2024-12-18 10:00:00,6361.311,6367.906,6359.879,6363.844,1792,175,0,1792
2024-12-18 11:00:00,6364.026,6376.898,6362.458,6374.445,1797,175,0,1797
2024-12-18 12:00:00,6374.204,6377.113,6370.922,6373.476,1797,175,0,1797
2024-12-18 13:00:00,6373.766,6375.091,6366.877,6368.498,1796,175,0,1796
2024-12-18 14:00:00,6368.419,6377.427,6367.263,6376.178,1796,175,0,1796
2024-12-18 15:00:00,6376.003,6382.713,6369.58,6370.499,1795,175,0,1795
2024-12-18 16:00:00,6370.5,6370.5,6360.241,6366.909,1794,175,0,1794
2024-12-18 17:00:00,6366.771,6376.335,6366.771,6369.9,1796,175,0,1796
2024-12-18 18:00:00,6370.013,6383.905,6370.013,6383.277,1796,175,0,1796
2024-12-18 19:00:00,6383.172,6396.752,6382.041,6395.086,1795,175,0,1795
2024-12-18 20:00:00,6395.25,6400.285,6383.444,6388.64,1797,175,0,1797
2024-12-18 21:00:00,6388.601,6390.805,6382.877,6383.295,1795,175,0,1795
2024-12-18 22:00:00,6383.265,6389.624,6379.244,6386.033,1793,175,0,1793
2024-12-18 23:00:00,6385.978,6391.614,6379.256,6380.91,1791,175,0,1791
2024-12-19 00:00:00,6380.896,6382.346,6375.685,6381.785,1790,175,0,1790
2024-12-19 01:00:00,6381.507,6384.057,6373.267,6376.925,1800,175,0,1800
2024-12-19 02:00:00,6376.767,6381.477,6373.497,6378.264,1796,175,0,1796
2024-12-19 03:00:00,6378.389,6379.77,6365.953,6369.985,1799,175,0,1799
2024-12-19 04:00:00,6369.722,6371.026,6364.863,6367.146,1790,175,0,1790
2024-12-19 05:00:00,6367.224,6372.832,6363.43,6368.442,1797,175,0,1797
2024-12-19 06:00:00,6368.15,6381.554,6365.669,6380.504,1796,175,0,1796
2024-12-19 07:00:00,6380.088,6386.231,6374.932,6383.579,1794,175,0,1794
2024-12-19 08:00:00,6383.598,6398.11,6382.055,6397.95,1797,175,0,1797
2024-12-19 09:00:00,6397.761,6407.905,6394.902,6404.896,1796,175,0,1796
2024-12-19 10:00:00,6404.869,6412.171,6398.642,6398.792,1799,175,0,1799
2024-12-19 11:00:00,6399.094,6403.598,6393.98,6396.524,1794,175,0,1794
2024-12-19 12:00:00,6396.698,6406.258,6396.103,6401.639,1798,175,0,1798
2024-12-19 13:00:00,6401.669,6409.276,6399.96,6403.602,1792,175,0,1792
2024-12-19 14:00:00,6403.579,6406.435,6394.627,6395.619,1797,175,0,1797
2024-12-19 15:00:00,6395.762,6397.052,6389.052,6397.052,1794,175,0,1794
2024-12-19 16:00:00,6397.157,6408.613,6396.717,6402.192,1798,175,0,1798
2024-12-19 17:00:00,6402.331,6403.035,6385.857,6386.893,1793,175,0,1793
2024-12-19 18:00:00,6386.673,6387.132,6376.784,6379.685,1793,175,0,1793
2024-12-19 19:00:00,6379.718,6386.619,6378.16,6383.915,1798,175,0,1798
2024-12-19 20:00:00,6383.846,6394.165,6383.443,6387.609,1794,175,0,1794
2024-12-19 21:00:00,6387.657,6393.966,6387.657,6389.173,1798,175,0,1798
2024-12-19 22:00:00,6388.693,6389.806,6373.896,6375.11,1797,175,0,1797
2024-12-19 23:00:00,6374.802,6380.138,6371.58,6373.762,1796,175,0,1796
2024-12-20 00:00:00,6374.078,6383.308,6374.012,6376.552,1793,175,0,1793
2024-12-20 01:00:00,6376.369,6378.052,6366.383,6371.397,1795,175,0,1795
2024-12-20 02:00:00,6371.402,6374.349,6362.572,6366.507,1796,175,0,1796
2024-12-20 03:00:00,6366.368,6366.368,6358.75,6363.643,1795,175,0,1795
2024-12-20 04:00:00,6363.72,6371.715,6362.184,6370.432,1795,175,0,1795
2024-12-20 05:00:00,6370.281,6376.986,6369.39,6373.749,1798,175,0,1798
2024-12-20 06:00:00,6373.914,6379.791,6363.96,6363.971,1798,175,0,1798
2024-12-20 07:00:00,6363.986,6377.52,6363.047,6377.427,1796,175,0,1796
2024-12-20 08:00:00,6377.328,6383.696,6377.107,6380.986,1797,175,0,1797
2024-12-20 09:00:00,6380.996,6383.864,6372.639,6375.791,1795,175,0,1795
2024-12-20 10:00:00,6375.659,6377.314,6366.085,6371.073,1797,175,0,1797
2024-12-20 11:00:00,6370.878,6372.353,6366.249,6368.671,1793,175,0,1793
2024-12-20 12:00:00,6368.802,6374.154,6364.938,6372.839,1796,175,0,1796
2024-12-20 13:00:00,6372.788,6377.576,6368.184,6371.342,1795,175,0,1795
2024-12-20 14:00:00,6371.561,6377.322,6369.976,6372.937,1794,175,0,1794
2024-12-20 15:00:00,6372.885,6374.606,6362.074,6363.597,1794,175,0,1794
2024-12-20 16:00:00,6363.555,6364.317,6354.239,6357.636,1791,175,0,1791
2024-12-20 17:00:00,6357.48,6359.711,6352.566,6353.91,1798,175,0,1798
2024-12-20 18:00:00,6353.73,6356.138,6345.292,6349.367,1797,175,0,1797
2024-12-20 19:00:00,6349.401,6361.348,6349.206,6360.826,1794,175,0,1794
2024-12-20 20:00:00,6360.677,6363.23,6356.135,6359.91,1797,175,0,1797
2024-12-20 21:00:00,6360.021,6363.553,6356.246,6357.463,1794,175,0,1794
2024-12-20 22:00:00,6357.761,6358.861,6347.789,6347.789,1798,175,0,1798
2024-12-20 23:00:00,6347.703,6357.313,6345.447,6353.41,1796,175,0,1796
2024-12-21 00:00:00,6353.279,6357.121,6347.647,6347.93,1796,175,0,1796
2024-12-21 01:00:00,6347.876,6349.171,6333.548,6337.499,1794,175,0,1794
2024-12-21 02:00:00,6337.416,6340.831,6317.656,6322.571,1791,175,0,1791
2024-12-21 03:00:00,6322.609,6330.414,6318.355,6320.254,1796,175,0,1796
2024-12-21 04:00:00,6320.22,6323.813,6315.769,6315.769,1797,175,0,1797
2024-12-21 05:00:00,6315.767,6319.598,6313.248,6315.192,1793,175,0,1793
2024-12-21 06:00:00,6315.416,6323.335,6310.625,6318.99,1799,175,0,1799
2024-12-21 07:00:00,6318.962,6324.36,6318.219,6320.944,1793,175,0,1793
2024-12-21 08:00:00,6321.016,6323.901,6315.308,6322.489,1796,175,0,1796
2024-12-21 09:00:00,6322.424,6326.716,6320.206,6324.616,1796,175,0,1796
2024-12-21 10:00:00,6324.867,6326.067,6311.274,6312.901,1794,175,0,1794
2024-12-21 11:00:00,6312.928,6320.008,6312.09,6318.914,1797,175,0,1797
2024-12-21 12:00:00,6319.006,6322.365,6313.028,6322.365,1799,175,0,1799
2024-12-21 13:00:00,6322.516,6337.475,6318.335,6335.619,1798,175,0,1798
2024-12-21 14:00:00,6335.668,6338.927,6330.197,6332.899,1797,175,0,1797
2024-12-21 15:00:00,6332.892,6340.518,6329.205,6335.856,1792,175,0,1792
2024-12-21 16:00:00,6336.123,6342.653,6335.219,6335.606,1797,175,0,1797
2024-12-21 17:00:00,6335.699,6335.7,6322.327,6326.498,1797,175,0,1797
2024-12-21 18:00:00,6326.438,6330.655,6321.307,6329.731,1797,175,0,1797
2024-12-21 19:00:00,6329.743,6333.064,6323.489,6327.358,1798,175,0,1798
2024-12-21 20:00:00,6327.242,6336.577,6323.127,6326.385,1795,175,0,1795
2024-12-21 21:00:00,6326.644,6331.48,6325.237,6330.348,1794,175,0,1794
2024-12-21 22:00:00,6330.361,6337.656,6328.115,6337.656,1797,175,0,1797
2024-12-21 23:00:00,6337.862,6338.675,6329.562,6333.166,1795,175,0,1795
2024-12-22 00:00:00,6332.926,6339.469,6331.427,6334.331,1796,175,0,1796
2024-12-22 01:00:00,6334.379,6339.127,6332.238,6339.016,1795,175,0,1795
2024-12-22 02:00:00,6339.015,6343.214,6333.679,6334.345,1793,175,0,1793
2024-12-22 03:00:00,6334.495,6334.573,6323.345,6324.785,1796,175,0,1796
2024-12-22 04:00:00,6324.779,6328.541,6317.559,6322.207,1793,175,0,1793
2024-12-22 05:00:00,6322.136,6330.658,6322.064,6326.364,1796,175,0,1796
2024-12-22 06:00:00,6326.228,6328.67,6319.016,6320.201,1795,175,0,1795
2024-12-22 07:00:00,6320.09,6326.043,6316.054,6325.754,1796,175,0,1796
2024-12-22 08:00:00,6325.896,6331.836,6324.822,6329.218,1796,175,0,1796
2024-12-22 09:00:00,6329.12,6332.911,6326.811,6330.775,1795,175,0,1795
2024-12-22 10:00:00,6330.834,6335.977,6326.069,6332.515,1798,175,0,1798
2024-12-22 11:00:00,6332.357,6335.085,6326.928,6333.116,1791,175,0,1791
2024-12-22 12:00:00,6333.206,6339.619,6332.06,6338.709,1796,175,0,1796
2024-12-22 13:00:00,6338.658,6343.79,6335.751,6338.328,1796,175,0,1796
2024-12-22 14:00:00,6338.295,6348.7,6336.419,6346.366,1796,175,0,1796
2024-12-22 15:00:00,6346.377,6353.177,6341.736,6348.936,1794,175,0,1794
2024-12-22 16:00:00,6348.791,6356.088,6346.257,6354.177,1795,175,0,1795
2024-12-22 17:00:00,6354.041,6359.566,6352.795,6358.917,1796,175,0,1796
2024-12-22 18:00:00,6359.138,6367.478,6358.44,6363.922,1794,175,0,1794
2024-12-22 19:00:00,6364.195,6365.365,6357.483,6363.817,1794,175,0,1794
2024-12-22 20:00:00,6363.61,6367.646,6358.283,6364.508,1795,175,0,1795
2024-12-22 21:00:00,6364.557,6370.168,6361.523,6365.282,1797,175,0,1797
2024-12-22 22:00:00,6365.328,6366.377,6360.475,6365.909,1792,175,0,1792
2024-12-22 23:00:00,6365.914,6369.801,6361.055,6362.066,1796,175,0,1796
2024-12-23 00:00:00,6362.242,6363.831,6356.923,6362.035,1793,175,0,1793
2024-12-23 01:00:00,6361.76,6374.236,6358.476,6373.059,1795,175,0,1795
2024-12-23 02:00:00,6372.811,6381.957,6372.811,6374.429,1795,175,0,1795
2024-12-23 03:00:00,6374.255,6377.194,6368.915,6372.32,1794,175,0,1794
2024-12-23 04:00:00,6372.503,6380.502,6371.592,6378.435,1797,176,0,1797
2024-12-23 05:00:00,6378.368,6388.286,6376.016,6385.982,1795,176,0,1795
2024-12-23 06:00:00,6386.017,6388.211,6377.935,6380.019,1798,176,0,1798
2024-12-23 07:00:00,6380.16,6383.414,6373.422,6375.578,1796,176,0,1796
2024-12-23 08:00:00,6375.566,6389.625,6375.236,6387.694,1794,176,0,1794
2024-12-23 09:00:00,6387.634,6390.057,6381.585,6386.837,1792,176,0,1792
2024-12-23 10:00:00,6387.166,6390.727,6380.874,6383.396,1795,176,0,1795
2024-12-23 11:00:00,6383.647,6393.083,6383.57,6387.942,1793,176,0,1793
2024-12-23 12:00:00,6388.036,6391.1,6382.863,6384.144,1796,176,0,1796
2024-12-23 13:00:00,6384.228,6386.499,6375.048,6375.662,1792,176,0,1792
2024-12-23 14:00:00,6375.788,6381.471,6375.557,6380.362,1795,176,0,1795
2024-12-23 15:00:00,6380.367,6383.447,6365.811,6366.892,1796,176,0,1796
2024-12-23 16:00:00,6366.636,6369.55,6360.981,6363.906,1793,176,0,1793
2024-12-23 17:00:00,6363.951,6367.798,6355.45,6356.101,1794,176,0,1794
2024-12-23 18:00:00,6356.108,6356.753,6346.352,6348.105,1795,176,0,1795
2024-12-23 19:00:00,6348.192,6357.03,6348.123,6352.032,1798,176,0,1798
2024-12-23 20:00:00,6351.9,6363.055,6350.892,6356.035,1795,176,0,1795
2024-12-23 21:00:00,6356.173,6360.376,6352.508,6357.413,1794,176,0,1794
2024-12-23 22:00:00,6357.359,6363.91,6353.16,6361.179,1798,176,0,1798
2024-12-23 23:00:00,6360.915,6363.285,6353.3,6355.637,1797,176,0,1797
2024-12-24 00:00:00,6355.644,6355.873,6344.539,6347.474,1794,176,0,1794
2024-12-24 01:00:00,6347.643,6355.422,6344.833,6348.69,1795,176,0,1795
2024-12-24 02:00:00,6348.806,6357.027,6346.516,6351.943,1797,176,0,1797
2024-12-24 03:00:00,6351.813,6353.417,6343.594,6346.891,1795,176,0,1795
2024-12-24 04:00:00,6346.695,6353.747,6341.738,6342.192,1794,176,0,1794
2024-12-24 05:00:00,6342.042,6345.19,6338.748,6343.08,1795,176,0,1795
2024-12-24 06:00:00,6343.118,6345.689,6336.089,6345.254,1797,176,0,1797
2024-12-24 07:00:00,6345.372,6356.613,6339.46,6356.582,1794,176,0,1794
2024-12-24 08:00:00,6356.85,6363.891,6351.732,6363.891,1799,176,0,1799
2024-12-24 09:00:00,6363.871,6369.523,6363.419,6366.698,1797,176,0,1797
2024-12-24 10:00:00,6366.733,6373.869,6366.149,6371.385,1796,176,0,1796
2024-12-24 11:00:00,6371.106,6372.296,6351.816,6358.61,1795,176,0,1795
2024-12-24 12:00:00,6358.644,6375.073,6358.32,6369.94,1796,176,0,1796
2024-12-24 13:00:00,6369.753,6375.741,6361.512,6363.09,1795,176,0,1795
2024-12-24 14:00:00,6363.215,6371.764,6362.551,6370.792,1797,176,0,1797
2024-12-24 15:00:00,6370.809,6371.182,6358.09,6358.861,1795,176,0,1795
2024-12-24 16:00:00,6358.582,6366.183,6354.821,6362.998,1799,176,0,1799
2024-12-24 17:00:00,6363.147,6366.013,6356.244,6356.244,1791,176,0,1791
2024-12-24 18:00:00,6356.166,6359.742,6352.204,6354.123,1799,176,0,1799
2024-12-24 19:00:00,6354.067,6356.624,6347.93,6350.091,1799,176,0,1799
2024-12-24 20:00:00,6350.227,6356.763,6348.016,6352.128,1797,176,0,1797
2024-12-24 21:00:00,6352.147,6353.641,6342.879,6349.247,1798,176,0,1798
2024-12-24 22:00:00,6349.294,6358.074,6347.582,6356.43,1796,176,0,1796
2024-12-24 23:00:00,6356.247,6358.523,6349.184,6352.08,1791,176,0,1791
2024-12-25 00:00:00,6352.059,6354.308,6347.311,6350.337,1792,176,0,1792
2024-12-25 01:00:00,6350.32,6350.511,6343.001,6345.135,1796,176,0,1796
2024-12-25 02:00:00,6345.07,6346.963,6334.818,6334.818,1799,176,0,1799
2024-12-25 03:00:00,6335.158,6336.901,6329.867,6336.106,1792,176,0,1792
2024-12-25 04:00:00,6336.109,6338.171,6329.751,6333.995,1795,176,0,1795
2024-12-25 05:00:00,6333.801,6335.312,6327.09,6329.307,1790,176,0,1790
2024-12-25 06:00:00,6329.589,6341.433,6326.672,6340.245,1796,176,0,1796
2024-12-25 07:00:00,6340.377,6343.653,6334.844,6336.456,1798,176,0,1798
2024-12-25 08:00:00,6336.754,6358.161,6335.702,6357.674,1796,176,0,1796
2024-12-25 09:00:00,6357.578,6359.606,6349.635,6355.788,1796,176,0,1796
2024-12-25 10:00:00,6355.982,6358.257,6348.22,6353.359,1796,176,0,1796
2024-12-25 11:00:00,6353.472,6356.523,6349.121,6356.012,1798,176,0,1798
2024-12-25 12:00:00,6356.016,6356.307,6349.463,6353.484,1794,176,0,1794
2024-12-25 13:00:00,6353.565,6355.443,6350.511,6352.186,1797,176,0,1797
2024-12-25 14:00:00,6352.164,6366.483,6351.669,6366.244,1799,176,0,1799
2024-12-25 15:00:00,6366.044,6368.747,6358.314,6358.56,1796,176,0,1796
2024-12-25 16:00:00,6358.377,6366.238,6357.512,6362.161,1795,176,0,1795
2024-12-25 17:00:00,6362.099,6374.152,6361.193,6370.844,1796,176,0,1796
2024-12-25 18:00:00,6370.969,6382.915,6366.776,6382.107,1797,176,0,1797
2024-12-25 19:00:00,6381.863,6387.245,6376.295,6384.622,1797,176,0,1797
2024-12-25 20:00:00,6384.326,6385.34,6375.886,6379.085,1792,176,0,1792
2024-12-25 21:00:00,6378.664,6380.342,6372.978,6377.848,1794,176,0,1794
2024-12-25 22:00:00,6377.734,6382.354,6369.801,6373.588,1793,176,0,1793
2024-12-25 23:00:00,6373.631,6378.601,6371.198,6375.986,1796,176,0,1796
2024-12-26 00:00:00,6375.726,6381.778,6373.671,6377.161,1791,176,0,1791
2024-12-26 01:00:00,6377.2,6383.962,6374.845,6383.937,1792,176,0,1792
2024-12-26 02:00:00,6384.008,6386.012,6374.8,6379.066,1793,176,0,1793
2024-12-26 03:00:00,6379.102,6387.979,6376.052,6386.837,1795,176,0,1795
2024-12-26 04:00:00,6387.001,6397.699,6385.306,6391.339,1795,176,0,1795
2024-12-26 05:00:00,6391.545,6398.675,6390.61,6397.75,1796,176,0,1796
2024-12-26 06:00:00,6397.492,6408.014,6397.11,6405.158,1793,176,0,1793
2024-12-26 07:00:00,6405.313,6407.718,6393.472,6394.6,1791,176,0,1791
2024-12-26 08:00:00,6394.614,6404.657,6394.539,6403.231,1796,176,0,1796
2024-12-26 09:00:00,6403.078,6403.394,6388.767,6395.047,1796,176,0,1796
2024-12-26 10:00:00,6395.062,6396.31,6390.045,6394.148,1797,176,0,1797
2024-12-26 11:00:00,6394.044,6396.238,6389.841,6389.973,1794,176,0,1794
2024-12-26 12:00:00,6389.987,6396.134,6382.156,6394.076,1798,176,0,1798
2024-12-26 13:00:00,6393.816,6400.555,6388.565,6398.404,1796,176,0,1796
2024-12-26 14:00:00,6398.504,6404.376,6396.029,6400.867,1797,176,0,1797
2024-12-26 15:00:00,6400.719,6411.712,6399.144,6411.712,1796,176,0,1796
2024-12-26 16:00:00,6411.867,6422.743,6409.732,6420.166,1795,176,0,1795
2024-12-26 17:00:00,6420.258,6425.976,6417.917,6420.922,1799,176,0,1799
2024-12-26 18:00:00,6421.176,6429.931,6418.797,6425.065,1798,176,0,1798
2024-12-26 19:00:00,6424.692,6426.696,6416.551,6417.415,1797,176,0,1797
2024-12-26 20:00:00,6417.406,6419.563,6412.915,6414.51,1795,176,0,1795
2024-12-26 21:00:00,6414.374,6420.758,6409.994,6411.135,1795,176,0,1795
2024-12-26 22:00:00,6411.16,6415.389,6406.596,6412.664,1797,176,0,1797
2024-12-26 23:00:00,6412.528,6412.625,6405.382,6410.475,1797,176,0,1797
2024-12-27 00:00:00,6410.411,6411.185,6399.866,6401.191,1799,176,0,1799
2024-12-27 01:00:00,6401.014,6404.6,6387.239,6390.307,1794,176,0,1794
2024-12-27 02:00:00,6390.025,6393.239,6384.967,6392.427,1792,176,0,1792
2024-12-27 03:00:00,6392.154,6394.801,6386.841,6391.059,1799,176,0,1799
2024-12-27 04:00:00,6390.695,6402.966,6390.695,6401.09,1795,176,0,1795
2024-12-27 05:00:00,6400.897,6409.262,6397.716,6409.06,1793,176,0,1793
2024-12-27 06:00:00,6408.839,6411.519,6403.245,6404.297,1796,176,0,1796
2024-12-27 07:00:00,6404.294,6409.262,6399.635,6401.319,1793,176,0,1793
2024-12-27 08:00:00,6401.483,6407.091,6400.541,6404.636,1800,176,0,1800
2024-12-27 09:00:00,6404.492,6407.308,6400.002,6403.967,1797,176,0,1797
2024-12-27 10:00:00,6404.272,6414.295,6402.09,6410.381,1797,176,0,1797
2024-12-27 11:00:00,6410.598,6416.299,6406.597,6413.968,1797,176,0,1797
2024-12-27 12:00:00,6414.025,6421.836,6410.81,6418.184,1793,176,0,1793
2024-12-27 13:00:00,6418.471,6421.147,6412.623,6418.07,1796,176,0,1796
2024-12-27 14:00:00,6418.031,6423.473,6413.536,6413.619,1795,176,0,1795
2024-12-27 15:00:00,6413.779,6426.321,6411.079,6425.585,1798,176,0,1798
2024-12-27 16:00:00,6425.228,6426.894,6412.963,6413.337,1793,176,0,1793
2024-12-27 17:00:00,6413.401,6415.589,6399.113,6404.804,1799,176,0,1799
2024-12-27 18:00:00,6404.823,6418.673,6404.397,6417.525,1792,176,0,1792
2024-12-27 19:00:00,6417.589,6419.289,6409.89,6413.514,1795,176,0,1795
2024-12-27 20:00:00,6413.308,6414.872,6405.5,6406.413,1794,176,0,1794
2024-12-27 21:00:00,6406.475,6414.848,6405.558,6410.368,1797,176,0,1797
2024-12-27 22:00:00,6410.358,6411.012,6402.782,6403.933,1796,176,0,1796
2024-12-27 23:00:00,6403.804,6414.04,6402.448,6412.686,1795,176,0,1795
2024-12-28 00:00:00,6412.63,6415.821,6406.181,6406.234,1796,176,0,1796
2024-12-28 01:00:00,6406.1,6409.01,6401.194,6403.697,1798,176,0,1798
2024-12-28 02:00:00,6403.872,6415.321,6399.191,6415.16,1792,176,0,1792
2024-12-28 03:00:00,6415.387,6418.088,6400.083,6400.426,1795,176,0,1795
2024-12-28 04:00:00,6400.38,6405.774,6398.164,6400.047,1796,176,0,1796
2024-12-28 05:00:00,6400.023,6409.168,6397.287,6408.824,1799,176,0,1799
2024-12-28 06:00:00,6408.63,6416.523,6407.89,6412.471,1800,176,0,1800
2024-12-28 07:00:00,6412.473,6415.577,6408.583,6412.221,1798,176,0,1798
2024-12-28 08:00:00,6411.747,6418.913,6407.95,6416.248,1798,176,0,1798
2024-12-28 09:00:00,6416.297,6421.673,6412.772,6416.688,1796,176,0,1796
2024-12-28 10:00:00,6416.635,6418.742,6400.34,6404.469,1799,176,0,1799
2024-12-28 11:00:00,6404.613,6405.497,6391.9,6394.638,1798,176,0,1798
2024-12-28 12:00:00,6394.903,6405.119,6393.87,6405.119,1798,176,0,1798
2024-12-28 13:00:00,6405.096,6407.142,6398.231,6399.002,1793,176,0,1793
2024-12-28 14:00:00,6398.926,6406.481,6388.638,6388.794,1795,176,0,1795
2024-12-28 15:00:00,6388.634,6394.438,6386.018,6392.762,1797,176,0,1797
2024-12-28 16:00:00,6392.619,6400.862,6390.108,6395.238,1798,176,0,1798
2024-12-28 17:00:00,6395.186,6396.462,6383.821,6387.611,1794,176,0,1794
2024-12-28 18:00:00,6387.683,6391.376,6380.938,6382.919,1793,176,0,1793
2024-12-28 19:00:00,6382.628,6386.94,6379.686,6381.084,1793,176,0,1793
2024-12-28 20:00:00,6380.986,6381.645,6367.337,6369.596,1799,176,0,1799
2024-12-28 21:00:00,6369.664,6375.641,6361.528,6363.695,1794,176,0,1794
2024-12-28 22:00:00,6363.603,6366.219,6361.255,6362.506,1799,176,0,1799
2024-12-28 23:00:00,6362.519,6375.851,6361.504,6373.368,1796,176,0,1796
2024-12-29 00:00:00,6373.451,6378.837,6366.446,6366.717,1795,176,0,1795
2024-12-29 01:00:00,6366.701,6374.396,6359.498,6359.783,1798,176,0,1798
2024-12-29 02:00:00,6359.691,6361.731,6351.919,6352.842,1791,176,0,1791
2024-12-29 03:00:00,6352.919,6356.554,6349.275,6353.358,1791,176,0,1791
2024-12-29 04:00:00,6353.394,6356.258,6347.738,6348.331,1795,176,0,1795
2024-12-29 05:00:00,6348.269,6357.336,6346.928,6348.831,1789,176,0,1789
2024-12-29 06:00:00,6348.888,6357.698,6347.43,6357.349,1794,176,0,1794
2024-12-29 07:00:00,6357.192,6358.314,6347.522,6349.952,1795,176,0,1795
2024-12-29 08:00:00,6349.764,6351.995,6346.04,6349.66,1797,176,0,1797
2024-12-29 09:00:00,6349.512,6357.835,6349.03,6353.308,1797,176,0,1797
2024-12-29 10:00:00,6353.228,6357.995,6351.797,6356.39,1795,176,0,1795
2024-12-29 11:00:00,6356.339,6358.108,6346.017,6346.121,1794,176,0,1794
2024-12-29 12:00:00,6345.873,6355.2,6343.825,6348.166,1790,176,0,1790
2024-12-29 13:00:00,6348.01,6358.324,6346.266,6357.22,1798,176,0,1798
2024-12-29 14:00:00,6357.364,6359.282,6353.365,6357.649,1790,176,0,1790
2024-12-29 15:00:00,6357.518,6359.349,6349.915,6354.069,1791,176,0,1791
2024-12-29 16:00:00,6354.147,6354.74,6346.233,6348.648,1796,176,0,1796
2024-12-29 17:00:00,6348.708,6356.359,6344.539,6352.377,1792,176,0,1792
2024-12-29 18:00:00,6352.148,6359.633,6351.113,6359.633,1798,176,0,1798
2024-12-29 19:00:00,6359.583,6369.38,6359.276,6365.654,1797,176,0,1797
2024-12-29 20:00:00,6365.822,6369.25,6356.713,6356.992,1796,176,0,1796
2024-12-29 21:00:00,6357.183,6358.234,6348.39,6353.638,1797,176,0,1797
2024-12-29 22:00:00,6353.689,6364.197,6349.759,6362.506,1795,176,0,1795
2024-12-29 23:00:00,6362.665,6369.103,6357.168,6359.072,1796,176,0,1796
2024-12-30 00:00:00,6359.289,6377.051,6356.317,6376.673,1792,176,0,1792
2024-12-30 01:00:00,6376.873,6385.505,6368.762,6385.505,1796,176,0,1796
2024-12-30 02:00:00,6385.508,6387.985,6375.376,6375.376,1797,176,0,1797
2024-12-30 03:00:00,6375.597,6379.3,6371.929,6375.27,1794,176,0,1794
2024-12-30 04:00:00,6375.466,6378.981,6371.707,6377.42,1791,176,0,1791
2024-12-30 05:00:00,6377.368,6381.222,6374.225,6379.762,1798,176,0,1798
2024-12-30 06:00:00,6379.843,6381.771,6367.906,6372.166,1797,177,0,1797
2024-12-30 07:00:00,6372.212,6382.446,6370.333,6380.86,1798,177,0,1798
2024-12-30 08:00:00,6381.17,6386.089,6378.355,6385.541,1796,177,0,1796
2024-12-30 09:00:00,6385.575,6388.988,6379.606,6380.411,1792,177,0,1792
2024-12-30 10:00:00,6380.382,6382.59,6368.169,6368.497,1797,177,0,1797
2024-12-30 11:00:00,6368.31,6369.987,6363.685,6369.383,1794,177,0,1794
2024-12-30 12:00:00,6369.496,6376.398,6367.995,6369.651,1795,177,0,1795
2024-12-30 13:00:00,6369.555,6371.867,6363.835,6368.05,1795,177,0,1795
2024-12-30 14:00:00,6368.091,6377.172,6365.294,6376.109,1796,177,0,1796
2024-12-30 15:00:00,6376.375,6378.302,6369.535,6371.428,1796,177,0,1796
2024-12-30 16:00:00,6371.38,6375.817,6365.251,6372.961,1797,177,0,1797
2024-12-30 17:00:00,6373.024,6379.414,6369.681,6371.539,1796,177,0,1796
2024-12-30 18:00:00,6371.198,6383.051,6368.342,6382.646,1800,177,0,1800
2024-12-30 19:00:00,6382.796,6383.278,6371.475,6373.383,1796,177,0,1796
2024-12-30 20:00:00,6373.485,6374.573,6365.891,6371.484,1796,177,0,1796
2024-12-30 21:00:00,6371.482,6377.79,6368.625,6374.916,1791,177,0,1791
2024-12-30 22:00:00,6375.046,6375.252,6369.384,6371.03,1796,177,0,1796
2024-12-30 23:00:00,6371.248,6376.616,6367.972,6374.245,1794,177,0,1794
