datetime,open,high,low,close,tick_volume,spread,real_volume,volume
2024-12-31 23:00:00,8170.22,8205.71,8133.69,8133.89,898,144,0,898
2024-12-31 23:15:00,8134.78,8193.42,8125.13,8168.11,896,143,0,896
2024-12-31 23:30:00,8169.99,8177.6,8150.14,8153.45,897,144,0,897
2024-12-31 23:45:00,8153.93,8154.84,8073.05,8079.88,895,142,0,895
2025-01-01 00:00:00,8080.9,8110.38,8077.58,8093.87,897,143,0,897
2025-01-01 00:15:00,8094.87,8174.32,8085.92,8173.17,900,143,0,900
2025-01-01 00:30:00,8174.66,8200.85,8160.55,8179.7,898,144,0,898
2025-01-01 00:45:00,8180.13,8207.09,8172.1,8192.79,899,144,0,899
2025-01-01 01:00:00,8193.19,8304.1,8185.1,8301.72,899,144,0,899
2025-01-01 01:15:00,8300.85,8335.41,8293.11,8300.81,897,146,0,897
2025-01-01 01:30:00,8302.2,8335.9,8291.5,8321.65,895,146,0,895
2025-01-01 01:45:00,8322.87,8371.22,8314.75,8362.52,897,147,0,897
2025-01-01 02:00:00,8362.23,8412.64,8357.83,8406.78,896,147,0,896
2025-01-01 02:15:00,8406.88,8419.76,8386.83,8405.69,899,148,0,899
2025-01-01 02:30:00,8405.27,8419.73,8369.47,8393.24,898,148,0,898
2025-01-01 02:45:00,8394.23,8465.06,8386.48,8450.69,897,148,0,897
2025-01-01 03:00:00,8449.63,8482.92,8438.08,8449.01,896,149,0,896
2025-01-01 03:15:00,8450.63,8499.87,8442.14,8452.52,893,149,0,893
2025-01-01 03:30:00,8451.71,8550.86,8450.89,8546.82,900,149,0,900
2025-01-01 03:45:00,8547.76,8557.77,8519.17,8526.7,897,150,0,897
2025-01-01 04:00:00,8526.33,8534.13,8458.48,8481.99,897,149,0,897
2025-01-01 04:15:00,8482.26,8518.06,8473.39,8496.25,898,150,0,898
2025-01-01 04:30:00,8496.45,8548.79,8493.33,8532.36,898,150,0,898
2025-01-01 04:45:00,8531.57,8533.09,8400.55,8410.92,899,148,0,899
2025-01-01 05:00:00,8410.55,8431.44,8385.56,8425.33,898,148,0,898
2025-01-01 05:15:00,8425.64,8473.5,8417.74,8471.05,898,149,0,898
2025-01-01 05:30:00,8472.53,8484.5,8387.13,8388.75,896,148,0,896
2025-01-01 05:45:00,8386.9,8401.33,8365.64,8382.44,896,148,0,896
2025-01-01 06:00:00,8382.8,8424.3,8351.3,8357.82,900,147,0,900
2025-01-01 06:15:00,8359.48,8386.02,8337.52,8339.11,895,147,0,895
2025-01-01 06:30:00,8337.99,8408.3,8336.67,8390.65,897,147,0,897
2025-01-01 06:45:00,8389.08,8500.91,8388.56,8497.39,894,148,0,894
2025-01-01 07:00:00,8498.38,8512.2,8474.63,8476.14,896,150,0,896
2025-01-01 07:15:00,8475.53,8477.06,8351.36,8387.38,898,147,0,898
2025-01-01 07:30:00,8386.94,8524.69,8376.92,8508.17,897,148,0,897
2025-01-01 07:45:00,8508.44,8563.66,8482.44,8559.02,898,150,0,898
2025-01-01 08:00:00,8558.53,8618.33,8536.92,8601.56,895,151,0,895
2025-01-01 08:15:00,8602.34,8629.31,8596.14,8624.17,895,152,0,895
2025-01-01 08:30:00,8622.92,8624.38,8576.52,8590.09,899,151,0,899
2025-01-01 08:45:00,8589.01,8628.4,8584.12,8592.29,898,152,0,898
2025-01-01 09:00:00,8592.71,8607.87,8538.38,8542.84,895,151,0,895
2025-01-01 09:15:00,8541.4,8548.07,8461.89,8526.32,900,149,0,900
2025-01-01 09:30:00,8526.76,8622.21,8524.52,8595.93,892,151,0,892
2025-01-01 09:45:00,8596.09,8614.86,8584.38,8595.64,897,152,0,897
2025-01-01 10:00:00,8595.89,8692.81,8595.89,8674.07,897,152,0,897
2025-01-01 10:15:00,8673.84,8678.95,8615.36,8633.8,896,152,0,896
2025-01-01 10:30:00,8634.83,8663.09,8567.52,8589.86,899,151,0,899
2025-01-01 10:45:00,8589.25,8626.91,8584.88,8618.75,894,152,0,894
2025-01-01 11:00:00,8618.12,8634.65,8554.84,8567.82,893,151,0,893
2025-01-01 11:15:00,8568.02,8599.99,8528.61,8594.09,897,151,0,897
2025-01-01 11:30:00,8593.15,8710.6,8593.15,8692.84,896,152,0,896
2025-01-01 11:45:00,8693.43,8745.37,8665.98,8727.32,897,153,0,897
2025-01-01 12:00:00,8728.76,8782.34,8711.49,8779.4,896,154,0,896
2025-01-01 12:15:00,8780.6,8820.53,8775.67,8790.71,898,155,0,898
2025-01-01 12:30:00,8788.45,8822.89,8764.46,8767.66,898,155,0,898
2025-01-01 12:45:00,8768.97,8800.12,8734.35,8797.87,897,154,0,897
2025-01-01 13:00:00,8797.54,8797.54,8746.29,8770.84,897,154,0,897
2025-01-01 13:15:00,8774.9,8805.06,8698.06,8762.02,898,154,0,898
2025-01-01 13:30:00,8762.7,8795.89,8757.48,8773.83,896,155,0,896
2025-01-01 13:45:00,8774.45,8807.28,8752.45,8804.29,898,155,0,898
2025-01-01 14:00:00,8803.89,8859.99,8750.47,8838.63,896,154,0,896
2025-01-01 14:15:00,8838.06,8875.82,8825.02,8856.39,896,156,0,896
2025-01-01 14:30:00,8856.75,8880.14,8792.02,8792.02,897,155,0,897
2025-01-01 14:45:00,8792.15,8899.46,8757.47,8899.46,894,155,0,894
2025-01-01 15:00:00,8897.7,8926.78,8876.1,8917.83,895,157,0,895
2025-01-01 15:15:00,8916.9,8939.58,8894.55,8905.02,897,157,0,897
2025-01-01 15:30:00,8906.7,8965.56,8876.11,8964.44,897,157,0,897
2025-01-01 15:45:00,8964.95,8970.65,8929.34,8929.83,891,158,0,891
2025-01-01 16:00:00,8931.88,9029.04,8928.26,8981.79,896,158,0,896
2025-01-01 16:15:00,8982.63,8999.7,8924.86,8939.94,897,158,0,897
2025-01-01 16:30:00,8939.26,8948.53,8899.95,8903.38,895,157,0,895
2025-01-01 16:45:00,8904.56,8905.5,8784.13,8787.57,895,155,0,895
2025-01-01 17:00:00,8786.99,8820.83,8775.94,8787.13,898,155,0,898
2025-01-01 17:15:00,8785.71,8928.57,8783.8,8927.88,896,155,0,896
2025-01-01 17:30:00,8928.18,8939.56,8896.35,8927.53,895,157,0,895
2025-01-01 17:45:00,8927.81,8974.67,8911.31,8956.72,899,157,0,899
2025-01-01 18:00:00,8955.65,8985.74,8910.35,8947.9,894,157,0,894
2025-01-01 18:15:00,8947.65,8986.12,8892.75,8986.12,899,157,0,899
2025-01-01 18:30:00,8986.27,9025.22,8985.37,8998.55,899,159,0,899
2025-01-01 18:45:00,9000.29,9006.83,8975.02,8982.86,898,158,0,898
2025-01-01 19:00:00,8982.91,9005.34,8950.28,8987.11,897,158,0,897
2025-01-01 19:15:00,8987.09,9010.41,8968.11,9005.67,896,158,0,896
2025-01-01 19:30:00,9004.65,9007.08,8942.47,8961.72,898,158,0,898
2025-01-01 19:45:00,8962.68,8966.21,8907.63,8919.48,896,157,0,896
2025-01-01 20:00:00,8920.58,8927.52,8885.61,8888.15,900,157,0,900
2025-01-01 20:15:00,8888.42,8895.97,8849.15,8874.21,899,156,0,899
2025-01-01 20:30:00,8875.33,8895.76,8860.85,8890.04,895,156,0,895
2025-01-01 20:45:00,8888.46,8955.84,8864.21,8945.24,897,156,0,897
2025-01-01 21:00:00,8943.91,8969.92,8935.9,8954.77,899,158,0,899
2025-01-01 21:15:00,8954.61,8978.09,8943.51,8956.78,898,158,0,898
2025-01-01 21:30:00,8956.28,8990.29,8953.48,8975.8,899,158,0,899
2025-01-01 21:45:00,8976.17,8995.41,8963.07,8963.33,898,158,0,898
2025-01-01 22:00:00,8963.41,9008.4,8948.11,8955.35,898,158,0,898
2025-01-01 22:15:00,8956.26,8962.09,8881.47,8893.39,897,157,0,897
2025-01-01 22:30:00,8893.24,8912.39,8829.42,8832.59,897,156,0,897
2025-01-01 22:45:00,8834.23,8834.23,8783.14,8801.72,899,155,0,899
2025-01-01 23:00:00,8801.57,8825.78,8759.95,8813.76,898,155,0,898
2025-01-01 23:15:00,8815.13,8816.17,8751.46,8762.47,896,155,0,896
2025-01-01 23:30:00,8764.07,8815.66,8753.55,8799.49,897,154,0,897
2025-01-01 23:45:00,8799.23,8838.82,8692.73,8716.45,897,153,0,897
2025-01-02 00:00:00,8718.3,8727.68,8655.96,8658.02,898,153,0,898
2025-01-02 00:15:00,8659.36,8671.38,8558.27,8562.76,897,151,0,897
2025-01-02 00:30:00,8562.83,8609.4,8558.04,8606.95,892,151,0,892
2025-01-02 00:45:00,8605.66,8634.2,8597.98,8627.76,898,152,0,898
2025-01-02 01:00:00,8629.76,8650.71,8593.63,8627.96,892,152,0,892
2025-01-02 01:15:00,8626.08,8627.62,8564.29,8568.49,898,151,0,898
2025-01-02 01:30:00,8568.22,8581.49,8526.84,8536.8,897,150,0,897
2025-01-02 01:45:00,8537.07,8588.19,8525.76,8577.43,899,150,0,899
2025-01-02 02:00:00,8576.94,8601.59,8564.6,8588.79,896,151,0,896
2025-01-02 02:15:00,8589.43,8590.75,8471.31,8475.2,899,149,0,899
2025-01-02 02:30:00,8473.12,8549.62,8467.3,8545.36,898,149,0,898
2025-01-02 02:45:00,8546.56,8587.85,8543.47,8566.14,898,151,0,898
2025-01-02 03:00:00,8567.7,8583.75,8543.1,8577.6,898,151,0,898
2025-01-02 03:15:00,8578.14,8602.75,8568.54,8583.71,899,151,0,899
2025-01-02 03:30:00,8583.41,8629.41,8556.59,8586.23,894,151,0,894
2025-01-02 03:45:00,8585.93,8659.25,8577.62,8649.87,899,151,0,899
2025-01-02 04:00:00,8646.92,8669.65,8602.63,8626.1,898,152,0,898
2025-01-02 04:15:00,8625.14,8700.84,8623.79,8684.38,897,152,0,897
2025-01-02 04:30:00,8683.16,8729.53,8682.13,8701.79,898,153,0,898
2025-01-02 04:45:00,8700.1,8764.76,8690.24,8743.5,893,153,0,893
2025-01-02 05:00:00,8742.52,8776.18,8733.7,8749.57,891,154,0,891
2025-01-02 05:15:00,8748.48,8788.95,8742.47,8757.07,897,154,0,897
2025-01-02 05:30:00,8756.48,8756.48,8670.59,8674.74,897,153,0,897
2025-01-02 05:45:00,8675.28,8692.44,8587.14,8630.86,897,152,0,897
2025-01-02 06:00:00,8631.7,8759.35,8613.21,8726.82,899,152,0,899
2025-01-02 06:15:00,8727.38,8745.92,8666.74,8671.25,899,153,0,899
2025-01-02 06:30:00,8670.22,8760.64,8662.15,8750.37,894,153,0,894
2025-01-02 06:45:00,8749.66,8776.61,8683.52,8726.35,899,153,0,899
2025-01-02 07:00:00,8727.2,8769.91,8699.16,8717.98,894,154,0,894
2025-01-02 07:15:00,8717.13,8783.18,8709.07,8783.02,898,154,0,898
2025-01-02 07:30:00,8784.43,8871.94,8783.9,8792.82,898,155,0,898
2025-01-02 07:45:00,8792.64,8809.67,8750.97,8761.21,898,154,0,898
2025-01-02 08:00:00,8762.49,8851.58,8750.11,8847.63,896,154,0,896
2025-01-02 08:15:00,8848.55,8867.87,8817.3,8820.34,898,156,0,898
2025-01-02 08:30:00,8819.54,8883.36,8816.54,8879.77,897,156,0,897
2025-01-02 08:45:00,8879.43,8895.11,8795.14,8795.14,897,155,0,897
2025-01-02 09:00:00,8794.76,8794.76,8742.34,8769.84,897,154,0,897
2025-01-02 09:15:00,8769.73,8808.72,8742.51,8807.18,898,154,0,898
2025-01-02 09:30:00,8808.45,8824.39,8769.76,8780.35,896,155,0,896
2025-01-02 09:45:00,8782.6,8803.41,8768.6,8783.24,898,155,0,898
2025-01-02 10:00:00,8783.58,8821.61,8782.84,8786.91,894,155,0,894
2025-01-02 10:15:00,8787.07,8799.63,8764.11,8767.18,894,155,0,894
2025-01-02 10:30:00,8767.18,8841.13,8756.35,8827.66,897,155,0,897
2025-01-02 10:45:00,8827.55,8833.43,8789.72,8824.37,899,155,0,899
2025-01-02 11:00:00,8823.99,8849.22,8792.88,8834.75,887,155,0,887
2025-01-02 11:15:00,8833.15,8893.46,8778.05,8892.04,898,155,0,898
2025-01-02 11:30:00,8892.49,8894.27,8850.34,8864.28,898,156,0,898
2025-01-02 11:45:00,8862.83,8885.44,8833.59,8870.2,898,156,0,898
2025-01-02 12:00:00,8868.75,8889.38,8804.46,8813.84,899,155,0,899
2025-01-02 12:15:00,8811.6,8814.23,8748.43,8760.16,895,154,0,895
2025-01-02 12:30:00,8760.26,8768.0,8697.04,8712.7,895,154,0,895
2025-01-02 12:45:00,8712.65,8803.47,8707.0,8767.54,897,154,0,897
2025-01-02 13:00:00,8768.05,8806.49,8762.84,8781.35,898,155,0,898
2025-01-02 13:15:00,8780.96,8816.89,8771.26,8796.41,899,155,0,899
2025-01-02 13:30:00,8795.77,8811.24,8724.82,8728.3,897,154,0,897
2025-01-02 13:45:00,8728.32,8744.75,8702.33,8726.5,898,154,0,898
2025-01-02 14:00:00,8724.65,8824.65,8721.03,8808.49,895,154,0,895
2025-01-02 14:15:00,8808.88,8841.86,8791.51,8836.16,898,155,0,898
2025-01-02 14:30:00,8836.05,8871.93,8822.35,8839.0,896,156,0,896
2025-01-02 14:45:00,8840.09,8862.72,8806.78,8856.8,897,155,0,897
2025-01-02 15:00:00,8856.33,8865.76,8767.92,8782.46,895,155,0,895
2025-01-02 15:15:00,8781.89,8805.98,8755.31,8793.08,898,155,0,898
2025-01-02 15:30:00,8794.09,8796.4,8745.87,8774.54,897,154,0,897
2025-01-02 15:45:00,8774.8,8791.42,8748.97,8752.81,898,154,0,898
2025-01-02 16:00:00,8750.74,8793.57,8730.2,8732.81,895,154,0,895
2025-01-02 16:15:00,8732.72,8753.71,8714.2,8730.69,895,154,0,895
2025-01-02 16:30:00,8728.4,8728.62,8690.32,8695.31,896,153,0,896
2025-01-02 16:45:00,8695.85,8762.84,8668.5,8754.99,895,153,0,895
2025-01-02 17:00:00,8755.41,8830.74,8753.72,8796.96,895,155,0,895
2025-01-02 17:15:00,8796.33,8811.67,8788.02,8804.03,896,155,0,896
2025-01-02 17:30:00,8804.43,8840.62,8795.63,8815.08,899,155,0,899
2025-01-02 17:45:00,8814.74,8855.85,8794.84,8852.91,897,155,0,897
2025-01-02 18:00:00,8853.17,8854.68,8782.33,8782.33,896,155,0,896
2025-01-02 18:15:00,8781.64,8814.81,8768.4,8803.29,894,155,0,894
2025-01-02 18:30:00,8804.32,8824.79,8795.2,8804.67,895,155,0,895
2025-01-02 18:45:00,8804.79,8855.07,8797.21,8833.34,898,155,0,898
2025-01-02 19:00:00,8831.85,8882.61,8821.36,8875.09,898,156,0,898
2025-01-02 19:15:00,8874.81,8939.98,8874.81,8896.29,897,157,0,897
2025-01-02 19:30:00,8896.45,9038.7,8884.53,9028.61,897,157,0,897
2025-01-02 19:45:00,9027.41,9063.86,9018.11,9043.21,899,159,0,899
2025-01-02 20:00:00,9044.41,9046.8,8997.6,9033.43,896,159,0,896
2025-01-02 20:15:00,9033.37,9068.62,9031.26,9053.84,898,159,0,898
2025-01-02 20:30:00,9054.02,9140.67,9033.44,9140.67,895,159,0,895
2025-01-02 20:45:00,9143.08,9155.12,9039.58,9042.97,899,160,0,899
2025-01-02 21:00:00,9045.2,9077.41,9017.7,9025.26,897,159,0,897
2025-01-02 21:15:00,9024.62,9062.7,8988.55,9031.68,898,159,0,898
2025-01-02 21:30:00,9031.47,9048.66,8968.39,8980.27,897,158,0,897
2025-01-02 21:45:00,8980.15,8994.61,8952.04,8952.04,898,158,0,898
2025-01-02 22:00:00,8951.3,9001.31,8912.29,8998.97,896,157,0,896
2025-01-02 22:15:00,8998.39,9092.79,8979.1,9086.26,898,159,0,898
2025-01-02 22:30:00,9087.07,9155.65,9074.3,9151.3,899,160,0,899
2025-01-02 22:45:00,9153.34,9168.01,9107.61,9113.19,899,161,0,899
2025-01-02 23:00:00,9113.99,9142.11,9092.25,9134.96,895,161,0,895
2025-01-02 23:15:00,9135.37,9147.33,9019.41,9045.81,896,159,0,896
2025-01-02 23:30:00,9045.48,9164.4,9034.82,9049.72,894,160,0,894
2025-01-02 23:45:00,9050.84,9120.45,9050.84,9108.73,897,160,0,897
2025-01-03 00:00:00,9111.46,9113.06,9065.59,9079.86,898,160,0,898
2025-01-03 00:15:00,9078.96,9106.31,9065.19,9081.48,900,160,0,900
2025-01-03 00:30:00,9080.92,9161.32,9079.01,9148.41,897,160,0,897
2025-01-03 00:45:00,9147.28,9157.19,9101.79,9107.78,898,161,0,898
2025-01-03 01:00:00,9107.19,9136.49,9072.78,9110.5,896,160,0,896
2025-01-03 01:15:00,9107.71,9107.71,9034.12,9035.16,900,159,0,900
2025-01-03 01:30:00,9034.72,9080.0,9033.95,9055.43,895,160,0,895
2025-01-03 01:45:00,9054.76,9101.76,8994.27,9014.59,897,159,0,897
2025-01-03 02:00:00,9015.79,9063.26,9004.03,9046.5,893,159,0,893
2025-01-03 02:15:00,9045.64,9127.71,9045.64,9107.28,897,160,0,897
2025-01-03 02:30:00,9108.49,9118.86,9078.06,9107.58,893,160,0,893
2025-01-03 02:45:00,9107.0,9112.85,9032.8,9079.81,897,159,0,897
2025-01-03 03:00:00,9081.32,9109.79,9057.9,9098.76,898,160,0,898
2025-01-03 03:15:00,9099.22,9138.55,9019.18,9037.83,893,159,0,893
2025-01-03 03:30:00,9040.83,9090.84,9036.2,9060.31,899,160,0,899
2025-01-03 03:45:00,9059.32,9068.6,9019.25,9022.1,898,159,0,898
2025-01-03 04:00:00,9022.21,9084.0,8994.84,9015.59,898,159,0,898
2025-01-03 04:15:00,9014.31,9028.73,8989.22,8992.41,898,159,0,898
2025-01-03 04:30:00,8990.67,9046.65,8986.99,9002.98,895,159,0,895
2025-01-03 04:45:00,9002.79,9008.75,8969.64,8985.31,897,158,0,897
2025-01-03 05:00:00,8982.03,9008.41,8954.4,8957.62,896,158,0,896
2025-01-03 05:15:00,8957.08,9032.88,8924.13,8997.32,898,158,0,898
2025-01-03 05:30:00,8999.02,9026.17,8939.63,8941.8,899,158,0,899
2025-01-03 05:45:00,8940.99,9015.89,8924.21,9008.48,898,158,0,898
2025-01-03 06:00:00,9010.62,9062.79,9010.62,9062.12,896,159,0,896
2025-01-03 06:15:00,9061.25,9074.74,8999.66,9017.43,895,159,0,895
2025-01-03 06:30:00,9017.98,9034.42,8974.67,8980.19,893,158,0,893
2025-01-03 06:45:00,8982.63,9034.45,8957.08,9025.68,896,158,0,896
2025-01-03 07:00:00,9025.33,9058.27,9012.86,9039.11,899,159,0,899
2025-01-03 07:15:00,9039.52,9106.84,9025.59,9095.1,897,159,0,897
2025-01-03 07:30:00,9096.76,9101.84,9059.3,9076.0,896,160,0,896
2025-01-03 07:45:00,9074.94,9133.94,9074.15,9132.74,894,160,0,894
2025-01-03 08:00:00,9133.13,9141.76,9084.9,9088.4,900,160,0,900
2025-01-03 08:15:00,9091.04,9141.72,9079.06,9122.77,895,160,0,895
2025-01-03 08:30:00,9123.24,9162.44,9098.35,9112.4,897,161,0,897
2025-01-03 08:45:00,9113.64,9126.34,9079.11,9098.78,899,160,0,899
2025-01-03 09:00:00,9100.49,9104.32,9029.1,9050.08,896,159,0,896
2025-01-03 09:15:00,9050.76,9061.94,9028.7,9035.78,896,159,0,896
2025-01-03 09:30:00,9036.3,9132.35,9031.27,9128.3,895,159,0,895
2025-01-03 09:45:00,9128.04,9232.92,9118.18,9165.41,899,161,0,899
2025-01-03 10:00:00,9164.4,9181.53,9102.85,9148.53,897,161,0,897
2025-01-03 10:15:00,9149.32,9171.38,9110.08,9118.19,896,161,0,896
2025-01-03 10:30:00,9118.66,9178.31,9102.17,9121.23,899,161,0,899
2025-01-03 10:45:00,9121.7,9175.58,9104.77,9146.9,899,161,0,899
2025-01-03 11:00:00,9147.32,9159.39,9080.33,9099.59,894,160,0,894
2025-01-03 11:15:00,9098.85,9113.03,9081.24,9081.24,892,160,0,892
2025-01-03 11:30:00,9081.35,9095.51,9039.78,9052.5,898,160,0,898
2025-01-03 11:45:00,9053.38,9119.52,9045.14,9091.23,898,160,0,898
2025-01-03 12:00:00,9093.22,9202.06,9082.0,9184.97,896,160,0,896
2025-01-03 12:15:00,9186.07,9200.68,9158.68,9187.79,896,162,0,896
2025-01-03 12:30:00,9186.02,9243.64,9153.85,9239.15,900,162,0,900
2025-01-03 12:45:00,9240.18,9261.92,9193.33,9193.38,898,162,0,898
2025-01-03 13:00:00,9194.25,9212.4,9146.68,9152.62,896,161,0,896
2025-01-03 13:15:00,9152.36,9156.84,9115.73,9137.39,898,161,0,898
2025-01-03 13:30:00,9138.96,9177.85,9129.36,9169.87,897,161,0,897
2025-01-03 13:45:00,9170.74,9248.91,9149.08,9228.37,894,162,0,894
2025-01-03 14:00:00,9227.77,9236.54,9195.02,9197.27,898,162,0,898
2025-01-03 14:15:00,9196.89,9205.03,9151.4,9177.56,897,162,0,897
2025-01-03 14:30:00,9177.99,9190.92,9147.58,9184.64,898,161,0,898
2025-01-03 14:45:00,9185.7,9200.17,9115.34,9121.77,896,161,0,896
2025-01-03 15:00:00,9122.54,9155.19,9103.65,9138.28,894,161,0,894
2025-01-03 15:15:00,9138.4,9188.52,9108.85,9173.41,900,161,0,900
2025-01-03 15:30:00,9172.66,9245.18,9172.66,9227.48,898,162,0,898
2025-01-03 15:45:00,9225.81,9234.77,9172.13,9206.98,896,162,0,896
2025-01-03 16:00:00,9208.82,9246.42,9203.32,9231.65,896,162,0,896
2025-01-03 16:15:00,9234.23,9234.23,9114.47,9114.47,897,161,0,897
2025-01-03 16:30:00,9111.75,9125.32,9050.92,9111.59,896,160,0,896
2025-01-03 16:45:00,9111.03,9171.77,9099.08,9144.87,899,161,0,899
2025-01-03 17:00:00,9146.35,9174.05,9089.55,9119.3,899,160,0,899
2025-01-03 17:15:00,9119.83,9164.05,9110.13,9163.32,900,161,0,900
2025-01-03 17:30:00,9162.35,9179.67,9110.49,9156.49,898,161,0,898
2025-01-03 17:45:00,9156.18,9197.15,9154.03,9183.57,898,162,0,898
2025-01-03 18:00:00,9182.03,9273.87,9169.77,9269.69,900,162,0,900
2025-01-03 18:15:00,9271.41,9336.82,9258.38,9311.42,899,164,0,899
2025-01-03 18:30:00,9311.94,9326.97,9252.99,9276.69,895,163,0,895
2025-01-03 18:45:00,9276.77,9350.86,9245.8,9287.64,899,163,0,899
2025-01-03 19:00:00,9288.38,9340.93,9250.97,9256.56,896,163,0,896
2025-01-03 19:15:00,9257.03,9328.28,9252.82,9305.76,896,163,0,896
2025-01-03 19:30:00,9306.22,9318.91,9246.06,9259.14,898,163,0,898
2025-01-03 19:45:00,9260.25,9306.84,9237.56,9294.75,899,163,0,899
2025-01-03 20:00:00,9292.12,9324.81,9245.15,9315.14,893,163,0,893
2025-01-03 20:15:00,9316.94,9318.19,9268.89,9293.66,897,164,0,897
2025-01-03 20:30:00,9293.13,9340.87,9263.7,9313.01,897,163,0,897
2025-01-03 20:45:00,9314.04,9338.33,9284.73,9321.77,897,164,0,897
2025-01-03 21:00:00,9323.89,9397.37,9299.9,9381.3,898,164,0,898
2025-01-03 21:15:00,9381.28,9393.72,9283.52,9284.97,899,164,0,899
2025-01-03 21:30:00,9286.19,9302.81,9244.8,9272.23,897,163,0,897
2025-01-03 21:45:00,9274.14,9286.0,9182.76,9219.85,897,162,0,897
2025-01-03 22:00:00,9218.68,9365.89,9209.15,9363.13,898,163,0,898
2025-01-03 22:15:00,9364.98,9413.21,9341.09,9391.47,900,165,0,900
2025-01-03 22:30:00,9393.77,9451.02,9393.77,9409.16,895,166,0,895
2025-01-03 22:45:00,9409.96,9415.78,9333.64,9333.64,896,165,0,896
2025-01-03 23:00:00,9331.72,9361.23,9302.8,9337.08,897,164,0,897
2025-01-03 23:15:00,9336.06,9341.25,9267.89,9291.78,898,164,0,898
2025-01-03 23:30:00,9290.25,9309.16,9264.92,9290.35,894,164,0,894
2025-01-03 23:45:00,9291.67,9310.53,9215.99,9217.19,900,163,0,900
2025-01-04 00:00:00,9216.43,9312.28,9213.69,9306.54,899,163,0,899
2025-01-04 00:15:00,9304.06,9315.78,9245.31,9275.33,899,163,0,899
2025-01-04 00:30:00,9275.18,9315.64,9238.97,9261.7,896,163,0,896
2025-01-04 00:45:00,9262.05,9263.82,9173.11,9203.82,900,162,0,900
2025-01-04 01:00:00,9203.27,9273.43,9187.31,9255.73,899,162,0,899
2025-01-04 01:15:00,9255.17,9262.78,9184.59,9184.59,898,162,0,898
2025-01-04 01:30:00,9184.36,9214.56,9162.55,9211.57,897,162,0,897
2025-01-04 01:45:00,9210.33,9217.95,9164.11,9184.21,900,162,0,900
2025-01-04 02:00:00,9183.55,9204.63,9169.46,9188.48,899,162,0,899
2025-01-04 02:15:00,9185.56,9216.94,9162.34,9168.24,896,162,0,896
2025-01-04 02:30:00,9167.44,9211.6,9052.32,9060.29,900,160,0,900
2025-01-04 02:45:00,9060.45,9125.56,9055.85,9118.34,898,160,0,898
2025-01-04 03:00:00,9118.93,9179.2,9116.16,9173.34,898,161,0,898
2025-01-04 03:15:00,9172.89,9190.73,9117.29,9118.07,897,161,0,897
2025-01-04 03:30:00,9118.84,9133.6,9082.55,9102.17,898,160,0,898
2025-01-04 03:45:00,9103.22,9137.79,9070.2,9079.84,898,160,0,898
2025-01-04 04:00:00,9081.36,9108.41,9072.22,9090.09,897,160,0,897
2025-01-04 04:15:00,9091.12,9143.37,9078.57,9116.6,898,160,0,898
2025-01-04 04:30:00,9118.15,9143.23,9078.43,9083.99,900,160,0,900
2025-01-04 04:45:00,9085.47,9122.72,9059.49,9059.49,897,160,0,897
2025-01-04 05:00:00,9059.72,9094.32,9057.16,9074.14,895,160,0,895
2025-01-04 05:15:00,9071.5,9092.89,8965.06,8967.92,899,158,0,899
2025-01-04 05:30:00,8966.65,9004.91,8945.65,8966.6,896,158,0,896
2025-01-04 05:45:00,8966.45,8995.45,8947.85,8975.48,895,158,0,895
2025-01-04 06:00:00,8974.91,9019.65,8969.44,8983.11,899,158,0,899
2025-01-04 06:15:00,8981.89,8993.96,8942.27,8959.44,896,158,0,896
2025-01-04 06:30:00,8959.79,9005.73,8951.64,8976.7,898,158,0,898
2025-01-04 06:45:00,8976.33,9058.27,8976.33,9028.18,897,159,0,897
2025-01-04 07:00:00,9029.68,9038.91,8970.54,8998.79,899,158,0,899
2025-01-04 07:15:00,8998.77,9078.58,8985.38,9069.55,897,159,0,897
2025-01-04 07:30:00,9071.26,9132.39,9059.55,9095.05,897,160,0,897
2025-01-04 07:45:00,9096.52,9115.8,9057.71,9084.78,898,160,0,898
2025-01-04 08:00:00,9084.03,9161.38,9084.03,9140.31,894,160,0,894
2025-01-04 08:15:00,9140.89,9154.2,9124.7,9142.89,899,161,0,899
2025-01-04 08:30:00,9142.6,9161.59,9135.66,9146.26,894,161,0,894
2025-01-04 08:45:00,9146.03,9162.89,9078.52,9095.06,898,160,0,898
2025-01-04 09:00:00,9095.45,9096.61,9052.55,9087.18,895,160,0,895
2025-01-04 09:15:00,9086.98,9118.66,9069.97,9095.41,896,160,0,896
2025-01-04 09:30:00,9094.7,9103.03,8933.41,9022.81,895,158,0,895
2025-01-04 09:45:00,9024.31,9040.89,8966.43,8973.52,894,158,0,894
2025-01-04 10:00:00,8973.65,9045.39,8939.67,9044.58,896,158,0,896
2025-01-04 10:15:00,9045.76,9045.76,8990.41,8993.14,897,159,0,897
2025-01-04 10:30:00,8993.48,8993.48,8940.17,8966.46,898,158,0,898
2025-01-04 10:45:00,8967.23,9006.83,8954.25,8981.38,897,158,0,897
2025-01-04 11:00:00,8981.86,8996.39,8870.76,8882.01,897,157,0,897
2025-01-04 11:15:00,8882.05,8913.06,8881.54,8896.68,900,157,0,900
2025-01-04 11:30:00,8897.27,9020.0,8892.67,8969.28,898,157,0,898
2025-01-04 11:45:00,8970.32,8976.39,8911.54,8919.06,896,157,0,896
2025-01-04 12:00:00,8920.33,8949.61,8895.52,8895.52,899,157,0,899
2025-01-04 12:15:00,8895.3,8913.57,8810.79,8835.75,899,156,0,899
2025-01-04 12:30:00,8835.88,8913.31,8831.03,8853.44,897,156,0,897
2025-01-04 12:45:00,8851.73,8866.93,8810.16,8833.58,894,156,0,894
2025-01-04 13:00:00,8832.18,8833.37,8756.58,8756.59,898,155,0,898
2025-01-04 13:15:00,8757.58,8761.09,8723.61,8741.93,898,154,0,898
2025-01-04 13:30:00,8743.15,8758.72,8710.67,8716.85,899,154,0,899
2025-01-04 13:45:00,8717.45,8747.91,8675.25,8676.13,897,153,0,897
2025-01-04 14:00:00,8678.24,8682.04,8637.69,8651.06,898,152,0,898
2025-01-04 14:15:00,8652.96,8666.05,8620.42,8626.88,897,152,0,897
2025-01-04 14:30:00,8626.54,8664.08,8614.56,8641.23,895,152,0,895
2025-01-04 14:45:00,8640.39,8689.56,8617.67,8685.1,896,152,0,896
2025-01-04 15:00:00,8684.97,8742.32,8682.05,8740.53,895,153,0,895
2025-01-04 15:15:00,8740.47,8861.91,8705.69,8851.19,896,154,0,896
2025-01-04 15:30:00,8850.04,8882.89,8825.45,8878.89,897,156,0,897
2025-01-04 15:45:00,8875.72,8891.31,8850.54,8885.74,899,156,0,899
2025-01-04 16:00:00,8886.68,8948.94,8884.03,8926.42,897,157,0,897
2025-01-04 16:15:00,8925.27,8946.89,8914.62,8925.12,896,157,0,896
2025-01-04 16:30:00,8925.84,8935.75,8900.64,8915.61,897,157,0,897
2025-01-04 16:45:00,8915.84,8928.49,8874.48,8895.62,896,157,0,896
2025-01-04 17:00:00,8893.91,8978.9,8892.81,8978.9,900,157,0,900
2025-01-04 17:15:00,8977.09,9008.01,8970.09,9000.43,897,158,0,897
2025-01-04 17:30:00,9001.7,9004.85,8898.67,8901.97,900,157,0,900
2025-01-04 17:45:00,8901.91,8921.44,8869.68,8884.42,896,157,0,896
2025-01-04 18:00:00,8883.3,8933.32,8883.3,8892.35,897,157,0,897
2025-01-04 18:15:00,8893.42,8898.03,8838.45,8852.0,895,156,0,895
2025-01-04 18:30:00,8848.56,8957.74,8840.44,8898.66,899,156,0,899
2025-01-04 18:45:00,8897.02,8968.05,8891.82,8941.89,897,157,0,897
2025-01-04 19:00:00,8942.51,8958.24,8877.22,8880.25,898,157,0,898
2025-01-04 19:15:00,8879.52,8930.29,8870.85,8927.15,897,157,0,897
2025-01-04 19:30:00,8925.89,8966.83,8920.87,8954.28,896,157,0,896
2025-01-04 19:45:00,8953.72,9016.21,8935.66,9005.46,895,158,0,895
2025-01-04 20:00:00,9004.8,9005.14,8922.91,8967.83,893,158,0,893
2025-01-04 20:15:00,8968.52,8970.98,8927.83,8966.82,897,158,0,897
2025-01-04 20:30:00,8967.97,9026.43,8967.68,9002.43,899,158,0,899
2025-01-04 20:45:00,9003.12,9045.68,8990.98,9033.98,898,159,0,898
2025-01-04 21:00:00,9034.67,9048.2,8985.49,9006.71,897,159,0,897
2025-01-04 21:15:00,9007.08,9068.88,8991.41,9055.71,897,159,0,897
2025-01-04 21:30:00,9056.65,9084.26,9038.67,9054.34,896,160,0,896
2025-01-04 21:45:00,9054.61,9090.94,9041.14,9053.33,898,160,0,898
2025-01-04 22:00:00,9053.74,9079.36,9010.96,9053.16,899,159,0,899
2025-01-04 22:15:00,9053.83,9086.2,9052.0,9061.97,899,160,0,899
2025-01-04 22:30:00,9062.09,9106.45,9058.98,9062.01,896,160,0,896
2025-01-04 22:45:00,9062.67,9075.42,9035.27,9065.17,898,159,0,898
2025-01-04 23:00:00,9063.99,9108.13,9058.86,9097.38,897,160,0,897
2025-01-04 23:15:00,9098.86,9168.76,9065.44,9145.14,899,160,0,899
2025-01-04 23:30:00,9143.47,9162.78,9111.7,9111.99,894,161,0,894
2025-01-04 23:45:00,9111.96,9141.05,9094.75,9120.85,899,161,0,899
2025-01-05 00:00:00,9121.75,9143.1,9073.88,9075.23,897,160,0,897
2025-01-05 00:15:00,9074.64,9083.69,9024.68,9060.24,898,159,0,898
2025-01-05 00:30:00,9060.92,9169.75,9056.72,9160.07,898,160,0,898
2025-01-05 00:45:00,9161.07,9172.71,9146.51,9164.61,898,161,0,898
2025-01-05 01:00:00,9164.47,9222.81,9157.81,9210.66,897,162,0,897
2025-01-05 01:15:00,9211.95,9248.69,9145.52,9154.55,896,161,0,896
2025-01-05 01:30:00,9155.44,9162.91,9099.03,9128.11,895,161,0,895
2025-01-05 01:45:00,9130.62,9153.27,9092.28,9096.57,898,161,0,898
2025-01-05 02:00:00,9094.88,9130.65,9069.8,9117.1,897,160,0,897
2025-01-05 02:15:00,9117.28,9169.38,9105.14,9159.12,901,161,0,901
2025-01-05 02:30:00,9155.94,9251.22,9155.3,9242.8,896,162,0,896
2025-01-05 02:45:00,9241.34,9288.55,9241.05,9248.9,898,163,0,898
2025-01-05 03:00:00,9249.61,9373.16,9248.51,9358.88,897,163,0,897
2025-01-05 03:15:00,9360.09,9367.79,9253.69,9278.7,898,163,0,898
2025-01-05 03:30:00,9281.53,9316.27,9265.22,9313.29,896,164,0,896
2025-01-05 03:45:00,9313.78,9327.04,9258.32,9320.03,897,163,0,897
2025-01-05 04:00:00,9320.37,9323.27,9238.26,9239.48,899,163,0,899
2025-01-05 04:15:00,9239.29,9271.99,9219.95,9271.16,896,163,0,896
2025-01-05 04:30:00,9272.81,9282.35,9179.17,9181.61,896,162,0,896
2025-01-05 04:45:00,9181.53,9199.16,9166.95,9186.96,896,162,0,896
2025-01-05 05:00:00,9188.44,9233.53,9188.21,9228.04,898,162,0,898
2025-01-05 05:15:00,9226.87,9324.64,9226.87,9312.51,896,163,0,896
2025-01-05 05:30:00,9309.45,9309.45,9224.89,9304.32,897,163,0,897
2025-01-05 05:45:00,9307.34,9316.84,9236.38,9264.47,897,163,0,897
2025-01-05 06:00:00,9264.27,9283.0,9229.73,9245.23,898,163,0,898
2025-01-05 06:15:00,9245.22,9269.2,9217.04,9253.79,898,163,0,898
2025-01-05 06:30:00,9254.16,9275.04,9222.71,9229.36,899,163,0,899
2025-01-05 06:45:00,9228.43,9228.92,9179.1,9192.98,898,162,0,898
2025-01-05 07:00:00,9193.99,9220.8,9171.61,9181.14,898,162,0,898
2025-01-05 07:15:00,9183.79,9278.36,9179.32,9274.61,897,162,0,897
2025-01-05 07:30:00,9273.6,9291.5,9237.92,9241.12,898,163,0,898
2025-01-05 07:45:00,9241.02,9272.41,9234.52,9267.37,898,163,0,898
2025-01-05 08:00:00,9265.62,9301.54,9251.94,9285.7,892,163,0,892
2025-01-05 08:15:00,9285.36,9336.73,9282.66,9310.77,899,164,0,899
2025-01-05 08:30:00,9311.26,9320.96,9271.6,9275.5,899,164,0,899
2025-01-05 08:45:00,9275.09,9304.32,9253.98,9254.64,896,163,0,896
2025-01-05 09:00:00,9254.51,9272.81,9199.81,9205.39,894,162,0,894
2025-01-05 09:15:00,9203.25,9269.98,9191.6,9267.29,899,162,0,899
2025-01-05 09:30:00,9265.89,9422.48,9249.38,9422.48,896,163,0,896
2025-01-05 09:45:00,9420.24,9442.67,9375.68,9408.2,896,166,0,896
2025-01-05 10:00:00,9405.29,9432.99,9382.76,9388.41,898,166,0,898
2025-01-05 10:15:00,9387.7,9397.42,9305.08,9307.93,899,164,0,899
2025-01-05 10:30:00,9307.16,9315.75,9275.27,9281.23,896,164,0,896
2025-01-05 10:45:00,9281.74,9361.58,9265.85,9355.59,896,164,0,896
2025-01-05 11:00:00,9354.63,9361.25,9320.4,9352.08,898,165,0,898
2025-01-05 11:15:00,9351.11,9380.46,9302.94,9369.43,897,164,0,897
2025-01-05 11:30:00,9369.44,9392.06,9339.94,9388.34,899,165,0,899
2025-01-05 11:45:00,9390.82,9501.14,9385.89,9493.29,893,166,0,893
2025-01-05 12:00:00,9494.3,9494.3,9417.61,9430.09,897,166,0,897
2025-01-05 12:15:00,9431.99,9474.06,9418.4,9447.96,898,166,0,898
2025-01-05 12:30:00,9447.31,9458.87,9400.25,9419.89,894,166,0,894
2025-01-05 12:45:00,9421.18,9421.18,9325.89,9327.68,896,165,0,896
2025-01-05 13:00:00,9327.68,9359.21,9306.95,9336.88,899,164,0,899
2025-01-05 13:15:00,9335.9,9341.65,9278.25,9319.27,894,164,0,894
2025-01-05 13:30:00,9320.42,9412.38,9311.39,9396.09,897,164,0,897
2025-01-05 13:45:00,9396.78,9398.07,9349.68,9387.48,898,165,0,898
2025-01-05 14:00:00,9386.7,9389.3,9322.02,9361.38,898,165,0,898
2025-01-05 14:15:00,9362.95,9387.93,9253.7,9315.11,896,163,0,896
2025-01-05 14:30:00,9314.96,9354.29,9307.75,9316.54,899,164,0,899
2025-01-05 14:45:00,9317.46,9342.14,9269.7,9269.7,895,164,0,895
2025-01-05 15:00:00,9268.2,9293.41,9235.6,9241.44,896,163,0,896
2025-01-05 15:15:00,9241.17,9273.61,9225.39,9249.2,898,163,0,898
2025-01-05 15:30:00,9250.12,9262.74,9206.33,9217.35,898,163,0,898
2025-01-05 15:45:00,9217.63,9237.94,9195.68,9218.99,899,162,0,899
2025-01-05 16:00:00,9217.69,9346.13,9201.95,9336.33,897,162,0,897
2025-01-05 16:15:00,9336.44,9377.46,9329.48,9341.53,897,165,0,897
2025-01-05 16:30:00,9341.73,9345.48,9236.31,9261.86,896,163,0,896
2025-01-05 16:45:00,9264.22,9292.57,9239.71,9268.59,894,163,0,894
2025-01-05 17:00:00,9269.2,9369.83,9259.11,9346.24,894,164,0,894
2025-01-05 17:15:00,9345.24,9399.78,9342.88,9385.93,898,165,0,898
2025-01-05 17:30:00,9387.84,9390.73,9342.45,9353.1,896,165,0,896
2025-01-05 17:45:00,9354.88,9403.51,9311.4,9326.21,900,164,0,900
2025-01-05 18:00:00,9329.56,9446.99,9302.83,9394.69,896,164,0,896
2025-01-05 18:15:00,9394.61,9434.42,9359.0,9364.17,895,165,0,895
2025-01-05 18:30:00,9363.85,9430.0,9362.62,9402.4,897,165,0,897
2025-01-05 18:45:00,9403.47,9424.63,9371.87,9408.29,899,165,0,899
2025-01-05 19:00:00,9408.86,9435.22,9375.44,9388.91,898,165,0,898
2025-01-05 19:15:00,9389.16,9402.58,9317.87,9351.19,894,165,0,894
2025-01-05 19:30:00,9350.8,9422.0,9302.48,9402.97,899,164,0,899
2025-01-05 19:45:00,9402.11,9469.87,9394.48,9458.96,897,166,0,897
2025-01-05 20:00:00,9460.45,9539.4,9443.61,9500.03,894,167,0,894
2025-01-05 20:15:00,9500.97,9535.06,9482.02,9505.94,898,167,0,898
2025-01-05 20:30:00,9507.04,9612.13,9498.53,9596.54,899,168,0,899
2025-01-05 20:45:00,9597.25,9621.5,9558.25,9571.53,894,169,0,894
2025-01-05 21:00:00,9567.1,9645.15,9550.51,9636.9,897,169,0,897
2025-01-05 21:15:00,9635.77,9649.3,9616.3,9641.99,895,170,0,895
2025-01-05 21:30:00,9642.94,9711.69,9641.16,9690.03,897,170,0,897
2025-01-05 21:45:00,9687.56,9689.34,9623.26,9657.55,895,170,0,895
2025-01-05 22:00:00,9655.84,9666.97,9606.55,9652.36,897,170,0,897
2025-01-05 22:15:00,9651.79,9669.43,9607.22,9658.92,898,170,0,898
2025-01-05 22:30:00,9657.5,9672.06,9588.69,9598.07,898,169,0,898
2025-01-05 22:45:00,9598.92,9610.05,9508.4,9511.18,898,168,0,898
2025-01-05 23:00:00,9510.47,9524.18,9403.2,9415.19,899,166,0,899
2025-01-05 23:15:00,9416.03,9473.95,9400.31,9461.56,897,166,0,897
2025-01-05 23:30:00,9459.49,9532.68,9454.2,9514.71,898,167,0,898
2025-01-05 23:45:00,9515.24,9529.63,9454.49,9461.32,897,167,0,897
2025-01-06 00:00:00,9462.45,9472.12,9416.05,9459.5,898,166,0,898
2025-01-06 00:15:00,9461.35,9498.62,9454.15,9495.06,899,167,0,899
2025-01-06 00:30:00,9495.12,9559.91,9487.58,9556.16,897,167,0,897
2025-01-06 00:45:00,9554.74,9595.45,9548.2,9583.38,897,169,0,897
2025-01-06 01:00:00,9582.06,9637.7,9571.56,9633.08,898,169,0,898
2025-01-06 01:15:00,9631.95,9723.28,9626.57,9719.13,898,170,0,898
2025-01-06 01:30:00,9715.82,9790.88,9695.16,9788.05,897,171,0,897
2025-01-06 01:45:00,9788.18,9854.91,9767.12,9848.15,896,172,0,896
2025-01-06 02:00:00,9846.45,9865.45,9825.57,9855.0,896,174,0,896
2025-01-06 02:15:00,9856.34,9875.2,9801.88,9828.6,897,173,0,897
2025-01-06 02:30:00,9828.07,9857.09,9778.34,9834.59,899,173,0,899
2025-01-06 02:45:00,9834.56,10000.08,9820.99,9999.89,899,173,0,899
2025-01-06 03:00:00,9998.52,10058.64,9961.82,10018.9,898,176,0,898
2025-01-06 03:15:00,10019.81,10052.58,9888.17,9919.12,897,175,0,897
2025-01-06 03:30:00,9919.55,10020.78,9918.99,9977.74,896,175,0,896
2025-01-06 03:45:00,9975.42,9998.2,9904.15,9908.07,897,175,0,897
2025-01-06 04:00:00,9907.7,9918.14,9843.91,9861.34,894,174,0,894
2025-01-06 04:15:00,9862.03,9881.27,9832.26,9844.84,898,174,0,898
2025-01-06 04:30:00,9845.57,9887.65,9829.73,9857.13,897,174,0,897
2025-01-06 04:45:00,9857.46,9910.93,9843.6,9906.26,899,174,0,899
2025-01-06 05:00:00,9907.07,9908.8,9847.35,9863.77,900,174,0,900
2025-01-06 05:15:00,9864.54,9870.27,9825.41,9850.16,899,174,0,899
2025-01-06 05:30:00,9848.1,9851.62,9762.22,9777.89,898,172,0,898
2025-01-06 05:45:00,9776.84,9783.7,9728.29,9761.35,899,172,0,899
2025-01-06 06:00:00,9760.62,9762.29,9682.94,9705.45,895,171,0,895
2025-01-06 06:15:00,9704.03,9716.26,9656.52,9667.92,899,171,0,899
2025-01-06 06:30:00,9666.38,9709.83,9644.04,9699.12,897,170,0,897
2025-01-06 06:45:00,9700.85,9704.59,9631.73,9696.1,894,170,0,894
2025-01-06 07:00:00,9696.93,9714.18,9669.25,9672.2,900,171,0,900
2025-01-06 07:15:00,9673.39,9686.55,9623.53,9646.57,895,170,0,895
2025-01-06 07:30:00,9646.61,9648.9,9581.04,9598.89,897,169,0,897
2025-01-06 07:45:00,9597.93,9621.55,9529.01,9608.48,896,168,0,896
2025-01-06 08:00:00,9608.21,9630.94,9383.38,9394.33,896,166,0,896
2025-01-06 08:15:00,9392.52,9397.41,9343.44,9370.88,898,165,0,898
2025-01-06 08:30:00,9371.32,9388.97,9351.77,9384.59,894,165,0,894
2025-01-06 08:45:00,9383.15,9439.96,9368.76,9435.97,900,165,0,900
2025-01-06 09:00:00,9438.3,9497.66,9426.43,9477.24,899,166,0,899
2025-01-06 09:15:00,9476.12,9520.36,9456.39,9482.02,894,167,0,894
2025-01-06 09:30:00,9483.17,9533.42,9450.41,9516.8,898,167,0,898
2025-01-06 09:45:00,9518.43,9533.44,9447.41,9489.14,897,167,0,897
2025-01-06 10:00:00,9488.33,9576.82,9487.22,9557.65,898,167,0,898
2025-01-06 10:15:00,9558.75,9595.75,9541.02,9574.53,899,168,0,899
2025-01-06 10:30:00,9573.16,9596.36,9555.45,9588.81,896,169,0,896
2025-01-06 10:45:00,9587.42,9642.94,9547.65,9623.91,899,169,0,899
2025-01-06 11:00:00,9624.6,9756.45,9621.37,9738.52,897,170,0,897
2025-01-06 11:15:00,9738.61,9738.61,9699.88,9723.73,900,171,0,900
2025-01-06 11:30:00,9723.38,9790.99,9712.45,9789.33,898,172,0,898
2025-01-06 11:45:00,9790.36,9822.97,9784.44,9812.69,895,173,0,895
2025-01-06 12:00:00,9811.4,9874.3,9800.42,9871.69,894,173,0,894
2025-01-06 12:15:00,9871.37,9898.4,9822.54,9891.79,894,173,0,894
2025-01-06 12:30:00,9892.76,9908.47,9857.16,9886.15,896,174,0,896
2025-01-06 12:45:00,9887.04,9952.3,9873.41,9946.79,896,174,0,896
2025-01-06 13:00:00,9947.7,10051.51,9939.05,10025.08,898,175,0,898
2025-01-06 13:15:00,10025.24,10075.83,10014.22,10040.19,895,177,0,895
2025-01-06 13:30:00,10040.06,10105.34,10000.52,10009.3,896,177,0,896
2025-01-06 13:45:00,10009.48,10101.97,9995.84,10075.92,898,177,0,898
2025-01-06 14:00:00,10074.48,10176.04,10072.62,10146.25,896,178,0,896
2025-01-06 14:15:00,10145.19,10187.7,10113.11,10181.42,897,179,0,897
2025-01-06 14:30:00,10182.17,10193.87,10083.75,10087.79,899,178,0,899
2025-01-06 14:45:00,10088.81,10158.22,10038.03,10039.94,898,177,0,898
2025-01-06 15:00:00,10037.4,10148.47,9995.15,10139.78,898,177,0,898
2025-01-06 15:15:00,10140.27,10165.67,10087.12,10112.26,898,178,0,898
2025-01-06 15:30:00,10113.27,10150.92,10091.38,10131.18,896,178,0,896
2025-01-06 15:45:00,10132.68,10178.17,10126.81,10174.98,896,179,0,896
2025-01-06 16:00:00,10174.6,10182.11,10137.04,10180.1,899,179,0,899
2025-01-06 16:15:00,10179.21,10266.34,10110.54,10247.3,897,179,0,897
2025-01-06 16:30:00,10246.17,10259.38,10201.76,10238.52,900,180,0,900
2025-01-06 16:45:00,10239.02,10276.5,10076.27,10081.81,898,178,0,898
2025-01-06 17:00:00,10082.41,10114.69,10057.44,10107.59,899,178,0,899
2025-01-06 17:15:00,10105.8,10205.75,10102.95,10168.66,898,178,0,898
2025-01-06 17:30:00,10169.74,10218.16,10128.54,10134.96,898,179,0,898
2025-01-06 17:45:00,10137.13,10142.35,10080.08,10094.32,897,178,0,897
2025-01-06 18:00:00,10096.11,10140.79,10076.44,10121.41,896,178,0,896
2025-01-06 18:15:00,10122.96,10249.23,10120.8,10230.76,898,179,0,898
2025-01-06 18:30:00,10230.15,10282.34,10211.34,10278.97,896,180,0,896
2025-01-06 18:45:00,10280.23,10287.74,10163.43,10171.62,896,179,0,896
2025-01-06 19:00:00,10171.65,10215.83,10162.26,10213.3,895,179,0,895
2025-01-06 19:15:00,10212.9,10239.59,10149.86,10173.91,897,179,0,897
2025-01-06 19:30:00,10174.47,10184.31,10107.18,10117.19,898,179,0,898
2025-01-06 19:45:00,10119.32,10153.86,10100.03,10153.86,895,178,0,895
2025-01-06 20:00:00,10151.29,10186.8,10133.95,10177.98,899,179,0,899
2025-01-06 20:15:00,10178.56,10194.75,10105.72,10106.5,899,178,0,899
2025-01-06 20:30:00,10105.46,10169.58,10086.6,10165.37,898,178,0,898
2025-01-06 20:45:00,10165.91,10210.5,10156.49,10176.14,898,179,0,898
2025-01-06 21:00:00,10177.13,10251.94,10159.57,10243.32,897,179,0,897
2025-01-06 21:15:00,10243.11,10329.59,10231.63,10313.3,895,181,0,895
2025-01-06 21:30:00,10311.93,10350.62,10301.47,10340.51,899,182,0,899
2025-01-06 21:45:00,10341.1,10379.84,10312.42,10336.21,898,182,0,898
2025-01-06 22:00:00,10338.41,10383.35,10335.54,10364.72,899,183,0,899
2025-01-06 22:15:00,10361.75,10380.87,10304.69,10326.72,898,182,0,898
2025-01-06 22:30:00,10327.91,10339.28,10268.58,10289.6,898,181,0,898
2025-01-06 22:45:00,10291.46,10294.77,10239.78,10261.33,896,181,0,896
2025-01-06 23:00:00,10257.99,10297.56,10188.36,10287.79,896,180,0,896
2025-01-06 23:15:00,10287.7,10308.78,10277.33,10292.91,897,182,0,897
2025-01-06 23:30:00,10293.07,10345.09,10278.61,10327.14,894,182,0,894
2025-01-06 23:45:00,10329.05,10353.16,10287.46,10298.51,898,182,0,898
2025-01-07 00:00:00,10297.47,10313.43,10204.44,10251.64,895,180,0,895
2025-01-07 00:15:00,10251.75,10275.95,10219.66,10227.38,897,181,0,897
2025-01-07 00:30:00,10227.39,10228.61,10151.95,10161.47,899,179,0,899
2025-01-07 00:45:00,10160.25,10193.79,10133.79,10151.28,897,179,0,897
2025-01-07 01:00:00,10150.48,10193.57,10099.12,10191.01,896,178,0,896
2025-01-07 01:15:00,10189.43,10287.53,10188.4,10276.44,897,180,0,897
2025-01-07 01:30:00,10277.04,10303.88,10257.37,10259.97,897,181,0,897
2025-01-07 01:45:00,10260.29,10316.18,10250.83,10303.58,895,181,0,895
2025-01-07 02:00:00,10303.17,10340.7,10295.07,10338.39,899,182,0,899
2025-01-07 02:15:00,10337.31,10345.71,10256.48,10261.65,896,181,0,896
2025-01-07 02:30:00,10262.36,10267.43,10199.23,10229.53,896,180,0,896
2025-01-07 02:45:00,10228.82,10363.04,10227.69,10351.64,898,181,0,898
2025-01-07 03:00:00,10351.71,10353.22,10302.74,10322.43,896,182,0,896
2025-01-07 03:15:00,10322.72,10401.01,10320.78,10389.59,894,182,0,894
2025-01-07 03:30:00,10387.19,10479.04,10385.36,10475.78,900,183,0,900
2025-01-07 03:45:00,10478.24,10527.99,10469.58,10476.34,893,185,0,893
2025-01-07 04:00:00,10475.98,10496.86,10431.33,10451.73,900,184,0,900
2025-01-07 04:15:00,10454.76,10546.29,10450.34,10514.92,897,185,0,897
2025-01-07 04:30:00,10513.83,10592.18,10495.75,10564.39,898,185,0,898
2025-01-07 04:45:00,10565.17,10603.39,10523.5,10554.97,899,186,0,899
2025-01-07 05:00:00,10555.35,10603.93,10541.78,10574.32,898,186,0,898
2025-01-07 05:15:00,10573.57,10672.28,10512.03,10655.37,899,186,0,899
2025-01-07 05:30:00,10655.72,10729.19,10646.95,10721.1,897,188,0,897
2025-01-07 05:45:00,10721.16,10760.7,10645.78,10650.23,898,188,0,898
2025-01-07 06:00:00,10650.28,10659.03,10599.78,10654.04,895,187,0,895
2025-01-07 06:15:00,10656.31,10731.07,10610.49,10615.11,899,188,0,899
2025-01-07 06:30:00,10616.42,10638.83,10515.33,10537.14,899,186,0,899
2025-01-07 06:45:00,10536.76,10542.42,10488.88,10495.92,894,185,0,894
2025-01-07 07:00:00,10496.46,10524.73,10484.3,10500.81,900,185,0,900
2025-01-07 07:15:00,10501.36,10550.87,10483.87,10540.86,896,185,0,896
2025-01-07 07:30:00,10540.79,10626.24,10526.37,10597.63,899,186,0,899
2025-01-07 07:45:00,10597.14,10686.93,10597.14,10654.15,898,187,0,898
2025-01-07 08:00:00,10652.25,10702.3,10644.38,10680.32,898,188,0,898
2025-01-07 08:15:00,10677.86,10708.49,10661.38,10669.14,897,188,0,897
2025-01-07 08:30:00,10669.73,10695.37,10614.74,10615.41,899,187,0,899
2025-01-07 08:45:00,10616.21,10717.18,10610.59,10639.68,898,187,0,898
2025-01-07 09:00:00,10638.46,10666.72,10621.07,10647.81,898,188,0,898
2025-01-07 09:15:00,10649.92,10666.94,10576.82,10582.39,897,187,0,897
2025-01-07 09:30:00,10582.41,10619.54,10538.81,10561.75,899,186,0,899
2025-01-07 09:45:00,10561.13,10585.48,10527.63,10580.12,898,186,0,898
2025-01-07 10:00:00,10579.06,10699.54,10573.19,10692.58,899,187,0,899
2025-01-07 10:15:00,10692.11,10714.78,10652.88,10707.04,900,188,0,900
2025-01-07 10:30:00,10704.55,10728.94,10677.07,10713.2,899,189,0,899
2025-01-07 10:45:00,10715.85,10745.01,10682.79,10744.24,900,189,0,900
2025-01-07 11:00:00,10746.22,10769.78,10615.21,10625.79,894,188,0,894
2025-01-07 11:15:00,10627.3,10668.52,10610.06,10661.96,899,187,0,899
2025-01-07 11:30:00,10661.63,10674.4,10619.01,10653.91,898,188,0,898
2025-01-07 11:45:00,10653.43,10667.41,10578.38,10599.23,896,187,0,896
2025-01-07 12:00:00,10598.43,10633.04,10577.44,10590.29,898,187,0,898
2025-01-07 12:15:00,10590.79,10686.93,10590.65,10640.13,898,187,0,898
2025-01-07 12:30:00,10638.01,10653.29,10555.06,10569.09,896,186,0,896
2025-01-07 12:45:00,10568.47,10568.86,10424.8,10479.79,898,184,0,898
2025-01-07 13:00:00,10479.89,10557.88,10472.94,10528.44,896,185,0,896
2025-01-07 13:15:00,10529.73,10536.16,10496.46,10516.01,899,185,0,899
2025-01-07 13:30:00,10516.7,10605.2,10511.68,10530.54,898,186,0,898
2025-01-07 13:45:00,10531.99,10545.52,10486.05,10520.91,898,185,0,898
2025-01-07 14:00:00,10520.2,10631.23,10514.87,10536.83,898,186,0,898
2025-01-07 14:15:00,10535.68,10612.69,10531.53,10595.26,896,186,0,896
2025-01-07 14:30:00,10597.52,10644.22,10584.72,10600.84,898,187,0,898
2025-01-07 14:45:00,10602.39,10602.79,10507.67,10546.54,898,186,0,898
2025-01-07 15:00:00,10546.54,10549.31,10496.02,10496.3,893,185,0,893
2025-01-07 15:15:00,10496.79,10524.48,10467.39,10512.45,898,185,0,898
2025-01-07 15:30:00,10511.47,10530.85,10478.35,10478.36,898,185,0,898
2025-01-07 15:45:00,10478.54,10492.65,10431.48,10434.36,898,184,0,898
2025-01-07 16:00:00,10433.77,10488.59,10414.79,10483.34,896,184,0,896
2025-01-07 16:15:00,10483.59,10585.65,10463.89,10576.46,897,185,0,897
2025-01-07 16:30:00,10577.57,10767.91,10568.38,10721.02,897,187,0,897
2025-01-07 16:45:00,10719.42,10749.83,10680.46,10735.44,897,189,0,897
2025-01-07 17:00:00,10734.64,10773.46,10711.5,10773.46,899,189,0,899
2025-01-07 17:15:00,10773.19,10815.69,10753.06,10802.43,898,190,0,898
2025-01-07 17:30:00,10801.62,10931.32,10787.98,10910.08,894,191,0,894
2025-01-07 17:45:00,10908.6,10911.36,10841.23,10854.76,900,191,0,900
2025-01-07 18:00:00,10855.81,10912.88,10853.94,10906.56,897,192,0,897
2025-01-07 18:15:00,10907.07,10952.26,10877.58,10947.53,900,192,0,900
2025-01-07 18:30:00,10947.1,11020.06,10939.02,10990.19,897,193,0,897
2025-01-07 18:45:00,10989.23,11061.98,10983.07,11013.92,899,194,0,899
2025-01-07 19:00:00,11014.1,11035.62,10943.65,10954.85,897,193,0,897
2025-01-07 19:15:00,10954.67,10996.69,10914.48,10919.55,895,193,0,895
2025-01-07 19:30:00,10920.5,10941.95,10881.97,10926.59,897,192,0,897
2025-01-07 19:45:00,10925.44,10949.28,10907.2,10948.76,900,193,0,900
2025-01-07 20:00:00,10946.77,10983.86,10889.94,10905.17,896,192,0,896
2025-01-07 20:15:00,10903.59,10907.04,10744.43,10839.24,899,190,0,899
2025-01-07 20:30:00,10836.82,10872.08,10760.86,10867.31,896,190,0,896
2025-01-07 20:45:00,10868.0,10870.58,10786.79,10830.77,897,191,0,897
2025-01-07 21:00:00,10828.11,10886.31,10804.92,10880.19,895,191,0,895
2025-01-07 21:15:00,10880.37,10909.5,10864.46,10897.28,900,192,0,900
2025-01-07 21:30:00,10894.22,10956.38,10863.32,10948.45,898,192,0,898
2025-01-07 21:45:00,10945.87,10995.74,10893.13,10985.95,896,192,0,896
2025-01-07 22:00:00,10982.68,11016.64,10848.52,10856.89,897,192,0,897
2025-01-07 22:15:00,10856.51,10939.0,10848.46,10918.13,897,192,0,897
2025-01-07 22:30:00,10918.88,10923.28,10789.61,10804.28,898,191,0,898
2025-01-07 22:45:00,10804.43,10862.13,10796.69,10854.17,898,191,0,898
2025-01-07 23:00:00,10854.59,10864.41,10796.04,10809.47,898,191,0,898
2025-01-07 23:15:00,10809.61,10831.96,10796.23,10801.4,897,191,0,897
2025-01-07 23:30:00,10803.18,10828.76,10756.43,10813.94,898,190,0,898
2025-01-07 23:45:00,10813.3,10829.93,10774.38,10792.79,898,190,0,898
2025-01-08 00:00:00,10794.83,10844.72,10770.58,10815.73,899,190,0,899
2025-01-08 00:15:00,10817.8,10932.99,10815.24,10875.37,897,191,0,897
2025-01-08 00:30:00,10874.63,10889.27,10798.83,10814.57,899,191,0,899
2025-01-08 00:45:00,10813.6,10823.73,10720.08,10737.86,899,189,0,899
2025-01-08 01:00:00,10736.82,10791.95,10731.32,10790.86,900,190,0,900
2025-01-08 01:15:00,10792.63,10823.88,10743.89,10754.51,900,190,0,900
2025-01-08 01:30:00,10753.01,10786.6,10690.6,10695.18,899,189,0,899
2025-01-08 01:45:00,10696.34,10712.62,10629.55,10641.58,899,188,0,899
2025-01-08 02:00:00,10641.59,10647.09,10497.73,10514.44,897,185,0,897
2025-01-08 02:15:00,10511.36,10535.8,10477.82,10482.5,896,185,0,896
2025-01-08 02:30:00,10481.54,10548.47,10478.9,10522.14,898,185,0,898
2025-01-08 02:45:00,10523.29,10544.58,10499.71,10533.74,897,185,0,897
2025-01-08 03:00:00,10534.02,10560.35,10491.85,10507.16,899,185,0,899
2025-01-08 03:15:00,10507.81,10601.01,10504.71,10561.22,899,186,0,899
2025-01-08 03:30:00,10560.2,10642.19,10547.95,10641.39,898,186,0,898
2025-01-08 03:45:00,10642.03,10653.21,10582.07,10587.32,898,187,0,898
2025-01-08 04:00:00,10587.6,10593.67,10499.35,10500.89,898,185,0,898
2025-01-08 04:15:00,10499.67,10527.76,10474.57,10490.14,896,185,0,896
2025-01-08 04:30:00,10491.6,10522.76,10481.18,10502.72,898,185,0,898
2025-01-08 04:45:00,10505.64,10555.27,10482.48,10552.47,896,185,0,896
2025-01-08 05:00:00,10550.12,10553.31,10473.55,10489.12,896,185,0,896
2025-01-08 05:15:00,10488.84,10511.99,10437.02,10472.27,897,184,0,897
2025-01-08 05:30:00,10470.9,10561.2,10424.25,10553.14,899,184,0,899
2025-01-08 05:45:00,10552.99,10621.48,10541.67,10596.94,895,186,0,895
2025-01-08 06:00:00,10595.42,10611.18,10541.72,10541.72,898,186,0,898
2025-01-08 06:15:00,10541.19,10607.58,10528.25,10597.19,896,186,0,896
2025-01-08 06:30:00,10597.39,10611.98,10549.03,10599.3,898,186,0,898
2025-01-08 06:45:00,10598.37,10635.6,10576.68,10617.82,897,187,0,897
2025-01-08 07:00:00,10619.73,10652.02,10607.15,10636.68,894,187,0,894
2025-01-08 07:15:00,10635.62,10666.21,10603.09,10651.25,898,187,0,898
2025-01-08 07:30:00,10651.24,10663.84,10582.38,10611.24,899,187,0,899
2025-01-08 07:45:00,10611.62,10617.94,10481.67,10494.76,898,185,0,898
2025-01-08 08:00:00,10494.87,10608.33,10475.98,10595.14,898,185,0,898
2025-01-08 08:15:00,10597.72,10616.58,10551.27,10598.24,900,186,0,900
2025-01-08 08:30:00,10597.37,10654.68,10591.59,10613.4,899,187,0,899
2025-01-08 08:45:00,10610.33,10610.38,10499.74,10539.02,899,185,0,899
2025-01-08 09:00:00,10540.35,10622.1,10532.93,10592.46,897,186,0,897
2025-01-08 09:15:00,10591.13,10613.87,10542.46,10556.33,897,186,0,897
2025-01-08 09:30:00,10555.18,10577.69,10467.76,10504.51,898,185,0,898
2025-01-08 09:45:00,10504.49,10540.02,10471.53,10489.65,897,185,0,897
2025-01-08 10:00:00,10491.92,10516.21,10442.53,10509.79,894,184,0,894
2025-01-08 10:15:00,10510.23,10522.07,10481.28,10491.2,899,185,0,899
2025-01-08 10:30:00,10490.29,10515.84,10475.5,10491.89,898,185,0,898
2025-01-08 10:45:00,10494.46,10509.62,10466.0,10466.17,896,185,0,896
2025-01-08 11:00:00,10465.37,10482.28,10414.95,10426.5,898,184,0,898
2025-01-08 11:15:00,10426.51,10426.51,10327.41,10327.41,900,182,0,900
2025-01-08 11:30:00,10324.77,10367.07,10304.87,10358.67,894,182,0,894
2025-01-08 11:45:00,10360.9,10436.19,10349.91,10412.48,895,183,0,895
2025-01-08 12:00:00,10412.78,10448.4,10402.97,10406.66,899,184,0,899
2025-01-08 12:15:00,10407.73,10449.53,10324.04,10333.6,897,182,0,897
2025-01-08 12:30:00,10334.51,10364.69,10304.34,10314.39,898,182,0,898
2025-01-08 12:45:00,10313.28,10330.37,10212.23,10251.02,898,180,0,898
2025-01-08 13:00:00,10251.57,10261.09,10213.43,10218.11,899,180,0,899
2025-01-08 13:15:00,10217.43,10236.91,10135.04,10187.8,900,179,0,900
2025-01-08 13:30:00,10186.59,10223.51,10169.56,10179.86,898,180,0,898
2025-01-08 13:45:00,10180.28,10219.04,10169.47,10181.72,898,180,0,898
2025-01-08 14:00:00,10181.63,10209.23,10158.72,10177.09,895,179,0,895
2025-01-08 14:15:00,10177.93,10191.13,10105.25,10116.86,899,179,0,899
2025-01-08 14:30:00,10117.01,10170.16,10094.05,10170.16,897,178,0,897
2025-01-08 14:45:00,10169.25,10178.51,10049.74,10059.82,893,177,0,893
2025-01-08 15:00:00,10059.55,10087.66,10025.31,10037.04,895,177,0,895
2025-01-08 15:15:00,10035.89,10084.86,10003.06,10078.98,899,177,0,899
2025-01-08 15:30:00,10080.18,10103.29,10024.58,10052.58,899,177,0,899
2025-01-08 15:45:00,10052.35,10057.93,9938.46,9941.5,896,176,0,896
2025-01-08 16:00:00,9940.81,9963.4,9905.35,9919.11,898,175,0,898
2025-01-08 16:15:00,9916.25,9963.34,9904.35,9916.76,898,175,0,898
2025-01-08 16:30:00,9916.63,9992.72,9905.28,9972.35,898,175,0,898
2025-01-08 16:45:00,9970.0,10002.23,9945.44,9953.22,897,176,0,897
2025-01-08 17:00:00,9951.45,9969.72,9912.57,9931.89,898,175,0,898
2025-01-08 17:15:00,9932.69,9989.72,9910.69,9983.32,896,175,0,896
2025-01-08 17:30:00,9983.75,9991.68,9933.45,9954.88,897,175,0,897
2025-01-08 17:45:00,9955.01,10010.27,9888.89,9910.31,897,175,0,897
2025-01-08 18:00:00,9908.45,9937.26,9892.98,9906.55,897,175,0,897
2025-01-08 18:15:00,9906.91,9925.05,9852.97,9866.82,897,174,0,897
2025-01-08 18:30:00,9866.73,9886.99,9839.36,9883.62,899,174,0,899
2025-01-08 18:45:00,9882.44,9914.26,9855.62,9886.43,896,174,0,896
2025-01-08 19:00:00,9886.83,9894.31,9858.06,9877.3,900,174,0,900
2025-01-08 19:15:00,9877.56,10000.89,9873.67,9992.78,896,174,0,896
2025-01-08 19:30:00,9992.6,10089.42,9981.59,10074.16,899,176,0,899
2025-01-08 19:45:00,10074.19,10095.87,9979.05,9997.85,899,176,0,899
2025-01-08 20:00:00,9998.99,10001.96,9948.81,9957.66,895,176,0,895
2025-01-08 20:15:00,9960.17,9973.27,9918.13,9967.85,898,175,0,898
2025-01-08 20:30:00,9965.65,10080.83,9965.62,10045.37,899,176,0,899
2025-01-08 20:45:00,10045.95,10072.71,10015.34,10072.71,898,177,0,898
2025-01-08 21:00:00,10076.27,10090.29,10033.67,10061.17,898,177,0,898
2025-01-08 21:15:00,10061.92,10092.97,10037.84,10042.26,899,177,0,899
2025-01-08 21:30:00,10042.3,10052.74,10003.73,10030.6,898,177,0,898
2025-01-08 21:45:00,10030.22,10065.71,10013.81,10052.49,899,177,0,899
2025-01-08 22:00:00,10050.93,10082.17,10038.61,10047.02,899,177,0,899
2025-01-08 22:15:00,10047.2,10096.81,10014.88,10020.92,896,177,0,896
2025-01-08 22:30:00,10021.99,10038.72,9955.96,9958.02,896,176,0,896
2025-01-08 22:45:00,9956.06,10038.23,9956.06,9975.9,898,176,0,898
2025-01-08 23:00:00,9977.08,10120.34,9975.93,10112.27,893,176,0,893
2025-01-08 23:15:00,10113.15,10145.4,10101.07,10120.13,900,178,0,900
2025-01-08 23:30:00,10120.14,10152.19,10097.41,10152.19,898,178,0,898
2025-01-08 23:45:00,10150.64,10175.5,10127.33,10161.96,897,179,0,897
2025-01-09 00:00:00,10162.92,10239.73,10156.04,10196.03,897,179,0,897
2025-01-09 00:15:00,10194.67,10265.29,10165.63,10176.88,895,179,0,895
2025-01-09 00:30:00,10177.44,10189.82,10136.0,10184.58,900,179,0,900
2025-01-09 00:45:00,10184.82,10224.08,10153.11,10153.11,893,179,0,893
2025-01-09 01:00:00,10152.14,10181.32,10133.47,10161.16,898,179,0,898
2025-01-09 01:15:00,10161.51,10193.55,10151.38,10164.43,899,179,0,899
2025-01-09 01:30:00,10165.12,10182.68,10092.44,10140.83,896,178,0,896
2025-01-09 01:45:00,10139.54,10161.68,10098.72,10099.78,899,178,0,899
2025-01-09 02:00:00,10099.15,10118.55,10029.78,10039.99,897,177,0,897
2025-01-09 02:15:00,10039.49,10112.25,10029.41,10090.94,899,177,0,899
2025-01-09 02:30:00,10091.36,10195.76,10091.36,10180.89,897,178,0,897
2025-01-09 02:45:00,10178.47,10211.6,10163.78,10202.89,899,179,0,899
2025-01-09 03:00:00,10201.16,10238.19,10192.62,10203.33,895,180,0,895
2025-01-09 03:15:00,10203.16,10220.59,10163.99,10214.59,899,179,0,899
2025-01-09 03:30:00,10215.17,10232.26,10161.32,10216.94,898,179,0,898
2025-01-09 03:45:00,10215.57,10251.21,10202.76,10206.63,899,180,0,899
2025-01-09 04:00:00,10205.36,10236.52,10090.47,10102.21,899,178,0,899
2025-01-09 04:15:00,10101.49,10121.39,10058.06,10117.39,898,178,0,898
2025-01-09 04:30:00,10116.92,10182.81,10100.79,10163.69,898,178,0,898
2025-01-09 04:45:00,10163.78,10195.95,10121.5,10171.04,898,179,0,898
2025-01-09 05:00:00,10168.94,10206.51,10166.95,10198.5,896,180,0,896
2025-01-09 05:15:00,10198.81,10198.81,10124.53,10132.68,898,179,0,898
2025-01-09 05:30:00,10130.71,10144.51,10078.87,10088.92,900,178,0,900
2025-01-09 05:45:00,10090.39,10148.06,10084.97,10129.79,899,178,0,899
2025-01-09 06:00:00,10129.6,10129.6,10013.98,10018.71,898,177,0,898
2025-01-09 06:15:00,10017.5,10019.95,9903.81,9912.59,897,175,0,897
2025-01-09 06:30:00,9912.39,9935.4,9893.22,9900.81,897,175,0,897
2025-01-09 06:45:00,9901.19,9958.71,9872.08,9940.09,897,174,0,897
2025-01-09 07:00:00,9939.92,9954.76,9837.52,9837.59,897,174,0,897
2025-01-09 07:15:00,9838.2,9904.1,9837.53,9897.1,897,174,0,897
2025-01-09 07:30:00,9894.83,9894.83,9809.2,9809.2,900,173,0,900
2025-01-09 07:45:00,9810.04,9968.53,9801.68,9965.81,898,173,0,898
2025-01-09 08:00:00,9965.95,9997.76,9949.16,9957.69,899,176,0,899
2025-01-09 08:15:00,9958.24,9981.08,9922.25,9923.7,897,175,0,897
2025-01-09 08:30:00,9924.55,9941.84,9887.38,9903.45,899,175,0,899
2025-01-09 08:45:00,9903.96,9931.32,9840.07,9859.07,894,174,0,894
2025-01-09 09:00:00,9858.41,9891.29,9850.7,9889.65,897,174,0,897
2025-01-09 09:15:00,9888.8,9927.3,9882.06,9919.15,895,175,0,895
2025-01-09 09:30:00,9920.73,9958.62,9904.14,9932.35,894,175,0,894
2025-01-09 09:45:00,9933.19,9972.55,9921.83,9967.25,895,175,0,895
2025-01-09 10:00:00,9966.17,10003.97,9918.8,9942.74,897,175,0,897
2025-01-09 10:15:00,9943.42,9948.12,9909.5,9937.88,897,175,0,897
2025-01-09 10:30:00,9939.49,9962.68,9910.98,9924.74,899,175,0,899
2025-01-09 10:45:00,9924.59,9931.78,9870.44,9891.14,898,174,0,898
2025-01-09 11:00:00,9890.92,9894.11,9802.4,9818.92,897,173,0,897
2025-01-09 11:15:00,9818.3,9847.71,9806.6,9836.85,898,173,0,898
2025-01-09 11:30:00,9837.16,9860.14,9806.18,9809.71,894,173,0,894
2025-01-09 11:45:00,9806.88,9806.88,9722.96,9723.24,898,172,0,898
2025-01-09 12:00:00,9725.53,9828.22,9720.06,9810.01,895,172,0,895
2025-01-09 12:15:00,9810.49,9828.86,9767.64,9796.62,896,172,0,896
2025-01-09 12:30:00,9795.79,9802.4,9677.82,9732.04,899,171,0,899
2025-01-09 12:45:00,9732.06,9854.49,9706.16,9851.22,896,171,0,896
2025-01-09 13:00:00,9850.52,9862.73,9784.91,9784.91,897,173,0,897
2025-01-09 13:15:00,9784.93,9849.27,9772.04,9813.23,899,173,0,899
2025-01-09 13:30:00,9812.95,9845.74,9781.5,9839.81,898,173,0,898
2025-01-09 13:45:00,9838.04,9877.69,9821.84,9841.54,897,173,0,897
2025-01-09 14:00:00,9839.38,9880.33,9823.54,9852.97,898,173,0,898
2025-01-09 14:15:00,9849.91,9860.83,9755.63,9782.63,896,172,0,896
2025-01-09 14:30:00,9781.99,9799.85,9741.5,9743.21,894,172,0,894
2025-01-09 14:45:00,9743.6,9760.19,9631.48,9657.84,895,170,0,895
2025-01-09 15:00:00,9657.41,9692.16,9598.57,9616.37,898,169,0,898
2025-01-09 15:15:00,9618.72,9661.43,9610.06,9630.27,898,170,0,898
2025-01-09 15:30:00,9630.57,9647.95,9593.17,9621.99,900,169,0,900
2025-01-09 15:45:00,9622.45,9627.36,9547.13,9570.73,895,169,0,895
2025-01-09 16:00:00,9570.32,9641.07,9547.21,9638.04,897,169,0,897
2025-01-09 16:15:00,9638.81,9644.65,9534.99,9542.77,897,168,0,897
2025-01-09 16:30:00,9543.84,9654.52,9517.61,9642.16,899,168,0,899
2025-01-09 16:45:00,9642.36,9723.5,9602.56,9721.7,897,170,0,897
2025-01-09 17:00:00,9723.06,9748.23,9715.19,9724.06,898,172,0,898
2025-01-09 17:15:00,9722.71,9734.06,9630.5,9692.98,897,170,0,897
2025-01-09 17:30:00,9694.01,9757.58,9681.93,9741.37,896,171,0,896
2025-01-09 17:45:00,9742.18,9771.02,9729.5,9754.96,896,172,0,896
2025-01-09 18:00:00,9755.34,9778.36,9717.28,9759.56,896,172,0,896
2025-01-09 18:15:00,9755.85,9776.39,9722.58,9724.54,899,172,0,899
2025-01-09 18:30:00,9724.41,9729.47,9636.23,9723.14,898,170,0,898
2025-01-09 18:45:00,9723.74,9776.89,9711.12,9752.15,896,171,0,896
2025-01-09 19:00:00,9751.18,9766.52,9708.46,9714.82,897,171,0,897
2025-01-09 19:15:00,9712.7,9723.77,9671.98,9723.39,895,171,0,895
2025-01-09 19:30:00,9724.53,9761.49,9714.03,9748.26,898,172,0,898
2025-01-09 19:45:00,9745.65,9749.37,9676.9,9696.55,899,171,0,899
2025-01-09 20:00:00,9695.76,9735.9,9683.73,9729.63,893,171,0,893
2025-01-09 20:15:00,9728.71,9752.12,9707.79,9750.91,897,171,0,897
2025-01-09 20:30:00,9751.79,9804.59,9749.32,9762.1,899,172,0,899
2025-01-09 20:45:00,9761.73,9767.7,9649.58,9649.8,896,170,0,896
2025-01-09 21:00:00,9648.68,9656.26,9612.73,9617.85,897,170,0,897
2025-01-09 21:15:00,9617.19,9641.88,9513.09,9568.96,896,168,0,896
2025-01-09 21:30:00,9567.21,9602.73,9526.65,9596.21,897,168,0,897
2025-01-09 21:45:00,9595.04,9678.21,9595.04,9642.7,897,170,0,897
2025-01-09 22:00:00,9642.32,9701.09,9633.04,9672.83,894,170,0,894
2025-01-09 22:15:00,9671.74,9687.48,9634.85,9675.44,896,170,0,896
2025-01-09 22:30:00,9675.57,9697.51,9636.84,9638.72,899,170,0,899
2025-01-09 22:45:00,9637.65,9641.61,9583.38,9587.68,898,169,0,898
2025-01-09 23:00:00,9589.0,9606.38,9546.55,9606.38,896,169,0,896
2025-01-09 23:15:00,9606.21,9618.27,9559.98,9610.76,900,169,0,900
2025-01-09 23:30:00,9612.44,9626.42,9588.45,9625.65,899,169,0,899
2025-01-09 23:45:00,9627.42,9634.86,9546.52,9592.49,899,169,0,899
2025-01-10 00:00:00,9593.53,9597.32,9543.79,9569.88,895,168,0,895
2025-01-10 00:15:00,9570.75,9607.35,9555.29,9555.29,899,169,0,899
2025-01-10 00:30:00,9555.82,9590.68,9537.71,9544.69,896,168,0,896
2025-01-10 00:45:00,9544.59,9579.78,9521.62,9539.39,897,168,0,897
2025-01-10 01:00:00,9539.12,9563.46,9494.02,9495.32,896,168,0,896
2025-01-10 01:15:00,9497.22,9501.99,9385.44,9390.72,899,166,0,899
2025-01-10 01:30:00,9392.53,9426.97,9366.96,9406.27,899,165,0,899
2025-01-10 01:45:00,9404.91,9415.85,9326.21,9336.9,897,165,0,897
2025-01-10 02:00:00,9336.76,9396.82,9326.27,9326.27,898,165,0,898
2025-01-10 02:15:00,9327.38,9349.54,9285.89,9317.83,896,164,0,896
2025-01-10 02:30:00,9317.23,9352.14,9276.18,9281.64,898,164,0,898
2025-01-10 02:45:00,9281.55,9338.86,9261.66,9320.7,897,164,0,897
2025-01-10 03:00:00,9321.51,9349.61,9300.85,9305.09,897,164,0,897
2025-01-10 03:15:00,9305.63,9365.46,9261.07,9262.9,895,164,0,895
2025-01-10 03:30:00,9261.45,9331.55,9236.31,9324.5,895,163,0,895
2025-01-10 03:45:00,9325.08,9327.07,9220.9,9231.44,899,163,0,899
2025-01-10 04:00:00,9230.19,9264.88,9211.6,9228.03,898,163,0,898
2025-01-10 04:15:00,9228.55,9248.44,9181.98,9185.18,900,162,0,900
2025-01-10 04:30:00,9185.97,9203.98,9156.76,9158.11,897,162,0,897
2025-01-10 04:45:00,9160.03,9163.3,9082.64,9085.38,894,160,0,894
2025-01-10 05:00:00,9084.9,9141.19,9076.7,9106.52,898,160,0,898
2025-01-10 05:15:00,9105.31,9111.97,9041.98,9053.1,897,160,0,897
2025-01-10 05:30:00,9052.05,9092.46,9030.38,9069.18,898,159,0,898
2025-01-10 05:45:00,9068.27,9111.04,9060.43,9097.0,898,160,0,898
2025-01-10 06:00:00,9097.31,9120.63,9085.34,9119.19,898,160,0,898
2025-01-10 06:15:00,9119.65,9124.09,9056.26,9070.85,896,160,0,896
2025-01-10 06:30:00,9070.83,9131.23,9070.83,9098.64,896,160,0,896
2025-01-10 06:45:00,9098.35,9114.93,9068.43,9070.69,897,160,0,897
2025-01-10 07:00:00,9070.62,9073.15,9021.3,9051.7,900,159,0,900
2025-01-10 07:15:00,9054.62,9080.47,9002.63,9007.65,899,159,0,899
2025-01-10 07:30:00,9008.39,9111.2,9007.13,9108.25,897,159,0,897
2025-01-10 07:45:00,9108.7,9176.91,9085.67,9173.8,898,160,0,898
2025-01-10 08:00:00,9174.94,9214.14,9142.65,9203.62,900,161,0,900
2025-01-10 08:15:00,9203.69,9271.24,9196.41,9256.87,895,162,0,895
2025-01-10 08:30:00,9255.23,9331.04,9247.68,9289.41,897,163,0,897
2025-01-10 08:45:00,9288.99,9340.01,9284.98,9290.93,895,164,0,895
2025-01-10 09:00:00,9290.59,9317.04,9259.94,9273.38,897,164,0,897
2025-01-10 09:15:00,9274.9,9325.17,9250.12,9292.63,897,163,0,897
2025-01-10 09:30:00,9292.84,9308.75,9188.9,9191.81,895,162,0,895
2025-01-10 09:45:00,9192.14,9231.83,9176.11,9209.16,895,162,0,895
2025-01-10 10:00:00,9207.81,9264.78,9172.19,9258.51,899,162,0,899
2025-01-10 10:15:00,9257.59,9262.84,9209.32,9230.68,900,163,0,900
2025-01-10 10:30:00,9229.2,9263.02,9223.46,9244.6,894,163,0,894
2025-01-10 10:45:00,9243.26,9295.99,9233.94,9265.31,897,163,0,897
2025-01-10 11:00:00,9265.38,9281.69,9230.79,9246.74,894,163,0,894
2025-01-10 11:15:00,9246.28,9261.13,9160.18,9165.22,896,162,0,896
2025-01-10 11:30:00,9163.09,9209.66,9163.09,9173.67,897,162,0,897
2025-01-10 11:45:00,9172.49,9227.72,9162.68,9174.48,897,162,0,897
2025-01-10 12:00:00,9175.54,9252.46,9166.67,9220.16,899,162,0,899
2025-01-10 12:15:00,9219.17,9225.28,9145.57,9152.05,897,161,0,897
2025-01-10 12:30:00,9153.57,9222.75,9153.57,9165.75,897,162,0,897
2025-01-10 12:45:00,9165.57,9183.5,9108.19,9114.5,897,161,0,897
2025-01-10 13:00:00,9112.9,9126.38,9068.32,9098.76,897,160,0,897
2025-01-10 13:15:00,9102.67,9158.59,9081.25,9148.91,897,160,0,897
2025-01-10 13:30:00,9149.04,9157.8,9087.59,9110.78,893,160,0,893
2025-01-10 13:45:00,9111.37,9176.03,9101.67,9136.27,899,161,0,899
2025-01-10 14:00:00,9136.08,9195.83,9133.89,9188.02,900,161,0,900
2025-01-10 14:15:00,9189.17,9207.67,9122.12,9141.3,899,161,0,899
2025-01-10 14:30:00,9142.83,9144.38,9038.36,9050.35,900,160,0,900
2025-01-10 14:45:00,9049.13,9050.68,8957.09,8970.86,898,158,0,898
2025-01-10 15:00:00,8970.96,8995.84,8956.46,8990.46,899,158,0,899
2025-01-10 15:15:00,8991.04,9010.36,8933.15,8945.43,897,158,0,897
2025-01-10 15:30:00,8946.63,8991.65,8937.18,8975.5,898,158,0,898
2025-01-10 15:45:00,8978.58,9008.79,8954.15,8985.29,897,158,0,897
2025-01-10 16:00:00,8985.06,9013.9,8973.17,9012.38,897,158,0,897
2025-01-10 16:15:00,9013.59,9031.26,8994.32,9030.9,897,159,0,897
2025-01-10 16:30:00,9030.51,9064.37,8996.72,9048.54,898,159,0,898
2025-01-10 16:45:00,9048.98,9069.82,9034.52,9055.36,896,160,0,896
2025-01-10 17:00:00,9055.7,9146.21,9052.47,9059.87,897,160,0,897
2025-01-10 17:15:00,9061.29,9099.9,9054.64,9081.41,895,160,0,895
2025-01-10 17:30:00,9079.6,9079.6,8960.92,8960.92,894,158,0,894
2025-01-10 17:45:00,8960.51,8975.56,8911.73,8923.54,899,157,0,899
2025-01-10 18:00:00,8923.63,8926.76,8824.93,8863.79,900,156,0,900
2025-01-10 18:15:00,8862.94,8915.29,8825.06,8891.91,896,156,0,896
2025-01-10 18:30:00,8893.35,8928.55,8867.97,8892.04,895,157,0,895
2025-01-10 18:45:00,8890.87,8939.12,8890.82,8933.1,895,157,0,895
2025-01-10 19:00:00,8934.07,8991.01,8923.74,8989.24,898,158,0,898
2025-01-10 19:15:00,8988.17,9000.59,8925.44,8929.45,898,158,0,898
2025-01-10 19:30:00,8930.49,9073.51,8915.23,9073.45,899,157,0,899
2025-01-10 19:45:00,9071.82,9090.0,9031.25,9045.28,896,159,0,896
2025-01-10 20:00:00,9043.32,9046.53,9010.82,9018.7,898,159,0,898
2025-01-10 20:15:00,9018.49,9035.35,8965.26,8971.6,897,158,0,897
2025-01-10 20:30:00,8972.35,9010.04,8960.66,8993.65,898,158,0,898
2025-01-10 20:45:00,8994.51,9025.83,8952.9,8959.26,898,158,0,898
2025-01-10 21:00:00,8958.82,8990.0,8954.88,8985.73,896,158,0,896
2025-01-10 21:15:00,8985.87,9048.96,8974.75,9037.22,896,158,0,896
2025-01-10 21:30:00,9036.04,9064.07,9017.12,9049.26,896,159,0,896
2025-01-10 21:45:00,9047.77,9122.01,9046.14,9077.27,900,160,0,900
2025-01-10 22:00:00,9077.51,9093.87,9029.17,9029.17,899,159,0,899
2025-01-10 22:15:00,9029.95,9066.56,9013.46,9050.35,898,159,0,898
2025-01-10 22:30:00,9050.39,9114.49,9049.03,9100.45,896,160,0,896
2025-01-10 22:45:00,9099.72,9135.23,9087.38,9126.64,897,160,0,897
2025-01-10 23:00:00,9127.4,9183.39,9113.64,9180.92,896,161,0,896
2025-01-10 23:15:00,9182.02,9195.34,9171.46,9186.98,894,162,0,894
2025-01-10 23:30:00,9153.62,9182.69,9144.21,9161.8,898,161,0,898
2025-01-10 23:45:00,9162.52,9240.87,9153.23,9226.88,895,162,0,895
2025-01-11 00:00:00,9227.18,9277.43,9216.41,9273.56,898,163,0,898
2025-01-11 00:15:00,9275.67,9331.13,9275.67,9327.13,897,164,0,897
2025-01-11 00:30:00,9327.82,9379.51,9300.47,9364.07,896,164,0,896
2025-01-11 00:45:00,9392.99,9398.95,9320.53,9343.73,896,165,0,896
2025-01-11 01:00:00,9343.63,9393.54,9327.8,9389.22,897,165,0,897
2025-01-11 01:15:00,9388.97,9428.99,9388.77,9414.89,896,166,0,896
2025-01-11 01:30:00,9412.99,9454.43,9361.95,9449.1,899,165,0,899
2025-01-11 01:45:00,9448.94,9524.04,9439.34,9518.86,897,167,0,897
2025-01-11 02:00:00,9518.05,9655.74,9497.2,9640.59,899,168,0,899
2025-01-11 02:15:00,9640.27,9651.53,9601.31,9618.33,897,170,0,897
2025-01-11 02:30:00,9618.21,9668.5,9606.65,9648.7,899,170,0,899
2025-01-11 02:45:00,9650.57,9672.37,9633.79,9671.36,897,170,0,897
2025-01-11 03:00:00,9672.38,9688.87,9646.92,9652.13,894,170,0,894
2025-01-11 03:15:00,9651.48,9666.75,9616.33,9625.29,900,170,0,900
2025-01-11 03:30:00,9625.99,9648.85,9599.58,9613.06,897,170,0,897
2025-01-11 03:45:00,9611.42,9691.18,9594.48,9687.52,896,169,0,896
2025-01-11 04:00:00,9685.26,9691.96,9592.56,9612.15,897,169,0,897
2025-01-11 04:15:00,9611.81,9676.38,9608.42,9655.82,897,170,0,897
2025-01-11 04:30:00,9653.86,9703.68,9634.51,9698.83,896,170,0,896
2025-01-11 04:45:00,9697.78,9728.03,9584.54,9612.54,897,169,0,897
2025-01-11 05:00:00,9612.63,9657.6,9567.44,9641.0,897,169,0,897
2025-01-11 05:15:00,9638.51,9692.11,9589.67,9623.57,899,169,0,899
2025-01-11 05:30:00,9626.19,9631.26,9515.45,9580.78,897,168,0,897
2025-01-11 05:45:00,9580.4,9587.5,9457.23,9464.77,898,167,0,898
2025-01-11 06:00:00,9462.96,9477.78,9377.94,9421.25,897,166,0,897
2025-01-11 06:15:00,9419.3,9463.89,9380.89,9456.51,899,166,0,899
2025-01-11 06:30:00,9457.1,9479.96,9441.4,9444.91,897,167,0,897
2025-01-11 06:45:00,9444.54,9444.62,9379.84,9395.98,896,166,0,896
2025-01-11 07:00:00,9398.17,9409.64,9340.9,9387.77,898,165,0,898
2025-01-11 07:15:00,9386.2,9408.3,9352.93,9354.83,894,165,0,894
2025-01-11 07:30:00,9355.39,9397.63,9334.12,9378.34,896,165,0,896
2025-01-11 07:45:00,9379.72,9382.94,9323.8,9335.63,897,165,0,897
2025-01-11 08:00:00,9336.63,9343.76,9309.14,9318.11,897,164,0,897
2025-01-11 08:15:00,9319.27,9331.67,9232.98,9264.47,897,163,0,897
2025-01-11 08:30:00,9264.84,9277.43,9235.07,9242.93,896,163,0,896
2025-01-11 08:45:00,9244.37,9248.78,9135.63,9138.01,898,161,0,898
2025-01-11 09:00:00,9138.39,9213.59,9132.45,9213.0,896,161,0,896
2025-01-11 09:15:00,9213.51,9253.91,9200.3,9222.3,894,162,0,894
2025-01-11 09:30:00,9223.04,9230.74,9165.34,9188.07,898,162,0,898
2025-01-11 09:45:00,9189.86,9213.61,9179.97,9193.29,895,162,0,895
2025-01-11 10:00:00,9195.61,9242.53,9193.83,9206.88,896,162,0,896
2025-01-11 10:15:00,9208.77,9288.35,9199.64,9288.35,898,162,0,898
2025-01-11 10:30:00,9288.84,9318.83,9288.84,9311.77,897,164,0,897
2025-01-11 10:45:00,9311.73,9316.24,9230.05,9236.5,894,163,0,894
2025-01-11 11:00:00,9236.26,9315.54,9236.26,9310.89,898,163,0,898
2025-01-11 11:15:00,9310.22,9317.56,9273.77,9297.3,897,164,0,897
2025-01-11 11:30:00,9297.64,9347.56,9281.03,9285.34,897,164,0,897
2025-01-11 11:45:00,9286.4,9288.42,9221.71,9247.21,896,163,0,896
2025-01-11 12:00:00,9245.95,9250.36,9211.67,9237.73,899,163,0,899
2025-01-11 12:15:00,9237.08,9267.49,9204.78,9209.73,898,163,0,898
2025-01-11 12:30:00,9208.88,9232.59,9196.1,9223.28,897,162,0,897
2025-01-11 12:45:00,9222.94,9250.44,9214.91,9231.93,896,163,0,896
2025-01-11 13:00:00,9231.96,9254.82,9145.59,9236.7,895,161,0,895
2025-01-11 13:15:00,9234.76,9239.34,9191.99,9194.79,896,162,0,896
2025-01-11 13:30:00,9193.86,9222.54,9175.44,9216.28,899,162,0,899
2025-01-11 13:45:00,9217.06,9337.56,9211.27,9337.3,896,163,0,896
2025-01-11 14:00:00,9334.95,9374.31,9324.18,9366.16,897,165,0,897
2025-01-11 14:15:00,9369.43,9402.21,9360.79,9390.13,899,165,0,899
2025-01-11 14:30:00,9389.98,9401.9,9358.27,9385.82,895,165,0,895
2025-01-11 14:45:00,9383.94,9389.39,9305.72,9331.29,893,164,0,893
2025-01-11 15:00:00,9332.01,9390.16,9332.01,9357.44,897,165,0,897
2025-01-11 15:15:00,9358.31,9440.05,9355.41,9440.05,897,165,0,897
2025-01-11 15:30:00,9441.39,9442.63,9391.63,9413.0,897,166,0,897
2025-01-11 15:45:00,9411.76,9454.34,9366.25,9440.45,895,165,0,895
2025-01-11 16:00:00,9441.88,9471.2,9410.46,9468.86,898,166,0,898
2025-01-11 16:15:00,9470.81,9563.45,9470.81,9553.47,897,167,0,897
2025-01-11 16:30:00,9553.07,9620.07,9539.44,9619.25,899,168,0,899
2025-01-11 16:45:00,9618.92,9637.97,9545.15,9619.97,897,168,0,897
2025-01-11 17:00:00,9619.97,9661.51,9564.42,9589.74,895,169,0,895
2025-01-11 17:15:00,9590.91,9643.74,9590.91,9641.95,899,169,0,899
2025-01-11 17:30:00,9643.55,9643.55,9543.38,9547.92,895,168,0,895
2025-01-11 17:45:00,9548.82,9583.05,9538.45,9570.58,899,168,0,899
2025-01-11 18:00:00,9571.87,9588.37,9547.4,9554.57,898,169,0,898
2025-01-11 18:15:00,9553.53,9564.98,9525.21,9555.88,899,168,0,899
2025-01-11 18:30:00,9555.35,9560.56,9518.06,9531.51,897,168,0,897
2025-01-11 18:45:00,9531.0,9564.9,9477.42,9508.07,898,167,0,898
2025-01-11 19:00:00,9507.3,9517.12,9468.78,9477.83,898,167,0,898
2025-01-11 19:15:00,9479.4,9480.0,9433.44,9436.02,898,167,0,898
2025-01-11 19:30:00,9437.17,9443.95,9398.32,9404.28,897,166,0,897
2025-01-11 19:45:00,9404.6,9413.15,9334.92,9338.24,900,165,0,900
2025-01-11 20:00:00,9337.71,9367.47,9309.47,9365.45,899,164,0,899
2025-01-11 20:15:00,9367.54,9383.62,9296.43,9380.3,899,164,0,899
2025-01-11 20:30:00,9382.05,9406.54,9337.65,9361.81,900,165,0,900
2025-01-11 20:45:00,9362.89,9391.56,9355.8,9370.0,898,165,0,898
2025-01-11 21:00:00,9368.99,9442.26,9363.28,9391.03,899,165,0,899
2025-01-11 21:15:00,9389.73,9415.13,9365.25,9403.85,894,165,0,894
2025-01-11 21:30:00,9402.93,9414.92,9376.07,9381.66,900,166,0,900
2025-01-11 21:45:00,9382.1,9419.87,9363.7,9364.08,899,165,0,899
2025-01-11 22:00:00,9362.5,9403.09,9360.4,9392.66,898,165,0,898
2025-01-11 22:15:00,9392.36,9440.88,9392.36,9433.72,897,166,0,897
2025-01-11 22:30:00,9434.37,9463.85,9302.41,9304.39,896,164,0,896
2025-01-11 22:45:00,9304.92,9305.46,9216.71,9250.47,898,163,0,898
2025-01-11 23:00:00,9250.95,9339.62,9242.09,9320.5,897,163,0,897
2025-01-11 23:15:00,9320.13,9353.44,9240.97,9244.69,897,163,0,897
2025-01-11 23:30:00,9242.81,9252.16,9214.82,9250.39,900,163,0,900
2025-01-11 23:45:00,9248.67,9330.29,9232.25,9315.63,899,163,0,899
2025-01-12 00:00:00,9315.55,9433.42,9307.8,9421.78,899,164,0,899
2025-01-12 00:15:00,9420.58,9465.36,9415.1,9443.64,898,166,0,898
2025-01-12 00:30:00,9443.76,9547.86,9438.62,9507.53,896,167,0,896
2025-01-12 00:45:00,9508.1,9523.28,9459.2,9492.39,897,167,0,897
2025-01-12 01:00:00,9491.94,9526.7,9472.9,9524.07,898,167,0,898
2025-01-12 01:15:00,9523.23,9538.8,9459.58,9465.83,892,167,0,892
2025-01-12 01:30:00,9466.27,9492.53,9440.79,9453.77,899,167,0,899
2025-01-12 01:45:00,9452.85,9455.17,9379.43,9398.63,895,166,0,895
2025-01-12 02:00:00,9396.91,9455.92,9393.09,9427.84,897,166,0,897
2025-01-12 02:15:00,9428.98,9531.5,9428.64,9477.88,898,167,0,898
2025-01-12 02:30:00,9474.97,9499.74,9439.48,9441.88,898,167,0,898
2025-01-12 02:45:00,9441.37,9444.95,9381.12,9394.14,900,166,0,900
2025-01-12 03:00:00,9394.41,9418.53,9363.56,9400.66,893,165,0,893
2025-01-12 03:15:00,9402.74,9416.41,9322.47,9345.91,897,165,0,897
2025-01-12 03:30:00,9346.81,9371.25,9319.74,9356.37,896,164,0,896
2025-01-12 03:45:00,9355.83,9375.16,9327.93,9350.27,895,165,0,895
2025-01-12 04:00:00,9351.81,9427.66,9351.55,9404.01,896,165,0,896
2025-01-12 04:15:00,9403.36,9406.04,9343.1,9354.0,897,165,0,897
2025-01-12 04:30:00,9353.77,9358.41,9314.29,9333.61,900,164,0,900
2025-01-12 04:45:00,9333.76,9370.04,9319.18,9322.39,897,165,0,897
2025-01-12 05:00:00,9321.82,9367.88,9299.19,9306.65,899,164,0,899
2025-01-12 05:15:00,9307.37,9314.43,9235.69,9256.44,899,163,0,899
2025-01-12 05:30:00,9256.58,9256.74,9133.73,9140.08,899,161,0,899
2025-01-12 05:45:00,9139.74,9175.69,9126.4,9149.74,896,161,0,896
2025-01-12 06:00:00,9148.09,9173.05,9069.36,9109.12,896,160,0,896
2025-01-12 06:15:00,9108.67,9112.57,9050.94,9068.9,899,160,0,899
2025-01-12 06:30:00,9069.25,9099.46,9030.56,9037.71,895,159,0,895
2025-01-12 06:45:00,9036.86,9047.96,8982.63,9012.66,894,159,0,894
2025-01-12 07:00:00,9012.53,9040.1,8997.26,9037.35,896,159,0,896
2025-01-12 07:15:00,9036.39,9053.1,8981.97,8981.97,899,159,0,899
2025-01-12 07:30:00,8985.25,9019.19,8971.31,9003.03,900,158,0,900
2025-01-12 07:45:00,9003.51,9050.95,8999.46,9046.07,899,159,0,899
2025-01-12 08:00:00,9044.65,9085.0,9032.62,9077.06,898,160,0,898
2025-01-12 08:15:00,9079.95,9156.69,9071.01,9156.69,896,160,0,896
2025-01-12 08:30:00,9156.89,9179.83,9107.64,9171.76,896,161,0,896
2025-01-12 08:45:00,9171.46,9193.08,9065.02,9066.13,899,160,0,899
2025-01-12 09:00:00,9067.97,9086.26,9036.71,9041.28,897,160,0,897
2025-01-12 09:15:00,9041.73,9049.05,8962.21,8980.15,897,158,0,897
2025-01-12 09:30:00,8980.12,9010.74,8894.36,8936.6,898,157,0,898
2025-01-12 09:45:00,8935.99,8962.26,8931.3,8937.88,897,158,0,897
2025-01-12 10:00:00,8937.68,9033.77,8935.42,9030.53,898,158,0,898
2025-01-12 10:15:00,9030.38,9033.76,8975.87,8987.71,897,158,0,897
2025-01-12 10:30:00,8989.51,8998.39,8871.72,8895.07,897,157,0,897
2025-01-12 10:45:00,8895.41,8996.55,8883.62,8973.34,899,157,0,899
2025-01-12 11:00:00,8973.22,8982.04,8931.85,8946.96,895,158,0,895
2025-01-12 11:15:00,8947.64,8954.14,8912.63,8920.36,898,157,0,898
2025-01-12 11:30:00,8919.58,9048.1,8914.32,9045.52,894,157,0,894
2025-01-12 11:45:00,9045.47,9051.21,8993.7,9010.13,898,159,0,898
2025-01-12 12:00:00,9011.6,9059.41,8999.05,9059.41,897,159,0,897
2025-01-12 12:15:00,9057.56,9057.56,8984.26,8992.92,897,159,0,897
2025-01-12 12:30:00,8992.2,9032.75,8924.73,8928.72,898,158,0,898
2025-01-12 12:45:00,8928.45,8933.39,8882.07,8883.6,896,157,0,896
2025-01-12 13:00:00,8883.55,8954.06,8874.03,8874.03,894,157,0,894
2025-01-12 13:15:00,8872.79,8898.49,8819.6,8823.21,896,156,0,896
2025-01-12 13:30:00,8822.3,8833.23,8786.81,8793.35,898,155,0,898
2025-01-12 13:45:00,8795.18,8796.58,8757.6,8790.2,894,155,0,894
2025-01-12 14:00:00,8789.11,8797.14,8716.92,8742.31,899,154,0,899
2025-01-12 14:15:00,8741.74,8777.01,8730.64,8759.52,898,154,0,898
2025-01-12 14:30:00,8759.53,8777.89,8729.31,8773.39,896,154,0,896
2025-01-12 14:45:00,8772.87,8794.48,8742.61,8773.02,898,154,0,898
2025-01-12 15:00:00,8773.53,8831.3,8760.87,8831.3,897,155,0,897
2025-01-12 15:15:00,8831.02,8868.44,8822.36,8856.99,899,156,0,899
2025-01-12 15:30:00,8857.01,8879.6,8789.45,8827.06,894,155,0,894
2025-01-12 15:45:00,8828.92,8835.29,8756.55,8777.36,900,155,0,900
2025-01-12 16:00:00,8778.81,8810.12,8757.27,8760.2,899,155,0,899
2025-01-12 16:15:00,8759.73,8801.07,8740.65,8776.56,897,154,0,897
2025-01-12 16:30:00,8775.3,8809.18,8765.2,8765.2,898,155,0,898
2025-01-12 16:45:00,8767.64,8790.96,8731.28,8731.28,898,154,0,898
2025-01-12 17:00:00,8729.06,8764.37,8714.2,8742.87,893,154,0,893
2025-01-12 17:15:00,8744.15,8776.81,8742.25,8743.95,898,154,0,898
2025-01-12 17:30:00,8742.68,8761.88,8677.81,8678.57,899,153,0,899
2025-01-12 17:45:00,8678.52,8688.5,8657.15,8662.82,900,153,0,900
2025-01-12 18:00:00,8661.54,8689.37,8637.93,8639.83,898,152,0,898
2025-01-12 18:15:00,8638.05,8665.16,8615.7,8618.31,899,152,0,899
2025-01-12 18:30:00,8616.96,8644.44,8604.63,8636.46,897,152,0,897
2025-01-12 18:45:00,8636.58,8636.91,8577.4,8611.55,896,151,0,896
2025-01-12 19:00:00,8611.01,8659.86,8602.39,8657.18,899,152,0,899
2025-01-12 19:15:00,8657.86,8677.88,8648.41,8653.65,898,153,0,898
2025-01-12 19:30:00,8652.19,8677.98,8640.96,8646.65,898,153,0,898
2025-01-12 19:45:00,8650.34,8746.92,8644.79,8742.51,896,153,0,896
2025-01-12 20:00:00,8744.23,8774.12,8725.26,8761.62,899,154,0,899
2025-01-12 20:15:00,8760.03,8796.52,8740.33,8780.96,895,154,0,895
2025-01-12 20:30:00,8780.14,8788.9,8756.22,8782.65,898,155,0,898
2025-01-12 20:45:00,8781.72,8844.5,8763.54,8814.38,897,155,0,897
2025-01-12 21:00:00,8815.64,8856.78,8815.64,8845.68,898,156,0,898
2025-01-12 21:15:00,8845.14,8869.65,8807.66,8815.51,897,155,0,897
2025-01-12 21:30:00,8814.55,8839.4,8806.81,8831.12,895,155,0,895
2025-01-12 21:45:00,8832.12,8849.23,8807.9,8826.23,900,155,0,900
2025-01-12 22:00:00,8825.66,8837.97,8776.03,8793.75,900,155,0,900
2025-01-12 22:15:00,8794.07,8844.98,8783.07,8829.08,892,155,0,892
2025-01-12 22:30:00,8830.3,8891.14,8824.3,8883.77,896,156,0,896
2025-01-12 22:45:00,8883.38,8887.95,8829.8,8847.44,896,156,0,896
2025-01-12 23:00:00,8847.14,8889.12,8818.48,8882.96,898,156,0,898
2025-01-12 23:15:00,8883.31,8938.88,8872.68,8933.56,896,157,0,896
2025-01-12 23:30:00,8935.46,8953.05,8906.76,8938.98,899,157,0,899
2025-01-12 23:45:00,8939.8,8951.88,8922.66,8946.88,895,158,0,895
2025-01-13 00:00:00,8948.63,9068.37,8948.63,9059.65,898,158,0,898
2025-01-13 00:15:00,9058.04,9059.46,9007.37,9029.01,896,159,0,896
2025-01-13 00:30:00,9028.23,9032.16,8973.72,9000.82,897,158,0,897
2025-01-13 00:45:00,8998.21,9033.05,8977.35,9027.34,896,158,0,896
2025-01-13 01:00:00,9027.27,9037.96,8946.27,9018.49,893,158,0,893
2025-01-13 01:15:00,9019.39,9022.2,8953.8,8963.3,897,158,0,897
2025-01-13 01:30:00,8962.44,9006.09,8923.33,8923.75,898,158,0,898
2025-01-13 01:45:00,8924.46,8997.47,8913.37,8987.83,896,157,0,896
2025-01-13 02:00:00,8986.69,9053.64,8973.57,9031.27,897,158,0,897
2025-01-13 02:15:00,9031.9,9095.95,9029.91,9068.03,896,159,0,896
2025-01-13 02:30:00,9070.66,9122.19,9069.16,9103.49,896,160,0,896
2025-01-13 02:45:00,9106.04,9142.25,9086.62,9138.34,899,160,0,899
2025-01-13 03:00:00,9139.03,9152.55,9099.18,9116.0,898,161,0,898
2025-01-13 03:15:00,9114.31,9158.05,9088.86,9154.38,896,160,0,896
2025-01-13 03:30:00,9152.9,9233.53,9144.8,9195.22,895,162,0,895
2025-01-13 03:45:00,9194.33,9218.49,9158.07,9158.98,898,162,0,898
2025-01-13 04:00:00,9158.19,9158.19,9061.77,9071.4,899,160,0,899
2025-01-13 04:15:00,9069.46,9083.45,9004.34,9038.6,898,159,0,898
2025-01-13 04:30:00,9038.93,9085.05,9023.17,9085.05,894,159,0,894
2025-01-13 04:45:00,9084.5,9093.63,9030.32,9048.36,896,159,0,896
2025-01-13 05:00:00,9049.93,9066.76,9027.5,9038.77,898,159,0,898
2025-01-13 05:15:00,9039.57,9072.96,8997.0,9029.69,900,159,0,900
2025-01-13 05:30:00,9029.51,9037.76,8983.18,9004.62,896,159,0,896
2025-01-13 05:45:00,9004.65,9012.66,8958.17,8975.86,897,158,0,897
2025-01-13 06:00:00,8976.59,9024.59,8950.39,8969.51,897,158,0,897
2025-01-13 06:15:00,8968.92,9016.15,8960.42,9003.8,779,158,0,779
2025-01-13 06:30:00,9004.49,9007.93,8992.26,9004.59,202,159,0,202
2025-01-13 06:45:00,9005.3,9026.96,8995.3,9019.35,899,159,0,899
2025-01-13 07:00:00,9019.52,9061.59,9019.52,9059.39,898,159,0,898
2025-01-13 07:15:00,9060.41,9074.39,9028.85,9030.08,900,159,0,900
2025-01-13 07:30:00,9027.52,9027.93,8924.85,8931.77,894,158,0,894
2025-01-13 07:45:00,8932.86,8970.21,8881.37,8911.87,898,157,0,898
2025-01-13 08:00:00,8911.6,8917.65,8842.0,8851.89,898,156,0,898
2025-01-13 08:15:00,8851.84,8879.66,8806.9,8875.81,897,156,0,897
2025-01-13 08:30:00,8876.12,8921.6,8831.56,8868.57,896,156,0,896
2025-01-13 08:45:00,8867.28,8875.52,8805.8,8814.8,898,155,0,898
2025-01-13 09:00:00,8817.0,8924.8,8814.82,8918.47,895,156,0,895
2025-01-13 09:15:00,8918.05,8987.55,8857.3,8979.08,900,156,0,900
2025-01-13 09:30:00,8980.59,9007.78,8962.26,8980.28,898,158,0,898
2025-01-13 09:45:00,8979.72,8997.68,8912.84,8995.8,898,157,0,898
2025-01-13 10:00:00,8997.16,9050.61,8994.01,9038.89,898,159,0,898
2025-01-13 10:15:00,9039.15,9101.67,9022.12,9100.28,899,159,0,899
2025-01-13 10:30:00,9100.11,9124.9,9043.84,9045.62,897,160,0,897
2025-01-13 10:45:00,9044.57,9044.57,8960.21,8969.29,897,158,0,897
2025-01-13 11:00:00,8970.13,9077.28,8957.61,9070.97,898,158,0,898
2025-01-13 11:15:00,9072.1,9074.52,8956.56,9005.13,897,158,0,897
2025-01-13 11:30:00,9004.97,9010.85,8955.75,8978.75,897,158,0,897
2025-01-13 11:45:00,8978.4,9016.01,8960.85,8980.11,896,158,0,896
2025-01-13 12:00:00,8981.01,9081.86,8969.22,9079.91,898,158,0,898
2025-01-13 12:15:00,9080.22,9098.6,9055.22,9055.22,899,160,0,899
2025-01-13 12:30:00,9055.0,9059.68,8960.54,8960.59,897,158,0,897
2025-01-13 12:45:00,8961.87,8984.22,8955.18,8967.86,898,158,0,898
2025-01-13 13:00:00,8967.75,9004.82,8915.72,9004.05,896,157,0,896
2025-01-13 13:15:00,9005.04,9036.67,8956.59,8978.21,896,158,0,896
2025-01-13 13:30:00,8978.95,9039.54,8977.3,9028.37,898,158,0,898
2025-01-13 13:45:00,9028.28,9050.67,9012.56,9046.72,897,159,0,897
2025-01-13 14:00:00,9044.81,9055.7,9012.06,9053.97,898,159,0,898
2025-01-13 14:15:00,9053.96,9065.95,8987.64,9007.6,897,159,0,897
2025-01-13 14:30:00,9007.71,9110.44,8978.01,9084.9,897,159,0,897
2025-01-13 14:45:00,9088.26,9096.65,9045.63,9072.14,900,160,0,900
2025-01-13 15:00:00,9071.06,9073.36,8960.02,8977.21,899,158,0,899
2025-01-13 15:15:00,8978.0,8982.97,8951.5,8964.01,895,158,0,895
2025-01-13 15:30:00,8965.07,8980.62,8937.15,8937.91,898,158,0,898
2025-01-13 15:45:00,8937.18,8983.99,8890.63,8974.02,896,157,0,896
2025-01-13 16:00:00,8973.28,9029.47,8960.66,9029.47,895,158,0,895
2025-01-13 16:15:00,9028.69,9039.11,8960.27,8977.31,898,158,0,898
2025-01-13 16:30:00,8976.87,9057.53,8969.93,9041.53,896,158,0,896
2025-01-13 16:45:00,9041.85,9064.87,9024.63,9054.98,897,159,0,897
2025-01-13 17:00:00,9054.32,9096.23,9038.1,9084.21,897,160,0,897
2025-01-13 17:15:00,9083.83,9127.2,9050.1,9124.59,898,160,0,898
2025-01-13 17:30:00,9126.68,9173.26,9116.65,9168.38,900,161,0,900
2025-01-13 17:45:00,9169.54,9191.92,9151.31,9181.04,898,162,0,898
2025-01-13 18:00:00,9180.18,9192.37,9151.2,9173.04,898,162,0,898
2025-01-13 18:15:00,9173.23,9186.77,9084.89,9127.98,896,160,0,896
2025-01-13 18:30:00,9127.29,9137.25,9067.02,9074.91,896,160,0,896
2025-01-13 18:45:00,9074.92,9103.71,9053.36,9079.3,895,160,0,895
2025-01-13 19:00:00,9080.21,9138.25,9073.09,9074.86,900,160,0,900
2025-01-13 19:15:00,9074.39,9087.9,9018.19,9024.31,898,159,0,898
2025-01-13 19:30:00,9023.83,9037.72,8944.38,8965.48,899,158,0,899
2025-01-13 19:45:00,8966.86,9041.65,8960.92,9027.11,899,158,0,899
2025-01-13 20:00:00,9025.71,9082.3,9021.5,9045.85,893,159,0,893
2025-01-13 20:15:00,9048.19,9105.14,9039.78,9093.1,892,160,0,892
2025-01-13 20:30:00,9093.42,9093.42,9015.65,9067.92,897,159,0,897
2025-01-13 20:45:00,9070.68,9124.62,9052.55,9090.39,898,160,0,898
2025-01-13 21:00:00,9088.99,9117.3,9050.44,9085.69,899,160,0,899
2025-01-13 21:15:00,9084.98,9093.09,9043.45,9081.09,897,160,0,897
2025-01-13 21:30:00,9079.82,9185.45,9064.86,9179.58,898,160,0,898
2025-01-13 21:45:00,9179.81,9246.58,9170.01,9231.35,898,162,0,898
2025-01-13 22:00:00,9230.86,9331.95,9210.5,9319.67,896,163,0,896
2025-01-13 22:15:00,9318.79,9318.79,9209.55,9256.19,898,163,0,898
2025-01-13 22:30:00,9255.35,9264.91,9227.4,9260.11,897,163,0,897
2025-01-13 22:45:00,9259.32,9282.49,9242.17,9256.32,897,163,0,897
2025-01-13 23:00:00,9256.49,9317.7,9219.61,9316.07,899,163,0,899
2025-01-13 23:15:00,9316.2,9326.93,9264.34,9266.52,896,164,0,896
2025-01-13 23:30:00,9265.43,9288.28,9215.32,9225.15,896,163,0,896
2025-01-13 23:45:00,9224.82,9255.3,9220.36,9238.49,896,163,0,896
2025-01-14 00:00:00,9239.27,9241.84,9188.75,9193.48,900,162,0,900
2025-01-14 00:15:00,9193.82,9194.68,9115.81,9120.32,896,161,0,896
2025-01-14 00:30:00,9119.97,9132.13,9072.49,9109.27,893,160,0,893
2025-01-14 00:45:00,9110.33,9158.43,9104.25,9152.25,900,161,0,900
2025-01-14 01:00:00,9153.03,9232.12,9149.84,9228.98,899,162,0,899
2025-01-14 01:15:00,9227.29,9234.7,9146.47,9156.67,899,161,0,899
2025-01-14 01:30:00,9157.32,9170.19,9107.05,9139.28,899,161,0,899
2025-01-14 01:45:00,9139.07,9158.35,9103.54,9155.36,898,161,0,898
2025-01-14 02:00:00,9155.15,9183.16,9144.69,9149.55,898,161,0,898
2025-01-14 02:15:00,9149.03,9181.93,9139.01,9178.54,899,161,0,899
2025-01-14 02:30:00,9178.63,9182.42,9115.89,9130.47,900,161,0,900
2025-01-14 02:45:00,9130.69,9186.51,9116.74,9163.35,897,161,0,897
2025-01-14 03:00:00,9163.79,9177.51,9120.73,9124.88,900,161,0,900
2025-01-14 03:15:00,9121.78,9213.27,9090.26,9210.84,895,161,0,895
2025-01-14 03:30:00,9210.54,9263.87,9208.83,9249.53,899,163,0,899
2025-01-14 03:45:00,9250.25,9267.03,9218.81,9225.07,897,163,0,897
2025-01-14 04:00:00,9225.08,9300.83,9218.33,9281.97,899,163,0,899
2025-01-14 04:15:00,9279.02,9282.43,9179.64,9196.01,895,162,0,895
2025-01-14 04:30:00,9194.64,9197.04,9031.62,9048.04,898,159,0,898
2025-01-14 04:45:00,9048.09,9093.98,9040.44,9042.2,894,160,0,894
2025-01-14 05:00:00,9041.71,9100.2,9036.24,9094.87,900,159,0,900
2025-01-14 05:15:00,9092.48,9156.01,9092.48,9150.94,897,161,0,897
2025-01-14 05:30:00,9151.33,9176.59,9124.07,9136.82,898,161,0,898
2025-01-14 05:45:00,9137.05,9187.92,9132.77,9149.32,896,161,0,896
2025-01-14 06:00:00,9149.95,9214.18,9130.61,9207.92,898,161,0,898
2025-01-14 06:15:00,9206.74,9208.73,9138.81,9164.05,897,161,0,897
2025-01-14 06:30:00,9163.54,9200.1,9144.61,9196.26,899,162,0,899
2025-01-14 06:45:00,9197.39,9238.09,9176.97,9215.47,896,162,0,896
2025-01-14 07:00:00,9214.53,9235.25,9146.73,9147.7,900,161,0,900
2025-01-14 07:15:00,9148.3,9166.64,9081.54,9093.74,897,160,0,897
2025-01-14 07:30:00,9093.61,9095.06,9014.29,9017.96,898,159,0,898
2025-01-14 07:45:00,9016.38,9088.98,9014.34,9064.18,898,159,0,898
2025-01-14 08:00:00,9065.86,9073.86,9000.26,9009.17,900,159,0,900
2025-01-14 08:15:00,9008.7,9089.13,9000.42,9065.37,899,159,0,899
2025-01-14 08:30:00,9064.77,9111.25,9058.63,9104.43,897,160,0,897
2025-01-14 08:45:00,9104.16,9124.99,9073.75,9096.07,896,160,0,896
2025-01-14 09:00:00,9097.08,9117.61,9069.29,9073.23,895,160,0,895
2025-01-14 09:15:00,9072.87,9169.73,9067.61,9150.26,899,160,0,899
2025-01-14 09:30:00,9151.71,9260.64,9142.37,9260.36,893,161,0,893
2025-01-14 09:45:00,9260.37,9308.61,9244.02,9307.65,898,163,0,898
2025-01-14 10:00:00,9306.76,9326.77,9270.44,9289.73,898,164,0,898
2025-01-14 10:15:00,9290.09,9377.41,9284.75,9377.38,898,164,0,898
2025-01-14 10:30:00,9377.63,9377.63,9308.21,9333.0,887,164,0,887
2025-01-14 10:45:00,9334.57,9354.37,9316.92,9342.34,898,165,0,898
2025-01-14 11:00:00,9341.6,9372.34,9322.23,9366.94,888,165,0,888
2025-01-14 11:15:00,9366.96,9486.28,9326.36,9459.82,897,165,0,897
2025-01-14 11:30:00,9457.67,9489.94,9410.29,9441.97,900,166,0,900
2025-01-14 11:45:00,9442.23,9488.44,9427.15,9485.44,900,166,0,900
2025-01-14 12:00:00,9485.21,9546.14,9485.21,9532.77,896,167,0,896
2025-01-14 12:15:00,9534.2,9547.75,9463.22,9474.22,896,167,0,896
2025-01-14 12:30:00,9472.8,9483.54,9424.81,9437.64,898,166,0,898
2025-01-14 12:45:00,9436.12,9436.62,9377.7,9378.19,895,166,0,895
2025-01-14 13:00:00,9376.43,9406.32,9354.59,9372.68,899,165,0,899
2025-01-14 13:15:00,9370.57,9403.09,9281.05,9292.76,896,164,0,896
2025-01-14 13:30:00,9292.57,9445.17,9292.55,9435.49,894,164,0,894
2025-01-14 13:45:00,9435.97,9456.92,9388.99,9406.09,899,166,0,899
2025-01-14 14:00:00,9407.11,9415.79,9358.58,9379.68,897,165,0,897
2025-01-14 14:15:00,9382.47,9437.52,9376.42,9434.18,899,166,0,899
2025-01-14 14:30:00,9434.22,9448.65,9353.57,9369.23,895,165,0,895
2025-01-14 14:45:00,9369.62,9403.18,9339.15,9401.6,895,165,0,895
2025-01-14 15:00:00,9405.07,9453.13,9349.73,9363.07,897,165,0,897
2025-01-14 15:15:00,9362.04,9369.38,9256.45,9261.35,898,163,0,898
2025-01-14 15:30:00,9261.6,9342.2,9251.9,9312.5,897,163,0,897
2025-01-14 15:45:00,9312.78,9338.44,9305.01,9315.17,898,164,0,898
2025-01-14 16:00:00,9315.78,9391.77,9308.17,9361.86,897,164,0,897
2025-01-14 16:15:00,9364.32,9421.04,9350.56,9390.43,899,165,0,899
2025-01-14 16:30:00,9390.23,9481.55,9383.79,9418.28,898,166,0,898
2025-01-14 16:45:00,9418.16,9418.16,9372.15,9399.65,893,166,0,893
2025-01-14 17:00:00,9399.12,9412.59,9363.75,9404.62,896,165,0,896
2025-01-14 17:15:00,9403.36,9414.82,9386.82,9411.69,898,166,0,898
2025-01-14 17:30:00,9412.71,9467.97,9407.42,9444.02,894,166,0,894
2025-01-14 17:45:00,9446.99,9469.0,9429.96,9438.26,899,166,0,899
2025-01-14 18:00:00,9437.26,9468.81,9415.41,9430.9,897,166,0,897
2025-01-14 18:15:00,9430.66,9556.0,9429.37,9555.35,899,166,0,899
2025-01-14 18:30:00,9554.54,9561.53,9450.55,9551.19,893,167,0,893
2025-01-14 18:45:00,9548.95,9651.03,9538.18,9651.03,897,168,0,897
2025-01-14 19:00:00,9650.84,9654.67,9539.84,9571.77,896,168,0,896
2025-01-14 19:15:00,9574.48,9619.89,9574.48,9602.99,899,169,0,899
2025-01-14 19:30:00,9605.48,9608.89,9548.75,9556.97,898,169,0,898
2025-01-14 19:45:00,9557.19,9570.4,9457.38,9466.55,900,167,0,900
2025-01-14 20:00:00,9467.45,9477.59,9440.45,9464.73,898,167,0,898
2025-01-14 20:15:00,9463.33,9483.35,9433.26,9434.23,897,167,0,897
2025-01-14 20:30:00,9434.95,9489.85,9388.48,9476.89,898,166,0,898
2025-01-14 20:45:00,9477.27,9535.69,9468.63,9491.32,897,167,0,897
2025-01-14 21:00:00,9488.72,9525.04,9474.3,9523.3,900,167,0,900
2025-01-14 21:15:00,9526.14,9657.04,9526.14,9637.98,895,168,0,895
2025-01-14 21:30:00,9640.28,9640.28,9527.19,9538.39,896,168,0,896
2025-01-14 21:45:00,9536.66,9588.89,9511.31,9585.11,898,168,0,898
2025-01-14 22:00:00,9585.69,9622.36,9548.69,9611.42,900,169,0,900
2025-01-14 22:15:00,9611.92,9670.25,9595.21,9664.87,898,169,0,898
2025-01-14 22:30:00,9665.3,9704.28,9647.89,9656.05,895,170,0,895
2025-01-14 22:45:00,9655.74,9670.33,9637.9,9660.89,898,170,0,898
2025-01-14 23:00:00,9663.17,9701.27,9660.56,9696.71,899,171,0,899
2025-01-14 23:15:00,9696.9,9703.76,9601.53,9607.15,896,169,0,896
2025-01-14 23:30:00,9609.51,9708.86,9599.92,9706.74,898,170,0,898
2025-01-14 23:45:00,9706.78,9710.38,9658.48,9697.42,897,171,0,897
2025-01-15 00:00:00,9698.21,9700.03,9595.85,9647.64,899,169,0,899
2025-01-15 00:15:00,9646.53,9661.97,9580.9,9584.79,898,169,0,898
2025-01-15 00:30:00,9581.42,9607.83,9475.42,9479.82,897,167,0,897
2025-01-15 00:45:00,9480.66,9506.78,9461.72,9476.94,894,167,0,894
2025-01-15 01:00:00,9477.35,9520.42,9406.7,9407.26,897,166,0,897
2025-01-15 01:15:00,9407.88,9435.8,9326.1,9345.17,899,165,0,899
2025-01-15 01:30:00,9343.86,9372.07,9311.38,9321.63,898,164,0,898
2025-01-15 01:45:00,9321.03,9328.8,9284.84,9302.47,898,164,0,898
2025-01-15 02:00:00,9302.28,9353.44,9282.98,9316.68,896,164,0,896
2025-01-15 02:15:00,9316.11,9324.07,9283.3,9313.71,897,164,0,897
2025-01-15 02:30:00,9317.17,9362.03,9311.06,9357.01,900,164,0,900
2025-01-15 02:45:00,9358.0,9365.42,9321.17,9348.29,898,165,0,898
2025-01-15 03:00:00,9349.17,9360.44,9319.32,9353.48,899,165,0,899
2025-01-15 03:15:00,9352.27,9358.15,9268.0,9294.46,898,164,0,898
2025-01-15 03:30:00,9293.21,9361.45,9286.02,9360.41,896,164,0,896
2025-01-15 03:45:00,9358.54,9444.42,9355.61,9427.73,896,165,0,896
2025-01-15 04:00:00,9428.91,9443.33,9406.24,9425.55,898,166,0,898
2025-01-15 04:15:00,9426.88,9481.85,9423.3,9433.06,895,166,0,895
2025-01-15 04:30:00,9432.62,9444.33,9399.77,9422.5,897,166,0,897
2025-01-15 04:45:00,9423.53,9479.36,9408.42,9466.45,898,166,0,898
2025-01-15 05:00:00,9467.47,9488.93,9449.89,9469.51,899,167,0,899
2025-01-15 05:15:00,9469.74,9476.12,9407.11,9441.83,897,166,0,897
2025-01-15 05:30:00,9442.54,9563.82,9434.07,9548.17,897,167,0,897
2025-01-15 05:45:00,9545.26,9573.78,9493.27,9500.29,898,168,0,898
2025-01-15 06:00:00,9498.67,9513.11,9456.31,9507.84,894,167,0,894
2025-01-15 06:15:00,9507.24,9569.97,9495.06,9563.1,897,168,0,897
2025-01-15 06:30:00,9562.16,9596.34,9534.53,9586.74,899,168,0,899
2025-01-15 06:45:00,9587.74,9613.74,9575.66,9581.52,897,169,0,897
2025-01-15 07:00:00,9582.05,9604.2,9571.44,9576.1,899,169,0,899
2025-01-15 07:15:00,9575.59,9579.67,9524.63,9574.92,898,168,0,898
2025-01-15 07:30:00,9574.35,9583.68,9510.19,9539.07,896,168,0,896
2025-01-15 07:45:00,9538.23,9552.47,9514.47,9523.46,898,168,0,898
2025-01-15 08:00:00,9524.56,9536.65,9460.77,9511.3,897,167,0,897
2025-01-15 08:15:00,9511.92,9529.87,9490.67,9503.3,894,168,0,894
2025-01-15 08:30:00,9504.76,9523.55,9414.72,9420.19,898,166,0,898
2025-01-15 08:45:00,9421.59,9451.37,9401.22,9401.5,899,166,0,899
2025-01-15 09:00:00,9399.33,9458.65,9385.62,9445.04,895,166,0,895
2025-01-15 09:15:00,9443.53,9473.93,9432.24,9461.11,900,167,0,900
2025-01-15 09:30:00,9460.49,9505.3,9448.55,9491.09,896,167,0,896
2025-01-15 09:45:00,9490.42,9517.69,9475.72,9491.76,894,167,0,894
2025-01-15 10:00:00,9492.35,9500.02,9413.76,9446.93,898,166,0,898
2025-01-15 10:15:00,9445.44,9455.87,9387.01,9403.89,897,166,0,897
2025-01-15 10:30:00,9404.09,9484.6,9390.33,9470.74,898,166,0,898
2025-01-15 10:45:00,9470.89,9475.72,9420.99,9446.02,898,166,0,898
2025-01-15 11:00:00,9443.47,9457.27,9376.64,9415.38,898,166,0,898
2025-01-15 11:15:00,9415.57,9463.87,9399.23,9414.8,895,166,0,895
2025-01-15 11:30:00,9416.56,9428.89,9397.28,9425.91,898,166,0,898
2025-01-15 11:45:00,9425.63,9429.7,9378.76,9393.24,899,166,0,899
2025-01-15 12:00:00,9394.94,9398.31,9355.57,9389.34,899,165,0,899
2025-01-15 12:15:00,9390.11,9430.64,9337.37,9337.37,898,165,0,898
2025-01-15 12:30:00,9335.97,9381.92,9320.71,9348.84,900,165,0,900
2025-01-15 12:45:00,9349.37,9354.23,9296.43,9311.82,898,164,0,898
2025-01-15 13:00:00,9310.62,9311.33,9191.6,9209.49,898,162,0,898
2025-01-15 13:15:00,9209.18,9217.77,9132.5,9139.65,900,161,0,900
2025-01-15 13:30:00,9139.33,9142.74,9089.28,9089.86,896,160,0,896
2025-01-15 13:45:00,9090.47,9133.19,9085.27,9098.77,898,160,0,898
2025-01-15 14:00:00,9097.23,9156.9,9082.55,9150.01,899,160,0,899
2025-01-15 14:15:00,9151.38,9200.08,9143.12,9147.48,895,161,0,895
2025-01-15 14:30:00,9145.28,9146.97,9084.07,9140.92,897,160,0,897
2025-01-15 14:45:00,9141.1,9155.69,9091.04,9105.12,897,160,0,897
2025-01-15 15:00:00,9105.58,9147.13,9104.13,9123.66,898,161,0,898
2025-01-15 15:15:00,9124.07,9132.0,9074.88,9083.95,899,160,0,899
2025-01-15 15:30:00,9084.3,9096.95,9033.94,9053.13,897,159,0,897
2025-01-15 15:45:00,9052.54,9063.16,9028.46,9028.46,896,159,0,896
2025-01-15 16:00:00,9029.18,9081.19,8972.98,8992.14,896,158,0,896
2025-01-15 16:15:00,8992.64,9020.27,8977.24,9005.81,896,158,0,896
2025-01-15 16:30:00,9005.83,9029.45,8982.97,9029.45,897,159,0,897
2025-01-15 16:45:00,9029.69,9037.6,8987.65,8988.54,899,159,0,899
2025-01-15 17:00:00,8987.2,8987.87,8920.5,8955.92,897,158,0,897
2025-01-15 17:15:00,8955.13,8987.25,8849.25,8851.16,896,156,0,896
2025-01-15 17:30:00,8852.28,8905.29,8837.31,8899.68,893,156,0,893
2025-01-15 17:45:00,8900.51,8910.08,8874.67,8905.38,896,157,0,896
2025-01-15 18:00:00,8904.77,8934.41,8897.88,8906.0,896,157,0,896
2025-01-15 18:15:00,8906.86,8932.5,8898.2,8929.55,898,157,0,898
2025-01-15 18:30:00,8927.61,9021.34,8926.76,9018.86,896,158,0,896
2025-01-15 18:45:00,9020.13,9020.13,8974.06,8995.89,899,158,0,899
2025-01-15 19:00:00,8995.14,9057.94,8986.96,9042.4,897,159,0,897
2025-01-15 19:15:00,9043.03,9057.65,8979.91,9031.64,897,158,0,897
2025-01-15 19:30:00,9031.84,9062.86,9024.34,9039.44,897,159,0,897
2025-01-15 19:45:00,9037.31,9064.76,8989.36,8989.36,896,159,0,896
2025-01-15 20:00:00,8991.06,9021.16,8958.19,8963.82,899,158,0,899
2025-01-15 20:15:00,8961.94,8968.08,8915.23,8932.88,898,157,0,898
2025-01-15 20:30:00,8933.68,8935.64,8860.6,8869.47,898,156,0,898
2025-01-15 20:45:00,8869.18,8872.91,8827.34,8863.12,896,156,0,896
2025-01-15 21:00:00,8861.05,8912.33,8823.25,8911.59,896,156,0,896
2025-01-15 21:15:00,8912.37,8920.12,8850.59,8853.28,895,156,0,895
2025-01-15 21:30:00,8851.76,8899.94,8845.6,8867.8,898,156,0,898
2025-01-15 21:45:00,8869.81,8910.63,8856.09,8896.93,898,156,0,898
2025-01-15 22:00:00,8898.33,8898.33,8837.63,8882.11,896,156,0,896
2025-01-15 22:15:00,8881.29,8901.46,8791.04,8895.67,898,155,0,898
2025-01-15 22:30:00,8895.5,8949.42,8884.34,8947.59,898,157,0,898
2025-01-15 22:45:00,8948.26,9011.91,8946.05,8963.14,892,158,0,892
2025-01-15 23:00:00,8964.45,9024.82,8939.47,9009.52,899,158,0,899
2025-01-15 23:15:00,9008.01,9036.31,8982.54,9022.64,897,159,0,897
2025-01-15 23:30:00,9023.17,9051.46,8997.93,9022.98,896,159,0,896
2025-01-15 23:45:00,9024.1,9114.67,9017.53,9113.08,895,159,0,895
2025-01-16 00:00:00,9111.83,9122.74,9065.08,9110.68,893,160,0,893
2025-01-16 00:15:00,9111.96,9163.41,9098.14,9138.57,896,161,0,896
2025-01-16 00:30:00,9138.66,9165.82,9108.6,9128.92,897,161,0,897
2025-01-16 00:45:00,9129.71,9129.71,9071.56,9102.0,897,160,0,897
2025-01-16 01:00:00,9101.62,9136.53,9055.63,9116.05,898,160,0,898
2025-01-16 01:15:00,9114.11,9166.8,9108.38,9157.41,895,161,0,895
2025-01-16 01:30:00,9158.27,9172.25,9131.09,9170.03,897,161,0,897
2025-01-16 01:45:00,9171.45,9196.94,9134.04,9166.34,899,161,0,899
2025-01-16 02:00:00,9165.46,9211.7,9132.61,9181.16,897,161,0,897
2025-01-16 02:15:00,9179.5,9223.88,9155.27,9167.25,897,162,0,897
2025-01-16 02:30:00,9168.07,9175.32,9110.88,9110.88,896,161,0,896
2025-01-16 02:45:00,9111.18,9115.97,9078.16,9082.63,893,160,0,893
2025-01-16 03:00:00,9082.69,9096.67,9009.78,9033.71,899,159,0,899
2025-01-16 03:15:00,9031.96,9063.14,9014.11,9026.32,898,159,0,898
2025-01-16 03:30:00,9027.18,9043.24,8947.71,8950.58,898,158,0,898
2025-01-16 03:45:00,8949.57,8999.49,8909.58,8939.48,899,157,0,899
2025-01-16 04:00:00,8941.22,8965.62,8885.19,8900.44,898,157,0,898
2025-01-16 04:15:00,8902.19,8919.53,8864.66,8867.49,898,156,0,898
2025-01-16 04:30:00,8867.06,8873.74,8805.36,8817.68,897,155,0,897
2025-01-16 04:45:00,8817.15,8856.38,8812.14,8835.69,898,156,0,898
2025-01-16 05:00:00,8834.79,8851.83,8767.1,8784.61,896,155,0,896
2025-01-16 05:15:00,8783.88,8832.63,8765.37,8829.94,897,155,0,897
2025-01-16 05:30:00,8828.03,8863.1,8820.54,8858.13,898,156,0,898
2025-01-16 05:45:00,8858.23,8878.56,8759.73,8777.35,899,155,0,899
2025-01-16 06:00:00,8777.14,8843.29,8760.6,8828.86,899,155,0,899
2025-01-16 06:15:00,8831.03,8832.54,8754.99,8794.47,895,155,0,895
2025-01-16 06:30:00,8795.54,8809.23,8770.31,8774.8,898,155,0,898
2025-01-16 06:45:00,8774.45,8778.5,8712.63,8724.41,897,154,0,897
2025-01-16 07:00:00,8725.5,8758.76,8707.64,8732.75,898,154,0,898
2025-01-16 07:15:00,8734.26,8734.26,8686.76,8712.66,899,153,0,899
2025-01-16 07:30:00,8714.58,8757.92,8694.97,8737.32,896,154,0,896
2025-01-16 07:45:00,8737.76,8764.59,8736.33,8756.55,895,154,0,895
2025-01-16 08:00:00,8758.1,8768.44,8722.25,8756.98,896,154,0,896
2025-01-16 08:15:00,8758.59,8792.65,8750.55,8757.79,896,155,0,896
2025-01-16 08:30:00,8757.99,8761.58,8658.44,8671.74,897,153,0,897
2025-01-16 08:45:00,8669.79,8705.57,8594.81,8614.52,898,152,0,898
2025-01-16 09:00:00,8614.3,8656.91,8569.81,8574.89,898,151,0,898
2025-01-16 09:15:00,8575.09,8595.19,8536.08,8590.06,897,151,0,897
2025-01-16 09:30:00,8591.09,8620.95,8569.45,8608.14,897,151,0,897
2025-01-16 09:45:00,8608.89,8641.32,8601.28,8636.64,898,152,0,898
2025-01-16 10:00:00,8638.03,8703.29,8627.51,8700.23,898,152,0,898
2025-01-16 10:15:00,8700.74,8765.9,8697.58,8745.31,897,154,0,897
2025-01-16 10:30:00,8746.58,8854.23,8740.38,8853.27,895,154,0,895
2025-01-16 10:45:00,8852.65,8888.35,8837.09,8853.85,898,156,0,898
2025-01-16 11:00:00,8852.25,8873.55,8815.13,8818.67,898,156,0,898
2025-01-16 11:15:00,8816.96,8873.6,8813.55,8859.88,896,156,0,896
2025-01-16 11:30:00,8859.52,8867.89,8824.39,8859.1,900,156,0,900
2025-01-16 11:45:00,8857.99,8903.35,8827.98,8889.92,895,156,0,895
2025-01-16 12:00:00,8889.73,8934.6,8873.79,8934.6,898,157,0,898
2025-01-16 12:15:00,8935.39,8935.39,8875.37,8879.67,899,157,0,899
2025-01-16 12:30:00,8882.56,8911.38,8846.87,8911.38,897,156,0,897
2025-01-16 12:45:00,8911.23,8955.66,8897.65,8943.08,899,157,0,899
2025-01-16 13:00:00,8941.86,8946.82,8917.1,8927.8,895,157,0,895
2025-01-16 13:15:00,8928.25,8943.59,8880.56,8880.56,896,157,0,896
2025-01-16 13:30:00,8881.45,8907.59,8864.54,8890.63,895,157,0,895
2025-01-16 13:45:00,8888.98,8893.73,8786.73,8800.71,897,155,0,897
2025-01-16 14:00:00,8801.15,8872.26,8801.15,8861.39,896,155,0,896
2025-01-16 14:15:00,8861.2,8884.01,8791.75,8793.65,894,155,0,894
2025-01-16 14:30:00,8796.06,8894.49,8796.06,8892.99,898,155,0,898
2025-01-16 14:45:00,8892.56,8900.34,8855.87,8881.44,893,156,0,893
2025-01-16 15:00:00,8882.55,8900.61,8869.83,8884.95,898,157,0,898
2025-01-16 15:15:00,8886.52,8973.33,8879.39,8966.94,898,157,0,898
2025-01-16 15:30:00,8967.37,9012.98,8934.95,9012.32,896,158,0,896
2025-01-16 15:45:00,9012.28,9021.53,8981.72,8992.98,894,159,0,894
2025-01-16 16:00:00,8994.59,9015.0,8979.25,8995.83,896,158,0,896
2025-01-16 16:15:00,8998.5,9017.5,8965.55,9010.63,897,158,0,897
2025-01-16 16:30:00,9011.24,9012.35,8965.73,8967.15,896,158,0,896
2025-01-16 16:45:00,8966.46,8983.11,8947.76,8964.24,896,158,0,896
2025-01-16 17:00:00,8963.9,9022.04,8951.73,8972.17,899,158,0,899
2025-01-16 17:15:00,8970.53,8976.23,8929.06,8951.94,898,158,0,898
2025-01-16 17:30:00,8952.34,8992.07,8948.35,8948.35,896,158,0,896
2025-01-16 17:45:00,8948.04,9037.14,8941.01,9026.81,897,158,0,897
2025-01-16 18:00:00,9027.24,9089.58,9000.02,9082.39,898,159,0,898
2025-01-16 18:15:00,9083.69,9115.59,9076.06,9110.36,897,160,0,897
2025-01-16 18:30:00,9109.08,9169.49,9060.42,9141.72,899,160,0,899
2025-01-16 18:45:00,9140.94,9211.93,9125.35,9189.25,898,161,0,898
2025-01-16 19:00:00,9190.05,9253.3,9173.25,9252.64,897,162,0,897
2025-01-16 19:15:00,9251.64,9300.29,9232.52,9260.95,895,163,0,895
2025-01-16 19:30:00,9261.21,9291.16,9175.48,9176.39,896,162,0,896
2025-01-16 19:45:00,9174.84,9203.22,9158.38,9160.47,899,162,0,899
2025-01-16 20:00:00,9159.27,9166.2,9116.1,9136.9,898,161,0,898
2025-01-16 20:15:00,9137.45,9137.45,9035.66,9044.02,895,160,0,895
2025-01-16 20:30:00,9042.49,9042.49,8993.21,9013.9,897,159,0,897
2025-01-16 20:45:00,9015.76,9087.02,9012.08,9086.69,898,159,0,898
2025-01-16 21:00:00,9086.34,9157.92,9081.98,9146.93,896,160,0,896
2025-01-16 21:15:00,9147.14,9199.96,9123.6,9140.32,893,161,0,893
2025-01-16 21:30:00,9138.34,9168.38,9121.7,9158.96,893,161,0,893
2025-01-16 21:45:00,9156.59,9165.33,9083.7,9084.71,897,160,0,897
2025-01-16 22:00:00,9084.25,9089.03,9004.49,9029.54,899,159,0,899
2025-01-16 22:15:00,9028.01,9048.58,8923.33,8924.45,897,158,0,897
2025-01-16 22:30:00,8923.36,8924.66,8868.45,8891.28,895,157,0,895
2025-01-16 22:45:00,8890.55,8907.99,8867.93,8905.38,897,157,0,897
2025-01-16 23:00:00,8905.63,8937.6,8880.42,8898.01,898,157,0,898
2025-01-16 23:15:00,8898.41,8921.04,8864.01,8867.65,896,156,0,896
2025-01-16 23:30:00,8866.48,8882.41,8818.18,8823.58,898,156,0,898
2025-01-16 23:45:00,8821.72,8895.0,8819.51,8846.64,897,156,0,897
2025-01-17 00:00:00,8846.94,8861.91,8803.09,8806.61,897,155,0,897
2025-01-17 00:15:00,8805.01,8826.79,8780.81,8794.12,897,155,0,897
2025-01-17 00:30:00,8793.14,8805.32,8740.43,8765.09,897,154,0,897
2025-01-17 00:45:00,8763.88,8765.82,8709.81,8719.65,892,154,0,892
2025-01-17 01:00:00,8719.48,8785.21,8692.73,8762.72,898,153,0,898
2025-01-17 01:15:00,8761.77,8817.7,8761.77,8808.1,894,155,0,894
2025-01-17 01:30:00,8807.54,8878.13,8798.08,8853.48,897,155,0,897
2025-01-17 01:45:00,8854.23,8871.34,8809.0,8821.1,898,155,0,898
2025-01-17 02:00:00,8819.51,8868.02,8811.54,8816.98,899,156,0,899
2025-01-17 02:15:00,8818.93,8890.49,8811.68,8875.97,897,156,0,897
2025-01-17 02:30:00,8876.26,8878.3,8822.58,8830.3,896,156,0,896
2025-01-17 02:45:00,8830.35,8838.48,8774.82,8778.3,898,155,0,898
2025-01-17 03:00:00,8780.57,8783.28,8721.79,8741.78,897,154,0,897
2025-01-17 03:15:00,8743.39,8779.84,8727.07,8774.06,896,154,0,896
2025-01-17 03:30:00,8773.43,8785.0,8735.55,8755.99,898,154,0,898
2025-01-17 03:45:00,8756.97,8863.35,8749.52,8863.35,898,154,0,898
2025-01-17 04:00:00,8864.37,8922.58,8860.54,8878.19,899,156,0,899
2025-01-17 04:15:00,8878.47,8920.14,8871.17,8883.88,897,157,0,897
2025-01-17 04:30:00,8883.72,8884.12,8811.0,8815.82,899,156,0,899
2025-01-17 04:45:00,8815.71,8847.73,8812.52,8820.77,893,156,0,893
2025-01-17 05:00:00,8819.85,8849.84,8811.13,8849.17,897,156,0,897
2025-01-17 05:15:00,8849.31,8892.41,8849.31,8881.62,898,156,0,898
2025-01-17 05:30:00,8881.06,8942.15,8877.52,8942.15,897,157,0,897
2025-01-17 05:45:00,8941.82,8969.01,8919.36,8941.8,896,157,0,896
2025-01-17 06:00:00,8942.85,8955.55,8881.87,8915.77,893,157,0,893
2025-01-17 06:15:00,8915.73,9030.99,8906.96,9018.6,896,157,0,896
2025-01-17 06:30:00,9017.18,9040.86,9009.37,9025.67,897,159,0,897
2025-01-17 06:45:00,9024.67,9046.68,8985.41,8992.96,897,159,0,897
2025-01-17 07:00:00,8994.51,9094.31,8992.11,9089.06,897,159,0,897
2025-01-17 07:15:00,9089.57,9127.54,9089.57,9113.6,896,161,0,896
2025-01-17 07:30:00,9112.18,9187.68,9103.13,9158.98,895,161,0,895
2025-01-17 07:45:00,9159.24,9160.08,9090.5,9112.96,894,160,0,894
2025-01-17 08:00:00,9111.81,9158.85,9088.47,9158.85,897,160,0,897
2025-01-17 08:15:00,9158.89,9184.78,9133.25,9167.39,898,161,0,898
2025-01-17 08:30:00,9166.72,9228.89,9147.11,9217.19,896,161,0,896
2025-01-17 08:45:00,9218.21,9221.74,9193.55,9217.2,900,162,0,900
2025-01-17 09:00:00,9219.1,9240.47,9159.27,9159.27,897,162,0,897
2025-01-17 09:15:00,9157.38,9250.76,9153.63,9241.35,897,162,0,897
2025-01-17 09:30:00,9241.85,9279.57,9220.8,9221.38,897,163,0,897
2025-01-17 09:45:00,9223.52,9227.57,9168.06,9176.85,899,162,0,899
2025-01-17 10:00:00,9175.76,9199.1,9101.99,9124.58,896,161,0,896
2025-01-17 10:15:00,9127.09,9191.22,9105.41,9170.51,897,161,0,897
2025-01-17 10:30:00,9170.04,9185.83,9133.15,9173.43,899,161,0,899
2025-01-17 10:45:00,9173.68,9203.3,9150.63,9202.84,899,162,0,899
2025-01-17 11:00:00,9204.11,9225.15,9184.62,9217.9,898,162,0,898
2025-01-17 11:15:00,9218.91,9219.92,9010.63,9045.59,895,159,0,895
2025-01-17 11:30:00,9046.68,9108.85,9040.6,9071.66,897,160,0,897
2025-01-17 11:45:00,9071.13,9130.96,9053.38,9127.2,900,160,0,900
2025-01-17 12:00:00,9127.76,9266.39,9121.38,9253.85,899,161,0,899
2025-01-17 12:15:00,9254.36,9314.1,9239.6,9302.43,895,163,0,895
2025-01-17 12:30:00,9301.79,9317.25,9243.78,9272.9,897,163,0,897
2025-01-17 12:45:00,9272.11,9293.12,9242.85,9247.94,894,163,0,894
2025-01-17 13:00:00,9248.28,9293.2,9245.57,9284.79,893,163,0,893
2025-01-17 13:15:00,9283.5,9383.02,9274.61,9373.9,899,164,0,899
2025-01-17 13:30:00,9373.66,9386.74,9339.77,9354.73,899,165,0,899
2025-01-17 13:45:00,9355.44,9389.45,9345.96,9378.51,898,165,0,898
2025-01-17 14:00:00,9378.01,9423.2,9357.33,9375.08,897,165,0,897
2025-01-17 14:15:00,9374.36,9376.01,9331.89,9342.89,898,165,0,898
2025-01-17 14:30:00,9343.73,9379.87,9302.11,9303.2,899,164,0,899
2025-01-17 14:45:00,9301.69,9302.8,9208.12,9238.31,895,163,0,895
2025-01-17 15:00:00,9238.43,9330.38,9237.32,9295.2,898,163,0,898
2025-01-17 15:15:00,9295.71,9346.21,9283.89,9337.96,896,164,0,896
2025-01-17 15:30:00,9340.27,9379.12,9332.63,9364.7,898,165,0,898
2025-01-17 15:45:00,9365.58,9379.34,9315.56,9351.99,899,164,0,899
2025-01-17 16:00:00,9353.84,9362.58,9305.49,9344.48,898,164,0,898
2025-01-17 16:15:00,9344.56,9372.32,9326.35,9363.87,898,165,0,898
2025-01-17 16:30:00,9363.03,9412.33,9356.47,9406.68,897,165,0,897
2025-01-17 16:45:00,9405.13,9430.69,9362.07,9382.56,898,165,0,898
2025-01-17 17:00:00,9382.48,9419.02,9373.2,9402.08,896,165,0,896
2025-01-17 17:15:00,9400.3,9446.66,9382.3,9442.88,896,166,0,896
2025-01-17 17:30:00,9442.21,9474.59,9414.51,9472.87,898,166,0,898
2025-01-17 17:45:00,9471.04,9554.96,9443.33,9549.7,898,167,0,898
2025-01-17 18:00:00,9547.02,9580.55,9518.74,9566.05,899,168,0,899
2025-01-17 18:15:00,9565.14,9595.35,9555.91,9579.28,899,169,0,899
2025-01-17 18:30:00,9579.43,9597.75,9518.78,9587.85,897,168,0,897
2025-01-17 18:45:00,9586.46,9588.81,9524.02,9570.81,900,168,0,900
2025-01-17 19:00:00,9569.72,9607.72,9539.43,9580.36,895,168,0,895
2025-01-17 19:15:00,9579.72,9613.88,9558.58,9612.32,897,169,0,897
2025-01-17 19:30:00,9613.37,9635.62,9551.52,9574.88,896,169,0,896
2025-01-17 19:45:00,9574.83,9602.67,9533.15,9556.38,895,168,0,895
2025-01-17 20:00:00,9557.08,9572.2,9533.81,9551.24,898,168,0,898
2025-01-17 20:15:00,9551.39,9577.95,9538.11,9559.41,899,168,0,899
2025-01-17 20:30:00,9560.26,9595.38,9550.58,9569.11,899,169,0,899
2025-01-17 20:45:00,9566.75,9612.84,9548.41,9612.55,898,169,0,898
2025-01-17 21:00:00,9612.28,9642.99,9587.62,9604.9,896,169,0,896
2025-01-17 21:15:00,9604.58,9622.14,9589.73,9604.6,893,169,0,893
2025-01-17 21:30:00,9606.27,9674.73,9600.74,9650.11,899,170,0,899
2025-01-17 21:45:00,9650.77,9723.64,9648.86,9708.23,898,170,0,898
2025-01-17 22:00:00,9708.44,9727.97,9671.01,9672.12,897,171,0,897
2025-01-17 22:15:00,9671.04,9674.36,9530.67,9567.44,894,168,0,894
2025-01-17 22:30:00,9568.38,9575.77,9532.58,9537.16,897,168,0,897
2025-01-17 22:45:00,9536.77,9541.88,9461.11,9463.05,897,167,0,897
2025-01-17 23:00:00,9463.93,9503.8,9439.49,9445.27,899,167,0,899
2025-01-17 23:15:00,9442.52,9535.06,9441.91,9523.68,898,167,0,898
2025-01-17 23:30:00,9523.65,9569.0,9507.63,9556.02,897,168,0,897
2025-01-17 23:45:00,9554.82,9564.84,9482.15,9508.17,897,167,0,897
2025-01-18 00:00:00,9510.01,9510.01,9393.77,9399.02,895,166,0,895
2025-01-18 00:15:00,9399.93,9412.51,9336.59,9361.07,899,165,0,899
2025-01-18 00:30:00,9360.8,9365.67,9303.81,9345.81,900,164,0,900
2025-01-18 00:45:00,9346.0,9353.06,9296.11,9325.49,895,164,0,895
2025-01-18 01:00:00,9324.66,9338.18,9253.3,9253.3,898,163,0,898
2025-01-18 01:15:00,9253.79,9285.9,9238.8,9274.08,897,163,0,897
2025-01-18 01:30:00,9274.8,9283.24,9214.26,9258.5,897,163,0,897
2025-01-18 01:45:00,9259.84,9305.95,9246.22,9303.46,900,163,0,900
2025-01-18 02:00:00,9303.68,9342.07,9286.79,9286.79,897,164,0,897
2025-01-18 02:15:00,9287.17,9308.62,9260.1,9287.48,897,163,0,897
2025-01-18 02:30:00,9288.66,9353.45,9282.86,9295.39,898,164,0,898
2025-01-18 02:45:00,9296.22,9377.08,9289.97,9369.83,894,164,0,894
2025-01-18 03:00:00,9369.13,9371.56,9294.41,9346.35,895,164,0,895
2025-01-18 03:15:00,9346.45,9371.37,9318.43,9362.06,898,164,0,898
2025-01-18 03:30:00,9363.49,9409.73,9359.42,9380.94,897,165,0,897
2025-01-18 03:45:00,9381.29,9383.48,9335.03,9346.39,896,165,0,896
2025-01-18 04:00:00,9345.88,9349.88,9247.62,9258.27,900,163,0,900
2025-01-18 04:15:00,9258.0,9353.63,9257.75,9320.02,897,163,0,897
2025-01-18 04:30:00,9320.15,9352.29,9273.99,9285.63,900,164,0,900
2025-01-18 04:45:00,9286.29,9293.87,9208.85,9221.31,896,163,0,896
2025-01-18 05:00:00,9220.35,9237.72,9197.83,9207.93,896,162,0,896
2025-01-18 05:15:00,9207.33,9231.39,9179.0,9216.83,899,162,0,899
2025-01-18 05:30:00,9216.24,9235.21,9119.87,9124.63,898,161,0,898
2025-01-18 05:45:00,9125.17,9137.96,9026.34,9026.34,896,159,0,896
2025-01-18 06:00:00,9027.16,9037.24,8998.43,9019.41,896,159,0,896
2025-01-18 06:15:00,9018.65,9038.27,8992.43,9007.99,894,159,0,894
2025-01-18 06:30:00,9007.26,9014.98,8916.43,8967.83,895,157,0,895
2025-01-18 06:45:00,8967.96,9046.18,8963.84,9023.6,899,158,0,899
2025-01-18 07:00:00,9023.66,9076.49,9011.92,9059.47,898,159,0,898
2025-01-18 07:15:00,9059.24,9073.56,9040.37,9068.43,896,160,0,896
2025-01-18 07:30:00,9067.86,9072.27,8862.37,8869.66,895,156,0,895
2025-01-18 07:45:00,8871.32,8965.68,8869.08,8963.45,898,157,0,898
2025-01-18 08:00:00,8963.21,8973.58,8934.4,8942.83,896,158,0,896
2025-01-18 08:15:00,8943.55,8946.16,8869.73,8884.27,897,157,0,897
2025-01-18 08:30:00,8883.77,8884.37,8794.82,8849.87,896,155,0,896
2025-01-18 08:45:00,8850.39,8932.5,8830.72,8924.68,895,156,0,895
2025-01-18 09:00:00,8925.47,8930.56,8888.17,8925.4,897,157,0,897
2025-01-18 09:15:00,8924.58,8948.05,8890.5,8927.38,897,157,0,897
2025-01-18 09:30:00,8925.39,8957.74,8859.18,8864.31,900,156,0,900
2025-01-18 09:45:00,8862.67,8905.27,8841.15,8843.22,897,156,0,897
2025-01-18 10:00:00,8843.67,8869.71,8816.56,8842.09,896,156,0,896
2025-01-18 10:15:00,8844.99,8857.95,8820.21,8825.7,898,156,0,898
2025-01-18 10:30:00,8825.89,8857.34,8791.61,8846.95,896,155,0,896
2025-01-18 10:45:00,8846.19,8864.14,8830.35,8854.06,897,156,0,897
2025-01-18 11:00:00,8855.32,8875.66,8827.13,8872.84,898,156,0,898
2025-01-18 11:15:00,8872.51,8886.44,8849.05,8878.53,897,156,0,897
2025-01-18 11:30:00,8879.48,8886.36,8851.44,8853.86,898,156,0,898
2025-01-18 11:45:00,8852.8,8852.8,8760.43,8765.73,900,155,0,900
2025-01-18 12:00:00,8766.97,8785.28,8743.58,8758.28,897,154,0,897
2025-01-18 12:15:00,8759.41,8762.07,8708.14,8720.08,896,154,0,896
2025-01-18 12:30:00,8719.07,8782.36,8691.16,8782.36,899,153,0,899
2025-01-18 12:45:00,8781.87,8798.9,8709.1,8725.51,895,154,0,895
2025-01-18 13:00:00,8726.26,8752.74,8695.0,8714.52,897,153,0,897
2025-01-18 13:15:00,8716.32,8764.17,8706.47,8744.76,898,154,0,898
2025-01-18 13:30:00,8745.88,8772.58,8739.2,8760.52,899,154,0,899
2025-01-18 13:45:00,8760.25,8763.65,8712.33,8739.4,895,154,0,895
2025-01-18 14:00:00,8740.92,8795.41,8740.46,8786.42,897,154,0,897
2025-01-18 14:15:00,8785.65,8813.71,8770.13,8793.51,898,155,0,898
2025-01-18 14:30:00,8794.24,8800.7,8761.42,8763.71,898,155,0,898
2025-01-18 14:45:00,8764.63,8776.91,8689.6,8691.52,893,153,0,893
2025-01-18 15:00:00,8691.24,8692.96,8626.9,8645.94,899,152,0,899
2025-01-18 15:15:00,8644.76,8740.26,8624.92,8737.59,897,152,0,897
2025-01-18 15:30:00,8738.7,8739.86,8678.08,8678.29,899,153,0,899
2025-01-18 15:45:00,8680.01,8683.58,8614.96,8656.21,899,152,0,899
2025-01-18 16:00:00,8656.24,8671.47,8634.73,8653.73,897,152,0,897
2025-01-18 16:15:00,8652.19,8743.89,8635.35,8709.43,897,152,0,897
2025-01-18 16:30:00,8707.64,8717.53,8663.75,8667.22,900,153,0,900
2025-01-18 16:45:00,8668.39,8677.87,8625.8,8654.33,896,152,0,896
2025-01-18 17:00:00,8655.25,8689.95,8645.7,8668.45,898,153,0,898
2025-01-18 17:15:00,8667.26,8749.14,8666.03,8724.26,895,153,0,895
2025-01-18 17:30:00,8722.66,8734.83,8619.27,8656.43,895,152,0,895
2025-01-18 17:45:00,8655.74,8724.26,8647.49,8723.96,897,153,0,897
2025-01-18 18:00:00,8722.56,8837.11,8717.63,8767.12,897,154,0,897
2025-01-18 18:15:00,8767.91,8778.66,8740.49,8762.59,896,154,0,896
2025-01-18 18:30:00,8761.63,8791.96,8743.92,8778.44,898,154,0,898
2025-01-18 18:45:00,8778.85,8781.79,8732.57,8758.02,894,154,0,894
2025-01-18 19:00:00,8760.34,8795.25,8745.42,8779.95,899,154,0,899
2025-01-18 19:15:00,8779.96,8829.89,8752.73,8758.47,892,155,0,892
2025-01-18 19:30:00,8757.64,8805.72,8751.73,8799.29,898,154,0,898
2025-01-18 19:45:00,8801.15,8805.52,8760.53,8766.35,897,155,0,897
2025-01-18 20:00:00,8767.92,8815.56,8760.38,8770.09,898,155,0,898
2025-01-18 20:15:00,8769.55,8801.47,8746.39,8766.79,897,154,0,897
2025-01-18 20:30:00,8767.73,8811.68,8751.33,8803.86,898,154,0,898
2025-01-18 20:45:00,8803.3,8812.61,8746.02,8762.25,898,154,0,898
2025-01-18 21:00:00,8761.38,8771.94,8686.81,8697.28,896,153,0,896
2025-01-18 21:15:00,8698.27,8753.58,8685.08,8749.95,897,153,0,897
2025-01-18 21:30:00,8750.44,8785.48,8725.52,8781.06,896,154,0,896
2025-01-18 21:45:00,8782.23,8820.68,8779.46,8786.65,899,155,0,899
2025-01-18 22:00:00,8786.15,8787.62,8729.14,8755.26,895,154,0,895
2025-01-18 22:15:00,8753.9,8785.12,8731.7,8748.54,899,154,0,899
2025-01-18 22:30:00,8748.86,8780.92,8736.45,8777.16,897,154,0,897
2025-01-18 22:45:00,8777.18,8836.39,8756.51,8822.6,897,155,0,897
2025-01-18 23:00:00,8821.56,8925.39,8809.04,8924.34,899,156,0,899
2025-01-18 23:15:00,8922.64,9009.53,8916.5,8979.56,895,158,0,895
2025-01-18 23:30:00,8980.37,8992.17,8924.35,8938.24,898,158,0,898
2025-01-18 23:45:00,8937.78,8952.67,8917.28,8933.86,895,157,0,895
2025-01-19 00:00:00,8935.61,9017.96,8931.99,9017.25,895,158,0,895
2025-01-19 00:15:00,9017.82,9021.47,8973.28,8989.79,894,158,0,894
2025-01-19 00:30:00,8991.36,8997.32,8956.72,8983.27,899,158,0,899
2025-01-19 00:45:00,8983.66,9025.41,8973.66,9020.33,900,158,0,900
2025-01-19 01:00:00,9022.6,9022.6,8918.42,8959.1,897,157,0,897
2025-01-19 01:15:00,8957.32,8994.19,8955.27,8981.86,859,158,0,859
2025-01-19 01:30:00,8989.01,9003.26,8959.11,8979.85,721,158,0,721
2025-01-19 01:45:00,8977.38,9064.57,8965.34,9041.09,898,158,0,898
2025-01-19 02:00:00,9042.05,9095.92,9039.96,9062.04,898,160,0,898
2025-01-19 02:15:00,9061.36,9066.3,9016.56,9026.73,897,159,0,897
2025-01-19 02:30:00,9026.8,9092.55,9015.86,9078.55,897,159,0,897
2025-01-19 02:45:00,9075.04,9075.04,9010.35,9012.68,897,159,0,897
2025-01-19 03:00:00,9013.09,9020.29,8989.41,9003.86,897,159,0,897
2025-01-19 03:15:00,9003.96,9013.87,8949.87,8952.63,894,158,0,894
2025-01-19 03:30:00,8951.33,8956.36,8856.27,8863.47,898,156,0,898
2025-01-19 03:45:00,8863.96,8891.78,8787.84,8790.54,893,155,0,893
2025-01-19 04:00:00,8790.23,8835.83,8785.42,8820.3,895,155,0,895
2025-01-19 04:15:00,8819.16,8853.17,8739.86,8740.59,899,154,0,899
2025-01-19 04:30:00,8742.57,8754.75,8715.88,8740.45,900,154,0,900
2025-01-19 04:45:00,8739.16,8740.18,8700.22,8715.94,897,154,0,897
2025-01-19 05:00:00,8715.72,8745.47,8694.99,8708.56,897,154,0,897
2025-01-19 05:15:00,8707.84,8724.8,8684.09,8694.64,899,153,0,899
2025-01-19 05:30:00,8693.56,8697.51,8640.39,8661.77,897,152,0,897
2025-01-19 05:45:00,8661.99,8666.14,8604.32,8644.0,897,152,0,897
2025-01-19 06:00:00,8643.38,8643.9,8588.14,8632.13,899,152,0,899
2025-01-19 06:15:00,8632.15,8635.24,8597.82,8625.77,899,152,0,899
2025-01-19 06:30:00,8626.11,8647.19,8614.6,8638.18,894,152,0,894
2025-01-19 06:45:00,8638.08,8661.37,8614.22,8646.24,895,152,0,895
2025-01-19 07:00:00,8645.51,8651.39,8573.48,8583.1,897,151,0,897
2025-01-19 07:15:00,8582.02,8628.04,8568.53,8627.03,898,151,0,898
2025-01-19 07:30:00,8627.69,8636.27,8538.27,8545.36,899,151,0,899
2025-01-19 07:45:00,8545.54,8555.57,8522.44,8525.78,896,150,0,896
2025-01-19 08:00:00,8525.74,8528.6,8385.09,8403.74,895,148,0,895
2025-01-19 08:15:00,8405.19,8424.55,8378.14,8411.99,897,148,0,897
2025-01-19 08:30:00,8412.27,8482.1,8412.27,8471.28,894,148,0,894
2025-01-19 08:45:00,8470.33,8502.24,8463.28,8502.24,897,149,0,897
2025-01-19 09:00:00,8502.65,8524.32,8372.55,8377.12,896,148,0,896
2025-01-19 09:15:00,8378.43,8455.18,8374.19,8445.09,898,148,0,898
2025-01-19 09:30:00,8446.13,8479.95,8441.4,8467.3,896,149,0,896
2025-01-19 09:45:00,8467.62,8499.74,8462.91,8486.39,892,149,0,892
2025-01-19 10:00:00,8484.25,8524.88,8468.16,8499.07,899,149,0,899
2025-01-19 10:15:00,8499.68,8537.05,8494.44,8527.68,896,150,0,896
2025-01-19 10:30:00,8527.71,8585.64,8499.28,8569.87,898,150,0,898
2025-01-19 10:45:00,8570.14,8589.22,8536.35,8547.3,900,151,0,900
2025-01-19 11:00:00,8547.98,8556.26,8512.77,8524.71,896,150,0,896
2025-01-19 11:15:00,8524.08,8561.2,8507.4,8533.56,898,150,0,898
2025-01-19 11:30:00,8533.73,8602.12,8517.86,8533.96,896,150,0,896
2025-01-19 11:45:00,8534.84,8535.12,8488.55,8513.98,896,150,0,896
2025-01-19 12:00:00,8512.72,8515.04,8465.14,8485.57,895,149,0,895
2025-01-19 12:15:00,8484.77,8520.81,8462.76,8470.45,898,149,0,898
2025-01-19 12:30:00,8472.52,8522.6,8463.03,8515.51,898,149,0,898
2025-01-19 12:45:00,8514.08,8539.43,8451.58,8479.37,897,149,0,897
2025-01-19 13:00:00,8477.65,8532.56,8467.55,8532.39,891,149,0,891
2025-01-19 13:15:00,8530.58,8549.56,8506.9,8537.64,896,150,0,896
2025-01-19 13:30:00,8538.95,8623.38,8520.01,8589.48,895,150,0,895
2025-01-19 13:45:00,8588.02,8642.44,8564.95,8608.64,895,151,0,895
2025-01-19 14:00:00,8611.18,8646.46,8599.51,8611.8,894,152,0,894
2025-01-19 14:15:00,8611.39,8612.01,8520.48,8584.02,899,150,0,899
2025-01-19 14:30:00,8585.06,8627.93,8579.74,8613.26,897,151,0,897
2025-01-19 14:45:00,8614.12,8753.99,8609.31,8725.94,897,152,0,897
2025-01-19 15:00:00,8726.64,8792.34,8722.05,8792.34,893,154,0,893
2025-01-19 15:15:00,8791.24,8824.68,8756.6,8801.82,898,155,0,898
2025-01-19 15:30:00,8801.71,8839.5,8780.59,8811.6,896,155,0,896
2025-01-19 15:45:00,8811.58,8823.9,8776.55,8777.99,897,155,0,897
2025-01-19 16:00:00,8778.02,8788.91,8687.16,8695.6,899,153,0,899
2025-01-19 16:15:00,8694.42,8707.51,8658.71,8704.93,898,153,0,898
2025-01-19 16:30:00,8707.27,8737.17,8690.73,8703.55,896,153,0,896
2025-01-19 16:45:00,8704.62,8710.78,8639.06,8645.52,893,152,0,893
2025-01-19 17:00:00,8646.8,8648.42,8527.37,8536.99,897,150,0,897
2025-01-19 17:15:00,8537.47,8565.0,8507.87,8509.93,893,150,0,893
2025-01-19 17:30:00,8511.1,8555.54,8503.49,8542.5,896,150,0,896
2025-01-19 17:45:00,8541.48,8551.82,8488.58,8542.26,899,150,0,899
2025-01-19 18:00:00,8543.4,8553.49,8509.39,8527.0,893,150,0,893
2025-01-19 18:15:00,8527.76,8546.47,8476.11,8485.78,899,150,0,899
2025-01-19 18:30:00,8485.27,8500.84,8448.68,8484.59,896,149,0,896
2025-01-19 18:45:00,8484.69,8524.87,8464.36,8511.25,897,149,0,897
2025-01-19 19:00:00,8508.74,8557.13,8486.22,8506.34,899,150,0,899
2025-01-19 19:15:00,8506.55,8550.83,8502.26,8539.26,898,150,0,898
2025-01-19 19:30:00,8539.02,8579.17,8531.75,8565.44,896,151,0,896
2025-01-19 19:45:00,8565.53,8566.24,8522.44,8540.6,894,150,0,894
2025-01-19 20:00:00,8541.07,8581.53,8513.25,8524.25,894,150,0,894
2025-01-19 20:15:00,8524.87,8545.79,8505.02,8545.36,897,150,0,897
2025-01-19 20:30:00,8544.95,8595.11,8515.53,8573.61,897,150,0,897
2025-01-19 20:45:00,8575.18,8595.91,8539.51,8579.92,896,151,0,896
2025-01-19 21:00:00,8581.46,8590.62,8547.82,8559.97,893,151,0,893
2025-01-19 21:15:00,8560.66,8566.22,8526.34,8550.19,896,150,0,896
2025-01-19 21:30:00,8551.57,8554.95,8508.75,8520.83,895,150,0,895
2025-01-19 21:45:00,8520.04,8532.66,8498.01,8524.58,899,150,0,899
2025-01-19 22:00:00,8525.99,8546.35,8501.03,8540.48,894,150,0,894
2025-01-19 22:15:00,8542.49,8626.92,8537.01,8625.71,899,151,0,899
2025-01-19 22:30:00,8628.2,8650.52,8601.45,8601.45,897,152,0,897
2025-01-19 22:45:00,8601.26,8633.4,8594.58,8633.4,898,152,0,898
2025-01-19 23:00:00,8635.03,8652.49,8599.58,8639.17,898,152,0,898
2025-01-19 23:15:00,8639.83,8677.03,8635.6,8641.56,898,152,0,898
2025-01-19 23:30:00,8642.26,8658.99,8600.28,8654.55,900,152,0,900
2025-01-19 23:45:00,8657.18,8665.88,8568.48,8571.82,899,151,0,899
2025-01-20 00:00:00,8572.72,8588.96,8557.98,8578.17,897,151,0,897
2025-01-20 00:15:00,8577.09,8724.97,8573.23,8719.99,900,151,0,900
2025-01-20 00:30:00,8719.81,8748.52,8715.26,8733.02,897,154,0,897
2025-01-20 00:45:00,8732.99,8853.43,8723.81,8833.91,896,154,0,896
2025-01-20 01:00:00,8834.76,8843.36,8807.41,8825.69,895,155,0,895
2025-01-20 01:15:00,8825.83,8903.63,8824.08,8898.46,900,156,0,900
2025-01-20 01:30:00,8899.1,8932.14,8861.61,8862.78,898,156,0,898
2025-01-20 01:45:00,8860.53,8891.18,8835.54,8889.39,897,156,0,897
2025-01-20 02:00:00,8889.39,8914.91,8814.51,8823.25,897,156,0,897
2025-01-20 02:15:00,8825.46,8827.53,8770.01,8771.09,894,155,0,894
2025-01-20 02:30:00,8770.74,8785.1,8712.48,8721.04,898,154,0,898
2025-01-20 02:45:00,8719.85,8720.05,8663.69,8666.32,898,153,0,898
2025-01-20 03:00:00,8665.86,8696.76,8581.93,8589.64,900,151,0,900
2025-01-20 03:15:00,8588.31,8605.4,8560.43,8579.84,900,151,0,900
2025-01-20 03:30:00,8579.36,8580.35,8495.87,8495.87,897,150,0,897
2025-01-20 03:45:00,8495.88,8500.78,8366.9,8391.72,897,148,0,897
2025-01-20 04:00:00,8393.76,8396.24,8363.91,8378.64,899,148,0,899
2025-01-20 04:15:00,8377.36,8404.0,8334.34,8404.0,898,147,0,898
2025-01-20 04:30:00,8405.52,8445.27,8386.35,8431.66,897,148,0,897
2025-01-20 04:45:00,8432.45,8432.45,8342.22,8357.47,897,147,0,897
2025-01-20 05:00:00,8356.51,8369.18,8329.88,8358.14,897,147,0,897
2025-01-20 05:15:00,8358.78,8444.83,8347.22,8413.59,895,147,0,895
2025-01-20 05:30:00,8413.33,8419.19,8380.71,8408.91,897,148,0,897
2025-01-20 05:45:00,8409.15,8461.38,8403.53,8458.2,898,148,0,898
2025-01-20 06:00:00,8458.02,8472.48,8427.59,8432.44,897,149,0,897
2025-01-20 06:15:00,8433.87,8501.55,8405.95,8481.54,895,148,0,895
2025-01-20 06:30:00,8482.2,8509.21,8458.7,8499.31,896,149,0,896
2025-01-20 06:45:00,8498.4,8513.65,8465.72,8485.45,895,149,0,895
2025-01-20 07:00:00,8484.94,8511.89,8464.58,8509.04,898,149,0,898
2025-01-20 07:15:00,8506.77,8510.57,8457.54,8483.48,898,149,0,898
2025-01-20 07:30:00,8485.53,8512.91,8461.83,8470.23,896,149,0,896
2025-01-20 07:45:00,8466.82,8494.87,8453.33,8492.13,899,149,0,899
2025-01-20 08:00:00,8490.52,8536.42,8483.93,8518.64,900,150,0,900
2025-01-20 08:15:00,8519.61,8521.78,8458.31,8469.42,899,149,0,899
2025-01-20 08:30:00,8469.91,8525.65,8454.77,8455.74,897,149,0,897
2025-01-20 08:45:00,8453.83,8462.12,8401.82,8440.03,900,148,0,900
2025-01-20 09:00:00,8439.48,8468.3,8429.08,8445.48,899,149,0,899
2025-01-20 09:15:00,8447.81,8477.94,8436.54,8467.63,899,149,0,899
2025-01-20 09:30:00,8468.37,8472.79,8431.88,8465.3,896,149,0,896
2025-01-20 09:45:00,8466.14,8479.25,8426.89,8432.28,896,149,0,896
2025-01-20 10:00:00,8431.7,8445.56,8375.61,8394.0,898,148,0,898
2025-01-20 10:15:00,8393.81,8406.56,8368.8,8383.45,894,148,0,894
2025-01-20 10:30:00,8383.44,8403.19,8360.39,8363.96,897,148,0,897
2025-01-20 10:45:00,8363.58,8388.94,8357.07,8371.64,898,148,0,898
2025-01-20 11:00:00,8371.38,8377.43,8328.69,8331.3,897,147,0,897
2025-01-20 11:15:00,8331.08,8362.16,8317.44,8349.68,898,147,0,898
2025-01-20 11:30:00,8349.25,8369.02,8331.09,8335.89,896,147,0,896
2025-01-20 11:45:00,8336.45,8374.39,8286.55,8295.8,897,146,0,897
2025-01-20 12:00:00,8294.43,8325.65,8276.96,8299.44,897,146,0,897
2025-01-20 12:15:00,8300.98,8316.85,8249.33,8249.33,895,146,0,895
2025-01-20 12:30:00,8249.6,8250.05,8197.6,8219.52,896,145,0,896
2025-01-20 12:45:00,8220.6,8276.12,8211.3,8266.6,897,145,0,897
2025-01-20 13:00:00,8266.79,8334.71,8256.48,8328.05,897,146,0,897
2025-01-20 13:15:00,8327.61,8378.44,8301.86,8369.88,895,147,0,895
2025-01-20 13:30:00,8368.23,8371.15,8325.25,8352.87,896,147,0,896
2025-01-20 13:45:00,8353.45,8406.09,8326.98,8403.7,900,147,0,900
2025-01-20 14:00:00,8403.84,8420.09,8386.2,8412.9,900,148,0,900
2025-01-20 14:15:00,8410.81,8561.34,8409.81,8533.92,897,148,0,897
2025-01-20 14:30:00,8534.3,8535.06,8429.03,8431.77,898,149,0,898
2025-01-20 14:45:00,8433.5,8440.58,8395.47,8399.96,899,148,0,899
2025-01-20 15:00:00,8400.96,8474.05,8373.39,8465.53,899,148,0,899
2025-01-20 15:15:00,8465.13,8482.08,8400.04,8406.26,896,148,0,896
2025-01-20 15:30:00,8405.61,8416.17,8367.28,8372.86,896,148,0,896
2025-01-20 15:45:00,8373.46,8397.99,8333.44,8335.09,893,147,0,893
2025-01-20 16:00:00,8335.93,8413.29,8335.93,8396.95,896,147,0,896
2025-01-20 16:15:00,8397.51,8412.54,8374.31,8399.72,898,148,0,898
2025-01-20 16:30:00,8399.19,8436.4,8393.98,8421.31,898,148,0,898
2025-01-20 16:45:00,8422.37,8426.13,8381.73,8386.14,898,148,0,898
2025-01-20 17:00:00,8385.72,8413.73,8376.44,8395.46,897,148,0,897
2025-01-20 17:15:00,8396.4,8427.96,8368.83,8370.49,897,148,0,897
2025-01-20 17:30:00,8370.5,8387.06,8351.66,8371.81,898,147,0,898
2025-01-20 17:45:00,8372.74,8411.75,8332.42,8360.09,896,147,0,896
2025-01-20 18:00:00,8361.1,8375.14,8313.81,8322.06,896,147,0,896
2025-01-20 18:15:00,8324.18,8370.77,8303.15,8361.8,895,147,0,895
2025-01-20 18:30:00,8363.84,8364.65,8294.99,8301.26,899,146,0,899
2025-01-20 18:45:00,8299.5,8340.74,8277.37,8289.99,894,146,0,894
2025-01-20 19:00:00,8289.21,8313.53,8280.15,8303.64,899,146,0,899
2025-01-20 19:15:00,8303.95,8374.3,8286.92,8374.3,898,146,0,898
2025-01-20 19:30:00,8376.21,8444.68,8359.72,8437.49,898,148,0,898
2025-01-20 19:45:00,8436.5,8457.01,8419.52,8433.47,900,149,0,900
2025-01-20 20:00:00,8433.89,8446.71,8360.21,8413.9,895,148,0,895
2025-01-20 20:15:00,8413.54,8448.97,8394.99,8404.7,900,148,0,900
2025-01-20 20:30:00,8404.56,8428.23,8362.46,8387.53,900,148,0,900
2025-01-20 20:45:00,8387.6,8419.53,8356.02,8372.95,897,147,0,897
2025-01-20 21:00:00,8373.11,8427.1,8354.17,8374.5,897,148,0,897
2025-01-20 21:15:00,8374.62,8386.69,8355.98,8375.31,899,147,0,899
2025-01-20 21:30:00,8375.12,8411.69,8361.47,8398.71,899,148,0,899
2025-01-20 21:45:00,8397.84,8424.67,8353.38,8356.76,896,147,0,896
2025-01-20 22:00:00,8358.19,8368.84,8293.63,8305.78,893,146,0,893
2025-01-20 22:15:00,8302.88,8389.92,8299.42,8386.67,898,146,0,898
2025-01-20 22:30:00,8386.53,8397.2,8358.05,8384.73,900,147,0,900
2025-01-20 22:45:00,8384.33,8391.67,8314.86,8327.78,898,147,0,898
2025-01-20 23:00:00,8327.73,8335.67,8250.33,8281.44,898,146,0,898
2025-01-20 23:15:00,8281.46,8291.52,8224.46,8225.17,895,145,0,895
2025-01-20 23:30:00,8227.03,8262.41,8220.57,8234.19,898,145,0,898
2025-01-20 23:45:00,8233.71,8255.72,8200.73,8242.36,896,145,0,896
2025-01-21 00:00:00,8241.45,8269.18,8228.97,8259.49,899,145,0,899
2025-01-21 00:15:00,8258.26,8277.36,8223.84,8250.83,897,145,0,897
2025-01-21 00:30:00,8251.3,8257.29,8200.39,8212.0,899,145,0,899
2025-01-21 00:45:00,8213.06,8252.75,8206.64,8247.8,897,145,0,897
2025-01-21 01:00:00,8248.52,8293.55,8236.14,8277.85,896,145,0,896
2025-01-21 01:15:00,8276.13,8303.63,8275.47,8275.47,900,146,0,900
2025-01-21 01:30:00,8276.3,8290.67,8257.2,8262.77,899,146,0,899
2025-01-21 01:45:00,8262.22,8265.95,8159.01,8209.82,896,144,0,896
2025-01-21 02:00:00,8210.14,8250.98,8169.09,8246.75,897,144,0,897
2025-01-21 02:15:00,8247.06,8304.42,8243.83,8277.34,896,145,0,896
2025-01-21 02:30:00,8276.92,8284.25,8242.88,8268.32,897,145,0,897
2025-01-21 02:45:00,8270.16,8317.06,8262.56,8284.61,898,146,0,898
2025-01-21 03:00:00,8283.47,8361.98,8283.47,8314.97,898,146,0,898
2025-01-21 03:15:00,8314.96,8317.53,8274.1,8305.1,897,146,0,897
2025-01-21 03:30:00,8306.5,8312.19,8261.77,8267.41,897,146,0,897
2025-01-21 03:45:00,8267.66,8356.59,8256.29,8350.5,897,146,0,897
2025-01-21 04:00:00,8352.12,8402.97,8333.56,8400.14,898,147,0,898
2025-01-21 04:15:00,8399.71,8412.78,8342.0,8350.01,894,147,0,894
2025-01-21 04:30:00,8349.35,8398.02,8347.07,8365.99,898,147,0,898
2025-01-21 04:45:00,8365.54,8445.85,8364.49,8435.27,895,148,0,895
2025-01-21 05:00:00,8437.51,8479.09,8434.95,8461.83,897,149,0,897
2025-01-21 05:15:00,8461.92,8488.61,8440.22,8448.68,900,149,0,900
2025-01-21 05:30:00,8447.96,8479.99,8412.88,8466.47,899,148,0,899
2025-01-21 05:45:00,8467.49,8477.13,8380.65,8387.6,897,148,0,897
2025-01-21 06:00:00,8387.38,8512.86,8373.04,8501.64,897,148,0,897
2025-01-21 06:15:00,8501.74,8507.51,8436.72,8447.83,900,149,0,900
2025-01-21 06:30:00,8448.47,8448.47,8367.84,8391.27,896,148,0,896
2025-01-21 06:45:00,8391.29,8409.89,8320.16,8409.17,900,147,0,900
2025-01-21 07:00:00,8410.41,8456.05,8377.22,8395.49,900,148,0,900
2025-01-21 07:15:00,8395.71,8424.03,8384.91,8388.45,897,148,0,897
2025-01-21 07:30:00,8388.45,8420.4,8375.78,8413.53,897,148,0,897
2025-01-21 07:45:00,8413.52,8465.74,8407.79,8426.49,899,148,0,899
2025-01-21 08:00:00,8426.03,8466.02,8404.98,8417.49,896,148,0,896
2025-01-21 08:15:00,8414.9,8449.35,8400.79,8414.29,898,148,0,898
2025-01-21 08:30:00,8415.43,8528.08,8415.15,8492.64,896,149,0,896
2025-01-21 08:45:00,8491.5,8571.17,8489.48,8552.21,897,150,0,897
2025-01-21 09:00:00,8553.51,8571.17,8509.88,8535.2,898,150,0,898
2025-01-21 09:15:00,8536.9,8590.82,8527.63,8561.27,898,150,0,898
2025-01-21 09:30:00,8561.11,8565.8,8520.29,8538.12,897,150,0,897
2025-01-21 09:45:00,8538.4,8558.1,8482.14,8490.87,896,150,0,896
2025-01-21 10:00:00,8489.47,8493.68,8441.05,8449.22,898,149,0,898
2025-01-21 10:15:00,8447.91,8520.25,8432.98,8514.04,900,149,0,900
2025-01-21 10:30:00,8513.15,8515.6,8474.47,8491.11,898,150,0,898
2025-01-21 10:45:00,8490.43,8503.64,8383.13,8400.06,898,148,0,898
2025-01-21 11:00:00,8399.97,8464.91,8397.27,8449.4,897,148,0,897
2025-01-21 11:15:00,8450.44,8465.85,8422.23,8434.87,899,149,0,899
2025-01-21 11:30:00,8431.66,8495.95,8414.3,8449.46,897,149,0,897
2025-01-21 11:45:00,8449.95,8456.29,8403.85,8412.92,895,148,0,895
2025-01-21 12:00:00,8413.38,8465.05,8403.97,8454.41,896,148,0,896
2025-01-21 12:15:00,8454.01,8460.25,8391.89,8401.22,898,148,0,898
2025-01-21 12:30:00,8401.43,8413.7,8346.25,8346.25,898,147,0,898
2025-01-21 12:45:00,8344.6,8344.6,8309.02,8329.91,892,147,0,892
2025-01-21 13:00:00,8330.85,8426.69,8330.85,8396.4,898,147,0,898
2025-01-21 13:15:00,8398.09,8399.86,8363.6,8373.99,898,148,0,898
2025-01-21 13:30:00,8375.74,8414.4,8356.37,8412.61,894,148,0,894
2025-01-21 13:45:00,8411.13,8412.6,8376.03,8391.95,897,148,0,897
2025-01-21 14:00:00,8391.97,8407.99,8353.75,8379.16,898,147,0,898
2025-01-21 14:15:00,8379.07,8382.41,8313.59,8316.65,896,147,0,896
2025-01-21 14:30:00,8318.55,8323.45,8256.69,8258.03,898,146,0,898
2025-01-21 14:45:00,8257.49,8328.68,8247.81,8320.52,898,146,0,898
2025-01-21 15:00:00,8322.52,8365.76,8295.59,8364.12,896,146,0,896
2025-01-21 15:15:00,8364.01,8389.08,8320.72,8377.69,895,147,0,895
2025-01-21 15:30:00,8375.35,8440.64,8364.56,8411.99,898,148,0,898
2025-01-21 15:45:00,8412.28,8426.73,8338.74,8349.83,896,147,0,896
2025-01-21 16:00:00,8349.12,8357.71,8287.67,8291.71,897,146,0,897
2025-01-21 16:15:00,8291.2,8292.12,8228.4,8229.12,898,145,0,898
2025-01-21 16:30:00,8227.96,8260.53,8200.1,8200.1,898,145,0,898
2025-01-21 16:45:00,8200.27,8236.41,8186.48,8234.6,896,144,0,896
2025-01-21 17:00:00,8234.4,8234.4,8186.26,8191.34,898,144,0,898
2025-01-21 17:15:00,8192.8,8196.52,8170.9,8192.69,898,144,0,898
2025-01-21 17:30:00,8192.99,8212.28,8173.84,8205.59,897,144,0,897
2025-01-21 17:45:00,8208.06,8230.15,8189.79,8228.38,895,145,0,895
2025-01-21 18:00:00,8228.18,8277.78,8212.04,8254.19,899,145,0,899
2025-01-21 18:15:00,8253.83,8272.39,8205.76,8205.76,894,145,0,894
2025-01-21 18:30:00,8205.82,8220.6,8156.33,8161.51,898,144,0,898
2025-01-21 18:45:00,8160.08,8270.64,8157.33,8263.24,899,144,0,899
2025-01-21 19:00:00,8262.89,8287.81,8236.48,8274.0,895,145,0,895
2025-01-21 19:15:00,8273.6,8328.79,8267.67,8326.38,895,146,0,895
2025-01-21 19:30:00,8325.41,8329.46,8297.13,8305.49,898,146,0,898
2025-01-21 19:45:00,8306.3,8316.3,8240.28,8276.17,898,145,0,898
2025-01-21 20:00:00,8277.22,8350.2,8274.17,8287.22,897,146,0,897
2025-01-21 20:15:00,8288.55,8339.5,8287.66,8316.47,894,146,0,894
2025-01-21 20:30:00,8315.62,8334.85,8296.23,8334.85,897,146,0,897
2025-01-21 20:45:00,8334.61,8335.85,8233.44,8241.5,896,145,0,896
2025-01-21 21:00:00,8240.8,8262.68,8179.0,8197.95,896,144,0,896
2025-01-21 21:15:00,8196.14,8198.89,8162.39,8178.18,897,144,0,897
2025-01-21 21:30:00,8180.21,8181.42,8130.81,8157.02,898,143,0,898
2025-01-21 21:45:00,8156.78,8167.99,8078.54,8120.46,898,143,0,898
2025-01-21 22:00:00,8121.22,8135.71,8093.68,8135.71,897,143,0,897
2025-01-21 22:15:00,8136.53,8141.3,8089.14,8119.03,897,143,0,897
2025-01-21 22:30:00,8118.76,8128.15,8055.14,8066.51,898,142,0,898
2025-01-21 22:45:00,8065.39,8080.34,8029.09,8073.65,897,142,0,897
2025-01-21 23:00:00,8074.37,8099.96,8038.82,8092.67,897,142,0,897
2025-01-21 23:15:00,8093.11,8139.96,8085.66,8127.91,899,143,0,899
2025-01-21 23:30:00,8129.55,8160.78,8087.99,8090.29,895,143,0,895
2025-01-21 23:45:00,8089.12,8109.58,8053.59,8061.96,897,142,0,897
2025-01-22 00:00:00,8062.13,8082.51,8043.17,8060.87,898,142,0,898
2025-01-22 00:15:00,8060.38,8066.84,8020.06,8059.19,897,142,0,897
2025-01-22 00:30:00,8059.92,8097.5,8055.49,8059.46,894,142,0,894
2025-01-22 00:45:00,8060.41,8119.99,8049.78,8093.93,897,142,0,897
2025-01-22 01:00:00,8094.14,8125.9,8094.14,8108.3,899,143,0,899
2025-01-22 01:15:00,8108.75,8185.11,8108.75,8170.62,898,143,0,898
2025-01-22 01:30:00,8168.6,8173.72,8099.76,8099.76,896,143,0,896
2025-01-22 01:45:00,8102.24,8165.74,8079.93,8159.19,897,143,0,897
2025-01-22 02:00:00,8159.84,8169.39,8122.69,8154.71,898,143,0,898
2025-01-22 02:15:00,8153.78,8167.48,8124.66,8130.62,892,143,0,892
2025-01-22 02:30:00,8132.1,8174.01,8110.12,8148.6,900,143,0,900
2025-01-22 02:45:00,8147.06,8191.73,8080.54,8085.7,897,143,0,897
2025-01-22 03:00:00,8085.18,8095.47,8012.67,8012.67,899,141,0,899
2025-01-22 03:15:00,8013.06,8020.56,7927.09,7934.43,891,140,0,891
2025-01-22 03:30:00,7935.2,7938.89,7886.62,7909.25,897,139,0,897
2025-01-22 03:45:00,7909.15,7942.78,7898.01,7933.75,896,139,0,896
2025-01-22 04:00:00,7936.07,7949.07,7908.13,7924.16,897,140,0,897
2025-01-22 04:15:00,7923.13,7924.37,7874.52,7897.0,899,139,0,899
2025-01-22 04:30:00,7897.05,7897.26,7822.07,7824.4,895,138,0,895
2025-01-22 04:45:00,7823.27,7827.09,7769.17,7802.92,896,137,0,896
2025-01-22 05:00:00,7802.85,7812.36,7706.38,7743.67,893,136,0,893
2025-01-22 05:15:00,7744.5,7802.97,7712.93,7790.69,894,136,0,894
2025-01-22 05:30:00,7789.6,7855.63,7787.48,7811.15,898,137,0,898
2025-01-22 05:45:00,7811.89,7892.58,7802.87,7880.32,898,138,0,898
2025-01-22 06:00:00,7882.1,7887.56,7827.46,7827.46,899,138,0,899
2025-01-22 06:15:00,7826.3,7848.71,7778.92,7805.69,898,137,0,898
2025-01-22 06:30:00,7807.71,7816.07,7782.61,7800.27,898,137,0,898
2025-01-22 06:45:00,7801.52,7838.35,7773.39,7801.8,895,137,0,895
2025-01-22 07:00:00,7803.23,7826.51,7792.38,7797.17,895,137,0,895
2025-01-22 07:15:00,7796.35,7798.32,7759.67,7776.63,896,137,0,896
2025-01-22 07:30:00,7775.64,7810.83,7760.4,7794.4,897,137,0,897
2025-01-22 07:45:00,7793.24,7861.99,7792.21,7859.33,895,137,0,895
2025-01-22 08:00:00,7856.7,7865.19,7820.45,7820.45,900,138,0,900
2025-01-22 08:15:00,7819.43,7844.68,7786.33,7820.82,898,137,0,898
2025-01-22 08:30:00,7819.35,7829.21,7767.93,7780.51,898,137,0,898
2025-01-22 08:45:00,7782.08,7818.52,7768.48,7810.81,896,137,0,896
2025-01-22 09:00:00,7811.5,7843.48,7808.02,7824.85,895,138,0,895
2025-01-22 09:15:00,7824.89,7879.07,7824.46,7870.03,898,138,0,898
2025-01-22 09:30:00,7869.84,7872.98,7840.55,7852.25,893,138,0,893
2025-01-22 09:45:00,7853.11,7884.32,7847.94,7872.46,896,138,0,896
2025-01-22 10:00:00,7871.87,7921.4,7856.5,7913.24,894,139,0,894
2025-01-22 10:15:00,7914.09,7957.75,7909.19,7924.79,899,140,0,899
2025-01-22 10:30:00,7924.25,7936.4,7890.25,7912.29,899,139,0,899
2025-01-22 10:45:00,7912.54,7917.3,7877.07,7902.97,894,139,0,894
2025-01-22 11:00:00,7904.17,7944.42,7890.35,7910.94,896,139,0,896
2025-01-22 11:15:00,7911.64,7961.78,7904.26,7961.72,898,139,0,898
2025-01-22 11:30:00,7960.93,8021.05,7946.56,7949.04,896,140,0,896
2025-01-22 11:45:00,7948.18,8001.79,7927.65,7999.64,895,140,0,895
2025-01-22 12:00:00,8000.16,8016.2,7965.96,7970.77,896,141,0,896
2025-01-22 12:15:00,7971.02,8022.21,7971.02,7997.06,895,141,0,895
2025-01-22 12:30:00,7995.5,8082.53,7994.17,8052.15,898,141,0,898
2025-01-22 12:45:00,8051.56,8060.27,7974.12,7975.01,897,141,0,897
2025-01-22 13:00:00,7973.31,7986.3,7952.12,7978.17,897,140,0,897
2025-01-22 13:15:00,7976.83,7981.82,7913.04,7939.95,894,140,0,894
2025-01-22 13:30:00,7937.38,7977.05,7913.2,7964.28,895,140,0,895
2025-01-22 13:45:00,7964.29,7994.29,7941.2,7977.81,897,140,0,897
2025-01-22 14:00:00,7977.47,7998.22,7964.03,7978.58,897,141,0,897
2025-01-22 14:15:00,7978.52,8052.16,7963.42,8040.48,894,141,0,894
2025-01-22 14:30:00,8039.7,8121.1,8022.83,8113.89,898,142,0,898
2025-01-22 14:45:00,8114.75,8144.92,8082.88,8119.14,899,143,0,899
2025-01-22 15:00:00,8120.56,8178.41,8116.13,8145.6,897,143,0,897
2025-01-22 15:15:00,8145.86,8167.78,8129.8,8137.99,898,144,0,898
2025-01-22 15:30:00,8141.48,8147.29,8074.82,8092.12,898,143,0,898
2025-01-22 15:45:00,8091.53,8143.4,8089.92,8126.41,896,143,0,896
2025-01-22 16:00:00,8126.95,8141.8,8027.38,8034.81,895,142,0,895
2025-01-22 16:15:00,8035.3,8065.1,7969.4,7983.23,898,141,0,898
2025-01-22 16:30:00,7983.9,7987.88,7920.0,7921.69,898,140,0,898
2025-01-22 16:45:00,7923.16,7946.0,7895.56,7930.23,898,139,0,898
2025-01-22 17:00:00,7930.86,7937.39,7898.46,7898.92,895,139,0,895
2025-01-22 17:15:00,7898.86,7920.82,7888.6,7892.0,898,139,0,898
2025-01-22 17:30:00,7894.18,7910.97,7806.07,7820.79,897,138,0,897
2025-01-22 17:45:00,7821.85,7839.83,7804.73,7818.78,897,138,0,897
2025-01-22 18:00:00,7817.65,7857.16,7788.87,7847.57,898,137,0,898
2025-01-22 18:15:00,7847.14,7878.98,7843.21,7854.25,896,138,0,896
2025-01-22 18:30:00,7853.45,7915.96,7853.45,7908.16,899,139,0,899
2025-01-22 18:45:00,7907.89,7950.01,7904.26,7937.46,898,139,0,898
2025-01-22 19:00:00,7934.69,7945.74,7915.12,7937.69,897,140,0,897
2025-01-22 19:15:00,7938.53,7964.25,7914.31,7964.25,897,140,0,897
2025-01-22 19:30:00,7964.02,7965.77,7919.72,7920.36,896,140,0,896
2025-01-22 19:45:00,7920.64,7957.65,7917.37,7935.67,897,140,0,897
2025-01-22 20:00:00,7933.62,7950.98,7924.27,7941.21,895,140,0,895
2025-01-22 20:15:00,7942.43,7962.62,7890.36,7892.16,899,139,0,899
2025-01-22 20:30:00,7891.47,7952.37,7887.86,7942.5,895,139,0,895
2025-01-22 20:45:00,7943.63,7956.6,7884.16,7906.39,895,139,0,895
2025-01-22 21:00:00,7904.26,7942.68,7878.36,7915.73,897,139,0,897
2025-01-22 21:15:00,7914.42,7937.81,7894.5,7917.49,898,139,0,898
2025-01-22 21:30:00,7917.14,7964.62,7906.35,7941.06,896,140,0,896
2025-01-22 21:45:00,7941.27,7999.07,7932.38,7992.69,899,140,0,899
2025-01-22 22:00:00,7992.64,8019.19,7927.59,7957.11,894,140,0,894
2025-01-22 22:15:00,7957.94,7981.3,7930.95,7956.52,892,140,0,892
2025-01-22 22:30:00,7956.64,8003.35,7951.6,7998.91,898,140,0,898
2025-01-22 22:45:00,8000.8,8001.56,7950.81,7957.58,898,140,0,898
2025-01-22 23:00:00,7958.66,7991.35,7940.74,7990.17,891,140,0,891
2025-01-22 23:15:00,7990.03,8109.85,7982.16,8096.3,898,141,0,898
2025-01-22 23:30:00,8097.1,8134.83,8078.59,8083.27,899,143,0,899
2025-01-22 23:45:00,8084.24,8131.5,8048.61,8128.84,896,142,0,896
2025-01-23 00:00:00,8128.35,8156.5,8105.03,8105.57,897,143,0,897
2025-01-23 00:15:00,8104.74,8119.03,8086.63,8108.79,895,143,0,895
2025-01-23 00:30:00,8109.9,8174.04,8105.79,8126.7,894,143,0,894
2025-01-23 00:45:00,8127.56,8145.29,8096.54,8098.47,897,143,0,897
2025-01-23 01:00:00,8098.27,8229.0,8096.08,8218.12,898,143,0,898
2025-01-23 01:15:00,8218.38,8223.88,8142.39,8188.42,897,144,0,897
2025-01-23 01:30:00,8187.68,8207.76,8151.06,8178.54,896,144,0,896
2025-01-23 01:45:00,8178.16,8187.38,8143.77,8166.42,896,144,0,896
2025-01-23 02:00:00,8167.77,8169.51,8084.19,8117.79,898,143,0,898
2025-01-23 02:15:00,8116.43,8133.95,8089.51,8107.86,898,143,0,898
2025-01-23 02:30:00,8107.72,8174.04,8097.87,8167.35,895,143,0,895
2025-01-23 02:45:00,8166.27,8202.68,8157.94,8200.32,899,144,0,899
2025-01-23 03:00:00,8199.95,8212.51,8168.49,8177.96,896,144,0,896
2025-01-23 03:15:00,8177.49,8229.84,8177.49,8227.57,897,144,0,897
2025-01-23 03:30:00,8227.63,8277.7,8220.55,8273.91,899,145,0,899
2025-01-23 03:45:00,8272.36,8376.14,8255.66,8347.84,898,146,0,898
2025-01-23 04:00:00,8347.84,8364.82,8322.21,8362.34,898,147,0,898
2025-01-23 04:15:00,8361.86,8371.91,8302.33,8357.13,898,147,0,898
2025-01-23 04:30:00,8357.18,8362.36,8283.0,8288.97,897,146,0,897
2025-01-23 04:45:00,8288.7,8304.18,8275.48,8275.48,897,146,0,897
2025-01-23 05:00:00,8275.31,8308.43,8252.79,8262.72,896,146,0,896
2025-01-23 05:15:00,8262.44,8288.15,8245.74,8255.16,897,146,0,897
2025-01-23 05:30:00,8255.96,8275.95,8216.61,8267.53,894,145,0,894
2025-01-23 05:45:00,8268.57,8277.61,8224.99,8255.82,897,145,0,897
2025-01-23 06:00:00,8256.3,8300.63,8243.34,8297.67,893,145,0,893
2025-01-23 06:15:00,8298.16,8343.16,8292.56,8306.18,897,146,0,897
2025-01-23 06:30:00,8306.77,8357.68,8304.72,8336.33,899,147,0,899
2025-01-23 06:45:00,8337.3,8370.03,8331.83,8357.97,897,147,0,897
2025-01-23 07:00:00,8358.94,8384.57,8319.12,8351.88,896,147,0,896
2025-01-23 07:15:00,8353.75,8355.61,8267.44,8291.64,897,146,0,897
2025-01-23 07:30:00,8292.92,8332.58,8272.3,8326.94,897,146,0,897
2025-01-23 07:45:00,8326.13,8370.88,8322.79,8351.64,898,147,0,898
2025-01-23 08:00:00,8351.27,8372.45,8338.54,8369.72,898,147,0,898
2025-01-23 08:15:00,8369.2,8424.5,8364.22,8379.1,897,148,0,897
2025-01-23 08:30:00,8377.2,8425.12,8368.74,8389.09,878,148,0,878
2025-01-23 08:45:00,8389.93,8420.11,8385.59,8403.03,896,148,0,896
2025-01-23 09:00:00,8401.16,8403.25,8363.42,8369.1,896,148,0,896
2025-01-23 09:15:00,8368.67,8379.82,8320.18,8339.27,899,147,0,899
2025-01-23 09:30:00,8341.07,8389.85,8336.6,8376.02,898,147,0,898
2025-01-23 09:45:00,8374.71,8389.99,8314.84,8317.12,897,147,0,897
2025-01-23 10:00:00,8319.47,8342.58,8295.29,8340.14,897,146,0,897
2025-01-23 10:15:00,8341.58,8409.19,8341.03,8369.43,898,147,0,898
2025-01-23 10:30:00,8369.17,8400.84,8337.01,8345.98,893,147,0,893
2025-01-23 10:45:00,8347.05,8367.82,8332.58,8361.41,899,147,0,899
2025-01-23 11:00:00,8361.7,8387.08,8335.66,8343.14,894,147,0,894
2025-01-23 11:15:00,8345.23,8390.04,8323.97,8385.39,898,147,0,898
2025-01-23 11:30:00,8384.24,8440.83,8376.78,8410.37,899,148,0,899
2025-01-23 11:45:00,8411.33,8453.11,8401.3,8424.8,900,148,0,900
2025-01-23 12:00:00,8424.62,8435.7,8387.78,8413.11,897,148,0,897
2025-01-23 12:15:00,8412.84,8443.55,8402.85,8415.18,898,148,0,898
2025-01-23 12:30:00,8415.12,8421.25,8345.9,8396.59,895,147,0,895
2025-01-23 12:45:00,8396.98,8487.68,8381.29,8475.79,896,148,0,896
2025-01-23 13:00:00,8476.14,8490.09,8421.56,8432.64,898,149,0,898
2025-01-23 13:15:00,8433.15,8461.06,8403.63,8415.51,898,148,0,898
2025-01-23 13:30:00,8415.96,8463.79,8404.93,8404.93,896,148,0,896
2025-01-23 13:45:00,8405.17,8421.57,8384.66,8403.49,899,148,0,899
2025-01-23 14:00:00,8402.77,8466.86,8402.77,8454.85,898,148,0,898
2025-01-23 14:15:00,8455.86,8474.06,8389.13,8391.53,899,148,0,899
2025-01-23 14:30:00,8391.17,8425.66,8378.95,8395.26,897,148,0,897
2025-01-23 14:45:00,8396.05,8464.9,8393.36,8462.26,897,148,0,897
2025-01-23 15:00:00,8461.93,8464.3,8405.88,8428.66,898,148,0,898
2025-01-23 15:15:00,8429.82,8480.45,8424.28,8428.72,895,149,0,895
2025-01-23 15:30:00,8427.95,8503.82,8413.93,8447.97,898,148,0,898
2025-01-23 15:45:00,8446.47,8513.02,8428.6,8451.86,897,149,0,897
2025-01-23 16:00:00,8448.84,8477.66,8436.28,8467.81,898,149,0,898
2025-01-23 16:15:00,8468.41,8497.57,8459.74,8471.62,898,149,0,898
2025-01-23 16:30:00,8470.01,8480.69,8427.04,8432.14,897,149,0,897
2025-01-23 16:45:00,8432.71,8490.43,8427.27,8470.63,897,149,0,897
2025-01-23 17:00:00,8471.45,8512.8,8444.89,8498.54,896,149,0,896
2025-01-23 17:15:00,8498.46,8505.84,8467.52,8484.46,898,149,0,898
2025-01-23 17:30:00,8484.39,8548.69,8480.06,8539.78,898,150,0,898
2025-01-23 17:45:00,8539.17,8558.33,8510.63,8548.32,898,150,0,898
2025-01-23 18:00:00,8548.65,8602.19,8500.25,8597.52,898,150,0,898
2025-01-23 18:15:00,8595.07,8648.63,8581.29,8623.04,896,151,0,896
2025-01-23 18:30:00,8625.56,8638.79,8591.28,8597.2,899,152,0,899
2025-01-23 18:45:00,8598.42,8612.65,8561.36,8572.37,896,151,0,896
2025-01-23 19:00:00,8573.9,8578.49,8479.39,8479.39,895,150,0,895
2025-01-23 19:15:00,8480.53,8507.94,8432.62,8437.87,896,149,0,896
2025-01-23 19:30:00,8439.16,8448.2,8409.94,8435.89,897,148,0,897
2025-01-23 19:45:00,8438.28,8519.43,8433.49,8497.93,898,149,0,898
2025-01-23 20:00:00,8497.96,8568.17,8484.54,8563.4,897,150,0,897
2025-01-23 20:15:00,8565.7,8587.48,8541.54,8572.08,896,151,0,896
2025-01-23 20:30:00,8571.24,8627.32,8546.18,8620.49,898,151,0,898
2025-01-23 20:45:00,8621.93,8657.84,8619.32,8620.85,896,152,0,896
2025-01-23 21:00:00,8619.08,8673.48,8469.27,8469.29,897,149,0,897
2025-01-23 21:15:00,8470.25,8494.79,8402.24,8412.56,895,148,0,895
2025-01-23 21:30:00,8413.72,8505.08,8409.24,8484.98,896,148,0,896
2025-01-23 21:45:00,8485.37,8536.99,8482.34,8530.2,897,150,0,897
2025-01-23 22:00:00,8531.02,8609.8,8503.93,8590.52,899,150,0,899
2025-01-23 22:15:00,8589.3,8640.9,8567.96,8640.32,897,151,0,897
2025-01-23 22:30:00,8639.31,8754.32,8631.88,8719.65,897,152,0,897
2025-01-23 22:45:00,8719.98,8749.39,8670.01,8716.77,894,153,0,894
2025-01-23 23:00:00,8717.52,8740.56,8649.62,8658.12,894,153,0,894
2025-01-23 23:15:00,8660.92,8674.78,8624.46,8653.94,895,152,0,895
2025-01-23 23:30:00,8654.11,8731.13,8625.65,8671.5,899,152,0,899
2025-01-23 23:45:00,8670.34,8695.51,8654.44,8695.51,897,153,0,897
2025-01-24 00:00:00,8694.68,8705.44,8670.27,8699.09,898,153,0,898
2025-01-24 00:15:00,8698.97,8741.78,8698.97,8714.68,896,154,0,896
2025-01-24 00:30:00,8713.51,8762.96,8651.95,8722.44,899,153,0,899
2025-01-24 00:45:00,8721.08,8759.25,8693.36,8753.95,897,153,0,897
2025-01-24 01:00:00,8752.03,8777.42,8733.16,8737.56,898,154,0,898
2025-01-24 01:15:00,8737.27,8801.39,8725.55,8783.38,898,154,0,898
2025-01-24 01:30:00,8782.9,8803.13,8750.44,8799.08,898,155,0,898
2025-01-24 01:45:00,8798.16,8808.17,8781.23,8803.24,897,155,0,897
2025-01-24 02:00:00,8803.26,8815.43,8768.14,8792.34,897,155,0,897
2025-01-24 02:15:00,8794.86,8805.33,8758.93,8764.99,897,155,0,897
2025-01-24 02:30:00,8763.23,8872.64,8734.65,8861.13,896,154,0,896
2025-01-24 02:45:00,8862.97,8899.04,8858.02,8899.04,899,156,0,899
2025-01-24 03:00:00,8900.38,8907.82,8758.83,8768.01,898,155,0,898
2025-01-24 03:15:00,8767.88,8770.74,8680.77,8707.15,895,153,0,895
2025-01-24 03:30:00,8707.03,8760.99,8674.2,8760.16,894,153,0,894
2025-01-24 03:45:00,8758.72,8769.72,8696.83,8697.99,896,154,0,896
2025-01-24 04:00:00,8696.65,8708.8,8671.4,8703.33,898,153,0,898
2025-01-24 04:15:00,8703.2,8749.06,8683.57,8746.68,897,153,0,897
2025-01-24 04:30:00,8747.76,8795.78,8735.84,8795.78,896,154,0,896
2025-01-24 04:45:00,8798.63,8812.51,8760.02,8778.82,900,155,0,900
2025-01-24 05:00:00,8780.36,8788.54,8745.91,8764.9,895,154,0,895
2025-01-24 05:15:00,8763.43,8798.2,8722.4,8751.46,899,154,0,899
2025-01-24 05:30:00,8750.79,8771.81,8707.36,8735.61,898,154,0,898
2025-01-24 05:45:00,8734.58,8771.28,8710.03,8727.21,897,154,0,897
2025-01-24 06:00:00,8726.25,8771.99,8718.19,8771.99,896,154,0,896
2025-01-24 06:15:00,8772.84,8795.94,8752.08,8752.08,894,155,0,894
2025-01-24 06:30:00,8752.48,8758.48,8701.66,8710.64,896,154,0,896
2025-01-24 06:45:00,8711.02,8727.29,8695.22,8721.08,895,153,0,895
2025-01-24 07:00:00,8720.5,8731.42,8661.41,8687.59,898,153,0,898
2025-01-24 07:15:00,8687.38,8711.28,8671.13,8688.22,896,153,0,896
2025-01-24 07:30:00,8689.82,8715.28,8681.11,8704.19,895,153,0,895
2025-01-24 07:45:00,8703.3,8746.83,8701.22,8742.48,899,154,0,899
2025-01-24 08:00:00,8741.86,8795.19,8726.27,8760.7,896,154,0,896
2025-01-24 08:15:00,8760.59,8773.34,8688.05,8701.56,895,153,0,895
2025-01-24 08:30:00,8700.44,8752.46,8694.83,8711.27,898,153,0,898
2025-01-24 08:45:00,8709.9,8761.58,8696.66,8730.53,899,153,0,899
2025-01-24 09:00:00,8734.06,8768.88,8705.27,8705.56,896,154,0,896
2025-01-24 09:15:00,8705.76,8745.24,8696.38,8721.07,897,153,0,897
2025-01-24 09:30:00,8721.42,8743.75,8650.85,8669.08,893,153,0,893
2025-01-24 09:45:00,8667.83,8687.46,8643.66,8657.26,895,153,0,895
2025-01-24 10:00:00,8657.75,8708.48,8640.68,8687.3,897,153,0,897
2025-01-24 10:15:00,8688.59,8694.3,8658.22,8663.99,898,153,0,898
2025-01-24 10:30:00,8665.34,8674.1,8619.81,8623.77,897,152,0,897
2025-01-24 10:45:00,8623.9,8656.53,8623.4,8641.95,899,152,0,899
2025-01-24 11:00:00,8642.05,8642.6,8541.49,8583.58,898,151,0,898
2025-01-24 11:15:00,8582.82,8627.39,8578.46,8622.35,897,151,0,897
2025-01-24 11:30:00,8621.74,8655.32,8589.81,8589.81,898,152,0,898
2025-01-24 11:45:00,8590.02,8601.14,8505.16,8529.17,898,150,0,898
2025-01-24 12:00:00,8530.56,8579.62,8525.8,8574.66,897,150,0,897
2025-01-24 12:15:00,8572.52,8580.62,8541.71,8567.59,898,151,0,898
2025-01-24 12:30:00,8568.49,8570.62,8515.67,8548.26,895,150,0,895
2025-01-24 12:45:00,8548.56,8564.45,8482.84,8548.63,899,150,0,899
2025-01-24 13:00:00,8547.33,8552.19,8425.91,8425.91,894,149,0,894
2025-01-24 13:15:00,8425.86,8463.72,8376.58,8461.39,895,148,0,895
2025-01-24 13:30:00,8463.42,8468.84,8413.98,8417.62,896,149,0,896
2025-01-24 13:45:00,8418.75,8497.84,8408.09,8469.47,895,148,0,895
2025-01-24 14:00:00,8469.05,8474.19,8407.9,8427.32,899,148,0,899
2025-01-24 14:15:00,8428.66,8459.37,8369.57,8371.85,899,148,0,899
2025-01-24 14:30:00,8371.95,8400.21,8325.92,8325.92,898,147,0,898
2025-01-24 14:45:00,8325.69,8335.7,8298.87,8325.25,900,146,0,900
2025-01-24 15:00:00,8324.33,8376.84,8322.5,8343.35,895,147,0,895
2025-01-24 15:15:00,8343.66,8343.66,8307.69,8319.03,899,147,0,899
2025-01-24 15:30:00,8317.2,8372.88,8306.53,8367.62,897,147,0,897
2025-01-24 15:45:00,8367.03,8377.56,8340.47,8375.99,898,147,0,898
2025-01-24 16:00:00,8376.4,8389.46,8362.31,8376.69,891,148,0,891
2025-01-24 16:15:00,8377.18,8401.8,8343.22,8356.45,895,147,0,895
2025-01-24 16:30:00,8356.38,8392.48,8349.86,8362.89,897,147,0,897
2025-01-24 16:45:00,8363.8,8374.01,8330.6,8370.14,897,147,0,897
2025-01-24 17:00:00,8368.47,8397.48,8356.48,8383.74,900,147,0,900
2025-01-24 17:15:00,8384.77,8389.05,8325.56,8352.01,895,147,0,895
2025-01-24 17:30:00,8353.8,8362.7,8289.17,8316.91,896,146,0,896
2025-01-24 17:45:00,8317.73,8318.68,8288.77,8308.67,898,146,0,898
2025-01-24 18:00:00,8307.86,8323.65,8232.02,8232.02,898,145,0,898
2025-01-24 18:15:00,8233.31,8251.19,8216.03,8227.12,899,145,0,899
2025-01-24 18:30:00,8225.37,8234.22,8191.28,8194.89,896,145,0,896
2025-01-24 18:45:00,8193.94,8234.59,8191.45,8229.88,897,145,0,897
2025-01-24 19:00:00,8229.31,8262.34,8195.65,8195.65,895,145,0,895
2025-01-24 19:15:00,8197.1,8197.31,8159.68,8167.29,897,144,0,897
2025-01-24 19:30:00,8167.05,8186.98,8146.46,8148.35,895,144,0,895
2025-01-24 19:45:00,8147.32,8182.9,8134.72,8141.64,895,144,0,895
2025-01-24 20:00:00,8143.73,8164.06,8072.18,8074.3,890,142,0,890
2025-01-24 20:15:00,8074.7,8100.72,8051.68,8071.45,897,142,0,897
2025-01-24 20:30:00,8070.6,8075.84,8017.04,8036.82,898,141,0,898
2025-01-24 20:45:00,8036.04,8036.04,7962.11,7962.11,896,141,0,896
2025-01-24 21:00:00,7961.11,8039.01,7954.7,8036.63,896,140,0,896
2025-01-24 21:15:00,8037.59,8037.59,7964.3,7992.59,898,141,0,898
2025-01-24 21:30:00,7991.79,8007.17,7970.37,7970.37,896,141,0,896
2025-01-24 21:45:00,7969.21,8017.82,7953.82,7962.6,898,140,0,898
2025-01-24 22:00:00,7962.93,8001.35,7960.79,7989.62,897,141,0,897
2025-01-24 22:15:00,7989.97,8027.64,7978.13,8026.07,897,141,0,897
2025-01-24 22:30:00,8024.98,8031.04,7960.85,7962.81,895,140,0,895
2025-01-24 22:45:00,7964.16,8003.22,7958.58,7967.49,896,140,0,896
2025-01-24 23:00:00,7966.46,8023.47,7958.0,8009.68,894,140,0,894
2025-01-24 23:15:00,8010.02,8018.96,7959.45,7963.14,897,140,0,897
2025-01-24 23:30:00,7964.99,8021.76,7960.91,8016.94,900,140,0,900
2025-01-24 23:45:00,8016.11,8051.19,7976.71,7986.76,896,141,0,896
2025-01-25 00:00:00,7985.44,8020.81,7980.64,7994.04,896,141,0,896
2025-01-25 00:15:00,7994.6,7999.23,7936.63,7937.72,897,140,0,897
2025-01-25 00:30:00,7937.7,7967.98,7918.06,7927.07,895,140,0,895
2025-01-25 00:45:00,7927.73,7964.13,7919.82,7944.49,897,140,0,897
2025-01-25 01:00:00,7944.06,7966.35,7932.7,7965.2,900,140,0,900
2025-01-25 01:15:00,7965.5,7991.81,7952.07,7981.41,898,140,0,898
2025-01-25 01:30:00,7981.64,7987.94,7943.55,7972.07,897,140,0,897
2025-01-25 01:45:00,7972.81,7974.74,7925.43,7932.73,898,140,0,898
2025-01-25 02:00:00,7932.54,7951.15,7908.04,7917.56,898,140,0,898
2025-01-25 02:15:00,7917.57,8009.06,7910.83,8000.6,897,140,0,897
2025-01-25 02:30:00,8000.97,8087.53,8000.97,8078.24,895,141,0,895
2025-01-25 02:45:00,8077.72,8146.6,8047.32,8142.19,896,142,0,896
2025-01-25 03:00:00,8141.48,8204.05,8141.48,8183.71,896,144,0,896
2025-01-25 03:15:00,8182.71,8191.62,8128.65,8134.33,891,143,0,891
2025-01-25 03:30:00,8135.17,8138.82,8063.05,8081.64,895,142,0,895
2025-01-25 03:45:00,8081.56,8110.07,8065.75,8102.57,898,142,0,898
2025-01-25 04:00:00,8103.36,8107.05,8016.01,8050.86,898,142,0,898
2025-01-25 04:15:00,8050.66,8125.85,8032.49,8124.09,897,142,0,897
2025-01-25 04:30:00,8123.67,8124.08,8041.6,8054.05,900,142,0,900
2025-01-25 04:45:00,8053.06,8062.66,7943.04,7946.58,897,140,0,897
2025-01-25 05:00:00,7946.23,8048.74,7936.83,8036.84,895,140,0,895
2025-01-25 05:15:00,8038.11,8069.59,8037.74,8057.76,898,142,0,898
2025-01-25 05:30:00,8058.9,8073.61,8023.74,8069.21,897,142,0,897
2025-01-25 05:45:00,8070.9,8144.13,8064.27,8115.05,897,142,0,897
2025-01-25 06:00:00,8115.98,8131.53,8102.3,8112.52,896,143,0,896
2025-01-25 06:15:00,8112.36,8150.02,8112.17,8126.83,898,143,0,898
2025-01-25 06:30:00,8125.95,8205.18,8125.23,8199.04,898,143,0,898
2025-01-25 06:45:00,8196.9,8202.68,8124.63,8142.98,896,143,0,896
2025-01-25 07:00:00,8142.99,8206.07,8132.96,8199.65,897,144,0,897
2025-01-25 07:15:00,8199.51,8204.66,8141.3,8178.66,900,144,0,900
2025-01-25 07:30:00,8180.48,8223.22,8172.6,8174.87,898,144,0,898
2025-01-25 07:45:00,8174.36,8174.36,8103.12,8103.66,899,143,0,899
2025-01-25 08:00:00,8104.26,8134.99,8096.38,8118.79,897,143,0,897
2025-01-25 08:15:00,8118.13,8162.08,8115.94,8150.22,897,143,0,897
2025-01-25 08:30:00,8150.92,8152.4,8116.28,8137.29,895,143,0,895
2025-01-25 08:45:00,8136.01,8204.51,8127.41,8202.85,894,143,0,894
2025-01-25 09:00:00,8201.63,8208.49,8173.7,8197.85,896,144,0,896
2025-01-25 09:15:00,8198.99,8237.46,8193.03,8204.17,896,145,0,896
2025-01-25 09:30:00,8204.42,8215.89,8193.27,8196.99,896,145,0,896
2025-01-25 09:45:00,8196.78,8261.84,8171.81,8240.07,894,144,0,894
2025-01-25 10:00:00,8238.92,8274.74,8233.24,8263.21,898,145,0,898
2025-01-25 10:15:00,8263.32,8330.07,8255.52,8329.48,893,146,0,893
2025-01-25 10:30:00,8329.62,8344.76,8310.62,8326.24,897,147,0,897
2025-01-25 10:45:00,8326.34,8395.61,8322.29,8390.25,898,147,0,898
2025-01-25 11:00:00,8391.19,8403.5,8373.54,8398.49,898,148,0,898
2025-01-25 11:15:00,8398.54,8443.61,8393.72,8412.19,896,148,0,896
2025-01-25 11:30:00,8411.98,8418.0,8336.99,8339.78,898,147,0,898
2025-01-25 11:45:00,8340.28,8382.6,8339.34,8366.2,896,147,0,896
2025-01-25 12:00:00,8367.01,8473.85,8360.89,8467.94,898,148,0,898
2025-01-25 12:15:00,8467.3,8553.74,8462.01,8550.12,900,149,0,900
2025-01-25 12:30:00,8549.66,8577.49,8499.57,8539.59,894,150,0,894
2025-01-25 12:45:00,8539.81,8543.68,8475.08,8515.42,895,150,0,895
2025-01-25 13:00:00,8516.59,8542.92,8476.21,8493.63,899,150,0,899
2025-01-25 13:15:00,8493.89,8495.04,8356.7,8419.53,895,147,0,895
2025-01-25 13:30:00,8418.06,8421.05,8369.59,8372.32,894,148,0,894
2025-01-25 13:45:00,8371.85,8389.82,8337.06,8339.58,898,147,0,898
2025-01-25 14:00:00,8338.16,8403.64,8320.43,8358.03,891,147,0,891
2025-01-25 14:15:00,8358.45,8364.11,8319.85,8343.37,898,147,0,898
2025-01-25 14:30:00,8343.97,8358.9,8329.75,8342.28,897,147,0,897
2025-01-25 14:45:00,8342.05,8345.81,8274.15,8300.24,899,146,0,899
2025-01-25 15:00:00,8301.08,8329.8,8284.76,8297.75,899,146,0,899
2025-01-25 15:15:00,8297.97,8308.26,8267.44,8284.64,897,146,0,897
2025-01-25 15:30:00,8284.83,8424.38,8274.21,8421.46,895,146,0,895
2025-01-25 15:45:00,8421.94,8426.9,8372.49,8404.62,897,148,0,897
2025-01-25 16:00:00,8405.77,8411.02,8314.37,8322.63,899,147,0,899
2025-01-25 16:15:00,8320.77,8354.7,8315.76,8322.75,898,147,0,898
2025-01-25 16:30:00,8324.67,8412.75,8322.68,8406.19,898,147,0,898
2025-01-25 16:45:00,8406.82,8418.4,8377.52,8407.82,894,148,0,894
2025-01-25 17:00:00,8409.19,8420.82,8332.32,8341.88,890,147,0,890
2025-01-25 17:15:00,8342.61,8356.43,8308.62,8308.92,900,147,0,900
2025-01-25 17:30:00,8310.0,8338.25,8310.0,8329.96,898,147,0,898
2025-01-25 17:45:00,8329.64,8338.18,8282.5,8296.44,896,146,0,896
2025-01-25 18:00:00,8296.23,8355.3,8291.42,8351.92,899,146,0,899
2025-01-25 18:15:00,8353.14,8357.17,8320.62,8328.34,896,147,0,896
2025-01-25 18:30:00,8327.62,8424.37,8309.65,8399.01,898,147,0,898
2025-01-25 18:45:00,8400.8,8460.9,8399.94,8444.38,896,148,0,896
2025-01-25 19:00:00,8446.07,8463.21,8426.91,8448.54,900,149,0,900
2025-01-25 19:15:00,8449.84,8458.36,8400.95,8426.18,899,148,0,899
2025-01-25 19:30:00,8426.37,8479.02,8404.12,8443.63,898,148,0,898
2025-01-25 19:45:00,8446.08,8455.06,8373.86,8373.86,896,148,0,896
2025-01-25 20:00:00,8373.24,8396.15,8338.38,8346.86,898,147,0,898
2025-01-25 20:15:00,8347.67,8383.11,8338.24,8354.55,897,147,0,897
2025-01-25 20:30:00,8354.13,8409.66,8347.59,8384.91,897,147,0,897
2025-01-25 20:45:00,8385.62,8469.22,8377.67,8462.27,896,148,0,896
2025-01-25 21:00:00,8462.62,8495.84,8447.01,8488.57,896,149,0,896
2025-01-25 21:15:00,8487.46,8499.6,8450.56,8471.44,895,149,0,895
2025-01-25 21:30:00,8473.5,8495.11,8435.59,8485.58,896,149,0,896
2025-01-25 21:45:00,8486.68,8521.22,8471.33,8485.92,899,150,0,899
2025-01-25 22:00:00,8486.29,8541.4,8478.55,8517.42,897,150,0,897
2025-01-25 22:15:00,8517.44,8548.49,8504.87,8516.87,889,150,0,889
2025-01-25 22:30:00,8517.0,8533.74,8475.4,8478.09,895,150,0,895
2025-01-25 22:45:00,8478.23,8484.1,8415.71,8449.72,897,149,0,897
2025-01-25 23:00:00,8450.07,8451.66,8418.39,8440.24,896,149,0,896
2025-01-25 23:15:00,8439.67,8468.92,8394.17,8415.99,898,148,0,898
2025-01-25 23:30:00,8415.36,8418.26,8358.8,8372.74,893,148,0,893
2025-01-25 23:45:00,8372.56,8381.5,8298.24,8306.68,896,146,0,896
2025-01-26 00:00:00,8308.3,8321.87,8284.44,8320.49,898,146,0,898
2025-01-26 00:15:00,8321.84,8420.36,8320.34,8372.2,894,147,0,894
2025-01-26 00:30:00,8373.29,8417.15,8367.19,8396.49,894,148,0,894
2025-01-26 00:45:00,8396.69,8400.76,8343.65,8350.78,895,147,0,895
2025-01-26 01:00:00,8351.06,8398.72,8347.62,8388.61,898,147,0,898
2025-01-26 01:15:00,8388.03,8411.45,8340.43,8351.04,898,147,0,898
2025-01-26 01:30:00,8351.32,8363.63,8258.0,8312.19,897,146,0,897
2025-01-26 01:45:00,8313.81,8350.73,8313.81,8335.36,895,147,0,895
2025-01-26 02:00:00,8332.58,8359.2,8302.63,8343.31,880,147,0,880
2025-01-26 02:15:00,8344.05,8363.02,8329.76,8351.0,898,147,0,898
2025-01-26 02:30:00,8350.25,8440.91,8349.62,8429.16,897,147,0,897
2025-01-26 02:45:00,8430.3,8434.09,8371.73,8411.89,896,148,0,896
2025-01-26 03:00:00,8412.12,8437.69,8391.04,8415.43,900,148,0,900
2025-01-26 03:15:00,8415.47,8481.69,8382.26,8480.73,895,148,0,895
2025-01-26 03:30:00,8479.99,8480.21,8389.88,8390.03,898,148,0,898
2025-01-26 03:45:00,8390.0,8430.11,8373.18,8410.05,898,148,0,898
2025-01-26 04:00:00,8409.95,8442.84,8409.95,8431.93,899,148,0,899
2025-01-26 04:15:00,8432.64,8441.13,8395.69,8434.51,899,148,0,899
2025-01-26 04:30:00,8434.53,8445.4,8368.22,8386.59,896,148,0,896
2025-01-26 04:45:00,8385.74,8442.58,8367.79,8420.28,899,148,0,899
2025-01-26 05:00:00,8420.64,8420.64,8368.17,8377.8,897,148,0,897
2025-01-26 05:15:00,8378.69,8441.12,8361.95,8433.86,898,148,0,898
2025-01-26 05:30:00,8433.62,8443.41,8389.47,8407.14,898,148,0,898
2025-01-26 05:45:00,8406.78,8407.2,8301.88,8318.02,896,147,0,896
2025-01-26 06:00:00,8318.9,8327.39,8277.35,8278.16,899,146,0,899
2025-01-26 06:15:00,8278.68,8289.04,8257.97,8280.98,897,146,0,897
2025-01-26 06:30:00,8280.11,8319.76,8279.75,8291.23,898,146,0,898
2025-01-26 06:45:00,8290.81,8330.57,8289.61,8305.73,898,146,0,898
2025-01-26 07:00:00,8305.06,8305.77,8269.1,8272.68,898,146,0,898
2025-01-26 07:15:00,8272.29,8374.59,8269.47,8363.89,893,146,0,893
2025-01-26 07:30:00,8362.85,8362.85,8314.09,8335.7,899,147,0,899
2025-01-26 07:45:00,8335.9,8351.71,8314.37,8347.47,900,147,0,900
2025-01-26 08:00:00,8347.45,8395.52,8346.84,8360.15,898,147,0,898
2025-01-26 08:15:00,8361.26,8412.66,8360.95,8374.71,898,148,0,898
2025-01-26 08:30:00,8375.57,8403.91,8362.73,8374.99,899,148,0,899
2025-01-26 08:45:00,8375.87,8432.73,8364.35,8364.52,897,148,0,897
2025-01-26 09:00:00,8366.17,8386.66,8346.67,8382.34,896,147,0,896
2025-01-26 09:15:00,8381.46,8435.56,8377.93,8435.28,896,148,0,896
2025-01-26 09:30:00,8434.95,8512.91,8426.96,8461.63,896,149,0,896
2025-01-26 09:45:00,8460.07,8496.61,8443.05,8488.25,897,149,0,897
2025-01-26 10:00:00,8487.58,8564.1,8471.04,8548.79,897,150,0,897
2025-01-26 10:15:00,8549.28,8613.7,8549.28,8613.7,897,151,0,897
2025-01-26 10:30:00,8614.13,8636.77,8602.09,8627.07,897,152,0,897
2025-01-26 10:45:00,8626.66,8671.54,8594.36,8641.21,897,152,0,897
2025-01-26 11:00:00,8639.93,8646.16,8585.16,8616.24,899,152,0,899
2025-01-26 11:15:00,8615.5,8655.76,8605.74,8651.64,898,152,0,898
2025-01-26 11:30:00,8649.49,8653.34,8609.78,8621.6,897,152,0,897
2025-01-26 11:45:00,8621.77,8735.05,8595.49,8716.88,898,152,0,898
2025-01-26 12:00:00,8716.6,8746.51,8681.32,8738.32,898,153,0,898
2025-01-26 12:15:00,8738.73,8743.48,8667.65,8670.38,900,153,0,900
2025-01-26 12:30:00,8670.69,8677.34,8616.64,8667.67,897,152,0,897
2025-01-26 12:45:00,8666.34,8680.43,8627.17,8665.53,897,152,0,897
2025-01-26 13:00:00,8665.45,8678.79,8613.33,8630.3,896,152,0,896
2025-01-26 13:15:00,8630.51,8654.29,8551.94,8566.77,898,151,0,898
2025-01-26 13:30:00,8567.34,8568.54,8462.65,8479.88,895,149,0,895
2025-01-26 13:45:00,8480.34,8482.76,8449.57,8452.21,897,149,0,897
2025-01-26 14:00:00,8452.43,8460.57,8400.79,8407.01,896,148,0,896
2025-01-26 14:15:00,8407.74,8494.5,8407.38,8493.86,899,148,0,899
2025-01-26 14:30:00,8494.14,8509.53,8470.78,8486.41,895,149,0,895
2025-01-26 14:45:00,8487.85,8540.97,8487.85,8534.99,896,150,0,896
2025-01-26 15:00:00,8535.28,8565.79,8477.57,8494.0,897,150,0,897
2025-01-26 15:15:00,8495.26,8520.81,8484.41,8512.98,896,150,0,896
2025-01-26 15:30:00,8512.8,8529.03,8490.79,8508.26,898,150,0,898
2025-01-26 15:45:00,8507.63,8509.97,8472.82,8481.51,894,150,0,894
2025-01-26 16:00:00,8480.6,8588.23,8465.94,8585.01,899,149,0,899
2025-01-26 16:15:00,8587.59,8628.96,8583.73,8623.35,896,151,0,896
2025-01-26 16:30:00,8622.33,8676.26,8617.99,8661.96,898,152,0,898
2025-01-26 16:45:00,8661.66,8780.26,8655.49,8762.91,895,153,0,895
2025-01-26 17:00:00,8763.63,8763.63,8694.04,8738.15,897,154,0,897
2025-01-26 17:15:00,8736.09,8758.9,8677.34,8724.04,900,153,0,900
2025-01-26 17:30:00,8723.95,8796.78,8710.35,8796.54,898,154,0,898
2025-01-26 17:45:00,8794.06,8809.46,8769.22,8788.81,896,155,0,896
2025-01-26 18:00:00,8786.56,8851.38,8776.43,8848.07,897,155,0,897
2025-01-26 18:15:00,8846.38,8895.84,8845.53,8893.24,899,156,0,899
2025-01-26 18:30:00,8892.54,8909.26,8837.53,8892.23,899,156,0,899
2025-01-26 18:45:00,8892.87,8919.76,8874.28,8888.81,894,157,0,894
2025-01-26 19:00:00,8888.92,8889.6,8773.37,8802.86,894,155,0,894
2025-01-26 19:15:00,8801.95,8846.5,8766.61,8834.13,900,155,0,900
2025-01-26 19:30:00,8834.4,8841.86,8782.48,8801.37,898,155,0,898
2025-01-26 19:45:00,8800.54,8828.21,8781.6,8809.38,897,155,0,897
2025-01-26 20:00:00,8808.47,8832.47,8784.71,8815.49,892,155,0,892
2025-01-26 20:15:00,8815.55,8831.58,8796.39,8798.56,897,155,0,897
2025-01-26 20:30:00,8797.66,8809.18,8733.21,8735.58,895,154,0,895
2025-01-26 20:45:00,8734.02,8792.46,8726.72,8777.95,897,154,0,897
2025-01-26 21:00:00,8776.29,8833.52,8774.3,8824.02,899,155,0,899
2025-01-26 21:15:00,8825.32,8830.88,8796.26,8805.22,899,155,0,899
2025-01-26 21:30:00,8805.2,8916.56,8787.38,8900.28,899,155,0,899
2025-01-26 21:45:00,8901.02,9027.78,8853.66,9027.78,897,156,0,897
2025-01-26 22:00:00,9026.96,9032.3,8959.17,8984.04,898,158,0,898
2025-01-26 22:15:00,8985.36,9059.93,8959.12,9057.27,896,158,0,896
2025-01-26 22:30:00,9060.14,9088.63,9042.63,9070.92,896,160,0,896
2025-01-26 22:45:00,9069.71,9075.87,8981.96,8995.33,896,159,0,896
2025-01-26 23:00:00,8995.4,9004.33,8962.08,9003.59,896,158,0,896
2025-01-26 23:15:00,9005.22,9017.54,8916.55,8920.72,897,157,0,897
2025-01-26 23:30:00,8919.73,8929.46,8864.91,8865.61,895,156,0,895
2025-01-26 23:45:00,8865.53,8879.53,8847.04,8873.17,897,156,0,897
2025-01-27 00:00:00,8874.04,9008.56,8852.54,9007.9,892,156,0,892
2025-01-27 00:15:00,9008.41,9036.86,9003.15,9009.24,894,159,0,894
2025-01-27 00:30:00,9009.58,9014.49,8952.08,8965.75,898,158,0,898
2025-01-27 00:45:00,8966.59,9009.36,8959.88,9002.37,895,158,0,895
2025-01-27 01:00:00,9000.75,9002.43,8962.28,8994.72,898,158,0,898
2025-01-27 01:15:00,8993.1,9034.19,8980.81,9021.56,900,159,0,900
2025-01-27 01:30:00,9018.77,9042.47,9011.49,9022.64,900,159,0,900
2025-01-27 01:45:00,9019.58,9100.2,9008.66,9093.88,897,159,0,897
2025-01-27 02:00:00,9093.9,9150.23,9077.77,9078.03,898,160,0,898
2025-01-27 02:15:00,9079.03,9128.97,9044.48,9045.02,898,160,0,898
2025-01-27 02:30:00,9047.17,9079.13,9041.97,9076.25,898,160,0,898
2025-01-27 02:45:00,9077.15,9096.55,9061.73,9062.3,900,160,0,900
2025-01-27 03:00:00,9061.32,9110.09,9038.04,9096.93,897,160,0,897
2025-01-27 03:15:00,9096.0,9118.74,8988.84,9002.97,900,159,0,900
2025-01-27 03:30:00,9001.98,9012.57,8918.08,8947.85,899,157,0,899
2025-01-27 03:45:00,8948.13,8976.45,8918.08,8927.51,895,157,0,895
2025-01-27 04:00:00,8929.44,8991.21,8911.54,8971.86,899,157,0,899
2025-01-27 04:15:00,8970.17,8973.66,8927.1,8967.82,897,158,0,897
2025-01-27 04:30:00,8966.5,8970.08,8929.84,8934.81,895,158,0,895
2025-01-27 04:45:00,8934.74,8949.72,8905.38,8926.3,894,157,0,894
2025-01-27 05:00:00,8924.5,8946.99,8900.12,8912.74,895,157,0,895
2025-01-27 05:15:00,8912.29,8917.07,8865.38,8910.76,897,156,0,897
2025-01-27 05:30:00,8911.25,8992.68,8905.88,8968.54,897,157,0,897
2025-01-27 05:45:00,8967.07,8969.06,8899.66,8904.92,898,157,0,898
2025-01-27 06:00:00,8903.66,8927.08,8884.19,8908.35,897,157,0,897
2025-01-27 06:15:00,8906.28,8934.73,8893.85,8910.42,899,157,0,899
2025-01-27 06:30:00,8911.04,8937.08,8881.95,8918.67,897,157,0,897
2025-01-27 06:45:00,8920.62,8942.66,8912.57,8924.74,899,157,0,899
2025-01-27 07:00:00,8925.96,8959.22,8911.94,8949.9,900,157,0,900
2025-01-27 07:15:00,8948.85,8970.75,8906.35,8924.77,897,157,0,897
2025-01-27 07:30:00,8925.41,8943.19,8874.62,8877.34,898,157,0,898
2025-01-27 07:45:00,8876.96,8904.14,8864.57,8888.42,894,156,0,894
2025-01-27 08:00:00,8888.21,8906.47,8846.91,8851.94,896,156,0,896
2025-01-27 08:15:00,8853.75,8946.56,8851.73,8945.13,897,156,0,897
2025-01-27 08:30:00,8944.31,8983.81,8928.2,8973.17,894,158,0,894
2025-01-27 08:45:00,8973.78,9040.17,8972.65,9034.07,897,158,0,897
2025-01-27 09:00:00,9033.12,9074.01,9007.52,9013.72,895,159,0,895
2025-01-27 09:15:00,9011.18,9015.24,8973.85,8992.09,895,158,0,895
2025-01-27 09:30:00,8991.18,8996.01,8931.68,8937.88,899,158,0,899
2025-01-27 09:45:00,8938.95,8947.28,8885.1,8905.66,898,157,0,898
2025-01-27 10:00:00,8903.3,8918.33,8800.4,8801.87,895,155,0,895
2025-01-27 10:15:00,8801.84,8817.45,8723.21,8761.97,898,154,0,898
2025-01-27 10:30:00,8761.74,8792.25,8754.0,8765.71,897,155,0,897
2025-01-27 10:45:00,8765.74,8799.97,8762.14,8785.57,897,155,0,897
2025-01-27 11:00:00,8783.02,8788.33,8696.78,8703.98,897,153,0,897
2025-01-27 11:15:00,8700.93,8705.77,8619.33,8636.4,894,152,0,894
2025-01-27 11:30:00,8637.91,8705.4,8636.07,8692.6,899,152,0,899
2025-01-27 11:45:00,8693.63,8714.87,8680.27,8680.77,897,153,0,897
2025-01-27 12:00:00,8681.76,8704.93,8617.09,8626.22,899,152,0,899
2025-01-27 12:15:00,8626.65,8635.97,8580.63,8592.14,900,151,0,900
2025-01-27 12:30:00,8593.01,8659.44,8589.47,8636.53,895,152,0,895
2025-01-27 12:45:00,8634.43,8669.85,8587.08,8591.4,896,152,0,896
2025-01-27 13:00:00,8593.49,8623.57,8579.07,8607.64,898,151,0,898
2025-01-27 13:15:00,8608.31,8646.75,8601.68,8637.58,892,152,0,892
2025-01-27 13:30:00,8634.59,8661.9,8626.79,8637.35,898,152,0,898
2025-01-27 13:45:00,8637.93,8656.68,8602.52,8655.81,896,152,0,896
2025-01-27 14:00:00,8657.19,8673.46,8638.37,8667.76,896,152,0,896
2025-01-27 14:15:00,8665.1,8710.09,8661.0,8696.49,896,153,0,896
2025-01-27 14:30:00,8698.63,8743.37,8689.39,8719.35,898,153,0,898
2025-01-27 14:45:00,8721.18,8791.03,8716.19,8780.05,898,154,0,898
2025-01-27 15:00:00,8780.86,8829.31,8777.45,8802.12,894,155,0,894
2025-01-27 15:15:00,8801.78,8826.98,8783.58,8797.19,897,155,0,897
2025-01-27 15:30:00,8798.85,8851.91,8791.83,8832.17,895,155,0,895
2025-01-27 15:45:00,8834.98,8851.61,8812.93,8843.3,897,156,0,897
2025-01-27 16:00:00,8842.2,8857.8,8764.35,8771.54,896,155,0,896
2025-01-27 16:15:00,8769.94,8812.19,8745.14,8806.49,896,154,0,896
2025-01-27 16:30:00,8806.31,8833.02,8764.83,8782.91,898,155,0,898
2025-01-27 16:45:00,8782.47,8790.07,8713.11,8727.61,893,154,0,893
2025-01-27 17:00:00,8727.2,8840.03,8715.32,8831.31,900,154,0,900
2025-01-27 17:15:00,8830.92,8830.92,8771.36,8797.94,899,155,0,899
2025-01-27 17:30:00,8797.89,8804.26,8718.41,8734.9,895,154,0,895
2025-01-27 17:45:00,8734.26,8775.63,8716.58,8749.57,897,154,0,897
2025-01-27 18:00:00,8748.18,8794.25,8732.69,8738.14,899,154,0,899
2025-01-27 18:15:00,8739.83,8785.01,8731.22,8776.86,894,154,0,894
2025-01-27 18:30:00,8778.56,8822.19,8769.11,8821.55,897,155,0,897
2025-01-27 18:45:00,8824.74,8891.55,8822.28,8856.41,899,156,0,899
2025-01-27 19:00:00,8857.26,8861.05,8779.26,8805.09,897,155,0,897
2025-01-27 19:15:00,8804.71,8814.37,8751.34,8760.54,896,155,0,896
2025-01-27 19:30:00,8762.36,8772.34,8736.34,8743.37,896,154,0,896
2025-01-27 19:45:00,8743.31,8754.08,8707.8,8732.01,894,154,0,894
2025-01-27 20:00:00,8731.49,8782.3,8716.44,8757.26,895,154,0,895
2025-01-27 20:15:00,8758.21,8766.2,8696.04,8731.56,896,153,0,896
2025-01-27 20:30:00,8729.93,8756.57,8715.77,8729.47,898,154,0,898
2025-01-27 20:45:00,8728.8,8852.33,8724.45,8848.77,898,154,0,898
2025-01-27 21:00:00,8847.78,8908.1,8833.01,8895.41,897,156,0,897
2025-01-27 21:15:00,8894.96,8923.61,8880.06,8883.37,898,157,0,898
2025-01-27 21:30:00,8882.83,8895.81,8753.74,8763.1,897,155,0,897
2025-01-27 21:45:00,8762.27,8777.96,8700.43,8775.56,899,154,0,899
2025-01-27 22:00:00,8775.71,8850.69,8771.6,8818.02,896,155,0,896
2025-01-27 22:15:00,8818.59,8913.2,8812.38,8901.34,898,156,0,898
2025-01-27 22:30:00,8901.64,8921.7,8882.06,8905.22,897,157,0,897
2025-01-27 22:45:00,8905.73,8977.58,8902.51,8924.59,897,157,0,897
2025-01-27 23:00:00,8924.22,9132.27,8897.31,9107.99,898,157,0,898
2025-01-27 23:15:00,9108.21,9151.29,9085.09,9130.54,898,160,0,898
2025-01-27 23:30:00,9129.39,9211.49,9125.39,9185.47,897,161,0,897
2025-01-27 23:45:00,9186.3,9269.47,9182.39,9244.44,898,162,0,898
2025-01-28 00:00:00,9243.23,9248.06,9173.32,9176.27,898,162,0,898
2025-01-28 00:15:00,9178.26,9183.17,9143.98,9147.41,897,161,0,897
2025-01-28 00:30:00,9144.39,9167.49,9132.57,9150.05,895,161,0,895
2025-01-28 00:45:00,9151.06,9169.59,9128.08,9131.2,899,161,0,899
2025-01-28 01:00:00,9132.13,9155.09,9087.86,9089.01,899,160,0,899
2025-01-28 01:15:00,9091.08,9111.03,9052.34,9075.72,898,160,0,898
2025-01-28 01:30:00,9076.22,9119.85,9067.29,9108.53,898,160,0,898
2025-01-28 01:45:00,9105.66,9148.96,9079.01,9140.1,897,160,0,897
2025-01-28 02:00:00,9137.46,9139.93,9013.86,9019.65,898,159,0,898
2025-01-28 02:15:00,9018.72,9121.85,9010.02,9094.63,894,159,0,894
2025-01-28 02:30:00,9094.62,9176.2,9074.1,9174.36,898,160,0,898
2025-01-28 02:45:00,9175.79,9199.41,9156.08,9182.48,898,162,0,898
2025-01-28 03:00:00,9182.09,9224.4,9089.62,9095.3,899,160,0,899
2025-01-28 03:15:00,9094.74,9142.26,9086.87,9119.65,898,160,0,898
2025-01-28 03:30:00,9120.21,9139.5,9079.29,9085.24,899,160,0,899
2025-01-28 03:45:00,9083.29,9111.4,9057.39,9107.15,898,160,0,898
2025-01-28 04:00:00,9108.65,9110.02,9047.37,9050.56,898,160,0,898
2025-01-28 04:15:00,9050.49,9088.99,9015.46,9075.08,897,159,0,897
2025-01-28 04:30:00,9076.29,9142.29,9071.06,9102.23,897,160,0,897
2025-01-28 04:45:00,9103.26,9151.17,9082.41,9148.34,898,160,0,898
2025-01-28 05:00:00,9146.88,9167.43,9115.02,9116.85,897,161,0,897
2025-01-28 05:15:00,9114.67,9116.39,9023.93,9035.59,898,159,0,898
2025-01-28 05:30:00,9034.54,9034.54,8957.09,8996.76,896,158,0,896
2025-01-28 05:45:00,8996.58,9025.69,8949.06,8977.84,899,158,0,899
2025-01-28 06:00:00,8976.0,8979.56,8909.28,8912.24,897,157,0,897
2025-01-28 06:15:00,8912.25,8953.42,8906.46,8922.89,895,157,0,895
2025-01-28 06:30:00,8923.97,8944.37,8898.73,8934.99,898,157,0,898
2025-01-28 06:45:00,8935.29,8938.69,8860.59,8904.47,898,156,0,898
2025-01-28 07:00:00,8902.48,8918.89,8870.12,8882.95,897,157,0,897
2025-01-28 07:15:00,8884.43,8917.23,8861.15,8872.52,895,156,0,895
2025-01-28 07:30:00,8871.03,8874.88,8795.22,8805.22,896,155,0,896
2025-01-28 07:45:00,8805.16,8808.77,8762.75,8779.61,899,155,0,899
2025-01-28 08:00:00,8778.71,8795.84,8762.3,8765.71,897,155,0,897
2025-01-28 08:15:00,8768.17,8792.2,8754.77,8772.09,898,155,0,898
2025-01-28 08:30:00,8773.29,8800.67,8753.09,8773.66,896,155,0,896
2025-01-28 08:45:00,8773.67,8779.58,8739.66,8741.75,898,154,0,898
2025-01-28 09:00:00,8740.51,8768.89,8679.17,8679.72,899,153,0,899
2025-01-28 09:15:00,8678.94,8680.02,8605.52,8607.56,897,152,0,897
2025-01-28 09:30:00,8607.98,8623.81,8578.65,8582.4,898,151,0,898
2025-01-28 09:45:00,8581.2,8675.51,8573.01,8671.41,898,151,0,898
2025-01-28 10:00:00,8671.54,8692.08,8636.83,8638.77,897,152,0,897
2025-01-28 10:15:00,8638.84,8729.55,8636.87,8722.49,899,152,0,899
2025-01-28 10:30:00,8722.84,8767.86,8673.67,8699.58,894,153,0,894
2025-01-28 10:45:00,8699.79,8754.83,8687.58,8737.74,898,153,0,898
2025-01-28 11:00:00,8738.12,8799.41,8716.34,8787.41,899,154,0,899
2025-01-28 11:15:00,8787.96,8805.44,8767.0,8788.44,898,155,0,898
2025-01-28 11:30:00,8790.34,8817.99,8787.54,8813.95,896,155,0,896
2025-01-28 11:45:00,8814.12,8834.85,8798.3,8823.64,896,155,0,896
2025-01-28 12:00:00,8823.78,8829.48,8744.95,8746.9,897,154,0,897
2025-01-28 12:15:00,8747.57,8774.56,8710.65,8713.47,899,154,0,899
2025-01-28 12:30:00,8714.29,8761.86,8706.85,8738.3,896,154,0,896
2025-01-28 12:45:00,8739.82,8790.86,8731.05,8778.03,897,154,0,897
2025-01-28 13:00:00,8780.48,8856.89,8770.09,8834.19,897,155,0,897
2025-01-28 13:15:00,8833.7,8926.12,8811.94,8905.5,897,156,0,897
2025-01-28 13:30:00,8905.98,8942.39,8890.41,8924.41,897,157,0,897
2025-01-28 13:45:00,8923.05,8976.59,8907.74,8971.39,897,157,0,897
2025-01-28 14:00:00,8970.6,8987.62,8952.06,8969.29,897,158,0,897
2025-01-28 14:15:00,8970.28,9001.45,8943.86,8943.86,898,158,0,898
2025-01-28 14:30:00,8944.46,8944.46,8901.39,8917.6,899,157,0,899
2025-01-28 14:45:00,8916.95,8931.91,8863.47,8865.78,898,156,0,898
2025-01-28 15:00:00,8865.46,8896.6,8842.07,8879.49,897,156,0,897
2025-01-28 15:15:00,8880.07,8942.7,8877.22,8942.7,898,157,0,898
2025-01-28 15:30:00,8942.83,8974.66,8894.92,8910.46,898,157,0,898
2025-01-28 15:45:00,8910.64,8963.54,8896.6,8957.13,895,157,0,895
2025-01-28 16:00:00,8956.09,8956.09,8866.82,8872.65,896,157,0,896
2025-01-28 16:15:00,8873.73,8891.35,8807.5,8890.68,899,155,0,899
2025-01-28 16:30:00,8889.88,8894.86,8864.43,8886.67,897,157,0,897
2025-01-28 16:45:00,8887.35,8910.01,8874.25,8892.22,896,157,0,896
2025-01-28 17:00:00,8892.59,8948.65,8889.69,8926.18,898,157,0,898
2025-01-28 17:15:00,8925.27,8954.76,8919.13,8936.99,896,157,0,896
2025-01-28 17:30:00,8938.01,8978.09,8900.74,8903.84,894,157,0,894
2025-01-28 17:45:00,8902.83,8905.34,8863.72,8874.62,897,156,0,897
2025-01-28 18:00:00,8875.98,8946.6,8858.33,8923.01,897,156,0,897
2025-01-28 18:15:00,8920.66,8964.06,8909.74,8922.76,897,157,0,897
2025-01-28 18:30:00,8921.68,8941.27,8909.71,8940.11,894,157,0,894
2025-01-28 18:45:00,8941.29,8968.03,8905.98,8966.93,895,157,0,895
2025-01-28 19:00:00,8966.57,9007.71,8946.97,8950.71,896,158,0,896
2025-01-28 19:15:00,8949.45,9013.24,8949.45,8989.08,899,158,0,899
2025-01-28 19:30:00,8988.23,8993.89,8952.42,8978.66,899,158,0,899
2025-01-28 19:45:00,8976.43,8991.29,8930.93,8979.63,895,158,0,895
2025-01-28 20:00:00,8979.25,9016.93,8964.44,8964.44,898,158,0,898
2025-01-28 20:15:00,8966.26,8985.11,8944.2,8975.99,896,158,0,896
2025-01-28 20:30:00,8974.73,8993.57,8952.55,8982.42,899,158,0,899
2025-01-28 20:45:00,8984.71,8990.09,8946.85,8948.5,895,158,0,895
2025-01-28 21:00:00,8948.93,8952.02,8911.57,8915.73,900,157,0,900
2025-01-28 21:15:00,8914.95,8944.71,8878.11,8889.72,899,157,0,899
2025-01-28 21:30:00,8887.98,8926.13,8876.78,8891.73,898,157,0,898
2025-01-28 21:45:00,8891.14,8927.57,8875.27,8876.39,897,157,0,897
2025-01-28 22:00:00,8878.19,8907.36,8866.42,8900.62,893,157,0,893
2025-01-28 22:15:00,8900.5,8947.39,8893.91,8922.02,897,157,0,897
2025-01-28 22:30:00,8920.97,8934.66,8884.75,8904.24,897,157,0,897
2025-01-28 22:45:00,8902.13,8924.04,8870.52,8873.2,896,157,0,896
2025-01-28 23:00:00,8870.61,8929.09,8869.82,8903.48,899,157,0,899
2025-01-28 23:15:00,8902.3,8929.07,8880.91,8917.04,898,157,0,898
2025-01-28 23:30:00,8916.57,8954.9,8913.69,8937.84,894,157,0,894
2025-01-28 23:45:00,8937.23,8954.38,8915.83,8937.13,897,157,0,897
2025-01-29 00:00:00,8938.66,8940.7,8810.04,8810.43,899,156,0,899
2025-01-29 00:15:00,8812.59,8818.1,8787.26,8807.93,898,155,0,898
2025-01-29 00:30:00,8807.46,8882.13,8795.34,8861.2,894,155,0,894
2025-01-29 00:45:00,8861.26,8887.31,8819.95,8821.43,899,156,0,899
2025-01-29 01:00:00,8820.91,8829.89,8753.06,8763.04,898,155,0,898
2025-01-29 01:15:00,8762.72,8775.97,8737.39,8766.02,898,154,0,898
2025-01-29 01:30:00,8763.96,8777.81,8723.77,8750.21,899,154,0,899
2025-01-29 01:45:00,8752.24,8844.49,8736.94,8840.58,896,154,0,896
2025-01-29 02:00:00,8842.26,8848.11,8791.49,8798.3,896,155,0,896
2025-01-29 02:15:00,8798.67,8828.04,8709.65,8709.65,897,154,0,897
2025-01-29 02:30:00,8708.74,8772.34,8703.34,8746.52,896,154,0,896
2025-01-29 02:45:00,8747.03,8768.19,8719.78,8756.14,895,154,0,895
2025-01-29 03:00:00,8754.56,8772.55,8734.96,8767.72,898,154,0,898
2025-01-29 03:15:00,8767.46,8818.45,8736.37,8814.52,899,154,0,899
2025-01-29 03:30:00,8814.21,8866.18,8811.77,8830.14,900,156,0,900
2025-01-29 03:45:00,8829.36,8881.48,8813.02,8880.55,898,156,0,898
2025-01-29 04:00:00,8881.41,8965.58,8875.55,8914.04,896,157,0,896
2025-01-29 04:15:00,8912.87,8930.31,8887.98,8917.27,899,157,0,899
2025-01-29 04:30:00,8913.56,8918.87,8894.74,8902.51,896,157,0,896
2025-01-29 04:45:00,8902.85,8926.69,8876.17,8882.13,899,157,0,899
2025-01-29 05:00:00,8881.3,8939.64,8874.65,8939.64,896,157,0,896
2025-01-29 05:15:00,8941.4,9003.9,8940.92,8996.29,897,158,0,897
2025-01-29 05:30:00,8996.36,9075.86,8990.16,9047.24,897,159,0,897
2025-01-29 05:45:00,9045.52,9056.99,8991.65,9039.53,897,159,0,897
2025-01-29 06:00:00,9039.93,9122.9,9038.02,9102.88,895,160,0,895
2025-01-29 06:15:00,9102.37,9131.08,9052.74,9112.16,896,160,0,896
2025-01-29 06:30:00,9111.49,9155.51,9071.43,9153.78,897,160,0,897
2025-01-29 06:45:00,9152.39,9163.4,9095.01,9099.55,900,161,0,900
2025-01-29 07:00:00,9097.07,9122.33,9065.05,9073.41,898,160,0,898
2025-01-29 07:15:00,9073.8,9101.93,9055.36,9062.31,897,160,0,897
2025-01-29 07:30:00,9062.67,9088.4,9035.79,9055.26,900,159,0,900
2025-01-29 07:45:00,9055.4,9057.69,8943.81,8955.27,895,158,0,895
2025-01-29 08:00:00,8956.33,8967.97,8853.38,8853.38,896,156,0,896
2025-01-29 08:15:00,8852.86,8881.77,8845.0,8861.46,897,156,0,897
2025-01-29 08:30:00,8862.18,8863.3,8831.82,8853.51,896,156,0,896
2025-01-29 08:45:00,8854.79,8862.26,8821.91,8846.34,898,156,0,898
2025-01-29 09:00:00,8846.51,8887.46,8845.79,8860.18,898,156,0,898
2025-01-29 09:15:00,8860.83,8884.43,8841.15,8855.35,895,156,0,895
2025-01-29 09:30:00,8852.38,8859.83,8750.62,8789.12,897,154,0,897
2025-01-29 09:45:00,8788.09,8809.22,8765.54,8790.59,894,155,0,894
2025-01-29 10:00:00,8792.42,8825.74,8761.51,8812.26,896,155,0,896
2025-01-29 10:15:00,8813.46,8813.46,8722.83,8793.35,893,154,0,893
2025-01-29 10:30:00,8792.86,8797.2,8722.99,8727.92,899,154,0,899
2025-01-29 10:45:00,8729.05,8774.92,8722.04,8768.1,896,154,0,896
2025-01-29 11:00:00,8766.88,8800.87,8748.85,8799.65,895,154,0,895
2025-01-29 11:15:00,8799.98,8835.15,8776.83,8814.81,899,155,0,899
2025-01-29 11:30:00,8814.09,8857.98,8794.45,8835.24,898,155,0,898
2025-01-29 11:45:00,8835.73,8841.06,8783.7,8828.06,898,155,0,898
2025-01-29 12:00:00,8828.81,8898.88,8819.85,8898.88,895,156,0,895
2025-01-29 12:15:00,8900.23,8959.87,8897.92,8958.7,896,157,0,896
2025-01-29 12:30:00,8959.61,8999.53,8936.57,8983.69,896,158,0,896
2025-01-29 12:45:00,8984.19,8993.0,8855.22,8900.05,900,156,0,900
2025-01-29 13:00:00,8899.64,8903.59,8845.67,8853.88,896,156,0,896
2025-01-29 13:15:00,8853.93,8913.82,8849.32,8886.77,898,156,0,898
2025-01-29 13:30:00,8885.94,8900.25,8840.8,8898.76,899,156,0,899
2025-01-29 13:45:00,8900.66,8934.63,8883.3,8908.1,898,157,0,898
2025-01-29 14:00:00,8909.8,8912.76,8869.76,8871.15,897,157,0,897
2025-01-29 14:15:00,8871.68,8918.9,8836.65,8872.45,897,156,0,897
2025-01-29 14:30:00,8872.11,8889.92,8844.41,8867.44,895,156,0,895
2025-01-29 14:45:00,8868.52,8930.04,8834.66,8841.21,895,156,0,895
2025-01-29 15:00:00,8841.01,8881.1,8834.29,8838.22,897,156,0,897
2025-01-29 15:15:00,8839.46,8897.33,8834.5,8895.92,896,156,0,896
2025-01-29 15:30:00,8896.2,8938.12,8887.49,8921.77,899,157,0,899
2025-01-29 15:45:00,8921.27,8954.7,8900.31,8954.7,897,157,0,897
2025-01-29 16:00:00,8955.14,8963.41,8902.3,8912.82,895,157,0,895
2025-01-29 16:15:00,8912.4,8963.32,8883.26,8942.53,896,157,0,896
2025-01-29 16:30:00,8940.37,8941.2,8860.99,8889.55,898,156,0,898
2025-01-29 16:45:00,8891.75,8904.75,8849.03,8903.42,899,156,0,899
2025-01-29 17:00:00,8903.68,8907.02,8874.62,8900.04,899,157,0,899
2025-01-29 17:15:00,8900.87,8939.2,8889.29,8919.93,900,157,0,900
2025-01-29 17:30:00,8920.77,8945.57,8890.8,8945.57,898,157,0,898
2025-01-29 17:45:00,8946.28,9014.33,8930.29,9003.13,895,158,0,895
2025-01-29 18:00:00,9002.7,9009.3,8949.87,8975.25,896,158,0,896
2025-01-29 18:15:00,8974.83,8992.56,8950.55,8959.86,898,158,0,898
2025-01-29 18:30:00,8960.09,8961.66,8913.65,8923.74,897,157,0,897
2025-01-29 18:45:00,8924.34,9033.52,8923.25,9021.76,898,157,0,898
2025-01-29 19:00:00,9021.21,9055.83,9005.47,9046.84,896,159,0,896
2025-01-29 19:15:00,9047.36,9127.32,9043.58,9127.32,898,160,0,898
2025-01-29 19:30:00,9127.78,9172.16,9099.36,9162.8,895,161,0,895
2025-01-29 19:45:00,9161.23,9214.39,9160.36,9207.82,897,162,0,897
2025-01-29 20:00:00,9208.9,9220.94,9167.2,9178.11,898,162,0,898
2025-01-29 20:15:00,9180.45,9231.02,9149.62,9155.33,895,162,0,895
2025-01-29 20:30:00,9157.97,9361.84,9154.32,9325.41,898,162,0,898
2025-01-29 20:45:00,9324.49,9334.65,9254.39,9269.74,895,163,0,895
2025-01-29 21:00:00,9270.76,9276.63,9230.75,9248.43,898,163,0,898
2025-01-29 21:15:00,9249.2,9266.97,9207.45,9244.0,899,163,0,899
2025-01-29 21:30:00,9243.19,9244.87,9202.56,9237.17,899,162,0,899
2025-01-29 21:45:00,9238.56,9281.86,9221.75,9252.9,899,163,0,899
2025-01-29 22:00:00,9251.27,9364.93,9245.76,9332.86,896,163,0,896
2025-01-29 22:15:00,9334.72,9374.04,9332.52,9364.05,896,165,0,896
2025-01-29 22:30:00,9365.72,9453.15,9365.72,9434.31,898,165,0,898
2025-01-29 22:45:00,9434.55,9499.49,9429.0,9495.67,896,166,0,896
2025-01-29 23:00:00,9496.04,9569.35,9494.44,9553.15,898,168,0,898
2025-01-29 23:15:00,9553.13,9598.88,9536.7,9557.58,899,168,0,899
2025-01-29 23:30:00,9557.94,9558.32,9433.22,9438.76,894,167,0,894
2025-01-29 23:45:00,9437.9,9472.2,9374.19,9374.19,899,166,0,899
2025-01-30 00:00:00,9373.8,9380.43,9240.24,9279.16,895,163,0,895
2025-01-30 00:15:00,9279.32,9412.87,9268.01,9412.87,900,164,0,900
2025-01-30 00:30:00,9413.61,9505.57,9394.59,9500.43,897,166,0,897
2025-01-30 00:45:00,9499.88,9606.31,9465.61,9606.31,897,167,0,897
2025-01-30 01:00:00,9606.85,9661.97,9578.99,9581.37,898,169,0,898
2025-01-30 01:15:00,9579.17,9605.35,9534.47,9545.6,895,168,0,895
2025-01-30 01:30:00,9545.74,9547.16,9489.0,9510.38,895,168,0,895
2025-01-30 01:45:00,9512.0,9556.63,9502.8,9538.27,898,168,0,898
2025-01-30 02:00:00,9537.7,9544.12,9476.36,9483.25,897,167,0,897
2025-01-30 02:15:00,9483.56,9511.71,9466.97,9475.47,896,167,0,896
2025-01-30 02:30:00,9474.72,9482.96,9456.57,9468.43,898,167,0,898
2025-01-30 02:45:00,9467.94,9493.16,9439.11,9439.95,898,167,0,898
2025-01-30 03:00:00,9439.05,9498.77,9419.02,9468.5,896,166,0,896
2025-01-30 03:15:00,9468.9,9535.56,9460.75,9471.78,898,167,0,898
2025-01-30 03:30:00,9471.02,9506.97,9465.16,9500.02,896,167,0,896
2025-01-30 03:45:00,9500.83,9505.01,9420.36,9422.7,898,167,0,898
2025-01-30 04:00:00,9423.87,9508.4,9408.69,9412.81,897,166,0,897
2025-01-30 04:15:00,9414.2,9444.82,9378.17,9382.47,897,166,0,897
2025-01-30 04:30:00,9382.04,9442.81,9318.31,9330.63,900,165,0,900
2025-01-30 04:45:00,9330.21,9395.53,9329.17,9390.55,899,165,0,899
2025-01-30 05:00:00,9388.87,9427.67,9379.92,9412.23,895,166,0,895
2025-01-30 05:15:00,9411.52,9428.2,9346.9,9347.92,899,165,0,899
2025-01-30 05:30:00,9348.58,9352.63,9253.86,9260.61,897,163,0,897
2025-01-30 05:45:00,9259.75,9350.06,9259.75,9346.53,897,164,0,897
2025-01-30 06:00:00,9347.76,9395.62,9343.29,9365.68,899,165,0,899
2025-01-30 06:15:00,9366.3,9368.63,9320.27,9361.83,900,165,0,900
2025-01-30 06:30:00,9363.51,9379.88,9346.8,9355.3,898,165,0,898
2025-01-30 06:45:00,9355.76,9439.72,9352.24,9409.2,897,165,0,897
2025-01-30 07:00:00,9409.33,9423.49,9363.05,9400.6,898,165,0,898
2025-01-30 07:15:00,9401.38,9452.62,9398.87,9431.12,897,166,0,897
2025-01-30 07:30:00,9429.4,9436.83,9406.69,9433.09,896,166,0,896
2025-01-30 07:45:00,9433.48,9439.73,9363.49,9370.52,894,165,0,894
2025-01-30 08:00:00,9368.55,9382.94,9336.28,9378.14,899,165,0,899
2025-01-30 08:15:00,9376.08,9381.8,9300.54,9302.22,898,164,0,898
2025-01-30 08:30:00,9303.48,9333.91,9294.93,9314.27,896,164,0,896
2025-01-30 08:45:00,9313.08,9335.44,9292.99,9307.79,895,164,0,895
2025-01-30 09:00:00,9308.3,9354.94,9298.13,9336.67,896,164,0,896
2025-01-30 09:15:00,9336.93,9350.08,9248.42,9275.38,898,163,0,898
2025-01-30 09:30:00,9274.86,9302.66,9236.96,9278.56,899,163,0,899
2025-01-30 09:45:00,9280.45,9317.85,9266.43,9310.31,897,164,0,897
2025-01-30 10:00:00,9309.42,9368.68,9249.32,9274.29,898,163,0,898
2025-01-30 10:15:00,9272.93,9303.25,9260.47,9280.72,897,164,0,897
2025-01-30 10:30:00,9280.38,9284.43,9211.62,9224.96,898,163,0,898
2025-01-30 10:45:00,9226.64,9266.95,9209.54,9263.08,900,163,0,900
2025-01-30 11:00:00,9261.07,9308.48,9257.04,9296.13,896,163,0,896
2025-01-30 11:15:00,9294.97,9304.29,9238.62,9238.62,896,163,0,896
2025-01-30 11:30:00,9238.38,9274.81,9190.42,9267.19,900,162,0,900
2025-01-30 11:45:00,9268.24,9322.06,9264.85,9293.31,898,164,0,898
2025-01-30 12:00:00,9294.18,9379.59,9294.18,9368.24,898,164,0,898
2025-01-30 12:15:00,9369.11,9416.38,9368.32,9395.75,897,165,0,897
2025-01-30 12:30:00,9395.08,9445.39,9392.92,9412.37,899,166,0,899
2025-01-30 12:45:00,9413.23,9456.26,9409.38,9433.39,896,166,0,896
2025-01-30 13:00:00,9433.46,9457.15,9407.93,9455.34,898,166,0,898
2025-01-30 13:15:00,9455.59,9485.49,9416.02,9440.87,897,166,0,897
2025-01-30 13:30:00,9442.15,9461.84,9412.1,9435.29,899,166,0,899
2025-01-30 13:45:00,9438.01,9511.09,9411.1,9485.89,893,166,0,893
2025-01-30 14:00:00,9484.86,9511.27,9420.5,9510.7,896,166,0,896
2025-01-30 14:15:00,9511.99,9594.56,9498.02,9567.24,898,168,0,898
2025-01-30 14:30:00,9567.54,9618.23,9563.66,9578.58,896,169,0,896
2025-01-30 14:45:00,9579.05,9584.34,9548.36,9583.5,895,169,0,895
2025-01-30 15:00:00,9582.7,9597.1,9553.1,9586.89,897,169,0,897
2025-01-30 15:15:00,9586.86,9593.81,9548.74,9554.09,897,169,0,897
2025-01-30 15:30:00,9554.18,9572.63,9532.98,9551.77,897,168,0,897
2025-01-30 15:45:00,9553.17,9555.09,9459.29,9463.3,898,167,0,898
2025-01-30 16:00:00,9464.45,9470.28,9400.13,9406.61,895,166,0,895
2025-01-30 16:15:00,9404.37,9433.71,9361.63,9369.77,898,165,0,898
2025-01-30 16:30:00,9371.62,9371.96,9300.42,9320.4,898,164,0,898
2025-01-30 16:45:00,9321.86,9387.47,9309.56,9377.56,895,164,0,895
2025-01-30 17:00:00,9378.25,9379.15,9296.67,9306.19,896,164,0,896
2025-01-30 17:15:00,9307.1,9367.82,9229.33,9307.63,896,163,0,896
2025-01-30 17:30:00,9306.93,9327.47,9283.71,9290.14,897,164,0,897
2025-01-30 17:45:00,9288.66,9305.46,9258.87,9268.24,896,163,0,896
2025-01-30 18:00:00,9267.05,9310.19,9252.54,9291.77,897,163,0,897
2025-01-30 18:15:00,9289.16,9294.69,9232.7,9238.5,894,163,0,894
2025-01-30 18:30:00,9239.27,9244.8,9199.11,9232.7,899,162,0,899
2025-01-30 18:45:00,9234.32,9276.21,9163.07,9167.41,897,162,0,897
2025-01-30 19:00:00,9167.06,9244.43,9160.1,9228.22,899,162,0,899
2025-01-30 19:15:00,9227.39,9252.56,9201.63,9225.03,897,162,0,897
2025-01-30 19:30:00,9224.58,9300.35,9223.37,9274.21,896,163,0,896
2025-01-30 19:45:00,9272.41,9278.97,9207.15,9230.79,897,162,0,897
2025-01-30 20:00:00,9229.62,9265.54,9218.75,9234.64,897,163,0,897
2025-01-30 20:15:00,9235.9,9239.47,9186.49,9220.79,898,162,0,898
2025-01-30 20:30:00,9220.49,9225.65,9186.47,9196.43,898,162,0,898
2025-01-30 20:45:00,9194.72,9242.32,9191.31,9227.39,894,162,0,894
2025-01-30 21:00:00,9229.09,9229.09,9133.65,9138.56,899,161,0,899
2025-01-30 21:15:00,9141.07,9149.4,9110.34,9122.67,896,161,0,896
2025-01-30 21:30:00,9122.43,9127.19,9046.08,9063.82,898,160,0,898
2025-01-30 21:45:00,9063.95,9065.22,8978.97,9005.11,896,159,0,896
2025-01-30 22:00:00,9007.3,9015.64,8972.72,9012.16,896,158,0,896
2025-01-30 22:15:00,9014.23,9021.3,8986.38,8990.82,896,159,0,896
2025-01-30 22:30:00,8991.28,8993.93,8936.03,8956.94,897,158,0,897
2025-01-30 22:45:00,8954.39,9028.08,8953.59,9025.0,900,158,0,900
2025-01-30 23:00:00,9024.16,9053.5,8958.86,8960.45,897,158,0,897
