datetime,open,high,low,close,tick_volume,spread,real_volume,volume
2024-12-31 23:00:00,102811.0,102829.0,102795.0,102824.0,900,10,0,900
2024-12-31 23:15:00,102823.0,102838.0,102796.0,102826.0,900,10,0,900
2024-12-31 23:30:00,102827.0,102838.0,102795.0,102804.0,900,10,0,900
2024-12-31 23:45:00,102805.0,102838.0,102795.0,102796.0,900,10,0,900
2025-01-01 00:00:00,102795.0,102818.0,102795.0,102798.0,900,10,0,900
2025-01-01 00:15:00,102799.0,102838.0,102798.0,102828.0,900,10,0,900
2025-01-01 00:30:00,102829.0,102836.0,102795.0,102800.0,900,10,0,900
2025-01-01 00:45:00,102801.0,102830.0,102795.0,102796.0,900,10,0,900
2025-01-01 01:00:00,102795.0,102838.0,102795.0,102830.0,900,10,0,900
2025-01-01 01:15:00,102831.0,102837.0,102795.0,102836.0,900,10,0,900
2025-01-01 01:30:00,102835.0,102838.0,102804.0,102808.0,900,10,0,900
2025-01-01 01:45:00,102807.0,102838.0,102807.0,102836.0,900,10,0,900
2025-01-01 02:00:00,102837.0,102838.0,102811.0,102828.0,900,10,0,900
2025-01-01 02:15:00,102829.0,102833.0,102795.0,102828.0,900,10,0,900
2025-01-01 02:30:00,102827.0,102838.0,102804.0,102806.0,900,10,0,900
2025-01-01 02:45:00,102807.0,102821.0,102795.0,102804.0,900,10,0,900
2025-01-01 03:00:00,102803.0,102817.0,102795.0,102812.0,900,10,0,900
2025-01-01 03:15:00,102811.0,102838.0,102795.0,102838.0,900,10,0,900
2025-01-01 03:30:00,102837.0,103119.0,102831.0,103092.0,900,10,0,900
2025-01-01 03:45:00,103091.0,103119.0,103084.0,103118.0,900,10,0,900
2025-01-01 04:00:00,103119.0,103119.0,103084.0,103106.0,900,10,0,900
2025-01-01 04:15:00,103105.0,103119.0,103093.0,103108.0,900,10,0,900
2025-01-01 04:30:00,103107.0,103119.0,103094.0,103112.0,900,10,0,900
2025-01-01 04:45:00,103111.0,103119.0,103098.0,103112.0,900,10,0,900
2025-01-01 05:00:00,103113.0,103119.0,103084.0,103088.0,900,10,0,900
2025-01-01 05:15:00,103089.0,103119.0,103084.0,103084.0,900,10,0,900
2025-01-01 05:30:00,103085.0,103119.0,103084.0,103116.0,900,10,0,900
2025-01-01 05:45:00,103117.0,103464.0,103108.0,103456.0,900,10,0,900
2025-01-01 06:00:00,103455.0,103456.0,103398.0,103398.0,900,10,0,900
2025-01-01 06:15:00,103399.0,103417.0,103390.0,103396.0,900,10,0,900
2025-01-01 06:30:00,103395.0,103433.0,103394.0,103428.0,900,10,0,900
2025-01-01 06:45:00,103427.0,103464.0,103395.0,103462.0,900,10,0,900
2025-01-01 07:00:00,103463.0,103464.0,103444.0,103458.0,900,10,0,900
2025-01-01 07:15:00,103457.0,103462.0,103439.0,103446.0,900,10,0,900
2025-01-01 07:30:00,103445.0,103453.0,103414.0,103420.0,900,10,0,900
2025-01-01 07:45:00,103419.0,103451.0,103413.0,103426.0,900,10,0,900
2025-01-01 08:00:00,103425.0,103445.0,103411.0,103418.0,900,10,0,900
2025-01-01 08:15:00,103419.0,103423.0,103390.0,103396.0,900,10,0,900
2025-01-01 08:30:00,103397.0,103410.0,103390.0,103404.0,900,10,0,900
2025-01-01 08:45:00,103403.0,103420.0,103241.0,103262.0,900,10,0,900
2025-01-01 09:00:00,103261.0,103310.0,103260.0,103278.0,900,10,0,900
2025-01-01 09:15:00,103279.0,103300.0,103267.0,103292.0,900,10,0,900
2025-01-01 09:30:00,103291.0,103310.0,103269.0,103290.0,900,10,0,900
2025-01-01 09:45:00,103289.0,103310.0,103258.0,103302.0,900,10,0,900
2025-01-01 10:00:00,103303.0,103310.0,103266.0,103266.0,900,10,0,900
2025-01-01 10:15:00,103265.0,103274.0,103241.0,103266.0,900,10,0,900
2025-01-01 10:30:00,103265.0,103278.0,103241.0,103272.0,900,10,0,900
2025-01-01 10:45:00,103273.0,103295.0,103259.0,103272.0,900,10,0,900
2025-01-01 11:00:00,103271.0,103275.0,103241.0,103260.0,900,10,0,900
2025-01-01 11:15:00,103261.0,103264.0,103241.0,103248.0,900,10,0,900
2025-01-01 11:30:00,103247.0,103283.0,103241.0,103270.0,900,10,0,900
2025-01-01 11:45:00,103271.0,103294.0,103254.0,103292.0,900,10,0,900
2025-01-01 12:00:00,103291.0,103305.0,103285.0,103298.0,900,10,0,900
2025-01-01 12:15:00,103297.0,103310.0,103275.0,103302.0,900,10,0,900
2025-01-01 12:30:00,103303.0,103403.0,103281.0,103394.0,900,10,0,900
2025-01-01 12:45:00,103393.0,103403.0,103384.0,103384.0,900,10,0,900
2025-01-01 13:00:00,103383.0,103403.0,103376.0,103390.0,900,10,0,900
2025-01-01 13:15:00,103391.0,103403.0,103376.0,103378.0,900,10,0,900
2025-01-01 13:30:00,103379.0,103403.0,103376.0,103394.0,900,10,0,900
2025-01-01 13:45:00,103393.0,103403.0,103376.0,103388.0,900,10,0,900
2025-01-01 14:00:00,103389.0,103403.0,103376.0,103378.0,900,10,0,900
2025-01-01 14:15:00,103377.0,103403.0,103376.0,103386.0,900,10,0,900
2025-01-01 14:30:00,103385.0,103543.0,103382.0,103517.0,900,10,0,900
2025-01-01 14:45:00,103516.0,103527.0,103486.0,103499.0,900,10,0,900
2025-01-01 15:00:00,103498.0,103498.0,103463.0,103487.0,900,10,0,900
2025-01-01 15:15:00,103488.0,103491.0,103463.0,103467.0,900,10,0,900
2025-01-01 15:30:00,103468.0,103486.0,103463.0,103485.0,900,10,0,900
2025-01-01 15:45:00,103484.0,103525.0,103483.0,103497.0,900,10,0,900
2025-01-01 16:00:00,103496.0,103514.0,103481.0,103513.0,900,10,0,900
2025-01-01 16:15:00,103512.0,103531.0,103495.0,103509.0,900,10,0,900
2025-01-01 16:30:00,103510.0,103528.0,103497.0,103521.0,900,10,0,900
2025-01-01 16:45:00,103520.0,103524.0,103470.0,103487.0,900,10,0,900
2025-01-01 17:00:00,103488.0,103488.0,103463.0,103481.0,900,10,0,900
2025-01-01 17:15:00,103482.0,103486.0,103463.0,103465.0,900,10,0,900
2025-01-01 17:30:00,103464.0,103514.0,103463.0,103511.0,900,10,0,900
2025-01-01 17:45:00,103512.0,103527.0,103489.0,103519.0,900,10,0,900
2025-01-01 18:00:00,103520.0,103543.0,103503.0,103503.0,900,10,0,900
2025-01-01 18:15:00,103502.0,103512.0,103463.0,103471.0,900,10,0,900
2025-01-01 18:30:00,103472.0,103508.0,103463.0,103487.0,900,10,0,900
2025-01-01 18:45:00,103486.0,103528.0,103473.0,103505.0,900,10,0,900
2025-01-01 19:00:00,103506.0,103531.0,103486.0,103495.0,900,10,0,900
2025-01-01 19:15:00,103496.0,103516.0,103475.0,103491.0,900,10,0,900
2025-01-01 19:30:00,103490.0,103541.0,103484.0,103503.0,900,10,0,900
2025-01-01 19:45:00,103504.0,103528.0,103503.0,103517.0,900,10,0,900
2025-01-01 20:00:00,103516.0,103540.0,103500.0,103501.0,900,10,0,900
2025-01-01 20:15:00,103500.0,103507.0,103463.0,103471.0,900,10,0,900
2025-01-01 20:30:00,103470.0,103515.0,103463.0,103505.0,900,10,0,900
2025-01-01 20:45:00,103506.0,103511.0,103479.0,103507.0,900,10,0,900
2025-01-01 21:00:00,103508.0,103511.0,103466.0,103469.0,900,10,0,900
2025-01-01 21:15:00,103470.0,103485.0,103365.0,103382.0,900,10,0,900
2025-01-01 21:30:00,103383.0,103429.0,103381.0,103408.0,900,10,0,900
2025-01-01 21:45:00,103407.0,103429.0,103380.0,103382.0,900,10,0,900
2025-01-01 22:00:00,103381.0,103412.0,103365.0,103412.0,900,10,0,900
2025-01-01 22:15:00,103411.0,103429.0,103394.0,103428.0,900,10,0,900
2025-01-01 22:30:00,103429.0,103429.0,103408.0,103424.0,900,10,0,900
2025-01-01 22:45:00,103425.0,103429.0,103395.0,103424.0,900,10,0,900
2025-01-01 23:00:00,103425.0,103429.0,103365.0,103374.0,900,10,0,900
2025-01-01 23:15:00,103375.0,103375.0,103095.0,103121.0,900,10,0,900
2025-01-01 23:30:00,103122.0,103139.0,103100.0,103125.0,900,10,0,900
2025-01-01 23:45:00,103126.0,103139.0,103097.0,103133.0,900,10,0,900
2025-01-02 00:00:00,103132.0,103139.0,103105.0,103107.0,900,10,0,900
2025-01-02 00:15:00,103108.0,103124.0,103095.0,103113.0,900,10,0,900
2025-01-02 00:30:00,103112.0,103125.0,103095.0,103121.0,900,10,0,900
2025-01-02 00:45:00,103120.0,103139.0,103109.0,103123.0,900,10,0,900
2025-01-02 01:00:00,103122.0,103139.0,103109.0,103115.0,900,10,0,900
2025-01-02 01:15:00,103114.0,103139.0,103108.0,103139.0,900,10,0,900
2025-01-02 01:30:00,103138.0,103139.0,103105.0,103123.0,900,10,0,900
2025-01-02 01:45:00,103122.0,103139.0,103120.0,103135.0,900,10,0,900
2025-01-02 02:00:00,103134.0,103139.0,103095.0,103105.0,900,10,0,900
2025-01-02 02:15:00,103106.0,103115.0,103095.0,103107.0,900,10,0,900
2025-01-02 02:30:00,103108.0,103116.0,103095.0,103097.0,900,10,0,900
2025-01-02 02:45:00,103096.0,103139.0,103095.0,103137.0,900,10,0,900
2025-01-02 03:00:00,103138.0,103139.0,103115.0,103121.0,900,10,0,900
2025-01-02 03:15:00,103122.0,103139.0,103113.0,103119.0,900,10,0,900
2025-01-02 03:30:00,103118.0,103126.0,103095.0,103111.0,900,10,0,900
2025-01-02 03:45:00,103110.0,103117.0,103095.0,103095.0,900,10,0,900
2025-01-02 04:00:00,103096.0,103118.0,103095.0,103111.0,900,10,0,900
2025-01-02 04:15:00,103112.0,103131.0,103095.0,103111.0,900,10,0,900
2025-01-02 04:30:00,103112.0,103139.0,103102.0,103131.0,900,10,0,900
2025-01-02 04:45:00,103130.0,103130.0,103095.0,103113.0,900,10,0,900
2025-01-02 05:00:00,103114.0,103139.0,103104.0,103135.0,900,10,0,900
2025-01-02 05:15:00,103134.0,103139.0,103099.0,103135.0,900,10,0,900
2025-01-02 05:30:00,103136.0,103139.0,103106.0,103113.0,900,10,0,900
2025-01-02 05:45:00,103112.0,103138.0,103095.0,103119.0,900,10,0,900
2025-01-02 06:00:00,103120.0,103139.0,103115.0,103115.0,900,10,0,900
2025-01-02 06:15:00,103116.0,103128.0,103095.0,103107.0,900,10,0,900
2025-01-02 06:30:00,103108.0,103117.0,103095.0,103099.0,900,10,0,900
2025-01-02 06:45:00,103098.0,103118.0,103095.0,103109.0,900,10,0,900
2025-01-02 07:00:00,103110.0,103133.0,103095.0,103099.0,900,10,0,900
2025-01-02 07:15:00,103098.0,103116.0,103095.0,103103.0,900,10,0,900
2025-01-02 07:30:00,103104.0,103125.0,103095.0,103097.0,900,10,0,900
2025-01-02 07:45:00,103098.0,103112.0,103095.0,103109.0,900,10,0,900
2025-01-02 08:00:00,103108.0,103128.0,103098.0,103127.0,900,10,0,900
2025-01-02 08:15:00,103126.0,103126.0,103095.0,103099.0,900,10,0,900
2025-01-02 08:30:00,103100.0,103129.0,103095.0,103123.0,900,10,0,900
2025-01-02 08:45:00,103122.0,103134.0,103095.0,103099.0,900,10,0,900
2025-01-02 09:00:00,103098.0,103125.0,103095.0,103103.0,900,10,0,900
2025-01-02 09:15:00,103102.0,103129.0,103095.0,103105.0,900,10,0,900
2025-01-02 09:30:00,103106.0,103139.0,103105.0,103139.0,900,10,0,900
2025-01-02 09:45:00,103138.0,103139.0,103116.0,103131.0,900,10,0,900
2025-01-02 10:00:00,103132.0,103139.0,103116.0,103125.0,900,10,0,900
2025-01-02 10:15:00,103124.0,103139.0,103103.0,103129.0,900,10,0,900
2025-01-02 10:30:00,103128.0,103129.0,102922.0,102947.0,900,10,0,900
2025-01-02 10:45:00,102948.0,102994.0,102948.0,102967.0,900,10,0,900
2025-01-02 11:00:00,102968.0,102994.0,102958.0,102987.0,890,10,0,890
2025-01-02 11:15:00,102986.0,102994.0,102974.0,102991.0,900,10,0,900
2025-01-02 11:30:00,102990.0,103291.0,102989.0,103273.0,900,10,0,900
2025-01-02 11:45:00,103274.0,103291.0,103268.0,103283.0,900,10,0,900
2025-01-02 12:00:00,103284.0,103291.0,103268.0,103281.0,900,10,0,900
2025-01-02 12:15:00,103280.0,103291.0,103029.0,103031.0,900,10,0,900
2025-01-02 12:30:00,103032.0,103067.0,103029.0,103063.0,900,10,0,900
2025-01-02 12:45:00,103062.0,103105.0,103062.0,103103.0,900,10,0,900
2025-01-02 13:00:00,103102.0,103105.0,103085.0,103103.0,900,10,0,900
2025-01-02 13:15:00,103104.0,103105.0,103081.0,103081.0,900,10,0,900
2025-01-02 13:30:00,103080.0,103105.0,103079.0,103091.0,900,10,0,900
2025-01-02 13:45:00,103090.0,103105.0,103055.0,103083.0,900,10,0,900
2025-01-02 14:00:00,103084.0,103099.0,103029.0,103039.0,900,10,0,900
2025-01-02 14:15:00,103040.0,103071.0,103035.0,103065.0,900,10,0,900
2025-01-02 14:30:00,103064.0,103072.0,103030.0,103033.0,900,10,0,900
2025-01-02 14:45:00,103034.0,103062.0,103029.0,103051.0,900,10,0,900
2025-01-02 15:00:00,103050.0,103105.0,103049.0,103101.0,900,10,0,900
2025-01-02 15:15:00,103102.0,103105.0,103085.0,103097.0,900,10,0,900
2025-01-02 15:30:00,103096.0,103103.0,103059.0,103099.0,900,10,0,900
2025-01-02 15:45:00,103098.0,103105.0,103063.0,103063.0,900,10,0,900
2025-01-02 16:00:00,103062.0,103079.0,103047.0,103069.0,900,10,0,900
2025-01-02 16:15:00,103068.0,103103.0,103029.0,103031.0,900,10,0,900
2025-01-02 16:30:00,103030.0,103049.0,103029.0,103049.0,900,10,0,900
2025-01-02 16:45:00,103048.0,103059.0,103029.0,103043.0,900,10,0,900
2025-01-02 17:00:00,103044.0,103105.0,103033.0,103099.0,900,10,0,900
2025-01-02 17:15:00,103098.0,103105.0,103083.0,103083.0,900,10,0,900
2025-01-02 17:30:00,103084.0,103094.0,103049.0,103065.0,900,10,0,900
2025-01-02 17:45:00,103066.0,103085.0,103041.0,103077.0,900,10,0,900
2025-01-02 18:00:00,103078.0,103105.0,103066.0,103073.0,900,10,0,900
2025-01-02 18:15:00,103074.0,103079.0,103029.0,103053.0,900,10,0,900
2025-01-02 18:30:00,103052.0,103102.0,103045.0,103093.0,900,10,0,900
2025-01-02 18:45:00,103092.0,103105.0,103071.0,103083.0,900,10,0,900
2025-01-02 19:00:00,103084.0,103105.0,103077.0,103103.0,900,10,0,900
2025-01-02 19:15:00,103102.0,103105.0,103076.0,103087.0,900,10,0,900
2025-01-02 19:30:00,103086.0,103105.0,103057.0,103103.0,900,10,0,900
2025-01-02 19:45:00,103102.0,103105.0,103067.0,103091.0,900,10,0,900
2025-01-02 20:00:00,103090.0,103105.0,103060.0,103091.0,900,10,0,900
2025-01-02 20:15:00,103092.0,103105.0,103072.0,103079.0,900,10,0,900
2025-01-02 20:30:00,103078.0,103303.0,103075.0,103290.0,900,10,0,900
2025-01-02 20:45:00,103291.0,103303.0,103263.0,103274.0,900,10,0,900
2025-01-02 21:00:00,103275.0,103303.0,103249.0,103250.0,900,10,0,900
2025-01-02 21:15:00,103251.0,103303.0,103249.0,103284.0,900,10,0,900
2025-01-02 21:30:00,103283.0,103287.0,103249.0,103252.0,900,10,0,900
2025-01-02 21:45:00,103251.0,103264.0,102985.0,102993.0,900,10,0,900
2025-01-02 22:00:00,102992.0,103007.0,102985.0,102987.0,900,10,0,900
2025-01-02 22:15:00,102988.0,103024.0,102988.0,103009.0,900,10,0,900
2025-01-02 22:30:00,103010.0,103024.0,102998.0,103021.0,900,10,0,900
2025-01-02 22:45:00,103022.0,103024.0,102985.0,102995.0,900,10,0,900
2025-01-02 23:00:00,102994.0,103024.0,102990.0,103021.0,900,10,0,900
2025-01-02 23:15:00,103020.0,103024.0,102985.0,102987.0,900,10,0,900
2025-01-02 23:30:00,102986.0,103024.0,102985.0,103019.0,900,10,0,900
2025-01-02 23:45:00,103018.0,103024.0,102996.0,103009.0,900,10,0,900
2025-01-03 00:00:00,103010.0,103013.0,102985.0,102987.0,900,10,0,900
2025-01-03 00:15:00,102988.0,103004.0,102985.0,102993.0,900,10,0,900
2025-01-03 00:30:00,102992.0,103024.0,102988.0,103019.0,900,10,0,900
2025-01-03 00:45:00,103020.0,103022.0,102985.0,103009.0,900,10,0,900
2025-01-03 01:00:00,103008.0,103024.0,102993.0,102993.0,900,10,0,900
2025-01-03 01:15:00,102994.0,103024.0,102994.0,103001.0,900,10,0,900
2025-01-03 01:30:00,103002.0,103009.0,102985.0,102991.0,900,10,0,900
2025-01-03 01:45:00,102992.0,103007.0,102985.0,102991.0,900,10,0,900
2025-01-03 02:00:00,102990.0,103012.0,102985.0,102991.0,900,10,0,900
2025-01-03 02:15:00,102990.0,103024.0,102990.0,102999.0,900,10,0,900
2025-01-03 02:30:00,103000.0,103005.0,102885.0,102906.0,900,10,0,900
2025-01-03 02:45:00,102907.0,102918.0,102885.0,102896.0,900,10,0,900
2025-01-03 03:00:00,102897.0,102909.0,102885.0,102898.0,900,10,0,900
2025-01-03 03:15:00,102897.0,102918.0,102885.0,102912.0,900,10,0,900
2025-01-03 03:30:00,102911.0,102918.0,102889.0,102898.0,900,10,0,900
2025-01-03 03:45:00,102899.0,103072.0,102885.0,103067.0,900,10,0,900
2025-01-03 04:00:00,103066.0,103072.0,103040.0,103071.0,900,10,0,900
2025-01-03 04:15:00,103070.0,103072.0,103040.0,103041.0,900,10,0,900
2025-01-03 04:30:00,103042.0,103072.0,103040.0,103067.0,900,10,0,900
2025-01-03 04:45:00,103068.0,103071.0,103040.0,103051.0,900,10,0,900
2025-01-03 05:00:00,103052.0,103058.0,103040.0,103047.0,900,10,0,900
2025-01-03 05:15:00,103048.0,103056.0,103040.0,103053.0,900,10,0,900
2025-01-03 05:30:00,103054.0,103072.0,103045.0,103067.0,900,10,0,900
2025-01-03 05:45:00,103068.0,103072.0,103040.0,103049.0,900,10,0,900
2025-01-03 06:00:00,103048.0,103072.0,103040.0,103065.0,900,10,0,900
2025-01-03 06:15:00,103064.0,103072.0,103040.0,103043.0,900,10,0,900
2025-01-03 06:30:00,103042.0,103072.0,103040.0,103043.0,900,10,0,900
2025-01-03 06:45:00,103042.0,103069.0,103040.0,103067.0,900,10,0,900
2025-01-03 07:00:00,103068.0,103070.0,103040.0,103047.0,900,10,0,900
2025-01-03 07:15:00,103048.0,103071.0,103041.0,103049.0,900,10,0,900
2025-01-03 07:30:00,103050.0,103072.0,103041.0,103063.0,900,10,0,900
2025-01-03 07:45:00,103064.0,103066.0,103040.0,103049.0,900,10,0,900
2025-01-03 08:00:00,103050.0,103072.0,103044.0,103061.0,900,10,0,900
2025-01-03 08:15:00,103062.0,103072.0,103041.0,103051.0,900,10,0,900
2025-01-03 08:30:00,103052.0,103072.0,103040.0,103053.0,900,10,0,900
2025-01-03 08:45:00,103054.0,103072.0,103048.0,103049.0,900,10,0,900
2025-01-03 09:00:00,103048.0,103072.0,103040.0,103045.0,900,10,0,900
2025-01-03 09:15:00,103044.0,103067.0,103040.0,103041.0,900,10,0,900
2025-01-03 09:30:00,103042.0,103072.0,103040.0,103051.0,900,10,0,900
2025-01-03 09:45:00,103052.0,103071.0,103040.0,103055.0,900,10,0,900
2025-01-03 10:00:00,103054.0,103068.0,103040.0,103061.0,900,10,0,900
2025-01-03 10:15:00,103060.0,103072.0,103052.0,103065.0,900,10,0,900
2025-01-03 10:30:00,103064.0,103072.0,103040.0,103071.0,900,10,0,900
2025-01-03 10:45:00,103072.0,103072.0,103040.0,103063.0,900,10,0,900
2025-01-03 11:00:00,103062.0,103072.0,103040.0,103061.0,900,10,0,900
2025-01-03 11:15:00,103062.0,103072.0,103040.0,103045.0,900,10,0,900
2025-01-03 11:30:00,103046.0,103072.0,103040.0,103059.0,900,10,0,900
2025-01-03 11:45:00,103058.0,103072.0,103040.0,103041.0,900,10,0,900
2025-01-03 12:00:00,103042.0,103065.0,103040.0,103045.0,900,10,0,900
2025-01-03 12:15:00,103046.0,103072.0,103040.0,103065.0,900,10,0,900
2025-01-03 12:30:00,103066.0,103072.0,103040.0,103049.0,900,10,0,900
2025-01-03 12:45:00,103048.0,103058.0,103040.0,103043.0,900,10,0,900
2025-01-03 13:00:00,103042.0,103072.0,103040.0,103067.0,900,10,0,900
2025-01-03 13:15:00,103068.0,103072.0,103043.0,103055.0,900,10,0,900
2025-01-03 13:30:00,103054.0,103072.0,103040.0,103063.0,900,10,0,900
2025-01-03 13:45:00,103062.0,103067.0,103040.0,103051.0,900,10,0,900
2025-01-03 14:00:00,103050.0,103072.0,103040.0,103067.0,900,10,0,900
2025-01-03 14:15:00,103066.0,103072.0,103040.0,103049.0,900,10,0,900
2025-01-03 14:30:00,103050.0,103057.0,103040.0,103047.0,900,10,0,900
2025-01-03 14:45:00,103048.0,103072.0,103040.0,103067.0,900,10,0,900
2025-01-03 15:00:00,103066.0,103072.0,103040.0,103063.0,900,10,0,900
2025-01-03 15:15:00,103062.0,103066.0,103040.0,103045.0,900,10,0,900
2025-01-03 15:30:00,103046.0,103060.0,103040.0,103041.0,900,10,0,900
2025-01-03 15:45:00,103040.0,103072.0,103040.0,103063.0,900,10,0,900
2025-01-03 16:00:00,103062.0,103069.0,103040.0,103053.0,900,10,0,900
2025-01-03 16:15:00,103052.0,103063.0,103040.0,103043.0,900,10,0,900
2025-01-03 16:30:00,103044.0,103071.0,103040.0,103069.0,900,10,0,900
2025-01-03 16:45:00,103068.0,103072.0,102686.0,102720.0,900,10,0,900
2025-01-03 17:00:00,102721.0,102724.0,102688.0,102690.0,900,10,0,900
2025-01-03 17:15:00,102689.0,102705.0,102363.0,102370.0,900,10,0,900
2025-01-03 17:30:00,102369.0,102392.0,102363.0,102366.0,900,10,0,900
2025-01-03 17:45:00,102365.0,102373.0,102252.0,102276.0,900,10,0,900
2025-01-03 18:00:00,102275.0,102308.0,102252.0,102300.0,900,10,0,900
2025-01-03 18:15:00,102301.0,102308.0,102269.0,102276.0,900,10,0,900
2025-01-03 18:30:00,102277.0,102308.0,102269.0,102304.0,900,10,0,900
2025-01-03 18:45:00,102303.0,102308.0,102258.0,102258.0,900,10,0,900
2025-01-03 19:00:00,102257.0,102276.0,102252.0,102256.0,900,10,0,900
2025-01-03 19:15:00,102257.0,102286.0,102252.0,102284.0,900,10,0,900
2025-01-03 19:30:00,102283.0,102308.0,102280.0,102292.0,900,10,0,900
2025-01-03 19:45:00,102291.0,102308.0,102285.0,102304.0,900,10,0,900
2025-01-03 20:00:00,102305.0,102308.0,102268.0,102272.0,900,10,0,900
2025-01-03 20:15:00,102273.0,102291.0,102264.0,102280.0,900,10,0,900
2025-01-03 20:30:00,102279.0,102301.0,102256.0,102298.0,900,10,0,900
2025-01-03 20:45:00,102297.0,102307.0,102266.0,102272.0,900,10,0,900
2025-01-03 21:00:00,102271.0,102285.0,102262.0,102282.0,900,10,0,900
2025-01-03 21:15:00,102281.0,102588.0,102275.0,102585.0,900,10,0,900
2025-01-03 21:30:00,102584.0,102588.0,102515.0,102521.0,900,10,0,900
2025-01-03 21:45:00,102522.0,102534.0,102503.0,102519.0,900,10,0,900
2025-01-03 22:00:00,102520.0,102534.0,102503.0,102513.0,900,10,0,900
2025-01-03 22:15:00,102514.0,102545.0,102507.0,102537.0,900,10,0,900
2025-01-03 22:30:00,102538.0,102546.0,102503.0,102525.0,900,10,0,900
2025-01-03 22:45:00,102524.0,102541.0,102511.0,102523.0,900,10,0,900
2025-01-03 23:00:00,102522.0,102560.0,102515.0,102559.0,900,10,0,900
2025-01-03 23:15:00,102560.0,102588.0,102558.0,102585.0,900,10,0,900
2025-01-03 23:30:00,102584.0,102588.0,102552.0,102579.0,900,10,0,900
2025-01-03 23:45:00,102580.0,102588.0,102571.0,102585.0,900,10,0,900
2025-01-04 00:00:00,102584.0,102588.0,102558.0,102571.0,900,10,0,900
2025-01-04 00:15:00,102570.0,102588.0,102557.0,102577.0,900,10,0,900
2025-01-04 00:30:00,102576.0,102588.0,102555.0,102585.0,900,10,0,900
2025-01-04 00:45:00,102586.0,102588.0,102548.0,102551.0,900,10,0,900
2025-01-04 01:00:00,102550.0,102550.0,102503.0,102513.0,900,10,0,900
2025-01-04 01:15:00,102514.0,102536.0,102503.0,102511.0,900,10,0,900
2025-01-04 01:30:00,102512.0,102551.0,102503.0,102547.0,900,10,0,900
2025-01-04 01:45:00,102546.0,102547.0,102503.0,102511.0,900,10,0,900
2025-01-04 02:00:00,102512.0,102555.0,102503.0,102545.0,900,10,0,900
2025-01-04 02:15:00,102546.0,102558.0,102523.0,102541.0,900,10,0,900
2025-01-04 02:30:00,102542.0,102559.0,102529.0,102545.0,900,10,0,900
2025-01-04 02:45:00,102546.0,102569.0,102527.0,102563.0,900,10,0,900
2025-01-04 03:00:00,102562.0,102566.0,102521.0,102565.0,900,10,0,900
2025-01-04 03:15:00,102566.0,102585.0,102555.0,102559.0,900,10,0,900
2025-01-04 03:30:00,102560.0,102573.0,102534.0,102549.0,900,10,0,900
2025-01-04 03:45:00,102550.0,102573.0,102546.0,102565.0,900,10,0,900
2025-01-04 04:00:00,102564.0,102588.0,102562.0,102573.0,900,10,0,900
2025-01-04 04:15:00,102574.0,102588.0,102556.0,102583.0,900,10,0,900
2025-01-04 04:30:00,102582.0,102588.0,102540.0,102545.0,900,10,0,900
2025-01-04 04:45:00,102546.0,102553.0,102524.0,102525.0,900,10,0,900
2025-01-04 05:00:00,102524.0,102549.0,102503.0,102517.0,900,10,0,900
2025-01-04 05:15:00,102518.0,102539.0,102503.0,102539.0,900,10,0,900
2025-01-04 05:30:00,102538.0,102540.0,102503.0,102513.0,900,10,0,900
2025-01-04 05:45:00,102512.0,102577.0,102503.0,102577.0,900,10,0,900
2025-01-04 06:00:00,102578.0,102587.0,102556.0,102575.0,900,10,0,900
2025-01-04 06:15:00,102576.0,102578.0,102535.0,102563.0,900,10,0,900
2025-01-04 06:30:00,102564.0,102566.0,102515.0,102549.0,900,10,0,900
2025-01-04 06:45:00,102548.0,102588.0,102539.0,102573.0,900,10,0,900
2025-01-04 07:00:00,102572.0,102588.0,102554.0,102567.0,900,10,0,900
2025-01-04 07:15:00,102568.0,102588.0,102539.0,102581.0,900,10,0,900
2025-01-04 07:30:00,102580.0,102588.0,102538.0,102549.0,900,10,0,900
2025-01-04 07:45:00,102550.0,102588.0,102545.0,102581.0,900,10,0,900
2025-01-04 08:00:00,102580.0,102588.0,102550.0,102577.0,900,10,0,900
2025-01-04 08:15:00,102578.0,102588.0,102567.0,102573.0,900,10,0,900
2025-01-04 08:30:00,102574.0,102577.0,102503.0,102551.0,900,10,0,900
2025-01-04 08:45:00,102552.0,102588.0,102551.0,102579.0,900,10,0,900
2025-01-04 09:00:00,102578.0,102588.0,102560.0,102577.0,900,10,0,900
2025-01-04 09:15:00,102576.0,102588.0,102569.0,102579.0,900,10,0,900
2025-01-04 09:30:00,102580.0,102801.0,102552.0,102799.0,900,10,0,900
2025-01-04 09:45:00,102798.0,102801.0,102738.0,102739.0,900,10,0,900
2025-01-04 10:00:00,102738.0,102749.0,102441.0,102447.0,900,10,0,900
2025-01-04 10:15:00,102448.0,102478.0,102443.0,102467.0,900,10,0,900
2025-01-04 10:30:00,102466.0,102482.0,102448.0,102451.0,900,10,0,900
2025-01-04 10:45:00,102450.0,102465.0,102441.0,102465.0,900,10,0,900
2025-01-04 11:00:00,102466.0,102479.0,102441.0,102449.0,900,10,0,900
2025-01-04 11:15:00,102448.0,102478.0,102441.0,102457.0,900,10,0,900
2025-01-04 11:30:00,102456.0,102478.0,102448.0,102463.0,900,10,0,900
2025-01-04 11:45:00,102464.0,102482.0,102458.0,102463.0,900,10,0,900
2025-01-04 12:00:00,102464.0,102649.0,102457.0,102649.0,900,10,0,900
2025-01-04 12:15:00,102648.0,102649.0,102606.0,102617.0,900,10,0,900
2025-01-04 12:30:00,102616.0,102649.0,102606.0,102613.0,900,10,0,900
2025-01-04 12:45:00,102612.0,102646.0,102612.0,102639.0,900,10,0,900
2025-01-04 13:00:00,102638.0,102649.0,102622.0,102647.0,900,10,0,900
2025-01-04 13:15:00,102646.0,102649.0,102614.0,102615.0,900,10,0,900
2025-01-04 13:30:00,102616.0,102635.0,102606.0,102615.0,900,10,0,900
2025-01-04 13:45:00,102616.0,102640.0,102606.0,102617.0,900,10,0,900
2025-01-04 14:00:00,102616.0,102649.0,102606.0,102631.0,900,10,0,900
2025-01-04 14:15:00,102632.0,102649.0,102621.0,102633.0,900,10,0,900
2025-01-04 14:30:00,102632.0,102633.0,102606.0,102613.0,900,10,0,900
2025-01-04 14:45:00,102612.0,102644.0,102609.0,102641.0,900,10,0,900
2025-01-04 15:00:00,102642.0,102649.0,102618.0,102633.0,900,10,0,900
2025-01-04 15:15:00,102634.0,102649.0,102606.0,102613.0,900,10,0,900
2025-01-04 15:30:00,102614.0,102627.0,102606.0,102611.0,900,10,0,900
2025-01-04 15:45:00,102610.0,102649.0,102606.0,102619.0,900,10,0,900
2025-01-04 16:00:00,102618.0,102649.0,102606.0,102629.0,900,10,0,900
2025-01-04 16:15:00,102630.0,102649.0,102615.0,102645.0,900,10,0,900
2025-01-04 16:30:00,102646.0,102649.0,102615.0,102635.0,900,10,0,900
2025-01-04 16:45:00,102636.0,102641.0,102606.0,102609.0,900,10,0,900
2025-01-04 17:00:00,102610.0,102631.0,102608.0,102629.0,900,10,0,900
2025-01-04 17:15:00,102630.0,102638.0,102606.0,102611.0,900,10,0,900
2025-01-04 17:30:00,102612.0,102645.0,102606.0,102611.0,900,10,0,900
2025-01-04 17:45:00,102612.0,102641.0,102606.0,102633.0,900,10,0,900
2025-01-04 18:00:00,102632.0,102649.0,102630.0,102647.0,900,10,0,900
2025-01-04 18:15:00,102648.0,102902.0,102642.0,102893.0,900,10,0,900
2025-01-04 18:30:00,102892.0,102902.0,102863.0,102891.0,900,10,0,900
2025-01-04 18:45:00,102892.0,102902.0,102863.0,102891.0,900,10,0,900
2025-01-04 19:00:00,102892.0,102899.0,102863.0,102897.0,900,10,0,900
2025-01-04 19:15:00,102896.0,102902.0,102871.0,102873.0,900,10,0,900
2025-01-04 19:30:00,102872.0,102876.0,102792.0,102815.0,900,10,0,900
2025-01-04 19:45:00,102814.0,102844.0,102811.0,102827.0,900,10,0,900
2025-01-04 20:00:00,102828.0,102844.0,102792.0,102803.0,900,10,0,900
2025-01-04 20:15:00,102804.0,102834.0,102798.0,102823.0,900,10,0,900
2025-01-04 20:30:00,102822.0,102844.0,102805.0,102833.0,900,10,0,900
2025-01-04 20:45:00,102834.0,102844.0,102797.0,102803.0,900,10,0,900
2025-01-04 21:00:00,102804.0,102814.0,102792.0,102813.0,900,10,0,900
2025-01-04 21:15:00,102812.0,102826.0,102628.0,102640.0,900,10,0,900
2025-01-04 21:30:00,102641.0,102686.0,102637.0,102682.0,900,10,0,900
2025-01-04 21:45:00,102683.0,102699.0,102660.0,102662.0,900,10,0,900
2025-01-04 22:00:00,102663.0,102668.0,102628.0,102628.0,900,10,0,900
2025-01-04 22:15:00,102629.0,102654.0,102628.0,102640.0,900,10,0,900
2025-01-04 22:30:00,102639.0,102684.0,102628.0,102680.0,900,10,0,900
2025-01-04 22:45:00,102679.0,102699.0,102665.0,102682.0,900,10,0,900
2025-01-04 23:00:00,102681.0,102699.0,102659.0,102662.0,900,10,0,900
2025-01-04 23:15:00,102661.0,102680.0,102644.0,102652.0,900,10,0,900
2025-01-04 23:30:00,102651.0,102677.0,102636.0,102650.0,900,10,0,900
2025-01-04 23:45:00,102651.0,102672.0,102650.0,102658.0,900,10,0,900
2025-01-05 00:00:00,102659.0,102667.0,102628.0,102650.0,900,10,0,900
2025-01-05 00:15:00,102651.0,102878.0,102649.0,102854.0,900,10,0,900
2025-01-05 00:30:00,102855.0,102878.0,102846.0,102862.0,900,10,0,900
2025-01-05 00:45:00,102863.0,102864.0,102814.0,102822.0,900,10,0,900
2025-01-05 01:00:00,102823.0,102859.0,102814.0,102832.0,900,10,0,900
2025-01-05 01:15:00,102833.0,102878.0,102832.0,102858.0,900,10,0,900
2025-01-05 01:30:00,102857.0,102990.0,102844.0,102989.0,900,10,0,900
2025-01-05 01:45:00,102988.0,102990.0,102951.0,102963.0,900,10,0,900
2025-01-05 02:00:00,102962.0,102986.0,102955.0,102973.0,900,10,0,900
2025-01-05 02:15:00,102972.0,102990.0,102951.0,102963.0,900,10,0,900
2025-01-05 02:30:00,102964.0,102988.0,102959.0,102983.0,900,10,0,900
2025-01-05 02:45:00,102984.0,102990.0,102951.0,102955.0,900,10,0,900
2025-01-05 03:00:00,102954.0,102973.0,102951.0,102965.0,900,10,0,900
2025-01-05 03:15:00,102966.0,102985.0,102951.0,102975.0,900,10,0,900
2025-01-05 03:30:00,102974.0,102990.0,102958.0,102981.0,900,10,0,900
2025-01-05 03:45:00,102982.0,102986.0,102951.0,102961.0,900,10,0,900
2025-01-05 04:00:00,102962.0,102990.0,102957.0,102989.0,900,10,0,900
2025-01-05 04:15:00,102990.0,102990.0,102953.0,102973.0,900,10,0,900
2025-01-05 04:30:00,102974.0,102990.0,102951.0,102965.0,900,10,0,900
2025-01-05 04:45:00,102964.0,102990.0,102959.0,102975.0,900,10,0,900
2025-01-05 05:00:00,102976.0,102990.0,102951.0,102985.0,900,10,0,900
2025-01-05 05:15:00,102984.0,102990.0,102951.0,102953.0,900,10,0,900
2025-01-05 05:30:00,102952.0,102959.0,102778.0,102797.0,900,10,0,900
2025-01-05 05:45:00,102798.0,102833.0,102797.0,102821.0,900,10,0,900
2025-01-05 06:00:00,102820.0,102820.0,102788.0,102807.0,900,10,0,900
2025-01-05 06:15:00,102808.0,102831.0,102794.0,102829.0,900,10,0,900
2025-01-05 06:30:00,102828.0,102833.0,102804.0,102815.0,900,10,0,900
2025-01-05 06:45:00,102814.0,102833.0,102809.0,102825.0,900,10,0,900
2025-01-05 07:00:00,102826.0,102833.0,102778.0,102791.0,900,10,0,900
2025-01-05 07:15:00,102790.0,102823.0,102778.0,102821.0,900,10,0,900
2025-01-05 07:30:00,102820.0,102833.0,102803.0,102815.0,900,10,0,900
2025-01-05 07:45:00,102816.0,102833.0,102798.0,102799.0,900,10,0,900
2025-01-05 08:00:00,102798.0,102813.0,102778.0,102795.0,900,10,0,900
2025-01-05 08:15:00,102796.0,102818.0,102688.0,102698.0,900,10,0,900
2025-01-05 08:30:00,102697.0,102730.0,102688.0,102702.0,900,10,0,900
2025-01-05 08:45:00,102701.0,102739.0,102701.0,102720.0,900,10,0,900
2025-01-05 09:00:00,102721.0,102726.0,102688.0,102700.0,900,10,0,900
2025-01-05 09:15:00,102701.0,102711.0,102688.0,102690.0,900,10,0,900
2025-01-05 09:30:00,102691.0,102727.0,102688.0,102722.0,900,10,0,900
2025-01-05 09:45:00,102721.0,102728.0,102688.0,102696.0,900,10,0,900
2025-01-05 10:00:00,102697.0,102707.0,102688.0,102694.0,900,10,0,900
2025-01-05 10:15:00,102693.0,102703.0,102405.0,102416.0,900,10,0,900
2025-01-05 10:30:00,102415.0,102452.0,102405.0,102426.0,900,10,0,900
2025-01-05 10:45:00,102425.0,102430.0,102405.0,102410.0,900,10,0,900
2025-01-05 11:00:00,102409.0,102442.0,102406.0,102428.0,900,10,0,900
2025-01-05 11:15:00,102429.0,102452.0,102412.0,102446.0,900,10,0,900
2025-01-05 11:30:00,102447.0,102447.0,102415.0,102420.0,900,10,0,900
2025-01-05 11:45:00,102419.0,102432.0,102405.0,102406.0,900,10,0,900
2025-01-05 12:00:00,102407.0,102407.0,102203.0,102221.0,900,10,0,900
2025-01-05 12:15:00,102220.0,102260.0,102203.0,102255.0,900,10,0,900
2025-01-05 12:30:00,102256.0,102258.0,102203.0,102207.0,900,10,0,900
2025-01-05 12:45:00,102208.0,102247.0,102203.0,102239.0,900,10,0,900
2025-01-05 13:00:00,102238.0,102256.0,102219.0,102219.0,900,10,0,900
2025-01-05 13:15:00,102220.0,102225.0,102203.0,102215.0,900,10,0,900
2025-01-05 13:30:00,102216.0,102216.0,101848.0,101865.0,900,10,0,900
2025-01-05 13:45:00,101864.0,101870.0,101848.0,101857.0,900,10,0,900
2025-01-05 14:00:00,101856.0,101868.0,101848.0,101855.0,900,10,0,900
2025-01-05 14:15:00,101856.0,101875.0,101856.0,101875.0,900,10,0,900
2025-01-05 14:30:00,101874.0,101875.0,101852.0,101865.0,900,10,0,900
2025-01-05 14:45:00,101864.0,101875.0,101848.0,101869.0,900,10,0,900
2025-01-05 15:00:00,101868.0,101875.0,101850.0,101869.0,900,10,0,900
2025-01-05 15:15:00,101870.0,101875.0,101848.0,101859.0,900,10,0,900
2025-01-05 15:30:00,101858.0,101875.0,101848.0,101873.0,900,10,0,900
2025-01-05 15:45:00,101874.0,101875.0,101859.0,101873.0,900,10,0,900
2025-01-05 16:00:00,101874.0,101875.0,101848.0,101861.0,900,10,0,900
2025-01-05 16:15:00,101860.0,101875.0,101858.0,101875.0,900,10,0,900
2025-01-05 16:30:00,101874.0,101875.0,101858.0,101861.0,900,10,0,900
2025-01-05 16:45:00,101862.0,101875.0,101848.0,101851.0,900,10,0,900
2025-01-05 17:00:00,101852.0,101875.0,101848.0,101863.0,900,10,0,900
2025-01-05 17:15:00,101864.0,101874.0,101848.0,101853.0,900,10,0,900
2025-01-05 17:30:00,101852.0,101875.0,101848.0,101857.0,900,10,0,900
2025-01-05 17:45:00,101856.0,101856.0,101651.0,101679.0,900,10,0,900
2025-01-05 18:00:00,101678.0,101691.0,101659.0,101663.0,900,10,0,900
2025-01-05 18:15:00,101664.0,101687.0,101651.0,101683.0,900,10,0,900
2025-01-05 18:30:00,101682.0,101691.0,101651.0,101679.0,900,10,0,900
2025-01-05 18:45:00,101680.0,101691.0,101651.0,101681.0,900,10,0,900
2025-01-05 19:00:00,101682.0,101997.0,101668.0,101988.0,900,10,0,900
2025-01-05 19:15:00,101987.0,101997.0,101951.0,101992.0,900,10,0,900
2025-01-05 19:30:00,101991.0,101992.0,101951.0,101982.0,900,10,0,900
2025-01-05 19:45:00,101981.0,101984.0,101951.0,101968.0,900,10,0,900
2025-01-05 20:00:00,101969.0,101987.0,101960.0,101964.0,900,10,0,900
2025-01-05 20:15:00,101963.0,101989.0,101951.0,101984.0,900,10,0,900
2025-01-05 20:30:00,101985.0,101997.0,101965.0,101976.0,900,10,0,900
2025-01-05 20:45:00,101975.0,101997.0,101969.0,101990.0,900,10,0,900
2025-01-05 21:00:00,101991.0,101997.0,101971.0,101974.0,900,10,0,900
2025-01-05 21:15:00,101973.0,101997.0,101956.0,101958.0,900,10,0,900
2025-01-05 21:30:00,101959.0,101981.0,101951.0,101970.0,900,10,0,900
2025-01-05 21:45:00,101971.0,101973.0,101951.0,101960.0,900,10,0,900
2025-01-05 22:00:00,101959.0,101997.0,101956.0,101992.0,900,10,0,900
2025-01-05 22:15:00,101993.0,101997.0,101973.0,101984.0,900,10,0,900
2025-01-05 22:30:00,101983.0,101988.0,101951.0,101966.0,900,10,0,900
2025-01-05 22:45:00,101965.0,101974.0,101951.0,101970.0,900,10,0,900
2025-01-05 23:00:00,101969.0,101997.0,101957.0,101976.0,900,10,0,900
2025-01-05 23:15:00,101975.0,101979.0,101951.0,101978.0,900,10,0,900
2025-01-05 23:30:00,101977.0,101997.0,101977.0,101982.0,900,10,0,900
2025-01-05 23:45:00,101983.0,101997.0,101951.0,101962.0,900,10,0,900
2025-01-06 00:00:00,101961.0,101989.0,101951.0,101960.0,900,10,0,900
2025-01-06 00:15:00,101961.0,101986.0,101951.0,101952.0,900,10,0,900
2025-01-06 00:30:00,101951.0,101974.0,101951.0,101966.0,900,10,0,900
2025-01-06 00:45:00,101965.0,101974.0,101951.0,101970.0,900,10,0,900
2025-01-06 01:00:00,101969.0,101997.0,101965.0,101970.0,900,10,0,900
2025-01-06 01:15:00,101969.0,101988.0,101955.0,101956.0,900,10,0,900
2025-01-06 01:30:00,101957.0,101994.0,101951.0,101985.0,897,10,0,897
2025-01-06 01:45:00,101984.0,101997.0,101951.0,101959.0,900,10,0,900
2025-01-06 02:00:00,101958.0,101979.0,101951.0,101965.0,900,10,0,900
2025-01-06 02:15:00,101964.0,101997.0,101951.0,101989.0,900,10,0,900
2025-01-06 02:30:00,101990.0,101997.0,101954.0,101963.0,900,10,0,900
2025-01-06 02:45:00,101964.0,101971.0,101951.0,101965.0,900,10,0,900
2025-01-06 03:00:00,101964.0,101977.0,101951.0,101963.0,900,10,0,900
2025-01-06 03:15:00,101964.0,101977.0,101951.0,101955.0,900,10,0,900
2025-01-06 03:30:00,101956.0,101997.0,101951.0,101993.0,900,10,0,900
2025-01-06 03:45:00,101992.0,101997.0,101951.0,101975.0,900,10,0,900
2025-01-06 04:00:00,101974.0,101979.0,101951.0,101953.0,900,10,0,900
2025-01-06 04:15:00,101952.0,101988.0,101951.0,101959.0,900,10,0,900
2025-01-06 04:30:00,101960.0,101973.0,101951.0,101955.0,900,10,0,900
2025-01-06 04:45:00,101956.0,101992.0,101951.0,101987.0,900,10,0,900
2025-01-06 05:00:00,101986.0,101997.0,101951.0,101951.0,900,10,0,900
2025-01-06 05:15:00,101952.0,101991.0,101951.0,101981.0,900,10,0,900
2025-01-06 05:30:00,101980.0,102107.0,101953.0,102098.0,900,10,0,900
2025-01-06 05:45:00,102097.0,102103.0,102074.0,102082.0,900,10,0,900
2025-01-06 06:00:00,102083.0,102107.0,102074.0,102078.0,900,10,0,900
2025-01-06 06:15:00,102079.0,102107.0,102074.0,102096.0,900,10,0,900
2025-01-06 06:30:00,102095.0,102104.0,102074.0,102082.0,900,10,0,900
2025-01-06 06:45:00,102083.0,102100.0,102074.0,102096.0,900,10,0,900
2025-01-06 07:00:00,102097.0,102103.0,102074.0,102094.0,900,10,0,900
2025-01-06 07:15:00,102095.0,102107.0,102074.0,102078.0,900,10,0,900
2025-01-06 07:30:00,102077.0,102102.0,102074.0,102102.0,900,10,0,900
2025-01-06 07:45:00,102101.0,102101.0,102074.0,102074.0,900,10,0,900
2025-01-06 08:00:00,102075.0,102107.0,102074.0,102100.0,900,10,0,900
2025-01-06 08:15:00,102101.0,102107.0,102079.0,102086.0,900,10,0,900
2025-01-06 08:30:00,102087.0,102107.0,102074.0,102100.0,900,10,0,900
2025-01-06 08:45:00,102099.0,102107.0,102074.0,102106.0,900,10,0,900
2025-01-06 09:00:00,102105.0,102107.0,102083.0,102084.0,900,10,0,900
2025-01-06 09:15:00,102085.0,102103.0,102074.0,102090.0,900,10,0,900
2025-01-06 09:30:00,102089.0,102107.0,102077.0,102102.0,900,10,0,900
2025-01-06 09:45:00,102103.0,102107.0,102074.0,102074.0,900,10,0,900
2025-01-06 10:00:00,102075.0,102099.0,102074.0,102078.0,900,10,0,900
2025-01-06 10:15:00,102079.0,102097.0,102074.0,102080.0,900,10,0,900
2025-01-06 10:30:00,102081.0,102102.0,102074.0,102096.0,900,10,0,900
2025-01-06 10:45:00,102097.0,102103.0,101664.0,101667.0,900,10,0,900
2025-01-06 11:00:00,101666.0,101697.0,101664.0,101669.0,900,10,0,900
2025-01-06 11:15:00,101668.0,101702.0,101664.0,101685.0,900,10,0,900
2025-01-06 11:30:00,101684.0,101702.0,101674.0,101699.0,900,10,0,900
2025-01-06 11:45:00,101698.0,101702.0,101664.0,101679.0,900,10,0,900
2025-01-06 12:00:00,101680.0,101693.0,101664.0,101673.0,900,10,0,900
2025-01-06 12:15:00,101674.0,101702.0,101673.0,101693.0,900,10,0,900
2025-01-06 12:30:00,101694.0,101702.0,101684.0,101695.0,900,10,0,900
2025-01-06 12:45:00,101694.0,101702.0,101681.0,101697.0,900,10,0,900
2025-01-06 13:00:00,101698.0,101702.0,101664.0,101665.0,900,10,0,900
2025-01-06 13:15:00,101666.0,101700.0,101664.0,101695.0,900,10,0,900
2025-01-06 13:30:00,101694.0,101702.0,101668.0,101689.0,900,10,0,900
2025-01-06 13:45:00,101688.0,101695.0,101669.0,101673.0,900,10,0,900
2025-01-06 14:00:00,101674.0,101694.0,101666.0,101687.0,900,10,0,900
2025-01-06 14:15:00,101688.0,101702.0,101664.0,101685.0,900,10,0,900
2025-01-06 14:30:00,101686.0,101702.0,101677.0,101689.0,900,10,0,900
2025-01-06 14:45:00,101690.0,101702.0,101683.0,101691.0,900,10,0,900
2025-01-06 15:00:00,101690.0,101702.0,101664.0,101701.0,900,10,0,900
2025-01-06 15:15:00,101700.0,101702.0,101664.0,101675.0,900,10,0,900
2025-01-06 15:30:00,101676.0,101702.0,101671.0,101697.0,900,10,0,900
2025-01-06 15:45:00,101698.0,101702.0,101671.0,101701.0,900,10,0,900
2025-01-06 16:00:00,101700.0,101702.0,101664.0,101667.0,900,10,0,900
2025-01-06 16:15:00,101668.0,101688.0,101664.0,101671.0,900,10,0,900
2025-01-06 16:30:00,101672.0,101696.0,101664.0,101665.0,900,10,0,900
2025-01-06 16:45:00,101664.0,101702.0,101664.0,101695.0,900,10,0,900
2025-01-06 17:00:00,101694.0,101702.0,101664.0,101683.0,900,10,0,900
2025-01-06 17:15:00,101684.0,101692.0,101665.0,101689.0,900,10,0,900
2025-01-06 17:30:00,101688.0,101702.0,101664.0,101665.0,900,10,0,900
2025-01-06 17:45:00,101666.0,101702.0,101664.0,101701.0,900,10,0,900
2025-01-06 18:00:00,101700.0,101702.0,101664.0,101683.0,900,10,0,900
2025-01-06 18:15:00,101684.0,101702.0,101664.0,101697.0,900,10,0,900
2025-01-06 18:30:00,101696.0,101702.0,101675.0,101693.0,900,10,0,900
2025-01-06 18:45:00,101692.0,101702.0,101677.0,101689.0,900,10,0,900
2025-01-06 19:00:00,101688.0,101702.0,101678.0,101689.0,900,10,0,900
2025-01-06 19:15:00,101688.0,101702.0,101667.0,101695.0,900,10,0,900
2025-01-06 19:30:00,101694.0,101702.0,101664.0,101701.0,900,10,0,900
2025-01-06 19:45:00,101702.0,101861.0,101698.0,101845.0,900,10,0,900
2025-01-06 20:00:00,101844.0,101852.0,101828.0,101837.0,900,10,0,900
2025-01-06 20:15:00,101836.0,101861.0,101829.0,101849.0,900,10,0,900
2025-01-06 20:30:00,101848.0,101849.0,101828.0,101837.0,900,10,0,900
2025-01-06 20:45:00,101838.0,101861.0,101828.0,101845.0,900,10,0,900
2025-01-06 21:00:00,101844.0,101857.0,101828.0,101855.0,900,10,0,900
2025-01-06 21:15:00,101854.0,101861.0,101828.0,101839.0,900,10,0,900
2025-01-06 21:30:00,101838.0,101855.0,101828.0,101835.0,900,10,0,900
2025-01-06 21:45:00,101834.0,101861.0,101828.0,101859.0,900,10,0,900
2025-01-06 22:00:00,101860.0,101861.0,101828.0,101837.0,900,10,0,900
2025-01-06 22:15:00,101836.0,101861.0,101836.0,101847.0,900,10,0,900
2025-01-06 22:30:00,101846.0,101861.0,101837.0,101845.0,900,10,0,900
2025-01-06 22:45:00,101844.0,101861.0,101828.0,101829.0,900,10,0,900
2025-01-06 23:00:00,101828.0,101851.0,101828.0,101839.0,900,10,0,900
2025-01-06 23:15:00,101840.0,101861.0,101828.0,101851.0,900,10,0,900
2025-01-06 23:30:00,101850.0,101861.0,101828.0,101829.0,900,10,0,900
2025-01-06 23:45:00,101828.0,101852.0,101828.0,101849.0,900,10,0,900
2025-01-07 00:00:00,101850.0,101850.0,101828.0,101841.0,900,10,0,900
2025-01-07 00:15:00,101842.0,101861.0,101828.0,101859.0,900,10,0,900
2025-01-07 00:30:00,101860.0,101860.0,101828.0,101831.0,900,10,0,900
2025-01-07 00:45:00,101832.0,101860.0,101830.0,101843.0,900,10,0,900
2025-01-07 01:00:00,101844.0,101859.0,101828.0,101831.0,900,10,0,900
2025-01-07 01:15:00,101832.0,101861.0,101828.0,101855.0,900,10,0,900
2025-01-07 01:30:00,101856.0,101861.0,101835.0,101857.0,900,10,0,900
2025-01-07 01:45:00,101858.0,101861.0,101832.0,101843.0,900,10,0,900
2025-01-07 02:00:00,101842.0,101849.0,101828.0,101835.0,900,10,0,900
2025-01-07 02:15:00,101834.0,101861.0,101828.0,101861.0,900,10,0,900
2025-01-07 02:30:00,101860.0,101861.0,101828.0,101849.0,900,10,0,900
2025-01-07 02:45:00,101850.0,101861.0,101828.0,101833.0,900,10,0,900
2025-01-07 03:00:00,101834.0,102044.0,101828.0,102039.0,898,10,0,898
2025-01-07 03:15:00,102040.0,102044.0,102011.0,102037.0,900,10,0,900
2025-01-07 03:30:00,102038.0,102044.0,102020.0,102039.0,900,10,0,900
2025-01-07 03:45:00,102038.0,102044.0,101982.0,101995.0,900,10,0,900
2025-01-07 04:00:00,101996.0,102038.0,101973.0,102021.0,900,10,0,900
2025-01-07 04:15:00,102020.0,102034.0,102009.0,102015.0,900,10,0,900
2025-01-07 04:30:00,102014.0,102022.0,101940.0,101965.0,900,10,0,900
2025-01-07 04:45:00,101964.0,101978.0,101936.0,101975.0,900,10,0,900
2025-01-07 05:00:00,101974.0,102029.0,101973.0,102017.0,900,10,0,900
2025-01-07 05:15:00,102016.0,102044.0,102008.0,102033.0,900,10,0,900
2025-01-07 05:30:00,102032.0,102044.0,102006.0,102011.0,900,10,0,900
2025-01-07 05:45:00,102010.0,102044.0,101996.0,102041.0,900,10,0,900
2025-01-07 06:00:00,102042.0,102044.0,102016.0,102019.0,900,10,0,900
2025-01-07 06:15:00,102018.0,102039.0,102011.0,102017.0,900,10,0,900
2025-01-07 06:30:00,102016.0,102044.0,102011.0,102017.0,900,10,0,900
2025-01-07 06:45:00,102016.0,102044.0,102011.0,102013.0,900,10,0,900
2025-01-07 07:00:00,102014.0,102036.0,101998.0,102013.0,900,10,0,900
2025-01-07 07:15:00,102012.0,102030.0,101976.0,101977.0,900,10,0,900
2025-01-07 07:30:00,101978.0,101999.0,101976.0,101987.0,900,10,0,900
2025-01-07 07:45:00,101988.0,102008.0,101981.0,101997.0,900,10,0,900
2025-01-07 08:00:00,101998.0,102015.0,101980.0,102013.0,900,10,0,900
2025-01-07 08:15:00,102014.0,102028.0,101995.0,102009.0,900,10,0,900
2025-01-07 08:30:00,102008.0,102027.0,101989.0,101991.0,900,10,0,900
2025-01-07 08:45:00,101992.0,102013.0,101926.0,101975.0,900,10,0,900
2025-01-07 09:00:00,101974.0,101995.0,101961.0,101995.0,900,10,0,900
2025-01-07 09:15:00,101996.0,101998.0,101966.0,101985.0,900,10,0,900
2025-01-07 09:30:00,101984.0,102393.0,101983.0,102385.0,900,10,0,900
2025-01-07 09:45:00,102384.0,102393.0,102362.0,102391.0,900,10,0,900
2025-01-07 10:00:00,102390.0,102636.0,102381.0,102589.0,900,10,0,900
2025-01-07 10:15:00,102590.0,102592.0,102555.0,102577.0,900,10,0,900
2025-01-07 10:30:00,102576.0,102595.0,102546.0,102593.0,900,10,0,900
2025-01-07 10:45:00,102592.0,102597.0,102546.0,102549.0,900,10,0,900
2025-01-07 11:00:00,102550.0,102582.0,102548.0,102553.0,900,10,0,900
2025-01-07 11:15:00,102554.0,102585.0,102550.0,102569.0,900,10,0,900
2025-01-07 11:30:00,102568.0,102579.0,102546.0,102549.0,900,10,0,900
2025-01-07 11:45:00,102550.0,102565.0,102546.0,102551.0,900,10,0,900
2025-01-07 12:00:00,102550.0,102569.0,102546.0,102553.0,900,10,0,900
2025-01-07 12:15:00,102552.0,102579.0,102546.0,102567.0,900,10,0,900
2025-01-07 12:30:00,102568.0,102589.0,102546.0,102583.0,900,10,0,900
2025-01-07 12:45:00,102582.0,102600.0,102574.0,102583.0,900,10,0,900
2025-01-07 13:00:00,102582.0,102597.0,102563.0,102575.0,900,10,0,900
2025-01-07 13:15:00,102576.0,102578.0,102546.0,102549.0,900,10,0,900
2025-01-07 13:30:00,102550.0,102584.0,102547.0,102561.0,900,10,0,900
2025-01-07 13:45:00,102560.0,102584.0,102555.0,102569.0,900,10,0,900
2025-01-07 14:00:00,102568.0,102583.0,102557.0,102575.0,900,10,0,900
2025-01-07 14:15:00,102574.0,102576.0,102546.0,102565.0,900,10,0,900
2025-01-07 14:30:00,102566.0,102601.0,102546.0,102551.0,900,10,0,900
2025-01-07 14:45:00,102552.0,102575.0,102373.0,102377.0,900,10,0,900
2025-01-07 15:00:00,102378.0,102400.0,102373.0,102381.0,900,10,0,900
2025-01-07 15:15:00,102380.0,102388.0,102373.0,102375.0,900,10,0,900
2025-01-07 15:30:00,102376.0,102397.0,102373.0,102387.0,900,10,0,900
2025-01-07 15:45:00,102386.0,102399.0,102375.0,102397.0,900,10,0,900
2025-01-07 16:00:00,102396.0,102400.0,102373.0,102383.0,900,10,0,900
2025-01-07 16:15:00,102382.0,102400.0,102373.0,102397.0,900,10,0,900
2025-01-07 16:30:00,102396.0,102400.0,102374.0,102391.0,900,10,0,900
2025-01-07 16:45:00,102392.0,102400.0,102380.0,102399.0,900,10,0,900
2025-01-07 17:00:00,102400.0,102400.0,102373.0,102375.0,900,10,0,900
2025-01-07 17:15:00,102376.0,102476.0,102374.0,102454.0,900,10,0,900
2025-01-07 17:30:00,102455.0,102476.0,102446.0,102460.0,900,10,0,900
2025-01-07 17:45:00,102461.0,102476.0,102440.0,102446.0,900,10,0,900
2025-01-07 18:00:00,102445.0,102474.0,102440.0,102468.0,900,10,0,900
2025-01-07 18:15:00,102467.0,102476.0,102440.0,102448.0,900,10,0,900
2025-01-07 18:30:00,102449.0,102476.0,102440.0,102476.0,900,10,0,900
2025-01-07 18:45:00,102475.0,102776.0,102454.0,102767.0,900,10,0,900
2025-01-07 19:00:00,102766.0,102776.0,102754.0,102761.0,900,10,0,900
2025-01-07 19:15:00,102762.0,102776.0,102749.0,102753.0,900,10,0,900
2025-01-07 19:30:00,102754.0,102772.0,102749.0,102769.0,900,10,0,900
2025-01-07 19:45:00,102768.0,102775.0,102253.0,102265.0,900,10,0,900
2025-01-07 20:00:00,102266.0,102303.0,102266.0,102301.0,900,10,0,900
2025-01-07 20:15:00,102300.0,102316.0,102281.0,102285.0,900,10,0,900
2025-01-07 20:30:00,102286.0,102316.0,102277.0,102299.0,900,10,0,900
2025-01-07 20:45:00,102300.0,102315.0,102281.0,102313.0,900,10,0,900
2025-01-07 21:00:00,102314.0,102316.0,102253.0,102261.0,900,10,0,900
2025-01-07 21:15:00,102262.0,102282.0,102253.0,102275.0,900,10,0,900
2025-01-07 21:30:00,102274.0,102293.0,102263.0,102275.0,900,10,0,900
2025-01-07 21:45:00,102274.0,102304.0,102256.0,102261.0,900,10,0,900
2025-01-07 22:00:00,102260.0,102273.0,102253.0,102267.0,900,10,0,900
2025-01-07 22:15:00,102266.0,102283.0,101994.0,101995.0,900,10,0,900
2025-01-07 22:30:00,101996.0,102029.0,101994.0,102029.0,900,10,0,900
2025-01-07 22:45:00,102028.0,102052.0,102025.0,102039.0,900,10,0,900
2025-01-07 23:00:00,102040.0,102052.0,102006.0,102045.0,900,10,0,900
2025-01-07 23:15:00,102046.0,102052.0,101994.0,101995.0,900,10,0,900
2025-01-07 23:30:00,101996.0,102015.0,101876.0,101890.0,900,10,0,900
2025-01-07 23:45:00,101889.0,101916.0,101876.0,101886.0,900,10,0,900
2025-01-08 00:00:00,101887.0,101907.0,101876.0,101886.0,900,10,0,900
2025-01-08 00:15:00,101887.0,101911.0,101876.0,101880.0,900,10,0,900
2025-01-08 00:30:00,101879.0,101916.0,101876.0,101910.0,900,10,0,900
2025-01-08 00:45:00,101911.0,101916.0,101893.0,101908.0,900,10,0,900
2025-01-08 01:00:00,101909.0,101916.0,101887.0,101896.0,900,10,0,900
2025-01-08 01:15:00,101897.0,101916.0,101876.0,101878.0,900,10,0,900
2025-01-08 01:30:00,101879.0,101898.0,101876.0,101898.0,900,10,0,900
2025-01-08 01:45:00,101899.0,101914.0,101878.0,101884.0,900,10,0,900
2025-01-08 02:00:00,101885.0,101902.0,101876.0,101882.0,900,10,0,900
2025-01-08 02:15:00,101883.0,101916.0,101876.0,101910.0,900,10,0,900
2025-01-08 02:30:00,101909.0,102194.0,101900.0,102177.0,900,10,0,900
2025-01-08 02:45:00,102176.0,102194.0,102165.0,102169.0,900,10,0,900
2025-01-08 03:00:00,102168.0,102194.0,102151.0,102177.0,900,10,0,900
2025-01-08 03:15:00,102176.0,102177.0,102151.0,102153.0,900,10,0,900
2025-01-08 03:30:00,102154.0,102171.0,102151.0,102153.0,900,10,0,900
2025-01-08 03:45:00,102152.0,102166.0,102151.0,102153.0,900,10,0,900
2025-01-08 04:00:00,102154.0,102184.0,102151.0,102169.0,900,10,0,900
2025-01-08 04:15:00,102170.0,102194.0,102151.0,102179.0,900,10,0,900
2025-01-08 04:30:00,102178.0,102194.0,102151.0,102167.0,900,10,0,900
2025-01-08 04:45:00,102166.0,102194.0,102153.0,102159.0,900,10,0,900
2025-01-08 05:00:00,102160.0,102184.0,102151.0,102153.0,900,10,0,900
2025-01-08 05:15:00,102152.0,102173.0,102151.0,102165.0,900,10,0,900
2025-01-08 05:30:00,102166.0,102177.0,102151.0,102163.0,900,10,0,900
2025-01-08 05:45:00,102162.0,102192.0,102151.0,102177.0,900,10,0,900
2025-01-08 06:00:00,102176.0,102184.0,102151.0,102181.0,900,10,0,900
2025-01-08 06:15:00,102182.0,102194.0,102158.0,102167.0,900,10,0,900
2025-01-08 06:30:00,102168.0,102187.0,102151.0,102151.0,900,10,0,900
2025-01-08 06:45:00,102152.0,102171.0,102151.0,102161.0,900,10,0,900
2025-01-08 07:00:00,102160.0,102187.0,102151.0,102159.0,900,10,0,900
2025-01-08 07:15:00,102160.0,102173.0,102151.0,102161.0,900,10,0,900
2025-01-08 07:30:00,102160.0,102166.0,102151.0,102153.0,900,10,0,900
2025-01-08 07:45:00,102154.0,102535.0,102151.0,102529.0,900,10,0,900
2025-01-08 08:00:00,102530.0,102535.0,102513.0,102521.0,900,10,0,900
2025-01-08 08:15:00,102522.0,102525.0,102494.0,102495.0,900,10,0,900
2025-01-08 08:30:00,102496.0,102497.0,102336.0,102382.0,900,10,0,900
2025-01-08 08:45:00,102381.0,102420.0,102371.0,102418.0,900,10,0,900
2025-01-08 09:00:00,102419.0,102420.0,102400.0,102408.0,900,10,0,900
2025-01-08 09:15:00,102407.0,102420.0,102388.0,102412.0,900,10,0,900
2025-01-08 09:30:00,102411.0,102417.0,102381.0,102408.0,900,10,0,900
2025-01-08 09:45:00,102407.0,102420.0,102391.0,102404.0,900,10,0,900
2025-01-08 10:00:00,102405.0,102420.0,102394.0,102412.0,900,10,0,900
2025-01-08 10:15:00,102413.0,102420.0,102394.0,102400.0,900,10,0,900
2025-01-08 10:30:00,102399.0,102420.0,102394.0,102398.0,900,10,0,900
2025-01-08 10:45:00,102397.0,102408.0,102356.0,102362.0,900,10,0,900
2025-01-08 11:00:00,102363.0,102367.0,102336.0,102352.0,900,10,0,900
2025-01-08 11:15:00,102351.0,102367.0,102336.0,102350.0,900,10,0,900
2025-01-08 11:30:00,102349.0,102359.0,102336.0,102344.0,900,10,0,900
2025-01-08 11:45:00,102345.0,102390.0,102344.0,102374.0,900,10,0,900
2025-01-08 12:00:00,102373.0,102404.0,102369.0,102402.0,900,10,0,900
2025-01-08 12:15:00,102401.0,102420.0,102397.0,102416.0,900,10,0,900
2025-01-08 12:30:00,102415.0,102420.0,102349.0,102360.0,900,10,0,900
2025-01-08 12:45:00,102359.0,102384.0,102336.0,102362.0,900,10,0,900
2025-01-08 13:00:00,102363.0,102378.0,102345.0,102362.0,900,10,0,900
2025-01-08 13:15:00,102363.0,102364.0,101969.0,102004.0,900,10,0,900
2025-01-08 13:30:00,102003.0,102030.0,101979.0,101980.0,900,10,0,900
2025-01-08 13:45:00,101981.0,102012.0,101969.0,102012.0,900,10,0,900
2025-01-08 14:00:00,102013.0,102030.0,101986.0,101988.0,900,10,0,900
2025-01-08 14:15:00,101987.0,101989.0,101969.0,101980.0,900,10,0,900
2025-01-08 14:30:00,101981.0,101995.0,101969.0,101988.0,900,10,0,900
2025-01-08 14:45:00,101989.0,102030.0,101984.0,102020.0,900,10,0,900
2025-01-08 15:00:00,102021.0,102030.0,102013.0,102026.0,900,10,0,900
2025-01-08 15:15:00,102027.0,102030.0,101969.0,101972.0,900,10,0,900
2025-01-08 15:30:00,101973.0,101983.0,101840.0,101880.0,900,10,0,900
2025-01-08 15:45:00,101879.0,101924.0,101868.0,101906.0,900,10,0,900
2025-01-08 16:00:00,101905.0,101931.0,101905.0,101926.0,900,10,0,900
2025-01-08 16:15:00,101925.0,101925.0,101893.0,101894.0,900,10,0,900
2025-01-08 16:30:00,101895.0,101931.0,101893.0,101924.0,900,10,0,900
2025-01-08 16:45:00,101925.0,101931.0,101886.0,101886.0,900,10,0,900
2025-01-08 17:00:00,101885.0,101890.0,101848.0,101858.0,900,10,0,900
2025-01-08 17:15:00,101859.0,101912.0,101848.0,101912.0,900,10,0,900
2025-01-08 17:30:00,101911.0,101913.0,101865.0,101868.0,900,10,0,900
2025-01-08 17:45:00,101867.0,101893.0,101851.0,101876.0,900,10,0,900
2025-01-08 18:00:00,101877.0,101881.0,101840.0,101852.0,900,10,0,900
2025-01-08 18:15:00,101851.0,101869.0,101840.0,101846.0,900,10,0,900
2025-01-08 18:30:00,101845.0,101856.0,101687.0,101688.0,900,10,0,900
2025-01-08 18:45:00,101687.0,101708.0,101687.0,101696.0,900,10,0,900
2025-01-08 19:00:00,101695.0,101703.0,101687.0,101694.0,900,10,0,900
2025-01-08 19:15:00,101695.0,101708.0,101687.0,101690.0,900,10,0,900
2025-01-08 19:30:00,101689.0,101708.0,101343.0,101365.0,900,10,0,900
2025-01-08 19:45:00,101366.0,101413.0,101362.0,101399.0,900,10,0,900
2025-01-08 20:00:00,101400.0,101423.0,101384.0,101395.0,900,10,0,900
2025-01-08 20:15:00,101394.0,101412.0,101358.0,101389.0,900,10,0,900
2025-01-08 20:30:00,101388.0,101401.0,101371.0,101387.0,900,10,0,900
2025-01-08 20:45:00,101386.0,101402.0,101373.0,101387.0,900,10,0,900
2025-01-08 21:00:00,101388.0,101388.0,101343.0,101355.0,900,10,0,900
2025-01-08 21:15:00,101354.0,101369.0,101343.0,101343.0,900,10,0,900
2025-01-08 21:30:00,101344.0,101389.0,101343.0,101379.0,900,10,0,900
2025-01-08 21:45:00,101378.0,101379.0,101343.0,101351.0,900,10,0,900
2025-01-08 22:00:00,101350.0,101363.0,101343.0,101349.0,900,10,0,900
2025-01-08 22:15:00,101350.0,101379.0,101343.0,101361.0,900,10,0,900
2025-01-08 22:30:00,101360.0,101364.0,101343.0,101357.0,900,10,0,900
2025-01-08 22:45:00,101358.0,101423.0,101358.0,101421.0,900,10,0,900
2025-01-08 23:00:00,101422.0,101423.0,101391.0,101405.0,900,10,0,900
2025-01-08 23:15:00,101406.0,101417.0,101380.0,101387.0,900,10,0,900
2025-01-08 23:30:00,101386.0,101403.0,101366.0,101377.0,900,10,0,900
2025-01-08 23:45:00,101378.0,101415.0,101368.0,101375.0,900,10,0,900
2025-01-09 00:00:00,101376.0,101395.0,101343.0,101345.0,900,10,0,900
2025-01-09 00:15:00,101346.0,101351.0,101177.0,101194.0,900,10,0,900
2025-01-09 00:30:00,101195.0,101240.0,101193.0,101208.0,900,10,0,900
2025-01-09 00:45:00,101207.0,101220.0,101181.0,101204.0,900,10,0,900
2025-01-09 01:00:00,101205.0,101227.0,101201.0,101224.0,900,10,0,900
2025-01-09 01:15:00,101225.0,101240.0,101199.0,101232.0,900,10,0,900
2025-01-09 01:30:00,101231.0,101240.0,101190.0,101212.0,900,10,0,900
2025-01-09 01:45:00,101211.0,101240.0,101207.0,101228.0,900,10,0,900
2025-01-09 02:00:00,101227.0,101229.0,101177.0,101188.0,900,10,0,900
2025-01-09 02:15:00,101187.0,101207.0,101177.0,101186.0,900,10,0,900
2025-01-09 02:30:00,101187.0,101205.0,101177.0,101188.0,900,10,0,900
2025-01-09 02:45:00,101187.0,101194.0,101177.0,101178.0,900,10,0,900
2025-01-09 03:00:00,101179.0,101216.0,101177.0,101194.0,900,10,0,900
2025-01-09 03:15:00,101195.0,101221.0,101189.0,101194.0,900,10,0,900
2025-01-09 03:30:00,101193.0,101198.0,101177.0,101180.0,900,10,0,900
2025-01-09 03:45:00,101181.0,101227.0,101177.0,101210.0,900,10,0,900
2025-01-09 04:00:00,101209.0,101240.0,101209.0,101240.0,900,10,0,900
2025-01-09 04:15:00,101239.0,101240.0,101202.0,101240.0,900,10,0,900
2025-01-09 04:30:00,101239.0,101240.0,101207.0,101230.0,900,10,0,900
2025-01-09 04:45:00,101231.0,101240.0,101215.0,101216.0,900,10,0,900
2025-01-09 05:00:00,101217.0,101228.0,101195.0,101206.0,900,10,0,900
2025-01-09 05:15:00,101205.0,101219.0,101178.0,101200.0,900,10,0,900
2025-01-09 05:30:00,101199.0,101212.0,101177.0,101196.0,900,10,0,900
2025-01-09 05:45:00,101195.0,101229.0,101186.0,101214.0,900,10,0,900
2025-01-09 06:00:00,101215.0,101229.0,101197.0,101208.0,900,10,0,900
2025-01-09 06:15:00,101209.0,101212.0,101177.0,101188.0,900,10,0,900
2025-01-09 06:30:00,101189.0,101210.0,101177.0,101210.0,900,10,0,900
2025-01-09 06:45:00,101209.0,101240.0,101202.0,101238.0,900,10,0,900
2025-01-09 07:00:00,101237.0,101240.0,101218.0,101224.0,900,10,0,900
2025-01-09 07:15:00,101225.0,101240.0,101205.0,101236.0,900,10,0,900
2025-01-09 07:30:00,101237.0,101240.0,101199.0,101236.0,900,10,0,900
2025-01-09 07:45:00,101237.0,101240.0,101212.0,101226.0,900,10,0,900
2025-01-09 08:00:00,101225.0,101238.0,101179.0,101218.0,900,10,0,900
2025-01-09 08:15:00,101217.0,101240.0,101201.0,101214.0,900,10,0,900
2025-01-09 08:30:00,101213.0,101216.0,101177.0,101182.0,900,10,0,900
2025-01-09 08:45:00,101183.0,101208.0,101177.0,101182.0,900,10,0,900
2025-01-09 09:00:00,101181.0,101199.0,101177.0,101184.0,900,10,0,900
2025-01-09 09:15:00,101185.0,101211.0,101177.0,101210.0,900,10,0,900
2025-01-09 09:30:00,101211.0,101240.0,101207.0,101226.0,900,10,0,900
2025-01-09 09:45:00,101225.0,101240.0,101215.0,101234.0,900,10,0,900
2025-01-09 10:00:00,101235.0,101240.0,101213.0,101220.0,900,10,0,900
2025-01-09 10:15:00,101219.0,101221.0,101182.0,101184.0,900,10,0,900
2025-01-09 10:30:00,101185.0,101211.0,101177.0,101210.0,900,10,0,900
2025-01-09 10:45:00,101211.0,101226.0,101177.0,101182.0,900,10,0,900
2025-01-09 11:00:00,101183.0,101208.0,101177.0,101190.0,900,10,0,900
2025-01-09 11:15:00,101191.0,101210.0,101177.0,101210.0,900,10,0,900
2025-01-09 11:30:00,101209.0,101240.0,101206.0,101240.0,900,10,0,900
2025-01-09 11:45:00,101239.0,101240.0,101210.0,101230.0,900,10,0,900
2025-01-09 12:00:00,101231.0,101240.0,101221.0,101230.0,900,10,0,900
2025-01-09 12:15:00,101229.0,101230.0,101192.0,101198.0,900,10,0,900
2025-01-09 12:30:00,101199.0,101213.0,101177.0,101204.0,900,10,0,900
2025-01-09 12:45:00,101205.0,101213.0,101184.0,101210.0,900,10,0,900
2025-01-09 13:00:00,101209.0,101240.0,101196.0,101204.0,900,10,0,900
2025-01-09 13:15:00,101203.0,101240.0,101203.0,101232.0,900,10,0,900
2025-01-09 13:30:00,101231.0,101240.0,101202.0,101206.0,900,10,0,900
2025-01-09 13:45:00,101207.0,101235.0,101200.0,101222.0,900,10,0,900
2025-01-09 14:00:00,101221.0,101240.0,101210.0,101216.0,900,10,0,900
2025-01-09 14:15:00,101217.0,101240.0,101208.0,101238.0,900,10,0,900
2025-01-09 14:30:00,101239.0,101240.0,101177.0,101190.0,900,10,0,900
2025-01-09 14:45:00,101189.0,101200.0,101177.0,101190.0,900,10,0,900
2025-01-09 15:00:00,101189.0,101196.0,101177.0,101186.0,900,10,0,900
2025-01-09 15:15:00,101187.0,101199.0,101177.0,101184.0,900,10,0,900
2025-01-09 15:30:00,101183.0,101205.0,101177.0,101178.0,900,10,0,900
2025-01-09 15:45:00,101177.0,101214.0,101177.0,101210.0,900,10,0,900
2025-01-09 16:00:00,101209.0,101237.0,101189.0,101212.0,900,10,0,900
2025-01-09 16:15:00,101211.0,101213.0,101177.0,101178.0,900,10,0,900
2025-01-09 16:30:00,101179.0,101229.0,101177.0,101220.0,900,10,0,900
2025-01-09 16:45:00,101221.0,101240.0,101192.0,101200.0,900,10,0,900
2025-01-09 17:00:00,101199.0,101228.0,101192.0,101214.0,900,10,0,900
2025-01-09 17:15:00,101213.0,101231.0,101177.0,101182.0,900,10,0,900
2025-01-09 17:30:00,101181.0,101202.0,101177.0,101196.0,900,10,0,900
2025-01-09 17:45:00,101197.0,101200.0,101177.0,101188.0,900,10,0,900
2025-01-09 18:00:00,101187.0,101210.0,101177.0,101182.0,900,10,0,900
2025-01-09 18:15:00,101183.0,101183.0,101007.0,101049.0,900,10,0,900
2025-01-09 18:30:00,101048.0,101109.0,101047.0,101105.0,900,10,0,900
2025-01-09 18:45:00,101104.0,101109.0,101074.0,101105.0,900,10,0,900
2025-01-09 19:00:00,101106.0,101109.0,101040.0,101053.0,900,10,0,900
2025-01-09 19:15:00,101052.0,101074.0,101028.0,101031.0,900,10,0,900
2025-01-09 19:30:00,101030.0,101041.0,101007.0,101011.0,900,10,0,900
2025-01-09 19:45:00,101012.0,101037.0,101007.0,101029.0,900,10,0,900
2025-01-09 20:00:00,101030.0,101057.0,101007.0,101021.0,900,10,0,900
2025-01-09 20:15:00,101020.0,101051.0,101007.0,101049.0,900,10,0,900
2025-01-09 20:30:00,101048.0,101101.0,101046.0,101061.0,900,10,0,900
2025-01-09 20:45:00,101062.0,101109.0,101059.0,101061.0,900,10,0,900
2025-01-09 21:00:00,101060.0,101072.0,101026.0,101031.0,900,10,0,900
2025-01-09 21:15:00,101030.0,101063.0,101012.0,101059.0,900,10,0,900
2025-01-09 21:30:00,101058.0,101098.0,101053.0,101073.0,900,10,0,900
2025-01-09 21:45:00,101074.0,101109.0,101071.0,101105.0,900,10,0,900
2025-01-09 22:00:00,101104.0,101109.0,101068.0,101095.0,900,10,0,900
2025-01-09 22:15:00,101096.0,101217.0,101082.0,101190.0,900,10,0,900
2025-01-09 22:30:00,101189.0,101217.0,101187.0,101206.0,900,10,0,900
2025-01-09 22:45:00,101205.0,101217.0,101198.0,101204.0,900,10,0,900
2025-01-09 23:00:00,101205.0,101320.0,101199.0,101314.0,900,10,0,900
2025-01-09 23:15:00,101315.0,101320.0,101244.0,101244.0,900,10,0,900
2025-01-09 23:30:00,101245.0,101274.0,101238.0,101260.0,900,10,0,900
2025-01-09 23:45:00,101261.0,101287.0,101254.0,101268.0,900,10,0,900
2025-01-10 00:00:00,101269.0,101304.0,101264.0,101284.0,900,10,0,900
2025-01-10 00:15:00,101285.0,101289.0,101238.0,101250.0,900,10,0,900
2025-01-10 00:30:00,101249.0,101280.0,101238.0,101244.0,900,10,0,900
2025-01-10 00:45:00,101245.0,101297.0,101245.0,101284.0,900,10,0,900
2025-01-10 01:00:00,101283.0,101290.0,101238.0,101284.0,900,10,0,900
2025-01-10 01:15:00,101283.0,101285.0,101258.0,101268.0,900,10,0,900
2025-01-10 01:30:00,101267.0,101272.0,101238.0,101252.0,900,10,0,900
2025-01-10 01:45:00,101251.0,101286.0,101246.0,101268.0,900,10,0,900
2025-01-10 02:00:00,101267.0,101282.0,101242.0,101264.0,900,10,0,900
2025-01-10 02:15:00,101263.0,101265.0,101239.0,101260.0,900,10,0,900
2025-01-10 02:30:00,101261.0,101281.0,101238.0,101250.0,900,10,0,900
2025-01-10 02:45:00,101251.0,101260.0,101238.0,101254.0,900,10,0,900
2025-01-10 03:00:00,101253.0,101298.0,101238.0,101282.0,900,10,0,900
2025-01-10 03:15:00,101283.0,101303.0,101273.0,101290.0,900,10,0,900
2025-01-10 03:30:00,101289.0,101289.0,101238.0,101254.0,900,10,0,900
2025-01-10 03:45:00,101255.0,101282.0,101239.0,101280.0,900,10,0,900
2025-01-10 04:00:00,101279.0,101310.0,101272.0,101296.0,900,10,0,900
2025-01-10 04:15:00,101295.0,101320.0,101278.0,101286.0,900,10,0,900
2025-01-10 04:30:00,101285.0,101286.0,101238.0,101250.0,900,10,0,900
2025-01-10 04:45:00,101249.0,101261.0,101118.0,101131.0,900,10,0,900
2025-01-10 05:00:00,101132.0,101205.0,101131.0,101205.0,900,10,0,900
2025-01-10 05:15:00,101206.0,101217.0,101177.0,101211.0,900,10,0,900
2025-01-10 05:30:00,101210.0,101217.0,101162.0,101163.0,900,10,0,900
2025-01-10 05:45:00,101164.0,101174.0,101130.0,101167.0,900,10,0,900
2025-01-10 06:00:00,101166.0,101202.0,101163.0,101201.0,900,10,0,900
2025-01-10 06:15:00,101200.0,101213.0,101160.0,101195.0,900,10,0,900
2025-01-10 06:30:00,101194.0,101217.0,101179.0,101213.0,900,10,0,900
2025-01-10 06:45:00,101212.0,101212.0,101142.0,101179.0,900,10,0,900
2025-01-10 07:00:00,101178.0,101186.0,101145.0,101163.0,900,10,0,900
2025-01-10 07:15:00,101162.0,101164.0,101130.0,101137.0,900,10,0,900
2025-01-10 07:30:00,101136.0,101165.0,101132.0,101155.0,900,10,0,900
2025-01-10 07:45:00,101154.0,101159.0,101118.0,101157.0,900,10,0,900
2025-01-10 08:00:00,101158.0,101168.0,101118.0,101161.0,900,10,0,900
2025-01-10 08:15:00,101162.0,101179.0,101140.0,101149.0,900,10,0,900
2025-01-10 08:30:00,101150.0,101154.0,101118.0,101133.0,900,10,0,900
2025-01-10 08:45:00,101132.0,101154.0,101118.0,101119.0,900,10,0,900
2025-01-10 09:00:00,101118.0,101149.0,101118.0,101141.0,900,10,0,900
2025-01-10 09:15:00,101142.0,101153.0,101120.0,101139.0,900,10,0,900
2025-01-10 09:30:00,101138.0,101140.0,100475.0,100488.0,900,10,0,900
2025-01-10 09:45:00,100487.0,100491.0,100475.0,100486.0,900,10,0,900
2025-01-10 10:00:00,100487.0,100513.0,100475.0,100482.0,900,10,0,900
2025-01-10 10:15:00,100483.0,100513.0,100475.0,100496.0,900,10,0,900
2025-01-10 10:30:00,100495.0,100513.0,100475.0,100490.0,900,10,0,900
2025-01-10 10:45:00,100491.0,100513.0,100477.0,100502.0,900,10,0,900
2025-01-10 11:00:00,100503.0,100513.0,100488.0,100506.0,900,10,0,900
2025-01-10 11:15:00,100507.0,100513.0,100485.0,100500.0,900,10,0,900
2025-01-10 11:30:00,100501.0,100510.0,100475.0,100494.0,900,10,0,900
2025-01-10 11:45:00,100495.0,100513.0,100478.0,100506.0,900,10,0,900
2025-01-10 12:00:00,100507.0,100507.0,100475.0,100500.0,900,10,0,900
2025-01-10 12:15:00,100501.0,100513.0,100489.0,100508.0,900,10,0,900
2025-01-10 12:30:00,100507.0,100513.0,100475.0,100486.0,900,10,0,900
2025-01-10 12:45:00,100487.0,100513.0,100481.0,100494.0,900,10,0,900
2025-01-10 13:00:00,100495.0,100513.0,100475.0,100512.0,900,10,0,900
2025-01-10 13:15:00,100513.0,100513.0,100489.0,100498.0,900,10,0,900
2025-01-10 13:30:00,100499.0,100502.0,100475.0,100482.0,900,10,0,900
2025-01-10 13:45:00,100483.0,100513.0,100476.0,100510.0,900,10,0,900
2025-01-10 14:00:00,100509.0,100616.0,100500.0,100590.0,900,10,0,900
2025-01-10 14:15:00,100589.0,100590.0,100527.0,100568.0,900,10,0,900
2025-01-10 14:30:00,100569.0,100606.0,100564.0,100580.0,900,10,0,900
2025-01-10 14:45:00,100581.0,100596.0,100555.0,100578.0,900,10,0,900
2025-01-10 15:00:00,100577.0,100578.0,100527.0,100538.0,900,10,0,900
2025-01-10 15:15:00,100537.0,100558.0,100527.0,100546.0,900,10,0,900
2025-01-10 15:30:00,100545.0,100576.0,100527.0,100564.0,900,10,0,900
2025-01-10 15:45:00,100563.0,100564.0,100531.0,100540.0,900,10,0,900
2025-01-10 16:00:00,100539.0,100561.0,100527.0,100536.0,900,10,0,900
2025-01-10 16:15:00,100537.0,100552.0,100527.0,100530.0,900,10,0,900
2025-01-10 16:30:00,100529.0,100558.0,100527.0,100556.0,900,10,0,900
2025-01-10 16:45:00,100555.0,100574.0,100527.0,100540.0,900,10,0,900
2025-01-10 17:00:00,100539.0,100581.0,100527.0,100578.0,900,10,0,900
2025-01-10 17:15:00,100579.0,100597.0,100553.0,100564.0,900,10,0,900
2025-01-10 17:30:00,100563.0,100569.0,100527.0,100538.0,900,10,0,900
2025-01-10 17:45:00,100539.0,100544.0,100165.0,100177.0,900,10,0,900
2025-01-10 18:00:00,100178.0,100228.0,100176.0,100189.0,900,10,0,900
2025-01-10 18:15:00,100190.0,100204.0,100166.0,100191.0,900,10,0,900
2025-01-10 18:30:00,100190.0,100216.0,100177.0,100183.0,900,10,0,900
2025-01-10 18:45:00,100184.0,100202.0,100165.0,100175.0,900,10,0,900
2025-01-10 19:00:00,100174.0,100205.0,100165.0,100201.0,900,10,0,900
2025-01-10 19:15:00,100200.0,100213.0,100165.0,100173.0,900,10,0,900
2025-01-10 19:30:00,100174.0,100208.0,100166.0,100189.0,900,10,0,900
2025-01-10 19:45:00,100190.0,100198.0,100165.0,100181.0,900,10,0,900
2025-01-10 20:00:00,100180.0,100212.0,100172.0,100195.0,900,10,0,900
2025-01-10 20:15:00,100196.0,100210.0,100183.0,100187.0,900,10,0,900
2025-01-10 20:30:00,100188.0,100225.0,100181.0,100217.0,900,10,0,900
2025-01-10 20:45:00,100216.0,100228.0,100191.0,100197.0,900,10,0,900
2025-01-10 21:00:00,100196.0,100196.0,100165.0,100185.0,900,10,0,900
2025-01-10 21:15:00,100186.0,100214.0,100165.0,100207.0,900,10,0,900
2025-01-10 21:30:00,100206.0,100209.0,100165.0,100183.0,900,10,0,900
2025-01-10 21:45:00,100184.0,100219.0,100179.0,100201.0,900,10,0,900
2025-01-10 22:00:00,100200.0,100228.0,100183.0,100197.0,900,10,0,900
2025-01-10 22:15:00,100196.0,100228.0,100192.0,100227.0,900,10,0,900
2025-01-10 22:30:00,100226.0,100228.0,100184.0,100195.0,900,10,0,900
2025-01-10 22:45:00,100196.0,100199.0,100167.0,100185.0,900,10,0,900
2025-01-10 23:00:00,100186.0,100197.0,100165.0,100191.0,900,10,0,900
2025-01-10 23:15:00,100192.0,100228.0,100165.0,100223.0,900,10,0,900
2025-01-10 23:30:00,100222.0,100228.0,100172.0,100191.0,900,10,0,900
2025-01-10 23:45:00,100192.0,100206.0,100165.0,100197.0,900,10,0,900
2025-01-11 00:00:00,100196.0,100206.0,100165.0,100183.0,900,10,0,900
2025-01-11 00:15:00,100182.0,100221.0,100165.0,100221.0,900,10,0,900
2025-01-11 00:30:00,100222.0,100228.0,100192.0,100197.0,900,10,0,900
2025-01-11 00:45:00,100196.0,100222.0,100171.0,100201.0,900,10,0,900
2025-01-11 01:00:00,100200.0,100228.0,100198.0,100223.0,900,10,0,900
2025-01-11 01:15:00,100224.0,100228.0,100201.0,100211.0,900,10,0,900
2025-01-11 01:30:00,100210.0,100228.0,100201.0,100215.0,900,10,0,900
2025-01-11 01:45:00,100214.0,100228.0,100203.0,100209.0,900,10,0,900
2025-01-11 02:00:00,100208.0,100221.0,100165.0,100167.0,900,10,0,900
2025-01-11 02:15:00,100168.0,100216.0,100165.0,100205.0,900,10,0,900
2025-01-11 02:30:00,100206.0,100210.0,100165.0,100209.0,900,10,0,900
2025-01-11 02:45:00,100208.0,100228.0,100203.0,100211.0,900,10,0,900
2025-01-11 03:00:00,100210.0,100216.0,100165.0,100169.0,900,10,0,900
2025-01-11 03:15:00,100170.0,100228.0,100166.0,100225.0,900,10,0,900
2025-01-11 03:30:00,100226.0,100228.0,100189.0,100211.0,900,10,0,900
2025-01-11 03:45:00,100212.0,100228.0,100200.0,100201.0,900,10,0,900
2025-01-11 04:00:00,100200.0,100215.0,100183.0,100195.0,900,10,0,900
2025-01-11 04:15:00,100196.0,100223.0,100187.0,100193.0,900,10,0,900
2025-01-11 04:30:00,100192.0,100228.0,100188.0,100211.0,900,10,0,900
2025-01-11 04:45:00,100210.0,100228.0,100200.0,100203.0,900,10,0,900
2025-01-11 05:00:00,100204.0,100228.0,100189.0,100195.0,900,10,0,900
2025-01-11 05:15:00,100194.0,100204.0,100165.0,100183.0,900,10,0,900
2025-01-11 05:30:00,100184.0,100193.0,100165.0,100191.0,900,10,0,900
2025-01-11 05:45:00,100192.0,100228.0,100189.0,100225.0,900,10,0,900
2025-01-11 06:00:00,100226.0,100228.0,100206.0,100207.0,900,10,0,900
2025-01-11 06:15:00,100208.0,100221.0,100170.0,100185.0,900,10,0,900
2025-01-11 06:30:00,100184.0,100197.0,100165.0,100181.0,900,10,0,900
2025-01-11 06:45:00,100180.0,100196.0,100079.0,100080.0,900,10,0,900
2025-01-11 07:00:00,100079.0,100105.0,100079.0,100102.0,900,10,0,900
2025-01-11 07:15:00,100103.0,100129.0,100094.0,100122.0,900,10,0,900
2025-01-11 07:30:00,100121.0,100303.0,100109.0,100287.0,900,10,0,900
2025-01-11 07:45:00,100286.0,100303.0,100278.0,100301.0,900,10,0,900
2025-01-11 08:00:00,100300.0,100303.0,100272.0,100301.0,900,10,0,900
2025-01-11 08:15:00,100300.0,100583.0,100280.0,100572.0,900,10,0,900
2025-01-11 08:30:00,100571.0,100583.0,100558.0,100582.0,900,10,0,900
2025-01-11 08:45:00,100581.0,100583.0,100532.0,100566.0,900,10,0,900
2025-01-11 09:00:00,100567.0,100583.0,100535.0,100544.0,900,10,0,900
2025-01-11 09:15:00,100545.0,100574.0,100532.0,100534.0,900,10,0,900
2025-01-11 09:30:00,100535.0,100563.0,100231.0,100244.0,900,10,0,900
2025-01-11 09:45:00,100243.0,100251.0,100231.0,100236.0,900,10,0,900
2025-01-11 10:00:00,100237.0,100252.0,100231.0,100250.0,900,10,0,900
2025-01-11 10:15:00,100249.0,100252.0,100231.0,100232.0,900,10,0,900
2025-01-11 10:30:00,100233.0,100252.0,100231.0,100242.0,900,10,0,900
2025-01-11 10:45:00,100243.0,100252.0,100231.0,100248.0,900,10,0,900
2025-01-11 11:00:00,100249.0,100252.0,100231.0,100234.0,900,10,0,900
2025-01-11 11:15:00,100235.0,100252.0,100231.0,100240.0,900,10,0,900
2025-01-11 11:30:00,100241.0,100248.0,100231.0,100232.0,900,10,0,900
2025-01-11 11:45:00,100231.0,100252.0,100231.0,100232.0,900,10,0,900
2025-01-11 12:00:00,100233.0,100252.0,100231.0,100236.0,900,10,0,900
2025-01-11 12:15:00,100235.0,100332.0,100231.0,100331.0,900,10,0,900
2025-01-11 12:30:00,100330.0,100332.0,100305.0,100321.0,900,10,0,900
2025-01-11 12:45:00,100320.0,100332.0,100285.0,100291.0,900,10,0,900
2025-01-11 13:00:00,100292.0,100332.0,100290.0,100299.0,900,10,0,900
2025-01-11 13:15:00,100300.0,100332.0,100291.0,100321.0,900,10,0,900
2025-01-11 13:30:00,100322.0,100332.0,100302.0,100317.0,900,10,0,900
2025-01-11 13:45:00,100318.0,100332.0,100297.0,100315.0,900,10,0,900
2025-01-11 14:00:00,100314.0,100317.0,100285.0,100297.0,900,10,0,900
2025-01-11 14:15:00,100298.0,100315.0,100285.0,100309.0,900,10,0,900
2025-01-11 14:30:00,100310.0,100331.0,100285.0,100291.0,900,10,0,900
2025-01-11 14:45:00,100292.0,100317.0,100285.0,100311.0,900,10,0,900
2025-01-11 15:00:00,100310.0,100332.0,100303.0,100319.0,900,10,0,900
2025-01-11 15:15:00,100320.0,100332.0,100298.0,100319.0,900,10,0,900
2025-01-11 15:30:00,100318.0,100324.0,100285.0,100287.0,900,10,0,900
2025-01-11 15:45:00,100288.0,100305.0,100285.0,100293.0,900,10,0,900
2025-01-11 16:00:00,100294.0,100318.0,100285.0,100311.0,900,10,0,900
2025-01-11 16:15:00,100312.0,100329.0,100285.0,100307.0,900,10,0,900
2025-01-11 16:30:00,100306.0,100332.0,100300.0,100331.0,900,10,0,900
2025-01-11 16:45:00,100332.0,100332.0,100309.0,100331.0,900,10,0,900
2025-01-11 17:00:00,100330.0,100332.0,100285.0,100289.0,900,10,0,900
2025-01-11 17:15:00,100290.0,100309.0,100285.0,100307.0,900,10,0,900
2025-01-11 17:30:00,100306.0,100332.0,100298.0,100321.0,900,10,0,900
2025-01-11 17:45:00,100322.0,100332.0,100285.0,100289.0,900,10,0,900
2025-01-11 18:00:00,100288.0,100332.0,100285.0,100315.0,900,10,0,900
2025-01-11 18:15:00,100314.0,100332.0,100300.0,100329.0,900,10,0,900
2025-01-11 18:30:00,100328.0,100331.0,100285.0,100287.0,900,10,0,900
2025-01-11 18:45:00,100286.0,100318.0,100285.0,100303.0,900,10,0,900
2025-01-11 19:00:00,100304.0,100332.0,100285.0,100285.0,900,10,0,900
2025-01-11 19:15:00,100286.0,100306.0,100285.0,100291.0,900,10,0,900
2025-01-11 19:30:00,100290.0,100316.0,100285.0,100311.0,900,10,0,900
2025-01-11 19:45:00,100310.0,100317.0,100285.0,100291.0,900,10,0,900
2025-01-11 20:00:00,100292.0,100313.0,100285.0,100297.0,900,10,0,900
2025-01-11 20:15:00,100296.0,100309.0,100285.0,100285.0,900,10,0,900
2025-01-11 20:30:00,100286.0,100306.0,100285.0,100293.0,900,10,0,900
2025-01-11 20:45:00,100292.0,100319.0,100285.0,100315.0,900,10,0,900
2025-01-11 21:00:00,100314.0,100332.0,100295.0,100317.0,900,10,0,900
2025-01-11 21:15:00,100316.0,100317.0,100285.0,100291.0,900,10,0,900
2025-01-11 21:30:00,100292.0,100328.0,100285.0,100325.0,900,10,0,900
2025-01-11 21:45:00,100326.0,100332.0,100315.0,100317.0,900,10,0,900
2025-01-11 22:00:00,100316.0,100321.0,100285.0,100291.0,900,10,0,900
2025-01-11 22:15:00,100290.0,100332.0,100285.0,100319.0,900,10,0,900
2025-01-11 22:30:00,100320.0,100332.0,100293.0,100317.0,900,10,0,900
2025-01-11 22:45:00,100318.0,100332.0,100302.0,100313.0,900,10,0,900
2025-01-11 23:00:00,100314.0,100332.0,100303.0,100325.0,900,10,0,900
2025-01-11 23:15:00,100326.0,100332.0,100285.0,100289.0,900,10,0,900
2025-01-11 23:30:00,100288.0,100332.0,100285.0,100325.0,900,10,0,900
2025-01-11 23:45:00,100326.0,100636.0,100320.0,100618.0,900,10,0,900
2025-01-12 00:00:00,100617.0,100636.0,100600.0,100634.0,900,10,0,900
2025-01-12 00:15:00,100633.0,100801.0,100632.0,100772.0,900,10,0,900
2025-01-12 00:30:00,100771.0,100773.0,100748.0,100760.0,900,10,0,900
2025-01-12 00:45:00,100761.0,100801.0,100760.0,100780.0,900,10,0,900
2025-01-12 01:00:00,100781.0,100796.0,100764.0,100772.0,900,10,0,900
2025-01-12 01:15:00,100773.0,100801.0,100757.0,100772.0,900,10,0,900
2025-01-12 01:30:00,100771.0,100777.0,100505.0,100533.0,900,10,0,900
2025-01-12 01:45:00,100534.0,100550.0,100505.0,100545.0,900,10,0,900
2025-01-12 02:00:00,100546.0,100559.0,100523.0,100541.0,900,10,0,900
2025-01-12 02:15:00,100542.0,100559.0,100536.0,100551.0,899,10,0,899
2025-01-12 02:30:00,100550.0,100556.0,100519.0,100555.0,900,10,0,900
2025-01-12 02:45:00,100554.0,100559.0,100527.0,100527.0,900,10,0,900
2025-01-12 03:00:00,100528.0,100559.0,100523.0,100541.0,900,10,0,900
2025-01-12 03:15:00,100540.0,100543.0,100505.0,100521.0,900,10,0,900
2025-01-12 03:30:00,100522.0,100557.0,100505.0,100505.0,900,10,0,900
2025-01-12 03:45:00,100506.0,100544.0,100505.0,100519.0,900,10,0,900
2025-01-12 04:00:00,100520.0,100533.0,100505.0,100533.0,900,10,0,900
2025-01-12 04:15:00,100532.0,100540.0,100511.0,100523.0,900,10,0,900
2025-01-12 04:30:00,100524.0,100555.0,100518.0,100529.0,900,10,0,900
2025-01-12 04:45:00,100530.0,100530.0,100505.0,100507.0,900,10,0,900
2025-01-12 05:00:00,100506.0,100532.0,100505.0,100519.0,900,10,0,900
2025-01-12 05:15:00,100518.0,100742.0,100515.0,100729.0,900,10,0,900
2025-01-12 05:30:00,100730.0,100742.0,100713.0,100739.0,900,10,0,900
2025-01-12 05:45:00,100740.0,100742.0,100715.0,100731.0,900,10,0,900
2025-01-12 06:00:00,100732.0,100739.0,100713.0,100725.0,900,10,0,900
2025-01-12 06:15:00,100724.0,100742.0,100713.0,100721.0,900,10,0,900
2025-01-12 06:30:00,100722.0,100742.0,100713.0,100739.0,900,10,0,900
2025-01-12 06:45:00,100738.0,100742.0,100723.0,100739.0,900,10,0,900
2025-01-12 07:00:00,100738.0,100742.0,100716.0,100725.0,900,10,0,900
2025-01-12 07:15:00,100724.0,100742.0,100714.0,100725.0,900,10,0,900
2025-01-12 07:30:00,100726.0,100738.0,100449.0,100454.0,900,10,0,900
2025-01-12 07:45:00,100455.0,100461.0,100334.0,100348.0,900,10,0,900
2025-01-12 08:00:00,100349.0,100378.0,100347.0,100364.0,900,10,0,900
2025-01-12 08:15:00,100363.0,100429.0,100361.0,100390.0,900,10,0,900
2025-01-12 08:30:00,100391.0,100412.0,100362.0,100404.0,900,10,0,900
2025-01-12 08:45:00,100405.0,100429.0,100402.0,100418.0,900,10,0,900
2025-01-12 09:00:00,100419.0,100429.0,100385.0,100404.0,900,10,0,900
2025-01-12 09:15:00,100405.0,100416.0,100375.0,100408.0,900,10,0,900
2025-01-12 09:30:00,100407.0,100429.0,100357.0,100362.0,900,10,0,900
2025-01-12 09:45:00,100363.0,100372.0,100334.0,100344.0,900,10,0,900
2025-01-12 10:00:00,100343.0,100400.0,100334.0,100394.0,900,10,0,900
2025-01-12 10:15:00,100395.0,100416.0,100381.0,100388.0,900,10,0,900
2025-01-12 10:30:00,100389.0,100429.0,100388.0,100396.0,900,10,0,900
2025-01-12 10:45:00,100395.0,100429.0,100378.0,100426.0,900,10,0,900
2025-01-12 11:00:00,100427.0,100429.0,100387.0,100410.0,900,10,0,900
2025-01-12 11:15:00,100411.0,100429.0,100387.0,100388.0,900,10,0,900
2025-01-12 11:30:00,100387.0,100387.0,100350.0,100362.0,900,10,0,900
2025-01-12 11:45:00,100361.0,100363.0,100133.0,100164.0,900,10,0,900
2025-01-12 12:00:00,100163.0,100207.0,100152.0,100184.0,900,10,0,900
2025-01-12 12:15:00,100183.0,100218.0,100176.0,100204.0,900,10,0,900
2025-01-12 12:30:00,100205.0,100218.0,100190.0,100208.0,900,10,0,900
2025-01-12 12:45:00,100207.0,100218.0,100197.0,100202.0,900,10,0,900
2025-01-12 13:00:00,100201.0,100218.0,100175.0,100202.0,900,10,0,900
2025-01-12 13:15:00,100203.0,100371.0,100195.0,100370.0,900,10,0,900
2025-01-12 13:30:00,100371.0,100638.0,100368.0,100634.0,900,10,0,900
2025-01-12 13:45:00,100635.0,100638.0,100600.0,100604.0,900,10,0,900
2025-01-12 14:00:00,100605.0,100638.0,100600.0,100636.0,900,10,0,900
2025-01-12 14:15:00,100637.0,100637.0,100600.0,100600.0,900,10,0,900
2025-01-12 14:30:00,100601.0,100638.0,100600.0,100636.0,900,10,0,900
2025-01-12 14:45:00,100635.0,100638.0,100406.0,100419.0,900,10,0,900
2025-01-12 15:00:00,100418.0,100439.0,100411.0,100439.0,900,10,0,900
2025-01-12 15:15:00,100440.0,100466.0,100439.0,100443.0,900,10,0,900
2025-01-12 15:30:00,100444.0,100455.0,100428.0,100453.0,900,10,0,900
2025-01-12 15:45:00,100454.0,100466.0,100431.0,100449.0,900,10,0,900
2025-01-12 16:00:00,100450.0,100465.0,100432.0,100443.0,900,10,0,900
2025-01-12 16:15:00,100442.0,100456.0,100422.0,100429.0,900,10,0,900
2025-01-12 16:30:00,100428.0,100442.0,100413.0,100423.0,900,10,0,900
2025-01-12 16:45:00,100422.0,100452.0,100409.0,100415.0,900,10,0,900
2025-01-12 17:00:00,100416.0,100435.0,100406.0,100431.0,900,10,0,900
2025-01-12 17:15:00,100432.0,100442.0,100406.0,100425.0,900,10,0,900
2025-01-12 17:30:00,100424.0,100454.0,100417.0,100443.0,900,10,0,900
2025-01-12 17:45:00,100444.0,100466.0,100425.0,100427.0,900,10,0,900
2025-01-12 18:00:00,100428.0,100452.0,100406.0,100447.0,900,10,0,900
2025-01-12 18:15:00,100448.0,100466.0,100432.0,100445.0,900,10,0,900
2025-01-12 18:30:00,100446.0,100462.0,100423.0,100449.0,900,10,0,900
2025-01-12 18:45:00,100448.0,100458.0,100420.0,100439.0,900,10,0,900
2025-01-12 19:00:00,100440.0,100443.0,100406.0,100435.0,900,10,0,900
2025-01-12 19:15:00,100436.0,100461.0,100406.0,100457.0,900,10,0,900
2025-01-12 19:30:00,100456.0,100466.0,100439.0,100457.0,900,10,0,900
2025-01-12 19:45:00,100458.0,100615.0,100456.0,100569.0,900,10,0,900
2025-01-12 20:00:00,100570.0,100608.0,100557.0,100587.0,900,10,0,900
2025-01-12 20:15:00,100586.0,100588.0,100553.0,100579.0,900,10,0,900
2025-01-12 20:30:00,100580.0,100613.0,100560.0,100561.0,900,10,0,900
2025-01-12 20:45:00,100562.0,100605.0,100554.0,100591.0,900,10,0,900
2025-01-12 21:00:00,100590.0,100599.0,100553.0,100571.0,900,10,0,900
2025-01-12 21:15:00,100570.0,100591.0,100553.0,100589.0,900,10,0,900
2025-01-12 21:30:00,100588.0,100611.0,100577.0,100597.0,900,10,0,900
2025-01-12 21:45:00,100598.0,100603.0,100564.0,100597.0,900,10,0,900
2025-01-12 22:00:00,100596.0,100615.0,100571.0,100613.0,900,10,0,900
2025-01-12 22:15:00,100614.0,100615.0,100573.0,100607.0,900,10,0,900
2025-01-12 22:30:00,100608.0,100615.0,100582.0,100593.0,900,10,0,900
2025-01-12 22:45:00,100592.0,100615.0,100584.0,100611.0,900,10,0,900
2025-01-12 23:00:00,100612.0,100613.0,100563.0,100607.0,900,10,0,900
2025-01-12 23:15:00,100606.0,100615.0,100577.0,100599.0,900,10,0,900
2025-01-12 23:30:00,100598.0,100606.0,100570.0,100585.0,900,10,0,900
2025-01-12 23:45:00,100586.0,100597.0,100553.0,100569.0,900,10,0,900
2025-01-13 00:00:00,100568.0,100597.0,100564.0,100587.0,900,10,0,900
2025-01-13 00:15:00,100586.0,100615.0,100553.0,100557.0,900,10,0,900
2025-01-13 00:30:00,100558.0,100576.0,100553.0,100565.0,900,10,0,900
2025-01-13 00:45:00,100566.0,100575.0,100336.0,100349.0,900,10,0,900
2025-01-13 01:00:00,100348.0,100394.0,100336.0,100375.0,900,10,0,900
2025-01-13 01:15:00,100374.0,100379.0,100336.0,100351.0,900,10,0,900
2025-01-13 01:30:00,100352.0,100366.0,100336.0,100351.0,900,10,0,900
2025-01-13 01:45:00,100350.0,100371.0,100336.0,100343.0,900,10,0,900
2025-01-13 02:00:00,100342.0,100351.0,100336.0,100345.0,900,10,0,900
2025-01-13 02:15:00,100346.0,100384.0,100336.0,100383.0,900,10,0,900
2025-01-13 02:30:00,100384.0,100391.0,100336.0,100375.0,900,10,0,900
2025-01-13 02:45:00,100374.0,100378.0,100336.0,100341.0,900,10,0,900
2025-01-13 03:00:00,100342.0,100370.0,100336.0,100369.0,900,10,0,900
2025-01-13 03:15:00,100368.0,100394.0,100350.0,100393.0,900,10,0,900
2025-01-13 03:30:00,100394.0,100394.0,100366.0,100371.0,900,10,0,900
2025-01-13 03:45:00,100372.0,100394.0,100342.0,100343.0,900,10,0,900
2025-01-13 04:00:00,100344.0,100353.0,100336.0,100353.0,900,10,0,900
2025-01-13 04:15:00,100352.0,100380.0,100336.0,100377.0,900,10,0,900
2025-01-13 04:30:00,100378.0,100394.0,100359.0,100367.0,900,10,0,900
2025-01-13 04:45:00,100368.0,100372.0,100336.0,100343.0,900,10,0,900
2025-01-13 05:00:00,100344.0,100379.0,100342.0,100359.0,900,10,0,900
2025-01-13 05:15:00,100360.0,100365.0,100336.0,100337.0,900,10,0,900
2025-01-13 05:30:00,100336.0,100378.0,100336.0,100345.0,900,10,0,900
2025-01-13 05:45:00,100346.0,100382.0,100337.0,100379.0,900,10,0,900
2025-01-13 06:00:00,100380.0,100394.0,100354.0,100357.0,900,10,0,900
2025-01-13 06:15:00,100356.0,100386.0,100344.0,100365.0,780,10,0,780
2025-01-13 06:30:00,100364.0,100370.0,100353.0,100359.0,202,10,0,202
2025-01-13 06:45:00,100358.0,100394.0,100353.0,100391.0,900,10,0,900
2025-01-13 07:00:00,100390.0,100394.0,100365.0,100383.0,900,10,0,900
2025-01-13 07:15:00,100384.0,100388.0,100362.0,100377.0,900,10,0,900
2025-01-13 07:30:00,100378.0,100394.0,100371.0,100385.0,900,10,0,900
2025-01-13 07:45:00,100386.0,100394.0,100357.0,100373.0,900,10,0,900
2025-01-13 08:00:00,100372.0,100679.0,100368.0,100663.0,900,10,0,900
2025-01-13 08:15:00,100664.0,100674.0,100613.0,100633.0,900,10,0,900
2025-01-13 08:30:00,100632.0,100679.0,100632.0,100663.0,900,10,0,900
2025-01-13 08:45:00,100664.0,100679.0,100657.0,100677.0,900,10,0,900
2025-01-13 09:00:00,100678.0,100679.0,100650.0,100677.0,900,10,0,900
2025-01-13 09:15:00,100678.0,100679.0,100641.0,100659.0,900,10,0,900
2025-01-13 09:30:00,100658.0,100679.0,100637.0,100641.0,900,10,0,900
2025-01-13 09:45:00,100640.0,100658.0,100613.0,100651.0,900,10,0,900
2025-01-13 10:00:00,100650.0,100679.0,100650.0,100671.0,900,10,0,900
2025-01-13 10:15:00,100670.0,100679.0,100644.0,100665.0,900,10,0,900
2025-01-13 10:30:00,100666.0,100679.0,100658.0,100671.0,900,10,0,900
2025-01-13 10:45:00,100672.0,100678.0,100639.0,100665.0,900,10,0,900
2025-01-13 11:00:00,100664.0,100666.0,100630.0,100643.0,900,10,0,900
2025-01-13 11:15:00,100642.0,100660.0,100628.0,100651.0,900,10,0,900
2025-01-13 11:30:00,100652.0,100659.0,100616.0,100633.0,900,10,0,900
2025-01-13 11:45:00,100634.0,100644.0,100613.0,100621.0,900,10,0,900
2025-01-13 12:00:00,100620.0,100659.0,100613.0,100621.0,900,10,0,900
2025-01-13 12:15:00,100622.0,100644.0,100613.0,100637.0,900,10,0,900
2025-01-13 12:30:00,100636.0,100655.0,100618.0,100625.0,900,10,0,900
2025-01-13 12:45:00,100624.0,100657.0,100613.0,100629.0,900,10,0,900
2025-01-13 13:00:00,100630.0,100666.0,100614.0,100661.0,900,10,0,900
2025-01-13 13:15:00,100662.0,100679.0,100631.0,100633.0,900,10,0,900
2025-01-13 13:30:00,100634.0,100650.0,100623.0,100633.0,900,10,0,900
2025-01-13 13:45:00,100632.0,100640.0,100613.0,100617.0,900,10,0,900
2025-01-13 14:00:00,100618.0,100650.0,100613.0,100615.0,900,10,0,900
2025-01-13 14:15:00,100614.0,100633.0,100613.0,100627.0,900,10,0,900
2025-01-13 14:30:00,100628.0,100649.0,100613.0,100645.0,900,10,0,900
2025-01-13 14:45:00,100646.0,100679.0,100646.0,100679.0,900,10,0,900
2025-01-13 15:00:00,100678.0,100862.0,100663.0,100843.0,900,10,0,900
2025-01-13 15:15:00,100844.0,100862.0,100823.0,100837.0,900,10,0,900
2025-01-13 15:30:00,100836.0,100862.0,100835.0,100851.0,900,10,0,900
2025-01-13 15:45:00,100850.0,100862.0,100839.0,100851.0,890,10,0,890
2025-01-13 16:00:00,100852.0,100862.0,100836.0,100847.0,900,10,0,900
2025-01-13 16:15:00,100848.0,100862.0,100837.0,100861.0,900,10,0,900
2025-01-13 16:30:00,100860.0,100862.0,100823.0,100835.0,900,10,0,900
2025-01-13 16:45:00,100836.0,100845.0,100823.0,100837.0,900,10,0,900
2025-01-13 17:00:00,100838.0,100861.0,100832.0,100833.0,900,10,0,900
2025-01-13 17:15:00,100832.0,100862.0,100831.0,100845.0,900,10,0,900
2025-01-13 17:30:00,100846.0,100862.0,100823.0,100833.0,900,10,0,900
2025-01-13 17:45:00,100834.0,100859.0,100823.0,100851.0,900,10,0,900
2025-01-13 18:00:00,100850.0,100862.0,100823.0,100853.0,900,10,0,900
2025-01-13 18:15:00,100854.0,100977.0,100844.0,100953.0,900,10,0,900
2025-01-13 18:30:00,100954.0,100977.0,100949.0,100961.0,900,10,0,900
2025-01-13 18:45:00,100960.0,100977.0,100944.0,100971.0,900,10,0,900
2025-01-13 19:00:00,100970.0,100977.0,100945.0,100957.0,900,10,0,900
2025-01-13 19:15:00,100958.0,100977.0,100943.0,100975.0,900,10,0,900
2025-01-13 19:30:00,100976.0,100977.0,100939.0,100949.0,900,10,0,900
2025-01-13 19:45:00,100950.0,100975.0,100939.0,100963.0,900,10,0,900
2025-01-13 20:00:00,100962.0,100977.0,100939.0,100955.0,900,10,0,900
2025-01-13 20:15:00,100956.0,100972.0,100939.0,100949.0,900,10,0,900
2025-01-13 20:30:00,100950.0,100967.0,100939.0,100955.0,900,10,0,900
2025-01-13 20:45:00,100956.0,100977.0,100953.0,100963.0,900,10,0,900
2025-01-13 21:00:00,100964.0,100968.0,100939.0,100961.0,900,10,0,900
2025-01-13 21:15:00,100960.0,100977.0,100939.0,100971.0,900,10,0,900
2025-01-13 21:30:00,100972.0,100977.0,100939.0,100977.0,900,10,0,900
2025-01-13 21:45:00,100976.0,101068.0,100960.0,101053.0,900,10,0,900
2025-01-13 22:00:00,101054.0,101061.0,101022.0,101049.0,900,10,0,900
2025-01-13 22:15:00,101048.0,101056.0,101029.0,101045.0,900,10,0,900
2025-01-13 22:30:00,101044.0,101064.0,101022.0,101023.0,900,10,0,900
2025-01-13 22:45:00,101024.0,101068.0,101022.0,101047.0,900,10,0,900
2025-01-13 23:00:00,101048.0,101068.0,101039.0,101059.0,900,10,0,900
2025-01-13 23:15:00,101060.0,101068.0,101046.0,101059.0,900,10,0,900
2025-01-13 23:30:00,101060.0,101068.0,101022.0,101029.0,900,10,0,900
2025-01-13 23:45:00,101028.0,101060.0,101022.0,101033.0,900,10,0,900
2025-01-14 00:00:00,101032.0,101067.0,101022.0,101057.0,900,10,0,900
2025-01-14 00:15:00,101058.0,101059.0,101024.0,101051.0,900,10,0,900
2025-01-14 00:30:00,101050.0,101062.0,101022.0,101041.0,900,10,0,900
2025-01-14 00:45:00,101042.0,101068.0,101035.0,101053.0,900,10,0,900
2025-01-14 01:00:00,101052.0,101054.0,101022.0,101049.0,900,10,0,900
2025-01-14 01:15:00,101050.0,101063.0,101022.0,101043.0,900,10,0,900
2025-01-14 01:30:00,101042.0,101253.0,101035.0,101253.0,900,10,0,900
2025-01-14 01:45:00,101252.0,101253.0,101232.0,101243.0,900,10,0,900
2025-01-14 02:00:00,101244.0,101248.0,101200.0,101221.0,900,10,0,900
2025-01-14 02:15:00,101222.0,101242.0,101200.0,101227.0,900,10,0,900
2025-01-14 02:30:00,101226.0,101228.0,101200.0,101205.0,900,10,0,900
2025-01-14 02:45:00,101206.0,101229.0,101200.0,101205.0,900,10,0,900
2025-01-14 03:00:00,101204.0,101249.0,101200.0,101241.0,900,10,0,900
2025-01-14 03:15:00,101240.0,101247.0,101214.0,101215.0,900,10,0,900
2025-01-14 03:30:00,101214.0,101244.0,101200.0,101243.0,900,10,0,900
2025-01-14 03:45:00,101244.0,101244.0,101200.0,101207.0,900,10,0,900
2025-01-14 04:00:00,101206.0,101229.0,101200.0,101205.0,900,10,0,900
2025-01-14 04:15:00,101206.0,101211.0,101117.0,101129.0,900,10,0,900
2025-01-14 04:30:00,101130.0,101137.0,101117.0,101133.0,900,10,0,900
2025-01-14 04:45:00,101132.0,101149.0,101119.0,101139.0,900,10,0,900
2025-01-14 05:00:00,101138.0,101142.0,101014.0,101019.0,900,10,0,900
2025-01-14 05:15:00,101020.0,101040.0,101014.0,101033.0,900,10,0,900
2025-01-14 05:30:00,101034.0,101038.0,101014.0,101017.0,900,10,0,900
2025-01-14 05:45:00,101018.0,101040.0,101014.0,101037.0,900,10,0,900
2025-01-14 06:00:00,101038.0,101040.0,101014.0,101025.0,900,10,0,900
2025-01-14 06:15:00,101026.0,101033.0,101014.0,101015.0,900,10,0,900
2025-01-14 06:30:00,101016.0,101040.0,101015.0,101021.0,900,10,0,900
2025-01-14 06:45:00,101020.0,101040.0,101014.0,101017.0,900,10,0,900
2025-01-14 07:00:00,101018.0,101038.0,100895.0,100903.0,900,10,0,900
2025-01-14 07:15:00,100904.0,100941.0,100895.0,100899.0,900,10,0,900
2025-01-14 07:30:00,100900.0,100914.0,100895.0,100901.0,900,10,0,900
2025-01-14 07:45:00,100902.0,100925.0,100895.0,100907.0,900,10,0,900
2025-01-14 08:00:00,100908.0,100941.0,100898.0,100939.0,900,10,0,900
2025-01-14 08:15:00,100938.0,100941.0,100918.0,100921.0,900,10,0,900
2025-01-14 08:30:00,100922.0,100941.0,100920.0,100925.0,900,10,0,900
2025-01-14 08:45:00,100926.0,100939.0,100908.0,100939.0,900,10,0,900
2025-01-14 09:00:00,100940.0,100941.0,100911.0,100925.0,900,10,0,900
2025-01-14 09:15:00,100924.0,100941.0,100922.0,100927.0,900,10,0,900
2025-01-14 09:30:00,100928.0,100933.0,100518.0,100519.0,900,10,0,900
2025-01-14 09:45:00,100520.0,100545.0,100518.0,100529.0,900,10,0,900
2025-01-14 10:00:00,100528.0,100579.0,100524.0,100573.0,900,10,0,900
2025-01-14 10:15:00,100574.0,100796.0,100552.0,100795.0,900,10,0,900
2025-01-14 10:30:00,100796.0,100796.0,100746.0,100753.0,900,10,0,900
2025-01-14 10:45:00,100754.0,100796.0,100748.0,100775.0,900,10,0,900
2025-01-14 11:00:00,100774.0,100791.0,100749.0,100763.0,880,10,0,880
2025-01-14 11:15:00,100762.0,100780.0,100746.0,100771.0,900,10,0,900
2025-01-14 11:30:00,100770.0,100793.0,100758.0,100777.0,900,10,0,900
2025-01-14 11:45:00,100776.0,100796.0,100763.0,100773.0,900,10,0,900
2025-01-14 12:00:00,100772.0,100785.0,100756.0,100769.0,900,10,0,900
2025-01-14 12:15:00,100770.0,100787.0,100746.0,100785.0,900,10,0,900
2025-01-14 12:30:00,100786.0,100796.0,100772.0,100779.0,900,10,0,900
2025-01-14 12:45:00,100780.0,100781.0,100746.0,100751.0,900,10,0,900
2025-01-14 13:00:00,100752.0,100793.0,100746.0,100793.0,900,10,0,900
2025-01-14 13:15:00,100792.0,100794.0,100768.0,100779.0,900,10,0,900
2025-01-14 13:30:00,100780.0,100796.0,100761.0,100763.0,900,10,0,900
2025-01-14 13:45:00,100762.0,100796.0,100746.0,100791.0,900,10,0,900
2025-01-14 14:00:00,100790.0,100796.0,100770.0,100795.0,900,10,0,900
2025-01-14 14:15:00,100794.0,100796.0,100763.0,100783.0,900,10,0,900
2025-01-14 14:30:00,100784.0,100796.0,100772.0,100795.0,900,10,0,900
2025-01-14 14:45:00,100794.0,100796.0,100773.0,100789.0,900,10,0,900
2025-01-14 15:00:00,100790.0,100796.0,100769.0,100775.0,900,10,0,900
2025-01-14 15:15:00,100774.0,100789.0,100751.0,100779.0,900,10,0,900
2025-01-14 15:30:00,100780.0,100796.0,100775.0,100777.0,900,10,0,900
2025-01-14 15:45:00,100776.0,100796.0,100746.0,100795.0,900,10,0,900
2025-01-14 16:00:00,100796.0,100796.0,100746.0,100781.0,900,10,0,900
2025-01-14 16:15:00,100782.0,100794.0,100748.0,100755.0,900,10,0,900
2025-01-14 16:30:00,100754.0,100796.0,100750.0,100783.0,900,10,0,900
2025-01-14 16:45:00,100784.0,100796.0,100775.0,100791.0,900,10,0,900
2025-01-14 17:00:00,100792.0,100794.0,100767.0,100793.0,900,10,0,900
2025-01-14 17:15:00,100792.0,100966.0,100785.0,100944.0,900,10,0,900
2025-01-14 17:30:00,100943.0,100952.0,100913.0,100940.0,900,10,0,900
2025-01-14 17:45:00,100939.0,100948.0,100913.0,100920.0,900,10,0,900
2025-01-14 18:00:00,100921.0,100924.0,100640.0,100646.0,900,10,0,900
2025-01-14 18:15:00,100645.0,100660.0,100640.0,100656.0,900,10,0,900
2025-01-14 18:30:00,100655.0,100660.0,100640.0,100640.0,900,10,0,900
2025-01-14 18:45:00,100641.0,100660.0,100640.0,100650.0,900,10,0,900
2025-01-14 19:00:00,100651.0,100660.0,100541.0,100574.0,900,10,0,900
2025-01-14 19:15:00,100575.0,100606.0,100565.0,100578.0,900,10,0,900
2025-01-14 19:30:00,100579.0,100586.0,100553.0,100584.0,900,10,0,900
2025-01-14 19:45:00,100583.0,100606.0,100558.0,100582.0,900,10,0,900
2025-01-14 20:00:00,100583.0,100606.0,100579.0,100600.0,900,10,0,900
2025-01-14 20:15:00,100599.0,100606.0,100551.0,100556.0,900,10,0,900
2025-01-14 20:30:00,100555.0,100606.0,100549.0,100556.0,900,10,0,900
2025-01-14 20:45:00,100555.0,100588.0,100541.0,100584.0,900,10,0,900
2025-01-14 21:00:00,100583.0,100597.0,100561.0,100582.0,900,10,0,900
2025-01-14 21:15:00,100583.0,100606.0,100577.0,100604.0,900,10,0,900
2025-01-14 21:30:00,100605.0,100606.0,100566.0,100568.0,900,10,0,900
2025-01-14 21:45:00,100567.0,100592.0,100549.0,100592.0,900,10,0,900
2025-01-14 22:00:00,100593.0,100715.0,100592.0,100664.0,900,10,0,900
2025-01-14 22:15:00,100665.0,100666.0,100617.0,100636.0,900,10,0,900
2025-01-14 22:30:00,100635.0,100666.0,100634.0,100658.0,900,10,0,900
2025-01-14 22:45:00,100659.0,100687.0,100657.0,100668.0,900,10,0,900
2025-01-14 23:00:00,100667.0,100670.0,100617.0,100638.0,900,10,0,900
2025-01-14 23:15:00,100639.0,100669.0,100626.0,100646.0,900,10,0,900
2025-01-14 23:30:00,100647.0,100649.0,100617.0,100628.0,900,10,0,900
2025-01-14 23:45:00,100629.0,100665.0,100626.0,100638.0,900,10,0,900
2025-01-15 00:00:00,100637.0,100647.0,100617.0,100620.0,900,10,0,900
2025-01-15 00:15:00,100621.0,100690.0,100617.0,100674.0,900,10,0,900
2025-01-15 00:30:00,100675.0,100687.0,100635.0,100640.0,900,10,0,900
2025-01-15 00:45:00,100639.0,100658.0,100623.0,100638.0,900,10,0,900
2025-01-15 01:00:00,100637.0,100671.0,100637.0,100658.0,900,10,0,900
2025-01-15 01:15:00,100657.0,100673.0,100639.0,100664.0,900,10,0,900
2025-01-15 01:30:00,100663.0,100715.0,100657.0,100704.0,900,10,0,900
2025-01-15 01:45:00,100703.0,100715.0,100690.0,100704.0,900,10,0,900
2025-01-15 02:00:00,100705.0,100715.0,100689.0,100698.0,900,10,0,900
2025-01-15 02:15:00,100699.0,100715.0,100675.0,100696.0,900,10,0,900
2025-01-15 02:30:00,100697.0,100715.0,100684.0,100714.0,900,10,0,900
2025-01-15 02:45:00,100713.0,100715.0,100682.0,100708.0,900,10,0,900
2025-01-15 03:00:00,100707.0,100715.0,100690.0,100692.0,900,10,0,900
2025-01-15 03:15:00,100691.0,100698.0,100658.0,100694.0,900,10,0,900
2025-01-15 03:30:00,100695.0,100706.0,100680.0,100700.0,900,10,0,900
2025-01-15 03:45:00,100701.0,100715.0,100675.0,100682.0,900,10,0,900
2025-01-15 04:00:00,100681.0,100682.0,100637.0,100652.0,900,10,0,900
2025-01-15 04:15:00,100651.0,100661.0,100629.0,100650.0,900,10,0,900
2025-01-15 04:30:00,100651.0,100680.0,100646.0,100654.0,900,10,0,900
2025-01-15 04:45:00,100653.0,100694.0,100653.0,100684.0,900,10,0,900
2025-01-15 05:00:00,100683.0,100683.0,100622.0,100658.0,900,10,0,900
2025-01-15 05:15:00,100659.0,100666.0,100626.0,100634.0,900,10,0,900
2025-01-15 05:30:00,100633.0,100682.0,100625.0,100658.0,900,10,0,900
2025-01-15 05:45:00,100657.0,100695.0,100656.0,100678.0,900,10,0,900
2025-01-15 06:00:00,100677.0,100697.0,100658.0,100666.0,900,10,0,900
2025-01-15 06:15:00,100667.0,100684.0,100643.0,100678.0,900,10,0,900
2025-01-15 06:30:00,100677.0,100715.0,100670.0,100698.0,900,10,0,900
2025-01-15 06:45:00,100697.0,100715.0,100647.0,100652.0,900,10,0,900
2025-01-15 07:00:00,100651.0,100655.0,100330.0,100338.0,900,10,0,900
2025-01-15 07:15:00,100339.0,100366.0,100330.0,100354.0,900,10,0,900
2025-01-15 07:30:00,100353.0,100366.0,100330.0,100366.0,900,10,0,900
2025-01-15 07:45:00,100365.0,100366.0,100330.0,100336.0,900,10,0,900
2025-01-15 08:00:00,100337.0,100361.0,100330.0,100350.0,900,10,0,900
2025-01-15 08:15:00,100349.0,100366.0,100339.0,100354.0,900,10,0,900
2025-01-15 08:30:00,100355.0,100366.0,100330.0,100336.0,900,10,0,900
2025-01-15 08:45:00,100337.0,100366.0,100330.0,100352.0,900,10,0,900
2025-01-15 09:00:00,100353.0,100366.0,100332.0,100336.0,900,10,0,900
2025-01-15 09:15:00,100335.0,100358.0,100330.0,100342.0,900,10,0,900
2025-01-15 09:30:00,100341.0,100355.0,100330.0,100350.0,900,10,0,900
2025-01-15 09:45:00,100351.0,100366.0,100330.0,100346.0,900,10,0,900
2025-01-15 10:00:00,100345.0,100361.0,100330.0,100354.0,900,10,0,900
2025-01-15 10:15:00,100355.0,100366.0,100330.0,100352.0,900,10,0,900
2025-01-15 10:30:00,100353.0,100361.0,100330.0,100346.0,900,10,0,900
2025-01-15 10:45:00,100345.0,100366.0,100330.0,100346.0,900,10,0,900
2025-01-15 11:00:00,100345.0,100366.0,100342.0,100356.0,900,10,0,900
2025-01-15 11:15:00,100357.0,100366.0,100330.0,100330.0,900,10,0,900
2025-01-15 11:30:00,100331.0,100366.0,100330.0,100336.0,900,10,0,900
2025-01-15 11:45:00,100337.0,100366.0,100336.0,100358.0,900,10,0,900
2025-01-15 12:00:00,100359.0,100366.0,100343.0,100362.0,900,10,0,900
2025-01-15 12:15:00,100361.0,100366.0,100332.0,100342.0,900,10,0,900
2025-01-15 12:30:00,100341.0,100366.0,100330.0,100356.0,900,10,0,900
2025-01-15 12:45:00,100357.0,100366.0,100333.0,100344.0,900,10,0,900
2025-01-15 13:00:00,100343.0,100365.0,100332.0,100358.0,900,10,0,900
2025-01-15 13:15:00,100357.0,100366.0,100333.0,100338.0,900,10,0,900
2025-01-15 13:30:00,100337.0,100366.0,100330.0,100344.0,900,10,0,900
2025-01-15 13:45:00,100343.0,100366.0,100340.0,100360.0,900,10,0,900
2025-01-15 14:00:00,100359.0,100366.0,100330.0,100330.0,900,10,0,900
2025-01-15 14:15:00,100331.0,100348.0,100330.0,100336.0,900,10,0,900
2025-01-15 14:30:00,100335.0,100361.0,100330.0,100336.0,900,10,0,900
2025-01-15 14:45:00,100337.0,100351.0,100330.0,100344.0,900,10,0,900
2025-01-15 15:00:00,100345.0,100361.0,100330.0,100340.0,900,10,0,900
2025-01-15 15:15:00,100341.0,100350.0,100330.0,100332.0,900,10,0,900
2025-01-15 15:30:00,100333.0,100341.0,100330.0,100334.0,900,10,0,900
2025-01-15 15:45:00,100333.0,100353.0,100330.0,100334.0,900,10,0,900
2025-01-15 16:00:00,100333.0,100366.0,100330.0,100358.0,900,10,0,900
2025-01-15 16:15:00,100357.0,100366.0,100332.0,100358.0,900,10,0,900
2025-01-15 16:30:00,100359.0,100366.0,100330.0,100360.0,900,10,0,900
2025-01-15 16:45:00,100359.0,100366.0,100339.0,100356.0,900,10,0,900
2025-01-15 17:00:00,100355.0,100366.0,100332.0,100354.0,900,10,0,900
2025-01-15 17:15:00,100355.0,100366.0,100339.0,100360.0,900,10,0,900
2025-01-15 17:30:00,100361.0,100366.0,100343.0,100356.0,900,10,0,900
2025-01-15 17:45:00,100355.0,100366.0,100330.0,100336.0,900,10,0,900
2025-01-15 18:00:00,100335.0,100353.0,100330.0,100336.0,900,10,0,900
2025-01-15 18:15:00,100335.0,100359.0,100330.0,100346.0,900,10,0,900
2025-01-15 18:30:00,100347.0,100366.0,100330.0,100338.0,900,10,0,900
2025-01-15 18:45:00,100337.0,100366.0,100330.0,100362.0,900,10,0,900
2025-01-15 19:00:00,100363.0,100366.0,100341.0,100348.0,900,10,0,900
2025-01-15 19:15:00,100349.0,100356.0,100330.0,100332.0,900,10,0,900
2025-01-15 19:30:00,100333.0,100361.0,100330.0,100332.0,900,10,0,900
2025-01-15 19:45:00,100333.0,100366.0,100330.0,100360.0,900,10,0,900
2025-01-15 20:00:00,100361.0,100366.0,100336.0,100342.0,900,10,0,900
2025-01-15 20:15:00,100341.0,100357.0,100330.0,100338.0,900,10,0,900
2025-01-15 20:30:00,100339.0,100366.0,100330.0,100352.0,900,10,0,900
2025-01-15 20:45:00,100351.0,100359.0,100332.0,100344.0,900,10,0,900
2025-01-15 21:00:00,100343.0,100366.0,100332.0,100366.0,900,10,0,900
2025-01-15 21:15:00,100365.0,100366.0,100330.0,100342.0,900,10,0,900
2025-01-15 21:30:00,100343.0,100358.0,100330.0,100346.0,900,10,0,900
2025-01-15 21:45:00,100345.0,100365.0,100330.0,100350.0,900,10,0,900
2025-01-15 22:00:00,100351.0,100366.0,100338.0,100346.0,900,10,0,900
2025-01-15 22:15:00,100347.0,100473.0,100330.0,100464.0,900,10,0,900
2025-01-15 22:30:00,100463.0,100473.0,100436.0,100436.0,900,10,0,900
2025-01-15 22:45:00,100437.0,100465.0,100430.0,100450.0,900,10,0,900
2025-01-15 23:00:00,100449.0,100454.0,100430.0,100438.0,900,10,0,900
2025-01-15 23:15:00,100439.0,100473.0,100430.0,100464.0,900,10,0,900
2025-01-15 23:30:00,100463.0,100473.0,100430.0,100436.0,900,10,0,900
2025-01-15 23:45:00,100435.0,100471.0,100430.0,100444.0,900,10,0,900
2025-01-16 00:00:00,100445.0,100454.0,100430.0,100452.0,900,10,0,900
2025-01-16 00:15:00,100451.0,100471.0,100437.0,100456.0,900,10,0,900
2025-01-16 00:30:00,100455.0,100473.0,100448.0,100462.0,900,10,0,900
2025-01-16 00:45:00,100463.0,100473.0,100087.0,100104.0,900,10,0,900
2025-01-16 01:00:00,100105.0,100109.0,100087.0,100100.0,900,10,0,900
2025-01-16 01:15:00,100101.0,100125.0,100087.0,100088.0,900,10,0,900
2025-01-16 01:30:00,100089.0,100111.0,100087.0,100092.0,900,10,0,900
2025-01-16 01:45:00,100093.0,100107.0,99840.0,99858.0,900,10,0,900
2025-01-16 02:00:00,99857.0,99872.0,99840.0,99850.0,900,10,0,900
2025-01-16 02:15:00,99851.0,99872.0,99845.0,99858.0,900,10,0,900
2025-01-16 02:30:00,99859.0,99872.0,99843.0,99862.0,900,10,0,900
2025-01-16 02:45:00,99863.0,99872.0,99847.0,99850.0,900,10,0,900
2025-01-16 03:00:00,99849.0,99872.0,99840.0,99856.0,900,10,0,900
2025-01-16 03:15:00,99855.0,99863.0,99481.0,99494.0,900,10,0,900
2025-01-16 03:30:00,99495.0,99575.0,99491.0,99548.0,900,10,0,900
2025-01-16 03:45:00,99547.0,99559.0,99528.0,99536.0,900,10,0,900
2025-01-16 04:00:00,99535.0,99555.0,99526.0,99548.0,900,10,0,900
2025-01-16 04:15:00,99549.0,99575.0,99542.0,99564.0,900,10,0,900
2025-01-16 04:30:00,99563.0,99575.0,99543.0,99558.0,900,10,0,900
2025-01-16 04:45:00,99557.0,99558.0,99495.0,99504.0,900,10,0,900
2025-01-16 05:00:00,99503.0,99518.0,99493.0,99502.0,900,10,0,900
2025-01-16 05:15:00,99503.0,99538.0,99500.0,99522.0,900,10,0,900
2025-01-16 05:30:00,99523.0,99526.0,99489.0,99492.0,900,10,0,900
2025-01-16 05:45:00,99493.0,99514.0,99481.0,99492.0,900,10,0,900
2025-01-16 06:00:00,99493.0,99528.0,99492.0,99500.0,900,10,0,900
2025-01-16 06:15:00,99499.0,99517.0,99481.0,99490.0,900,10,0,900
2025-01-16 06:30:00,99489.0,99507.0,99481.0,99504.0,898,10,0,898
2025-01-16 06:45:00,99503.0,99523.0,99496.0,99518.0,900,10,0,900
2025-01-16 07:00:00,99519.0,99522.0,99481.0,99506.0,900,10,0,900
2025-01-16 07:15:00,99505.0,99524.0,99481.0,99514.0,900,10,0,900
2025-01-16 07:30:00,99513.0,99535.0,99488.0,99502.0,900,10,0,900
2025-01-16 07:45:00,99501.0,99508.0,99481.0,99482.0,900,10,0,900
2025-01-16 08:00:00,99483.0,99500.0,99481.0,99488.0,900,10,0,900
2025-01-16 08:15:00,99489.0,99526.0,99481.0,99520.0,900,10,0,900
2025-01-16 08:30:00,99521.0,99526.0,99482.0,99482.0,900,10,0,900
2025-01-16 08:45:00,99481.0,99534.0,99481.0,99532.0,900,10,0,900
2025-01-16 09:00:00,99531.0,99553.0,99527.0,99552.0,900,10,0,900
2025-01-16 09:15:00,99553.0,99557.0,99522.0,99530.0,900,10,0,900
2025-01-16 09:30:00,99531.0,99545.0,99511.0,99514.0,900,10,0,900
2025-01-16 09:45:00,99515.0,99515.0,99481.0,99490.0,900,10,0,900
2025-01-16 10:00:00,99491.0,99513.0,99481.0,99486.0,900,10,0,900
2025-01-16 10:15:00,99487.0,99522.0,99481.0,99498.0,900,10,0,900
2025-01-16 10:30:00,99499.0,99519.0,99481.0,99504.0,900,10,0,900
2025-01-16 10:45:00,99503.0,99523.0,99481.0,99516.0,900,10,0,900
2025-01-16 11:00:00,99517.0,99518.0,99481.0,99486.0,900,10,0,900
2025-01-16 11:15:00,99487.0,99515.0,99481.0,99494.0,900,10,0,900
2025-01-16 11:30:00,99493.0,99513.0,99481.0,99492.0,900,10,0,900
2025-01-16 11:45:00,99491.0,99515.0,99481.0,99504.0,900,10,0,900
2025-01-16 12:00:00,99503.0,99535.0,99489.0,99530.0,900,10,0,900
2025-01-16 12:15:00,99529.0,99549.0,99481.0,99484.0,900,10,0,900
2025-01-16 12:30:00,99485.0,99523.0,99481.0,99502.0,900,10,0,900
2025-01-16 12:45:00,99501.0,99524.0,99481.0,99500.0,900,10,0,900
2025-01-16 13:00:00,99499.0,99510.0,99486.0,99502.0,900,10,0,900
2025-01-16 13:15:00,99503.0,99532.0,99491.0,99510.0,900,10,0,900
2025-01-16 13:30:00,99509.0,99541.0,99508.0,99540.0,900,10,0,900
2025-01-16 13:45:00,99541.0,99575.0,99531.0,99562.0,900,10,0,900
2025-01-16 14:00:00,99561.0,99575.0,99531.0,99542.0,900,10,0,900
2025-01-16 14:15:00,99543.0,99555.0,99506.0,99512.0,900,10,0,900
2025-01-16 14:30:00,99511.0,99553.0,99506.0,99518.0,900,10,0,900
2025-01-16 14:45:00,99517.0,99517.0,99481.0,99482.0,900,10,0,900
2025-01-16 15:00:00,99483.0,99544.0,99481.0,99538.0,900,10,0,900
2025-01-16 15:15:00,99539.0,99552.0,99517.0,99546.0,900,10,0,900
2025-01-16 15:30:00,99547.0,99563.0,99529.0,99540.0,900,10,0,900
2025-01-16 15:45:00,99541.0,99575.0,99539.0,99562.0,900,10,0,900
2025-01-16 16:00:00,99561.0,99572.0,99541.0,99552.0,900,10,0,900
2025-01-16 16:15:00,99551.0,99575.0,99540.0,99550.0,900,10,0,900
2025-01-16 16:30:00,99551.0,99557.0,99497.0,99504.0,900,10,0,900
2025-01-16 16:45:00,99505.0,99570.0,99501.0,99564.0,900,10,0,900
2025-01-16 17:00:00,99565.0,99575.0,99545.0,99558.0,900,10,0,900
2025-01-16 17:15:00,99559.0,99575.0,99535.0,99568.0,900,10,0,900
2025-01-16 17:30:00,99567.0,99575.0,99543.0,99554.0,900,10,0,900
2025-01-16 17:45:00,99553.0,99575.0,99546.0,99554.0,900,10,0,900
2025-01-16 18:00:00,99555.0,99555.0,99502.0,99502.0,900,10,0,900
2025-01-16 18:15:00,99501.0,99515.0,99487.0,99510.0,900,10,0,900
2025-01-16 18:30:00,99511.0,99531.0,99481.0,99494.0,900,10,0,900
2025-01-16 18:45:00,99495.0,99524.0,99481.0,99522.0,900,10,0,900
2025-01-16 19:00:00,99521.0,99523.0,99481.0,99498.0,900,10,0,900
2025-01-16 19:15:00,99499.0,99511.0,99481.0,99506.0,900,10,0,900
2025-01-16 19:30:00,99507.0,99513.0,99487.0,99508.0,900,10,0,900
2025-01-16 19:45:00,99507.0,99514.0,99481.0,99494.0,900,10,0,900
2025-01-16 20:00:00,99495.0,99515.0,99484.0,99490.0,900,10,0,900
2025-01-16 20:15:00,99491.0,99537.0,99487.0,99516.0,900,10,0,900
2025-01-16 20:30:00,99515.0,99561.0,99510.0,99550.0,900,10,0,900
2025-01-16 20:45:00,99549.0,99549.0,99481.0,99482.0,900,10,0,900
2025-01-16 21:00:00,99483.0,99509.0,99402.0,99408.0,900,10,0,900
2025-01-16 21:15:00,99407.0,99434.0,99402.0,99418.0,900,10,0,900
2025-01-16 21:30:00,99417.0,99432.0,99402.0,99416.0,900,10,0,900
2025-01-16 21:45:00,99417.0,99434.0,99402.0,99418.0,900,10,0,900
2025-01-16 22:00:00,99419.0,99434.0,99412.0,99428.0,900,10,0,900
2025-01-16 22:15:00,99429.0,99434.0,99402.0,99408.0,900,10,0,900
2025-01-16 22:30:00,99409.0,99434.0,99156.0,99159.0,900,10,0,900
2025-01-16 22:45:00,99158.0,99233.0,99156.0,99213.0,900,10,0,900
2025-01-16 23:00:00,99212.0,99257.0,99207.0,99241.0,900,10,0,900
2025-01-16 23:15:00,99240.0,99250.0,99173.0,99175.0,900,10,0,900
2025-01-16 23:30:00,99176.0,99176.0,99156.0,99163.0,900,10,0,900
2025-01-16 23:45:00,99162.0,99184.0,99156.0,99171.0,900,10,0,900
2025-01-17 00:00:00,99172.0,99234.0,99160.0,99229.0,900,10,0,900
2025-01-17 00:15:00,99230.0,99253.0,99205.0,99245.0,900,10,0,900
2025-01-17 00:30:00,99244.0,99257.0,99228.0,99245.0,900,10,0,900
2025-01-17 00:45:00,99244.0,99244.0,99159.0,99160.0,893,10,0,893
2025-01-17 01:00:00,99161.0,99189.0,99156.0,99178.0,900,10,0,900
2025-01-17 01:15:00,99179.0,99206.0,99156.0,99164.0,900,10,0,900
2025-01-17 01:30:00,99163.0,99198.0,99161.0,99186.0,900,10,0,900
2025-01-17 01:45:00,99187.0,99195.0,99156.0,99166.0,900,10,0,900
2025-01-17 02:00:00,99167.0,99216.0,99156.0,99208.0,900,10,0,900
2025-01-17 02:15:00,99209.0,99255.0,99200.0,99244.0,900,10,0,900
2025-01-17 02:30:00,99245.0,99257.0,99238.0,99244.0,900,10,0,900
2025-01-17 02:45:00,99243.0,99254.0,99193.0,99206.0,900,10,0,900
2025-01-17 03:00:00,99207.0,99226.0,99191.0,99202.0,900,10,0,900
2025-01-17 03:15:00,99203.0,99215.0,99189.0,99192.0,900,10,0,900
2025-01-17 03:30:00,99193.0,99203.0,99156.0,99158.0,900,10,0,900
2025-01-17 03:45:00,99159.0,99159.0,98867.0,98884.0,900,10,0,900
2025-01-17 04:00:00,98883.0,98933.0,98879.0,98932.0,900,10,0,900
2025-01-17 04:15:00,98931.0,98933.0,98917.0,98932.0,900,10,0,900
2025-01-17 04:30:00,98933.0,98933.0,98901.0,98904.0,900,10,0,900
2025-01-17 04:45:00,98903.0,98913.0,98867.0,98892.0,900,10,0,900
2025-01-17 05:00:00,98893.0,98932.0,98891.0,98928.0,900,10,0,900
2025-01-17 05:15:00,98927.0,99013.0,98916.0,99005.0,900,10,0,900
2025-01-17 05:30:00,99006.0,99013.0,98988.0,98999.0,900,10,0,900
2025-01-17 05:45:00,98998.0,99013.0,98982.0,99013.0,900,10,0,900
2025-01-17 06:00:00,99012.0,99013.0,98982.0,98995.0,900,10,0,900
2025-01-17 06:15:00,98994.0,99013.0,98982.0,99009.0,900,10,0,900
2025-01-17 06:30:00,99010.0,99013.0,98992.0,98999.0,900,10,0,900
2025-01-17 06:45:00,99000.0,99013.0,98992.0,99013.0,900,10,0,900
2025-01-17 07:00:00,99012.0,99013.0,98994.0,99013.0,900,10,0,900
2025-01-17 07:15:00,99012.0,99013.0,98995.0,99005.0,900,10,0,900
2025-01-17 07:30:00,99004.0,99013.0,98987.0,99007.0,900,10,0,900
2025-01-17 07:45:00,99006.0,99011.0,98982.0,98983.0,900,10,0,900
2025-01-17 08:00:00,98982.0,99002.0,98982.0,98989.0,900,10,0,900
2025-01-17 08:15:00,98988.0,99013.0,98982.0,98989.0,900,10,0,900
2025-01-17 08:30:00,98988.0,99223.0,98986.0,99220.0,900,10,0,900
2025-01-17 08:45:00,99221.0,99223.0,99128.0,99130.0,900,10,0,900
2025-01-17 09:00:00,99129.0,99144.0,99126.0,99130.0,900,10,0,900
2025-01-17 09:15:00,99129.0,99166.0,99126.0,99146.0,900,10,0,900
2025-01-17 09:30:00,99147.0,99169.0,99139.0,99162.0,900,10,0,900
2025-01-17 09:45:00,99163.0,99194.0,99141.0,99194.0,900,10,0,900
2025-01-17 10:00:00,99193.0,99202.0,99172.0,99194.0,900,10,0,900
2025-01-17 10:15:00,99195.0,99223.0,99181.0,99218.0,900,10,0,900
2025-01-17 10:30:00,99217.0,99218.0,99151.0,99194.0,900,10,0,900
2025-01-17 10:45:00,99193.0,99197.0,99138.0,99152.0,900,10,0,900
2025-01-17 11:00:00,99153.0,99163.0,99126.0,99140.0,900,10,0,900
2025-01-17 11:15:00,99139.0,99151.0,99126.0,99138.0,900,10,0,900
2025-01-17 11:30:00,99137.0,99159.0,99126.0,99158.0,900,10,0,900
2025-01-17 11:45:00,99157.0,99163.0,98904.0,98917.0,900,10,0,900
2025-01-17 12:00:00,98916.0,98933.0,98904.0,98933.0,900,10,0,900
2025-01-17 12:15:00,98934.0,98976.0,98932.0,98961.0,900,10,0,900
2025-01-17 12:30:00,98962.0,98975.0,98943.0,98959.0,900,10,0,900
2025-01-17 12:45:00,98960.0,98976.0,98949.0,98973.0,900,10,0,900
2025-01-17 13:00:00,98972.0,98974.0,98904.0,98917.0,900,10,0,900
2025-01-17 13:15:00,98918.0,98936.0,98904.0,98917.0,900,10,0,900
2025-01-17 13:30:00,98918.0,98953.0,98912.0,98949.0,900,10,0,900
2025-01-17 13:45:00,98948.0,98962.0,98935.0,98955.0,900,10,0,900
2025-01-17 14:00:00,98954.0,98976.0,98945.0,98967.0,900,10,0,900
2025-01-17 14:15:00,98968.0,98976.0,98944.0,98947.0,900,10,0,900
2025-01-17 14:30:00,98946.0,98976.0,98938.0,98957.0,900,10,0,900
2025-01-17 14:45:00,98956.0,98956.0,98904.0,98939.0,900,10,0,900
2025-01-17 15:00:00,98938.0,98976.0,98932.0,98947.0,900,10,0,900
2025-01-17 15:15:00,98946.0,98976.0,98933.0,98949.0,900,10,0,900
2025-01-17 15:30:00,98948.0,98976.0,98935.0,98935.0,900,10,0,900
2025-01-17 15:45:00,98936.0,98939.0,98904.0,98913.0,900,10,0,900
2025-01-17 16:00:00,98914.0,98946.0,98904.0,98933.0,900,10,0,900
2025-01-17 16:15:00,98932.0,98936.0,98904.0,98915.0,900,10,0,900
2025-01-17 16:30:00,98916.0,98928.0,98904.0,98905.0,900,10,0,900
2025-01-17 16:45:00,98906.0,98948.0,98904.0,98947.0,900,10,0,900
2025-01-17 17:00:00,98948.0,98976.0,98947.0,98969.0,900,10,0,900
2025-01-17 17:15:00,98970.0,98972.0,98946.0,98955.0,900,10,0,900
2025-01-17 17:30:00,98954.0,98971.0,98918.0,98921.0,900,10,0,900
2025-01-17 17:45:00,98920.0,98932.0,98904.0,98905.0,900,10,0,900
2025-01-17 18:00:00,98904.0,98938.0,98904.0,98905.0,900,10,0,900
2025-01-17 18:15:00,98904.0,98921.0,98904.0,98909.0,900,10,0,900
2025-01-17 18:30:00,98908.0,98929.0,98904.0,98907.0,900,10,0,900
2025-01-17 18:45:00,98906.0,98953.0,98904.0,98949.0,900,10,0,900
2025-01-17 19:00:00,98950.0,98968.0,98924.0,98965.0,900,10,0,900
2025-01-17 19:15:00,98966.0,98970.0,98931.0,98939.0,900,10,0,900
2025-01-17 19:30:00,98938.0,98939.0,98609.0,98626.0,900,10,0,900
2025-01-17 19:45:00,98625.0,98629.0,98609.0,98628.0,900,10,0,900
2025-01-17 20:00:00,98629.0,98640.0,98609.0,98626.0,900,10,0,900
2025-01-17 20:15:00,98627.0,98640.0,98610.0,98634.0,900,10,0,900
2025-01-17 20:30:00,98635.0,98640.0,98609.0,98634.0,900,10,0,900
2025-01-17 20:45:00,98635.0,98640.0,98609.0,98630.0,900,10,0,900
2025-01-17 21:00:00,98629.0,98638.0,98611.0,98632.0,900,10,0,900
2025-01-17 21:15:00,98633.0,98640.0,98609.0,98612.0,900,10,0,900
2025-01-17 21:30:00,98613.0,98640.0,98609.0,98616.0,900,10,0,900
2025-01-17 21:45:00,98617.0,98640.0,98610.0,98622.0,900,10,0,900
2025-01-17 22:00:00,98621.0,98636.0,98609.0,98636.0,900,10,0,900
2025-01-17 22:15:00,98635.0,98640.0,98615.0,98632.0,900,10,0,900
2025-01-17 22:30:00,98633.0,98634.0,98609.0,98622.0,900,10,0,900
2025-01-17 22:45:00,98621.0,98640.0,98609.0,98624.0,900,10,0,900
2025-01-17 23:00:00,98625.0,98640.0,98609.0,98634.0,900,10,0,900
2025-01-17 23:15:00,98635.0,98640.0,98613.0,98620.0,900,10,0,900
2025-01-17 23:30:00,98621.0,98640.0,98609.0,98638.0,900,10,0,900
2025-01-17 23:45:00,98637.0,98640.0,98616.0,98628.0,900,10,0,900
2025-01-18 00:00:00,98627.0,98640.0,98615.0,98638.0,900,10,0,900
2025-01-18 00:15:00,98637.0,98640.0,98610.0,98634.0,900,10,0,900
2025-01-18 00:30:00,98633.0,98637.0,98609.0,98618.0,900,10,0,900
2025-01-18 00:45:00,98619.0,98640.0,98609.0,98630.0,900,10,0,900
2025-01-18 01:00:00,98631.0,98640.0,98615.0,98634.0,900,10,0,900
2025-01-18 01:15:00,98635.0,98640.0,98609.0,98614.0,900,10,0,900
2025-01-18 01:30:00,98615.0,98631.0,98609.0,98610.0,900,10,0,900
2025-01-18 01:45:00,98611.0,98640.0,98609.0,98626.0,900,10,0,900
2025-01-18 02:00:00,98627.0,98634.0,98609.0,98620.0,900,10,0,900
2025-01-18 02:15:00,98621.0,98640.0,98619.0,98630.0,900,10,0,900
2025-01-18 02:30:00,98631.0,98640.0,98609.0,98624.0,900,10,0,900
2025-01-18 02:45:00,98623.0,98640.0,98615.0,98630.0,900,10,0,900
2025-01-18 03:00:00,98629.0,98639.0,98609.0,98624.0,900,10,0,900
2025-01-18 03:15:00,98623.0,98627.0,98609.0,98624.0,900,10,0,900
2025-01-18 03:30:00,98623.0,98640.0,98615.0,98634.0,900,10,0,900
2025-01-18 03:45:00,98633.0,98640.0,98609.0,98634.0,900,10,0,900
2025-01-18 04:00:00,98633.0,98640.0,98609.0,98616.0,900,10,0,900
2025-01-18 04:15:00,98617.0,98640.0,98609.0,98636.0,900,10,0,900
2025-01-18 04:30:00,98635.0,98788.0,98617.0,98777.0,900,10,0,900
2025-01-18 04:45:00,98776.0,98783.0,98746.0,98763.0,900,10,0,900
2025-01-18 05:00:00,98762.0,98776.0,98749.0,98761.0,900,10,0,900
2025-01-18 05:15:00,98760.0,98788.0,98746.0,98759.0,900,10,0,900
2025-01-18 05:30:00,98758.0,98777.0,98746.0,98769.0,900,10,0,900
2025-01-18 05:45:00,98770.0,98788.0,98749.0,98749.0,900,10,0,900
2025-01-18 06:00:00,98750.0,98964.0,98746.0,98962.0,900,10,0,900
2025-01-18 06:15:00,98963.0,98964.0,98902.0,98904.0,900,10,0,900
2025-01-18 06:30:00,98903.0,98944.0,98892.0,98944.0,900,10,0,900
2025-01-18 06:45:00,98943.0,99278.0,98943.0,99275.0,900,10,0,900
2025-01-18 07:00:00,99276.0,99278.0,99237.0,99243.0,900,10,0,900
2025-01-18 07:15:00,99244.0,99262.0,99217.0,99253.0,900,10,0,900
2025-01-18 07:30:00,99252.0,99412.0,99246.0,99412.0,900,10,0,900
2025-01-18 07:45:00,99411.0,99533.0,99396.0,99530.0,900,10,0,900
2025-01-18 08:00:00,99529.0,99533.0,99501.0,99526.0,900,10,0,900
2025-01-18 08:15:00,99527.0,99533.0,99509.0,99512.0,900,10,0,900
2025-01-18 08:30:00,99513.0,99513.0,99211.0,99225.0,900,10,0,900
2025-01-18 08:45:00,99226.0,99248.0,99213.0,99223.0,900,10,0,900
2025-01-18 09:00:00,99222.0,99248.0,99211.0,99215.0,900,10,0,900
2025-01-18 09:15:00,99214.0,99247.0,99211.0,99231.0,900,10,0,900
2025-01-18 09:30:00,99232.0,99241.0,99211.0,99241.0,900,10,0,900
2025-01-18 09:45:00,99242.0,99248.0,99211.0,99211.0,900,10,0,900
2025-01-18 10:00:00,99212.0,99230.0,99211.0,99223.0,900,10,0,900
2025-01-18 10:15:00,99224.0,99248.0,99213.0,99235.0,900,10,0,900
2025-01-18 10:30:00,99236.0,99239.0,99211.0,99219.0,900,10,0,900
2025-01-18 10:45:00,99220.0,99248.0,99214.0,99223.0,900,10,0,900
2025-01-18 11:00:00,99224.0,99248.0,99211.0,99239.0,900,10,0,900
2025-01-18 11:15:00,99238.0,99248.0,99211.0,99217.0,900,10,0,900
2025-01-18 11:30:00,99216.0,99248.0,99213.0,99229.0,900,10,0,900
2025-01-18 11:45:00,99230.0,99248.0,99211.0,99231.0,900,10,0,900
2025-01-18 12:00:00,99230.0,99248.0,99217.0,99247.0,900,10,0,900
2025-01-18 12:15:00,99248.0,99248.0,99226.0,99235.0,900,10,0,900
2025-01-18 12:30:00,99234.0,99248.0,99211.0,99217.0,900,10,0,900
2025-01-18 12:45:00,99218.0,99225.0,98821.0,98841.0,900,10,0,900
2025-01-18 13:00:00,98840.0,98850.0,98821.0,98835.0,900,10,0,900
2025-01-18 13:15:00,98834.0,98849.0,98821.0,98847.0,900,10,0,900
2025-01-18 13:30:00,98846.0,98850.0,98821.0,98841.0,900,10,0,900
2025-01-18 13:45:00,98842.0,98850.0,98832.0,98839.0,900,10,0,900
2025-01-18 14:00:00,98838.0,98850.0,98821.0,98827.0,900,10,0,900
2025-01-18 14:15:00,98826.0,98850.0,98821.0,98831.0,900,10,0,900
2025-01-18 14:30:00,98832.0,98850.0,98831.0,98845.0,900,10,0,900
2025-01-18 14:45:00,98844.0,98850.0,98821.0,98841.0,900,10,0,900
2025-01-18 15:00:00,98840.0,98850.0,98821.0,98839.0,900,10,0,900
2025-01-18 15:15:00,98840.0,98850.0,98828.0,98837.0,900,10,0,900
2025-01-18 15:30:00,98838.0,98850.0,98821.0,98843.0,900,10,0,900
2025-01-18 15:45:00,98842.0,98845.0,98822.0,98845.0,900,10,0,900
2025-01-18 16:00:00,98844.0,98844.0,98821.0,98835.0,900,10,0,900
2025-01-18 16:15:00,98834.0,98850.0,98821.0,98849.0,900,10,0,900
2025-01-18 16:30:00,98848.0,98850.0,98744.0,98753.0,900,10,0,900
2025-01-18 16:45:00,98752.0,98821.0,98744.0,98817.0,900,10,0,900
2025-01-18 17:00:00,98816.0,98821.0,98786.0,98815.0,900,10,0,900
2025-01-18 17:15:00,98814.0,98821.0,98769.0,98773.0,900,10,0,900
2025-01-18 17:30:00,98774.0,98786.0,98748.0,98769.0,900,10,0,900
2025-01-18 17:45:00,98768.0,98769.0,98744.0,98763.0,900,10,0,900
2025-01-18 18:00:00,98762.0,98818.0,98744.0,98803.0,900,10,0,900
2025-01-18 18:15:00,98802.0,98804.0,98752.0,98755.0,900,10,0,900
2025-01-18 18:30:00,98754.0,98793.0,98744.0,98793.0,900,10,0,900
2025-01-18 18:45:00,98794.0,98810.0,98777.0,98809.0,900,10,0,900
2025-01-18 19:00:00,98808.0,98821.0,98801.0,98813.0,900,10,0,900
2025-01-18 19:15:00,98814.0,98821.0,98777.0,98785.0,900,10,0,900
2025-01-18 19:30:00,98784.0,98786.0,98746.0,98767.0,900,10,0,900
2025-01-18 19:45:00,98768.0,98792.0,98762.0,98779.0,900,10,0,900
2025-01-18 20:00:00,98780.0,98793.0,98757.0,98771.0,900,10,0,900
2025-01-18 20:15:00,98770.0,98785.0,98744.0,98745.0,900,10,0,900
2025-01-18 20:30:00,98744.0,98774.0,98744.0,98767.0,900,10,0,900
2025-01-18 20:45:00,98766.0,98779.0,98749.0,98759.0,900,10,0,900
2025-01-18 21:00:00,98758.0,98780.0,98744.0,98769.0,900,10,0,900
2025-01-18 21:15:00,98768.0,98777.0,98744.0,98757.0,900,10,0,900
2025-01-18 21:30:00,98758.0,98819.0,98758.0,98805.0,900,10,0,900
2025-01-18 21:45:00,98804.0,98895.0,98803.0,98892.0,900,10,0,900
2025-01-18 22:00:00,98893.0,98894.0,98855.0,98862.0,900,10,0,900
2025-01-18 22:15:00,98861.0,98878.0,98854.0,98862.0,900,10,0,900
2025-01-18 22:30:00,98861.0,98876.0,98678.0,98681.0,900,10,0,900
2025-01-18 22:45:00,98682.0,98730.0,98678.0,98725.0,900,10,0,900
2025-01-18 23:00:00,98726.0,98726.0,98678.0,98687.0,900,10,0,900
2025-01-18 23:15:00,98686.0,98714.0,98678.0,98693.0,900,10,0,900
2025-01-18 23:30:00,98692.0,98713.0,98678.0,98681.0,900,10,0,900
2025-01-18 23:45:00,98682.0,98730.0,98678.0,98721.0,900,10,0,900
2025-01-19 00:00:00,98722.0,98730.0,98697.0,98699.0,900,10,0,900
2025-01-19 00:15:00,98700.0,98708.0,98678.0,98695.0,900,10,0,900
2025-01-19 00:30:00,98694.0,98705.0,98678.0,98685.0,900,10,0,900
2025-01-19 00:45:00,98686.0,98714.0,98678.0,98709.0,900,10,0,900
2025-01-19 01:00:00,98710.0,98730.0,98685.0,98721.0,900,10,0,900
2025-01-19 01:15:00,98722.0,98822.0,98704.0,98795.0,867,10,0,867
2025-01-19 01:30:00,98817.0,98822.0,98800.0,98818.0,722,10,0,722
2025-01-19 01:45:00,98817.0,98822.0,98799.0,98814.0,900,10,0,900
2025-01-19 02:00:00,98813.0,98822.0,98793.0,98816.0,900,10,0,900
2025-01-19 02:15:00,98817.0,98822.0,98792.0,98808.0,901,10,0,901
2025-01-19 02:30:00,98807.0,98822.0,98798.0,98808.0,900,10,0,900
2025-01-19 02:45:00,98809.0,98810.0,98792.0,98806.0,900,10,0,900
2025-01-19 03:00:00,98805.0,98819.0,98792.0,98796.0,900,10,0,900
2025-01-19 03:15:00,98795.0,98814.0,98792.0,98796.0,900,10,0,900
2025-01-19 03:30:00,98795.0,98799.0,98351.0,98403.0,900,10,0,900
2025-01-19 03:45:00,98404.0,98414.0,98384.0,98385.0,900,10,0,900
2025-01-19 04:00:00,98386.0,98402.0,98356.0,98363.0,900,10,0,900
2025-01-19 04:15:00,98364.0,98368.0,98351.0,98361.0,900,10,0,900
2025-01-19 04:30:00,98362.0,98392.0,98351.0,98391.0,900,10,0,900
2025-01-19 04:45:00,98390.0,98414.0,98373.0,98403.0,900,10,0,900
2025-01-19 05:00:00,98404.0,98414.0,98372.0,98387.0,900,10,0,900
2025-01-19 05:15:00,98386.0,98388.0,98351.0,98351.0,900,10,0,900
2025-01-19 05:30:00,98352.0,98414.0,98351.0,98393.0,900,10,0,900
2025-01-19 05:45:00,98392.0,98414.0,98391.0,98397.0,900,10,0,900
2025-01-19 06:00:00,98396.0,98414.0,98372.0,98407.0,900,10,0,900
2025-01-19 06:15:00,98406.0,98820.0,98399.0,98809.0,900,10,0,900
2025-01-19 06:30:00,98808.0,98819.0,98783.0,98787.0,900,10,0,900
2025-01-19 06:45:00,98788.0,98820.0,98784.0,98807.0,900,10,0,900
2025-01-19 07:00:00,98808.0,98911.0,98783.0,98901.0,900,10,0,900
2025-01-19 07:15:00,98900.0,98911.0,98863.0,98879.0,900,10,0,900
2025-01-19 07:30:00,98880.0,98911.0,98876.0,98903.0,900,10,0,900
2025-01-19 07:45:00,98902.0,99166.0,98886.0,99163.0,900,10,0,900
2025-01-19 08:00:00,99162.0,99166.0,99130.0,99137.0,900,10,0,900
2025-01-19 08:15:00,99138.0,99166.0,99129.0,99149.0,900,10,0,900
2025-01-19 08:30:00,99148.0,99165.0,99129.0,99147.0,900,10,0,900
2025-01-19 08:45:00,99148.0,99166.0,99141.0,99159.0,900,10,0,900
2025-01-19 09:00:00,99158.0,99166.0,99130.0,99165.0,900,10,0,900
2025-01-19 09:15:00,99164.0,99166.0,99129.0,99145.0,900,10,0,900
2025-01-19 09:30:00,99146.0,99150.0,99129.0,99145.0,900,10,0,900
2025-01-19 09:45:00,99144.0,99163.0,99129.0,99159.0,900,10,0,900
2025-01-19 10:00:00,99160.0,99166.0,99129.0,99133.0,900,10,0,900
2025-01-19 10:15:00,99132.0,99156.0,99129.0,99149.0,900,10,0,900
2025-01-19 10:30:00,99150.0,99153.0,99129.0,99131.0,900,10,0,900
2025-01-19 10:45:00,99130.0,99153.0,99129.0,99137.0,900,10,0,900
2025-01-19 11:00:00,99138.0,99166.0,99129.0,99131.0,900,10,0,900
2025-01-19 11:15:00,99130.0,99147.0,99129.0,99133.0,900,10,0,900
2025-01-19 11:30:00,99134.0,99166.0,99129.0,99147.0,900,10,0,900
2025-01-19 11:45:00,99148.0,99166.0,99129.0,99131.0,900,10,0,900
2025-01-19 12:00:00,99132.0,99166.0,99129.0,99159.0,900,10,0,900
2025-01-19 12:15:00,99158.0,99166.0,99129.0,99141.0,900,10,0,900
2025-01-19 12:30:00,99142.0,99166.0,99129.0,99161.0,900,10,0,900
2025-01-19 12:45:00,99160.0,99166.0,99129.0,99137.0,900,10,0,900
2025-01-19 13:00:00,99138.0,99166.0,99129.0,99149.0,900,10,0,900
2025-01-19 13:15:00,99148.0,99159.0,99129.0,99159.0,900,10,0,900
2025-01-19 13:30:00,99160.0,99166.0,99136.0,99137.0,900,10,0,900
2025-01-19 13:45:00,99138.0,99147.0,98954.0,98957.0,900,10,0,900
2025-01-19 14:00:00,98956.0,99009.0,98954.0,98979.0,900,10,0,900
2025-01-19 14:15:00,98978.0,99015.0,98970.0,99009.0,900,10,0,900
2025-01-19 14:30:00,99010.0,99015.0,98987.0,99013.0,900,10,0,900
2025-01-19 14:45:00,99012.0,99015.0,98995.0,98999.0,900,10,0,900
2025-01-19 15:00:00,98998.0,99009.0,98971.0,98983.0,900,10,0,900
2025-01-19 15:15:00,98984.0,99006.0,98960.0,98987.0,900,10,0,900
2025-01-19 15:30:00,98986.0,99015.0,98972.0,98995.0,900,10,0,900
2025-01-19 15:45:00,98996.0,99002.0,98954.0,98957.0,900,10,0,900
2025-01-19 16:00:00,98958.0,98986.0,98954.0,98979.0,900,10,0,900
2025-01-19 16:15:00,98978.0,99014.0,98973.0,99011.0,900,10,0,900
2025-01-19 16:30:00,99012.0,99110.0,99008.0,99071.0,900,10,0,900
2025-01-19 16:45:00,99070.0,99098.0,99058.0,99087.0,900,10,0,900
2025-01-19 17:00:00,99086.0,99086.0,99055.0,99061.0,900,10,0,900
2025-01-19 17:15:00,99060.0,99078.0,99055.0,99067.0,900,10,0,900
2025-01-19 17:30:00,99066.0,99098.0,99055.0,99087.0,900,10,0,900
2025-01-19 17:45:00,99088.0,99090.0,99055.0,99069.0,900,10,0,900
2025-01-19 18:00:00,99068.0,99082.0,99055.0,99055.0,900,10,0,900
2025-01-19 18:15:00,99056.0,99078.0,99055.0,99061.0,900,10,0,900
2025-01-19 18:30:00,99060.0,99093.0,99055.0,99085.0,900,10,0,900
2025-01-19 18:45:00,99084.0,99102.0,99055.0,99059.0,900,10,0,900
2025-01-19 19:00:00,99060.0,99110.0,99055.0,99097.0,900,10,0,900
2025-01-19 19:15:00,99098.0,99100.0,99056.0,99069.0,900,10,0,900
2025-01-19 19:30:00,99068.0,99110.0,99068.0,99103.0,900,10,0,900
2025-01-19 19:45:00,99102.0,99110.0,99075.0,99099.0,900,10,0,900
2025-01-19 20:00:00,99098.0,99107.0,99070.0,99097.0,900,10,0,900
2025-01-19 20:15:00,99096.0,99106.0,99063.0,99065.0,900,10,0,900
2025-01-19 20:30:00,99064.0,99087.0,99055.0,99081.0,900,10,0,900
2025-01-19 20:45:00,99080.0,99106.0,99066.0,99097.0,900,10,0,900
2025-01-19 21:00:00,99098.0,99110.0,99086.0,99099.0,900,10,0,900
2025-01-19 21:15:00,99098.0,99110.0,99062.0,99075.0,900,10,0,900
2025-01-19 21:30:00,99074.0,99079.0,99055.0,99067.0,900,10,0,900
2025-01-19 21:45:00,99066.0,99106.0,99055.0,99091.0,900,10,0,900
2025-01-19 22:00:00,99090.0,99107.0,99055.0,99057.0,900,10,0,900
2025-01-19 22:15:00,99058.0,99110.0,99055.0,99107.0,900,10,0,900
2025-01-19 22:30:00,99106.0,99110.0,99067.0,99081.0,900,10,0,900
2025-01-19 22:45:00,99080.0,99110.0,99073.0,99091.0,900,10,0,900
2025-01-19 23:00:00,99090.0,99103.0,99055.0,99061.0,900,10,0,900
2025-01-19 23:15:00,99060.0,99078.0,99055.0,99059.0,900,10,0,900
2025-01-19 23:30:00,99058.0,99092.0,99055.0,99087.0,900,10,0,900
2025-01-19 23:45:00,99086.0,99106.0,99058.0,99059.0,900,10,0,900
2025-01-20 00:00:00,99060.0,99079.0,99055.0,99057.0,900,10,0,900
2025-01-20 00:15:00,99058.0,99080.0,99055.0,99069.0,900,10,0,900
2025-01-20 00:30:00,99070.0,99103.0,99055.0,99095.0,900,10,0,900
2025-01-20 00:45:00,99094.0,99110.0,99076.0,99107.0,900,10,0,900
2025-01-20 01:00:00,99106.0,99110.0,99079.0,99105.0,900,10,0,900
2025-01-20 01:15:00,99104.0,99110.0,99066.0,99069.0,900,10,0,900
2025-01-20 01:30:00,99070.0,99093.0,99055.0,99079.0,900,10,0,900
2025-01-20 01:45:00,99080.0,99081.0,98961.0,98972.0,900,10,0,900
2025-01-20 02:00:00,98973.0,99005.0,98961.0,98962.0,900,10,0,900
2025-01-20 02:15:00,98961.0,98989.0,98961.0,98966.0,900,10,0,900
2025-01-20 02:30:00,98967.0,99005.0,98967.0,98976.0,900,10,0,900
2025-01-20 02:45:00,98977.0,99005.0,98961.0,98978.0,900,10,0,900
2025-01-20 03:00:00,98979.0,98985.0,98961.0,98964.0,900,10,0,900
2025-01-20 03:15:00,98963.0,98964.0,98844.0,98870.0,900,10,0,900
2025-01-20 03:30:00,98871.0,98876.0,98844.0,98858.0,900,10,0,900
2025-01-20 03:45:00,98857.0,98868.0,98844.0,98850.0,900,10,0,900
2025-01-20 04:00:00,98849.0,98877.0,98848.0,98864.0,900,10,0,900
2025-01-20 04:15:00,98863.0,98889.0,98863.0,98880.0,900,10,0,900
2025-01-20 04:30:00,98879.0,98889.0,98844.0,98852.0,900,10,0,900
2025-01-20 04:45:00,98853.0,98862.0,98844.0,98856.0,900,10,0,900
2025-01-20 05:00:00,98855.0,98881.0,98844.0,98868.0,900,10,0,900
2025-01-20 05:15:00,98867.0,98888.0,98731.0,98736.0,900,10,0,900
2025-01-20 05:30:00,98735.0,98785.0,98731.0,98784.0,900,10,0,900
2025-01-20 05:45:00,98785.0,98804.0,98756.0,98786.0,900,10,0,900
2025-01-20 06:00:00,98785.0,98791.0,98735.0,98736.0,900,10,0,900
2025-01-20 06:15:00,98735.0,98776.0,98731.0,98758.0,900,10,0,900
2025-01-20 06:30:00,98759.0,98766.0,98731.0,98742.0,900,10,0,900
2025-01-20 06:45:00,98743.0,98764.0,98731.0,98742.0,900,10,0,900
2025-01-20 07:00:00,98743.0,98804.0,98741.0,98786.0,900,10,0,900
2025-01-20 07:15:00,98785.0,98804.0,98779.0,98786.0,900,10,0,900
2025-01-20 07:30:00,98787.0,98804.0,98750.0,98754.0,900,10,0,900
2025-01-20 07:45:00,98755.0,98755.0,98731.0,98752.0,900,10,0,900
2025-01-20 08:00:00,98753.0,98777.0,98736.0,98750.0,900,10,0,900
2025-01-20 08:15:00,98749.0,98769.0,98747.0,98752.0,900,10,0,900
2025-01-20 08:30:00,98751.0,98778.0,98736.0,98748.0,900,10,0,900
2025-01-20 08:45:00,98749.0,98791.0,98740.0,98776.0,900,10,0,900
2025-01-20 09:00:00,98775.0,98804.0,98771.0,98774.0,900,10,0,900
2025-01-20 09:15:00,98773.0,98804.0,98761.0,98802.0,900,10,0,900
2025-01-20 09:30:00,98801.0,98804.0,98759.0,98762.0,900,10,0,900
2025-01-20 09:45:00,98763.0,98774.0,98735.0,98740.0,900,10,0,900
2025-01-20 10:00:00,98739.0,98798.0,98731.0,98790.0,900,10,0,900
2025-01-20 10:15:00,98791.0,98804.0,98755.0,98776.0,900,10,0,900
2025-01-20 10:30:00,98777.0,98780.0,98731.0,98762.0,900,10,0,900
2025-01-20 10:45:00,98763.0,98771.0,98733.0,98742.0,900,10,0,900
2025-01-20 11:00:00,98743.0,98785.0,98740.0,98760.0,900,10,0,900
2025-01-20 11:15:00,98759.0,98804.0,98758.0,98796.0,900,10,0,900
2025-01-20 11:30:00,98795.0,98804.0,98772.0,98772.0,900,10,0,900
2025-01-20 11:45:00,98771.0,98782.0,98753.0,98760.0,900,10,0,900
2025-01-20 12:00:00,98761.0,98804.0,98742.0,98796.0,900,10,0,900
2025-01-20 12:15:00,98797.0,98961.0,98787.0,98952.0,900,10,0,900
2025-01-20 12:30:00,98951.0,99037.0,98946.0,99033.0,900,10,0,900
2025-01-20 12:45:00,99032.0,99037.0,98990.0,99011.0,900,10,0,900
2025-01-20 13:00:00,99010.0,99028.0,98990.0,99023.0,900,10,0,900
2025-01-20 13:15:00,99022.0,99026.0,98997.0,99007.0,900,10,0,900
2025-01-20 13:30:00,99008.0,99037.0,98991.0,99021.0,900,10,0,900
2025-01-20 13:45:00,99022.0,99026.0,98997.0,99025.0,900,10,0,900
2025-01-20 14:00:00,99026.0,99037.0,99006.0,99019.0,900,10,0,900
2025-01-20 14:15:00,99018.0,99019.0,98990.0,99009.0,900,10,0,900
2025-01-20 14:30:00,99008.0,99015.0,98990.0,98997.0,900,10,0,900
2025-01-20 14:45:00,98996.0,99016.0,98990.0,98993.0,900,10,0,900
2025-01-20 15:00:00,98994.0,99037.0,98990.0,99025.0,900,10,0,900
2025-01-20 15:15:00,99024.0,99037.0,99009.0,99029.0,900,10,0,900
2025-01-20 15:30:00,99028.0,99037.0,99008.0,99011.0,900,10,0,900
2025-01-20 15:45:00,99010.0,99017.0,98990.0,99001.0,900,10,0,900
2025-01-20 16:00:00,99002.0,99017.0,98990.0,98997.0,900,10,0,900
2025-01-20 16:15:00,98998.0,99007.0,98739.0,98741.0,900,10,0,900
2025-01-20 16:30:00,98742.0,98779.0,98739.0,98773.0,900,10,0,900
2025-01-20 16:45:00,98774.0,98777.0,98739.0,98751.0,900,10,0,900
2025-01-20 17:00:00,98750.0,98759.0,98739.0,98739.0,900,10,0,900
2025-01-20 17:15:00,98740.0,98770.0,98739.0,98751.0,900,10,0,900
2025-01-20 17:30:00,98752.0,98779.0,98741.0,98777.0,900,10,0,900
2025-01-20 17:45:00,98776.0,98779.0,98755.0,98773.0,900,10,0,900
2025-01-20 18:00:00,98772.0,98779.0,98739.0,98779.0,900,10,0,900
2025-01-20 18:15:00,98778.0,98779.0,98743.0,98743.0,900,10,0,900
2025-01-20 18:30:00,98742.0,98779.0,98739.0,98779.0,900,10,0,900
2025-01-20 18:45:00,98778.0,98779.0,98739.0,98769.0,900,10,0,900
2025-01-20 19:00:00,98768.0,98779.0,98754.0,98773.0,900,10,0,900
2025-01-20 19:15:00,98774.0,99225.0,98751.0,99219.0,900,10,0,900
2025-01-20 19:30:00,99220.0,99418.0,99211.0,99375.0,900,10,0,900
2025-01-20 19:45:00,99376.0,99399.0,99357.0,99359.0,900,10,0,900
2025-01-20 20:00:00,99360.0,99411.0,99339.0,99401.0,900,10,0,900
2025-01-20 20:15:00,99402.0,99413.0,99378.0,99389.0,900,10,0,900
2025-01-20 20:30:00,99388.0,99408.0,99381.0,99387.0,900,10,0,900
2025-01-20 20:45:00,99386.0,99402.0,99378.0,99387.0,900,10,0,900
2025-01-20 21:00:00,99386.0,99396.0,99347.0,99359.0,900,10,0,900
2025-01-20 21:15:00,99360.0,99388.0,99353.0,99365.0,900,10,0,900
2025-01-20 21:30:00,99366.0,99393.0,99339.0,99351.0,900,10,0,900
2025-01-20 21:45:00,99352.0,99362.0,99339.0,99361.0,900,10,0,900
2025-01-20 22:00:00,99362.0,99372.0,99339.0,99361.0,900,10,0,900
2025-01-20 22:15:00,99362.0,99418.0,99358.0,99409.0,900,10,0,900
2025-01-20 22:30:00,99410.0,99418.0,99372.0,99393.0,900,10,0,900
2025-01-20 22:45:00,99392.0,99392.0,99339.0,99353.0,900,10,0,900
2025-01-20 23:00:00,99352.0,99361.0,99339.0,99347.0,900,10,0,900
2025-01-20 23:15:00,99346.0,99365.0,99339.0,99365.0,900,10,0,900
2025-01-20 23:30:00,99364.0,99418.0,99357.0,99407.0,900,10,0,900
2025-01-20 23:45:00,99408.0,99411.0,99367.0,99385.0,900,10,0,900
2025-01-21 00:00:00,99384.0,99398.0,99366.0,99379.0,900,10,0,900
2025-01-21 00:15:00,99378.0,99414.0,99372.0,99377.0,900,10,0,900
2025-01-21 00:30:00,99376.0,99409.0,99366.0,99399.0,900,10,0,900
2025-01-21 00:45:00,99400.0,99418.0,99385.0,99415.0,900,10,0,900
2025-01-21 01:00:00,99416.0,99418.0,99390.0,99417.0,900,10,0,900
2025-01-21 01:15:00,99416.0,99418.0,99339.0,99341.0,900,10,0,900
2025-01-21 01:30:00,99340.0,99405.0,99339.0,99399.0,900,10,0,900
2025-01-21 01:45:00,99398.0,99410.0,99364.0,99367.0,900,10,0,900
2025-01-21 02:00:00,99368.0,99373.0,99339.0,99341.0,900,10,0,900
2025-01-21 02:15:00,99340.0,99354.0,99339.0,99345.0,900,10,0,900
2025-01-21 02:30:00,99344.0,99346.0,99142.0,99173.0,900,10,0,900
2025-01-21 02:45:00,99172.0,99211.0,99167.0,99201.0,900,10,0,900
2025-01-21 03:00:00,99200.0,99211.0,99168.0,99197.0,900,10,0,900
2025-01-21 03:15:00,99198.0,99211.0,99180.0,99201.0,900,10,0,900
2025-01-21 03:30:00,99200.0,99211.0,99169.0,99171.0,900,10,0,900
2025-01-21 03:45:00,99170.0,99207.0,99161.0,99163.0,900,10,0,900
2025-01-21 04:00:00,99164.0,99178.0,99142.0,99173.0,900,10,0,900
2025-01-21 04:15:00,99174.0,99177.0,99142.0,99151.0,900,10,0,900
2025-01-21 04:30:00,99152.0,99190.0,99142.0,99171.0,900,10,0,900
2025-01-21 04:45:00,99172.0,99204.0,99166.0,99195.0,900,10,0,900
2025-01-21 05:00:00,99196.0,99211.0,99184.0,99209.0,900,10,0,900
2025-01-21 05:15:00,99210.0,99211.0,99178.0,99207.0,900,10,0,900
2025-01-21 05:30:00,99206.0,99211.0,99185.0,99197.0,900,10,0,900
2025-01-21 05:45:00,99196.0,99199.0,99165.0,99175.0,900,10,0,900
2025-01-21 06:00:00,99176.0,99184.0,99142.0,99159.0,900,10,0,900
2025-01-21 06:15:00,99160.0,99164.0,99142.0,99143.0,900,10,0,900
2025-01-21 06:30:00,99142.0,99167.0,99142.0,99151.0,900,10,0,900
2025-01-21 06:45:00,99150.0,99189.0,99142.0,99183.0,900,10,0,900
2025-01-21 07:00:00,99182.0,99188.0,99142.0,99159.0,900,10,0,900
2025-01-21 07:15:00,99158.0,99170.0,99142.0,99159.0,900,10,0,900
2025-01-21 07:30:00,99160.0,99285.0,99143.0,99254.0,900,10,0,900
2025-01-21 07:45:00,99253.0,99256.0,99217.0,99240.0,900,10,0,900
2025-01-21 08:00:00,99241.0,99259.0,99221.0,99242.0,900,10,0,900
2025-01-21 08:15:00,99241.0,99258.0,99225.0,99256.0,900,10,0,900
2025-01-21 08:30:00,99257.0,99266.0,99243.0,99248.0,900,10,0,900
2025-01-21 08:45:00,99249.0,99262.0,99221.0,99250.0,900,10,0,900
2025-01-21 09:00:00,99249.0,99262.0,99236.0,99236.0,900,10,0,900
2025-01-21 09:15:00,99237.0,99253.0,99217.0,99224.0,900,10,0,900
2025-01-21 09:30:00,99225.0,99254.0,99217.0,99218.0,900,10,0,900
2025-01-21 09:45:00,99219.0,99253.0,99217.0,99240.0,900,10,0,900
2025-01-21 10:00:00,99239.0,99243.0,99217.0,99228.0,900,10,0,900
2025-01-21 10:15:00,99229.0,99243.0,99217.0,99230.0,900,10,0,900
2025-01-21 10:30:00,99231.0,99242.0,99217.0,99224.0,900,10,0,900
2025-01-21 10:45:00,99225.0,99242.0,98875.0,98879.0,900,10,0,900
2025-01-21 11:00:00,98878.0,98931.0,98875.0,98915.0,900,10,0,900
2025-01-21 11:15:00,98916.0,98942.0,98903.0,98905.0,900,10,0,900
2025-01-21 11:30:00,98906.0,98942.0,98896.0,98935.0,900,10,0,900
2025-01-21 11:45:00,98936.0,98941.0,98892.0,98895.0,900,10,0,900
2025-01-21 12:00:00,98894.0,98901.0,98875.0,98877.0,900,10,0,900
2025-01-21 12:15:00,98878.0,98927.0,98875.0,98903.0,900,10,0,900
2025-01-21 12:30:00,98902.0,98942.0,98883.0,98941.0,900,10,0,900
2025-01-21 12:45:00,98942.0,98942.0,98914.0,98939.0,900,10,0,900
2025-01-21 13:00:00,98940.0,98942.0,98898.0,98907.0,900,10,0,900
2025-01-21 13:15:00,98908.0,98916.0,98875.0,98877.0,900,10,0,900
2025-01-21 13:30:00,98876.0,98908.0,98875.0,98897.0,900,10,0,900
2025-01-21 13:45:00,98898.0,98929.0,98884.0,98927.0,900,10,0,900
2025-01-21 14:00:00,98928.0,98942.0,98882.0,98927.0,900,10,0,900
2025-01-21 14:15:00,98928.0,98942.0,98910.0,98917.0,900,10,0,900
2025-01-21 14:30:00,98916.0,98939.0,98903.0,98937.0,900,10,0,900
2025-01-21 14:45:00,98936.0,98942.0,98910.0,98919.0,900,10,0,900
2025-01-21 15:00:00,98918.0,98942.0,98905.0,98939.0,900,10,0,900
2025-01-21 15:15:00,98940.0,98942.0,98887.0,98891.0,900,10,0,900
2025-01-21 15:30:00,98890.0,98892.0,98875.0,98879.0,900,10,0,900
2025-01-21 15:45:00,98878.0,98942.0,98875.0,98905.0,900,10,0,900
2025-01-21 16:00:00,98906.0,98921.0,98887.0,98919.0,900,10,0,900
2025-01-21 16:15:00,98920.0,99236.0,98920.0,99230.0,900,10,0,900
2025-01-21 16:30:00,99229.0,99236.0,99206.0,99234.0,900,10,0,900
2025-01-21 16:45:00,99233.0,99234.0,99195.0,99218.0,900,10,0,900
2025-01-21 17:00:00,99219.0,99236.0,99195.0,99202.0,900,10,0,900
2025-01-21 17:15:00,99201.0,99225.0,99195.0,99214.0,900,10,0,900
2025-01-21 17:30:00,99215.0,99236.0,99195.0,99200.0,900,10,0,900
2025-01-21 17:45:00,99199.0,99230.0,99195.0,99196.0,900,10,0,900
2025-01-21 18:00:00,99197.0,99236.0,99195.0,99234.0,900,10,0,900
2025-01-21 18:15:00,99235.0,99236.0,99201.0,99226.0,900,10,0,900
2025-01-21 18:30:00,99227.0,99236.0,99195.0,99234.0,900,10,0,900
2025-01-21 18:45:00,99235.0,99236.0,99208.0,99216.0,900,10,0,900
2025-01-21 19:00:00,99217.0,99235.0,99195.0,99234.0,900,10,0,900
2025-01-21 19:15:00,99233.0,99233.0,99195.0,99204.0,900,10,0,900
2025-01-21 19:30:00,99203.0,99207.0,98959.0,98969.0,900,10,0,900
2025-01-21 19:45:00,98970.0,99033.0,98963.0,99029.0,900,10,0,900
2025-01-21 20:00:00,99028.0,99036.0,99012.0,99021.0,900,10,0,900
2025-01-21 20:15:00,99020.0,99032.0,98999.0,99005.0,900,10,0,900
2025-01-21 20:30:00,99006.0,99036.0,99004.0,99031.0,900,10,0,900
2025-01-21 20:45:00,99032.0,99036.0,99001.0,99001.0,900,10,0,900
2025-01-21 21:00:00,99000.0,99005.0,98961.0,98981.0,900,10,0,900
2025-01-21 21:15:00,98980.0,98996.0,98964.0,98989.0,900,10,0,900
2025-01-21 21:30:00,98990.0,99022.0,98959.0,98969.0,900,10,0,900
2025-01-21 21:45:00,98970.0,98996.0,98964.0,98983.0,900,10,0,900
2025-01-21 22:00:00,98984.0,99036.0,98979.0,99031.0,900,10,0,900
2025-01-21 22:15:00,99032.0,99036.0,98981.0,98997.0,900,10,0,900
2025-01-21 22:30:00,98996.0,99013.0,98977.0,98981.0,900,10,0,900
2025-01-21 22:45:00,98980.0,98985.0,98959.0,98963.0,900,10,0,900
2025-01-21 23:00:00,98962.0,98994.0,98959.0,98971.0,900,10,0,900
2025-01-21 23:15:00,98972.0,98978.0,98821.0,98834.0,900,10,0,900
2025-01-21 23:30:00,98835.0,98843.0,98821.0,98822.0,900,10,0,900
2025-01-21 23:45:00,98823.0,98843.0,98635.0,98653.0,900,10,0,900
2025-01-22 00:00:00,98654.0,98677.0,98647.0,98657.0,900,10,0,900
2025-01-22 00:15:00,98656.0,98671.0,98635.0,98647.0,900,10,0,900
2025-01-22 00:30:00,98648.0,98677.0,98640.0,98669.0,900,10,0,900
2025-01-22 00:45:00,98670.0,98677.0,98635.0,98639.0,900,10,0,900
2025-01-22 01:00:00,98638.0,98638.0,98527.0,98548.0,900,10,0,900
2025-01-22 01:15:00,98549.0,98562.0,98530.0,98534.0,900,10,0,900
2025-01-22 01:30:00,98535.0,98570.0,98527.0,98570.0,900,10,0,900
2025-01-22 01:45:00,98569.0,98570.0,98549.0,98562.0,900,10,0,900
2025-01-22 02:00:00,98563.0,98570.0,98527.0,98540.0,900,10,0,900
2025-01-22 02:15:00,98541.0,98543.0,98527.0,98534.0,900,10,0,900
2025-01-22 02:30:00,98535.0,98552.0,98527.0,98532.0,900,10,0,900
2025-01-22 02:45:00,98531.0,98551.0,98527.0,98544.0,900,10,0,900
2025-01-22 03:00:00,98545.0,98570.0,98527.0,98534.0,900,10,0,900
2025-01-22 03:15:00,98535.0,98548.0,98527.0,98546.0,900,10,0,900
2025-01-22 03:30:00,98545.0,98550.0,98424.0,98432.0,900,10,0,900
2025-01-22 03:45:00,98433.0,98464.0,98427.0,98458.0,900,10,0,900
2025-01-22 04:00:00,98459.0,98462.0,98230.0,98231.0,900,10,0,900
2025-01-22 04:15:00,98232.0,98255.0,98230.0,98241.0,900,10,0,900
2025-01-22 04:30:00,98240.0,98252.0,98042.0,98050.0,900,10,0,900
2025-01-22 04:45:00,98051.0,98065.0,98042.0,98064.0,900,10,0,900
2025-01-22 05:00:00,98065.0,98075.0,98043.0,98068.0,900,10,0,900
2025-01-22 05:15:00,98067.0,98075.0,98043.0,98070.0,900,10,0,900
2025-01-22 05:30:00,98069.0,98075.0,98042.0,98046.0,900,10,0,900
2025-01-22 05:45:00,98045.0,98075.0,98042.0,98058.0,900,10,0,900
2025-01-22 06:00:00,98059.0,98075.0,98049.0,98050.0,900,10,0,900
2025-01-22 06:15:00,98049.0,98072.0,98042.0,98048.0,900,10,0,900
2025-01-22 06:30:00,98047.0,98550.0,98046.0,98497.0,900,10,0,900
2025-01-22 06:45:00,98498.0,98532.0,98485.0,98529.0,900,10,0,900
2025-01-22 07:00:00,98530.0,98549.0,98504.0,98505.0,900,10,0,900
2025-01-22 07:15:00,98504.0,98530.0,98485.0,98525.0,900,10,0,900
2025-01-22 07:30:00,98524.0,98550.0,98506.0,98541.0,900,10,0,900
2025-01-22 07:45:00,98540.0,98550.0,98514.0,98529.0,900,10,0,900
2025-01-22 08:00:00,98528.0,98550.0,98511.0,98543.0,900,10,0,900
2025-01-22 08:15:00,98542.0,98550.0,98532.0,98543.0,900,10,0,900
2025-01-22 08:30:00,98544.0,98544.0,98492.0,98505.0,900,10,0,900
2025-01-22 08:45:00,98506.0,98534.0,98503.0,98525.0,900,10,0,900
2025-01-22 09:00:00,98524.0,98531.0,98500.0,98509.0,900,10,0,900
2025-01-22 09:15:00,98508.0,98519.0,98485.0,98485.0,900,10,0,900
2025-01-22 09:30:00,98486.0,98521.0,98485.0,98489.0,900,10,0,900
2025-01-22 09:45:00,98490.0,98523.0,98485.0,98507.0,900,10,0,900
2025-01-22 10:00:00,98506.0,98550.0,98499.0,98547.0,900,10,0,900
2025-01-22 10:15:00,98546.0,98550.0,98485.0,98487.0,900,10,0,900
2025-01-22 10:30:00,98488.0,98509.0,98485.0,98493.0,900,10,0,900
2025-01-22 10:45:00,98494.0,98509.0,98485.0,98499.0,900,10,0,900
2025-01-22 11:00:00,98498.0,98550.0,98497.0,98515.0,900,10,0,900
2025-01-22 11:15:00,98516.0,98525.0,98485.0,98491.0,900,10,0,900
2025-01-22 11:30:00,98490.0,98490.0,98265.0,98270.0,900,10,0,900
2025-01-22 11:45:00,98269.0,98321.0,98265.0,98318.0,900,10,0,900
2025-01-22 12:00:00,98317.0,98321.0,98281.0,98282.0,900,10,0,900
2025-01-22 12:15:00,98283.0,98321.0,98265.0,98310.0,900,10,0,900
2025-01-22 12:30:00,98311.0,98320.0,98294.0,98312.0,900,10,0,900
2025-01-22 12:45:00,98313.0,98502.0,98293.0,98490.0,900,10,0,900
2025-01-22 13:00:00,98491.0,98571.0,98489.0,98548.0,900,10,0,900
2025-01-22 13:15:00,98547.0,98571.0,98546.0,98552.0,900,10,0,900
2025-01-22 13:30:00,98553.0,98571.0,98538.0,98538.0,900,10,0,900
2025-01-22 13:45:00,98539.0,98571.0,98538.0,98548.0,900,10,0,900
2025-01-22 14:00:00,98549.0,98571.0,98538.0,98544.0,900,10,0,900
2025-01-22 14:15:00,98545.0,98566.0,98538.0,98542.0,900,10,0,900
2025-01-22 14:30:00,98543.0,98571.0,98538.0,98564.0,900,10,0,900
2025-01-22 14:45:00,98563.0,98571.0,98551.0,98562.0,900,10,0,900
2025-01-22 15:00:00,98561.0,98571.0,98538.0,98546.0,900,10,0,900
2025-01-22 15:15:00,98547.0,98555.0,98538.0,98540.0,900,10,0,900
2025-01-22 15:30:00,98539.0,98571.0,98538.0,98556.0,900,10,0,900
2025-01-22 15:45:00,98557.0,98570.0,98539.0,98550.0,900,10,0,900
2025-01-22 16:00:00,98551.0,98571.0,98539.0,98548.0,900,10,0,900
2025-01-22 16:15:00,98547.0,98562.0,98538.0,98542.0,900,10,0,900
2025-01-22 16:30:00,98543.0,98569.0,98538.0,98568.0,900,10,0,900
2025-01-22 16:45:00,98569.0,98571.0,98538.0,98558.0,900,10,0,900
2025-01-22 17:00:00,98557.0,98562.0,98538.0,98540.0,900,10,0,900
2025-01-22 17:15:00,98539.0,98569.0,98538.0,98566.0,900,10,0,900
2025-01-22 17:30:00,98565.0,98571.0,98538.0,98570.0,900,10,0,900
2025-01-22 17:45:00,98571.0,98571.0,98538.0,98544.0,900,10,0,900
2025-01-22 18:00:00,98543.0,98557.0,98538.0,98552.0,900,10,0,900
2025-01-22 18:15:00,98551.0,98571.0,98538.0,98560.0,900,10,0,900
2025-01-22 18:30:00,98559.0,98571.0,98542.0,98558.0,900,10,0,900
2025-01-22 18:45:00,98557.0,98571.0,98538.0,98546.0,900,10,0,900
2025-01-22 19:00:00,98545.0,98563.0,98538.0,98558.0,900,10,0,900
2025-01-22 19:15:00,98557.0,98566.0,98538.0,98554.0,900,10,0,900
2025-01-22 19:30:00,98555.0,98571.0,98542.0,98556.0,900,10,0,900
2025-01-22 19:45:00,98555.0,98570.0,98538.0,98562.0,900,10,0,900
2025-01-22 20:00:00,98561.0,98570.0,98538.0,98564.0,900,10,0,900
2025-01-22 20:15:00,98565.0,98571.0,98547.0,98560.0,900,10,0,900
2025-01-22 20:30:00,98559.0,98570.0,98538.0,98540.0,900,10,0,900
2025-01-22 20:45:00,98539.0,98560.0,98538.0,98552.0,900,10,0,900
2025-01-22 21:00:00,98551.0,98571.0,98538.0,98550.0,900,10,0,900
2025-01-22 21:15:00,98551.0,98571.0,98538.0,98568.0,900,10,0,900
2025-01-22 21:30:00,98569.0,98571.0,98550.0,98568.0,900,10,0,900
2025-01-22 21:45:00,98567.0,98571.0,98538.0,98546.0,900,10,0,900
2025-01-22 22:00:00,98545.0,98571.0,98538.0,98542.0,900,10,0,900
2025-01-22 22:15:00,98541.0,98569.0,98538.0,98554.0,900,10,0,900
2025-01-22 22:30:00,98555.0,98571.0,98542.0,98560.0,900,10,0,900
2025-01-22 22:45:00,98559.0,98562.0,98035.0,98047.0,900,10,0,900
2025-01-22 23:00:00,98048.0,98061.0,98035.0,98045.0,900,10,0,900
2025-01-22 23:15:00,98044.0,98061.0,98035.0,98037.0,900,10,0,900
2025-01-22 23:30:00,98036.0,98061.0,98035.0,98045.0,900,10,0,900
2025-01-22 23:45:00,98044.0,98061.0,98035.0,98053.0,900,10,0,900
2025-01-23 00:00:00,98054.0,98061.0,97810.0,97813.0,900,10,0,900
2025-01-23 00:15:00,97814.0,97852.0,97814.0,97845.0,900,10,0,900
2025-01-23 00:30:00,97844.0,98027.0,97843.0,98022.0,900,10,0,900
2025-01-23 00:45:00,98021.0,98027.0,97971.0,97988.0,900,10,0,900
2025-01-23 01:00:00,97987.0,98009.0,97979.0,97992.0,900,10,0,900
2025-01-23 01:15:00,97993.0,98027.0,97988.0,98016.0,900,10,0,900
2025-01-23 01:30:00,98017.0,98027.0,98009.0,98018.0,900,10,0,900
2025-01-23 01:45:00,98017.0,98027.0,97994.0,98026.0,900,10,0,900
2025-01-23 02:00:00,98027.0,98027.0,97992.0,98016.0,900,10,0,900
2025-01-23 02:15:00,98015.0,98027.0,98001.0,98012.0,900,10,0,900
2025-01-23 02:30:00,98013.0,98027.0,97993.0,98012.0,900,10,0,900
2025-01-23 02:45:00,98013.0,98027.0,97993.0,98026.0,900,10,0,900
2025-01-23 03:00:00,98027.0,98027.0,97988.0,97988.0,900,10,0,900
2025-01-23 03:15:00,97989.0,97993.0,97971.0,97982.0,900,10,0,900
2025-01-23 03:30:00,97981.0,98021.0,97971.0,98016.0,900,10,0,900
2025-01-23 03:45:00,98017.0,98027.0,98010.0,98018.0,900,10,0,900
2025-01-23 04:00:00,98019.0,98027.0,97994.0,97994.0,900,10,0,900
2025-01-23 04:15:00,97993.0,98003.0,97977.0,98002.0,900,10,0,900
2025-01-23 04:30:00,98003.0,98014.0,97978.0,98012.0,900,10,0,900
2025-01-23 04:45:00,98011.0,98018.0,97971.0,97990.0,900,10,0,900
2025-01-23 05:00:00,97991.0,97993.0,97788.0,97798.0,900,10,0,900
2025-01-23 05:15:00,97799.0,97824.0,97788.0,97824.0,900,10,0,900
2025-01-23 05:30:00,97823.0,97824.0,97788.0,97798.0,900,10,0,900
2025-01-23 05:45:00,97797.0,97806.0,97788.0,97790.0,900,10,0,900
2025-01-23 06:00:00,97791.0,97962.0,97788.0,97955.0,900,10,0,900
2025-01-23 06:15:00,97956.0,97962.0,97937.0,97943.0,900,10,0,900
2025-01-23 06:30:00,97942.0,97962.0,97942.0,97961.0,900,10,0,900
2025-01-23 06:45:00,97962.0,97962.0,97937.0,97957.0,900,10,0,900
2025-01-23 07:00:00,97956.0,97960.0,97677.0,97678.0,900,10,0,900
2025-01-23 07:15:00,97677.0,97708.0,97677.0,97694.0,900,10,0,900
2025-01-23 07:30:00,97693.0,97716.0,97677.0,97710.0,900,10,0,900
2025-01-23 07:45:00,97709.0,97716.0,97683.0,97684.0,900,10,0,900
2025-01-23 08:00:00,97685.0,97710.0,97677.0,97708.0,900,10,0,900
2025-01-23 08:15:00,97707.0,97716.0,97677.0,97682.0,900,10,0,900
2025-01-23 08:30:00,97681.0,97706.0,97564.0,97570.0,880,10,0,880
2025-01-23 08:45:00,97569.0,97572.0,97314.0,97373.0,900,10,0,900
2025-01-23 09:00:00,97372.0,97394.0,97352.0,97385.0,900,10,0,900
2025-01-23 09:15:00,97386.0,97415.0,97384.0,97411.0,900,10,0,900
2025-01-23 09:30:00,97412.0,97415.0,97381.0,97393.0,900,10,0,900
2025-01-23 09:45:00,97394.0,97402.0,97337.0,97337.0,900,10,0,900
2025-01-23 10:00:00,97338.0,97368.0,97320.0,97363.0,900,10,0,900
2025-01-23 10:15:00,97364.0,97404.0,97357.0,97385.0,900,10,0,900
2025-01-23 10:30:00,97386.0,97415.0,97352.0,97405.0,900,10,0,900
2025-01-23 10:45:00,97406.0,97415.0,97367.0,97373.0,900,10,0,900
2025-01-23 11:00:00,97372.0,97391.0,97352.0,97383.0,900,10,0,900
2025-01-23 11:15:00,97384.0,97399.0,97339.0,97339.0,900,10,0,900
2025-01-23 11:30:00,97338.0,97415.0,97338.0,97411.0,900,10,0,900
2025-01-23 11:45:00,97410.0,97415.0,97387.0,97411.0,900,10,0,900
2025-01-23 12:00:00,97410.0,97415.0,97374.0,97391.0,900,10,0,900
2025-01-23 12:15:00,97392.0,97415.0,97384.0,97409.0,900,10,0,900
2025-01-23 12:30:00,97410.0,97415.0,97391.0,97413.0,900,10,0,900
2025-01-23 12:45:00,97412.0,97415.0,97362.0,97363.0,900,10,0,900
2025-01-23 13:00:00,97362.0,97373.0,97333.0,97355.0,900,10,0,900
2025-01-23 13:15:00,97354.0,97371.0,97324.0,97365.0,900,10,0,900
2025-01-23 13:30:00,97364.0,97367.0,97325.0,97363.0,900,10,0,900
2025-01-23 13:45:00,97364.0,97386.0,97353.0,97371.0,900,10,0,900
2025-01-23 14:00:00,97370.0,97377.0,97350.0,97361.0,900,10,0,900
2025-01-23 14:15:00,97360.0,97400.0,97340.0,97387.0,900,10,0,900
2025-01-23 14:30:00,97388.0,97415.0,97378.0,97391.0,900,10,0,900
2025-01-23 14:45:00,97392.0,97392.0,97360.0,97373.0,900,10,0,900
2025-01-23 15:00:00,97374.0,97409.0,97374.0,97385.0,900,10,0,900
2025-01-23 15:15:00,97386.0,97415.0,97378.0,97399.0,900,10,0,900
2025-01-23 15:30:00,97398.0,97415.0,97372.0,97375.0,900,10,0,900
2025-01-23 15:45:00,97374.0,97415.0,97362.0,97385.0,900,10,0,900
2025-01-23 16:00:00,97384.0,97413.0,97370.0,97391.0,900,10,0,900
2025-01-23 16:15:00,97390.0,97414.0,97370.0,97375.0,900,10,0,900
2025-01-23 16:30:00,97374.0,97402.0,97353.0,97361.0,900,10,0,900
2025-01-23 16:45:00,97360.0,97366.0,97314.0,97321.0,900,10,0,900
2025-01-23 17:00:00,97322.0,97328.0,97120.0,97138.0,900,10,0,900
2025-01-23 17:15:00,97137.0,97141.0,97120.0,97126.0,900,10,0,900
2025-01-23 17:30:00,97127.0,97143.0,97120.0,97128.0,900,10,0,900
2025-01-23 17:45:00,97127.0,97153.0,97120.0,97136.0,900,10,0,900
2025-01-23 18:00:00,97135.0,97141.0,97120.0,97124.0,900,10,0,900
2025-01-23 18:15:00,97123.0,97124.0,96814.0,96821.0,900,10,0,900
2025-01-23 18:30:00,96820.0,96833.0,96691.0,96699.0,900,10,0,900
2025-01-23 18:45:00,96700.0,96702.0,96516.0,96529.0,900,10,0,900
2025-01-23 19:00:00,96530.0,96579.0,96528.0,96561.0,900,10,0,900
2025-01-23 19:15:00,96560.0,96579.0,96547.0,96549.0,900,10,0,900
2025-01-23 19:30:00,96548.0,96578.0,96541.0,96563.0,900,10,0,900
2025-01-23 19:45:00,96562.0,96570.0,96537.0,96553.0,900,10,0,900
2025-01-23 20:00:00,96552.0,96557.0,96516.0,96529.0,900,10,0,900
2025-01-23 20:15:00,96528.0,96557.0,96516.0,96553.0,900,10,0,900
2025-01-23 20:30:00,96552.0,96575.0,96516.0,96559.0,900,10,0,900
2025-01-23 20:45:00,96560.0,96579.0,96549.0,96571.0,900,10,0,900
2025-01-23 21:00:00,96570.0,96579.0,96536.0,96543.0,900,10,0,900
2025-01-23 21:15:00,96544.0,96568.0,96516.0,96567.0,900,10,0,900
2025-01-23 21:30:00,96566.0,96566.0,96528.0,96551.0,900,10,0,900
2025-01-23 21:45:00,96552.0,96579.0,96532.0,96567.0,900,10,0,900
2025-01-23 22:00:00,96566.0,96569.0,96530.0,96541.0,900,10,0,900
2025-01-23 22:15:00,96540.0,96557.0,96532.0,96549.0,900,10,0,900
2025-01-23 22:30:00,96550.0,96574.0,96538.0,96571.0,900,10,0,900
2025-01-23 22:45:00,96570.0,96576.0,96516.0,96533.0,900,10,0,900
2025-01-23 23:00:00,96534.0,96558.0,96516.0,96545.0,900,10,0,900
2025-01-23 23:15:00,96546.0,96558.0,96516.0,96519.0,900,10,0,900
2025-01-23 23:30:00,96518.0,96526.0,96382.0,96424.0,900,10,0,900
2025-01-23 23:45:00,96423.0,96464.0,96420.0,96436.0,900,10,0,900
2025-01-24 00:00:00,96435.0,96464.0,96427.0,96444.0,900,10,0,900
2025-01-24 00:15:00,96443.0,96449.0,96429.0,96440.0,900,10,0,900
2025-01-24 00:30:00,96441.0,96447.0,96417.0,96432.0,900,10,0,900
2025-01-24 00:45:00,96431.0,96441.0,96412.0,96414.0,900,10,0,900
2025-01-24 01:00:00,96413.0,96432.0,96409.0,96424.0,900,10,0,900
2025-01-24 01:15:00,96425.0,96450.0,96407.0,96432.0,900,10,0,900
2025-01-24 01:30:00,96433.0,96451.0,96410.0,96422.0,900,10,0,900
2025-01-24 01:45:00,96421.0,96442.0,96411.0,96418.0,900,10,0,900
2025-01-24 02:00:00,96419.0,96464.0,96419.0,96452.0,900,10,0,900
2025-01-24 02:15:00,96453.0,96464.0,96438.0,96464.0,900,10,0,900
2025-01-24 02:30:00,96463.0,96464.0,96421.0,96454.0,900,10,0,900
2025-01-24 02:45:00,96455.0,96464.0,96435.0,96462.0,900,10,0,900
2025-01-24 03:00:00,96461.0,96464.0,96407.0,96440.0,900,10,0,900
2025-01-24 03:15:00,96441.0,96458.0,96386.0,96390.0,900,10,0,900
2025-01-24 03:30:00,96389.0,96433.0,96388.0,96424.0,900,10,0,900
2025-01-24 03:45:00,96425.0,96436.0,96382.0,96384.0,900,10,0,900
2025-01-24 04:00:00,96385.0,96394.0,96382.0,96384.0,900,10,0,900
2025-01-24 04:15:00,96385.0,96438.0,96382.0,96424.0,900,10,0,900
2025-01-24 04:30:00,96423.0,96443.0,96398.0,96412.0,900,10,0,900
2025-01-24 04:45:00,96411.0,96445.0,96404.0,96438.0,900,10,0,900
2025-01-24 05:00:00,96439.0,96451.0,96408.0,96410.0,900,10,0,900
2025-01-24 05:15:00,96409.0,96435.0,96382.0,96396.0,900,10,0,900
2025-01-24 05:30:00,96395.0,96416.0,96382.0,96416.0,900,10,0,900
2025-01-24 05:45:00,96415.0,96435.0,96396.0,96428.0,900,10,0,900
2025-01-24 06:00:00,96427.0,96445.0,96403.0,96436.0,900,10,0,900
2025-01-24 06:15:00,96435.0,96464.0,96424.0,96428.0,900,10,0,900
2025-01-24 06:30:00,96427.0,96464.0,96423.0,96452.0,900,10,0,900
2025-01-24 06:45:00,96453.0,96464.0,96441.0,96454.0,900,10,0,900
2025-01-24 07:00:00,96453.0,96464.0,96426.0,96428.0,900,10,0,900
2025-01-24 07:15:00,96429.0,96464.0,96424.0,96456.0,900,10,0,900
2025-01-24 07:30:00,96457.0,96636.0,96436.0,96635.0,900,10,0,900
2025-01-24 07:45:00,96636.0,96636.0,96580.0,96601.0,900,10,0,900
2025-01-24 08:00:00,96602.0,96611.0,96574.0,96583.0,900,10,0,900
2025-01-24 08:15:00,96584.0,96600.0,96574.0,96591.0,900,10,0,900
2025-01-24 08:30:00,96592.0,96604.0,96574.0,96585.0,900,10,0,900
2025-01-24 08:45:00,96584.0,96612.0,96303.0,96307.0,900,10,0,900
2025-01-24 09:00:00,96306.0,96327.0,96303.0,96315.0,900,10,0,900
2025-01-24 09:15:00,96316.0,96357.0,96305.0,96353.0,900,10,0,900
2025-01-24 09:30:00,96354.0,96357.0,96322.0,96327.0,900,10,0,900
2025-01-24 09:45:00,96328.0,96348.0,96312.0,96315.0,900,10,0,900
2025-01-24 10:00:00,96314.0,96352.0,96304.0,96343.0,900,10,0,900
2025-01-24 10:15:00,96344.0,96436.0,96332.0,96411.0,900,10,0,900
2025-01-24 10:30:00,96410.0,96411.0,96372.0,96375.0,900,10,0,900
2025-01-24 10:45:00,96376.0,96398.0,96357.0,96397.0,900,10,0,900
2025-01-24 11:00:00,96398.0,96436.0,96398.0,96435.0,900,10,0,900
2025-01-24 11:15:00,96434.0,96436.0,96392.0,96397.0,900,10,0,900
2025-01-24 11:30:00,96396.0,96436.0,96383.0,96425.0,900,10,0,900
2025-01-24 11:45:00,96424.0,96436.0,96416.0,96423.0,900,10,0,900
2025-01-24 12:00:00,96424.0,96436.0,96418.0,96427.0,900,10,0,900
2025-01-24 12:15:00,96428.0,96436.0,96418.0,96431.0,900,10,0,900
2025-01-24 12:30:00,96432.0,96436.0,96408.0,96423.0,900,10,0,900
2025-01-24 12:45:00,96422.0,96436.0,96417.0,96435.0,900,10,0,900
2025-01-24 13:00:00,96434.0,96436.0,96409.0,96427.0,900,10,0,900
2025-01-24 13:15:00,96426.0,96613.0,96415.0,96581.0,900,10,0,900
2025-01-24 13:30:00,96580.0,96589.0,96529.0,96561.0,900,10,0,900
2025-01-24 13:45:00,96560.0,96596.0,96554.0,96589.0,900,10,0,900
2025-01-24 14:00:00,96588.0,96613.0,96577.0,96607.0,900,10,0,900
2025-01-24 14:15:00,96608.0,96612.0,96560.0,96563.0,900,10,0,900
2025-01-24 14:30:00,96562.0,96585.0,96547.0,96581.0,900,10,0,900
2025-01-24 14:45:00,96580.0,96580.0,96529.0,96555.0,900,10,0,900
2025-01-24 15:00:00,96556.0,96561.0,96529.0,96533.0,900,10,0,900
2025-01-24 15:15:00,96534.0,96591.0,96534.0,96579.0,900,10,0,900
2025-01-24 15:30:00,96578.0,96613.0,96568.0,96611.0,900,10,0,900
2025-01-24 15:45:00,96612.0,96613.0,96577.0,96603.0,900,10,0,900
2025-01-24 16:00:00,96602.0,96613.0,96591.0,96607.0,900,10,0,900
2025-01-24 16:15:00,96608.0,96613.0,96596.0,96609.0,900,10,0,900
2025-01-24 16:30:00,96610.0,96613.0,96585.0,96597.0,900,10,0,900
2025-01-24 16:45:00,96598.0,96613.0,96581.0,96595.0,900,10,0,900
2025-01-24 17:00:00,96596.0,96612.0,96583.0,96593.0,900,10,0,900
2025-01-24 17:15:00,96592.0,96613.0,96580.0,96599.0,900,10,0,900
2025-01-24 17:30:00,96598.0,96599.0,96566.0,96573.0,900,10,0,900
2025-01-24 17:45:00,96572.0,96596.0,96548.0,96549.0,900,10,0,900
2025-01-24 18:00:00,96548.0,96568.0,96529.0,96531.0,900,10,0,900
2025-01-24 18:15:00,96530.0,96572.0,96529.0,96557.0,900,10,0,900
2025-01-24 18:30:00,96558.0,96561.0,95934.0,95964.0,900,10,0,900
2025-01-24 18:45:00,95965.0,95992.0,95962.0,95982.0,900,10,0,900
2025-01-24 19:00:00,95983.0,95998.0,95972.0,95998.0,900,10,0,900
2025-01-24 19:15:00,95997.0,95998.0,95975.0,95986.0,900,10,0,900
2025-01-24 19:30:00,95987.0,95988.0,95946.0,95960.0,900,10,0,900
2025-01-24 19:45:00,95959.0,95959.0,95934.0,95940.0,900,10,0,900
2025-01-24 20:00:00,95941.0,95970.0,95934.0,95968.0,900,10,0,900
2025-01-24 20:15:00,95967.0,96151.0,95966.0,96124.0,900,10,0,900
2025-01-24 20:30:00,96123.0,96151.0,96116.0,96132.0,900,10,0,900
2025-01-24 20:45:00,96133.0,96151.0,96126.0,96148.0,900,10,0,900
2025-01-24 21:00:00,96147.0,96151.0,96132.0,96144.0,900,10,0,900
2025-01-24 21:15:00,96145.0,96151.0,96111.0,96148.0,900,10,0,900
2025-01-24 21:30:00,96149.0,96149.0,96129.0,96144.0,900,10,0,900
2025-01-24 21:45:00,96145.0,96148.0,96111.0,96112.0,900,10,0,900
2025-01-24 22:00:00,96111.0,96151.0,96111.0,96144.0,900,10,0,900
2025-01-24 22:15:00,96145.0,96151.0,96125.0,96148.0,900,10,0,900
2025-01-24 22:30:00,96149.0,96151.0,96132.0,96150.0,900,10,0,900
2025-01-24 22:45:00,96149.0,96232.0,96148.0,96206.0,900,10,0,900
2025-01-24 23:00:00,96207.0,96214.0,96184.0,96212.0,900,10,0,900
2025-01-24 23:15:00,96211.0,96211.0,96184.0,96194.0,900,10,0,900
2025-01-24 23:30:00,96195.0,96211.0,96184.0,96186.0,900,10,0,900
2025-01-24 23:45:00,96185.0,96223.0,96184.0,96214.0,900,10,0,900
2025-01-25 00:00:00,96213.0,96232.0,96184.0,96218.0,900,10,0,900
2025-01-25 00:15:00,96217.0,96226.0,96197.0,96224.0,900,10,0,900
2025-01-25 00:30:00,96225.0,96232.0,96202.0,96206.0,900,10,0,900
2025-01-25 00:45:00,96205.0,96232.0,96205.0,96226.0,900,10,0,900
2025-01-25 01:00:00,96227.0,96228.0,95926.0,95927.0,900,10,0,900
2025-01-25 01:15:00,95928.0,95987.0,95926.0,95979.0,900,10,0,900
2025-01-25 01:30:00,95980.0,95993.0,95952.0,95963.0,900,10,0,900
2025-01-25 01:45:00,95964.0,95993.0,95954.0,95971.0,900,10,0,900
2025-01-25 02:00:00,95972.0,95984.0,95938.0,95979.0,900,10,0,900
2025-01-25 02:15:00,95978.0,95993.0,95952.0,95963.0,900,10,0,900
2025-01-25 02:30:00,95964.0,95971.0,95938.0,95965.0,900,10,0,900
2025-01-25 02:45:00,95966.0,95966.0,95926.0,95945.0,900,10,0,900
2025-01-25 03:00:00,95946.0,95964.0,95926.0,95943.0,900,10,0,900
2025-01-25 03:15:00,95942.0,95993.0,95941.0,95983.0,900,10,0,900
2025-01-25 03:30:00,95984.0,95993.0,95979.0,95983.0,900,10,0,900
2025-01-25 03:45:00,95984.0,95993.0,95963.0,95981.0,900,10,0,900
2025-01-25 04:00:00,95982.0,95993.0,95945.0,95953.0,900,10,0,900
2025-01-25 04:15:00,95954.0,95992.0,95954.0,95973.0,900,10,0,900
2025-01-25 04:30:00,95972.0,95984.0,95943.0,95973.0,900,10,0,900
2025-01-25 04:45:00,95974.0,95983.0,95948.0,95971.0,900,10,0,900
2025-01-25 05:00:00,95970.0,95983.0,95944.0,95947.0,900,10,0,900
2025-01-25 05:15:00,95948.0,95993.0,95939.0,95991.0,900,10,0,900
2025-01-25 05:30:00,95990.0,95993.0,95968.0,95989.0,900,10,0,900
2025-01-25 05:45:00,95990.0,95990.0,95948.0,95949.0,900,10,0,900
2025-01-25 06:00:00,95950.0,95978.0,95939.0,95977.0,900,10,0,900
2025-01-25 06:15:00,95978.0,95993.0,95960.0,95981.0,900,10,0,900
2025-01-25 06:30:00,95982.0,95984.0,95937.0,95939.0,900,10,0,900
2025-01-25 06:45:00,95940.0,95986.0,95928.0,95985.0,900,10,0,900
2025-01-25 07:00:00,95984.0,95993.0,95974.0,95989.0,900,10,0,900
2025-01-25 07:15:00,95990.0,95993.0,95961.0,95971.0,900,10,0,900
2025-01-25 07:30:00,95972.0,95982.0,95943.0,95959.0,900,10,0,900
2025-01-25 07:45:00,95958.0,95975.0,95926.0,95927.0,900,10,0,900
2025-01-25 08:00:00,95926.0,95974.0,95926.0,95971.0,900,10,0,900
2025-01-25 08:15:00,95970.0,95989.0,95956.0,95983.0,900,10,0,900
2025-01-25 08:30:00,95982.0,95993.0,95965.0,95967.0,900,10,0,900
2025-01-25 08:45:00,95968.0,95979.0,95926.0,95959.0,900,10,0,900
2025-01-25 09:00:00,95960.0,95965.0,95926.0,95929.0,900,10,0,900
2025-01-25 09:15:00,95928.0,95959.0,95926.0,95937.0,900,10,0,900
2025-01-25 09:30:00,95936.0,95951.0,95926.0,95929.0,900,10,0,900
2025-01-25 09:45:00,95930.0,95963.0,95928.0,95941.0,900,10,0,900
2025-01-25 10:00:00,95940.0,95949.0,95926.0,95949.0,900,10,0,900
2025-01-25 10:15:00,95948.0,95984.0,95926.0,95931.0,900,10,0,900
2025-01-25 10:30:00,95930.0,95978.0,95928.0,95975.0,900,10,0,900
2025-01-25 10:45:00,95976.0,95993.0,95966.0,95983.0,900,10,0,900
2025-01-25 11:00:00,95984.0,95993.0,95950.0,95957.0,900,10,0,900
2025-01-25 11:15:00,95958.0,95962.0,95928.0,95931.0,900,10,0,900
2025-01-25 11:30:00,95930.0,95987.0,95926.0,95969.0,900,10,0,900
2025-01-25 11:45:00,95968.0,95982.0,95950.0,95951.0,900,10,0,900
2025-01-25 12:00:00,95952.0,95993.0,95936.0,95987.0,900,10,0,900
2025-01-25 12:15:00,95986.0,95986.0,95935.0,95957.0,900,10,0,900
2025-01-25 12:30:00,95958.0,95987.0,95955.0,95979.0,900,10,0,900
2025-01-25 12:45:00,95978.0,95989.0,95952.0,95981.0,900,10,0,900
2025-01-25 13:00:00,95982.0,95993.0,95963.0,95987.0,900,10,0,900
2025-01-25 13:15:00,95986.0,95988.0,95934.0,95955.0,900,10,0,900
2025-01-25 13:30:00,95954.0,95960.0,95926.0,95957.0,900,10,0,900
2025-01-25 13:45:00,95956.0,95969.0,95827.0,95829.0,900,10,0,900
2025-01-25 14:00:00,95828.0,95864.0,95827.0,95857.0,900,10,0,900
2025-01-25 14:15:00,95858.0,95873.0,95833.0,95873.0,900,10,0,900
2025-01-25 14:30:00,95872.0,95873.0,95858.0,95865.0,900,10,0,900
2025-01-25 14:45:00,95864.0,95865.0,95827.0,95843.0,900,10,0,900
2025-01-25 15:00:00,95844.0,95867.0,95827.0,95859.0,900,10,0,900
2025-01-25 15:15:00,95858.0,95870.0,95829.0,95857.0,900,10,0,900
2025-01-25 15:30:00,95856.0,95871.0,95625.0,95642.0,900,10,0,900
2025-01-25 15:45:00,95643.0,95666.0,95625.0,95644.0,900,10,0,900
2025-01-25 16:00:00,95643.0,95667.0,95627.0,95654.0,900,10,0,900
2025-01-25 16:15:00,95655.0,95658.0,95629.0,95644.0,900,10,0,900
2025-01-25 16:30:00,95643.0,95667.0,95635.0,95638.0,900,10,0,900
2025-01-25 16:45:00,95637.0,95661.0,95625.0,95654.0,900,10,0,900
2025-01-25 17:00:00,95655.0,95667.0,95643.0,95656.0,900,10,0,900
2025-01-25 17:15:00,95655.0,95667.0,95636.0,95646.0,900,10,0,900
2025-01-25 17:30:00,95647.0,95647.0,95625.0,95642.0,900,10,0,900
2025-01-25 17:45:00,95643.0,95665.0,95626.0,95636.0,900,10,0,900
2025-01-25 18:00:00,95635.0,95654.0,95625.0,95642.0,900,10,0,900
2025-01-25 18:15:00,95643.0,95662.0,95632.0,95654.0,900,10,0,900
2025-01-25 18:30:00,95653.0,95667.0,95637.0,95642.0,900,10,0,900
2025-01-25 18:45:00,95641.0,95662.0,95625.0,95640.0,900,10,0,900
2025-01-25 19:00:00,95641.0,95660.0,95625.0,95658.0,900,10,0,900
2025-01-25 19:15:00,95657.0,95659.0,95625.0,95634.0,900,10,0,900
2025-01-25 19:30:00,95633.0,95661.0,95625.0,95648.0,900,10,0,900
2025-01-25 19:45:00,95649.0,95663.0,95626.0,95626.0,900,10,0,900
2025-01-25 20:00:00,95627.0,95649.0,95625.0,95634.0,900,10,0,900
2025-01-25 20:15:00,95633.0,95650.0,95625.0,95634.0,900,10,0,900
2025-01-25 20:30:00,95633.0,95667.0,95628.0,95660.0,900,10,0,900
2025-01-25 20:45:00,95659.0,95660.0,95493.0,95497.0,900,10,0,900
2025-01-25 21:00:00,95498.0,95515.0,95373.0,95404.0,900,10,0,900
2025-01-25 21:15:00,95405.0,95406.0,95373.0,95398.0,900,10,0,900
2025-01-25 21:30:00,95399.0,95406.0,95374.0,95384.0,900,10,0,900
2025-01-25 21:45:00,95383.0,95397.0,95373.0,95390.0,900,10,0,900
2025-01-25 22:00:00,95389.0,95415.0,95382.0,95408.0,900,10,0,900
2025-01-25 22:15:00,95407.0,95415.0,95385.0,95396.0,900,10,0,900
2025-01-25 22:30:00,95395.0,95412.0,95373.0,95380.0,900,10,0,900
2025-01-25 22:45:00,95381.0,95415.0,95373.0,95414.0,900,10,0,900
2025-01-25 23:00:00,95415.0,95415.0,95386.0,95390.0,900,10,0,900
2025-01-25 23:15:00,95391.0,95396.0,94940.0,94982.0,900,10,0,900
2025-01-25 23:30:00,94983.0,95040.0,94974.0,95026.0,900,10,0,900
2025-01-25 23:45:00,95025.0,95036.0,95000.0,95022.0,900,10,0,900
2025-01-26 00:00:00,95023.0,95040.0,95003.0,95034.0,900,10,0,900
2025-01-26 00:15:00,95035.0,95316.0,95014.0,95299.0,900,10,0,900
2025-01-26 00:30:00,95300.0,95306.0,95274.0,95283.0,900,10,0,900
2025-01-26 00:45:00,95284.0,95285.0,95261.0,95271.0,900,10,0,900
2025-01-26 01:00:00,95270.0,95304.0,95261.0,95299.0,900,10,0,900
2025-01-26 01:15:00,95300.0,95316.0,95287.0,95309.0,898,10,0,898
2025-01-26 01:30:00,95308.0,95316.0,95281.0,95285.0,900,10,0,900
2025-01-26 01:45:00,95286.0,95301.0,95263.0,95283.0,900,10,0,900
2025-01-26 02:00:00,95282.0,95287.0,95261.0,95279.0,883,10,0,883
2025-01-26 02:15:00,95278.0,95295.0,95262.0,95289.0,900,10,0,900
2025-01-26 02:30:00,95288.0,95297.0,95261.0,95297.0,900,10,0,900
2025-01-26 02:45:00,95298.0,95304.0,95261.0,95269.0,900,10,0,900
2025-01-26 03:00:00,95268.0,95316.0,95261.0,95315.0,900,10,0,900
2025-01-26 03:15:00,95316.0,95316.0,95297.0,95309.0,900,10,0,900
2025-01-26 03:30:00,95308.0,95316.0,95278.0,95281.0,900,10,0,900
2025-01-26 03:45:00,95280.0,95399.0,95274.0,95369.0,900,10,0,900
2025-01-26 04:00:00,95370.0,95386.0,95351.0,95375.0,900,10,0,900
2025-01-26 04:15:00,95374.0,95376.0,95331.0,95357.0,900,10,0,900
2025-01-26 04:30:00,95358.0,95386.0,95348.0,95355.0,900,10,0,900
2025-01-26 04:45:00,95354.0,95382.0,95351.0,95363.0,900,10,0,900
2025-01-26 05:00:00,95364.0,95381.0,95344.0,95357.0,900,10,0,900
2025-01-26 05:15:00,95358.0,95378.0,95341.0,95357.0,900,10,0,900
2025-01-26 05:30:00,95356.0,95372.0,95335.0,95357.0,900,10,0,900
2025-01-26 05:45:00,95356.0,95358.0,95088.0,95091.0,900,10,0,900
2025-01-26 06:00:00,95090.0,95118.0,95088.0,95101.0,900,10,0,900
2025-01-26 06:15:00,95102.0,95103.0,94895.0,94931.0,900,10,0,900
2025-01-26 06:30:00,94930.0,94932.0,94895.0,94921.0,900,10,0,900
2025-01-26 06:45:00,94920.0,94943.0,94908.0,94915.0,900,10,0,900
2025-01-26 07:00:00,94914.0,94924.0,94895.0,94917.0,900,10,0,900
2025-01-26 07:15:00,94918.0,94943.0,94895.0,94901.0,900,10,0,900
2025-01-26 07:30:00,94902.0,94934.0,94895.0,94929.0,900,10,0,900
2025-01-26 07:45:00,94930.0,94938.0,94902.0,94909.0,900,10,0,900
2025-01-26 08:00:00,94910.0,94924.0,94895.0,94899.0,900,10,0,900
2025-01-26 08:15:00,94898.0,94920.0,94895.0,94911.0,900,10,0,900
2025-01-26 08:30:00,94912.0,94942.0,94907.0,94931.0,900,10,0,900
2025-01-26 08:45:00,94930.0,94943.0,94925.0,94935.0,900,10,0,900
2025-01-26 09:00:00,94934.0,95158.0,94922.0,95155.0,900,10,0,900
2025-01-26 09:15:00,95154.0,95158.0,95118.0,95155.0,900,10,0,900
2025-01-26 09:30:00,95154.0,95157.0,95094.0,95111.0,900,10,0,900
2025-01-26 09:45:00,95112.0,95127.0,95094.0,95101.0,900,10,0,900
2025-01-26 10:00:00,95102.0,95139.0,95094.0,95135.0,900,10,0,900
2025-01-26 10:15:00,95136.0,95141.0,95103.0,95125.0,900,10,0,900
2025-01-26 10:30:00,95126.0,95135.0,95102.0,95121.0,900,10,0,900
2025-01-26 10:45:00,95122.0,95158.0,95103.0,95157.0,900,10,0,900
2025-01-26 11:00:00,95158.0,95158.0,95135.0,95143.0,900,10,0,900
2025-01-26 11:15:00,95144.0,95158.0,95120.0,95121.0,900,10,0,900
2025-01-26 11:30:00,95120.0,95123.0,95094.0,95113.0,900,10,0,900
2025-01-26 11:45:00,95112.0,95113.0,95094.0,95097.0,900,10,0,900
2025-01-26 12:00:00,95098.0,95118.0,95094.0,95097.0,900,10,0,900
2025-01-26 12:15:00,95098.0,95114.0,95094.0,95101.0,900,10,0,900
2025-01-26 12:30:00,95102.0,95102.0,95027.0,95027.0,900,10,0,900
2025-01-26 12:45:00,95028.0,95076.0,95027.0,95065.0,900,10,0,900
2025-01-26 13:00:00,95066.0,95079.0,95038.0,95049.0,900,10,0,900
2025-01-26 13:15:00,95050.0,95079.0,95050.0,95055.0,900,10,0,900
2025-01-26 13:30:00,95056.0,95079.0,95031.0,95071.0,900,10,0,900
2025-01-26 13:45:00,95070.0,95079.0,95042.0,95059.0,900,10,0,900
2025-01-26 14:00:00,95058.0,95079.0,95044.0,95055.0,900,10,0,900
2025-01-26 14:15:00,95056.0,95079.0,95041.0,95053.0,900,10,0,900
2025-01-26 14:30:00,95054.0,95079.0,95037.0,95065.0,900,10,0,900
2025-01-26 14:45:00,95064.0,95079.0,95050.0,95071.0,900,10,0,900
2025-01-26 15:00:00,95072.0,95079.0,95027.0,95041.0,900,10,0,900
2025-01-26 15:15:00,95042.0,95076.0,95037.0,95065.0,900,10,0,900
2025-01-26 15:30:00,95066.0,95075.0,95027.0,95047.0,900,10,0,900
2025-01-26 15:45:00,95046.0,95065.0,95027.0,95027.0,900,10,0,900
2025-01-26 16:00:00,95028.0,95066.0,95027.0,95057.0,900,10,0,900
2025-01-26 16:15:00,95058.0,95063.0,95029.0,95049.0,900,10,0,900
2025-01-26 16:30:00,95050.0,95078.0,95047.0,95077.0,900,10,0,900
2025-01-26 16:45:00,95076.0,95079.0,95043.0,95047.0,900,10,0,900
2025-01-26 17:00:00,95048.0,95072.0,95046.0,95071.0,900,10,0,900
2025-01-26 17:15:00,95070.0,95079.0,95044.0,95077.0,900,10,0,900
2025-01-26 17:30:00,95076.0,95079.0,95049.0,95077.0,900,10,0,900
2025-01-26 17:45:00,95078.0,95079.0,95062.0,95071.0,900,10,0,900
2025-01-26 18:00:00,95072.0,95072.0,95027.0,95039.0,900,10,0,900
2025-01-26 18:15:00,95038.0,95051.0,95027.0,95035.0,900,10,0,900
2025-01-26 18:30:00,95036.0,95058.0,95027.0,95057.0,900,10,0,900
2025-01-26 18:45:00,95058.0,95079.0,95045.0,95075.0,900,10,0,900
2025-01-26 19:00:00,95076.0,95079.0,95053.0,95073.0,900,10,0,900
2025-01-26 19:15:00,95072.0,95073.0,95030.0,95053.0,900,10,0,900
2025-01-26 19:30:00,95054.0,95073.0,95033.0,95051.0,900,10,0,900
2025-01-26 19:45:00,95050.0,95055.0,94843.0,94858.0,900,10,0,900
2025-01-26 20:00:00,94859.0,94861.0,94511.0,94535.0,900,10,0,900
2025-01-26 20:15:00,94534.0,94559.0,94518.0,94539.0,900,10,0,900
2025-01-26 20:30:00,94538.0,94571.0,94532.0,94547.0,900,10,0,900
2025-01-26 20:45:00,94548.0,94560.0,94522.0,94551.0,900,10,0,900
2025-01-26 21:00:00,94552.0,94571.0,94548.0,94567.0,900,10,0,900
2025-01-26 21:15:00,94568.0,94571.0,94552.0,94567.0,900,10,0,900
2025-01-26 21:30:00,94566.0,94571.0,94526.0,94537.0,900,10,0,900
2025-01-26 21:45:00,94536.0,94552.0,94511.0,94543.0,900,10,0,900
2025-01-26 22:00:00,94544.0,94571.0,94543.0,94559.0,900,10,0,900
2025-01-26 22:15:00,94560.0,94571.0,94527.0,94529.0,900,10,0,900
2025-01-26 22:30:00,94528.0,94555.0,94511.0,94553.0,900,10,0,900
2025-01-26 22:45:00,94554.0,94571.0,94536.0,94553.0,900,10,0,900
2025-01-26 23:00:00,94552.0,94571.0,94530.0,94535.0,900,10,0,900
2025-01-26 23:15:00,94536.0,94570.0,94534.0,94545.0,900,10,0,900
2025-01-26 23:30:00,94546.0,94571.0,94436.0,94437.0,900,10,0,900
2025-01-26 23:45:00,94438.0,94460.0,94436.0,94451.0,900,10,0,900
2025-01-27 00:00:00,94449.0,94461.0,94436.0,94437.0,895,10,0,895
2025-01-27 00:15:00,94438.0,94472.0,94436.0,94455.0,900,10,0,900
2025-01-27 00:30:00,94456.0,94511.0,94454.0,94507.0,900,10,0,900
2025-01-27 00:45:00,94506.0,94511.0,94473.0,94487.0,900,10,0,900
2025-01-27 01:00:00,94488.0,94499.0,94458.0,94461.0,900,10,0,900
2025-01-27 01:15:00,94460.0,94461.0,93842.0,93851.0,900,10,0,900
2025-01-27 01:30:00,93852.0,93899.0,93848.0,93895.0,900,10,0,900
2025-01-27 01:45:00,93896.0,93905.0,93867.0,93897.0,900,10,0,900
2025-01-27 02:00:00,93896.0,93900.0,93847.0,93861.0,900,10,0,900
2025-01-27 02:15:00,93860.0,93875.0,93842.0,93857.0,900,10,0,900
2025-01-27 02:30:00,93856.0,93891.0,93842.0,93863.0,900,10,0,900
2025-01-27 02:45:00,93864.0,93905.0,93852.0,93905.0,900,10,0,900
2025-01-27 03:00:00,93904.0,93905.0,93871.0,93881.0,900,10,0,900
2025-01-27 03:15:00,93882.0,93903.0,93865.0,93883.0,900,10,0,900
2025-01-27 03:30:00,93882.0,93905.0,93842.0,93849.0,900,10,0,900
2025-01-27 03:45:00,93850.0,93881.0,93850.0,93869.0,900,10,0,900
2025-01-27 04:00:00,93870.0,93886.0,93842.0,93847.0,900,10,0,900
2025-01-27 04:15:00,93846.0,93874.0,93842.0,93869.0,900,10,0,900
2025-01-27 04:30:00,93868.0,93868.0,93842.0,93851.0,900,10,0,900
2025-01-27 04:45:00,93850.0,93859.0,93842.0,93847.0,900,10,0,900
2025-01-27 05:00:00,93848.0,93869.0,93842.0,93855.0,900,10,0,900
2025-01-27 05:15:00,93856.0,93893.0,93842.0,93891.0,900,10,0,900
2025-01-27 05:30:00,93890.0,93905.0,93876.0,93895.0,900,10,0,900
2025-01-27 05:45:00,93894.0,93900.0,93842.0,93851.0,900,10,0,900
2025-01-27 06:00:00,93852.0,93885.0,93632.0,93650.0,900,10,0,900
2025-01-27 06:15:00,93649.0,93691.0,93645.0,93652.0,900,10,0,900
2025-01-27 06:30:00,93651.0,93656.0,93444.0,93455.0,900,10,0,900
2025-01-27 06:45:00,93456.0,93508.0,93455.0,93493.0,900,10,0,900
2025-01-27 07:00:00,93492.0,93508.0,93479.0,93505.0,900,10,0,900
2025-01-27 07:15:00,93506.0,93508.0,93487.0,93503.0,900,10,0,900
2025-01-27 07:30:00,93504.0,93508.0,93481.0,93493.0,900,10,0,900
2025-01-27 07:45:00,93492.0,93500.0,93444.0,93475.0,900,10,0,900
2025-01-27 08:00:00,93476.0,93496.0,93462.0,93493.0,900,10,0,900
2025-01-27 08:15:00,93492.0,93494.0,93445.0,93481.0,900,10,0,900
2025-01-27 08:30:00,93480.0,93488.0,93444.0,93453.0,900,10,0,900
2025-01-27 08:45:00,93452.0,93464.0,93444.0,93449.0,900,10,0,900
2025-01-27 09:00:00,93448.0,93458.0,93444.0,93445.0,900,10,0,900
2025-01-27 09:15:00,93444.0,93486.0,93444.0,93475.0,900,10,0,900
2025-01-27 09:30:00,93474.0,93508.0,93471.0,93505.0,900,10,0,900
2025-01-27 09:45:00,93504.0,93508.0,93474.0,93495.0,900,10,0,900
2025-01-27 10:00:00,93494.0,93494.0,93444.0,93447.0,900,10,0,900
2025-01-27 10:15:00,93448.0,93477.0,93444.0,93477.0,900,10,0,900
2025-01-27 10:30:00,93478.0,93500.0,93463.0,93481.0,900,10,0,900
2025-01-27 10:45:00,93482.0,93508.0,93479.0,93493.0,900,10,0,900
2025-01-27 11:00:00,93492.0,93508.0,93481.0,93507.0,900,10,0,900
2025-01-27 11:15:00,93508.0,93508.0,93472.0,93501.0,900,10,0,900
2025-01-27 11:30:00,93502.0,93508.0,93473.0,93493.0,900,10,0,900
2025-01-27 11:45:00,93492.0,93508.0,93461.0,93469.0,900,10,0,900
2025-01-27 12:00:00,93470.0,93501.0,93447.0,93449.0,900,10,0,900
2025-01-27 12:15:00,93450.0,93465.0,93176.0,93179.0,900,10,0,900
2025-01-27 12:30:00,93178.0,93206.0,93176.0,93191.0,900,10,0,900
2025-01-27 12:45:00,93192.0,93198.0,93176.0,93195.0,900,10,0,900
2025-01-27 13:00:00,93196.0,93204.0,93176.0,93177.0,900,10,0,900
2025-01-27 13:15:00,93176.0,93206.0,93176.0,93189.0,900,10,0,900
2025-01-27 13:30:00,93188.0,93206.0,93176.0,93183.0,900,10,0,900
2025-01-27 13:45:00,93184.0,93203.0,93176.0,93179.0,900,10,0,900
2025-01-27 14:00:00,93178.0,93206.0,93176.0,93193.0,900,10,0,900
2025-01-27 14:15:00,93194.0,93206.0,93177.0,93199.0,900,10,0,900
2025-01-27 14:30:00,93198.0,93206.0,93176.0,93187.0,900,10,0,900
2025-01-27 14:45:00,93188.0,93189.0,93006.0,93024.0,900,10,0,900
2025-01-27 15:00:00,93023.0,93031.0,92821.0,92848.0,900,10,0,900
2025-01-27 15:15:00,92847.0,92891.0,92834.0,92880.0,900,10,0,900
2025-01-27 15:30:00,92881.0,92904.0,92851.0,92852.0,900,10,0,900
2025-01-27 15:45:00,92851.0,92865.0,92840.0,92862.0,900,10,0,900
2025-01-27 16:00:00,92861.0,92901.0,92850.0,92880.0,900,10,0,900
2025-01-27 16:15:00,92881.0,92883.0,92843.0,92852.0,900,10,0,900
2025-01-27 16:30:00,92853.0,92904.0,92851.0,92902.0,900,10,0,900
2025-01-27 16:45:00,92903.0,93174.0,92877.0,93163.0,900,10,0,900
2025-01-27 17:00:00,93162.0,93550.0,93153.0,93538.0,900,10,0,900
2025-01-27 17:15:00,93537.0,93538.0,93505.0,93510.0,900,10,0,900
2025-01-27 17:30:00,93511.0,93515.0,93483.0,93498.0,900,10,0,900
2025-01-27 17:45:00,93497.0,93549.0,93483.0,93538.0,900,10,0,900
2025-01-27 18:00:00,93537.0,93547.0,93517.0,93524.0,900,10,0,900
2025-01-27 18:15:00,93525.0,93525.0,93490.0,93498.0,900,10,0,900
2025-01-27 18:30:00,93499.0,93518.0,93487.0,93494.0,900,10,0,900
2025-01-27 18:45:00,93493.0,93514.0,92820.0,92871.0,900,10,0,900
2025-01-27 19:00:00,92870.0,92870.0,92836.0,92849.0,900,10,0,900
2025-01-27 19:15:00,92848.0,92849.0,92820.0,92833.0,900,10,0,900
2025-01-27 19:30:00,92832.0,92850.0,92820.0,92837.0,900,10,0,900
2025-01-27 19:45:00,92838.0,92844.0,92820.0,92823.0,900,10,0,900
2025-01-27 20:00:00,92824.0,92853.0,92820.0,92847.0,900,10,0,900
2025-01-27 20:15:00,92846.0,92859.0,92820.0,92849.0,900,10,0,900
2025-01-27 20:30:00,92848.0,92879.0,92844.0,92877.0,900,10,0,900
2025-01-27 20:45:00,92878.0,92885.0,92855.0,92875.0,900,10,0,900
2025-01-27 21:00:00,92874.0,92885.0,92856.0,92883.0,900,10,0,900
2025-01-27 21:15:00,92884.0,92885.0,92820.0,92831.0,900,10,0,900
2025-01-27 21:30:00,92830.0,92837.0,92820.0,92837.0,900,10,0,900
2025-01-27 21:45:00,92836.0,92845.0,92820.0,92823.0,900,10,0,900
2025-01-27 22:00:00,92822.0,92844.0,92820.0,92827.0,900,10,0,900
2025-01-27 22:15:00,92828.0,92875.0,92820.0,92875.0,900,10,0,900
2025-01-27 22:30:00,92874.0,92882.0,92852.0,92873.0,900,10,0,900
2025-01-27 22:45:00,92874.0,93083.0,92836.0,93068.0,900,10,0,900
2025-01-27 23:00:00,93069.0,93083.0,93058.0,93066.0,900,10,0,900
2025-01-27 23:15:00,93065.0,93071.0,93050.0,93064.0,900,10,0,900
2025-01-27 23:30:00,93065.0,93075.0,92918.0,92927.0,900,10,0,900
2025-01-27 23:45:00,92928.0,92984.0,92918.0,92977.0,900,10,0,900
2025-01-28 00:00:00,92978.0,93001.0,92972.0,92999.0,900,10,0,900
2025-01-28 00:15:00,93000.0,93127.0,92985.0,93124.0,900,10,0,900
2025-01-28 00:30:00,93125.0,93127.0,93055.0,93056.0,900,10,0,900
2025-01-28 00:45:00,93057.0,93059.0,93035.0,93042.0,900,10,0,900
2025-01-28 01:00:00,93043.0,93127.0,93035.0,93126.0,900,10,0,900
2025-01-28 01:15:00,93127.0,93127.0,93086.0,93108.0,900,10,0,900
2025-01-28 01:30:00,93109.0,93118.0,93072.0,93100.0,900,10,0,900
2025-01-28 01:45:00,93099.0,93102.0,93040.0,93052.0,900,10,0,900
2025-01-28 02:00:00,93053.0,93076.0,93035.0,93064.0,900,10,0,900
2025-01-28 02:15:00,93063.0,93090.0,93061.0,93088.0,900,10,0,900
2025-01-28 02:30:00,93089.0,93097.0,93051.0,93068.0,900,10,0,900
2025-01-28 02:45:00,93069.0,93127.0,93064.0,93120.0,900,10,0,900
2025-01-28 03:00:00,93119.0,93127.0,93097.0,93098.0,900,10,0,900
2025-01-28 03:15:00,93099.0,93127.0,93092.0,93122.0,900,10,0,900
2025-01-28 03:30:00,93123.0,93127.0,93105.0,93112.0,900,10,0,900
2025-01-28 03:45:00,93111.0,93127.0,93094.0,93120.0,900,10,0,900
2025-01-28 04:00:00,93119.0,93127.0,93047.0,93064.0,900,10,0,900
2025-01-28 04:15:00,93063.0,93085.0,93040.0,93046.0,900,10,0,900
2025-01-28 04:30:00,93045.0,93050.0,93035.0,93044.0,900,10,0,900
2025-01-28 04:45:00,93045.0,93112.0,93035.0,93108.0,900,10,0,900
2025-01-28 05:00:00,93109.0,93127.0,93097.0,93122.0,900,10,0,900
2025-01-28 05:15:00,93121.0,93127.0,93093.0,93104.0,900,10,0,900
2025-01-28 05:30:00,93105.0,93127.0,93102.0,93120.0,900,10,0,900
2025-01-28 05:45:00,93119.0,93388.0,93097.0,93366.0,900,10,0,900
2025-01-28 06:00:00,93367.0,93377.0,93340.0,93340.0,900,10,0,900
2025-01-28 06:15:00,93339.0,93355.0,93303.0,93328.0,900,10,0,900
2025-01-28 06:30:00,93329.0,93329.0,93303.0,93314.0,900,10,0,900
2025-01-28 06:45:00,93313.0,93348.0,93307.0,93342.0,900,10,0,900
2025-01-28 07:00:00,93341.0,93388.0,93312.0,93386.0,900,10,0,900
2025-01-28 07:15:00,93387.0,93388.0,93352.0,93372.0,900,10,0,900
2025-01-28 07:30:00,93373.0,93387.0,93353.0,93372.0,900,10,0,900
2025-01-28 07:45:00,93373.0,93388.0,93358.0,93360.0,900,10,0,900
2025-01-28 08:00:00,93359.0,93388.0,93350.0,93362.0,900,10,0,900
2025-01-28 08:15:00,93361.0,93379.0,93338.0,93340.0,900,10,0,900
2025-01-28 08:30:00,93341.0,93362.0,93309.0,93316.0,900,10,0,900
2025-01-28 08:45:00,93317.0,93346.0,93303.0,93324.0,900,10,0,900
2025-01-28 09:00:00,93325.0,93334.0,93303.0,93308.0,900,10,0,900
2025-01-28 09:15:00,93309.0,93339.0,93304.0,93308.0,900,10,0,900
2025-01-28 09:30:00,93309.0,93348.0,93304.0,93332.0,900,10,0,900
2025-01-28 09:45:00,93333.0,93349.0,93303.0,93304.0,900,10,0,900
2025-01-28 10:00:00,93305.0,93348.0,93303.0,93340.0,900,10,0,900
2025-01-28 10:15:00,93341.0,93373.0,93328.0,93350.0,900,10,0,900
2025-01-28 10:30:00,93349.0,93379.0,93347.0,93376.0,900,10,0,900
2025-01-28 10:45:00,93377.0,93388.0,93351.0,93364.0,900,10,0,900
2025-01-28 11:00:00,93365.0,93388.0,93352.0,93362.0,900,10,0,900
2025-01-28 11:15:00,93361.0,93362.0,93319.0,93342.0,900,10,0,900
2025-01-28 11:30:00,93343.0,93363.0,93331.0,93338.0,900,10,0,900
2025-01-28 11:45:00,93339.0,93371.0,93318.0,93338.0,900,10,0,900
2025-01-28 12:00:00,93339.0,93352.0,93320.0,93332.0,900,10,0,900
2025-01-28 12:15:00,93331.0,93351.0,93303.0,93304.0,900,10,0,900
2025-01-28 12:30:00,93305.0,93338.0,93303.0,93322.0,900,10,0,900
2025-01-28 12:45:00,93323.0,93375.0,93320.0,93368.0,900,10,0,900
2025-01-28 13:00:00,93367.0,93388.0,93356.0,93386.0,900,10,0,900
2025-01-28 13:15:00,93385.0,93388.0,93343.0,93370.0,900,10,0,900
2025-01-28 13:30:00,93371.0,93388.0,93334.0,93384.0,900,10,0,900
2025-01-28 13:45:00,93385.0,93388.0,93360.0,93372.0,900,10,0,900
2025-01-28 14:00:00,93373.0,93388.0,93341.0,93342.0,900,10,0,900
2025-01-28 14:15:00,93341.0,93604.0,93340.0,93595.0,900,10,0,900
2025-01-28 14:30:00,93596.0,93604.0,93572.0,93579.0,900,10,0,900
2025-01-28 14:45:00,93578.0,93596.0,93566.0,93581.0,900,10,0,900
2025-01-28 15:00:00,93582.0,93604.0,93566.0,93595.0,900,10,0,900
2025-01-28 15:15:00,93594.0,93601.0,93566.0,93587.0,900,10,0,900
2025-01-28 15:30:00,93588.0,93602.0,93576.0,93585.0,900,10,0,900
2025-01-28 15:45:00,93584.0,93602.0,93568.0,93591.0,900,10,0,900
2025-01-28 16:00:00,93592.0,93604.0,93572.0,93599.0,900,10,0,900
2025-01-28 16:15:00,93600.0,93604.0,93575.0,93585.0,900,10,0,900
2025-01-28 16:30:00,93586.0,93604.0,93575.0,93601.0,900,10,0,900
2025-01-28 16:45:00,93602.0,93604.0,93566.0,93577.0,900,10,0,900
2025-01-28 17:00:00,93576.0,93593.0,93566.0,93577.0,900,10,0,900
2025-01-28 17:15:00,93576.0,93598.0,93569.0,93591.0,900,10,0,900
2025-01-28 17:30:00,93592.0,93604.0,93582.0,93595.0,900,10,0,900
2025-01-28 17:45:00,93594.0,93604.0,93567.0,93593.0,900,10,0,900
2025-01-28 18:00:00,93594.0,93604.0,93566.0,93577.0,900,10,0,900
2025-01-28 18:15:00,93576.0,93604.0,93575.0,93603.0,900,10,0,900
2025-01-28 18:30:00,93604.0,93604.0,93585.0,93589.0,900,10,0,900
2025-01-28 18:45:00,93588.0,93802.0,93578.0,93786.0,900,10,0,900
2025-01-28 19:00:00,93785.0,93796.0,93772.0,93778.0,900,10,0,900
2025-01-28 19:15:00,93777.0,93802.0,93760.0,93772.0,900,10,0,900
2025-01-28 19:30:00,93773.0,93788.0,93760.0,93782.0,900,10,0,900
2025-01-28 19:45:00,93781.0,93802.0,93772.0,93778.0,900,10,0,900
2025-01-28 20:00:00,93779.0,93795.0,93760.0,93770.0,900,10,0,900
2025-01-28 20:15:00,93771.0,93785.0,93760.0,93776.0,900,10,0,900
2025-01-28 20:30:00,93775.0,93794.0,93760.0,93788.0,900,10,0,900
2025-01-28 20:45:00,93787.0,93802.0,93778.0,93800.0,900,10,0,900
2025-01-28 21:00:00,93801.0,93802.0,93401.0,93410.0,900,10,0,900
2025-01-28 21:15:00,93411.0,93454.0,93401.0,93404.0,900,10,0,900
2025-01-28 21:30:00,93403.0,93450.0,93401.0,93434.0,900,10,0,900
2025-01-28 21:45:00,93435.0,93438.0,93401.0,93402.0,900,10,0,900
2025-01-28 22:00:00,93403.0,93418.0,93401.0,93412.0,900,10,0,900
2025-01-28 22:15:00,93413.0,93416.0,93401.0,93412.0,900,10,0,900
2025-01-28 22:30:00,93411.0,93449.0,93408.0,93424.0,900,10,0,900
2025-01-28 22:45:00,93423.0,93441.0,93404.0,93420.0,900,10,0,900
2025-01-28 23:00:00,93421.0,93454.0,93419.0,93430.0,900,10,0,900
2025-01-28 23:15:00,93429.0,93440.0,93405.0,93408.0,900,10,0,900
2025-01-28 23:30:00,93409.0,93420.0,93152.0,93160.0,900,10,0,900
2025-01-28 23:45:00,93159.0,93167.0,93084.0,93089.0,900,10,0,900
2025-01-29 00:00:00,93090.0,93105.0,93084.0,93093.0,900,10,0,900
2025-01-29 00:15:00,93092.0,93105.0,93084.0,93091.0,900,10,0,900
2025-01-29 00:30:00,93092.0,93195.0,93087.0,93164.0,900,10,0,900
2025-01-29 00:45:00,93165.0,93165.0,93111.0,93114.0,900,10,0,900
2025-01-29 01:00:00,93113.0,93162.0,93113.0,93142.0,900,10,0,900
2025-01-29 01:15:00,93143.0,93165.0,93126.0,93140.0,900,10,0,900
2025-01-29 01:30:00,93139.0,93147.0,93115.0,93124.0,900,10,0,900
2025-01-29 01:45:00,93125.0,93195.0,93123.0,93188.0,900,10,0,900
2025-01-29 02:00:00,93189.0,93195.0,93171.0,93184.0,900,10,0,900
2025-01-29 02:15:00,93183.0,93192.0,93140.0,93142.0,900,10,0,900
2025-01-29 02:30:00,93141.0,93152.0,93111.0,93114.0,900,10,0,900
2025-01-29 02:45:00,93113.0,93142.0,93111.0,93142.0,900,10,0,900
2025-01-29 03:00:00,93141.0,93143.0,93012.0,93046.0,900,10,0,900
2025-01-29 03:15:00,93045.0,93059.0,93021.0,93030.0,900,10,0,900
2025-01-29 03:30:00,93029.0,93046.0,93012.0,93018.0,900,10,0,900
2025-01-29 03:45:00,93017.0,93059.0,93016.0,93026.0,900,10,0,900
2025-01-29 04:00:00,93027.0,93043.0,93012.0,93034.0,900,10,0,900
2025-01-29 04:15:00,93033.0,93052.0,93012.0,93028.0,900,10,0,900
2025-01-29 04:30:00,93027.0,93051.0,93012.0,93016.0,900,10,0,900
2025-01-29 04:45:00,93015.0,93019.0,92923.0,92930.0,900,10,0,900
2025-01-29 05:00:00,92929.0,92967.0,92925.0,92938.0,900,10,0,900
2025-01-29 05:15:00,92937.0,92965.0,92923.0,92936.0,900,10,0,900
2025-01-29 05:30:00,92937.0,92967.0,92923.0,92950.0,900,10,0,900
2025-01-29 05:45:00,92949.0,92951.0,92923.0,92930.0,900,10,0,900
2025-01-29 06:00:00,92931.0,92960.0,92926.0,92928.0,900,10,0,900
2025-01-29 06:15:00,92929.0,92935.0,92923.0,92932.0,900,10,0,900
2025-01-29 06:30:00,92931.0,92967.0,92923.0,92960.0,900,10,0,900
2025-01-29 06:45:00,92961.0,93090.0,92961.0,93062.0,900,10,0,900
2025-01-29 07:00:00,93063.0,93066.0,93008.0,93018.0,900,10,0,900
2025-01-29 07:15:00,93019.0,93036.0,93008.0,93034.0,900,10,0,900
2025-01-29 07:30:00,93035.0,93061.0,93024.0,93060.0,900,10,0,900
2025-01-29 07:45:00,93061.0,93073.0,93008.0,93016.0,900,10,0,900
2025-01-29 08:00:00,93017.0,93031.0,93008.0,93012.0,900,10,0,900
2025-01-29 08:15:00,93011.0,93030.0,93008.0,93022.0,900,10,0,900
2025-01-29 08:30:00,93023.0,93050.0,93016.0,93030.0,900,10,0,900
2025-01-29 08:45:00,93031.0,93033.0,92775.0,92778.0,900,10,0,900
2025-01-29 09:00:00,92777.0,92812.0,92775.0,92798.0,900,10,0,900
2025-01-29 09:15:00,92797.0,92815.0,92775.0,92796.0,900,10,0,900
2025-01-29 09:30:00,92795.0,92802.0,92587.0,92591.0,900,10,0,900
2025-01-29 09:45:00,92592.0,92636.0,92587.0,92615.0,900,10,0,900
2025-01-29 10:00:00,92614.0,92640.0,92609.0,92633.0,900,10,0,900
2025-01-29 10:15:00,92632.0,92640.0,92605.0,92623.0,900,10,0,900
2025-01-29 10:30:00,92622.0,92640.0,92610.0,92637.0,900,10,0,900
2025-01-29 10:45:00,92638.0,92640.0,92603.0,92635.0,900,10,0,900
2025-01-29 11:00:00,92636.0,92897.0,92624.0,92890.0,900,10,0,900
2025-01-29 11:15:00,92889.0,92897.0,92868.0,92894.0,900,10,0,900
2025-01-29 11:30:00,92895.0,92897.0,92866.0,92878.0,900,10,0,900
2025-01-29 11:45:00,92877.0,92897.0,92874.0,92884.0,900,10,0,900
2025-01-29 12:00:00,92883.0,92897.0,92871.0,92882.0,900,10,0,900
2025-01-29 12:15:00,92883.0,92897.0,92866.0,92878.0,900,10,0,900
2025-01-29 12:30:00,92877.0,92897.0,92866.0,92894.0,900,10,0,900
2025-01-29 12:45:00,92893.0,92897.0,92866.0,92888.0,900,10,0,900
2025-01-29 13:00:00,92887.0,92896.0,92866.0,92874.0,900,10,0,900
2025-01-29 13:15:00,92875.0,92890.0,92724.0,92747.0,900,10,0,900
2025-01-29 13:30:00,92746.0,92774.0,92739.0,92757.0,900,10,0,900
2025-01-29 13:45:00,92758.0,92781.0,92745.0,92755.0,900,10,0,900
2025-01-29 14:00:00,92756.0,92781.0,92746.0,92771.0,900,10,0,900
2025-01-29 14:15:00,92772.0,92781.0,92756.0,92779.0,900,10,0,900
2025-01-29 14:30:00,92778.0,92781.0,92758.0,92777.0,900,10,0,900
2025-01-29 14:45:00,92776.0,92781.0,92745.0,92771.0,900,10,0,900
2025-01-29 15:00:00,92770.0,92777.0,92740.0,92745.0,900,10,0,900
2025-01-29 15:15:00,92746.0,92757.0,92725.0,92725.0,900,10,0,900
2025-01-29 15:30:00,92724.0,92780.0,92724.0,92757.0,900,10,0,900
2025-01-29 15:45:00,92758.0,92780.0,92754.0,92771.0,900,10,0,900
2025-01-29 16:00:00,92772.0,92781.0,92754.0,92757.0,900,10,0,900
2025-01-29 16:15:00,92756.0,92766.0,92724.0,92729.0,900,10,0,900
2025-01-29 16:30:00,92730.0,92772.0,92724.0,92761.0,900,10,0,900
2025-01-29 16:45:00,92762.0,92773.0,92734.0,92763.0,900,10,0,900
2025-01-29 17:00:00,92764.0,92781.0,92759.0,92771.0,900,10,0,900
2025-01-29 17:15:00,92770.0,92781.0,92733.0,92753.0,900,10,0,900
2025-01-29 17:30:00,92754.0,92781.0,92727.0,92771.0,900,10,0,900
2025-01-29 17:45:00,92770.0,92781.0,92752.0,92775.0,900,10,0,900
2025-01-29 18:00:00,92776.0,92781.0,92725.0,92735.0,900,10,0,900
2025-01-29 18:15:00,92736.0,92757.0,92724.0,92747.0,900,10,0,900
2025-01-29 18:30:00,92748.0,92773.0,92733.0,92773.0,900,10,0,900
2025-01-29 18:45:00,92772.0,92781.0,92748.0,92779.0,900,10,0,900
2025-01-29 19:00:00,92778.0,92781.0,92734.0,92781.0,900,10,0,900
2025-01-29 19:15:00,92780.0,92902.0,92774.0,92893.0,900,10,0,900
2025-01-29 19:30:00,92894.0,92902.0,92870.0,92899.0,900,10,0,900
2025-01-29 19:45:00,92898.0,92902.0,92870.0,92891.0,900,10,0,900
2025-01-29 20:00:00,92892.0,92902.0,92870.0,92901.0,900,10,0,900
2025-01-29 20:15:00,92900.0,92902.0,92870.0,92893.0,900,10,0,900
2025-01-29 20:30:00,92894.0,92902.0,92874.0,92877.0,900,10,0,900
2025-01-29 20:45:00,92878.0,92902.0,92870.0,92889.0,900,10,0,900
2025-01-29 21:00:00,92888.0,92902.0,92716.0,92734.0,900,10,0,900
2025-01-29 21:15:00,92735.0,92754.0,92716.0,92722.0,900,10,0,900
2025-01-29 21:30:00,92723.0,92754.0,92718.0,92750.0,900,10,0,900
2025-01-29 21:45:00,92749.0,92918.0,92720.0,92915.0,900,10,0,900
2025-01-29 22:00:00,92916.0,92916.0,92854.0,92885.0,900,10,0,900
2025-01-29 22:15:00,92884.0,92897.0,92855.0,92857.0,900,10,0,900
2025-01-29 22:30:00,92858.0,92879.0,92854.0,92855.0,900,10,0,900
2025-01-29 22:45:00,92854.0,92885.0,92854.0,92863.0,900,10,0,900
2025-01-29 23:00:00,92862.0,92876.0,92854.0,92869.0,900,10,0,900
2025-01-29 23:15:00,92870.0,92907.0,92862.0,92907.0,900,10,0,900
2025-01-29 23:30:00,92906.0,93049.0,92890.0,93023.0,900,10,0,900
2025-01-29 23:45:00,93024.0,93031.0,92979.0,93001.0,900,10,0,900
2025-01-30 00:00:00,93000.0,93003.0,92970.0,92981.0,900,10,0,900
2025-01-30 00:15:00,92980.0,93023.0,92970.0,93021.0,900,10,0,900
2025-01-30 00:30:00,93022.0,93027.0,93000.0,93011.0,900,10,0,900
2025-01-30 00:45:00,93012.0,93016.0,92970.0,92971.0,900,10,0,900
2025-01-30 01:00:00,92972.0,92993.0,92970.0,92985.0,900,10,0,900
2025-01-30 01:15:00,92984.0,93006.0,92978.0,92995.0,900,10,0,900
2025-01-30 01:30:00,92994.0,92995.0,92970.0,92979.0,900,10,0,900
2025-01-30 01:45:00,92978.0,92994.0,92970.0,92985.0,900,10,0,900
2025-01-30 02:00:00,92984.0,93023.0,92983.0,93005.0,900,10,0,900
2025-01-30 02:15:00,93004.0,93028.0,92988.0,92993.0,900,10,0,900
2025-01-30 02:30:00,92994.0,93049.0,92987.0,93029.0,900,10,0,900
2025-01-30 02:45:00,93028.0,93049.0,93012.0,93019.0,900,10,0,900
2025-01-30 03:00:00,93018.0,93030.0,92991.0,92999.0,900,10,0,900
2025-01-30 03:15:00,92998.0,93011.0,92971.0,92997.0,900,10,0,900
2025-01-30 03:30:00,92996.0,93001.0,92970.0,92991.0,900,10,0,900
2025-01-30 03:45:00,92990.0,93019.0,92559.0,92568.0,900,10,0,900
2025-01-30 04:00:00,92567.0,92581.0,92559.0,92560.0,900,10,0,900
2025-01-30 04:15:00,92559.0,92613.0,92559.0,92596.0,900,10,0,900
2025-01-30 04:30:00,92597.0,92600.0,92559.0,92560.0,900,10,0,900
2025-01-30 04:45:00,92559.0,92608.0,92559.0,92590.0,900,10,0,900
2025-01-30 05:00:00,92589.0,92599.0,92559.0,92580.0,900,10,0,900
2025-01-30 05:15:00,92581.0,92589.0,92559.0,92572.0,900,10,0,900
2025-01-30 05:30:00,92571.0,92576.0,92435.0,92435.0,900,10,0,900
2025-01-30 05:45:00,92436.0,92466.0,92435.0,92445.0,900,10,0,900
2025-01-30 06:00:00,92444.0,92466.0,92435.0,92453.0,900,10,0,900
2025-01-30 06:15:00,92452.0,92649.0,92452.0,92633.0,900,10,0,900
2025-01-30 06:30:00,92634.0,92636.0,92547.0,92547.0,900,10,0,900
2025-01-30 06:45:00,92546.0,92548.0,92501.0,92525.0,900,10,0,900
2025-01-30 07:00:00,92526.0,92553.0,92520.0,92535.0,900,10,0,900
2025-01-30 07:15:00,92534.0,92553.0,92501.0,92541.0,900,10,0,900
2025-01-30 07:30:00,92542.0,92590.0,92536.0,92583.0,900,10,0,900
2025-01-30 07:45:00,92584.0,92590.0,92551.0,92577.0,900,10,0,900
2025-01-30 08:00:00,92576.0,92581.0,92523.0,92539.0,900,10,0,900
2025-01-30 08:15:00,92538.0,92566.0,92531.0,92561.0,900,10,0,900
2025-01-30 08:30:00,92562.0,92589.0,92558.0,92565.0,900,10,0,900
2025-01-30 08:45:00,92566.0,92606.0,92564.0,92587.0,900,10,0,900
2025-01-30 09:00:00,92586.0,92604.0,92573.0,92581.0,900,10,0,900
2025-01-30 09:15:00,92582.0,92582.0,92549.0,92551.0,900,10,0,900
2025-01-30 09:30:00,92552.0,92580.0,92540.0,92577.0,900,10,0,900
2025-01-30 09:45:00,92576.0,92590.0,92508.0,92509.0,900,10,0,900
2025-01-30 10:00:00,92508.0,92538.0,92501.0,92519.0,900,10,0,900
2025-01-30 10:15:00,92518.0,92544.0,92501.0,92541.0,900,10,0,900
2025-01-30 10:30:00,92542.0,92550.0,92501.0,92501.0,900,10,0,900
2025-01-30 10:45:00,92502.0,92539.0,92502.0,92527.0,900,10,0,900
2025-01-30 11:00:00,92526.0,92533.0,92501.0,92533.0,900,10,0,900
2025-01-30 11:15:00,92534.0,92543.0,92501.0,92531.0,900,10,0,900
2025-01-30 11:30:00,92530.0,92550.0,92501.0,92531.0,900,10,0,900
2025-01-30 11:45:00,92532.0,92543.0,92503.0,92505.0,900,10,0,900
2025-01-30 12:00:00,92506.0,92532.0,92501.0,92517.0,900,10,0,900
2025-01-30 12:15:00,92516.0,92549.0,92510.0,92547.0,900,10,0,900
2025-01-30 12:30:00,92548.0,92580.0,92535.0,92567.0,900,10,0,900
2025-01-30 12:45:00,92566.0,92585.0,92558.0,92569.0,900,10,0,900
2025-01-30 13:00:00,92568.0,92581.0,92546.0,92581.0,900,10,0,900
2025-01-30 13:15:00,92582.0,92626.0,92570.0,92613.0,900,10,0,900
2025-01-30 13:30:00,92614.0,92623.0,92586.0,92599.0,900,10,0,900
2025-01-30 13:45:00,92598.0,92649.0,92597.0,92639.0,900,10,0,900
2025-01-30 14:00:00,92638.0,92644.0,92607.0,92629.0,900,10,0,900
2025-01-30 14:15:00,92628.0,92645.0,92597.0,92609.0,900,10,0,900
2025-01-30 14:30:00,92608.0,92609.0,92576.0,92585.0,900,10,0,900
2025-01-30 14:45:00,92586.0,92607.0,92553.0,92559.0,900,10,0,900
2025-01-30 15:00:00,92558.0,92618.0,92557.0,92617.0,900,10,0,900
2025-01-30 15:15:00,92616.0,92636.0,92601.0,92629.0,900,10,0,900
2025-01-30 15:30:00,92630.0,92638.0,92615.0,92625.0,900,10,0,900
2025-01-30 15:45:00,92626.0,92636.0,92602.0,92603.0,900,10,0,900
2025-01-30 16:00:00,92604.0,92633.0,92602.0,92613.0,900,10,0,900
2025-01-30 16:15:00,92612.0,92623.0,92592.0,92607.0,900,10,0,900
2025-01-30 16:30:00,92608.0,92621.0,92577.0,92579.0,900,10,0,900
2025-01-30 16:45:00,92580.0,92616.0,92569.0,92581.0,900,10,0,900
2025-01-30 17:00:00,92582.0,92626.0,92571.0,92601.0,900,10,0,900
2025-01-30 17:15:00,92600.0,92615.0,92571.0,92583.0,900,10,0,900
2025-01-30 17:30:00,92584.0,92632.0,92579.0,92607.0,900,10,0,900
2025-01-30 17:45:00,92608.0,92623.0,92582.0,92595.0,900,10,0,900
2025-01-30 18:00:00,92596.0,92617.0,92578.0,92579.0,900,10,0,900
2025-01-30 18:15:00,92580.0,92623.0,92576.0,92621.0,900,10,0,900
2025-01-30 18:30:00,92620.0,92626.0,92539.0,92543.0,900,10,0,900
2025-01-30 18:45:00,92542.0,92556.0,92512.0,92537.0,900,10,0,900
2025-01-30 19:00:00,92538.0,92561.0,92526.0,92551.0,900,10,0,900
2025-01-30 19:15:00,92552.0,92576.0,92518.0,92521.0,900,10,0,900
2025-01-30 19:30:00,92520.0,92535.0,92511.0,92527.0,900,10,0,900
2025-01-30 19:45:00,92528.0,92548.0,92523.0,92529.0,900,10,0,900
2025-01-30 20:00:00,92530.0,92554.0,92512.0,92543.0,900,10,0,900
2025-01-30 20:15:00,92544.0,92545.0,92501.0,92511.0,900,10,0,900
2025-01-30 20:30:00,92512.0,92567.0,92508.0,92557.0,900,10,0,900
2025-01-30 20:45:00,92558.0,92558.0,92511.0,92527.0,900,10,0,900
2025-01-30 21:00:00,92528.0,92559.0,92519.0,92521.0,900,10,0,900
2025-01-30 21:15:00,92520.0,92572.0,92515.0,92557.0,900,10,0,900
2025-01-30 21:30:00,92556.0,92561.0,92522.0,92541.0,900,10,0,900
2025-01-30 21:45:00,92542.0,92549.0,92507.0,92529.0,900,10,0,900
2025-01-30 22:00:00,92530.0,92542.0,92501.0,92521.0,900,10,0,900
2025-01-30 22:15:00,92522.0,92554.0,92513.0,92533.0,900,10,0,900
2025-01-30 22:30:00,92532.0,92563.0,92501.0,92507.0,900,10,0,900
2025-01-30 22:45:00,92508.0,92549.0,92506.0,92539.0,900,10,0,900
2025-01-30 23:00:00,92538.0,92554.0,92524.0,92529.0,900,10,0,900
