datetime,open,high,low,close,tick_volume,spread,real_volume,volume
2024-12-31 23:00:00,6411.002,6416.856,6411.002,6412.177,449,177,0,449
2024-12-31 23:15:00,6412.114,6412.458,6405.269,6408.294,450,177,0,450
2024-12-31 23:30:00,6408.118,6410.286,6406.235,6407.162,449,177,0,449
2024-12-31 23:45:00,6407.106,6407.525,6404.216,6405.835,450,177,0,450
2025-01-01 00:00:00,6406.158,6407.399,6402.622,6403.109,449,177,0,449
2025-01-01 00:15:00,6403.493,6408.226,6403.16,6408.196,448,177,0,448
2025-01-01 00:30:00,6408.241,6410.582,6407.021,6408.666,448,177,0,448
2025-01-01 00:45:00,6408.774,6408.78,6404.551,6404.7,450,177,0,450
2025-01-01 01:00:00,6404.678,6409.498,6403.684,6405.558,447,177,0,447
2025-01-01 01:15:00,6405.786,6407.144,6402.558,6406.481,450,177,0,450
2025-01-01 01:30:00,6406.284,6407.454,6404.019,6404.626,448,177,0,448
2025-01-01 01:45:00,6404.644,6407.477,6403.387,6403.955,449,177,0,449
2025-01-01 02:00:00,6403.865,6405.046,6401.66,6402.522,450,177,0,450
2025-01-01 02:15:00,6402.32,6408.041,6402.226,6402.242,449,177,0,449
2025-01-01 02:30:00,6402.318,6407.449,6402.306,6404.463,450,177,0,450
2025-01-01 02:45:00,6404.692,6409.667,6404.692,6409.532,450,177,0,450
2025-01-01 03:00:00,6409.592,6413.635,6408.692,6412.791,449,177,0,449
2025-01-01 03:15:00,6412.776,6412.776,6404.22,6404.22,449,177,0,449
2025-01-01 03:30:00,6404.147,6405.104,6399.656,6399.959,450,177,0,450
2025-01-01 03:45:00,6399.773,6401.761,6398.827,6398.827,449,177,0,449
2025-01-01 04:00:00,6399.299,6400.715,6395.513,6396.379,447,177,0,447
2025-01-01 04:15:00,6396.433,6402.75,6395.149,6401.8,450,177,0,450
2025-01-01 04:30:00,6401.608,6402.753,6397.29,6397.548,450,177,0,450
2025-01-01 04:45:00,6397.688,6400.902,6396.206,6400.767,450,177,0,450
2025-01-01 05:00:00,6401.047,6401.712,6397.411,6400.411,448,177,0,448
2025-01-01 05:15:00,6400.332,6400.711,6395.546,6395.931,449,177,0,449
2025-01-01 05:30:00,6396.098,6397.438,6392.47,6396.532,447,177,0,447
2025-01-01 05:45:00,6396.524,6400.559,6396.126,6399.757,448,177,0,448
2025-01-01 06:00:00,6399.686,6401.851,6397.357,6399.129,450,177,0,450
2025-01-01 06:15:00,6399.077,6400.205,6394.39,6399.505,447,177,0,447
2025-01-01 06:30:00,6399.499,6402.022,6397.847,6400.728,447,177,0,447
2025-01-01 06:45:00,6400.889,6402.745,6398.446,6400.51,449,177,0,449
2025-01-01 07:00:00,6400.497,6404.254,6397.883,6403.972,449,177,0,449
2025-01-01 07:15:00,6404.302,6406.338,6402.576,6405.405,449,177,0,449
2025-01-01 07:30:00,6405.562,6409.054,6403.807,6408.804,449,177,0,449
2025-01-01 07:45:00,6408.748,6408.748,6400.595,6401.723,449,177,0,449
2025-01-01 08:00:00,6401.747,6402.199,6394.281,6396.547,450,177,0,450
2025-01-01 08:15:00,6396.592,6397.809,6394.715,6397.361,448,177,0,448
2025-01-01 08:30:00,6397.171,6402.156,6393.992,6401.464,450,177,0,450
2025-01-01 08:45:00,6401.489,6402.939,6398.395,6399.227,449,177,0,449
2025-01-01 09:00:00,6399.208,6401.31,6398.007,6400.092,446,177,0,446
2025-01-01 09:15:00,6400.058,6401.576,6396.877,6400.588,449,177,0,449
2025-01-01 09:30:00,6400.562,6407.65,6400.025,6407.224,450,177,0,450
2025-01-01 09:45:00,6407.066,6407.463,6403.458,6405.051,449,177,0,449
2025-01-01 10:00:00,6404.964,6406.641,6402.625,6404.665,450,177,0,450
2025-01-01 10:15:00,6404.766,6407.437,6404.087,6404.109,448,177,0,448
2025-01-01 10:30:00,6404.001,6404.702,6401.085,6401.38,450,177,0,450
2025-01-01 10:45:00,6401.501,6402.037,6397.855,6400.644,449,177,0,449
2025-01-01 11:00:00,6400.471,6406.615,6400.345,6404.119,450,177,0,450
2025-01-01 11:15:00,6403.906,6404.551,6401.655,6402.643,448,177,0,448
2025-01-01 11:30:00,6402.745,6403.72,6399.303,6402.002,450,177,0,450
2025-01-01 11:45:00,6402.223,6403.557,6395.601,6397.285,446,177,0,446
2025-01-01 12:00:00,6397.207,6402.07,6396.894,6400.885,448,177,0,448
2025-01-01 12:15:00,6400.769,6402.502,6396.528,6396.528,450,177,0,450
2025-01-01 12:30:00,6396.766,6402.407,6396.373,6402.032,449,177,0,449
2025-01-01 12:45:00,6402.251,6402.951,6398.023,6401.733,447,177,0,447
2025-01-01 13:00:00,6401.863,6404.925,6399.587,6404.89,448,177,0,448
2025-01-01 13:15:00,6404.756,6409.167,6404.756,6406.172,449,177,0,449
2025-01-01 13:30:00,6406.34,6410.929,6405.808,6410.201,450,177,0,450
2025-01-01 13:45:00,6410.335,6416.43,6408.609,6415.314,450,177,0,450
2025-01-01 14:00:00,6415.142,6419.959,6414.09,6414.09,449,177,0,449
2025-01-01 14:15:00,6414.012,6414.179,6409.095,6411.766,448,177,0,448
2025-01-01 14:30:00,6411.688,6413.217,6409.164,6412.993,449,177,0,449
2025-01-01 14:45:00,6413.057,6413.785,6409.597,6412.047,449,177,0,449
2025-01-01 15:00:00,6411.968,6412.851,6405.505,6406.36,450,177,0,450
2025-01-01 15:15:00,6406.475,6409.179,6404.525,6407.74,449,177,0,449
2025-01-01 15:30:00,6407.593,6409.202,6404.534,6408.355,450,177,0,450
2025-01-01 15:45:00,6408.446,6408.892,6404.639,6407.446,449,177,0,449
2025-01-01 16:00:00,6407.661,6408.017,6399.995,6401.691,449,177,0,449
2025-01-01 16:15:00,6401.6,6402.083,6397.081,6399.417,449,177,0,449
2025-01-01 16:30:00,6399.561,6403.805,6397.951,6403.805,450,177,0,450
2025-01-01 16:45:00,6403.816,6405.833,6403.038,6403.814,449,177,0,449
2025-01-01 17:00:00,6403.966,6405.205,6399.471,6404.224,450,177,0,450
2025-01-01 17:15:00,6404.251,6408.255,6402.826,6407.824,448,177,0,448
2025-01-01 17:30:00,6407.945,6409.8,6404.055,6405.611,449,177,0,449
2025-01-01 17:45:00,6405.646,6408.029,6403.179,6405.127,449,177,0,449
2025-01-01 18:00:00,6404.898,6409.514,6403.519,6407.887,450,177,0,450
2025-01-01 18:15:00,6407.925,6412.34,6406.204,6409.09,450,177,0,450
2025-01-01 18:30:00,6409.05,6413.567,6408.73,6413.148,449,177,0,449
2025-01-01 18:45:00,6413.126,6417.027,6412.785,6415.523,447,177,0,447
2025-01-01 19:00:00,6415.564,6418.84,6414.69,6418.323,450,177,0,450
2025-01-01 19:15:00,6418.334,6418.75,6414.527,6415.54,450,177,0,450
2025-01-01 19:30:00,6415.248,6415.565,6410.164,6413.087,448,177,0,448
2025-01-01 19:45:00,6413.32,6417.827,6412.573,6416.137,448,177,0,448
2025-01-01 20:00:00,6415.927,6416.452,6411.43,6414.99,448,177,0,448
2025-01-01 20:15:00,6415.156,6418.813,6414.937,6415.225,449,177,0,449
2025-01-01 20:30:00,6415.046,6423.182,6413.88,6422.781,449,177,0,449
2025-01-01 20:45:00,6422.746,6425.296,6418.356,6419.765,448,177,0,448
2025-01-01 21:00:00,6419.792,6420.149,6416.106,6418.3,449,177,0,449
2025-01-01 21:15:00,6418.364,6424.609,6416.538,6423.736,447,177,0,447
2025-01-01 21:30:00,6423.74,6432.192,6423.74,6429.528,448,177,0,448
2025-01-01 21:45:00,6429.645,6435.241,6429.645,6431.444,450,177,0,450
2025-01-01 22:00:00,6431.378,6435.959,6430.002,6435.733,448,177,0,448
2025-01-01 22:15:00,6435.765,6436.698,6433.15,6434.259,449,177,0,449
2025-01-01 22:30:00,6434.429,6436.026,6431.062,6433.855,450,177,0,450
2025-01-01 22:45:00,6433.683,6436.629,6432.976,6436.072,448,177,0,448
2025-01-01 23:00:00,6436.144,6440.126,6435.153,6436.356,449,177,0,449
2025-01-01 23:15:00,6436.372,6440.359,6435.36,6438.21,448,177,0,448
2025-01-01 23:30:00,6438.063,6443.942,6437.14,6443.444,449,177,0,449
2025-01-01 23:45:00,6443.617,6444.741,6441.241,6441.684,449,177,0,449
2025-01-02 00:00:00,6441.58,6443.218,6439.388,6443.169,450,177,0,450
2025-01-02 00:15:00,6443.132,6444.348,6439.546,6443.637,449,177,0,449
2025-01-02 00:30:00,6443.474,6443.697,6437.708,6438.272,450,177,0,450
2025-01-02 00:45:00,6438.219,6441.939,6437.09,6440.739,449,177,0,449
2025-01-02 01:00:00,6440.453,6441.21,6435.776,6438.688,448,177,0,448
2025-01-02 01:15:00,6438.929,6440.843,6433.393,6434.22,449,177,0,449
2025-01-02 01:30:00,6434.268,6436.19,6431.512,6431.592,448,177,0,448
2025-01-02 01:45:00,6431.567,6432.396,6427.005,6430.851,447,177,0,447
2025-01-02 02:00:00,6430.881,6436.357,6430.881,6432.085,449,177,0,449
2025-01-02 02:15:00,6431.935,6433.92,6426.427,6426.717,449,177,0,449
2025-01-02 02:30:00,6427.001,6428.839,6422.756,6425.595,448,177,0,448
2025-01-02 02:45:00,6425.616,6426.777,6420.793,6422.817,450,177,0,450
2025-01-02 03:00:00,6422.88,6426.615,6420.979,6426.615,448,177,0,448
2025-01-02 03:15:00,6426.879,6431.85,6423.93,6430.494,449,177,0,449
2025-01-02 03:30:00,6430.629,6436.145,6428.086,6434.906,450,177,0,450
2025-01-02 03:45:00,6434.89,6437.72,6433.097,6434.493,450,177,0,450
2025-01-02 04:00:00,6434.716,6435.263,6430.878,6434.018,447,177,0,447
2025-01-02 04:15:00,6434.411,6434.766,6430.07,6430.907,450,177,0,450
2025-01-02 04:30:00,6431.116,6438.578,6430.364,6438.305,450,177,0,450
2025-01-02 04:45:00,6438.311,6441.141,6435.622,6435.821,449,177,0,449
2025-01-02 05:00:00,6435.63,6439.142,6432.981,6433.097,450,177,0,450
2025-01-02 05:15:00,6432.718,6439.058,6431.666,6438.607,449,177,0,449
2025-01-02 05:30:00,6438.66,6438.724,6432.556,6434.184,449,177,0,449
2025-01-02 05:45:00,6434.339,6440.38,6433.386,6440.38,449,177,0,449
2025-01-02 06:00:00,6440.252,6442.798,6437.869,6442.798,447,177,0,447
2025-01-02 06:15:00,6442.457,6442.558,6439.603,6440.263,449,177,0,449
2025-01-02 06:30:00,6440.203,6442.731,6438.582,6441.475,450,177,0,450
2025-01-02 06:45:00,6441.385,6442.188,6435.542,6437.091,447,177,0,447
2025-01-02 07:00:00,6437.112,6439.914,6435.928,6437.438,449,177,0,449
2025-01-02 07:15:00,6437.383,6439.767,6435.221,6439.136,449,177,0,449
2025-01-02 07:30:00,6439.339,6439.761,6434.977,6438.104,449,177,0,449
2025-01-02 07:45:00,6438.073,6440.81,6436.602,6436.829,449,177,0,449
2025-01-02 08:00:00,6436.765,6443.727,6435.395,6442.73,449,177,0,449
2025-01-02 08:15:00,6442.748,6445.397,6440.538,6444.989,446,177,0,446
2025-01-02 08:30:00,6445.117,6445.326,6439.729,6440.573,449,177,0,449
2025-01-02 08:45:00,6440.562,6441.035,6437.204,6439.657,450,177,0,450
2025-01-02 09:00:00,6439.562,6443.77,6436.14,6443.263,448,177,0,448
2025-01-02 09:15:00,6443.009,6444.042,6436.871,6438.943,450,177,0,450
2025-01-02 09:30:00,6438.966,6442.63,6436.347,6441.396,450,177,0,450
2025-01-02 09:45:00,6441.242,6444.032,6440.716,6441.517,450,177,0,450
2025-01-02 10:00:00,6441.223,6450.865,6440.077,6450.627,450,177,0,450
2025-01-02 10:15:00,6450.409,6451.252,6446.647,6447.87,450,177,0,450
2025-01-02 10:30:00,6447.386,6450.346,6446.541,6450.346,450,177,0,450
2025-01-02 10:45:00,6450.272,6451.553,6446.971,6447.363,449,177,0,449
2025-01-02 11:00:00,6447.356,6447.791,6436.735,6437.188,447,177,0,447
2025-01-02 11:15:00,6437.303,6438.779,6434.594,6436.699,448,177,0,448
2025-01-02 11:30:00,6436.784,6439.285,6432.507,6439.285,448,177,0,448
2025-01-02 11:45:00,6439.244,6439.757,6435.285,6436.754,449,177,0,449
2025-01-02 12:00:00,6436.522,6437.693,6432.578,6432.866,449,177,0,449
2025-01-02 12:15:00,6432.808,6435.007,6430.105,6432.028,446,177,0,446
2025-01-02 12:30:00,6432.069,6433.769,6430.248,6431.16,449,177,0,449
2025-01-02 12:45:00,6431.11,6433.032,6429.87,6430.519,449,177,0,449
2025-01-02 13:00:00,6430.718,6431.841,6426.034,6427.355,450,177,0,450
2025-01-02 13:15:00,6427.209,6433.235,6425.85,6431.97,449,177,0,449
2025-01-02 13:30:00,6431.993,6434.717,6430.711,6433.956,450,177,0,450
2025-01-02 13:45:00,6433.839,6436.486,6428.446,6428.978,450,177,0,450
2025-01-02 14:00:00,6429.073,6430.46,6424.281,6426.318,447,177,0,447
2025-01-02 14:15:00,6426.386,6427.05,6418.18,6418.731,449,177,0,449
2025-01-02 14:30:00,6418.791,6418.791,6408.15,6408.15,449,177,0,449
2025-01-02 14:45:00,6407.994,6410.658,6407.573,6410.016,448,177,0,448
2025-01-02 15:00:00,6409.847,6414.97,6409.453,6413.598,448,177,0,448
2025-01-02 15:15:00,6413.16,6423.407,6413.074,6421.793,450,177,0,450
2025-01-02 15:30:00,6421.695,6421.861,6416.041,6418.081,450,177,0,450
2025-01-02 15:45:00,6418.148,6422.984,6417.735,6419.855,449,177,0,449
2025-01-02 16:00:00,6420.148,6421.318,6417.344,6418.959,449,177,0,449
2025-01-02 16:15:00,6418.85,6421.707,6413.305,6413.305,449,177,0,449
2025-01-02 16:30:00,6413.246,6415.553,6411.442,6412.636,448,177,0,448
2025-01-02 16:45:00,6412.489,6423.882,6410.588,6422.687,449,177,0,449
2025-01-02 17:00:00,6422.67,6424.94,6419.484,6419.855,450,177,0,450
2025-01-02 17:15:00,6419.626,6421.754,6417.328,6417.534,446,177,0,446
2025-01-02 17:30:00,6417.354,6417.833,6414.449,6414.867,447,177,0,447
2025-01-02 17:45:00,6414.718,6418.604,6411.209,6417.152,449,177,0,449
2025-01-02 18:00:00,6417.374,6419.379,6416.244,6419.379,450,177,0,450
2025-01-02 18:15:00,6419.316,6421.828,6417.374,6418.214,448,177,0,448
2025-01-02 18:30:00,6418.047,6418.782,6414.339,6416.692,447,177,0,447
2025-01-02 18:45:00,6416.838,6418.144,6413.016,6417.099,450,177,0,450
2025-01-02 19:00:00,6417.17,6419.114,6415.184,6416.994,446,177,0,446
2025-01-02 19:15:00,6416.955,6419.889,6413.851,6413.997,449,177,0,449
2025-01-02 19:30:00,6413.947,6420.932,6413.163,6419.797,450,177,0,450
2025-01-02 19:45:00,6419.836,6419.836,6411.499,6416.801,448,177,0,448
2025-01-02 20:00:00,6416.844,6418.05,6414.757,6416.751,448,177,0,448
2025-01-02 20:15:00,6417.021,6418.409,6412.074,6412.658,449,177,0,449
2025-01-02 20:30:00,6412.605,6414.391,6407.314,6408.625,447,177,0,447
2025-01-02 20:45:00,6408.355,6410.633,6404.394,6407.521,446,177,0,446
2025-01-02 21:00:00,6407.692,6411.981,6406.558,6409.943,447,177,0,447
2025-01-02 21:15:00,6410.085,6412.758,6408.416,6410.56,449,177,0,449
2025-01-02 21:30:00,6410.473,6413.899,6408.676,6412.625,450,177,0,450
2025-01-02 21:45:00,6412.862,6419.099,6412.408,6418.95,449,177,0,449
2025-01-02 22:00:00,6418.977,6423.275,6417.556,6421.073,450,177,0,450
2025-01-02 22:15:00,6420.948,6425.575,6420.922,6422.905,450,177,0,450
2025-01-02 22:30:00,6422.93,6423.624,6420.566,6423.191,450,177,0,450
2025-01-02 22:45:00,6423.41,6425.608,6420.299,6422.178,449,177,0,449
2025-01-02 23:00:00,6422.271,6424.792,6421.508,6424.513,450,177,0,450
2025-01-02 23:15:00,6424.45,6430.902,6424.3,6430.389,449,177,0,449
2025-01-02 23:30:00,6430.383,6434.008,6430.088,6431.855,450,177,0,450
2025-01-02 23:45:00,6432.124,6436.187,6431.226,6432.774,450,177,0,450
2025-01-03 00:00:00,6432.776,6433.858,6428.449,6431.587,449,177,0,449
2025-01-03 00:15:00,6431.395,6432.899,6428.964,6430.594,449,177,0,449
2025-01-03 00:30:00,6430.538,6430.926,6426.192,6426.192,450,177,0,450
2025-01-03 00:45:00,6426.279,6431.627,6426.012,6427.546,448,177,0,448
2025-01-03 01:00:00,6427.536,6430.48,6424.384,6425.694,449,177,0,449
2025-01-03 01:15:00,6425.659,6427.188,6423.617,6426.257,448,177,0,448
2025-01-03 01:30:00,6426.186,6428.5,6423.841,6426.814,449,177,0,449
2025-01-03 01:45:00,6426.896,6426.896,6420.504,6421.722,448,177,0,448
2025-01-03 02:00:00,6421.775,6423.549,6416.777,6418.54,449,177,0,449
2025-01-03 02:15:00,6418.575,6420.011,6415.544,6417.036,450,177,0,450
2025-01-03 02:30:00,6417.284,6418.706,6413.964,6417.279,449,177,0,449
2025-01-03 02:45:00,6417.252,6417.325,6409.238,6411.313,448,177,0,448
2025-01-03 03:00:00,6411.092,6414.825,6406.377,6406.539,450,177,0,450
2025-01-03 03:15:00,6406.656,6414.544,6405.931,6412.65,450,177,0,450
2025-01-03 03:30:00,6412.578,6415.958,6412.523,6412.901,449,177,0,449
2025-01-03 03:45:00,6413.034,6414.854,6410.189,6411.13,449,177,0,449
2025-01-03 04:00:00,6411.263,6415.584,6407.96,6408.15,450,177,0,450
2025-01-03 04:15:00,6408.072,6409.103,6402.32,6403.801,445,177,0,445
2025-01-03 04:30:00,6403.706,6404.369,6399.872,6401.576,450,177,0,450
2025-01-03 04:45:00,6401.606,6404.364,6398.836,6399.252,450,177,0,450
2025-01-03 05:00:00,6399.2,6399.734,6394.369,6396.196,450,177,0,450
2025-01-03 05:15:00,6396.309,6397.75,6393.946,6395.305,450,177,0,450
2025-01-03 05:30:00,6395.37,6395.572,6392.351,6393.39,450,177,0,450
2025-01-03 05:45:00,6393.462,6393.462,6390.333,6390.435,450,177,0,450
2025-01-03 06:00:00,6390.449,6391.247,6388.208,6388.612,449,177,0,449
2025-01-03 06:15:00,6388.419,6390.817,6387.175,6389.994,449,177,0,449
2025-01-03 06:30:00,6390.148,6390.989,6385.374,6390.452,449,177,0,449
2025-01-03 06:45:00,6390.465,6392.346,6386.954,6388.124,450,177,0,450
2025-01-03 07:00:00,6387.917,6389.857,6385.489,6385.835,448,177,0,448
2025-01-03 07:15:00,6385.722,6391.071,6385.07,6389.989,450,177,0,450
2025-01-03 07:30:00,6389.969,6392.606,6389.226,6390.19,448,177,0,448
2025-01-03 07:45:00,6389.911,6391.455,6386.622,6387.013,449,177,0,449
2025-01-03 08:00:00,6387.108,6391.874,6386.578,6387.839,448,177,0,448
2025-01-03 08:15:00,6387.788,6391.22,6384.988,6385.614,448,177,0,448
2025-01-03 08:30:00,6385.555,6387.339,6383.495,6385.17,449,177,0,449
2025-01-03 08:45:00,6384.837,6385.499,6381.406,6382.396,450,177,0,450
2025-01-03 09:00:00,6382.488,6385.991,6381.473,6383.555,449,177,0,449
2025-01-03 09:15:00,6383.608,6384.378,6381.351,6383.639,448,177,0,448
2025-01-03 09:30:00,6383.608,6387.078,6382.779,6383.848,449,177,0,449
2025-01-03 09:45:00,6383.855,6385.037,6380.665,6384.279,447,177,0,447
2025-01-03 10:00:00,6384.391,6389.137,6383.423,6387.489,448,177,0,448
2025-01-03 10:15:00,6387.645,6391.569,6387.24,6389.171,449,177,0,449
2025-01-03 10:30:00,6389.006,6389.006,6383.489,6386.121,448,177,0,448
2025-01-03 10:45:00,6385.974,6393.395,6385.691,6392.61,450,177,0,450
2025-01-03 11:00:00,6392.686,6394.424,6390.714,6392.91,448,177,0,448
2025-01-03 11:15:00,6393.22,6397.421,6390.255,6391.281,449,177,0,449
2025-01-03 11:30:00,6391.31,6397.798,6389.96,6395.985,449,177,0,449
2025-01-03 11:45:00,6395.784,6401.659,6395.613,6400.302,449,177,0,449
2025-01-03 12:00:00,6400.44,6403.406,6398.581,6400.234,447,177,0,447
2025-01-03 12:15:00,6400.199,6402.552,6397.732,6397.878,449,177,0,449
2025-01-03 12:30:00,6397.575,6398.191,6394.861,6396.871,448,177,0,448
2025-01-03 12:45:00,6396.739,6397.001,6393.155,6395.04,448,177,0,448
2025-01-03 13:00:00,6395.058,6399.099,6394.553,6398.113,450,177,0,450
2025-01-03 13:15:00,6398.173,6403.21,6396.696,6402.151,450,177,0,450
2025-01-03 13:30:00,6402.332,6404.944,6399.518,6400.51,450,177,0,450
2025-01-03 13:45:00,6400.407,6403.683,6398.938,6399.244,450,177,0,450
2025-01-03 14:00:00,6399.497,6399.525,6394.578,6396.906,450,177,0,450
2025-01-03 14:15:00,6396.991,6398.383,6395.195,6396.268,450,177,0,450
2025-01-03 14:30:00,6396.285,6398.464,6394.196,6395.699,449,177,0,449
2025-01-03 14:45:00,6395.447,6399.894,6394.906,6396.957,449,177,0,449
2025-01-03 15:00:00,6397.164,6401.775,6396.184,6400.978,449,177,0,449
2025-01-03 15:15:00,6400.776,6404.605,6397.283,6398.243,448,177,0,448
2025-01-03 15:30:00,6398.317,6400.665,6396.833,6400.206,447,177,0,447
2025-01-03 15:45:00,6399.99,6405.682,6399.019,6404.417,450,177,0,450
2025-01-03 16:00:00,6404.293,6405.255,6399.74,6402.953,449,177,0,449
2025-01-03 16:15:00,6402.947,6406.542,6400.276,6405.506,450,177,0,450
2025-01-03 16:30:00,6405.443,6409.284,6402.552,6407.698,448,177,0,448
2025-01-03 16:45:00,6407.624,6408.489,6400.88,6403.832,449,177,0,449
2025-01-03 17:00:00,6403.685,6410.572,6403.407,6410.572,450,177,0,450
2025-01-03 17:15:00,6410.633,6412.696,6407.715,6409.874,449,177,0,449
2025-01-03 17:30:00,6409.905,6411.448,6405.178,6409.052,447,177,0,447
2025-01-03 17:45:00,6409.193,6415.184,6409.162,6413.016,448,177,0,448
2025-01-03 18:00:00,6412.935,6419.481,6412.443,6418.449,449,177,0,449
2025-01-03 18:15:00,6418.39,6422.689,6417.919,6422.689,450,177,0,450
2025-01-03 18:30:00,6422.559,6426.241,6422.559,6425.441,448,177,0,448
2025-01-03 18:45:00,6425.223,6426.797,6418.998,6419.405,448,177,0,448
2025-01-03 19:00:00,6419.343,6422.628,6418.674,6420.56,450,177,0,450
2025-01-03 19:15:00,6420.554,6422.055,6415.209,6416.01,450,177,0,450
2025-01-03 19:30:00,6416.255,6418.593,6414.321,6416.242,448,177,0,448
2025-01-03 19:45:00,6416.139,6417.427,6412.046,6413.336,450,177,0,450
2025-01-03 20:00:00,6413.149,6413.149,6406.781,6407.682,449,177,0,449
2025-01-03 20:15:00,6407.848,6408.075,6398.175,6398.398,449,177,0,449
2025-01-03 20:30:00,6398.484,6399.221,6392.171,6394.14,449,177,0,449
2025-01-03 20:45:00,6394.145,6399.071,6394.139,6398.516,448,177,0,448
2025-01-03 21:00:00,6398.593,6400.011,6396.928,6398.688,450,177,0,450
2025-01-03 21:15:00,6398.516,6400.166,6396.207,6398.003,449,177,0,449
2025-01-03 21:30:00,6397.731,6400.47,6397.041,6400.159,449,177,0,449
2025-01-03 21:45:00,6400.125,6404.966,6400.125,6400.315,447,177,0,447
2025-01-03 22:00:00,6400.41,6400.595,6395.159,6397.233,450,177,0,450
2025-01-03 22:15:00,6397.127,6398.236,6389.444,6389.753,449,177,0,449
2025-01-03 22:30:00,6389.613,6393.207,6389.323,6390.477,449,177,0,449
2025-01-03 22:45:00,6390.638,6395.843,6390.06,6395.338,448,177,0,448
2025-01-03 23:00:00,6395.282,6397.601,6393.003,6397.182,449,177,0,449
2025-01-03 23:15:00,6397.295,6401.351,6397.295,6401.351,448,177,0,448
2025-01-03 23:30:00,6401.618,6402.417,6397.891,6399.161,448,177,0,448
2025-01-03 23:45:00,6399.208,6401.662,6395.468,6396.934,449,177,0,449
2025-01-04 00:00:00,6396.929,6399.741,6394.474,6399.561,448,177,0,448
2025-01-04 00:15:00,6399.179,6400.283,6397.774,6398.957,448,177,0,448
2025-01-04 00:30:00,6399.069,6403.953,6397.665,6403.258,448,177,0,448
2025-01-04 00:45:00,6403.49,6408.149,6403.477,6405.385,450,177,0,450
2025-01-04 01:00:00,6405.226,6405.489,6396.628,6396.717,449,177,0,449
2025-01-04 01:15:00,6396.909,6398.546,6395.483,6397.625,449,177,0,449
2025-01-04 01:30:00,6397.66,6403.758,6397.467,6402.855,449,177,0,449
2025-01-04 01:45:00,6402.936,6404.195,6400.573,6401.231,449,177,0,449
2025-01-04 02:00:00,6401.14,6404.461,6400.108,6401.254,448,177,0,448
2025-01-04 02:15:00,6401.045,6406.739,6400.787,6405.038,450,177,0,450
2025-01-04 02:30:00,6404.663,6411.314,6404.578,6411.032,448,177,0,448
2025-01-04 02:45:00,6411.19,6416.065,6411.19,6413.82,449,177,0,449
2025-01-04 03:00:00,6413.8,6414.752,6412.009,6413.79,449,177,0,449
2025-01-04 03:15:00,6413.727,6414.475,6408.495,6410.049,447,177,0,447
2025-01-04 03:30:00,6410.191,6411.698,6405.702,6410.228,448,177,0,448
2025-01-04 03:45:00,6410.382,6416.097,6409.868,6415.424,447,177,0,447
2025-01-04 04:00:00,6415.503,6416.041,6412.758,6412.758,449,177,0,449
2025-01-04 04:15:00,6412.933,6418.808,6412.383,6417.789,449,177,0,449
2025-01-04 04:30:00,6417.863,6418.447,6413.695,6415.313,449,177,0,449
2025-01-04 04:45:00,6415.262,6423.983,6414.956,6422.469,448,177,0,448
2025-01-04 05:00:00,6422.617,6425.309,6421.312,6424.51,448,177,0,448
2025-01-04 05:15:00,6424.44,6426.59,6422.296,6422.349,448,177,0,448
2025-01-04 05:30:00,6422.104,6424.795,6420.916,6421.651,449,177,0,449
2025-01-04 05:45:00,6421.964,6425.186,6421.213,6423.39,450,177,0,450
2025-01-04 06:00:00,6423.128,6424.247,6421.076,6421.76,449,177,0,449
2025-01-04 06:15:00,6421.493,6425.364,6420.793,6423.806,448,177,0,448
2025-01-04 06:30:00,6423.998,6429.479,6423.48,6428.846,448,177,0,448
2025-01-04 06:45:00,6429.092,6429.219,6424.272,6424.483,448,177,0,448
2025-01-04 07:00:00,6424.705,6428.617,6423.717,6426.775,449,177,0,449
2025-01-04 07:15:00,6427.098,6428.281,6424.941,6426.965,450,177,0,450
2025-01-04 07:30:00,6426.679,6430.004,6423.719,6430.004,450,177,0,450
2025-01-04 07:45:00,6430.024,6430.958,6425.703,6427.107,449,177,0,449
2025-01-04 08:00:00,6427.003,6430.326,6425.456,6428.158,449,177,0,449
2025-01-04 08:15:00,6428.13,6433.208,6427.998,6431.664,448,177,0,448
2025-01-04 08:30:00,6431.518,6431.97,6428.052,6431.97,449,177,0,449
2025-01-04 08:45:00,6432.095,6434.726,6430.047,6430.272,449,177,0,449
2025-01-04 09:00:00,6430.361,6431.362,6428.144,6430.594,450,177,0,450
2025-01-04 09:15:00,6430.337,6433.151,6425.439,6425.439,449,177,0,449
2025-01-04 09:30:00,6425.408,6432.173,6424.654,6430.69,446,177,0,446
2025-01-04 09:45:00,6430.751,6431.778,6427.826,6430.644,449,177,0,449
2025-01-04 10:00:00,6430.362,6431.022,6423.245,6424.384,450,177,0,450
2025-01-04 10:15:00,6424.345,6426.499,6418.959,6419.009,449,177,0,449
2025-01-04 10:30:00,6418.747,6424.27,6418.346,6418.797,450,177,0,450
2025-01-04 10:45:00,6418.916,6422.615,6418.693,6421.332,448,177,0,448
2025-01-04 11:00:00,6421.485,6421.958,6415.987,6417.364,448,177,0,448
2025-01-04 11:15:00,6417.281,6418.801,6415.556,6415.806,449,177,0,449
2025-01-04 11:30:00,6415.981,6418.782,6410.865,6411.988,448,177,0,448
2025-01-04 11:45:00,6411.83,6413.247,6409.744,6411.111,450,177,0,450
2025-01-04 12:00:00,6411.15,6415.692,6411.027,6413.807,449,177,0,449
2025-01-04 12:15:00,6413.947,6414.673,6409.953,6414.272,450,177,0,450
2025-01-04 12:30:00,6414.238,6417.628,6412.092,6417.136,450,177,0,450
2025-01-04 12:45:00,6417.388,6418.889,6415.436,6415.472,450,177,0,450
2025-01-04 13:00:00,6415.467,6415.662,6410.192,6410.217,450,177,0,450
2025-01-04 13:15:00,6409.935,6410.909,6407.01,6409.102,449,177,0,449
2025-01-04 13:30:00,6409.116,6410.326,6405.881,6405.988,449,177,0,449
2025-01-04 13:45:00,6405.6,6410.402,6403.712,6409.99,449,177,0,449
2025-01-04 14:00:00,6409.859,6412.866,6409.172,6411.963,449,177,0,449
2025-01-04 14:15:00,6412.169,6416.044,6411.305,6412.275,447,177,0,447
2025-01-04 14:30:00,6412.573,6415.123,6410.855,6414.425,450,177,0,450
2025-01-04 14:45:00,6414.496,6414.988,6410.911,6411.998,449,177,0,449
2025-01-04 15:00:00,6412.203,6413.566,6408.585,6411.753,449,177,0,449
2025-01-04 15:15:00,6411.784,6411.939,6405.597,6405.597,450,177,0,450
2025-01-04 15:30:00,6405.597,6407.12,6403.713,6406.041,448,177,0,448
2025-01-04 15:45:00,6406.0,6406.047,6399.954,6400.102,450,177,0,450
2025-01-04 16:00:00,6400.274,6400.566,6392.892,6393.568,449,177,0,449
2025-01-04 16:15:00,6393.626,6396.679,6389.684,6391.732,449,177,0,449
2025-01-04 16:30:00,6391.848,6395.905,6389.993,6392.81,449,177,0,449
2025-01-04 16:45:00,6392.832,6396.279,6392.762,6392.984,448,177,0,448
2025-01-04 17:00:00,6393.017,6395.222,6391.665,6392.134,449,177,0,449
2025-01-04 17:15:00,6392.19,6396.202,6392.097,6393.303,449,177,0,449
2025-01-04 17:30:00,6393.338,6396.259,6390.765,6393.964,448,177,0,448
2025-01-04 17:45:00,6394.054,6394.739,6389.134,6391.262,450,177,0,450
2025-01-04 18:00:00,6391.24,6398.737,6391.24,6398.688,448,177,0,448
2025-01-04 18:15:00,6398.526,6399.555,6395.969,6398.074,450,177,0,450
2025-01-04 18:30:00,6397.909,6398.203,6394.737,6397.13,447,177,0,447
2025-01-04 18:45:00,6396.938,6401.666,6396.774,6401.214,448,177,0,448
2025-01-04 19:00:00,6401.007,6403.119,6399.52,6400.927,448,177,0,448
2025-01-04 19:15:00,6401.167,6404.125,6400.759,6403.064,449,177,0,449
2025-01-04 19:30:00,6403.039,6406.006,6400.946,6405.769,449,177,0,449
2025-01-04 19:45:00,6405.768,6409.406,6404.346,6408.318,450,177,0,450
2025-01-04 20:00:00,6408.342,6412.57,6407.604,6409.996,450,177,0,450
2025-01-04 20:15:00,6410.064,6411.378,6406.119,6406.62,447,177,0,447
2025-01-04 20:30:00,6406.636,6406.841,6402.965,6402.965,449,177,0,449
2025-01-04 20:45:00,6403.118,6404.839,6400.036,6403.432,449,177,0,449
2025-01-04 21:00:00,6403.614,6406.069,6403.301,6403.625,449,177,0,449
2025-01-04 21:15:00,6403.706,6410.361,6403.501,6410.064,449,177,0,449
2025-01-04 21:30:00,6410.131,6411.966,6406.556,6407.356,448,177,0,448
2025-01-04 21:45:00,6407.401,6407.921,6401.815,6402.053,449,177,0,449
2025-01-04 22:00:00,6402.179,6403.526,6398.601,6402.961,450,177,0,450
2025-01-04 22:15:00,6403.001,6403.146,6395.159,6396.633,448,177,0,448
2025-01-04 22:30:00,6396.647,6396.816,6390.182,6396.402,449,177,0,449
2025-01-04 22:45:00,6396.702,6398.227,6392.801,6392.902,450,177,0,450
2025-01-04 23:00:00,6392.931,6398.62,6392.545,6397.31,449,177,0,449
2025-01-04 23:15:00,6397.221,6401.691,6395.885,6401.691,447,177,0,447
2025-01-04 23:30:00,6401.52,6404.993,6397.735,6399.359,447,177,0,447
2025-01-04 23:45:00,6399.514,6399.95,6397.054,6397.282,449,177,0,449
2025-01-05 00:00:00,6397.265,6397.465,6394.072,6394.56,450,177,0,450
2025-01-05 00:15:00,6394.421,6394.843,6389.444,6390.284,449,177,0,449
2025-01-05 00:30:00,6390.233,6395.191,6388.835,6393.488,448,177,0,448
2025-01-05 00:45:00,6393.66,6397.98,6393.349,6394.828,449,177,0,449
2025-01-05 01:00:00,6394.815,6398.954,6394.027,6398.808,450,177,0,450
2025-01-05 01:15:00,6398.651,6401.417,6397.097,6400.743,448,177,0,448
2025-01-05 01:30:00,6400.801,6402.463,6396.666,6400.554,450,177,0,450
2025-01-05 01:45:00,6400.276,6404.687,6399.015,6402.742,447,177,0,447
2025-01-05 02:00:00,6403.047,6409.679,6402.808,6406.91,450,177,0,450
2025-01-05 02:15:00,6407.039,6410.528,6404.798,6410.304,456,177,0,456
2025-01-05 02:30:00,6410.223,6413.185,6410.223,6413.011,448,177,0,448
2025-01-05 02:45:00,6413.101,6417.625,6412.922,6415.046,450,177,0,450
2025-01-05 03:00:00,6415.043,6415.603,6411.273,6412.847,450,177,0,450
2025-01-05 03:15:00,6412.828,6414.864,6409.067,6410.833,449,177,0,449
2025-01-05 03:30:00,6410.959,6417.172,6410.206,6416.969,449,177,0,449
2025-01-05 03:45:00,6416.952,6422.354,6415.179,6420.898,447,177,0,447
2025-01-05 04:00:00,6420.784,6422.869,6419.43,6422.869,450,177,0,450
2025-01-05 04:15:00,6422.857,6427.042,6421.696,6424.952,450,177,0,450
2025-01-05 04:30:00,6424.933,6427.61,6422.655,6425.727,449,177,0,449
2025-01-05 04:45:00,6425.617,6431.13,6425.617,6428.849,450,177,0,450
2025-01-05 05:00:00,6429.176,6434.795,6428.738,6434.795,450,177,0,450
2025-01-05 05:15:00,6434.652,6437.144,6432.979,6433.19,449,177,0,449
2025-01-05 05:30:00,6432.958,6435.533,6432.554,6433.415,450,177,0,450
2025-01-05 05:45:00,6433.352,6434.477,6429.626,6431.428,449,177,0,449
2025-01-05 06:00:00,6431.215,6431.54,6427.295,6427.441,450,177,0,450
2025-01-05 06:15:00,6427.647,6430.759,6425.458,6427.431,448,177,0,448
2025-01-05 06:30:00,6427.508,6431.897,6427.089,6430.818,448,177,0,448
2025-01-05 06:45:00,6430.613,6435.135,6428.972,6435.135,449,177,0,449
2025-01-05 07:00:00,6435.269,6436.769,6433.344,6435.114,448,177,0,448
2025-01-05 07:15:00,6435.032,6436.545,6432.92,6433.413,450,177,0,450
2025-01-05 07:30:00,6433.453,6436.625,6431.308,6434.417,450,177,0,450
2025-01-05 07:45:00,6434.291,6434.628,6426.916,6430.075,449,177,0,449
2025-01-05 08:00:00,6429.873,6430.009,6426.461,6428.93,450,177,0,450
2025-01-05 08:15:00,6429.166,6435.754,6429.166,6432.216,448,177,0,448
2025-01-05 08:30:00,6432.448,6434.597,6430.106,6433.628,450,177,0,450
2025-01-05 08:45:00,6433.794,6433.966,6426.693,6426.982,449,177,0,449
2025-01-05 09:00:00,6427.041,6430.138,6425.309,6425.806,448,177,0,448
2025-01-05 09:15:00,6425.769,6426.95,6422.69,6425.508,449,177,0,449
2025-01-05 09:30:00,6425.608,6427.259,6422.694,6425.269,449,177,0,449
2025-01-05 09:45:00,6425.175,6425.606,6420.01,6420.302,449,177,0,449
2025-01-05 10:00:00,6420.104,6422.625,6417.756,6420.888,448,177,0,448
2025-01-05 10:15:00,6420.641,6423.566,6418.908,6421.649,450,177,0,450
2025-01-05 10:30:00,6422.034,6423.693,6420.425,6421.259,449,177,0,449
2025-01-05 10:45:00,6421.515,6421.713,6415.443,6415.993,448,177,0,448
2025-01-05 11:00:00,6415.999,6417.127,6414.142,6415.358,447,177,0,447
2025-01-05 11:15:00,6415.591,6418.607,6414.788,6417.107,450,177,0,450
2025-01-05 11:30:00,6416.967,6420.515,6414.934,6417.303,450,177,0,450
2025-01-05 11:45:00,6417.338,6419.097,6414.768,6416.114,448,177,0,448
2025-01-05 12:00:00,6416.125,6417.474,6413.129,6414.883,450,177,0,450
2025-01-05 12:15:00,6414.841,6416.424,6411.912,6414.638,448,177,0,448
2025-01-05 12:30:00,6414.552,6418.199,6412.769,6415.419,450,177,0,450
2025-01-05 12:45:00,6415.337,6421.603,6414.527,6421.056,450,177,0,450
2025-01-05 13:00:00,6421.127,6428.653,6420.17,6426.601,450,177,0,450
2025-01-05 13:15:00,6426.492,6428.816,6424.924,6426.315,446,177,0,446
2025-01-05 13:30:00,6426.467,6429.182,6425.688,6425.861,449,177,0,449
2025-01-05 13:45:00,6426.031,6427.883,6421.509,6427.629,449,177,0,449
2025-01-05 14:00:00,6427.566,6429.693,6425.736,6427.69,448,177,0,448
2025-01-05 14:15:00,6427.754,6429.625,6422.797,6424.889,449,177,0,449
2025-01-05 14:30:00,6424.983,6425.8,6420.194,6422.327,448,177,0,448
2025-01-05 14:45:00,6422.701,6423.342,6413.951,6414.859,449,177,0,449
2025-01-05 15:00:00,6414.859,6416.035,6411.216,6415.601,449,177,0,449
2025-01-05 15:15:00,6415.775,6419.842,6414.812,6418.309,450,177,0,450
2025-01-05 15:30:00,6418.312,6419.188,6412.943,6415.225,448,177,0,448
2025-01-05 15:45:00,6415.342,6415.545,6408.72,6409.429,449,177,0,449
2025-01-05 16:00:00,6409.326,6410.747,6406.212,6409.871,449,177,0,449
2025-01-05 16:15:00,6409.759,6410.613,6406.92,6407.968,448,177,0,448
2025-01-05 16:30:00,6407.979,6409.406,6406.349,6409.297,447,177,0,447
2025-01-05 16:45:00,6409.227,6412.45,6406.479,6408.195,450,177,0,450
2025-01-05 17:00:00,6408.141,6411.126,6406.05,6410.28,450,177,0,450
2025-01-05 17:15:00,6410.338,6416.467,6409.603,6414.093,449,177,0,449
2025-01-05 17:30:00,6414.253,6417.294,6412.62,6413.049,449,177,0,449
2025-01-05 17:45:00,6413.13,6413.414,6409.639,6409.927,450,177,0,450
2025-01-05 18:00:00,6409.822,6410.069,6405.515,6407.003,450,177,0,450
2025-01-05 18:15:00,6406.853,6407.928,6403.648,6404.476,450,177,0,450
2025-01-05 18:30:00,6404.658,6405.211,6400.758,6403.802,448,177,0,448
2025-01-05 18:45:00,6404.019,6409.68,6403.173,6409.532,450,177,0,450
2025-01-05 19:00:00,6409.569,6412.446,6408.692,6409.467,448,177,0,448
2025-01-05 19:15:00,6409.517,6413.108,6406.204,6406.576,449,177,0,449
2025-01-05 19:30:00,6406.581,6407.388,6402.33,6405.098,449,177,0,449
2025-01-05 19:45:00,6405.002,6406.287,6400.364,6405.814,445,177,0,445
2025-01-05 20:00:00,6405.742,6408.821,6403.637,6408.529,448,177,0,448
2025-01-05 20:15:00,6408.491,6412.87,6408.33,6410.348,449,177,0,449
2025-01-05 20:30:00,6410.415,6415.528,6407.947,6413.556,449,177,0,449
2025-01-05 20:45:00,6413.59,6419.81,6412.541,6417.941,449,177,0,449
2025-01-05 21:00:00,6417.955,6417.955,6412.238,6412.836,446,177,0,446
2025-01-05 21:15:00,6413.062,6413.062,6406.366,6409.056,449,177,0,449
2025-01-05 21:30:00,6409.104,6416.791,6408.015,6416.746,450,177,0,450
2025-01-05 21:45:00,6416.653,6418.494,6413.23,6417.563,450,177,0,450
2025-01-05 22:00:00,6417.509,6417.509,6411.921,6412.632,449,177,0,449
2025-01-05 22:15:00,6412.71,6415.18,6410.496,6412.048,448,177,0,448
2025-01-05 22:30:00,6411.915,6413.067,6408.478,6409.195,450,177,0,450
2025-01-05 22:45:00,6409.117,6414.862,6408.943,6414.091,450,177,0,450
2025-01-05 23:00:00,6414.484,6414.493,6410.737,6411.335,449,177,0,449
2025-01-05 23:15:00,6411.165,6411.368,6408.422,6408.487,448,177,0,448
2025-01-05 23:30:00,6408.633,6412.11,6407.556,6409.029,449,177,0,449
2025-01-05 23:45:00,6409.204,6412.287,6407.493,6411.996,450,177,0,450
2025-01-06 00:00:00,6412.093,6415.392,6410.176,6411.308,450,177,0,450
2025-01-06 00:15:00,6411.433,6411.817,6407.504,6407.837,450,177,0,450
2025-01-06 00:30:00,6407.991,6409.465,6403.806,6406.108,449,177,0,449
2025-01-06 00:45:00,6406.108,6411.246,6405.393,6408.203,448,177,0,448
2025-01-06 01:00:00,6408.335,6415.777,6407.233,6414.036,449,177,0,449
2025-01-06 01:15:00,6413.955,6416.651,6413.375,6414.246,449,177,0,449
2025-01-06 01:30:00,6414.22,6419.534,6411.639,6419.42,447,177,0,447
2025-01-06 01:45:00,6419.556,6420.236,6416.717,6419.498,450,177,0,450
2025-01-06 02:00:00,6419.562,6425.483,6418.588,6424.886,450,177,0,450
2025-01-06 02:15:00,6424.748,6432.344,6424.748,6432.344,450,177,0,450
2025-01-06 02:30:00,6432.471,6437.758,6431.182,6437.522,448,177,0,448
2025-01-06 02:45:00,6437.58,6440.465,6434.381,6435.439,449,177,0,449
2025-01-06 03:00:00,6435.299,6439.306,6434.921,6439.191,449,177,0,449
2025-01-06 03:15:00,6438.887,6440.805,6435.876,6436.785,448,177,0,448
2025-01-06 03:30:00,6436.745,6440.564,6436.745,6439.06,450,177,0,450
2025-01-06 03:45:00,6439.222,6442.354,6436.893,6437.098,449,177,0,449
2025-01-06 04:00:00,6437.128,6438.536,6432.229,6433.281,448,177,0,448
2025-01-06 04:15:00,6433.296,6433.296,6428.231,6431.698,450,178,0,450
2025-01-06 04:30:00,6431.632,6432.184,6428.055,6429.666,449,178,0,449
2025-01-06 04:45:00,6429.982,6430.46,6425.657,6426.885,450,178,0,450
2025-01-06 05:00:00,6427.12,6430.605,6425.365,6428.558,449,178,0,449
2025-01-06 05:15:00,6428.508,6431.315,6426.585,6431.315,446,178,0,446
2025-01-06 05:30:00,6431.133,6431.677,6428.649,6430.739,449,178,0,449
2025-01-06 05:45:00,6430.923,6436.263,6430.502,6432.031,447,178,0,447
2025-01-06 06:00:00,6432.06,6434.066,6430.694,6432.989,449,178,0,449
2025-01-06 06:15:00,6433.209,6434.822,6431.575,6434.548,447,178,0,447
2025-01-06 06:30:00,6434.79,6437.614,6433.86,6436.829,447,178,0,447
2025-01-06 06:45:00,6436.914,6439.316,6433.249,6435.352,450,178,0,450
2025-01-06 07:00:00,6435.514,6436.21,6432.023,6433.574,450,178,0,450
2025-01-06 07:15:00,6433.656,6436.956,6431.66,6435.658,450,178,0,450
2025-01-06 07:30:00,6435.362,6440.795,6434.411,6438.878,449,178,0,449
2025-01-06 07:45:00,6438.644,6448.276,6437.994,6445.741,448,178,0,448
2025-01-06 08:00:00,6445.735,6448.371,6442.611,6448.211,448,178,0,448
2025-01-06 08:15:00,6448.277,6448.43,6441.212,6444.489,450,178,0,450
2025-01-06 08:30:00,6444.682,6448.482,6444.58,6448.482,449,178,0,449
2025-01-06 08:45:00,6448.504,6450.541,6445.164,6446.349,450,178,0,450
2025-01-06 09:00:00,6446.325,6447.127,6441.143,6442.874,449,178,0,449
2025-01-06 09:15:00,6442.899,6448.126,6442.899,6444.719,449,178,0,449
2025-01-06 09:30:00,6444.626,6448.855,6443.273,6447.41,448,178,0,448
2025-01-06 09:45:00,6447.216,6447.854,6442.816,6444.342,449,178,0,449
2025-01-06 10:00:00,6444.361,6445.556,6441.14,6444.925,449,178,0,449
2025-01-06 10:15:00,6444.772,6446.976,6442.912,6443.394,450,178,0,450
2025-01-06 10:30:00,6443.436,6447.102,6441.475,6447.102,450,178,0,450
2025-01-06 10:45:00,6447.149,6448.117,6444.574,6446.3,450,178,0,450
2025-01-06 11:00:00,6446.272,6447.898,6444.72,6446.769,450,178,0,450
2025-01-06 11:15:00,6446.774,6449.397,6443.239,6443.872,446,178,0,446
2025-01-06 11:30:00,6443.72,6444.221,6440.805,6443.491,449,178,0,449
2025-01-06 11:45:00,6443.447,6447.533,6442.716,6446.236,449,178,0,449
2025-01-06 12:00:00,6446.314,6452.472,6444.778,6451.062,450,178,0,450
2025-01-06 12:15:00,6451.085,6456.137,6451.085,6452.66,450,178,0,450
2025-01-06 12:30:00,6452.458,6454.177,6450.027,6453.204,447,178,0,447
2025-01-06 12:45:00,6453.094,6453.129,6444.685,6447.639,448,178,0,448
2025-01-06 13:00:00,6447.507,6448.035,6443.439,6444.185,447,178,0,447
2025-01-06 13:15:00,6444.182,6446.164,6441.621,6444.811,449,178,0,449
2025-01-06 13:30:00,6445.058,6449.47,6444.133,6447.552,448,178,0,448
2025-01-06 13:45:00,6447.491,6452.122,6447.012,6451.486,448,178,0,448
2025-01-06 14:00:00,6451.551,6454.804,6450.399,6453.704,449,178,0,449
2025-01-06 14:15:00,6453.488,6453.669,6446.814,6447.939,449,178,0,449
2025-01-06 14:30:00,6447.771,6453.662,6447.401,6453.371,450,178,0,450
2025-01-06 14:45:00,6453.455,6457.291,6451.858,6456.744,449,178,0,449
2025-01-06 15:00:00,6456.765,6458.676,6455.454,6457.268,448,178,0,448
2025-01-06 15:15:00,6457.248,6459.702,6455.334,6457.859,448,178,0,448
2025-01-06 15:30:00,6457.938,6458.235,6451.501,6452.996,450,178,0,450
2025-01-06 15:45:00,6453.069,6457.241,6452.288,6457.178,448,178,0,448
2025-01-06 16:00:00,6457.398,6459.689,6455.646,6456.432,448,178,0,448
2025-01-06 16:15:00,6456.214,6459.003,6454.047,6457.594,448,178,0,448
2025-01-06 16:30:00,6457.415,6460.134,6455.107,6460.115,448,178,0,448
2025-01-06 16:45:00,6459.78,6464.769,6459.78,6462.262,450,178,0,450
2025-01-06 17:00:00,6461.995,6466.967,6461.879,6463.33,449,178,0,449
2025-01-06 17:15:00,6463.333,6464.818,6460.08,6461.08,450,178,0,450
2025-01-06 17:30:00,6461.069,6466.234,6460.795,6462.322,449,178,0,449
2025-01-06 17:45:00,6461.965,6463.629,6455.84,6458.482,448,178,0,448
2025-01-06 18:00:00,6458.465,6459.863,6454.984,6458.634,448,178,0,448
2025-01-06 18:15:00,6458.572,6460.383,6456.862,6457.609,450,178,0,450
2025-01-06 18:30:00,6457.708,6460.52,6457.239,6457.515,449,178,0,449
2025-01-06 18:45:00,6457.307,6460.235,6456.359,6457.51,450,178,0,450
2025-01-06 19:00:00,6457.521,6464.723,6455.824,6463.849,449,178,0,449
2025-01-06 19:15:00,6463.62,6465.981,6462.209,6464.099,449,178,0,449
2025-01-06 19:30:00,6464.138,6466.965,6463.172,6466.885,450,178,0,450
2025-01-06 19:45:00,6467.132,6470.86,6466.025,6467.992,447,178,0,447
2025-01-06 20:00:00,6468.196,6471.744,6465.661,6470.698,450,178,0,450
2025-01-06 20:15:00,6470.795,6473.503,6466.981,6471.916,447,178,0,447
2025-01-06 20:30:00,6471.92,6474.439,6468.45,6474.439,449,178,0,449
2025-01-06 20:45:00,6474.485,6477.253,6471.539,6472.6,449,178,0,449
2025-01-06 21:00:00,6472.516,6477.146,6472.087,6473.45,446,178,0,446
2025-01-06 21:15:00,6473.42,6476.724,6471.939,6476.193,448,178,0,448
2025-01-06 21:30:00,6476.139,6477.416,6473.361,6474.077,450,178,0,450
2025-01-06 21:45:00,6474.168,6476.091,6470.451,6473.271,450,178,0,450
2025-01-06 22:00:00,6473.058,6477.103,6470.77,6476.779,448,178,0,448
2025-01-06 22:15:00,6476.642,6477.783,6470.922,6472.411,449,178,0,449
2025-01-06 22:30:00,6472.339,6477.338,6472.178,6472.861,450,178,0,450
2025-01-06 22:45:00,6472.856,6480.324,6472.837,6477.754,447,178,0,447
2025-01-06 23:00:00,6477.955,6479.735,6474.839,6474.839,449,178,0,449
2025-01-06 23:15:00,6474.983,6479.031,6474.286,6476.607,450,178,0,450
2025-01-06 23:30:00,6476.635,6481.925,6476.407,6480.177,447,178,0,447
2025-01-06 23:45:00,6480.338,6483.091,6479.465,6481.559,449,178,0,449
2025-01-07 00:00:00,6481.544,6482.184,6477.9,6479.763,447,178,0,447
2025-01-07 00:15:00,6479.854,6479.854,6473.008,6474.123,450,178,0,450
2025-01-07 00:30:00,6474.218,6475.513,6469.774,6470.719,449,178,0,449
2025-01-07 00:45:00,6470.53,6472.139,6468.388,6469.01,450,178,0,450
2025-01-07 01:00:00,6468.87,6472.294,6468.514,6470.599,448,178,0,448
2025-01-07 01:15:00,6470.845,6471.891,6467.346,6467.877,450,178,0,450
2025-01-07 01:30:00,6467.82,6469.41,6465.565,6468.49,450,178,0,450
2025-01-07 01:45:00,6468.653,6469.809,6464.891,6466.728,449,178,0,449
2025-01-07 02:00:00,6466.791,6467.495,6462.846,6464.406,450,178,0,450
2025-01-07 02:15:00,6464.498,6467.208,6463.598,6464.003,450,178,0,450
2025-01-07 02:30:00,6464.259,6468.805,6464.259,6467.794,449,178,0,449
2025-01-07 02:45:00,6467.513,6469.243,6465.541,6467.916,450,178,0,450
2025-01-07 03:00:00,6467.821,6470.225,6467.249,6468.994,446,178,0,446
2025-01-07 03:15:00,6469.037,6471.186,6467.188,6470.687,449,178,0,449
2025-01-07 03:30:00,6470.687,6472.617,6468.122,6471.794,450,178,0,450
2025-01-07 03:45:00,6471.733,6472.553,6467.298,6471.988,450,178,0,450
2025-01-07 04:00:00,6472.008,6473.125,6469.072,6472.134,450,178,0,450
2025-01-07 04:15:00,6472.298,6476.148,6470.995,6471.162,449,178,0,449
2025-01-07 04:30:00,6471.303,6472.391,6469.025,6472.305,450,178,0,450
2025-01-07 04:45:00,6472.48,6474.909,6469.313,6474.131,448,178,0,448
2025-01-07 05:00:00,6474.285,6477.021,6472.803,6476.383,450,178,0,450
2025-01-07 05:15:00,6476.441,6480.018,6476.056,6478.613,449,178,0,449
2025-01-07 05:30:00,6478.798,6483.12,6477.94,6481.419,449,178,0,449
2025-01-07 05:45:00,6481.453,6489.951,6480.522,6487.929,450,178,0,450
2025-01-07 06:00:00,6487.998,6489.337,6485.847,6487.303,447,178,0,447
2025-01-07 06:15:00,6487.486,6487.602,6479.901,6484.311,450,178,0,450
2025-01-07 06:30:00,6484.271,6486.769,6483.05,6483.534,449,178,0,449
2025-01-07 06:45:00,6483.674,6483.888,6476.723,6477.702,450,178,0,450
2025-01-07 07:00:00,6477.918,6481.91,6475.671,6480.213,450,178,0,450
2025-01-07 07:15:00,6480.366,6481.925,6478.107,6480.075,449,178,0,449
2025-01-07 07:30:00,6480.379,6482.771,6478.272,6478.459,446,178,0,446
2025-01-07 07:45:00,6478.683,6479.196,6474.648,6477.264,448,178,0,448
2025-01-07 08:00:00,6477.462,6479.72,6474.63,6479.243,449,178,0,449
2025-01-07 08:15:00,6479.387,6482.488,6474.026,6475.436,450,178,0,450
2025-01-07 08:30:00,6475.472,6477.104,6472.523,6475.767,449,178,0,449
2025-01-07 08:45:00,6475.843,6478.486,6474.136,6476.838,449,178,0,449
2025-01-07 09:00:00,6476.875,6480.388,6476.483,6479.575,449,178,0,449
2025-01-07 09:15:00,6479.523,6481.77,6477.895,6480.817,450,178,0,450
2025-01-07 09:30:00,6480.908,6484.225,6479.077,6479.512,448,178,0,448
2025-01-07 09:45:00,6479.375,6480.836,6476.711,6478.687,449,178,0,449
2025-01-07 10:00:00,6478.803,6480.544,6474.006,6475.324,445,178,0,445
2025-01-07 10:15:00,6475.263,6475.355,6467.362,6469.489,449,178,0,449
2025-01-07 10:30:00,6469.493,6472.725,6468.336,6470.631,450,178,0,450
2025-01-07 10:45:00,6470.808,6474.913,6470.058,6472.711,450,178,0,450
2025-01-07 11:00:00,6472.823,6476.092,6468.943,6469.581,448,178,0,448
2025-01-07 11:15:00,6469.485,6470.002,6466.001,6466.784,449,178,0,449
2025-01-07 11:30:00,6466.674,6468.903,6461.284,6462.224,450,178,0,450
2025-01-07 11:45:00,6462.168,6462.168,6456.919,6459.565,448,178,0,448
2025-01-07 12:00:00,6459.448,6467.127,6458.722,6463.335,450,178,0,450
2025-01-07 12:15:00,6463.187,6466.85,6461.665,6465.004,447,178,0,447
2025-01-07 12:30:00,6464.723,6471.041,6464.104,6470.208,450,178,0,450
2025-01-07 12:45:00,6470.016,6478.405,6469.658,6476.243,450,178,0,450
2025-01-07 13:00:00,6476.143,6478.453,6472.921,6475.903,449,178,0,449
2025-01-07 13:15:00,6475.955,6476.24,6469.218,6469.342,448,178,0,448
2025-01-07 13:30:00,6469.19,6477.239,6469.038,6475.437,449,178,0,449
2025-01-07 13:45:00,6475.433,6478.848,6474.564,6475.147,450,178,0,450
2025-01-07 14:00:00,6474.933,6476.987,6471.262,6474.097,449,178,0,449
2025-01-07 14:15:00,6474.298,6482.989,6473.344,6479.483,449,178,0,449
2025-01-07 14:30:00,6479.667,6481.784,6477.759,6480.543,450,178,0,450
2025-01-07 14:45:00,6480.626,6482.467,6478.39,6480.151,447,178,0,447
2025-01-07 15:00:00,6480.09,6485.825,6479.958,6484.559,448,178,0,448
2025-01-07 15:15:00,6484.272,6487.404,6483.586,6484.506,449,178,0,449
2025-01-07 15:30:00,6484.351,6490.722,6482.205,6488.871,450,178,0,450
2025-01-07 15:45:00,6488.573,6493.082,6488.179,6493.071,450,178,0,450
2025-01-07 16:00:00,6492.996,6493.107,6488.721,6490.865,448,178,0,448
2025-01-07 16:15:00,6490.835,6493.051,6487.448,6490.347,450,178,0,450
2025-01-07 16:30:00,6490.548,6495.243,6490.548,6492.225,449,178,0,449
2025-01-07 16:45:00,6492.19,6493.322,6487.25,6487.472,448,178,0,448
2025-01-07 17:00:00,6487.484,6487.935,6484.006,6485.225,450,178,0,450
2025-01-07 17:15:00,6485.441,6485.988,6478.801,6480.836,448,178,0,448
2025-01-07 17:30:00,6480.887,6481.623,6477.83,6480.4,449,178,0,449
2025-01-07 17:45:00,6480.404,6487.648,6477.31,6487.351,448,178,0,448
2025-01-07 18:00:00,6487.345,6490.545,6485.909,6489.826,450,178,0,450
2025-01-07 18:15:00,6489.73,6491.237,6484.919,6488.223,449,178,0,449
2025-01-07 18:30:00,6487.87,6488.098,6483.638,6486.657,449,178,0,449
2025-01-07 18:45:00,6486.698,6488.499,6480.702,6481.535,450,178,0,450
2025-01-07 19:00:00,6481.755,6483.658,6477.965,6479.208,449,178,0,449
2025-01-07 19:15:00,6479.213,6482.417,6478.364,6481.268,450,178,0,450
2025-01-07 19:30:00,6481.188,6482.779,6478.623,6481.973,449,178,0,449
2025-01-07 19:45:00,6481.655,6482.764,6474.298,6475.479,450,178,0,450
2025-01-07 20:00:00,6475.562,6476.989,6470.638,6472.576,450,178,0,450
2025-01-07 20:15:00,6472.457,6475.152,6471.683,6473.518,448,178,0,448
2025-01-07 20:30:00,6473.468,6474.623,6470.552,6471.387,449,178,0,449
2025-01-07 20:45:00,6471.296,6476.561,6470.364,6475.579,449,178,0,449
2025-01-07 21:00:00,6475.482,6477.286,6473.646,6474.23,449,178,0,449
2025-01-07 21:15:00,6474.283,6478.421,6473.83,6477.342,450,178,0,450
2025-01-07 21:30:00,6477.209,6478.552,6474.173,6475.586,448,178,0,448
2025-01-07 21:45:00,6475.518,6478.259,6471.538,6472.3,450,178,0,450
2025-01-07 22:00:00,6472.404,6473.42,6464.229,6464.591,450,178,0,450
2025-01-07 22:15:00,6464.588,6465.403,6456.275,6459.895,450,178,0,450
2025-01-07 22:30:00,6460.075,6463.142,6458.971,6462.139,449,178,0,449
2025-01-07 22:45:00,6461.993,6463.376,6454.766,6454.96,450,178,0,450
2025-01-07 23:00:00,6455.101,6455.801,6450.343,6450.377,449,178,0,449
2025-01-07 23:15:00,6450.262,6457.313,6450.161,6455.941,447,178,0,447
2025-01-07 23:30:00,6455.663,6459.391,6454.873,6457.91,449,178,0,449
2025-01-07 23:45:00,6457.761,6464.552,6457.149,6464.272,450,178,0,450
2025-01-08 00:00:00,6464.361,6466.092,6462.312,6464.215,449,178,0,449
2025-01-08 00:15:00,6463.832,6471.822,6463.208,6468.237,448,178,0,448
2025-01-08 00:30:00,6468.018,6468.198,6462.101,6463.204,449,178,0,449
2025-01-08 00:45:00,6463.224,6469.989,6463.069,6467.325,450,178,0,450
2025-01-08 01:00:00,6467.452,6469.007,6464.943,6466.311,449,178,0,449
2025-01-08 01:15:00,6466.46,6467.587,6463.71,6466.298,449,178,0,449
2025-01-08 01:30:00,6466.151,6467.897,6463.763,6467.258,450,178,0,450
2025-01-08 01:45:00,6467.395,6471.9,6467.395,6471.459,448,178,0,448
2025-01-08 02:00:00,6471.327,6475.451,6469.182,6473.909,449,178,0,449
2025-01-08 02:15:00,6474.029,6475.44,6470.073,6470.073,450,178,0,450
2025-01-08 02:30:00,6470.272,6475.293,6469.966,6475.115,450,178,0,450
2025-01-08 02:45:00,6475.236,6480.877,6475.085,6478.618,449,178,0,449
2025-01-08 03:00:00,6478.764,6479.587,6475.879,6477.402,448,178,0,448
2025-01-08 03:15:00,6477.406,6478.064,6474.168,6475.52,448,178,0,448
2025-01-08 03:30:00,6475.385,6475.879,6468.345,6470.707,450,178,0,450
2025-01-08 03:45:00,6470.826,6473.48,6470.165,6472.499,449,178,0,449
2025-01-08 04:00:00,6472.335,6472.335,6462.326,6462.68,446,178,0,446
2025-01-08 04:15:00,6462.69,6464.806,6461.08,6464.107,450,178,0,450
2025-01-08 04:30:00,6464.0,6464.337,6458.421,6460.072,446,178,0,446
2025-01-08 04:45:00,6460.328,6461.561,6457.133,6458.704,447,178,0,447
2025-01-08 05:00:00,6458.695,6462.671,6458.355,6462.428,449,178,0,449
2025-01-08 05:15:00,6462.408,6464.47,6458.344,6463.745,450,178,0,450
2025-01-08 05:30:00,6463.759,6465.439,6462.041,6463.851,450,178,0,450
2025-01-08 05:45:00,6463.85,6465.616,6462.569,6463.618,449,178,0,449
2025-01-08 06:00:00,6463.748,6464.743,6459.957,6463.107,449,178,0,449
2025-01-08 06:15:00,6463.194,6467.149,6459.777,6460.53,449,178,0,449
2025-01-08 06:30:00,6460.6,6460.6,6454.722,6455.979,447,178,0,447
2025-01-08 06:45:00,6455.72,6457.321,6453.562,6455.24,450,178,0,450
2025-01-08 07:00:00,6455.35,6455.861,6452.907,6455.368,449,178,0,449
2025-01-08 07:15:00,6455.45,6457.456,6453.061,6453.974,450,178,0,450
2025-01-08 07:30:00,6453.941,6455.21,6450.983,6452.818,450,178,0,450
2025-01-08 07:45:00,6452.746,6459.673,6451.921,6455.754,449,178,0,449
2025-01-08 08:00:00,6455.795,6467.059,6455.704,6466.85,449,178,0,449
2025-01-08 08:15:00,6466.869,6467.639,6458.833,6461.318,449,178,0,449
2025-01-08 08:30:00,6461.395,6462.743,6458.52,6460.848,448,178,0,448
2025-01-08 08:45:00,6460.926,6463.483,6458.519,6459.537,450,178,0,450
2025-01-08 09:00:00,6459.319,6463.86,6459.142,6462.476,447,178,0,447
2025-01-08 09:15:00,6462.298,6465.23,6460.2,6463.247,449,178,0,449
2025-01-08 09:30:00,6463.471,6464.989,6460.407,6461.868,450,178,0,450
2025-01-08 09:45:00,6461.956,6464.905,6459.353,6463.008,450,178,0,450
2025-01-08 10:00:00,6463.226,6463.226,6459.285,6460.25,449,178,0,449
2025-01-08 10:15:00,6460.264,6462.608,6457.208,6461.82,448,178,0,448
2025-01-08 10:30:00,6462.03,6462.994,6456.366,6456.767,448,178,0,448
2025-01-08 10:45:00,6456.758,6458.551,6452.496,6453.125,447,178,0,447
2025-01-08 11:00:00,6453.197,6455.72,6451.636,6455.72,448,178,0,448
2025-01-08 11:15:00,6455.615,6455.83,6451.424,6453.583,450,178,0,450
2025-01-08 11:30:00,6453.337,6453.337,6448.026,6449.57,449,178,0,449
2025-01-08 11:45:00,6449.44,6455.925,6449.073,6454.031,447,178,0,447
2025-01-08 12:00:00,6453.684,6459.948,6452.403,6459.33,449,178,0,449
2025-01-08 12:15:00,6459.143,6459.602,6455.061,6457.278,450,178,0,450
2025-01-08 12:30:00,6457.095,6457.386,6452.672,6455.247,449,178,0,449
2025-01-08 12:45:00,6454.948,6454.948,6447.574,6448.683,449,178,0,449
2025-01-08 13:00:00,6448.984,6450.613,6445.426,6447.868,448,178,0,448
2025-01-08 13:15:00,6447.86,6449.12,6441.235,6441.958,448,178,0,448
2025-01-08 13:30:00,6442.275,6443.612,6437.517,6437.963,449,178,0,449
2025-01-08 13:45:00,6438.028,6438.996,6435.37,6437.806,449,178,0,449
2025-01-08 14:00:00,6437.643,6439.806,6433.703,6435.27,448,178,0,448
2025-01-08 14:15:00,6435.042,6436.283,6432.452,6436.21,450,178,0,450
2025-01-08 14:30:00,6436.487,6441.621,6434.845,6441.259,450,178,0,450
2025-01-08 14:45:00,6441.287,6445.851,6440.5,6442.01,446,178,0,446
2025-01-08 15:00:00,6441.823,6443.466,6439.224,6441.15,450,178,0,450
2025-01-08 15:15:00,6440.968,6441.47,6438.904,6440.422,447,178,0,447
2025-01-08 15:30:00,6440.535,6442.335,6439.748,6441.993,448,178,0,448
2025-01-08 15:45:00,6441.87,6443.507,6437.793,6441.162,448,178,0,448
2025-01-08 16:00:00,6441.22,6441.794,6434.211,6436.947,449,178,0,449
2025-01-08 16:15:00,6437.106,6444.981,6436.84,6443.967,450,178,0,450
2025-01-08 16:30:00,6443.919,6449.246,6443.888,6449.246,450,178,0,450
2025-01-08 16:45:00,6448.947,6450.143,6444.94,6445.679,448,178,0,448
2025-01-08 17:00:00,6445.365,6445.537,6439.746,6441.083,450,178,0,450
2025-01-08 17:15:00,6440.79,6441.483,6436.914,6438.434,448,178,0,448
2025-01-08 17:30:00,6438.405,6440.544,6436.211,6440.544,449,178,0,449
2025-01-08 17:45:00,6440.646,6443.369,6438.467,6439.285,448,178,0,448
2025-01-08 18:00:00,6439.533,6441.313,6437.76,6439.628,449,178,0,449
2025-01-08 18:15:00,6439.648,6439.734,6435.599,6439.277,450,178,0,450
2025-01-08 18:30:00,6439.345,6441.027,6436.491,6439.515,449,178,0,449
2025-01-08 18:45:00,6439.404,6443.788,6438.988,6441.652,449,178,0,449
2025-01-08 19:00:00,6441.822,6449.209,6441.734,6447.707,450,178,0,450
2025-01-08 19:15:00,6447.777,6451.016,6447.277,6450.054,449,178,0,449
2025-01-08 19:30:00,6450.179,6450.845,6446.406,6449.513,446,178,0,446
2025-01-08 19:45:00,6449.434,6454.807,6447.78,6452.72,448,178,0,448
2025-01-08 20:00:00,6452.829,6455.814,6451.464,6452.022,449,178,0,449
2025-01-08 20:15:00,6451.897,6454.027,6448.797,6449.019,449,178,0,449
2025-01-08 20:30:00,6449.222,6450.719,6446.63,6449.692,450,178,0,450
2025-01-08 20:45:00,6449.832,6453.601,6448.138,6448.138,450,178,0,450
2025-01-08 21:00:00,6447.815,6450.034,6443.593,6446.006,447,178,0,447
2025-01-08 21:15:00,6446.027,6447.961,6442.403,6443.249,448,178,0,448
2025-01-08 21:30:00,6443.194,6448.441,6442.376,6447.911,448,178,0,448
2025-01-08 21:45:00,6447.795,6448.592,6444.183,6445.252,448,178,0,448
2025-01-08 22:00:00,6445.396,6447.124,6442.847,6442.884,448,178,0,448
2025-01-08 22:15:00,6442.716,6443.172,6435.802,6436.468,449,178,0,449
2025-01-08 22:30:00,6436.714,6442.376,6434.605,6441.443,449,178,0,449
2025-01-08 22:45:00,6441.297,6444.398,6440.247,6443.475,449,178,0,449
2025-01-08 23:00:00,6443.386,6446.838,6441.177,6446.838,450,178,0,450
2025-01-08 23:15:00,6446.628,6448.298,6444.653,6444.871,446,178,0,446
2025-01-08 23:30:00,6444.564,6450.194,6443.634,6449.326,447,178,0,447
2025-01-08 23:45:00,6449.332,6451.87,6447.662,6450.808,449,178,0,449
2025-01-09 00:00:00,6451.112,6455.626,6451.112,6453.66,449,178,0,449
2025-01-09 00:15:00,6453.839,6456.699,6453.084,6456.203,449,178,0,449
2025-01-09 00:30:00,6456.326,6458.337,6452.319,6453.039,450,178,0,450
2025-01-09 00:45:00,6453.333,6455.036,6447.769,6449.126,447,178,0,447
2025-01-09 01:00:00,6449.189,6450.397,6443.751,6446.985,448,178,0,448
2025-01-09 01:15:00,6446.766,6447.797,6443.12,6445.604,450,178,0,450
2025-01-09 01:30:00,6445.474,6446.998,6444.256,6445.474,449,178,0,449
2025-01-09 01:45:00,6445.482,6450.051,6444.498,6447.609,449,178,0,449
2025-01-09 02:00:00,6447.249,6449.96,6443.812,6446.855,449,178,0,449
2025-01-09 02:15:00,6446.849,6450.734,6445.178,6449.572,449,178,0,449
2025-01-09 02:30:00,6449.576,6449.576,6444.438,6445.804,448,178,0,448
2025-01-09 02:45:00,6445.81,6451.96,6445.363,6450.583,450,178,0,450
2025-01-09 03:00:00,6450.435,6451.169,6447.59,6448.672,450,178,0,450
2025-01-09 03:15:00,6448.77,6450.314,6445.795,6447.43,449,178,0,449
2025-01-09 03:30:00,6447.341,6451.716,6446.457,6451.716,449,178,0,449
2025-01-09 03:45:00,6451.549,6455.321,6451.091,6454.07,450,178,0,450
2025-01-09 04:00:00,6454.093,6456.198,6451.401,6452.723,450,178,0,450
2025-01-09 04:15:00,6452.859,6459.393,6452.859,6458.87,449,178,0,449
2025-01-09 04:30:00,6458.926,6460.352,6456.794,6459.549,449,178,0,449
2025-01-09 04:45:00,6459.48,6460.134,6456.608,6458.509,450,178,0,450
2025-01-09 05:00:00,6458.247,6460.92,6453.926,6460.557,449,178,0,449
2025-01-09 05:15:00,6460.525,6461.101,6454.781,6455.952,450,178,0,450
2025-01-09 05:30:00,6455.704,6456.897,6453.307,6455.807,449,178,0,449
2025-01-09 05:45:00,6456.024,6459.63,6455.478,6456.979,448,178,0,448
2025-01-09 06:00:00,6457.004,6458.32,6455.244,6456.168,449,178,0,449
2025-01-09 06:15:00,6456.042,6462.023,6455.376,6460.685,450,178,0,450
2025-01-09 06:30:00,6460.788,6461.625,6457.756,6459.321,449,178,0,449
2025-01-09 06:45:00,6458.925,6461.233,6455.537,6460.921,449,178,0,449
2025-01-09 07:00:00,6460.789,6463.612,6458.933,6458.933,447,178,0,447
2025-01-09 07:15:00,6458.928,6461.118,6454.057,6460.995,447,178,0,447
2025-01-09 07:30:00,6460.988,6463.821,6459.316,6459.943,447,178,0,447
2025-01-09 07:45:00,6460.081,6461.106,6456.844,6458.426,447,178,0,447
2025-01-09 08:00:00,6458.423,6461.015,6455.296,6456.985,449,178,0,449
2025-01-09 08:15:00,6457.066,6458.913,6455.737,6457.71,449,178,0,449
2025-01-09 08:30:00,6457.661,6458.191,6453.882,6457.016,449,178,0,449
2025-01-09 08:45:00,6456.939,6457.663,6453.895,6456.889,450,178,0,450
2025-01-09 09:00:00,6456.986,6459.615,6452.995,6453.684,450,178,0,450
2025-01-09 09:15:00,6453.869,6461.773,6453.832,6461.381,449,178,0,449
2025-01-09 09:30:00,6461.565,6464.874,6460.554,6464.874,448,178,0,448
2025-01-09 09:45:00,6464.965,6468.005,6464.426,6467.873,447,178,0,447
2025-01-09 10:00:00,6467.882,6473.465,6467.561,6471.649,448,178,0,448
2025-01-09 10:15:00,6471.776,6472.332,6467.308,6470.687,450,178,0,450
2025-01-09 10:30:00,6470.892,6480.997,6469.935,6480.972,450,178,0,450
2025-01-09 10:45:00,6480.548,6481.932,6477.642,6480.003,448,178,0,448
2025-01-09 11:00:00,6480.086,6482.769,6478.516,6478.785,450,178,0,450
2025-01-09 11:15:00,6478.623,6482.459,6478.615,6480.79,450,178,0,450
2025-01-09 11:30:00,6480.564,6486.701,6480.135,6486.354,448,178,0,448
2025-01-09 11:45:00,6486.436,6486.662,6482.852,6482.852,449,178,0,449
2025-01-09 12:00:00,6482.393,6484.766,6480.327,6482.631,449,178,0,449
2025-01-09 12:15:00,6482.461,6485.176,6481.743,6483.683,448,178,0,448
2025-01-09 12:30:00,6483.479,6488.28,6480.879,6487.659,448,178,0,448
2025-01-09 12:45:00,6487.832,6489.729,6485.849,6487.169,448,178,0,448
2025-01-09 13:00:00,6487.321,6487.321,6479.641,6482.497,448,178,0,448
2025-01-09 13:15:00,6482.3,6483.303,6479.394,6481.98,449,178,0,449
2025-01-09 13:30:00,6482.017,6484.584,6478.201,6478.201,448,178,0,448
2025-01-09 13:45:00,6477.929,6482.259,6475.659,6480.117,448,178,0,448
2025-01-09 14:00:00,6480.204,6483.051,6478.533,6480.068,449,178,0,449
2025-01-09 14:15:00,6480.204,6480.798,6478.43,6478.504,449,178,0,449
2025-01-09 14:30:00,6478.737,6484.993,6478.737,6483.231,448,178,0,448
2025-01-09 14:45:00,6483.348,6490.996,6483.194,6489.047,450,178,0,450
2025-01-09 15:00:00,6489.235,6495.668,6488.869,6494.352,448,178,0,448
2025-01-09 15:15:00,6494.331,6495.13,6488.92,6489.265,449,178,0,449
2025-01-09 15:30:00,6489.124,6491.894,6487.043,6488.103,447,178,0,447
2025-01-09 15:45:00,6488.234,6489.285,6479.977,6482.92,449,178,0,449
2025-01-09 16:00:00,6482.75,6483.693,6478.176,6479.186,450,178,0,450
2025-01-09 16:15:00,6478.988,6482.61,6478.898,6482.074,447,178,0,447
2025-01-09 16:30:00,6481.786,6486.287,6480.549,6484.448,449,178,0,449
2025-01-09 16:45:00,6484.324,6489.664,6483.345,6486.783,449,178,0,449
2025-01-09 17:00:00,6486.7,6488.012,6484.764,6484.898,447,178,0,447
2025-01-09 17:15:00,6484.852,6491.448,6484.77,6489.711,450,178,0,450
2025-01-09 17:30:00,6489.799,6491.168,6487.398,6488.212,450,178,0,450
2025-01-09 17:45:00,6488.23,6488.286,6480.677,6483.499,449,178,0,449
2025-01-09 18:00:00,6483.632,6483.925,6481.046,6483.362,449,178,0,449
2025-01-09 18:15:00,6483.299,6488.565,6482.746,6483.208,447,178,0,447
2025-01-09 18:30:00,6483.186,6485.193,6482.073,6484.138,450,178,0,450
2025-01-09 18:45:00,6483.976,6488.545,6482.875,6486.453,450,178,0,450
2025-01-09 19:00:00,6486.741,6489.325,6483.833,6489.325,449,178,0,449
2025-01-09 19:15:00,6489.154,6490.603,6487.567,6490.287,450,178,0,450
2025-01-09 19:30:00,6490.09,6490.252,6486.436,6487.093,449,178,0,449
2025-01-09 19:45:00,6486.987,6487.417,6484.466,6487.305,449,178,0,449
2025-01-09 20:00:00,6487.303,6492.949,6485.464,6492.054,449,178,0,449
2025-01-09 20:15:00,6492.052,6496.178,6490.653,6495.126,450,178,0,450
2025-01-09 20:30:00,6495.209,6496.894,6492.833,6493.213,449,178,0,449
2025-01-09 20:45:00,6493.013,6495.337,6490.854,6494.779,447,178,0,447
2025-01-09 21:00:00,6494.818,6495.249,6490.442,6491.178,449,178,0,449
2025-01-09 21:15:00,6491.065,6492.549,6488.769,6490.908,449,178,0,449
2025-01-09 21:30:00,6490.746,6496.904,6490.085,6494.818,449,178,0,449
2025-01-09 21:45:00,6495.02,6495.02,6491.859,6493.023,449,178,0,449
2025-01-09 22:00:00,6492.902,6493.695,6489.393,6490.714,449,178,0,449
2025-01-09 22:15:00,6490.813,6492.953,6489.477,6492.339,446,178,0,446
2025-01-09 22:30:00,6492.271,6499.459,6491.772,6499.459,449,178,0,449
2025-01-09 22:45:00,6499.676,6500.884,6494.981,6495.697,450,178,0,450
2025-01-09 23:00:00,6495.673,6497.612,6494.276,6497.218,449,178,0,449
2025-01-09 23:15:00,6497.307,6499.63,6495.518,6499.018,450,178,0,450
2025-01-09 23:30:00,6498.912,6499.554,6492.776,6493.466,446,178,0,446
2025-01-09 23:45:00,6493.648,6497.963,6493.093,6494.797,449,178,0,449
2025-01-10 00:00:00,6494.908,6495.61,6489.171,6489.841,447,178,0,447
2025-01-10 00:15:00,6489.812,6490.487,6484.046,6486.183,449,178,0,449
2025-01-10 00:30:00,6486.315,6486.486,6481.199,6481.962,450,178,0,450
2025-01-10 00:45:00,6481.955,6482.155,6478.792,6479.441,446,178,0,446
2025-01-10 01:00:00,6479.602,6482.964,6478.271,6479.91,450,178,0,450
2025-01-10 01:15:00,6479.645,6487.254,6478.848,6486.385,449,178,0,449
2025-01-10 01:30:00,6486.292,6486.38,6479.134,6479.47,448,178,0,448
2025-01-10 01:45:00,6479.216,6487.172,6479.208,6486.113,448,178,0,448
2025-01-10 02:00:00,6486.096,6489.153,6482.9,6487.473,449,178,0,449
2025-01-10 02:15:00,6487.409,6487.572,6481.122,6481.272,447,178,0,447
2025-01-10 02:30:00,6481.29,6481.29,6477.52,6480.448,450,178,0,450
2025-01-10 02:45:00,6480.251,6480.313,6470.667,6470.725,448,178,0,448
2025-01-10 03:00:00,6470.633,6472.482,6466.482,6466.772,450,178,0,450
2025-01-10 03:15:00,6466.469,6469.362,6465.057,6467.226,450,178,0,450
2025-01-10 03:30:00,6467.29,6469.603,6466.207,6469.026,449,178,0,449
2025-01-10 03:45:00,6468.987,6470.06,6466.214,6466.752,450,178,0,450
2025-01-10 04:00:00,6466.874,6468.35,6461.618,6463.465,449,178,0,449
2025-01-10 04:15:00,6463.352,6466.752,6461.265,6461.92,446,178,0,446
2025-01-10 04:30:00,6462.257,6465.673,6461.062,6461.538,449,178,0,449
2025-01-10 04:45:00,6461.651,6468.737,6461.433,6467.981,450,178,0,450
2025-01-10 05:00:00,6468.231,6470.451,6465.587,6466.605,450,178,0,450
2025-01-10 05:15:00,6466.54,6466.591,6459.694,6463.309,448,178,0,448
2025-01-10 05:30:00,6463.209,6464.204,6460.518,6460.654,450,178,0,450
2025-01-10 05:45:00,6460.415,6465.603,6460.24,6461.633,449,178,0,449
2025-01-10 06:00:00,6461.826,6462.628,6457.869,6460.959,450,178,0,450
2025-01-10 06:15:00,6461.245,6464.405,6460.605,6463.762,449,178,0,449
2025-01-10 06:30:00,6464.021,6468.413,6463.24,6464.413,449,178,0,449
2025-01-10 06:45:00,6464.44,6465.758,6461.037,6462.515,448,178,0,448
2025-01-10 07:00:00,6462.655,6465.303,6460.201,6460.41,450,178,0,450
2025-01-10 07:15:00,6460.105,6461.676,6457.918,6459.884,449,178,0,449
2025-01-10 07:30:00,6460.034,6460.25,6456.146,6458.228,449,178,0,449
2025-01-10 07:45:00,6457.974,6460.599,6457.035,6459.088,450,178,0,450
2025-01-10 08:00:00,6459.146,6459.547,6453.567,6453.806,448,178,0,448
2025-01-10 08:15:00,6453.988,6459.222,6453.279,6456.906,450,178,0,450
2025-01-10 08:30:00,6456.957,6460.028,6453.118,6454.915,449,178,0,449
2025-01-10 08:45:00,6454.877,6456.644,6453.029,6454.193,449,178,0,449
2025-01-10 09:00:00,6454.234,6457.294,6454.039,6455.36,448,178,0,448
2025-01-10 09:15:00,6455.149,6456.712,6449.508,6450.389,450,178,0,450
2025-01-10 09:30:00,6450.528,6452.168,6449.107,6452.168,449,178,0,449
2025-01-10 09:45:00,6452.298,6454.761,6449.792,6453.639,448,178,0,448
2025-01-10 10:00:00,6453.804,6456.927,6453.213,6455.13,450,178,0,450
2025-01-10 10:15:00,6454.958,6458.803,6453.766,6456.871,449,178,0,449
2025-01-10 10:30:00,6456.972,6460.946,6455.402,6460.531,449,178,0,449
2025-01-10 10:45:00,6460.414,6461.698,6457.758,6459.995,449,178,0,449
2025-01-10 11:00:00,6460.072,6460.887,6455.982,6456.566,449,178,0,449
2025-01-10 11:15:00,6456.657,6456.657,6450.138,6452.857,450,178,0,450
2025-01-10 11:30:00,6452.657,6454.969,6450.525,6453.464,448,178,0,448
2025-01-10 11:45:00,6453.539,6455.819,6451.463,6452.636,449,178,0,449
2025-01-10 12:00:00,6452.583,6453.04,6447.571,6452.385,449,178,0,449
2025-01-10 12:15:00,6452.236,6453.91,6448.56,6449.972,449,178,0,449
2025-01-10 12:30:00,6450.254,6451.123,6445.526,6450.041,449,178,0,449
2025-01-10 12:45:00,6450.275,6453.711,6448.759,6452.05,449,178,0,449
2025-01-10 13:00:00,6452.217,6453.62,6446.753,6447.843,449,178,0,449
2025-01-10 13:15:00,6447.8,6451.24,6446.956,6449.314,448,178,0,448
2025-01-10 13:30:00,6449.284,6452.034,6447.769,6447.857,446,178,0,446
2025-01-10 13:45:00,6447.763,6451.817,6446.61,6451.591,450,178,0,450
2025-01-10 14:00:00,6451.379,6452.065,6447.12,6448.867,449,178,0,449
2025-01-10 14:15:00,6448.829,6450.058,6446.574,6448.741,449,178,0,449
2025-01-10 14:30:00,6448.94,6451.32,6447.243,6450.71,450,178,0,450
2025-01-10 14:45:00,6451.087,6459.332,6451.02,6458.627,449,178,0,449
2025-01-10 15:00:00,6458.758,6467.068,6458.758,6467.068,449,178,0,449
2025-01-10 15:15:00,6467.14,6472.939,6467.14,6472.939,450,178,0,450
2025-01-10 15:30:00,6473.014,6475.797,6472.05,6474.61,450,178,0,450
2025-01-10 15:45:00,6474.604,6479.106,6473.597,6476.864,449,178,0,449
2025-01-10 16:00:00,6476.788,6477.449,6474.915,6476.0,448,178,0,448
2025-01-10 16:15:00,6476.278,6476.446,6469.241,6469.55,449,178,0,449
2025-01-10 16:30:00,6469.44,6470.642,6466.989,6468.029,450,178,0,450
2025-01-10 16:45:00,6467.617,6467.933,6462.587,6463.105,449,178,0,449
2025-01-10 17:00:00,6463.25,6470.495,6463.25,6468.727,450,178,0,450
2025-01-10 17:15:00,6468.398,6472.108,6467.484,6471.439,449,178,0,449
2025-01-10 17:30:00,6471.412,6477.776,6470.392,6477.139,450,178,0,450
2025-01-10 17:45:00,6476.993,6479.105,6471.801,6471.801,450,178,0,450
2025-01-10 18:00:00,6471.635,6474.231,6470.975,6471.863,449,178,0,449
2025-01-10 18:15:00,6471.529,6471.782,6466.498,6468.204,449,178,0,449
2025-01-10 18:30:00,6468.164,6469.923,6466.237,6467.854,450,178,0,450
2025-01-10 18:45:00,6467.908,6470.689,6466.628,6467.946,449,178,0,449
2025-01-10 19:00:00,6468.167,6472.535,6465.655,6472.459,449,178,0,449
2025-01-10 19:15:00,6472.567,6476.267,6471.373,6472.616,450,178,0,450
2025-01-10 19:30:00,6472.694,6473.348,6462.175,6462.489,448,178,0,448
2025-01-10 19:45:00,6462.285,6465.827,6460.026,6460.248,449,178,0,449
2025-01-10 20:00:00,6460.381,6462.54,6458.329,6458.33,449,178,0,449
2025-01-10 20:15:00,6458.213,6459.242,6450.819,6450.854,449,178,0,449
2025-01-10 20:30:00,6450.712,6451.204,6446.373,6447.771,449,178,0,449
2025-01-10 20:45:00,6447.774,6448.906,6442.996,6444.799,450,178,0,450
2025-01-10 21:00:00,6444.774,6447.474,6443.126,6446.4,450,178,0,450
2025-01-10 21:15:00,6446.383,6448.921,6444.686,6446.96,449,178,0,449
2025-01-10 21:30:00,6446.934,6449.743,6445.365,6446.024,448,178,0,448
2025-01-10 21:45:00,6446.171,6447.796,6441.283,6441.526,449,178,0,449
2025-01-10 22:00:00,6441.846,6444.432,6439.613,6440.045,448,178,0,448
2025-01-10 22:15:00,6440.009,6442.518,6438.621,6439.901,449,178,0,449
2025-01-10 22:30:00,6439.9,6439.9,6430.667,6431.918,449,178,0,449
2025-01-10 22:45:00,6431.873,6431.873,6426.092,6426.495,448,178,0,448
2025-01-10 23:00:00,6426.337,6428.363,6425.361,6426.638,449,178,0,449
2025-01-10 23:15:00,6426.738,6431.361,6424.088,6430.011,448,178,0,448
2025-01-10 23:30:00,6429.845,6433.491,6428.425,6431.804,449,178,0,449
2025-01-10 23:45:00,6431.74,6434.477,6430.2,6430.267,450,178,0,450
2025-01-11 00:00:00,6430.179,6430.561,6426.28,6429.073,450,178,0,450
2025-01-11 00:15:00,6429.239,6429.653,6426.872,6428.124,449,178,0,449
2025-01-11 00:30:00,6428.129,6428.429,6421.388,6422.004,448,178,0,448
2025-01-11 00:45:00,6422.159,6422.247,6414.974,6416.137,450,178,0,450
2025-01-11 01:00:00,6416.301,6418.443,6414.617,6418.443,448,178,0,448
2025-01-11 01:15:00,6418.444,6423.249,6418.341,6423.089,450,178,0,450
2025-01-11 01:30:00,6423.24,6425.289,6419.726,6423.736,449,178,0,449
2025-01-11 01:45:00,6423.676,6424.145,6419.442,6423.106,449,178,0,449
2025-01-11 02:00:00,6422.924,6423.63,6419.35,6420.957,448,178,0,448
2025-01-11 02:15:00,6420.673,6421.854,6416.897,6418.065,450,178,0,450
2025-01-11 02:30:00,6417.924,6420.382,6416.469,6420.343,450,178,0,450
2025-01-11 02:45:00,6420.283,6422.045,6418.256,6420.173,449,178,0,449
2025-01-11 03:00:00,6420.141,6420.279,6414.206,6415.988,449,178,0,449
2025-01-11 03:15:00,6415.673,6417.293,6410.08,6410.679,450,178,0,450
2025-01-11 03:30:00,6410.494,6410.81,6406.64,6408.333,450,178,0,450
2025-01-11 03:45:00,6408.258,6409.924,6403.82,6404.686,449,178,0,449
2025-01-11 04:00:00,6404.713,6404.713,6400.75,6402.943,449,178,0,449
2025-01-11 04:15:00,6402.709,6412.106,6402.039,6412.106,449,178,0,449
2025-01-11 04:30:00,6411.993,6418.595,6411.612,6417.951,449,178,0,449
2025-01-11 04:45:00,6417.967,6422.237,6416.574,6418.714,450,178,0,450
2025-01-11 05:00:00,6418.505,6419.962,6415.122,6416.451,449,178,0,449
2025-01-11 05:15:00,6416.267,6416.428,6412.62,6415.135,450,178,0,450
2025-01-11 05:30:00,6415.457,6415.612,6412.12,6412.551,446,178,0,446
2025-01-11 05:45:00,6412.619,6420.741,6412.438,6419.048,449,178,0,449
2025-01-11 06:00:00,6419.053,6424.052,6418.181,6421.522,449,178,0,449
2025-01-11 06:15:00,6421.599,6422.49,6417.637,6421.167,449,178,0,449
2025-01-11 06:30:00,6421.183,6423.289,6419.035,6421.395,449,178,0,449
2025-01-11 06:45:00,6421.312,6425.386,6419.94,6423.798,449,178,0,449
2025-01-11 07:00:00,6423.825,6428.438,6423.05,6425.684,448,178,0,448
2025-01-11 07:15:00,6425.798,6430.837,6425.691,6430.604,450,178,0,450
2025-01-11 07:30:00,6430.495,6433.793,6430.217,6432.572,448,178,0,448
2025-01-11 07:45:00,6432.559,6434.149,6430.032,6432.201,448,178,0,448
2025-01-11 08:00:00,6432.367,6437.725,6431.884,6434.41,449,178,0,449
2025-01-11 08:15:00,6434.595,6438.589,6432.667,6436.057,450,178,0,450
2025-01-11 08:30:00,6435.824,6436.394,6428.651,6428.918,447,178,0,447
2025-01-11 08:45:00,6428.851,6431.098,6425.112,6425.855,449,178,0,449
2025-01-11 09:00:00,6425.851,6428.357,6424.107,6428.357,447,178,0,447
2025-01-11 09:15:00,6428.772,6429.466,6424.758,6426.275,449,178,0,449
2025-01-11 09:30:00,6426.268,6430.331,6426.268,6427.502,448,178,0,448
2025-01-11 09:45:00,6427.259,6429.417,6425.052,6429.417,450,178,0,450
2025-01-11 10:00:00,6429.797,6430.233,6426.751,6429.37,448,178,0,448
2025-01-11 10:15:00,6429.63,6433.928,6427.681,6430.149,449,178,0,449
2025-01-11 10:30:00,6430.406,6436.068,6429.125,6435.388,450,178,0,450
2025-01-11 10:45:00,6435.365,6438.343,6434.555,6435.89,450,178,0,450
2025-01-11 11:00:00,6435.914,6436.3,6431.099,6433.293,448,178,0,448
2025-01-11 11:15:00,6433.313,6437.51,6432.34,6437.51,448,178,0,448
2025-01-11 11:30:00,6437.383,6437.383,6432.563,6435.116,448,178,0,448
2025-01-11 11:45:00,6434.796,6435.315,6430.236,6434.84,450,178,0,450
2025-01-11 12:00:00,6434.919,6439.009,6434.649,6435.387,450,178,0,450
2025-01-11 12:15:00,6435.161,6439.526,6435.009,6437.458,449,178,0,449
2025-01-11 12:30:00,6437.544,6439.526,6435.694,6436.1,450,178,0,450
2025-01-11 12:45:00,6436.011,6438.18,6433.792,6434.992,448,178,0,448
2025-01-11 13:00:00,6435.249,6438.053,6432.9,6436.907,450,178,0,450
2025-01-11 13:15:00,6436.92,6442.496,6435.955,6441.706,449,178,0,449
2025-01-11 13:30:00,6442.013,6442.013,6433.338,6434.25,449,178,0,449
2025-01-11 13:45:00,6434.067,6434.196,6429.424,6430.415,447,178,0,447
2025-01-11 14:00:00,6430.439,6430.482,6426.433,6427.914,449,178,0,449
2025-01-11 14:15:00,6427.754,6432.029,6427.754,6429.881,450,178,0,450
2025-01-11 14:30:00,6429.68,6430.1,6427.535,6428.378,450,178,0,450
2025-01-11 14:45:00,6428.493,6430.058,6426.044,6429.36,449,178,0,449
2025-01-11 15:00:00,6429.419,6431.178,6427.682,6427.812,447,178,0,447
2025-01-11 15:15:00,6428.068,6430.009,6426.164,6426.826,450,178,0,450
2025-01-11 15:30:00,6426.918,6432.151,6424.314,6431.082,450,178,0,450
2025-01-11 15:45:00,6431.054,6431.129,6426.833,6430.033,448,178,0,448
2025-01-11 16:00:00,6430.085,6431.041,6427.348,6429.101,450,178,0,450
2025-01-11 16:15:00,6429.086,6429.715,6425.496,6425.518,450,178,0,450
2025-01-11 16:30:00,6425.693,6426.523,6423.341,6424.636,450,178,0,450
2025-01-11 16:45:00,6424.797,6427.546,6420.327,6425.178,449,178,0,449
2025-01-11 17:00:00,6425.04,6426.839,6421.032,6423.005,449,178,0,449
2025-01-11 17:15:00,6423.247,6423.461,6410.902,6411.026,449,178,0,449
2025-01-11 17:30:00,6410.737,6414.782,6410.062,6413.747,450,178,0,450
2025-01-11 17:45:00,6413.822,6415.214,6408.706,6409.976,449,178,0,449
2025-01-11 18:00:00,6410.334,6418.298,6409.044,6417.513,448,178,0,448
2025-01-11 18:15:00,6417.528,6421.616,6417.518,6421.616,447,178,0,447
2025-01-11 18:30:00,6421.64,6423.04,6419.134,6419.319,450,178,0,450
2025-01-11 18:45:00,6419.274,6423.351,6418.243,6422.344,450,178,0,450
2025-01-11 19:00:00,6422.437,6424.587,6415.93,6416.075,449,178,0,449
2025-01-11 19:15:00,6416.185,6417.163,6412.581,6416.051,447,178,0,447
2025-01-11 19:30:00,6416.119,6418.588,6411.97,6413.14,448,178,0,448
2025-01-11 19:45:00,6413.255,6415.796,6412.547,6413.2,450,178,0,450
2025-01-11 20:00:00,6413.125,6414.49,6408.878,6408.878,449,178,0,449
2025-01-11 20:15:00,6408.813,6411.158,6405.823,6405.823,449,178,0,449
2025-01-11 20:30:00,6405.503,6405.503,6400.698,6403.704,448,178,0,448
2025-01-11 20:45:00,6403.812,6408.055,6403.33,6406.785,449,178,0,449
2025-01-11 21:00:00,6406.921,6408.933,6405.517,6405.92,450,178,0,450
2025-01-11 21:15:00,6405.868,6411.685,6405.626,6410.272,449,178,0,449
2025-01-11 21:30:00,6410.363,6411.794,6406.241,6406.269,447,178,0,447
2025-01-11 21:45:00,6406.312,6409.0,6405.062,6408.773,449,178,0,449
2025-01-11 22:00:00,6408.84,6409.937,6406.955,6409.391,448,178,0,448
2025-01-11 22:15:00,6409.667,6409.775,6406.941,6408.374,450,178,0,450
2025-01-11 22:30:00,6408.4,6408.653,6402.059,6402.119,449,178,0,449
2025-01-11 22:45:00,6402.549,6403.274,6400.194,6402.322,450,178,0,450
2025-01-11 23:00:00,6402.293,6402.73,6399.582,6400.759,450,178,0,450
2025-01-11 23:15:00,6400.658,6402.33,6398.438,6402.33,450,178,0,450
2025-01-11 23:30:00,6402.101,6403.821,6397.27,6398.348,449,178,0,449
2025-01-11 23:45:00,6398.253,6404.194,6396.76,6403.585,450,178,0,450
2025-01-12 00:00:00,6403.548,6403.6,6397.661,6398.966,449,178,0,449
2025-01-12 00:15:00,6398.852,6404.037,6398.595,6401.287,448,178,0,448
2025-01-12 00:30:00,6401.115,6403.792,6396.29,6397.754,448,178,0,448
2025-01-12 00:45:00,6397.855,6399.865,6396.559,6398.698,450,178,0,450
2025-01-12 01:00:00,6398.888,6399.269,6394.115,6394.374,449,178,0,449
2025-01-12 01:15:00,6394.388,6399.522,6393.674,6396.684,446,178,0,446
2025-01-12 01:30:00,6396.628,6396.882,6394.021,6394.625,449,178,0,449
2025-01-12 01:45:00,6394.87,6397.818,6394.37,6395.881,449,178,0,449
2025-01-12 02:00:00,6395.739,6396.355,6391.444,6395.48,450,178,0,450
2025-01-12 02:15:00,6395.329,6396.671,6393.238,6394.139,450,178,0,450
2025-01-12 02:30:00,6394.048,6398.038,6390.487,6397.426,448,178,0,448
2025-01-12 02:45:00,6397.478,6403.575,6397.175,6403.516,450,178,0,450
2025-01-12 03:00:00,6403.373,6405.802,6402.071,6404.603,450,178,0,450
2025-01-12 03:15:00,6404.69,6411.156,6404.196,6410.81,447,178,0,447
2025-01-12 03:30:00,6411.072,6416.165,6407.971,6415.295,448,178,0,448
2025-01-12 03:45:00,6415.466,6420.735,6414.458,6420.507,449,178,0,449
2025-01-12 04:00:00,6420.489,6422.069,6417.763,6420.496,449,178,0,449
2025-01-12 04:15:00,6420.575,6422.339,6418.008,6418.254,450,178,0,450
2025-01-12 04:30:00,6418.366,6422.358,6417.779,6420.595,447,178,0,447
2025-01-12 04:45:00,6420.373,6422.287,6419.083,6421.028,449,178,0,449
2025-01-12 05:00:00,6421.028,6424.128,6418.419,6423.397,450,178,0,450
2025-01-12 05:15:00,6423.344,6425.426,6421.087,6421.47,449,178,0,449
2025-01-12 05:30:00,6421.595,6421.686,6416.91,6420.11,449,178,0,449
2025-01-12 05:45:00,6419.76,6422.608,6417.866,6422.023,449,178,0,449
2025-01-12 06:00:00,6422.138,6425.596,6421.12,6424.887,450,178,0,450
2025-01-12 06:15:00,6424.9,6427.469,6424.353,6424.91,449,178,0,449
2025-01-12 06:30:00,6424.68,6427.823,6424.169,6426.689,450,178,0,450
2025-01-12 06:45:00,6426.537,6428.094,6424.908,6424.908,449,178,0,449
2025-01-12 07:00:00,6424.784,6429.908,6423.166,6428.261,449,178,0,449
2025-01-12 07:15:00,6428.102,6430.235,6427.234,6429.836,449,178,0,449
2025-01-12 07:30:00,6429.89,6431.674,6428.533,6430.883,450,178,0,450
2025-01-12 07:45:00,6431.225,6436.593,6430.78,6434.015,448,178,0,448
2025-01-12 08:00:00,6434.307,6438.558,6434.234,6437.024,450,178,0,450
2025-01-12 08:15:00,6437.319,6438.064,6433.733,6434.837,448,178,0,448
2025-01-12 08:30:00,6434.944,6435.959,6431.99,6433.646,448,178,0,448
2025-01-12 08:45:00,6433.19,6441.055,6430.835,6438.119,449,178,0,449
2025-01-12 09:00:00,6438.181,6443.406,6437.568,6440.544,450,178,0,450
2025-01-12 09:15:00,6440.685,6441.307,6436.578,6438.52,448,178,0,448
2025-01-12 09:30:00,6438.459,6442.628,6437.188,6441.843,447,178,0,447
2025-01-12 09:45:00,6441.781,6444.095,6440.786,6443.671,449,178,0,449
2025-01-12 10:00:00,6443.623,6446.254,6441.91,6443.547,449,178,0,449
2025-01-12 10:15:00,6443.391,6445.049,6440.862,6442.93,448,178,0,448
2025-01-12 10:30:00,6442.834,6443.584,6438.746,6440.157,448,178,0,448
2025-01-12 10:45:00,6440.229,6440.282,6435.151,6436.268,450,178,0,450
2025-01-12 11:00:00,6436.033,6438.275,6432.986,6436.672,448,178,0,448
2025-01-12 11:15:00,6436.49,6439.313,6436.269,6437.397,449,178,0,449
2025-01-12 11:30:00,6437.625,6438.094,6432.469,6433.037,450,178,0,450
2025-01-12 11:45:00,6433.153,6438.728,6431.992,6438.117,449,178,0,449
2025-01-12 12:00:00,6438.08,6440.798,6436.161,6440.02,450,178,0,450
2025-01-12 12:15:00,6439.977,6440.835,6435.019,6435.895,448,178,0,448
2025-01-12 12:30:00,6436.003,6437.829,6433.41,6434.787,450,178,0,450
2025-01-12 12:45:00,6434.63,6436.851,6431.182,6431.182,450,178,0,450
2025-01-12 13:00:00,6431.222,6431.8,6429.096,6429.528,449,178,0,449
2025-01-12 13:15:00,6429.439,6430.192,6427.029,6428.121,450,178,0,450
2025-01-12 13:30:00,6427.869,6429.669,6425.978,6429.184,450,178,0,450
2025-01-12 13:45:00,6429.231,6431.844,6425.716,6431.074,448,178,0,448
2025-01-12 14:00:00,6431.202,6436.268,6431.202,6434.531,448,178,0,448
2025-01-12 14:15:00,6434.331,6434.856,6430.036,6434.531,450,178,0,450
2025-01-12 14:30:00,6434.789,6440.133,6433.101,6438.922,448,178,0,448
2025-01-12 14:45:00,6438.967,6442.897,6437.633,6442.694,449,178,0,449
2025-01-12 15:00:00,6443.019,6445.372,6437.364,6437.926,450,178,0,450
2025-01-12 15:15:00,6437.734,6443.285,6437.32,6441.555,449,178,0,449
2025-01-12 15:30:00,6441.687,6444.26,6438.662,6443.769,450,178,0,450
2025-01-12 15:45:00,6443.906,6445.333,6442.036,6442.818,449,178,0,449
2025-01-12 16:00:00,6442.997,6444.456,6438.544,6440.588,449,178,0,449
2025-01-12 16:15:00,6440.525,6442.435,6438.763,6441.256,450,178,0,450
2025-01-12 16:30:00,6441.369,6442.341,6436.307,6436.702,447,178,0,447
2025-01-12 16:45:00,6436.566,6438.655,6435.535,6438.214,447,178,0,447
2025-01-12 17:00:00,6437.767,6438.137,6435.161,6438.053,447,178,0,447
2025-01-12 17:15:00,6437.894,6441.042,6437.165,6437.903,450,178,0,450
2025-01-12 17:30:00,6437.88,6440.905,6436.905,6440.46,449,178,0,449
2025-01-12 17:45:00,6440.351,6443.691,6438.878,6443.654,450,178,0,450
2025-01-12 18:00:00,6443.571,6448.426,6443.503,6445.513,448,178,0,448
2025-01-12 18:15:00,6445.394,6447.147,6443.888,6444.159,448,178,0,448
2025-01-12 18:30:00,6444.332,6444.871,6440.827,6443.856,448,178,0,448
2025-01-12 18:45:00,6443.636,6446.147,6441.528,6444.292,449,178,0,449
2025-01-12 19:00:00,6444.666,6445.076,6441.539,6441.88,449,178,0,449
2025-01-12 19:15:00,6441.963,6443.299,6439.557,6440.153,449,178,0,449
2025-01-12 19:30:00,6440.107,6443.206,6438.206,6439.343,450,178,0,450
2025-01-12 19:45:00,6439.418,6441.315,6436.687,6437.133,449,178,0,449
2025-01-12 20:00:00,6437.502,6440.025,6434.41,6439.792,450,178,0,450
2025-01-12 20:15:00,6439.726,6440.893,6437.352,6437.903,448,178,0,448
2025-01-12 20:30:00,6437.836,6443.349,6437.036,6438.873,449,178,0,449
2025-01-12 20:45:00,6438.99,6440.708,6435.491,6440.708,448,178,0,448
2025-01-12 21:00:00,6440.592,6443.373,6439.488,6442.452,447,178,0,447
2025-01-12 21:15:00,6442.725,6443.384,6438.966,6441.912,449,178,0,449
2025-01-12 21:30:00,6441.607,6444.896,6438.957,6439.577,450,178,0,450
2025-01-12 21:45:00,6439.591,6440.534,6436.746,6437.182,450,178,0,450
2025-01-12 22:00:00,6437.211,6440.29,6435.009,6436.172,450,178,0,450
2025-01-12 22:15:00,6436.203,6437.647,6434.047,6436.668,448,178,0,448
2025-01-12 22:30:00,6436.467,6438.084,6434.896,6436.718,449,178,0,449
2025-01-12 22:45:00,6436.336,6437.412,6434.628,6436.508,447,178,0,447
2025-01-12 23:00:00,6436.63,6440.49,6436.597,6437.076,449,178,0,449
2025-01-12 23:15:00,6437.219,6438.105,6432.536,6436.305,448,178,0,448
2025-01-12 23:30:00,6436.177,6436.195,6431.561,6432.224,448,178,0,448
2025-01-12 23:45:00,6432.237,6435.434,6429.612,6432.126,450,178,0,450
2025-01-13 00:00:00,6432.263,6433.236,6425.214,6426.079,450,178,0,450
2025-01-13 00:15:00,6425.995,6428.266,6424.114,6425.662,449,178,0,449
2025-01-13 00:30:00,6425.415,6431.937,6424.843,6431.377,450,178,0,450
2025-01-13 00:45:00,6431.053,6440.55,6430.261,6439.832,450,178,0,450
2025-01-13 01:00:00,6439.913,6441.083,6434.332,6434.64,447,178,0,447
2025-01-13 01:15:00,6434.685,6438.153,6434.083,6437.609,449,178,0,449
2025-01-13 01:30:00,6437.678,6443.581,6436.848,6443.12,449,178,0,449
2025-01-13 01:45:00,6442.917,6445.633,6442.206,6442.927,449,178,0,449
2025-01-13 02:00:00,6442.871,6450.185,6441.622,6448.317,449,178,0,449
2025-01-13 02:15:00,6448.248,6451.411,6447.024,6450.435,450,178,0,450
2025-01-13 02:30:00,6450.438,6451.445,6446.014,6451.19,450,178,0,450
2025-01-13 02:45:00,6450.995,6452.419,6448.209,6448.271,450,178,0,450
2025-01-13 03:00:00,6448.455,6453.055,6447.465,6450.14,449,178,0,449
2025-01-13 03:15:00,6450.081,6450.708,6445.77,6447.387,448,178,0,448
2025-01-13 03:30:00,6447.619,6451.734,6447.347,6450.168,447,178,0,447
2025-01-13 03:45:00,6449.916,6454.648,6449.229,6454.018,446,178,0,446
2025-01-13 04:00:00,6454.372,6456.533,6452.752,6454.311,449,179,0,449
2025-01-13 04:15:00,6454.211,6455.147,6451.741,6454.713,450,179,0,450
2025-01-13 04:30:00,6454.561,6457.088,6447.836,6450.537,448,179,0,448
2025-01-13 04:45:00,6450.283,6450.577,6446.757,6450.577,449,179,0,449
2025-01-13 05:00:00,6450.822,6450.822,6446.22,6447.303,449,179,0,449
2025-01-13 05:15:00,6447.123,6450.56,6446.778,6450.437,450,179,0,450
2025-01-13 05:30:00,6450.606,6453.053,6448.88,6451.579,449,179,0,449
2025-01-13 05:45:00,6451.291,6457.507,6448.541,6456.237,449,179,0,449
2025-01-13 06:00:00,6456.079,6467.053,6456.079,6462.793,447,179,0,447
2025-01-13 06:15:00,6462.69,6463.779,6461.253,6463.539,389,179,0,389
2025-01-13 06:30:00,6464.086,6464.235,6460.923,6461.261,101,179,0,101
2025-01-13 06:45:00,6461.267,6465.901,6460.269,6463.079,450,179,0,450
2025-01-13 07:00:00,6462.943,6465.244,6460.576,6461.335,449,179,0,449
2025-01-13 07:15:00,6461.547,6463.591,6460.395,6461.205,448,179,0,448
2025-01-13 07:30:00,6461.044,6461.854,6456.506,6460.651,450,179,0,450
2025-01-13 07:45:00,6460.639,6463.28,6458.005,6460.281,450,179,0,450
2025-01-13 08:00:00,6460.244,6466.376,6459.396,6465.874,449,179,0,449
2025-01-13 08:15:00,6465.879,6470.464,6464.985,6469.311,449,179,0,449
2025-01-13 08:30:00,6469.318,6470.181,6465.188,6465.188,450,179,0,450
2025-01-13 08:45:00,6465.019,6469.394,6464.027,6467.779,449,179,0,449
2025-01-13 09:00:00,6467.727,6469.855,6466.305,6469.109,446,179,0,446
2025-01-13 09:15:00,6469.031,6470.437,6464.554,6464.626,450,179,0,450
2025-01-13 09:30:00,6464.642,6467.478,6461.449,6461.723,450,179,0,450
2025-01-13 09:45:00,6461.918,6466.892,6461.84,6462.859,450,179,0,450
2025-01-13 10:00:00,6462.814,6469.954,6460.864,6469.954,449,179,0,449
2025-01-13 10:15:00,6469.856,6471.632,6463.861,6466.256,450,179,0,450
2025-01-13 10:30:00,6466.251,6470.736,6465.322,6470.573,449,179,0,449
2025-01-13 10:45:00,6470.379,6478.096,6469.784,6474.115,450,179,0,450
2025-01-13 11:00:00,6474.297,6476.27,6470.084,6472.935,450,179,0,450
2025-01-13 11:15:00,6472.897,6474.902,6470.301,6472.583,450,179,0,450
2025-01-13 11:30:00,6472.507,6476.709,6471.345,6476.019,450,179,0,450
2025-01-13 11:45:00,6475.884,6481.734,6475.426,6481.103,449,179,0,449
2025-01-13 12:00:00,6481.167,6488.765,6480.978,6487.485,449,179,0,449
2025-01-13 12:15:00,6487.503,6490.519,6483.919,6483.919,450,179,0,450
2025-01-13 12:30:00,6483.993,6488.766,6483.32,6484.415,449,179,0,449
2025-01-13 12:45:00,6484.218,6485.158,6481.673,6482.652,450,179,0,450
2025-01-13 13:00:00,6482.632,6486.002,6481.228,6485.532,450,179,0,450
2025-01-13 13:15:00,6485.535,6488.424,6483.535,6485.011,450,179,0,450
2025-01-13 13:30:00,6485.042,6488.786,6482.884,6487.511,449,179,0,449
2025-01-13 13:45:00,6487.465,6488.054,6481.824,6481.824,448,179,0,448
2025-01-13 14:00:00,6481.901,6491.751,6480.858,6491.011,450,179,0,450
2025-01-13 14:15:00,6491.078,6495.03,6487.882,6487.882,450,179,0,450
2025-01-13 14:30:00,6488.056,6492.993,6487.503,6492.597,450,179,0,450
2025-01-13 14:45:00,6492.584,6492.817,6487.162,6490.807,448,179,0,448
2025-01-13 15:00:00,6491.005,6493.335,6489.025,6492.485,449,179,0,449
2025-01-13 15:15:00,6492.293,6492.331,6485.814,6488.031,449,179,0,449
2025-01-13 15:30:00,6488.033,6494.201,6487.552,6492.487,450,179,0,450
2025-01-13 15:45:00,6492.132,6494.662,6487.842,6487.842,449,179,0,449
2025-01-13 16:00:00,6487.662,6493.414,6484.866,6490.845,449,179,0,449
2025-01-13 16:15:00,6490.596,6495.293,6489.981,6494.671,450,179,0,450
2025-01-13 16:30:00,6494.702,6497.688,6493.445,6493.672,450,179,0,450
2025-01-13 16:45:00,6493.542,6494.98,6490.06,6492.692,449,179,0,449
2025-01-13 17:00:00,6492.674,6493.452,6482.227,6482.535,447,179,0,447
2025-01-13 17:15:00,6482.665,6486.163,6481.428,6486.163,450,179,0,450
2025-01-13 17:30:00,6486.225,6488.815,6483.521,6483.92,447,179,0,447
2025-01-13 17:45:00,6483.964,6490.014,6483.635,6488.573,449,179,0,449
2025-01-13 18:00:00,6488.481,6490.284,6486.503,6488.028,450,179,0,450
2025-01-13 18:15:00,6488.186,6489.602,6484.397,6486.812,449,179,0,449
2025-01-13 18:30:00,6486.607,6487.304,6480.689,6481.39,450,179,0,450
2025-01-13 18:45:00,6481.327,6482.808,6479.809,6481.966,450,179,0,450
2025-01-13 19:00:00,6482.07,6486.161,6480.505,6483.618,449,179,0,449
2025-01-13 19:15:00,6483.815,6485.915,6479.627,6480.263,448,179,0,448
2025-01-13 19:30:00,6480.36,6481.444,6474.092,6474.837,449,179,0,449
2025-01-13 19:45:00,6474.965,6477.498,6473.918,6476.211,449,179,0,449
2025-01-13 20:00:00,6476.235,6483.222,6475.513,6482.972,450,179,0,450
2025-01-13 20:15:00,6482.995,6487.528,6482.315,6483.375,447,179,0,447
2025-01-13 20:30:00,6483.542,6483.849,6480.478,6482.01,450,179,0,450
2025-01-13 20:45:00,6482.023,6482.22,6475.392,6477.497,449,179,0,449
2025-01-13 21:00:00,6477.433,6480.91,6476.737,6480.283,449,179,0,449
2025-01-13 21:15:00,6480.237,6480.794,6475.072,6476.828,448,179,0,448
2025-01-13 21:30:00,6477.063,6478.821,6471.955,6474.117,449,179,0,449
2025-01-13 21:45:00,6474.283,6477.699,6473.372,6473.372,450,179,0,450
2025-01-13 22:00:00,6473.591,6476.228,6472.156,6475.423,447,179,0,447
2025-01-13 22:15:00,6475.383,6475.906,6469.633,6471.157,448,179,0,448
2025-01-13 22:30:00,6471.092,6476.593,6470.939,6473.195,450,179,0,450
2025-01-13 22:45:00,6473.21,6474.557,6471.726,6474.237,448,179,0,448
2025-01-13 23:00:00,6474.172,6477.368,6472.144,6476.94,448,179,0,448
2025-01-13 23:15:00,6477.048,6478.096,6474.541,6476.104,447,179,0,447
2025-01-13 23:30:00,6476.312,6479.395,6475.398,6475.4,449,179,0,449
2025-01-13 23:45:00,6475.222,6482.807,6474.986,6480.786,450,179,0,450
2025-01-14 00:00:00,6481.241,6483.697,6479.251,6480.187,449,179,0,449
2025-01-14 00:15:00,6480.396,6485.962,6479.862,6484.613,448,179,0,448
2025-01-14 00:30:00,6484.535,6490.291,6484.242,6487.135,450,179,0,450
2025-01-14 00:45:00,6487.164,6493.281,6487.055,6492.975,450,179,0,450
2025-01-14 01:00:00,6492.948,6498.418,6492.784,6496.686,449,179,0,449
2025-01-14 01:15:00,6496.745,6498.461,6494.275,6494.502,449,179,0,449
2025-01-14 01:30:00,6494.551,6494.601,6489.97,6492.013,449,179,0,449
2025-01-14 01:45:00,6491.861,6492.471,6488.78,6490.204,450,179,0,450
2025-01-14 02:00:00,6489.994,6493.184,6488.212,6493.084,449,179,0,449
2025-01-14 02:15:00,6493.031,6493.248,6488.932,6488.935,449,179,0,449
2025-01-14 02:30:00,6489.149,6490.698,6486.488,6489.429,450,179,0,450
2025-01-14 02:45:00,6489.44,6494.743,6489.33,6494.338,449,179,0,449
2025-01-14 03:00:00,6494.356,6498.518,6492.489,6497.783,448,179,0,448
2025-01-14 03:15:00,6497.661,6499.615,6494.351,6496.205,450,179,0,450
2025-01-14 03:30:00,6496.253,6497.567,6492.91,6497.318,448,179,0,448
2025-01-14 03:45:00,6497.282,6497.626,6493.981,6494.966,449,179,0,449
2025-01-14 04:00:00,6494.578,6499.414,6493.374,6498.348,449,179,0,449
2025-01-14 04:15:00,6498.331,6500.767,6495.315,6500.585,449,179,0,449
2025-01-14 04:30:00,6500.395,6505.334,6500.395,6504.572,448,179,0,448
2025-01-14 04:45:00,6504.756,6505.911,6501.993,6504.368,450,179,0,450
2025-01-14 05:00:00,6504.28,6505.45,6501.351,6503.271,450,179,0,450
2025-01-14 05:15:00,6503.484,6504.892,6499.825,6501.228,450,179,0,450
2025-01-14 05:30:00,6501.11,6502.86,6499.918,6501.688,449,179,0,449
2025-01-14 05:45:00,6501.5,6502.698,6497.553,6499.172,449,179,0,449
2025-01-14 06:00:00,6499.272,6502.354,6496.149,6497.13,449,179,0,449
2025-01-14 06:15:00,6497.031,6497.775,6491.894,6496.591,449,179,0,449
2025-01-14 06:30:00,6496.464,6498.999,6495.197,6497.518,448,179,0,448
2025-01-14 06:45:00,6497.613,6498.433,6495.142,6497.627,449,179,0,449
2025-01-14 07:00:00,6497.472,6499.593,6494.763,6497.345,448,179,0,448
2025-01-14 07:15:00,6497.231,6499.196,6495.459,6498.157,449,179,0,449
2025-01-14 07:30:00,6498.317,6502.997,6497.978,6500.913,447,179,0,447
2025-01-14 07:45:00,6500.998,6501.979,6495.717,6500.04,448,179,0,448
2025-01-14 08:00:00,6500.163,6501.615,6493.228,6493.657,449,179,0,449
2025-01-14 08:15:00,6493.673,6494.934,6490.583,6490.937,449,179,0,449
2025-01-14 08:30:00,6490.997,6492.67,6489.34,6491.498,448,179,0,448
2025-01-14 08:45:00,6491.348,6493.668,6489.406,6493.452,449,179,0,449
2025-01-14 09:00:00,6493.393,6496.638,6492.978,6496.227,449,179,0,449
2025-01-14 09:15:00,6496.196,6498.18,6495.095,6496.486,449,179,0,449
2025-01-14 09:30:00,6496.444,6498.887,6496.025,6497.534,450,179,0,450
2025-01-14 09:45:00,6497.644,6498.168,6493.425,6496.212,449,179,0,449
2025-01-14 10:00:00,6496.381,6500.892,6495.086,6499.133,449,179,0,449
2025-01-14 10:15:00,6499.084,6500.5,6495.939,6497.39,448,179,0,448
2025-01-14 10:30:00,6497.319,6497.721,6493.388,6495.505,449,179,0,449
2025-01-14 10:45:00,6495.654,6497.452,6493.025,6495.209,449,179,0,449
2025-01-14 11:00:00,6494.978,6502.001,6494.978,6498.964,449,179,0,449
2025-01-14 11:15:00,6498.911,6499.131,6496.276,6497.636,448,179,0,448
2025-01-14 11:30:00,6497.547,6500.49,6496.482,6499.516,448,179,0,448
2025-01-14 11:45:00,6499.341,6502.692,6499.114,6499.63,448,179,0,448
2025-01-14 12:00:00,6500.101,6500.714,6496.725,6498.329,449,179,0,449
2025-01-14 12:15:00,6498.556,6499.024,6492.903,6495.261,449,179,0,449
2025-01-14 12:30:00,6495.033,6498.534,6493.457,6497.645,447,179,0,447
2025-01-14 12:45:00,6497.713,6499.031,6493.354,6496.692,450,179,0,450
2025-01-14 13:00:00,6496.37,6500.947,6495.845,6499.901,450,179,0,450
2025-01-14 13:15:00,6500.046,6500.116,6492.165,6492.21,449,179,0,449
2025-01-14 13:30:00,6492.304,6497.963,6492.009,6497.371,448,179,0,448
2025-01-14 13:45:00,6497.375,6499.651,6494.196,6494.607,448,179,0,448
2025-01-14 14:00:00,6494.938,6498.842,6492.709,6492.856,450,179,0,450
2025-01-14 14:15:00,6492.955,6495.601,6490.887,6495.601,449,179,0,449
2025-01-14 14:30:00,6495.711,6497.638,6493.09,6496.098,450,179,0,450
2025-01-14 14:45:00,6496.062,6501.423,6495.98,6497.058,450,179,0,450
2025-01-14 15:00:00,6496.82,6502.356,6496.369,6499.391,449,179,0,449
2025-01-14 15:15:00,6499.483,6500.788,6492.971,6497.183,450,179,0,450
2025-01-14 15:30:00,6497.314,6506.76,6494.314,6506.644,449,179,0,449
2025-01-14 15:45:00,6506.503,6506.58,6501.146,6502.917,450,179,0,450
2025-01-14 16:00:00,6503.191,6507.56,6502.861,6504.793,448,179,0,448
2025-01-14 16:15:00,6505.114,6509.579,6505.114,6506.576,448,179,0,448
2025-01-14 16:30:00,6506.735,6514.264,6506.735,6512.851,449,179,0,449
2025-01-14 16:45:00,6512.946,6517.076,6512.588,6513.591,448,179,0,448
2025-01-14 17:00:00,6513.92,6514.524,6511.398,6514.145,450,179,0,450
2025-01-14 17:15:00,6514.296,6515.274,6511.068,6513.016,450,179,0,450
2025-01-14 17:30:00,6512.97,6515.759,6506.245,6507.623,449,179,0,449
2025-01-14 17:45:00,6507.775,6510.017,6506.009,6508.021,449,179,0,449
2025-01-14 18:00:00,6507.994,6510.745,6507.468,6510.257,449,179,0,449
2025-01-14 18:15:00,6510.273,6510.779,6500.769,6501.297,448,179,0,448
2025-01-14 18:30:00,6501.215,6505.224,6501.025,6504.428,450,179,0,450
2025-01-14 18:45:00,6504.394,6505.846,6502.25,6505.274,450,179,0,450
2025-01-14 19:00:00,6505.316,6512.024,6504.93,6511.596,450,179,0,450
2025-01-14 19:15:00,6511.419,6512.692,6507.859,6511.814,447,179,0,447
2025-01-14 19:30:00,6511.752,6513.264,6506.352,6509.594,450,179,0,450
2025-01-14 19:45:00,6509.461,6512.835,6506.37,6506.81,450,179,0,450
2025-01-14 20:00:00,6506.895,6506.895,6500.87,6502.503,450,179,0,450
2025-01-14 20:15:00,6502.302,6503.818,6496.575,6496.575,450,179,0,450
2025-01-14 20:30:00,6496.761,6497.582,6491.423,6494.48,447,179,0,447
2025-01-14 20:45:00,6494.696,6494.747,6489.796,6489.796,449,179,0,449
2025-01-14 21:00:00,6489.497,6491.107,6486.848,6489.698,447,179,0,447
2025-01-14 21:15:00,6489.548,6491.591,6486.842,6491.19,450,179,0,450
2025-01-14 21:30:00,6491.203,6493.227,6489.278,6490.699,447,179,0,447
2025-01-14 21:45:00,6490.856,6493.59,6488.53,6491.629,449,179,0,449
2025-01-14 22:00:00,6491.651,6495.827,6490.986,6495.796,447,179,0,447
2025-01-14 22:15:00,6495.554,6502.203,6495.505,6500.54,450,179,0,450
2025-01-14 22:30:00,6500.195,6501.079,6496.66,6496.991,448,179,0,448
2025-01-14 22:45:00,6497.174,6498.003,6492.805,6494.7,449,179,0,449
2025-01-14 23:00:00,6495.081,6496.039,6491.676,6492.007,448,179,0,448
2025-01-14 23:15:00,6492.037,6493.275,6489.213,6492.667,450,179,0,450
2025-01-14 23:30:00,6492.816,6495.087,6489.909,6494.597,450,179,0,450
2025-01-14 23:45:00,6494.728,6496.344,6492.051,6494.018,448,179,0,448
2025-01-15 00:00:00,6493.924,6495.34,6490.832,6491.549,450,179,0,450
2025-01-15 00:15:00,6491.641,6493.055,6490.0,6492.974,449,179,0,449
2025-01-15 00:30:00,6492.905,6495.181,6491.001,6493.059,449,179,0,449
2025-01-15 00:45:00,6492.944,6499.153,6488.55,6488.962,450,179,0,450
2025-01-15 01:00:00,6488.928,6489.368,6485.058,6486.474,448,179,0,448
2025-01-15 01:15:00,6486.248,6486.741,6478.732,6478.732,450,179,0,450
2025-01-15 01:30:00,6478.74,6479.746,6475.656,6478.877,448,179,0,448
2025-01-15 01:45:00,6478.708,6482.542,6477.553,6481.593,448,179,0,448
2025-01-15 02:00:00,6481.819,6483.184,6479.571,6479.872,448,179,0,448
2025-01-15 02:15:00,6479.868,6485.483,6478.947,6485.458,450,179,0,450
2025-01-15 02:30:00,6485.428,6488.124,6483.684,6485.821,448,179,0,448
2025-01-15 02:45:00,6485.895,6486.76,6483.368,6483.439,449,179,0,449
2025-01-15 03:00:00,6483.597,6489.281,6483.362,6484.947,447,179,0,447
2025-01-15 03:15:00,6484.907,6486.928,6482.255,6482.939,447,179,0,447
2025-01-15 03:30:00,6483.021,6491.041,6483.021,6486.599,450,179,0,450
2025-01-15 03:45:00,6486.525,6490.278,6484.714,6486.079,449,179,0,449
2025-01-15 04:00:00,6486.166,6486.627,6483.823,6484.649,450,179,0,450
2025-01-15 04:15:00,6484.854,6485.845,6481.482,6485.488,449,179,0,449
2025-01-15 04:30:00,6485.488,6486.578,6481.659,6484.132,447,179,0,447
2025-01-15 04:45:00,6483.981,6485.403,6481.135,6481.476,449,179,0,449
2025-01-15 05:00:00,6481.332,6486.401,6480.422,6482.745,449,179,0,449
2025-01-15 05:15:00,6482.863,6488.176,6482.006,6487.938,450,179,0,450
2025-01-15 05:30:00,6488.11,6488.697,6485.092,6485.702,448,179,0,448
2025-01-15 05:45:00,6485.673,6489.569,6482.467,6489.067,448,179,0,448
2025-01-15 06:00:00,6489.124,6493.27,6488.593,6490.446,448,179,0,448
2025-01-15 06:15:00,6490.133,6493.978,6489.492,6492.404,450,179,0,450
2025-01-15 06:30:00,6492.322,6501.887,6491.584,6501.592,450,179,0,450
2025-01-15 06:45:00,6501.621,6501.896,6497.544,6498.273,448,179,0,448
2025-01-15 07:00:00,6498.395,6499.24,6495.516,6499.231,450,179,0,450
2025-01-15 07:15:00,6499.452,6499.452,6486.642,6487.228,449,179,0,449
2025-01-15 07:30:00,6487.309,6487.694,6483.553,6486.052,449,179,0,449
2025-01-15 07:45:00,6485.936,6486.229,6480.533,6481.711,446,179,0,446
2025-01-15 08:00:00,6481.516,6487.52,6479.116,6485.426,448,179,0,448
2025-01-15 08:15:00,6485.407,6489.022,6484.236,6485.577,450,179,0,450
2025-01-15 08:30:00,6485.72,6490.5,6484.881,6489.834,450,179,0,450
2025-01-15 08:45:00,6489.669,6493.037,6486.839,6487.657,449,179,0,449
2025-01-15 09:00:00,6487.378,6499.905,6487.378,6499.816,449,179,0,449
2025-01-15 09:15:00,6499.48,6502.267,6495.656,6501.5,449,179,0,449
2025-01-15 09:30:00,6501.734,6502.028,6497.666,6499.057,450,179,0,450
2025-01-15 09:45:00,6498.815,6499.697,6496.038,6499.136,450,179,0,450
2025-01-15 10:00:00,6499.064,6503.457,6498.98,6500.059,450,179,0,450
2025-01-15 10:15:00,6500.15,6503.533,6497.833,6502.792,447,179,0,447
2025-01-15 10:30:00,6502.656,6504.775,6501.097,6503.099,449,179,0,449
2025-01-15 10:45:00,6503.072,6503.472,6496.509,6498.207,450,179,0,450
2025-01-15 11:00:00,6498.418,6502.008,6497.458,6500.506,449,179,0,449
2025-01-15 11:15:00,6500.39,6504.015,6497.588,6502.01,448,179,0,448
2025-01-15 11:30:00,6502.223,6503.016,6493.508,6496.441,449,179,0,449
2025-01-15 11:45:00,6496.454,6497.803,6494.892,6495.999,448,179,0,448
2025-01-15 12:00:00,6496.045,6498.569,6494.227,6496.648,448,179,0,448
2025-01-15 12:15:00,6497.036,6497.541,6492.405,6493.439,449,179,0,449
2025-01-15 12:30:00,6493.703,6499.267,6493.157,6498.43,449,179,0,449
2025-01-15 12:45:00,6498.369,6498.617,6492.309,6493.432,448,179,0,448
2025-01-15 13:00:00,6493.153,6496.951,6492.064,6492.985,447,179,0,447
2025-01-15 13:15:00,6492.836,6498.468,6491.292,6496.279,448,179,0,448
2025-01-15 13:30:00,6496.397,6497.954,6493.449,6493.527,448,179,0,448
2025-01-15 13:45:00,6493.259,6502.695,6493.259,6499.657,447,179,0,447
2025-01-15 14:00:00,6499.461,6500.566,6496.787,6498.981,449,179,0,449
2025-01-15 14:15:00,6498.65,6498.65,6490.138,6490.431,448,179,0,448
2025-01-15 14:30:00,6490.293,6491.553,6485.196,6486.526,449,179,0,449
2025-01-15 14:45:00,6486.519,6492.496,6485.697,6486.857,448,179,0,448
2025-01-15 15:00:00,6487.133,6488.904,6483.614,6486.661,449,179,0,449
2025-01-15 15:15:00,6486.302,6486.407,6478.871,6483.407,449,179,0,449
2025-01-15 15:30:00,6483.361,6485.563,6481.028,6484.795,449,179,0,449
2025-01-15 15:45:00,6484.664,6484.876,6478.236,6480.089,447,179,0,447
2025-01-15 16:00:00,6480.155,6484.332,6479.914,6481.556,449,179,0,449
2025-01-15 16:15:00,6481.905,6484.252,6477.178,6484.234,449,179,0,449
2025-01-15 16:30:00,6484.086,6484.086,6478.902,6480.789,450,179,0,450
2025-01-15 16:45:00,6480.878,6483.655,6479.405,6483.655,449,179,0,449
2025-01-15 17:00:00,6483.695,6484.25,6476.9,6477.488,447,179,0,447
2025-01-15 17:15:00,6477.619,6481.392,6476.97,6480.193,448,179,0,448
2025-01-15 17:30:00,6480.18,6481.78,6477.731,6479.476,450,179,0,450
2025-01-15 17:45:00,6479.709,6485.429,6479.705,6484.293,448,179,0,448
2025-01-15 18:00:00,6484.501,6485.306,6478.508,6480.23,450,179,0,450
2025-01-15 18:15:00,6480.394,6482.186,6477.033,6478.101,450,179,0,450
2025-01-15 18:30:00,6478.133,6484.107,6477.267,6483.42,448,179,0,448
2025-01-15 18:45:00,6483.61,6485.816,6478.258,6478.522,449,179,0,449
2025-01-15 19:00:00,6478.701,6479.416,6473.999,6478.148,449,179,0,449
2025-01-15 19:15:00,6478.081,6482.516,6478.073,6481.947,450,179,0,450
2025-01-15 19:30:00,6481.915,6485.518,6481.829,6484.145,449,179,0,449
2025-01-15 19:45:00,6483.769,6484.727,6477.169,6477.216,450,179,0,450
2025-01-15 20:00:00,6477.222,6478.652,6473.498,6478.077,450,179,0,450
2025-01-15 20:15:00,6477.902,6479.677,6476.62,6477.552,449,179,0,449
2025-01-15 20:30:00,6477.704,6487.287,6476.623,6485.123,449,179,0,449
2025-01-15 20:45:00,6484.903,6488.648,6483.008,6486.808,450,179,0,450
2025-01-15 21:00:00,6486.758,6489.754,6483.806,6488.941,448,179,0,448
2025-01-15 21:15:00,6488.765,6490.168,6486.207,6488.129,450,179,0,450
2025-01-15 21:30:00,6488.125,6490.585,6486.927,6490.059,450,179,0,450
2025-01-15 21:45:00,6489.91,6493.812,6488.902,6493.643,449,179,0,449
2025-01-15 22:00:00,6493.756,6496.217,6492.354,6496.217,449,179,0,449
2025-01-15 22:15:00,6496.069,6501.999,6495.133,6501.476,449,179,0,449
2025-01-15 22:30:00,6501.534,6501.68,6497.513,6499.218,450,179,0,450
2025-01-15 22:45:00,6498.73,6502.664,6497.365,6499.501,449,179,0,449
2025-01-15 23:00:00,6499.436,6500.272,6495.178,6495.866,449,179,0,449
2025-01-15 23:15:00,6495.843,6497.914,6491.022,6493.549,449,179,0,449
2025-01-15 23:30:00,6493.384,6493.711,6485.57,6485.824,450,179,0,450
2025-01-15 23:45:00,6485.893,6490.64,6484.172,6484.251,448,179,0,448
2025-01-16 00:00:00,6484.48,6490.027,6483.719,6484.004,447,179,0,447
2025-01-16 00:15:00,6484.138,6490.446,6483.984,6489.464,449,179,0,449
2025-01-16 00:30:00,6489.414,6489.811,6486.55,6489.334,446,179,0,446
2025-01-16 00:45:00,6489.16,6489.16,6486.077,6486.927,448,179,0,448
2025-01-16 01:00:00,6486.969,6492.453,6486.969,6489.173,448,179,0,448
2025-01-16 01:15:00,6489.37,6494.016,6489.37,6492.64,448,179,0,448
2025-01-16 01:30:00,6492.421,6493.782,6490.415,6493.184,449,179,0,449
2025-01-16 01:45:00,6493.538,6496.243,6491.419,6493.553,449,179,0,449
2025-01-16 02:00:00,6493.594,6494.3,6490.288,6494.224,448,179,0,448
2025-01-16 02:15:00,6494.413,6500.125,6493.605,6496.446,449,179,0,449
2025-01-16 02:30:00,6496.294,6497.121,6491.309,6493.609,449,179,0,449
2025-01-16 02:45:00,6493.382,6494.503,6490.939,6493.553,449,179,0,449
2025-01-16 03:00:00,6493.558,6496.915,6492.98,6496.765,449,179,0,449
2025-01-16 03:15:00,6496.398,6502.631,6494.843,6502.631,447,179,0,447
2025-01-16 03:30:00,6502.55,6506.415,6502.254,6505.539,450,179,0,450
2025-01-16 03:45:00,6505.549,6505.944,6497.101,6497.237,448,179,0,448
2025-01-16 04:00:00,6497.024,6497.542,6492.788,6493.879,449,179,0,449
2025-01-16 04:15:00,6493.996,6496.389,6491.334,6493.471,447,179,0,447
2025-01-16 04:30:00,6493.743,6500.359,6493.065,6498.894,448,179,0,448
2025-01-16 04:45:00,6498.907,6500.172,6495.89,6499.454,448,179,0,448
2025-01-16 05:00:00,6499.588,6500.365,6495.775,6496.254,449,179,0,449
2025-01-16 05:15:00,6496.197,6498.866,6493.899,6498.822,449,179,0,449
2025-01-16 05:30:00,6498.992,6505.284,6497.466,6504.459,449,179,0,449
2025-01-16 05:45:00,6504.556,6510.103,6503.676,6503.916,448,179,0,448
2025-01-16 06:00:00,6503.574,6506.053,6501.204,6503.511,447,179,0,447
2025-01-16 06:15:00,6503.493,6512.038,6503.076,6511.011,450,179,0,450
2025-01-16 06:30:00,6510.943,6514.862,6510.439,6511.944,448,179,0,448
2025-01-16 06:45:00,6511.97,6516.579,6510.417,6516.454,448,179,0,448
2025-01-16 07:00:00,6516.375,6517.282,6510.473,6511.061,448,179,0,448
2025-01-16 07:15:00,6511.102,6518.759,6509.742,6517.889,450,179,0,450
2025-01-16 07:30:00,6517.727,6518.854,6514.523,6517.302,449,179,0,449
2025-01-16 07:45:00,6517.665,6523.318,6517.512,6521.274,450,179,0,450
2025-01-16 08:00:00,6521.357,6524.723,6520.174,6520.456,447,179,0,447
2025-01-16 08:15:00,6520.662,6522.689,6518.068,6518.068,448,179,0,448
2025-01-16 08:30:00,6518.04,6518.323,6511.989,6515.628,449,179,0,449
2025-01-16 08:45:00,6515.846,6519.549,6512.842,6518.646,450,179,0,450
2025-01-16 09:00:00,6518.585,6520.379,6516.192,6519.39,449,179,0,449
2025-01-16 09:15:00,6519.515,6527.712,6518.386,6527.667,449,179,0,449
2025-01-16 09:30:00,6527.485,6527.643,6523.099,6524.26,450,179,0,450
2025-01-16 09:45:00,6524.153,6531.593,6522.16,6531.213,449,179,0,449
2025-01-16 10:00:00,6531.335,6534.117,6527.612,6531.463,449,179,0,449
2025-01-16 10:15:00,6531.398,6533.955,6530.589,6533.042,450,179,0,450
2025-01-16 10:30:00,6532.971,6538.395,6532.103,6532.348,450,179,0,450
2025-01-16 10:45:00,6532.265,6533.583,6527.764,6530.06,448,179,0,448
2025-01-16 11:00:00,6529.956,6534.651,6529.165,6534.522,450,179,0,450
2025-01-16 11:15:00,6534.55,6537.038,6530.639,6534.06,449,179,0,449
2025-01-16 11:30:00,6533.98,6538.11,6533.785,6536.515,449,179,0,449
2025-01-16 11:45:00,6536.618,6538.266,6530.981,6532.049,450,179,0,450
2025-01-16 12:00:00,6531.795,6532.891,6528.679,6530.005,450,179,0,450
2025-01-16 12:15:00,6530.381,6531.78,6527.343,6528.246,450,179,0,450
2025-01-16 12:30:00,6528.306,6528.882,6523.435,6526.173,450,179,0,450
2025-01-16 12:45:00,6526.025,6533.989,6525.664,6532.608,450,179,0,450
2025-01-16 13:00:00,6532.434,6533.597,6526.606,6528.436,449,179,0,449
2025-01-16 13:15:00,6528.519,6532.815,6528.206,6530.618,450,179,0,450
2025-01-16 13:30:00,6530.879,6530.879,6527.06,6528.734,448,179,0,448
2025-01-16 13:45:00,6528.73,6530.549,6525.56,6525.56,450,179,0,450
2025-01-16 14:00:00,6525.336,6525.934,6518.55,6519.762,450,179,0,450
2025-01-16 14:15:00,6519.774,6523.684,6519.235,6520.013,450,179,0,450
2025-01-16 14:30:00,6520.087,6525.265,6520.087,6524.551,449,179,0,449
2025-01-16 14:45:00,6524.38,6527.513,6521.907,6522.047,449,179,0,449
2025-01-16 15:00:00,6522.345,6525.264,6519.93,6522.862,449,179,0,449
2025-01-16 15:15:00,6522.714,6523.071,6520.135,6520.291,449,179,0,449
2025-01-16 15:30:00,6520.323,6524.151,6518.666,6519.456,448,179,0,448
2025-01-16 15:45:00,6519.384,6521.678,6516.494,6518.095,449,179,0,449
2025-01-16 16:00:00,6518.301,6519.333,6512.494,6515.458,449,179,0,449
2025-01-16 16:15:00,6515.36,6518.853,6514.918,6515.466,450,179,0,450
2025-01-16 16:30:00,6515.444,6521.058,6515.303,6517.727,448,179,0,448
2025-01-16 16:45:00,6517.594,6520.159,6514.951,6520.159,448,179,0,448
2025-01-16 17:00:00,6520.082,6522.405,6518.618,6518.789,448,179,0,448
2025-01-16 17:15:00,6518.81,6519.251,6513.947,6514.802,449,179,0,449
2025-01-16 17:30:00,6514.814,6516.29,6513.396,6514.609,449,179,0,449
2025-01-16 17:45:00,6514.513,6517.594,6512.304,6516.703,447,179,0,447
2025-01-16 18:00:00,6516.782,6524.041,6516.38,6523.591,450,179,0,450
2025-01-16 18:15:00,6523.652,6525.451,6521.85,6524.198,449,179,0,449
2025-01-16 18:30:00,6524.285,6524.936,6520.656,6524.204,449,179,0,449
2025-01-16 18:45:00,6524.198,6526.698,6521.137,6521.428,450,179,0,450
2025-01-16 19:00:00,6521.26,6523.193,6518.272,6522.404,450,179,0,450
2025-01-16 19:15:00,6522.527,6530.776,6522.129,6528.984,449,179,0,449
2025-01-16 19:30:00,6529.04,6531.893,6527.742,6530.402,449,179,0,449
2025-01-16 19:45:00,6530.195,6535.458,6528.368,6534.843,450,179,0,450
2025-01-16 20:00:00,6534.803,6538.83,6532.082,6536.862,449,179,0,449
2025-01-16 20:15:00,6536.871,6537.462,6532.874,6533.71,450,179,0,450
2025-01-16 20:30:00,6533.719,6534.231,6528.92,6529.887,450,179,0,450
2025-01-16 20:45:00,6530.176,6534.013,6529.48,6530.869,448,179,0,448
2025-01-16 21:00:00,6530.94,6535.404,6528.243,6534.537,450,179,0,450
2025-01-16 21:15:00,6534.665,6535.251,6529.431,6529.657,447,179,0,447
2025-01-16 21:30:00,6529.679,6531.664,6524.031,6524.031,447,179,0,447
2025-01-16 21:45:00,6523.985,6525.012,6516.649,6517.376,449,179,0,449
2025-01-16 22:00:00,6517.539,6518.697,6514.952,6517.929,450,179,0,450
2025-01-16 22:15:00,6517.84,6520.515,6515.659,6519.301,449,179,0,449
2025-01-16 22:30:00,6519.326,6521.039,6515.84,6520.75,449,179,0,449
2025-01-16 22:45:00,6520.738,6523.985,6520.104,6523.298,450,179,0,450
2025-01-16 23:00:00,6523.221,6523.752,6519.022,6522.654,449,179,0,449
2025-01-16 23:15:00,6522.178,6528.652,6522.088,6527.27,448,179,0,448
2025-01-16 23:30:00,6527.324,6527.784,6518.77,6519.076,450,179,0,450
2025-01-16 23:45:00,6518.835,6518.835,6514.411,6516.811,450,179,0,450
2025-01-17 00:00:00,6516.582,6519.0,6515.084,6517.499,450,179,0,450
2025-01-17 00:15:00,6517.332,6517.332,6509.358,6510.13,449,179,0,449
2025-01-17 00:30:00,6510.339,6513.065,6507.996,6512.568,449,179,0,449
2025-01-17 00:45:00,6512.639,6517.616,6512.547,6517.038,446,179,0,446
2025-01-17 01:00:00,6517.237,6517.545,6509.791,6512.346,449,179,0,449
2025-01-17 01:15:00,6512.092,6519.514,6511.931,6516.557,450,179,0,450
2025-01-17 01:30:00,6516.556,6516.889,6513.974,6515.511,449,179,0,449
2025-01-17 01:45:00,6515.823,6517.564,6513.409,6515.664,449,179,0,449
2025-01-17 02:00:00,6515.697,6516.253,6510.946,6513.255,448,179,0,448
2025-01-17 02:15:00,6513.222,6515.539,6510.481,6511.384,450,179,0,450
2025-01-17 02:30:00,6511.316,6513.277,6509.015,6512.58,448,179,0,448
2025-01-17 02:45:00,6512.534,6512.566,6505.018,6505.073,450,179,0,450
2025-01-17 03:00:00,6505.136,6507.752,6502.857,6506.002,450,179,0,450
2025-01-17 03:15:00,6505.897,6507.539,6499.965,6501.294,448,179,0,448
2025-01-17 03:30:00,6501.196,6503.119,6498.975,6503.119,448,179,0,448
2025-01-17 03:45:00,6503.052,6503.447,6495.481,6497.777,447,179,0,447
2025-01-17 04:00:00,6497.623,6501.382,6497.573,6500.379,449,179,0,449
2025-01-17 04:15:00,6500.103,6503.106,6499.706,6500.155,449,179,0,449
2025-01-17 04:30:00,6500.16,6500.16,6494.04,6495.303,450,179,0,450
2025-01-17 04:45:00,6495.351,6495.902,6490.365,6492.678,450,179,0,450
2025-01-17 05:00:00,6492.745,6500.579,6491.689,6499.203,449,179,0,449
2025-01-17 05:15:00,6499.425,6502.384,6499.146,6501.958,450,179,0,450
2025-01-17 05:30:00,6501.892,6506.291,6501.352,6505.081,449,179,0,449
2025-01-17 05:45:00,6504.868,6507.582,6503.754,6507.286,447,179,0,447
2025-01-17 06:00:00,6507.321,6510.404,6504.791,6510.095,449,179,0,449
2025-01-17 06:15:00,6510.289,6514.583,6508.684,6512.569,446,179,0,446
2025-01-17 06:30:00,6512.642,6516.267,6512.143,6514.091,449,179,0,449
2025-01-17 06:45:00,6514.255,6516.997,6513.201,6515.995,448,179,0,448
2025-01-17 07:00:00,6515.927,6516.501,6508.863,6508.995,448,179,0,448
2025-01-17 07:15:00,6509.049,6513.242,6507.923,6512.618,449,179,0,449
2025-01-17 07:30:00,6512.477,6514.799,6511.538,6513.209,449,179,0,449
2025-01-17 07:45:00,6512.857,6513.577,6508.626,6509.29,449,179,0,449
2025-01-17 08:00:00,6509.684,6511.895,6507.979,6510.112,449,179,0,449
2025-01-17 08:15:00,6510.151,6514.647,6509.703,6511.255,450,179,0,450
2025-01-17 08:30:00,6511.295,6518.441,6511.101,6516.208,447,179,0,447
2025-01-17 08:45:00,6516.044,6516.044,6510.703,6513.506,449,179,0,449
2025-01-17 09:00:00,6513.571,6514.362,6510.896,6513.05,449,179,0,449
2025-01-17 09:15:00,6512.988,6514.129,6510.107,6510.245,449,179,0,449
2025-01-17 09:30:00,6510.224,6518.017,6510.224,6517.621,447,179,0,447
2025-01-17 09:45:00,6517.802,6520.468,6515.739,6520.282,449,179,0,449
2025-01-17 10:00:00,6520.267,6521.179,6513.488,6516.47,450,179,0,450
2025-01-17 10:15:00,6516.615,6518.753,6514.144,6514.822,448,179,0,448
2025-01-17 10:30:00,6514.755,6518.372,6509.191,6509.48,449,179,0,449
2025-01-17 10:45:00,6509.237,6511.482,6507.339,6507.339,448,179,0,448
2025-01-17 11:00:00,6507.313,6511.199,6506.01,6508.919,449,179,0,449
2025-01-17 11:15:00,6508.878,6510.372,6507.357,6509.02,449,179,0,449
2025-01-17 11:30:00,6508.945,6511.549,6507.336,6509.032,450,179,0,450
2025-01-17 11:45:00,6509.262,6513.634,6506.998,6513.157,448,179,0,448
2025-01-17 12:00:00,6513.098,6516.985,6511.22,6512.765,450,179,0,450
2025-01-17 12:15:00,6512.945,6514.615,6512.316,6512.567,449,179,0,449
2025-01-17 12:30:00,6512.464,6514.359,6511.008,6514.359,448,179,0,448
2025-01-17 12:45:00,6514.68,6516.08,6510.436,6513.447,448,179,0,448
2025-01-17 13:00:00,6513.478,6513.478,6507.739,6508.219,450,179,0,450
2025-01-17 13:15:00,6508.186,6512.652,6507.277,6511.106,447,179,0,447
2025-01-17 13:30:00,6511.03,6515.889,6509.094,6515.08,449,179,0,449
2025-01-17 13:45:00,6514.977,6518.736,6513.505,6515.069,449,179,0,449
2025-01-17 14:00:00,6515.054,6515.054,6507.077,6508.988,450,179,0,450
2025-01-17 14:15:00,6509.207,6513.167,6508.338,6510.685,450,179,0,450
2025-01-17 14:30:00,6510.802,6516.087,6509.765,6512.288,450,179,0,450
2025-01-17 14:45:00,6512.392,6512.392,6507.815,6509.156,449,179,0,449
2025-01-17 15:00:00,6509.198,6509.488,6504.88,6505.112,448,179,0,448
2025-01-17 15:15:00,6504.715,6505.994,6499.709,6501.961,449,179,0,449
2025-01-17 15:30:00,6501.947,6501.947,6498.715,6499.848,449,179,0,449
2025-01-17 15:45:00,6499.679,6501.986,6498.302,6499.023,447,179,0,447
2025-01-17 16:00:00,6499.002,6500.683,6495.639,6498.235,449,179,0,449
2025-01-17 16:15:00,6498.034,6499.454,6495.163,6499.102,450,179,0,450
2025-01-17 16:30:00,6499.238,6501.603,6494.944,6495.419,448,179,0,448
2025-01-17 16:45:00,6495.434,6498.296,6493.78,6496.462,449,179,0,449
2025-01-17 17:00:00,6496.41,6499.223,6495.327,6498.099,450,179,0,450
2025-01-17 17:15:00,6497.805,6498.73,6494.311,6498.623,447,179,0,447
2025-01-17 17:30:00,6498.674,6499.6,6492.923,6493.78,450,179,0,450
2025-01-17 17:45:00,6493.58,6501.529,6492.298,6500.938,448,179,0,448
2025-01-17 18:00:00,6501.278,6503.575,6496.223,6497.332,450,179,0,450
2025-01-17 18:15:00,6497.395,6497.906,6492.725,6492.814,449,179,0,449
2025-01-17 18:30:00,6492.616,6493.03,6490.161,6492.871,448,179,0,448
2025-01-17 18:45:00,6492.819,6494.777,6489.536,6490.149,449,179,0,449
2025-01-17 19:00:00,6489.825,6491.785,6488.232,6488.919,450,179,0,450
2025-01-17 19:15:00,6488.769,6488.769,6483.081,6484.465,448,179,0,448
2025-01-17 19:30:00,6484.475,6487.03,6480.934,6485.717,449,179,0,449
2025-01-17 19:45:00,6485.71,6488.121,6482.438,6483.451,449,179,0,449
2025-01-17 20:00:00,6483.464,6484.781,6480.874,6482.779,448,179,0,448
2025-01-17 20:15:00,6482.422,6484.005,6479.746,6483.09,448,179,0,448
2025-01-17 20:30:00,6483.054,6483.271,6478.388,6478.678,450,179,0,450
2025-01-17 20:45:00,6478.674,6481.367,6476.392,6478.12,449,179,0,449
2025-01-17 21:00:00,6477.846,6477.846,6471.579,6472.353,450,179,0,450
2025-01-17 21:15:00,6472.366,6474.505,6466.837,6470.141,449,179,0,449
2025-01-17 21:30:00,6470.121,6472.788,6469.279,6469.743,448,179,0,448
2025-01-17 21:45:00,6469.697,6470.894,6466.285,6466.472,450,179,0,450
2025-01-17 22:00:00,6466.237,6471.137,6464.874,6469.2,448,179,0,448
2025-01-17 22:15:00,6469.283,6470.447,6467.743,6468.154,450,179,0,450
2025-01-17 22:30:00,6468.309,6472.611,6467.69,6472.0,449,179,0,449
2025-01-17 22:45:00,6472.004,6473.04,6469.437,6471.396,450,179,0,450
2025-01-17 23:00:00,6471.173,6471.303,6465.55,6468.356,450,179,0,450
2025-01-17 23:15:00,6468.466,6468.802,6463.312,6465.993,450,179,0,450
2025-01-17 23:30:00,6466.076,6466.637,6457.924,6458.7,448,179,0,448
2025-01-17 23:45:00,6458.924,6465.02,6458.537,6465.02,450,179,0,450
2025-01-18 00:00:00,6465.157,6467.091,6462.494,6463.918,448,179,0,448
2025-01-18 00:15:00,6463.962,6464.902,6458.834,6459.475,449,179,0,449
2025-01-18 00:30:00,6459.577,6463.117,6458.169,6462.557,450,179,0,450
2025-01-18 00:45:00,6462.855,6465.726,6460.121,6465.691,450,179,0,450
2025-01-18 01:00:00,6465.594,6470.039,6465.531,6470.039,448,179,0,448
2025-01-18 01:15:00,6469.994,6478.718,6468.844,6477.424,449,179,0,449
2025-01-18 01:30:00,6477.416,6477.64,6473.471,6474.761,449,179,0,449
2025-01-18 01:45:00,6474.783,6476.509,6474.389,6476.197,450,179,0,450
2025-01-18 02:00:00,6476.267,6477.876,6474.055,6474.055,450,179,0,450
2025-01-18 02:15:00,6473.785,6480.617,6473.531,6477.521,449,179,0,449
2025-01-18 02:30:00,6477.547,6481.367,6476.86,6479.746,448,179,0,448
2025-01-18 02:45:00,6479.813,6482.293,6478.5,6478.956,450,179,0,450
2025-01-18 03:00:00,6478.786,6479.201,6474.677,6474.909,450,179,0,450
2025-01-18 03:15:00,6474.966,6476.908,6469.629,6471.947,449,179,0,449
2025-01-18 03:30:00,6471.867,6479.778,6471.867,6477.628,448,179,0,448
2025-01-18 03:45:00,6477.641,6479.971,6477.082,6479.493,447,179,0,447
2025-01-18 04:00:00,6479.666,6484.237,6478.865,6478.865,449,179,0,449
2025-01-18 04:15:00,6478.634,6479.437,6474.912,6478.183,449,179,0,449
2025-01-18 04:30:00,6478.187,6483.695,6478.187,6482.987,450,179,0,450
2025-01-18 04:45:00,6482.99,6485.794,6481.482,6484.484,446,179,0,446
2025-01-18 05:00:00,6484.421,6486.255,6479.829,6481.228,449,179,0,449
2025-01-18 05:15:00,6481.376,6483.745,6480.012,6482.411,449,179,0,449
2025-01-18 05:30:00,6482.398,6486.017,6477.918,6478.308,449,179,0,449
2025-01-18 05:45:00,6478.394,6480.391,6477.6,6479.161,448,179,0,448
2025-01-18 06:00:00,6479.251,6479.457,6473.111,6475.469,450,179,0,450
2025-01-18 06:15:00,6475.179,6475.179,6468.029,6472.299,450,179,0,450
2025-01-18 06:30:00,6472.28,6472.63,6469.075,6471.743,449,179,0,449
2025-01-18 06:45:00,6471.53,6476.332,6471.228,6475.202,448,179,0,448
2025-01-18 07:00:00,6474.97,6477.5,6472.536,6477.494,449,179,0,449
2025-01-18 07:15:00,6477.382,6483.246,6476.977,6480.345,449,179,0,449
2025-01-18 07:30:00,6480.171,6481.113,6474.76,6474.968,449,179,0,449
2025-01-18 07:45:00,6475.05,6475.728,6472.684,6474.376,447,179,0,447
2025-01-18 08:00:00,6474.238,6476.067,6472.5,6475.046,449,179,0,449
2025-01-18 08:15:00,6475.159,6478.882,6473.021,6475.564,448,179,0,448
2025-01-18 08:30:00,6475.713,6478.564,6472.973,6473.146,449,179,0,449
2025-01-18 08:45:00,6473.085,6476.254,6471.749,6475.8,449,179,0,449
2025-01-18 09:00:00,6475.872,6481.586,6475.445,6481.425,450,179,0,450
2025-01-18 09:15:00,6481.299,6489.089,6480.937,6488.969,449,179,0,449
2025-01-18 09:30:00,6488.947,6489.6,6485.866,6487.313,448,179,0,448
2025-01-18 09:45:00,6487.274,6490.882,6486.71,6490.092,450,179,0,450
2025-01-18 10:00:00,6490.062,6491.339,6486.478,6486.478,449,179,0,449
2025-01-18 10:15:00,6486.354,6493.589,6486.323,6491.203,449,179,0,449
2025-01-18 10:30:00,6491.574,6497.102,6491.574,6496.132,448,179,0,448
2025-01-18 10:45:00,6495.99,6497.783,6494.228,6495.806,450,179,0,450
2025-01-18 11:00:00,6496.001,6498.719,6493.575,6498.714,450,179,0,450
2025-01-18 11:15:00,6498.717,6499.181,6494.536,6498.301,450,179,0,450
2025-01-18 11:30:00,6498.419,6499.719,6496.256,6498.532,449,179,0,449
2025-01-18 11:45:00,6498.79,6499.367,6495.318,6495.468,450,179,0,450
2025-01-18 12:00:00,6495.445,6495.639,6489.809,6489.809,450,179,0,450
2025-01-18 12:15:00,6489.811,6495.624,6488.722,6495.624,448,179,0,448
2025-01-18 12:30:00,6495.667,6497.558,6492.532,6495.159,450,179,0,450
2025-01-18 12:45:00,6495.415,6496.856,6490.042,6491.333,450,179,0,450
2025-01-18 13:00:00,6491.47,6494.706,6489.795,6492.552,448,179,0,448
2025-01-18 13:15:00,6492.768,6493.247,6488.22,6492.243,448,179,0,448
2025-01-18 13:30:00,6492.389,6501.363,6492.389,6500.942,449,179,0,449
2025-01-18 13:45:00,6500.705,6502.345,6498.612,6499.184,449,179,0,449
2025-01-18 14:00:00,6499.323,6505.284,6498.783,6501.273,449,179,0,449
2025-01-18 14:15:00,6501.468,6503.827,6498.627,6502.244,449,179,0,449
2025-01-18 14:30:00,6502.351,6506.906,6502.351,6506.443,449,179,0,449
2025-01-18 14:45:00,6506.364,6512.31,6506.312,6511.496,450,179,0,450
2025-01-18 15:00:00,6511.362,6513.138,6509.759,6511.834,449,179,0,449
2025-01-18 15:15:00,6511.592,6516.597,6507.173,6515.462,450,179,0,450
2025-01-18 15:30:00,6515.671,6518.216,6512.992,6516.801,450,179,0,450
2025-01-18 15:45:00,6516.7,6521.111,6515.414,6516.469,450,179,0,450
2025-01-18 16:00:00,6516.621,6521.555,6515.192,6520.716,448,179,0,448
2025-01-18 16:15:00,6520.642,6522.916,6517.78,6518.298,449,179,0,449
2025-01-18 16:30:00,6518.046,6521.435,6518.023,6518.902,449,179,0,449
2025-01-18 16:45:00,6518.896,6518.896,6512.975,6514.825,450,179,0,450
2025-01-18 17:00:00,6514.71,6522.303,6514.584,6519.45,450,179,0,450
2025-01-18 17:15:00,6519.696,6522.6,6517.7,6518.367,448,179,0,448
2025-01-18 17:30:00,6518.563,6518.569,6510.56,6511.803,448,179,0,448
2025-01-18 17:45:00,6511.849,6513.936,6509.681,6509.997,449,179,0,449
2025-01-18 18:00:00,6509.881,6513.72,6509.841,6511.823,450,179,0,450
2025-01-18 18:15:00,6511.828,6514.176,6510.045,6512.145,448,179,0,448
2025-01-18 18:30:00,6512.095,6515.665,6510.077,6515.624,449,179,0,449
2025-01-18 18:45:00,6515.301,6520.72,6514.614,6519.113,449,179,0,449
2025-01-18 19:00:00,6519.239,6521.29,6517.565,6518.749,449,179,0,449
2025-01-18 19:15:00,6518.806,6521.832,6517.891,6520.993,448,179,0,448
2025-01-18 19:30:00,6520.965,6524.666,6520.244,6522.628,446,179,0,446
2025-01-18 19:45:00,6522.4,6527.409,6522.4,6526.01,449,179,0,449
2025-01-18 20:00:00,6525.938,6528.653,6524.901,6524.901,449,179,0,449
2025-01-18 20:15:00,6524.749,6526.556,6518.525,6519.236,450,179,0,450
2025-01-18 20:30:00,6519.315,6520.047,6514.504,6518.075,450,179,0,450
2025-01-18 20:45:00,6518.11,6521.377,6517.509,6519.752,449,179,0,449
2025-01-18 21:00:00,6519.714,6524.809,6518.788,6518.788,450,179,0,450
2025-01-18 21:15:00,6518.69,6521.529,6518.256,6519.735,450,179,0,450
2025-01-18 21:30:00,6519.847,6520.226,6513.47,6513.62,449,179,0,449
2025-01-18 21:45:00,6513.93,6514.184,6510.682,6511.798,449,179,0,449
2025-01-18 22:00:00,6511.734,6516.071,6510.856,6513.289,448,179,0,448
2025-01-18 22:15:00,6513.137,6514.655,6510.021,6511.752,449,179,0,449
2025-01-18 22:30:00,6511.526,6517.873,6511.526,6516.299,450,179,0,450
2025-01-18 22:45:00,6516.258,6518.851,6514.508,6516.147,449,179,0,449
2025-01-18 23:00:00,6516.301,6521.09,6515.361,6517.172,448,179,0,448
2025-01-18 23:15:00,6517.109,6524.578,6515.966,6523.811,449,179,0,449
2025-01-18 23:30:00,6523.833,6525.498,6521.086,6523.79,450,179,0,450
2025-01-18 23:45:00,6523.953,6527.544,6522.927,6525.633,449,179,0,449
2025-01-19 00:00:00,6525.674,6529.617,6525.108,6528.369,449,179,0,449
2025-01-19 00:15:00,6528.369,6530.091,6525.99,6530.091,448,179,0,448
2025-01-19 00:30:00,6530.492,6537.193,6530.465,6537.149,450,179,0,450
2025-01-19 00:45:00,6537.233,6537.669,6533.964,6534.296,450,179,0,450
2025-01-19 01:00:00,6534.219,6537.314,6533.436,6534.196,450,179,0,450
2025-01-19 01:15:00,6534.133,6539.864,6532.762,6539.864,434,179,0,434
2025-01-19 01:30:00,6539.72,6541.024,6537.538,6540.144,361,179,0,361
2025-01-19 01:45:00,6540.181,6541.414,6538.843,6539.051,449,179,0,449
2025-01-19 02:00:00,6538.978,6539.866,6536.086,6538.95,450,179,0,450
2025-01-19 02:15:00,6538.929,6539.012,6534.05,6536.675,448,179,0,448
2025-01-19 02:30:00,6536.757,6537.14,6531.689,6531.847,448,179,0,448
2025-01-19 02:45:00,6532.102,6535.069,6528.679,6529.492,449,179,0,449
2025-01-19 03:00:00,6529.782,6532.04,6525.264,6527.512,448,179,0,448
2025-01-19 03:15:00,6527.736,6533.353,6527.736,6531.885,450,179,0,450
2025-01-19 03:30:00,6532.229,6535.209,6528.792,6532.811,448,179,0,448
2025-01-19 03:45:00,6533.093,6534.033,6530.621,6533.059,448,179,0,448
2025-01-19 04:00:00,6532.92,6533.163,6523.903,6524.157,448,179,0,448
2025-01-19 04:15:00,6524.288,6530.72,6524.132,6530.701,450,179,0,450
2025-01-19 04:30:00,6530.604,6533.433,6530.126,6532.352,449,179,0,449
2025-01-19 04:45:00,6532.393,6533.158,6527.827,6527.827,449,179,0,449
2025-01-19 05:00:00,6528.088,6529.636,6525.259,6529.258,448,179,0,448
2025-01-19 05:15:00,6529.462,6529.893,6526.936,6527.447,450,179,0,450
2025-01-19 05:30:00,6527.416,6530.096,6526.072,6529.647,450,179,0,450
2025-01-19 05:45:00,6529.926,6532.323,6528.256,6529.051,449,179,0,449
2025-01-19 06:00:00,6528.905,6531.309,6527.389,6528.713,450,179,0,450
2025-01-19 06:15:00,6528.712,6535.295,6528.158,6535.295,450,179,0,450
2025-01-19 06:30:00,6535.157,6535.676,6532.758,6533.708,450,179,0,450
2025-01-19 06:45:00,6533.722,6534.548,6528.702,6530.254,449,179,0,449
2025-01-19 07:00:00,6530.214,6530.808,6523.724,6524.566,449,179,0,449
2025-01-19 07:15:00,6524.445,6525.332,6520.485,6522.613,450,179,0,450
2025-01-19 07:30:00,6522.74,6527.586,6522.613,6525.963,449,179,0,449
2025-01-19 07:45:00,6525.856,6526.621,6522.198,6524.152,449,179,0,449
2025-01-19 08:00:00,6524.033,6528.729,6522.992,6528.244,448,179,0,448
2025-01-19 08:15:00,6528.068,6533.449,6526.471,6533.449,449,179,0,449
2025-01-19 08:30:00,6533.693,6533.833,6527.856,6529.667,449,179,0,449
2025-01-19 08:45:00,6529.863,6531.722,6524.38,6525.57,447,179,0,447
2025-01-19 09:00:00,6525.82,6529.223,6525.379,6527.723,449,179,0,449
2025-01-19 09:15:00,6527.803,6533.74,6527.747,6532.838,450,179,0,450
2025-01-19 09:30:00,6532.865,6534.531,6531.352,6533.367,450,179,0,450
2025-01-19 09:45:00,6533.465,6534.942,6528.597,6530.036,448,179,0,448
2025-01-19 10:00:00,6530.229,6530.251,6525.941,6529.579,450,179,0,450
2025-01-19 10:15:00,6529.551,6535.408,6528.621,6534.207,450,179,0,450
2025-01-19 10:30:00,6534.252,6534.834,6530.921,6534.432,449,179,0,449
2025-01-19 10:45:00,6534.393,6535.056,6530.053,6531.62,450,179,0,450
2025-01-19 11:00:00,6531.695,6537.536,6530.424,6537.08,446,179,0,446
2025-01-19 11:15:00,6537.148,6537.584,6529.487,6529.696,450,179,0,450
2025-01-19 11:30:00,6529.748,6534.316,6529.081,6530.325,449,179,0,449
2025-01-19 11:45:00,6530.436,6532.999,6529.423,6530.857,450,179,0,450
2025-01-19 12:00:00,6530.832,6530.895,6527.347,6528.903,450,179,0,450
2025-01-19 12:15:00,6528.917,6532.052,6527.88,6528.757,449,179,0,449
2025-01-19 12:30:00,6528.476,6534.055,6528.143,6528.238,449,179,0,449
2025-01-19 12:45:00,6528.513,6530.572,6525.783,6526.352,448,179,0,448
2025-01-19 13:00:00,6526.028,6527.256,6522.639,6526.997,448,179,0,448
2025-01-19 13:15:00,6526.736,6531.748,6526.006,6531.241,449,179,0,449
2025-01-19 13:30:00,6531.085,6536.06,6530.571,6531.124,450,179,0,450
2025-01-19 13:45:00,6530.993,6533.461,6529.359,6531.978,450,179,0,450
2025-01-19 14:00:00,6532.247,6536.219,6530.446,6531.752,450,179,0,450
2025-01-19 14:15:00,6531.657,6531.657,6528.426,6531.577,450,179,0,450
2025-01-19 14:30:00,6531.669,6534.41,6530.235,6531.528,449,179,0,449
2025-01-19 14:45:00,6531.281,6532.628,6526.383,6530.805,448,179,0,448
2025-01-19 15:00:00,6531.243,6534.475,6530.338,6532.538,449,179,0,449
2025-01-19 15:15:00,6532.708,6539.655,6530.674,6537.961,449,179,0,449
2025-01-19 15:30:00,6537.958,6538.191,6533.791,6535.359,449,179,0,449
2025-01-19 15:45:00,6535.1,6537.05,6533.906,6535.388,447,179,0,447
2025-01-19 16:00:00,6535.114,6540.506,6535.114,6538.358,450,179,0,450
2025-01-19 16:15:00,6538.516,6540.692,6535.934,6539.259,447,179,0,447
2025-01-19 16:30:00,6539.308,6544.122,6538.98,6541.895,449,179,0,449
2025-01-19 16:45:00,6541.799,6544.025,6539.734,6543.37,448,179,0,448
2025-01-19 17:00:00,6543.323,6544.177,6540.112,6542.733,448,179,0,448
2025-01-19 17:15:00,6542.738,6542.777,6539.661,6541.641,447,179,0,447
2025-01-19 17:30:00,6541.589,6545.849,6539.915,6543.328,450,179,0,450
2025-01-19 17:45:00,6543.284,6546.506,6540.382,6545.108,450,179,0,450
2025-01-19 18:00:00,6545.019,6546.718,6540.63,6542.635,450,179,0,450
2025-01-19 18:15:00,6542.838,6543.646,6539.871,6540.853,449,179,0,449
2025-01-19 18:30:00,6540.993,6543.149,6537.29,6542.502,450,179,0,450
2025-01-19 18:45:00,6542.532,6543.638,6535.729,6537.084,450,179,0,450
2025-01-19 19:00:00,6537.264,6537.572,6533.386,6536.309,446,179,0,446
2025-01-19 19:15:00,6536.339,6540.03,6534.352,6534.606,449,179,0,449
2025-01-19 19:30:00,6534.888,6536.006,6532.614,6535.017,450,179,0,450
2025-01-19 19:45:00,6535.102,6538.991,6534.643,6535.392,449,179,0,449
2025-01-19 20:00:00,6535.4,6539.395,6534.765,6535.735,450,179,0,450
2025-01-19 20:15:00,6535.421,6536.188,6531.312,6534.125,448,179,0,448
2025-01-19 20:30:00,6534.068,6538.053,6533.44,6535.333,448,179,0,448
2025-01-19 20:45:00,6535.323,6540.085,6534.066,6539.797,449,179,0,449
2025-01-19 21:00:00,6539.745,6541.837,6537.382,6540.217,449,179,0,449
2025-01-19 21:15:00,6540.383,6543.516,6539.579,6540.458,446,179,0,446
2025-01-19 21:30:00,6540.297,6541.173,6536.541,6539.967,450,179,0,450
2025-01-19 21:45:00,6540.16,6544.651,6538.905,6544.647,449,179,0,449
2025-01-19 22:00:00,6544.714,6546.634,6542.157,6542.287,450,179,0,450
2025-01-19 22:15:00,6542.469,6545.588,6541.212,6543.51,450,179,0,450
2025-01-19 22:30:00,6543.477,6546.284,6541.631,6541.726,450,179,0,450
2025-01-19 22:45:00,6541.714,6544.519,6540.528,6541.471,450,179,0,450
2025-01-19 23:00:00,6541.204,6546.696,6540.551,6542.907,449,179,0,449
2025-01-19 23:15:00,6542.915,6546.503,6542.036,6544.685,448,179,0,448
2025-01-19 23:30:00,6544.696,6544.798,6539.266,6539.266,448,179,0,448
2025-01-19 23:45:00,6539.565,6541.57,6536.753,6536.753,449,179,0,449
2025-01-20 00:00:00,6537.005,6541.401,6535.193,6540.752,449,179,0,449
2025-01-20 00:15:00,6540.52,6540.638,6535.064,6535.382,448,179,0,448
2025-01-20 00:30:00,6535.388,6536.15,6532.566,6533.641,449,179,0,449
2025-01-20 00:45:00,6533.524,6540.427,6533.032,6539.621,450,179,0,450
2025-01-20 01:00:00,6539.612,6547.924,6539.612,6546.399,450,179,0,450
2025-01-20 01:15:00,6546.448,6549.25,6545.471,6548.219,450,179,0,450
2025-01-20 01:30:00,6548.269,6550.01,6545.933,6547.778,450,179,0,450
2025-01-20 01:45:00,6547.478,6548.094,6543.179,6546.669,450,179,0,450
2025-01-20 02:00:00,6546.749,6550.108,6545.552,6548.507,450,179,0,450
2025-01-20 02:15:00,6548.343,6552.095,6547.0,6552.095,448,179,0,448
2025-01-20 02:30:00,6552.258,6554.568,6551.946,6551.946,448,179,0,448
2025-01-20 02:45:00,6552.158,6552.511,6547.998,6549.592,450,179,0,450
2025-01-20 03:00:00,6549.849,6552.994,6547.996,6551.186,449,182,0,449
2025-01-20 03:15:00,6551.048,6552.531,6547.147,6548.449,450,182,0,450
2025-01-20 03:30:00,6548.559,6553.14,6548.349,6553.022,448,182,0,448
2025-01-20 03:45:00,6553.259,6556.93,6550.959,6555.812,449,182,0,449
2025-01-20 04:00:00,6555.741,6561.833,6555.006,6557.976,450,182,0,450
2025-01-20 04:15:00,6557.831,6562.749,6557.097,6561.833,449,182,0,449
2025-01-20 04:30:00,6562.04,6565.694,6561.632,6564.405,449,182,0,449
2025-01-20 04:45:00,6564.47,6567.256,6562.929,6565.623,448,182,0,448
2025-01-20 05:00:00,6565.761,6568.295,6559.974,6560.17,450,182,0,450
2025-01-20 05:15:00,6560.088,6561.629,6556.304,6558.075,449,182,0,449
2025-01-20 05:30:00,6557.928,6558.905,6555.999,6558.598,449,182,0,449
2025-01-20 05:45:00,6558.625,6560.381,6555.154,6555.292,450,182,0,450
2025-01-20 06:00:00,6555.14,6555.385,6550.182,6552.725,448,182,0,448
2025-01-20 06:15:00,6552.831,6556.216,6550.061,6554.693,450,182,0,450
2025-01-20 06:30:00,6554.39,6554.831,6549.988,6550.333,447,182,0,447
2025-01-20 06:45:00,6550.536,6551.832,6547.889,6550.768,449,182,0,449
2025-01-20 07:00:00,6550.739,6555.31,6550.488,6551.663,448,182,0,448
2025-01-20 07:15:00,6551.726,6551.996,6545.061,6545.607,449,182,0,449
2025-01-20 07:30:00,6545.458,6547.36,6541.181,6543.073,450,182,0,450
2025-01-20 07:45:00,6543.113,6546.312,6541.948,6546.091,449,182,0,449
2025-01-20 08:00:00,6545.707,6548.746,6544.664,6546.995,448,182,0,448
2025-01-20 08:15:00,6546.834,6550.97,6545.564,6550.208,449,182,0,449
2025-01-20 08:30:00,6550.365,6554.28,6549.379,6549.703,450,182,0,450
2025-01-20 08:45:00,6549.914,6550.77,6547.561,6548.649,450,182,0,450
2025-01-20 09:00:00,6548.681,6552.733,6546.367,6547.851,450,182,0,450
2025-01-20 09:15:00,6547.88,6549.848,6544.635,6545.017,449,182,0,449
2025-01-20 09:30:00,6544.949,6545.692,6536.725,6537.953,450,182,0,450
2025-01-20 09:45:00,6537.884,6538.552,6533.753,6535.681,449,182,0,449
2025-01-20 10:00:00,6535.362,6536.339,6532.485,6532.665,449,182,0,449
2025-01-20 10:15:00,6532.846,6537.568,6532.05,6536.613,449,182,0,449
2025-01-20 10:30:00,6536.427,6540.081,6535.114,6537.549,448,182,0,448
2025-01-20 10:45:00,6537.683,6539.36,6535.379,6539.308,448,182,0,448
2025-01-20 11:00:00,6539.699,6541.265,6537.411,6537.503,449,182,0,449
2025-01-20 11:15:00,6537.542,6540.336,6537.016,6539.342,450,182,0,450
2025-01-20 11:30:00,6539.381,6539.94,6536.403,6537.64,449,182,0,449
2025-01-20 11:45:00,6537.819,6537.881,6530.875,6532.295,449,182,0,449
2025-01-20 12:00:00,6532.245,6533.755,6530.269,6531.943,446,182,0,446
2025-01-20 12:15:00,6532.028,6534.04,6528.531,6531.956,449,182,0,449
2025-01-20 12:30:00,6532.229,6535.29,6530.114,6534.786,450,182,0,450
2025-01-20 12:45:00,6534.994,6540.406,6534.031,6539.692,448,182,0,448
2025-01-20 13:00:00,6539.626,6543.714,6537.912,6541.911,450,182,0,450
2025-01-20 13:15:00,6542.054,6546.44,6541.563,6545.611,450,182,0,450
2025-01-20 13:30:00,6545.497,6548.929,6542.615,6548.791,449,182,0,449
2025-01-20 13:45:00,6548.849,6550.704,6546.085,6548.568,449,182,0,449
2025-01-20 14:00:00,6548.747,6548.82,6544.639,6546.396,448,182,0,448
2025-01-20 14:15:00,6545.94,6551.38,6545.228,6550.463,450,182,0,450
2025-01-20 14:30:00,6550.449,6557.152,6549.84,6550.272,450,182,0,450
2025-01-20 14:45:00,6550.092,6552.787,6548.387,6551.359,449,182,0,449
2025-01-20 15:00:00,6551.339,6554.698,6549.986,6553.94,448,182,0,448
2025-01-20 15:15:00,6553.941,6556.182,6551.048,6551.264,448,182,0,448
2025-01-20 15:30:00,6551.181,6551.864,6544.939,6545.426,449,182,0,449
2025-01-20 15:45:00,6545.371,6546.374,6540.619,6542.294,449,182,0,449
2025-01-20 16:00:00,6542.299,6546.681,6541.355,6545.882,447,182,0,447
2025-01-20 16:15:00,6545.621,6548.011,6541.781,6542.649,449,182,0,449
2025-01-20 16:30:00,6542.702,6546.004,6541.046,6544.593,448,182,0,448
2025-01-20 16:45:00,6544.742,6547.405,6543.989,6546.75,447,182,0,447
2025-01-20 17:00:00,6546.642,6547.782,6542.237,6547.339,449,182,0,449
2025-01-20 17:15:00,6547.336,6549.287,6545.094,6548.184,449,182,0,449
2025-01-20 17:30:00,6548.161,6548.161,6541.266,6541.503,450,182,0,450
2025-01-20 17:45:00,6541.443,6542.105,6538.523,6542.105,449,182,0,449
2025-01-20 18:00:00,6542.194,6543.102,6537.007,6540.664,448,182,0,448
2025-01-20 18:15:00,6540.717,6541.46,6535.347,6537.381,450,182,0,450
2025-01-20 18:30:00,6537.644,6539.433,6535.495,6538.045,450,182,0,450
2025-01-20 18:45:00,6538.013,6538.289,6533.458,6534.25,450,182,0,450
2025-01-20 19:00:00,6534.499,6538.786,6534.499,6537.58,449,182,0,449
2025-01-20 19:15:00,6537.741,6538.828,6536.056,6538.234,450,182,0,450
2025-01-20 19:30:00,6538.202,6541.017,6537.687,6540.024,450,182,0,450
2025-01-20 19:45:00,6540.012,6541.116,6535.531,6539.801,450,182,0,450
2025-01-20 20:00:00,6539.561,6540.175,6533.742,6534.352,449,182,0,449
2025-01-20 20:15:00,6534.535,6538.13,6534.011,6535.325,448,182,0,448
2025-01-20 20:30:00,6535.112,6536.806,6530.471,6532.336,448,182,0,448
2025-01-20 20:45:00,6532.16,6532.16,6527.669,6529.485,447,182,0,447
2025-01-20 21:00:00,6529.754,6530.5,6526.948,6529.046,449,182,0,449
2025-01-20 21:15:00,6529.129,6529.966,6525.93,6526.872,450,182,0,450
2025-01-20 21:30:00,6526.902,6527.272,6522.88,6523.836,450,182,0,450
2025-01-20 21:45:00,6524.016,6524.016,6519.69,6520.148,448,182,0,448
2025-01-20 22:00:00,6520.028,6521.542,6516.512,6519.553,447,182,0,447
2025-01-20 22:15:00,6519.611,6519.965,6514.316,6514.6,450,182,0,450
2025-01-20 22:30:00,6515.049,6516.673,6513.174,6515.961,448,182,0,448
2025-01-20 22:45:00,6515.994,6517.453,6514.24,6516.554,448,182,0,448
2025-01-20 23:00:00,6516.433,6522.319,6515.785,6521.144,449,182,0,449
2025-01-20 23:15:00,6521.328,6526.423,6520.725,6522.491,449,182,0,449
2025-01-20 23:30:00,6522.404,6525.723,6520.497,6522.845,450,182,0,450
2025-01-20 23:45:00,6523.035,6527.581,6521.477,6527.496,450,182,0,450
2025-01-21 00:00:00,6527.529,6532.568,6527.069,6530.113,448,182,0,448
2025-01-21 00:15:00,6530.174,6533.435,6529.13,6529.758,449,182,0,449
2025-01-21 00:30:00,6529.541,6530.951,6525.732,6526.842,450,182,0,450
2025-01-21 00:45:00,6526.931,6528.089,6524.835,6527.083,446,182,0,446
2025-01-21 01:00:00,6526.869,6527.018,6521.535,6523.557,450,182,0,450
2025-01-21 01:15:00,6523.57,6528.69,6523.114,6528.026,447,182,0,447
2025-01-21 01:30:00,6528.354,6530.182,6526.597,6529.591,450,182,0,450
2025-01-21 01:45:00,6529.423,6530.41,6523.376,6524.452,448,182,0,448
2025-01-21 02:00:00,6524.698,6527.164,6523.617,6525.176,449,182,0,449
2025-01-21 02:15:00,6525.237,6525.237,6519.904,6519.904,450,182,0,450
2025-01-21 02:30:00,6519.888,6520.169,6512.993,6513.772,447,182,0,447
2025-01-21 02:45:00,6513.622,6514.36,6505.295,6508.39,448,182,0,448
2025-01-21 03:00:00,6508.516,6512.848,6506.83,6511.342,449,182,0,449
2025-01-21 03:15:00,6511.286,6512.629,6508.367,6510.464,450,182,0,450
2025-01-21 03:30:00,6510.6,6511.831,6506.258,6511.831,449,182,0,449
2025-01-21 03:45:00,6511.686,6512.864,6506.266,6509.018,450,182,0,450
2025-01-21 04:00:00,6508.937,6509.184,6505.873,6506.712,450,182,0,450
2025-01-21 04:15:00,6506.576,6513.533,6506.531,6510.124,449,182,0,449
2025-01-21 04:30:00,6510.015,6513.561,6508.395,6513.366,448,182,0,448
2025-01-21 04:45:00,6513.301,6514.308,6511.116,6511.166,448,182,0,448
2025-01-21 05:00:00,6511.164,6515.667,6507.448,6515.54,449,182,0,449
2025-01-21 05:15:00,6515.254,6522.46,6514.515,6520.755,449,182,0,449
2025-01-21 05:30:00,6520.666,6522.063,6516.435,6516.489,448,182,0,448
2025-01-21 05:45:00,6516.436,6517.078,6512.659,6512.659,448,182,0,448
2025-01-21 06:00:00,6512.534,6513.924,6509.274,6509.657,450,182,0,450
2025-01-21 06:15:00,6509.591,6510.677,6503.037,6503.54,450,182,0,450
2025-01-21 06:30:00,6503.503,6504.278,6500.572,6501.763,450,182,0,450
2025-01-21 06:45:00,6501.594,6505.743,6499.598,6499.598,448,182,0,448
2025-01-21 07:00:00,6499.662,6501.434,6497.749,6498.372,449,182,0,449
2025-01-21 07:15:00,6498.139,6499.551,6495.514,6498.649,448,182,0,448
2025-01-21 07:30:00,6499.062,6501.799,6496.552,6496.552,448,182,0,448
2025-01-21 07:45:00,6496.347,6497.046,6493.026,6493.488,449,182,0,449
2025-01-21 08:00:00,6493.356,6495.523,6484.617,6485.954,450,182,0,450
2025-01-21 08:15:00,6486.087,6486.793,6483.067,6483.526,449,182,0,449
2025-01-21 08:30:00,6483.447,6484.247,6477.866,6477.866,448,182,0,448
2025-01-21 08:45:00,6477.943,6486.614,6477.753,6484.916,447,182,0,447
2025-01-21 09:00:00,6485.193,6489.549,6483.847,6484.749,447,182,0,447
2025-01-21 09:15:00,6484.672,6486.023,6479.655,6481.549,448,182,0,448
2025-01-21 09:30:00,6481.479,6483.539,6477.406,6479.881,449,182,0,449
2025-01-21 09:45:00,6479.703,6485.647,6479.567,6485.014,450,182,0,450
2025-01-21 10:00:00,6485.143,6490.724,6485.115,6487.294,449,182,0,449
2025-01-21 10:15:00,6487.424,6488.959,6484.778,6486.917,448,182,0,448
2025-01-21 10:30:00,6487.004,6488.321,6483.474,6486.683,450,182,0,450
2025-01-21 10:45:00,6487.109,6494.675,6486.413,6492.943,450,182,0,450
2025-01-21 11:00:00,6493.004,6496.047,6489.8,6495.685,449,182,0,449
2025-01-21 11:15:00,6495.668,6498.539,6494.044,6495.833,449,182,0,449
2025-01-21 11:30:00,6495.771,6498.42,6493.647,6495.299,450,182,0,450
2025-01-21 11:45:00,6495.559,6495.559,6489.592,6489.935,449,182,0,449
2025-01-21 12:00:00,6490.126,6492.708,6488.994,6490.294,449,182,0,449
2025-01-21 12:15:00,6490.368,6493.194,6488.197,6490.325,446,182,0,446
2025-01-21 12:30:00,6490.316,6490.83,6486.796,6487.768,450,182,0,450
2025-01-21 12:45:00,6487.986,6488.166,6481.972,6484.818,449,182,0,449
2025-01-21 13:00:00,6484.675,6486.887,6482.922,6484.305,447,182,0,447
2025-01-21 13:15:00,6484.4,6487.893,6482.843,6487.68,450,182,0,450
2025-01-21 13:30:00,6487.621,6492.008,6486.03,6492.008,450,182,0,450
2025-01-21 13:45:00,6491.786,6493.835,6489.817,6493.027,448,182,0,448
2025-01-21 14:00:00,6493.086,6495.578,6492.138,6494.428,449,182,0,449
2025-01-21 14:15:00,6494.465,6499.554,6494.14,6497.977,450,182,0,450
2025-01-21 14:30:00,6498.088,6500.315,6494.671,6499.668,449,182,0,449
2025-01-21 14:45:00,6499.788,6503.869,6499.27,6503.869,448,182,0,448
2025-01-21 15:00:00,6504.029,6506.722,6502.806,6504.559,447,182,0,447
2025-01-21 15:15:00,6504.575,6509.877,6503.812,6508.448,449,182,0,449
2025-01-21 15:30:00,6508.601,6514.62,6508.601,6511.979,448,182,0,448
2025-01-21 15:45:00,6511.985,6515.232,6510.958,6514.001,448,182,0,448
2025-01-21 16:00:00,6514.057,6518.233,6512.685,6515.124,448,182,0,448
2025-01-21 16:15:00,6515.252,6520.035,6514.421,6519.172,448,182,0,448
2025-01-21 16:30:00,6519.008,6520.953,6515.409,6518.71,446,182,0,446
2025-01-21 16:45:00,6518.411,6525.044,6517.272,6524.95,448,182,0,448
2025-01-21 17:00:00,6525.021,6533.691,6524.47,6533.062,450,182,0,450
2025-01-21 17:15:00,6533.061,6536.989,6532.274,6532.919,449,182,0,449
2025-01-21 17:30:00,6532.969,6540.837,6532.387,6538.071,450,182,0,450
2025-01-21 17:45:00,6538.305,6539.717,6529.293,6529.775,449,182,0,449
2025-01-21 18:00:00,6529.816,6531.524,6527.442,6529.493,449,182,0,449
2025-01-21 18:15:00,6529.394,6532.983,6525.405,6526.891,450,182,0,450
2025-01-21 18:30:00,6526.748,6528.081,6522.855,6524.489,449,182,0,449
2025-01-21 18:45:00,6524.569,6525.619,6517.019,6517.135,448,182,0,448
2025-01-21 19:00:00,6516.822,6520.652,6514.163,6515.698,450,182,0,450
2025-01-21 19:15:00,6515.602,6518.986,6513.912,6518.831,450,182,0,450
2025-01-21 19:30:00,6518.75,6518.75,6514.364,6514.364,450,182,0,450
2025-01-21 19:45:00,6514.247,6519.671,6514.017,6518.361,449,182,0,449
2025-01-21 20:00:00,6518.353,6524.633,6518.255,6523.853,447,182,0,447
2025-01-21 20:15:00,6524.243,6525.66,6517.623,6520.081,445,182,0,445
2025-01-21 20:30:00,6520.024,6521.212,6517.793,6517.793,448,182,0,448
2025-01-21 20:45:00,6517.719,6518.205,6514.712,6516.315,450,182,0,450
2025-01-21 21:00:00,6516.456,6517.625,6513.962,6514.468,450,182,0,450
2025-01-21 21:15:00,6514.452,6522.067,6514.381,6518.844,450,182,0,450
2025-01-21 21:30:00,6518.911,6521.547,6513.654,6514.475,449,182,0,449
2025-01-21 21:45:00,6514.183,6515.511,6512.281,6512.903,448,182,0,448
2025-01-21 22:00:00,6512.945,6514.743,6511.227,6514.57,450,182,0,450
2025-01-21 22:15:00,6514.794,6516.929,6513.376,6516.929,449,182,0,449
2025-01-21 22:30:00,6516.791,6518.9,6512.894,6513.875,450,182,0,450
2025-01-21 22:45:00,6514.079,6514.079,6508.341,6511.544,448,182,0,448
2025-01-21 23:00:00,6511.736,6513.503,6510.241,6512.586,448,182,0,448
2025-01-21 23:15:00,6512.659,6518.893,6511.408,6518.819,450,182,0,450
2025-01-21 23:30:00,6518.944,6521.623,6515.059,6521.623,450,182,0,450
2025-01-21 23:45:00,6521.631,6522.671,6518.006,6518.443,449,182,0,449
2025-01-22 00:00:00,6518.642,6522.782,6515.483,6522.782,450,182,0,450
2025-01-22 00:15:00,6522.834,6522.977,6518.695,6518.695,449,182,0,449
2025-01-22 00:30:00,6518.632,6523.2,6516.372,6521.353,449,182,0,449
2025-01-22 00:45:00,6521.575,6523.609,6520.29,6523.227,450,182,0,450
2025-01-22 01:00:00,6523.32,6532.557,6522.089,6529.249,449,182,0,449
2025-01-22 01:15:00,6529.336,6535.496,6529.329,6534.017,448,182,0,448
2025-01-22 01:30:00,6533.82,6535.578,6532.089,6534.007,450,182,0,450
2025-01-22 01:45:00,6534.198,6537.019,6533.262,6533.745,446,182,0,446
2025-01-22 02:00:00,6533.78,6541.684,6532.469,6541.503,450,182,0,450
2025-01-22 02:15:00,6541.679,6542.286,6537.036,6537.245,449,182,0,449
2025-01-22 02:30:00,6537.336,6540.575,6534.513,6539.945,447,182,0,447
2025-01-22 02:45:00,6540.086,6540.415,6534.073,6536.458,449,182,0,449
2025-01-22 03:00:00,6536.571,6536.571,6532.022,6533.92,449,182,0,449
2025-01-22 03:15:00,6533.984,6534.844,6530.412,6531.483,449,182,0,449
2025-01-22 03:30:00,6531.481,6532.747,6524.798,6525.488,445,182,0,445
2025-01-22 03:45:00,6525.463,6525.775,6517.721,6520.888,449,182,0,449
2025-01-22 04:00:00,6520.757,6525.208,6519.635,6519.903,449,182,0,449
2025-01-22 04:15:00,6520.054,6524.657,6519.393,6522.495,446,182,0,446
2025-01-22 04:30:00,6522.539,6526.046,6521.485,6525.785,449,182,0,449
2025-01-22 04:45:00,6525.94,6526.487,6523.083,6525.236,449,182,0,449
2025-01-22 05:00:00,6525.336,6526.74,6524.028,6524.683,449,182,0,449
2025-01-22 05:15:00,6524.606,6527.42,6522.924,6525.2,449,182,0,449
2025-01-22 05:30:00,6525.058,6531.068,6523.758,6530.354,450,182,0,450
2025-01-22 05:45:00,6530.08,6531.291,6527.656,6530.493,449,182,0,449
2025-01-22 06:00:00,6530.565,6530.886,6526.488,6526.572,449,182,0,449
2025-01-22 06:15:00,6526.542,6527.265,6520.775,6522.464,450,182,0,450
2025-01-22 06:30:00,6522.468,6524.782,6520.595,6521.287,449,182,0,449
2025-01-22 06:45:00,6521.581,6522.234,6518.113,6519.757,449,182,0,449
2025-01-22 07:00:00,6519.473,6522.189,6515.522,6517.48,449,182,0,449
2025-01-22 07:15:00,6517.349,6518.339,6514.607,6517.715,450,182,0,450
2025-01-22 07:30:00,6517.827,6521.008,6517.827,6520.233,449,182,0,449
2025-01-22 07:45:00,6520.181,6525.799,6519.411,6525.351,449,182,0,449
2025-01-22 08:00:00,6525.358,6529.611,6524.287,6529.505,449,182,0,449
2025-01-22 08:15:00,6529.602,6530.792,6523.85,6524.398,449,182,0,449
2025-01-22 08:30:00,6524.34,6527.248,6519.248,6525.514,450,182,0,450
2025-01-22 08:45:00,6525.439,6531.119,6525.125,6529.069,449,182,0,449
2025-01-22 09:00:00,6529.039,6529.637,6524.088,6526.036,450,182,0,450
2025-01-22 09:15:00,6526.06,6529.682,6523.456,6529.357,449,182,0,449
2025-01-22 09:30:00,6529.28,6533.755,6529.28,6532.292,448,182,0,448
2025-01-22 09:45:00,6532.349,6535.484,6531.21,6531.393,449,182,0,449
2025-01-22 10:00:00,6531.625,6535.46,6530.717,6535.047,448,182,0,448
2025-01-22 10:15:00,6534.805,6539.579,6534.784,6538.72,450,182,0,450
2025-01-22 10:30:00,6538.841,6542.532,6538.554,6540.637,449,182,0,449
2025-01-22 10:45:00,6540.732,6547.668,6538.332,6547.034,448,182,0,448
2025-01-22 11:00:00,6546.805,6548.471,6545.035,6547.083,450,182,0,450
2025-01-22 11:15:00,6547.293,6551.932,6547.037,6550.616,450,182,0,450
2025-01-22 11:30:00,6550.615,6553.414,6548.274,6548.412,450,182,0,450
2025-01-22 11:45:00,6547.934,6550.424,6546.0,6549.845,449,182,0,449
2025-01-22 12:00:00,6549.718,6550.834,6547.352,6547.718,449,182,0,449
2025-01-22 12:15:00,6547.644,6548.936,6546.242,6548.126,450,182,0,450
2025-01-22 12:30:00,6548.108,6552.213,6547.713,6551.875,447,182,0,447
2025-01-22 12:45:00,6551.981,6558.436,6551.981,6554.378,450,182,0,450
2025-01-22 13:00:00,6554.262,6554.477,6547.733,6547.865,449,182,0,449
2025-01-22 13:15:00,6547.886,6551.789,6546.134,6551.228,449,182,0,449
2025-01-22 13:30:00,6551.345,6557.076,6551.289,6554.176,448,182,0,448
2025-01-22 13:45:00,6554.002,6555.783,6552.33,6552.33,447,182,0,447
2025-01-22 14:00:00,6552.038,6555.28,6549.288,6549.944,446,182,0,446
2025-01-22 14:15:00,6549.994,6557.094,6549.829,6556.692,449,182,0,449
2025-01-22 14:30:00,6556.72,6557.626,6553.466,6554.618,449,182,0,449
2025-01-22 14:45:00,6554.527,6559.633,6554.359,6557.601,449,182,0,449
2025-01-22 15:00:00,6557.66,6562.836,6557.407,6562.561,447,182,0,447
2025-01-22 15:15:00,6562.284,6562.284,6558.116,6560.112,447,182,0,447
2025-01-22 15:30:00,6560.364,6564.108,6558.013,6561.933,449,182,0,449
2025-01-22 15:45:00,6561.921,6562.89,6558.895,6559.333,449,182,0,449
2025-01-22 16:00:00,6559.455,6563.746,6559.073,6561.845,448,182,0,448
2025-01-22 16:15:00,6561.887,6563.214,6560.886,6561.66,450,182,0,450
2025-01-22 16:30:00,6561.574,6563.331,6557.57,6560.07,450,182,0,450
2025-01-22 16:45:00,6560.025,6561.794,6555.029,6555.538,449,182,0,449
2025-01-22 17:00:00,6555.734,6556.86,6552.454,6554.646,449,182,0,449
2025-01-22 17:15:00,6554.487,6556.766,6552.86,6553.372,450,182,0,450
2025-01-22 17:30:00,6553.434,6555.186,6550.804,6551.624,450,182,0,450
2025-01-22 17:45:00,6551.967,6555.469,6550.55,6554.492,449,182,0,449
2025-01-22 18:00:00,6554.681,6555.747,6549.846,6552.491,450,182,0,450
2025-01-22 18:15:00,6552.537,6554.626,6549.216,6550.815,449,182,0,449
2025-01-22 18:30:00,6550.69,6554.443,6546.576,6546.764,450,182,0,450
2025-01-22 18:45:00,6546.912,6548.897,6546.135,6546.474,448,182,0,448
2025-01-22 19:00:00,6546.595,6549.42,6543.528,6546.751,450,182,0,450
2025-01-22 19:15:00,6546.607,6552.295,6545.521,6550.583,448,182,0,448
2025-01-22 19:30:00,6550.752,6560.218,6550.752,6557.927,448,182,0,448
2025-01-22 19:45:00,6558.298,6558.784,6555.992,6557.299,449,182,0,449
2025-01-22 20:00:00,6557.235,6560.2,6555.989,6556.467,448,182,0,448
2025-01-22 20:15:00,6556.334,6556.792,6550.339,6550.72,450,182,0,450
2025-01-22 20:30:00,6550.691,6553.069,6548.277,6549.66,448,182,0,448
2025-01-22 20:45:00,6549.629,6554.787,6549.629,6554.431,447,182,0,447
2025-01-22 21:00:00,6554.262,6561.349,6553.296,6559.782,449,182,0,449
2025-01-22 21:15:00,6559.839,6561.072,6557.046,6558.318,449,182,0,449
2025-01-22 21:30:00,6558.345,6560.492,6552.896,6552.918,449,182,0,449
2025-01-22 21:45:00,6552.784,6553.846,6551.259,6553.019,449,182,0,449
2025-01-22 22:00:00,6552.964,6555.369,6550.315,6554.801,450,182,0,450
2025-01-22 22:15:00,6554.546,6559.404,6554.097,6555.814,449,182,0,449
2025-01-22 22:30:00,6555.611,6555.729,6550.336,6552.136,447,182,0,447
2025-01-22 22:45:00,6552.395,6557.82,6552.184,6554.124,449,182,0,449
2025-01-22 23:00:00,6554.132,6556.738,6551.521,6551.701,449,182,0,449
2025-01-22 23:15:00,6551.842,6552.247,6548.248,6548.71,448,182,0,448
2025-01-22 23:30:00,6548.679,6550.472,6545.867,6545.937,448,182,0,448
2025-01-22 23:45:00,6545.832,6547.926,6541.654,6543.819,449,182,0,449
2025-01-23 00:00:00,6543.878,6546.312,6538.296,6540.32,450,182,0,450
2025-01-23 00:15:00,6540.282,6540.282,6534.058,6534.206,448,182,0,448
2025-01-23 00:30:00,6534.197,6536.564,6532.906,6534.468,449,182,0,449
2025-01-23 00:45:00,6534.42,6540.017,6532.707,6538.351,446,182,0,446
2025-01-23 01:00:00,6538.016,6538.796,6529.983,6530.817,448,182,0,448
2025-01-23 01:15:00,6530.915,6534.294,6529.438,6533.786,448,182,0,448
2025-01-23 01:30:00,6533.495,6536.375,6530.407,6531.832,449,182,0,449
2025-01-23 01:45:00,6531.881,6533.167,6528.715,6532.105,449,182,0,449
2025-01-23 02:00:00,6531.839,6532.785,6529.315,6529.315,449,182,0,449
2025-01-23 02:15:00,6529.484,6530.97,6525.205,6530.97,449,182,0,449
2025-01-23 02:30:00,6530.809,6538.234,6530.372,6538.079,449,182,0,449
2025-01-23 02:45:00,6537.91,6540.157,6535.539,6536.192,450,182,0,450
2025-01-23 03:00:00,6535.907,6537.889,6533.679,6533.968,449,182,0,449
2025-01-23 03:15:00,6534.051,6536.478,6530.402,6535.436,447,182,0,447
2025-01-23 03:30:00,6535.531,6537.965,6534.86,6536.848,449,182,0,449
2025-01-23 03:45:00,6536.782,6538.552,6532.456,6532.817,449,182,0,449
2025-01-23 04:00:00,6532.881,6535.217,6526.976,6527.554,450,182,0,450
2025-01-23 04:15:00,6527.357,6529.704,6526.325,6528.438,448,182,0,448
2025-01-23 04:30:00,6528.578,6530.439,6525.936,6526.101,448,182,0,448
2025-01-23 04:45:00,6526.143,6532.524,6526.059,6529.598,449,182,0,449
2025-01-23 05:00:00,6529.703,6532.351,6528.956,6532.016,448,182,0,448
2025-01-23 05:15:00,6531.888,6532.15,6527.675,6530.201,450,182,0,450
2025-01-23 05:30:00,6529.877,6530.847,6526.856,6530.762,449,182,0,449
2025-01-23 05:45:00,6530.643,6535.759,6527.292,6532.897,449,182,0,449
2025-01-23 06:00:00,6532.678,6533.504,6529.474,6530.886,449,182,0,449
2025-01-23 06:15:00,6530.692,6532.133,6525.178,6525.661,448,182,0,448
2025-01-23 06:30:00,6525.566,6528.715,6524.334,6525.074,448,182,0,448
2025-01-23 06:45:00,6524.762,6529.274,6524.552,6528.153,448,182,0,448
2025-01-23 07:00:00,6528.246,6530.296,6526.665,6527.518,450,182,0,450
2025-01-23 07:15:00,6527.308,6530.468,6524.078,6524.85,447,182,0,447
2025-01-23 07:30:00,6524.828,6526.306,6522.514,6525.214,449,182,0,449
2025-01-23 07:45:00,6525.22,6525.62,6520.957,6521.99,448,182,0,448
2025-01-23 08:00:00,6522.159,6528.417,6521.92,6527.09,446,182,0,446
2025-01-23 08:15:00,6527.062,6532.232,6526.583,6531.77,448,182,0,448
2025-01-23 08:30:00,6531.774,6534.164,6531.048,6532.029,440,182,0,440
2025-01-23 08:45:00,6532.133,6535.099,6531.544,6534.358,447,182,0,447
2025-01-23 09:00:00,6534.28,6537.678,6533.087,6535.449,448,182,0,448
2025-01-23 09:15:00,6535.242,6540.147,6533.996,6539.729,450,182,0,450
2025-01-23 09:30:00,6539.881,6543.997,6538.951,6542.415,449,182,0,449
2025-01-23 09:45:00,6542.439,6544.965,6539.918,6543.531,449,182,0,449
2025-01-23 10:00:00,6543.446,6549.207,6542.799,6547.801,450,182,0,450
2025-01-23 10:15:00,6547.609,6548.784,6544.289,6546.986,449,182,0,449
2025-01-23 10:30:00,6547.025,6549.4,6546.343,6547.976,449,182,0,449
2025-01-23 10:45:00,6547.932,6549.405,6545.352,6545.428,450,182,0,450
2025-01-23 11:00:00,6545.388,6550.789,6543.783,6548.044,449,182,0,449
2025-01-23 11:15:00,6547.945,6548.779,6546.749,6547.587,450,182,0,450
2025-01-23 11:30:00,6547.563,6548.23,6545.427,6547.664,447,182,0,447
2025-01-23 11:45:00,6547.733,6552.569,6546.721,6552.569,449,182,0,449
2025-01-23 12:00:00,6552.874,6553.654,6550.142,6550.694,449,182,0,449
2025-01-23 12:15:00,6550.564,6552.309,6547.428,6549.965,447,182,0,447
2025-01-23 12:30:00,6549.831,6552.791,6542.24,6542.648,449,182,0,449
2025-01-23 12:45:00,6542.312,6543.609,6538.612,6541.36,449,182,0,449
2025-01-23 13:00:00,6541.442,6545.02,6540.539,6542.779,448,182,0,448
2025-01-23 13:15:00,6542.712,6545.148,6539.157,6539.456,449,182,0,449
2025-01-23 13:30:00,6539.373,6539.869,6536.455,6536.644,449,182,0,449
2025-01-23 13:45:00,6536.677,6539.214,6534.729,6538.362,449,182,0,449
2025-01-23 14:00:00,6538.302,6540.608,6532.301,6532.461,449,182,0,449
2025-01-23 14:15:00,6532.27,6534.423,6531.386,6534.043,450,182,0,450
2025-01-23 14:30:00,6534.231,6537.524,6532.621,6536.157,449,182,0,449
2025-01-23 14:45:00,6535.935,6536.008,6527.087,6527.331,450,182,0,450
2025-01-23 15:00:00,6527.288,6528.769,6524.413,6526.33,450,182,0,450
2025-01-23 15:15:00,6526.427,6526.65,6519.048,6520.521,448,182,0,448
2025-01-23 15:30:00,6520.326,6520.326,6514.117,6516.721,450,182,0,450
2025-01-23 15:45:00,6516.709,6517.767,6512.004,6515.428,449,182,0,449
2025-01-23 16:00:00,6515.285,6520.666,6513.874,6520.666,449,182,0,449
2025-01-23 16:15:00,6520.73,6521.377,6516.305,6517.19,448,182,0,448
2025-01-23 16:30:00,6517.072,6517.265,6512.975,6514.84,447,182,0,447
2025-01-23 16:45:00,6515.184,6517.009,6513.746,6515.643,450,182,0,450
2025-01-23 17:00:00,6515.673,6515.919,6509.575,6509.828,450,182,0,450
2025-01-23 17:15:00,6509.705,6513.841,6509.471,6513.668,448,182,0,448
2025-01-23 17:30:00,6513.672,6516.444,6508.181,6508.812,448,182,0,448
2025-01-23 17:45:00,6508.763,6512.554,6506.0,6512.078,449,182,0,449
2025-01-23 18:00:00,6512.071,6512.592,6502.532,6503.17,448,182,0,448
2025-01-23 18:15:00,6503.181,6507.893,6501.149,6505.682,450,182,0,450
2025-01-23 18:30:00,6505.758,6508.167,6498.428,6498.587,449,182,0,449
2025-01-23 18:45:00,6498.657,6499.694,6494.039,6496.159,448,182,0,448
2025-01-23 19:00:00,6496.25,6497.232,6492.371,6493.694,450,182,0,450
2025-01-23 19:15:00,6493.586,6493.786,6487.938,6488.292,449,182,0,449
2025-01-23 19:30:00,6488.259,6491.816,6486.902,6491.302,449,182,0,449
2025-01-23 19:45:00,6491.14,6498.655,6490.711,6498.627,450,182,0,450
2025-01-23 20:00:00,6498.239,6498.239,6493.519,6494.647,449,182,0,449
2025-01-23 20:15:00,6494.554,6494.765,6488.65,6488.65,449,182,0,449
2025-01-23 20:30:00,6488.643,6490.168,6485.736,6485.736,447,182,0,447
2025-01-23 20:45:00,6485.763,6487.854,6482.635,6485.632,449,182,0,449
2025-01-23 21:00:00,6485.698,6487.265,6483.742,6486.849,450,182,0,450
2025-01-23 21:15:00,6486.693,6488.39,6483.336,6484.622,449,182,0,449
2025-01-23 21:30:00,6484.53,6485.325,6482.09,6484.58,450,182,0,450
2025-01-23 21:45:00,6484.472,6486.203,6480.633,6480.738,448,182,0,448
2025-01-23 22:00:00,6480.769,6480.769,6476.385,6478.741,449,182,0,449
2025-01-23 22:15:00,6479.0,6480.928,6471.991,6473.749,449,182,0,449
2025-01-23 22:30:00,6473.664,6477.66,6473.28,6475.306,450,182,0,450
2025-01-23 22:45:00,6475.153,6476.127,6473.436,6474.832,448,182,0,448
2025-01-23 23:00:00,6475.191,6476.68,6472.959,6476.287,448,182,0,448
2025-01-23 23:15:00,6476.52,6480.512,6475.389,6479.947,448,182,0,448
2025-01-23 23:30:00,6479.944,6482.963,6479.944,6481.896,449,182,0,449
2025-01-23 23:45:00,6481.729,6483.722,6478.597,6483.695,448,182,0,448
2025-01-24 00:00:00,6484.121,6486.582,6482.583,6485.987,450,182,0,450
2025-01-24 00:15:00,6486.142,6490.956,6485.53,6490.662,448,182,0,448
2025-01-24 00:30:00,6490.366,6494.704,6490.334,6492.847,450,182,0,450
2025-01-24 00:45:00,6492.942,6494.47,6487.287,6487.391,449,182,0,449
2025-01-24 01:00:00,6487.42,6488.203,6484.914,6487.512,447,182,0,447
2025-01-24 01:15:00,6487.393,6489.428,6484.636,6487.091,445,182,0,445
2025-01-24 01:30:00,6487.277,6489.369,6483.274,6488.886,449,182,0,449
2025-01-24 01:45:00,6488.981,6489.708,6481.619,6482.799,447,182,0,447
2025-01-24 02:00:00,6483.024,6484.366,6479.458,6480.482,450,182,0,450
2025-01-24 02:15:00,6480.455,6482.85,6477.143,6482.164,449,182,0,449
2025-01-24 02:30:00,6482.351,6483.429,6479.586,6479.914,450,182,0,450
2025-01-24 02:45:00,6480.058,6480.224,6477.194,6479.815,446,182,0,446
2025-01-24 03:00:00,6479.809,6482.955,6479.666,6480.986,450,182,0,450
2025-01-24 03:15:00,6481.056,6484.892,6479.855,6484.62,449,182,0,449
2025-01-24 03:30:00,6484.614,6488.488,6483.404,6485.053,446,182,0,446
2025-01-24 03:45:00,6484.962,6486.512,6483.498,6486.045,450,182,0,450
2025-01-24 04:00:00,6486.31,6491.027,6485.964,6489.484,448,182,0,448
2025-01-24 04:15:00,6489.389,6493.21,6487.775,6492.758,450,182,0,450
2025-01-24 04:30:00,6492.628,6494.163,6490.13,6492.011,450,182,0,450
2025-01-24 04:45:00,6492.056,6498.573,6489.709,6498.342,448,182,0,448
2025-01-24 05:00:00,6498.221,6498.947,6494.824,6495.248,450,182,0,450
2025-01-24 05:15:00,6495.296,6498.592,6493.443,6497.424,448,182,0,448
2025-01-24 05:30:00,6497.429,6506.15,6497.429,6505.219,449,182,0,449
2025-01-24 05:45:00,6505.385,6507.52,6501.716,6507.402,448,182,0,448
2025-01-24 06:00:00,6507.372,6508.022,6503.946,6505.897,449,182,0,449
2025-01-24 06:15:00,6506.11,6508.153,6503.59,6506.918,450,182,0,450
2025-01-24 06:30:00,6506.928,6508.466,6503.677,6506.387,446,182,0,446
2025-01-24 06:45:00,6506.34,6507.588,6500.058,6500.986,449,182,0,449
2025-01-24 07:00:00,6500.853,6501.6,6497.371,6497.961,448,182,0,448
2025-01-24 07:15:00,6497.843,6503.019,6496.098,6502.955,449,182,0,449
2025-01-24 07:30:00,6502.981,6505.504,6498.053,6498.053,450,182,0,450
2025-01-24 07:45:00,6498.115,6500.769,6496.075,6496.075,450,182,0,450
2025-01-24 08:00:00,6496.211,6499.988,6496.029,6496.389,450,182,0,450
2025-01-24 08:15:00,6496.423,6499.268,6493.246,6498.478,450,182,0,450
2025-01-24 08:30:00,6498.442,6499.867,6496.011,6496.333,449,182,0,449
2025-01-24 08:45:00,6496.464,6497.399,6493.915,6496.149,448,182,0,448
2025-01-24 09:00:00,6496.01,6498.339,6494.981,6497.012,450,182,0,450
2025-01-24 09:15:00,6496.98,6497.886,6488.924,6489.388,449,182,0,449
2025-01-24 09:30:00,6489.394,6492.502,6487.315,6489.92,450,182,0,450
2025-01-24 09:45:00,6489.637,6493.984,6488.556,6493.224,447,182,0,447
2025-01-24 10:00:00,6492.852,6495.602,6490.717,6492.699,449,182,0,449
2025-01-24 10:15:00,6492.581,6497.954,6491.336,6496.773,448,182,0,448
2025-01-24 10:30:00,6496.672,6496.961,6493.081,6495.491,450,182,0,450
2025-01-24 10:45:00,6495.755,6502.586,6495.755,6502.404,449,182,0,449
2025-01-24 11:00:00,6502.091,6505.288,6499.224,6503.223,450,182,0,450
2025-01-24 11:15:00,6503.287,6508.069,6501.421,6507.695,446,182,0,446
2025-01-24 11:30:00,6507.607,6512.408,6505.463,6509.103,450,182,0,450
2025-01-24 11:45:00,6509.096,6509.29,6502.557,6503.722,448,182,0,448
2025-01-24 12:00:00,6503.765,6507.822,6500.822,6501.348,450,182,0,450
2025-01-24 12:15:00,6501.36,6503.769,6498.599,6498.599,450,182,0,450
2025-01-24 12:30:00,6498.362,6508.601,6498.103,6506.456,450,182,0,450
2025-01-24 12:45:00,6506.52,6506.613,6501.076,6504.09,449,182,0,449
2025-01-24 13:00:00,6504.175,6505.28,6500.942,6503.827,446,182,0,446
2025-01-24 13:15:00,6503.745,6503.745,6498.287,6500.682,450,182,0,450
2025-01-24 13:30:00,6500.706,6503.278,6491.326,6491.326,449,182,0,449
2025-01-24 13:45:00,6491.241,6497.468,6491.13,6495.384,450,182,0,450
2025-01-24 14:00:00,6495.721,6497.788,6491.778,6493.108,448,182,0,448
2025-01-24 14:15:00,6492.942,6495.799,6492.651,6494.962,449,182,0,449
2025-01-24 14:30:00,6494.936,6501.274,6494.69,6498.98,448,182,0,448
2025-01-24 14:45:00,6499.081,6502.442,6496.376,6496.869,447,182,0,447
2025-01-24 15:00:00,6496.988,6497.148,6492.942,6494.784,449,182,0,449
2025-01-24 15:15:00,6494.769,6502.254,6494.147,6500.23,450,182,0,450
2025-01-24 15:30:00,6500.234,6503.395,6497.577,6503.395,446,182,0,446
2025-01-24 15:45:00,6503.483,6507.328,6503.083,6507.244,450,182,0,450
2025-01-24 16:00:00,6506.846,6508.898,6505.071,6506.665,448,182,0,448
2025-01-24 16:15:00,6506.922,6507.805,6500.134,6500.525,449,182,0,449
2025-01-24 16:30:00,6500.603,6502.131,6496.576,6499.328,449,182,0,449
2025-01-24 16:45:00,6499.348,6503.351,6498.668,6499.789,448,182,0,448
2025-01-24 17:00:00,6499.857,6500.906,6496.779,6500.906,449,182,0,449
2025-01-24 17:15:00,6501.105,6501.524,6494.457,6494.627,450,182,0,450
2025-01-24 17:30:00,6494.638,6496.098,6488.834,6489.479,448,182,0,448
2025-01-24 17:45:00,6489.254,6490.744,6487.714,6490.343,448,182,0,448
2025-01-24 18:00:00,6490.176,6491.294,6485.76,6490.682,449,182,0,449
2025-01-24 18:15:00,6491.037,6491.531,6485.485,6487.457,450,182,0,450
2025-01-24 18:30:00,6487.487,6488.602,6485.141,6488.602,450,182,0,450
2025-01-24 18:45:00,6488.707,6492.343,6488.388,6491.68,449,182,0,449
2025-01-24 19:00:00,6491.626,6493.435,6489.004,6489.741,449,182,0,449
2025-01-24 19:15:00,6489.877,6490.79,6485.289,6487.239,449,182,0,449
2025-01-24 19:30:00,6487.549,6487.646,6484.137,6486.653,450,182,0,450
2025-01-24 19:45:00,6486.704,6489.19,6485.845,6488.782,449,182,0,449
2025-01-24 20:00:00,6488.811,6493.85,6486.667,6493.157,450,182,0,450
2025-01-24 20:15:00,6493.209,6495.582,6491.95,6494.214,449,182,0,449
2025-01-24 20:30:00,6494.289,6495.263,6491.36,6491.964,450,182,0,450
2025-01-24 20:45:00,6491.875,6495.058,6489.814,6490.972,448,182,0,448
2025-01-24 21:00:00,6491.133,6494.411,6489.732,6492.711,450,182,0,450
2025-01-24 21:15:00,6492.825,6496.174,6491.112,6491.161,449,182,0,449
2025-01-24 21:30:00,6491.495,6495.308,6490.882,6494.247,449,182,0,449
2025-01-24 21:45:00,6494.419,6495.891,6491.206,6494.385,449,182,0,449
2025-01-24 22:00:00,6494.234,6499.273,6494.122,6498.798,450,182,0,450
2025-01-24 22:15:00,6498.676,6502.244,6496.373,6499.33,448,182,0,448
2025-01-24 22:30:00,6499.018,6503.218,6498.164,6503.014,450,182,0,450
2025-01-24 22:45:00,6502.924,6503.401,6497.896,6498.453,450,182,0,450
2025-01-24 23:00:00,6498.328,6502.434,6497.751,6499.522,448,182,0,448
2025-01-24 23:15:00,6499.71,6505.798,6499.375,6504.604,450,182,0,450
2025-01-24 23:30:00,6504.615,6509.739,6504.396,6508.81,448,182,0,448
2025-01-24 23:45:00,6508.73,6515.99,6506.135,6515.85,449,182,0,449
2025-01-25 00:00:00,6515.924,6516.938,6512.795,6516.095,449,182,0,449
2025-01-25 00:15:00,6516.003,6516.151,6510.803,6514.736,449,182,0,449
2025-01-25 00:30:00,6514.625,6518.345,6512.239,6517.97,450,182,0,450
2025-01-25 00:45:00,6517.876,6521.956,6517.329,6518.129,449,182,0,449
2025-01-25 01:00:00,6518.365,6521.361,6516.262,6516.673,447,182,0,447
2025-01-25 01:15:00,6516.477,6517.482,6513.011,6515.323,449,182,0,449
2025-01-25 01:30:00,6515.328,6518.608,6513.259,6513.867,449,182,0,449
2025-01-25 01:45:00,6514.154,6521.115,6511.958,6520.641,449,182,0,449
2025-01-25 02:00:00,6520.834,6521.059,6514.332,6514.485,449,182,0,449
2025-01-25 02:15:00,6514.317,6514.44,6508.895,6508.972,448,182,0,448
2025-01-25 02:30:00,6508.841,6514.967,6507.706,6514.893,448,182,0,448
2025-01-25 02:45:00,6515.038,6518.611,6511.953,6518.394,450,182,0,450
2025-01-25 03:00:00,6518.191,6518.339,6514.719,6517.278,449,182,0,449
2025-01-25 03:15:00,6517.534,6522.181,6517.347,6521.468,450,182,0,450
2025-01-25 03:30:00,6521.44,6521.614,6513.473,6514.15,450,182,0,450
2025-01-25 03:45:00,6514.335,6517.416,6512.701,6516.451,446,182,0,446
2025-01-25 04:00:00,6516.648,6522.352,6516.415,6522.14,449,182,0,449
2025-01-25 04:15:00,6521.927,6525.457,6519.627,6521.635,449,182,0,449
2025-01-25 04:30:00,6521.592,6524.541,6518.861,6521.153,449,182,0,449
2025-01-25 04:45:00,6521.218,6521.913,6518.526,6520.185,449,182,0,449
2025-01-25 05:00:00,6520.195,6520.971,6517.2,6519.554,448,182,0,448
2025-01-25 05:15:00,6519.644,6523.25,6517.891,6523.169,450,182,0,450
2025-01-25 05:30:00,6523.194,6525.709,6522.629,6524.894,449,182,0,449
2025-01-25 05:45:00,6524.855,6525.262,6519.974,6520.898,450,182,0,450
2025-01-25 06:00:00,6521.091,6524.126,6520.261,6520.977,450,182,0,450
2025-01-25 06:15:00,6521.042,6523.875,6520.726,6520.878,450,182,0,450
2025-01-25 06:30:00,6520.972,6525.638,6520.96,6525.47,450,182,0,450
2025-01-25 06:45:00,6525.387,6526.181,6522.055,6523.875,450,182,0,450
2025-01-25 07:00:00,6523.739,6527.118,6523.469,6524.488,448,182,0,448
2025-01-25 07:15:00,6524.497,6528.042,6522.398,6524.841,449,182,0,449
2025-01-25 07:30:00,6524.506,6528.027,6521.155,6521.155,449,182,0,449
2025-01-25 07:45:00,6521.033,6523.018,6519.22,6519.905,448,182,0,448
2025-01-25 08:00:00,6519.89,6520.554,6516.376,6517.242,448,182,0,448
2025-01-25 08:15:00,6517.322,6517.705,6509.12,6511.711,448,182,0,448
2025-01-25 08:30:00,6512.147,6513.178,6509.944,6513.118,450,182,0,450
2025-01-25 08:45:00,6513.125,6513.161,6504.874,6505.236,449,182,0,449
2025-01-25 09:00:00,6505.327,6506.906,6503.918,6504.461,448,182,0,448
2025-01-25 09:15:00,6504.359,6507.51,6501.084,6501.879,448,182,0,448
2025-01-25 09:30:00,6502.116,6504.666,6500.795,6503.717,450,182,0,450
2025-01-25 09:45:00,6503.429,6504.593,6498.201,6498.88,449,182,0,449
2025-01-25 10:00:00,6498.794,6500.287,6497.216,6497.609,450,182,0,450
2025-01-25 10:15:00,6497.677,6499.135,6495.661,6495.661,449,182,0,449
2025-01-25 10:30:00,6495.934,6497.697,6491.945,6492.628,449,182,0,449
2025-01-25 10:45:00,6492.611,6493.534,6486.67,6490.335,449,182,0,449
2025-01-25 11:00:00,6490.237,6493.1,6488.966,6489.532,450,182,0,450
2025-01-25 11:15:00,6489.315,6492.266,6486.812,6491.337,449,182,0,449
2025-01-25 11:30:00,6491.517,6496.704,6488.893,6488.893,450,182,0,450
2025-01-25 11:45:00,6488.723,6490.095,6486.791,6487.856,448,182,0,448
2025-01-25 12:00:00,6487.714,6488.777,6484.137,6485.068,449,182,0,449
2025-01-25 12:15:00,6485.055,6486.686,6483.957,6484.806,449,182,0,449
2025-01-25 12:30:00,6484.483,6485.93,6482.027,6484.183,446,182,0,446
2025-01-25 12:45:00,6484.149,6487.484,6483.735,6485.791,450,182,0,450
2025-01-25 13:00:00,6485.599,6486.895,6483.52,6485.159,449,182,0,449
2025-01-25 13:15:00,6485.036,6485.938,6480.554,6482.616,450,182,0,450
2025-01-25 13:30:00,6482.774,6486.583,6481.653,6485.991,450,182,0,450
2025-01-25 13:45:00,6485.905,6490.754,6484.767,6489.74,448,182,0,448
2025-01-25 14:00:00,6489.718,6491.947,6487.879,6489.647,449,182,0,449
2025-01-25 14:15:00,6489.929,6492.565,6486.933,6492.364,449,182,0,449
2025-01-25 14:30:00,6492.205,6499.659,6492.205,6497.72,449,182,0,449
2025-01-25 14:45:00,6497.619,6500.94,6497.41,6500.49,449,182,0,449
2025-01-25 15:00:00,6500.543,6508.418,6499.884,6507.787,450,182,0,450
2025-01-25 15:15:00,6507.474,6507.474,6503.447,6504.034,450,182,0,450
2025-01-25 15:30:00,6504.245,6506.777,6501.043,6502.742,447,182,0,447
2025-01-25 15:45:00,6502.891,6504.951,6501.784,6502.955,449,182,0,449
2025-01-25 16:00:00,6502.886,6506.278,6500.064,6500.251,449,182,0,449
2025-01-25 16:15:00,6500.457,6501.947,6496.928,6500.199,448,182,0,448
2025-01-25 16:30:00,6500.426,6500.426,6492.898,6493.545,449,182,0,449
2025-01-25 16:45:00,6493.579,6493.579,6489.19,6490.793,450,182,0,450
2025-01-25 17:00:00,6490.984,6491.984,6486.556,6486.704,449,182,0,449
2025-01-25 17:15:00,6486.72,6488.795,6481.351,6483.64,449,182,0,449
2025-01-25 17:30:00,6483.57,6486.115,6480.107,6486.115,449,182,0,449
2025-01-25 17:45:00,6486.195,6490.968,6484.747,6490.411,448,182,0,448
2025-01-25 18:00:00,6490.236,6490.315,6486.208,6486.832,449,182,0,449
2025-01-25 18:15:00,6487.318,6487.671,6479.897,6480.197,449,182,0,449
2025-01-25 18:30:00,6480.315,6483.046,6479.85,6482.327,448,182,0,448
2025-01-25 18:45:00,6482.257,6486.538,6478.189,6484.979,450,182,0,450
2025-01-25 19:00:00,6485.076,6492.165,6484.764,6491.163,449,182,0,449
2025-01-25 19:15:00,6491.498,6495.344,6490.233,6491.084,450,182,0,450
2025-01-25 19:30:00,6491.138,6494.926,6490.096,6490.616,449,182,0,449
2025-01-25 19:45:00,6490.557,6492.055,6485.797,6491.347,450,182,0,450
2025-01-25 20:00:00,6491.414,6491.557,6484.886,6484.886,449,182,0,449
2025-01-25 20:15:00,6484.556,6486.437,6483.712,6484.454,450,182,0,450
2025-01-25 20:30:00,6484.345,6492.017,6483.397,6489.934,450,182,0,450
2025-01-25 20:45:00,6490.034,6495.606,6489.604,6495.038,449,182,0,449
2025-01-25 21:00:00,6494.746,6496.136,6491.399,6494.847,447,182,0,447
2025-01-25 21:15:00,6494.933,6499.671,6494.641,6499.47,447,182,0,447
2025-01-25 21:30:00,6499.558,6507.738,6499.558,6506.537,450,182,0,450
2025-01-25 21:45:00,6506.306,6506.383,6498.318,6498.369,449,182,0,449
2025-01-25 22:00:00,6497.99,6498.269,6493.452,6495.793,449,182,0,449
2025-01-25 22:15:00,6495.659,6497.907,6494.029,6496.714,450,182,0,450
2025-01-25 22:30:00,6496.848,6501.372,6495.778,6498.764,448,182,0,448
2025-01-25 22:45:00,6498.747,6499.711,6495.528,6497.903,447,182,0,447
2025-01-25 23:00:00,6497.79,6502.003,6497.365,6501.027,449,182,0,449
2025-01-25 23:15:00,6500.865,6502.146,6498.928,6501.699,448,182,0,448
2025-01-25 23:30:00,6501.345,6503.58,6499.904,6502.202,448,182,0,448
2025-01-25 23:45:00,6502.153,6502.783,6498.022,6498.078,448,182,0,448
2025-01-26 00:00:00,6498.243,6498.401,6494.691,6497.365,449,182,0,449
2025-01-26 00:15:00,6497.14,6501.2,6494.331,6500.262,449,182,0,449
2025-01-26 00:30:00,6500.198,6502.509,6498.637,6499.19,450,182,0,450
2025-01-26 00:45:00,6498.964,6505.711,6498.964,6501.533,450,182,0,450
2025-01-26 01:00:00,6501.743,6503.868,6498.739,6499.545,447,182,0,447
2025-01-26 01:15:00,6499.524,6502.576,6498.939,6500.058,449,182,0,449
2025-01-26 01:30:00,6500.265,6501.735,6498.048,6500.053,450,182,0,450
2025-01-26 01:45:00,6500.099,6500.41,6490.784,6492.78,450,182,0,450
2025-01-26 02:00:00,6492.651,6493.422,6488.471,6489.459,441,182,0,441
2025-01-26 02:15:00,6489.511,6492.012,6486.697,6491.697,450,182,0,450
2025-01-26 02:30:00,6491.423,6493.502,6490.394,6492.507,448,182,0,448
2025-01-26 02:45:00,6492.426,6499.705,6492.331,6499.175,449,182,0,449
2025-01-26 03:00:00,6499.11,6500.488,6495.267,6496.786,449,182,0,449
2025-01-26 03:15:00,6496.882,6497.178,6492.681,6496.763,450,182,0,450
2025-01-26 03:30:00,6496.873,6500.169,6495.501,6499.644,447,182,0,447
2025-01-26 03:45:00,6499.649,6502.056,6498.234,6498.234,450,182,0,450
2025-01-26 04:00:00,6498.254,6502.541,6497.859,6499.099,449,182,0,449
2025-01-26 04:15:00,6499.212,6499.403,6489.609,6490.328,450,182,0,450
2025-01-26 04:30:00,6490.291,6502.51,6489.771,6502.226,449,182,0,449
2025-01-26 04:45:00,6502.095,6509.94,6501.449,6509.94,449,182,0,449
2025-01-26 05:00:00,6509.998,6512.57,6508.476,6511.74,449,182,0,449
2025-01-26 05:15:00,6511.96,6514.578,6510.449,6511.622,450,182,0,450
2025-01-26 05:30:00,6511.88,6512.544,6505.854,6506.133,447,182,0,447
2025-01-26 05:45:00,6506.312,6507.123,6503.575,6505.491,450,182,0,450
2025-01-26 06:00:00,6505.761,6510.028,6503.475,6509.153,448,182,0,448
2025-01-26 06:15:00,6509.223,6509.223,6505.593,6506.528,449,182,0,449
2025-01-26 06:30:00,6506.449,6514.457,6506.229,6511.49,450,182,0,450
2025-01-26 06:45:00,6511.329,6514.731,6510.558,6513.775,450,182,0,450
2025-01-26 07:00:00,6513.685,6516.249,6513.472,6514.79,450,182,0,450
2025-01-26 07:15:00,6514.662,6514.701,6508.596,6508.709,449,182,0,449
2025-01-26 07:30:00,6508.711,6509.241,6503.248,6504.087,450,182,0,450
2025-01-26 07:45:00,6503.943,6504.609,6498.502,6500.159,449,182,0,449
2025-01-26 08:00:00,6500.071,6502.395,6495.363,6502.241,447,182,0,447
2025-01-26 08:15:00,6502.282,6503.25,6496.325,6499.127,449,182,0,449
2025-01-26 08:30:00,6499.133,6501.992,6497.774,6498.327,445,182,0,445
2025-01-26 08:45:00,6498.228,6501.265,6494.538,6501.055,450,182,0,450
2025-01-26 09:00:00,6500.761,6506.11,6497.485,6506.006,449,182,0,449
2025-01-26 09:15:00,6505.853,6512.2,6505.654,6510.617,449,182,0,449
2025-01-26 09:30:00,6510.74,6510.767,6506.063,6507.121,450,182,0,450
2025-01-26 09:45:00,6507.04,6513.401,6506.752,6513.204,449,182,0,449
2025-01-26 10:00:00,6513.287,6513.751,6507.048,6508.628,449,182,0,449
2025-01-26 10:15:00,6508.473,6509.148,6505.796,6506.809,448,182,0,448
2025-01-26 10:30:00,6506.887,6511.028,6505.493,6507.48,450,182,0,450
2025-01-26 10:45:00,6507.572,6510.611,6506.737,6509.785,449,182,0,449
2025-01-26 11:00:00,6510.061,6510.511,6501.32,6503.29,449,182,0,449
2025-01-26 11:15:00,6502.914,6503.156,6498.909,6500.553,448,182,0,448
2025-01-26 11:30:00,6500.67,6502.812,6499.593,6502.812,449,182,0,449
2025-01-26 11:45:00,6502.927,6505.633,6501.368,6505.373,449,182,0,449
2025-01-26 12:00:00,6505.159,6506.322,6496.381,6496.684,450,182,0,450
2025-01-26 12:15:00,6496.174,6501.341,6495.965,6496.878,448,182,0,448
2025-01-26 12:30:00,6497.287,6499.257,6493.309,6494.801,448,182,0,448
2025-01-26 12:45:00,6494.823,6497.683,6493.939,6494.03,449,182,0,449
2025-01-26 13:00:00,6494.012,6499.632,6493.007,6498.412,448,182,0,448
2025-01-26 13:15:00,6498.56,6498.719,6493.766,6494.959,450,182,0,450
2025-01-26 13:30:00,6494.913,6495.448,6491.635,6492.899,448,182,0,448
2025-01-26 13:45:00,6493.129,6499.898,6491.368,6498.661,449,182,0,449
2025-01-26 14:00:00,6498.767,6500.564,6496.974,6498.743,449,182,0,449
2025-01-26 14:15:00,6498.972,6499.424,6494.917,6499.424,448,182,0,448
2025-01-26 14:30:00,6499.156,6503.513,6498.82,6501.946,448,182,0,448
2025-01-26 14:45:00,6501.985,6503.987,6500.681,6501.753,448,182,0,448
2025-01-26 15:00:00,6501.699,6503.226,6499.231,6500.896,450,182,0,450
2025-01-26 15:15:00,6500.605,6505.722,6500.03,6500.639,449,182,0,449
2025-01-26 15:30:00,6500.871,6502.252,6496.09,6500.374,448,182,0,448
2025-01-26 15:45:00,6500.106,6502.129,6492.802,6494.325,449,182,0,449
2025-01-26 16:00:00,6494.247,6494.247,6490.686,6493.268,450,182,0,450
2025-01-26 16:15:00,6493.21,6494.333,6491.21,6493.75,449,182,0,449
2025-01-26 16:30:00,6493.594,6493.658,6488.14,6488.233,449,182,0,449
2025-01-26 16:45:00,6488.189,6489.615,6486.459,6487.625,449,182,0,449
2025-01-26 17:00:00,6487.741,6488.037,6479.968,6480.728,448,182,0,448
2025-01-26 17:15:00,6480.726,6481.436,6475.208,6475.208,449,182,0,449
2025-01-26 17:30:00,6474.808,6479.736,6474.522,6479.549,450,182,0,450
2025-01-26 17:45:00,6479.599,6480.572,6476.433,6479.091,449,182,0,449
2025-01-26 18:00:00,6478.998,6479.493,6472.843,6473.38,449,182,0,449
2025-01-26 18:15:00,6473.672,6474.076,6465.722,6467.707,449,182,0,449
2025-01-26 18:30:00,6467.759,6470.913,6466.674,6470.394,449,182,0,449
2025-01-26 18:45:00,6470.531,6471.339,6465.063,6465.634,450,182,0,450
2025-01-26 19:00:00,6465.778,6468.725,6463.669,6467.931,450,182,0,450
2025-01-26 19:15:00,6467.884,6469.47,6463.011,6463.011,450,182,0,450
2025-01-26 19:30:00,6462.89,6466.474,6462.356,6463.517,449,182,0,449
2025-01-26 19:45:00,6463.361,6465.671,6461.111,6465.671,450,182,0,450
2025-01-26 20:00:00,6466.038,6466.535,6462.941,6464.886,449,182,0,449
2025-01-26 20:15:00,6465.028,6465.533,6458.91,6463.541,449,182,0,449
2025-01-26 20:30:00,6463.821,6468.552,6462.492,6468.126,449,182,0,449
2025-01-26 20:45:00,6467.72,6468.69,6464.767,6465.278,449,182,0,449
2025-01-26 21:00:00,6465.33,6468.156,6464.407,6464.407,450,182,0,450
2025-01-26 21:15:00,6464.163,6464.163,6459.783,6462.792,450,182,0,450
2025-01-26 21:30:00,6462.959,6463.553,6458.816,6459.279,450,182,0,450
2025-01-26 21:45:00,6459.408,6460.093,6454.303,6456.782,449,182,0,449
2025-01-26 22:00:00,6457.113,6460.53,6454.962,6456.192,449,182,0,449
2025-01-26 22:15:00,6455.994,6457.42,6453.523,6456.347,450,182,0,450
2025-01-26 22:30:00,6456.153,6462.657,6453.858,6462.657,449,182,0,449
2025-01-26 22:45:00,6462.582,6463.356,6459.674,6460.782,448,182,0,448
2025-01-26 23:00:00,6460.81,6462.955,6454.517,6455.101,450,182,0,450
2025-01-26 23:15:00,6455.171,6455.444,6449.967,6451.309,450,182,0,450
2025-01-26 23:30:00,6451.467,6453.14,6448.547,6450.677,450,182,0,450
2025-01-26 23:45:00,6450.485,6453.718,6448.893,6452.182,450,182,0,450
2025-01-27 00:00:00,6452.002,6453.244,6449.164,6450.589,446,182,0,446
2025-01-27 00:15:00,6450.383,6453.096,6446.912,6452.511,447,182,0,447
2025-01-27 00:30:00,6452.53,6452.74,6447.937,6448.89,447,182,0,447
2025-01-27 00:45:00,6448.576,6451.241,6445.911,6446.481,449,182,0,449
2025-01-27 01:00:00,6446.445,6449.416,6443.321,6448.72,449,182,0,449
2025-01-27 01:15:00,6448.78,6452.182,6447.213,6449.984,450,182,0,450
2025-01-27 01:30:00,6450.192,6451.088,6442.467,6443.327,447,182,0,447
2025-01-27 01:45:00,6443.236,6447.46,6443.129,6446.078,448,182,0,448
2025-01-27 02:00:00,6446.171,6449.293,6444.27,6448.036,447,182,0,447
2025-01-27 02:15:00,6448.15,6449.769,6444.753,6447.012,449,182,0,449
2025-01-27 02:30:00,6446.469,6447.684,6443.566,6446.973,450,182,0,450
2025-01-27 02:45:00,6446.736,6451.823,6446.043,6451.209,450,182,0,450
2025-01-27 03:00:00,6450.978,6453.457,6450.028,6451.36,448,182,0,448
2025-01-27 03:15:00,6451.149,6454.528,6449.091,6450.447,449,182,0,449
2025-01-27 03:30:00,6450.643,6451.313,6447.466,6450.504,448,182,0,448
2025-01-27 03:45:00,6450.716,6452.723,6449.113,6449.596,448,182,0,448
2025-01-27 04:00:00,6449.669,6453.654,6447.562,6453.654,448,182,0,448
2025-01-27 04:15:00,6453.717,6456.863,6451.545,6451.644,450,182,0,450
2025-01-27 04:30:00,6451.65,6455.906,6450.704,6454.682,449,182,0,449
2025-01-27 04:45:00,6454.49,6455.164,6449.173,6451.902,449,182,0,449
2025-01-27 05:00:00,6451.962,6452.55,6446.254,6450.336,448,182,0,448
2025-01-27 05:15:00,6450.272,6451.286,6446.744,6447.91,447,182,0,447
2025-01-27 05:30:00,6448.166,6452.933,6447.065,6451.286,450,182,0,450
2025-01-27 05:45:00,6451.315,6452.639,6447.724,6451.231,449,182,0,449
2025-01-27 06:00:00,6450.994,6452.179,6449.101,6451.07,448,182,0,448
2025-01-27 06:15:00,6450.861,6453.226,6449.872,6450.532,450,182,0,450
2025-01-27 06:30:00,6450.659,6452.615,6448.24,6450.884,448,182,0,448
2025-01-27 06:45:00,6450.763,6452.934,6445.722,6448.353,449,179,0,449
2025-01-27 07:00:00,6448.31,6449.55,6444.611,6445.681,449,179,0,449
2025-01-27 07:15:00,6445.998,6447.641,6442.944,6447.447,449,179,0,449
2025-01-27 07:30:00,6447.365,6450.802,6446.15,6450.266,447,179,0,447
2025-01-27 07:45:00,6450.365,6450.915,6447.186,6447.592,450,179,0,450
2025-01-27 08:00:00,6447.666,6453.632,6447.666,6452.674,449,179,0,449
2025-01-27 08:15:00,6452.52,6453.2,6449.542,6451.185,448,179,0,448
2025-01-27 08:30:00,6451.011,6453.565,6447.486,6447.972,449,179,0,449
2025-01-27 08:45:00,6447.957,6452.483,6447.306,6450.62,450,179,0,450
2025-01-27 09:00:00,6450.775,6451.799,6445.796,6447.273,450,179,0,450
2025-01-27 09:15:00,6447.313,6447.793,6443.669,6443.669,449,179,0,449
2025-01-27 09:30:00,6443.65,6448.682,6443.488,6446.881,448,179,0,448
2025-01-27 09:45:00,6446.601,6450.915,6446.157,6449.269,448,179,0,448
2025-01-27 10:00:00,6449.267,6453.964,6448.78,6453.615,448,179,0,448
2025-01-27 10:15:00,6453.762,6454.718,6451.438,6453.722,447,179,0,447
2025-01-27 10:30:00,6453.901,6454.79,6450.074,6451.942,450,179,0,450
2025-01-27 10:45:00,6451.991,6454.498,6449.653,6450.659,449,179,0,449
2025-01-27 11:00:00,6450.612,6450.858,6444.587,6444.845,449,179,0,449
2025-01-27 11:15:00,6444.621,6446.504,6443.26,6444.046,447,179,0,447
2025-01-27 11:30:00,6444.032,6447.099,6443.257,6446.405,448,179,0,448
2025-01-27 11:45:00,6446.433,6447.068,6440.445,6440.555,449,179,0,449
2025-01-27 12:00:00,6440.638,6441.272,6437.424,6438.166,449,179,0,449
2025-01-27 12:15:00,6438.143,6443.029,6436.73,6437.524,448,179,0,448
2025-01-27 12:30:00,6437.555,6437.983,6432.206,6434.133,450,179,0,450
2025-01-27 12:45:00,6434.175,6435.067,6429.909,6431.277,449,179,0,449
2025-01-27 13:00:00,6431.395,6431.567,6425.942,6430.162,447,179,0,447
2025-01-27 13:15:00,6430.136,6431.218,6428.508,6429.069,447,179,0,447
2025-01-27 13:30:00,6429.027,6433.031,6428.682,6429.887,450,179,0,450
2025-01-27 13:45:00,6429.911,6432.31,6429.359,6430.664,449,179,0,449
2025-01-27 14:00:00,6430.276,6430.28,6422.5,6424.452,450,179,0,450
2025-01-27 14:15:00,6424.556,6430.757,6422.945,6429.245,448,179,0,448
2025-01-27 14:30:00,6429.31,6430.91,6425.929,6426.949,450,179,0,450
2025-01-27 14:45:00,6427.036,6429.029,6423.419,6426.245,450,179,0,450
2025-01-27 15:00:00,6426.117,6426.356,6420.824,6423.514,449,179,0,449
2025-01-27 15:15:00,6423.385,6425.745,6421.403,6422.768,449,179,0,449
2025-01-27 15:30:00,6422.475,6426.467,6421.812,6424.675,450,179,0,450
2025-01-27 15:45:00,6424.73,6434.184,6424.442,6432.898,450,179,0,450
2025-01-27 16:00:00,6433.003,6433.975,6430.774,6430.836,450,179,0,450
2025-01-27 16:15:00,6430.695,6432.814,6425.586,6425.586,450,179,0,450
2025-01-27 16:30:00,6425.573,6426.769,6422.476,6422.476,450,179,0,450
2025-01-27 16:45:00,6422.323,6425.984,6422.014,6425.075,448,179,0,448
2025-01-27 17:00:00,6425.339,6426.245,6423.463,6425.311,450,179,0,450
2025-01-27 17:15:00,6425.517,6426.279,6422.523,6425.968,449,179,0,449
2025-01-27 17:30:00,6426.147,6426.257,6420.406,6421.806,450,179,0,450
2025-01-27 17:45:00,6421.575,6422.626,6418.784,6420.593,449,179,0,449
2025-01-27 18:00:00,6420.662,6421.447,6414.31,6415.274,449,179,0,449
2025-01-27 18:15:00,6415.218,6419.666,6414.613,6418.237,447,179,0,447
2025-01-27 18:30:00,6418.04,6418.724,6410.057,6415.979,448,179,0,448
2025-01-27 18:45:00,6416.236,6419.367,6415.346,6418.9,450,179,0,450
2025-01-27 19:00:00,6418.858,6420.975,6417.056,6418.395,448,179,0,448
2025-01-27 19:15:00,6418.542,6423.173,6418.453,6421.023,449,179,0,449
2025-01-27 19:30:00,6420.809,6422.277,6419.133,6419.46,449,179,0,449
2025-01-27 19:45:00,6419.78,6424.309,6417.967,6419.116,447,179,0,447
2025-01-27 20:00:00,6419.199,6420.968,6417.282,6417.478,449,179,0,449
2025-01-27 20:15:00,6417.452,6421.185,6414.76,6414.766,450,179,0,450
2025-01-27 20:30:00,6414.836,6416.011,6413.081,6415.048,449,179,0,449
2025-01-27 20:45:00,6415.093,6417.474,6410.335,6410.617,449,179,0,449
2025-01-27 21:00:00,6410.578,6413.009,6409.498,6410.86,450,179,0,450
2025-01-27 21:15:00,6410.57,6413.332,6410.468,6412.38,449,179,0,449
2025-01-27 21:30:00,6412.175,6414.223,6409.276,6410.164,450,179,0,450
2025-01-27 21:45:00,6410.308,6413.113,6407.291,6408.363,450,179,0,450
2025-01-27 22:00:00,6408.544,6410.249,6405.536,6409.551,450,179,0,450
2025-01-27 22:15:00,6409.605,6415.373,6408.494,6415.137,450,179,0,450
2025-01-27 22:30:00,6415.235,6420.713,6414.568,6417.785,450,179,0,450
2025-01-27 22:45:00,6418.337,6421.953,6417.686,6420.955,448,179,0,448
2025-01-27 23:00:00,6421.025,6424.061,6419.091,6423.541,448,179,0,448
2025-01-27 23:15:00,6423.648,6423.648,6415.37,6415.802,448,179,0,448
2025-01-27 23:30:00,6415.656,6418.131,6413.839,6417.109,450,179,0,450
2025-01-27 23:45:00,6417.426,6421.781,6416.122,6418.469,450,179,0,450
2025-01-28 00:00:00,6418.448,6419.511,6414.644,6415.921,449,179,0,449
2025-01-28 00:15:00,6416.158,6416.377,6412.334,6413.062,448,179,0,448
2025-01-28 00:30:00,6413.101,6413.206,6407.845,6410.071,449,179,0,449
2025-01-28 00:45:00,6410.066,6410.895,6407.336,6410.841,449,179,0,449
2025-01-28 01:00:00,6410.73,6411.946,6401.706,6402.027,450,179,0,450
2025-01-28 01:15:00,6402.101,6402.326,6396.146,6397.449,448,179,0,448
2025-01-28 01:30:00,6397.618,6397.678,6388.758,6390.558,449,179,0,449
2025-01-28 01:45:00,6390.826,6396.966,6390.378,6396.878,449,179,0,449
2025-01-28 02:00:00,6396.815,6397.2,6392.14,6395.458,449,179,0,449
2025-01-28 02:15:00,6395.625,6399.565,6394.512,6399.304,448,179,0,448
2025-01-28 02:30:00,6399.201,6403.661,6396.528,6402.756,448,179,0,448
2025-01-28 02:45:00,6402.599,6405.961,6400.984,6405.084,450,179,0,450
2025-01-28 03:00:00,6404.998,6412.455,6404.642,6411.475,449,179,0,449
2025-01-28 03:15:00,6411.365,6411.365,6404.841,6406.388,450,179,0,450
2025-01-28 03:30:00,6406.417,6406.417,6401.488,6403.741,449,179,0,449
2025-01-28 03:45:00,6403.687,6404.534,6396.803,6398.045,449,179,0,449
2025-01-28 04:00:00,6398.096,6402.05,6396.385,6401.844,449,179,0,449
2025-01-28 04:15:00,6401.808,6404.276,6397.245,6398.674,450,179,0,450
2025-01-28 04:30:00,6398.567,6398.567,6394.564,6396.625,449,179,0,449
2025-01-28 04:45:00,6396.562,6398.446,6394.609,6396.272,450,179,0,450
2025-01-28 05:00:00,6396.365,6396.953,6391.644,6391.765,449,179,0,449
2025-01-28 05:15:00,6391.89,6397.762,6391.477,6397.235,448,179,0,448
2025-01-28 05:30:00,6397.624,6399.35,6396.85,6397.837,449,179,0,449
2025-01-28 05:45:00,6397.868,6402.105,6396.781,6400.744,448,179,0,448
2025-01-28 06:00:00,6400.707,6404.29,6400.443,6401.143,450,179,0,450
2025-01-28 06:15:00,6400.975,6401.964,6393.088,6393.088,450,179,0,450
2025-01-28 06:30:00,6393.039,6394.441,6391.378,6391.669,450,179,0,450
2025-01-28 06:45:00,6391.739,6394.68,6388.729,6389.845,449,179,0,449
2025-01-28 07:00:00,6389.971,6390.472,6386.308,6387.397,450,179,0,450
2025-01-28 07:15:00,6387.581,6391.396,6386.14,6390.067,450,179,0,450
2025-01-28 07:30:00,6390.187,6390.2,6385.508,6387.76,448,179,0,448
2025-01-28 07:45:00,6387.603,6389.14,6384.052,6384.448,449,179,0,449
2025-01-28 08:00:00,6384.352,6384.968,6381.269,6383.406,450,179,0,450
2025-01-28 08:15:00,6383.235,6387.393,6381.173,6384.463,450,179,0,450
2025-01-28 08:30:00,6384.399,6387.152,6383.061,6383.074,450,179,0,450
2025-01-28 08:45:00,6383.296,6388.909,6383.296,6388.909,449,179,0,449
2025-01-28 09:00:00,6388.732,6390.656,6387.227,6389.555,448,179,0,448
2025-01-28 09:15:00,6389.834,6398.424,6389.363,6397.5,448,179,0,448
2025-01-28 09:30:00,6397.59,6401.0,6397.032,6397.326,449,179,0,449
2025-01-28 09:45:00,6397.426,6402.139,6396.904,6399.119,450,179,0,450
2025-01-28 10:00:00,6399.22,6402.161,6398.63,6399.346,450,179,0,450
2025-01-28 10:15:00,6399.181,6403.627,6397.611,6402.988,449,179,0,449
2025-01-28 10:30:00,6402.804,6402.877,6398.492,6400.763,449,179,0,449
2025-01-28 10:45:00,6400.734,6403.698,6399.791,6403.116,450,179,0,450
2025-01-28 11:00:00,6403.098,6405.174,6401.321,6404.476,448,179,0,448
2025-01-28 11:15:00,6404.472,6405.374,6400.695,6400.976,449,179,0,449
2025-01-28 11:30:00,6400.976,6401.245,6396.536,6398.206,450,179,0,450
2025-01-28 11:45:00,6398.287,6399.658,6391.758,6392.079,447,179,0,447
2025-01-28 12:00:00,6392.155,6395.377,6389.276,6390.282,449,179,0,449
2025-01-28 12:15:00,6390.394,6393.05,6389.354,6392.377,450,179,0,450
2025-01-28 12:30:00,6392.21,6392.21,6384.819,6384.843,450,179,0,450
2025-01-28 12:45:00,6384.767,6388.505,6383.878,6387.851,449,179,0,449
2025-01-28 13:00:00,6388.001,6388.042,6383.396,6386.391,449,179,0,449
2025-01-28 13:15:00,6386.388,6389.699,6382.343,6389.392,450,179,0,450
2025-01-28 13:30:00,6389.543,6390.857,6384.197,6385.777,450,179,0,450
2025-01-28 13:45:00,6385.8,6387.889,6382.713,6383.344,448,179,0,448
2025-01-28 14:00:00,6383.404,6386.474,6380.931,6384.972,449,179,0,449
2025-01-28 14:15:00,6384.918,6384.937,6378.177,6378.457,450,179,0,450
2025-01-28 14:30:00,6378.448,6379.097,6373.514,6373.561,448,179,0,448
2025-01-28 14:45:00,6373.514,6375.265,6369.957,6370.937,449,179,0,449
2025-01-28 15:00:00,6371.051,6374.348,6367.692,6368.305,449,179,0,449
2025-01-28 15:15:00,6368.236,6369.417,6361.478,6361.478,449,179,0,449
2025-01-28 15:30:00,6361.937,6369.261,6361.937,6368.924,446,179,0,446
2025-01-28 15:45:00,6368.959,6371.535,6366.251,6366.79,450,179,0,450
2025-01-28 16:00:00,6367.096,6367.99,6361.36,6361.369,448,179,0,448
2025-01-28 16:15:00,6361.343,6363.931,6360.081,6360.676,448,179,0,448
2025-01-28 16:30:00,6360.645,6362.473,6356.454,6361.253,449,179,0,449
2025-01-28 16:45:00,6361.111,6362.902,6358.294,6358.887,447,179,0,447
2025-01-28 17:00:00,6358.999,6362.074,6358.42,6359.64,450,179,0,450
2025-01-28 17:15:00,6359.318,6360.328,6356.379,6359.319,448,179,0,448
2025-01-28 17:30:00,6359.315,6362.614,6358.001,6359.391,450,179,0,450
2025-01-28 17:45:00,6359.227,6366.116,6359.094,6364.118,450,179,0,450
2025-01-28 18:00:00,6364.07,6364.313,6360.918,6361.566,450,179,0,450
2025-01-28 18:15:00,6361.381,6362.324,6359.766,6360.82,449,179,0,449
2025-01-28 18:30:00,6360.805,6365.084,6358.982,6363.212,449,179,0,449
2025-01-28 18:45:00,6363.214,6367.404,6362.265,6367.29,447,179,0,447
2025-01-28 19:00:00,6367.023,6371.303,6362.549,6370.962,449,179,0,449
2025-01-28 19:15:00,6370.888,6371.516,6367.224,6371.116,450,179,0,450
2025-01-28 19:30:00,6371.045,6377.829,6370.245,6376.765,448,179,0,448
2025-01-28 19:45:00,6376.682,6378.341,6371.987,6375.743,450,179,0,450
2025-01-28 20:00:00,6375.698,6377.93,6371.601,6377.594,449,179,0,449
2025-01-28 20:15:00,6377.62,6378.619,6368.357,6368.357,450,179,0,450
2025-01-28 20:30:00,6368.344,6369.655,6365.085,6365.085,450,179,0,450
2025-01-28 20:45:00,6364.999,6365.971,6358.039,6361.654,448,179,0,448
2025-01-28 21:00:00,6361.656,6363.71,6360.423,6362.931,449,179,0,449
2025-01-28 21:15:00,6362.856,6366.256,6360.81,6364.072,448,179,0,448
2025-01-28 21:30:00,6363.684,6364.2,6361.463,6363.241,449,179,0,449
2025-01-28 21:45:00,6363.117,6366.442,6362.68,6365.59,449,179,0,449
2025-01-28 22:00:00,6365.632,6367.548,6363.34,6364.629,449,179,0,449
2025-01-28 22:15:00,6364.741,6368.274,6363.153,6365.736,447,179,0,447
2025-01-28 22:30:00,6365.904,6367.988,6363.987,6364.778,448,179,0,448
2025-01-28 22:45:00,6364.584,6368.477,6364.554,6366.958,450,179,0,450
2025-01-28 23:00:00,6367.083,6367.121,6363.39,6365.018,449,179,0,449
2025-01-28 23:15:00,6364.784,6367.366,6364.485,6365.905,449,179,0,449
2025-01-28 23:30:00,6365.872,6372.25,6364.323,6372.25,448,179,0,448
2025-01-28 23:45:00,6372.376,6373.034,6369.116,6372.0,450,179,0,450
2025-01-29 00:00:00,6371.602,6372.555,6365.93,6365.976,449,179,0,449
2025-01-29 00:15:00,6366.008,6374.366,6366.008,6373.904,450,179,0,450
2025-01-29 00:30:00,6374.053,6376.324,6372.98,6374.864,450,179,0,450
2025-01-29 00:45:00,6375.006,6376.981,6371.839,6373.703,449,179,0,449
2025-01-29 01:00:00,6373.884,6373.884,6369.611,6372.62,450,179,0,450
2025-01-29 01:15:00,6372.521,6376.698,6371.163,6371.266,448,179,0,448
2025-01-29 01:30:00,6371.091,6375.039,6370.008,6375.039,448,179,0,448
2025-01-29 01:45:00,6375.085,6378.637,6374.245,6378.413,449,179,0,449
2025-01-29 02:00:00,6378.652,6379.828,6376.627,6377.376,450,179,0,450
2025-01-29 02:15:00,6377.553,6382.989,6377.219,6380.473,449,179,0,449
2025-01-29 02:30:00,6380.596,6380.596,6374.122,6375.294,449,179,0,449
2025-01-29 02:45:00,6375.181,6376.88,6371.79,6373.662,448,179,0,448
2025-01-29 03:00:00,6373.636,6377.75,6372.278,6377.015,449,179,0,449
2025-01-29 03:15:00,6377.274,6387.974,6377.271,6387.974,449,179,0,449
2025-01-29 03:30:00,6387.879,6394.111,6387.33,6390.999,449,179,0,449
2025-01-29 03:45:00,6390.837,6395.699,6390.689,6393.942,449,179,0,449
2025-01-29 04:00:00,6393.822,6401.114,6393.245,6401.114,448,179,0,448
2025-01-29 04:15:00,6401.325,6402.541,6398.503,6399.772,450,179,0,450
2025-01-29 04:30:00,6399.661,6402.319,6396.867,6398.159,449,179,0,449
2025-01-29 04:45:00,6398.08,6398.267,6392.355,6392.95,450,179,0,450
2025-01-29 05:00:00,6392.902,6393.324,6387.788,6387.871,449,179,0,449
2025-01-29 05:15:00,6387.79,6388.012,6382.038,6382.929,449,179,0,449
2025-01-29 05:30:00,6382.888,6385.796,6382.272,6384.767,449,179,0,449
2025-01-29 05:45:00,6384.701,6385.347,6379.837,6382.36,449,179,0,449
2025-01-29 06:00:00,6382.388,6382.935,6380.065,6381.444,449,179,0,449
2025-01-29 06:15:00,6381.314,6383.111,6377.874,6379.161,449,179,0,449
2025-01-29 06:30:00,6379.219,6381.772,6379.109,6381.279,450,179,0,450
2025-01-29 06:45:00,6381.335,6386.343,6378.498,6386.343,448,179,0,448
2025-01-29 07:00:00,6386.196,6390.2,6385.728,6388.162,449,179,0,449
2025-01-29 07:15:00,6387.97,6391.539,6387.769,6388.752,450,179,0,450
2025-01-29 07:30:00,6389.039,6390.077,6384.5,6386.012,450,179,0,450
2025-01-29 07:45:00,6386.157,6390.184,6386.097,6389.451,448,179,0,448
2025-01-29 08:00:00,6389.299,6391.558,6388.414,6389.321,448,179,0,448
2025-01-29 08:15:00,6389.261,6395.602,6388.023,6394.634,450,179,0,450
2025-01-29 08:30:00,6394.755,6395.697,6390.117,6394.294,449,179,0,449
2025-01-29 08:45:00,6394.553,6399.93,6394.014,6399.429,450,179,0,450
2025-01-29 09:00:00,6399.498,6400.082,6395.999,6400.082,447,179,0,447
2025-01-29 09:15:00,6400.002,6402.683,6399.334,6399.334,449,179,0,449
2025-01-29 09:30:00,6399.091,6402.995,6397.908,6399.788,450,179,0,450
2025-01-29 09:45:00,6400.024,6401.67,6398.842,6399.467,448,179,0,448
2025-01-29 10:00:00,6399.43,6404.24,6399.43,6402.396,449,179,0,449
2025-01-29 10:15:00,6402.181,6402.596,6396.433,6398.006,448,179,0,448
2025-01-29 10:30:00,6397.996,6405.065,6397.996,6404.776,448,179,0,448
2025-01-29 10:45:00,6404.774,6408.762,6404.527,6405.725,450,179,0,450
2025-01-29 11:00:00,6405.465,6408.736,6402.733,6407.814,449,179,0,449
2025-01-29 11:15:00,6407.587,6408.025,6398.556,6400.165,450,179,0,450
2025-01-29 11:30:00,6400.258,6405.773,6399.699,6402.853,447,179,0,447
2025-01-29 11:45:00,6402.831,6406.261,6402.727,6403.425,447,179,0,447
2025-01-29 12:00:00,6403.639,6405.385,6400.729,6402.377,448,179,0,448
2025-01-29 12:15:00,6402.479,6407.793,6402.157,6406.41,449,179,0,449
2025-01-29 12:30:00,6406.234,6409.025,6402.856,6403.037,449,179,0,449
2025-01-29 12:45:00,6403.095,6408.764,6402.02,6407.084,446,179,0,446
2025-01-29 13:00:00,6406.996,6409.576,6405.797,6408.928,450,179,0,450
2025-01-29 13:15:00,6408.77,6409.297,6399.141,6400.596,449,179,0,449
2025-01-29 13:30:00,6400.457,6403.288,6397.732,6399.091,450,179,0,450
2025-01-29 13:45:00,6398.989,6399.158,6393.625,6393.7,447,179,0,447
2025-01-29 14:00:00,6393.789,6396.966,6391.797,6396.398,449,179,0,449
2025-01-29 14:15:00,6396.506,6396.553,6391.358,6391.738,450,179,0,450
2025-01-29 14:30:00,6391.779,6396.469,6391.779,6395.474,449,179,0,449
2025-01-29 14:45:00,6395.689,6398.272,6391.905,6394.716,450,179,0,450
2025-01-29 15:00:00,6394.498,6395.474,6391.664,6395.317,449,179,0,449
2025-01-29 15:15:00,6395.436,6397.537,6392.889,6394.143,447,179,0,447
2025-01-29 15:30:00,6394.296,6398.647,6392.771,6397.901,448,179,0,448
2025-01-29 15:45:00,6397.971,6399.104,6393.322,6394.595,449,179,0,449
2025-01-29 16:00:00,6394.814,6398.356,6393.531,6398.22,445,179,0,445
2025-01-29 16:15:00,6397.919,6399.596,6395.518,6397.733,450,179,0,450
2025-01-29 16:30:00,6397.796,6399.436,6395.468,6397.525,449,179,0,449
2025-01-29 16:45:00,6397.762,6398.14,6392.442,6392.442,449,179,0,449
2025-01-29 17:00:00,6392.36,6399.815,6391.103,6396.53,449,179,0,449
2025-01-29 17:15:00,6396.694,6397.417,6391.969,6394.178,450,179,0,450
2025-01-29 17:30:00,6393.942,6395.476,6391.955,6394.544,449,179,0,449
2025-01-29 17:45:00,6394.311,6396.241,6390.025,6390.848,449,179,0,449
2025-01-29 18:00:00,6390.916,6392.656,6389.282,6390.238,450,179,0,450
2025-01-29 18:15:00,6390.607,6392.015,6387.172,6391.376,447,179,0,447
2025-01-29 18:30:00,6391.498,6391.498,6387.756,6388.65,448,179,0,448
2025-01-29 18:45:00,6388.677,6388.677,6383.496,6384.414,447,179,0,447
2025-01-29 19:00:00,6384.372,6385.086,6378.352,6380.208,449,179,0,449
2025-01-29 19:15:00,6380.079,6381.498,6377.596,6380.49,448,179,0,448
2025-01-29 19:30:00,6380.747,6382.3,6378.897,6381.372,450,179,0,450
2025-01-29 19:45:00,6381.594,6383.955,6380.057,6382.894,450,179,0,450
2025-01-29 20:00:00,6382.628,6383.546,6379.442,6379.949,447,179,0,447
2025-01-29 20:15:00,6379.874,6386.301,6379.847,6385.862,450,179,0,450
2025-01-29 20:30:00,6385.934,6388.372,6383.129,6384.89,448,179,0,448
2025-01-29 20:45:00,6385.012,6387.462,6383.647,6386.976,447,179,0,447
2025-01-29 21:00:00,6386.622,6389.754,6385.166,6385.455,450,179,0,450
2025-01-29 21:15:00,6385.132,6392.188,6385.123,6390.392,449,179,0,449
2025-01-29 21:30:00,6390.359,6395.08,6390.184,6393.319,450,179,0,450
2025-01-29 21:45:00,6393.282,6398.737,6392.499,6398.192,450,179,0,450
2025-01-29 22:00:00,6398.232,6401.892,6397.39,6397.655,449,179,0,449
2025-01-29 22:15:00,6397.905,6404.1,6397.47,6403.139,449,179,0,449
2025-01-29 22:30:00,6403.265,6403.801,6398.871,6402.131,450,179,0,450
2025-01-29 22:45:00,6402.096,6405.842,6400.36,6402.709,447,179,0,447
2025-01-29 23:00:00,6402.503,6405.209,6400.776,6405.189,450,179,0,450
2025-01-29 23:15:00,6405.047,6408.669,6403.384,6405.913,449,179,0,449
2025-01-29 23:30:00,6405.995,6412.196,6405.837,6411.499,450,179,0,450
2025-01-29 23:45:00,6411.347,6417.409,6411.347,6415.071,449,179,0,449
2025-01-30 00:00:00,6414.878,6418.915,6413.27,6414.876,448,179,0,448
2025-01-30 00:15:00,6414.77,6415.19,6409.689,6411.123,448,179,0,448
2025-01-30 00:30:00,6411.083,6414.026,6410.3,6413.868,447,179,0,447
2025-01-30 00:45:00,6413.862,6416.071,6412.164,6415.893,449,179,0,449
2025-01-30 01:00:00,6415.642,6417.476,6408.76,6408.913,449,179,0,449
2025-01-30 01:15:00,6408.753,6415.656,6408.444,6415.314,448,179,0,448
2025-01-30 01:30:00,6415.324,6415.701,6412.451,6414.62,448,179,0,448
2025-01-30 01:45:00,6414.571,6419.303,6414.428,6416.276,450,179,0,450
2025-01-30 02:00:00,6416.277,6417.767,6414.194,6416.342,448,179,0,448
2025-01-30 02:15:00,6416.322,6421.29,6413.326,6420.283,448,179,0,448
2025-01-30 02:30:00,6420.191,6422.535,6418.595,6420.935,447,179,0,447
2025-01-30 02:45:00,6420.921,6423.917,6418.3,6418.753,449,179,0,449
2025-01-30 03:00:00,6418.892,6420.583,6416.811,6418.265,450,179,0,450
2025-01-30 03:15:00,6418.664,6420.672,6415.906,6420.308,450,179,0,450
2025-01-30 03:30:00,6420.382,6421.903,6416.987,6419.084,450,179,0,450
2025-01-30 03:45:00,6419.072,6421.939,6418.535,6419.67,446,179,0,446
2025-01-30 04:00:00,6419.753,6423.2,6419.335,6421.161,450,179,0,450
2025-01-30 04:15:00,6421.409,6423.687,6419.568,6420.092,449,179,0,449
2025-01-30 04:30:00,6420.093,6424.986,6418.406,6424.857,450,179,0,450
2025-01-30 04:45:00,6424.841,6428.431,6424.841,6427.237,449,179,0,449
2025-01-30 05:00:00,6427.477,6428.88,6424.946,6427.667,447,179,0,447
2025-01-30 05:15:00,6427.665,6430.16,6425.385,6429.475,449,179,0,449
2025-01-30 05:30:00,6429.324,6429.37,6425.108,6425.591,449,179,0,449
2025-01-30 05:45:00,6425.477,6430.07,6424.356,6429.889,448,179,0,448
2025-01-30 06:00:00,6429.973,6433.678,6429.568,6432.595,450,179,0,450
2025-01-30 06:15:00,6432.609,6434.305,6425.6,6425.708,449,179,0,449
2025-01-30 06:30:00,6425.754,6431.395,6424.867,6430.603,450,179,0,450
2025-01-30 06:45:00,6430.486,6433.798,6429.167,6429.727,450,179,0,450
2025-01-30 07:00:00,6429.912,6432.844,6428.243,6431.958,448,179,0,448
2025-01-30 07:15:00,6431.94,6435.053,6427.832,6428.856,450,179,0,450
2025-01-30 07:30:00,6428.894,6433.146,6428.092,6428.092,449,179,0,449
2025-01-30 07:45:00,6428.14,6429.117,6423.546,6424.829,450,179,0,450
2025-01-30 08:00:00,6424.865,6427.132,6422.81,6423.056,450,179,0,450
2025-01-30 08:15:00,6422.878,6424.009,6419.913,6421.276,449,179,0,449
2025-01-30 08:30:00,6421.049,6421.581,6415.331,6416.357,448,179,0,448
2025-01-30 08:45:00,6416.651,6425.755,6416.48,6421.87,448,179,0,448
2025-01-30 09:00:00,6421.863,6429.083,6420.819,6429.083,450,179,0,450
2025-01-30 09:15:00,6429.244,6430.294,6424.503,6427.322,450,179,0,450
2025-01-30 09:30:00,6427.028,6427.898,6423.962,6427.299,449,179,0,449
2025-01-30 09:45:00,6427.339,6428.364,6422.939,6425.916,447,179,0,447
2025-01-30 10:00:00,6426.036,6431.373,6423.401,6429.979,450,179,0,450
2025-01-30 10:15:00,6430.177,6430.177,6426.45,6427.383,449,179,0,449
2025-01-30 10:30:00,6427.489,6428.08,6420.778,6421.344,449,179,0,449
2025-01-30 10:45:00,6421.214,6425.622,6421.214,6423.881,448,179,0,448
2025-01-30 11:00:00,6423.86,6427.523,6422.918,6425.311,448,179,0,448
2025-01-30 11:15:00,6425.396,6425.545,6419.862,6421.406,450,179,0,450
2025-01-30 11:30:00,6421.401,6424.964,6420.12,6424.406,449,179,0,449
2025-01-30 11:45:00,6424.196,6425.086,6421.877,6421.997,448,179,0,448
2025-01-30 12:00:00,6421.787,6424.046,6417.725,6420.432,449,179,0,449
2025-01-30 12:15:00,6420.469,6420.667,6413.057,6413.436,448,179,0,448
2025-01-30 12:30:00,6413.533,6413.677,6407.791,6409.476,448,179,0,448
2025-01-30 12:45:00,6409.709,6412.034,6408.652,6411.636,449,179,0,449
2025-01-30 13:00:00,6411.684,6414.113,6405.454,6407.909,448,179,0,448
2025-01-30 13:15:00,6408.163,6408.516,6404.004,6404.45,449,179,0,449
2025-01-30 13:30:00,6404.297,6405.617,6401.741,6402.338,450,179,0,450
2025-01-30 13:45:00,6402.251,6402.924,6397.559,6399.089,449,179,0,449
2025-01-30 14:00:00,6399.37,6406.401,6398.208,6406.375,450,179,0,450
2025-01-30 14:15:00,6406.485,6406.947,6402.385,6404.458,449,179,0,449
2025-01-30 14:30:00,6404.557,6406.614,6402.318,6402.616,450,179,0,450
2025-01-30 14:45:00,6402.692,6402.844,6397.295,6397.295,450,179,0,450
2025-01-30 15:00:00,6397.203,6398.054,6394.155,6396.767,444,179,0,444
2025-01-30 15:15:00,6396.716,6398.973,6395.527,6397.288,450,179,0,450
2025-01-30 15:30:00,6397.235,6400.741,6392.885,6393.401,449,179,0,449
2025-01-30 15:45:00,6393.39,6395.15,6389.993,6389.993,447,179,0,447
2025-01-30 16:00:00,6390.342,6392.739,6389.856,6391.137,449,179,0,449
2025-01-30 16:15:00,6391.175,6391.896,6386.597,6389.101,449,179,0,449
2025-01-30 16:30:00,6388.913,6394.764,6387.575,6389.082,448,179,0,448
2025-01-30 16:45:00,6388.946,6393.078,6388.705,6390.747,449,179,0,449
2025-01-30 17:00:00,6391.05,6394.448,6390.626,6391.933,449,179,0,449
2025-01-30 17:15:00,6391.803,6393.612,6389.86,6393.178,448,179,0,448
2025-01-30 17:30:00,6393.33,6395.368,6390.74,6391.31,448,179,0,448
2025-01-30 17:45:00,6391.419,6394.103,6391.075,6392.654,450,179,0,450
2025-01-30 18:00:00,6392.123,6393.022,6388.703,6388.703,449,179,0,449
2025-01-30 18:15:00,6388.679,6390.002,6385.548,6386.548,450,179,0,450
2025-01-30 18:30:00,6386.38,6388.079,6383.194,6387.505,449,179,0,449
2025-01-30 18:45:00,6387.442,6390.533,6386.485,6389.554,449,179,0,449
2025-01-30 19:00:00,6389.463,6389.58,6382.512,6382.512,449,179,0,449
2025-01-30 19:15:00,6382.173,6384.463,6377.522,6384.009,450,179,0,450
2025-01-30 19:30:00,6383.78,6384.484,6379.474,6383.584,448,179,0,448
2025-01-30 19:45:00,6383.527,6386.668,6380.723,6382.226,450,179,0,450
2025-01-30 20:00:00,6381.999,6385.329,6380.562,6382.035,445,179,0,445
2025-01-30 20:15:00,6381.914,6382.83,6379.29,6381.082,450,179,0,450
2025-01-30 20:30:00,6380.824,6383.526,6378.971,6380.901,450,179,0,450
2025-01-30 20:45:00,6381.057,6381.057,6377.199,6379.155,450,179,0,450
2025-01-30 21:00:00,6379.066,6383.948,6376.766,6383.647,449,179,0,449
2025-01-30 21:15:00,6383.602,6389.738,6382.538,6389.716,450,179,0,450
2025-01-30 21:30:00,6389.927,6391.262,6387.624,6389.036,450,179,0,450
2025-01-30 21:45:00,6389.295,6392.527,6387.55,6389.744,450,179,0,450
2025-01-30 22:00:00,6389.623,6394.741,6389.046,6393.916,447,179,0,447
2025-01-30 22:15:00,6393.929,6394.087,6387.24,6389.584,449,179,0,449
2025-01-30 22:30:00,6389.71,6389.822,6382.917,6383.645,450,179,0,450
2025-01-30 22:45:00,6383.734,6384.037,6379.202,6381.719,449,179,0,449
2025-01-30 23:00:00,6381.702,6384.601,6379.575,6380.065,449,179,0,449
