symbol,direction,entry_price,size,entry_time,stop_loss,take_profit,exit_price,exit_time,exit_reason,pnl,signal_time,month,day
Range Break 200 Index,sell,102968.0,0.05,2025-01-02 11:00:00,103201.086,102498.82800000001,103201.086,2025-01-02 11:30:00,stop_loss,-11.654299999999786,2025-01-02 10:45:00,2025-01,2025-01-02
Range Break 200 Index,sell,103062.0,0.05,2025-01-02 12:45:00,103274.086,102640.82800000001,103274.086,2025-01-02 20:30:00,stop_loss,-10.604299999999785,2025-01-02 12:30:00,2025-01,2025-01-02
Range Break 200 Index,sell,103052.0,0.05,2025-01-02 18:30:00,103286.086,102586.82800000001,103286.086,2025-01-02 20:30:00,stop_loss,-11.704299999999785,2025-01-02 18:15:00,2025-01,2025-01-02
BTCUSD,sell,96235.938,0.05,2025-01-03 08:45:00,96493.485076,95720.84384799999,96493.485076,2025-01-03 09:15:00,stop_loss,-12.87735380000013,2025-01-03 08:30:00,2025-01,2025-01-03
BTCUSD,sell,96089.338,0.05,2025-01-03 09:00:00,96465.685076,95336.64384800002,96465.685076,2025-01-03 09:15:00,stop_loss,-18.817353799999548,2025-01-03 08:45:00,2025-01,2025-01-03
BTCUSD,sell,96348.838,0.05,2025-01-03 07:45:00,96635.785076,95774.94384800001,96635.785076,2025-01-03 09:30:00,stop_loss,-14.347353799999837,2025-01-03 07:30:00,2025-01,2025-01-03
BTCUSD,sell,96273.838,0.05,2025-01-03 08:00:00,96573.08507599999,95675.34384800003,96573.08507599999,2025-01-03 09:30:00,stop_loss,-14.962353799999256,2025-01-03 07:45:00,2025-01,2025-01-03
BTCUSD,sell,96423.838,0.05,2025-01-03 08:15:00,96627.88507599999,96015.74384800003,96627.88507599999,2025-01-03 09:30:00,stop_loss,-10.2023537999994,2025-01-03 08:00:00,2025-01,2025-01-03
BTCUSD,sell,96504.738,0.05,2025-01-03 07:15:00,96755.38507599999,96003.44384800001,96755.38507599999,2025-01-03 11:15:00,stop_loss,-12.532353799999692,2025-01-03 07:00:00,2025-01,2025-01-03
BTCUSD,sell,96298.838,0.05,2025-01-03 08:30:00,96690.38507599999,95515.74384800003,96690.38507599999,2025-01-03 11:15:00,stop_loss,-19.5773537999994,2025-01-03 08:15:00,2025-01,2025-01-03
BTCUSD,sell,96392.738,0.05,2025-01-03 10:15:00,96721.07378571428,95736.06642857143,96721.07378571428,2025-01-03 11:15:00,stop_loss,-16.416789285714184,2025-01-03 10:00:00,2025-01,2025-01-03
BTCUSD,sell,96498.738,0.05,2025-01-03 10:30:00,96719.38507599999,96057.44384800001,96719.38507599999,2025-01-03 11:15:00,stop_loss,-11.032353799999692,2025-01-03 10:15:00,2025-01,2025-01-03
BTCUSD,sell,96580.038,0.05,2025-01-03 13:15:00,96990.985076,95758.143848,96990.985076,2025-01-03 14:15:00,stop_loss,-20.54735379999984,2025-01-03 13:00:00,2025-01,2025-01-03
BTCUSD,sell,96494.838,0.05,2025-01-03 13:30:00,96871.38507599999,95753.44384800001,96871.38507599999,2025-01-03 14:15:00,stop_loss,-18.8273537999994,2025-01-03 13:15:00,2025-01,2025-01-03
BTCUSD,sell,96569.438,0.05,2025-01-03 13:45:00,96871.38507599999,95965.543848,96871.38507599999,2025-01-03 14:15:00,stop_loss,-15.097353799999837,2025-01-03 13:30:00,2025-01,2025-01-03
Range Break 200 Index,sell,103128.0,0.05,2025-01-02 10:30:00,103346.086,102694.82800000001,102694.82800000001,2025-01-03 16:45:00,take_profit,21.65859999999957,2025-01-02 10:15:00,2025-01,2025-01-03
Range Break 200 Index,sell,103280.0,0.05,2025-01-02 12:15:00,103498.086,102846.82800000001,102846.82800000001,2025-01-03 16:45:00,take_profit,21.65859999999957,2025-01-02 12:00:00,2025-01,2025-01-03
Range Break 200 Index,sell,103124.0,0.05,2025-01-02 10:15:00,103346.086,102682.82800000001,102682.82800000001,2025-01-03 17:15:00,take_profit,22.058599999999572,2025-01-02 10:00:00,2025-01,2025-01-03
Range Break 200 Index,sell,103102.0,0.05,2025-01-02 13:00:00,103312.086,102684.82800000001,102684.82800000001,2025-01-03 17:15:00,take_profit,20.85859999999957,2025-01-02 12:45:00,2025-01,2025-01-03
Range Break 200 Index,sell,103104.0,0.05,2025-01-02 13:15:00,103312.086,102684.82800000001,102684.82800000001,2025-01-03 17:15:00,take_profit,20.95859999999957,2025-01-02 13:00:00,2025-01,2025-01-03
Range Break 200 Index,sell,103080.0,0.05,2025-01-02 13:30:00,103312.086,102618.82800000001,102618.82800000001,2025-01-03 17:15:00,take_profit,23.058599999999572,2025-01-02 13:15:00,2025-01,2025-01-03
Range Break 200 Index,sell,103090.0,0.05,2025-01-02 13:45:00,103312.086,102648.82800000001,102648.82800000001,2025-01-03 17:15:00,take_profit,22.058599999999572,2025-01-02 13:30:00,2025-01,2025-01-03
Range Break 200 Index,sell,103084.0,0.05,2025-01-02 14:00:00,103312.086,102624.82800000001,102624.82800000001,2025-01-03 17:15:00,take_profit,22.95859999999957,2025-01-02 13:45:00,2025-01,2025-01-03
Range Break 200 Index,sell,103040.0,0.05,2025-01-02 14:15:00,103306.086,102504.82800000001,102504.82800000001,2025-01-03 17:15:00,take_profit,26.75859999999957,2025-01-02 14:00:00,2025-01,2025-01-03
Range Break 200 Index,sell,102986.0,0.05,2025-01-02 23:30:00,103231.086,102498.82800000001,102498.82800000001,2025-01-03 17:15:00,take_profit,24.35859999999957,2025-01-02 23:15:00,2025-01,2025-01-03
Range Break 200 Index,sell,103018.0,0.05,2025-01-02 23:45:00,103231.086,102594.82800000001,102594.82800000001,2025-01-03 17:15:00,take_profit,21.15859999999957,2025-01-02 23:30:00,2025-01,2025-01-03
Range Break 200 Index,sell,103010.0,0.05,2025-01-03 00:00:00,103231.086,102564.82800000001,102564.82800000001,2025-01-03 17:15:00,take_profit,22.25859999999957,2025-01-02 23:45:00,2025-01,2025-01-03
Range Break 200 Index,sell,102988.0,0.05,2025-01-03 00:15:00,103220.086,102520.82800000001,102520.82800000001,2025-01-03 17:15:00,take_profit,23.35859999999957,2025-01-03 00:00:00,2025-01,2025-01-03
Range Break 200 Index,sell,102992.0,0.05,2025-01-03 00:30:00,103211.086,102556.82800000001,102556.82800000001,2025-01-03 17:15:00,take_profit,21.75859999999957,2025-01-03 00:15:00,2025-01,2025-01-03
Range Break 200 Index,sell,103020.0,0.05,2025-01-03 00:45:00,103231.086,102594.82800000001,102594.82800000001,2025-01-03 17:15:00,take_profit,21.25859999999957,2025-01-03 00:30:00,2025-01,2025-01-03
Range Break 200 Index,sell,103008.0,0.05,2025-01-03 01:00:00,103229.086,102568.82800000001,102568.82800000001,2025-01-03 17:15:00,take_profit,21.95859999999957,2025-01-03 00:45:00,2025-01,2025-01-03
Range Break 200 Index,sell,102994.0,0.05,2025-01-03 01:15:00,103231.086,102516.82800000001,102516.82800000001,2025-01-03 17:15:00,take_profit,23.85859999999957,2025-01-03 01:00:00,2025-01,2025-01-03
Range Break 200 Index,sell,103002.0,0.05,2025-01-03 01:30:00,103231.086,102540.82800000001,102540.82800000001,2025-01-03 17:15:00,take_profit,23.058599999999572,2025-01-03 01:15:00,2025-01,2025-01-03
Range Break 200 Index,sell,102992.0,0.05,2025-01-03 01:45:00,103216.086,102540.82800000001,102540.82800000001,2025-01-03 17:15:00,take_profit,22.558599999999572,2025-01-03 01:30:00,2025-01,2025-01-03
Range Break 200 Index,sell,102990.0,0.05,2025-01-03 02:00:00,103214.086,102544.82800000001,102544.82800000001,2025-01-03 17:15:00,take_profit,22.25859999999957,2025-01-03 01:45:00,2025-01,2025-01-03
Range Break 200 Index,sell,102990.0,0.05,2025-01-03 02:15:00,103219.086,102534.82800000001,102534.82800000001,2025-01-03 17:15:00,take_profit,22.75859999999957,2025-01-03 02:00:00,2025-01,2025-01-03
Range Break 200 Index,sell,103000.0,0.05,2025-01-03 02:30:00,103231.086,102534.82800000001,102534.82800000001,2025-01-03 17:15:00,take_profit,23.25859999999957,2025-01-03 02:15:00,2025-01,2025-01-03
Range Break 200 Index,sell,102897.0,0.05,2025-01-03 03:00:00,103125.086,102437.82800000001,102437.82800000001,2025-01-03 17:15:00,take_profit,22.95859999999957,2025-01-03 02:45:00,2025-01,2025-01-03
Range Break 200 Index,sell,102897.0,0.05,2025-01-03 03:15:00,103116.086,102461.82800000001,102461.82800000001,2025-01-03 17:15:00,take_profit,21.75859999999957,2025-01-03 03:00:00,2025-01,2025-01-03
Range Break 200 Index,sell,102911.0,0.05,2025-01-03 03:30:00,103125.086,102485.82800000001,102485.82800000001,2025-01-03 17:15:00,take_profit,21.25859999999957,2025-01-03 03:15:00,2025-01,2025-01-03
Range Break 200 Index,sell,102899.0,0.05,2025-01-03 03:45:00,103125.086,102443.82800000001,102443.82800000001,2025-01-03 17:15:00,take_profit,22.75859999999957,2025-01-03 03:30:00,2025-01,2025-01-03
Range Break 200 Index,sell,103066.0,0.05,2025-01-03 04:00:00,103279.086,102642.82800000001,102642.82800000001,2025-01-03 17:15:00,take_profit,21.15859999999957,2025-01-03 03:45:00,2025-01,2025-01-03
Range Break 200 Index,sell,103070.0,0.05,2025-01-03 04:15:00,103279.086,102654.82800000001,102654.82800000001,2025-01-03 17:15:00,take_profit,20.75859999999957,2025-01-03 04:00:00,2025-01,2025-01-03
Range Break 200 Index,sell,103042.0,0.05,2025-01-03 04:30:00,103279.086,102564.82800000001,102564.82800000001,2025-01-03 17:15:00,take_profit,23.85859999999957,2025-01-03 04:15:00,2025-01,2025-01-03
Range Break 200 Index,sell,103068.0,0.05,2025-01-03 04:45:00,103279.086,102642.82800000001,102642.82800000001,2025-01-03 17:15:00,take_profit,21.25859999999957,2025-01-03 04:30:00,2025-01,2025-01-03
Range Break 200 Index,sell,103052.0,0.05,2025-01-03 05:00:00,103278.086,102596.82800000001,102596.82800000001,2025-01-03 17:15:00,take_profit,22.75859999999957,2025-01-03 04:45:00,2025-01,2025-01-03
Range Break 200 Index,sell,103048.0,0.05,2025-01-03 05:15:00,103265.086,102610.82800000001,102610.82800000001,2025-01-03 17:15:00,take_profit,21.85859999999957,2025-01-03 05:00:00,2025-01,2025-01-03
Range Break 200 Index,sell,103054.0,0.05,2025-01-03 05:30:00,103263.086,102632.82800000001,102632.82800000001,2025-01-03 17:15:00,take_profit,21.058599999999572,2025-01-03 05:15:00,2025-01,2025-01-03
Range Break 200 Index,sell,103068.0,0.05,2025-01-03 05:45:00,103279.086,102642.82800000001,102642.82800000001,2025-01-03 17:15:00,take_profit,21.25859999999957,2025-01-03 05:30:00,2025-01,2025-01-03
Range Break 200 Index,sell,103048.0,0.05,2025-01-03 06:00:00,103279.086,102588.82800000001,102588.82800000001,2025-01-03 17:15:00,take_profit,22.95859999999957,2025-01-03 05:45:00,2025-01,2025-01-03
Range Break 200 Index,sell,103064.0,0.05,2025-01-03 06:15:00,103279.086,102636.82800000001,102636.82800000001,2025-01-03 17:15:00,take_profit,21.35859999999957,2025-01-03 06:00:00,2025-01,2025-01-03
Range Break 200 Index,sell,103042.0,0.05,2025-01-03 06:30:00,103279.086,102570.82800000001,102570.82800000001,2025-01-03 17:15:00,take_profit,23.558599999999572,2025-01-03 06:15:00,2025-01,2025-01-03
Range Break 200 Index,sell,103042.0,0.05,2025-01-03 06:45:00,103279.086,102570.82800000001,102570.82800000001,2025-01-03 17:15:00,take_profit,23.558599999999572,2025-01-03 06:30:00,2025-01,2025-01-03
Range Break 200 Index,sell,103068.0,0.05,2025-01-03 07:00:00,103276.086,102648.82800000001,102648.82800000001,2025-01-03 17:15:00,take_profit,20.95859999999957,2025-01-03 06:45:00,2025-01,2025-01-03
Range Break 200 Index,sell,103048.0,0.05,2025-01-03 07:15:00,103277.086,102586.82800000001,102586.82800000001,2025-01-03 17:15:00,take_profit,23.058599999999572,2025-01-03 07:00:00,2025-01,2025-01-03
Range Break 200 Index,sell,103050.0,0.05,2025-01-03 07:30:00,103278.086,102590.82800000001,102590.82800000001,2025-01-03 17:15:00,take_profit,22.95859999999957,2025-01-03 07:15:00,2025-01,2025-01-03
Range Break 200 Index,sell,103064.0,0.05,2025-01-03 07:45:00,103279.086,102630.82800000001,102630.82800000001,2025-01-03 17:15:00,take_profit,21.65859999999957,2025-01-03 07:30:00,2025-01,2025-01-03
Range Break 200 Index,sell,103050.0,0.05,2025-01-03 08:00:00,103273.086,102600.82800000001,102600.82800000001,2025-01-03 17:15:00,take_profit,22.45859999999957,2025-01-03 07:45:00,2025-01,2025-01-03
Range Break 200 Index,sell,103062.0,0.05,2025-01-03 08:15:00,103279.086,102624.82800000001,102624.82800000001,2025-01-03 17:15:00,take_profit,21.85859999999957,2025-01-03 08:00:00,2025-01,2025-01-03
Range Break 200 Index,sell,103052.0,0.05,2025-01-03 08:30:00,103279.086,102594.82800000001,102594.82800000001,2025-01-03 17:15:00,take_profit,22.85859999999957,2025-01-03 08:15:00,2025-01,2025-01-03
Range Break 200 Index,sell,103048.0,0.05,2025-01-03 09:00:00,103279.086,102588.82800000001,102588.82800000001,2025-01-03 17:15:00,take_profit,22.95859999999957,2025-01-03 08:45:00,2025-01,2025-01-03
Range Break 200 Index,sell,103044.0,0.05,2025-01-03 09:15:00,103279.086,102576.82800000001,102576.82800000001,2025-01-03 17:15:00,take_profit,23.35859999999957,2025-01-03 09:00:00,2025-01,2025-01-03
Range Break 200 Index,sell,103042.0,0.05,2025-01-03 09:30:00,103274.086,102574.82800000001,102574.82800000001,2025-01-03 17:15:00,take_profit,23.35859999999957,2025-01-03 09:15:00,2025-01,2025-01-03
Range Break 200 Index,sell,103052.0,0.05,2025-01-03 09:45:00,103279.086,102594.82800000001,102594.82800000001,2025-01-03 17:15:00,take_profit,22.85859999999957,2025-01-03 09:30:00,2025-01,2025-01-03
Range Break 200 Index,sell,103054.0,0.05,2025-01-03 10:00:00,103278.086,102608.82800000001,102608.82800000001,2025-01-03 17:15:00,take_profit,22.25859999999957,2025-01-03 09:45:00,2025-01,2025-01-03
Range Break 200 Index,sell,103060.0,0.05,2025-01-03 10:15:00,103275.086,102632.82800000001,102632.82800000001,2025-01-03 17:15:00,take_profit,21.35859999999957,2025-01-03 10:00:00,2025-01,2025-01-03
Range Break 200 Index,sell,103064.0,0.05,2025-01-03 10:30:00,103279.086,102636.82800000001,102636.82800000001,2025-01-03 17:15:00,take_profit,21.35859999999957,2025-01-03 10:15:00,2025-01,2025-01-03
Range Break 200 Index,sell,103072.0,0.05,2025-01-03 10:45:00,103279.086,102654.82800000001,102654.82800000001,2025-01-03 17:15:00,take_profit,20.85859999999957,2025-01-03 10:30:00,2025-01,2025-01-03
Range Break 200 Index,sell,103062.0,0.05,2025-01-03 11:00:00,103279.086,102630.82800000001,102630.82800000001,2025-01-03 17:15:00,take_profit,21.558599999999572,2025-01-03 10:45:00,2025-01,2025-01-03
Range Break 200 Index,sell,103062.0,0.05,2025-01-03 11:15:00,103279.086,102624.82800000001,102624.82800000001,2025-01-03 17:15:00,take_profit,21.85859999999957,2025-01-03 11:00:00,2025-01,2025-01-03
Range Break 200 Index,sell,103046.0,0.05,2025-01-03 11:30:00,103279.086,102576.82800000001,102576.82800000001,2025-01-03 17:15:00,take_profit,23.45859999999957,2025-01-03 11:15:00,2025-01,2025-01-03
Range Break 200 Index,sell,103062.0,0.05,2025-01-03 13:45:00,103279.086,102630.82800000001,102630.82800000001,2025-01-03 17:15:00,take_profit,21.558599999999572,2025-01-03 13:30:00,2025-01,2025-01-03
Range Break 200 Index,sell,103050.0,0.05,2025-01-03 14:00:00,103274.086,102604.82800000001,102604.82800000001,2025-01-03 17:15:00,take_profit,22.25859999999957,2025-01-03 13:45:00,2025-01,2025-01-03
Range Break 200 Index,sell,103062.0,0.05,2025-01-03 15:15:00,103279.086,102630.82800000001,102630.82800000001,2025-01-03 17:15:00,take_profit,21.558599999999572,2025-01-03 15:00:00,2025-01,2025-01-03
Range Break 200 Index,sell,103046.0,0.05,2025-01-03 15:30:00,103273.086,102588.82800000001,102588.82800000001,2025-01-03 17:15:00,take_profit,22.85859999999957,2025-01-03 15:15:00,2025-01,2025-01-03
Range Break 200 Index,sell,103040.0,0.05,2025-01-03 15:45:00,103267.086,102588.82800000001,102588.82800000001,2025-01-03 17:15:00,take_profit,22.558599999999572,2025-01-03 15:30:00,2025-01,2025-01-03
Range Break 200 Index,sell,103062.0,0.05,2025-01-03 16:00:00,103279.086,102630.82800000001,102630.82800000001,2025-01-03 17:15:00,take_profit,21.558599999999572,2025-01-03 15:45:00,2025-01,2025-01-03
Range Break 200 Index,buy,102962.0,0.05,2025-01-05 02:00:00,102745.994,103397.01199999999,102745.994,2025-01-05 08:15:00,stop_loss,-10.800299999999698,2025-01-05 01:45:00,2025-01,2025-01-05
Range Break 200 Index,buy,102972.0,0.05,2025-01-05 02:15:00,102749.994,103419.01199999999,102749.994,2025-01-05 08:15:00,stop_loss,-11.100299999999699,2025-01-05 02:00:00,2025-01,2025-01-05
Range Break 200 Index,buy,102964.0,0.05,2025-01-05 02:30:00,102745.994,103397.01199999999,102745.994,2025-01-05 08:15:00,stop_loss,-10.900299999999698,2025-01-05 02:15:00,2025-01,2025-01-05
Range Break 200 Index,buy,102984.0,0.05,2025-01-05 02:45:00,102753.994,103441.01199999999,102753.994,2025-01-05 08:15:00,stop_loss,-11.500299999999697,2025-01-05 02:30:00,2025-01,2025-01-05
Range Break 200 Index,buy,102954.0,0.05,2025-01-05 03:00:00,102745.994,103373.01199999999,102745.994,2025-01-05 08:15:00,stop_loss,-10.400299999999698,2025-01-05 02:45:00,2025-01,2025-01-05
Range Break 200 Index,buy,102966.0,0.05,2025-01-05 03:15:00,102745.994,103403.01199999999,102745.994,2025-01-05 08:15:00,stop_loss,-11.000299999999697,2025-01-05 03:00:00,2025-01,2025-01-05
Range Break 200 Index,buy,102974.0,0.05,2025-01-05 03:30:00,102745.994,103433.01199999999,102745.994,2025-01-05 08:15:00,stop_loss,-11.400299999999698,2025-01-05 03:15:00,2025-01,2025-01-05
Range Break 200 Index,buy,102982.0,0.05,2025-01-05 03:45:00,102752.994,103437.01199999999,102752.994,2025-01-05 08:15:00,stop_loss,-11.450299999999698,2025-01-05 03:30:00,2025-01,2025-01-05
Range Break 200 Index,buy,102962.0,0.05,2025-01-05 04:00:00,102745.994,103391.01199999999,102745.994,2025-01-05 08:15:00,stop_loss,-10.800299999999698,2025-01-05 03:45:00,2025-01,2025-01-05
Range Break 200 Index,buy,102990.0,0.05,2025-01-05 04:15:00,102751.994,103463.01199999999,102751.994,2025-01-05 08:15:00,stop_loss,-11.900299999999698,2025-01-05 04:00:00,2025-01,2025-01-05
Range Break 200 Index,buy,102974.0,0.05,2025-01-05 04:30:00,102747.994,103423.01199999999,102747.994,2025-01-05 08:15:00,stop_loss,-11.300299999999698,2025-01-05 04:15:00,2025-01,2025-01-05
Range Break 200 Index,buy,102964.0,0.05,2025-01-05 04:45:00,102745.994,103403.01199999999,102745.994,2025-01-05 08:15:00,stop_loss,-10.900299999999698,2025-01-05 04:30:00,2025-01,2025-01-05
Range Break 200 Index,buy,102976.0,0.05,2025-01-05 05:00:00,102753.994,103417.01199999999,102753.994,2025-01-05 08:15:00,stop_loss,-11.100299999999699,2025-01-05 04:45:00,2025-01,2025-01-05
Range Break 200 Index,buy,102952.0,0.05,2025-01-05 05:30:00,102745.994,103367.01199999999,102745.994,2025-01-05 08:15:00,stop_loss,-10.300299999999698,2025-01-05 05:15:00,2025-01,2025-01-05
Range Break 200 Index,buy,102814.0,0.05,2025-01-04 19:45:00,102586.994,103271.01199999999,102586.994,2025-01-05 10:15:00,stop_loss,-11.350299999999699,2025-01-04 19:30:00,2025-01,2025-01-05
Range Break 200 Index,buy,102828.0,0.05,2025-01-04 20:00:00,102605.994,103269.01199999999,102605.994,2025-01-05 10:15:00,stop_loss,-11.100299999999699,2025-01-04 19:45:00,2025-01,2025-01-05
Range Break 200 Index,buy,102804.0,0.05,2025-01-04 20:15:00,102586.994,103235.01199999999,102586.994,2025-01-05 10:15:00,stop_loss,-10.850299999999699,2025-01-04 20:00:00,2025-01,2025-01-05
Range Break 200 Index,buy,102822.0,0.05,2025-01-04 20:30:00,102592.994,103283.01199999999,102592.994,2025-01-05 10:15:00,stop_loss,-11.450299999999698,2025-01-04 20:15:00,2025-01,2025-01-05
Range Break 200 Index,buy,102834.0,0.05,2025-01-04 20:45:00,102599.994,103299.01199999999,102599.994,2025-01-05 10:15:00,stop_loss,-11.700299999999698,2025-01-04 20:30:00,2025-01,2025-01-05
Range Break 200 Index,buy,102804.0,0.05,2025-01-04 21:00:00,102591.994,103225.01199999999,102591.994,2025-01-05 10:15:00,stop_loss,-10.600299999999699,2025-01-04 20:45:00,2025-01,2025-01-05
Range Break 200 Index,buy,102812.0,0.05,2025-01-04 21:15:00,102586.994,103265.01199999999,102586.994,2025-01-05 10:15:00,stop_loss,-11.250299999999697,2025-01-04 21:00:00,2025-01,2025-01-05
Range Break 200 Index,buy,102823.0,0.05,2025-01-05 01:00:00,102608.994,103248.01199999999,102608.994,2025-01-05 10:15:00,stop_loss,-10.700299999999698,2025-01-05 00:45:00,2025-01,2025-01-05
Range Break 200 Index,buy,102833.0,0.05,2025-01-05 01:15:00,102608.994,103278.01199999999,102608.994,2025-01-05 10:15:00,stop_loss,-11.200299999999698,2025-01-05 01:00:00,2025-01,2025-01-05
Range Break 200 Index,buy,102857.0,0.05,2025-01-05 01:30:00,102626.994,103320.01199999999,102626.994,2025-01-05 10:15:00,stop_loss,-11.500299999999697,2025-01-05 01:15:00,2025-01,2025-01-05
Range Break 200 Index,buy,102988.0,0.05,2025-01-05 01:45:00,102638.994,103689.01199999999,102638.994,2025-01-05 10:15:00,stop_loss,-17.450299999999697,2025-01-05 01:30:00,2025-01,2025-01-05
Range Break 200 Index,buy,102798.0,0.05,2025-01-05 05:45:00,102572.994,103245.01199999999,102572.994,2025-01-05 10:15:00,stop_loss,-11.250299999999697,2025-01-05 05:30:00,2025-01,2025-01-05
Range Break 200 Index,buy,102820.0,0.05,2025-01-05 06:00:00,102591.994,103279.01199999999,102591.994,2025-01-05 10:15:00,stop_loss,-11.400299999999698,2025-01-05 05:45:00,2025-01,2025-01-05
Range Break 200 Index,buy,102808.0,0.05,2025-01-05 06:15:00,102582.994,103255.01199999999,102582.994,2025-01-05 10:15:00,stop_loss,-11.250299999999697,2025-01-05 06:00:00,2025-01,2025-01-05
Range Break 200 Index,buy,102828.0,0.05,2025-01-05 06:30:00,102588.994,103309.01199999999,102588.994,2025-01-05 10:15:00,stop_loss,-11.950299999999698,2025-01-05 06:15:00,2025-01,2025-01-05
Range Break 200 Index,buy,102814.0,0.05,2025-01-05 06:45:00,102598.994,103247.01199999999,102598.994,2025-01-05 10:15:00,stop_loss,-10.750299999999697,2025-01-05 06:30:00,2025-01,2025-01-05
Range Break 200 Index,buy,102826.0,0.05,2025-01-05 07:00:00,102603.994,103267.01199999999,102603.994,2025-01-05 10:15:00,stop_loss,-11.100299999999699,2025-01-05 06:45:00,2025-01,2025-01-05
Range Break 200 Index,buy,102790.0,0.05,2025-01-05 07:15:00,102572.994,103227.01199999999,102572.994,2025-01-05 10:15:00,stop_loss,-10.850299999999699,2025-01-05 07:00:00,2025-01,2025-01-05
Range Break 200 Index,buy,102820.0,0.05,2025-01-05 07:30:00,102572.994,103317.01199999999,102572.994,2025-01-05 10:15:00,stop_loss,-12.350299999999699,2025-01-05 07:15:00,2025-01,2025-01-05
Range Break 200 Index,buy,102816.0,0.05,2025-01-05 07:45:00,102597.994,103249.01199999999,102597.994,2025-01-05 10:15:00,stop_loss,-10.900299999999698,2025-01-05 07:30:00,2025-01,2025-01-05
Range Break 200 Index,buy,102798.0,0.05,2025-01-05 08:00:00,102592.994,103211.01199999999,102592.994,2025-01-05 10:15:00,stop_loss,-10.250299999999697,2025-01-05 07:45:00,2025-01,2025-01-05
Range Break 200 Index,buy,102796.0,0.05,2025-01-05 08:15:00,102572.994,103239.01199999999,102572.994,2025-01-05 10:15:00,stop_loss,-11.150299999999698,2025-01-05 08:00:00,2025-01,2025-01-05
Range Break 200 Index,sell,102948.0,0.05,2025-01-02 10:45:00,103336.086,102168.82800000001,102168.82800000001,2025-01-05 13:30:00,take_profit,38.95859999999957,2025-01-02 10:30:00,2025-01,2025-01-05
Range Break 200 Index,sell,103032.0,0.05,2025-01-02 12:30:00,103498.086,102096.82800000001,102096.82800000001,2025-01-05 13:30:00,take_profit,46.758599999999575,2025-01-02 12:15:00,2025-01,2025-01-05
Step Index,sell,8329.7,0.1,2025-01-05 23:15:00,8351.558799999999,8286.2824,8351.558799999999,2025-01-06 09:15:00,stop_loss,-2.1858799999998157,2025-01-05 23:00:00,2025-01,2025-01-06
Step Index,sell,8334.3,0.1,2025-01-05 23:30:00,8351.1588,8300.8824,8351.1588,2025-01-06 09:15:00,stop_loss,-1.6858799999999974,2025-01-05 23:15:00,2025-01,2025-01-06
Step Index,sell,8330.9,0.1,2025-01-06 01:00:00,8351.6588,8289.682400000002,8351.6588,2025-01-06 09:15:00,stop_loss,-2.075879999999961,2025-01-06 00:45:00,2025-01,2025-01-06
Step Index,sell,8332.3,0.1,2025-01-06 01:15:00,8351.2588,8294.6824,8351.2588,2025-01-06 09:15:00,stop_loss,-1.8958800000000338,2025-01-06 01:00:00,2025-01,2025-01-06
Step Index,sell,8333.3,0.1,2025-01-06 01:30:00,8350.3588,8298.882400000002,8350.3588,2025-01-06 09:15:00,stop_loss,-1.7058800000000702,2025-01-06 01:15:00,2025-01,2025-01-06
Step Index,sell,8334.7,0.1,2025-01-05 23:45:00,8352.2588,8299.282400000002,8352.2588,2025-01-06 19:45:00,stop_loss,-1.7558799999998884,2025-01-05 23:30:00,2025-01,2025-01-06
Step Index,sell,8335.0,0.1,2025-01-06 02:45:00,8352.3588,8300.582400000001,8352.3588,2025-01-06 19:45:00,stop_loss,-1.7358799999999974,2025-01-06 02:30:00,2025-01,2025-01-06
Step Index,sell,8334.6,0.1,2025-01-06 14:30:00,8352.1588,8299.782400000004,8352.1588,2025-01-06 19:45:00,stop_loss,-1.7558799999998884,2025-01-06 14:15:00,2025-01,2025-01-06
Step Index,sell,8334.3,0.1,2025-01-06 00:45:00,8352.9588,8296.682400000002,8352.9588,2025-01-06 22:45:00,stop_loss,-1.8658800000001066,2025-01-06 00:30:00,2025-01,2025-01-06
Step Index,sell,8334.2,0.1,2025-01-06 02:30:00,8353.9588,8294.3824,8353.9588,2025-01-06 22:45:00,stop_loss,-1.975879999999961,2025-01-06 02:15:00,2025-01,2025-01-06
Step Index,sell,8333.8,0.1,2025-01-06 03:00:00,8353.9588,8293.782399999998,8353.9588,2025-01-06 22:45:00,stop_loss,-2.0158800000001067,2025-01-06 02:45:00,2025-01,2025-01-06
Step Index,sell,8336.4,0.1,2025-01-06 03:15:00,8353.058799999999,8302.7824,8353.058799999999,2025-01-06 22:45:00,stop_loss,-1.6658799999999248,2025-01-06 03:00:00,2025-01,2025-01-06
Step Index,sell,8334.3,0.1,2025-01-05 23:00:00,8355.8588,8291.482399999999,8355.8588,2025-01-06 23:00:00,stop_loss,-2.1558800000000704,2025-01-05 22:45:00,2025-01,2025-01-06
Step Index,sell,8337.7,0.1,2025-01-06 00:00:00,8355.8588,8301.082400000001,8355.8588,2025-01-06 23:00:00,stop_loss,-1.8158799999999247,2025-01-05 23:45:00,2025-01,2025-01-06
Step Index,sell,8337.8,0.1,2025-01-06 01:45:00,8355.3588,8302.382400000002,8355.3588,2025-01-06 23:00:00,stop_loss,-1.7558800000000703,2025-01-06 01:30:00,2025-01,2025-01-06
Step Index,sell,8338.8,0.1,2025-01-06 14:45:00,8355.8588,8304.982399999999,8355.8588,2025-01-06 23:00:00,stop_loss,-1.7058800000000702,2025-01-06 14:30:00,2025-01,2025-01-06
Step Index,sell,8337.8,0.1,2025-01-06 16:15:00,8355.6588,8302.3824,8355.6588,2025-01-06 23:00:00,stop_loss,-1.7858799999999975,2025-01-06 16:00:00,2025-01,2025-01-06
Step Index,sell,8336.1,0.1,2025-01-06 00:30:00,8357.2588,8293.4824,8357.2588,2025-01-06 23:15:00,stop_loss,-2.1158799999999247,2025-01-06 00:15:00,2025-01,2025-01-06
Step Index,sell,8337.0,0.1,2025-01-06 02:15:00,8356.3588,8298.582400000001,8356.3588,2025-01-06 23:15:00,stop_loss,-1.9358799999999974,2025-01-06 02:00:00,2025-01,2025-01-06
Step Index,sell,8339.0,0.1,2025-01-06 11:30:00,8356.4588,8303.782399999998,8356.4588,2025-01-06 23:15:00,stop_loss,-1.7458800000000338,2025-01-06 11:15:00,2025-01,2025-01-06
Step Index,sell,8338.2,0.1,2025-01-06 11:45:00,8357.058799999999,8300.7824,8357.058799999999,2025-01-06 23:15:00,stop_loss,-1.8858799999998155,2025-01-06 11:30:00,2025-01,2025-01-06
Step Index,sell,8338.4,0.1,2025-01-06 16:30:00,8357.4588,8300.5824,8357.4588,2025-01-06 23:15:00,stop_loss,-1.9058800000000702,2025-01-06 16:15:00,2025-01,2025-01-06
Step Index,sell,8338.9,0.1,2025-01-05 22:45:00,8359.058799999999,8298.882400000002,8359.058799999999,2025-01-06 23:30:00,stop_loss,-2.0158799999999246,2025-01-05 22:30:00,2025-01,2025-01-06
Step Index,sell,8339.6,0.1,2025-01-06 02:00:00,8358.2588,8301.9824,8358.2588,2025-01-06 23:30:00,stop_loss,-1.8658799999999247,2025-01-06 01:45:00,2025-01,2025-01-06
Step Index,sell,8341.0,0.1,2025-01-06 07:15:00,8358.8588,8304.982399999999,8358.8588,2025-01-06 23:30:00,stop_loss,-1.7858799999999975,2025-01-06 07:00:00,2025-01,2025-01-06
Step Index,sell,8341.0,0.1,2025-01-06 08:00:00,8358.558799999999,8306.182400000003,8358.558799999999,2025-01-06 23:30:00,stop_loss,-1.7558799999998884,2025-01-06 07:45:00,2025-01,2025-01-06
Step Index,sell,8339.8,0.1,2025-01-06 12:00:00,8358.2588,8303.1824,8358.2588,2025-01-06 23:30:00,stop_loss,-1.845880000000034,2025-01-06 11:45:00,2025-01,2025-01-06
Step Index,sell,8337.8,0.1,2025-01-06 15:00:00,8357.7588,8298.1824,8357.7588,2025-01-06 23:30:00,stop_loss,-1.9958800000000338,2025-01-06 14:45:00,2025-01,2025-01-06
Step Index,sell,8338.4,0.1,2025-01-06 16:00:00,8358.058799999999,8299.382400000002,8358.058799999999,2025-01-06 23:30:00,stop_loss,-1.9658799999999248,2025-01-06 15:45:00,2025-01,2025-01-06
Step Index,sell,8337.4,0.1,2025-01-06 07:45:00,8359.558799999999,8292.7824,8359.558799999999,2025-01-07 00:30:00,stop_loss,-2.215879999999925,2025-01-06 07:30:00,2025-01,2025-01-07
Step Index,sell,8340.4,0.1,2025-01-06 08:15:00,8359.6588,8301.5824,8359.6588,2025-01-07 00:30:00,stop_loss,-1.9258799999999612,2025-01-06 08:00:00,2025-01,2025-01-07
Step Index,sell,8339.4,0.1,2025-01-06 08:30:00,8359.3588,8299.182399999998,8359.3588,2025-01-07 00:30:00,stop_loss,-1.9958800000000338,2025-01-06 08:15:00,2025-01,2025-01-07
Step Index,sell,8340.7,0.1,2025-01-05 21:15:00,8360.8588,8300.682399999998,8360.8588,2025-01-07 02:30:00,stop_loss,-2.0158799999999246,2025-01-05 21:00:00,2025-01,2025-01-07
Step Index,sell,8342.4,0.1,2025-01-06 07:30:00,8360.9588,8304.982399999997,8360.9588,2025-01-07 02:30:00,stop_loss,-1.8558800000000701,2025-01-06 07:15:00,2025-01,2025-01-07
Step Index,sell,8342.8,0.1,2025-01-06 08:45:00,8361.3588,8305.982399999999,8361.3588,2025-01-07 02:30:00,stop_loss,-1.8558800000000701,2025-01-06 08:30:00,2025-01,2025-01-07
Step Index,sell,8339.0,0.1,2025-01-06 11:15:00,8361.058799999999,8295.182400000003,8361.058799999999,2025-01-07 02:30:00,stop_loss,-2.205879999999888,2025-01-06 11:00:00,2025-01,2025-01-07
Step Index,buy,8360.4,0.1,2025-01-07 03:00:00,8341.742,8398.016,8341.742,2025-01-07 04:15:00,stop_loss,-1.8657999999999448,2025-01-07 02:45:00,2025-01,2025-01-07
Step Index,buy,8361.4,0.1,2025-01-07 02:45:00,8339.742,8405.016,8339.742,2025-01-07 04:30:00,stop_loss,-2.165799999999945,2025-01-07 02:30:00,2025-01,2025-01-07
Step Index,buy,8358.2,0.1,2025-01-07 03:15:00,8340.842,8393.215999999997,8340.842,2025-01-07 04:30:00,stop_loss,-1.7358000000000176,2025-01-07 03:00:00,2025-01,2025-01-07
Step Index,buy,8357.2,0.1,2025-01-07 00:15:00,8338.942000000001,8394.015999999996,8338.942000000001,2025-01-07 05:30:00,stop_loss,-1.8257999999999812,2025-01-07 00:00:00,2025-01,2025-01-07
Step Index,buy,8357.8,0.1,2025-01-07 00:30:00,8338.242,8396.616000000002,8338.242,2025-01-07 10:00:00,stop_loss,-1.9557999999999085,2025-01-07 00:15:00,2025-01,2025-01-07
Step Index,buy,8355.0,0.1,2025-01-07 00:45:00,8337.742,8389.215999999999,8337.742,2025-01-07 10:00:00,stop_loss,-1.7257999999999811,2025-01-07 00:30:00,2025-01,2025-01-07
Step Index,buy,8353.4,0.1,2025-01-07 03:45:00,8336.042000000001,8388.415999999997,8336.042000000001,2025-01-07 10:00:00,stop_loss,-1.7357999999998357,2025-01-07 03:30:00,2025-01,2025-01-07
Step Index,buy,8356.0,0.1,2025-01-07 07:30:00,8336.142,8395.416,8336.142,2025-01-07 10:00:00,stop_loss,-1.9858000000000176,2025-01-07 07:15:00,2025-01,2025-01-07
Step Index,buy,8354.6,0.1,2025-01-07 07:45:00,8336.242,8391.016,8336.242,2025-01-07 10:00:00,stop_loss,-1.8358000000000176,2025-01-07 07:30:00,2025-01,2025-01-07
Step Index,buy,8352.4,0.1,2025-01-07 09:00:00,8334.942000000001,8387.015999999996,8334.942000000001,2025-01-07 10:15:00,stop_loss,-1.7457999999998721,2025-01-07 08:45:00,2025-01,2025-01-07
Step Index,buy,8352.6,0.1,2025-01-07 01:00:00,8334.142,8389.216,8334.142,2025-01-07 12:30:00,stop_loss,-1.8458000000000538,2025-01-07 00:45:00,2025-01,2025-01-07
Step Index,buy,8351.2,0.1,2025-01-07 01:15:00,8334.042000000001,8385.215999999999,8334.042000000001,2025-01-07 12:30:00,stop_loss,-1.7157999999999447,2025-01-07 01:00:00,2025-01,2025-01-07
Step Index,buy,8352.4,0.1,2025-01-07 01:30:00,8333.042000000001,8391.415999999997,8333.042000000001,2025-01-07 12:30:00,stop_loss,-1.9357999999998357,2025-01-07 01:15:00,2025-01,2025-01-07
Step Index,buy,8350.2,0.1,2025-01-07 01:45:00,8333.442000000001,8383.416,8333.442000000001,2025-01-07 12:30:00,stop_loss,-1.675799999999981,2025-01-07 01:30:00,2025-01,2025-01-07
Step Index,buy,8352.0,0.1,2025-01-07 02:15:00,8332.142,8392.016000000001,8332.142,2025-01-07 12:30:00,stop_loss,-1.9858000000000176,2025-01-07 02:00:00,2025-01,2025-01-07
Step Index,buy,8350.8,0.1,2025-01-07 07:00:00,8332.342,8387.416000000001,8332.342,2025-01-07 12:30:00,stop_loss,-1.845799999999872,2025-01-07 06:45:00,2025-01,2025-01-07
Step Index,buy,8354.2,0.1,2025-01-07 07:15:00,8333.842,8394.616,8333.842,2025-01-07 12:30:00,stop_loss,-2.0358000000000174,2025-01-07 07:00:00,2025-01,2025-01-07
Step Index,buy,8350.0,0.1,2025-01-07 08:00:00,8332.942000000001,8384.416,8332.942000000001,2025-01-07 12:30:00,stop_loss,-1.7057999999999085,2025-01-07 07:45:00,2025-01,2025-01-07
Step Index,buy,8354.0,0.1,2025-01-07 08:15:00,8332.542000000001,8396.615999999996,8332.542000000001,2025-01-07 12:30:00,stop_loss,-2.145799999999872,2025-01-07 08:00:00,2025-01,2025-01-07
Step Index,buy,8352.2,0.1,2025-01-07 08:30:00,8334.242,8387.816,8334.242,2025-01-07 12:30:00,stop_loss,-1.795800000000054,2025-01-07 08:15:00,2025-01,2025-01-07
Step Index,buy,8352.6,0.1,2025-01-07 08:45:00,8333.642,8390.216,8333.642,2025-01-07 12:30:00,stop_loss,-1.8958000000000539,2025-01-07 08:30:00,2025-01,2025-01-07
Step Index,sell,8346.7,0.1,2025-01-05 21:30:00,8363.8588,8312.082400000001,8363.8588,2025-01-07 21:45:00,stop_loss,-1.7158799999999248,2025-01-05 21:15:00,2025-01,2025-01-07
Step Index,sell,8346.9,0.1,2025-01-05 21:45:00,8364.1588,8312.0824,8364.1588,2025-01-07 21:45:00,stop_loss,-1.725879999999961,2025-01-05 21:30:00,2025-01,2025-01-07
Step Index,sell,8342.7,0.1,2025-01-05 22:15:00,8363.4588,8301.482399999997,8363.4588,2025-01-07 21:45:00,stop_loss,-2.075879999999961,2025-01-05 22:00:00,2025-01,2025-01-07
Step Index,sell,8345.2,0.1,2025-01-06 09:00:00,8364.058799999999,8307.7824,8364.058799999999,2025-01-07 21:45:00,stop_loss,-1.8858799999998155,2025-01-06 08:45:00,2025-01,2025-01-07
Step Index,sell,8343.2,0.1,2025-01-06 11:00:00,8363.058799999999,8303.182400000003,8363.058799999999,2025-01-07 21:45:00,stop_loss,-1.9858799999998156,2025-01-06 10:45:00,2025-01,2025-01-07
Step Index,sell,8345.9,0.1,2025-01-05 22:00:00,8364.8588,8308.2824,8364.8588,2025-01-07 23:00:00,stop_loss,-1.8958800000000338,2025-01-05 21:45:00,2025-01,2025-01-07
Step Index,sell,8347.2,0.1,2025-01-06 09:15:00,8365.2588,8310.782400000002,8365.2588,2025-01-07 23:00:00,stop_loss,-1.8058799999998882,2025-01-06 09:00:00,2025-01,2025-01-07
Step Index,sell,8344.4,0.1,2025-01-06 10:45:00,8364.7588,8303.382399999999,8364.7588,2025-01-07 23:00:00,stop_loss,-2.0358799999999975,2025-01-06 10:30:00,2025-01,2025-01-07
Step Index,sell,8345.7,0.1,2025-01-05 20:00:00,8367.1588,8303.0824,8367.1588,2025-01-07 23:30:00,stop_loss,-2.145879999999852,2025-01-05 19:45:00,2025-01,2025-01-07
Step Index,sell,8349.2,0.1,2025-01-06 10:15:00,8366.6588,8314.5824,8366.6588,2025-01-07 23:30:00,stop_loss,-1.745879999999852,2025-01-06 10:00:00,2025-01,2025-01-07
Step Index,sell,8351.4,0.1,2025-01-06 09:45:00,8368.558799999999,8316.7824,8368.558799999999,2025-01-08 00:00:00,stop_loss,-1.7158799999999248,2025-01-06 09:30:00,2025-01,2025-01-08
Step Index,sell,8347.6,0.1,2025-01-06 10:00:00,8368.8588,8304.7824,8368.8588,2025-01-08 00:00:00,stop_loss,-2.125879999999961,2025-01-06 09:45:00,2025-01,2025-01-08
Step Index,sell,8347.2,0.1,2025-01-06 10:30:00,8368.2588,8304.782400000002,8368.2588,2025-01-08 00:00:00,stop_loss,-2.1058799999998885,2025-01-06 10:15:00,2025-01,2025-01-08
Step Index,buy,8347.2,0.1,2025-01-07 04:00:00,8330.542000000001,8380.815999999995,8380.815999999995,2025-01-08 08:30:00,take_profit,3.361599999999453,2025-01-07 03:45:00,2025-01,2025-01-08
Step Index,buy,8351.2,0.1,2025-01-07 17:30:00,8334.542000000001,8384.815999999995,8384.815999999995,2025-01-08 08:45:00,take_profit,3.361599999999453,2025-01-07 17:15:00,2025-01,2025-01-08
Step Index,buy,8348.8,0.1,2025-01-07 02:00:00,8330.542000000001,8385.615999999996,8385.615999999996,2025-01-08 09:15:00,take_profit,3.6815999999997078,2025-01-07 01:45:00,2025-01,2025-01-08
Step Index,buy,8352.8,0.1,2025-01-07 20:15:00,8335.942000000001,8386.216,8386.216,2025-01-08 09:30:00,take_profit,3.341600000000108,2025-01-07 20:00:00,2025-01,2025-01-08
Step Index,buy,8350.6,0.1,2025-01-07 20:45:00,8332.942000000001,8386.216,8386.216,2025-01-08 09:30:00,take_profit,3.5615999999999985,2025-01-07 20:30:00,2025-01,2025-01-08
Step Index,buy,8353.0,0.1,2025-01-07 17:15:00,8335.142,8389.016000000001,8389.016000000001,2025-01-08 09:45:00,take_profit,3.6016000000001442,2025-01-07 17:00:00,2025-01,2025-01-08
Step Index,buy,8350.6,0.1,2025-01-07 17:45:00,8332.442000000001,8387.216,8387.216,2025-01-08 09:45:00,take_profit,3.6615999999999986,2025-01-07 17:30:00,2025-01,2025-01-08
Step Index,buy,8355.8,0.1,2025-01-07 20:00:00,8339.142,8389.416,8389.416,2025-01-08 09:45:00,take_profit,3.361599999999999,2025-01-07 19:45:00,2025-01,2025-01-08
Step Index,buy,8355.8,0.1,2025-01-07 20:00:00,8339.122599999999,8389.454800000001,8389.454800000001,2025-01-08 09:45:00,take_profit,3.365480000000207,2025-01-07 19:45:00,2025-01,2025-01-08
Step Index,buy,8352.2,0.1,2025-01-07 20:30:00,8333.942000000001,8388.416,8388.416,2025-01-08 09:45:00,take_profit,3.6215999999998534,2025-01-07 20:15:00,2025-01,2025-01-08
Step Index,buy,8352.8,0.1,2025-01-07 15:15:00,8332.042000000001,8394.016,8394.016,2025-01-08 10:00:00,take_profit,4.1216000000000355,2025-01-07 15:00:00,2025-01,2025-01-08
Step Index,buy,8354.4,0.1,2025-01-07 15:30:00,8336.042000000001,8391.415999999997,8391.415999999997,2025-01-08 10:00:00,take_profit,3.7015999999997806,2025-01-07 15:15:00,2025-01,2025-01-08
Step Index,buy,8355.6,0.1,2025-01-07 16:00:00,8337.742,8391.016,8391.016,2025-01-08 10:00:00,take_profit,3.541599999999926,2025-01-07 15:45:00,2025-01,2025-01-08
Step Index,buy,8357.2,0.1,2025-01-07 16:15:00,8338.942000000001,8394.015999999996,8394.015999999996,2025-01-08 10:00:00,take_profit,3.6815999999995257,2025-01-07 16:00:00,2025-01,2025-01-08
Step Index,buy,8357.2,0.1,2025-01-07 16:15:00,8338.9226,8394.054799999998,8394.054799999998,2025-01-08 10:00:00,take_profit,3.685479999999734,2025-01-07 16:00:00,2025-01,2025-01-08
Step Index,buy,8359.4,0.1,2025-01-07 16:45:00,8341.642,8394.615999999998,8394.615999999998,2025-01-08 10:00:00,take_profit,3.5215999999998533,2025-01-07 16:30:00,2025-01,2025-01-08
Step Index,buy,8359.4,0.1,2025-01-07 16:45:00,8341.622599999999,8394.6548,8394.6548,2025-01-08 10:00:00,take_profit,3.5254800000000617,2025-01-07 16:30:00,2025-01,2025-01-08
Step Index,buy,8354.2,0.1,2025-01-07 18:15:00,8335.342,8392.215999999997,8392.215999999997,2025-01-08 10:00:00,take_profit,3.8015999999995986,2025-01-07 18:00:00,2025-01,2025-01-08
Step Index,buy,8358.8,0.1,2025-01-07 19:00:00,8341.342,8394.015999999998,8394.015999999998,2025-01-08 10:00:00,take_profit,3.5215999999998533,2025-01-07 18:45:00,2025-01,2025-01-08
Step Index,buy,8358.8,0.1,2025-01-07 19:00:00,8341.3226,8394.0548,8394.0548,2025-01-08 10:00:00,take_profit,3.5254800000000617,2025-01-07 18:45:00,2025-01,2025-01-08
Step Index,buy,8357.6,0.1,2025-01-07 15:45:00,8337.342,8397.815999999999,8397.815999999999,2025-01-08 14:45:00,take_profit,4.021599999999853,2025-01-07 15:30:00,2025-01,2025-01-08
Step Index,buy,8359.8,0.1,2025-01-07 19:15:00,8341.842,8396.015999999998,8396.015999999998,2025-01-08 14:45:00,take_profit,3.6215999999998534,2025-01-07 19:00:00,2025-01,2025-01-08
Step Index,buy,8359.8,0.1,2025-01-07 19:15:00,8341.8226,8396.0548,8396.0548,2025-01-08 14:45:00,take_profit,3.6254800000000618,2025-01-07 19:00:00,2025-01,2025-01-08
Step Index,buy,8394.4,0.1,2025-01-08 10:15:00,8371.9226,8439.6548,8371.9226,2025-01-08 17:30:00,stop_loss,-2.2477399999999763,2025-01-08 10:00:00,2025-01,2025-01-08
Step Index,buy,8394.4,0.1,2025-01-08 10:15:00,8371.900800000001,8439.698399999997,8371.900800000001,2025-01-08 17:30:00,stop_loss,-2.2499199999998383,2025-01-08 10:00:00,2025-01,2025-01-08
Step Index,buy,8390.8,0.1,2025-01-08 10:30:00,8373.3226,8425.454800000003,8373.3226,2025-01-08 17:30:00,stop_loss,-1.7477399999999763,2025-01-08 10:15:00,2025-01,2025-01-08
Step Index,buy,8390.8,0.1,2025-01-08 10:30:00,8373.3008,8425.4984,8373.3008,2025-01-08 17:30:00,stop_loss,-1.7499199999998383,2025-01-08 10:15:00,2025-01,2025-01-08
Step Index,buy,8388.8,0.1,2025-01-08 10:00:00,8367.4226,8431.254800000002,8367.4226,2025-01-08 17:45:00,stop_loss,-2.13773999999994,2025-01-08 09:45:00,2025-01,2025-01-08
Step Index,buy,8388.8,0.1,2025-01-08 10:00:00,8367.400800000001,8431.2984,8367.400800000001,2025-01-08 17:45:00,stop_loss,-2.139919999999802,2025-01-08 09:45:00,2025-01,2025-01-08
Step Index,buy,8385.8,0.1,2025-01-08 10:45:00,8367.8226,8421.454800000003,8367.8226,2025-01-08 17:45:00,stop_loss,-1.7977399999999761,2025-01-08 10:30:00,2025-01,2025-01-08
Step Index,buy,8385.8,0.1,2025-01-08 10:45:00,8367.8008,8421.4984,8367.8008,2025-01-08 17:45:00,stop_loss,-1.7999199999998383,2025-01-08 10:30:00,2025-01,2025-01-08
Step Index,buy,8385.6,0.1,2025-01-08 11:00:00,8368.2226,8420.654800000004,8368.2226,2025-01-08 17:45:00,stop_loss,-1.7377400000001217,2025-01-08 10:45:00,2025-01,2025-01-08
Step Index,buy,8385.6,0.1,2025-01-08 11:00:00,8368.2008,8420.698400000001,8368.2008,2025-01-08 17:45:00,stop_loss,-1.7399199999999837,2025-01-08 10:45:00,2025-01,2025-01-08
Step Index,buy,8390.0,0.1,2025-01-08 11:15:00,8368.9226,8431.8548,8368.9226,2025-01-08 17:45:00,stop_loss,-2.1077400000000126,2025-01-08 11:00:00,2025-01,2025-01-08
Step Index,buy,8390.0,0.1,2025-01-08 11:15:00,8368.900800000001,8431.898399999996,8368.900800000001,2025-01-08 17:45:00,stop_loss,-2.1099199999998746,2025-01-08 11:00:00,2025-01,2025-01-08
Step Index,buy,8386.6,0.1,2025-01-08 11:30:00,8369.5226,8420.4548,8369.5226,2025-01-08 17:45:00,stop_loss,-1.7077400000000127,2025-01-08 11:15:00,2025-01,2025-01-08
Step Index,buy,8386.6,0.1,2025-01-08 11:30:00,8369.500800000002,8420.498399999997,8369.500800000002,2025-01-08 17:45:00,stop_loss,-1.7099199999998747,2025-01-08 11:15:00,2025-01,2025-01-08
Step Index,buy,8386.8,0.1,2025-01-08 11:45:00,8369.8226,8421.0548,8369.8226,2025-01-08 17:45:00,stop_loss,-1.6977399999999763,2025-01-08 11:30:00,2025-01,2025-01-08
Step Index,buy,8386.8,0.1,2025-01-08 11:45:00,8369.8008,8421.098399999997,8369.8008,2025-01-08 17:45:00,stop_loss,-1.6999199999998382,2025-01-08 11:30:00,2025-01,2025-01-08
Step Index,buy,8387.6,0.1,2025-01-08 13:15:00,8368.622599999999,8425.254800000002,8368.622599999999,2025-01-08 17:45:00,stop_loss,-1.897740000000158,2025-01-08 13:00:00,2025-01,2025-01-08
Step Index,buy,8387.6,0.1,2025-01-08 13:15:00,8368.6008,8425.2984,8368.6008,2025-01-08 17:45:00,stop_loss,-1.8999200000000203,2025-01-08 13:00:00,2025-01,2025-01-08
Step Index,buy,8386.4,0.1,2025-01-08 13:30:00,8369.3226,8420.254799999999,8369.3226,2025-01-08 17:45:00,stop_loss,-1.7077400000000127,2025-01-08 13:15:00,2025-01,2025-01-08
Step Index,buy,8386.4,0.1,2025-01-08 13:30:00,8369.3008,8420.298399999996,8369.3008,2025-01-08 17:45:00,stop_loss,-1.7099199999998747,2025-01-08 13:15:00,2025-01,2025-01-08
Step Index,buy,8386.8,0.1,2025-01-08 13:45:00,8368.122599999999,8424.454800000001,8368.122599999999,2025-01-08 17:45:00,stop_loss,-1.867740000000049,2025-01-08 13:30:00,2025-01,2025-01-08
Step Index,buy,8386.8,0.1,2025-01-08 13:45:00,8368.1008,8424.498399999999,8368.1008,2025-01-08 17:45:00,stop_loss,-1.869919999999911,2025-01-08 13:30:00,2025-01,2025-01-08
Step Index,buy,8387.8,0.1,2025-01-08 14:00:00,8369.3226,8425.0548,8369.3226,2025-01-08 17:45:00,stop_loss,-1.8477399999999762,2025-01-08 13:45:00,2025-01,2025-01-08
Step Index,buy,8387.8,0.1,2025-01-08 14:00:00,8369.3008,8425.098399999997,8369.3008,2025-01-08 17:45:00,stop_loss,-1.8499199999998384,2025-01-08 13:45:00,2025-01,2025-01-08
Step Index,buy,8384.6,0.1,2025-01-08 12:00:00,8366.122599999999,8421.254800000002,8366.122599999999,2025-01-08 18:00:00,stop_loss,-1.847740000000158,2025-01-08 11:45:00,2025-01,2025-01-08
Step Index,buy,8384.6,0.1,2025-01-08 12:00:00,8366.1008,8421.2984,8366.1008,2025-01-08 18:00:00,stop_loss,-1.8499200000000202,2025-01-08 11:45:00,2025-01,2025-01-08
Step Index,buy,8379.4,0.1,2025-01-08 09:15:00,8362.622599999999,8412.6548,8362.622599999999,2025-01-08 18:15:00,stop_loss,-1.6777400000000853,2025-01-08 09:00:00,2025-01,2025-01-08
Step Index,buy,8379.4,0.1,2025-01-08 09:15:00,8362.6008,8412.698399999997,8362.6008,2025-01-08 18:15:00,stop_loss,-1.6799199999999475,2025-01-08 09:00:00,2025-01,2025-01-08
Step Index,buy,8382.6,0.1,2025-01-08 09:30:00,8362.4226,8422.6548,8362.4226,2025-01-08 18:15:00,stop_loss,-2.017740000000049,2025-01-08 09:15:00,2025-01,2025-01-08
Step Index,buy,8382.6,0.1,2025-01-08 09:30:00,8362.400800000001,8422.698399999997,8362.400800000001,2025-01-08 18:15:00,stop_loss,-2.019919999999911,2025-01-08 09:15:00,2025-01,2025-01-08
Step Index,buy,8385.2,0.1,2025-01-08 09:45:00,8363.8226,8427.654800000002,8363.8226,2025-01-08 18:15:00,stop_loss,-2.1377400000001217,2025-01-08 09:30:00,2025-01,2025-01-08
Step Index,buy,8385.2,0.1,2025-01-08 09:45:00,8363.8008,8427.6984,8363.8008,2025-01-08 18:15:00,stop_loss,-2.1399199999999836,2025-01-08 09:30:00,2025-01,2025-01-08
Step Index,buy,8380.4,0.1,2025-01-08 12:15:00,8362.0226,8416.854799999997,8362.0226,2025-01-08 18:15:00,stop_loss,-1.8377399999999398,2025-01-08 12:00:00,2025-01,2025-01-08
Step Index,buy,8380.4,0.1,2025-01-08 12:15:00,8362.000800000002,8416.898399999995,8362.000800000002,2025-01-08 18:15:00,stop_loss,-1.839919999999802,2025-01-08 12:00:00,2025-01,2025-01-08
Step Index,buy,8382.2,0.1,2025-01-08 12:30:00,8362.9226,8420.454800000001,8362.9226,2025-01-08 18:15:00,stop_loss,-1.9277400000000853,2025-01-08 12:15:00,2025-01,2025-01-08
Step Index,buy,8382.2,0.1,2025-01-08 12:30:00,8362.900800000001,8420.498399999999,8362.900800000001,2025-01-08 18:15:00,stop_loss,-1.9299199999999475,2025-01-08 12:15:00,2025-01,2025-01-08
Step Index,buy,8380.2,0.1,2025-01-08 12:45:00,8361.8226,8416.654800000002,8361.8226,2025-01-08 18:15:00,stop_loss,-1.8377400000001218,2025-01-08 12:30:00,2025-01,2025-01-08
Step Index,buy,8380.2,0.1,2025-01-08 12:45:00,8361.8008,8416.6984,8361.8008,2025-01-08 18:15:00,stop_loss,-1.8399199999999838,2025-01-08 12:30:00,2025-01,2025-01-08
Step Index,buy,8385.8,0.1,2025-01-08 13:00:00,8363.5226,8430.654799999998,8363.5226,2025-01-08 18:15:00,stop_loss,-2.2277399999999035,2025-01-08 12:45:00,2025-01,2025-01-08
Step Index,buy,8385.8,0.1,2025-01-08 13:00:00,8363.500800000002,8430.698399999996,8363.500800000002,2025-01-08 18:15:00,stop_loss,-2.2299199999997654,2025-01-08 12:45:00,2025-01,2025-01-08
Step Index,buy,8359.6,0.1,2025-01-07 16:30:00,8340.042000000001,8398.415999999997,8398.415999999997,2025-01-09 00:15:00,take_profit,3.8815999999997075,2025-01-07 16:15:00,2025-01,2025-01-09
Step Index,buy,8359.6,0.1,2025-01-07 16:30:00,8340.0226,8398.4548,8398.4548,2025-01-09 00:15:00,take_profit,3.885479999999916,2025-01-07 16:15:00,2025-01,2025-01-09
Step Index,buy,8360.0,0.1,2025-01-07 17:00:00,8340.142,8399.416,8399.416,2025-01-09 01:45:00,take_profit,3.941599999999926,2025-01-07 16:45:00,2025-01,2025-01-09
Step Index,buy,8360.0,0.1,2025-01-07 17:00:00,8340.122599999999,8399.454800000001,8399.454800000001,2025-01-09 01:45:00,take_profit,3.9454800000001344,2025-01-07 16:45:00,2025-01,2025-01-09
Step Index,buy,8354.8,0.1,2025-01-07 18:00:00,8332.342,8400.015999999998,8400.015999999998,2025-01-09 01:45:00,take_profit,4.521599999999853,2025-01-07 17:45:00,2025-01,2025-01-09
Step Index,buy,8359.4,0.1,2025-01-07 18:30:00,8337.542000000001,8402.815999999995,8402.815999999995,2025-01-09 04:15:00,take_profit,4.341599999999562,2025-01-07 18:15:00,2025-01,2025-01-09
Step Index,buy,8360.2,0.1,2025-01-07 18:45:00,8339.942000000001,8401.015999999996,8401.015999999996,2025-01-09 04:15:00,take_profit,4.081599999999526,2025-01-07 18:30:00,2025-01,2025-01-09
Step Index,buy,8368.8,0.1,2025-01-08 00:30:00,8350.542000000001,8405.615999999996,8405.615999999996,2025-01-09 04:30:00,take_profit,3.6815999999997078,2025-01-08 00:15:00,2025-01,2025-01-09
Step Index,buy,8368.8,0.1,2025-01-08 00:30:00,8350.5226,8405.654799999998,8405.654799999998,2025-01-09 04:30:00,take_profit,3.685479999999916,2025-01-08 00:15:00,2025-01,2025-01-09
Step Index,buy,8368.8,0.1,2025-01-08 00:30:00,8350.500800000002,8405.698399999996,8405.698399999996,2025-01-09 04:30:00,take_profit,3.68983999999964,2025-01-08 00:15:00,2025-01,2025-01-09
Step Index,buy,8367.8,0.1,2025-01-08 01:00:00,8348.342,8407.015999999998,8407.015999999998,2025-01-09 04:30:00,take_profit,3.921599999999853,2025-01-08 00:45:00,2025-01,2025-01-09
Step Index,buy,8367.8,0.1,2025-01-08 01:00:00,8348.3226,8407.0548,8407.0548,2025-01-09 04:30:00,take_profit,3.9254800000000616,2025-01-08 00:45:00,2025-01,2025-01-09
Step Index,buy,8367.8,0.1,2025-01-08 01:00:00,8348.3008,8407.098399999997,8407.098399999997,2025-01-09 04:30:00,take_profit,3.9298399999997855,2025-01-08 00:45:00,2025-01,2025-01-09
Step Index,buy,8371.6,0.1,2025-01-08 02:00:00,8354.742,8405.016,8405.016,2025-01-09 04:30:00,take_profit,3.341599999999926,2025-01-08 01:45:00,2025-01,2025-01-09
Step Index,buy,8371.6,0.1,2025-01-08 02:00:00,8354.7226,8405.054800000002,8405.054800000002,2025-01-09 04:30:00,take_profit,3.3454800000001343,2025-01-08 01:45:00,2025-01,2025-01-09
Step Index,buy,8371.6,0.1,2025-01-08 02:00:00,8354.7008,8405.098399999999,8405.098399999999,2025-01-09 04:30:00,take_profit,3.3498399999998583,2025-01-08 01:45:00,2025-01,2025-01-09
Step Index,buy,8373.6,0.1,2025-01-08 02:45:00,8356.942000000001,8407.216,8407.216,2025-01-09 04:30:00,take_profit,3.361599999999999,2025-01-08 02:30:00,2025-01,2025-01-09
Step Index,buy,8373.6,0.1,2025-01-08 02:45:00,8356.9226,8407.254800000002,8407.254800000002,2025-01-09 04:30:00,take_profit,3.365480000000207,2025-01-08 02:30:00,2025-01,2025-01-09
Step Index,buy,8373.6,0.1,2025-01-08 02:45:00,8356.900800000001,8407.2984,8407.2984,2025-01-09 04:30:00,take_profit,3.369839999999931,2025-01-08 02:30:00,2025-01,2025-01-09
Step Index,buy,8373.2,0.1,2025-01-08 03:15:00,8356.342,8406.616,8406.616,2025-01-09 04:30:00,take_profit,3.341599999999926,2025-01-08 03:00:00,2025-01,2025-01-09
Step Index,buy,8373.2,0.1,2025-01-08 03:15:00,8356.3226,8406.654800000002,8406.654800000002,2025-01-09 04:30:00,take_profit,3.3454800000001343,2025-01-08 03:00:00,2025-01,2025-01-09
Step Index,buy,8373.2,0.1,2025-01-08 03:15:00,8356.3008,8406.6984,8406.6984,2025-01-09 04:30:00,take_profit,3.3498399999998583,2025-01-08 03:00:00,2025-01,2025-01-09
Step Index,buy,8372.6,0.1,2025-01-08 17:45:00,8355.2226,8407.054800000002,8407.054800000002,2025-01-09 04:30:00,take_profit,3.4454800000001344,2025-01-08 17:30:00,2025-01,2025-01-09
Step Index,buy,8372.6,0.1,2025-01-08 17:45:00,8355.2008,8407.098399999999,8407.098399999999,2025-01-09 04:30:00,take_profit,3.4498399999998584,2025-01-08 17:30:00,2025-01,2025-01-09
Step Index,buy,8367.2,0.1,2025-01-08 19:45:00,8348.5226,8404.854799999997,8404.854799999997,2025-01-09 04:30:00,take_profit,3.7654799999996613,2025-01-08 19:30:00,2025-01,2025-01-09
Step Index,buy,8372.2,0.1,2025-01-08 03:30:00,8354.342,8407.616,8407.616,2025-01-09 08:45:00,take_profit,3.541599999999926,2025-01-08 03:15:00,2025-01,2025-01-09
Step Index,buy,8372.2,0.1,2025-01-08 03:30:00,8354.3226,8407.654800000002,8407.654800000002,2025-01-09 08:45:00,take_profit,3.5454800000001345,2025-01-08 03:15:00,2025-01,2025-01-09
Step Index,buy,8372.2,0.1,2025-01-08 03:30:00,8354.3008,8407.6984,8407.6984,2025-01-09 08:45:00,take_profit,3.5498399999998584,2025-01-08 03:15:00,2025-01,2025-01-09
Step Index,buy,8374.6,0.1,2025-01-08 20:45:00,8357.122599999999,8409.254800000002,8409.254800000002,2025-01-09 08:45:00,take_profit,3.4654800000002073,2025-01-08 20:30:00,2025-01,2025-01-09
Step Index,buy,8374.6,0.1,2025-01-08 20:45:00,8357.1008,8409.2984,8409.2984,2025-01-09 08:45:00,take_profit,3.469839999999931,2025-01-08 20:30:00,2025-01,2025-01-09
Step Index,buy,8370.4,0.1,2025-01-08 01:15:00,8350.342,8410.215999999997,8410.215999999997,2025-01-09 09:00:00,take_profit,3.9815999999997076,2025-01-08 01:00:00,2025-01,2025-01-09
Step Index,buy,8370.4,0.1,2025-01-08 01:15:00,8350.3226,8410.254799999999,8410.254799999999,2025-01-09 09:00:00,take_profit,3.985479999999916,2025-01-08 01:00:00,2025-01,2025-01-09
Step Index,buy,8370.4,0.1,2025-01-08 01:15:00,8350.3008,8410.298399999996,8410.298399999996,2025-01-09 09:00:00,take_profit,3.9898399999996403,2025-01-08 01:00:00,2025-01,2025-01-09
Step Index,buy,8374.2,0.1,2025-01-08 04:15:00,8356.242,8409.816,8409.816,2025-01-09 09:00:00,take_profit,3.5615999999999985,2025-01-08 04:00:00,2025-01,2025-01-09
Step Index,buy,8374.2,0.1,2025-01-08 04:15:00,8356.2226,8409.854800000003,8409.854800000003,2025-01-09 09:00:00,take_profit,3.565480000000207,2025-01-08 04:00:00,2025-01,2025-01-09
Step Index,buy,8374.2,0.1,2025-01-08 04:15:00,8356.2008,8409.8984,8409.8984,2025-01-09 09:00:00,take_profit,3.5698399999999313,2025-01-08 04:00:00,2025-01,2025-01-09
Step Index,buy,8373.8,0.1,2025-01-08 21:15:00,8355.3226,8410.454800000003,8410.454800000003,2025-01-09 09:00:00,take_profit,3.665480000000389,2025-01-08 21:00:00,2025-01,2025-01-09
Step Index,buy,8373.8,0.1,2025-01-08 21:15:00,8355.3008,8410.4984,8410.4984,2025-01-09 09:00:00,take_profit,3.669840000000113,2025-01-08 21:00:00,2025-01,2025-01-09
Step Index,buy,8371.4,0.1,2025-01-08 00:45:00,8350.242,8413.415999999997,8413.415999999997,2025-01-09 09:15:00,take_profit,4.201599999999781,2025-01-08 00:30:00,2025-01,2025-01-09
Step Index,buy,8371.4,0.1,2025-01-08 00:45:00,8350.2226,8413.4548,8413.4548,2025-01-09 09:15:00,take_profit,4.205479999999989,2025-01-08 00:30:00,2025-01,2025-01-09
Step Index,buy,8371.4,0.1,2025-01-08 00:45:00,8350.2008,8413.498399999997,8413.498399999997,2025-01-09 09:15:00,take_profit,4.209839999999713,2025-01-08 00:30:00,2025-01,2025-01-09
Step Index,buy,8376.4,0.1,2025-01-08 02:30:00,8357.642,8413.615999999998,8413.615999999998,2025-01-09 09:15:00,take_profit,3.721599999999853,2025-01-08 02:15:00,2025-01,2025-01-09
Step Index,buy,8376.4,0.1,2025-01-08 02:30:00,8357.622599999999,8413.6548,8413.6548,2025-01-09 09:15:00,take_profit,3.7254800000000614,2025-01-08 02:15:00,2025-01,2025-01-09
Step Index,buy,8376.4,0.1,2025-01-08 02:30:00,8357.6008,8413.698399999997,8413.698399999997,2025-01-09 09:15:00,take_profit,3.7298399999997858,2025-01-08 02:15:00,2025-01,2025-01-09
Step Index,buy,8374.8,0.1,2025-01-08 03:00:00,8354.942000000001,8414.216,8414.216,2025-01-09 09:15:00,take_profit,3.9416000000001077,2025-01-08 02:45:00,2025-01,2025-01-09
Step Index,buy,8374.8,0.1,2025-01-08 03:00:00,8354.9226,8414.254800000002,8414.254800000002,2025-01-09 09:15:00,take_profit,3.945480000000316,2025-01-08 02:45:00,2025-01,2025-01-09
Step Index,buy,8374.8,0.1,2025-01-08 03:00:00,8354.900800000001,8414.2984,8414.2984,2025-01-09 09:15:00,take_profit,3.9498400000000404,2025-01-08 02:45:00,2025-01,2025-01-09
Step Index,buy,8368.2,0.1,2025-01-08 19:30:00,8345.5226,8413.854799999997,8413.854799999997,2025-01-09 09:15:00,take_profit,4.565479999999662,2025-01-08 19:15:00,2025-01,2025-01-09
Step Index,buy,8375.0,0.1,2025-01-08 20:15:00,8355.622599999999,8413.454800000001,8413.454800000001,2025-01-09 09:15:00,take_profit,3.8454800000001343,2025-01-08 20:00:00,2025-01,2025-01-09
Step Index,buy,8375.0,0.1,2025-01-08 20:15:00,8355.6008,8413.498399999999,8413.498399999999,2025-01-09 09:15:00,take_profit,3.8498399999998583,2025-01-08 20:00:00,2025-01,2025-01-09
Step Index,buy,8373.8,0.1,2025-01-08 01:30:00,8352.842,8416.015999999998,8416.015999999998,2025-01-09 09:30:00,take_profit,4.221599999999853,2025-01-08 01:15:00,2025-01,2025-01-09
Step Index,buy,8373.8,0.1,2025-01-08 01:30:00,8352.8226,8416.0548,8416.0548,2025-01-09 09:30:00,take_profit,4.225480000000061,2025-01-08 01:15:00,2025-01,2025-01-09
Step Index,buy,8373.8,0.1,2025-01-08 01:30:00,8352.8008,8416.098399999997,8416.098399999997,2025-01-09 09:30:00,take_profit,4.229839999999785,2025-01-08 01:15:00,2025-01,2025-01-09
Step Index,buy,8376.0,0.1,2025-01-08 01:45:00,8356.142,8416.016000000001,8416.016000000001,2025-01-09 09:30:00,take_profit,4.001600000000145,2025-01-08 01:30:00,2025-01,2025-01-09
Step Index,buy,8376.0,0.1,2025-01-08 01:45:00,8356.122599999999,8416.054800000004,8416.054800000004,2025-01-09 09:30:00,take_profit,4.005480000000353,2025-01-08 01:30:00,2025-01,2025-01-09
Step Index,buy,8376.0,0.1,2025-01-08 01:45:00,8356.1008,8416.0984,8416.0984,2025-01-09 09:30:00,take_profit,4.009840000000077,2025-01-08 01:30:00,2025-01,2025-01-09
Step Index,buy,8374.8,0.1,2025-01-08 02:15:00,8354.842,8415.015999999998,8415.015999999998,2025-01-09 09:30:00,take_profit,4.021599999999853,2025-01-08 02:00:00,2025-01,2025-01-09
Step Index,buy,8374.8,0.1,2025-01-08 02:15:00,8354.8226,8415.0548,8415.0548,2025-01-09 09:30:00,take_profit,4.025480000000061,2025-01-08 02:00:00,2025-01,2025-01-09
Step Index,buy,8374.8,0.1,2025-01-08 02:15:00,8354.8008,8415.098399999997,8415.098399999997,2025-01-09 09:30:00,take_profit,4.029839999999786,2025-01-08 02:00:00,2025-01,2025-01-09
Step Index,buy,8376.2,0.1,2025-01-08 20:30:00,8356.622599999999,8415.054800000004,8415.054800000004,2025-01-09 09:30:00,take_profit,3.88548000000028,2025-01-08 20:15:00,2025-01,2025-01-09
Step Index,buy,8376.2,0.1,2025-01-08 20:30:00,8356.6008,8415.0984,8415.0984,2025-01-09 09:30:00,take_profit,3.889840000000004,2025-01-08 20:15:00,2025-01,2025-01-09
Step Index,buy,8376.2,0.1,2025-01-08 21:30:00,8355.7226,8416.854800000003,8416.854800000003,2025-01-09 09:30:00,take_profit,4.065480000000207,2025-01-08 21:15:00,2025-01,2025-01-09
Step Index,buy,8376.2,0.1,2025-01-08 21:30:00,8355.7008,8416.8984,8416.8984,2025-01-09 09:30:00,take_profit,4.069839999999931,2025-01-08 21:15:00,2025-01,2025-01-09
Step Index,buy,8377.0,0.1,2025-01-08 04:00:00,8355.242,8420.215999999999,8420.215999999999,2025-01-09 10:15:00,take_profit,4.321599999999854,2025-01-08 03:45:00,2025-01,2025-01-09
Step Index,buy,8377.0,0.1,2025-01-08 04:00:00,8355.2226,8420.2548,8420.2548,2025-01-09 10:15:00,take_profit,4.325480000000062,2025-01-08 03:45:00,2025-01,2025-01-09
Step Index,buy,8377.0,0.1,2025-01-08 04:00:00,8355.2008,8420.298399999998,8420.298399999998,2025-01-09 10:15:00,take_profit,4.329839999999786,2025-01-08 03:45:00,2025-01,2025-01-09
Step Index,buy,8373.2,0.1,2025-01-08 20:00:00,8350.2226,8418.854800000003,8418.854800000003,2025-01-09 10:15:00,take_profit,4.565480000000207,2025-01-08 19:45:00,2025-01,2025-01-09
Step Index,buy,8373.2,0.1,2025-01-08 20:00:00,8350.2008,8418.8984,8418.8984,2025-01-09 10:15:00,take_profit,4.569839999999931,2025-01-08 19:45:00,2025-01,2025-01-09
Step Index,buy,8377.6,0.1,2025-01-08 21:00:00,8356.0226,8420.4548,8420.4548,2025-01-09 10:15:00,take_profit,4.285479999999916,2025-01-08 20:45:00,2025-01,2025-01-09
Step Index,buy,8377.6,0.1,2025-01-08 21:00:00,8356.000800000002,8420.498399999997,8420.498399999997,2025-01-09 10:15:00,take_profit,4.28983999999964,2025-01-08 20:45:00,2025-01,2025-01-09
Step Index,buy,8379.6,0.1,2025-01-08 21:45:00,8359.2226,8420.054800000002,8420.054800000002,2025-01-09 10:15:00,take_profit,4.0454800000001345,2025-01-08 21:30:00,2025-01,2025-01-09
Step Index,buy,8379.6,0.1,2025-01-08 21:45:00,8359.2008,8420.098399999999,8420.098399999999,2025-01-09 10:15:00,take_profit,4.049839999999858,2025-01-08 21:30:00,2025-01,2025-01-09
Step Index,buy,8389.2,0.1,2025-01-08 23:00:00,8371.3226,8424.654800000002,8424.654800000002,2025-01-09 10:45:00,take_profit,3.5454800000001345,2025-01-08 22:45:00,2025-01,2025-01-09
Step Index,buy,8389.2,0.1,2025-01-08 23:00:00,8371.3008,8424.6984,8424.6984,2025-01-09 10:45:00,take_profit,3.5498399999998584,2025-01-08 22:45:00,2025-01,2025-01-09
Step Index,buy,8383.8,0.1,2025-01-08 22:00:00,8362.3226,8426.454800000003,8426.454800000003,2025-01-09 11:00:00,take_profit,4.265480000000389,2025-01-08 21:45:00,2025-01,2025-01-09
Step Index,buy,8383.8,0.1,2025-01-08 22:00:00,8362.3008,8426.4984,8426.4984,2025-01-09 11:00:00,take_profit,4.269840000000113,2025-01-08 21:45:00,2025-01,2025-01-09
Step Index,buy,8389.8,0.1,2025-01-08 22:45:00,8371.622599999999,8426.454800000001,8426.454800000001,2025-01-09 11:00:00,take_profit,3.665480000000207,2025-01-08 22:30:00,2025-01,2025-01-09
Step Index,buy,8389.8,0.1,2025-01-08 22:45:00,8371.6008,8426.498399999999,8426.498399999999,2025-01-09 11:00:00,take_profit,3.6698399999999314,2025-01-08 22:30:00,2025-01,2025-01-09
Step Index,buy,8391.4,0.1,2025-01-08 23:30:00,8373.900800000001,8426.098399999995,8426.098399999995,2025-01-09 11:00:00,take_profit,3.4698399999995675,2025-01-08 23:15:00,2025-01,2025-01-09
Step Index,buy,8398.2,0.1,2025-01-09 00:30:00,8378.3008,8437.6984,8378.3008,2025-01-09 16:15:00,stop_loss,-1.9899199999999837,2025-01-09 00:15:00,2025-01,2025-01-09
Step Index,buy,8395.8,0.1,2025-01-09 00:45:00,8377.900800000001,8431.2984,8377.900800000001,2025-01-09 16:15:00,stop_loss,-1.789919999999802,2025-01-09 00:30:00,2025-01,2025-01-09
Step Index,buy,8396.6,0.1,2025-01-09 01:15:00,8378.3008,8433.4984,8378.3008,2025-01-09 16:15:00,stop_loss,-1.8299199999999474,2025-01-09 01:00:00,2025-01,2025-01-09
Step Index,buy,8397.0,0.1,2025-01-09 01:45:00,8377.7008,8435.298399999998,8377.7008,2025-01-09 16:15:00,stop_loss,-1.9299199999999475,2025-01-09 01:30:00,2025-01,2025-01-09
Step Index,buy,8396.0,0.1,2025-01-09 02:00:00,8378.1008,8432.0984,8378.1008,2025-01-09 16:15:00,stop_loss,-1.7899199999999837,2025-01-09 01:45:00,2025-01,2025-01-09
Step Index,buy,8399.2,0.1,2025-01-09 03:15:00,8379.400800000001,8439.098399999995,8379.400800000001,2025-01-09 16:15:00,stop_loss,-1.9799199999999475,2025-01-09 03:00:00,2025-01,2025-01-09
Step Index,buy,8397.2,0.1,2025-01-09 03:30:00,8377.900800000001,8436.098399999995,8377.900800000001,2025-01-09 16:15:00,stop_loss,-1.9299199999999475,2025-01-09 03:15:00,2025-01,2025-01-09
Step Index,buy,8396.0,0.1,2025-01-09 03:45:00,8378.1008,8432.0984,8378.1008,2025-01-09 16:15:00,stop_loss,-1.7899199999999837,2025-01-09 03:30:00,2025-01,2025-01-09
Step Index,buy,8402.4,0.1,2025-01-09 04:45:00,8385.7008,8436.098399999999,8385.7008,2025-01-09 16:15:00,stop_loss,-1.669919999999911,2025-01-09 04:30:00,2025-01,2025-01-09
Step Index,buy,8393.4,0.1,2025-01-09 00:00:00,8375.500800000002,8428.898399999995,8375.500800000002,2025-01-09 16:30:00,stop_loss,-1.789919999999802,2025-01-08 23:45:00,2025-01,2025-01-09
Step Index,buy,8395.6,0.1,2025-01-09 00:15:00,8375.900800000001,8434.698399999997,8375.900800000001,2025-01-09 16:30:00,stop_loss,-1.969919999999911,2025-01-09 00:00:00,2025-01,2025-01-09
Step Index,buy,8395.2,0.1,2025-01-09 01:30:00,8377.2008,8431.498399999997,8377.2008,2025-01-09 16:30:00,stop_loss,-1.7999200000000202,2025-01-09 01:15:00,2025-01,2025-01-09
Step Index,buy,8395.0,0.1,2025-01-09 02:15:00,8375.7008,8433.8984,8375.7008,2025-01-09 16:30:00,stop_loss,-1.9299199999999475,2025-01-09 02:00:00,2025-01,2025-01-09
Step Index,buy,8394.8,0.1,2025-01-09 02:30:00,8376.1008,8432.498399999999,8376.1008,2025-01-09 16:30:00,stop_loss,-1.869919999999911,2025-01-09 02:15:00,2025-01,2025-01-09
Step Index,buy,8391.0,0.1,2025-01-08 22:30:00,8371.7226,8429.2548,8371.7226,2025-01-09 17:45:00,stop_loss,-1.9277400000000853,2025-01-08 22:15:00,2025-01,2025-01-09
Step Index,buy,8391.0,0.1,2025-01-08 22:30:00,8371.7008,8429.298399999998,8371.7008,2025-01-09 17:45:00,stop_loss,-1.9299199999999475,2025-01-08 22:15:00,2025-01,2025-01-09
Step Index,buy,8392.6,0.1,2025-01-08 23:15:00,8371.7008,8434.098399999999,8371.7008,2025-01-09 17:45:00,stop_loss,-2.089919999999984,2025-01-08 23:00:00,2025-01,2025-01-09
Step Index,buy,8393.2,0.1,2025-01-08 23:45:00,8371.1008,8437.0984,8371.1008,2025-01-09 18:00:00,stop_loss,-2.2099200000000567,2025-01-08 23:30:00,2025-01,2025-01-09
Step Index,buy,8388.4,0.1,2025-01-08 22:15:00,8366.8226,8431.254799999999,8366.8226,2025-01-09 18:15:00,stop_loss,-2.1577400000000124,2025-01-08 22:00:00,2025-01,2025-01-09
Step Index,buy,8388.4,0.1,2025-01-08 22:15:00,8366.8008,8431.298399999996,8366.8008,2025-01-09 18:15:00,stop_loss,-2.159919999999875,2025-01-08 22:00:00,2025-01,2025-01-09
BTCUSD,buy,93653.738,0.05,2025-01-10 04:00:00,93169.49478571428,94622.22442857143,94622.22442857143,2025-01-10 07:30:00,take_profit,48.424321428571425,2025-01-10 03:45:00,2025-01,2025-01-10
BTCUSD,buy,93791.638,0.05,2025-01-10 05:00:00,93330.8365,94713.24100000001,94713.24100000001,2025-01-10 07:30:00,take_profit,46.080150000000145,2025-01-10 04:45:00,2025-01,2025-01-10
BTCUSD,buy,94059.738,0.05,2025-01-10 05:45:00,93486.23285714287,95206.74828571426,95206.74828571426,2025-01-10 10:45:00,take_profit,57.350514285713146,2025-01-10 05:30:00,2025-01,2025-01-10
BTCUSD,buy,94206.438,0.05,2025-01-10 07:00:00,93764.81907142857,95089.67585714284,95089.67585714284,2025-01-10 10:45:00,take_profit,44.161892857142085,2025-01-10 06:45:00,2025-01,2025-01-10
BTCUSD,buy,94767.338,0.05,2025-01-10 07:45:00,93938.02035714286,96425.9732857143,93938.02035714286,2025-01-10 13:30:00,stop_loss,-41.4658821428573,2025-01-10 07:30:00,2025-01,2025-01-10
BTCUSD,buy,94694.638,0.05,2025-01-10 08:15:00,94026.32178571429,96031.27042857144,94026.32178571429,2025-01-10 13:30:00,stop_loss,-33.41581071428591,2025-01-10 08:00:00,2025-01,2025-01-10
BTCUSD,buy,94631.238,0.05,2025-01-10 09:00:00,94088.44857142858,95716.81685714283,94088.44857142858,2025-01-10 13:30:00,stop_loss,-27.139471428570687,2025-01-10 08:45:00,2025-01,2025-01-10
BTCUSD,buy,94898.338,0.05,2025-01-10 10:15:00,94443.41628571428,95808.18142857145,94443.41628571428,2025-01-10 13:30:00,stop_loss,-22.746085714286167,2025-01-10 10:00:00,2025-01,2025-01-10
BTCUSD,buy,94917.902,0.05,2025-01-10 10:45:00,94421.66007142857,95910.25985714285,94421.66007142857,2025-01-10 13:30:00,stop_loss,-24.812096428571387,2025-01-10 10:30:00,2025-01,2025-01-10
BTCUSD,buy,95158.838,0.05,2025-01-10 11:00:00,94566.43864285715,96343.63671428572,94566.43864285715,2025-01-10 13:30:00,stop_loss,-29.61996785714291,2025-01-10 10:45:00,2025-01,2025-01-10
BTCUSD,buy,95029.238,0.05,2025-01-10 12:00:00,94573.78664285713,95940.14071428574,94573.78664285713,2025-01-10 13:30:00,stop_loss,-22.772567857143443,2025-01-10 11:45:00,2025-01,2025-01-10
BTCUSD,buy,94978.738,0.05,2025-01-10 13:00:00,94494.48514285714,95947.24371428571,94494.48514285714,2025-01-10 13:30:00,stop_loss,-24.212642857142782,2025-01-10 12:45:00,2025-01,2025-01-10
Range Break 200 Index,sell,100579.0,0.05,2025-01-10 17:15:00,100783.64,100166.72,100166.72,2025-01-10 17:45:00,take_profit,20.613999999999944,2025-01-10 17:00:00,2025-01,2025-01-10
Volatility 10 Index,sell,6472.694,0.3,2025-01-10 19:30:00,6483.141428571428,6451.565142857144,6451.565142857144,2025-01-10 20:15:00,take_profit,6.338657142857028,2025-01-10 19:15:00,2025-01,2025-01-10
Volatility 10 Index,sell,6471.529,0.3,2025-01-10 18:15:00,6483.431857142858,6448.725285714286,6448.725285714286,2025-01-10 20:30:00,take_profit,6.841114285714411,2025-01-10 18:00:00,2025-01,2025-01-10
Volatility 10 Index,sell,6458.213,0.3,2025-01-10 20:15:00,6475.4982119999995,6423.993576000001,6423.993576000001,2025-01-11 00:30:00,take_profit,10.265827199999693,2025-01-10 20:00:00,2025-01,2025-01-11
Volatility 10 Index,sell,6446.383,0.3,2025-01-10 21:15:00,6460.432212,6418.3355759999995,6418.3355759999995,2025-01-11 00:45:00,take_profit,8.414227200000095,2025-01-10 21:00:00,2025-01,2025-01-11
Volatility 10 Index,sell,6446.934,0.3,2025-01-10 21:30:00,6461.879212,6417.1215760000005,6417.1215760000005,2025-01-11 00:45:00,take_profit,8.943727199999921,2025-01-10 21:15:00,2025-01,2025-01-11
Volatility 10 Index,sell,6441.846,0.3,2025-01-10 22:00:00,6460.754212,6403.069576,6403.069576,2025-01-11 04:00:00,take_profit,11.632927199999903,2025-01-10 21:45:00,2025-01,2025-01-11
Volatility 10 Index,sell,6429.845,0.3,2025-01-10 23:30:00,6444.319211999999,6401.394576000002,6401.394576000002,2025-01-11 04:00:00,take_profit,8.535127199999351,2025-01-10 23:15:00,2025-01,2025-01-11
Volatility 10 Index,sell,6431.74,0.3,2025-01-10 23:45:00,6446.4492119999995,6402.513576000001,6402.513576000001,2025-01-11 04:00:00,take_profit,8.767927199999576,2025-01-10 23:30:00,2025-01,2025-01-11
BTCUSD,buy,94370.038,0.05,2025-01-11 03:00:00,94050.80364285715,95008.5067142857,94050.80364285715,2025-01-11 04:15:00,stop_loss,-15.961717857142503,2025-01-11 02:45:00,2025-01,2025-01-11
Volatility 10 Index,sell,6402.709,0.3,2025-01-11 04:15:00,6417.671211999999,6373.486576000002,6417.671211999999,2025-01-11 04:30:00,stop_loss,-4.488663599999836,2025-01-11 04:00:00,2025-01,2025-01-11
Volatility 10 Index,sell,6408.258,0.3,2025-01-11 03:45:00,6423.768212,6377.462575999999,6423.768212,2025-01-11 06:00:00,stop_loss,-4.653063600000041,2025-01-11 03:30:00,2025-01,2025-01-11
Range Break 200 Index,sell,100507.0,0.05,2025-01-10 11:15:00,100715.64,100086.72,100086.72,2025-01-11 06:45:00,take_profit,21.013999999999943,2025-01-10 11:00:00,2025-01,2025-01-11
Range Break 200 Index,sell,100507.0,0.05,2025-01-10 12:00:00,100715.64,100086.72,100086.72,2025-01-11 06:45:00,take_profit,21.013999999999943,2025-01-10 11:45:00,2025-01,2025-01-11
Range Break 200 Index,sell,100501.0,0.05,2025-01-10 12:15:00,100709.64,100080.72,100080.72,2025-01-11 06:45:00,take_profit,21.013999999999943,2025-01-10 12:00:00,2025-01,2025-01-11
Range Break 200 Index,sell,100507.0,0.05,2025-01-10 12:30:00,100715.64,100092.72,100092.72,2025-01-11 06:45:00,take_profit,20.713999999999942,2025-01-10 12:15:00,2025-01,2025-01-11
Range Break 200 Index,sell,100513.0,0.05,2025-01-10 13:15:00,100715.64,100104.72,100104.72,2025-01-11 06:45:00,take_profit,20.413999999999945,2025-01-10 13:00:00,2025-01,2025-01-11
Range Break 200 Index,sell,100509.0,0.05,2025-01-10 14:00:00,100715.64,100098.72,100098.72,2025-01-11 06:45:00,take_profit,20.513999999999943,2025-01-10 13:45:00,2025-01,2025-01-11
Range Break 200 Index,sell,100589.0,0.05,2025-01-10 14:15:00,100818.64,100132.72,100132.72,2025-01-11 06:45:00,take_profit,22.813999999999943,2025-01-10 14:00:00,2025-01,2025-01-11
Range Break 200 Index,sell,100581.0,0.05,2025-01-10 14:45:00,100808.64,100122.72,100122.72,2025-01-11 06:45:00,take_profit,22.913999999999945,2025-01-10 14:30:00,2025-01,2025-01-11
Range Break 200 Index,sell,100577.0,0.05,2025-01-10 15:00:00,100798.64,100136.72,100136.72,2025-01-11 06:45:00,take_profit,22.013999999999943,2025-01-10 14:45:00,2025-01,2025-01-11
Range Break 200 Index,sell,100545.0,0.05,2025-01-10 15:30:00,100760.64,100116.72,100116.72,2025-01-11 06:45:00,take_profit,21.413999999999945,2025-01-10 15:15:00,2025-01,2025-01-11
Range Break 200 Index,sell,100563.0,0.05,2025-01-10 15:45:00,100778.64,100134.72,100134.72,2025-01-11 06:45:00,take_profit,21.413999999999945,2025-01-10 15:30:00,2025-01,2025-01-11
Range Break 200 Index,sell,100539.0,0.05,2025-01-10 16:00:00,100766.64,100086.72,100086.72,2025-01-11 06:45:00,take_profit,22.613999999999944,2025-01-10 15:45:00,2025-01,2025-01-11
Range Break 200 Index,sell,100537.0,0.05,2025-01-10 16:15:00,100763.64,100080.72,100080.72,2025-01-11 06:45:00,take_profit,22.813999999999943,2025-01-10 16:00:00,2025-01,2025-01-11
Range Break 200 Index,sell,100529.0,0.05,2025-01-10 16:30:00,100754.64,100080.72,100080.72,2025-01-11 06:45:00,take_profit,22.413999999999945,2025-01-10 16:15:00,2025-01,2025-01-11
Range Break 200 Index,sell,100555.0,0.05,2025-01-10 16:45:00,100760.64,100146.72,100146.72,2025-01-11 06:45:00,take_profit,20.413999999999945,2025-01-10 16:30:00,2025-01,2025-01-11
Range Break 200 Index,sell,100563.0,0.05,2025-01-10 17:30:00,100799.64,100092.72,100092.72,2025-01-11 06:45:00,take_profit,23.513999999999943,2025-01-10 17:15:00,2025-01,2025-01-11
Volatility 10 Index,sell,6411.993,0.3,2025-01-11 04:30:00,6425.064211999999,6386.189576000001,6425.064211999999,2025-01-11 06:45:00,stop_loss,-3.9213635999996765,2025-01-11 04:15:00,2025-01,2025-01-11
Step Index,sell,8387.6,0.1,2025-01-11 05:30:00,8405.1276,8352.844800000003,8405.1276,2025-01-11 07:00:00,stop_loss,-1.752759999999944,2025-01-11 05:15:00,2025-01,2025-01-11
Volatility 10 Index,sell,6410.494,0.3,2025-01-11 03:30:00,6430.251211999999,6371.534576000002,6430.251211999999,2025-01-11 07:15:00,stop_loss,-5.927163599999858,2025-01-11 03:15:00,2025-01,2025-01-11
Volatility 10 Index,sell,6415.457,0.3,2025-01-11 05:30:00,6429.386211999999,6386.632576000002,6429.386211999999,2025-01-11 07:15:00,stop_loss,-4.178763599999729,2025-01-11 05:15:00,2025-01,2025-01-11
Volatility 10 Index,sell,6412.619,0.3,2025-01-11 05:45:00,6428.570212,6380.512576000002,6428.570212,2025-01-11 07:15:00,stop_loss,-4.785363599999982,2025-01-11 05:30:00,2025-01,2025-01-11
Volatility 10 Index,sell,6418.444,0.3,2025-01-11 01:15:00,6431.401212,6392.526576000001,6431.401212,2025-01-11 07:30:00,stop_loss,-3.8871635999998033,2025-01-11 01:00:00,2025-01,2025-01-11
Volatility 10 Index,sell,6420.283,0.3,2025-01-11 02:45:00,6433.340211999999,6394.348576000001,6433.340211999999,2025-01-11 07:30:00,stop_loss,-3.9171635999996397,2025-01-11 02:30:00,2025-01,2025-01-11
Volatility 10 Index,sell,6415.673,0.3,2025-01-11 03:15:00,6433.237212,6381.489576000001,6433.237212,2025-01-11 07:30:00,stop_loss,-5.269263600000067,2025-01-11 03:00:00,2025-01,2025-01-11
Volatility 10 Index,sell,6417.967,0.3,2025-01-11 04:45:00,6431.553212,6390.7465760000005,6431.553212,2025-01-11 07:30:00,stop_loss,-4.075863600000048,2025-01-11 04:30:00,2025-01,2025-01-11
Volatility 10 Index,sell,6416.267,0.3,2025-01-11 05:15:00,6432.920212,6383.512576,6432.920212,2025-01-11 07:30:00,stop_loss,-4.99596360000005,2025-01-11 05:00:00,2025-01,2025-01-11
Volatility 10 Index,sell,6419.053,0.3,2025-01-11 06:00:00,6433.6992119999995,6389.745576,6433.6992119999995,2025-01-11 07:30:00,stop_loss,-4.393863599999895,2025-01-11 05:45:00,2025-01,2025-01-11
Volatility 10 Index,sell,6416.301,0.3,2025-01-11 01:00:00,6435.205212,6378.0005759999995,6435.205212,2025-01-11 08:00:00,stop_loss,-5.671263599999838,2025-01-11 00:45:00,2025-01,2025-01-11
Volatility 10 Index,sell,6423.24,0.3,2025-01-11 01:30:00,6436.207211999999,6396.852576000001,6436.207211999999,2025-01-11 08:00:00,stop_loss,-3.8901635999998687,2025-01-11 01:15:00,2025-01,2025-01-11
Volatility 10 Index,sell,6422.924,0.3,2025-01-11 02:00:00,6437.103212,6395.111575999999,6437.103212,2025-01-11 08:00:00,stop_loss,-4.253763600000002,2025-01-11 01:45:00,2025-01,2025-01-11
Volatility 10 Index,sell,6420.141,0.3,2025-01-11 03:00:00,6435.003212,6390.512576,6435.003212,2025-01-11 08:00:00,stop_loss,-4.4586635999999995,2025-01-11 02:45:00,2025-01,2025-01-11
Volatility 10 Index,sell,6418.505,0.3,2025-01-11 05:00:00,6435.195212,6385.751576000001,6435.195212,2025-01-11 08:00:00,stop_loss,-5.007063599999856,2025-01-11 04:45:00,2025-01,2025-01-11
Range Break 200 Index,sell,100190.0,0.05,2025-01-10 18:30:00,100406.64,99759.72,100406.64,2025-01-11 08:15:00,stop_loss,-10.831999999999972,2025-01-10 18:15:00,2025-01,2025-01-11
Range Break 200 Index,sell,100200.0,0.05,2025-01-10 19:15:00,100407.64,99787.72,100407.64,2025-01-11 08:15:00,stop_loss,-10.381999999999971,2025-01-10 19:00:00,2025-01,2025-01-11
Range Break 200 Index,sell,100190.0,0.05,2025-01-10 19:45:00,100410.64,99745.72,100410.64,2025-01-11 08:15:00,stop_loss,-11.031999999999972,2025-01-10 19:30:00,2025-01,2025-01-11
Range Break 200 Index,sell,100180.0,0.05,2025-01-10 20:00:00,100400.64,99741.72,100400.64,2025-01-11 08:15:00,stop_loss,-11.031999999999972,2025-01-10 19:45:00,2025-01,2025-01-11
Range Break 200 Index,sell,100196.0,0.05,2025-01-10 20:15:00,100414.64,99755.72,100414.64,2025-01-11 08:15:00,stop_loss,-10.931999999999972,2025-01-10 20:00:00,2025-01,2025-01-11
Range Break 200 Index,sell,100216.0,0.05,2025-01-10 20:45:00,100427.64,99795.72,100427.64,2025-01-11 08:15:00,stop_loss,-10.581999999999972,2025-01-10 20:30:00,2025-01,2025-01-11
Range Break 200 Index,sell,100186.0,0.05,2025-01-10 21:15:00,100398.64,99757.72,100398.64,2025-01-11 08:15:00,stop_loss,-10.631999999999971,2025-01-10 21:00:00,2025-01,2025-01-11
Range Break 200 Index,sell,100206.0,0.05,2025-01-10 21:30:00,100416.64,99787.72,100416.64,2025-01-11 08:15:00,stop_loss,-10.531999999999972,2025-01-10 21:15:00,2025-01,2025-01-11
Range Break 200 Index,sell,100184.0,0.05,2025-01-10 21:45:00,100411.64,99725.72,100411.64,2025-01-11 08:15:00,stop_loss,-11.381999999999971,2025-01-10 21:30:00,2025-01,2025-01-11
Range Break 200 Index,sell,100200.0,0.05,2025-01-10 22:00:00,100421.64,99759.72,100421.64,2025-01-11 08:15:00,stop_loss,-11.081999999999972,2025-01-10 21:45:00,2025-01,2025-01-11
Range Break 200 Index,sell,100196.0,0.05,2025-01-10 22:15:00,100430.64,99729.72,100430.64,2025-01-11 08:15:00,stop_loss,-11.731999999999971,2025-01-10 22:00:00,2025-01,2025-01-11
Range Break 200 Index,sell,100226.0,0.05,2025-01-10 22:30:00,100430.64,99819.72,100430.64,2025-01-11 08:15:00,stop_loss,-10.231999999999971,2025-01-10 22:15:00,2025-01,2025-01-11
Range Break 200 Index,sell,100186.0,0.05,2025-01-10 23:00:00,100401.64,99751.72,100401.64,2025-01-11 08:15:00,stop_loss,-10.781999999999972,2025-01-10 22:45:00,2025-01,2025-01-11
Range Break 200 Index,sell,100192.0,0.05,2025-01-10 23:15:00,100399.64,99773.72,100399.64,2025-01-11 08:15:00,stop_loss,-10.381999999999971,2025-01-10 23:00:00,2025-01,2025-01-11
Range Break 200 Index,sell,100222.0,0.05,2025-01-10 23:30:00,100430.64,99807.72,100430.64,2025-01-11 08:15:00,stop_loss,-10.431999999999972,2025-01-10 23:15:00,2025-01,2025-01-11
Range Break 200 Index,sell,100192.0,0.05,2025-01-10 23:45:00,100430.64,99711.72,100430.64,2025-01-11 08:15:00,stop_loss,-11.931999999999972,2025-01-10 23:30:00,2025-01,2025-01-11
Range Break 200 Index,sell,100196.0,0.05,2025-01-11 00:00:00,100408.64,99773.72,100408.64,2025-01-11 08:15:00,stop_loss,-10.631999999999971,2025-01-10 23:45:00,2025-01,2025-01-11
Range Break 200 Index,sell,100182.0,0.05,2025-01-11 00:15:00,100408.64,99731.72,100408.64,2025-01-11 08:15:00,stop_loss,-11.331999999999972,2025-01-11 00:00:00,2025-01,2025-01-11
Range Break 200 Index,sell,100222.0,0.05,2025-01-11 00:30:00,100423.64,99815.72,100423.64,2025-01-11 08:15:00,stop_loss,-10.081999999999972,2025-01-11 00:15:00,2025-01,2025-01-11
Range Break 200 Index,sell,100196.0,0.05,2025-01-11 00:45:00,100430.64,99729.72,100430.64,2025-01-11 08:15:00,stop_loss,-11.731999999999971,2025-01-11 00:30:00,2025-01,2025-01-11
Volatility 10 Index,sell,6423.676,0.3,2025-01-11 01:45:00,6438.247211999999,6394.713576000001,6438.247211999999,2025-01-11 08:15:00,stop_loss,-4.371363599999676,2025-01-11 01:30:00,2025-01,2025-01-11
Range Break 200 Index,sell,100194.0,0.05,2025-01-11 05:15:00,100430.64,99723.72,100430.64,2025-01-11 08:15:00,stop_loss,-11.831999999999972,2025-01-11 05:00:00,2025-01,2025-01-11
Range Break 200 Index,sell,100184.0,0.05,2025-01-11 05:30:00,100406.64,99735.72,100406.64,2025-01-11 08:15:00,stop_loss,-11.131999999999971,2025-01-11 05:15:00,2025-01,2025-01-11
Range Break 200 Index,sell,100192.0,0.05,2025-01-11 05:45:00,100395.64,99781.72,100395.64,2025-01-11 08:15:00,stop_loss,-10.181999999999972,2025-01-11 05:30:00,2025-01,2025-01-11
Range Break 200 Index,sell,100226.0,0.05,2025-01-11 06:00:00,100430.64,99813.72,100430.64,2025-01-11 08:15:00,stop_loss,-10.231999999999971,2025-01-11 05:45:00,2025-01,2025-01-11
Range Break 200 Index,sell,100208.0,0.05,2025-01-11 06:15:00,100430.64,99759.72,100430.64,2025-01-11 08:15:00,stop_loss,-11.131999999999971,2025-01-11 06:00:00,2025-01,2025-01-11
Range Break 200 Index,sell,100184.0,0.05,2025-01-11 06:30:00,100423.64,99707.72,100423.64,2025-01-11 08:15:00,stop_loss,-11.981999999999971,2025-01-11 06:15:00,2025-01,2025-01-11
Range Break 200 Index,sell,100180.0,0.05,2025-01-11 06:45:00,100399.64,99743.72,100399.64,2025-01-11 08:15:00,stop_loss,-10.981999999999971,2025-01-11 06:30:00,2025-01,2025-01-11
Range Break 200 Index,sell,100079.0,0.05,2025-01-11 07:00:00,100398.64,99442.72,100398.64,2025-01-11 08:15:00,stop_loss,-15.981999999999971,2025-01-11 06:45:00,2025-01,2025-01-11
Range Break 200 Index,sell,100103.0,0.05,2025-01-11 07:15:00,100307.64,99690.72,100307.64,2025-01-11 08:15:00,stop_loss,-10.231999999999971,2025-01-11 07:00:00,2025-01,2025-01-11
Range Break 200 Index,sell,100121.0,0.05,2025-01-11 07:30:00,100331.64,99702.72,100331.64,2025-01-11 08:15:00,stop_loss,-10.531999999999972,2025-01-11 07:15:00,2025-01,2025-01-11
Range Break 200 Index,sell,100286.0,0.05,2025-01-11 07:45:00,100505.64,99849.72,100505.64,2025-01-11 08:15:00,stop_loss,-10.981999999999971,2025-01-11 07:30:00,2025-01,2025-01-11
Range Break 200 Index,sell,100300.0,0.05,2025-01-11 08:00:00,100505.64,99891.72,100505.64,2025-01-11 08:15:00,stop_loss,-10.281999999999972,2025-01-11 07:45:00,2025-01,2025-01-11
Range Break 200 Index,sell,100300.0,0.05,2025-01-11 08:15:00,100505.64,99891.72,100505.64,2025-01-11 08:15:00,stop_loss,-10.281999999999972,2025-01-11 08:00:00,2025-01,2025-01-11
BTCUSD,buy,94316.538,0.05,2025-01-11 06:00:00,94008.74632399999,94932.12135200002,94008.74632399999,2025-01-11 08:45:00,stop_loss,-15.389583800000402,2025-01-11 05:45:00,2025-01,2025-01-11
Volatility 10 Index,sell,6426.738,0.3,2025-01-10 23:15:00,6441.321212,6397.271576,6441.321212,2025-01-11 13:15:00,stop_loss,-4.374963599999864,2025-01-10 23:00:00,2025-01,2025-01-11
Volatility 10 Index,sell,6422.159,0.3,2025-01-11 00:45:00,6441.387212,6383.237576,6441.387212,2025-01-11 13:15:00,stop_loss,-5.768463599999995,2025-01-11 00:30:00,2025-01,2025-01-11
Volatility 10 Index,sell,6426.268,0.3,2025-01-11 09:30:00,6442.424212,6393.976575999999,6442.424212,2025-01-11 13:15:00,stop_loss,-4.846863599999961,2025-01-11 09:15:00,2025-01,2025-01-11
Volatility 10 Index,sell,6429.797,0.3,2025-01-11 10:00:00,6442.375212,6403.500576000001,6442.375212,2025-01-11 13:15:00,stop_loss,-3.7734636000001043,2025-01-11 09:45:00,2025-01,2025-01-11
BTCUSD,buy,94291.038,0.05,2025-01-11 14:15:00,94089.74632399999,94693.62135200002,94089.74632399999,2025-01-11 17:00:00,stop_loss,-10.0645838000004,2025-01-11 14:00:00,2025-01,2025-01-11
BTCUSD,buy,94343.838,0.05,2025-01-11 14:30:00,94076.316324,94878.88135200001,94076.316324,2025-01-11 17:00:00,stop_loss,-13.376083800000197,2025-01-11 14:15:00,2025-01,2025-01-11
BTCUSD,buy,94508.838,0.05,2025-01-11 14:45:00,94160.346324,95205.82135200001,94160.346324,2025-01-11 17:00:00,stop_loss,-17.424583800000256,2025-01-11 14:30:00,2025-01,2025-01-11
Volatility 10 Index,sell,6437.383,0.3,2025-01-11 11:30:00,6450.468212,6411.593576000001,6411.593576000001,2025-01-11 17:15:00,take_profit,7.736827199999606,2025-01-11 11:15:00,2025-01,2025-01-11
Step Index,sell,8395.8,0.1,2025-01-11 04:30:00,8414.4276,8358.2448,8414.4276,2025-01-11 18:15:00,stop_loss,-1.8627600000001623,2025-01-11 04:15:00,2025-01,2025-01-11
Step Index,sell,8394.4,0.1,2025-01-11 04:45:00,8414.027600000001,8354.844799999995,8414.027600000001,2025-01-11 18:15:00,stop_loss,-1.9627600000001622,2025-01-11 04:30:00,2025-01,2025-01-11
Step Index,sell,8393.2,0.1,2025-01-11 05:00:00,8411.2276,8357.444799999997,8411.2276,2025-01-11 18:15:00,stop_loss,-1.802759999999944,2025-01-11 04:45:00,2025-01,2025-01-11
Step Index,sell,8387.8,0.1,2025-01-11 05:15:00,8410.527600000001,8342.644799999996,8410.527600000001,2025-01-11 18:15:00,stop_loss,-2.2727600000001984,2025-01-11 05:00:00,2025-01,2025-01-11
Step Index,sell,8392.0,0.1,2025-01-11 05:45:00,8410.527600000001,8354.644799999996,8410.527600000001,2025-01-11 18:15:00,stop_loss,-1.8527600000001259,2025-01-11 05:30:00,2025-01,2025-01-11
Step Index,sell,8392.8,0.1,2025-01-11 06:00:00,8410.2276,8357.644800000002,8410.2276,2025-01-11 18:15:00,stop_loss,-1.7427600000000893,2025-01-11 05:45:00,2025-01,2025-01-11
Step Index,sell,8397.0,0.1,2025-01-11 06:15:00,8414.3276,8362.044799999998,8414.3276,2025-01-11 18:15:00,stop_loss,-1.7327600000000531,2025-01-11 06:00:00,2025-01,2025-01-11
Step Index,sell,8404.4,0.1,2025-01-11 07:30:00,8414.07142857143,8385.357142857141,8414.07142857143,2025-01-11 18:15:00,stop_loss,-0.9671428571429715,2025-01-11 07:15:00,2025-01,2025-01-11
Step Index,sell,8396.2,0.1,2025-01-11 04:15:00,8416.1276,8356.644799999998,8416.1276,2025-01-11 19:00:00,stop_loss,-1.9927599999999075,2025-01-11 04:00:00,2025-01,2025-01-11
Volatility 10 Index,sell,6434.919,0.3,2025-01-11 12:00:00,6448.273211999999,6407.973576000002,6407.973576000002,2025-01-11 20:15:00,take_profit,8.083627199999318,2025-01-11 11:45:00,2025-01,2025-01-11
Volatility 10 Index,sell,6437.544,0.3,2025-01-11 12:30:00,6452.484211999999,6407.405576,6407.405576,2025-01-11 20:15:00,take_profit,9.041527199999928,2025-01-11 12:15:00,2025-01,2025-01-11
Volatility 10 Index,sell,6432.367,0.3,2025-01-11 08:00:00,6447.107212,6402.388576,6402.388576,2025-01-11 20:30:00,take_profit,8.99352719999997,2025-01-11 07:45:00,2025-01,2025-01-11
Volatility 10 Index,sell,6434.595,0.3,2025-01-11 08:15:00,6450.683212,6401.863576,6401.863576,2025-01-11 20:30:00,take_profit,9.819427200000154,2025-01-11 08:00:00,2025-01,2025-01-11
Volatility 10 Index,sell,6435.824,0.3,2025-01-11 08:30:00,6451.5472119999995,6405.076576,6405.076576,2025-01-11 20:30:00,take_profit,9.224227199999769,2025-01-11 08:15:00,2025-01,2025-01-11
Volatility 10 Index,sell,6429.63,0.3,2025-01-11 10:15:00,6443.191212,6401.727576,6401.727576,2025-01-11 20:30:00,take_profit,8.370727199999964,2025-01-11 10:00:00,2025-01,2025-01-11
Volatility 10 Index,sell,6433.313,0.3,2025-01-11 11:15:00,6449.258212,6401.3625759999995,6401.3625759999995,2025-01-11 20:30:00,take_profit,9.58512720000017,2025-01-11 11:00:00,2025-01,2025-01-11
Volatility 10 Index,sell,6434.796,0.3,2025-01-11 11:45:00,6450.341211999999,6404.665576000001,6404.665576000001,2025-01-11 20:30:00,take_profit,9.039127199999712,2025-01-11 11:30:00,2025-01,2025-01-11
Volatility 10 Index,sell,6435.161,0.3,2025-01-11 12:15:00,6451.967212,6402.226576,6402.226576,2025-01-11 20:30:00,take_profit,9.88032720000001,2025-01-11 12:00:00,2025-01,2025-01-11
Volatility 10 Index,sell,6436.011,0.3,2025-01-11 12:45:00,6452.484211999999,6403.331576000002,6403.331576000002,2025-01-11 20:30:00,take_profit,9.803827199999432,2025-01-11 12:30:00,2025-01,2025-01-11
BTCUSD,buy,94162.938,0.05,2025-01-11 05:15:00,93774.56485714285,94939.68428571429,94939.68428571429,2025-01-11 21:45:00,take_profit,38.837314285714825,2025-01-11 05:00:00,2025-01,2025-01-11
BTCUSD,buy,94267.538,0.05,2025-01-11 05:45:00,93921.97732399999,94958.65935200002,94958.65935200002,2025-01-11 21:45:00,take_profit,34.55606760000082,2025-01-11 05:30:00,2025-01,2025-01-11
Volatility 10 Index,sell,6429.239,0.3,2025-01-11 00:15:00,6443.519211999999,6400.1805760000025,6400.1805760000025,2025-01-11 23:00:00,take_profit,8.71752719999913,2025-01-11 00:00:00,2025-01,2025-01-11
Volatility 10 Index,sell,6428.129,0.3,2025-01-11 00:30:00,6442.611212,6399.149576,6399.149576,2025-01-11 23:15:00,take_profit,8.693827200000031,2025-01-11 00:15:00,2025-01,2025-01-11
Range Break 200 Index,sell,100237.0,0.05,2025-01-11 10:00:00,100453.64,99800.72,100453.64,2025-01-11 23:45:00,stop_loss,-10.831999999999972,2025-01-11 09:45:00,2025-01,2025-01-11
Range Break 200 Index,sell,100249.0,0.05,2025-01-11 10:15:00,100454.64,99840.72,100454.64,2025-01-11 23:45:00,stop_loss,-10.281999999999972,2025-01-11 10:00:00,2025-01,2025-01-11
Range Break 200 Index,sell,100233.0,0.05,2025-01-11 10:30:00,100454.64,99786.72,100454.64,2025-01-11 23:45:00,stop_loss,-11.081999999999972,2025-01-11 10:15:00,2025-01,2025-01-11
Range Break 200 Index,sell,100243.0,0.05,2025-01-11 10:45:00,100454.64,99816.72,100454.64,2025-01-11 23:45:00,stop_loss,-10.581999999999972,2025-01-11 10:30:00,2025-01,2025-01-11
Range Break 200 Index,sell,100249.0,0.05,2025-01-11 11:00:00,100454.64,99834.72,100454.64,2025-01-11 23:45:00,stop_loss,-10.281999999999972,2025-01-11 10:45:00,2025-01,2025-01-11
Range Break 200 Index,sell,100235.0,0.05,2025-01-11 11:15:00,100454.64,99792.72,100454.64,2025-01-11 23:45:00,stop_loss,-10.981999999999971,2025-01-11 11:00:00,2025-01,2025-01-11
Range Break 200 Index,sell,100241.0,0.05,2025-01-11 11:30:00,100454.64,99810.72,100454.64,2025-01-11 23:45:00,stop_loss,-10.681999999999972,2025-01-11 11:15:00,2025-01,2025-01-11
Range Break 200 Index,sell,100233.0,0.05,2025-01-11 12:00:00,100454.64,99786.72,100454.64,2025-01-11 23:45:00,stop_loss,-11.081999999999972,2025-01-11 11:45:00,2025-01,2025-01-11
Range Break 200 Index,sell,100235.0,0.05,2025-01-11 12:15:00,100454.64,99798.72,100454.64,2025-01-11 23:45:00,stop_loss,-10.981999999999971,2025-01-11 12:00:00,2025-01,2025-01-11
Range Break 200 Index,sell,100330.0,0.05,2025-01-11 12:30:00,100534.64,99923.72,100534.64,2025-01-11 23:45:00,stop_loss,-10.231999999999971,2025-01-11 12:15:00,2025-01,2025-01-11
Range Break 200 Index,sell,100320.0,0.05,2025-01-11 12:45:00,100534.64,99893.72,100534.64,2025-01-11 23:45:00,stop_loss,-10.731999999999971,2025-01-11 12:30:00,2025-01,2025-01-11
Range Break 200 Index,sell,100292.0,0.05,2025-01-11 13:00:00,100534.64,99803.72,100534.64,2025-01-11 23:45:00,stop_loss,-12.131999999999971,2025-01-11 12:45:00,2025-01,2025-01-11
Range Break 200 Index,sell,100300.0,0.05,2025-01-11 13:15:00,100534.64,99827.72,100534.64,2025-01-11 23:45:00,stop_loss,-11.731999999999971,2025-01-11 13:00:00,2025-01,2025-01-11
Range Break 200 Index,sell,100322.0,0.05,2025-01-11 13:30:00,100534.64,99893.72,100534.64,2025-01-11 23:45:00,stop_loss,-10.631999999999971,2025-01-11 13:15:00,2025-01,2025-01-11
Range Break 200 Index,sell,100318.0,0.05,2025-01-11 13:45:00,100534.64,99881.72,100534.64,2025-01-11 23:45:00,stop_loss,-10.831999999999972,2025-01-11 13:30:00,2025-01,2025-01-11
Range Break 200 Index,sell,100314.0,0.05,2025-01-11 14:00:00,100534.64,99875.72,100534.64,2025-01-11 23:45:00,stop_loss,-11.031999999999972,2025-01-11 13:45:00,2025-01,2025-01-11
Range Break 200 Index,sell,100298.0,0.05,2025-01-11 14:15:00,100519.64,99851.72,100519.64,2025-01-11 23:45:00,stop_loss,-11.081999999999972,2025-01-11 14:00:00,2025-01,2025-01-11
Range Break 200 Index,sell,100292.0,0.05,2025-01-11 14:45:00,100533.64,99805.72,100533.64,2025-01-11 23:45:00,stop_loss,-12.081999999999972,2025-01-11 14:30:00,2025-01,2025-01-11
Range Break 200 Index,sell,100310.0,0.05,2025-01-11 15:00:00,100519.64,99893.72,100519.64,2025-01-11 23:45:00,stop_loss,-10.481999999999971,2025-01-11 14:45:00,2025-01,2025-01-11
Range Break 200 Index,sell,100320.0,0.05,2025-01-11 15:15:00,100534.64,99887.72,100534.64,2025-01-11 23:45:00,stop_loss,-10.731999999999971,2025-01-11 15:00:00,2025-01,2025-01-11
Range Break 200 Index,sell,100318.0,0.05,2025-01-11 15:30:00,100534.64,99887.72,100534.64,2025-01-11 23:45:00,stop_loss,-10.831999999999972,2025-01-11 15:15:00,2025-01,2025-01-11
Range Break 200 Index,sell,100288.0,0.05,2025-01-11 15:45:00,100526.64,99807.72,100526.64,2025-01-11 23:45:00,stop_loss,-11.931999999999972,2025-01-11 15:30:00,2025-01,2025-01-11
Range Break 200 Index,sell,100294.0,0.05,2025-01-11 16:00:00,100507.64,99863.72,100507.64,2025-01-11 23:45:00,stop_loss,-10.681999999999972,2025-01-11 15:45:00,2025-01,2025-01-11
Range Break 200 Index,sell,100312.0,0.05,2025-01-11 16:15:00,100520.64,99891.72,100520.64,2025-01-11 23:45:00,stop_loss,-10.431999999999972,2025-01-11 16:00:00,2025-01,2025-01-11
Range Break 200 Index,sell,100306.0,0.05,2025-01-11 16:30:00,100531.64,99857.72,100531.64,2025-01-11 23:45:00,stop_loss,-11.281999999999972,2025-01-11 16:15:00,2025-01,2025-01-11
Range Break 200 Index,sell,100332.0,0.05,2025-01-11 16:45:00,100534.64,99923.72,100534.64,2025-01-11 23:45:00,stop_loss,-10.131999999999971,2025-01-11 16:30:00,2025-01,2025-01-11
Range Break 200 Index,sell,100330.0,0.05,2025-01-11 17:00:00,100534.64,99923.72,100534.64,2025-01-11 23:45:00,stop_loss,-10.231999999999971,2025-01-11 16:45:00,2025-01,2025-01-11
Range Break 200 Index,sell,100306.0,0.05,2025-01-11 17:30:00,100511.64,99897.72,100511.64,2025-01-11 23:45:00,stop_loss,-10.281999999999972,2025-01-11 17:15:00,2025-01,2025-01-11
Range Break 200 Index,sell,100322.0,0.05,2025-01-11 17:45:00,100534.64,99893.72,100534.64,2025-01-11 23:45:00,stop_loss,-10.631999999999971,2025-01-11 17:30:00,2025-01,2025-01-11
Range Break 200 Index,sell,100288.0,0.05,2025-01-11 18:00:00,100534.64,99797.72,100534.64,2025-01-11 23:45:00,stop_loss,-12.331999999999972,2025-01-11 17:45:00,2025-01,2025-01-11
Range Break 200 Index,sell,100314.0,0.05,2025-01-11 18:15:00,100534.64,99875.72,100534.64,2025-01-11 23:45:00,stop_loss,-11.031999999999972,2025-01-11 18:00:00,2025-01,2025-01-11
Range Break 200 Index,sell,100495.0,0.05,2025-01-10 10:30:00,100715.64,100056.72,100715.64,2025-01-12 00:15:00,stop_loss,-11.031999999999972,2025-01-10 10:15:00,2025-01,2025-01-12
Range Break 200 Index,sell,100503.0,0.05,2025-01-10 11:00:00,100715.64,100074.72,100715.64,2025-01-12 00:15:00,stop_loss,-10.631999999999971,2025-01-10 10:45:00,2025-01,2025-01-12
Range Break 200 Index,sell,100501.0,0.05,2025-01-10 11:30:00,100715.64,100068.72,100715.64,2025-01-12 00:15:00,stop_loss,-10.731999999999971,2025-01-10 11:15:00,2025-01,2025-01-12
Range Break 200 Index,sell,100495.0,0.05,2025-01-10 11:45:00,100712.64,100056.72,100712.64,2025-01-12 00:15:00,stop_loss,-10.881999999999971,2025-01-10 11:30:00,2025-01,2025-01-12
Range Break 200 Index,sell,100495.0,0.05,2025-01-10 13:00:00,100715.64,100050.72,100715.64,2025-01-12 00:15:00,stop_loss,-11.031999999999972,2025-01-10 12:45:00,2025-01,2025-01-12
Range Break 200 Index,sell,100499.0,0.05,2025-01-10 13:30:00,100715.64,100062.72,100715.64,2025-01-12 00:15:00,stop_loss,-10.831999999999972,2025-01-10 13:15:00,2025-01,2025-01-12
Range Break 200 Index,sell,100483.0,0.05,2025-01-10 13:45:00,100704.64,100036.72,100704.64,2025-01-12 00:15:00,stop_loss,-11.081999999999972,2025-01-10 13:30:00,2025-01,2025-01-12
Range Break 200 Index,sell,100537.0,0.05,2025-01-10 15:15:00,100780.64,100052.72,100780.64,2025-01-12 00:15:00,stop_loss,-12.181999999999972,2025-01-10 15:00:00,2025-01,2025-01-12
Range Break 200 Index,sell,100539.0,0.05,2025-01-10 17:00:00,100776.64,100066.72,100776.64,2025-01-12 00:15:00,stop_loss,-11.881999999999971,2025-01-10 16:45:00,2025-01,2025-01-12
Range Break 200 Index,sell,100539.0,0.05,2025-01-10 17:45:00,100771.64,100070.72,100771.64,2025-01-12 00:15:00,stop_loss,-11.631999999999971,2025-01-10 17:30:00,2025-01,2025-01-12
Range Break 200 Index,sell,100178.0,0.05,2025-01-10 18:00:00,100746.64,99037.72,100746.64,2025-01-12 00:15:00,stop_loss,-28.431999999999974,2025-01-10 17:45:00,2025-01,2025-01-12
Range Break 200 Index,sell,100571.0,0.05,2025-01-11 08:30:00,100785.64,100144.72,100785.64,2025-01-12 00:15:00,stop_loss,-10.731999999999971,2025-01-11 08:15:00,2025-01,2025-01-12
Range Break 200 Index,sell,100581.0,0.05,2025-01-11 08:45:00,100785.64,100174.72,100785.64,2025-01-12 00:15:00,stop_loss,-10.231999999999971,2025-01-11 08:30:00,2025-01,2025-01-12
Range Break 200 Index,sell,100567.0,0.05,2025-01-11 09:00:00,100785.64,100126.72,100785.64,2025-01-12 00:15:00,stop_loss,-10.931999999999972,2025-01-11 08:45:00,2025-01,2025-01-12
Range Break 200 Index,sell,100243.0,0.05,2025-01-11 09:45:00,100765.64,99200.72,100765.64,2025-01-12 00:15:00,stop_loss,-26.131999999999973,2025-01-11 09:30:00,2025-01,2025-01-12
Volatility 10 Index,sell,6430.406,0.3,2025-01-11 10:30:00,6446.886211999999,6396.674576000002,6396.674576000002,2025-01-12 00:30:00,take_profit,10.119427199999336,2025-01-11 10:15:00,2025-01,2025-01-12
Volatility 10 Index,sell,6427.259,0.3,2025-01-11 09:45:00,6443.289212,6395.927576000002,6395.927576000002,2025-01-12 01:00:00,take_profit,9.399427199999446,2025-01-11 09:30:00,2025-01,2025-01-12
Volatility 10 Index,sell,6421.64,0.3,2025-01-11 18:30:00,6434.5742119999995,6395.699576000001,6395.699576000001,2025-01-12 01:00:00,take_profit,7.782127199999831,2025-01-11 18:15:00,2025-01,2025-01-12
Volatility 10 Index,sell,6422.437,0.3,2025-01-11 19:00:00,6436.309211999999,6394.413576000002,6394.413576000002,2025-01-12 01:00:00,take_profit,8.407027199999447,2025-01-11 18:45:00,2025-01,2025-01-12
Volatility 10 Index,sell,6394.87,0.3,2025-01-12 01:45:00,6409.840211999999,6364.194576000002,6409.840211999999,2025-01-12 03:15:00,stop_loss,-4.491063599999779,2025-01-12 01:30:00,2025-01,2025-01-12
Volatility 10 Index,sell,6395.739,0.3,2025-01-12 02:00:00,6410.776212,6366.090576000001,6410.776212,2025-01-12 03:15:00,stop_loss,-4.511163600000054,2025-01-12 01:45:00,2025-01,2025-01-12
Volatility 10 Index,sell,6395.329,0.3,2025-01-12 02:15:00,6409.313211999999,6367.8135760000005,6409.313211999999,2025-01-12 03:15:00,stop_loss,-4.195263599999817,2025-01-12 02:00:00,2025-01,2025-01-12
Volatility 10 Index,sell,6394.048,0.3,2025-01-12 02:30:00,6409.629212,6363.158576000001,6409.629212,2025-01-12 03:15:00,stop_loss,-4.674363600000015,2025-01-12 02:15:00,2025-01,2025-01-12
Volatility 10 Index,sell,6397.478,0.3,2025-01-12 02:45:00,6410.996211999999,6370.285576000003,6410.996211999999,2025-01-12 03:15:00,stop_loss,-4.055463599999712,2025-01-12 02:30:00,2025-01,2025-01-12
Volatility 10 Index,sell,6402.101,0.3,2025-01-11 23:30:00,6415.2882119999995,6376.413576000001,6415.2882119999995,2025-01-12 03:30:00,stop_loss,-3.956163599999945,2025-01-11 23:15:00,2025-01,2025-01-12
Volatility 10 Index,sell,6394.388,0.3,2025-01-12 01:15:00,6412.227212,6358.667576,6412.227212,2025-01-12 03:30:00,stop_loss,-5.351763599999958,2025-01-12 01:00:00,2025-01,2025-01-12
Volatility 10 Index,sell,6396.628,0.3,2025-01-12 01:30:00,6412.4802119999995,6365.091576000002,6412.4802119999995,2025-01-12 03:30:00,stop_loss,-4.755663599999934,2025-01-12 01:15:00,2025-01,2025-01-12
BTCUSD,buy,94575.538,0.05,2025-01-12 03:15:00,94362.520324,95001.573352,94362.520324,2025-01-12 03:30:00,stop_loss,-10.650883800000157,2025-01-12 03:00:00,2025-01,2025-01-12
Volatility 10 Index,sell,6403.812,0.3,2025-01-11 20:45:00,6418.461211999999,6374.189576000001,6418.461211999999,2025-01-12 03:45:00,stop_loss,-4.394763599999806,2025-01-11 20:30:00,2025-01,2025-01-12
Volatility 10 Index,sell,6402.293,0.3,2025-01-11 23:00:00,6416.232212,6374.501576000001,6416.232212,2025-01-12 03:45:00,stop_loss,-4.1817636000000675,2025-01-11 22:45:00,2025-01,2025-01-12
Volatility 10 Index,sell,6398.852,0.3,2025-01-12 00:15:00,6416.558212,6363.781576000001,6416.558212,2025-01-12 03:45:00,stop_loss,-5.311863600000015,2025-01-12 00:00:00,2025-01,2025-01-12
Volatility 10 Index,sell,6397.855,0.3,2025-01-12 00:45:00,6416.750212,6359.761576,6416.750212,2025-01-12 03:45:00,stop_loss,-5.668563600000106,2025-01-12 00:30:00,2025-01,2025-01-12
Volatility 10 Index,sell,6403.373,0.3,2025-01-12 03:00:00,6416.533211999999,6377.481576,6416.533211999999,2025-01-12 03:45:00,stop_loss,-3.948063599999932,2025-01-12 02:45:00,2025-01,2025-01-12
Volatility 10 Index,sell,6404.69,0.3,2025-01-12 03:15:00,6418.760211999999,6376.288576000002,6418.760211999999,2025-01-12 03:45:00,stop_loss,-4.221063599999888,2025-01-12 03:00:00,2025-01,2025-01-12
Volatility 10 Index,sell,6406.921,0.3,2025-01-11 21:00:00,6421.013212,6378.328576,6421.013212,2025-01-12 04:00:00,stop_loss,-4.227663599999869,2025-01-11 20:45:00,2025-01,2025-01-12
Volatility 10 Index,sell,6408.84,0.3,2025-01-11 22:00:00,6421.958212,6382.402576000001,6421.958212,2025-01-12 04:00:00,stop_loss,-3.935463599999821,2025-01-11 21:45:00,2025-01,2025-01-12
Volatility 10 Index,sell,6402.549,0.3,2025-01-11 22:45:00,6421.611212,6363.1345759999995,6421.611212,2025-01-12 04:00:00,stop_loss,-5.718663599999945,2025-01-11 22:30:00,2025-01,2025-01-12
Step Index,sell,8398.0,0.1,2025-01-12 04:00:00,8407.271428571428,8379.157142857142,8407.271428571428,2025-01-12 04:45:00,stop_loss,-0.927142857142826,2025-01-12 03:45:00,2025-01,2025-01-12
Step Index,sell,8398.0,0.1,2025-01-12 04:00:00,8407.271428571428,8379.157142857142,8407.271428571428,2025-01-12 04:45:00,stop_loss,-0.927142857142826,2025-01-12 03:45:00,2025-01,2025-01-12
Volatility 10 Index,sell,6409.667,0.3,2025-01-11 22:15:00,6422.895211999999,6382.382576,6422.895211999999,2025-01-12 05:00:00,stop_loss,-3.9684635999997226,2025-01-11 22:00:00,2025-01,2025-01-12
Volatility 10 Index,sell,6408.4,0.3,2025-01-11 22:30:00,6422.733211999999,6379.655576000001,6422.733211999999,2025-01-12 05:00:00,stop_loss,-4.299963599999864,2025-01-11 22:15:00,2025-01,2025-01-12
Volatility 10 Index,sell,6411.072,0.3,2025-01-12 03:30:00,6424.1142119999995,6384.201576000002,6424.1142119999995,2025-01-12 05:00:00,stop_loss,-3.912663599999814,2025-01-12 03:15:00,2025-01,2025-01-12
Volatility 10 Index,sell,6410.363,0.3,2025-01-11 21:30:00,6424.643212,6381.529576,6424.643212,2025-01-12 05:15:00,stop_loss,-4.284063599999899,2025-01-11 21:15:00,2025-01,2025-01-12
Volatility 10 Index,sell,6406.312,0.3,2025-01-11 21:45:00,6424.752211999999,6369.302576000002,6424.752211999999,2025-01-12 05:15:00,stop_loss,-5.532063599999856,2025-01-11 21:30:00,2025-01,2025-01-12
Volatility 10 Index,sell,6408.813,0.3,2025-01-11 20:15:00,6427.448211999999,6371.737576,6427.448211999999,2025-01-12 06:15:00,stop_loss,-5.5905635999997685,2025-01-11 20:00:00,2025-01,2025-01-12
Volatility 10 Index,sell,6413.822,0.3,2025-01-11 17:45:00,6427.740212,6385.7605760000015,6427.740212,2025-01-12 06:30:00,stop_loss,-4.175463599999875,2025-01-11 17:30:00,2025-01,2025-01-12
Volatility 10 Index,sell,6415.466,0.3,2025-01-12 03:45:00,6429.1232119999995,6387.638576000001,6429.1232119999995,2025-01-12 07:00:00,stop_loss,-4.097163599999749,2025-01-12 03:30:00,2025-01,2025-01-12
Volatility 10 Index,sell,6416.119,0.3,2025-01-11 19:30:00,6430.121211999999,6387.910576000003,6430.121211999999,2025-01-12 07:15:00,stop_loss,-4.200663599999825,2025-01-11 19:15:00,2025-01,2025-01-12
Volatility 10 Index,sell,6417.528,0.3,2025-01-11 18:15:00,6431.256211999999,6390.026576000001,6431.256211999999,2025-01-12 07:30:00,stop_loss,-4.118463599999722,2025-01-11 18:00:00,2025-01,2025-01-12
Volatility 10 Index,sell,6410.737,0.3,2025-01-11 17:30:00,6436.419212,6360.239576,6436.419212,2025-01-12 07:45:00,stop_loss,-7.704663599999912,2025-01-11 17:15:00,2025-01,2025-01-12
Volatility 10 Index,sell,6419.274,0.3,2025-01-11 18:45:00,6435.9982119999995,6385.960576000002,6435.9982119999995,2025-01-12 07:45:00,stop_loss,-5.017263599999751,2025-01-11 18:30:00,2025-01,2025-01-12
Volatility 10 Index,sell,6420.489,0.3,2025-01-12 04:00:00,6433.693211999999,6394.134576,6433.693211999999,2025-01-12 07:45:00,stop_loss,-3.9612635999998926,2025-01-12 03:45:00,2025-01,2025-01-12
Volatility 10 Index,sell,6420.575,0.3,2025-01-12 04:15:00,6435.027212,6391.433576,6435.027212,2025-01-12 07:45:00,stop_loss,-4.335663600000044,2025-01-12 04:00:00,2025-01,2025-01-12
Volatility 10 Index,sell,6420.373,0.3,2025-01-12 04:45:00,6435.316212,6391.152576000001,6435.316212,2025-01-12 07:45:00,stop_loss,-4.482963600000039,2025-01-12 04:30:00,2025-01,2025-01-12
Volatility 10 Index,sell,6421.028,0.3,2025-01-12 05:00:00,6435.245212,6392.593576000001,6435.245212,2025-01-12 07:45:00,stop_loss,-4.265163599999869,2025-01-12 04:45:00,2025-01,2025-01-12
Volatility 10 Index,sell,6416.185,0.3,2025-01-11 19:15:00,6437.545212,6373.1345759999995,6437.545212,2025-01-12 08:00:00,stop_loss,-6.408063599999878,2025-01-11 19:00:00,2025-01,2025-01-12
Volatility 10 Index,sell,6423.247,0.3,2025-01-11 17:15:00,6439.7972119999995,6389.420576000001,6439.7972119999995,2025-01-12 08:45:00,stop_loss,-4.965063599999757,2025-01-11 17:00:00,2025-01,2025-01-12
Volatility 10 Index,sell,6425.851,0.3,2025-01-11 09:00:00,6444.0562119999995,6389.452576,6444.0562119999995,2025-01-12 09:45:00,stop_loss,-5.461563599999954,2025-01-11 08:45:00,2025-01,2025-01-12
Volatility 10 Index,sell,6426.337,0.3,2025-01-10 23:00:00,6444.831211999999,6389.822576000001,6444.831211999999,2025-01-12 10:00:00,stop_loss,-5.548263599999609,2025-01-10 22:45:00,2025-01,2025-01-12
Step Index,buy,8402.4,0.1,2025-01-12 06:30:00,8392.728571428572,8421.442857142854,8392.728571428572,2025-01-12 10:00:00,stop_loss,-0.9671428571427896,2025-01-12 06:15:00,2025-01,2025-01-12
Step Index,buy,8401.0,0.1,2025-01-12 06:15:00,8391.528571428573,8420.242857142855,8391.528571428573,2025-01-12 10:45:00,stop_loss,-0.9471428571427168,2025-01-12 06:00:00,2025-01,2025-01-12
BTCUSD,buy,94620.038,0.05,2025-01-12 14:00:00,94287.620324,95284.873352,95284.873352,2025-01-12 15:15:00,take_profit,33.24176759999973,2025-01-12 13:45:00,2025-01,2025-01-12
BTCUSD,buy,95106.938,0.05,2025-01-12 17:15:00,94725.97864285714,95868.8567142857,94725.97864285714,2025-01-12 19:15:00,stop_loss,-19.047967857142794,2025-01-12 17:00:00,2025-01,2025-01-12
BTCUSD,buy,95006.838,0.05,2025-01-12 17:00:00,94621.76592857143,95776.98214285714,94621.76592857143,2025-01-12 19:45:00,stop_loss,-19.253603571428542,2025-01-12 16:45:00,2025-01,2025-01-12
Step Index,sell,8402.4,0.1,2025-01-12 03:15:00,8412.257142857143,8382.985714285714,8412.257142857143,2025-01-12 20:00:00,stop_loss,-0.9857142857143117,2025-01-12 03:00:00,2025-01,2025-01-12
Step Index,sell,8401.4,0.1,2025-01-12 05:30:00,8410.814285714285,8382.87142857143,8410.814285714285,2025-01-12 20:00:00,stop_loss,-0.9414285714285143,2025-01-12 05:15:00,2025-01,2025-01-12
Step Index,sell,8401.4,0.1,2025-01-12 05:30:00,8410.814285714285,8382.87142857143,8410.814285714285,2025-01-12 20:00:00,stop_loss,-0.9414285714285143,2025-01-12 05:15:00,2025-01,2025-01-12
Step Index,sell,8401.4,0.1,2025-01-12 06:00:00,8410.914285714285,8382.071428571428,8410.914285714285,2025-01-12 20:00:00,stop_loss,-0.9514285714285506,2025-01-12 05:45:00,2025-01,2025-01-12
Step Index,sell,8401.4,0.1,2025-01-12 06:00:00,8410.914285714285,8382.071428571428,8410.914285714285,2025-01-12 20:00:00,stop_loss,-0.9514285714285506,2025-01-12 05:45:00,2025-01,2025-01-12
Step Index,sell,8400.2,0.1,2025-01-12 12:00:00,8409.757142857143,8381.385714285712,8409.757142857143,2025-01-12 20:00:00,stop_loss,-0.9557142857142026,2025-01-12 11:45:00,2025-01,2025-01-12
Step Index,sell,8400.2,0.1,2025-01-12 12:00:00,8409.757142857143,8381.385714285712,8409.757142857143,2025-01-12 20:00:00,stop_loss,-0.9557142857142026,2025-01-12 11:45:00,2025-01,2025-01-12
BTCUSD,buy,94728.038,0.05,2025-01-12 20:30:00,94477.320324,95229.473352,94477.320324,2025-01-12 21:00:00,stop_loss,-12.535883800000011,2025-01-12 20:15:00,2025-01,2025-01-12
BTCUSD,buy,94803.538,0.05,2025-01-12 14:15:00,94431.520324,95547.573352,94431.520324,2025-01-12 21:15:00,stop_loss,-18.600883800000158,2025-01-12 14:00:00,2025-01,2025-01-12
BTCUSD,buy,95221.538,0.05,2025-01-12 15:30:00,94436.84014285714,96795.43371428573,94436.84014285714,2025-01-12 21:15:00,stop_loss,-39.23489285714314,2025-01-12 15:15:00,2025-01,2025-01-12
BTCUSD,buy,94679.938,0.05,2025-01-12 20:45:00,94452.92032399999,95133.973352,94452.92032399999,2025-01-12 21:15:00,stop_loss,-11.350883800000156,2025-01-12 20:30:00,2025-01,2025-01-12
BTCUSD,buy,94654.638,0.05,2025-01-12 21:00:00,94372.020324,95219.87335200002,94372.020324,2025-01-12 21:15:00,stop_loss,-14.130883800000447,2025-01-12 20:45:00,2025-01,2025-01-12
BTCUSD,buy,95227.538,0.05,2025-01-13 00:30:00,94083.08285714286,97516.44828571429,94083.08285714286,2025-01-13 01:45:00,stop_loss,-57.222757142857155,2025-01-13 00:15:00,2025-01,2025-01-13
Volatility 10 Index,sell,6428.851,0.3,2025-01-11 08:45:00,6449.352212,6388.049575999999,6449.352212,2025-01-13 02:00:00,stop_loss,-6.150363600000037,2025-01-11 08:30:00,2025-01,2025-01-13
Volatility 10 Index,sell,6431.873,0.3,2025-01-10 22:45:00,6452.858211999999,6390.037576000001,6452.858211999999,2025-01-13 03:00:00,stop_loss,-6.295563599999878,2025-01-10 22:30:00,2025-01,2025-01-13
Step Index,buy,8425.4,0.1,2025-01-13 01:30:00,8403.721,8469.058,8403.721,2025-01-13 06:00:00,stop_loss,-2.167900000000009,2025-01-13 01:15:00,2025-01,2025-01-13
Step Index,buy,8423.4,0.1,2025-01-13 01:45:00,8405.221,8460.058,8405.221,2025-01-13 06:00:00,stop_loss,-1.8179000000000087,2025-01-13 01:30:00,2025-01,2025-01-13
Step Index,buy,8426.6,0.1,2025-01-13 03:15:00,8405.721,8468.658000000003,8405.721,2025-01-13 06:00:00,stop_loss,-2.0879000000000816,2025-01-13 03:00:00,2025-01,2025-01-13
Step Index,buy,8422.8,0.1,2025-01-13 03:30:00,8405.621,8456.858000000004,8405.621,2025-01-13 06:00:00,stop_loss,-1.7179000000000089,2025-01-13 03:15:00,2025-01,2025-01-13
BTCUSD,buy,95758.038,0.05,2025-01-10 18:00:00,93325.79771428571,100622.51857142858,93325.79771428571,2025-01-13 06:45:00,stop_loss,-121.6120142857144,2025-01-10 17:45:00,2025-01,2025-01-13
Step Index,buy,8419.0,0.1,2025-01-13 02:00:00,8401.921,8453.458,8401.921,2025-01-13 07:15:00,stop_loss,-1.7078999999999724,2025-01-13 01:45:00,2025-01,2025-01-13
Step Index,buy,8419.0,0.1,2025-01-13 02:30:00,8400.921,8454.857999999998,8400.921,2025-01-13 07:15:00,stop_loss,-1.8078999999999725,2025-01-13 02:15:00,2025-01,2025-01-13
Step Index,buy,8421.0,0.1,2025-01-13 02:45:00,8401.321,8460.658000000001,8401.321,2025-01-13 07:15:00,stop_loss,-1.9679000000000089,2025-01-13 02:30:00,2025-01,2025-01-13
Step Index,sell,8403.2,0.1,2025-01-13 06:30:00,8412.714285714284,8384.471428571429,8412.714285714284,2025-01-13 07:30:00,stop_loss,-0.9514285714283688,2025-01-13 06:15:00,2025-01,2025-01-13
Step Index,sell,8405.2,0.1,2025-01-13 06:45:00,8414.314285714285,8387.271428571428,8414.314285714285,2025-01-13 07:45:00,stop_loss,-0.9114285714284052,2025-01-13 06:30:00,2025-01,2025-01-13
Range Break 200 Index,sell,100352.0,0.05,2025-01-13 01:30:00,100580.23,99892.54000000001,100580.23,2025-01-13 08:00:00,stop_loss,-11.411499999999798,2025-01-13 01:15:00,2025-01,2025-01-13
Range Break 200 Index,sell,100350.0,0.05,2025-01-13 01:45:00,100567.23,99918.54000000001,100567.23,2025-01-13 08:00:00,stop_loss,-10.861499999999797,2025-01-13 01:30:00,2025-01,2025-01-13
Range Break 200 Index,sell,100342.0,0.05,2025-01-13 02:00:00,100572.23,99884.54000000001,100572.23,2025-01-13 08:00:00,stop_loss,-11.511499999999797,2025-01-13 01:45:00,2025-01,2025-01-13
Range Break 200 Index,sell,100346.0,0.05,2025-01-13 02:15:00,100552.23,99930.54000000001,100552.23,2025-01-13 08:00:00,stop_loss,-10.311499999999796,2025-01-13 02:00:00,2025-01,2025-01-13
Range Break 200 Index,sell,100384.0,0.05,2025-01-13 02:30:00,100585.23,99978.54000000001,100585.23,2025-01-13 08:00:00,stop_loss,-10.061499999999796,2025-01-13 02:15:00,2025-01,2025-01-13
Range Break 200 Index,sell,100374.0,0.05,2025-01-13 02:45:00,100592.23,99940.54000000001,100592.23,2025-01-13 08:00:00,stop_loss,-10.911499999999798,2025-01-13 02:30:00,2025-01,2025-01-13
Range Break 200 Index,sell,100342.0,0.05,2025-01-13 03:00:00,100579.23,99864.54000000001,100579.23,2025-01-13 08:00:00,stop_loss,-11.861499999999797,2025-01-13 02:45:00,2025-01,2025-01-13
Range Break 200 Index,sell,100368.0,0.05,2025-01-13 03:15:00,100571.23,99964.54000000001,100571.23,2025-01-13 08:00:00,stop_loss,-10.161499999999798,2025-01-13 03:00:00,2025-01,2025-01-13
Range Break 200 Index,sell,100394.0,0.05,2025-01-13 03:30:00,100595.23,99988.54000000001,100595.23,2025-01-13 08:00:00,stop_loss,-10.061499999999796,2025-01-13 03:15:00,2025-01,2025-01-13
Range Break 200 Index,sell,100372.0,0.05,2025-01-13 03:45:00,100595.23,99922.54000000001,100595.23,2025-01-13 08:00:00,stop_loss,-11.161499999999798,2025-01-13 03:30:00,2025-01,2025-01-13
Range Break 200 Index,sell,100344.0,0.05,2025-01-13 04:00:00,100595.23,99838.54000000001,100595.23,2025-01-13 08:00:00,stop_loss,-12.561499999999796,2025-01-13 03:45:00,2025-01,2025-01-13
Range Break 200 Index,sell,100352.0,0.05,2025-01-13 04:15:00,100554.23,99950.54000000001,100554.23,2025-01-13 08:00:00,stop_loss,-10.111499999999797,2025-01-13 04:00:00,2025-01,2025-01-13
Range Break 200 Index,sell,100378.0,0.05,2025-01-13 04:30:00,100581.23,99968.54000000001,100581.23,2025-01-13 08:00:00,stop_loss,-10.161499999999798,2025-01-13 04:15:00,2025-01,2025-01-13
Range Break 200 Index,sell,100368.0,0.05,2025-01-13 04:45:00,100595.23,99910.54000000001,100595.23,2025-01-13 08:00:00,stop_loss,-11.361499999999797,2025-01-13 04:30:00,2025-01,2025-01-13
Range Break 200 Index,sell,100344.0,0.05,2025-01-13 05:00:00,100573.23,99882.54000000001,100573.23,2025-01-13 08:00:00,stop_loss,-11.461499999999797,2025-01-13 04:45:00,2025-01,2025-01-13
Range Break 200 Index,sell,100360.0,0.05,2025-01-13 05:15:00,100580.23,99916.54000000001,100580.23,2025-01-13 08:00:00,stop_loss,-11.011499999999797,2025-01-13 05:00:00,2025-01,2025-01-13
Range Break 200 Index,sell,100336.0,0.05,2025-01-13 05:30:00,100566.23,99878.54000000001,100566.23,2025-01-13 08:00:00,stop_loss,-11.511499999999797,2025-01-13 05:15:00,2025-01,2025-01-13
Range Break 200 Index,sell,100380.0,0.05,2025-01-13 06:00:00,100583.23,99970.54000000001,100583.23,2025-01-13 08:00:00,stop_loss,-10.161499999999798,2025-01-13 05:45:00,2025-01,2025-01-13
Range Break 200 Index,sell,100356.0,0.05,2025-01-13 06:15:00,100595.23,99880.54000000001,100595.23,2025-01-13 08:00:00,stop_loss,-11.961499999999797,2025-01-13 06:00:00,2025-01,2025-01-13
Range Break 200 Index,sell,100364.0,0.05,2025-01-13 06:30:00,100587.23,99920.54000000001,100587.23,2025-01-13 08:00:00,stop_loss,-11.161499999999798,2025-01-13 06:15:00,2025-01,2025-01-13
Range Break 200 Index,sell,100358.0,0.05,2025-01-13 06:45:00,100571.23,99934.54000000001,100571.23,2025-01-13 08:00:00,stop_loss,-10.661499999999798,2025-01-13 06:30:00,2025-01,2025-01-13
Range Break 200 Index,sell,100390.0,0.05,2025-01-13 07:00:00,100595.23,99982.54000000001,100595.23,2025-01-13 08:00:00,stop_loss,-10.261499999999797,2025-01-13 06:45:00,2025-01,2025-01-13
Range Break 200 Index,sell,100384.0,0.05,2025-01-13 07:15:00,100595.23,99958.54000000001,100595.23,2025-01-13 08:00:00,stop_loss,-10.561499999999796,2025-01-13 07:00:00,2025-01,2025-01-13
Range Break 200 Index,sell,100378.0,0.05,2025-01-13 07:30:00,100589.23,99952.54000000001,100589.23,2025-01-13 08:00:00,stop_loss,-10.561499999999796,2025-01-13 07:15:00,2025-01,2025-01-13
Range Break 200 Index,sell,100386.0,0.05,2025-01-13 07:45:00,100595.23,99964.54000000001,100595.23,2025-01-13 08:00:00,stop_loss,-10.461499999999797,2025-01-13 07:30:00,2025-01,2025-01-13
Range Break 200 Index,sell,100372.0,0.05,2025-01-13 08:00:00,100595.23,99928.54000000001,100595.23,2025-01-13 08:00:00,stop_loss,-11.161499999999798,2025-01-13 07:45:00,2025-01,2025-01-13
BTCUSD,buy,94379.538,0.05,2025-01-10 17:45:00,93178.812,96780.98999999999,93178.812,2025-01-13 08:15:00,stop_loss,-60.036299999999756,2025-01-10 17:30:00,2025-01,2025-01-13
BTCUSD,buy,94324.838,0.05,2025-01-10 17:30:00,92580.24057142857,97814.03285714287,92580.24057142857,2025-01-13 10:00:00,stop_loss,-87.22987142857164,2025-01-10 17:15:00,2025-01,2025-01-13
BTCUSD,buy,94054.238,0.05,2025-01-10 15:45:00,92159.8902857143,97842.9334285714,92159.8902857143,2025-01-13 10:15:00,stop_loss,-94.71738571428506,2025-01-10 15:30:00,2025-01,2025-01-13
BTCUSD,buy,93232.638,0.05,2025-01-10 15:30:00,91522.54028571429,96648.03342857142,91522.54028571429,2025-01-13 10:30:00,stop_loss,-85.50488571428578,2025-01-10 15:15:00,2025-01,2025-01-13
Step Index,buy,8418.0,0.1,2025-01-12 22:15:00,8400.520999999999,8453.258000000003,8400.520999999999,2025-01-13 18:30:00,stop_loss,-1.747900000000118,2025-01-12 22:00:00,2025-01,2025-01-13
Step Index,buy,8422.4,0.1,2025-01-12 20:45:00,8399.421,8468.057999999997,8399.421,2025-01-13 19:45:00,stop_loss,-2.297899999999936,2025-01-12 20:30:00,2025-01,2025-01-13
Step Index,buy,8419.6,0.1,2025-01-12 22:30:00,8400.121,8458.858000000004,8400.121,2025-01-13 19:45:00,stop_loss,-1.9479000000001179,2025-01-12 22:15:00,2025-01,2025-01-13
Step Index,buy,8415.6,0.1,2025-01-12 22:45:00,8398.421,8449.658,8398.421,2025-01-13 19:45:00,stop_loss,-1.7179000000000089,2025-01-12 22:30:00,2025-01,2025-01-13
Step Index,buy,8416.6,0.1,2025-01-12 23:15:00,8398.721,8452.058,8398.721,2025-01-13 19:45:00,stop_loss,-1.7879000000000815,2025-01-12 23:00:00,2025-01,2025-01-13
Step Index,buy,8419.8,0.1,2025-01-13 02:15:00,8400.121,8458.858000000004,8400.121,2025-01-13 19:45:00,stop_loss,-1.9679000000000089,2025-01-13 02:00:00,2025-01,2025-01-13
Step Index,buy,8416.2,0.1,2025-01-12 20:30:00,8396.721,8455.457999999999,8396.721,2025-01-13 20:00:00,stop_loss,-1.9479000000001179,2025-01-12 20:15:00,2025-01,2025-01-13
Step Index,buy,8416.8,0.1,2025-01-12 23:00:00,8396.321,8458.057999999999,8396.321,2025-01-13 20:00:00,stop_loss,-2.047899999999936,2025-01-12 22:45:00,2025-01,2025-01-13
Step Index,buy,8414.4,0.1,2025-01-12 23:30:00,8396.121,8451.258000000002,8396.121,2025-01-13 20:00:00,stop_loss,-1.8279000000000452,2025-01-12 23:15:00,2025-01,2025-01-13
Step Index,buy,8415.4,0.1,2025-01-12 23:45:00,8395.721,8454.457999999999,8395.721,2025-01-13 20:00:00,stop_loss,-1.9679000000000089,2025-01-12 23:30:00,2025-01,2025-01-13
Step Index,buy,8413.6,0.1,2025-01-13 00:30:00,8395.821,8449.458000000002,8395.821,2025-01-13 20:00:00,stop_loss,-1.777900000000045,2025-01-13 00:15:00,2025-01,2025-01-13
Step Index,buy,8412.2,0.1,2025-01-13 00:00:00,8395.321,8445.658000000001,8395.321,2025-01-13 22:30:00,stop_loss,-1.6879000000000817,2025-01-12 23:45:00,2025-01,2025-01-13
Step Index,buy,8412.6,0.1,2025-01-13 00:15:00,8393.520999999999,8450.458000000002,8393.520999999999,2025-01-13 22:30:00,stop_loss,-1.9079000000001543,2025-01-13 00:00:00,2025-01,2025-01-13
Step Index,buy,8414.8,0.1,2025-01-13 00:45:00,8391.520999999999,8461.658000000001,8391.520999999999,2025-01-13 22:45:00,stop_loss,-2.3279000000000454,2025-01-13 00:30:00,2025-01,2025-01-13
Step Index,sell,8402.0,0.1,2025-01-13 18:30:00,8410.085714285713,8385.528571428573,8385.528571428573,2025-01-13 23:15:00,take_profit,1.647142857142717,2025-01-13 18:15:00,2025-01,2025-01-13
Step Index,sell,8402.6,0.1,2025-01-13 19:15:00,8410.085714285715,8387.32857142857,8387.32857142857,2025-01-13 23:15:00,take_profit,1.527142857143008,2025-01-13 19:00:00,2025-01,2025-01-13
Step Index,sell,8404.2,0.1,2025-01-13 19:45:00,8412.414285714285,8387.47142857143,8387.47142857143,2025-01-13 23:15:00,take_profit,1.6728571428569923,2025-01-13 19:30:00,2025-01,2025-01-13
Step Index,sell,8385.4,0.1,2025-01-14 00:45:00,8402.3178,8351.864399999999,8351.864399999999,2025-01-14 08:00:00,take_profit,3.353560000000107,2025-01-14 00:30:00,2025-01,2025-01-14
Step Index,sell,8385.4,0.1,2025-01-14 00:00:00,8403.517800000001,8348.864399999995,8348.864399999995,2025-01-14 08:15:00,take_profit,3.653560000000471,2025-01-13 23:45:00,2025-01,2025-01-14
Step Index,sell,8384.6,0.1,2025-01-14 00:15:00,8403.917800000001,8346.2644,8346.2644,2025-01-14 09:15:00,take_profit,3.833560000000034,2025-01-14 00:00:00,2025-01,2025-01-14
Step Index,sell,8385.0,0.1,2025-01-14 00:30:00,8404.3178,8346.064399999997,8346.064399999997,2025-01-14 09:15:00,take_profit,3.8935600000002526,2025-01-14 00:15:00,2025-01,2025-01-14
Step Index,sell,8383.0,0.1,2025-01-14 01:00:00,8402.3178,8344.6644,8344.6644,2025-01-14 09:15:00,take_profit,3.833560000000034,2025-01-14 00:45:00,2025-01,2025-01-14
Step Index,sell,8382.4,0.1,2025-01-14 01:15:00,8401.917800000001,8343.064399999996,8343.064399999996,2025-01-14 09:15:00,take_profit,3.933560000000398,2025-01-14 01:00:00,2025-01,2025-01-14
Step Index,sell,8381.0,0.1,2025-01-14 01:30:00,8400.7178,8341.8644,8341.8644,2025-01-14 09:30:00,take_profit,3.9135599999999613,2025-01-14 01:15:00,2025-01,2025-01-14
Step Index,sell,8376.4,0.1,2025-01-14 05:00:00,8394.017800000001,8341.464399999997,8341.464399999997,2025-01-14 09:30:00,take_profit,3.4935600000002527,2025-01-14 04:45:00,2025-01,2025-01-14
Step Index,sell,8350.4,0.1,2025-01-14 08:30:00,8367.8178,8315.264399999996,8367.8178,2025-01-14 17:15:00,stop_loss,-1.741780000000108,2025-01-14 08:15:00,2025-01,2025-01-14
Step Index,sell,8351.2,0.1,2025-01-14 09:00:00,8369.917800000001,8313.464399999999,8369.917800000001,2025-01-14 17:15:00,stop_loss,-1.8717800000000353,2025-01-14 08:45:00,2025-01,2025-01-14
Range Break 200 Index,sell,100579.0,0.05,2025-01-14 19:30:00,100713.57142857143,100306.85714285713,100713.57142857143,2025-01-14 22:00:00,stop_loss,-6.72857142857174,2025-01-14 19:15:00,2025-01,2025-01-14
Range Break 200 Index,sell,100555.0,0.05,2025-01-14 20:45:00,100695.85714285714,100276.28571428571,100695.85714285714,2025-01-14 22:00:00,stop_loss,-7.0428571428572475,2025-01-14 20:30:00,2025-01,2025-01-14
Range Break 200 Index,sell,100567.0,0.05,2025-01-14 21:45:00,100652.57142857143,100398.85714285713,100652.57142857143,2025-01-14 22:00:00,stop_loss,-4.27857142857174,2025-01-14 21:30:00,2025-01,2025-01-14
Range Break 200 Index,sell,100633.0,0.05,2025-01-15 05:30:00,100707.57142857143,100486.85714285713,100707.57142857143,2025-01-15 06:30:00,stop_loss,-3.7285714285717404,2025-01-15 05:15:00,2025-01,2025-01-15
Range Break 200 Index,sell,100635.0,0.05,2025-01-14 22:30:00,100742.71428571429,100422.57142857142,100422.57142857142,2025-01-15 07:00:00,take_profit,10.621428571428988,2025-01-14 22:15:00,2025-01,2025-01-15
Range Break 200 Index,sell,100699.0,0.05,2025-01-15 02:15:00,100778.57142857143,100536.85714285713,100536.85714285713,2025-01-15 07:00:00,take_profit,8.107142857143481,2025-01-15 02:00:00,2025-01,2025-01-15
Range Break 200 Index,sell,100707.0,0.05,2025-01-15 03:00:00,100785.42857142857,100553.14285714287,100553.14285714287,2025-01-15 07:00:00,take_profit,7.69285714285652,2025-01-15 02:45:00,2025-01,2025-01-15
Range Break 200 Index,sell,100691.0,0.05,2025-01-15 03:15:00,100768.42857142857,100539.14285714287,100539.14285714287,2025-01-15 07:00:00,take_profit,7.59285714285652,2025-01-15 03:00:00,2025-01,2025-01-15
Range Break 200 Index,sell,100681.0,0.05,2025-01-15 04:00:00,100753.28571428571,100539.42857142858,100539.42857142858,2025-01-15 07:00:00,take_profit,7.0785714285710135,2025-01-15 03:45:00,2025-01,2025-01-15
Range Break 200 Index,sell,100653.0,0.05,2025-01-15 04:45:00,100723.85714285714,100514.28571428571,100514.28571428571,2025-01-15 07:00:00,take_profit,6.935714285714494,2025-01-15 04:30:00,2025-01,2025-01-15
Step Index,sell,8364.2,0.1,2025-01-14 03:00:00,8383.2178,8325.8644,8383.2178,2025-01-15 07:45:00,stop_loss,-1.9017799999999625,2025-01-14 02:45:00,2025-01,2025-01-15
Step Index,sell,8363.6,0.1,2025-01-14 05:30:00,8383.7178,8323.0644,8383.7178,2025-01-15 07:45:00,stop_loss,-2.011779999999999,2025-01-14 05:15:00,2025-01,2025-01-15
Step Index,sell,8366.4,0.1,2025-01-14 05:45:00,8383.517800000001,8331.864399999995,8383.517800000001,2025-01-15 07:45:00,stop_loss,-1.7117800000001808,2025-01-14 05:30:00,2025-01,2025-01-15
Step Index,sell,8361.0,0.1,2025-01-14 06:00:00,8384.2178,8314.8644,8384.2178,2025-01-15 07:45:00,stop_loss,-2.3217800000000355,2025-01-14 05:45:00,2025-01,2025-01-15
Step Index,sell,8366.6,0.1,2025-01-14 06:15:00,8384.417800000001,8330.664399999998,8384.417800000001,2025-01-15 07:45:00,stop_loss,-1.7817800000000716,2025-01-14 06:00:00,2025-01,2025-01-15
Step Index,sell,8366.6,0.1,2025-01-14 06:30:00,8384.7178,8330.664400000001,8384.7178,2025-01-15 07:45:00,stop_loss,-1.8117799999999988,2025-01-14 06:15:00,2025-01,2025-01-15
Step Index,sell,8369.0,0.1,2025-01-14 03:15:00,8386.517800000001,8334.264399999998,8386.517800000001,2025-01-15 08:15:00,stop_loss,-1.7517800000001444,2025-01-14 03:00:00,2025-01,2025-01-15
Step Index,sell,8368.4,0.1,2025-01-14 04:15:00,8386.517800000001,8332.464399999997,8386.517800000001,2025-01-15 08:15:00,stop_loss,-1.811780000000181,2025-01-14 04:00:00,2025-01,2025-01-15
Step Index,sell,8365.4,0.1,2025-01-14 04:30:00,8385.2178,8325.464399999997,8385.2178,2025-01-15 08:15:00,stop_loss,-1.9817800000000716,2025-01-14 04:15:00,2025-01,2025-01-15
Step Index,sell,8368.0,0.1,2025-01-14 04:45:00,8386.6178,8331.064400000001,8386.6178,2025-01-15 08:15:00,stop_loss,-1.8617799999999989,2025-01-14 04:30:00,2025-01,2025-01-15
Step Index,sell,8368.8,0.1,2025-01-14 02:30:00,8391.517800000001,8323.0644,8391.517800000001,2025-01-15 08:30:00,stop_loss,-2.2717800000002173,2025-01-14 02:15:00,2025-01,2025-01-15
Step Index,sell,8370.4,0.1,2025-01-14 03:30:00,8389.6178,8332.2644,8389.6178,2025-01-15 08:30:00,stop_loss,-1.9217800000000353,2025-01-14 03:15:00,2025-01,2025-01-15
Step Index,sell,8368.6,0.1,2025-01-14 04:00:00,8391.6178,8322.864400000002,8391.6178,2025-01-15 08:30:00,stop_loss,-2.3017799999999626,2025-01-14 03:45:00,2025-01,2025-01-15
Step Index,sell,8374.6,0.1,2025-01-14 03:45:00,8393.6178,8336.2644,8393.6178,2025-01-15 09:45:00,stop_loss,-1.9017799999999625,2025-01-14 03:30:00,2025-01,2025-01-15
Step Index,sell,8366.8,0.1,2025-01-14 05:15:00,8393.417800000001,8313.2644,8393.417800000001,2025-01-15 09:45:00,stop_loss,-2.661780000000181,2025-01-14 05:00:00,2025-01,2025-01-15
Step Index,sell,8375.0,0.1,2025-01-14 02:00:00,8395.7178,8333.8644,8395.7178,2025-01-15 10:00:00,stop_loss,-2.0717800000000355,2025-01-14 01:45:00,2025-01,2025-01-15
Range Break 200 Index,sell,100583.0,0.05,2025-01-14 19:45:00,100717.14285714286,100317.71428571429,100317.71428571429,2025-01-16 00:45:00,take_profit,13.264285714285506,2025-01-14 19:30:00,2025-01,2025-01-16
Range Break 200 Index,sell,100365.0,0.05,2025-01-15 07:45:00,100567.43,99963.14000000001,99963.14000000001,2025-01-16 01:45:00,take_profit,20.092999999999304,2025-01-15 07:30:00,2025-01,2025-01-16
Range Break 200 Index,sell,100337.0,0.05,2025-01-15 08:00:00,100567.43,99873.14000000001,99873.14000000001,2025-01-16 01:45:00,take_profit,23.1929999999993,2025-01-15 07:45:00,2025-01,2025-01-16
Range Break 200 Index,sell,100349.0,0.05,2025-01-15 08:15:00,100562.43,99925.14000000001,99925.14000000001,2025-01-16 01:45:00,take_profit,21.1929999999993,2025-01-15 08:00:00,2025-01,2025-01-16
Range Break 200 Index,sell,100355.0,0.05,2025-01-15 08:30:00,100567.43,99927.14000000001,99927.14000000001,2025-01-16 01:45:00,take_profit,21.392999999999304,2025-01-15 08:15:00,2025-01,2025-01-16
Range Break 200 Index,sell,100353.0,0.05,2025-01-15 09:00:00,100567.43,99921.14000000001,99921.14000000001,2025-01-16 01:45:00,take_profit,21.592999999999304,2025-01-15 08:45:00,2025-01,2025-01-16
Range Break 200 Index,sell,100341.0,0.05,2025-01-15 09:30:00,100559.43,99907.14000000001,99907.14000000001,2025-01-16 01:45:00,take_profit,21.6929999999993,2025-01-15 09:15:00,2025-01,2025-01-16
Range Break 200 Index,sell,100351.0,0.05,2025-01-15 09:45:00,100556.43,99937.14000000001,99937.14000000001,2025-01-16 01:45:00,take_profit,20.6929999999993,2025-01-15 09:30:00,2025-01,2025-01-16
Range Break 200 Index,sell,100345.0,0.05,2025-01-15 10:00:00,100567.43,99903.14000000001,99903.14000000001,2025-01-16 01:45:00,take_profit,22.092999999999304,2025-01-15 09:45:00,2025-01,2025-01-16
Range Break 200 Index,sell,100355.0,0.05,2025-01-15 10:15:00,100562.43,99937.14000000001,99937.14000000001,2025-01-16 01:45:00,take_profit,20.892999999999304,2025-01-15 10:00:00,2025-01,2025-01-16
Range Break 200 Index,sell,100353.0,0.05,2025-01-15 10:30:00,100567.43,99921.14000000001,99921.14000000001,2025-01-16 01:45:00,take_profit,21.592999999999304,2025-01-15 10:15:00,2025-01,2025-01-16
Range Break 200 Index,sell,100345.0,0.05,2025-01-15 10:45:00,100562.43,99913.14000000001,99913.14000000001,2025-01-16 01:45:00,take_profit,21.592999999999304,2025-01-15 10:30:00,2025-01,2025-01-16
Range Break 200 Index,sell,100345.0,0.05,2025-01-15 11:00:00,100567.43,99903.14000000001,99903.14000000001,2025-01-16 01:45:00,take_profit,22.092999999999304,2025-01-15 10:45:00,2025-01,2025-01-16
Range Break 200 Index,sell,100357.0,0.05,2025-01-15 11:15:00,100567.43,99933.14000000001,99933.14000000001,2025-01-16 01:45:00,take_profit,21.1929999999993,2025-01-15 11:00:00,2025-01,2025-01-16
Range Break 200 Index,sell,100331.0,0.05,2025-01-15 11:30:00,100567.43,99855.14000000001,99855.14000000001,2025-01-16 01:45:00,take_profit,23.792999999999303,2025-01-15 11:15:00,2025-01,2025-01-16
Range Break 200 Index,sell,100337.0,0.05,2025-01-15 11:45:00,100567.43,99873.14000000001,99873.14000000001,2025-01-16 01:45:00,take_profit,23.1929999999993,2025-01-15 11:30:00,2025-01,2025-01-16
Range Break 200 Index,sell,100361.0,0.05,2025-01-15 12:15:00,100567.43,99951.14000000001,99951.14000000001,2025-01-16 01:45:00,take_profit,20.492999999999302,2025-01-15 12:00:00,2025-01,2025-01-16
Range Break 200 Index,sell,100341.0,0.05,2025-01-15 12:30:00,100567.43,99891.14000000001,99891.14000000001,2025-01-16 01:45:00,take_profit,22.492999999999302,2025-01-15 12:15:00,2025-01,2025-01-16
Range Break 200 Index,sell,100357.0,0.05,2025-01-15 12:45:00,100567.43,99933.14000000001,99933.14000000001,2025-01-16 01:45:00,take_profit,21.1929999999993,2025-01-15 12:30:00,2025-01,2025-01-16
Range Break 200 Index,sell,100343.0,0.05,2025-01-15 13:00:00,100567.43,99897.14000000001,99897.14000000001,2025-01-16 01:45:00,take_profit,22.292999999999303,2025-01-15 12:45:00,2025-01,2025-01-16
Range Break 200 Index,sell,100357.0,0.05,2025-01-15 13:15:00,100566.43,99941.14000000001,99941.14000000001,2025-01-16 01:45:00,take_profit,20.792999999999303,2025-01-15 13:00:00,2025-01,2025-01-16
Range Break 200 Index,sell,100337.0,0.05,2025-01-15 13:30:00,100567.43,99879.14000000001,99879.14000000001,2025-01-16 01:45:00,take_profit,22.892999999999304,2025-01-15 13:15:00,2025-01,2025-01-16
Range Break 200 Index,sell,100343.0,0.05,2025-01-15 13:45:00,100567.43,99897.14000000001,99897.14000000001,2025-01-16 01:45:00,take_profit,22.292999999999303,2025-01-15 13:30:00,2025-01,2025-01-16
Range Break 200 Index,sell,100331.0,0.05,2025-01-15 14:15:00,100567.43,99855.14000000001,99855.14000000001,2025-01-16 01:45:00,take_profit,23.792999999999303,2025-01-15 14:00:00,2025-01,2025-01-16
Range Break 200 Index,sell,100335.0,0.05,2025-01-15 14:30:00,100549.43,99909.14000000001,99909.14000000001,2025-01-16 01:45:00,take_profit,21.292999999999303,2025-01-15 14:15:00,2025-01,2025-01-16
Range Break 200 Index,sell,100337.0,0.05,2025-01-15 14:45:00,100562.43,99883.14000000001,99883.14000000001,2025-01-16 01:45:00,take_profit,22.6929999999993,2025-01-15 14:30:00,2025-01,2025-01-16
Range Break 200 Index,sell,100345.0,0.05,2025-01-15 15:00:00,100552.43,99927.14000000001,99927.14000000001,2025-01-16 01:45:00,take_profit,20.892999999999304,2025-01-15 14:45:00,2025-01,2025-01-16
Range Break 200 Index,sell,100341.0,0.05,2025-01-15 15:15:00,100562.43,99895.14000000001,99895.14000000001,2025-01-16 01:45:00,take_profit,22.292999999999303,2025-01-15 15:00:00,2025-01,2025-01-16
Range Break 200 Index,sell,100333.0,0.05,2025-01-15 15:30:00,100551.43,99893.14000000001,99893.14000000001,2025-01-16 01:45:00,take_profit,21.992999999999302,2025-01-15 15:15:00,2025-01,2025-01-16
Range Break 200 Index,sell,100333.0,0.05,2025-01-15 15:45:00,100542.43,99917.14000000001,99917.14000000001,2025-01-16 01:45:00,take_profit,20.792999999999303,2025-01-15 15:30:00,2025-01,2025-01-16
Range Break 200 Index,sell,100333.0,0.05,2025-01-15 16:00:00,100554.43,99893.14000000001,99893.14000000001,2025-01-16 01:45:00,take_profit,21.992999999999302,2025-01-15 15:45:00,2025-01,2025-01-16
Range Break 200 Index,sell,100357.0,0.05,2025-01-15 16:15:00,100567.43,99939.14000000001,99939.14000000001,2025-01-16 01:45:00,take_profit,20.892999999999304,2025-01-15 16:00:00,2025-01,2025-01-16
Range Break 200 Index,sell,100359.0,0.05,2025-01-15 16:30:00,100567.43,99939.14000000001,99939.14000000001,2025-01-16 01:45:00,take_profit,20.992999999999302,2025-01-15 16:15:00,2025-01,2025-01-16
Range Break 200 Index,sell,100359.0,0.05,2025-01-15 16:45:00,100567.43,99945.14000000001,99945.14000000001,2025-01-16 01:45:00,take_profit,20.6929999999993,2025-01-15 16:30:00,2025-01,2025-01-16
Range Break 200 Index,sell,100355.0,0.05,2025-01-15 17:00:00,100567.43,99933.14000000001,99933.14000000001,2025-01-16 01:45:00,take_profit,21.092999999999304,2025-01-15 16:45:00,2025-01,2025-01-16
Range Break 200 Index,sell,100355.0,0.05,2025-01-15 17:15:00,100567.43,99927.14000000001,99927.14000000001,2025-01-16 01:45:00,take_profit,21.392999999999304,2025-01-15 17:00:00,2025-01,2025-01-16
Range Break 200 Index,sell,100361.0,0.05,2025-01-15 17:30:00,100567.43,99945.14000000001,99945.14000000001,2025-01-16 01:45:00,take_profit,20.792999999999303,2025-01-15 17:15:00,2025-01,2025-01-16
Range Break 200 Index,sell,100355.0,0.05,2025-01-15 17:45:00,100567.43,99933.14000000001,99933.14000000001,2025-01-16 01:45:00,take_profit,21.092999999999304,2025-01-15 17:30:00,2025-01,2025-01-16
Range Break 200 Index,sell,100335.0,0.05,2025-01-15 18:00:00,100567.43,99873.14000000001,99873.14000000001,2025-01-16 01:45:00,take_profit,23.092999999999304,2025-01-15 17:45:00,2025-01,2025-01-16
Range Break 200 Index,sell,100335.0,0.05,2025-01-15 18:15:00,100554.43,99899.14000000001,99899.14000000001,2025-01-16 01:45:00,take_profit,21.792999999999303,2025-01-15 18:00:00,2025-01,2025-01-16
Range Break 200 Index,sell,100347.0,0.05,2025-01-15 18:30:00,100560.43,99917.14000000001,99917.14000000001,2025-01-16 01:45:00,take_profit,21.492999999999302,2025-01-15 18:15:00,2025-01,2025-01-16
Range Break 200 Index,sell,100337.0,0.05,2025-01-15 18:45:00,100567.43,99879.14000000001,99879.14000000001,2025-01-16 01:45:00,take_profit,22.892999999999304,2025-01-15 18:30:00,2025-01,2025-01-16
Range Break 200 Index,sell,100363.0,0.05,2025-01-15 19:00:00,100567.43,99951.14000000001,99951.14000000001,2025-01-16 01:45:00,take_profit,20.592999999999304,2025-01-15 18:45:00,2025-01,2025-01-16
Range Break 200 Index,sell,100349.0,0.05,2025-01-15 19:15:00,100567.43,99909.14000000001,99909.14000000001,2025-01-16 01:45:00,take_profit,21.992999999999302,2025-01-15 19:00:00,2025-01,2025-01-16
Range Break 200 Index,sell,100333.0,0.05,2025-01-15 19:30:00,100557.43,99881.14000000001,99881.14000000001,2025-01-16 01:45:00,take_profit,22.592999999999304,2025-01-15 19:15:00,2025-01,2025-01-16
Range Break 200 Index,sell,100333.0,0.05,2025-01-15 19:45:00,100562.43,99871.14000000001,99871.14000000001,2025-01-16 01:45:00,take_profit,23.092999999999304,2025-01-15 19:30:00,2025-01,2025-01-16
Range Break 200 Index,sell,100361.0,0.05,2025-01-15 20:00:00,100567.43,99945.14000000001,99945.14000000001,2025-01-16 01:45:00,take_profit,20.792999999999303,2025-01-15 19:45:00,2025-01,2025-01-16
Range Break 200 Index,sell,100341.0,0.05,2025-01-15 20:15:00,100567.43,99891.14000000001,99891.14000000001,2025-01-16 01:45:00,take_profit,22.492999999999302,2025-01-15 20:00:00,2025-01,2025-01-16
Range Break 200 Index,sell,100339.0,0.05,2025-01-15 20:30:00,100558.43,99897.14000000001,99897.14000000001,2025-01-16 01:45:00,take_profit,22.092999999999304,2025-01-15 20:15:00,2025-01,2025-01-16
Range Break 200 Index,sell,100351.0,0.05,2025-01-15 20:45:00,100567.43,99921.14000000001,99921.14000000001,2025-01-16 01:45:00,take_profit,21.492999999999302,2025-01-15 20:30:00,2025-01,2025-01-16
Range Break 200 Index,sell,100463.0,0.05,2025-01-15 22:30:00,100674.43,100043.14000000001,100043.14000000001,2025-01-16 01:45:00,take_profit,20.992999999999302,2025-01-15 22:15:00,2025-01,2025-01-16
Range Break 200 Index,sell,100437.0,0.05,2025-01-15 22:45:00,100674.43,99959.14000000001,99959.14000000001,2025-01-16 01:45:00,take_profit,23.892999999999304,2025-01-15 22:30:00,2025-01,2025-01-16
Range Break 200 Index,sell,100449.0,0.05,2025-01-15 23:00:00,100666.43,100017.14000000001,100017.14000000001,2025-01-16 01:45:00,take_profit,21.592999999999304,2025-01-15 22:45:00,2025-01,2025-01-16
Range Break 200 Index,sell,100439.0,0.05,2025-01-15 23:15:00,100655.43,100003.14000000001,100003.14000000001,2025-01-16 01:45:00,take_profit,21.792999999999303,2025-01-15 23:00:00,2025-01,2025-01-16
Range Break 200 Index,sell,100463.0,0.05,2025-01-15 23:30:00,100674.43,100043.14000000001,100043.14000000001,2025-01-16 01:45:00,take_profit,20.992999999999302,2025-01-15 23:15:00,2025-01,2025-01-16
Range Break 200 Index,sell,100435.0,0.05,2025-01-15 23:45:00,100674.43,99959.14000000001,99959.14000000001,2025-01-16 01:45:00,take_profit,23.792999999999303,2025-01-15 23:30:00,2025-01,2025-01-16
Range Break 200 Index,sell,100445.0,0.05,2025-01-16 00:00:00,100672.43,99987.14000000001,99987.14000000001,2025-01-16 01:45:00,take_profit,22.892999999999304,2025-01-15 23:45:00,2025-01,2025-01-16
Range Break 200 Index,sell,100451.0,0.05,2025-01-16 00:15:00,100655.43,100045.14000000001,100045.14000000001,2025-01-16 01:45:00,take_profit,20.292999999999303,2025-01-16 00:00:00,2025-01,2025-01-16
Range Break 200 Index,sell,100455.0,0.05,2025-01-16 00:30:00,100672.43,100023.14000000001,100023.14000000001,2025-01-16 01:45:00,take_profit,21.592999999999304,2025-01-16 00:15:00,2025-01,2025-01-16
Range Break 200 Index,sell,100463.0,0.05,2025-01-16 00:45:00,100674.43,100037.14000000001,100037.14000000001,2025-01-16 01:45:00,take_profit,21.292999999999303,2025-01-16 00:30:00,2025-01,2025-01-16
Range Break 200 Index,sell,100101.0,0.05,2025-01-16 01:15:00,100310.43,99679.14000000001,99679.14000000001,2025-01-16 03:15:00,take_profit,21.092999999999304,2025-01-16 01:00:00,2025-01,2025-01-16
Step Index,buy,8414.8,0.1,2025-01-15 21:00:00,8397.078599999999,8450.542800000001,8397.078599999999,2025-01-16 05:30:00,stop_loss,-1.7721400000000358,2025-01-15 20:45:00,2025-01,2025-01-16
Step Index,buy,8417.0,0.1,2025-01-15 20:45:00,8395.6786,8459.3428,8395.6786,2025-01-16 12:45:00,stop_loss,-2.132140000000072,2025-01-15 20:30:00,2025-01,2025-01-16
Step Index,buy,8413.4,0.1,2025-01-15 21:15:00,8395.8786,8448.142799999998,8395.8786,2025-01-16 12:45:00,stop_loss,-1.7521399999999632,2025-01-15 21:00:00,2025-01,2025-01-16
Step Index,buy,8414.6,0.1,2025-01-15 21:30:00,8394.9786,8453.5428,8394.9786,2025-01-16 12:45:00,stop_loss,-1.9621399999999996,2025-01-15 21:15:00,2025-01,2025-01-16
Step Index,buy,8412.6,0.1,2025-01-15 19:30:00,8393.9786,8450.142800000001,8393.9786,2025-01-16 13:45:00,stop_loss,-1.8621399999999995,2025-01-15 19:15:00,2025-01,2025-01-16
Step Index,buy,8410.0,0.1,2025-01-15 20:15:00,8392.6786,8444.942800000003,8392.6786,2025-01-16 13:45:00,stop_loss,-1.7321400000000722,2025-01-15 20:00:00,2025-01,2025-01-16
Step Index,buy,8413.8,0.1,2025-01-15 20:30:00,8391.8786,8457.342800000002,8391.8786,2025-01-16 13:45:00,stop_loss,-2.192139999999927,2025-01-15 20:15:00,2025-01,2025-01-16
Step Index,buy,8411.4,0.1,2025-01-15 21:45:00,8393.078599999999,8447.7428,8393.078599999999,2025-01-16 13:45:00,stop_loss,-1.8321400000000723,2025-01-15 21:30:00,2025-01,2025-01-16
Step Index,buy,8413.4,0.1,2025-01-15 22:00:00,8392.9786,8454.5428,8392.9786,2025-01-16 13:45:00,stop_loss,-2.0421399999999266,2025-01-15 21:45:00,2025-01,2025-01-16
Step Index,buy,8408.6,0.1,2025-01-15 22:15:00,8391.3786,8442.7428,8391.3786,2025-01-16 13:45:00,stop_loss,-1.722140000000036,2025-01-15 22:00:00,2025-01,2025-01-16
Step Index,buy,8414.4,0.1,2025-01-15 23:00:00,8393.6786,8456.142800000001,8393.6786,2025-01-16 13:45:00,stop_loss,-2.072140000000036,2025-01-15 22:45:00,2025-01,2025-01-16
Step Index,buy,8412.4,0.1,2025-01-16 04:00:00,8391.3786,8454.7428,8391.3786,2025-01-16 13:45:00,stop_loss,-2.102139999999963,2025-01-16 03:45:00,2025-01,2025-01-16
Step Index,buy,8410.0,0.1,2025-01-16 04:15:00,8392.1786,8445.3428,8392.1786,2025-01-16 13:45:00,stop_loss,-1.7821400000000722,2025-01-16 04:00:00,2025-01,2025-01-16
Step Index,buy,8409.6,0.1,2025-01-16 04:30:00,8391.6786,8445.142800000001,8391.6786,2025-01-16 13:45:00,stop_loss,-1.7921400000001086,2025-01-16 04:15:00,2025-01,2025-01-16
Step Index,buy,8412.8,0.1,2025-01-15 20:00:00,8390.2786,8458.1428,8390.2786,2025-01-16 15:00:00,stop_loss,-2.252139999999963,2025-01-15 19:45:00,2025-01,2025-01-16
Step Index,buy,8411.2,0.1,2025-01-15 22:45:00,8390.2786,8452.742800000002,8390.2786,2025-01-16 15:00:00,stop_loss,-2.0921400000001085,2025-01-15 22:30:00,2025-01,2025-01-16
Step Index,buy,8409.6,0.1,2025-01-16 07:00:00,8390.078599999999,8448.342800000002,8390.078599999999,2025-01-16 15:00:00,stop_loss,-1.952140000000145,2025-01-16 06:45:00,2025-01,2025-01-16
Range Break 200 Index,sell,99859.0,0.05,2025-01-16 02:30:00,100073.43,99427.14000000001,99427.14000000001,2025-01-16 21:00:00,take_profit,21.592999999999304,2025-01-16 02:15:00,2025-01,2025-01-16
Range Break 200 Index,sell,99863.0,0.05,2025-01-16 02:45:00,100073.43,99439.14000000001,99439.14000000001,2025-01-16 21:00:00,take_profit,21.1929999999993,2025-01-16 02:30:00,2025-01,2025-01-16
Range Break 200 Index,sell,99855.0,0.05,2025-01-16 03:15:00,100073.43,99421.14000000001,99421.14000000001,2025-01-16 21:00:00,take_profit,21.6929999999993,2025-01-16 03:00:00,2025-01,2025-01-16
Step Index,buy,8407.8,0.1,2025-01-15 19:45:00,8389.078599999999,8445.542800000001,8389.078599999999,2025-01-16 21:15:00,stop_loss,-1.8721400000000359,2025-01-15 19:30:00,2025-01,2025-01-16
Step Index,buy,8407.8,0.1,2025-01-15 22:30:00,8388.3786,8446.942799999999,8388.3786,2025-01-16 21:30:00,stop_loss,-1.9421399999999267,2025-01-15 22:15:00,2025-01,2025-01-16
Step Index,buy,8409.4,0.1,2025-01-16 03:45:00,8386.8786,8454.7428,8386.8786,2025-01-16 21:45:00,stop_loss,-2.252139999999963,2025-01-16 03:30:00,2025-01,2025-01-16
Step Index,buy,8404.2,0.1,2025-01-16 05:00:00,8386.7786,8438.742800000002,8386.7786,2025-01-16 21:45:00,stop_loss,-1.7421400000001086,2025-01-16 04:45:00,2025-01,2025-01-16
Step Index,buy,8406.2,0.1,2025-01-16 06:30:00,8387.2786,8444.342799999999,8387.2786,2025-01-16 21:45:00,stop_loss,-1.8921400000001087,2025-01-16 06:15:00,2025-01,2025-01-16
Step Index,buy,8408.0,0.1,2025-01-16 06:45:00,8387.9786,8447.742799999998,8387.9786,2025-01-16 21:45:00,stop_loss,-2.002139999999963,2025-01-16 06:30:00,2025-01,2025-01-16
Step Index,buy,8402.2,0.1,2025-01-15 12:00:00,8382.1786,8441.942800000003,8382.1786,2025-01-16 22:00:00,stop_loss,-2.002140000000145,2025-01-15 11:45:00,2025-01,2025-01-16
Step Index,buy,8402.6,0.1,2025-01-15 12:15:00,8382.9786,8441.5428,8382.9786,2025-01-16 22:00:00,stop_loss,-1.9621399999999996,2025-01-15 12:00:00,2025-01,2025-01-16
Step Index,buy,8402.2,0.1,2025-01-15 12:45:00,8383.4786,8439.3428,8383.4786,2025-01-16 22:00:00,stop_loss,-1.8721400000000359,2025-01-15 12:30:00,2025-01,2025-01-16
Step Index,buy,8403.8,0.1,2025-01-15 15:30:00,8384.3786,8442.942799999999,8384.3786,2025-01-16 22:00:00,stop_loss,-1.9421399999999267,2025-01-15 15:15:00,2025-01,2025-01-16
Step Index,buy,8402.4,0.1,2025-01-15 15:45:00,8383.6786,8439.5428,8383.6786,2025-01-16 22:00:00,stop_loss,-1.8721400000000359,2025-01-15 15:30:00,2025-01,2025-01-16
Step Index,buy,8398.6,0.1,2025-01-15 16:00:00,8381.8786,8432.342800000002,8381.8786,2025-01-16 22:00:00,stop_loss,-1.672140000000036,2025-01-15 15:45:00,2025-01,2025-01-16
Step Index,buy,8405.0,0.1,2025-01-16 03:30:00,8384.6786,8445.3428,8384.6786,2025-01-16 22:00:00,stop_loss,-2.0321400000000724,2025-01-16 03:15:00,2025-01,2025-01-16
Step Index,buy,8404.2,0.1,2025-01-16 04:45:00,8385.9786,8440.3428,8385.9786,2025-01-16 22:00:00,stop_loss,-1.8221400000000358,2025-01-16 04:30:00,2025-01,2025-01-16
Step Index,buy,8402.2,0.1,2025-01-16 05:15:00,8385.078599999999,8436.142800000003,8385.078599999999,2025-01-16 22:00:00,stop_loss,-1.7121400000001814,2025-01-16 05:00:00,2025-01,2025-01-16
Step Index,buy,8404.2,0.1,2025-01-16 05:30:00,8385.2786,8441.742800000002,8385.2786,2025-01-16 22:00:00,stop_loss,-1.8921400000001087,2025-01-16 05:15:00,2025-01,2025-01-16
Step Index,buy,8405.8,0.1,2025-01-16 06:15:00,8384.7786,8448.1428,8384.7786,2025-01-16 22:00:00,stop_loss,-2.102139999999963,2025-01-16 06:00:00,2025-01,2025-01-16
Step Index,buy,8397.2,0.1,2025-01-15 11:15:00,8380.078599999999,8431.142800000003,8380.078599999999,2025-01-16 22:30:00,stop_loss,-1.7121400000001814,2025-01-15 11:00:00,2025-01,2025-01-16
Step Index,buy,8399.8,0.1,2025-01-15 11:30:00,8378.1786,8442.742800000004,8378.1786,2025-01-16 22:30:00,stop_loss,-2.1621399999999995,2025-01-15 11:15:00,2025-01,2025-01-16
Step Index,buy,8399.4,0.1,2025-01-15 11:45:00,8381.078599999999,8436.342800000002,8381.078599999999,2025-01-16 22:30:00,stop_loss,-1.8321400000000723,2025-01-15 11:30:00,2025-01,2025-01-16
Step Index,buy,8400.4,0.1,2025-01-15 12:30:00,8381.078599999999,8438.7428,8381.078599999999,2025-01-16 22:30:00,stop_loss,-1.9321400000000724,2025-01-15 12:15:00,2025-01,2025-01-16
Step Index,buy,8398.4,0.1,2025-01-15 13:00:00,8380.7786,8433.342799999999,8380.7786,2025-01-16 22:30:00,stop_loss,-1.7621399999999996,2025-01-15 12:45:00,2025-01,2025-01-16
Step Index,buy,8400.4,0.1,2025-01-15 13:15:00,8380.7786,8439.9428,8380.7786,2025-01-16 22:30:00,stop_loss,-1.9621399999999996,2025-01-15 13:00:00,2025-01,2025-01-16
Step Index,buy,8397.4,0.1,2025-01-15 13:30:00,8380.6786,8431.142800000001,8380.6786,2025-01-16 22:30:00,stop_loss,-1.672140000000036,2025-01-15 13:15:00,2025-01,2025-01-16
Step Index,buy,8401.0,0.1,2025-01-15 16:15:00,8380.6786,8441.942800000003,8380.6786,2025-01-16 22:30:00,stop_loss,-2.0321400000000724,2025-01-15 16:00:00,2025-01,2025-01-16
Step Index,buy,8397.6,0.1,2025-01-16 05:45:00,8379.9786,8433.142800000001,8379.9786,2025-01-16 22:30:00,stop_loss,-1.7621399999999996,2025-01-16 05:30:00,2025-01,2025-01-16
Step Index,buy,8402.6,0.1,2025-01-16 06:00:00,8380.7786,8445.9428,8380.7786,2025-01-16 22:30:00,stop_loss,-2.1821400000000724,2025-01-16 05:45:00,2025-01,2025-01-16
Range Break 200 Index,sell,100105.0,0.05,2025-01-16 01:00:00,100674.43,98963.14000000001,98963.14000000001,2025-01-17 03:45:00,take_profit,57.09299999999931,2025-01-16 00:45:00,2025-01,2025-01-17
Range Break 200 Index,sell,99857.0,0.05,2025-01-16 02:00:00,100308.43,98957.14000000001,98957.14000000001,2025-01-17 03:45:00,take_profit,44.992999999999306,2025-01-16 01:45:00,2025-01,2025-01-17
Range Break 200 Index,sell,99547.0,0.05,2025-01-16 03:45:00,99776.43,99091.14000000001,99091.14000000001,2025-01-17 03:45:00,take_profit,22.792999999999303,2025-01-16 03:30:00,2025-01,2025-01-17
Range Break 200 Index,sell,99549.0,0.05,2025-01-16 04:15:00,99756.43,99131.14000000001,99131.14000000001,2025-01-17 03:45:00,take_profit,20.892999999999304,2025-01-16 04:00:00,2025-01,2025-01-17
Range Break 200 Index,sell,99563.0,0.05,2025-01-16 04:30:00,99776.43,99139.14000000001,99139.14000000001,2025-01-17 03:45:00,take_profit,21.1929999999993,2025-01-16 04:15:00,2025-01,2025-01-17
Range Break 200 Index,sell,99557.0,0.05,2025-01-16 04:45:00,99776.43,99121.14000000001,99121.14000000001,2025-01-17 03:45:00,take_profit,21.792999999999303,2025-01-16 04:30:00,2025-01,2025-01-17
Range Break 200 Index,sell,99503.0,0.05,2025-01-16 05:00:00,99759.43,98993.14000000001,98993.14000000001,2025-01-17 03:45:00,take_profit,25.492999999999302,2025-01-16 04:45:00,2025-01,2025-01-17
Range Break 200 Index,sell,99523.0,0.05,2025-01-16 05:30:00,99739.43,99087.14000000001,99087.14000000001,2025-01-17 03:45:00,take_profit,21.792999999999303,2025-01-16 05:15:00,2025-01,2025-01-17
Range Break 200 Index,sell,99519.0,0.05,2025-01-16 07:00:00,99724.43,99105.14000000001,99105.14000000001,2025-01-17 03:45:00,take_profit,20.6929999999993,2025-01-16 06:45:00,2025-01,2025-01-17
Range Break 200 Index,sell,99505.0,0.05,2025-01-16 07:15:00,99723.43,99071.14000000001,99071.14000000001,2025-01-17 03:45:00,take_profit,21.6929999999993,2025-01-16 07:00:00,2025-01,2025-01-17
Range Break 200 Index,sell,99513.0,0.05,2025-01-16 07:30:00,99725.43,99091.14000000001,99091.14000000001,2025-01-17 03:45:00,take_profit,21.092999999999304,2025-01-16 07:15:00,2025-01,2025-01-17
Range Break 200 Index,sell,99483.0,0.05,2025-01-16 08:00:00,99709.43,99027.14000000001,99027.14000000001,2025-01-17 03:45:00,take_profit,22.792999999999303,2025-01-16 07:45:00,2025-01,2025-01-17
Range Break 200 Index,sell,99521.0,0.05,2025-01-16 08:30:00,99727.43,99105.14000000001,99105.14000000001,2025-01-17 03:45:00,take_profit,20.792999999999303,2025-01-16 08:15:00,2025-01,2025-01-17
Range Break 200 Index,sell,99481.0,0.05,2025-01-16 08:45:00,99727.43,98991.14000000001,98991.14000000001,2025-01-17 03:45:00,take_profit,24.492999999999302,2025-01-16 08:30:00,2025-01,2025-01-17
Range Break 200 Index,sell,99531.0,0.05,2025-01-16 09:00:00,99735.43,99125.14000000001,99125.14000000001,2025-01-17 03:45:00,take_profit,20.292999999999303,2025-01-16 08:45:00,2025-01,2025-01-17
Range Break 200 Index,sell,99553.0,0.05,2025-01-16 09:15:00,99754.43,99147.14000000001,99147.14000000001,2025-01-17 03:45:00,take_profit,20.292999999999303,2025-01-16 09:00:00,2025-01,2025-01-17
Range Break 200 Index,sell,99531.0,0.05,2025-01-16 09:30:00,99758.43,99073.14000000001,99073.14000000001,2025-01-17 03:45:00,take_profit,22.892999999999304,2025-01-16 09:15:00,2025-01,2025-01-17
Range Break 200 Index,sell,99515.0,0.05,2025-01-16 09:45:00,99746.43,99049.14000000001,99049.14000000001,2025-01-17 03:45:00,take_profit,23.292999999999303,2025-01-16 09:30:00,2025-01,2025-01-17
Range Break 200 Index,sell,99491.0,0.05,2025-01-16 10:00:00,99716.43,99037.14000000001,99037.14000000001,2025-01-17 03:45:00,take_profit,22.6929999999993,2025-01-16 09:45:00,2025-01,2025-01-17
Range Break 200 Index,sell,99541.0,0.05,2025-01-16 13:45:00,99742.43,99135.14000000001,99135.14000000001,2025-01-17 03:45:00,take_profit,20.292999999999303,2025-01-16 13:30:00,2025-01,2025-01-17
Range Break 200 Index,sell,99561.0,0.05,2025-01-16 14:00:00,99776.43,99133.14000000001,99133.14000000001,2025-01-17 03:45:00,take_profit,21.392999999999304,2025-01-16 13:45:00,2025-01,2025-01-17
Range Break 200 Index,sell,99543.0,0.05,2025-01-16 14:15:00,99776.43,99073.14000000001,99073.14000000001,2025-01-17 03:45:00,take_profit,23.492999999999302,2025-01-16 14:00:00,2025-01,2025-01-17
Range Break 200 Index,sell,99511.0,0.05,2025-01-16 14:30:00,99756.43,99023.14000000001,99023.14000000001,2025-01-17 03:45:00,take_profit,24.392999999999304,2025-01-16 14:15:00,2025-01,2025-01-17
Range Break 200 Index,sell,99517.0,0.05,2025-01-16 14:45:00,99754.43,99045.14000000001,99045.14000000001,2025-01-17 03:45:00,take_profit,23.592999999999304,2025-01-16 14:30:00,2025-01,2025-01-17
Range Break 200 Index,sell,99483.0,0.05,2025-01-16 15:00:00,99718.43,99009.14000000001,99009.14000000001,2025-01-17 03:45:00,take_profit,23.6929999999993,2025-01-16 14:45:00,2025-01,2025-01-17
Range Break 200 Index,sell,99539.0,0.05,2025-01-16 15:15:00,99745.43,99123.14000000001,99123.14000000001,2025-01-17 03:45:00,take_profit,20.792999999999303,2025-01-16 15:00:00,2025-01,2025-01-17
Range Break 200 Index,sell,99547.0,0.05,2025-01-16 15:30:00,99753.43,99131.14000000001,99131.14000000001,2025-01-17 03:45:00,take_profit,20.792999999999303,2025-01-16 15:15:00,2025-01,2025-01-17
Range Break 200 Index,sell,99541.0,0.05,2025-01-16 15:45:00,99764.43,99091.14000000001,99091.14000000001,2025-01-17 03:45:00,take_profit,22.492999999999302,2025-01-16 15:30:00,2025-01,2025-01-17
Range Break 200 Index,sell,99561.0,0.05,2025-01-16 16:00:00,99776.43,99133.14000000001,99133.14000000001,2025-01-17 03:45:00,take_profit,21.392999999999304,2025-01-16 15:45:00,2025-01,2025-01-17
Range Break 200 Index,sell,99551.0,0.05,2025-01-16 16:15:00,99773.43,99109.14000000001,99109.14000000001,2025-01-17 03:45:00,take_profit,22.092999999999304,2025-01-16 16:00:00,2025-01,2025-01-17
Range Break 200 Index,sell,99551.0,0.05,2025-01-16 16:30:00,99776.43,99097.14000000001,99097.14000000001,2025-01-17 03:45:00,take_profit,22.6929999999993,2025-01-16 16:15:00,2025-01,2025-01-17
Range Break 200 Index,sell,99505.0,0.05,2025-01-16 16:45:00,99758.43,98995.14000000001,98995.14000000001,2025-01-17 03:45:00,take_profit,25.492999999999302,2025-01-16 16:30:00,2025-01,2025-01-17
Range Break 200 Index,sell,99565.0,0.05,2025-01-16 17:00:00,99771.43,99149.14000000001,99149.14000000001,2025-01-17 03:45:00,take_profit,20.792999999999303,2025-01-16 16:45:00,2025-01,2025-01-17
Range Break 200 Index,sell,99559.0,0.05,2025-01-16 17:15:00,99776.43,99121.14000000001,99121.14000000001,2025-01-17 03:45:00,take_profit,21.892999999999304,2025-01-16 17:00:00,2025-01,2025-01-17
Range Break 200 Index,sell,99567.0,0.05,2025-01-16 17:30:00,99776.43,99151.14000000001,99151.14000000001,2025-01-17 03:45:00,take_profit,20.792999999999303,2025-01-16 17:15:00,2025-01,2025-01-17
Range Break 200 Index,sell,99553.0,0.05,2025-01-16 17:45:00,99776.43,99109.14000000001,99109.14000000001,2025-01-17 03:45:00,take_profit,22.1929999999993,2025-01-16 17:30:00,2025-01,2025-01-17
Range Break 200 Index,sell,99555.0,0.05,2025-01-16 18:00:00,99776.43,99109.14000000001,99109.14000000001,2025-01-17 03:45:00,take_profit,22.292999999999303,2025-01-16 17:45:00,2025-01,2025-01-17
Range Break 200 Index,sell,99501.0,0.05,2025-01-16 18:15:00,99756.43,98993.14000000001,98993.14000000001,2025-01-17 03:45:00,take_profit,25.392999999999304,2025-01-16 18:00:00,2025-01,2025-01-17
Range Break 200 Index,sell,99511.0,0.05,2025-01-16 18:30:00,99716.43,99097.14000000001,99097.14000000001,2025-01-17 03:45:00,take_profit,20.6929999999993,2025-01-16 18:15:00,2025-01,2025-01-17
Range Break 200 Index,sell,99491.0,0.05,2025-01-16 20:15:00,99716.43,99037.14000000001,99037.14000000001,2025-01-17 03:45:00,take_profit,22.6929999999993,2025-01-16 20:00:00,2025-01,2025-01-17
Range Break 200 Index,sell,99515.0,0.05,2025-01-16 20:30:00,99738.43,99071.14000000001,99071.14000000001,2025-01-17 03:45:00,take_profit,22.1929999999993,2025-01-16 20:15:00,2025-01,2025-01-17
Range Break 200 Index,sell,99549.0,0.05,2025-01-16 20:45:00,99762.43,99125.14000000001,99125.14000000001,2025-01-17 03:45:00,take_profit,21.1929999999993,2025-01-16 20:30:00,2025-01,2025-01-17
Range Break 200 Index,sell,99483.0,0.05,2025-01-16 21:00:00,99750.43,98945.14000000001,98945.14000000001,2025-01-17 03:45:00,take_profit,26.892999999999304,2025-01-16 20:45:00,2025-01,2025-01-17
Range Break 200 Index,sell,99417.0,0.05,2025-01-16 21:30:00,99635.43,98983.14000000001,98983.14000000001,2025-01-17 03:45:00,take_profit,21.6929999999993,2025-01-16 21:15:00,2025-01,2025-01-17
Range Break 200 Index,sell,99417.0,0.05,2025-01-16 21:45:00,99633.43,98981.14000000001,98981.14000000001,2025-01-17 03:45:00,take_profit,21.792999999999303,2025-01-16 21:30:00,2025-01,2025-01-17
Range Break 200 Index,sell,99419.0,0.05,2025-01-16 22:00:00,99635.43,98983.14000000001,98983.14000000001,2025-01-17 03:45:00,take_profit,21.792999999999303,2025-01-16 21:45:00,2025-01,2025-01-17
Range Break 200 Index,sell,99429.0,0.05,2025-01-16 22:15:00,99635.43,99013.14000000001,99013.14000000001,2025-01-17 03:45:00,take_profit,20.792999999999303,2025-01-16 22:00:00,2025-01,2025-01-17
Range Break 200 Index,sell,99409.0,0.05,2025-01-16 22:30:00,99635.43,98953.14000000001,98953.14000000001,2025-01-17 03:45:00,take_profit,22.792999999999303,2025-01-16 22:15:00,2025-01,2025-01-17
Range Break 200 Index,sell,98931.0,0.05,2025-01-17 04:15:00,99134.43,98527.14000000001,99134.43,2025-01-17 08:30:00,stop_loss,-10.171499999999652,2025-01-17 04:00:00,2025-01,2025-01-17
Range Break 200 Index,sell,98933.0,0.05,2025-01-17 04:30:00,99134.43,98527.14000000001,99134.43,2025-01-17 08:30:00,stop_loss,-10.071499999999652,2025-01-17 04:15:00,2025-01,2025-01-17
Range Break 200 Index,sell,98903.0,0.05,2025-01-17 04:45:00,99134.43,98443.14000000001,99134.43,2025-01-17 08:30:00,stop_loss,-11.571499999999652,2025-01-17 04:30:00,2025-01,2025-01-17
Range Break 200 Index,sell,98893.0,0.05,2025-01-17 05:00:00,99114.43,98447.14000000001,99114.43,2025-01-17 08:30:00,stop_loss,-11.071499999999652,2025-01-17 04:45:00,2025-01,2025-01-17
Step Index,buy,8397.0,0.1,2025-01-15 10:15:00,8376.2786,8438.1428,8376.2786,2025-01-17 10:45:00,stop_loss,-2.072140000000036,2025-01-15 10:00:00,2025-01,2025-01-17
Step Index,buy,8394.2,0.1,2025-01-15 10:30:00,8376.078599999999,8430.142800000003,8376.078599999999,2025-01-17 10:45:00,stop_loss,-1.8121400000001815,2025-01-15 10:15:00,2025-01,2025-01-17
Step Index,buy,8398.8,0.1,2025-01-15 10:45:00,8376.1786,8444.3428,8376.1786,2025-01-17 10:45:00,stop_loss,-2.2621399999999996,2025-01-15 10:30:00,2025-01,2025-01-17
Step Index,buy,8393.6,0.1,2025-01-15 14:00:00,8376.3786,8428.342800000002,8376.3786,2025-01-17 10:45:00,stop_loss,-1.722140000000036,2025-01-15 13:45:00,2025-01,2025-01-17
Step Index,buy,8396.2,0.1,2025-01-15 14:15:00,8375.2786,8437.742800000002,8375.2786,2025-01-17 10:45:00,stop_loss,-2.0921400000001085,2025-01-15 14:00:00,2025-01,2025-01-17
Step Index,buy,8393.6,0.1,2025-01-15 14:30:00,8376.9786,8427.142800000001,8376.9786,2025-01-17 10:45:00,stop_loss,-1.6621399999999995,2025-01-15 14:15:00,2025-01,2025-01-17
Step Index,buy,8393.0,0.1,2025-01-15 10:00:00,8371.2786,8436.1428,8371.2786,2025-01-17 11:00:00,stop_loss,-2.1721400000000357,2025-01-15 09:45:00,2025-01,2025-01-17
Step Index,buy,8394.0,0.1,2025-01-15 13:45:00,8374.4786,8432.742799999998,8374.4786,2025-01-17 11:00:00,stop_loss,-1.9521399999999631,2025-01-15 13:30:00,2025-01,2025-01-17
Step Index,buy,8388.6,0.1,2025-01-15 09:15:00,8368.078599999999,8429.342800000002,8368.078599999999,2025-01-17 11:15:00,stop_loss,-2.052140000000145,2025-01-15 09:00:00,2025-01,2025-01-17
Step Index,buy,8389.2,0.1,2025-01-15 09:30:00,8369.7786,8428.342799999999,8369.7786,2025-01-17 11:15:00,stop_loss,-1.9421400000001086,2025-01-15 09:15:00,2025-01,2025-01-17
Step Index,buy,8388.2,0.1,2025-01-15 09:45:00,8370.3786,8423.542800000001,8370.3786,2025-01-17 11:15:00,stop_loss,-1.7821400000000722,2025-01-15 09:30:00,2025-01,2025-01-17
Range Break 200 Index,sell,99407.0,0.05,2025-01-16 21:15:00,99710.43,98803.14000000001,98803.14000000001,2025-01-17 19:30:00,take_profit,30.1929999999993,2025-01-16 21:00:00,2025-01,2025-01-17
Range Break 200 Index,sell,99212.0,0.05,2025-01-16 23:00:00,99434.43,98770.14000000001,98770.14000000001,2025-01-17 19:30:00,take_profit,22.092999999999304,2025-01-16 22:45:00,2025-01,2025-01-17
Range Break 200 Index,sell,99240.0,0.05,2025-01-16 23:15:00,99458.43,98806.14000000001,98806.14000000001,2025-01-17 19:30:00,take_profit,21.6929999999993,2025-01-16 23:00:00,2025-01,2025-01-17
Range Break 200 Index,sell,99176.0,0.05,2025-01-16 23:30:00,99451.43,98622.14000000001,98622.14000000001,2025-01-17 19:30:00,take_profit,27.6929999999993,2025-01-16 23:15:00,2025-01,2025-01-17
Range Break 200 Index,sell,99162.0,0.05,2025-01-16 23:45:00,99377.43,98734.14000000001,98734.14000000001,2025-01-17 19:30:00,take_profit,21.392999999999304,2025-01-16 23:30:00,2025-01,2025-01-17
Range Break 200 Index,sell,99172.0,0.05,2025-01-17 00:00:00,99385.43,98742.14000000001,98742.14000000001,2025-01-17 19:30:00,take_profit,21.492999999999302,2025-01-16 23:45:00,2025-01,2025-01-17
Range Break 200 Index,sell,99230.0,0.05,2025-01-17 00:15:00,99435.43,98816.14000000001,98816.14000000001,2025-01-17 19:30:00,take_profit,20.6929999999993,2025-01-17 00:00:00,2025-01,2025-01-17
Range Break 200 Index,sell,99244.0,0.05,2025-01-17 00:30:00,99454.43,98826.14000000001,98826.14000000001,2025-01-17 19:30:00,take_profit,20.892999999999304,2025-01-17 00:15:00,2025-01,2025-01-17
Range Break 200 Index,sell,99244.0,0.05,2025-01-17 00:45:00,99458.43,98818.14000000001,98818.14000000001,2025-01-17 19:30:00,take_profit,21.292999999999303,2025-01-17 00:30:00,2025-01,2025-01-17
Range Break 200 Index,sell,99179.0,0.05,2025-01-17 01:15:00,99390.43,98753.14000000001,98753.14000000001,2025-01-17 19:30:00,take_profit,21.292999999999303,2025-01-17 01:00:00,2025-01,2025-01-17
Range Break 200 Index,sell,99187.0,0.05,2025-01-17 01:45:00,99399.43,98759.14000000001,98759.14000000001,2025-01-17 19:30:00,take_profit,21.392999999999304,2025-01-17 01:30:00,2025-01,2025-01-17
Range Break 200 Index,sell,99167.0,0.05,2025-01-17 02:00:00,99396.43,98705.14000000001,98705.14000000001,2025-01-17 19:30:00,take_profit,23.092999999999304,2025-01-17 01:45:00,2025-01,2025-01-17
Range Break 200 Index,sell,99209.0,0.05,2025-01-17 02:15:00,99417.43,98789.14000000001,98789.14000000001,2025-01-17 19:30:00,take_profit,20.992999999999302,2025-01-17 02:00:00,2025-01,2025-01-17
Range Break 200 Index,sell,99245.0,0.05,2025-01-17 02:30:00,99456.43,98819.14000000001,98819.14000000001,2025-01-17 19:30:00,take_profit,21.292999999999303,2025-01-17 02:15:00,2025-01,2025-01-17
Range Break 200 Index,sell,99243.0,0.05,2025-01-17 02:45:00,99458.43,98815.14000000001,98815.14000000001,2025-01-17 19:30:00,take_profit,21.392999999999304,2025-01-17 02:30:00,2025-01,2025-01-17
Range Break 200 Index,sell,99207.0,0.05,2025-01-17 03:00:00,99455.43,98707.14000000001,98707.14000000001,2025-01-17 19:30:00,take_profit,24.992999999999302,2025-01-17 02:45:00,2025-01,2025-01-17
Range Break 200 Index,sell,99203.0,0.05,2025-01-17 03:15:00,99427.43,98751.14000000001,98751.14000000001,2025-01-17 19:30:00,take_profit,22.592999999999304,2025-01-17 03:00:00,2025-01,2025-01-17
Range Break 200 Index,sell,99159.0,0.05,2025-01-17 03:45:00,99404.43,98665.14000000001,98665.14000000001,2025-01-17 19:30:00,take_profit,24.6929999999993,2025-01-17 03:30:00,2025-01,2025-01-17
Range Break 200 Index,sell,98883.0,0.05,2025-01-17 04:00:00,99360.43,97931.14000000001,99360.43,2025-01-18 07:30:00,stop_loss,-23.871499999999653,2025-01-17 03:45:00,2025-01,2025-01-18
Range Break 200 Index,sell,99161.0,0.05,2025-01-17 01:00:00,99445.43,98589.14000000001,99445.43,2025-01-18 07:45:00,stop_loss,-14.22149999999965,2025-01-17 00:45:00,2025-01,2025-01-18
Range Break 200 Index,sell,99495.0,0.05,2025-01-16 03:30:00,100064.43,98353.14000000001,98353.14000000001,2025-01-19 03:30:00,take_profit,57.09299999999931,2025-01-16 03:15:00,2025-01,2025-01-19
Range Break 200 Index,sell,98753.0,0.05,2025-01-20 08:00:00,98953.22,98349.56,98953.22,2025-01-20 12:15:00,stop_loss,-10.01100000000006,2025-01-20 07:45:00,2025-01,2025-01-20
Range Break 200 Index,sell,98785.0,0.05,2025-01-20 05:45:00,98983.22,98385.56,98983.22,2025-01-20 12:30:00,stop_loss,-9.911000000000058,2025-01-20 05:30:00,2025-01,2025-01-20
Range Break 200 Index,sell,98785.0,0.05,2025-01-20 06:00:00,99002.22,98353.56,99002.22,2025-01-20 12:30:00,stop_loss,-10.86100000000006,2025-01-20 05:45:00,2025-01,2025-01-20
Range Break 200 Index,sell,98735.0,0.05,2025-01-20 06:15:00,98989.22,98229.56,98989.22,2025-01-20 12:30:00,stop_loss,-12.711000000000059,2025-01-20 06:00:00,2025-01,2025-01-20
Range Break 200 Index,sell,98759.0,0.05,2025-01-20 06:30:00,98974.22,98325.56,98974.22,2025-01-20 12:30:00,stop_loss,-10.76100000000006,2025-01-20 06:15:00,2025-01,2025-01-20
Range Break 200 Index,sell,98785.0,0.05,2025-01-20 07:15:00,99002.22,98353.56,99002.22,2025-01-20 12:30:00,stop_loss,-10.86100000000006,2025-01-20 07:00:00,2025-01,2025-01-20
Range Break 200 Index,sell,98787.0,0.05,2025-01-20 07:30:00,99002.22,98353.56,99002.22,2025-01-20 12:30:00,stop_loss,-10.76100000000006,2025-01-20 07:15:00,2025-01,2025-01-20
Range Break 200 Index,sell,98755.0,0.05,2025-01-20 07:45:00,99002.22,98257.56,99002.22,2025-01-20 12:30:00,stop_loss,-12.36100000000006,2025-01-20 07:30:00,2025-01,2025-01-20
Range Break 200 Index,sell,98751.0,0.05,2025-01-20 08:30:00,98967.22,98321.56,98967.22,2025-01-20 12:30:00,stop_loss,-10.811000000000059,2025-01-20 08:15:00,2025-01,2025-01-20
Range Break 200 Index,sell,98749.0,0.05,2025-01-20 08:45:00,98976.22,98291.56,98976.22,2025-01-20 12:30:00,stop_loss,-11.36100000000006,2025-01-20 08:30:00,2025-01,2025-01-20
Range Break 200 Index,sell,98775.0,0.05,2025-01-20 09:00:00,98989.22,98349.56,98989.22,2025-01-20 12:30:00,stop_loss,-10.711000000000059,2025-01-20 08:45:00,2025-01,2025-01-20
Range Break 200 Index,sell,98773.0,0.05,2025-01-20 09:15:00,99002.22,98317.56,99002.22,2025-01-20 12:30:00,stop_loss,-11.461000000000059,2025-01-20 09:00:00,2025-01,2025-01-20
Range Break 200 Index,sell,98801.0,0.05,2025-01-20 09:30:00,99002.22,98401.56,99002.22,2025-01-20 12:30:00,stop_loss,-10.061000000000059,2025-01-20 09:15:00,2025-01,2025-01-20
Range Break 200 Index,sell,98763.0,0.05,2025-01-20 09:45:00,99002.22,98281.56,99002.22,2025-01-20 12:30:00,stop_loss,-11.961000000000059,2025-01-20 09:30:00,2025-01,2025-01-20
Range Break 200 Index,sell,98739.0,0.05,2025-01-20 10:00:00,98972.22,98275.56,98972.22,2025-01-20 12:30:00,stop_loss,-11.661000000000058,2025-01-20 09:45:00,2025-01,2025-01-20
Boom 300 Index,sell,832.031,0.3,2025-01-20 13:00:00,843.5960714285715,808.9188571428572,843.5960714285715,2025-01-20 14:30:00,stop_loss,-3.469521428571454,2025-01-20 12:45:00,2025-01,2025-01-20
Boom 300 Index,sell,833.368,0.3,2025-01-20 12:30:00,845.8557142857143,808.4015714285714,845.8557142857143,2025-01-20 14:45:00,stop_loss,-3.7463142857142655,2025-01-20 12:15:00,2025-01,2025-01-20
Boom 300 Index,sell,836.571,0.3,2025-01-20 12:45:00,846.6063571428572,816.5032857142857,846.6063571428572,2025-01-20 14:45:00,stop_loss,-3.0106071428571455,2025-01-20 12:30:00,2025-01,2025-01-20
Boom 300 Index,sell,839.059,0.3,2025-01-20 12:15:00,851.6551428571429,813.8667142857141,851.6551428571429,2025-01-20 15:00:00,stop_loss,-3.7788428571428767,2025-01-20 12:00:00,2025-01,2025-01-20
Range Break 200 Index,buy,99018.0,0.05,2025-01-20 14:15:00,98808.538,99439.924,98808.538,2025-01-20 16:15:00,stop_loss,-10.473099999999977,2025-01-20 14:00:00,2025-01,2025-01-20
Range Break 200 Index,buy,99008.0,0.05,2025-01-20 14:30:00,98792.538,99441.924,98792.538,2025-01-20 16:15:00,stop_loss,-10.773099999999978,2025-01-20 14:15:00,2025-01,2025-01-20
Range Break 200 Index,buy,98996.0,0.05,2025-01-20 14:45:00,98792.538,99405.924,98792.538,2025-01-20 16:15:00,stop_loss,-10.173099999999977,2025-01-20 14:30:00,2025-01,2025-01-20
Range Break 200 Index,buy,98994.0,0.05,2025-01-20 15:00:00,98792.538,99393.924,98792.538,2025-01-20 16:15:00,stop_loss,-10.073099999999977,2025-01-20 14:45:00,2025-01,2025-01-20
Range Break 200 Index,buy,99024.0,0.05,2025-01-20 15:15:00,98792.538,99489.924,98792.538,2025-01-20 16:15:00,stop_loss,-11.573099999999977,2025-01-20 15:00:00,2025-01,2025-01-20
Range Break 200 Index,buy,99028.0,0.05,2025-01-20 15:30:00,98811.538,99463.924,98811.538,2025-01-20 16:15:00,stop_loss,-10.823099999999977,2025-01-20 15:15:00,2025-01,2025-01-20
Range Break 200 Index,buy,99010.0,0.05,2025-01-20 15:45:00,98810.538,99411.924,98810.538,2025-01-20 16:15:00,stop_loss,-9.973099999999977,2025-01-20 15:30:00,2025-01,2025-01-20
Range Break 200 Index,buy,99002.0,0.05,2025-01-20 16:00:00,98792.538,99417.924,98792.538,2025-01-20 16:15:00,stop_loss,-10.473099999999977,2025-01-20 15:45:00,2025-01,2025-01-20
Range Break 200 Index,sell,98998.0,0.05,2025-01-20 16:15:00,99062.42857142857,98866.14285714287,98866.14285714287,2025-01-20 16:15:00,take_profit,6.59285714285652,2025-01-20 16:00:00,2025-01,2025-01-20
Range Break 200 Index,sell,98849.0,0.05,2025-01-20 04:00:00,99066.22,98417.56,99066.22,2025-01-20 19:15:00,stop_loss,-10.86100000000006,2025-01-20 03:45:00,2025-01,2025-01-20
Range Break 200 Index,sell,98863.0,0.05,2025-01-20 04:15:00,99075.22,98441.56,99075.22,2025-01-20 19:15:00,stop_loss,-10.61100000000006,2025-01-20 04:00:00,2025-01,2025-01-20
Range Break 200 Index,sell,98879.0,0.05,2025-01-20 04:30:00,99087.22,98465.56,99087.22,2025-01-20 19:15:00,stop_loss,-10.411000000000058,2025-01-20 04:15:00,2025-01,2025-01-20
Range Break 200 Index,sell,98853.0,0.05,2025-01-20 04:45:00,99087.22,98381.56,99087.22,2025-01-20 19:15:00,stop_loss,-11.711000000000059,2025-01-20 04:30:00,2025-01,2025-01-20
Range Break 200 Index,sell,98855.0,0.05,2025-01-20 05:00:00,99060.22,98447.56,99060.22,2025-01-20 19:15:00,stop_loss,-10.26100000000006,2025-01-20 04:45:00,2025-01,2025-01-20
Range Break 200 Index,sell,98867.0,0.05,2025-01-20 05:15:00,99079.22,98445.56,99079.22,2025-01-20 19:15:00,stop_loss,-10.61100000000006,2025-01-20 05:00:00,2025-01,2025-01-20
Range Break 200 Index,sell,98735.0,0.05,2025-01-20 05:30:00,99086.22,98035.56,99086.22,2025-01-20 19:15:00,stop_loss,-17.56100000000006,2025-01-20 05:15:00,2025-01,2025-01-20
Range Break 200 Index,sell,98750.0,0.05,2025-01-20 17:00:00,98975.22,98302.56,98975.22,2025-01-20 19:15:00,stop_loss,-11.26100000000006,2025-01-20 16:45:00,2025-01,2025-01-20
Range Break 200 Index,sell,98740.0,0.05,2025-01-20 17:15:00,98957.22,98302.56,98957.22,2025-01-20 19:15:00,stop_loss,-10.86100000000006,2025-01-20 17:00:00,2025-01,2025-01-20
Range Break 200 Index,sell,98752.0,0.05,2025-01-20 17:30:00,98968.22,98316.56,98968.22,2025-01-20 19:15:00,stop_loss,-10.811000000000059,2025-01-20 17:15:00,2025-01,2025-01-20
Range Break 200 Index,sell,98776.0,0.05,2025-01-20 17:45:00,98977.22,98376.56,98977.22,2025-01-20 19:15:00,stop_loss,-10.061000000000059,2025-01-20 17:30:00,2025-01,2025-01-20
Range Break 200 Index,sell,98772.0,0.05,2025-01-20 18:00:00,98977.22,98364.56,98977.22,2025-01-20 19:15:00,stop_loss,-10.26100000000006,2025-01-20 17:45:00,2025-01,2025-01-20
Range Break 200 Index,sell,98778.0,0.05,2025-01-20 18:15:00,98977.22,98382.56,98977.22,2025-01-20 19:15:00,stop_loss,-9.961000000000059,2025-01-20 18:00:00,2025-01,2025-01-20
Range Break 200 Index,sell,98742.0,0.05,2025-01-20 18:30:00,98977.22,98274.56,98977.22,2025-01-20 19:15:00,stop_loss,-11.76100000000006,2025-01-20 18:15:00,2025-01,2025-01-20
Range Break 200 Index,sell,98778.0,0.05,2025-01-20 18:45:00,98977.22,98382.56,98977.22,2025-01-20 19:15:00,stop_loss,-9.961000000000059,2025-01-20 18:30:00,2025-01,2025-01-20
Range Break 200 Index,sell,98768.0,0.05,2025-01-20 19:00:00,98977.22,98352.56,98977.22,2025-01-20 19:15:00,stop_loss,-10.461000000000059,2025-01-20 18:45:00,2025-01,2025-01-20
Range Break 200 Index,buy,98774.0,0.05,2025-01-20 19:15:00,98673.85714285714,98971.28571428571,98971.28571428571,2025-01-20 19:15:00,take_profit,9.864285714285508,2025-01-20 19:00:00,2025-01,2025-01-20
Boom 300 Index,sell,837.839,0.3,2025-01-20 18:15:00,848.7099285714286,816.127142857143,848.7099285714286,2025-01-20 19:30:00,stop_loss,-3.2612785714285564,2025-01-20 18:00:00,2025-01,2025-01-20
Boom 300 Index,sell,833.44,0.3,2025-01-20 18:45:00,844.2128571428572,811.8972857142858,844.2128571428572,2025-01-20 19:30:00,stop_loss,-3.2318571428571317,2025-01-20 18:30:00,2025-01,2025-01-20
Boom 300 Index,sell,833.31,0.3,2025-01-20 19:00:00,840.7797142857144,818.4035714285714,840.7797142857144,2025-01-20 19:30:00,stop_loss,-2.240914285714325,2025-01-20 18:45:00,2025-01,2025-01-20
Range Break 200 Index,buy,99410.0,0.05,2025-01-20 22:30:00,99160.538,99905.924,99160.538,2025-01-21 02:30:00,stop_loss,-12.473099999999977,2025-01-20 22:15:00,2025-01,2025-01-21
Range Break 200 Index,buy,99408.0,0.05,2025-01-20 23:45:00,99159.538,99901.924,99159.538,2025-01-21 02:30:00,stop_loss,-12.423099999999977,2025-01-20 23:30:00,2025-01,2025-01-21
Range Break 200 Index,buy,99368.0,0.05,2025-01-21 02:00:00,99166.538,99767.924,99166.538,2025-01-21 02:30:00,stop_loss,-10.073099999999977,2025-01-21 01:45:00,2025-01,2025-01-21
Boom 300 Index,sell,844.769,0.3,2025-01-21 07:15:00,850.0027142857143,834.3225714285712,834.3225714285712,2025-01-21 07:45:00,take_profit,3.1339285714286347,2025-01-21 07:00:00,2025-01,2025-01-21
Boom 300 Index,sell,834.249,0.3,2025-01-21 08:00:00,841.8412857142857,819.0914285714287,841.8412857142857,2025-01-21 08:15:00,stop_loss,-2.2776857142857123,2025-01-21 07:45:00,2025-01,2025-01-21
Step Index,sell,8371.3,0.1,2025-01-21 08:45:00,8379.685714285715,8354.228571428572,8379.685714285715,2025-01-21 08:30:00,stop_loss,-0.838571428571595,2025-01-21 08:30:00,2025-01,2025-01-21
XAUUSD,buy,2731.67,0.05,2025-01-21 07:45:00,2721.53462,2751.85076,2721.53462,2025-01-21 08:45:00,stop_loss,-0.5067690000000085,2025-01-21 07:30:00,2025-01,2025-01-21
XAUUSD,buy,2726.86,0.05,2025-01-21 04:30:00,2718.82462,2742.9307600000006,2718.82462,2025-01-21 09:00:00,stop_loss,-0.401769000000013,2025-01-21 04:15:00,2025-01,2025-01-21
XAUUSD,buy,2727.34,0.05,2025-01-21 05:00:00,2719.74462,2742.5307600000006,2719.74462,2025-01-21 09:00:00,stop_loss,-0.37976900000001024,2025-01-21 04:45:00,2025-01,2025-01-21
XAUUSD,buy,2726.87,0.05,2025-01-21 08:15:00,2720.6946199999998,2739.22076,2720.6946199999998,2025-01-21 09:00:00,stop_loss,-0.3087690000000066,2025-01-21 08:00:00,2025-01,2025-01-21
Boom 300 Index,sell,842.368,0.3,2025-01-21 06:45:00,848.5307857142857,830.0634285714286,830.0634285714286,2025-01-21 09:15:00,take_profit,3.691371428571426,2025-01-21 06:30:00,2025-01,2025-01-21
Boom 300 Index,sell,843.355,0.3,2025-01-21 06:30:00,851.1555,827.7690000000001,827.7690000000001,2025-01-21 09:45:00,take_profit,4.6757999999999695,2025-01-21 06:15:00,2025-01,2025-01-21
Boom 300 Index,sell,842.392,0.3,2025-01-21 08:30:00,849.8988571428571,827.378285714286,827.378285714286,2025-01-21 09:45:00,take_profit,4.504114285714217,2025-01-21 08:15:00,2025-01,2025-01-21
Boom 300 Index,sell,831.528,0.3,2025-01-21 10:00:00,836.832,820.9289999999999,836.832,2025-01-21 10:00:00,stop_loss,-1.591199999999992,2025-01-21 09:45:00,2025-01,2025-01-21
Range Break 200 Index,buy,99364.0,0.05,2025-01-20 23:30:00,99141.538,99811.924,99141.538,2025-01-21 10:45:00,stop_loss,-11.123099999999978,2025-01-20 23:15:00,2025-01,2025-01-21
Range Break 200 Index,buy,99340.0,0.05,2025-01-21 01:30:00,99141.538,99739.924,99141.538,2025-01-21 10:45:00,stop_loss,-9.923099999999977,2025-01-21 01:15:00,2025-01,2025-01-21
Range Break 200 Index,buy,99398.0,0.05,2025-01-21 01:45:00,99141.538,99913.924,99141.538,2025-01-21 10:45:00,stop_loss,-12.823099999999977,2025-01-21 01:30:00,2025-01,2025-01-21
Range Break 200 Index,buy,99340.0,0.05,2025-01-21 02:15:00,99141.538,99739.924,99141.538,2025-01-21 10:45:00,stop_loss,-9.923099999999977,2025-01-21 02:00:00,2025-01,2025-01-21
Range Break 200 Index,buy,99200.0,0.05,2025-01-21 03:00:00,98969.538,99663.924,98969.538,2025-01-21 10:45:00,stop_loss,-11.523099999999978,2025-01-21 02:45:00,2025-01,2025-01-21
Range Break 200 Index,buy,99198.0,0.05,2025-01-21 03:15:00,98970.538,99649.924,98970.538,2025-01-21 10:45:00,stop_loss,-11.373099999999978,2025-01-21 03:00:00,2025-01,2025-01-21
Range Break 200 Index,buy,99200.0,0.05,2025-01-21 03:30:00,98982.538,99637.924,98982.538,2025-01-21 10:45:00,stop_loss,-10.873099999999978,2025-01-21 03:15:00,2025-01,2025-01-21
Range Break 200 Index,buy,99170.0,0.05,2025-01-21 03:45:00,98971.538,99569.924,98971.538,2025-01-21 10:45:00,stop_loss,-9.923099999999977,2025-01-21 03:30:00,2025-01,2025-01-21
Range Break 200 Index,buy,99164.0,0.05,2025-01-21 04:00:00,98963.538,99561.924,98963.538,2025-01-21 10:45:00,stop_loss,-10.023099999999978,2025-01-21 03:45:00,2025-01,2025-01-21
Range Break 200 Index,buy,99174.0,0.05,2025-01-21 04:15:00,98944.538,99629.924,98944.538,2025-01-21 10:45:00,stop_loss,-11.473099999999977,2025-01-21 04:00:00,2025-01,2025-01-21
Range Break 200 Index,buy,99152.0,0.05,2025-01-21 04:30:00,98944.538,99563.924,98944.538,2025-01-21 10:45:00,stop_loss,-10.373099999999978,2025-01-21 04:15:00,2025-01,2025-01-21
Range Break 200 Index,buy,99172.0,0.05,2025-01-21 04:45:00,98944.538,99623.924,98944.538,2025-01-21 10:45:00,stop_loss,-11.373099999999978,2025-01-21 04:30:00,2025-01,2025-01-21
Range Break 200 Index,buy,99196.0,0.05,2025-01-21 05:00:00,98968.538,99647.924,98968.538,2025-01-21 10:45:00,stop_loss,-11.373099999999978,2025-01-21 04:45:00,2025-01,2025-01-21
Range Break 200 Index,buy,99210.0,0.05,2025-01-21 05:15:00,98986.538,99653.924,98986.538,2025-01-21 10:45:00,stop_loss,-11.173099999999977,2025-01-21 05:00:00,2025-01,2025-01-21
Range Break 200 Index,buy,99206.0,0.05,2025-01-21 05:30:00,98980.538,99659.924,98980.538,2025-01-21 10:45:00,stop_loss,-11.273099999999978,2025-01-21 05:15:00,2025-01,2025-01-21
Range Break 200 Index,buy,99196.0,0.05,2025-01-21 05:45:00,98987.538,99615.924,98987.538,2025-01-21 10:45:00,stop_loss,-10.423099999999977,2025-01-21 05:30:00,2025-01,2025-01-21
Range Break 200 Index,buy,99176.0,0.05,2025-01-21 06:00:00,98967.538,99589.924,98967.538,2025-01-21 10:45:00,stop_loss,-10.423099999999977,2025-01-21 05:45:00,2025-01,2025-01-21
Range Break 200 Index,buy,99160.0,0.05,2025-01-21 06:15:00,98944.538,99587.924,98944.538,2025-01-21 10:45:00,stop_loss,-10.773099999999978,2025-01-21 06:00:00,2025-01,2025-01-21
Range Break 200 Index,buy,99142.0,0.05,2025-01-21 06:30:00,98944.538,99539.924,98944.538,2025-01-21 10:45:00,stop_loss,-9.873099999999978,2025-01-21 06:15:00,2025-01,2025-01-21
Range Break 200 Index,buy,99150.0,0.05,2025-01-21 06:45:00,98944.538,99563.924,98944.538,2025-01-21 10:45:00,stop_loss,-10.273099999999978,2025-01-21 06:30:00,2025-01,2025-01-21
Range Break 200 Index,buy,99182.0,0.05,2025-01-21 07:00:00,98944.538,99659.924,98944.538,2025-01-21 10:45:00,stop_loss,-11.873099999999978,2025-01-21 06:45:00,2025-01,2025-01-21
Range Break 200 Index,buy,99158.0,0.05,2025-01-21 07:15:00,98944.538,99587.924,98944.538,2025-01-21 10:45:00,stop_loss,-10.673099999999977,2025-01-21 07:00:00,2025-01,2025-01-21
Range Break 200 Index,buy,99253.0,0.05,2025-01-21 07:45:00,98945.538,99870.924,98945.538,2025-01-21 10:45:00,stop_loss,-15.373099999999978,2025-01-21 07:30:00,2025-01,2025-01-21
Range Break 200 Index,buy,99241.0,0.05,2025-01-21 08:00:00,99019.538,99680.924,99019.538,2025-01-21 10:45:00,stop_loss,-11.073099999999977,2025-01-21 07:45:00,2025-01,2025-01-21
Range Break 200 Index,buy,99241.0,0.05,2025-01-21 08:15:00,99023.538,99678.924,99023.538,2025-01-21 10:45:00,stop_loss,-10.873099999999978,2025-01-21 08:00:00,2025-01,2025-01-21
Range Break 200 Index,buy,99257.0,0.05,2025-01-21 08:30:00,99027.538,99712.924,99027.538,2025-01-21 10:45:00,stop_loss,-11.473099999999977,2025-01-21 08:15:00,2025-01,2025-01-21
Range Break 200 Index,buy,99249.0,0.05,2025-01-21 08:45:00,99045.538,99652.924,99045.538,2025-01-21 10:45:00,stop_loss,-10.173099999999977,2025-01-21 08:30:00,2025-01,2025-01-21
Range Break 200 Index,buy,99249.0,0.05,2025-01-21 09:00:00,99023.538,99702.924,99023.538,2025-01-21 10:45:00,stop_loss,-11.273099999999978,2025-01-21 08:45:00,2025-01,2025-01-21
Range Break 200 Index,buy,99237.0,0.05,2025-01-21 09:15:00,99038.538,99630.924,99038.538,2025-01-21 10:45:00,stop_loss,-9.923099999999977,2025-01-21 09:00:00,2025-01,2025-01-21
Range Break 200 Index,buy,99225.0,0.05,2025-01-21 09:30:00,99019.538,99632.924,99019.538,2025-01-21 10:45:00,stop_loss,-10.273099999999978,2025-01-21 09:15:00,2025-01,2025-01-21
Range Break 200 Index,buy,99219.0,0.05,2025-01-21 09:45:00,99019.538,99614.924,99019.538,2025-01-21 10:45:00,stop_loss,-9.973099999999977,2025-01-21 09:30:00,2025-01,2025-01-21
Range Break 200 Index,buy,99239.0,0.05,2025-01-21 10:00:00,99019.538,99680.924,99019.538,2025-01-21 10:45:00,stop_loss,-10.973099999999977,2025-01-21 09:45:00,2025-01,2025-01-21
Boom 300 Index,sell,837.156,0.3,2025-01-21 10:15:00,842.7377142857142,825.9985714285716,825.9985714285716,2025-01-21 10:45:00,take_profit,3.347228571428502,2025-01-21 10:00:00,2025-01,2025-01-21
Boom 300 Index,sell,839.907,0.3,2025-01-21 08:45:00,847.7514285714286,824.2361428571428,824.2361428571428,2025-01-21 11:00:00,take_profit,4.701257142857173,2025-01-21 08:30:00,2025-01,2025-01-21
Boom 300 Index,sell,840.494,0.3,2025-01-21 07:30:00,849.9367857142857,821.6414285714285,821.6414285714285,2025-01-21 11:15:00,take_profit,5.655771428571461,2025-01-21 07:15:00,2025-01,2025-01-21
Boom 300 Index,sell,824.659,0.3,2025-01-21 11:00:00,834.9765000000001,804.0269999999997,834.9765000000001,2025-01-21 12:00:00,stop_loss,-3.0952500000000325,2025-01-21 10:45:00,2025-01,2025-01-21
Boom 300 Index,sell,825.768,0.3,2025-01-21 11:15:00,835.0593571428572,807.1912857142856,835.0593571428572,2025-01-21 12:00:00,stop_loss,-2.7874071428571368,2025-01-21 11:00:00,2025-01,2025-01-21
Boom 300 Index,sell,823.543,0.3,2025-01-21 11:30:00,831.4635000000001,807.7379999999997,831.4635000000001,2025-01-21 12:00:00,stop_loss,-2.376150000000018,2025-01-21 11:15:00,2025-01,2025-01-21
Boom 300 Index,sell,829.546,0.3,2025-01-21 10:45:00,840.3257857142858,808.0194285714285,840.3257857142858,2025-01-21 13:00:00,stop_loss,-3.2339357142857126,2025-01-21 10:30:00,2025-01,2025-01-21
Boom 300 Index,sell,836.722,0.3,2025-01-21 07:45:00,845.5826428571429,819.0067142857143,845.5826428571429,2025-01-21 13:30:00,stop_loss,-2.658192857142876,2025-01-21 07:30:00,2025-01,2025-01-21
Boom 300 Index,sell,833.878,0.3,2025-01-21 12:15:00,843.1365714285714,815.4238571428572,843.1365714285714,2025-01-21 13:30:00,stop_loss,-2.7775714285714117,2025-01-21 12:00:00,2025-01,2025-01-21
Boom 300 Index,sell,838.097,0.3,2025-01-21 12:30:00,844.4488571428572,825.4262857142855,844.4488571428572,2025-01-21 13:30:00,stop_loss,-1.905557142857151,2025-01-21 12:15:00,2025-01,2025-01-21
Boom 300 Index,sell,836.465,0.3,2025-01-21 12:45:00,844.4494285714286,820.508142857143,844.4494285714286,2025-01-21 13:30:00,stop_loss,-2.39532857142857,2025-01-21 12:30:00,2025-01,2025-01-21
XAUUSD,buy,2723.71,0.05,2025-01-21 12:15:00,2716.5646199999996,2738.000760000001,2738.000760000001,2025-01-21 14:45:00,take_profit,0.7145380000000388,2025-01-21 12:00:00,2025-01,2025-01-21
Boom 300 Index,sell,835.153,0.3,2025-01-21 09:00:00,847.322,810.8420000000001,847.322,2025-01-21 15:30:00,stop_loss,-3.6506999999999947,2025-01-21 08:45:00,2025-01,2025-01-21
Range Break 200 Index,sell,98936.0,0.05,2025-01-21 11:45:00,99140.836,98523.32800000001,99140.836,2025-01-21 16:15:00,stop_loss,-10.241799999999785,2025-01-21 11:30:00,2025-01,2025-01-21
XAUUSD,buy,2723.97,0.05,2025-01-21 12:00:00,2715.4846199999997,2740.94076,2740.94076,2025-01-21 16:15:00,take_profit,0.8485380000000078,2025-01-21 11:45:00,2025-01,2025-01-21
Range Break 200 Index,sell,98894.0,0.05,2025-01-21 12:00:00,99139.836,98405.32800000001,99139.836,2025-01-21 16:15:00,stop_loss,-12.291799999999785,2025-01-21 11:45:00,2025-01,2025-01-21
Range Break 200 Index,sell,98878.0,0.05,2025-01-21 12:15:00,99099.836,98431.32800000001,99099.836,2025-01-21 16:15:00,stop_loss,-11.091799999999786,2025-01-21 12:00:00,2025-01,2025-01-21
XAUUSD,buy,2725.76,0.05,2025-01-21 12:30:00,2717.67462,2741.930760000001,2741.930760000001,2025-01-21 16:15:00,take_profit,0.8085380000000442,2025-01-21 12:15:00,2025-01,2025-01-21
Range Break 200 Index,sell,98902.0,0.05,2025-01-21 12:30:00,99125.22,98458.56,99125.22,2025-01-21 16:15:00,stop_loss,-11.161000000000058,2025-01-21 12:15:00,2025-01,2025-01-21
Range Break 200 Index,sell,98902.0,0.05,2025-01-21 12:30:00,99125.836,98457.32800000001,99125.836,2025-01-21 16:15:00,stop_loss,-11.191799999999786,2025-01-21 12:15:00,2025-01,2025-01-21
XAUUSD,buy,2727.1,0.05,2025-01-21 12:45:00,2719.68462,2741.9307599999997,2741.9307599999997,2025-01-21 16:15:00,take_profit,0.7415379999999914,2025-01-21 12:30:00,2025-01,2025-01-21
Range Break 200 Index,sell,98942.0,0.05,2025-01-21 12:45:00,99140.836,98541.32800000001,99140.836,2025-01-21 16:15:00,stop_loss,-9.941799999999786,2025-01-21 12:30:00,2025-01,2025-01-21
Range Break 200 Index,sell,98940.0,0.05,2025-01-21 13:00:00,99140.836,98535.32800000001,99140.836,2025-01-21 16:15:00,stop_loss,-10.041799999999785,2025-01-21 12:45:00,2025-01,2025-01-21
XAUUSD,buy,2728.03,0.05,2025-01-21 13:15:00,2721.24462,2741.6607600000007,2741.6607600000007,2025-01-21 16:15:00,take_profit,0.6815380000000233,2025-01-21 13:00:00,2025-01,2025-01-21
Range Break 200 Index,sell,98908.0,0.05,2025-01-21 13:15:00,99140.836,98439.32800000001,99140.836,2025-01-21 16:15:00,stop_loss,-11.641799999999785,2025-01-21 13:00:00,2025-01,2025-01-21
Range Break 200 Index,sell,98876.0,0.05,2025-01-21 13:30:00,99114.836,98401.32800000001,99114.836,2025-01-21 16:15:00,stop_loss,-11.941799999999786,2025-01-21 13:15:00,2025-01,2025-01-21
Range Break 200 Index,sell,98898.0,0.05,2025-01-21 13:45:00,99106.22,98478.56,99106.22,2025-01-21 16:15:00,stop_loss,-10.411000000000058,2025-01-21 13:30:00,2025-01,2025-01-21
Range Break 200 Index,sell,98898.0,0.05,2025-01-21 13:45:00,99106.836,98477.32800000001,99106.836,2025-01-21 16:15:00,stop_loss,-10.441799999999786,2025-01-21 13:30:00,2025-01,2025-01-21
Range Break 200 Index,sell,98928.0,0.05,2025-01-21 14:00:00,99127.836,98525.32800000001,99127.836,2025-01-21 16:15:00,stop_loss,-9.991799999999785,2025-01-21 13:45:00,2025-01,2025-01-21
Range Break 200 Index,sell,98928.0,0.05,2025-01-21 14:15:00,99140.836,98499.32800000001,99140.836,2025-01-21 16:15:00,stop_loss,-10.641799999999785,2025-01-21 14:00:00,2025-01,2025-01-21
Range Break 200 Index,sell,98916.0,0.05,2025-01-21 14:30:00,99140.836,98469.32800000001,99140.836,2025-01-21 16:15:00,stop_loss,-11.241799999999785,2025-01-21 14:15:00,2025-01,2025-01-21
Range Break 200 Index,sell,98936.0,0.05,2025-01-21 14:45:00,99137.836,98535.32800000001,99137.836,2025-01-21 16:15:00,stop_loss,-10.091799999999786,2025-01-21 14:30:00,2025-01,2025-01-21
Range Break 200 Index,sell,98918.0,0.05,2025-01-21 15:00:00,99140.836,98475.32800000001,99140.836,2025-01-21 16:15:00,stop_loss,-11.141799999999785,2025-01-21 14:45:00,2025-01,2025-01-21
Range Break 200 Index,sell,98940.0,0.05,2025-01-21 15:15:00,99140.836,98535.32800000001,99140.836,2025-01-21 16:15:00,stop_loss,-10.041799999999785,2025-01-21 15:00:00,2025-01,2025-01-21
Range Break 200 Index,sell,98890.0,0.05,2025-01-21 15:30:00,99140.836,98391.32800000001,99140.836,2025-01-21 16:15:00,stop_loss,-12.541799999999785,2025-01-21 15:15:00,2025-01,2025-01-21
Range Break 200 Index,sell,98906.0,0.05,2025-01-21 16:00:00,99140.22,98434.56,99140.22,2025-01-21 16:15:00,stop_loss,-11.711000000000059,2025-01-21 15:45:00,2025-01,2025-01-21
Range Break 200 Index,sell,98906.0,0.05,2025-01-21 16:00:00,99140.836,98433.32800000001,99140.836,2025-01-21 16:15:00,stop_loss,-11.741799999999785,2025-01-21 15:45:00,2025-01,2025-01-21
Range Break 200 Index,buy,99219.0,0.05,2025-01-21 17:00:00,98997.538,99658.924,98997.538,2025-01-21 19:30:00,stop_loss,-11.073099999999977,2025-01-21 16:45:00,2025-01,2025-01-21
Range Break 200 Index,buy,99201.0,0.05,2025-01-21 17:15:00,98997.538,99610.924,98997.538,2025-01-21 19:30:00,stop_loss,-10.173099999999977,2025-01-21 17:00:00,2025-01,2025-01-21
Range Break 200 Index,buy,99215.0,0.05,2025-01-21 17:30:00,98997.538,99646.924,98997.538,2025-01-21 19:30:00,stop_loss,-10.873099999999978,2025-01-21 17:15:00,2025-01,2025-01-21
Range Break 200 Index,buy,99199.0,0.05,2025-01-21 17:45:00,98997.538,99604.924,98997.538,2025-01-21 19:30:00,stop_loss,-10.073099999999977,2025-01-21 17:30:00,2025-01,2025-01-21
Range Break 200 Index,buy,99197.0,0.05,2025-01-21 18:00:00,98997.538,99592.924,98997.538,2025-01-21 19:30:00,stop_loss,-9.973099999999977,2025-01-21 17:45:00,2025-01,2025-01-21
Range Break 200 Index,buy,99235.0,0.05,2025-01-21 18:15:00,98997.538,99706.924,98997.538,2025-01-21 19:30:00,stop_loss,-11.873099999999978,2025-01-21 18:00:00,2025-01,2025-01-21
Range Break 200 Index,buy,99217.0,0.05,2025-01-21 19:00:00,99010.538,99626.924,99010.538,2025-01-21 19:30:00,stop_loss,-10.323099999999977,2025-01-21 18:45:00,2025-01,2025-01-21
Range Break 200 Index,sell,99028.0,0.05,2025-01-21 20:00:00,99137.28571428571,98812.42857142858,98812.42857142858,2025-01-21 23:45:00,take_profit,10.778571428571013,2025-01-21 19:45:00,2025-01,2025-01-21
Range Break 200 Index,sell,99000.0,0.05,2025-01-21 21:00:00,99107.0,98789.0,98789.0,2025-01-21 23:45:00,take_profit,10.55,2025-01-21 20:45:00,2025-01,2025-01-21
Range Break 200 Index,sell,98970.0,0.05,2025-01-21 21:45:00,99078.14285714286,98750.71428571429,98750.71428571429,2025-01-21 23:45:00,take_profit,10.964285714285507,2025-01-21 21:30:00,2025-01,2025-01-21
XAUUSD,buy,2728.83,0.05,2025-01-21 14:15:00,2719.88462,2746.72076,2746.72076,2025-01-22 00:45:00,take_profit,0.8945380000000114,2025-01-21 14:00:00,2025-01,2025-01-22
Range Break 200 Index,sell,99028.0,0.05,2025-01-21 20:00:00,99231.836,98623.32800000001,98623.32800000001,2025-01-22 01:00:00,take_profit,20.23359999999957,2025-01-21 19:45:00,2025-01,2025-01-22
Range Break 200 Index,sell,99020.0,0.05,2025-01-21 20:15:00,99234.836,98593.32800000001,98593.32800000001,2025-01-22 01:00:00,take_profit,21.33359999999957,2025-01-21 20:00:00,2025-01,2025-01-22
Range Break 200 Index,sell,99006.0,0.05,2025-01-21 20:30:00,99230.836,98553.32800000001,98553.32800000001,2025-01-22 01:00:00,take_profit,22.63359999999957,2025-01-21 20:15:00,2025-01,2025-01-22
Range Break 200 Index,sell,99032.0,0.05,2025-01-21 20:45:00,99234.836,98623.32800000001,98623.32800000001,2025-01-22 01:00:00,take_profit,20.433599999999572,2025-01-21 20:30:00,2025-01,2025-01-22
Range Break 200 Index,sell,99000.0,0.05,2025-01-21 21:00:00,99234.836,98533.32800000001,98533.32800000001,2025-01-22 01:00:00,take_profit,23.33359999999957,2025-01-21 20:45:00,2025-01,2025-01-22
Range Break 200 Index,sell,98980.0,0.05,2025-01-21 21:15:00,99203.836,98535.32800000001,98535.32800000001,2025-01-22 01:00:00,take_profit,22.23359999999957,2025-01-21 21:00:00,2025-01,2025-01-22
Range Break 200 Index,sell,98990.0,0.05,2025-01-21 21:30:00,99194.836,98577.32800000001,98577.32800000001,2025-01-22 01:00:00,take_profit,20.63359999999957,2025-01-21 21:15:00,2025-01,2025-01-22
Range Break 200 Index,sell,98984.0,0.05,2025-01-21 22:00:00,99194.836,98559.32800000001,98559.32800000001,2025-01-22 01:00:00,take_profit,21.23359999999957,2025-01-21 21:45:00,2025-01,2025-01-22
Range Break 200 Index,sell,99032.0,0.05,2025-01-21 22:15:00,99234.836,98623.32800000001,98623.32800000001,2025-01-22 01:00:00,take_profit,20.433599999999572,2025-01-21 22:00:00,2025-01,2025-01-22
Range Break 200 Index,sell,98972.0,0.05,2025-01-21 23:15:00,99192.836,98527.32800000001,98527.32800000001,2025-01-22 01:00:00,take_profit,22.23359999999957,2025-01-21 23:00:00,2025-01,2025-01-22
Range Break 200 Index,sell,98970.0,0.05,2025-01-21 21:45:00,99220.836,98465.32800000001,98465.32800000001,2025-01-22 03:30:00,take_profit,25.23359999999957,2025-01-21 21:30:00,2025-01,2025-01-22
Range Break 200 Index,sell,98996.0,0.05,2025-01-21 22:30:00,99234.836,98521.32800000001,98521.32800000001,2025-01-22 03:30:00,take_profit,23.73359999999957,2025-01-21 22:15:00,2025-01,2025-01-22
Range Break 200 Index,sell,98980.0,0.05,2025-01-21 22:45:00,99211.836,98519.32800000001,98519.32800000001,2025-01-22 03:30:00,take_profit,23.03359999999957,2025-01-21 22:30:00,2025-01,2025-01-22
Range Break 200 Index,sell,98962.0,0.05,2025-01-21 23:00:00,99183.836,98521.32800000001,98521.32800000001,2025-01-22 03:30:00,take_profit,22.03359999999957,2025-01-21 22:45:00,2025-01,2025-01-22
Step Index,buy,8382.9,0.1,2025-01-22 01:00:00,8373.5,8402.0,8373.5,2025-01-22 03:45:00,stop_loss,-0.9399999999999636,2025-01-22 00:45:00,2025-01,2025-01-22
Step Index,buy,8383.3,0.1,2025-01-22 01:15:00,8374.071428571428,8402.057142857144,8374.071428571428,2025-01-22 03:45:00,stop_loss,-0.9228571428571741,2025-01-22 01:00:00,2025-01,2025-01-22
Range Break 200 Index,sell,98670.0,0.05,2025-01-22 00:45:00,98875.22,98256.56,98256.56,2025-01-22 04:00:00,take_profit,20.672000000000118,2025-01-22 00:30:00,2025-01,2025-01-22
Range Break 200 Index,sell,98670.0,0.05,2025-01-22 00:45:00,98875.836,98255.32800000001,98255.32800000001,2025-01-22 04:00:00,take_profit,20.73359999999957,2025-01-22 00:30:00,2025-01,2025-01-22
Range Break 200 Index,sell,99158.0,0.05,2025-01-16 22:45:00,99635.43,98206.14000000001,98206.14000000001,2025-01-22 04:30:00,take_profit,47.59299999999931,2025-01-16 22:30:00,2025-01,2025-01-22
Range Break 200 Index,sell,98835.0,0.05,2025-01-21 23:30:00,99176.836,98148.32800000001,98148.32800000001,2025-01-22 04:30:00,take_profit,34.33359999999957,2025-01-21 23:15:00,2025-01,2025-01-22
Range Break 200 Index,sell,98638.0,0.05,2025-01-22 01:00:00,98875.22,98166.56,98166.56,2025-01-22 04:30:00,take_profit,23.572000000000116,2025-01-22 00:45:00,2025-01,2025-01-22
Range Break 200 Index,sell,98638.0,0.05,2025-01-22 01:00:00,98875.836,98165.32800000001,98165.32800000001,2025-01-22 04:30:00,take_profit,23.63359999999957,2025-01-22 00:45:00,2025-01,2025-01-22
Range Break 200 Index,sell,98569.0,0.05,2025-01-22 01:45:00,98768.22,98173.56,98173.56,2025-01-22 04:30:00,take_profit,19.77200000000012,2025-01-22 01:30:00,2025-01,2025-01-22
Range Break 200 Index,sell,98569.0,0.05,2025-01-22 01:45:00,98768.836,98172.32800000001,98172.32800000001,2025-01-22 04:30:00,take_profit,19.83359999999957,2025-01-22 01:30:00,2025-01,2025-01-22
Range Break 200 Index,sell,98563.0,0.05,2025-01-22 02:00:00,98768.22,98149.56,98149.56,2025-01-22 04:30:00,take_profit,20.672000000000118,2025-01-22 01:45:00,2025-01,2025-01-22
Range Break 200 Index,sell,98563.0,0.05,2025-01-22 02:00:00,98768.836,98148.32800000001,98148.32800000001,2025-01-22 04:30:00,take_profit,20.73359999999957,2025-01-22 01:45:00,2025-01,2025-01-22
Range Break 200 Index,sell,98535.0,0.05,2025-01-22 02:30:00,98741.836,98118.32800000001,98118.32800000001,2025-01-22 04:30:00,take_profit,20.83359999999957,2025-01-22 02:15:00,2025-01,2025-01-22
Range Break 200 Index,sell,98545.0,0.05,2025-01-22 03:00:00,98749.836,98132.32800000001,98132.32800000001,2025-01-22 04:30:00,take_profit,20.63359999999957,2025-01-22 02:45:00,2025-01,2025-01-22
Range Break 200 Index,sell,98545.0,0.05,2025-01-22 03:30:00,98746.836,98144.32800000001,98144.32800000001,2025-01-22 04:30:00,take_profit,20.03359999999957,2025-01-22 03:15:00,2025-01,2025-01-22
Range Break 200 Index,sell,98459.0,0.05,2025-01-22 04:00:00,98662.836,98048.32800000001,98048.32800000001,2025-01-22 04:30:00,take_profit,20.53359999999957,2025-01-22 03:45:00,2025-01,2025-01-22
XAUUSD,buy,2741.55,0.05,2025-01-21 20:15:00,2735.95462,2752.7407600000006,2752.7407600000006,2025-01-22 04:45:00,take_profit,0.5595380000000205,2025-01-21 20:00:00,2025-01,2025-01-22
XAUUSD,buy,2742.22,0.05,2025-01-21 21:30:00,2736.5246199999997,2753.61076,2753.61076,2025-01-22 05:15:00,take_profit,0.5695380000000114,2025-01-21 21:15:00,2025-01,2025-01-22
XAUUSD,buy,2734.28,0.05,2025-01-21 14:45:00,2723.90462,2754.9107599999998,2754.9107599999998,2025-01-22 05:30:00,take_profit,1.0315379999999779,2025-01-21 14:30:00,2025-01,2025-01-22
XAUUSD,buy,2741.21,0.05,2025-01-21 20:30:00,2734.5646199999996,2754.500760000001,2754.500760000001,2025-01-22 05:30:00,take_profit,0.6645380000000387,2025-01-21 20:15:00,2025-01,2025-01-22
XAUUSD,buy,2742.82,0.05,2025-01-21 21:15:00,2736.7946199999997,2754.870760000001,2754.870760000001,2025-01-22 05:30:00,take_profit,0.6025380000000496,2025-01-21 21:00:00,2025-01,2025-01-22
XAUUSD,buy,2738.03,0.05,2025-01-21 15:00:00,2728.40462,2757.280760000001,2757.280760000001,2025-01-22 05:45:00,take_profit,0.9625380000000405,2025-01-21 14:45:00,2025-01,2025-01-22
Step Index,buy,8378.7,0.1,2025-01-22 00:15:00,8369.171428571428,8398.057142857142,8369.171428571428,2025-01-22 05:45:00,stop_loss,-0.9528571428572832,2025-01-22 00:00:00,2025-01,2025-01-22
Step Index,buy,8378.7,0.1,2025-01-22 00:15:00,8369.171428571428,8398.057142857142,8369.171428571428,2025-01-22 05:45:00,stop_loss,-0.9528571428572832,2025-01-22 00:00:00,2025-01,2025-01-22
Step Index,sell,8381.5,0.1,2025-01-21 22:15:00,8391.300000000001,8362.199999999999,8362.199999999999,2025-01-22 06:00:00,take_profit,1.9300000000001092,2025-01-21 22:00:00,2025-01,2025-01-22
XAUUSD,buy,2753.79,0.05,2025-01-22 05:30:00,2745.82462,2769.72076,2745.82462,2025-01-22 06:15:00,stop_loss,-0.3982690000000048,2025-01-22 05:15:00,2025-01,2025-01-22
XAUUSD,buy,2758.07,0.05,2025-01-22 06:00:00,2749.6946199999998,2774.820760000001,2749.6946199999998,2025-01-22 06:15:00,stop_loss,-0.41876900000002026,2025-01-22 05:45:00,2025-01,2025-01-22
XAUUSD,buy,2752.32,0.05,2025-01-22 06:15:00,2746.8146199999996,2763.330760000001,2746.8146199999996,2025-01-22 06:15:00,stop_loss,-0.2752690000000257,2025-01-22 06:00:00,2025-01,2025-01-22
Range Break 200 Index,sell,98240.0,0.05,2025-01-22 04:30:00,98453.836,97815.32800000001,98453.836,2025-01-22 06:30:00,stop_loss,-10.691799999999786,2025-01-22 04:15:00,2025-01,2025-01-22
Range Break 200 Index,sell,98051.0,0.05,2025-01-22 04:45:00,98450.836,97248.32800000001,98450.836,2025-01-22 06:30:00,stop_loss,-19.991799999999785,2025-01-22 04:30:00,2025-01,2025-01-22
Range Break 200 Index,sell,98065.0,0.05,2025-01-22 05:00:00,98263.836,97664.32800000001,98263.836,2025-01-22 06:30:00,stop_loss,-9.941799999999786,2025-01-22 04:45:00,2025-01,2025-01-22
Range Break 200 Index,sell,98067.0,0.05,2025-01-22 05:15:00,98273.836,97656.32800000001,98273.836,2025-01-22 06:30:00,stop_loss,-10.341799999999786,2025-01-22 05:00:00,2025-01,2025-01-22
Range Break 200 Index,sell,98069.0,0.05,2025-01-22 05:30:00,98273.836,97662.32800000001,98273.836,2025-01-22 06:30:00,stop_loss,-10.241799999999785,2025-01-22 05:15:00,2025-01,2025-01-22
Range Break 200 Index,sell,98045.0,0.05,2025-01-22 05:45:00,98273.836,97590.32800000001,98273.836,2025-01-22 06:30:00,stop_loss,-11.441799999999786,2025-01-22 05:30:00,2025-01,2025-01-22
Range Break 200 Index,sell,98059.0,0.05,2025-01-22 06:00:00,98273.836,97626.32800000001,98273.836,2025-01-22 06:30:00,stop_loss,-10.741799999999785,2025-01-22 05:45:00,2025-01,2025-01-22
XAUUSD,buy,2743.16,0.05,2025-01-21 17:00:00,2735.2946199999997,2758.8907600000002,2758.8907600000002,2025-01-22 09:15:00,take_profit,0.7865380000000187,2025-01-21 16:45:00,2025-01,2025-01-22
XAUUSD,buy,2743.14,0.05,2025-01-21 18:15:00,2734.5646199999996,2760.2907600000003,2760.2907600000003,2025-01-22 09:15:00,take_profit,0.8575380000000223,2025-01-21 18:00:00,2025-01,2025-01-22
XAUUSD,buy,2745.33,0.05,2025-01-21 18:45:00,2737.91462,2760.1607599999998,2760.1607599999998,2025-01-22 09:15:00,take_profit,0.7415379999999914,2025-01-21 18:30:00,2025-01,2025-01-22
XAUUSD,buy,2744.07,0.05,2025-01-21 21:45:00,2736.66462,2758.8807600000005,2758.8807600000005,2025-01-22 09:15:00,take_profit,0.740538000000015,2025-01-21 21:30:00,2025-01,2025-01-22
XAUUSD,buy,2748.06,0.05,2025-01-22 02:00:00,2741.63462,2760.91076,2760.91076,2025-01-22 09:15:00,take_profit,0.6425380000000133,2025-01-22 01:45:00,2025-01,2025-01-22
XAUUSD,buy,2748.61,0.05,2025-01-22 02:30:00,2742.8346199999996,2760.160760000001,2760.160760000001,2025-01-22 09:15:00,take_profit,0.5775380000000496,2025-01-22 02:15:00,2025-01,2025-01-22
XAUUSD,buy,2747.3,0.05,2025-01-22 02:45:00,2741.03462,2759.8307600000007,2759.8307600000007,2025-01-22 09:15:00,take_profit,0.6265380000000278,2025-01-22 02:30:00,2025-01,2025-01-22
XAUUSD,buy,2749.02,0.05,2025-01-22 03:15:00,2742.88462,2761.320760000001,2761.320760000001,2025-01-22 09:15:00,take_profit,0.6150380000000496,2025-01-22 03:00:00,2025-01,2025-01-22
XAUUSD,buy,2748.98,0.05,2025-01-22 03:45:00,2743.2746199999997,2760.3907600000007,2760.3907600000007,2025-01-22 09:15:00,take_profit,0.5705380000000332,2025-01-22 03:30:00,2025-01,2025-01-22
XAUUSD,buy,2747.02,0.05,2025-01-22 06:30:00,2740.2146199999997,2760.6307600000005,2760.6307600000005,2025-01-22 09:15:00,take_profit,0.6805380000000242,2025-01-22 06:15:00,2025-01,2025-01-22
XAUUSD,buy,2748.1,0.05,2025-01-22 06:45:00,2741.28462,2761.85076,2761.85076,2025-01-22 09:15:00,take_profit,0.6875379999999951,2025-01-22 06:30:00,2025-01,2025-01-22
XAUUSD,buy,2746.94,0.05,2025-01-22 07:00:00,2740.67462,2759.4707600000006,2759.4707600000006,2025-01-22 09:15:00,take_profit,0.6265380000000278,2025-01-22 06:45:00,2025-01,2025-01-22
Step Index,sell,8362.3,0.1,2025-01-22 07:45:00,8381.069599999999,8325.060800000001,8381.069599999999,2025-01-22 09:45:00,stop_loss,-1.8769599999999629,2025-01-22 07:30:00,2025-01,2025-01-22
Step Index,sell,8362.3,0.1,2025-01-22 07:45:00,8381.0742,8325.0516,8381.0742,2025-01-22 09:45:00,stop_loss,-1.8774199999999839,2025-01-22 07:30:00,2025-01,2025-01-22
Step Index,sell,8362.3,0.1,2025-01-22 07:45:00,8381.0904,8325.0192,8381.0904,2025-01-22 09:45:00,stop_loss,-1.8790399999999865,2025-01-22 07:30:00,2025-01,2025-01-22
Step Index,sell,8364.7,0.1,2025-01-22 08:00:00,8381.7696,8330.860799999999,8381.7696,2025-01-22 09:45:00,stop_loss,-1.7069599999998901,2025-01-22 07:45:00,2025-01,2025-01-22
Step Index,sell,8364.7,0.1,2025-01-22 08:00:00,8381.7742,8330.851599999998,8381.7742,2025-01-22 09:45:00,stop_loss,-1.7074199999999111,2025-01-22 07:45:00,2025-01,2025-01-22
Step Index,sell,8364.7,0.1,2025-01-22 08:00:00,8381.7904,8330.819199999998,8381.7904,2025-01-22 09:45:00,stop_loss,-1.7090399999999137,2025-01-22 07:45:00,2025-01,2025-01-22
Step Index,buy,8386.1,0.1,2025-01-22 10:30:00,8375.514285714286,8406.971428571429,8375.514285714286,2025-01-22 11:15:00,stop_loss,-1.0585714285714858,2025-01-22 10:15:00,2025-01,2025-01-22
Range Break 200 Index,sell,98317.0,0.05,2025-01-22 12:00:00,98519.836,97914.32800000001,98519.836,2025-01-22 13:00:00,stop_loss,-10.141799999999785,2025-01-22 11:45:00,2025-01,2025-01-22
Range Break 200 Index,sell,98283.0,0.05,2025-01-22 12:15:00,98519.836,97806.32800000001,98519.836,2025-01-22 13:00:00,stop_loss,-11.841799999999786,2025-01-22 12:00:00,2025-01,2025-01-22
Range Break 200 Index,sell,98311.0,0.05,2025-01-22 12:30:00,98519.836,97890.32800000001,98519.836,2025-01-22 13:00:00,stop_loss,-10.441799999999786,2025-01-22 12:15:00,2025-01,2025-01-22
Range Break 200 Index,sell,98313.0,0.05,2025-01-22 12:45:00,98518.836,97898.32800000001,98518.836,2025-01-22 13:00:00,stop_loss,-10.291799999999785,2025-01-22 12:30:00,2025-01,2025-01-22
XAUUSD,buy,2756.84,0.05,2025-01-22 11:45:00,2751.36462,2767.790760000001,2751.36462,2025-01-22 13:30:00,stop_loss,-0.2737690000000157,2025-01-22 11:30:00,2025-01,2025-01-22
XAUUSD,buy,2759.72,0.05,2025-01-22 13:15:00,2752.8146199999996,2773.53076,2752.8146199999996,2025-01-22 13:30:00,stop_loss,-0.34526900000000754,2025-01-22 13:00:00,2025-01,2025-01-22
Step Index,buy,8382.5,0.1,2025-01-22 12:00:00,8372.314285714287,8403.171428571428,8372.314285714287,2025-01-22 13:45:00,stop_loss,-1.0185714285713403,2025-01-22 11:45:00,2025-01,2025-01-22
Step Index,buy,8382.5,0.1,2025-01-22 12:00:00,8372.314285714287,8403.171428571428,8372.314285714287,2025-01-22 13:45:00,stop_loss,-1.0185714285713403,2025-01-22 11:45:00,2025-01,2025-01-22
Step Index,buy,8382.5,0.1,2025-01-22 12:00:00,8372.314285714287,8403.171428571428,8372.314285714287,2025-01-22 13:45:00,stop_loss,-1.0185714285713403,2025-01-22 11:45:00,2025-01,2025-01-22
Step Index,buy,8379.7,0.1,2025-01-22 09:00:00,8368.242857142857,8402.914285714283,8368.242857142857,2025-01-22 14:00:00,stop_loss,-1.145714285714348,2025-01-22 08:45:00,2025-01,2025-01-22
Step Index,buy,8379.7,0.1,2025-01-22 09:00:00,8368.242857142857,8402.914285714283,8368.242857142857,2025-01-22 14:00:00,stop_loss,-1.145714285714348,2025-01-22 08:45:00,2025-01,2025-01-22
Step Index,buy,8379.7,0.1,2025-01-22 09:00:00,8368.242857142857,8402.914285714283,8368.242857142857,2025-01-22 14:00:00,stop_loss,-1.145714285714348,2025-01-22 08:45:00,2025-01,2025-01-22
Step Index,buy,8382.5,0.1,2025-01-22 11:45:00,8371.528571428571,8404.742857142859,8371.528571428571,2025-01-22 14:00:00,stop_loss,-1.0971428571428987,2025-01-22 11:30:00,2025-01,2025-01-22
Step Index,buy,8382.5,0.1,2025-01-22 11:45:00,8371.528571428571,8404.742857142859,8371.528571428571,2025-01-22 14:00:00,stop_loss,-1.0971428571428987,2025-01-22 11:30:00,2025-01,2025-01-22
Step Index,buy,8382.5,0.1,2025-01-22 11:45:00,8371.528571428571,8404.742857142859,8371.528571428571,2025-01-22 14:00:00,stop_loss,-1.0971428571428987,2025-01-22 11:30:00,2025-01,2025-01-22
XAUUSD,buy,2757.9,0.05,2025-01-22 11:30:00,2750.91462,2771.8707600000002,2750.91462,2025-01-22 14:30:00,stop_loss,-0.3492690000000039,2025-01-22 11:15:00,2025-01,2025-01-22
XAUUSD,buy,2756.51,0.05,2025-01-22 12:00:00,2750.92462,2767.680760000001,2750.92462,2025-01-22 14:30:00,stop_loss,-0.2792690000000221,2025-01-22 11:45:00,2025-01,2025-01-22
Step Index,sell,8379.7,0.1,2025-01-22 12:30:00,8389.942857142856,8359.514285714286,8359.514285714286,2025-01-22 16:30:00,take_profit,2.0185714285715224,2025-01-22 12:15:00,2025-01,2025-01-22
Step Index,sell,8379.7,0.1,2025-01-22 12:30:00,8389.942857142856,8359.514285714286,8359.514285714286,2025-01-22 16:30:00,take_profit,2.0185714285715224,2025-01-22 12:15:00,2025-01,2025-01-22
Step Index,sell,8380.3,0.1,2025-01-22 12:45:00,8390.314285714287,8359.971428571429,8359.971428571429,2025-01-22 16:30:00,take_profit,2.032857142857029,2025-01-22 12:30:00,2025-01,2025-01-22
Step Index,sell,8380.3,0.1,2025-01-22 12:45:00,8390.314285714287,8359.971428571429,8359.971428571429,2025-01-22 16:30:00,take_profit,2.032857142857029,2025-01-22 12:30:00,2025-01,2025-01-22
Step Index,sell,8376.7,0.1,2025-01-22 13:00:00,8387.07142857143,8356.25714285714,8356.25714285714,2025-01-22 17:00:00,take_profit,2.0442857142861612,2025-01-22 12:45:00,2025-01,2025-01-22
Step Index,sell,8376.7,0.1,2025-01-22 13:00:00,8387.07142857143,8356.25714285714,8356.25714285714,2025-01-22 17:00:00,take_profit,2.0442857142861612,2025-01-22 12:45:00,2025-01,2025-01-22
Range Break 200 Index,sell,98530.0,0.05,2025-01-22 07:00:00,98730.836,98125.32800000001,98125.32800000001,2025-01-22 22:45:00,take_profit,20.23359999999957,2025-01-22 06:45:00,2025-01,2025-01-22
Range Break 200 Index,sell,98524.0,0.05,2025-01-22 07:30:00,98728.836,98117.32800000001,98117.32800000001,2025-01-22 22:45:00,take_profit,20.33359999999957,2025-01-22 07:15:00,2025-01,2025-01-22
Range Break 200 Index,sell,98540.0,0.05,2025-01-22 07:45:00,98748.836,98125.32800000001,98125.32800000001,2025-01-22 22:45:00,take_profit,20.73359999999957,2025-01-22 07:30:00,2025-01,2025-01-22
Range Break 200 Index,sell,98528.0,0.05,2025-01-22 08:00:00,98748.836,98089.32800000001,98089.32800000001,2025-01-22 22:45:00,take_profit,21.933599999999572,2025-01-22 07:45:00,2025-01,2025-01-22
Range Break 200 Index,sell,98542.0,0.05,2025-01-22 08:15:00,98748.836,98131.32800000001,98131.32800000001,2025-01-22 22:45:00,take_profit,20.53359999999957,2025-01-22 08:00:00,2025-01,2025-01-22
Range Break 200 Index,sell,98544.0,0.05,2025-01-22 08:30:00,98748.836,98131.32800000001,98131.32800000001,2025-01-22 22:45:00,take_profit,20.63359999999957,2025-01-22 08:15:00,2025-01,2025-01-22
Range Break 200 Index,sell,98524.0,0.05,2025-01-22 09:00:00,98732.836,98109.32800000001,98109.32800000001,2025-01-22 22:45:00,take_profit,20.73359999999957,2025-01-22 08:45:00,2025-01,2025-01-22
Range Break 200 Index,sell,98508.0,0.05,2025-01-22 09:15:00,98729.836,98067.32800000001,98067.32800000001,2025-01-22 22:45:00,take_profit,22.03359999999957,2025-01-22 09:00:00,2025-01,2025-01-22
Range Break 200 Index,sell,98506.0,0.05,2025-01-22 10:00:00,98721.836,98077.32800000001,98077.32800000001,2025-01-22 22:45:00,take_profit,21.433599999999572,2025-01-22 09:45:00,2025-01,2025-01-22
Range Break 200 Index,sell,98546.0,0.05,2025-01-22 10:15:00,98748.836,98143.32800000001,98143.32800000001,2025-01-22 22:45:00,take_profit,20.13359999999957,2025-01-22 10:00:00,2025-01,2025-01-22
Range Break 200 Index,sell,98494.0,0.05,2025-01-22 10:45:00,98707.836,98063.32800000001,98063.32800000001,2025-01-22 22:45:00,take_profit,21.53359999999957,2025-01-22 10:30:00,2025-01,2025-01-22
Range Break 200 Index,sell,98498.0,0.05,2025-01-22 11:00:00,98707.836,98081.32800000001,98081.32800000001,2025-01-22 22:45:00,take_profit,20.83359999999957,2025-01-22 10:45:00,2025-01,2025-01-22
Range Break 200 Index,sell,98516.0,0.05,2025-01-22 11:15:00,98748.836,98047.32800000001,98047.32800000001,2025-01-22 22:45:00,take_profit,23.433599999999572,2025-01-22 11:00:00,2025-01,2025-01-22
Range Break 200 Index,sell,98491.0,0.05,2025-01-22 13:00:00,98700.836,98068.32800000001,98068.32800000001,2025-01-22 22:45:00,take_profit,21.13359999999957,2025-01-22 12:45:00,2025-01,2025-01-22
Range Break 200 Index,sell,98547.0,0.05,2025-01-22 13:15:00,98769.836,98104.32800000001,98104.32800000001,2025-01-22 22:45:00,take_profit,22.13359999999957,2025-01-22 13:00:00,2025-01,2025-01-22
Range Break 200 Index,sell,98553.0,0.05,2025-01-22 13:30:00,98769.836,98116.32800000001,98116.32800000001,2025-01-22 22:45:00,take_profit,21.83359999999957,2025-01-22 13:15:00,2025-01,2025-01-22
Range Break 200 Index,sell,98539.0,0.05,2025-01-22 13:45:00,98769.836,98074.32800000001,98074.32800000001,2025-01-22 22:45:00,take_profit,23.23359999999957,2025-01-22 13:30:00,2025-01,2025-01-22
Range Break 200 Index,sell,98549.0,0.05,2025-01-22 14:00:00,98769.836,98104.32800000001,98104.32800000001,2025-01-22 22:45:00,take_profit,22.23359999999957,2025-01-22 13:45:00,2025-01,2025-01-22
Range Break 200 Index,sell,98545.0,0.05,2025-01-22 14:15:00,98769.836,98092.32800000001,98092.32800000001,2025-01-22 22:45:00,take_profit,22.63359999999957,2025-01-22 14:00:00,2025-01,2025-01-22
Range Break 200 Index,sell,98543.0,0.05,2025-01-22 14:30:00,98764.836,98096.32800000001,98096.32800000001,2025-01-22 22:45:00,take_profit,22.33359999999957,2025-01-22 14:15:00,2025-01,2025-01-22
Range Break 200 Index,sell,98563.0,0.05,2025-01-22 14:45:00,98769.836,98152.32800000001,98152.32800000001,2025-01-22 22:45:00,take_profit,20.53359999999957,2025-01-22 14:30:00,2025-01,2025-01-22
Range Break 200 Index,sell,98547.0,0.05,2025-01-22 15:15:00,98769.836,98098.32800000001,98098.32800000001,2025-01-22 22:45:00,take_profit,22.433599999999572,2025-01-22 15:00:00,2025-01,2025-01-22
Range Break 200 Index,sell,98539.0,0.05,2025-01-22 15:30:00,98753.836,98112.32800000001,98112.32800000001,2025-01-22 22:45:00,take_profit,21.33359999999957,2025-01-22 15:15:00,2025-01,2025-01-22
Range Break 200 Index,sell,98557.0,0.05,2025-01-22 15:45:00,98769.836,98128.32800000001,98128.32800000001,2025-01-22 22:45:00,take_profit,21.433599999999572,2025-01-22 15:30:00,2025-01,2025-01-22
Range Break 200 Index,sell,98551.0,0.05,2025-01-22 16:00:00,98768.836,98112.32800000001,98112.32800000001,2025-01-22 22:45:00,take_profit,21.933599999999572,2025-01-22 15:45:00,2025-01,2025-01-22
Range Break 200 Index,sell,98547.0,0.05,2025-01-22 16:15:00,98769.836,98104.32800000001,98104.32800000001,2025-01-22 22:45:00,take_profit,22.13359999999957,2025-01-22 16:00:00,2025-01,2025-01-22
Range Break 200 Index,sell,98543.0,0.05,2025-01-22 16:30:00,98760.836,98104.32800000001,98104.32800000001,2025-01-22 22:45:00,take_profit,21.933599999999572,2025-01-22 16:15:00,2025-01,2025-01-22
Range Break 200 Index,sell,98569.0,0.05,2025-01-22 16:45:00,98767.836,98168.32800000001,98168.32800000001,2025-01-22 22:45:00,take_profit,20.03359999999957,2025-01-22 16:30:00,2025-01,2025-01-22
Range Break 200 Index,sell,98557.0,0.05,2025-01-22 17:00:00,98769.836,98134.32800000001,98134.32800000001,2025-01-22 22:45:00,take_profit,21.13359999999957,2025-01-22 16:45:00,2025-01,2025-01-22
Range Break 200 Index,sell,98539.0,0.05,2025-01-22 17:15:00,98760.836,98098.32800000001,98098.32800000001,2025-01-22 22:45:00,take_profit,22.03359999999957,2025-01-22 17:00:00,2025-01,2025-01-22
Range Break 200 Index,sell,98565.0,0.05,2025-01-22 17:30:00,98767.836,98162.32800000001,98162.32800000001,2025-01-22 22:45:00,take_profit,20.13359999999957,2025-01-22 17:15:00,2025-01,2025-01-22
Range Break 200 Index,sell,98551.0,0.05,2025-01-22 18:15:00,98755.836,98144.32800000001,98144.32800000001,2025-01-22 22:45:00,take_profit,20.33359999999957,2025-01-22 18:00:00,2025-01,2025-01-22
Range Break 200 Index,sell,98559.0,0.05,2025-01-22 18:30:00,98769.836,98140.32800000001,98140.32800000001,2025-01-22 22:45:00,take_profit,20.933599999999572,2025-01-22 18:15:00,2025-01,2025-01-22
Range Break 200 Index,sell,98557.0,0.05,2025-01-22 18:45:00,98769.836,98134.32800000001,98134.32800000001,2025-01-22 22:45:00,take_profit,21.13359999999957,2025-01-22 18:30:00,2025-01,2025-01-22
Range Break 200 Index,sell,98545.0,0.05,2025-01-22 19:00:00,98769.836,98098.32800000001,98098.32800000001,2025-01-22 22:45:00,take_profit,22.33359999999957,2025-01-22 18:45:00,2025-01,2025-01-22
Range Break 200 Index,sell,98557.0,0.05,2025-01-22 19:15:00,98761.836,98150.32800000001,98150.32800000001,2025-01-22 22:45:00,take_profit,20.33359999999957,2025-01-22 19:00:00,2025-01,2025-01-22
Range Break 200 Index,sell,98555.0,0.05,2025-01-22 19:30:00,98764.836,98132.32800000001,98132.32800000001,2025-01-22 22:45:00,take_profit,21.13359999999957,2025-01-22 19:15:00,2025-01,2025-01-22
Range Break 200 Index,sell,98555.0,0.05,2025-01-22 19:45:00,98769.836,98128.32800000001,98128.32800000001,2025-01-22 22:45:00,take_profit,21.33359999999957,2025-01-22 19:30:00,2025-01,2025-01-22
Range Break 200 Index,sell,98561.0,0.05,2025-01-22 20:00:00,98768.836,98148.32800000001,98148.32800000001,2025-01-22 22:45:00,take_profit,20.63359999999957,2025-01-22 19:45:00,2025-01,2025-01-22
Range Break 200 Index,sell,98565.0,0.05,2025-01-22 20:15:00,98768.836,98154.32800000001,98154.32800000001,2025-01-22 22:45:00,take_profit,20.53359999999957,2025-01-22 20:00:00,2025-01,2025-01-22
Range Break 200 Index,sell,98559.0,0.05,2025-01-22 20:30:00,98769.836,98140.32800000001,98140.32800000001,2025-01-22 22:45:00,take_profit,20.933599999999572,2025-01-22 20:15:00,2025-01,2025-01-22
Range Break 200 Index,sell,98539.0,0.05,2025-01-22 20:45:00,98768.836,98082.32800000001,98082.32800000001,2025-01-22 22:45:00,take_profit,22.83359999999957,2025-01-22 20:30:00,2025-01,2025-01-22
Range Break 200 Index,sell,98551.0,0.05,2025-01-22 21:00:00,98758.836,98138.32800000001,98138.32800000001,2025-01-22 22:45:00,take_profit,20.63359999999957,2025-01-22 20:45:00,2025-01,2025-01-22
Range Break 200 Index,sell,98551.0,0.05,2025-01-22 21:15:00,98769.836,98110.32800000001,98110.32800000001,2025-01-22 22:45:00,take_profit,22.03359999999957,2025-01-22 21:00:00,2025-01,2025-01-22
Range Break 200 Index,sell,98569.0,0.05,2025-01-22 21:30:00,98769.836,98164.32800000001,98164.32800000001,2025-01-22 22:45:00,take_profit,20.23359999999957,2025-01-22 21:15:00,2025-01,2025-01-22
Range Break 200 Index,sell,98567.0,0.05,2025-01-22 21:45:00,98769.836,98164.32800000001,98164.32800000001,2025-01-22 22:45:00,take_profit,20.13359999999957,2025-01-22 21:30:00,2025-01,2025-01-22
Range Break 200 Index,sell,98545.0,0.05,2025-01-22 22:00:00,98769.836,98098.32800000001,98098.32800000001,2025-01-22 22:45:00,take_profit,22.33359999999957,2025-01-22 21:45:00,2025-01,2025-01-22
Range Break 200 Index,sell,98541.0,0.05,2025-01-22 22:15:00,98769.836,98086.32800000001,98086.32800000001,2025-01-22 22:45:00,take_profit,22.73359999999957,2025-01-22 22:00:00,2025-01,2025-01-22
Range Break 200 Index,sell,98555.0,0.05,2025-01-22 22:30:00,98767.836,98126.32800000001,98126.32800000001,2025-01-22 22:45:00,take_profit,21.433599999999572,2025-01-22 22:15:00,2025-01,2025-01-22
Range Break 200 Index,sell,98559.0,0.05,2025-01-22 22:45:00,98769.836,98140.32800000001,98140.32800000001,2025-01-22 22:45:00,take_profit,20.933599999999572,2025-01-22 22:30:00,2025-01,2025-01-22
Step Index,sell,8350.9,0.1,2025-01-22 18:15:00,8368.6696,8315.660800000001,8368.6696,2025-01-22 23:45:00,stop_loss,-1.7769599999999628,2025-01-22 18:00:00,2025-01,2025-01-22
Step Index,sell,8350.9,0.1,2025-01-22 18:30:00,8369.069599999999,8314.2608,8369.069599999999,2025-01-22 23:45:00,stop_loss,-1.8169599999999264,2025-01-22 18:15:00,2025-01,2025-01-22
Step Index,sell,8350.7,0.1,2025-01-22 18:45:00,8370.069599999999,8312.2608,8370.069599999999,2025-01-22 23:45:00,stop_loss,-1.9369599999998173,2025-01-22 18:30:00,2025-01,2025-01-22
Step Index,sell,8344.5,0.1,2025-01-22 19:30:00,8365.8696,8302.060800000001,8365.8696,2025-01-22 23:45:00,stop_loss,-2.1369599999999993,2025-01-22 19:15:00,2025-01,2025-01-22
Step Index,sell,8349.1,0.1,2025-01-22 19:45:00,8366.1696,8315.260800000004,8366.1696,2025-01-22 23:45:00,stop_loss,-1.7069599999998901,2025-01-22 19:30:00,2025-01,2025-01-22
Step Index,sell,8350.7,0.1,2025-01-22 20:30:00,8368.1696,8316.0608,8368.1696,2025-01-22 23:45:00,stop_loss,-1.7469599999998537,2025-01-22 20:15:00,2025-01,2025-01-22
Step Index,sell,8349.1,0.1,2025-01-22 20:45:00,8369.7696,8308.060800000003,8369.7696,2025-01-22 23:45:00,stop_loss,-2.0669599999999266,2025-01-22 20:30:00,2025-01,2025-01-22
Step Index,sell,8346.5,0.1,2025-01-22 21:00:00,8365.8696,8307.460799999999,8365.8696,2025-01-22 23:45:00,stop_loss,-1.9369599999999991,2025-01-22 20:45:00,2025-01,2025-01-22
Range Break 200 Index,sell,98654.0,0.05,2025-01-22 00:00:00,99041.22,97876.56,97876.56,2025-01-23 00:00:00,take_profit,38.87200000000012,2025-01-21 23:45:00,2025-01,2025-01-23
Range Break 200 Index,sell,98654.0,0.05,2025-01-22 00:00:00,99041.836,97875.32800000001,97875.32800000001,2025-01-23 00:00:00,take_profit,38.93359999999957,2025-01-21 23:45:00,2025-01,2025-01-23
Range Break 200 Index,sell,98549.0,0.05,2025-01-22 01:15:00,98836.22,97971.56,97971.56,2025-01-23 00:00:00,take_profit,28.872000000000117,2025-01-22 01:00:00,2025-01,2025-01-23
Range Break 200 Index,sell,98549.0,0.05,2025-01-22 01:15:00,98836.836,97970.32800000001,97970.32800000001,2025-01-23 00:00:00,take_profit,28.933599999999572,2025-01-22 01:00:00,2025-01,2025-01-23
Range Break 200 Index,sell,98498.0,0.05,2025-01-22 06:45:00,98748.836,97993.32800000001,97993.32800000001,2025-01-23 00:00:00,take_profit,25.23359999999957,2025-01-22 06:30:00,2025-01,2025-01-23
Range Break 200 Index,sell,98504.0,0.05,2025-01-22 07:15:00,98747.836,98019.32800000001,98019.32800000001,2025-01-23 00:00:00,take_profit,24.23359999999957,2025-01-22 07:00:00,2025-01,2025-01-23
Range Break 200 Index,sell,98506.0,0.05,2025-01-22 08:45:00,98742.836,98029.32800000001,98029.32800000001,2025-01-23 00:00:00,take_profit,23.83359999999957,2025-01-22 08:30:00,2025-01,2025-01-23
Range Break 200 Index,sell,98486.0,0.05,2025-01-22 09:30:00,98717.836,98019.32800000001,98019.32800000001,2025-01-23 00:00:00,take_profit,23.33359999999957,2025-01-22 09:15:00,2025-01,2025-01-23
Range Break 200 Index,sell,98490.0,0.05,2025-01-22 09:45:00,98719.836,98027.32800000001,98027.32800000001,2025-01-23 00:00:00,take_profit,23.13359999999957,2025-01-22 09:30:00,2025-01,2025-01-23
Range Break 200 Index,sell,98488.0,0.05,2025-01-22 10:30:00,98748.836,97963.32800000001,97963.32800000001,2025-01-23 00:00:00,take_profit,26.23359999999957,2025-01-22 10:15:00,2025-01,2025-01-23
Step Index,sell,8347.7,0.1,2025-01-22 18:00:00,8371.2696,8300.860799999999,8371.2696,2025-01-23 01:30:00,stop_loss,-2.3569599999998903,2025-01-22 17:45:00,2025-01,2025-01-23
Step Index,sell,8347.7,0.1,2025-01-22 18:00:00,8371.2742,8300.851599999998,8371.2742,2025-01-23 01:30:00,stop_loss,-2.357419999999911,2025-01-22 17:45:00,2025-01,2025-01-23
Range Break 200 Index,sell,98433.0,0.05,2025-01-22 03:45:00,98748.836,97798.32800000001,97798.32800000001,2025-01-23 05:00:00,take_profit,31.73359999999957,2025-01-22 03:30:00,2025-01,2025-01-23
Range Break 200 Index,sell,98054.0,0.05,2025-01-23 00:00:00,98259.836,97639.32800000001,97639.32800000001,2025-01-23 08:30:00,take_profit,20.73359999999957,2025-01-22 23:45:00,2025-01,2025-01-23
Range Break 200 Index,sell,98021.0,0.05,2025-01-23 00:45:00,98225.836,97614.32800000001,97614.32800000001,2025-01-23 08:30:00,take_profit,20.33359999999957,2025-01-23 00:30:00,2025-01,2025-01-23
Range Break 200 Index,sell,98017.0,0.05,2025-01-23 01:30:00,98225.836,97596.32800000001,97596.32800000001,2025-01-23 08:30:00,take_profit,21.03359999999957,2025-01-23 01:15:00,2025-01,2025-01-23
Range Break 200 Index,sell,98017.0,0.05,2025-01-23 01:45:00,98225.836,97602.32800000001,97602.32800000001,2025-01-23 08:30:00,take_profit,20.73359999999957,2025-01-23 01:30:00,2025-01,2025-01-23
Range Break 200 Index,sell,98027.0,0.05,2025-01-23 02:00:00,98225.836,97626.32800000001,97626.32800000001,2025-01-23 08:30:00,take_profit,20.03359999999957,2025-01-23 01:45:00,2025-01,2025-01-23
Range Break 200 Index,sell,98232.0,0.05,2025-01-22 04:15:00,98660.836,97371.32800000001,97371.32800000001,2025-01-23 08:45:00,take_profit,43.03359999999957,2025-01-22 04:00:00,2025-01,2025-01-23
Range Break 200 Index,sell,98269.0,0.05,2025-01-22 11:45:00,98688.836,97432.32800000001,97432.32800000001,2025-01-23 08:45:00,take_profit,41.83359999999957,2025-01-22 11:30:00,2025-01,2025-01-23
Range Break 200 Index,sell,97844.0,0.05,2025-01-23 00:30:00,98050.836,97433.32800000001,97433.32800000001,2025-01-23 08:45:00,take_profit,20.53359999999957,2025-01-23 00:15:00,2025-01,2025-01-23
Range Break 200 Index,sell,97993.0,0.05,2025-01-23 01:15:00,98207.836,97560.32800000001,97560.32800000001,2025-01-23 08:45:00,take_profit,21.63359999999957,2025-01-23 01:00:00,2025-01,2025-01-23
XAUUSD,buy,2749.62,0.05,2025-01-22 03:30:00,2742.5646199999996,2763.7307600000004,2742.5646199999996,2025-01-23 09:15:00,stop_loss,-0.3527690000000121,2025-01-22 03:15:00,2025-01,2025-01-23
XAUUSD,buy,2750.43,0.05,2025-01-22 04:00:00,2743.20462,2764.8807599999996,2743.20462,2025-01-23 09:15:00,stop_loss,-0.36126899999999296,2025-01-22 03:45:00,2025-01,2025-01-23
XAUUSD,buy,2750.84,0.05,2025-01-22 04:15:00,2743.93462,2764.6507600000004,2743.93462,2025-01-23 09:15:00,stop_loss,-0.34526900000000754,2025-01-22 04:00:00,2025-01,2025-01-23
XAUUSD,buy,2751.74,0.05,2025-01-22 04:30:00,2744.93462,2765.44076,2744.93462,2025-01-23 09:15:00,stop_loss,-0.34026899999998933,2025-01-22 04:15:00,2025-01,2025-01-23
XAUUSD,buy,2751.45,0.05,2025-01-22 05:15:00,2744.89462,2764.5607599999994,2744.89462,2025-01-23 09:15:00,stop_loss,-0.3277689999999893,2025-01-22 05:00:00,2025-01,2025-01-23
XAUUSD,buy,2751.05,0.05,2025-01-22 07:30:00,2743.53462,2766.0807600000007,2743.53462,2025-01-23 09:15:00,stop_loss,-0.3757690000000139,2025-01-22 07:15:00,2025-01,2025-01-23
XAUUSD,buy,2753.86,0.05,2025-01-22 12:15:00,2748.2946199999997,2764.990760000001,2748.2946199999997,2025-01-23 09:15:00,stop_loss,-0.27826900000002297,2025-01-22 12:00:00,2025-01,2025-01-23
XAUUSD,buy,2753.93,0.05,2025-01-22 12:30:00,2748.2146199999997,2765.4507600000006,2748.2146199999997,2025-01-23 09:15:00,stop_loss,-0.28576900000000477,2025-01-22 12:15:00,2025-01,2025-01-23
XAUUSD,buy,2757.25,0.05,2025-01-22 12:45:00,2746.24462,2779.20076,2746.24462,2025-01-23 09:15:00,stop_loss,-0.550269000000003,2025-01-22 12:30:00,2025-01,2025-01-23
XAUUSD,buy,2753.67,0.05,2025-01-22 13:30:00,2748.26462,2764.4807600000004,2748.26462,2025-01-23 09:15:00,stop_loss,-0.27026900000000753,2025-01-22 13:15:00,2025-01,2025-01-23
XAUUSD,buy,2749.25,0.05,2025-01-22 02:15:00,2741.5646199999996,2764.59076,2741.5646199999996,2025-01-23 09:30:00,stop_loss,-0.3842690000000175,2025-01-22 02:00:00,2025-01,2025-01-23
XAUUSD,buy,2749.0,0.05,2025-01-22 03:00:00,2740.95462,2765.09076,2740.95462,2025-01-23 09:30:00,stop_loss,-0.40226900000000115,2025-01-22 02:45:00,2025-01,2025-01-23
XAUUSD,buy,2750.03,0.05,2025-01-22 07:15:00,2741.11462,2767.860760000001,2741.11462,2025-01-23 09:30:00,stop_loss,-0.44576900000001846,2025-01-22 07:00:00,2025-01,2025-01-23
Step Index,sell,8354.5,0.1,2025-01-22 17:30:00,8372.4696,8318.260799999998,8372.4696,2025-01-23 13:15:00,stop_loss,-1.7969600000000356,2025-01-22 17:15:00,2025-01,2025-01-23
Step Index,sell,8354.5,0.1,2025-01-22 17:30:00,8372.4742,8318.251599999998,8372.4742,2025-01-23 13:15:00,stop_loss,-1.7974200000000566,2025-01-22 17:15:00,2025-01,2025-01-23
Step Index,sell,8354.5,0.1,2025-01-22 20:00:00,8373.1696,8316.8608,8373.1696,2025-01-23 13:15:00,stop_loss,-1.8669599999999265,2025-01-22 19:45:00,2025-01,2025-01-23
Step Index,sell,8349.7,0.1,2025-01-22 20:15:00,8372.7696,8303.860799999999,8372.7696,2025-01-23 13:15:00,stop_loss,-2.30695999999989,2025-01-22 20:00:00,2025-01,2025-01-23
Step Index,sell,8356.7,0.1,2025-01-22 17:00:00,8377.069599999999,8316.2608,8377.069599999999,2025-01-23 15:15:00,stop_loss,-2.036959999999817,2025-01-22 16:45:00,2025-01,2025-01-23
Step Index,sell,8356.7,0.1,2025-01-22 17:00:00,8377.0742,8316.2516,8377.0742,2025-01-23 15:15:00,stop_loss,-2.0374199999998384,2025-01-22 16:45:00,2025-01,2025-01-23
Step Index,buy,8375.5,0.1,2025-01-23 15:15:00,8366.271428571428,8394.257142857145,8366.271428571428,2025-01-23 17:00:00,stop_loss,-0.9228571428571741,2025-01-23 15:00:00,2025-01,2025-01-23
Range Break 200 Index,sell,97814.0,0.05,2025-01-23 00:15:00,98259.836,96919.32800000001,96919.32800000001,2025-01-23 18:15:00,take_profit,44.73359999999957,2025-01-23 00:00:00,2025-01,2025-01-23
Range Break 200 Index,sell,98048.0,0.05,2025-01-22 23:00:00,98760.836,96619.32800000001,96619.32800000001,2025-01-23 18:45:00,take_profit,71.43359999999957,2025-01-22 22:45:00,2025-01,2025-01-23
Step Index,sell,8363.9,0.1,2025-01-22 16:30:00,8382.9696,8326.0608,8382.9696,2025-01-23 19:45:00,stop_loss,-1.906960000000072,2025-01-22 16:15:00,2025-01,2025-01-23
Step Index,sell,8363.9,0.1,2025-01-22 16:30:00,8382.9742,8326.051599999999,8382.9742,2025-01-23 19:45:00,stop_loss,-1.907420000000093,2025-01-22 16:15:00,2025-01,2025-01-23
Step Index,sell,8365.5,0.1,2025-01-22 16:15:00,8385.7696,8324.6608,8385.7696,2025-01-23 20:00:00,stop_loss,-2.026959999999963,2025-01-22 16:00:00,2025-01,2025-01-23
Step Index,sell,8365.5,0.1,2025-01-22 16:15:00,8385.7742,8324.6516,8385.7742,2025-01-23 20:00:00,stop_loss,-2.027419999999984,2025-01-22 16:00:00,2025-01,2025-01-23
Step Index,sell,8359.7,0.1,2025-01-22 16:45:00,8383.9696,8311.460799999997,8383.9696,2025-01-23 20:00:00,stop_loss,-2.426959999999963,2025-01-22 16:30:00,2025-01,2025-01-23
Step Index,sell,8359.7,0.1,2025-01-22 16:45:00,8383.9742,8311.451599999997,8383.9742,2025-01-23 20:00:00,stop_loss,-2.4274199999999837,2025-01-22 16:30:00,2025-01,2025-01-23
Step Index,buy,8368.9,0.1,2025-01-23 16:45:00,8359.614285714286,8387.171428571426,8387.171428571426,2025-01-23 20:15:00,take_profit,1.8271428571426442,2025-01-23 16:30:00,2025-01,2025-01-23
Step Index,sell,8373.1,0.1,2025-01-22 14:00:00,8392.6904,8333.619200000001,8392.6904,2025-01-23 21:30:00,stop_loss,-1.9590399999999137,2025-01-22 13:45:00,2025-01,2025-01-23
Step Index,buy,8374.9,0.1,2025-01-23 15:45:00,8365.57142857143,8393.857142857141,8393.857142857141,2025-01-23 21:30:00,take_profit,1.8957142857141662,2025-01-23 15:30:00,2025-01,2025-01-23
Step Index,buy,8386.3,0.1,2025-01-23 21:15:00,8378.471428571429,8402.257142857141,8402.257142857141,2025-01-24 01:15:00,take_profit,1.5957142857141662,2025-01-23 21:00:00,2025-01,2025-01-24
Step Index,buy,8387.9,0.1,2025-01-23 20:45:00,8379.228571428572,8404.942857142854,8379.228571428572,2025-01-24 05:15:00,stop_loss,-0.8671428571427896,2025-01-23 20:30:00,2025-01,2025-01-24
Step Index,buy,8395.5,0.1,2025-01-24 00:00:00,8378.657799999999,8429.484400000003,8378.657799999999,2025-01-24 05:30:00,stop_loss,-1.6842200000000958,2025-01-23 23:45:00,2025-01,2025-01-24
Step Index,buy,8394.9,0.1,2025-01-24 00:30:00,8378.2578,8428.484400000001,8378.2578,2025-01-24 05:30:00,stop_loss,-1.6642200000000231,2025-01-24 00:15:00,2025-01,2025-01-24
Step Index,buy,8398.7,0.1,2025-01-23 23:15:00,8375.8578,8444.084400000002,8375.8578,2025-01-24 06:00:00,stop_loss,-2.284220000000096,2025-01-23 23:00:00,2025-01,2025-01-24
Step Index,buy,8390.1,0.1,2025-01-23 22:45:00,8372.4578,8425.0844,8372.4578,2025-01-24 06:15:00,stop_loss,-1.764220000000023,2025-01-23 22:30:00,2025-01,2025-01-24
Step Index,buy,8392.9,0.1,2025-01-23 23:00:00,8372.557799999999,8433.2844,8372.557799999999,2025-01-24 06:15:00,stop_loss,-2.034220000000096,2025-01-23 22:45:00,2025-01,2025-01-24
Step Index,buy,8393.9,0.1,2025-01-24 00:45:00,8373.157799999999,8435.0844,8373.157799999999,2025-01-24 06:15:00,stop_loss,-2.0742200000000595,2025-01-24 00:30:00,2025-01,2025-01-24
Step Index,sell,8381.3,0.1,2025-01-25 17:15:00,8398.6012,8346.397600000004,8346.397600000004,2025-01-26 00:15:00,take_profit,3.49023999999954,2025-01-25 17:00:00,2025-01,2025-01-26
Step Index,sell,8383.1,0.1,2025-01-25 18:15:00,8401.7012,8345.597600000001,8345.597600000001,2025-01-26 00:15:00,take_profit,3.75023999999994,2025-01-25 18:00:00,2025-01,2025-01-26
Step Index,sell,8379.1,0.1,2025-01-25 18:45:00,8397.5012,8341.997599999999,8341.997599999999,2025-01-26 01:45:00,take_profit,3.7102400000001583,2025-01-25 18:30:00,2025-01,2025-01-26
Step Index,sell,8378.7,0.1,2025-01-25 17:00:00,8398.2012,8339.397600000002,8339.397600000002,2025-01-26 03:30:00,take_profit,3.930239999999867,2025-01-25 16:45:00,2025-01,2025-01-26
Step Index,sell,8377.5,0.1,2025-01-25 19:00:00,8396.1012,8339.9976,8339.9976,2025-01-26 03:30:00,take_profit,3.75023999999994,2025-01-25 18:45:00,2025-01,2025-01-26
Step Index,sell,8366.5,0.1,2025-01-25 22:30:00,8384.7012,8330.397600000002,8330.397600000002,2025-01-26 20:00:00,take_profit,3.6102399999997945,2025-01-25 22:15:00,2025-01,2025-01-26
Step Index,sell,8365.7,0.1,2025-01-25 22:45:00,8383.4012,8329.9976,8329.9976,2025-01-26 20:00:00,take_profit,3.5702400000000125,2025-01-25 22:30:00,2025-01,2025-01-26
Step Index,sell,8366.9,0.1,2025-01-25 22:00:00,8385.7012,8328.997599999999,8328.997599999999,2025-01-26 22:30:00,take_profit,3.7902400000000855,2025-01-25 21:45:00,2025-01,2025-01-26
Step Index,sell,8364.9,0.1,2025-01-25 23:00:00,8382.6012,8329.1976,8329.1976,2025-01-26 22:30:00,take_profit,3.5702400000000125,2025-01-25 22:45:00,2025-01,2025-01-26
Step Index,sell,8365.3,0.1,2025-01-25 21:45:00,8383.4012,8328.797600000002,8328.797600000002,2025-01-27 05:15:00,take_profit,3.650239999999758,2025-01-25 21:30:00,2025-01,2025-01-27
Step Index,sell,8375.5,0.1,2025-01-25 18:30:00,8400.0012,8326.197599999998,8326.197599999998,2025-01-27 05:30:00,take_profit,4.930240000000231,2025-01-25 18:15:00,2025-01,2025-01-27
Step Index,sell,8365.9,0.1,2025-01-25 22:15:00,8386.6012,8324.1976,8324.1976,2025-01-27 05:30:00,take_profit,4.170240000000013,2025-01-25 22:00:00,2025-01,2025-01-27
Step Index,sell,8365.7,0.1,2025-01-25 23:15:00,8384.6012,8327.597600000003,8327.597600000003,2025-01-27 05:30:00,take_profit,3.8102399999997942,2025-01-25 23:00:00,2025-01,2025-01-27
Step Index,sell,8350.9,0.1,2025-01-26 00:30:00,8367.9012,8317.1976,8317.1976,2025-01-27 06:00:00,take_profit,3.370240000000013,2025-01-26 00:15:00,2025-01,2025-01-27
Step Index,sell,8360.7,0.1,2025-01-25 23:30:00,8383.2012,8315.997599999999,8315.997599999999,2025-01-27 07:45:00,take_profit,4.470240000000195,2025-01-25 23:15:00,2025-01,2025-01-27
Step Index,sell,8352.9,0.1,2025-01-26 00:00:00,8371.5012,8315.997599999999,8315.997599999999,2025-01-27 07:45:00,take_profit,3.6902400000000855,2025-01-25 23:45:00,2025-01,2025-01-27
Crash 1000 Index,sell,5309.531,0.2,2025-01-27 09:30:00,5320.20015,5288.1777,5320.20015,2025-01-27 10:15:00,stop_loss,-2.1338299999999437,2025-01-27 09:15:00,2025-01,2025-01-27
Crash 1000 Index,sell,5321.168,0.2,2025-01-27 10:30:00,5331.83915,5299.8167,5299.8167,2025-01-27 11:15:00,take_profit,4.270259999999872,2025-01-27 10:15:00,2025-01,2025-01-27
Crash 1000 Index,sell,5300.361,0.2,2025-01-27 11:45:00,5311.029149999999,5279.0067,5311.029149999999,2025-01-27 12:15:00,stop_loss,-2.133629999999903,2025-01-27 11:30:00,2025-01,2025-01-27
Crash 1000 Index,sell,5305.228,0.2,2025-01-27 12:00:00,5315.89715,5283.8747,5315.89715,2025-01-27 12:30:00,stop_loss,-2.1338299999999437,2025-01-27 11:45:00,2025-01,2025-01-27
Crash 1000 Index,sell,5308.026,0.2,2025-01-27 09:45:00,5322.40215,5279.2467,5322.40215,2025-01-27 12:45:00,stop_loss,-2.875230000000011,2025-01-27 09:30:00,2025-01,2025-01-27
Crash 1000 Index,sell,5311.585,0.2,2025-01-27 10:00:00,5322.25215,5290.229700000001,5322.25215,2025-01-27 12:45:00,stop_loss,-2.133430000000044,2025-01-27 09:45:00,2025-01,2025-01-27
Crash 1000 Index,sell,5312.747,0.2,2025-01-27 11:00:00,5323.41515,5291.3927,5323.41515,2025-01-27 12:45:00,stop_loss,-2.133629999999903,2025-01-27 10:45:00,2025-01,2025-01-27
Crash 1000 Index,sell,5316.282,0.2,2025-01-27 10:15:00,5326.94815,5294.925700000001,5294.925700000001,2025-01-27 13:30:00,take_profit,4.271259999999893,2025-01-27 10:00:00,2025-01,2025-01-27
Crash 1000 Index,sell,5314.839,0.2,2025-01-27 12:30:00,5325.50915,5293.4867,5293.4867,2025-01-27 13:30:00,take_profit,4.270459999999912,2025-01-27 12:15:00,2025-01,2025-01-27
Crash 1000 Index,sell,5319.744,0.2,2025-01-27 12:45:00,5330.41415,5298.3917,5298.3917,2025-01-27 13:30:00,take_profit,4.270459999999912,2025-01-27 12:30:00,2025-01,2025-01-27
Crash 1000 Index,sell,5324.481,0.2,2025-01-27 13:00:00,5335.14915,5303.126700000001,5303.126700000001,2025-01-27 13:30:00,take_profit,4.270859999999812,2025-01-27 12:45:00,2025-01,2025-01-27
Crash 1000 Index,sell,5293.199,0.2,2025-01-27 17:45:00,5303.8691499999995,5271.8467,5271.8467,2025-01-27 18:45:00,take_profit,4.270459999999912,2025-01-27 17:30:00,2025-01,2025-01-27
Crash 1000 Index,sell,5274.57,0.2,2025-01-27 19:15:00,5285.24015,5253.2177,5285.24015,2025-01-27 19:45:00,stop_loss,-2.1340299999999846,2025-01-27 19:00:00,2025-01,2025-01-27
Crash 1000 Index,sell,5281.446,0.2,2025-01-27 18:15:00,5292.11615,5260.0937,5292.11615,2025-01-27 20:00:00,stop_loss,-2.1340299999999846,2025-01-27 18:00:00,2025-01,2025-01-27
Crash 1000 Index,sell,5279.387,0.2,2025-01-27 19:30:00,5290.05515,5258.032700000001,5290.05515,2025-01-27 20:00:00,stop_loss,-2.133630000000085,2025-01-27 19:15:00,2025-01,2025-01-27
Crash 1000 Index,sell,5287.34,0.2,2025-01-27 18:45:00,5298.01215,5265.9897,5298.01215,2025-01-27 20:15:00,stop_loss,-2.134429999999884,2025-01-27 18:30:00,2025-01,2025-01-27
Crash 1000 Index,sell,5271.872,0.2,2025-01-27 19:00:00,5298.24715,5219.097699999998,5298.24715,2025-01-27 20:15:00,stop_loss,-5.27502999999997,2025-01-27 18:45:00,2025-01,2025-01-27
Crash 1000 Index,sell,5284.077,0.2,2025-01-27 19:45:00,5294.74215,5262.719700000001,5294.74215,2025-01-27 20:15:00,stop_loss,-2.1330299999999625,2025-01-27 19:30:00,2025-01,2025-01-27
Crash 1000 Index,sell,5288.75,0.2,2025-01-27 20:00:00,5299.42115,5267.398700000001,5299.42115,2025-01-27 20:30:00,stop_loss,-2.134230000000025,2025-01-27 19:45:00,2025-01,2025-01-27
Crash 1000 Index,sell,5290.772,0.2,2025-01-27 17:15:00,5301.43515,5269.412700000001,5301.43515,2025-01-27 20:45:00,stop_loss,-2.132630000000063,2025-01-27 17:00:00,2025-01,2025-01-27
Step Index,sell,8345.5,0.1,2025-01-26 01:30:00,8363.0012,8310.7976,8310.7976,2025-01-27 21:00:00,take_profit,3.470240000000013,2025-01-26 01:15:00,2025-01,2025-01-27
Crash 1000 Index,sell,5293.521,0.2,2025-01-27 20:15:00,5304.19515,5272.1727,5304.19515,2025-01-27 21:00:00,stop_loss,-2.1348299999999654,2025-01-27 20:00:00,2025-01,2025-01-27
Crash 1000 Index,sell,5298.424,0.2,2025-01-27 20:30:00,5309.09515,5277.072700000001,5309.09515,2025-01-27 22:15:00,stop_loss,-2.134230000000025,2025-01-27 20:15:00,2025-01,2025-01-27
Crash 1000 Index,sell,5298.189,0.2,2025-01-27 20:45:00,5311.97315,5270.6147,5311.97315,2025-01-27 22:15:00,stop_loss,-2.7568299999999,2025-01-27 20:30:00,2025-01,2025-01-27
Crash 1000 Index,sell,5286.994,0.2,2025-01-27 16:45:00,5312.72215,5235.5377,5312.72215,2025-01-27 22:30:00,stop_loss,-5.145629999999983,2025-01-27 16:30:00,2025-01,2025-01-27
Crash 1000 Index,sell,5303.016,0.2,2025-01-27 21:00:00,5313.68315,5281.6607,5313.68315,2025-01-27 22:30:00,stop_loss,-2.133430000000044,2025-01-27 20:45:00,2025-01,2025-01-27
Crash 1000 Index,sell,5298.162,0.2,2025-01-27 23:30:00,5308.82515,5276.8027,5308.82515,2025-01-28 01:00:00,stop_loss,-2.1326299999998812,2025-01-27 23:15:00,2025-01,2025-01-28
Crash 1000 Index,sell,5300.922,0.2,2025-01-27 23:45:00,5311.59415,5279.5717,5311.59415,2025-01-28 01:15:00,stop_loss,-2.1344300000000658,2025-01-27 23:30:00,2025-01,2025-01-28
Crash 1000 Index,sell,5299.674,0.2,2025-01-28 00:00:00,5312.748149999999,5273.510700000001,5312.748149999999,2025-01-28 01:15:00,stop_loss,-2.614829999999893,2025-01-27 23:45:00,2025-01,2025-01-28
Crash 1000 Index,sell,5303.317,0.2,2025-01-27 21:15:00,5316.12415,5277.663700000001,5316.12415,2025-01-28 01:30:00,stop_loss,-2.5614299999999277,2025-01-27 21:00:00,2025-01,2025-01-28
Crash 1000 Index,sell,5293.323,0.2,2025-01-27 23:15:00,5314.80515,5250.325699999999,5314.80515,2025-01-28 01:30:00,stop_loss,-4.2964299999999644,2025-01-27 23:00:00,2025-01,2025-01-28
Crash 1000 Index,sell,5304.257,0.2,2025-01-28 00:15:00,5314.93015,5282.907700000001,5314.93015,2025-01-28 01:30:00,stop_loss,-2.1346300000001066,2025-01-28 00:00:00,2025-01,2025-01-28
Crash 1000 Index,sell,5299.427,0.2,2025-01-28 00:45:00,5316.7081499999995,5264.855700000001,5316.7081499999995,2025-01-28 01:30:00,stop_loss,-3.4562299999999597,2025-01-28 00:30:00,2025-01,2025-01-28
Crash 1000 Index,sell,5304.222,0.2,2025-01-28 01:00:00,5314.88715,5282.8647,5314.88715,2025-01-28 01:30:00,stop_loss,-2.1330299999999625,2025-01-28 00:45:00,2025-01,2025-01-28
Crash 1000 Index,sell,5302.838,0.2,2025-01-28 00:30:00,5318.60915,5271.271699999999,5318.60915,2025-01-28 02:00:00,stop_loss,-3.154230000000098,2025-01-28 00:15:00,2025-01,2025-01-28
Crash 1000 Index,sell,5312.651,0.2,2025-01-27 22:30:00,5323.3241499999995,5291.3017,5323.3241499999995,2025-01-28 02:45:00,stop_loss,-2.1346299999999245,2025-01-27 22:15:00,2025-01,2025-01-28
Crash 1000 Index,sell,5300.852,0.2,2025-01-27 23:00:00,5322.92115,5256.7047,5322.92115,2025-01-28 02:45:00,stop_loss,-4.413830000000053,2025-01-27 22:45:00,2025-01,2025-01-28
Crash 1000 Index,sell,5304.612,0.2,2025-01-27 09:15:00,5326.17615,5261.4447,5326.17615,2025-01-28 03:00:00,stop_loss,-4.312830000000031,2025-01-27 09:00:00,2025-01,2025-01-28
Crash 1000 Index,sell,5301.914,0.2,2025-01-27 11:15:00,5326.7841499999995,5252.161700000001,5326.7841499999995,2025-01-28 03:00:00,stop_loss,-4.974029999999948,2025-01-27 11:00:00,2025-01,2025-01-28
Step Index,sell,8354.7,0.1,2025-01-25 23:45:00,8377.6012,8309.1976,8309.1976,2025-01-28 03:30:00,take_profit,4.550240000000122,2025-01-25 23:30:00,2025-01,2025-01-28
Crash 1000 Index,sell,5307.824,0.2,2025-01-27 10:45:00,5332.24715,5258.962700000001,5332.24715,2025-01-28 03:45:00,stop_loss,-4.884630000000107,2025-01-27 10:30:00,2025-01,2025-01-28
Crash 1000 Index,sell,5307.359,0.2,2025-01-27 13:15:00,5335.39615,5251.254700000001,5335.39615,2025-01-28 03:45:00,stop_loss,-5.607429999999841,2025-01-27 13:00:00,2025-01,2025-01-28
Step Index,sell,8323.8,0.1,2025-01-29 04:00:00,8343.698,8283.704000000002,8343.698,2025-01-29 07:00:00,stop_loss,-1.9898000000001048,2025-01-29 03:45:00,2025-01,2025-01-29
Step Index,sell,8323.8,0.1,2025-01-29 04:00:00,8343.705,8283.690000000002,8343.705,2025-01-29 07:00:00,stop_loss,-1.9905000000000657,2025-01-29 03:45:00,2025-01,2025-01-29
Step Index,sell,8341.1,0.1,2025-01-26 02:00:00,8361.8012,8299.3976,8361.8012,2025-01-29 20:00:00,stop_loss,-2.0701199999999518,2025-01-26 01:45:00,2025-01,2025-01-29
Step Index,sell,8344.7,0.1,2025-01-26 01:15:00,8369.2012,8295.997599999999,8369.2012,2025-01-30 03:00:00,stop_loss,-2.4501199999998793,2025-01-26 01:00:00,2025-01,2025-01-30
Step Index,sell,8347.1,0.1,2025-01-26 00:15:00,8370.1012,8300.797600000002,8370.1012,2025-01-30 03:45:00,stop_loss,-2.300119999999879,2025-01-26 00:00:00,2025-01,2025-01-30
Range Break 200 Index,sell,93004.0,0.05,2025-01-30 02:15:00,93091.85714285714,92831.28571428571,92831.28571428571,2025-01-30 03:45:00,take_profit,8.635714285714494,2025-01-30 02:00:00,2025-01,2025-01-30
Range Break 200 Index,sell,92994.0,0.05,2025-01-30 02:30:00,93081.14285714286,92816.71428571429,92816.71428571429,2025-01-30 03:45:00,take_profit,8.864285714285506,2025-01-30 02:15:00,2025-01,2025-01-30
Range Break 200 Index,sell,93018.0,0.05,2025-01-30 03:00:00,93111.71428571429,92833.57142857142,92833.57142857142,2025-01-30 03:45:00,take_profit,9.221428571428987,2025-01-30 02:45:00,2025-01,2025-01-30
Range Break 200 Index,sell,92597.0,0.05,2025-01-30 04:30:00,92799.098,92189.804,92529.0,2025-01-30 23:00:00,end,3.4000000000000004,2025-01-30 04:15:00,2025-01,2025-01-30
Range Break 200 Index,sell,92559.0,0.05,2025-01-30 04:45:00,92786.098,92107.804,92529.0,2025-01-30 23:00:00,end,1.5,2025-01-30 04:30:00,2025-01,2025-01-30
Range Break 200 Index,sell,92589.0,0.05,2025-01-30 05:00:00,92794.098,92181.804,92529.0,2025-01-30 23:00:00,end,3.0,2025-01-30 04:45:00,2025-01,2025-01-30
Range Break 200 Index,sell,92581.0,0.05,2025-01-30 05:15:00,92785.098,92169.804,92529.0,2025-01-30 23:00:00,end,2.6,2025-01-30 05:00:00,2025-01,2025-01-30
Range Break 200 Index,sell,92571.0,0.05,2025-01-30 05:30:00,92775.098,92165.804,92529.0,2025-01-30 23:00:00,end,2.1,2025-01-30 05:15:00,2025-01,2025-01-30
Range Break 200 Index,sell,92436.0,0.05,2025-01-30 05:45:00,92762.098,91780.804,92529.0,2025-01-30 23:00:00,end,-4.65,2025-01-30 05:30:00,2025-01,2025-01-30
Range Break 200 Index,sell,92452.0,0.05,2025-01-30 06:15:00,92652.098,92054.804,92529.0,2025-01-30 23:00:00,end,-3.85,2025-01-30 06:00:00,2025-01,2025-01-30
Range Break 200 Index,sell,92634.0,0.05,2025-01-30 06:30:00,92835.098,92228.804,92529.0,2025-01-30 23:00:00,end,5.25,2025-01-30 06:15:00,2025-01,2025-01-30
Range Break 200 Index,sell,92546.0,0.05,2025-01-30 06:45:00,92822.098,91996.804,92529.0,2025-01-30 23:00:00,end,0.8500000000000001,2025-01-30 06:30:00,2025-01,2025-01-30
Range Break 200 Index,sell,92526.0,0.05,2025-01-30 07:00:00,92734.098,92106.804,92529.0,2025-01-30 23:00:00,end,-0.15000000000000002,2025-01-30 06:45:00,2025-01,2025-01-30
Range Break 200 Index,sell,92534.0,0.05,2025-01-30 07:15:00,92739.098,92126.804,92529.0,2025-01-30 23:00:00,end,0.25,2025-01-30 07:00:00,2025-01,2025-01-30
Range Break 200 Index,sell,92542.0,0.05,2025-01-30 07:30:00,92739.098,92144.804,92529.0,2025-01-30 23:00:00,end,0.65,2025-01-30 07:15:00,2025-01,2025-01-30
Range Break 200 Index,sell,92584.0,0.05,2025-01-30 07:45:00,92776.098,92196.804,92529.0,2025-01-30 23:00:00,end,2.75,2025-01-30 07:30:00,2025-01,2025-01-30
Range Break 200 Index,sell,92576.0,0.05,2025-01-30 08:00:00,92776.098,92178.804,92529.0,2025-01-30 23:00:00,end,2.35,2025-01-30 07:45:00,2025-01,2025-01-30
Range Break 200 Index,sell,92538.0,0.05,2025-01-30 08:15:00,92767.098,92082.804,92529.0,2025-01-30 23:00:00,end,0.45,2025-01-30 08:00:00,2025-01,2025-01-30
Range Break 200 Index,sell,92562.0,0.05,2025-01-30 08:30:00,92752.098,92178.804,92529.0,2025-01-30 23:00:00,end,1.6500000000000001,2025-01-30 08:15:00,2025-01,2025-01-30
Range Break 200 Index,sell,92586.0,0.05,2025-01-30 09:00:00,92792.098,92176.804,92529.0,2025-01-30 23:00:00,end,2.85,2025-01-30 08:45:00,2025-01,2025-01-30
Range Break 200 Index,sell,92582.0,0.05,2025-01-30 09:15:00,92790.098,92162.804,92529.0,2025-01-30 23:00:00,end,2.6500000000000004,2025-01-30 09:00:00,2025-01,2025-01-30
Range Break 200 Index,sell,92552.0,0.05,2025-01-30 09:30:00,92768.098,92116.804,92529.0,2025-01-30 23:00:00,end,1.1500000000000001,2025-01-30 09:15:00,2025-01,2025-01-30
Range Break 200 Index,sell,92576.0,0.05,2025-01-30 09:45:00,92766.098,92198.804,92529.0,2025-01-30 23:00:00,end,2.35,2025-01-30 09:30:00,2025-01,2025-01-30
Range Break 200 Index,sell,92638.0,0.05,2025-01-30 14:00:00,92835.098,92246.804,92529.0,2025-01-30 23:00:00,end,5.45,2025-01-30 13:45:00,2025-01,2025-01-30
Range Break 200 Index,sell,92628.0,0.05,2025-01-30 14:15:00,92709.0,92469.0,92529.0,2025-01-30 23:00:00,end,4.95,2025-01-30 14:00:00,2025-01,2025-01-30
Range Break 200 Index,sell,92628.0,0.05,2025-01-30 14:15:00,92830.098,92226.804,92529.0,2025-01-30 23:00:00,end,4.95,2025-01-30 14:00:00,2025-01,2025-01-30
Range Break 200 Index,sell,92608.0,0.05,2025-01-30 14:30:00,92831.098,92164.804,92529.0,2025-01-30 23:00:00,end,3.95,2025-01-30 14:15:00,2025-01,2025-01-30
Range Break 200 Index,sell,92586.0,0.05,2025-01-30 14:45:00,92795.098,92164.804,92529.0,2025-01-30 23:00:00,end,2.85,2025-01-30 14:30:00,2025-01,2025-01-30
Range Break 200 Index,sell,92558.0,0.05,2025-01-30 15:00:00,92793.098,92090.804,92529.0,2025-01-30 23:00:00,end,1.4500000000000002,2025-01-30 14:45:00,2025-01,2025-01-30
Range Break 200 Index,sell,92616.0,0.05,2025-01-30 15:15:00,92804.098,92242.804,92529.0,2025-01-30 23:00:00,end,4.3500000000000005,2025-01-30 15:00:00,2025-01,2025-01-30
Range Break 200 Index,sell,92630.0,0.05,2025-01-30 15:30:00,92822.098,92242.804,92529.0,2025-01-30 23:00:00,end,5.050000000000001,2025-01-30 15:15:00,2025-01,2025-01-30
Range Break 200 Index,sell,92626.0,0.05,2025-01-30 15:45:00,92824.098,92226.804,92529.0,2025-01-30 23:00:00,end,4.8500000000000005,2025-01-30 15:30:00,2025-01,2025-01-30
Range Break 200 Index,sell,92604.0,0.05,2025-01-30 16:00:00,92822.098,92164.804,92529.0,2025-01-30 23:00:00,end,3.75,2025-01-30 15:45:00,2025-01,2025-01-30
Range Break 200 Index,sell,92612.0,0.05,2025-01-30 16:15:00,92693.42857142857,92452.14285714287,92529.0,2025-01-30 23:00:00,end,4.15,2025-01-30 16:00:00,2025-01,2025-01-30
Range Break 200 Index,sell,92612.0,0.05,2025-01-30 16:15:00,92819.098,92200.804,92529.0,2025-01-30 23:00:00,end,4.15,2025-01-30 16:00:00,2025-01,2025-01-30
Range Break 200 Index,sell,92608.0,0.05,2025-01-30 16:30:00,92809.098,92202.804,92529.0,2025-01-30 23:00:00,end,3.95,2025-01-30 16:15:00,2025-01,2025-01-30
Range Break 200 Index,sell,92580.0,0.05,2025-01-30 16:45:00,92807.098,92122.804,92529.0,2025-01-30 23:00:00,end,2.5500000000000003,2025-01-30 16:30:00,2025-01,2025-01-30
Range Break 200 Index,sell,92582.0,0.05,2025-01-30 17:00:00,92662.0,92419.0,92529.0,2025-01-30 23:00:00,end,2.6500000000000004,2025-01-30 16:45:00,2025-01,2025-01-30
Range Break 200 Index,sell,92582.0,0.05,2025-01-30 17:00:00,92802.098,92138.804,92529.0,2025-01-30 23:00:00,end,2.6500000000000004,2025-01-30 16:45:00,2025-01,2025-01-30
Range Break 200 Index,sell,92584.0,0.05,2025-01-30 17:30:00,92801.098,92146.804,92529.0,2025-01-30 23:00:00,end,2.75,2025-01-30 17:15:00,2025-01,2025-01-30
Range Break 200 Index,sell,92608.0,0.05,2025-01-30 17:45:00,92818.098,92184.804,92529.0,2025-01-30 23:00:00,end,3.95,2025-01-30 17:30:00,2025-01,2025-01-30
Range Break 200 Index,sell,92596.0,0.05,2025-01-30 18:00:00,92678.71428571429,92427.57142857142,92529.0,2025-01-30 23:00:00,end,3.35,2025-01-30 17:45:00,2025-01,2025-01-30
Range Break 200 Index,sell,92596.0,0.05,2025-01-30 18:00:00,92809.098,92166.804,92529.0,2025-01-30 23:00:00,end,3.35,2025-01-30 17:45:00,2025-01,2025-01-30
Range Break 200 Index,sell,92528.0,0.05,2025-01-30 19:45:00,92721.098,92138.804,92529.0,2025-01-30 23:00:00,end,-0.05,2025-01-30 19:30:00,2025-01,2025-01-30
Range Break 200 Index,sell,92530.0,0.05,2025-01-30 20:00:00,92734.098,92118.804,92529.0,2025-01-30 23:00:00,end,0.05,2025-01-30 19:45:00,2025-01,2025-01-30
Range Break 200 Index,sell,92544.0,0.05,2025-01-30 20:15:00,92740.098,92148.804,92529.0,2025-01-30 23:00:00,end,0.75,2025-01-30 20:00:00,2025-01,2025-01-30
Range Break 200 Index,sell,92512.0,0.05,2025-01-30 20:30:00,92731.098,92070.804,92529.0,2025-01-30 23:00:00,end,-0.8500000000000001,2025-01-30 20:15:00,2025-01,2025-01-30
Range Break 200 Index,sell,92558.0,0.05,2025-01-30 20:45:00,92753.098,92164.804,92529.0,2025-01-30 23:00:00,end,1.4500000000000002,2025-01-30 20:30:00,2025-01,2025-01-30
