id,symbol,type,entry,exit_price,pnl,pips,volume,time,exit_time,duration_minutes,strategy,result,comment
1243156985,AUDCADm,SELL,0.90824,0.9094700000000001,-0.85,-12.300000000000644,0.01,2025-03-11 19:56:18,2025-03-11 22:15:12,138,,LOSS,Turtle_Soup
1243159874,AUDCADm,SELL,0.9082600000000001,0.9094700000000001,-0.84,-12.100000000000444,0.01,2025-03-11 19:57:42,2025-03-11 22:15:12,137,,LOSS,Turtle_Soup
1243165479,AUDCADm,SELL,0.9083100000000001,0.90929,-0.68,-9.799999999999809,0.01,2025-03-11 20:00:40,2025-03-11 22:05:03,124,,LOSS,SH_BMS_RTO
1243406499,AUDCADm,BUY,0.9094700000000001,0.90732,-1.49,-21.500000000000963,0.01,2025-03-11 22:15:13,2025-03-11 22:46:47,31,,LOSS,Python Bot - BUY
1243406550,AUDUSDm,BUY,0.63002,0.6284,-1.62,-16.200000000000657,0.01,2025-03-11 22:15:30,2025-03-11 22:45:57,30,,LOSS,Python Bot - BUY
1243406637,NZDUSDm,BUY,0.57216,0.57086,-1.3,-12.999999999999678,0.01,2025-03-11 22:15:38,2025-03-11 22:46:47,31,,LOSS,Python Bot - BUY
1243407612,AUDUSDm,BUY,0.6300800000000001,0.62829,-1.79,-17.900000000000695,0.01,2025-03-11 22:17:14,2025-03-11 22:46:04,28,,LOSS,Python Bot - BUY
1243407697,NZDUSDm,BUY,0.5721700000000001,0.57086,-1.31,-13.100000000000334,0.01,2025-03-11 22:17:21,2025-03-11 22:46:47,29,,LOSS,Python Bot - BUY
1243408571,AUDUSDm,BUY,0.6300800000000001,0.62826,-1.8199999999999998,-18.200000000000436,0.01,2025-03-11 22:18:56,2025-03-11 22:46:07,27,,LOSS,Python Bot - BUY
1243408681,NZDUSDm,BUY,0.57213,0.57086,-1.27,-12.699999999999934,0.01,2025-03-11 22:19:07,2025-03-11 22:46:47,27,,LOSS,Python Bot - BUY
1243409373,AUDUSDm,BUY,0.6301100000000001,0.6282,-1.9100000000000001,-19.100000000000783,0.01,2025-03-11 22:20:39,2025-03-11 22:46:09,25,,LOSS,Python Bot - BUY
1243409423,NZDUSDm,BUY,0.5720200000000001,0.57024,-1.78,-17.80000000000115,0.01,2025-03-11 22:20:47,2025-03-11 22:30:30,9,,LOSS,Python Bot - BUY
1243410273,AUDUSDm,BUY,0.6301000000000001,0.6282,-1.9,-19.000000000001236,0.01,2025-03-11 22:22:15,2025-03-11 22:46:09,23,,LOSS,Python Bot - BUY
1243410298,NZDUSDm,BUY,0.57215,0.57086,-1.29,-12.900000000000134,0.01,2025-03-11 22:22:21,2025-03-11 22:46:47,24,,LOSS,Python Bot - BUY
1244712338,NZDUSDm,SELL,0.5723400000000001,0.5723400000000001,0.0,0.0,0.01,2025-03-12 13:31:16,2025-03-12 16:40:49,189,,BREAK EVEN,SignalGenerator1
1244725710,NZDUSDm,SELL,0.5722700000000001,0.5723400000000001,-0.07,-0.700000000000145,0.01,2025-03-12 13:32:28,2025-03-12 16:40:49,188,,LOSS,SignalGenerator1
1244739308,NZDUSDm,SELL,0.57255,0.57125,1.3,12.999999999999678,0.01,2025-03-12 13:33:39,2025-03-12 15:53:01,139,,WIN,SignalGenerator1
1244748983,NZDUSDm,SELL,0.57169,0.5723400000000001,-0.65,-6.500000000000394,0.01,2025-03-12 13:34:52,2025-03-12 16:40:49,185,,LOSS,SignalGenerator1
1244758658,NZDUSDm,SELL,0.57176,0.5723400000000001,-0.58,-5.800000000000249,0.01,2025-03-12 13:36:06,2025-03-12 16:40:49,184,,LOSS,SignalGenerator1
1244768397,AUDCADm,BUY,0.9057400000000001,0.90736,1.13,16.199999999999548,0.01,2025-03-12 13:37:12,2025-03-12 16:36:41,179,,WIN,SignalGenerator1
1244910111,NZDUSDm,SELL,0.57103,0.57206,-1.03,-10.299999999999754,0.01,2025-03-12 14:02:18,2025-03-12 16:27:05,144,,LOSS,SignalGenerator1
1244914980,NZDUSDm,SELL,0.57098,0.57208,-1.1,-10.999999999999899,0.01,2025-03-12 14:03:28,2025-03-12 16:27:16,143,,LOSS,SignalGenerator1
1244926450,NZDUSDm,SELL,0.5710500000000001,0.57212,-1.07,-10.699999999999044,0.01,2025-03-12 14:05:54,2025-03-12 16:34:08,148,,LOSS,SignalGenerator1
1246503738,NZDUSDm,SELL,0.57259,0.57079,1.8,18.000000000000238,0.01,2025-03-13 06:08:13,2025-03-13 08:34:16,146,,WIN,SignalGenerator1
1246504518,NZDUSDm,SELL,0.57259,0.57076,1.83,18.299999999999983,0.01,2025-03-13 06:09:24,2025-03-13 08:34:24,145,,WIN,SignalGenerator1
1246505123,NZDUSDm,SELL,0.57254,0.57064,1.9,19.000000000000128,0.01,2025-03-13 06:10:35,2025-03-13 08:35:47,145,,WIN,SignalGenerator1
1246505617,NZDUSDm,SELL,0.57254,0.57064,1.9,19.000000000000128,0.01,2025-03-13 06:11:45,2025-03-13 08:35:47,144,,WIN,SignalGenerator1
1246506350,NZDUSDm,SELL,0.57255,0.57069,1.8599999999999999,18.599999999999728,0.01,2025-03-13 06:12:55,2025-03-13 08:35:34,142,,WIN,SignalGenerator1
1246507173,NZDUSDm,SELL,0.57255,0.57069,1.8599999999999999,18.599999999999728,0.01,2025-03-13 06:14:05,2025-03-13 08:35:34,141,,WIN,SignalGenerator1
1248199594,AUDJPYm,BUY,93.035,93.036,0.01,10.000000000047748,0.01,2025-03-13 16:17:51,2025-03-13 16:33:06,15,,WIN,SignalGeneratorB
1248199704,CADJPYm,BUY,102.71300000000001,102.677,-0.24,-360.00000000001364,0.01,2025-03-13 16:17:54,2025-03-13 16:17:55,0,,LOSS,SignalGeneratorB
1248199768,CADJPYm,SELL,102.677,102.693,-0.11,-159.99999999991132,0.01,2025-03-13 16:17:55,2025-03-13 16:23:03,5,,LOSS,SignalGeneratorB
1248200369,XAUUSDm,BUY,2972.232,2973.641,1.41,14090.000000001055,0.01,2025-03-13 16:18:00,2025-03-13 16:33:06,15,,WIN,SignalGeneratorB
1248200695,EURJPYm,BUY,160.604,160.472,-0.89,-1320.00000000005,0.01,2025-03-13 16:18:08,2025-03-13 16:35:08,17,,LOSS,SignalGeneratorB
1248201446,USDJPYm,SELL,147.835,147.854,-0.13,-190.00000000005457,0.01,2025-03-13 16:18:21,2025-03-13 16:25:46,7,,LOSS,SignalGeneratorB
1248201655,XAGUSDm,BUY,33.561,33.634,3.65,730.000000000004,0.01,2025-03-13 16:18:27,2025-03-13 16:33:07,14,,WIN,SignalGeneratorB
1248215560,CADJPYm,BUY,102.693,102.655,-0.26,-379.99999999996703,0.01,2025-03-13 16:23:04,2025-03-13 16:23:05,0,,LOSS,SignalGeneratorB
1248215610,CADJPYm,SELL,102.658,102.785,-0.86,-1269.9999999999534,0.01,2025-03-13 16:23:06,2025-03-13 16:24:41,1,,LOSS,SignalGeneratorB
1248220435,CADJPYm,BUY,102.784,102.747,-0.25,-370.0000000000614,0.01,2025-03-13 16:24:44,2025-03-13 16:24:46,0,,LOSS,SignalGeneratorB
1248220664,CADJPYm,SELL,102.745,102.68900000000001,0.38,559.9999999999739,0.01,2025-03-13 16:24:50,2025-03-13 16:29:14,4,,WIN,SignalGeneratorB
1248221756,EURCHFm,SELL,0.9611500000000001,0.9610000000000001,0.17,1.4999999999998348,0.01,2025-03-13 16:25:16,2025-03-13 16:33:06,7,,WIN,SignalGeneratorB
1248224013,USDJPYm,BUY,147.838,147.822,-0.11,-159.99999999991132,0.01,2025-03-13 16:25:56,2025-03-13 16:25:57,0,,LOSS,SignalGeneratorB
1248224189,USDJPYm,SELL,147.817,147.867,-0.34,-499.99999999982947,0.01,2025-03-13 16:25:59,2025-03-13 16:33:00,7,,LOSS,SignalGeneratorB
1248224844,USDCHFm,SELL,0.8849800000000001,0.8842700000000001,0.8,7.099999999999884,0.01,2025-03-13 16:26:18,2025-03-13 16:40:10,13,,WIN,SignalGeneratorB
1248235080,CADJPYm,BUY,102.70100000000001,102.679,-0.15,-220.0000000000557,0.01,2025-03-13 16:30:02,2025-03-13 16:30:19,0,,LOSS,SignalGeneratorB
1248235876,CADJPYm,SELL,102.68,102.72800000000001,-0.32,-480.0000000000182,0.01,2025-03-13 16:30:20,2025-03-13 16:31:52,1,,LOSS,SignalGeneratorB
1248240934,CADJPYm,BUY,102.748,102.712,-0.24,-360.00000000001364,0.01,2025-03-13 16:32:32,2025-03-13 16:32:33,0,,LOSS,SignalGeneratorB
1248241018,CADJPYm,SELL,102.71000000000001,102.711,-0.01,-9.99999999990564,0.01,2025-03-13 16:32:34,2025-03-13 16:34:20,1,,LOSS,SignalGeneratorB
1248242269,USDJPYm,BUY,147.869,147.864,-0.03,-49.999999999954525,0.01,2025-03-13 16:33:01,2025-03-13 16:33:03,0,,LOSS,SignalGeneratorB
1248242389,USDJPYm,SELL,147.864,147.718,0.99,1460.00000000015,0.01,2025-03-13 16:33:04,2025-03-13 16:40:10,7,,WIN,SignalGeneratorB
1248242940,XAGUSDm,BUY,33.677,33.813,6.8,1360.0000000000277,0.01,2025-03-13 16:33:10,2025-03-13 16:40:10,7,,WIN,SignalGeneratorB
1248245486,AUDJPYm,BUY,93.038,92.814,-1.52,-2240.0000000000373,0.01,2025-03-13 16:34:16,2025-03-13 17:47:24,73,,LOSS,SignalGeneratorB
1248245681,CADJPYm,BUY,102.711,102.675,-0.24,-360.00000000001364,0.01,2025-03-13 16:34:21,2025-03-13 16:34:22,0,,LOSS,SignalGeneratorB
1248245754,CADJPYm,SELL,102.675,102.623,0.35,519.999999999925,0.01,2025-03-13 16:34:23,2025-03-13 16:40:10,5,,WIN,SignalGeneratorB
1248246002,XAUUSDm,BUY,2974.675,2975.952,1.27,12770.000000000437,0.01,2025-03-13 16:34:29,2025-03-13 16:40:10,5,,WIN,SignalGeneratorB
1248247061,XAUUSDm,BUY,2974.398,2975.952,1.55,15540.000000000873,0.01,2025-03-13 16:35:00,2025-03-13 16:40:10,5,,WIN,SignalGeneratorB
1248247424,EURJPYm,SELL,160.473,160.424,0.33,490.00000000006594,0.01,2025-03-13 16:35:09,2025-03-13 16:40:10,5,,WIN,SignalGeneratorB
1248248000,USDJPYm,SELL,147.798,147.718,0.54,800.000000000125,0.01,2025-03-13 16:35:20,2025-03-13 16:40:10,4,,WIN,SignalGeneratorB
1248271615,CADJPYm,SELL,102.52,102.174,2.35,3459.9999999998945,0.01,2025-03-13 16:41:02,2025-03-13 18:38:46,117,,WIN,SignalGeneratorB
1248273042,XAUUSDm,BUY,2977.165,2970.943,-6.23,-62219.999999997526,0.01,2025-03-13 16:41:21,2025-03-13 16:46:19,4,,LOSS,SignalGeneratorB
1248273435,EURJPYm,SELL,160.317,160.665,-2.35,-3479.9999999998477,0.01,2025-03-13 16:41:28,2025-03-13 16:49:09,7,,LOSS,SignalGeneratorB
1248274504,USDJPYm,SELL,147.667,147.53,0.93,1370.0000000000045,0.01,2025-03-13 16:41:41,2025-03-13 18:38:46,117,,WIN,SignalGeneratorB
1248304571,EURJPYm,BUY,160.67600000000002,160.476,-1.35,-2000.0000000001705,0.01,2025-03-13 16:49:10,2025-03-13 16:52:25,3,,LOSS,SignalGeneratorB
1248315627,XAUUSDm,BUY,2974.9210000000003,2981.346,6.43,64249.99999999727,0.01,2025-03-13 16:52:18,2025-03-13 17:47:58,55,,WIN,SignalGeneratorB
1248316369,EURJPYm,SELL,160.474,160.282,1.3,1919.9999999997885,0.01,2025-03-13 16:52:26,2025-03-13 18:38:46,106,,WIN,SignalGeneratorB
1248799425,AUDJPYm,SELL,92.89,92.974,-0.57,-840.0000000000318,0.01,2025-03-13 20:00:44,2025-03-13 23:13:13,192,,LOSS,SignalGeneratorB
1248811297,AUDJPYm,SELL,92.84700000000001,92.971,-0.84,-1239.9999999999523,0.01,2025-03-13 20:05:53,2025-03-13 23:08:49,182,,LOSS,SignalGeneratorB
1248814296,AUDJPYm,SELL,92.843,92.971,-0.87,-1280.0000000000011,0.01,2025-03-13 20:07:24,2025-03-13 23:08:49,181,,LOSS,SignalGeneratorB
1249301083,AUDJPYm,BUY,93.467,93.614,0.99,1470.0000000000557,0.01,2025-03-14 05:50:39,2025-03-14 07:35:36,104,,WIN,SignalGeneratorB
1249301185,CADJPYm,BUY,102.937,103.036,0.67,990.0000000000375,0.01,2025-03-14 05:50:53,2025-03-14 07:35:37,104,,WIN,SignalGeneratorB
1249301541,USDJPYm,BUY,148.531,148.718,1.26,1869.999999999834,0.01,2025-03-14 05:51:29,2025-03-14 07:37:31,106,,WIN,SignalGeneratorB
1249302516,AUDJPYm,BUY,93.47500000000001,93.623,1.0,1479.9999999999613,0.01,2025-03-14 05:52:54,2025-03-14 07:35:59,103,,WIN,SignalGeneratorB
1249302624,CADJPYm,BUY,102.936,103.026,0.61,899.999999999892,0.01,2025-03-14 05:53:13,2025-03-14 07:34:46,101,,WIN,SignalGeneratorB
1249302892,USDJPYm,BUY,148.508,148.701,1.3,1929.9999999998363,0.01,2025-03-14 05:53:47,2025-03-14 07:36:19,102,,WIN,SignalGeneratorB
1249303657,AUDJPYm,BUY,93.474,93.624,1.01,1499.9999999999147,0.01,2025-03-14 05:54:56,2025-03-14 07:36:00,101,,WIN,SignalGeneratorB
1249303739,CADJPYm,BUY,102.937,103.033,0.65,960.0000000000364,0.01,2025-03-14 05:55:02,2025-03-14 07:35:09,100,,WIN,SignalGeneratorB
1249304104,USDJPYm,BUY,148.537,148.716,1.2,1790.0000000000205,0.01,2025-03-14 05:55:35,2025-03-14 07:36:21,100,,WIN,SignalGeneratorB
1249305447,AUDJPYm,BUY,93.462,93.611,1.0,1490.000000000009,0.01,2025-03-14 05:56:57,2025-03-14 07:35:06,98,,WIN,SignalGeneratorB
1249305975,CADJPYm,BUY,102.953,103.04,0.59,870.000000000033,0.01,2025-03-14 05:57:14,2025-03-14 07:36:00,98,,WIN,SignalGeneratorB
1249306735,USDJPYm,BUY,148.507,148.7,1.3,1929.9999999998363,0.01,2025-03-14 05:57:53,2025-03-14 07:36:19,98,,WIN,SignalGeneratorB
1249313508,EURJPYm,BUY,161.079,161.217,0.93,1380.0000000000523,0.01,2025-03-14 06:03:51,2025-03-14 07:37:39,93,,WIN,SignalGeneratorB
1249433728,AUDJPYm,BUY,93.649,93.816,1.12,1670.000000000016,0.01,2025-03-14 07:36:34,2025-03-14 08:24:26,47,,WIN,SignalGeneratorB
1249433791,CADJPYm,BUY,103.09400000000001,103.206,0.75,1119.9999999999477,0.01,2025-03-14 07:36:38,2025-03-14 08:19:11,42,,WIN,SignalGeneratorB
1249437908,EURJPYm,BUY,161.232,161.062,-1.1400000000000001,-1699.999999999875,0.01,2025-03-14 07:38:28,2025-03-14 08:03:21,24,,LOSS,SignalGeneratorB
1249438979,USDJPYm,BUY,148.734,148.963,1.54,2289.99999999985,0.01,2025-03-14 07:38:43,2025-03-14 08:24:26,45,,WIN,SignalGeneratorB
1249483595,EURJPYm,BUY,161.15,161.364,1.44,2139.9999999999864,0.01,2025-03-14 08:04:26,2025-03-14 08:18:54,14,,WIN,SignalGeneratorB
1249508485,EURJPYm,BUY,161.379,161.176,-1.3599999999999999,-2030.0000000000296,0.01,2025-03-14 08:19:01,2025-03-14 08:34:31,15,,LOSS,SignalGeneratorB
1249511236,CADJPYm,BUY,103.277,103.101,-1.18,-1760.0000000000193,0.01,2025-03-14 08:20:28,2025-03-14 09:00:01,39,,LOSS,SignalGeneratorB
1249521090,AUDJPYm,BUY,93.83800000000001,93.668,-1.1400000000000001,-1700.000000000017,0.01,2025-03-14 08:25:19,2025-03-14 09:01:56,36,,LOSS,SignalGeneratorB
1249522279,USDJPYm,BUY,149.014,148.782,-1.56,-2319.999999999993,0.01,2025-03-14 08:25:48,2025-03-14 08:34:17,8,,LOSS,SignalGeneratorB
1249541128,EURJPYm,BUY,161.243,161.547,2.04,3040.0000000000205,0.01,2025-03-14 08:35:17,2025-03-14 09:28:09,52,,WIN,SignalGeneratorB
1249541785,USDJPYm,BUY,148.797,148.556,-1.62,-2409.9999999998545,0.01,2025-03-14 08:35:32,2025-03-14 14:03:27,327,,LOSS,SignalGeneratorB
1249586542,CADJPYm,BUY,103.116,103.338,1.49,2219.999999999942,0.01,2025-03-14 09:01:03,2025-03-14 10:04:35,63,,WIN,SignalGeneratorB
1249589445,AUDJPYm,BUY,93.71000000000001,93.927,1.46,2169.9999999999873,0.01,2025-03-14 09:02:39,2025-03-14 09:56:24,53,,WIN,SignalGeneratorB
1249643909,USDCADm,BUY,1.4416300000000002,1.44143,-0.14,-2.000000000002,0.01,2025-03-14 09:26:13,2025-03-14 09:27:10,0,,LOSS,SignalGeneratorB
1249652713,EURJPYm,BUY,161.55100000000002,161.745,1.31,1939.999999999884,0.01,2025-03-14 09:29:23,2025-03-14 11:43:17,133,,WIN,SignalGeneratorB
1250147381,XAGUSDm,BUY,33.948,34.053,5.25,1049.9999999999686,0.01,2025-03-14 12:24:15,2025-03-14 13:25:26,61,,WIN,SignalGeneratorB
1250149561,AUDJPYm,BUY,93.761,94.019,1.73,2580.0000000000978,0.01,2025-03-14 12:25:22,2025-03-14 13:27:57,62,,WIN,SignalGeneratorB
1250149675,CADJPYm,BUY,103.072,103.019,-0.36,-529.9999999999727,0.01,2025-03-14 12:25:26,2025-03-14 12:25:57,0,,LOSS,SignalGeneratorB
1250150131,EURJPYm,BUY,161.99,161.989,-0.01,-10.000000000047748,0.01,2025-03-14 12:25:41,2025-03-14 13:50:29,84,,LOSS,SignalGeneratorB
1250153911,CADJPYm,BUY,103.061,103.019,-0.28,-420.0000000000159,0.01,2025-03-14 12:27:13,2025-03-14 12:27:26,0,,LOSS,SignalGeneratorB
1250156593,CADJPYm,BUY,103.06700000000001,103.43,2.44,3629.9999999999955,0.01,2025-03-14 12:28:57,2025-03-14 15:03:18,154,,WIN,SignalGeneratorB
1250276928,XAGUSDm,BUY,34.055,33.918,-6.85,-1370.0000000000045,0.01,2025-03-14 13:26:11,2025-03-14 14:06:55,40,,LOSS,SignalGeneratorB
1250283400,AUDJPYm,BUY,94.016,93.833,-1.23,-1830.0000000000693,0.01,2025-03-14 13:28:55,2025-03-14 14:31:57,63,,LOSS,SignalGeneratorB
1250340771,EURJPYm,BUY,162.04,161.838,-1.3599999999999999,-2019.9999999999818,0.01,2025-03-14 13:51:57,2025-03-14 14:01:17,9,,LOSS,SignalGeneratorB
1250387186,USDJPYm,BUY,148.667,148.877,1.41,2100.0000000000796,0.01,2025-03-14 14:08:25,2025-03-14 15:04:35,56,,WIN,SignalGeneratorB
1250387519,XAGUSDm,BUY,33.94,33.803,-6.85,-1370.0000000000045,0.01,2025-03-14 14:08:32,2025-03-14 14:34:44,26,,LOSS,SignalGeneratorB
1250403782,EURJPYm,BUY,161.937,161.76,-1.19,-1770.0000000002092,0.01,2025-03-14 14:15:33,2025-03-14 14:56:05,40,,LOSS,SignalGeneratorB
1250452356,AUDJPYm,BUY,93.848,93.772,-0.51,-759.9999999999341,0.01,2025-03-14 14:31:59,2025-03-14 15:20:20,48,,LOSS,SignalGeneratorB
1250472041,XAGUSDm,BUY,33.838,33.752,-4.3,-859.9999999999852,0.01,2025-03-14 14:34:53,2025-03-14 14:37:02,2,,LOSS,SignalGeneratorB
1250478930,AUDJPYm,BUY,93.918,93.718,-1.35,-2000.0000000000284,0.01,2025-03-14 14:36:29,2025-03-14 17:15:55,159,,LOSS,SignalGeneratorB
1250479045,AUDJPYm,BUY,93.925,93.86,-0.44,-649.9999999999773,0.01,2025-03-14 14:36:31,2025-03-14 14:38:45,2,,LOSS,SignalGeneratorB
1250479904,CADJPYm,BUY,103.211,103.51,2.01,2990.000000000066,0.01,2025-03-14 14:36:35,2025-03-14 15:05:17,28,,WIN,SignalGeneratorB
1250486702,USDJPYm,BUY,148.614,148.414,-1.35,-2000.0000000001705,0.01,2025-03-14 14:37:17,2025-03-14 15:21:08,43,,LOSS,SignalGeneratorB
1250486835,USDJPYm,BUY,148.612,148.547,-0.44,-649.9999999999773,0.01,2025-03-14 14:37:18,2025-03-14 14:38:46,1,,LOSS,SignalGeneratorB
1250493932,AUDJPYm,BUY,93.905,93.706,-1.34,-1989.9999999999807,0.01,2025-03-14 14:38:35,2025-03-14 17:16:02,157,,LOSS,SignalGeneratorB
1250494167,AUDJPYm,BUY,93.902,93.988,0.58,859.9999999999852,0.01,2025-03-14 14:38:37,2025-03-14 14:45:30,6,,WIN,SignalGeneratorB
1250495071,EURJPYm,BUY,161.886,161.722,-1.1,-1639.9999999998727,0.01,2025-03-14 14:38:55,2025-03-14 14:57:16,18,,LOSS,SignalGeneratorB
1251007349,AUDJPYm,BUY,93.83800000000001,93.645,-1.3,-1930.0000000001205,0.01,2025-03-14 16:55:26,2025-03-14 17:29:16,33,,LOSS,SignalGeneratorB
1251007410,AUDJPYm,BUY,93.83800000000001,93.781,-0.38,-570.0000000000216,0.01,2025-03-14 16:55:27,2025-03-14 17:04:12,8,,LOSS,SignalGeneratorB
1251007543,CADJPYm,BUY,103.252,103.053,-1.34,-1989.9999999999807,0.01,2025-03-14 16:55:31,2025-03-14 17:26:57,31,,LOSS,SignalGeneratorB
1251007562,CADJPYm,BUY,103.252,103.012,-1.62,-2399.999999999949,0.01,2025-03-14 16:55:32,2025-03-14 17:28:10,32,,LOSS,SignalGeneratorB
1251007890,XAUUSDm,BUY,2984.074,2987.422,3.35,33479.99999999956,0.01,2025-03-14 16:55:40,2025-03-14 17:29:16,33,,WIN,SignalGeneratorB
1251007989,XAUUSDm,BUY,2983.937,2987.422,3.48,34850.00000000127,0.01,2025-03-14 16:55:41,2025-03-14 17:29:16,33,,WIN,SignalGeneratorB
1251022937,AUDJPYm,BUY,93.836,93.645,-1.29,-1910.000000000025,0.01,2025-03-14 17:01:43,2025-03-14 17:29:16,27,,LOSS,SignalGeneratorB
1251022976,AUDJPYm,BUY,93.836,93.779,-0.38,-570.0000000000216,0.01,2025-03-14 17:01:45,2025-03-14 17:04:12,2,,LOSS,SignalGeneratorB
1251023104,CADJPYm,BUY,103.3,103.1,-1.35,-2000.0000000000284,0.01,2025-03-14 17:01:49,2025-03-14 17:15:39,13,,LOSS,SignalGeneratorB
1251023145,CADJPYm,BUY,103.303,103.06,-1.6400000000000001,-2429.99999999995,0.01,2025-03-14 17:01:50,2025-03-14 17:26:19,24,,LOSS,SignalGeneratorB
1251023398,XAUUSDm,BUY,2984.529,2987.422,2.89,28930.00000000029,0.01,2025-03-14 17:01:58,2025-03-14 17:29:16,27,,WIN,SignalGeneratorB
1251023756,EURJPYm,BUY,161.472,161.303,-1.1400000000000001,-1690.0000000001114,0.01,2025-03-14 17:02:09,2025-03-14 17:16:12,14,,LOSS,SignalGeneratorB
1251023773,EURJPYm,BUY,161.471,161.27700000000002,-1.31,-1939.999999999884,0.01,2025-03-14 17:02:10,2025-03-14 17:29:16,27,,LOSS,SignalGeneratorB
1251024606,USDJPYm,BUY,148.518,148.32,-1.33,-1980.000000000075,0.01,2025-03-14 17:02:28,2025-03-14 17:14:19,11,,LOSS,SignalGeneratorB
1251024891,XAGUSDm,BUY,33.619,33.628,0.45,90.00000000000341,0.01,2025-03-14 17:02:36,2025-03-14 17:26:48,24,,WIN,SignalGeneratorB
1251064721,USDJPYm,BUY,148.294,148.286,-0.05,-80.00000000009777,0.01,2025-03-14 17:16:13,2025-03-14 17:29:16,13,,LOSS,SignalGeneratorB
1251985947,BTCUSDm,SELL,84422.93000000001,84224.74,19.82,1981900.0000000233,0.1,2025-03-15 18:51:06,2025-03-15 20:08:10,77,,WIN,
1252056931,ETHUSDm,SELL,1933.94,1936.92,-0.3,-29800.000000000182,0.1,2025-03-15 20:35:23,2025-03-15 20:41:09,5,,LOSS,SignalGeneratorB
1252058614,ETHUSDm,SELL,1933.49,1945.56,-1.21,-120699.99999999936,0.1,2025-03-15 20:38:54,2025-03-15 21:04:29,25,,LOSS,SignalGeneratorB
1252059045,ETHUSDm,SELL,1934.28,1945.58,-1.13,-112999.99999999955,0.1,2025-03-15 20:40:03,2025-03-15 21:04:32,24,,LOSS,SignalGeneratorB
1252065442,BTCUSDm,BUY,84317.0,84411.41,9.44,944100.0000000349,0.1,2025-03-15 20:50:50,2025-03-15 21:10:33,19,,WIN,
1252065666,BTCUSDm,BUY,84304.40000000001,84411.41,1.07,1070099.9999999476,0.01,2025-03-15 20:51:15,2025-03-15 21:10:33,19,,WIN,
1252073131,ETHUSDm,BUY,1945.57,1943.82,-0.18,-17500.0,0.1,2025-03-15 21:04:33,2025-03-15 21:05:41,1,,LOSS,SignalGenerator3
1252073622,ETHUSDm,SELL,1943.82,1945.6200000000001,-0.18,-18000.00000000182,0.1,2025-03-15 21:05:45,2025-03-15 21:05:46,0,,LOSS,SignalGeneratorB
1252073626,ETHUSDm,BUY,1945.6200000000001,1950.3,0.47,46799.99999999836,0.1,2025-03-15 21:05:47,2025-03-15 21:10:33,4,,WIN,SignalGenerator3
1252078392,ETHUSDm,BUY,1950.54,1947.3,-0.32,-32400.00000000009,0.1,2025-03-15 21:11:21,2025-03-15 21:27:36,16,,LOSS,SignalGenerator3
1252090515,BTCUSDm,BUY,84431.68000000001,84377.81,-5.39,-538700.000000099,0.1,2025-03-15 21:36:36,2025-03-15 21:55:44,19,,LOSS,
1252090525,BTCUSDm,BUY,84430.15000000001,84377.17,-5.3,-529800.0000001048,0.1,2025-03-15 21:36:38,2025-03-15 21:55:47,19,,LOSS,
1252092638,ETHUSDm,SELL,1945.3600000000001,1955.78,-1.04,-104199.99999999846,0.1,2025-03-15 21:39:46,2025-03-15 22:40:01,60,,LOSS,
1252092655,ETHUSDm,SELL,1945.4,1955.78,-1.04,-103799.99999999882,0.1,2025-03-15 21:39:48,2025-03-15 22:40:01,60,,LOSS,
1252095134,ETHUSDm,SELL,1943.58,1961.82,-1.8199999999999998,-182400.0000000001,0.1,2025-03-15 21:47:08,2025-03-15 22:39:47,52,,LOSS,SignalGeneratorB
1252100716,ETHUSDm,SELL,1946.26,1961.82,-1.55,-155599.99999999945,0.1,2025-03-15 22:11:00,2025-03-15 22:39:47,28,,LOSS,SignalGeneratorB
1252101369,ETHUSDm,SELL,1946.29,1961.82,-1.55,-155299.99999999974,0.1,2025-03-15 22:12:06,2025-03-15 22:39:47,27,,LOSS,SignalGeneratorB
1252101891,ETHUSDm,SELL,1944.94,1961.82,-1.69,-168799.9999999988,0.1,2025-03-15 22:13:12,2025-03-15 22:39:47,26,,LOSS,SignalGeneratorB
1252102438,ETHUSDm,SELL,1945.16,1961.82,-1.6600000000000001,-166599.99999999854,0.1,2025-03-15 22:14:19,2025-03-15 22:39:47,25,,LOSS,SignalGeneratorB
1252127510,ETHUSDm,SELL,1947.76,1926.67,2.11,210899.99999999919,0.1,2025-03-15 23:24:28,2025-03-16 02:36:04,191,,WIN,SignalGeneratorB
1252128539,BTCUSDm,SELL,84452.12,84403.45,4.86,486699.99999998254,0.1,2025-03-15 23:32:09,2025-03-16 00:45:37,73,,WIN,
1252129702,ETHUSDm,SELL,1946.31,1929.61,1.67,167000.00000000047,0.1,2025-03-15 23:38:51,2025-03-16 02:41:22,182,,WIN,SignalGeneratorB
1252129949,ETHUSDm,SELL,1944.33,1929.61,1.47,147200.00000000026,0.1,2025-03-15 23:39:59,2025-03-16 02:41:22,181,,WIN,SignalGeneratorB
1252130267,ETHUSDm,SELL,1944.3600000000001,1929.61,1.48,147500.00000000227,0.1,2025-03-15 23:41:07,2025-03-16 02:41:22,180,,WIN,SignalGeneratorB
1252238017,ETHUSDm,BUY,1929.41,1921.0900000000001,-0.83,-83199.99999999936,0.1,2025-03-16 08:36:30,2025-03-16 10:22:22,105,,LOSS,
1252249594,BTCUSDm,BUY,84295.39,84071.54000000001,-22.39,-2238499.9999999125,0.1,2025-03-16 09:05:46,2025-03-16 10:22:22,76,,LOSS,
1252250030,BTCUSDm,BUY,84272.85,84071.54000000001,-2.01,-2013099.9999999767,0.01,2025-03-16 09:07:49,2025-03-16 10:22:22,74,,LOSS,
1252250032,BTCUSDm,BUY,84276.15000000001,84071.54000000001,-2.04,-2046100.0000000058,0.01,2025-03-16 09:07:49,2025-03-16 10:22:22,74,,LOSS,
1252305272,ETHUSDm,BUY,1914.1200000000001,1881.95,-3.21,-321700.0000000007,0.1,2025-03-16 11:03:39,2025-03-16 12:18:17,74,,LOSS,
1252305757,BTCUSDm,SELL,83908.98,83940.6,-3.16,-316200.00000009895,0.1,2025-03-16 11:04:16,2025-03-16 11:04:19,0,,LOSS,
1253120307,AUDJPYm,SELL,93.908,94.174,-1.79,-2660.0000000000537,0.01,2025-03-17 00:11:40,2025-03-17 01:31:05,79,,LOSS,SignalGeneratorB
1253121625,AUDJPYm,SELL,93.933,94.174,-1.62,-2409.9999999999964,0.01,2025-03-17 00:13:21,2025-03-17 01:31:05,77,,LOSS,SignalGeneratorB
1253166962,GBPUSDm,SELL,1.29278,1.29448,-1.7,-17.000000000000348,0.01,2025-03-17 01:00:28,2025-03-17 05:06:18,245,,LOSS,SignalGeneratorB
1253167162,XAGUSDm,BUY,33.807,33.745,-3.1,-620.0000000000472,0.01,2025-03-17 01:00:43,2025-03-17 04:31:02,210,,LOSS,SignalGeneratorB
1253181116,XAUUSDm,BUY,2987.712,2986.401,-1.31,-13110.000000001492,0.01,2025-03-17 01:17:34,2025-03-17 04:06:22,168,,LOSS,SignalGeneratorB
1253216876,CADJPYm,BUY,103.604,103.403,-1.35,-2009.999999999934,0.01,2025-03-17 02:01:21,2025-03-17 02:31:24,30,,LOSS,SignalGeneratorB
1253235890,CADJPYm,SELL,103.403,103.447,-0.3,-439.9999999999693,0.01,2025-03-17 02:31:25,2025-03-17 02:37:02,5,,LOSS,SignalGeneratorB
1253236072,USDJPYm,SELL,148.66,148.935,-1.85,-2750.000000000057,0.01,2025-03-17 02:31:40,2025-03-17 05:06:18,154,,LOSS,SignalGeneratorB
1253238805,CADJPYm,BUY,103.446,103.422,-0.16,-240.0000000000091,0.01,2025-03-17 02:37:03,2025-03-17 02:38:26,1,,LOSS,SignalGeneratorB
1253239744,CADJPYm,SELL,103.418,103.456,-0.26,-379.99999999996703,0.01,2025-03-17 02:38:27,2025-03-17 02:38:28,0,,LOSS,SignalGeneratorB
1253239749,CADJPYm,BUY,103.45700000000001,103.409,-0.32,-480.0000000000182,0.01,2025-03-17 02:38:29,2025-03-17 02:39:51,1,,LOSS,SignalGeneratorB
1253240420,CADJPYm,SELL,103.409,103.447,-0.26,-379.99999999996703,0.01,2025-03-17 02:39:52,2025-03-17 02:39:53,0,,LOSS,SignalGeneratorB
1253240426,CADJPYm,BUY,103.447,103.427,-0.13,-199.9999999999602,0.01,2025-03-17 02:39:54,2025-03-17 02:41:17,1,,LOSS,SignalGeneratorB
1253241137,CADJPYm,SELL,103.425,103.462,-0.25,-370.0000000000614,0.01,2025-03-17 02:41:18,2025-03-17 02:41:19,0,,LOSS,SignalGeneratorB
1253241144,CADJPYm,BUY,103.462,103.407,-0.37,-550.0000000000682,0.01,2025-03-17 02:41:20,2025-03-17 02:42:42,1,,LOSS,SignalGeneratorB
1253241822,CADJPYm,SELL,103.407,103.44500000000001,-0.26,-380.00000000010914,0.01,2025-03-17 02:42:44,2025-03-17 02:42:45,0,,LOSS,SignalGeneratorB
1253241828,CADJPYm,BUY,103.44500000000001,103.413,-0.22,-320.00000000010687,0.01,2025-03-17 02:42:46,2025-03-17 02:44:08,1,,LOSS,SignalGeneratorB
1253242248,CADJPYm,SELL,103.412,103.45,-0.26,-379.99999999996703,0.01,2025-03-17 02:44:09,2025-03-17 02:44:11,0,,LOSS,SignalGeneratorB
1253242256,CADJPYm,BUY,103.45,103.392,-0.39,-580.0000000000693,0.01,2025-03-17 02:44:12,2025-03-17 02:51:39,7,,LOSS,SignalGeneratorB
1253246040,CADJPYm,SELL,103.393,103.43,-0.25,-370.0000000000614,0.01,2025-03-17 02:51:41,2025-03-17 02:51:42,0,,LOSS,SignalGeneratorB
1253246055,CADJPYm,BUY,103.428,103.395,-0.22,-330.0000000000125,0.01,2025-03-17 02:51:43,2025-03-17 02:53:45,2,,LOSS,SignalGeneratorB
1253246832,CADJPYm,SELL,103.395,103.433,-0.26,-380.00000000010914,0.01,2025-03-17 02:53:46,2025-03-17 02:53:48,0,,LOSS,SignalGeneratorB
1253246950,CADJPYm,BUY,103.433,103.403,-0.2,-300.00000000001137,0.01,2025-03-17 02:53:49,2025-03-17 02:55:41,1,,LOSS,SignalGeneratorB
1253247445,CADJPYm,SELL,103.405,103.444,-0.26,-390.0000000000148,0.01,2025-03-17 02:55:43,2025-03-17 02:55:44,0,,LOSS,SignalGeneratorB
1253247455,CADJPYm,BUY,103.446,103.348,-0.66,-979.9999999999898,0.01,2025-03-17 02:55:45,2025-03-17 03:01:49,6,,LOSS,SignalGeneratorB
1253249514,USDJPYm,SELL,148.586,148.935,-2.34,-3489.9999999998954,0.01,2025-03-17 03:00:39,2025-03-17 05:06:18,125,,LOSS,SignalGeneratorB
1253250249,CADJPYm,SELL,103.349,103.645,-1.99,-2959.9999999999227,0.01,2025-03-17 03:01:50,2025-03-17 05:05:53,124,,LOSS,SignalGeneratorB
1253250860,EURJPYm,BUY,161.70600000000002,162.087,2.56,3809.999999999718,0.01,2025-03-17 03:03:33,2025-03-17 05:05:26,121,,WIN,SignalGeneratorB
1253260486,EURJPYm,BUY,161.747,162.189,2.9699999999999998,4419.999999999789,0.01,2025-03-17 03:19:58,2025-03-17 05:06:08,106,,WIN,SignalGeneratorB
1253260575,USDJPYm,SELL,148.608,148.935,-2.2,-3269.999999999982,0.01,2025-03-17 03:20:11,2025-03-17 05:06:18,106,,LOSS,SignalGeneratorB
1253261123,CADJPYm,SELL,103.354,103.645,-1.95,-2909.999999999968,0.01,2025-03-17 03:21:20,2025-03-17 05:05:53,104,,LOSS,SignalGeneratorB
1253263640,AUDJPYm,SELL,94.07000000000001,94.258,-1.26,-1879.9999999998818,0.01,2025-03-17 03:26:55,2025-03-17 05:05:26,98,,LOSS,SignalGeneratorB
1253265567,CADJPYm,SELL,103.367,103.422,-0.37,-549.9999999999261,0.01,2025-03-17 03:31:12,2025-03-17 03:31:47,0,,LOSS,SignalGenerator1
1253266682,CADJPYm,SELL,103.37,103.422,-0.35,-519.999999999925,0.01,2025-03-17 03:34:05,2025-03-17 03:37:38,3,,LOSS,SignalGenerator1
1253267162,CADJPYm,SELL,103.36200000000001,103.422,-0.4,-599.9999999998806,0.01,2025-03-17 03:35:32,2025-03-17 03:37:38,2,,LOSS,SignalGenerator1
1253267187,EURJPYm,BUY,161.732,162.147,2.79,4149.99999999992,0.01,2025-03-17 03:35:42,2025-03-17 05:05:55,90,,WIN,SignalGeneratorB
1253267201,USDJPYm,SELL,148.612,148.935,-2.17,-3230.000000000075,0.01,2025-03-17 03:35:52,2025-03-17 05:06:18,90,,LOSS,SignalGeneratorB
1253305467,XAUUSDm,BUY,2987.1240000000003,2987.352,0.23,2279.9999999961074,0.01,2025-03-17 05:00:28,2025-03-17 05:06:18,5,,WIN,SignalGeneratorB
1253309788,USDCADm,SELL,1.43677,1.43674,0.02,0.30000000000196536,0.01,2025-03-17 05:04:48,2025-03-17 05:06:18,1,,WIN,SignalGeneratorB
1253685860,XAUUSDm,BUY,2986.511,2990.758,4.25,42469.999999998436,0.01,2025-03-17 09:28:42,2025-03-17 10:12:02,43,,WIN,SignalGeneratorB
1253704366,USDCADm,SELL,1.43642,1.43335,2.14,30.700000000001282,0.01,2025-03-17 09:38:25,2025-03-17 14:09:40,271,,WIN,SignalGeneratorB
1253727801,EURCADm,BUY,1.5633400000000002,1.5619100000000001,-1.0,-14.300000000000423,0.01,2025-03-17 09:48:44,2025-03-17 10:14:25,25,,LOSS,SignalGeneratorB
1253791454,EURCADm,BUY,1.56278,1.56596,2.22,31.799999999999606,0.01,2025-03-17 10:20:23,2025-03-17 12:05:55,105,,WIN,SignalGeneratorB
1253800520,EURJPYm,SELL,161.98,163.056,-7.21,-10760.000000000218,0.01,2025-03-17 10:23:26,2025-03-17 23:11:02,767,,LOSS,
1253814488,EURCADm,BUY,1.5629700000000002,1.56629,2.32,33.19999999999767,0.01,2025-03-17 10:29:02,2025-03-18 18:25:12,1916,,WIN,
1253869976,EURCHFm,BUY,0.9621100000000001,0.96089,-1.38,-12.200000000001099,0.01,2025-03-17 10:50:15,2025-03-17 14:18:16,208,,LOSS,SignalGeneratorB
1257491019,AUDCADm,BUY,0.9095700000000001,0.91003,0.32,4.599999999999049,0.01,2025-03-18 17:01:45,2025-03-18 18:25:12,83,,WIN,SignalGeneratorB
1257491248,XAUUSDm,BUY,3031.1620000000003,3033.039,1.88,18769.999999999527,0.01,2025-03-18 17:01:52,2025-03-18 18:25:12,83,,WIN,SignalGenerator3
1257494623,XAUUSDm,BUY,3031.108,3033.039,3.86,19310.0000000004,0.02,2025-03-18 17:03:29,2025-03-18 18:25:12,81,,WIN,SignalGenerator3
1257497382,XAUUSDm,BUY,3031.053,3033.039,1.99,19860.00000000331,0.01,2025-03-18 17:05:09,2025-03-18 18:25:12,80,,WIN,SignalGenerator3
1257501183,XAUUSDm,BUY,3032.021,3033.039,1.02,10180.000000000291,0.01,2025-03-18 17:06:26,2025-03-18 18:25:12,78,,WIN,SignalGenerator3
1257503502,XAUUSDm,BUY,3031.593,3033.039,1.45,14460.000000003674,0.01,2025-03-18 17:07:45,2025-03-18 18:25:12,77,,WIN,SignalGenerator3
1257506129,XAUUSDm,BUY,3031.731,3033.039,1.31,13079.999999999927,0.01,2025-03-18 17:09:16,2025-03-18 18:25:12,75,,WIN,SignalGenerator3
1257508188,XAUUSDm,BUY,3031.98,3033.039,1.06,10590.000000001965,0.01,2025-03-18 17:10:33,2025-03-18 18:25:12,74,,WIN,SignalGenerator3
1257509883,XAUUSDm,BUY,3033.094,3033.039,-0.05,-549.9999999983629,0.01,2025-03-18 17:11:50,2025-03-18 18:25:12,73,,LOSS,SignalGenerator3
1257510236,EURJPYm,BUY,163.52,163.511,-1.56,-90.00000000014552,0.26,2025-03-18 17:11:54,2025-03-18 17:12:18,0,,LOSS,SignalGenerator3
1257583678,AUDCADm,BUY,0.91002,0.91003,0.01,0.0999999999995449,0.01,2025-03-18 17:42:16,2025-03-18 18:25:12,42,,WIN,SignalGeneratorB
1257583901,EURJPYm,BUY,163.486,163.434,-8.35,-519.999999999925,0.24,2025-03-18 17:42:24,2025-03-18 17:43:42,1,,LOSS,SignalGenerator3
1257587054,EURJPYm,SELL,163.436,163.531,-24.18,-949.9999999999886,0.38,2025-03-18 17:43:44,2025-03-18 18:24:59,41,,LOSS,SignalGenerator3
1257628220,EURCHFm,BUY,0.9594600000000001,0.95933,-0.15,-1.300000000000745,0.01,2025-03-18 17:59:31,2025-03-18 18:25:12,25,,LOSS,SignalGenerator1
1257718847,AUDCADm,BUY,0.91022,0.9098,-0.29,-4.1999999999997595,0.01,2025-03-18 18:34:57,2025-03-18 19:38:11,63,,LOSS,SignalGeneratorB
1257720077,AUDCADm,BUY,0.9102800000000001,0.9098,-0.34,-4.8000000000003595,0.01,2025-03-18 18:35:33,2025-03-18 19:38:11,62,,LOSS,SignalGeneratorB
1257720225,EURGBPm,BUY,0.84194,0.84142,-1.35,-5.20000000000076,0.02,2025-03-18 18:35:40,2025-03-18 19:38:11,62,,LOSS,SignalGenerator3
1257723443,EURCADm,BUY,1.5665900000000001,1.56542,-0.82,-11.700000000001154,0.01,2025-03-18 18:36:52,2025-03-18 19:38:11,61,,LOSS,SignalGeneratorB
1257723491,EURCHFm,BUY,0.95947,0.95892,-0.63,-5.5000000000005045,0.01,2025-03-18 18:36:56,2025-03-18 19:38:11,61,,LOSS,SignalGenerator1
1257723560,EURGBPm,BUY,0.8420400000000001,0.84142,-1.6099999999999999,-6.20000000000176,0.02,2025-03-18 18:36:58,2025-03-18 19:38:11,61,,LOSS,SignalGenerator3
1257726879,EURCHFm,BUY,0.95942,0.95892,-0.57,-5.0000000000005596,0.01,2025-03-18 18:38:14,2025-03-18 19:38:11,59,,LOSS,SignalGenerator1
1257727334,EURGBPm,BUY,0.8419700000000001,0.84142,-1.43,-5.500000000001615,0.02,2025-03-18 18:38:19,2025-03-18 19:38:11,59,,LOSS,SignalGenerator3
1257730201,EURGBPm,BUY,0.8418300000000001,0.84142,-1.07,-4.100000000001325,0.02,2025-03-18 18:39:34,2025-03-18 19:38:11,58,,LOSS,SignalGenerator3
1257734761,AUDCADm,BUY,0.9099200000000001,0.9098,-0.08,-1.2000000000000899,0.01,2025-03-18 18:41:55,2025-03-18 19:38:11,56,,LOSS,SignalGeneratorB
1257740266,EURCHFm,BUY,0.9595300000000001,0.95892,-0.7,-6.1000000000011045,0.01,2025-03-18 18:44:34,2025-03-18 19:38:11,53,,LOSS,SignalGenerator1
1257742743,EURCHFm,BUY,0.9595500000000001,0.95892,-0.72,-6.300000000001305,0.01,2025-03-18 18:45:49,2025-03-18 19:38:11,52,,LOSS,SignalGenerator1
1257750907,EURGBPm,BUY,0.84206,0.84142,-0.83,-6.4000000000008495,0.01,2025-03-18 18:49:35,2025-03-18 19:38:11,48,,LOSS,SignalGenerator3
1257752738,EURGBPm,BUY,0.84211,0.84142,-0.9,-6.900000000000794,0.01,2025-03-18 18:50:48,2025-03-18 19:38:11,47,,LOSS,SignalGenerator3
1257756559,EURCHFm,BUY,0.95959,0.95892,-0.76,-6.700000000000594,0.01,2025-03-18 18:53:18,2025-03-18 19:38:11,44,,LOSS,SignalGenerator1
1257758224,AUDCADm,BUY,0.9101600000000001,0.9098,-0.25,-3.6000000000002697,0.01,2025-03-18 18:54:25,2025-03-18 19:38:11,43,,LOSS,SignalGeneratorB
1257758355,EURCHFm,BUY,0.9596000000000001,0.95892,-0.78,-6.8000000000012495,0.01,2025-03-18 18:54:31,2025-03-18 19:38:11,43,,LOSS,SignalGenerator1
1257758390,EURGBPm,BUY,0.84218,0.84142,-0.99,-7.600000000000939,0.01,2025-03-18 18:54:34,2025-03-18 19:38:11,43,,LOSS,SignalGenerator3
1257760087,EURCHFm,BUY,0.9594400000000001,0.95892,-0.59,-5.20000000000076,0.01,2025-03-18 18:55:47,2025-03-18 19:38:11,42,,LOSS,SignalGenerator1
1257760212,EURGBPm,BUY,0.8420900000000001,0.84142,-0.87,-6.700000000001705,0.01,2025-03-18 18:55:50,2025-03-18 19:38:11,42,,LOSS,SignalGenerator3
1257762548,EURCHFm,BUY,0.9594900000000001,0.95892,-0.65,-5.7000000000007045,0.01,2025-03-18 18:57:05,2025-03-18 19:38:11,41,,LOSS,SignalGenerator1
1257762580,EURGBPm,BUY,0.8421000000000001,0.84142,-0.88,-6.8000000000012495,0.01,2025-03-18 18:57:08,2025-03-18 19:38:11,41,,LOSS,SignalGenerator3
1257764395,EURCHFm,BUY,0.9594900000000001,0.95892,-0.65,-5.7000000000007045,0.01,2025-03-18 18:58:21,2025-03-18 19:38:11,39,,LOSS,SignalGenerator1
1257764431,EURGBPm,BUY,0.84208,0.84142,-0.86,-6.6000000000010495,0.01,2025-03-18 18:58:24,2025-03-18 19:38:11,39,,LOSS,SignalGenerator3
1257779708,AUDCADm,BUY,0.9099400000000001,0.9098,-0.1,-1.40000000000029,0.01,2025-03-18 19:07:55,2025-03-18 19:38:11,30,,LOSS,SignalGeneratorB
1257779954,EURGBPm,BUY,0.84189,0.84142,-0.61,-4.700000000000815,0.01,2025-03-18 19:08:04,2025-03-18 19:38:11,30,,LOSS,SignalGenerator3
1257782637,EURGBPm,BUY,0.8419500000000001,0.84142,-0.69,-5.300000000001415,0.01,2025-03-18 19:09:20,2025-03-18 19:38:11,28,,LOSS,SignalGenerator3
1277265615,EURJPYm,BUY,163.184,163.114,-0.46,-699.9999999999318,0.01,2025-03-27 20:33:51,2025-03-27 20:42:27,8,,LOSS,SG M15
1277266180,EURJPYm,BUY,163.189,163.114,-0.5,-749.9999999998863,0.01,2025-03-27 20:34:20,2025-03-27 20:42:27,8,,LOSS,SG M15
1277267121,EURJPYm,BUY,163.193,163.114,-0.52,-790.0000000000773,0.01,2025-03-27 20:34:53,2025-03-27 20:42:27,7,,LOSS,SG M15
1277267193,EURJPYm,BUY,163.195,163.114,-0.54,-809.9999999998886,0.01,2025-03-27 20:34:56,2025-03-27 20:42:27,7,,LOSS,SG M15
1277267229,EURJPYm,BUY,163.193,163.114,-0.52,-790.0000000000773,0.01,2025-03-27 20:34:58,2025-03-27 20:42:27,7,,LOSS,SG M15
1277268403,EURJPYm,BUY,163.159,163.114,-0.3,-449.99999999987494,0.01,2025-03-27 20:35:51,2025-03-27 20:42:27,6,,LOSS,SG M15
1277268497,EURJPYm,BUY,163.15800000000002,163.114,-0.29,-440.0000000001114,0.01,2025-03-27 20:35:55,2025-03-27 20:42:27,6,,LOSS,SG M15
1277268529,EURJPYm,BUY,163.15800000000002,163.114,-0.29,-440.0000000001114,0.01,2025-03-27 20:35:57,2025-03-27 20:42:27,6,,LOSS,SG M15
1277269651,EURJPYm,BUY,163.157,163.114,-0.28,-430.00000000006366,0.01,2025-03-27 20:36:52,2025-03-27 20:42:27,5,,LOSS,SG M15
1277269732,EURJPYm,BUY,163.15800000000002,163.114,-0.29,-440.0000000001114,0.01,2025-03-27 20:36:56,2025-03-27 20:42:27,5,,LOSS,SG M15
1277269770,EURJPYm,BUY,163.15800000000002,163.114,-0.29,-440.0000000001114,0.01,2025-03-27 20:36:59,2025-03-27 20:42:27,5,,LOSS,SG M15
1277345334,AUDJPYm,BUY,95.215,95.16,-0.36,-550.0000000000682,0.01,2025-03-27 21:25:39,2025-03-27 22:54:50,89,,LOSS,SG M15
1277346795,AUDJPYm,BUY,95.221,95.16,-0.4,-610.0000000000705,0.01,2025-03-27 21:26:37,2025-03-27 22:54:50,88,,LOSS,SG M15
1277370579,AUDJPYm,BUY,95.249,95.161,-0.58,-879.9999999999386,0.01,2025-03-27 21:51:07,2025-03-27 22:54:42,63,,LOSS,SG M15
1277371354,AUDJPYm,BUY,95.245,95.16,-0.56,-850.0000000000796,0.01,2025-03-27 21:52:01,2025-03-27 22:54:50,62,,LOSS,SG M15
1277408411,AUDJPYm,SELL,95.175,95.208,-0.22,-330.0000000000125,0.01,2025-03-27 23:01:19,2025-03-27 23:01:35,0,,LOSS,SG M15
1277408428,AUDJPYm,SELL,95.176,95.208,-0.21,-319.99999999996476,0.01,2025-03-27 23:01:21,2025-03-27 23:01:35,0,,LOSS,SG M15
1277408450,AUDJPYm,SELL,95.176,95.208,-0.21,-319.99999999996476,0.01,2025-03-27 23:01:23,2025-03-27 23:01:35,0,,LOSS,SG M15
1277408459,AUDJPYm,SELL,95.176,95.208,-0.21,-319.99999999996476,0.01,2025-03-27 23:01:24,2025-03-27 23:01:35,0,,LOSS,SG M15
1277483766,USDJPYm,SELL,150.804,150.385,2.79,4190.000000000111,0.01,2025-03-28 00:49:38,2025-03-28 09:03:27,493,,WIN,
1277483783,USDJPYm,SELL,150.804,150.385,2.79,4190.000000000111,0.01,2025-03-28 00:49:39,2025-03-28 09:03:27,493,,WIN,
1277483794,USDJPYm,SELL,150.803,150.385,2.7800000000000002,4180.000000000064,0.01,2025-03-28 00:49:40,2025-03-28 09:03:27,493,,WIN,
1277483799,USDJPYm,SELL,150.803,150.385,2.7800000000000002,4180.000000000064,0.01,2025-03-28 00:49:40,2025-03-28 09:03:27,493,,WIN,
1277483800,USDJPYm,SELL,150.803,150.385,2.7800000000000002,4180.000000000064,0.01,2025-03-28 00:49:40,2025-03-28 09:03:27,493,,WIN,
1277483802,USDJPYm,SELL,150.803,150.385,2.7800000000000002,4180.000000000064,0.01,2025-03-28 00:49:41,2025-03-28 09:03:27,493,,WIN,
1277483803,USDJPYm,SELL,150.803,150.385,2.7800000000000002,4180.000000000064,0.01,2025-03-28 00:49:41,2025-03-28 09:03:27,493,,WIN,
1277483808,USDJPYm,SELL,150.803,150.385,2.7800000000000002,4180.000000000064,0.01,2025-03-28 00:49:41,2025-03-28 09:03:27,493,,WIN,
1277483810,USDJPYm,SELL,150.803,150.385,2.7800000000000002,4180.000000000064,0.01,2025-03-28 00:49:41,2025-03-28 09:03:27,493,,WIN,
1278123911,BTCUSDm,BUY,85147.69,85141.98,-0.06,-57100.00000006403,0.01,2025-03-28 09:26:20,2025-03-28 11:14:00,107,,LOSS,
1278123921,BTCUSDm,BUY,85148.02,85146.14,-0.02,-18800.000000046566,0.01,2025-03-28 09:26:20,2025-03-28 11:14:01,107,,LOSS,
1278123924,BTCUSDm,BUY,85142.07,85158.22,0.16,161499.9999999418,0.01,2025-03-28 09:26:20,2025-03-28 11:14:02,107,,WIN,
1278123941,BTCUSDm,BUY,85142.07,85154.65000000001,0.13,125800.00000001746,0.01,2025-03-28 09:26:21,2025-03-28 11:14:05,107,,WIN,
1278123950,BTCUSDm,BUY,85142.07,85155.31,0.13,132399.99999990687,0.01,2025-03-28 09:26:21,2025-03-28 11:14:05,107,,WIN,
1278123957,BTCUSDm,BUY,85142.07,85154.24,0.12,121699.99999998254,0.01,2025-03-28 09:26:21,2025-03-28 11:14:06,107,,WIN,
1278123966,BTCUSDm,BUY,85142.06,85155.86,0.14,138000.0000000291,0.01,2025-03-28 09:26:21,2025-03-28 11:14:07,107,,WIN,
1278123980,BTCUSDm,BUY,85142.06,85149.93000000001,0.08,78700.00000009895,0.01,2025-03-28 09:26:21,2025-03-28 11:14:08,107,,WIN,
1278123984,BTCUSDm,BUY,85142.06,85128.86,-0.13,-131999.9999999709,0.01,2025-03-28 09:26:21,2025-03-28 11:14:08,107,,LOSS,
1278123992,BTCUSDm,BUY,85142.39,85125.93000000001,-0.16,-164599.9999999185,0.01,2025-03-28 09:26:21,2025-03-28 11:14:09,107,,LOSS,
1278124001,BTCUSDm,BUY,85146.45,85140.51,-0.05,-59400.00000002328,0.01,2025-03-28 09:26:22,2025-03-28 11:14:10,107,,LOSS,
1278124048,BTCUSDm,BUY,85146.82,85133.79000000001,-0.13,-130299.99999998836,0.01,2025-03-28 09:26:22,2025-03-28 11:14:10,107,,LOSS,
1278124064,BTCUSDm,BUY,85146.78,85143.3,-0.04,-34799.999999959255,0.01,2025-03-28 09:26:22,2025-03-28 11:14:11,107,,LOSS,
1278124184,BTCUSDm,BUY,85146.57,85141.49,-0.06,-50800.00000001746,0.01,2025-03-28 09:26:22,2025-03-28 11:14:12,107,,LOSS,
1278124287,BTCUSDm,BUY,85148.81,85144.77,-0.04,-40399.99999993597,0.01,2025-03-28 09:26:22,2025-03-28 11:14:12,107,,LOSS,
1278124295,BTCUSDm,BUY,85148.81,85142.21,-0.07,-65999.99999991269,0.01,2025-03-28 09:26:22,2025-03-28 11:14:13,107,,LOSS,
1278124298,BTCUSDm,BUY,85151.41,85141.26,-0.1,-101500.00000008731,0.01,2025-03-28 09:26:22,2025-03-28 11:14:14,107,,LOSS,
1278124305,BTCUSDm,BUY,85152.25,85140.01,-0.12,-122400.00000005239,0.01,2025-03-28 09:26:23,2025-03-28 11:14:15,107,,LOSS,
1278124312,BTCUSDm,BUY,85152.75,85145.09,-0.08,-76600.00000003492,0.01,2025-03-28 09:26:23,2025-03-28 11:14:15,107,,LOSS,
1278124322,BTCUSDm,BUY,85149.78,85148.65000000001,-0.01,-11299.999999901047,0.01,2025-03-28 09:26:23,2025-03-28 11:14:18,107,,LOSS,
1278124330,BTCUSDm,BUY,85144.67,85146.09,0.01,14199.999999982538,0.01,2025-03-28 09:26:23,2025-03-28 11:14:19,107,,WIN,
1278124341,BTCUSDm,BUY,85144.94,85148.16,0.03,32200.00000001164,0.01,2025-03-28 09:26:23,2025-03-28 11:14:19,107,,WIN,
1278124353,BTCUSDm,BUY,85145.32,85149.88,0.05,45599.99999997672,0.01,2025-03-28 09:26:23,2025-03-28 11:14:20,107,,WIN,
1278124369,BTCUSDm,BUY,85140.13,85149.18000000001,0.09,90500.0000000291,0.01,2025-03-28 09:26:24,2025-03-28 11:14:21,107,,WIN,
1278124385,BTCUSDm,BUY,85139.6,85149.56,0.1,99599.99999991851,0.01,2025-03-28 09:26:24,2025-03-28 11:14:21,107,,WIN,
1278124397,BTCUSDm,BUY,85134.61,85149.31,0.14,146999.9999999709,0.01,2025-03-28 09:26:24,2025-03-28 11:14:22,107,,WIN,
1278124405,BTCUSDm,BUY,85131.49,85148.59,0.18,170999.9999999127,0.01,2025-03-28 09:26:24,2025-03-28 11:14:23,107,,WIN,
1279899912,BTCUSDm,BUY,83833.35,84513.41,6.8,6800599.999999977,0.01,2025-03-28 21:00:29,2025-03-29 01:24:23,263,,WIN,
1279899931,BTCUSDm,BUY,83823.79000000001,84513.41,6.89,6896199.999999953,0.01,2025-03-28 21:00:30,2025-03-29 01:24:23,263,,WIN,
1279899934,BTCUSDm,BUY,83823.69,84513.41,6.89,6897200.000000011,0.01,2025-03-28 21:00:30,2025-03-29 01:24:23,263,,WIN,
1279899935,BTCUSDm,BUY,83824.58,84513.41,6.88,6888300.000000018,0.01,2025-03-28 21:00:30,2025-03-29 01:24:23,263,,WIN,
1279899936,BTCUSDm,BUY,83825.23,84513.41,6.88,6881800.000000075,0.01,2025-03-28 21:00:31,2025-03-29 01:24:23,263,,WIN,
1279899937,BTCUSDm,BUY,83825.82,84513.41,6.87,6875899.999999965,0.01,2025-03-28 21:00:31,2025-03-29 01:24:23,263,,WIN,
1279899943,BTCUSDm,BUY,83826.04000000001,84513.41,6.87,6873699.999999953,0.01,2025-03-28 21:00:31,2025-03-29 01:24:23,263,,WIN,
1279899947,BTCUSDm,BUY,83824.75,84513.41,6.88,6886600.000000035,0.01,2025-03-28 21:00:32,2025-03-29 01:24:23,263,,WIN,
1279899965,BTCUSDm,BUY,83826.38,84513.41,6.87,6870299.999999989,0.01,2025-03-28 21:00:32,2025-03-29 01:24:23,263,,WIN,
1279899984,BTCUSDm,BUY,83827.85,84513.41,6.85,6855599.999999977,0.01,2025-03-28 21:00:32,2025-03-29 01:24:23,263,,WIN,
1279899986,BTCUSDm,BUY,83829.22,84513.41,6.84,6841900.000000023,0.01,2025-03-28 21:00:32,2025-03-29 01:24:23,263,,WIN,
1279899989,BTCUSDm,BUY,83829.42,84513.41,6.84,6839900.000000052,0.01,2025-03-28 21:00:32,2025-03-29 01:24:23,263,,WIN,
1280057091,BTCUSDm,BUY,84089.45,83612.05,-4.77,-4773999.999999942,0.01,2025-03-29 03:44:36,2025-03-29 10:44:46,420,,LOSS,
1280057092,BTCUSDm,BUY,84090.35,83629.02,-4.61,-4613300.000000018,0.01,2025-03-29 03:44:36,2025-03-29 10:44:46,420,,LOSS,
1280057093,BTCUSDm,BUY,84090.35,83629.02,-4.61,-4613300.000000018,0.01,2025-03-29 03:44:36,2025-03-29 10:44:46,420,,LOSS,
1280057094,BTCUSDm,BUY,84090.36,83613.25,-4.77,-4771100.000000006,0.01,2025-03-29 03:44:36,2025-03-29 10:44:46,420,,LOSS,
1280057095,BTCUSDm,BUY,84090.36,83612.05,-4.78,-4783099.999999977,0.01,2025-03-29 03:44:36,2025-03-29 10:44:46,420,,LOSS,
1280057096,BTCUSDm,BUY,84090.36,83612.05,-4.78,-4783099.999999977,0.01,2025-03-29 03:44:36,2025-03-29 10:44:46,420,,LOSS,
1280057097,BTCUSDm,BUY,84090.37,83612.05,-4.78,-4783199.999999925,0.01,2025-03-29 03:44:37,2025-03-29 10:44:46,420,,LOSS,
1280057098,BTCUSDm,BUY,84090.15000000001,83612.05,-4.78,-4781000.000000058,0.01,2025-03-29 03:44:37,2025-03-29 10:44:46,420,,LOSS,
1280057158,BTCUSDm,BUY,84080.74,83612.05,-4.6899999999999995,-4686900.000000023,0.01,2025-03-29 03:44:41,2025-03-29 10:44:46,420,,LOSS,
1280057159,BTCUSDm,BUY,84081.43000000001,83612.05,-4.6899999999999995,-4693800.000000047,0.01,2025-03-29 03:44:41,2025-03-29 10:44:46,420,,LOSS,
1280057161,BTCUSDm,BUY,84081.73,83612.05,-4.7,-4696799.99999993,0.01,2025-03-29 03:44:41,2025-03-29 10:44:46,420,,LOSS,
1280057162,BTCUSDm,BUY,84081.94,83612.05,-4.7,-4698899.999999994,0.01,2025-03-29 03:44:42,2025-03-29 10:44:46,420,,LOSS,
1280057163,BTCUSDm,BUY,84081.71,83612.05,-4.7,-4696600.000000035,0.01,2025-03-29 03:44:42,2025-03-29 10:44:46,420,,LOSS,
1280057164,BTCUSDm,BUY,84080.13,83612.05,-4.68,-4680800.000000018,0.01,2025-03-29 03:44:42,2025-03-29 10:44:46,420,,LOSS,
1280057165,BTCUSDm,BUY,84077.91,83612.05,-4.66,-4658600.000000006,0.01,2025-03-29 03:44:42,2025-03-29 10:44:46,420,,LOSS,
1280057167,BTCUSDm,BUY,84076.45,83612.05,-4.64,-4643999.999999942,0.01,2025-03-29 03:44:42,2025-03-29 10:44:46,420,,LOSS,
1280057168,BTCUSDm,BUY,84078.53,83612.05,-4.67,-4664799.999999959,0.01,2025-03-29 03:44:42,2025-03-29 10:44:46,420,,LOSS,
1280058733,BTCUSDm,BUY,84037.06,83612.05,-4.25,-4250099.999999948,0.01,2025-03-29 03:56:55,2025-03-29 10:44:46,407,,LOSS,
1280058734,BTCUSDm,BUY,84037.06,83612.05,-4.25,-4250099.999999948,0.01,2025-03-29 03:56:55,2025-03-29 10:44:46,407,,LOSS,
1280058736,BTCUSDm,BUY,84037.06,83612.05,-4.25,-4250099.999999948,0.01,2025-03-29 03:56:55,2025-03-29 10:44:46,407,,LOSS,
1280058737,BTCUSDm,BUY,84037.89,83612.05,-4.26,-4258399.999999965,0.01,2025-03-29 03:56:55,2025-03-29 10:44:46,407,,LOSS,
1280058740,BTCUSDm,BUY,84040.56,83612.05,-4.29,-4285099.999999948,0.01,2025-03-29 03:56:55,2025-03-29 10:44:46,407,,LOSS,
1280058742,BTCUSDm,BUY,84043.36,83612.05,-4.31,-4313099.999999977,0.01,2025-03-29 03:56:56,2025-03-29 10:44:46,407,,LOSS,
1280058745,BTCUSDm,BUY,84043.2,83612.05,-4.31,-4311499.999999942,0.01,2025-03-29 03:56:56,2025-03-29 10:44:46,407,,LOSS,
1280058746,BTCUSDm,BUY,84028.42,83612.05,-4.16,-4163699.9999999534,0.01,2025-03-29 03:56:56,2025-03-29 10:44:46,407,,LOSS,
1280058844,BTCUSDm,BUY,84022.19,83612.05,-4.1,-4101399.9999999944,0.01,2025-03-29 03:56:56,2025-03-29 10:44:46,407,,LOSS,
1280059008,BTCUSDm,BUY,84022.18000000001,83612.05,-4.1,-4101300.0000000466,0.01,2025-03-29 03:56:56,2025-03-29 10:44:46,407,,LOSS,
1280059009,BTCUSDm,BUY,84031.74,83612.05,-4.2,-4196900.000000023,0.01,2025-03-29 03:56:56,2025-03-29 10:44:46,407,,LOSS,
1280059011,BTCUSDm,BUY,84031.74,83612.05,-4.2,-4196900.000000023,0.01,2025-03-29 03:56:57,2025-03-29 10:44:46,407,,LOSS,
1280059013,BTCUSDm,BUY,84031.74,83612.05,-4.2,-4196900.000000023,0.01,2025-03-29 03:56:57,2025-03-29 10:44:46,407,,LOSS,
1280059014,BTCUSDm,BUY,84036.62,83612.05,-4.25,-4245699.999999925,0.01,2025-03-29 03:56:57,2025-03-29 10:44:46,407,,LOSS,
1280059019,BTCUSDm,BUY,84042.64,83612.05,-4.31,-4305899.999999965,0.01,2025-03-29 03:56:57,2025-03-29 10:44:46,407,,LOSS,
1280059020,BTCUSDm,BUY,84042.89,83612.05,-4.31,-4308399.999999965,0.01,2025-03-29 03:56:57,2025-03-29 10:44:46,407,,LOSS,
1280059023,BTCUSDm,BUY,84042.6,83612.05,-4.31,-4305500.000000029,0.01,2025-03-29 03:56:58,2025-03-29 10:44:46,407,,LOSS,
1280059024,BTCUSDm,BUY,84042.56,83612.05,-4.31,-4305099.999999948,0.01,2025-03-29 03:56:58,2025-03-29 10:44:46,407,,LOSS,
1281011942,BTCUSDm,BUY,83195.12,83071.06,-1.24,-1240599.9999999767,0.01,2025-03-30 12:03:10,2025-03-30 13:21:25,78,,LOSS,
1281011943,BTCUSDm,BUY,83193.31,83071.06,-1.22,-1222500.0,0.01,2025-03-30 12:03:11,2025-03-30 13:21:25,78,,LOSS,
1281011948,BTCUSDm,BUY,83192.86,83071.06,-1.22,-1218000.000000029,0.01,2025-03-30 12:03:11,2025-03-30 13:21:25,78,,LOSS,
1281011949,BTCUSDm,BUY,83192.82,83071.06,-1.22,-1217600.0000000931,0.01,2025-03-30 12:03:11,2025-03-30 13:21:26,78,,LOSS,
1281011957,BTCUSDm,BUY,83189.97,83071.06,-1.19,-1189100.000000035,0.01,2025-03-30 12:03:12,2025-03-30 13:21:26,78,,LOSS,
1281011959,BTCUSDm,BUY,83188.73,83071.06,-1.18,-1176699.9999999825,0.01,2025-03-30 12:03:12,2025-03-30 13:21:25,78,,LOSS,
1281011963,BTCUSDm,BUY,83188.77,83071.06,-1.18,-1177100.000000064,0.01,2025-03-30 12:03:12,2025-03-30 13:21:25,78,,LOSS,
1281011964,BTCUSDm,BUY,83188.8,83071.59,-1.17,-1172100.000000064,0.01,2025-03-30 12:03:12,2025-03-30 13:21:26,78,,LOSS,
1281481368,BTCUSDm,BUY,82276.73,82014.34,-2.63,-2623899.9999999944,0.01,2025-03-30 23:00:05,2025-03-30 23:02:24,2,,LOSS,
1281481379,BTCUSDm,BUY,82288.8,82014.34,-2.75,-2744600.0000000643,0.01,2025-03-30 23:00:06,2025-03-30 23:02:24,2,,LOSS,
1281481386,BTCUSDm,BUY,82292.1,82014.34,-2.7800000000000002,-2777600.000000093,0.01,2025-03-30 23:00:06,2025-03-30 23:02:24,2,,LOSS,
1281481392,BTCUSDm,BUY,82294.04000000001,82014.34,-2.8,-2797000.0000001164,0.01,2025-03-30 23:00:07,2025-03-30 23:02:24,2,,LOSS,
1281712922,AUDJPYm,BUY,93.765,93.85000000000001,0.57,850.0000000000796,0.01,2025-03-31 01:44:09,2025-03-31 01:59:49,15,,WIN,
1281712923,AUDJPYm,BUY,93.765,93.85000000000001,0.57,850.0000000000796,0.01,2025-03-31 01:44:09,2025-03-31 01:59:49,15,,WIN,
1281722292,USDJPYm,BUY,149.464,149.29,-1.17,-1740.000000000066,0.01,2025-03-31 01:53:16,2025-03-31 01:59:49,6,,LOSS,
1281722329,USDJPYm,BUY,149.465,149.29,-1.17,-1750.0000000001137,0.01,2025-03-31 01:53:17,2025-03-31 01:59:49,6,,LOSS,
1281722343,USDJPYm,BUY,149.462,149.29,-1.15,-1719.9999999999704,0.01,2025-03-31 01:53:17,2025-03-31 01:59:49,6,,LOSS,
1281779196,CADJPYm,SELL,104.18900000000001,104.205,-0.11,-159.99999999991132,0.01,2025-03-31 02:37:15,2025-03-31 03:07:37,30,,LOSS,SG M15
1281779210,CADJPYm,SELL,104.181,104.205,-0.16,-240.0000000000091,0.01,2025-03-31 02:37:16,2025-03-31 03:07:37,30,,LOSS,SG M15
1281842738,AUDJPYm,SELL,93.608,93.695,-0.58,-869.9999999998909,0.01,2025-03-31 03:34:50,2025-03-31 06:07:55,153,,LOSS,SG M15
1281842769,AUDJPYm,SELL,93.602,93.688,-0.58,-859.9999999999852,0.01,2025-03-31 03:34:51,2025-03-31 06:07:43,152,,LOSS,SG M15
1281849666,EURJPYm,SELL,161.341,161.52,-1.2,-1790.0000000000205,0.01,2025-03-31 03:41:31,2025-03-31 09:17:19,335,,LOSS,
1281849669,EURJPYm,SELL,161.341,161.562,-1.48,-2210.0000000000364,0.01,2025-03-31 03:41:31,2025-03-31 05:36:09,114,,LOSS,
1282454267,AUDJPYm,SELL,93.316,93.35300000000001,-0.25,-370.0000000000614,0.01,2025-03-31 09:48:12,2025-03-31 10:27:24,39,,LOSS,SG M15
1282454400,AUDJPYm,SELL,93.315,93.35300000000001,-0.25,-380.00000000010914,0.01,2025-03-31 09:48:14,2025-03-31 10:27:24,39,,LOSS,SG M15
1282481937,XAUUSDm,SELL,3122.239,3119.469,2.77,27699.999999999818,0.01,2025-03-31 09:59:11,2025-03-31 10:27:24,28,,WIN,
1282481972,XAUUSDm,SELL,3122.272,3119.469,2.8,28029.999999998836,0.01,2025-03-31 09:59:12,2025-03-31 10:27:24,28,,WIN,
1282481993,XAUUSDm,SELL,3122.272,3119.469,2.8,28029.999999998836,0.01,2025-03-31 09:59:13,2025-03-31 10:27:24,28,,WIN,
1282482004,XAUUSDm,SELL,3122.272,3119.469,2.8,28029.999999998836,0.01,2025-03-31 09:59:13,2025-03-31 10:27:24,28,,WIN,
1282482017,XAUUSDm,SELL,3122.25,3119.469,2.7800000000000002,27809.99999999949,0.01,2025-03-31 09:59:13,2025-03-31 10:27:24,28,,WIN,
1282482025,XAUUSDm,SELL,3122.25,3119.469,2.7800000000000002,27809.99999999949,0.01,2025-03-31 09:59:13,2025-03-31 10:27:24,28,,WIN,
1282482031,XAUUSDm,SELL,3122.25,3119.469,2.7800000000000002,27809.99999999949,0.01,2025-03-31 09:59:13,2025-03-31 10:27:24,28,,WIN,
1282482051,XAUUSDm,SELL,3122.25,3119.469,2.7800000000000002,27809.99999999949,0.01,2025-03-31 09:59:14,2025-03-31 10:27:24,28,,WIN,
1282482053,XAUUSDm,SELL,3122.25,3119.469,2.7800000000000002,27809.99999999949,0.01,2025-03-31 09:59:14,2025-03-31 10:27:24,28,,WIN,
1282482071,XAUUSDm,SELL,3122.25,3119.469,2.7800000000000002,27809.99999999949,0.01,2025-03-31 09:59:14,2025-03-31 10:27:24,28,,WIN,
1282548793,XAUUSDm,SELL,3121.067,3115.442,5.63,56250.0,0.01,2025-03-31 10:29:48,2025-03-31 10:40:22,10,,WIN,
1282548817,XAUUSDm,SELL,3120.963,3115.43,5.53,55330.000000003565,0.01,2025-03-31 10:29:49,2025-03-31 10:40:22,10,,WIN,
1282548846,XAUUSDm,SELL,3120.436,3115.466,4.97,49700.00000000255,0.01,2025-03-31 10:29:50,2025-03-31 10:40:21,10,,WIN,
1282618797,XAUUSDm,BUY,3113.7690000000002,3115.159,1.3900000000000001,13899.999999998727,0.01,2025-03-31 10:54:15,2025-03-31 11:15:04,20,,WIN,
1282618845,XAUUSDm,BUY,3113.728,3115.159,1.43,14310.0000000004,0.01,2025-03-31 10:54:16,2025-03-31 11:15:04,20,,WIN,
1282618857,XAUUSDm,BUY,3113.728,3115.159,1.43,14310.0000000004,0.01,2025-03-31 10:54:16,2025-03-31 11:15:04,20,,WIN,
1282618890,XAUUSDm,BUY,3113.7980000000002,3115.139,1.34,13409.999999998945,0.01,2025-03-31 10:54:17,2025-03-31 11:15:04,20,,WIN,
1282689276,AUDJPYm,BUY,93.248,93.365,0.78,1169.9999999999022,0.01,2025-03-31 11:17:10,2025-03-31 11:48:40,31,,WIN,SG M15
1282689326,AUDJPYm,BUY,93.246,93.365,0.8,1189.9999999999977,0.01,2025-03-31 11:17:11,2025-03-31 11:48:40,31,,WIN,SG M15
1282781205,XAUUSDm,SELL,3120.532,3118.8070000000002,1.72,17249.99999999909,0.01,2025-03-31 11:43:30,2025-03-31 13:01:39,78,,WIN,
1282781208,XAUUSDm,SELL,3120.532,3118.8070000000002,1.72,17249.99999999909,0.01,2025-03-31 11:43:30,2025-03-31 13:01:39,78,,WIN,
1282781212,XAUUSDm,SELL,3120.532,3118.8070000000002,1.72,17249.99999999909,0.01,2025-03-31 11:43:30,2025-03-31 13:01:39,78,,WIN,
1282781222,XAUUSDm,SELL,3120.532,3118.8070000000002,1.72,17249.99999999909,0.01,2025-03-31 11:43:30,2025-03-31 13:01:39,78,,WIN,
1282781236,XAUUSDm,SELL,3120.532,3118.8070000000002,1.72,17249.99999999909,0.01,2025-03-31 11:43:30,2025-03-31 13:01:39,78,,WIN,
1282781330,XAUUSDm,SELL,3120.346,3118.8070000000002,1.54,15389.999999997599,0.01,2025-03-31 11:43:32,2025-03-31 13:01:39,78,,WIN,
1282781334,XAUUSDm,SELL,3120.346,3118.8070000000002,1.54,15389.999999997599,0.01,2025-03-31 11:43:33,2025-03-31 13:01:39,78,,WIN,
1283158908,XAUUSDm,SELL,3124.174,3113.109,11.06,110650.00000000055,0.01,2025-03-31 13:44:07,2025-03-31 14:32:19,48,,WIN,
1283159120,XAUUSDm,SELL,3124.0840000000003,3113.109,10.97,109750.00000000364,0.01,2025-03-31 13:44:10,2025-03-31 14:32:19,48,,WIN,
1283159153,XAUUSDm,SELL,3124.129,3113.109,11.02,110199.99999999983,0.01,2025-03-31 13:44:12,2025-03-31 14:32:19,48,,WIN,
1283159175,XAUUSDm,SELL,3124.178,3113.109,11.07,110689.99999999959,0.01,2025-03-31 13:44:12,2025-03-31 14:32:19,48,,WIN,
1283159340,XAUUSDm,SELL,3124.577,3113.109,11.47,114680.00000000303,0.01,2025-03-31 13:44:16,2025-03-31 14:32:19,48,,WIN,
1283159348,XAUUSDm,SELL,3124.577,3113.109,11.47,114680.00000000303,0.01,2025-03-31 13:44:16,2025-03-31 14:32:19,48,,WIN,
1283159354,XAUUSDm,SELL,3124.577,3113.109,11.47,114680.00000000303,0.01,2025-03-31 13:44:17,2025-03-31 14:32:19,48,,WIN,
1283303395,XAUUSDm,SELL,3119.974,3113.109,6.86,68650.00000000236,0.01,2025-03-31 14:21:35,2025-03-31 14:32:19,10,,WIN,
1283303438,XAUUSDm,SELL,3120.006,3113.109,6.9,68969.99999999935,0.01,2025-03-31 14:21:36,2025-03-31 14:32:19,10,,WIN,
1283303502,XAUUSDm,SELL,3119.976,3113.109,6.87,68670.00000000189,0.01,2025-03-31 14:21:37,2025-03-31 14:32:19,10,,WIN,
1283527315,XAUUSDm,SELL,3115.422,3112.044,3.38,33780.000000001564,0.01,2025-03-31 15:09:27,2025-03-31 15:24:34,15,,WIN,
1283527321,XAUUSDm,SELL,3115.408,3112.044,3.37,33640.00000000033,0.01,2025-03-31 15:09:27,2025-03-31 15:24:34,15,,WIN,
1283527335,XAUUSDm,SELL,3115.408,3112.044,3.37,33640.00000000033,0.01,2025-03-31 15:09:27,2025-03-31 15:24:34,15,,WIN,
1283527344,XAUUSDm,SELL,3115.408,3112.044,3.37,33640.00000000033,0.01,2025-03-31 15:09:28,2025-03-31 15:24:34,15,,WIN,
1283528428,XAUUSDm,SELL,3115.601,3112.044,3.56,35570.00000000244,0.01,2025-03-31 15:09:43,2025-03-31 15:24:34,14,,WIN,
1283528438,XAUUSDm,SELL,3115.6040000000003,3112.044,3.56,35600.000000004,0.01,2025-03-31 15:09:43,2025-03-31 15:24:34,14,,WIN,
1283528538,XAUUSDm,SELL,3115.352,3112.044,3.31,33079.99999999993,0.01,2025-03-31 15:09:45,2025-03-31 15:24:34,14,,WIN,
1283622200,CADJPYm,BUY,104.173,104.09,-0.55,-829.9999999999841,0.01,2025-03-31 15:31:55,2025-03-31 15:51:46,19,,LOSS,SG M15
1283626159,EURJPYm,SELL,161.721,161.777,-0.37,-559.9999999998317,0.01,2025-03-31 15:32:54,2025-03-31 15:33:31,0,,LOSS,SG M15
1283715708,CADJPYm,SELL,104.014,104.495,-3.2,-4810.000000000087,0.01,2025-03-31 15:54:41,2025-03-31 19:11:04,196,,LOSS,
1283715718,CADJPYm,SELL,104.016,104.495,-3.19,-4789.999999999992,0.01,2025-03-31 15:54:41,2025-03-31 19:11:04,196,,LOSS,
1283715730,CADJPYm,SELL,104.016,104.495,-3.19,-4789.999999999992,0.01,2025-03-31 15:54:41,2025-03-31 19:11:04,196,,LOSS,
1283715792,CADJPYm,SELL,104.004,104.495,-3.27,-4909.999999999996,0.01,2025-03-31 15:54:42,2025-03-31 19:11:04,196,,LOSS,
1284411355,XAUUSDm,BUY,3124.61,3124.871,0.26,2609.9999999996726,0.01,2025-03-31 20:59:52,2025-04-01 01:35:31,275,,WIN,
1284411545,XAUUSDm,BUY,3124.514,3124.871,0.36,3569.999999999709,0.01,2025-03-31 20:59:58,2025-04-01 01:35:31,275,,WIN,
1284411821,XAUUSDm,BUY,3124.268,3124.871,0.6,6030.000000000655,0.01,2025-03-31 21:00:04,2025-04-01 01:35:31,275,,WIN,
1284411953,XAUUSDm,BUY,3124.168,3124.871,0.7,7029.999999999745,0.01,2025-03-31 21:00:08,2025-04-01 01:35:31,275,,WIN,
1284428411,EURJPYm,BUY,162.205,162.218,0.09,129.99999999976808,0.01,2025-03-31 21:06:35,2025-04-01 01:35:31,268,,WIN,
1284428433,EURJPYm,BUY,162.205,162.218,0.09,129.99999999976808,0.01,2025-03-31 21:06:36,2025-04-01 01:35:31,268,,WIN,
1284428450,EURJPYm,BUY,162.204,162.218,0.09,139.99999999981583,0.01,2025-03-31 21:06:38,2025-04-01 01:35:31,268,,WIN,
1284449261,XAUUSDm,BUY,3123.2200000000003,3124.871,1.65,16509.9999999984,0.01,2025-03-31 21:20:08,2025-04-01 01:35:31,255,,WIN,
1284449263,XAUUSDm,BUY,3123.2200000000003,3124.871,1.65,16509.9999999984,0.01,2025-03-31 21:20:08,2025-04-01 01:35:31,255,,WIN,
1284449266,XAUUSDm,BUY,3123.2200000000003,3124.871,1.65,16509.9999999984,0.01,2025-03-31 21:20:08,2025-04-01 01:35:31,255,,WIN,
1284449272,XAUUSDm,BUY,3123.2200000000003,3124.871,1.65,16509.9999999984,0.01,2025-03-31 21:20:09,2025-04-01 01:35:31,255,,WIN,
1284449280,XAUUSDm,BUY,3123.244,3124.871,1.63,16269.999999999527,0.01,2025-03-31 21:20:09,2025-04-01 01:35:31,255,,WIN,
1284622361,GBPUSDm,BUY,1.2922200000000001,1.2930400000000002,0.82,8.20000000000043,0.01,2025-04-01 01:40:58,2025-04-01 10:25:50,524,,WIN,
1284622364,GBPUSDm,BUY,1.2922200000000001,1.2930400000000002,0.82,8.20000000000043,0.01,2025-04-01 01:40:58,2025-04-01 10:25:50,524,,WIN,
1284622365,GBPUSDm,BUY,1.2922200000000001,1.2930400000000002,0.82,8.20000000000043,0.01,2025-04-01 01:40:58,2025-04-01 10:25:50,524,,WIN,
1284622366,GBPUSDm,BUY,1.2922200000000001,1.2930400000000002,0.82,8.20000000000043,0.01,2025-04-01 01:40:58,2025-04-01 10:25:50,524,,WIN,
1284622367,GBPUSDm,BUY,1.2922200000000001,1.2930400000000002,0.82,8.20000000000043,0.01,2025-04-01 01:40:59,2025-04-01 10:25:50,524,,WIN,
1284622368,GBPUSDm,BUY,1.2922200000000001,1.2930400000000002,0.82,8.20000000000043,0.01,2025-04-01 01:40:59,2025-04-01 10:25:50,524,,WIN,
1284622369,GBPUSDm,BUY,1.2922200000000001,1.2930400000000002,0.82,8.20000000000043,0.01,2025-04-01 01:40:59,2025-04-01 10:25:50,524,,WIN,
1284622425,GBPUSDm,BUY,1.29217,1.2930400000000002,0.87,8.700000000001484,0.01,2025-04-01 01:41:08,2025-04-01 10:25:51,524,,WIN,
1284622426,GBPUSDm,BUY,1.29217,1.2930400000000002,0.87,8.700000000001484,0.01,2025-04-01 01:41:08,2025-04-01 10:25:51,524,,WIN,
1284622427,GBPUSDm,BUY,1.29217,1.2930400000000002,0.87,8.700000000001484,0.01,2025-04-01 01:41:08,2025-04-01 10:25:51,524,,WIN,
1284622428,GBPUSDm,BUY,1.29217,1.2930400000000002,0.87,8.700000000001484,0.01,2025-04-01 01:41:08,2025-04-01 10:25:51,524,,WIN,
1284622429,GBPUSDm,BUY,1.29217,1.2930400000000002,0.87,8.700000000001484,0.01,2025-04-01 01:41:08,2025-04-01 10:25:51,524,,WIN,
1284709597,CADJPYm,SELL,104.10600000000001,104.139,-0.22,-329.9999999998704,0.01,2025-04-01 03:36:11,2025-04-01 10:25:50,409,,LOSS,
1284709604,CADJPYm,SELL,104.10600000000001,104.139,-0.22,-329.9999999998704,0.01,2025-04-01 03:36:12,2025-04-01 10:25:50,409,,LOSS,
1284709608,CADJPYm,SELL,104.10600000000001,104.139,-0.22,-329.9999999998704,0.01,2025-04-01 03:36:12,2025-04-01 10:25:50,409,,LOSS,
1284745215,EURJPYm,SELL,162.13,161.97,1.07,1599.999999999966,0.01,2025-04-01 04:41:55,2025-04-01 10:25:50,343,,WIN,
1284745217,EURJPYm,SELL,162.13,161.97,1.07,1599.999999999966,0.01,2025-04-01 04:41:55,2025-04-01 10:25:50,343,,WIN,
1284745218,EURJPYm,SELL,162.126,161.97,1.04,1560.0000000000591,0.01,2025-04-01 04:41:55,2025-04-01 10:25:50,343,,WIN,
1284745219,EURJPYm,SELL,162.122,161.97,1.02,1520.0000000001523,0.01,2025-04-01 04:41:55,2025-04-01 10:25:50,343,,WIN,
1284745220,EURJPYm,SELL,162.122,161.97,1.02,1520.0000000001523,0.01,2025-04-01 04:41:55,2025-04-01 10:25:50,343,,WIN,
1284745221,EURJPYm,SELL,162.122,161.97,1.02,1520.0000000001523,0.01,2025-04-01 04:41:56,2025-04-01 10:25:50,343,,WIN,
1284745223,EURJPYm,SELL,162.122,161.97,1.02,1520.0000000001523,0.01,2025-04-01 04:41:56,2025-04-01 10:25:50,343,,WIN,
1284745225,EURJPYm,SELL,162.122,161.97,1.02,1520.0000000001523,0.01,2025-04-01 04:41:56,2025-04-01 10:25:50,343,,WIN,
1284745226,EURJPYm,SELL,162.122,161.97,1.02,1520.0000000001523,0.01,2025-04-01 04:41:56,2025-04-01 10:25:50,343,,WIN,
1284745227,EURJPYm,SELL,162.122,161.97,1.02,1520.0000000001523,0.01,2025-04-01 04:41:56,2025-04-01 10:25:50,343,,WIN,
1285394603,XAUUSDm,SELL,3131.6710000000003,3138.8830000000003,-7.21,-72119.99999999988,0.01,2025-04-01 10:30:19,2025-04-01 11:23:22,53,,LOSS,
1285394615,XAUUSDm,SELL,3131.6710000000003,3138.8830000000003,-7.21,-72119.99999999988,0.01,2025-04-01 10:30:20,2025-04-01 11:23:22,53,,LOSS,
1285394628,XAUUSDm,SELL,3131.6710000000003,3138.8830000000003,-7.21,-72119.99999999988,0.01,2025-04-01 10:30:20,2025-04-01 11:23:22,53,,LOSS,
1285394637,XAUUSDm,SELL,3131.6710000000003,3138.8830000000003,-7.21,-72119.99999999988,0.01,2025-04-01 10:30:20,2025-04-01 11:23:22,53,,LOSS,
1285394650,XAUUSDm,SELL,3131.692,3138.8830000000003,-7.19,-71910.00000000259,0.01,2025-04-01 10:30:20,2025-04-01 11:23:22,53,,LOSS,
1285394660,XAUUSDm,SELL,3131.692,3138.8830000000003,-7.19,-71910.00000000259,0.01,2025-04-01 10:30:20,2025-04-01 11:23:22,53,,LOSS,
1285394671,XAUUSDm,SELL,3131.692,3138.8830000000003,-7.19,-71910.00000000259,0.01,2025-04-01 10:30:21,2025-04-01 11:23:22,53,,LOSS,
1285394956,XAUUSDm,SELL,3131.637,3138.8830000000003,-7.24,-72460.00000000095,0.01,2025-04-01 10:30:22,2025-04-01 11:23:22,53,,LOSS,
1285394960,XAUUSDm,SELL,3131.637,3138.8830000000003,-7.24,-72460.00000000095,0.01,2025-04-01 10:30:22,2025-04-01 11:23:22,53,,LOSS,
1285394965,XAUUSDm,SELL,3131.864,3138.8830000000003,-7.02,-70190.00000000233,0.01,2025-04-01 10:30:23,2025-04-01 11:23:22,52,,LOSS,
1285396379,XAUUSDm,SELL,3132.161,3138.8830000000003,-6.72,-67220.00000000207,0.01,2025-04-01 10:30:53,2025-04-01 11:23:22,52,,LOSS,
1285396380,XAUUSDm,SELL,3132.161,3138.8830000000003,-6.72,-67220.00000000207,0.01,2025-04-01 10:30:53,2025-04-01 11:23:22,52,,LOSS,
1285396387,XAUUSDm,SELL,3132.341,3138.8830000000003,-6.54,-65420.00000000371,0.01,2025-04-01 10:30:54,2025-04-01 11:23:22,52,,LOSS,
1285405377,XAUUSDm,SELL,3132.347,3138.8830000000003,-6.53,-65360.00000000058,0.01,2025-04-01 10:35:05,2025-04-01 11:23:22,48,,LOSS,
1285405406,XAUUSDm,SELL,3132.564,3138.8830000000003,-6.32,-63190.00000000415,0.01,2025-04-01 10:35:06,2025-04-01 11:23:22,48,,LOSS,
1285499522,XAUUSDm,SELL,3135.004,3138.8830000000003,-3.88,-38790.0000000036,0.01,2025-04-01 11:13:46,2025-04-01 11:23:22,9,,LOSS,
1285499533,XAUUSDm,SELL,3135.004,3138.8830000000003,-3.88,-38790.0000000036,0.01,2025-04-01 11:13:46,2025-04-01 11:23:22,9,,LOSS,
1285499560,XAUUSDm,SELL,3135.01,3138.8830000000003,-3.87,-38730.00000000047,0.01,2025-04-01 11:13:47,2025-04-01 11:23:22,9,,LOSS,
1285499563,XAUUSDm,SELL,3135.01,3138.8830000000003,-3.87,-38730.00000000047,0.01,2025-04-01 11:13:47,2025-04-01 11:23:22,9,,LOSS,
1285499576,XAUUSDm,SELL,3135.01,3138.8830000000003,-3.87,-38730.00000000047,0.01,2025-04-01 11:13:47,2025-04-01 11:23:22,9,,LOSS,
1285499579,XAUUSDm,SELL,3135.01,3138.96,-3.95,-39499.99999999818,0.01,2025-04-01 11:13:47,2025-04-01 11:23:22,9,,LOSS,
1285499622,XAUUSDm,SELL,3135.0280000000002,3138.96,-3.93,-39319.99999999789,0.01,2025-04-01 11:13:48,2025-04-01 11:23:22,9,,LOSS,
1285499631,XAUUSDm,SELL,3135.0280000000002,3138.96,-3.93,-39319.99999999789,0.01,2025-04-01 11:13:48,2025-04-01 11:23:22,9,,LOSS,
1285499777,XAUUSDm,SELL,3134.794,3138.96,-4.17,-41660.00000000167,0.01,2025-04-01 11:13:53,2025-04-01 11:23:22,9,,LOSS,
1285499781,XAUUSDm,SELL,3134.794,3138.96,-4.17,-41660.00000000167,0.01,2025-04-01 11:13:53,2025-04-01 11:23:23,9,,LOSS,
1285499941,XAUUSDm,SELL,3134.855,3138.96,-4.1,-41050.00000000018,0.01,2025-04-01 11:13:54,2025-04-01 11:23:23,9,,LOSS,
1285499944,XAUUSDm,SELL,3134.855,3138.96,-4.1,-41050.00000000018,0.01,2025-04-01 11:13:54,2025-04-01 11:23:23,9,,LOSS,
1285499951,XAUUSDm,SELL,3134.828,3138.96,-4.13,-41320.00000000062,0.01,2025-04-01 11:13:54,2025-04-01 11:23:23,9,,LOSS,
1285500009,XAUUSDm,SELL,3134.8070000000002,3138.96,-4.15,-41529.999999997926,0.01,2025-04-01 11:13:55,2025-04-01 11:23:23,9,,LOSS,
1285500012,XAUUSDm,SELL,3134.8070000000002,3138.96,-4.15,-41529.999999997926,0.01,2025-04-01 11:13:55,2025-04-01 11:23:23,9,,LOSS,
1285500015,XAUUSDm,SELL,3134.8070000000002,3138.96,-4.15,-41529.999999997926,0.01,2025-04-01 11:13:56,2025-04-01 11:23:23,9,,LOSS,
1285594443,XAUUSDm,SELL,3134.214,3135.488,-1.28,-12739.999999998872,0.01,2025-04-01 11:45:20,2025-04-01 14:06:42,141,,LOSS,
1285594503,XAUUSDm,SELL,3134.231,3135.488,-1.26,-12569.999999996071,0.01,2025-04-01 11:45:22,2025-04-01 14:06:42,141,,LOSS,
1285594509,XAUUSDm,SELL,3134.231,3135.488,-1.26,-12569.999999996071,0.01,2025-04-01 11:45:22,2025-04-01 14:06:42,141,,LOSS,
1285594518,XAUUSDm,SELL,3134.228,3135.488,-1.26,-12599.999999997635,0.01,2025-04-01 11:45:23,2025-04-01 14:06:42,141,,LOSS,
1285594522,XAUUSDm,SELL,3134.228,3135.488,-1.26,-12599.999999997635,0.01,2025-04-01 11:45:23,2025-04-01 14:06:42,141,,LOSS,
1285594526,XAUUSDm,SELL,3134.228,3135.488,-1.26,-12599.999999997635,0.01,2025-04-01 11:45:23,2025-04-01 14:06:42,141,,LOSS,
1285594528,XAUUSDm,SELL,3134.228,3135.488,-1.26,-12599.999999997635,0.01,2025-04-01 11:45:23,2025-04-01 14:06:42,141,,LOSS,
1285594533,XAUUSDm,SELL,3134.228,3135.488,-1.26,-12599.999999997635,0.01,2025-04-01 11:45:23,2025-04-01 14:06:42,141,,LOSS,
1285594544,XAUUSDm,SELL,3134.141,3135.524,-1.38,-13829.999999998108,0.01,2025-04-01 11:45:24,2025-04-01 14:06:42,141,,LOSS,
1285594557,XAUUSDm,SELL,3134.141,3135.524,-1.38,-13829.999999998108,0.01,2025-04-01 11:45:24,2025-04-01 14:06:42,141,,LOSS,
1285594567,XAUUSDm,SELL,3134.141,3135.488,-1.35,-13469.999999997526,0.01,2025-04-01 11:45:24,2025-04-01 14:06:42,141,,LOSS,
1285594570,XAUUSDm,SELL,3134.141,3135.488,-1.35,-13469.999999997526,0.01,2025-04-01 11:45:25,2025-04-01 14:06:42,141,,LOSS,
1285594575,XAUUSDm,SELL,3134.141,3135.488,-1.35,-13469.999999997526,0.01,2025-04-01 11:45:25,2025-04-01 14:06:42,141,,LOSS,
1285594584,XAUUSDm,SELL,3134.141,3135.488,-1.35,-13469.999999997526,0.01,2025-04-01 11:45:25,2025-04-01 14:06:42,141,,LOSS,
1285594588,XAUUSDm,SELL,3134.141,3135.488,-1.35,-13469.999999997526,0.01,2025-04-01 11:45:25,2025-04-01 14:06:42,141,,LOSS,
1285846898,XAUUSDm,SELL,3133.789,3135.524,-1.73,-17349.999999996726,0.01,2025-04-01 13:23:40,2025-04-01 14:06:42,43,,LOSS,
1285846904,XAUUSDm,SELL,3133.789,3135.524,-1.73,-17349.999999996726,0.01,2025-04-01 13:23:40,2025-04-01 14:06:42,43,,LOSS,
1285846906,XAUUSDm,SELL,3133.789,3135.524,-1.73,-17349.999999996726,0.01,2025-04-01 13:23:40,2025-04-01 14:06:42,43,,LOSS,
1285846911,XAUUSDm,SELL,3133.789,3135.524,-1.73,-17349.999999996726,0.01,2025-04-01 13:23:40,2025-04-01 14:06:42,43,,LOSS,
1285846913,XAUUSDm,SELL,3133.789,3135.524,-1.73,-17349.999999996726,0.01,2025-04-01 13:23:40,2025-04-01 14:06:42,43,,LOSS,
1285846918,XAUUSDm,SELL,3133.741,3135.493,-1.75,-17519.999999999527,0.01,2025-04-01 13:23:40,2025-04-01 14:06:42,43,,LOSS,
1285846922,XAUUSDm,SELL,3133.741,3135.444,-1.7,-17029.999999999745,0.01,2025-04-01 13:23:40,2025-04-01 14:06:42,43,,LOSS,
1285846931,XAUUSDm,SELL,3133.741,3135.444,-1.7,-17029.999999999745,0.01,2025-04-01 13:23:41,2025-04-01 14:06:42,43,,LOSS,
1285846948,XAUUSDm,SELL,3133.741,3135.444,-1.7,-17029.999999999745,0.01,2025-04-01 13:23:41,2025-04-01 14:06:42,43,,LOSS,
1285846951,XAUUSDm,SELL,3133.741,3135.524,-1.78,-17829.999999999018,0.01,2025-04-01 13:23:41,2025-04-01 14:06:42,43,,LOSS,
1285846956,XAUUSDm,SELL,3133.741,3135.524,-1.78,-17829.999999999018,0.01,2025-04-01 13:23:41,2025-04-01 14:06:42,43,,LOSS,
1285916865,XAUUSDm,SELL,3133.445,3135.569,-2.12,-21239.999999997963,0.01,2025-04-01 13:47:08,2025-04-01 14:06:42,19,,LOSS,
1285916876,XAUUSDm,SELL,3133.445,3135.569,-2.12,-21239.999999997963,0.01,2025-04-01 13:47:08,2025-04-01 14:06:42,19,,LOSS,
1285916878,XAUUSDm,SELL,3133.445,3135.569,-2.12,-21239.999999997963,0.01,2025-04-01 13:47:08,2025-04-01 14:06:42,19,,LOSS,
1285916884,XAUUSDm,SELL,3133.456,3135.569,-2.11,-21129.99999999829,0.01,2025-04-01 13:47:08,2025-04-01 14:06:42,19,,LOSS,
1285916886,XAUUSDm,SELL,3133.456,3135.569,-2.11,-21129.99999999829,0.01,2025-04-01 13:47:08,2025-04-01 14:06:42,19,,LOSS,
1287326142,GBPUSDm,SELL,1.2926000000000002,1.29257,0.03,0.30000000000196536,0.01,2025-04-01 23:57:42,2025-04-02 10:21:09,623,,WIN,SG M15
1287328309,GBPUSDm,SELL,1.29268,1.29258,0.1,0.9999999999998899,0.01,2025-04-01 23:58:44,2025-04-02 10:21:10,622,,WIN,SG M15
1292296521,BTCUSDm,BUY,81952.14,81720.11,-2.32,-2320299.9999999884,0.01,2025-04-03 13:52:04,2025-04-03 14:08:18,16,,LOSS,
1292296951,BTCUSDm,BUY,81944.89,81720.11,-2.25,-2247799.9999999884,0.01,2025-04-03 13:52:05,2025-04-03 14:08:18,16,,LOSS,
1292297030,BTCUSDm,BUY,81945.53,81720.11,-2.26,-2254199.9999999823,0.01,2025-04-03 13:52:06,2025-04-03 14:08:19,16,,LOSS,
1292323015,BTCUSDm,BUY,81939.04000000001,81720.11,-2.19,-2189300.0000000754,0.01,2025-04-03 13:57:32,2025-04-03 14:08:19,10,,LOSS,
1292323293,BTCUSDm,BUY,81955.74,81720.11,-2.36,-2356300.0000000466,0.01,2025-04-03 13:57:35,2025-04-03 14:08:18,10,,LOSS,
1292327582,BTCUSDm,BUY,81882.71,81720.11,-1.63,-1626000.0000000582,0.01,2025-04-03 13:58:29,2025-04-03 14:08:18,9,,LOSS,
1292327665,BTCUSDm,BUY,81900.69,81720.11,-1.81,-1805800.0000000175,0.01,2025-04-03 13:58:30,2025-04-03 14:08:18,9,,LOSS,
1292328145,BTCUSDm,BUY,81931.81,81720.11,-2.12,-2116999.999999971,0.01,2025-04-03 13:58:36,2025-04-03 14:08:19,9,,LOSS,
1292393897,BTCUSDm,BUY,81989.94,81942.13,-0.48,-478099.9999999767,0.01,2025-04-03 14:11:38,2025-04-03 14:29:11,17,,LOSS,
1292483542,XAUUSDm,SELL,3064.012,3066.764,-2.75,-27519.999999999527,0.01,2025-04-03 14:26:06,2025-04-03 14:29:11,3,,LOSS,
1295839874,XAUUSDm,SELL,3093.553,3070.7110000000002,22.84,228419.99999999645,0.01,2025-04-04 13:28:05,2025-04-04 13:55:55,27,,WIN,
1295839902,XAUUSDm,SELL,3093.553,3070.7110000000002,22.84,228419.99999999645,0.01,2025-04-04 13:28:05,2025-04-04 13:55:55,27,,WIN,
1295839916,XAUUSDm,SELL,3093.553,3070.7110000000002,22.84,228419.99999999645,0.01,2025-04-04 13:28:05,2025-04-04 13:55:55,27,,WIN,
1295840058,XAUUSDm,SELL,3093.553,3070.7110000000002,22.84,228419.99999999645,0.01,2025-04-04 13:28:06,2025-04-04 13:55:55,27,,WIN,
1295840117,XAUUSDm,SELL,3093.482,3070.7110000000002,22.77,227709.99999999732,0.01,2025-04-04 13:28:06,2025-04-04 13:55:55,27,,WIN,
1295840120,XAUUSDm,SELL,3093.482,3070.7110000000002,22.77,227709.99999999732,0.01,2025-04-04 13:28:06,2025-04-04 13:55:55,27,,WIN,
1295840128,XAUUSDm,SELL,3093.482,3070.7110000000002,22.77,227709.99999999732,0.01,2025-04-04 13:28:06,2025-04-04 13:55:55,27,,WIN,
1295840145,XAUUSDm,SELL,3093.482,3070.7110000000002,22.77,227709.99999999732,0.01,2025-04-04 13:28:07,2025-04-04 13:55:55,27,,WIN,
1295840210,XAUUSDm,SELL,3093.652,3070.7110000000002,22.94,229409.99999999802,0.01,2025-04-04 13:28:07,2025-04-04 13:55:55,27,,WIN,
1295840226,XAUUSDm,SELL,3093.652,3070.7110000000002,22.94,229409.99999999802,0.01,2025-04-04 13:28:07,2025-04-04 13:55:55,27,,WIN,
1295840239,XAUUSDm,SELL,3093.652,3070.7110000000002,22.94,229409.99999999802,0.01,2025-04-04 13:28:07,2025-04-04 13:55:55,27,,WIN,
1295840258,XAUUSDm,SELL,3093.652,3070.7110000000002,22.94,229409.99999999802,0.01,2025-04-04 13:28:07,2025-04-04 13:55:55,27,,WIN,
1295840311,XAUUSDm,SELL,3093.652,3070.7110000000002,22.94,229409.99999999802,0.01,2025-04-04 13:28:07,2025-04-04 13:55:55,27,,WIN,
1295840320,XAUUSDm,SELL,3093.652,3070.7110000000002,22.94,229409.99999999802,0.01,2025-04-04 13:28:07,2025-04-04 13:55:55,27,,WIN,
1295840332,XAUUSDm,SELL,3093.652,3070.7110000000002,22.94,229409.99999999802,0.01,2025-04-04 13:28:08,2025-04-04 13:55:55,27,,WIN,
1295840359,XAUUSDm,SELL,3093.271,3070.7110000000002,22.56,225599.99999999945,0.01,2025-04-04 13:28:08,2025-04-04 13:55:55,27,,WIN,
1295840414,XAUUSDm,SELL,3093.33,3070.7110000000002,22.62,226189.99999999686,0.01,2025-04-04 13:28:08,2025-04-04 13:55:55,27,,WIN,
1295840420,XAUUSDm,SELL,3093.33,3070.7110000000002,22.62,226189.99999999686,0.01,2025-04-04 13:28:08,2025-04-04 13:55:55,27,,WIN,
1295840430,XAUUSDm,SELL,3093.33,3070.7110000000002,22.62,226189.99999999686,0.01,2025-04-04 13:28:08,2025-04-04 13:55:55,27,,WIN,
1295840453,XAUUSDm,SELL,3093.247,3070.7110000000002,22.54,225359.99999999604,0.01,2025-04-04 13:28:08,2025-04-04 13:55:55,27,,WIN,
1295840491,XAUUSDm,SELL,3093.5,3070.617,22.88,228829.9999999981,0.01,2025-04-04 13:28:09,2025-04-04 13:55:55,27,,WIN,
1295840520,XAUUSDm,SELL,3093.643,3070.617,23.02,230259.9999999984,0.01,2025-04-04 13:28:09,2025-04-04 13:55:55,27,,WIN,
1296255910,BTCUSDm,SELL,82853.81,82227.71,6.26,6260999.999999912,0.01,2025-04-04 14:11:24,2025-04-04 14:41:35,30,,WIN,
1296255919,BTCUSDm,SELL,82859.01,82227.71,6.31,6312999.999999884,0.01,2025-04-04 14:11:24,2025-04-04 14:41:36,30,,WIN,
1296255931,BTCUSDm,SELL,82865.54000000001,82227.71,6.38,6378300.000000018,0.01,2025-04-04 14:11:24,2025-04-04 14:41:36,30,,WIN,
1296255947,BTCUSDm,SELL,82865.40000000001,82227.71,6.37,6376900.000000023,0.01,2025-04-04 14:11:24,2025-04-04 14:41:36,30,,WIN,
1296255971,BTCUSDm,SELL,82846.43000000001,82227.71,6.18,6187200.000000011,0.01,2025-04-04 14:11:25,2025-04-04 14:41:36,30,,WIN,
1296255983,BTCUSDm,SELL,82846.38,82227.71,6.18,6186699.999999982,0.01,2025-04-04 14:11:25,2025-04-04 14:41:36,30,,WIN,
1296255995,BTCUSDm,SELL,82847.07,82227.71,6.19,6193600.000000006,0.01,2025-04-04 14:11:25,2025-04-04 14:41:36,30,,WIN,
1296256015,BTCUSDm,SELL,82846.49,82227.71,6.18,6187799.999999989,0.01,2025-04-04 14:11:25,2025-04-04 14:41:36,30,,WIN,
1296256023,BTCUSDm,SELL,82845.58,82227.71,6.18,6178699.999999953,0.01,2025-04-04 14:11:25,2025-04-04 14:41:36,30,,WIN,
1296733720,BTCUSDm,SELL,82703.27,82936.58,-2.34,-2333099.9999999767,0.01,2025-04-04 15:28:59,2025-04-04 16:01:31,32,,LOSS,
1296733727,BTCUSDm,SELL,82702.55,82936.58,-2.34,-2340299.9999999884,0.01,2025-04-04 15:28:59,2025-04-04 16:01:31,32,,LOSS,
1296733733,BTCUSDm,SELL,82702.55,82936.58,-2.34,-2340299.9999999884,0.01,2025-04-04 15:28:59,2025-04-04 16:01:31,32,,LOSS,
1296733754,BTCUSDm,SELL,82701.12,82936.58,-2.36,-2354600.0000000643,0.01,2025-04-04 15:29:00,2025-04-04 16:01:31,32,,LOSS,
1296733827,BTCUSDm,SELL,82698.04000000001,82936.58,-2.39,-2385399.9999999357,0.01,2025-04-04 15:29:00,2025-04-04 16:01:31,32,,LOSS,
1296733834,BTCUSDm,SELL,82706.35,82936.58,-2.31,-2302299.999999959,0.01,2025-04-04 15:29:00,2025-04-04 16:01:31,32,,LOSS,
1296733843,BTCUSDm,SELL,82718.6,82936.58,-2.18,-2179799.999999959,0.01,2025-04-04 15:29:00,2025-04-04 16:01:31,32,,LOSS,
1297294054,ETHUSDm,SELL,1794.29,1814.14,-1.98,-198500.00000000137,0.1,2025-04-04 17:52:23,2025-04-04 18:36:15,43,,LOSS,
1297294068,ETHUSDm,SELL,1794.33,1814.14,-1.98,-198100.00000000172,0.1,2025-04-04 17:52:23,2025-04-04 18:36:15,43,,LOSS,
1297294078,ETHUSDm,SELL,1794.33,1814.14,-1.98,-198100.00000000172,0.1,2025-04-04 17:52:24,2025-04-04 18:36:15,43,,LOSS,
1297294120,ETHUSDm,SELL,1794.25,1814.14,-1.98,-198900.000000001,0.1,2025-04-04 17:52:25,2025-04-04 18:36:15,43,,LOSS,
1297294123,ETHUSDm,SELL,1794.25,1814.14,-1.98,-198900.000000001,0.1,2025-04-04 17:52:25,2025-04-04 18:36:15,43,,LOSS,
1297294130,ETHUSDm,SELL,1794.15,1814.14,-1.99,-199900.0000000001,0.1,2025-04-04 17:52:26,2025-04-04 18:36:15,43,,LOSS,
1297294133,ETHUSDm,SELL,1794.15,1814.14,-1.99,-199900.0000000001,0.1,2025-04-04 17:52:26,2025-04-04 18:36:15,43,,LOSS,
1297294145,ETHUSDm,SELL,1794.07,1814.14,-2.0,-200700.00000000163,0.1,2025-04-04 17:52:26,2025-04-04 18:36:15,43,,LOSS,
1297294262,ETHUSDm,SELL,1793.82,1814.14,-2.03,-203200.00000000163,0.1,2025-04-04 17:52:26,2025-04-04 18:36:15,43,,LOSS,
1297294273,ETHUSDm,SELL,1793.82,1814.14,-2.03,-203200.00000000163,0.1,2025-04-04 17:52:26,2025-04-04 18:36:15,43,,LOSS,
1297294277,ETHUSDm,SELL,1793.81,1814.14,-2.03,-203300.00000000154,0.1,2025-04-04 17:52:26,2025-04-04 18:36:15,43,,LOSS,
1297294413,ETHUSDm,SELL,1794.38,1814.14,-1.97,-197599.9999999999,0.1,2025-04-04 17:52:31,2025-04-04 18:36:15,43,,LOSS,
1297294458,ETHUSDm,SELL,1794.3,1814.14,-1.98,-198400.00000000146,0.1,2025-04-04 17:52:31,2025-04-04 18:36:15,43,,LOSS,
1297294508,ETHUSDm,SELL,1794.52,1814.14,-1.96,-196200.0000000012,0.1,2025-04-04 17:52:33,2025-04-04 18:36:15,43,,LOSS,
1297294538,ETHUSDm,SELL,1794.67,1814.14,-1.94,-194700.00000000026,0.1,2025-04-04 17:52:34,2025-04-04 18:36:15,43,,LOSS,
1297294542,ETHUSDm,SELL,1794.67,1814.14,-1.94,-194700.00000000026,0.1,2025-04-04 17:52:34,2025-04-04 18:36:15,43,,LOSS,
1297294570,ETHUSDm,SELL,1794.67,1814.14,-1.94,-194700.00000000026,0.1,2025-04-04 17:52:34,2025-04-04 18:36:15,43,,LOSS,
1297294572,ETHUSDm,SELL,1794.67,1814.14,-1.94,-194700.00000000026,0.1,2025-04-04 17:52:34,2025-04-04 18:36:15,43,,LOSS,
1297492000,BTCUSDm,SELL,84376.84,84253.77,1.23,1230699.9999999243,0.01,2025-04-04 19:02:32,2025-04-04 20:26:55,84,,WIN,
1297492008,BTCUSDm,SELL,84389.7,84253.77,1.3599999999999999,1359299.9999999302,0.01,2025-04-04 19:02:32,2025-04-04 20:26:55,84,,WIN,
1297492012,BTCUSDm,SELL,84386.68000000001,84253.77,1.33,1329100.000000035,0.01,2025-04-04 19:02:32,2025-04-04 20:26:55,84,,WIN,
1297492015,BTCUSDm,SELL,84387.58,84253.77,1.34,1338099.9999999767,0.01,2025-04-04 19:02:32,2025-04-04 20:26:55,84,,WIN,
1297492020,BTCUSDm,SELL,84382.17,84253.77,1.28,1283999.9999999418,0.01,2025-04-04 19:02:32,2025-04-04 20:26:55,84,,WIN,
1297492024,BTCUSDm,SELL,84373.43000000001,84253.77,1.19,1196600.000000035,0.01,2025-04-04 19:02:32,2025-04-04 20:26:55,84,,WIN,
1297492031,BTCUSDm,SELL,84371.68000000001,84253.77,1.18,1179100.000000035,0.01,2025-04-04 19:02:33,2025-04-04 20:26:55,84,,WIN,
1297492315,BTCUSDm,SELL,84425.49,84253.77,1.71,1717200.0000000116,0.01,2025-04-04 19:02:39,2025-04-04 20:26:55,84,,WIN,
1297492318,BTCUSDm,SELL,84428.39,84253.77,1.74,1746199.9999999534,0.01,2025-04-04 19:02:39,2025-04-04 20:26:55,84,,WIN,
1297492444,BTCUSDm,SELL,84431.54000000001,84253.77,1.78,1777700.0000000407,0.01,2025-04-04 19:02:40,2025-04-04 20:26:55,84,,WIN,
1297539793,BTCUSDm,SELL,84015.53,84253.77,-2.38,-2382400.000000052,0.01,2025-04-04 19:31:20,2025-04-04 20:26:55,55,,LOSS,
1297539797,BTCUSDm,SELL,84015.53,84253.77,-2.38,-2382400.000000052,0.01,2025-04-04 19:31:20,2025-04-04 20:26:55,55,,LOSS,
1297539799,BTCUSDm,SELL,84015.95,84253.77,-2.38,-2378200.00000007,0.01,2025-04-04 19:31:20,2025-04-04 20:26:55,55,,LOSS,
1297539802,BTCUSDm,SELL,84016.7,84253.77,-2.37,-2370700.00000007,0.01,2025-04-04 19:31:20,2025-04-04 20:26:55,55,,LOSS,
1297539818,BTCUSDm,SELL,84009.45,84253.77,-2.45,-2443200.00000007,0.01,2025-04-04 19:31:21,2025-04-04 20:26:55,55,,LOSS,
1297539822,BTCUSDm,SELL,84001.91,84253.77,-2.52,-2518600.0000000056,0.01,2025-04-04 19:31:21,2025-04-04 20:26:55,55,,LOSS,
1297539826,BTCUSDm,SELL,84001.1,84253.77,-2.5300000000000002,-2526699.9999999823,0.01,2025-04-04 19:31:21,2025-04-04 20:26:55,55,,LOSS,
1297539829,BTCUSDm,SELL,83999.51,84253.77,-2.54,-2542600.000000093,0.01,2025-04-04 19:31:21,2025-04-04 20:26:55,55,,LOSS,
1297565406,BTCUSDm,SELL,84044.25,84253.77,-2.1,-2095200.0000000407,0.01,2025-04-04 19:47:29,2025-04-04 20:26:55,39,,LOSS,
1297565484,BTCUSDm,SELL,84055.12,84253.77,-1.99,-1986500.0000000873,0.01,2025-04-04 19:47:32,2025-04-04 20:26:55,39,,LOSS,
1297565488,BTCUSDm,SELL,84055.12,84253.77,-1.99,-1986500.0000000873,0.01,2025-04-04 19:47:32,2025-04-04 20:26:55,39,,LOSS,
1297579134,BTCUSDm,SELL,84061.73,84253.77,-1.92,-1920400.0000000815,0.01,2025-04-04 19:55:11,2025-04-04 20:26:55,31,,LOSS,
1297579137,BTCUSDm,SELL,84061.73,84253.77,-1.92,-1920400.0000000815,0.01,2025-04-04 19:55:11,2025-04-04 20:26:55,31,,LOSS,
1297579141,BTCUSDm,SELL,84061.73,84253.77,-1.92,-1920400.0000000815,0.01,2025-04-04 19:55:11,2025-04-04 20:26:55,31,,LOSS,
1297633755,BTCUSDm,BUY,84187.8,75206.59,-89.81,-89812100.00000006,0.01,2025-04-04 20:27:35,2025-04-07 08:48:18,3620,,LOSS,
1298374815,BTCUSDm,SELL,82999.17,83068.92,-0.7,-697500.0,0.01,2025-04-05 19:46:34,2025-04-05 21:31:56,105,,LOSS,
1298374825,BTCUSDm,SELL,82998.53,83068.92,-0.7,-703899.9999999942,0.01,2025-04-05 19:46:34,2025-04-05 21:31:56,105,,LOSS,
1298374838,BTCUSDm,SELL,82999.21,83070.99,-0.72,-717799.9999999884,0.01,2025-04-05 19:46:35,2025-04-05 21:31:56,105,,LOSS,
1298374841,BTCUSDm,SELL,82999.21,83068.92,-0.7,-697099.9999999185,0.01,2025-04-05 19:46:35,2025-04-05 21:31:56,105,,LOSS,
1298880051,BTCUSDm,BUY,82395.59,75206.59,-71.89,-71890000.0,0.01,2025-04-06 15:08:41,2025-04-07 08:48:18,1059,,LOSS,
1300747754,USDJPYm,SELL,145.369,145.591,-1.52,-2220.000000000084,0.01,2025-04-07 08:27:54,2025-04-07 08:41:55,14,,LOSS,
1300747801,USDJPYm,SELL,145.363,145.565,-1.3900000000000001,-2019.9999999999818,0.01,2025-04-07 08:27:55,2025-04-07 08:48:09,20,,LOSS,
1300747948,USDJPYm,SELL,145.372,145.538,-1.1400000000000001,-1659.9999999999682,0.01,2025-04-07 08:27:56,2025-04-07 08:48:15,20,,LOSS,
1300820841,AUDCADm,BUY,0.8554200000000001,0.85759,1.52,21.699999999998944,0.01,2025-04-07 08:52:29,2025-04-07 09:11:04,18,,WIN,Python Bot - BUY
1300820856,AUDCADm,BUY,0.8554200000000001,0.85759,1.52,21.699999999998944,0.01,2025-04-07 08:52:29,2025-04-07 09:11:04,18,,WIN,Python Bot - BUY
1300850684,BTCUSDm,BUY,75131.52,75981.03,8.49,8495099.999999948,0.01,2025-04-07 09:00:31,2025-04-07 09:20:55,20,,WIN,
1300850762,BTCUSDm,BUY,75122.63,75981.03,8.58,8583999.999999942,0.01,2025-04-07 09:00:33,2025-04-07 09:20:55,20,,WIN,
1300850899,BTCUSDm,BUY,75101.90000000001,75981.03,8.79,8791299.999999901,0.01,2025-04-07 09:00:35,2025-04-07 09:20:55,20,,WIN,
1300850962,BTCUSDm,BUY,75084.40000000001,75981.03,8.97,8966299.999999901,0.01,2025-04-07 09:00:36,2025-04-07 09:20:55,20,,WIN,
1300850967,BTCUSDm,BUY,75080.44,75981.03,9.01,9005899.999999965,0.01,2025-04-07 09:00:36,2025-04-07 09:20:55,20,,WIN,
1300925796,XAGUSDm,BUY,30.126,30.265,6.95,1389.9999999999934,0.01,2025-04-07 09:20:56,2025-04-07 09:52:02,31,,WIN,Python Bot - BUY
1300925824,AUDCADm,BUY,0.8575400000000001,0.85449,-2.14,-30.50000000000108,0.01,2025-04-07 09:20:56,2025-04-07 10:07:27,46,,LOSS,Python Bot - BUY
1302126169,CADJPYm,SELL,102.848,103.049,-1.37,-2010.0000000000762,0.01,2025-04-07 14:21:55,2025-04-07 14:27:26,5,,LOSS,Python Bot - SEL
1302126200,CADJPYm,SELL,102.848,103.049,-1.37,-2010.0000000000762,0.01,2025-04-07 14:21:56,2025-04-07 14:27:26,5,,LOSS,Python Bot - SEL
1302130306,XAGUSDm,SELL,30.119,30.127,-0.4,-79.99999999999119,0.01,2025-04-07 14:23:03,2025-04-07 14:53:24,30,,LOSS,
1302130664,XAGUSDm,SELL,30.116,30.129,-0.65,-130.00000000001677,0.01,2025-04-07 14:23:05,2025-04-07 14:53:28,30,,LOSS,
1302348972,AUDUSDm,BUY,0.60567,0.60425,-1.42,-14.200000000000879,0.01,2025-04-07 14:54:14,2025-04-07 15:08:02,13,,LOSS,Python Bot - BUY
1302349049,CADJPYm,BUY,103.136,103.444,2.09,3080.000000000069,0.01,2025-04-07 14:54:15,2025-04-07 15:10:12,15,,WIN,Python Bot - BUY
1302446973,USDCHFm,BUY,0.8580800000000001,0.86147,3.93,33.89999999999893,0.01,2025-04-07 15:08:04,2025-04-07 15:13:27,5,,WIN,Python Bot - BUY
1302457001,USDCHFm,BUY,0.8586800000000001,0.86147,3.24,27.89999999999848,0.01,2025-04-07 15:10:13,2025-04-07 15:13:27,3,,WIN,Python Bot - BUY
1302491791,EURJPYm,BUY,162.13,160.725,-9.55,-14050.000000000011,0.01,2025-04-07 15:13:29,2025-04-07 16:15:38,62,,LOSS,Python Bot - BUY
1302492324,USDCADm,SELL,1.4196600000000001,1.4236900000000001,-2.83,-40.299999999999784,0.01,2025-04-07 15:13:31,2025-04-07 15:30:58,17,,LOSS,Python Bot - SEL
1302620007,XAUUSDm,SELL,3008.202,2983.0460000000003,25.15,251559.99999999948,0.01,2025-04-07 15:30:59,2025-04-07 17:13:20,102,,WIN,Python Bot - SEL
1302878154,XAGUSDm,SELL,29.803,29.621,9.1,1820.0000000000216,0.01,2025-04-07 16:15:38,2025-04-07 18:32:14,136,,WIN,Python Bot - SEL
1303275322,EURGBPm,BUY,0.8586900000000001,0.85704,-2.11,-16.500000000000405,0.01,2025-04-07 17:53:28,2025-04-07 18:41:40,48,,LOSS,Python Bot - BUY
1303428017,CADJPYm,BUY,104.142,103.931,-1.43,-2109.9999999999854,0.01,2025-04-07 18:32:15,2025-04-07 20:04:50,92,,LOSS,Python Bot - BUY
1303455624,AUDUSDm,SELL,0.59919,0.60013,-0.94,-9.400000000000519,0.01,2025-04-07 18:41:46,2025-04-07 18:45:27,3,,LOSS,Python Bot - SEL
1303466265,USDCADm,BUY,1.4192300000000002,1.42535,4.29,61.19999999999681,0.01,2025-04-07 18:45:28,2025-04-07 21:14:49,149,,WIN,Python Bot - BUY
1303683782,EURCADm,BUY,1.5534000000000001,1.55209,-0.92,-13.100000000001444,0.01,2025-04-07 20:04:51,2025-04-08 08:45:13,760,,LOSS,Python Bot - BUY
1303891013,NZDUSDm,BUY,0.5535800000000001,0.55512,1.54,15.399999999998748,0.01,2025-04-07 21:14:49,2025-04-08 01:11:31,236,,WIN,Python Bot - BUY
1304096995,USDJPYm,BUY,147.989,147.747,-1.6400000000000001,-2419.9999999999022,0.01,2025-04-07 23:17:43,2025-04-08 01:13:42,115,,LOSS,
1304097024,USDJPYm,BUY,147.989,147.742,-1.67,-2470.000000000141,0.01,2025-04-07 23:17:44,2025-04-08 01:13:45,116,,LOSS,
1304100543,AUDUSDm,BUY,0.5990800000000001,0.60045,1.37,13.699999999999823,0.01,2025-04-07 23:19:32,2025-04-08 01:11:20,111,,WIN,
1304100557,AUDUSDm,BUY,0.5990800000000001,0.60045,1.37,13.699999999999823,0.01,2025-04-07 23:19:33,2025-04-08 01:11:20,111,,WIN,
1304102619,EURCHFm,SELL,0.93832,0.93966,-1.56,-13.400000000000079,0.01,2025-04-07 23:20:41,2025-04-08 03:00:15,219,,LOSS,
1304102625,EURCHFm,SELL,0.93832,0.93964,-1.54,-13.199999999999878,0.01,2025-04-07 23:20:41,2025-04-08 03:00:11,219,,LOSS,
1304104543,XAGUSDm,SELL,29.971,30.133,-8.1,-1619.9999999999905,0.01,2025-04-07 23:21:41,2025-04-08 01:13:32,111,,LOSS,
1304104570,XAGUSDm,SELL,29.971,30.133,-8.1,-1619.9999999999905,0.01,2025-04-07 23:21:42,2025-04-08 01:13:32,111,,LOSS,
1304249426,CADJPYm,BUY,103.96300000000001,103.523,-2.99,-4400.000000000119,0.01,2025-04-08 01:27:29,2025-04-08 11:23:02,595,,LOSS,Python Bot - BUY
1304249431,CADJPYm,BUY,103.968,103.523,-3.03,-4450.000000000074,0.01,2025-04-08 01:27:30,2025-04-08 11:23:02,595,,LOSS,Python Bot - BUY
1304249445,CADJPYm,BUY,103.971,103.523,-3.05,-4480.000000000075,0.01,2025-04-08 01:27:31,2025-04-08 11:23:02,595,,LOSS,Python Bot - BUY
1304249462,CADJPYm,BUY,103.968,103.523,-3.03,-4450.000000000074,0.01,2025-04-08 01:27:33,2025-04-08 11:23:02,595,,LOSS,Python Bot - BUY
1304249471,CADJPYm,BUY,103.968,103.523,-3.03,-4450.000000000074,0.01,2025-04-08 01:27:34,2025-04-08 11:23:02,595,,LOSS,Python Bot - BUY
1304249484,AUDJPYm,BUY,88.86,88.397,-3.14,-4629.999999999938,0.01,2025-04-08 01:27:35,2025-04-08 02:00:03,32,,LOSS,Python Bot - BUY
1304249496,AUDJPYm,BUY,88.86,88.397,-3.14,-4629.999999999938,0.01,2025-04-08 01:27:35,2025-04-08 02:00:03,32,,LOSS,Python Bot - BUY
1304249510,CADJPYm,BUY,103.965,103.523,-3.01,-4420.000000000073,0.01,2025-04-08 01:27:36,2025-04-08 11:23:02,595,,LOSS,Python Bot - BUY
1304249525,CADJPYm,BUY,103.96300000000001,103.523,-2.99,-4400.000000000119,0.01,2025-04-08 01:27:38,2025-04-08 11:23:02,595,,LOSS,Python Bot - BUY
1304249552,CADJPYm,BUY,103.96300000000001,103.523,-2.99,-4400.000000000119,0.01,2025-04-08 01:27:39,2025-04-08 11:23:02,595,,LOSS,Python Bot - BUY
1304249580,CADJPYm,BUY,103.96300000000001,103.523,-2.99,-4400.000000000119,0.01,2025-04-08 01:27:40,2025-04-08 11:23:02,595,,LOSS,Python Bot - BUY
1304249597,CADJPYm,BUY,103.96900000000001,103.523,-3.03,-4460.000000000122,0.01,2025-04-08 01:27:41,2025-04-08 11:23:02,595,,LOSS,Python Bot - BUY
1304249611,CADJPYm,BUY,103.97200000000001,103.523,-3.05,-4490.000000000123,0.01,2025-04-08 01:27:42,2025-04-08 11:23:02,595,,LOSS,Python Bot - BUY
1304249625,CADJPYm,BUY,103.96600000000001,103.523,-3.01,-4430.00000000012,0.01,2025-04-08 01:27:43,2025-04-08 11:23:02,595,,LOSS,Python Bot - BUY
1304249636,CADJPYm,BUY,103.96000000000001,103.523,-2.9699999999999998,-4370.000000000118,0.01,2025-04-08 01:27:44,2025-04-08 11:23:02,595,,LOSS,Python Bot - BUY
1304249651,CADJPYm,BUY,103.956,103.523,-2.95,-4330.000000000069,0.01,2025-04-08 01:27:45,2025-04-08 11:23:02,595,,LOSS,Python Bot - BUY
1304249661,CADJPYm,BUY,103.95100000000001,103.523,-2.91,-4280.000000000115,0.01,2025-04-08 01:27:46,2025-04-08 11:23:02,595,,LOSS,Python Bot - BUY
1304249675,CADJPYm,BUY,103.94800000000001,103.523,-2.89,-4250.000000000114,0.01,2025-04-08 01:27:46,2025-04-08 11:23:02,595,,LOSS,Python Bot - BUY
1304249685,CADJPYm,BUY,103.94800000000001,103.523,-2.89,-4250.000000000114,0.01,2025-04-08 01:27:47,2025-04-08 11:23:02,595,,LOSS,Python Bot - BUY
1304249689,CADJPYm,BUY,103.943,103.523,-2.86,-4200.000000000017,0.01,2025-04-08 01:27:48,2025-04-08 11:23:02,595,,LOSS,Python Bot - BUY
1304249694,CADJPYm,BUY,103.943,103.523,-2.86,-4200.000000000017,0.01,2025-04-08 01:27:49,2025-04-08 11:23:02,595,,LOSS,Python Bot - BUY
1304249700,CADJPYm,BUY,103.94200000000001,103.523,-2.85,-4190.000000000111,0.01,2025-04-08 01:27:51,2025-04-08 11:23:02,595,,LOSS,Python Bot - BUY
1304249709,CADJPYm,BUY,103.946,103.523,-2.88,-4230.000000000018,0.01,2025-04-08 01:27:51,2025-04-08 11:23:02,595,,LOSS,Python Bot - BUY
1304249716,CADJPYm,BUY,103.94200000000001,103.523,-2.85,-4190.000000000111,0.01,2025-04-08 01:27:53,2025-04-08 11:23:02,595,,LOSS,Python Bot - BUY
1304249727,CADJPYm,BUY,103.94200000000001,103.523,-2.85,-4190.000000000111,0.01,2025-04-08 01:27:54,2025-04-08 11:23:02,595,,LOSS,Python Bot - BUY
1304249738,CADJPYm,BUY,103.94200000000001,103.523,-2.85,-4190.000000000111,0.01,2025-04-08 01:27:55,2025-04-08 11:23:02,595,,LOSS,Python Bot - BUY
1304249748,CADJPYm,BUY,103.941,103.523,-2.84,-4180.000000000064,0.01,2025-04-08 01:27:56,2025-04-08 11:23:02,595,,LOSS,Python Bot - BUY
1304249760,CADJPYm,BUY,103.941,103.523,-2.84,-4180.000000000064,0.01,2025-04-08 01:27:57,2025-04-08 11:23:02,595,,LOSS,Python Bot - BUY
1304249775,CADJPYm,BUY,103.941,103.523,-2.84,-4180.000000000064,0.01,2025-04-08 01:27:57,2025-04-08 11:23:02,595,,LOSS,Python Bot - BUY
1304249788,CADJPYm,BUY,103.949,103.523,-2.9,-4260.000000000019,0.01,2025-04-08 01:27:58,2025-04-08 11:23:02,595,,LOSS,Python Bot - BUY
1304249943,CADJPYm,BUY,103.953,103.523,-2.92,-4300.000000000068,0.01,2025-04-08 01:28:05,2025-04-08 11:23:02,594,,LOSS,Python Bot - BUY
1304249965,CADJPYm,BUY,103.952,103.523,-2.92,-4290.00000000002,0.01,2025-04-08 01:28:06,2025-04-08 11:23:02,594,,LOSS,Python Bot - BUY
1304249979,CADJPYm,BUY,103.952,103.523,-2.92,-4290.00000000002,0.01,2025-04-08 01:28:07,2025-04-08 11:23:02,594,,LOSS,Python Bot - BUY
1304249991,CADJPYm,BUY,103.95100000000001,103.523,-2.91,-4280.000000000115,0.01,2025-04-08 01:28:08,2025-04-08 11:23:02,594,,LOSS,Python Bot - BUY
1304249998,CADJPYm,BUY,103.946,103.523,-2.88,-4230.000000000018,0.01,2025-04-08 01:28:09,2025-04-08 11:23:02,594,,LOSS,Python Bot - BUY
1304250046,CADJPYm,BUY,103.949,103.523,-2.9,-4260.000000000019,0.01,2025-04-08 01:28:11,2025-04-08 11:23:02,594,,LOSS,Python Bot - BUY
1304250054,CADJPYm,BUY,103.94800000000001,103.523,-2.89,-4250.000000000114,0.01,2025-04-08 01:28:12,2025-04-08 11:23:02,594,,LOSS,Python Bot - BUY
1304250068,CADJPYm,BUY,103.94200000000001,103.523,-2.85,-4190.000000000111,0.01,2025-04-08 01:28:13,2025-04-08 11:23:02,594,,LOSS,Python Bot - BUY
1304250079,CADJPYm,BUY,103.94800000000001,103.523,-2.89,-4250.000000000114,0.01,2025-04-08 01:28:14,2025-04-08 11:23:02,594,,LOSS,Python Bot - BUY
1304250097,CADJPYm,BUY,103.94800000000001,103.523,-2.89,-4250.000000000114,0.01,2025-04-08 01:28:15,2025-04-08 11:23:02,594,,LOSS,Python Bot - BUY
1304250118,CADJPYm,BUY,103.94800000000001,103.523,-2.89,-4250.000000000114,0.01,2025-04-08 01:28:16,2025-04-08 11:23:02,594,,LOSS,Python Bot - BUY
1304250152,CADJPYm,BUY,103.95400000000001,103.523,-2.93,-4310.000000000116,0.01,2025-04-08 01:28:18,2025-04-08 11:23:02,594,,LOSS,Python Bot - BUY
1304250166,CADJPYm,BUY,103.952,103.523,-2.92,-4290.00000000002,0.01,2025-04-08 01:28:19,2025-04-08 11:23:02,594,,LOSS,Python Bot - BUY
1304250182,CADJPYm,BUY,103.95400000000001,103.523,-2.93,-4310.000000000116,0.01,2025-04-08 01:28:20,2025-04-08 11:23:02,594,,LOSS,Python Bot - BUY
1304250202,CADJPYm,BUY,103.955,103.523,-2.94,-4320.000000000022,0.01,2025-04-08 01:28:21,2025-04-08 11:23:02,594,,LOSS,Python Bot - BUY
1304250214,CADJPYm,BUY,103.956,103.523,-2.95,-4330.000000000069,0.01,2025-04-08 01:28:22,2025-04-08 11:23:02,594,,LOSS,Python Bot - BUY
1304250224,CADJPYm,BUY,103.959,103.523,-2.9699999999999998,-4360.000000000071,0.01,2025-04-08 01:28:23,2025-04-08 11:23:02,594,,LOSS,Python Bot - BUY
1304250239,CADJPYm,BUY,103.959,103.523,-2.9699999999999998,-4360.000000000071,0.01,2025-04-08 01:28:24,2025-04-08 11:23:02,594,,LOSS,Python Bot - BUY
1304250462,CADJPYm,BUY,103.959,103.523,-2.9699999999999998,-4360.000000000071,0.01,2025-04-08 01:28:25,2025-04-08 11:23:02,594,,LOSS,Python Bot - BUY
1304250478,CADJPYm,BUY,103.959,103.523,-2.9699999999999998,-4360.000000000071,0.01,2025-04-08 01:28:26,2025-04-08 11:23:02,594,,LOSS,Python Bot - BUY
1304250495,CADJPYm,BUY,103.959,103.523,-2.9699999999999998,-4360.000000000071,0.01,2025-04-08 01:28:27,2025-04-08 11:23:02,594,,LOSS,Python Bot - BUY
1304250515,BTCUSDm,BUY,79426.73,79731.6,3.05,3048700.0000000987,0.01,2025-04-08 01:28:28,2025-04-08 13:34:02,725,,WIN,
1304250513,CADJPYm,BUY,103.959,103.523,-2.9699999999999998,-4360.000000000071,0.01,2025-04-08 01:28:28,2025-04-08 11:23:02,594,,LOSS,Python Bot - BUY
1304250520,BTCUSDm,BUY,79426.73,79692.81,2.66,2660800.0000000177,0.01,2025-04-08 01:28:28,2025-04-08 06:14:17,285,,WIN,
1304250528,CADJPYm,BUY,103.959,103.523,-2.9699999999999998,-4360.000000000071,0.01,2025-04-08 01:28:29,2025-04-08 11:23:02,594,,LOSS,Python Bot - BUY
1304250547,CADJPYm,BUY,103.96300000000001,103.523,-2.99,-4400.000000000119,0.01,2025-04-08 01:28:30,2025-04-08 11:23:02,594,,LOSS,Python Bot - BUY
1304250557,BTCUSDm,BUY,79430.5,79731.6,3.01,3011000.000000058,0.01,2025-04-08 01:28:30,2025-04-08 13:34:02,725,,WIN,
1304250564,BTCUSDm,BUY,79430.5,79765.65,3.35,3351499.999999942,0.01,2025-04-08 01:28:30,2025-04-08 04:52:52,204,,WIN,
1304250566,BTCUSDm,BUY,79429.48,79731.6,3.03,3021200.0000000987,0.01,2025-04-08 01:28:30,2025-04-08 13:34:02,725,,WIN,
1304250568,CADJPYm,BUY,103.961,103.523,-2.98,-4380.000000000024,0.01,2025-04-08 01:28:31,2025-04-08 11:23:02,594,,LOSS,Python Bot - BUY
1304250589,CADJPYm,BUY,103.961,103.523,-2.98,-4380.000000000024,0.01,2025-04-08 01:28:32,2025-04-08 11:23:02,594,,LOSS,Python Bot - BUY
1304250598,CADJPYm,BUY,103.959,103.523,-2.9699999999999998,-4360.000000000071,0.01,2025-04-08 01:28:33,2025-04-08 11:23:02,594,,LOSS,Python Bot - BUY
1304250614,CADJPYm,BUY,103.956,103.523,-2.95,-4330.000000000069,0.01,2025-04-08 01:28:34,2025-04-08 11:23:02,594,,LOSS,Python Bot - BUY
1304250621,CADJPYm,BUY,103.95400000000001,103.523,-2.93,-4310.000000000116,0.01,2025-04-08 01:28:35,2025-04-08 11:23:02,594,,LOSS,Python Bot - BUY
1304250655,CADJPYm,BUY,103.953,103.523,-2.92,-4300.000000000068,0.01,2025-04-08 01:28:36,2025-04-08 11:23:02,594,,LOSS,Python Bot - BUY
1304294648,EURUSDm,BUY,1.09512,1.09581,0.69,6.899999999998574,0.01,2025-04-08 02:06:56,2025-04-08 02:35:39,28,,WIN,Python Bot - BUY
1304294653,EURUSDm,BUY,1.09512,1.09581,0.69,6.899999999998574,0.01,2025-04-08 02:06:56,2025-04-08 02:35:39,28,,WIN,Python Bot - BUY
1304294659,EURUSDm,BUY,1.09512,1.09581,0.69,6.899999999998574,0.01,2025-04-08 02:06:57,2025-04-08 02:35:39,28,,WIN,Python Bot - BUY
1304294667,EURUSDm,BUY,1.09512,1.09581,0.69,6.899999999998574,0.01,2025-04-08 02:06:57,2025-04-08 02:35:39,28,,WIN,Python Bot - BUY
1304294677,EURUSDm,BUY,1.09512,1.09581,0.69,6.899999999998574,0.01,2025-04-08 02:06:58,2025-04-08 02:35:39,28,,WIN,Python Bot - BUY
1304294683,EURUSDm,BUY,1.09512,1.09581,0.69,6.899999999998574,0.01,2025-04-08 02:06:58,2025-04-08 02:35:39,28,,WIN,Python Bot - BUY
1304294685,EURUSDm,BUY,1.09511,1.09859,3.48,34.79999999999927,0.01,2025-04-08 02:06:59,2025-04-08 07:39:20,332,,WIN,Python Bot - BUY
1304294691,EURUSDm,BUY,1.09511,1.09859,3.48,34.79999999999927,0.01,2025-04-08 02:06:59,2025-04-08 07:39:20,332,,WIN,Python Bot - BUY
1304294695,EURUSDm,BUY,1.09511,1.09859,3.48,34.79999999999927,0.01,2025-04-08 02:07:00,2025-04-08 07:39:20,332,,WIN,Python Bot - BUY
1304294699,EURUSDm,BUY,1.09511,1.09581,0.7,6.999999999999229,0.01,2025-04-08 02:07:00,2025-04-08 02:35:39,28,,WIN,Python Bot - BUY
1304312505,AUDCADm,SELL,0.8517800000000001,0.85463,-2.01,-28.499999999999083,0.01,2025-04-08 02:21:18,2025-04-08 03:26:44,65,,LOSS,Python Bot - SEL
1304312511,AUDCADm,SELL,0.8517600000000001,0.85463,-2.02,-28.69999999999928,0.01,2025-04-08 02:21:18,2025-04-08 03:26:44,65,,LOSS,Python Bot - SEL
1304312521,AUDCADm,SELL,0.8517600000000001,0.85463,-2.02,-28.69999999999928,0.01,2025-04-08 02:21:19,2025-04-08 03:26:44,65,,LOSS,Python Bot - SEL
1304312523,AUDCADm,SELL,0.8517600000000001,0.85463,-2.02,-28.69999999999928,0.01,2025-04-08 02:21:20,2025-04-08 03:26:44,65,,LOSS,Python Bot - SEL
1304312530,AUDCADm,SELL,0.8517600000000001,0.85463,-2.02,-28.69999999999928,0.01,2025-04-08 02:21:20,2025-04-08 03:26:44,65,,LOSS,Python Bot - SEL
1304312537,AUDCADm,SELL,0.85179,0.85463,-2.0,-28.399999999999537,0.01,2025-04-08 02:21:21,2025-04-08 03:26:44,65,,LOSS,Python Bot - SEL
1304312546,AUDCADm,SELL,0.85179,0.85463,-2.0,-28.399999999999537,0.01,2025-04-08 02:21:22,2025-04-08 03:26:44,65,,LOSS,Python Bot - SEL
1304312561,AUDCADm,SELL,0.85174,0.85463,-2.04,-28.89999999999948,0.01,2025-04-08 02:21:22,2025-04-08 03:26:44,65,,LOSS,Python Bot - SEL
1304312607,XAUUSDm,BUY,2995.945,2995.976,0.03,309.9999999994907,0.01,2025-04-08 02:21:25,2025-04-08 04:06:19,104,,WIN,Python Bot - BUY
1304878047,EURCHFm,BUY,0.9392800000000001,0.93857,-0.83,-7.100000000000994,0.01,2025-04-08 08:44:57,2025-04-08 10:11:52,86,,LOSS,Python Bot - BUY
1304878083,AUDCADm,BUY,0.8589600000000001,0.85738,-1.11,-15.800000000000258,0.01,2025-04-08 08:44:58,2025-04-08 10:24:17,99,,LOSS,Python Bot - BUY
1305027763,AUDCADm,BUY,0.8596,0.85753,-1.46,-20.700000000000163,0.01,2025-04-08 09:30:55,2025-04-08 10:24:14,53,,LOSS,Python Bot - BUY
1305027798,AUDCADm,BUY,0.8595900000000001,0.85753,-1.45,-20.60000000000062,0.01,2025-04-08 09:30:56,2025-04-08 10:24:14,53,,LOSS,Python Bot - BUY
1305028333,AUDJPYm,BUY,89.21600000000001,88.91,-2.08,-3060.000000000116,0.01,2025-04-08 09:31:03,2025-04-08 10:54:03,83,,LOSS,Python Bot - BUY
1305028355,AUDJPYm,BUY,89.21600000000001,88.91,-2.08,-3060.000000000116,0.01,2025-04-08 09:31:03,2025-04-08 10:54:03,83,,LOSS,Python Bot - BUY
1305028770,XAUUSDm,BUY,3008.317,3001.174,-7.15,-71430.00000000029,0.01,2025-04-08 09:31:12,2025-04-08 10:18:48,47,,LOSS,Python Bot - BUY
1305028833,XAUUSDm,BUY,3008.317,3001.174,-7.15,-71430.00000000029,0.01,2025-04-08 09:31:13,2025-04-08 10:18:48,47,,LOSS,Python Bot - BUY
1305030013,XAUUSDm,BUY,3007.376,3001.174,-6.21,-62020.000000002256,0.01,2025-04-08 09:31:38,2025-04-08 10:18:48,47,,LOSS,Python Bot - BUY
1305030079,XAGUSDm,BUY,30.255,30.281000000000002,1.3,260.00000000003354,0.01,2025-04-08 09:31:41,2025-04-08 13:34:02,242,,WIN,Python Bot - BUY
1305084165,AUDJPYm,BUY,89.28,88.91,-2.51,-3700.0000000000455,0.01,2025-04-08 09:49:00,2025-04-08 10:54:03,65,,LOSS,Python Bot - BUY
1305084724,EURGBPm,BUY,0.85755,0.85639,-1.48,-11.600000000000499,0.01,2025-04-08 09:49:17,2025-04-08 11:04:38,75,,LOSS,Python Bot - BUY
1305085675,EURGBPm,BUY,0.85757,0.85639,-1.5,-11.800000000000699,0.01,2025-04-08 09:49:35,2025-04-08 11:04:38,75,,LOSS,Python Bot - BUY
1305085687,USDCHFm,BUY,0.8594900000000001,0.85689,-3.03,-26.00000000000047,0.01,2025-04-08 09:49:36,2025-04-08 11:08:35,78,,LOSS,Python Bot - BUY
1305085703,USDCHFm,BUY,0.8594900000000001,0.85689,-3.03,-26.00000000000047,0.01,2025-04-08 09:49:37,2025-04-08 11:08:35,78,,LOSS,Python Bot - BUY
1305085709,USDCHFm,BUY,0.8594900000000001,0.85689,-3.03,-26.00000000000047,0.01,2025-04-08 09:49:37,2025-04-08 11:08:35,78,,LOSS,Python Bot - BUY
1305311319,EURCADm,SELL,1.55,1.55282,-1.99,-28.200000000000447,0.01,2025-04-08 11:01:09,2025-04-08 12:16:52,75,,LOSS,Python Bot - SEL
1305311362,AUDCADm,SELL,0.85738,0.8583400000000001,-0.68,-9.600000000000719,0.01,2025-04-08 11:01:10,2025-04-08 13:34:02,152,,LOSS,Python Bot - SEL
1305311549,EURCADm,SELL,1.55007,1.55282,-1.94,-27.500000000000302,0.01,2025-04-08 11:01:13,2025-04-08 12:16:52,75,,LOSS,Python Bot - SEL
1305311726,XAUUSDm,BUY,3006.437,3005.326,-1.11,-11109.999999998763,0.01,2025-04-08 11:01:16,2025-04-08 13:26:36,145,,LOSS,Python Bot - BUY
1305311765,XAUUSDm,BUY,3006.437,3005.326,-1.11,-11109.999999998763,0.01,2025-04-08 11:01:18,2025-04-08 13:26:36,145,,LOSS,Python Bot - BUY
1305311977,EURCHFm,SELL,0.9359900000000001,0.93486,1.32,11.300000000000754,0.01,2025-04-08 11:01:23,2025-04-08 13:34:02,152,,WIN,Python Bot - SEL
1305312010,EURCHFm,SELL,0.9359900000000001,0.93486,1.32,11.300000000000754,0.01,2025-04-08 11:01:24,2025-04-08 13:34:02,152,,WIN,Python Bot - SEL
1305312864,AUDUSDm,SELL,0.60389,0.60505,-1.16,-11.599999999999389,0.01,2025-04-08 11:01:40,2025-04-08 11:36:04,34,,LOSS,Python Bot - SEL
1305312903,AUDUSDm,SELL,0.6039100000000001,0.60505,-1.1400000000000001,-11.399999999999189,0.01,2025-04-08 11:01:40,2025-04-08 11:36:04,34,,LOSS,Python Bot - SEL
1305313398,NZDUSDm,BUY,0.5588000000000001,0.5613600000000001,2.56,25.600000000000065,0.01,2025-04-08 11:01:50,2025-04-08 13:34:02,152,,WIN,Python Bot - BUY
1305313590,NZDUSDm,BUY,0.55879,0.5613600000000001,2.57,25.70000000000072,0.01,2025-04-08 11:01:54,2025-04-08 13:34:02,152,,WIN,Python Bot - BUY
1305315236,EURCADm,SELL,1.54987,1.55282,-2.08,-29.50000000000008,0.01,2025-04-08 11:02:25,2025-04-08 12:16:52,74,,LOSS,Python Bot - SEL
1305315254,EURCADm,SELL,1.5498900000000002,1.55282,-2.06,-29.29999999999877,0.01,2025-04-08 11:02:25,2025-04-08 12:16:52,74,,LOSS,Python Bot - SEL
1305315288,XAUUSDm,BUY,3006.145,3005.326,-0.82,-8189.9999999996,0.01,2025-04-08 11:02:26,2025-04-08 13:26:36,144,,LOSS,Python Bot - BUY
1305315312,XAUUSDm,BUY,3006.252,3005.326,-0.92,-9259.999999999309,0.01,2025-04-08 11:02:27,2025-04-08 13:26:36,144,,LOSS,Python Bot - BUY
1305315347,EURCHFm,SELL,0.9360400000000001,0.93486,1.38,11.800000000000699,0.01,2025-04-08 11:02:27,2025-04-08 13:34:02,151,,WIN,Python Bot - SEL
1305315362,EURCHFm,SELL,0.9360400000000001,0.93486,1.38,11.800000000000699,0.01,2025-04-08 11:02:28,2025-04-08 13:34:02,151,,WIN,Python Bot - SEL
1305315392,AUDUSDm,SELL,0.6039100000000001,0.60505,-1.1400000000000001,-11.399999999999189,0.01,2025-04-08 11:02:29,2025-04-08 11:36:04,33,,LOSS,Python Bot - SEL
1305315445,AUDUSDm,SELL,0.6039100000000001,0.60505,-1.1400000000000001,-11.399999999999189,0.01,2025-04-08 11:02:30,2025-04-08 11:36:04,33,,LOSS,Python Bot - SEL
1305315486,NZDUSDm,BUY,0.5588500000000001,0.5613600000000001,2.51,25.100000000000122,0.01,2025-04-08 11:02:30,2025-04-08 13:34:02,151,,WIN,Python Bot - BUY
1305315684,NZDUSDm,BUY,0.55886,0.5613600000000001,2.5,25.000000000000576,0.01,2025-04-08 11:02:33,2025-04-08 13:34:02,151,,WIN,Python Bot - BUY
1305337490,EURCHFm,SELL,0.9361200000000001,0.93359,2.9699999999999998,25.300000000000324,0.01,2025-04-08 11:09:29,2025-04-08 13:25:59,136,,WIN,Python Bot - SEL
1305337511,EURCHFm,SELL,0.9361400000000001,0.93359,2.99,25.500000000000522,0.01,2025-04-08 11:09:30,2025-04-08 13:25:59,136,,WIN,Python Bot - SEL
1305337660,EURGBPm,BUY,0.85682,0.8572000000000001,0.49,3.8000000000004697,0.01,2025-04-08 11:09:34,2025-04-08 13:34:02,144,,WIN,Python Bot - BUY
1305337667,EURGBPm,BUY,0.85682,0.8572000000000001,0.49,3.8000000000004697,0.01,2025-04-08 11:09:35,2025-04-08 13:34:02,144,,WIN,Python Bot - BUY
1305337852,EURJPYm,SELL,160.758,161.023,-1.8,-2649.9999999998636,0.01,2025-04-08 11:09:38,2025-04-08 13:32:10,142,,LOSS,Python Bot - SEL
1305337860,EURJPYm,SELL,160.758,161.023,-1.8,-2649.9999999998636,0.01,2025-04-08 11:09:38,2025-04-08 13:32:10,142,,LOSS,Python Bot - SEL
1305338150,GBPUSDm,BUY,1.27499,1.27736,2.37,23.699999999999832,0.01,2025-04-08 11:09:43,2025-04-08 12:18:58,69,,WIN,Python Bot - BUY
1305338162,GBPUSDm,BUY,1.27499,1.27736,2.37,23.699999999999832,0.01,2025-04-08 11:09:44,2025-04-08 12:18:58,69,,WIN,Python Bot - BUY
1305338456,USDCADm,BUY,1.41918,1.4175200000000001,-1.17,-16.599999999999948,0.01,2025-04-08 11:09:49,2025-04-08 12:49:17,99,,LOSS,Python Bot - BUY
1305338526,USDCADm,BUY,1.41917,1.4175200000000001,-1.16,-16.499999999999293,0.01,2025-04-08 11:09:49,2025-04-08 12:49:17,99,,LOSS,Python Bot - BUY
1305338791,USDCHFm,SELL,0.85699,0.85461,2.7800000000000002,23.800000000000487,0.01,2025-04-08 11:09:55,2025-04-08 12:16:20,66,,WIN,Python Bot - SEL
1305338809,USDCHFm,SELL,0.85699,0.85461,2.7800000000000002,23.800000000000487,0.01,2025-04-08 11:09:55,2025-04-08 12:16:20,66,,WIN,Python Bot - SEL
1305338924,CADJPYm,BUY,103.736,103.498,-1.62,-2379.9999999999955,0.01,2025-04-08 11:09:58,2025-04-08 11:28:12,18,,LOSS,Python Bot - BUY
1305338948,CADJPYm,BUY,103.736,103.498,-1.62,-2379.9999999999955,0.01,2025-04-08 11:09:59,2025-04-08 11:28:12,18,,LOSS,Python Bot - BUY
1305339043,EURCHFm,SELL,0.93603,0.93359,2.86,24.399999999999977,0.01,2025-04-08 11:10:00,2025-04-08 13:25:59,135,,WIN,Python Bot - SEL
1305339067,EURCHFm,SELL,0.93603,0.93359,2.86,24.399999999999977,0.01,2025-04-08 11:10:00,2025-04-08 13:25:59,135,,WIN,Python Bot - SEL
1305339116,EURGBPm,BUY,0.85677,0.8572000000000001,0.55,4.300000000000415,0.01,2025-04-08 11:10:02,2025-04-08 13:34:02,144,,WIN,Python Bot - BUY
1305339132,EURGBPm,BUY,0.85677,0.8572000000000001,0.55,4.300000000000415,0.01,2025-04-08 11:10:02,2025-04-08 13:34:02,144,,WIN,Python Bot - BUY
1305339173,EURJPYm,SELL,160.751,161.023,-1.85,-2719.9999999999136,0.01,2025-04-08 11:10:03,2025-04-08 13:32:10,142,,LOSS,Python Bot - SEL
1305339191,EURJPYm,SELL,160.751,161.023,-1.85,-2719.9999999999136,0.01,2025-04-08 11:10:04,2025-04-08 13:32:10,142,,LOSS,Python Bot - SEL
1305339223,GBPUSDm,BUY,1.2748700000000002,1.27736,2.49,24.899999999998812,0.01,2025-04-08 11:10:05,2025-04-08 12:18:58,68,,WIN,Python Bot - BUY
1305339235,GBPUSDm,BUY,1.2748700000000002,1.27736,2.49,24.899999999998812,0.01,2025-04-08 11:10:05,2025-04-08 12:18:58,68,,WIN,Python Bot - BUY
1305339279,USDCADm,BUY,1.4191900000000002,1.4175200000000001,-1.18,-16.700000000000603,0.01,2025-04-08 11:10:07,2025-04-08 12:49:17,99,,LOSS,Python Bot - BUY
1305339288,USDCADm,BUY,1.4191900000000002,1.4175200000000001,-1.18,-16.700000000000603,0.01,2025-04-08 11:10:07,2025-04-08 12:49:17,99,,LOSS,Python Bot - BUY
1305339336,USDCHFm,SELL,0.8570300000000001,0.85539,1.92,16.40000000000086,0.01,2025-04-08 11:10:08,2025-04-08 11:32:22,22,,WIN,Python Bot - SEL
1305339352,USDCHFm,SELL,0.8570300000000001,0.85539,1.92,16.40000000000086,0.01,2025-04-08 11:10:08,2025-04-08 11:32:22,22,,WIN,Python Bot - SEL
1305339387,USDCHFm,SELL,0.8570300000000001,0.85461,2.83,24.200000000000887,0.01,2025-04-08 11:10:09,2025-04-08 12:16:20,66,,WIN,Python Bot - SEL
1305339407,USDCHFm,SELL,0.8570300000000001,0.85461,2.83,24.200000000000887,0.01,2025-04-08 11:10:09,2025-04-08 12:16:20,66,,WIN,Python Bot - SEL
1305461982,CADJPYm,SELL,103.419,103.567,-1.01,-1479.9999999999613,0.01,2025-04-08 12:01:54,2025-04-08 12:09:20,7,,LOSS,Python Bot - SEL
1305462003,CADJPYm,SELL,103.42,103.567,-1.0,-1469.9999999999136,0.01,2025-04-08 12:01:54,2025-04-08 12:09:20,7,,LOSS,Python Bot - SEL
1305462240,XAUUSDm,BUY,3010.672,3016.211,5.54,55389.9999999976,0.01,2025-04-08 12:02:06,2025-04-08 12:53:54,51,,WIN,Python Bot - BUY
1305462253,XAUUSDm,BUY,3010.672,3016.211,5.54,55389.9999999976,0.01,2025-04-08 12:02:06,2025-04-08 12:53:54,51,,WIN,Python Bot - BUY
1305462560,EURGBPm,BUY,0.8568300000000001,0.85575,-1.38,-10.800000000000809,0.01,2025-04-08 12:02:17,2025-04-08 12:38:26,36,,LOSS,Python Bot - BUY
1305462584,EURGBPm,BUY,0.8568300000000001,0.85575,-1.38,-10.800000000000809,0.01,2025-04-08 12:02:18,2025-04-08 12:38:26,36,,LOSS,Python Bot - BUY
1305463011,GBPUSDm,BUY,1.2760200000000002,1.2781500000000001,2.13,21.299999999999653,0.01,2025-04-08 12:02:33,2025-04-08 13:34:02,91,,WIN,Python Bot - BUY
1305463026,GBPUSDm,BUY,1.27593,1.2781500000000001,2.22,22.200000000001108,0.01,2025-04-08 12:02:33,2025-04-08 13:34:02,91,,WIN,Python Bot - BUY
1305463795,XAGUSDm,BUY,30.28,30.371,4.55,909.9999999999752,0.01,2025-04-08 12:02:50,2025-04-08 12:37:22,34,,WIN,Python Bot - BUY
1305745665,XAUUSDm,SELL,3005.5190000000002,3009.014,-3.49,-34949.99999999891,0.01,2025-04-08 13:26:51,2025-04-08 13:29:12,2,,LOSS,
1305745671,XAUUSDm,SELL,3005.446,3009.014,-3.56,-35680.00000000211,0.01,2025-04-08 13:26:51,2025-04-08 13:29:12,2,,LOSS,
1305745687,XAUUSDm,SELL,3005.446,3009.014,-3.56,-35680.00000000211,0.01,2025-04-08 13:26:51,2025-04-08 13:29:12,2,,LOSS,
1305745692,XAUUSDm,SELL,3005.446,3009.014,-3.56,-35680.00000000211,0.01,2025-04-08 13:26:51,2025-04-08 13:29:12,2,,LOSS,
1305745701,XAUUSDm,SELL,3005.26,3009.014,-3.75,-37539.999999999054,0.01,2025-04-08 13:26:52,2025-04-08 13:29:12,2,,LOSS,
1305745714,XAUUSDm,SELL,3005.308,3009.014,-3.7,-37060.00000000131,0.01,2025-04-08 13:26:52,2025-04-08 13:29:12,2,,LOSS,
1305745722,XAUUSDm,SELL,3005.308,3009.014,-3.7,-37060.00000000131,0.01,2025-04-08 13:26:52,2025-04-08 13:29:12,2,,LOSS,
1305745731,XAUUSDm,SELL,3005.308,3009.014,-3.7,-37060.00000000131,0.01,2025-04-08 13:26:52,2025-04-08 13:29:12,2,,LOSS,
1305745736,XAUUSDm,SELL,3005.308,3009.014,-3.7,-37060.00000000131,0.01,2025-04-08 13:26:52,2025-04-08 13:29:12,2,,LOSS,
1305745754,XAUUSDm,SELL,3005.308,3009.014,-3.7,-37060.00000000131,0.01,2025-04-08 13:26:52,2025-04-08 13:29:12,2,,LOSS,
1305745759,XAUUSDm,SELL,3005.308,3009.014,-3.7,-37060.00000000131,0.01,2025-04-08 13:26:52,2025-04-08 13:29:12,2,,LOSS,
1305745769,XAUUSDm,SELL,3005.308,3009.014,-3.7,-37060.00000000131,0.01,2025-04-08 13:26:53,2025-04-08 13:29:12,2,,LOSS,
1305745775,XAUUSDm,SELL,3005.308,3009.014,-3.7,-37060.00000000131,0.01,2025-04-08 13:26:53,2025-04-08 13:29:12,2,,LOSS,
1305745778,XAUUSDm,SELL,3005.308,3009.014,-3.7,-37060.00000000131,0.01,2025-04-08 13:26:53,2025-04-08 13:29:12,2,,LOSS,
1305745789,XAUUSDm,SELL,3005.308,3009.014,-3.7,-37060.00000000131,0.01,2025-04-08 13:26:53,2025-04-08 13:29:12,2,,LOSS,
1305745799,XAUUSDm,SELL,3005.358,3009.014,-3.65,-36559.99999999949,0.01,2025-04-08 13:26:53,2025-04-08 13:29:12,2,,LOSS,
1306354789,BTCUSDm,SELL,79484.89,78656.17,8.29,8287200.000000011,0.01,2025-04-08 15:39:33,2025-04-08 15:55:42,16,,WIN,Python Bot - SEL
1306363643,EURCADm,BUY,1.54404,1.54914,3.59,50.99999999999882,0.01,2025-04-08 15:42:00,2025-04-08 15:57:27,15,,WIN,Python Bot - BUY
1306363694,EURCADm,BUY,1.54401,1.54914,3.61,51.29999999999857,0.01,2025-04-08 15:42:00,2025-04-08 15:57:27,15,,WIN,Python Bot - BUY
1306365293,EURJPYm,SELL,160.651,160.804,-1.04,-1529.9999999999159,0.01,2025-04-08 15:42:29,2025-04-08 16:01:03,18,,LOSS,
1306365372,AUDCADm,SELL,0.85696,0.85388,2.17,30.80000000000083,0.01,2025-04-08 15:42:30,2025-04-08 16:12:20,29,,WIN,Python Bot - SEL
1306365414,EURCADm,BUY,1.5440600000000002,1.54914,3.58,50.79999999999751,0.01,2025-04-08 15:42:31,2025-04-08 15:57:27,14,,WIN,Python Bot - BUY
1306365464,EURCADm,BUY,1.5440200000000002,1.54914,3.61,51.199999999997914,0.01,2025-04-08 15:42:33,2025-04-08 15:57:27,14,,WIN,Python Bot - BUY
1306451976,EURCADm,BUY,1.5487300000000002,1.5523300000000002,2.5300000000000002,36.000000000000476,0.01,2025-04-08 16:02:04,2025-04-08 18:01:09,119,,WIN,Python Bot - BUY
1306455246,USDCHFm,SELL,0.8580300000000001,0.8569700000000001,1.24,10.599999999999499,0.01,2025-04-08 16:03:05,2025-04-08 16:35:53,32,,WIN,
1306511171,EURGBPm,SELL,0.85499,0.85565,-0.84,-6.599999999999939,0.01,2025-04-08 16:16:09,2025-04-08 16:25:36,9,,LOSS,Python Bot - SEL
1306511221,EURGBPm,SELL,0.85499,0.85565,-0.84,-6.599999999999939,0.01,2025-04-08 16:16:10,2025-04-08 16:25:36,9,,LOSS,Python Bot - SEL
1306512468,EURGBPm,SELL,0.8549800000000001,0.85565,-0.85,-6.699999999999484,0.01,2025-04-08 16:16:34,2025-04-08 16:25:36,9,,LOSS,Python Bot - SEL
1306512524,EURGBPm,SELL,0.85499,0.85565,-0.84,-6.599999999999939,0.01,2025-04-08 16:16:35,2025-04-08 16:25:36,9,,LOSS,Python Bot - SEL
1306666598,BTCUSDm,SELL,78370.48,77928.84,4.41,4416399.999999994,0.01,2025-04-08 17:01:45,2025-04-08 17:22:37,20,,WIN,Python Bot - SEL
1306666636,BTCUSDm,SELL,78369.43000000001,77928.84,4.4,4405900.000000111,0.01,2025-04-08 17:01:45,2025-04-08 17:22:37,20,,WIN,Python Bot - SEL
1306668767,EURGBPm,SELL,0.8545900000000001,0.85556,-1.24,-9.699999999999154,0.01,2025-04-08 17:02:12,2025-04-08 17:58:00,55,,LOSS,Python Bot - SEL
1306668779,EURGBPm,SELL,0.8545900000000001,0.85556,-1.24,-9.699999999999154,0.01,2025-04-08 17:02:13,2025-04-08 17:58:00,55,,LOSS,Python Bot - SEL
1306669596,GBPUSDm,BUY,1.2765900000000001,1.2771000000000001,0.51,5.1000000000001044,0.01,2025-04-08 17:02:25,2025-04-08 18:01:09,58,,WIN,Python Bot - BUY
1306669672,GBPUSDm,BUY,1.2765900000000001,1.2771000000000001,0.51,5.1000000000001044,0.01,2025-04-08 17:02:26,2025-04-08 18:01:09,58,,WIN,Python Bot - BUY
1306669979,USDCADm,BUY,1.4203700000000001,1.41853,-1.3,-18.400000000000638,0.01,2025-04-08 17:02:35,2025-04-08 17:27:10,24,,LOSS,Python Bot - BUY
1306670013,USDCADm,BUY,1.4203700000000001,1.41853,-1.3,-18.400000000000638,0.01,2025-04-08 17:02:36,2025-04-08 17:27:10,24,,LOSS,Python Bot - BUY
1306670320,EURGBPm,SELL,0.8545800000000001,0.85556,-1.25,-9.799999999998699,0.01,2025-04-08 17:02:48,2025-04-08 17:58:00,55,,LOSS,Python Bot - SEL
1306670411,EURGBPm,SELL,0.8545800000000001,0.85556,-1.25,-9.799999999998699,0.01,2025-04-08 17:02:50,2025-04-08 17:58:00,55,,LOSS,Python Bot - SEL
1306670422,GBPUSDm,BUY,1.27645,1.2771000000000001,0.65,6.500000000000394,0.01,2025-04-08 17:02:50,2025-04-08 18:01:09,58,,WIN,Python Bot - BUY
1306670465,USDCADm,BUY,1.42026,1.41853,-1.22,-17.300000000000093,0.01,2025-04-08 17:02:52,2025-04-08 17:27:10,24,,LOSS,Python Bot - BUY
1306670482,GBPUSDm,BUY,1.27647,1.2771000000000001,0.63,6.300000000001305,0.01,2025-04-08 17:02:52,2025-04-08 18:01:09,58,,WIN,Python Bot - BUY
1306670519,USDCADm,BUY,1.42025,1.41853,-1.21,-17.199999999999438,0.01,2025-04-08 17:02:53,2025-04-08 17:27:10,24,,LOSS,Python Bot - BUY
1306829051,BTCUSDm,SELL,77439.27,77256.8,1.8199999999999998,1824700.0000000116,0.01,2025-04-08 17:43:37,2025-04-08 18:01:09,17,,WIN,Python Bot - SEL
1306829067,BTCUSDm,SELL,77444.53,77256.8,1.88,1877299.9999999593,0.01,2025-04-08 17:43:37,2025-04-08 18:01:09,17,,WIN,Python Bot - SEL
1306829117,BTCUSDm,SELL,77437.8,77256.8,1.81,1810000.0,0.01,2025-04-08 17:43:38,2025-04-08 18:01:09,17,,WIN,Python Bot - SEL
1306829126,BTCUSDm,SELL,77447.67,77256.8,1.9100000000000001,1908699.9999999534,0.01,2025-04-08 17:43:39,2025-04-08 18:01:09,17,,WIN,Python Bot - SEL
1306829165,BTCUSDm,SELL,77448.31,77256.8,1.9100000000000001,1915099.9999999476,0.01,2025-04-08 17:43:40,2025-04-08 18:01:09,17,,WIN,Python Bot - SEL
1306829184,BTCUSDm,SELL,77446.51,77256.8,1.9,1897099.9999999185,0.01,2025-04-08 17:43:40,2025-04-08 18:01:09,17,,WIN,Python Bot - SEL
1306829207,BTCUSDm,SELL,77434.1,77256.8,1.77,1773000.000000029,0.01,2025-04-08 17:43:41,2025-04-08 18:01:09,17,,WIN,Python Bot - SEL
1306829221,BTCUSDm,SELL,77443.71,77256.8,1.87,1869100.000000035,0.01,2025-04-08 17:43:41,2025-04-08 18:01:09,17,,WIN,Python Bot - SEL
1306829951,EURGBPm,SELL,0.8550000000000001,0.85545,-0.57,-4.499999999999504,0.01,2025-04-08 17:43:58,2025-04-08 17:47:54,3,,LOSS,Python Bot - SEL
1306829978,EURGBPm,SELL,0.8550000000000001,0.85545,-0.57,-4.499999999999504,0.01,2025-04-08 17:43:59,2025-04-08 17:47:54,3,,LOSS,Python Bot - SEL
1306831132,USDCADm,BUY,1.41978,1.4204,0.44,6.200000000000649,0.01,2025-04-08 17:44:15,2025-04-08 18:01:09,16,,WIN,Python Bot - BUY
1306831177,USDCADm,BUY,1.41985,1.4204,0.39,5.5000000000005045,0.01,2025-04-08 17:44:15,2025-04-08 18:01:09,16,,WIN,Python Bot - BUY
1306831395,USDJPYm,SELL,146.644,146.52,0.85,1239.9999999999523,0.01,2025-04-08 17:44:20,2025-04-08 18:01:10,16,,WIN,Python Bot - SEL
1306831403,USDJPYm,SELL,146.644,146.518,0.86,1260.0000000000477,0.01,2025-04-08 17:44:20,2025-04-08 18:01:10,16,,WIN,Python Bot - SEL
1306831743,XAGUSDm,SELL,29.867,29.936,-3.45,-689.9999999999907,0.01,2025-04-08 17:44:27,2025-04-08 17:48:18,3,,LOSS,Python Bot - SEL
1306831778,XAGUSDm,SELL,29.873,29.936,-3.15,-629.9999999999884,0.01,2025-04-08 17:44:27,2025-04-08 17:48:18,3,,LOSS,Python Bot - SEL
1306831853,BTCUSDm,SELL,77510.8,77256.8,2.54,2540000.0,0.01,2025-04-08 17:44:29,2025-04-08 18:01:09,16,,WIN,Python Bot - SEL
1306831880,BTCUSDm,SELL,77506.05,77256.8,2.49,2492500.0,0.01,2025-04-08 17:44:29,2025-04-08 18:01:09,16,,WIN,Python Bot - SEL
1306831939,BTCUSDm,SELL,77501.6,77256.8,2.45,2448000.000000029,0.01,2025-04-08 17:44:30,2025-04-08 18:01:09,16,,WIN,Python Bot - SEL
1306832004,BTCUSDm,SELL,77495.47,77256.8,2.38,2386699.9999999823,0.01,2025-04-08 17:44:30,2025-04-08 18:01:09,16,,WIN,Python Bot - SEL
1306832115,BTCUSDm,SELL,77508.66,77256.8,2.52,2518600.0000000056,0.01,2025-04-08 17:44:31,2025-04-08 18:01:09,16,,WIN,Python Bot - SEL
1306832189,BTCUSDm,SELL,77516.18000000001,77256.8,2.59,2593800.0000000466,0.01,2025-04-08 17:44:32,2025-04-08 18:01:09,16,,WIN,Python Bot - SEL
1306832317,BTCUSDm,SELL,77497.96,77256.8,2.41,2411600.000000035,0.01,2025-04-08 17:44:33,2025-04-08 18:01:09,16,,WIN,Python Bot - SEL
1306832379,BTCUSDm,SELL,77485.59,77258.65000000001,2.27,2269399.999999878,0.01,2025-04-08 17:44:33,2025-04-08 18:01:09,16,,WIN,Python Bot - SEL
1306832524,EURGBPm,SELL,0.8549100000000001,0.85545,-0.69,-5.399999999999849,0.01,2025-04-08 17:44:34,2025-04-08 17:47:54,3,,LOSS,Python Bot - SEL
1306832586,EURGBPm,SELL,0.8549000000000001,0.85545,-0.7,-5.499999999999394,0.01,2025-04-08 17:44:35,2025-04-08 17:47:54,3,,LOSS,Python Bot - SEL
1306832627,USDCADm,BUY,1.42006,1.4204,0.24,3.4000000000000696,0.01,2025-04-08 17:44:35,2025-04-08 18:01:09,16,,WIN,Python Bot - BUY
1306832737,USDCADm,BUY,1.42006,1.4204,0.24,3.4000000000000696,0.01,2025-04-08 17:44:36,2025-04-08 18:01:09,16,,WIN,Python Bot - BUY
1306832765,USDJPYm,SELL,146.622,146.518,0.71,1040.0000000001342,0.01,2025-04-08 17:44:37,2025-04-08 18:01:10,16,,WIN,Python Bot - SEL
1306832783,USDJPYm,SELL,146.62,146.518,0.7,1020.0000000000387,0.01,2025-04-08 17:44:37,2025-04-08 18:01:10,16,,WIN,Python Bot - SEL
1306832828,XAGUSDm,SELL,29.872,29.936,-3.2,-640.0000000000006,0.01,2025-04-08 17:44:38,2025-04-08 17:48:18,3,,LOSS,Python Bot - SEL
1306832845,XAGUSDm,SELL,29.872,29.936,-3.2,-640.0000000000006,0.01,2025-04-08 17:44:38,2025-04-08 17:48:18,3,,LOSS,Python Bot - SEL
1306854962,BTCUSDm,SELL,77670.94,77256.8,4.14,4141399.9999999944,0.01,2025-04-08 17:49:21,2025-04-08 18:01:09,11,,WIN,Python Bot - SEL
1306854982,BTCUSDm,SELL,77660.87,77256.8,4.04,4040699.9999999246,0.01,2025-04-08 17:49:22,2025-04-08 18:01:09,11,,WIN,Python Bot - SEL
1306855047,BTCUSDm,SELL,77673.65000000001,77258.65000000001,4.15,4150000.0,0.01,2025-04-08 17:49:23,2025-04-08 18:01:09,11,,WIN,Python Bot - SEL
1306855078,BTCUSDm,SELL,77673.62,77258.65000000001,4.15,4149699.999999866,0.01,2025-04-08 17:49:24,2025-04-08 18:01:09,11,,WIN,Python Bot - SEL
1306855098,BTCUSDm,SELL,77678.28,77258.95,4.19,4193300.0000000177,0.01,2025-04-08 17:49:24,2025-04-08 18:01:09,11,,WIN,Python Bot - SEL
1306855802,EURGBPm,SELL,0.8551400000000001,0.85545,-0.4,-3.0999999999992145,0.01,2025-04-08 17:49:40,2025-04-08 17:51:04,1,,LOSS,Python Bot - SEL
1306855815,BTCUSDm,SELL,77682.69,77258.95,4.24,4237400.000000052,0.01,2025-04-08 17:49:40,2025-04-08 18:01:09,11,,WIN,Python Bot - SEL
1306856326,USDCADm,BUY,1.41904,1.4204,0.96,13.600000000000279,0.01,2025-04-08 17:49:52,2025-04-08 18:01:10,11,,WIN,Python Bot - BUY
1306856341,EURGBPm,SELL,0.85511,0.85545,-0.43,-3.4000000000000696,0.01,2025-04-08 17:49:52,2025-04-08 17:51:04,1,,LOSS,Python Bot - SEL
1306856453,USDJPYm,SELL,146.603,146.518,0.58,850.0000000000796,0.01,2025-04-08 17:49:56,2025-04-08 18:01:10,11,,WIN,Python Bot - SEL
1306856469,USDCADm,BUY,1.41911,1.4204,0.91,12.900000000000134,0.01,2025-04-08 17:49:56,2025-04-08 18:01:10,11,,WIN,Python Bot - BUY
1306856485,USDJPYm,SELL,146.603,146.518,0.58,850.0000000000796,0.01,2025-04-08 17:49:57,2025-04-08 18:01:10,11,,WIN,Python Bot - SEL
1306856576,USDCHFm,SELL,0.8540000000000001,0.8530200000000001,1.15,9.799999999999809,0.01,2025-04-08 17:49:59,2025-04-08 18:01:10,11,,WIN,Python Bot - SEL
1306856736,XAGUSDm,BUY,29.935000000000002,29.874,-3.05,-610.000000000035,0.01,2025-04-08 17:50:03,2025-04-08 17:50:46,0,,LOSS,Python Bot - BUY
1306856764,USDCHFm,SELL,0.8540200000000001,0.8530200000000001,1.17,10.000000000000009,0.01,2025-04-08 17:50:04,2025-04-08 18:01:10,11,,WIN,Python Bot - SEL
1306856835,XAGUSDm,BUY,29.941,29.874,-3.35,-670.0000000000017,0.01,2025-04-08 17:50:05,2025-04-08 17:50:45,0,,LOSS,Python Bot - BUY
1306856867,XAGUSDm,BUY,29.941,29.874,-3.35,-670.0000000000017,0.01,2025-04-08 17:50:05,2025-04-08 17:50:45,0,,LOSS,Python Bot - BUY
1306856894,XAGUSDm,BUY,29.941,29.874,-3.35,-670.0000000000017,0.01,2025-04-08 17:50:06,2025-04-08 17:50:45,0,,LOSS,Python Bot - BUY
1306856912,BTCUSDm,SELL,77715.09,77258.95,4.5600000000000005,4561399.999999994,0.01,2025-04-08 17:50:06,2025-04-08 18:01:09,11,,WIN,Python Bot - SEL
1306856957,BTCUSDm,SELL,77722.5,77258.95,4.64,4635500.000000029,0.01,2025-04-08 17:50:07,2025-04-08 18:01:09,11,,WIN,Python Bot - SEL
1306856979,BTCUSDm,SELL,77727.99,77258.95,4.6899999999999995,4690400.000000082,0.01,2025-04-08 17:50:08,2025-04-08 18:01:09,11,,WIN,Python Bot - SEL
1306857043,BTCUSDm,SELL,77696.11,77258.95,4.37,4371600.000000035,0.01,2025-04-08 17:50:09,2025-04-08 18:01:09,11,,WIN,Python Bot - SEL
1306857066,BTCUSDm,SELL,77708.95,77258.95,4.5,4500000.0,0.01,2025-04-08 17:50:09,2025-04-08 18:01:09,11,,WIN,Python Bot - SEL
1306857118,EURGBPm,SELL,0.85516,0.85545,-0.37,-2.9000000000001247,0.01,2025-04-08 17:50:10,2025-04-08 17:51:04,0,,LOSS,Python Bot - SEL
1306857139,BTCUSDm,SELL,77678.8,77258.95,4.2,4198500.000000058,0.01,2025-04-08 17:50:11,2025-04-08 18:01:09,10,,WIN,Python Bot - SEL
1306857198,EURGBPm,SELL,0.85516,0.85545,-0.37,-2.9000000000001247,0.01,2025-04-08 17:50:11,2025-04-08 17:51:04,0,,LOSS,Python Bot - SEL
1306857257,USDCADm,BUY,1.41893,1.42043,1.06,15.000000000000568,0.01,2025-04-08 17:50:12,2025-04-08 18:01:10,10,,WIN,Python Bot - BUY
1306857308,USDJPYm,SELL,146.66,146.518,0.97,1419.999999999959,0.01,2025-04-08 17:50:13,2025-04-08 18:01:10,10,,WIN,Python Bot - SEL
1306857328,USDCADm,BUY,1.41887,1.42043,1.1,15.600000000000058,0.01,2025-04-08 17:50:13,2025-04-08 18:01:10,10,,WIN,Python Bot - BUY
1306857364,USDCHFm,SELL,0.8542400000000001,0.8530200000000001,1.43,12.199999999999989,0.01,2025-04-08 17:50:14,2025-04-08 18:01:10,10,,WIN,Python Bot - SEL
1306857382,USDJPYm,SELL,146.668,146.518,1.02,1500.0000000000568,0.01,2025-04-08 17:50:14,2025-04-08 18:01:10,10,,WIN,Python Bot - SEL
1306857432,XAGUSDm,BUY,29.937,29.874,-3.15,-630.0000000000239,0.01,2025-04-08 17:50:15,2025-04-08 17:50:46,0,,LOSS,Python Bot - BUY
1306857524,USDCHFm,SELL,0.85426,0.8530200000000001,1.45,12.399999999999078,0.01,2025-04-08 17:50:15,2025-04-08 18:01:10,10,,WIN,Python Bot - SEL
1306857572,XAGUSDm,BUY,29.939,29.874,-3.25,-650.0000000000127,0.01,2025-04-08 17:50:16,2025-04-08 17:50:45,0,,LOSS,Python Bot - BUY
1306857603,XAGUSDm,BUY,29.939,29.874,-3.25,-650.0000000000127,0.01,2025-04-08 17:50:17,2025-04-08 17:50:46,0,,LOSS,Python Bot - BUY
1306857669,XAGUSDm,BUY,29.939,29.874,-3.25,-650.0000000000127,0.01,2025-04-08 17:50:17,2025-04-08 17:50:46,0,,LOSS,Python Bot - BUY
1306869293,BTCUSDm,SELL,77573.45,77258.95,3.14,3145000.0,0.01,2025-04-08 17:54:18,2025-04-08 18:01:09,6,,WIN,Python Bot - SEL
1306869333,BTCUSDm,SELL,77573.43000000001,77258.95,3.14,3144800.000000105,0.01,2025-04-08 17:54:19,2025-04-08 18:01:09,6,,WIN,Python Bot - SEL
1306869358,BTCUSDm,SELL,77568.42,77258.95,3.09,3094700.0000000116,0.01,2025-04-08 17:54:20,2025-04-08 18:01:09,6,,WIN,Python Bot - SEL
1306869388,EURGBPm,SELL,0.85516,0.85545,-0.37,-2.9000000000001247,0.01,2025-04-08 17:54:21,2025-04-08 17:56:51,2,,LOSS,Python Bot - SEL
1306869428,USDCADm,BUY,1.4191,1.42043,0.94,13.300000000000534,0.01,2025-04-08 17:54:22,2025-04-08 18:01:10,6,,WIN,Python Bot - BUY
1306869464,USDJPYm,SELL,146.621,146.518,0.7,1030.0000000000864,0.01,2025-04-08 17:54:22,2025-04-08 18:01:10,6,,WIN,Python Bot - SEL
1306869502,USDCHFm,SELL,0.8541000000000001,0.8530200000000001,1.27,10.799999999999699,0.01,2025-04-08 17:54:23,2025-04-08 18:01:10,6,,WIN,Python Bot - SEL
1306869539,XAGUSDm,BUY,29.923000000000002,29.874,-2.45,-490.0000000000304,0.01,2025-04-08 17:54:24,2025-04-08 17:54:54,0,,LOSS,Python Bot - BUY
1306869586,XAGUSDm,BUY,29.92,29.874,-2.3,-460.0000000000293,0.01,2025-04-08 17:54:25,2025-04-08 17:54:54,0,,LOSS,Python Bot - BUY
1306921054,EURGBPm,BUY,0.8556,0.85794,2.99,23.400000000000087,0.01,2025-04-08 18:07:31,2025-04-08 21:49:38,222,,WIN,Python Bot - BUY
1306922222,USDCADm,BUY,1.42076,1.42456,2.67,38.000000000000256,0.01,2025-04-08 18:07:45,2025-04-08 20:06:38,118,,WIN,Python Bot - BUY
1306964789,USDCADm,BUY,1.4209600000000002,1.42456,2.5300000000000002,35.99999999999825,0.01,2025-04-08 18:17:10,2025-04-08 20:06:38,109,,WIN,Python Bot - BUY
1307018573,USDCADm,BUY,1.4208900000000002,1.42456,2.58,36.6999999999984,0.01,2025-04-08 18:32:12,2025-04-08 20:06:38,94,,WIN,Python Bot - BUY
1307035834,USDCADm,BUY,1.4212600000000002,1.42456,2.32,32.999999999998586,0.01,2025-04-08 18:37:12,2025-04-08 20:06:38,89,,WIN,Python Bot - BUY
1307056259,EURGBPm,BUY,0.8554200000000001,0.85794,3.22,25.19999999999967,0.01,2025-04-08 18:42:19,2025-04-08 21:49:38,187,,WIN,Python Bot - BUY
1307056777,USDJPYm,SELL,146.587,146.217,2.5300000000000002,3699.9999999997613,0.01,2025-04-08 18:42:23,2025-04-08 20:10:20,87,,WIN,Python Bot - SEL
1307092343,EURGBPm,BUY,0.85565,0.85794,2.92,22.90000000000014,0.01,2025-04-08 18:52:13,2025-04-08 21:49:38,177,,WIN,Python Bot - BUY
1307092391,USDCADm,BUY,1.4205400000000001,1.42456,2.82,40.19999999999912,0.01,2025-04-08 18:52:14,2025-04-08 20:06:38,74,,WIN,Python Bot - BUY
1307092441,USDJPYm,SELL,146.538,146.217,2.2,3209.9999999999795,0.01,2025-04-08 18:52:15,2025-04-08 20:10:20,78,,WIN,Python Bot - SEL
1307110438,EURGBPm,BUY,0.8555,0.85794,3.11,24.399999999999977,0.01,2025-04-08 18:57:13,2025-04-08 21:49:38,172,,WIN,Python Bot - BUY
1307123561,EURGBPm,BUY,0.85545,0.85794,3.18,24.89999999999992,0.01,2025-04-08 19:02:14,2025-04-08 21:49:38,167,,WIN,Python Bot - BUY
1307152106,BTCUSDm,SELL,77213.69,77567.39,-3.5300000000000002,-3536999.999999971,0.01,2025-04-08 19:12:15,2025-04-08 19:41:37,29,,LOSS,Python Bot - SEL
1307237370,BTCUSDm,SELL,76909.37,75812.77,10.96,10965999.999999912,0.01,2025-04-08 20:07:20,2025-04-09 01:05:48,298,,WIN,Python Bot - SEL
1307237403,EURGBPm,BUY,0.85711,0.85794,1.06,8.299999999999974,0.01,2025-04-08 20:07:21,2025-04-08 21:49:38,102,,WIN,Python Bot - BUY
1307248264,BTCUSDm,SELL,76895.23,75812.77,10.82,10824599.999999918,0.01,2025-04-08 20:12:20,2025-04-09 01:05:48,293,,WIN,Python Bot - SEL
1307265908,BTCUSDm,SELL,76559.33,77028.92,-4.7,-4695899.999999965,0.01,2025-04-08 20:17:20,2025-04-08 20:54:30,37,,LOSS,Python Bot - SEL
1307289997,EURGBPm,BUY,0.85704,0.85794,1.15,9.000000000000119,0.01,2025-04-08 20:27:21,2025-04-08 21:49:38,82,,WIN,Python Bot - BUY
1307290069,USDCHFm,SELL,0.84645,0.84195,5.34,45.0000000000006,0.01,2025-04-08 20:27:23,2025-04-09 05:08:33,521,,WIN,Python Bot - SEL
1307299404,BTCUSDm,SELL,76577.54000000001,76991.0,-4.13,-4134599.9999999185,0.01,2025-04-08 20:32:22,2025-04-08 20:54:30,22,,LOSS,Python Bot - SEL
1307299481,BTCUSDm,SELL,76568.1,76991.0,-4.23,-4228999.999999942,0.01,2025-04-08 20:32:23,2025-04-08 20:54:30,22,,LOSS,Python Bot - SEL
1307299550,USDCADm,BUY,1.42347,1.42456,0.77,10.900000000000354,0.01,2025-04-08 20:32:25,2025-04-08 20:36:34,4,,WIN,Python Bot - BUY
1307313059,BTCUSDm,SELL,76289.44,76809.48,-5.2,-5200399.999999936,0.01,2025-04-08 20:37:22,2025-04-08 20:51:00,13,,LOSS,Python Bot - SEL
1307337012,EURGBPm,BUY,0.85789,0.85794,0.06,0.49999999999994493,0.01,2025-04-08 20:47:24,2025-04-08 21:49:38,62,,WIN,Python Bot - BUY
1307348166,EURGBPm,BUY,0.8575900000000001,0.85794,0.45,3.4999999999996145,0.01,2025-04-08 20:52:24,2025-04-08 21:49:38,57,,WIN,Python Bot - BUY
1307372519,XAGUSDm,SELL,29.821,29.903,-4.1,-819.9999999999718,0.01,2025-04-08 21:02:24,2025-04-08 23:01:08,118,,LOSS,Python Bot - SEL
1307383029,BTCUSDm,SELL,76710.98,77012.66,-3.02,-3016800.0000000754,0.01,2025-04-08 21:07:25,2025-04-08 21:41:18,33,,LOSS,Python Bot - SEL
1307383328,EURGBPm,BUY,0.85762,0.85794,0.41,3.1999999999998696,0.01,2025-04-08 21:07:35,2025-04-08 21:49:38,42,,WIN,Python Bot - BUY
1307383471,USDCADm,BUY,1.4243700000000001,1.42456,0.13,1.8999999999991246,0.01,2025-04-08 21:07:40,2025-04-08 21:10:02,2,,WIN,Python Bot - BUY
1307383702,USDCHFm,SELL,0.84791,0.84487,3.6,30.400000000000425,0.01,2025-04-08 21:07:49,2025-04-09 01:24:36,256,,WIN,Python Bot - SEL
1307383811,XAGUSDm,SELL,29.825,29.903,-3.9,-779.9999999999941,0.01,2025-04-08 21:07:53,2025-04-08 23:01:08,113,,LOSS,Python Bot - SEL
1307409078,USDCADm,BUY,1.4258300000000002,1.4271,0.89,12.699999999998823,0.01,2025-04-08 21:17:26,2025-04-08 21:30:23,12,,WIN,Python Bot - BUY
1307409169,USDCHFm,SELL,0.84869,0.84643,2.67,22.6000000000004,0.01,2025-04-08 21:17:28,2025-04-08 23:37:14,139,,WIN,Python Bot - SEL
1307421578,EURGBPm,BUY,0.8577800000000001,0.85794,0.2,1.5999999999993797,0.01,2025-04-08 21:22:26,2025-04-08 21:49:38,27,,WIN,Python Bot - BUY
1307434519,EURGBPm,BUY,0.8577300000000001,0.85794,0.27,2.0999999999993246,0.01,2025-04-08 21:27:26,2025-04-08 21:49:38,22,,WIN,Python Bot - BUY
1307434569,USDCHFm,SELL,0.8489800000000001,0.84701,2.33,19.700000000000273,0.01,2025-04-08 21:27:28,2025-04-08 23:13:50,106,,WIN,Python Bot - SEL
1307434625,XAGUSDm,SELL,29.737000000000002,29.903,-8.3,-1659.9999999999682,0.01,2025-04-08 21:27:29,2025-04-08 23:01:08,93,,LOSS,Python Bot - SEL
1307444235,EURGBPm,BUY,0.8576,0.85794,0.43,3.4000000000000696,0.01,2025-04-08 21:32:27,2025-04-08 21:49:38,17,,WIN,Python Bot - BUY
1307444398,USDCADm,BUY,1.4267,1.41806,-6.09,-86.3999999999998,0.01,2025-04-08 21:32:33,2025-04-09 11:58:23,865,,LOSS,Python Bot - BUY
1307462672,EURGBPm,BUY,0.8576800000000001,0.85794,0.33,2.5999999999992696,0.01,2025-04-08 21:42:28,2025-04-08 21:49:38,7,,WIN,Python Bot - BUY
1307462698,USDCADm,BUY,1.42643,1.41806,-5.9,-83.69999999999989,0.01,2025-04-08 21:42:29,2025-04-09 11:58:23,855,,LOSS,Python Bot - BUY
1307462714,USDCHFm,SELL,0.84845,0.84595,2.96,25.000000000000576,0.01,2025-04-08 21:42:30,2025-04-08 23:38:22,115,,WIN,Python Bot - SEL
1307462732,XAGUSDm,SELL,29.734,29.903,-8.45,-1689.9999999999693,0.01,2025-04-08 21:42:31,2025-04-08 23:01:08,78,,LOSS,Python Bot - SEL
1307471052,BTCUSDm,SELL,76907.5,77106.88,-1.99,-1993800.0000000466,0.01,2025-04-08 21:47:28,2025-04-08 22:00:01,12,,LOSS,Python Bot - SEL
1307471108,USDCADm,BUY,1.4269800000000001,1.41806,-6.29,-89.20000000000039,0.01,2025-04-08 21:47:29,2025-04-09 11:58:23,850,,LOSS,Python Bot - BUY
1307484584,USDCADm,BUY,1.42673,1.41806,-6.11,-86.69999999999956,0.01,2025-04-08 21:57:29,2025-04-09 11:58:23,840,,LOSS,Python Bot - BUY
1307488388,USDCADm,BUY,1.42663,1.41806,-6.04,-85.69999999999966,0.01,2025-04-08 22:02:31,2025-04-09 11:58:23,835,,LOSS,Python Bot - BUY
1307488394,USDCHFm,SELL,0.8475800000000001,0.84421,3.99,33.700000000000955,0.01,2025-04-08 22:02:32,2025-04-09 01:30:43,208,,WIN,Python Bot - SEL
1307491035,EURGBPm,BUY,0.85862,0.8593,0.87,6.799999999999029,0.01,2025-04-08 22:07:30,2025-04-09 01:20:03,192,,WIN,Python Bot - BUY
1307491045,USDCADm,BUY,1.42656,1.41806,-5.99,-84.99999999999952,0.01,2025-04-08 22:07:31,2025-04-09 11:58:23,830,,LOSS,Python Bot - BUY
1307494209,EURGBPm,BUY,0.8587400000000001,0.85954,1.02,7.999999999999119,0.01,2025-04-08 22:12:31,2025-04-09 01:35:22,202,,WIN,Python Bot - BUY
1307529242,BTCUSDm,SELL,76798.01,76403.74,3.94,3942699.999999895,0.01,2025-04-08 23:02:37,2025-04-08 23:33:22,30,,WIN,Python Bot - SEL
1307529300,USDJPYm,SELL,146.254,146.217,0.25,369.9999999997772,0.01,2025-04-08 23:02:38,2025-04-08 23:04:20,1,,WIN,Python Bot - SEL
1307529316,USDCHFm,SELL,0.8474200000000001,0.84389,4.18,35.30000000000033,0.01,2025-04-08 23:02:39,2025-04-09 01:37:51,155,,WIN,Python Bot - SEL
1307545201,BTCUSDm,SELL,76659.38,75987.31,6.72,6720700.00000007,0.01,2025-04-08 23:12:38,2025-04-09 01:02:55,110,,WIN,Python Bot - SEL
1307545281,EURGBPm,BUY,0.8585900000000001,0.85924,0.83,6.499999999999284,0.01,2025-04-08 23:12:41,2025-04-09 01:20:01,127,,WIN,Python Bot - BUY
1307545323,USDCADm,BUY,1.4259400000000002,1.41806,-5.5600000000000005,-78.80000000000109,0.01,2025-04-08 23:12:42,2025-04-09 11:58:23,765,,LOSS,Python Bot - BUY
1307545505,XAGUSDm,SELL,29.740000000000002,29.606,6.7,1340.0000000000034,0.01,2025-04-08 23:12:47,2025-04-09 00:31:42,78,,WIN,Python Bot - SEL
1307569236,AUDJPYm,SELL,86.93900000000001,87.067,-0.88,-1279.999999999859,0.01,2025-04-08 23:24:59,2025-04-08 23:29:01,4,,LOSS,Python Bot - SEL
1307569909,EURCHFm,SELL,0.9289600000000001,0.92982,-1.02,-8.599999999998609,0.01,2025-04-08 23:25:19,2025-04-09 02:15:21,170,,LOSS,Python Bot - SEL
1307585858,CADJPYm,SELL,102.38,102.467,-0.6,-870.000000000033,0.01,2025-04-08 23:34:51,2025-04-08 23:34:55,0,,LOSS,Python Bot - SEL
1307585867,XAUUSDm,SELL,2982.942,2988.352,-5.41,-54099.999999998545,0.01,2025-04-08 23:34:53,2025-04-09 00:04:40,29,,LOSS,Python Bot - SEL
1307585874,AUDUSDm,SELL,0.5953900000000001,0.59295,2.44,24.400000000001086,0.01,2025-04-08 23:34:54,2025-04-09 01:13:34,98,,WIN,Python Bot - SEL
1307585892,XAGUSDm,SELL,29.746000000000002,29.791,-2.25,-449.9999999999815,0.01,2025-04-08 23:34:54,2025-04-08 23:35:01,0,,LOSS,Python Bot - SEL
1307592021,XAUUSDm,SELL,2982.862,2988.352,-5.49,-54899.99999999782,0.01,2025-04-08 23:39:51,2025-04-09 00:04:40,24,,LOSS,Python Bot - SEL
1307592037,EURCHFm,SELL,0.9284000000000001,0.9298,-1.6600000000000001,-13.999999999998458,0.01,2025-04-08 23:39:52,2025-04-09 02:06:10,146,,LOSS,Python Bot - SEL
1307592064,AUDUSDm,SELL,0.5952700000000001,0.59295,2.32,23.200000000000998,0.01,2025-04-08 23:39:53,2025-04-09 01:13:34,93,,WIN,Python Bot - SEL
1307597287,EURCHFm,SELL,0.9279100000000001,0.9298,-2.24,-18.899999999998364,0.01,2025-04-08 23:44:52,2025-04-09 02:06:10,141,,LOSS,Python Bot - SEL
1307597339,AUDUSDm,SELL,0.59567,0.59295,2.7199999999999998,27.200000000000557,0.01,2025-04-08 23:44:53,2025-04-09 01:13:34,88,,WIN,Python Bot - SEL
1307603291,EURCHFm,SELL,0.92822,0.9298,-1.87,-15.799999999999148,0.01,2025-04-08 23:49:53,2025-04-09 02:06:10,136,,LOSS,Python Bot - SEL
1307603308,AUDUSDm,SELL,0.59516,0.59295,2.21,22.100000000000453,0.01,2025-04-08 23:49:54,2025-04-09 01:13:34,83,,WIN,Python Bot - SEL
1307603327,XAGUSDm,SELL,29.701,29.797,-4.8,-960.0000000000009,0.01,2025-04-08 23:49:55,2025-04-08 23:55:45,5,,LOSS,Python Bot - SEL
1307613535,EURCHFm,SELL,0.92832,0.9298,-1.76,-14.799999999999258,0.01,2025-04-08 23:59:55,2025-04-09 02:06:10,126,,LOSS,Python Bot - SEL
1307613550,AUDUSDm,SELL,0.5951200000000001,0.59295,2.17,21.70000000000116,0.01,2025-04-08 23:59:58,2025-04-09 01:13:34,73,,WIN,Python Bot - SEL
1307613574,AUDUSDm,SELL,0.59513,0.59295,2.18,21.800000000000708,0.01,2025-04-08 23:59:59,2025-04-09 01:13:34,73,,WIN,Python Bot - SEL
1307613614,GBPUSDm,SELL,1.2778200000000002,1.2795,-1.6800000000000002,-16.799999999999038,0.01,2025-04-09 00:00:00,2025-04-09 01:39:33,99,,LOSS,Python Bot - SEL
1307627353,AUDUSDm,SELL,0.59501,0.59295,2.06,20.60000000000062,0.01,2025-04-09 00:10:30,2025-04-09 01:13:34,63,,WIN,Python Bot - SEL
1307628131,AUDUSDm,SELL,0.59504,0.59295,2.09,20.90000000000036,0.01,2025-04-09 00:11:14,2025-04-09 01:13:34,62,,WIN,Python Bot - SEL
1307628134,GBPUSDm,SELL,1.2778800000000001,1.2795,-1.62,-16.199999999999548,0.01,2025-04-09 00:11:15,2025-04-09 01:39:33,88,,LOSS,Python Bot - SEL
1307632088,AUDJPYm,SELL,86.751,86.887,-0.93,-1359.9999999999568,0.01,2025-04-09 00:15:14,2025-04-09 01:00:30,45,,LOSS,Python Bot - SEL
1307632948,AUDUSDm,SELL,0.5951000000000001,0.59295,2.15,21.500000000000963,0.01,2025-04-09 00:15:48,2025-04-09 01:13:34,57,,WIN,Python Bot - SEL
1307639315,GBPUSDm,SELL,1.27773,1.27951,-1.78,-17.799999999998928,0.01,2025-04-09 00:20:14,2025-04-09 01:39:33,79,,LOSS,Python Bot - SEL
1307639366,XAGUSDm,SELL,29.673000000000002,29.528000000000002,7.25,1449.9999999999957,0.01,2025-04-09 00:20:15,2025-04-09 00:35:23,15,,WIN,Python Bot - SEL
1307646289,GBPUSDm,SELL,1.27791,1.27951,-1.6,-15.999999999998238,0.01,2025-04-09 00:25:14,2025-04-09 01:39:33,74,,LOSS,Python Bot - SEL
1307651699,BTCUSDm,SELL,76237.93000000001,76468.9,-2.31,-2309699.999999866,0.01,2025-04-09 00:30:15,2025-04-09 01:12:00,41,,LOSS,Python Bot - SEL
1307651790,BTCUSDm,SELL,76221.78,75870.08,3.52,3516999.999999971,0.01,2025-04-09 00:30:16,2025-04-09 01:05:23,35,,WIN,Python Bot - SEL
1307651812,AUDJPYm,SELL,86.546,86.725,-1.23,-1789.9999999998784,0.01,2025-04-09 00:30:17,2025-04-09 00:46:10,15,,LOSS,Python Bot - SEL
1307651831,CADJPYm,SELL,102.11500000000001,102.346,-1.58,-2309.9999999999454,0.01,2025-04-09 00:30:18,2025-04-09 00:57:48,27,,LOSS,Python Bot - SEL
1307651845,GBPUSDm,SELL,1.27811,1.27951,-1.4,-13.999999999998458,0.01,2025-04-09 00:30:19,2025-04-09 01:39:33,69,,LOSS,Python Bot - SEL
1308302256,AUDJPYm,SELL,86.943,87.194,-1.73,-2510.0000000000477,0.01,2025-04-09 07:47:36,2025-04-09 08:06:07,18,,LOSS,Python Bot - SEL
1308303129,BTCUSDm,BUY,77083.32,76439.62,-6.43,-6437000.000000116,0.01,2025-04-09 07:48:01,2025-04-09 12:19:32,271,,LOSS,
1308303459,GBPUSDm,SELL,1.2830000000000001,1.28458,-1.58,-15.799999999999148,0.01,2025-04-09 07:48:11,2025-04-09 07:53:30,5,,LOSS,Python Bot - SEL
1308304171,EURJPYm,SELL,160.359,159.848,3.5300000000000002,5109.999999999956,0.01,2025-04-09 07:48:30,2025-04-09 12:19:49,271,,WIN,
1308304196,EURJPYm,SELL,160.352,159.806,3.77,5459.999999999923,0.01,2025-04-09 07:48:31,2025-04-09 12:19:53,271,,WIN,
1308310593,USDCHFm,SELL,0.8429300000000001,0.84458,-1.95,-16.499999999999293,0.01,2025-04-09 07:51:56,2025-04-09 08:12:44,20,,LOSS,Python Bot - SEL
1308326999,USDCHFm,SELL,0.8421400000000001,0.8449,-3.27,-27.599999999998737,0.01,2025-04-09 07:56:56,2025-04-09 08:12:50,15,,LOSS,Python Bot - SEL
1308327053,XAGUSDm,BUY,30.302,30.154,-7.4,-1479.9999999999968,0.01,2025-04-09 07:56:58,2025-04-09 09:28:23,91,,LOSS,Python Bot - BUY
1308343804,AUDUSDm,SELL,0.5990500000000001,0.60071,-1.6600000000000001,-16.599999999998836,0.01,2025-04-09 08:01:57,2025-04-09 08:02:55,0,,LOSS,Python Bot - SEL
1308343906,USDJPYm,BUY,144.859,144.572,-1.99,-2870.0000000000614,0.01,2025-04-09 08:01:58,2025-04-09 13:00:31,298,,LOSS,Python Bot - BUY
1308367838,AUDUSDm,BUY,0.6002500000000001,0.59868,-1.5699999999999998,-15.700000000000713,0.01,2025-04-09 08:06:58,2025-04-09 08:13:44,6,,LOSS,Python Bot - BUY
1308383645,AUDCADm,SELL,0.8517100000000001,0.85308,-0.96,-13.699999999998713,0.01,2025-04-09 08:11:13,2025-04-09 08:22:18,11,,LOSS,Python Bot - SEL
1308462871,BTCUSDm,BUY,77762.49,77185.97,-5.76,-5765200.000000041,0.01,2025-04-09 08:34:31,2025-04-09 09:31:15,56,,LOSS,Python Bot - BUY
1308463978,NZDUSDm,SELL,0.55532,0.55609,-0.77,-7.699999999999374,0.01,2025-04-09 08:34:46,2025-04-09 08:58:16,23,,LOSS,Python Bot - SEL
1308478211,XAUUSDm,BUY,3046.268,3038.236,-8.03,-80320.00000000153,0.01,2025-04-09 08:39:31,2025-04-09 09:03:44,24,,LOSS,Python Bot - BUY
1308478282,NZDUSDm,SELL,0.55511,0.55582,-0.71,-7.099999999999884,0.01,2025-04-09 08:39:32,2025-04-09 08:48:53,9,,LOSS,Python Bot - SEL
1308478339,XAGUSDm,BUY,30.434,30.299,-6.75,-1350.0000000000157,0.01,2025-04-09 08:39:34,2025-04-09 08:59:38,20,,LOSS,Python Bot - BUY
1308507251,EURJPYm,SELL,160.506,160.05,3.14,4559.999999999889,0.01,2025-04-09 08:49:32,2025-04-09 10:02:56,73,,WIN,Python Bot - SEL
1308507363,NZDUSDm,SELL,0.5551900000000001,0.55582,-0.63,-6.299999999999084,0.01,2025-04-09 08:49:36,2025-04-09 08:56:01,6,,LOSS,Python Bot - SEL
1308507434,XAGUSDm,BUY,30.403000000000002,30.299,-5.2,-1040.0000000000275,0.01,2025-04-09 08:49:38,2025-04-09 08:59:38,10,,LOSS,Python Bot - BUY
1308507499,XAGUSDm,BUY,30.404,30.269,-6.75,-1350.0000000000157,0.01,2025-04-09 08:49:41,2025-04-09 09:03:52,14,,LOSS,Python Bot - BUY
1308520292,XAUUSDm,BUY,3046.136,3038.236,-7.9,-79000.0000000009,0.01,2025-04-09 08:54:33,2025-04-09 09:03:44,9,,LOSS,Python Bot - BUY
1308521593,EURJPYm,SELL,160.455,160.05,2.79,4050.0000000000114,0.01,2025-04-09 08:55:16,2025-04-09 10:02:56,67,,WIN,Python Bot - SEL
1308535720,EURGBPm,SELL,0.8604700000000001,0.86245,-2.54,-19.79999999999982,0.01,2025-04-09 08:59:34,2025-04-09 12:09:52,190,,LOSS,Python Bot - SEL
1308537734,EURGBPm,SELL,0.8604600000000001,0.86245,-2.55,-19.899999999999363,0.01,2025-04-09 09:00:08,2025-04-09 12:09:52,189,,LOSS,Python Bot - SEL
1308554408,EURGBPm,SELL,0.8603700000000001,0.86245,-2.67,-20.799999999999706,0.01,2025-04-09 09:05:09,2025-04-09 12:09:52,184,,LOSS,Python Bot - SEL
1309251616,EURCHFm,SELL,0.9268900000000001,0.9282,-1.56,-13.099999999999223,0.01,2025-04-09 12:37:59,2025-04-09 13:02:59,25,,LOSS,Python Bot - SEL
1309254424,XAUUSDm,BUY,3065.9,3057.806,-8.09,-80940.00000000051,0.01,2025-04-09 12:38:30,2025-04-09 13:20:40,42,,LOSS,Python Bot - BUY
1309275668,USDCHFm,BUY,0.8395400000000001,0.83788,-1.98,-16.60000000000106,0.01,2025-04-09 12:43:00,2025-04-09 13:29:22,46,,LOSS,Python Bot - BUY
1309277130,AUDJPYm,BUY,86.85000000000001,87.287,3.02,4369.999999999976,0.01,2025-04-09 12:43:30,2025-04-09 14:10:35,87,,WIN,Python Bot - BUY
1309277185,XAUUSDm,BUY,3062.637,3045.188,-17.45,-174490.0000000007,0.01,2025-04-09 12:43:31,2025-04-09 13:44:37,61,,LOSS,Python Bot - BUY
1309294883,BTCUSDm,SELL,75917.5,76565.76,-6.48,-6482599.999999948,0.01,2025-04-09 12:48:00,2025-04-09 13:48:59,60,,LOSS,Python Bot - SEL
1309295082,BTCUSDm,SELL,75914.97,76565.76,-6.51,-6507899.999999936,0.01,2025-04-09 12:48:04,2025-04-09 13:48:59,60,,LOSS,Python Bot - SEL
1309295305,XAUUSDm,BUY,3065.533,3057.991,-7.54,-75419.99999999916,0.01,2025-04-09 12:48:07,2025-04-09 13:20:37,32,,LOSS,Python Bot - BUY
1309295546,USDCHFm,BUY,0.83901,0.83788,-1.35,-11.300000000000754,0.01,2025-04-09 12:48:10,2025-04-09 13:29:22,41,,LOSS,Python Bot - BUY
1309316431,USDCHFm,BUY,0.8394900000000001,0.83758,-2.2800000000000002,-19.100000000000783,0.01,2025-04-09 12:53:02,2025-04-09 13:29:49,36,,LOSS,Python Bot - BUY
1309336087,XAUUSDm,BUY,3062.974,3057.806,-5.16,-51680.0000000012,0.01,2025-04-09 12:58:02,2025-04-09 13:20:40,22,,LOSS,Python Bot - BUY
1309336132,EURCHFm,SELL,0.9268500000000001,0.9282,-1.6099999999999999,-13.499999999999623,0.01,2025-04-09 12:58:03,2025-04-09 13:02:59,4,,LOSS,Python Bot - SEL
1309378824,XAUUSDm,BUY,3066.012,3055.474,-10.54,-105380.00000000012,0.01,2025-04-09 13:08:03,2025-04-09 13:21:23,13,,LOSS,Python Bot - BUY
1309378853,EURCHFm,SELL,0.9275800000000001,0.92831,-0.87,-7.299999999998974,0.01,2025-04-09 13:08:04,2025-04-09 13:24:08,16,,LOSS,Python Bot - SEL
1309378898,USDCHFm,BUY,0.8398700000000001,0.83758,-2.73,-22.900000000001253,0.01,2025-04-09 13:08:06,2025-04-09 13:29:49,21,,LOSS,Python Bot - BUY
1309398794,EURCHFm,SELL,0.92749,0.92831,-0.98,-8.199999999999319,0.01,2025-04-09 13:13:03,2025-04-09 13:24:08,11,,LOSS,Python Bot - SEL
1309398935,USDCHFm,BUY,0.8399200000000001,0.83758,-2.79,-23.4000000000012,0.01,2025-04-09 13:13:06,2025-04-09 13:29:49,16,,LOSS,Python Bot - BUY
1309399075,XAGUSDm,BUY,30.585,30.464,-6.05,-1210.0000000000223,0.01,2025-04-09 13:13:07,2025-04-09 13:17:55,4,,LOSS,Python Bot - BUY
1309417943,XAUUSDm,BUY,3064.685,3058.407,-6.28,-62779.999999997926,0.01,2025-04-09 13:18:03,2025-04-09 13:20:35,2,,LOSS,Python Bot - BUY
1309442038,AUDUSDm,BUY,0.60165,0.60399,2.34,23.400000000000087,0.01,2025-04-09 13:23:05,2025-04-09 14:14:42,51,,WIN,Python Bot - BUY
1309442123,GBPUSDm,BUY,1.27854,1.27753,-1.01,-10.099999999999554,0.01,2025-04-09 13:23:06,2025-04-09 14:32:55,69,,LOSS,Python Bot - BUY
1309465132,EURCHFm,SELL,0.9278700000000001,0.92831,-0.52,-4.399999999998849,0.01,2025-04-09 13:28:05,2025-04-09 14:07:42,39,,LOSS,Python Bot - SEL
1309465212,AUDUSDm,BUY,0.60204,0.60434,2.3,22.999999999999687,0.01,2025-04-09 13:28:06,2025-04-09 14:17:01,48,,WIN,Python Bot - BUY
1309465267,GBPUSDm,BUY,1.2795100000000001,1.27753,-1.98,-19.800000000000928,0.01,2025-04-09 13:28:07,2025-04-09 14:32:55,64,,LOSS,Python Bot - BUY
1309507273,BTCUSDm,SELL,76043.69,76303.53,-2.6,-2598399.999999965,0.01,2025-04-09 13:38:05,2025-04-09 13:41:39,3,,LOSS,Python Bot - SEL
1309507579,NZDUSDm,BUY,0.55794,0.55683,-1.11,-11.099999999999444,0.01,2025-04-09 13:38:08,2025-04-09 15:19:43,101,,LOSS,Python Bot - BUY
1309524352,EURCHFm,SELL,0.92717,0.92805,-1.05,-8.799999999999919,0.01,2025-04-09 13:43:07,2025-04-09 14:06:55,23,,LOSS,Python Bot - SEL
1309524392,EURCHFm,SELL,0.9271600000000001,0.92898,-2.17,-18.199999999999328,0.01,2025-04-09 13:43:08,2025-04-09 14:11:55,28,,LOSS,Python Bot - SEL
1309524433,NZDUSDm,BUY,0.55788,0.55683,-1.05,-10.499999999999954,0.01,2025-04-09 13:43:09,2025-04-09 15:19:43,96,,LOSS,Python Bot - BUY
1309552173,EURCHFm,SELL,0.9270700000000001,0.92805,-1.17,-9.799999999999809,0.01,2025-04-09 13:48:07,2025-04-09 14:06:55,18,,LOSS,Python Bot - SEL
1309552221,EURCHFm,SELL,0.9270600000000001,0.92898,-2.29,-19.199999999999218,0.01,2025-04-09 13:48:08,2025-04-09 14:11:55,23,,LOSS,Python Bot - SEL
1309576888,EURCHFm,SELL,0.9270100000000001,0.92805,-1.24,-10.399999999999299,0.01,2025-04-09 13:53:08,2025-04-09 14:06:55,13,,LOSS,Python Bot - SEL
1309576967,EURCHFm,SELL,0.9270100000000001,0.92898,-2.35,-19.699999999999164,0.01,2025-04-09 13:53:09,2025-04-09 14:11:55,18,,LOSS,Python Bot - SEL
1309577001,EURCHFm,SELL,0.92698,0.9283,-1.5699999999999998,-13.199999999999878,0.01,2025-04-09 13:53:10,2025-04-09 14:07:42,14,,LOSS,Python Bot - SEL
1309597356,NZDUSDm,BUY,0.55794,0.55685,-1.09,-10.900000000000354,0.01,2025-04-09 13:58:08,2025-04-09 15:19:35,81,,LOSS,Python Bot - BUY
1309597462,USDCHFm,SELL,0.8369700000000001,0.83832,-1.6099999999999999,-13.499999999998513,0.01,2025-04-09 13:58:09,2025-04-09 14:05:35,7,,LOSS,Python Bot - SEL
1309598738,USDCHFm,SELL,0.83689,0.83832,-1.71,-14.299999999999313,0.01,2025-04-09 13:58:39,2025-04-09 14:05:35,6,,LOSS,Python Bot - SEL
1309617012,AUDJPYm,BUY,87.034,87.579,3.76,5449.9999999998745,0.01,2025-04-09 14:03:07,2025-04-09 14:39:01,35,,WIN,Python Bot - BUY
1309617147,USDCHFm,SELL,0.83689,0.83832,-1.71,-14.299999999999313,0.01,2025-04-09 14:03:09,2025-04-09 14:05:35,2,,LOSS,Python Bot - SEL
1309618962,AUDJPYm,BUY,87.052,87.619,3.91,5669.999999999931,0.01,2025-04-09 14:03:38,2025-04-09 14:41:11,37,,WIN,Python Bot - BUY
1309619057,EURCHFm,SELL,0.9271800000000001,0.92805,-1.04,-8.699999999999264,0.01,2025-04-09 14:03:40,2025-04-09 14:06:55,3,,LOSS,Python Bot - SEL
1309619079,EURCHFm,SELL,0.9271900000000001,0.92898,-2.13,-17.899999999999583,0.01,2025-04-09 14:03:41,2025-04-09 14:11:55,8,,LOSS,Python Bot - SEL
1309640466,XAUUSDm,BUY,3056.0280000000002,3075.616,19.59,195879.99999999738,0.01,2025-04-09 14:08:09,2025-04-09 14:35:59,27,,WIN,Python Bot - BUY
1309666446,BTCUSDm,BUY,76863.34,77241.02,3.7800000000000002,3776800.0000000754,0.01,2025-04-09 14:13:09,2025-04-09 14:31:46,18,,WIN,Python Bot - BUY
1309666514,BTCUSDm,BUY,76872.99,76655.26,-2.18,-2177300.000000105,0.01,2025-04-09 14:13:10,2025-04-09 14:26:27,13,,LOSS,Python Bot - BUY
1309707338,BTCUSDm,BUY,76860.96,76655.26,-2.06,-2057000.0000001164,0.01,2025-04-09 14:23:10,2025-04-09 14:26:27,3,,LOSS,Python Bot - BUY
1309707505,USDCHFm,SELL,0.8382000000000001,0.84007,-2.23,-18.69999999999927,0.01,2025-04-09 14:23:12,2025-04-09 14:33:16,10,,LOSS,Python Bot - SEL
1309709583,USDCHFm,SELL,0.83818,0.84007,-2.25,-18.899999999999473,0.01,2025-04-09 14:23:42,2025-04-09 14:33:16,9,,LOSS,Python Bot - SEL
1309724663,USDCHFm,SELL,0.8380000000000001,0.84007,-2.46,-20.69999999999905,0.01,2025-04-09 14:28:10,2025-04-09 14:33:16,5,,LOSS,Python Bot - SEL
1309750231,AUDCADm,BUY,0.8561400000000001,0.85451,-1.15,-16.30000000000131,0.01,2025-04-09 14:33:09,2025-04-09 15:06:56,33,,LOSS,Python Bot - BUY
1309750434,XAUUSDm,BUY,3066.121,3087.424,21.3,213029.99999999884,0.01,2025-04-09 14:33:12,2025-04-09 16:26:29,113,,WIN,Python Bot - BUY
1309754480,AUDCADm,BUY,0.85606,0.85403,-1.43,-20.30000000000087,0.01,2025-04-09 14:33:40,2025-04-09 15:14:30,40,,LOSS,Python Bot - BUY
1309754556,AUDCADm,BUY,0.8560700000000001,0.85451,-1.1,-15.600000000001168,0.01,2025-04-09 14:33:41,2025-04-09 15:06:56,33,,LOSS,Python Bot - BUY
1309754754,XAUUSDm,BUY,3069.241,3087.772,18.53,185309.99999999948,0.01,2025-04-09 14:33:43,2025-04-09 16:26:31,112,,WIN,Python Bot - BUY
1309754939,USDCHFm,BUY,0.83989,0.84434,5.27,44.49999999999954,0.01,2025-04-09 14:33:45,2025-04-09 18:22:00,228,,WIN,Python Bot - BUY
1309838120,EURCHFm,SELL,0.9273600000000001,0.92931,-2.32,-19.499999999998963,0.01,2025-04-09 14:48:14,2025-04-09 16:16:13,87,,LOSS,Python Bot - SEL
1309838334,USDCHFm,BUY,0.83991,0.84392,4.75,40.09999999999958,0.01,2025-04-09 14:48:16,2025-04-09 18:21:39,213,,WIN,Python Bot - BUY
1309860631,AUDCADm,BUY,0.8562500000000001,0.85468,-1.11,-15.700000000000713,0.01,2025-04-09 14:53:13,2025-04-09 15:06:39,13,,LOSS,Python Bot - BUY
1309860816,AUDJPYm,BUY,87.654,87.435,-1.51,-2189.999999999941,0.01,2025-04-09 14:53:16,2025-04-09 15:12:56,19,,LOSS,Python Bot - BUY
1309860888,EURCHFm,SELL,0.9275800000000001,0.92552,2.46,20.60000000000062,0.01,2025-04-09 14:53:17,2025-04-09 15:29:00,35,,WIN,Python Bot - SEL
1309861002,USDCHFm,BUY,0.8406100000000001,0.83868,-2.3,-19.300000000000985,0.01,2025-04-09 14:53:19,2025-04-09 15:11:56,18,,LOSS,Python Bot - BUY
1309877343,EURCHFm,SELL,0.9269100000000001,0.92878,-2.22,-18.69999999999927,0.01,2025-04-09 14:58:14,2025-04-09 16:05:26,67,,LOSS,Python Bot - SEL
1309897649,EURCADm,SELL,1.5593800000000002,1.56346,-2.88,-40.79999999999862,0.01,2025-04-09 15:03:14,2025-04-09 15:12:34,9,,LOSS,Python Bot - SEL
1309924712,BTCUSDm,SELL,77437.48,78248.25,-8.11,-8107700.000000041,0.01,2025-04-09 15:08:15,2025-04-09 17:56:48,168,,LOSS,Python Bot - SEL
1309947495,BTCUSDm,SELL,77435.12,78248.25,-8.13,-8131300.000000047,0.01,2025-04-09 15:13:15,2025-04-09 17:56:48,163,,LOSS,Python Bot - SEL
1309947565,BTCUSDm,SELL,77455.62,78248.25,-7.92,-7926300.000000047,0.01,2025-04-09 15:13:17,2025-04-09 17:56:48,163,,LOSS,Python Bot - SEL
1309947629,BTCUSDm,SELL,77432.73,78248.25,-8.15,-8155200.000000041,0.01,2025-04-09 15:13:17,2025-04-09 17:56:48,163,,LOSS,Python Bot - SEL
1309947777,XAUUSDm,BUY,3078.0170000000003,3069.06,-8.96,-89570.00000000335,0.01,2025-04-09 15:13:19,2025-04-09 16:00:15,46,,LOSS,Python Bot - BUY
1309991265,AUDCADm,BUY,0.8541200000000001,0.85248,-1.16,-16.40000000000086,0.01,2025-04-09 15:23:16,2025-04-09 15:43:16,20,,LOSS,Python Bot - BUY
1310026736,AUDCADm,BUY,0.8538500000000001,0.85208,-1.25,-17.7000000000016,0.01,2025-04-09 15:33:18,2025-04-09 15:44:22,11,,LOSS,Python Bot - BUY
1310050752,BTCUSDm,SELL,77588.63,77875.67,-2.87,-2870399.9999999357,0.01,2025-04-09 15:38:19,2025-04-09 17:39:50,121,,LOSS,Python Bot - SEL
1310050827,AUDJPYm,SELL,87.274,86.832,3.06,4420.000000000073,0.01,2025-04-09 15:38:20,2025-04-09 15:53:49,15,,WIN,Python Bot - SEL
1310070605,USDCHFm,BUY,0.8390200000000001,0.84182,3.33,27.999999999999137,0.01,2025-04-09 15:43:22,2025-04-09 16:37:15,53,,WIN,Python Bot - BUY
1310091659,EURCADm,BUY,1.5631700000000002,1.5665,2.35,33.299999999998334,0.01,2025-04-09 15:48:22,2025-04-09 15:56:58,8,,WIN,Python Bot - BUY
1310091881,GBPUSDm,BUY,1.2763300000000002,1.27965,3.32,33.19999999999767,0.01,2025-04-09 15:48:24,2025-04-09 18:21:34,153,,WIN,Python Bot - BUY
1310091963,USDCHFm,BUY,0.8398000000000001,0.84327,4.11,34.699999999998624,0.01,2025-04-09 15:48:25,2025-04-09 18:03:17,134,,WIN,Python Bot - BUY
1310121896,AUDJPYm,SELL,86.904,87.219,-2.17,-3149.9999999999773,0.01,2025-04-09 15:53:21,2025-04-09 17:10:22,77,,LOSS,Python Bot - SEL
1310121983,CADJPYm,SELL,102.027,102.338,-2.14,-3109.999999999928,0.01,2025-04-09 15:53:23,2025-04-09 17:03:19,69,,LOSS,Python Bot - SEL
1310122109,USDCHFm,BUY,0.83972,0.84327,4.21,35.49999999999942,0.01,2025-04-09 15:53:25,2025-04-09 18:03:17,129,,WIN,Python Bot - BUY
1310141331,CADJPYm,SELL,101.897,102.338,-3.04,-4409.999999999883,0.01,2025-04-09 15:58:22,2025-04-09 17:03:19,64,,LOSS,Python Bot - SEL
1310165173,AUDJPYm,SELL,86.787,87.219,-2.98,-4319.99999999988,0.01,2025-04-09 16:03:21,2025-04-09 17:10:22,67,,LOSS,Python Bot - SEL
1310165209,CADJPYm,SELL,101.93900000000001,102.338,-2.75,-3989.999999999867,0.01,2025-04-09 16:03:22,2025-04-09 17:03:19,59,,LOSS,Python Bot - SEL
1310206276,USDCADm,SELL,1.4187100000000001,1.41353,3.66,51.800000000001845,0.01,2025-04-09 16:13:55,2025-04-09 18:20:25,126,,WIN,Python Bot - SEL
1310226705,XAUUSDm,BUY,3079.7110000000002,3092.778,13.07,130669.99999999552,0.01,2025-04-09 16:18:23,2025-04-09 17:54:55,96,,WIN,Python Bot - BUY
1310226733,EURCHFm,BUY,0.92993,0.92781,-2.52,-21.20000000000011,0.01,2025-04-09 16:18:24,2025-04-09 17:59:34,101,,LOSS,Python Bot - BUY
1310226792,USDCADm,SELL,1.41798,1.41353,3.15,44.500000000000654,0.01,2025-04-09 16:18:26,2025-04-09 18:20:25,121,,WIN,Python Bot - SEL
1310228538,XAUUSDm,BUY,3080.053,3093.22,13.17,131669.99999999916,0.01,2025-04-09 16:18:57,2025-04-09 17:55:59,97,,WIN,Python Bot - BUY
1310228599,EURCHFm,BUY,0.9300800000000001,0.92781,-2.7,-22.700000000001054,0.01,2025-04-09 16:18:58,2025-04-09 17:59:34,100,,LOSS,Python Bot - BUY
1310250277,BTCUSDm,SELL,77347.67,77575.58,-2.2800000000000002,-2279100.000000035,0.01,2025-04-09 16:23:22,2025-04-09 17:11:33,48,,LOSS,Python Bot - SEL
1310253482,USDCADm,SELL,1.4173600000000002,1.41353,2.71,38.30000000000222,0.01,2025-04-09 16:23:58,2025-04-09 18:20:25,116,,WIN,Python Bot - SEL
1310273180,BTCUSDm,SELL,77306.90000000001,77537.02,-2.3,-2301199.9999999534,0.01,2025-04-09 16:28:59,2025-04-09 17:11:29,42,,LOSS,Python Bot - SEL
1310273254,EURCHFm,BUY,0.9303600000000001,0.92781,-3.03,-25.500000000000522,0.01,2025-04-09 16:29:01,2025-04-09 17:59:34,90,,LOSS,Python Bot - BUY
1310290919,AUDUSDm,SELL,0.6010000000000001,0.60219,-1.19,-11.899999999999133,0.01,2025-04-09 16:33:25,2025-04-09 17:46:56,73,,LOSS,Python Bot - SEL
1310291019,USDCHFm,BUY,0.8418300000000001,0.84401,2.58,21.7999999999996,0.01,2025-04-09 16:33:27,2025-04-09 18:21:43,108,,WIN,Python Bot - BUY
1310293115,AUDUSDm,SELL,0.6007100000000001,0.60219,-1.48,-14.799999999999258,0.01,2025-04-09 16:34:00,2025-04-09 17:46:56,72,,LOSS,Python Bot - SEL
1310293180,USDCHFm,BUY,0.84162,0.84356,2.3,19.399999999999416,0.01,2025-04-09 16:34:02,2025-04-09 18:03:23,89,,WIN,Python Bot - BUY
1310305882,XAGUSDm,BUY,30.399,30.28,-5.95,-1189.9999999999977,0.01,2025-04-09 16:39:01,2025-04-09 16:42:04,3,,LOSS,Python Bot - BUY
1310338545,USDCADm,SELL,1.41808,1.41353,3.22,45.50000000000054,0.01,2025-04-09 16:48:28,2025-04-09 18:20:25,91,,WIN,Python Bot - SEL
1310338627,USDCHFm,BUY,0.8419500000000001,0.84363,1.99,16.799999999999038,0.01,2025-04-09 16:48:29,2025-04-09 18:03:23,74,,WIN,Python Bot - BUY
1310340878,XAUUSDm,BUY,3080.768,3096.709,15.94,159409.99999999802,0.01,2025-04-09 16:49:02,2025-04-09 18:19:48,90,,WIN,Python Bot - BUY
1310340956,USDCADm,SELL,1.41785,1.41353,3.06,43.20000000000101,0.01,2025-04-09 16:49:04,2025-04-09 18:20:25,91,,WIN,Python Bot - SEL
1310354908,USDCADm,SELL,1.4182800000000002,1.41353,3.36,47.500000000002544,0.01,2025-04-09 16:53:29,2025-04-09 18:20:25,86,,WIN,Python Bot - SEL
1310354964,USDCHFm,BUY,0.8414300000000001,0.84363,2.61,21.999999999998685,0.01,2025-04-09 16:53:30,2025-04-09 18:03:23,69,,WIN,Python Bot - BUY
1310395135,USDCADm,SELL,1.41792,1.41353,3.11,43.90000000000116,0.01,2025-04-09 17:08:31,2025-04-09 18:20:25,71,,WIN,Python Bot - SEL
1310427311,AUDJPYm,SELL,87.279,87.445,-1.15,-1659.9999999999682,0.01,2025-04-09 17:19:04,2025-04-09 18:02:20,43,,LOSS,Python Bot - SEL
1310427552,XAUUSDm,BUY,3090.954,3082.921,-8.03,-80330.00000000357,0.01,2025-04-09 17:19:06,2025-04-09 18:24:13,65,,LOSS,Python Bot - BUY
1310438733,AUDJPYm,SELL,87.199,87.358,-1.1,-1590.0000000000603,0.01,2025-04-09 17:23:30,2025-04-09 17:51:01,27,,LOSS,Python Bot - SEL
1310438770,AUDJPYm,SELL,87.19800000000001,87.384,-1.28,-1859.9999999999284,0.01,2025-04-09 17:23:31,2025-04-09 18:02:04,38,,LOSS,Python Bot - SEL
1310438881,AUDUSDm,SELL,0.60102,0.60226,-1.24,-12.400000000000189,0.01,2025-04-09 17:23:33,2025-04-09 17:49:09,25,,LOSS,Python Bot - SEL
1310438951,NZDUSDm,SELL,0.55649,0.5573,-0.81,-8.099999999999774,0.01,2025-04-09 17:23:34,2025-04-09 17:49:25,25,,LOSS,Python Bot - SEL
1310440083,AUDJPYm,SELL,87.22,87.358,-0.95,-1380.0000000000523,0.01,2025-04-09 17:24:05,2025-04-09 17:51:01,26,,LOSS,Python Bot - SEL
1310440135,AUDJPYm,SELL,87.21900000000001,87.384,-1.1400000000000001,-1649.9999999999204,0.01,2025-04-09 17:24:07,2025-04-09 18:02:04,37,,LOSS,Python Bot - SEL
1310440173,AUDUSDm,SELL,0.60106,0.60226,-1.2,-11.999999999999789,0.01,2025-04-09 17:24:08,2025-04-09 17:49:09,25,,LOSS,Python Bot - SEL
1310452024,EURGBPm,SELL,0.8636400000000001,0.86491,-1.62,-12.699999999998823,0.01,2025-04-09 17:28:31,2025-04-09 18:20:19,51,,LOSS,Python Bot - SEL
1310453774,EURGBPm,SELL,0.8635100000000001,0.86491,-1.79,-13.999999999998458,0.01,2025-04-09 17:29:05,2025-04-09 18:20:19,51,,LOSS,Python Bot - SEL
1310453885,USDCHFm,BUY,0.8423700000000001,0.84043,-2.31,-19.400000000000528,0.01,2025-04-09 17:29:07,2025-04-09 18:18:44,49,,LOSS,Python Bot - BUY
1310466665,AUDJPYm,SELL,87.23400000000001,87.358,-0.86,-1239.9999999999523,0.01,2025-04-09 17:33:32,2025-04-09 17:51:01,17,,LOSS,Python Bot - SEL
1310466688,AUDJPYm,SELL,87.23400000000001,87.384,-1.04,-1499.9999999999147,0.01,2025-04-09 17:33:33,2025-04-09 18:02:04,28,,LOSS,Python Bot - SEL
1310466725,EURGBPm,SELL,0.8637,0.86491,-1.55,-12.099999999999334,0.01,2025-04-09 17:33:34,2025-04-09 18:20:19,46,,LOSS,Python Bot - SEL
1310466797,USDCHFm,BUY,0.84213,0.84043,-2.02,-17.000000000000348,0.01,2025-04-09 17:33:36,2025-04-09 18:18:44,45,,LOSS,Python Bot - BUY
1310482986,EURGBPm,SELL,0.8641500000000001,0.86491,-0.97,-7.599999999998719,0.01,2025-04-09 17:39:06,2025-04-09 18:20:19,41,,LOSS,Python Bot - SEL
1310493848,AUDJPYm,SELL,87.236,87.358,-0.84,-1219.9999999999989,0.01,2025-04-09 17:43:32,2025-04-09 17:51:01,7,,LOSS,Python Bot - SEL
1310494928,AUDJPYm,SELL,87.238,87.292,-0.37,-540.0000000000205,0.01,2025-04-09 17:44:06,2025-04-09 17:49:44,5,,LOSS,Python Bot - SEL
1310494960,AUDJPYm,SELL,87.23400000000001,87.384,-1.04,-1499.9999999999147,0.01,2025-04-09 17:44:07,2025-04-09 18:02:04,17,,LOSS,Python Bot - SEL
1310494975,AUDJPYm,SELL,87.23100000000001,87.37,-0.96,-1389.999999999958,0.01,2025-04-09 17:44:08,2025-04-09 18:02:03,17,,LOSS,Python Bot - SEL
1310506828,AUDCADm,BUY,0.8532400000000001,0.85505,1.28,18.099999999998673,0.01,2025-04-09 17:48:31,2025-04-09 18:15:50,27,,WIN,Python Bot - BUY
1310506879,AUDJPYm,SELL,87.243,87.292,-0.34,-490.00000000006594,0.01,2025-04-09 17:48:34,2025-04-09 17:49:44,1,,LOSS,Python Bot - SEL
1310506942,AUDJPYm,SELL,87.243,87.37,-0.88,-1270.0000000000955,0.01,2025-04-09 17:48:35,2025-04-09 18:02:03,13,,LOSS,Python Bot - SEL
1310506955,XAUUSDm,BUY,3090.284,3085.948,-4.33,-43360.0000000024,0.01,2025-04-09 17:48:36,2025-04-09 18:07:33,18,,LOSS,Python Bot - BUY
1310508270,AUDCADm,BUY,0.8533900000000001,0.8554,1.42,20.09999999999956,0.01,2025-04-09 17:49:06,2025-04-09 18:16:58,27,,WIN,Python Bot - BUY
1310508332,XAUUSDm,BUY,3090.581,3085.948,-4.63,-46330.000000002656,0.01,2025-04-09 17:49:08,2025-04-09 18:07:33,18,,LOSS,Python Bot - BUY
1310508361,EURGBPm,SELL,0.8642900000000001,0.86491,-0.79,-6.199999999998429,0.01,2025-04-09 17:49:09,2025-04-09 18:20:19,31,,LOSS,Python Bot - SEL
1310508419,USDCHFm,BUY,0.8420300000000001,0.84043,-1.9,-16.00000000000046,0.01,2025-04-09 17:49:11,2025-04-09 18:18:44,29,,LOSS,Python Bot - BUY
1310522002,AUDCADm,BUY,0.85379,0.85662,2.0,28.29999999999999,0.01,2025-04-09 17:53:32,2025-04-09 18:19:24,25,,WIN,Python Bot - BUY
1310522153,XAUUSDm,BUY,3091.156,3085.948,-5.21,-52080.00000000084,0.01,2025-04-09 17:53:35,2025-04-09 18:07:33,13,,LOSS,Python Bot - BUY
1310522196,USDCHFm,BUY,0.8423600000000001,0.84091,-1.72,-14.500000000000624,0.01,2025-04-09 17:53:36,2025-04-09 18:15:50,22,,LOSS,Python Bot - BUY
1310523655,EURCHFm,BUY,0.9285800000000001,0.92749,-1.29,-10.900000000000354,0.01,2025-04-09 17:54:09,2025-04-09 18:00:16,6,,LOSS,Python Bot - BUY
1310523768,USDCHFm,BUY,0.8423200000000001,0.84091,-1.6800000000000002,-14.100000000000223,0.01,2025-04-09 17:54:10,2025-04-09 18:15:50,21,,LOSS,Python Bot - BUY
1310523824,XAGUSDm,BUY,30.437,30.353,-4.2,-839.9999999999964,0.01,2025-04-09 17:54:12,2025-04-09 18:10:30,16,,LOSS,Python Bot - BUY
1310560076,BTCUSDm,BUY,78530.64,78016.1,-5.15,-5145399.999999936,0.01,2025-04-09 18:03:34,2025-04-09 18:18:44,15,,LOSS,Python Bot - BUY
1310560533,BTCUSDm,BUY,78539.69,78016.1,-5.24,-5235899.999999965,0.01,2025-04-09 18:03:35,2025-04-09 18:18:44,15,,LOSS,Python Bot - BUY
1310560648,USDCHFm,BUY,0.84338,0.84046,-3.4699999999999998,-29.200000000000337,0.01,2025-04-09 18:03:38,2025-04-09 18:18:43,15,,LOSS,Python Bot - BUY
1310563965,XAUUSDm,BUY,3089.7980000000002,3085.948,-3.85,-38500.00000000364,0.01,2025-04-09 18:04:09,2025-04-09 18:07:33,3,,LOSS,Python Bot - BUY
1310564153,USDCHFm,BUY,0.8430700000000001,0.84046,-3.11,-26.100000000001124,0.01,2025-04-09 18:04:12,2025-04-09 18:18:43,14,,LOSS,Python Bot - BUY
1310581804,XAGUSDm,BUY,30.428,30.371,-2.85,-570.0000000000216,0.01,2025-04-09 18:09:11,2025-04-09 18:09:25,0,,LOSS,Python Bot - BUY
1310620436,EURCHFm,SELL,0.92717,0.92819,-1.21,-10.199999999999099,0.01,2025-04-09 18:19:11,2025-04-09 18:19:22,0,,LOSS,Python Bot - SEL
1310620679,XAGUSDm,BUY,30.423000000000002,30.519,4.8,959.9999999999653,0.01,2025-04-09 18:19:14,2025-04-09 18:19:45,0,,WIN,Python Bot - BUY
1310656730,BTCUSDm,BUY,80403.53,82138.46,17.34,17349300.000000075,0.01,2025-04-09 18:23:36,2025-04-09 20:13:31,109,,WIN,Python Bot - BUY
1310656880,EURCADm,SELL,1.5527400000000002,1.5467300000000002,4.26,60.100000000000705,0.01,2025-04-09 18:23:37,2025-04-09 20:13:31,109,,WIN,Python Bot - SEL
1310660453,EURCADm,SELL,1.5522600000000002,1.54668,3.96,55.800000000001404,0.01,2025-04-09 18:24:10,2025-04-09 20:13:32,109,,WIN,Python Bot - SEL
1310746831,AUDUSDm,SELL,0.6097,0.61075,-1.05,-10.499999999999954,0.01,2025-04-09 18:33:38,2025-04-09 18:34:52,1,,LOSS,Python Bot - SEL
1310783013,AUDCADm,SELL,0.8610500000000001,0.86482,-2.67,-37.6999999999994,0.01,2025-04-09 18:38:36,2025-04-09 18:45:21,6,,LOSS,Python Bot - SEL
1310783247,AUDUSDm,SELL,0.61004,0.61333,-3.29,-32.90000000000015,0.01,2025-04-09 18:38:40,2025-04-09 18:45:13,6,,LOSS,Python Bot - SEL
1310806480,CADJPYm,BUY,104.046,104.47500000000001,2.91,4290.00000000002,0.01,2025-04-09 18:43:21,2025-04-09 20:13:31,90,,WIN,Python Bot - BUY
1310809610,NZDUSDm,SELL,0.5630700000000001,0.56412,-1.05,-10.499999999998844,0.01,2025-04-09 18:44:04,2025-04-09 18:45:18,1,,LOSS,Python Bot - SEL
1310827184,XAUUSDm,BUY,3072.577,3056.197,-16.38,-163800.0000000011,0.01,2025-04-09 18:47:59,2025-04-09 19:07:33,19,,LOSS,Python Bot - BUY
1310827651,USDCADm,SELL,1.4085,1.4126400000000001,-2.93,-41.400000000000325,0.01,2025-04-09 18:48:01,2025-04-09 19:53:45,65,,LOSS,Python Bot - SEL
1310846201,AUDCADm,BUY,0.8648100000000001,0.86819,2.4,33.799999999999386,0.01,2025-04-09 18:52:58,2025-04-09 20:13:31,80,,WIN,Python Bot - BUY
1310846390,CADJPYm,BUY,104.001,104.47500000000001,3.22,4740.000000000037,0.01,2025-04-09 18:53:00,2025-04-09 20:13:31,80,,WIN,Python Bot - BUY
1310846549,EURJPYm,BUY,161.203,161.601,2.7,3979.9999999999613,0.01,2025-04-09 18:53:02,2025-04-09 20:13:32,80,,WIN,Python Bot - BUY
1310862623,AUDUSDm,BUY,0.6141700000000001,0.61543,1.26,12.599999999999278,0.01,2025-04-09 18:57:19,2025-04-09 20:13:31,76,,WIN,Python Bot - BUY
1310873688,XAUUSDm,SELL,3061.606,3061.5750000000003,0.03,309.9999999994907,0.01,2025-04-09 18:59:43,2025-04-09 18:59:52,0,,WIN,
1310873810,XAUUSDm,BUY,3061.806,3085.589,23.78,237829.999999999,0.01,2025-04-09 18:59:45,2025-04-09 20:13:32,73,,WIN,
1310873875,XAUUSDm,BUY,3061.774,3085.589,23.82,238150.00000000055,0.01,2025-04-09 18:59:46,2025-04-09 20:13:32,73,,WIN,
1310873876,XAUUSDm,BUY,3061.774,3085.589,23.82,238150.00000000055,0.01,2025-04-09 18:59:46,2025-04-09 20:13:32,73,,WIN,
1310909730,AUDCADm,BUY,0.8656200000000001,0.86819,1.8199999999999998,25.699999999999612,0.01,2025-04-09 19:06:37,2025-04-09 20:13:31,66,,WIN,Python Bot - BUY
1310909921,EURCADm,SELL,1.54123,1.5478,-4.66,-65.69999999999965,0.01,2025-04-09 19:06:39,2025-04-09 19:42:49,36,,LOSS,Python Bot - SEL
1310910159,USDCHFm,BUY,0.8572000000000001,0.8543600000000001,-3.32,-28.399999999999537,0.01,2025-04-09 19:06:41,2025-04-09 20:13:32,66,,LOSS,Python Bot - BUY
1310910407,XAGUSDm,BUY,30.838,30.913,3.75,749.999999999993,0.01,2025-04-09 19:06:42,2025-04-09 20:13:32,66,,WIN,Python Bot - BUY
1310910485,XAGUSDm,BUY,30.837,30.913,3.8,760.0000000000051,0.01,2025-04-09 19:06:43,2025-04-09 20:13:32,66,,WIN,Python Bot - BUY
1310940503,EURCHFm,BUY,0.9374000000000001,0.9366000000000001,-0.94,-8.00000000000023,0.01,2025-04-09 19:11:38,2025-04-09 20:13:32,61,,LOSS,Python Bot - BUY
1310941393,AUDUSDm,BUY,0.61434,0.61543,1.09,10.900000000000354,0.01,2025-04-09 19:11:44,2025-04-09 20:13:31,61,,WIN,Python Bot - BUY
1310965992,AUDCADm,BUY,0.8651900000000001,0.86819,2.13,29.999999999998916,0.01,2025-04-09 19:16:37,2025-04-09 20:13:31,56,,WIN,Python Bot - BUY
1310970023,BTCUSDm,BUY,82301.40000000001,82138.46,-1.63,-1629400.0000000233,0.01,2025-04-09 19:17:35,2025-04-09 20:13:31,55,,LOSS,Python Bot - BUY
1310971417,AUDJPYm,BUY,90.72200000000001,90.721,-0.01,-10.000000000047748,0.01,2025-04-09 19:18:02,2025-04-09 20:13:31,55,,LOSS,Python Bot - BUY
1310972527,AUDJPYm,BUY,90.772,90.721,-0.35,-510.0000000000193,0.01,2025-04-09 19:18:13,2025-04-09 20:13:31,55,,LOSS,Python Bot - BUY
1310973160,EURCHFm,BUY,0.9373,0.9366000000000001,-0.82,-6.999999999999229,0.01,2025-04-09 19:18:17,2025-04-09 20:13:32,55,,LOSS,Python Bot - BUY
1310974604,GBPUSDm,SELL,1.27709,1.28004,-2.95,-29.50000000000008,0.01,2025-04-09 19:18:21,2025-04-09 19:28:05,9,,LOSS,Python Bot - SEL
1310976087,USDCHFm,BUY,0.85723,0.8543600000000001,-3.36,-28.69999999999928,0.01,2025-04-09 19:18:27,2025-04-09 20:13:32,55,,LOSS,Python Bot - BUY
1311018653,AUDCADm,BUY,0.8676200000000001,0.86819,0.4,5.699999999999594,0.01,2025-04-09 19:26:39,2025-04-09 20:13:31,46,,WIN,Python Bot - BUY
1311018966,AUDUSDm,BUY,0.61499,0.61543,0.44,4.3999999999999595,0.01,2025-04-09 19:26:41,2025-04-09 20:13:31,46,,WIN,Python Bot - BUY
1311019054,AUDUSDm,BUY,0.6149100000000001,0.61543,0.52,5.199999999999649,0.01,2025-04-09 19:26:42,2025-04-09 20:13:31,46,,WIN,Python Bot - BUY
1311019147,NZDUSDm,BUY,0.5645100000000001,0.56516,0.65,6.499999999999284,0.01,2025-04-09 19:26:43,2025-04-09 20:13:32,46,,WIN,Python Bot - BUY
1311019190,NZDUSDm,BUY,0.56454,0.56516,0.62,6.199999999999539,0.01,2025-04-09 19:26:45,2025-04-09 20:13:32,46,,WIN,Python Bot - BUY
1311021471,EURGBPm,SELL,0.8551500000000001,0.85472,0.55,4.300000000000415,0.01,2025-04-09 19:27:22,2025-04-09 20:13:32,46,,WIN,Python Bot - SEL
1311054982,AUDCADm,BUY,0.86853,0.86819,-0.24,-3.4000000000000696,0.01,2025-04-09 19:36:40,2025-04-09 20:13:31,36,,LOSS,Python Bot - BUY
1311058652,AUDJPYm,BUY,91.074,90.721,-2.39,-3529.9999999999445,0.01,2025-04-09 19:37:41,2025-04-09 20:13:31,35,,LOSS,Python Bot - BUY
1311073547,AUDJPYm,BUY,91.052,90.721,-2.25,-3310.000000000031,0.01,2025-04-09 19:41:23,2025-04-09 20:13:31,32,,LOSS,Python Bot - BUY
1311089429,XAUUSDm,BUY,3064.31,3086.241,21.93,219310.0000000004,0.01,2025-04-09 19:44:54,2025-04-09 20:09:00,24,,WIN,Python Bot - BUY
1311103842,EURCHFm,BUY,0.9381300000000001,0.93663,-1.75,-15.000000000001679,0.01,2025-04-09 19:49:37,2025-04-09 19:54:03,4,,LOSS,Python Bot - BUY
1311146918,EURGBPm,SELL,0.85545,0.85472,0.94,7.300000000000084,0.01,2025-04-09 20:04:39,2025-04-09 20:13:32,8,,WIN,Python Bot - SEL
1311164115,AUDCADm,BUY,0.8674900000000001,0.86819,0.5,6.999999999999229,0.01,2025-04-09 20:09:38,2025-04-09 20:13:31,3,,WIN,Python Bot - BUY
1311164255,XAUUSDm,BUY,3086.096,3085.589,-0.51,-5070.0000000006185,0.01,2025-04-09 20:09:42,2025-04-09 20:13:32,3,,LOSS,Python Bot - BUY
1311164322,EURGBPm,SELL,0.8551000000000001,0.85472,0.49,3.8000000000004697,0.01,2025-04-09 20:09:43,2025-04-09 20:13:32,3,,WIN,Python Bot - SEL
1311164386,AUDUSDm,BUY,0.61494,0.61543,0.49,4.899999999999904,0.01,2025-04-09 20:09:44,2025-04-09 20:13:31,3,,WIN,Python Bot - BUY
1311183244,AUDCADm,BUY,0.8686300000000001,0.86958,0.67,9.499999999998954,0.01,2025-04-09 20:14:39,2025-04-09 20:31:56,17,,WIN,Python Bot - BUY
1311183310,XAUUSDm,BUY,3086.514,3092.102,5.59,55879.99999999738,0.01,2025-04-09 20:14:41,2025-04-09 20:31:56,17,,WIN,Python Bot - BUY
1311250430,AUDUSDm,BUY,0.61599,0.61489,-1.1,-10.999999999999899,0.01,2025-04-09 20:39:17,2025-04-09 20:46:43,7,,LOSS,Python Bot - BUY
1311250470,USDCADm,SELL,1.41063,1.41256,-1.37,-19.299999999999873,0.01,2025-04-09 20:39:19,2025-04-09 20:56:00,16,,LOSS,Python Bot - SEL
1311262419,XAUUSDm,BUY,3097.833,3085.608,-12.22,-122249.9999999991,0.01,2025-04-09 20:44:18,2025-04-09 20:55:29,11,,LOSS,Python Bot - BUY
1311262458,EURCHFm,BUY,0.93847,0.93667,-2.1,-18.000000000000238,0.01,2025-04-09 20:44:20,2025-04-09 21:03:02,18,,LOSS,Python Bot - BUY
1311287774,EURCADm,BUY,1.5439100000000001,1.5408,-2.21,-31.100000000001682,0.01,2025-04-09 20:53:46,2025-04-09 21:40:25,46,,LOSS,Python Bot - BUY
1311288042,USDCHFm,SELL,0.85728,0.8548500000000001,2.84,24.299999999999322,0.01,2025-04-09 20:53:50,2025-04-09 23:42:36,168,,WIN,Python Bot - SEL
1311302709,BTCUSDm,SELL,82288.55,82486.77,-1.98,-1982200.0000000116,0.01,2025-04-09 20:58:45,2025-04-09 21:00:05,1,,LOSS,Python Bot - SEL
1311302816,USDCHFm,SELL,0.8573400000000001,0.85494,2.81,24.00000000000069,0.01,2025-04-09 20:58:48,2025-04-09 23:42:38,163,,WIN,Python Bot - SEL
1311317508,AUDCADm,SELL,0.8659500000000001,0.86789,-1.38,-19.399999999999416,0.01,2025-04-09 21:03:45,2025-04-09 23:22:24,138,,LOSS,Python Bot - SEL
1311317706,USDCADm,BUY,1.4107800000000001,1.4081299999999999,-1.88,-26.500000000002633,0.01,2025-04-09 21:03:49,2025-04-09 21:25:51,22,,LOSS,Python Bot - BUY
1311328589,XAGUSDm,BUY,30.959,30.93,-1.45,-289.99999999999915,0.01,2025-04-09 21:08:48,2025-04-09 23:42:55,154,,LOSS,Python Bot - BUY
1311336723,AUDUSDm,BUY,0.6146600000000001,0.61526,0.6,5.999999999999339,0.01,2025-04-09 21:13:48,2025-04-09 23:42:57,149,,WIN,Python Bot - BUY
1311336738,GBPUSDm,BUY,1.2803900000000001,1.28194,1.55,15.499999999999403,0.01,2025-04-09 21:13:49,2025-04-09 23:42:46,148,,WIN,Python Bot - BUY
1311336744,NZDUSDm,BUY,0.5638500000000001,0.56583,1.98,19.79999999999982,0.01,2025-04-09 21:13:50,2025-04-09 23:22:38,128,,WIN,Python Bot - BUY
1311336761,USDCHFm,SELL,0.8556600000000001,0.8549500000000001,0.83,7.099999999999884,0.01,2025-04-09 21:13:51,2025-04-09 23:42:54,149,,WIN,Python Bot - SEL
1311346787,AUDUSDm,BUY,0.61458,0.61528,0.7,7.000000000000339,0.01,2025-04-09 21:18:48,2025-04-09 23:42:58,144,,WIN,Python Bot - BUY
1311346822,NZDUSDm,BUY,0.56384,0.56515,1.31,13.100000000000334,0.01,2025-04-09 21:18:49,2025-04-09 23:42:43,143,,WIN,Python Bot - BUY
1311357611,GBPUSDm,BUY,1.28004,1.28194,1.9,19.000000000000128,0.01,2025-04-09 21:23:48,2025-04-09 23:42:45,138,,WIN,Python Bot - BUY
1311370106,AUDUSDm,BUY,0.6148,0.61528,0.48,4.8000000000003595,0.01,2025-04-09 21:28:49,2025-04-09 23:42:58,134,,WIN,Python Bot - BUY
1311370139,GBPUSDm,BUY,1.28115,1.28194,0.79,7.900000000000684,0.01,2025-04-09 21:28:50,2025-04-09 23:42:44,133,,WIN,Python Bot - BUY
1311381119,GBPUSDm,BUY,1.2808700000000002,1.28183,0.96,9.599999999998499,0.01,2025-04-09 21:33:49,2025-04-09 23:42:44,128,,WIN,Python Bot - BUY
1311381169,USDCADm,BUY,1.40979,1.4089800000000001,-0.57,-8.099999999999774,0.01,2025-04-09 21:33:51,2025-04-09 23:42:42,128,,LOSS,Python Bot - BUY
1311381214,XAGUSDm,BUY,30.990000000000002,30.878,-5.6,-1120.0000000000186,0.01,2025-04-09 21:33:52,2025-04-09 23:06:51,92,,LOSS,Python Bot - BUY
1311392136,USDCADm,BUY,1.4091200000000002,1.4089900000000002,-0.09,-1.2999999999996348,0.01,2025-04-09 21:38:49,2025-04-09 23:42:41,123,,LOSS,Python Bot - BUY
1311392180,XAGUSDm,BUY,30.963,30.847,-5.8,-1159.9999999999966,0.01,2025-04-09 21:38:51,2025-04-09 23:07:16,88,,LOSS,Python Bot - BUY
1311401219,EURCADm,SELL,1.5412400000000002,1.5438,-1.8199999999999998,-25.599999999998957,0.01,2025-04-09 21:43:49,2025-04-09 21:52:43,8,,LOSS,Python Bot - SEL
1311401242,EURCHFm,BUY,0.9386200000000001,0.93689,-2.02,-17.300000000001205,0.01,2025-04-09 21:43:50,2025-04-09 22:13:36,29,,LOSS,Python Bot - BUY
1311401258,EURGBPm,SELL,0.8535600000000001,0.8549000000000001,-1.72,-13.400000000000079,0.01,2025-04-09 21:43:51,2025-04-09 23:42:48,118,,LOSS,Python Bot - SEL
1311401281,EURJPYm,SELL,161.732,161.458,1.8599999999999999,2740.000000000009,0.01,2025-04-09 21:43:52,2025-04-09 23:42:47,118,,WIN,Python Bot - SEL
1311401312,XAGUSDm,BUY,30.994,30.878,-5.8,-1159.9999999999966,0.01,2025-04-09 21:43:54,2025-04-09 23:06:51,82,,LOSS,Python Bot - BUY
1311409785,EURJPYm,SELL,161.58700000000002,161.458,0.88,1290.000000000191,0.01,2025-04-09 21:49:12,2025-04-09 23:42:46,113,,WIN,Python Bot - SEL
1311410079,USDCADm,BUY,1.4092,1.40903,-0.12,-1.7000000000000348,0.01,2025-04-09 21:49:23,2025-04-09 23:42:40,113,,LOSS,Python Bot - BUY
1311429744,AUDUSDm,BUY,0.61546,0.61674,1.28,12.799999999999478,0.01,2025-04-09 21:58:52,2025-04-09 23:30:09,91,,WIN,Python Bot - BUY
1311436699,CADJPYm,BUY,105.012,104.627,-2.61,-3850.000000000051,0.01,2025-04-09 22:03:51,2025-04-09 22:42:00,38,,LOSS,Python Bot - BUY
1311436723,EURCADm,SELL,1.54116,1.54393,-1.97,-27.69999999999939,0.01,2025-04-09 22:03:52,2025-04-09 23:42:50,98,,LOSS,Python Bot - SEL
1311436772,USDCADm,BUY,1.4085100000000002,1.40903,0.37,5.199999999998539,0.01,2025-04-09 22:03:54,2025-04-09 23:42:40,98,,WIN,Python Bot - BUY
1311441421,AUDJPYm,BUY,90.999,90.627,-2.5300000000000002,-3719.999999999999,0.01,2025-04-09 22:08:51,2025-04-09 23:42:56,94,,LOSS,Python Bot - BUY
1311441473,CADJPYm,BUY,105.0,104.627,-2.5300000000000002,-3730.0000000000464,0.01,2025-04-09 22:08:52,2025-04-09 22:42:00,33,,LOSS,Python Bot - BUY
1311441497,EURCADm,SELL,1.54098,1.5439200000000002,-2.09,-29.400000000001647,0.01,2025-04-09 22:08:53,2025-04-09 23:42:49,93,,LOSS,Python Bot - SEL
1311441545,USDCADm,BUY,1.40894,1.40903,0.06,0.8999999999992347,0.01,2025-04-09 22:08:54,2025-04-09 23:42:39,93,,WIN,Python Bot - BUY
1311450127,CADJPYm,BUY,105.004,104.627,-2.56,-3770.0000000000955,0.01,2025-04-09 22:18:51,2025-04-09 22:42:00,23,,LOSS,Python Bot - BUY
1311455409,BTCUSDm,BUY,83408.62,83046.82,-3.62,-3617999.9999998836,0.01,2025-04-09 22:28:52,2025-04-09 22:33:51,4,,LOSS,Python Bot - BUY
1311473981,BTCUSDm,BUY,83223.78,83148.57,-0.75,-752099.9999999185,0.01,2025-04-09 22:53:55,2025-04-09 23:42:53,48,,LOSS,Python Bot - BUY
1311473995,EURCHFm,BUY,0.9403800000000001,0.9366500000000001,-4.36,-37.30000000000011,0.01,2025-04-09 22:53:57,2025-04-09 23:42:48,48,,LOSS,Python Bot - BUY
1311501742,NZDUSDm,BUY,0.5651,0.56515,0.05,0.49999999999994493,0.01,2025-04-09 23:15:45,2025-04-09 23:42:42,26,,WIN,Python Bot - BUY
1311526478,BTCUSDm,BUY,83341.02,83146.17,-1.95,-1948500.0000000582,0.01,2025-04-09 23:34:26,2025-04-09 23:42:51,8,,LOSS,Python Bot - BUY
1311560299,AUDCADm,SELL,0.8659000000000001,0.86332,1.83,25.800000000001376,0.01,2025-04-10 00:06:45,2025-04-10 02:16:48,130,,WIN,Python Bot - SEL
1311560379,AUDUSDm,SELL,0.61407,0.61575,-1.6800000000000002,-16.800000000000146,0.01,2025-04-10 00:06:47,2025-04-10 04:05:26,238,,LOSS,Python Bot - SEL
1311565329,AUDCADm,SELL,0.8657800000000001,0.86332,1.74,24.600000000001288,0.01,2025-04-10 00:11:46,2025-04-10 02:16:48,125,,WIN,Python Bot - SEL
1311565369,BTCUSDm,BUY,83224.62,83061.89,-1.63,-1627299.9999999593,0.01,2025-04-10 00:11:47,2025-04-10 00:15:19,3,,LOSS,Python Bot - BUY
1311565398,AUDUSDm,SELL,0.61394,0.61575,-1.81,-18.09999999999978,0.01,2025-04-10 00:11:49,2025-04-10 04:05:26,233,,LOSS,Python Bot - SEL
1311565420,NZDUSDm,SELL,0.56403,0.5654,-1.37,-13.699999999999823,0.01,2025-04-10 00:11:50,2025-04-10 01:20:55,69,,LOSS,Python Bot - SEL
1311570373,AUDCADm,SELL,0.8657900000000001,0.86332,1.75,24.700000000000834,0.01,2025-04-10 00:16:46,2025-04-10 02:16:48,120,,WIN,Python Bot - SEL
1311575915,AUDCADm,SELL,0.8659000000000001,0.86332,1.83,25.800000000001376,0.01,2025-04-10 00:21:45,2025-04-10 02:16:48,115,,WIN,Python Bot - SEL
1311575938,AUDUSDm,SELL,0.61402,0.61575,-1.73,-17.300000000000093,0.01,2025-04-10 00:21:47,2025-04-10 04:05:26,223,,LOSS,Python Bot - SEL
1311575951,NZDUSDm,SELL,0.56416,0.5654,-1.24,-12.400000000000189,0.01,2025-04-10 00:21:48,2025-04-10 01:20:55,59,,LOSS,Python Bot - SEL
1311580414,CADJPYm,BUY,104.663,104.493,-1.15,-1700.000000000017,0.01,2025-04-10 00:26:46,2025-04-10 00:58:09,31,,LOSS,Python Bot - BUY
1311587261,CADJPYm,BUY,104.661,104.493,-1.1400000000000001,-1680.0000000000637,0.01,2025-04-10 00:31:47,2025-04-10 00:58:09,26,,LOSS,Python Bot - BUY
1311685261,BTCUSDm,BUY,82650.64,82472.38,-1.79,-1782599.9999999476,0.01,2025-04-10 02:18:47,2025-04-10 02:23:45,4,,LOSS,Python Bot - BUY
1311685335,CADJPYm,BUY,104.152,104.022,-0.89,-1299.9999999999545,0.01,2025-04-10 02:18:55,2025-04-10 02:22:19,3,,LOSS,Python Bot - BUY
1311685424,EURCHFm,BUY,0.9366700000000001,0.93529,-1.62,-13.800000000001589,0.01,2025-04-10 02:19:06,2025-04-10 02:47:13,28,,LOSS,Python Bot - BUY
1311687560,XAGUSDm,SELL,30.908,30.998,-4.5,-899.9999999999986,0.01,2025-04-10 02:22:27,2025-04-10 08:40:45,378,,LOSS,
1311689576,NZDUSDm,BUY,0.56377,0.56277,-1.0,-10.000000000000009,0.01,2025-04-10 02:25:38,2025-04-10 02:45:58,20,,LOSS,Python Bot - BUY
1311689596,USDJPYm,SELL,146.697,146.893,-1.33,-1959.9999999999795,0.01,2025-04-10 02:25:39,2025-04-10 02:36:07,10,,LOSS,Python Bot - SEL
1311694558,BTCUSDm,SELL,82437.74,82080.59,3.57,3571500.0000000875,0.01,2025-04-10 02:32:22,2025-04-10 04:06:25,94,,WIN,Python Bot - SEL
1311694565,XAUUSDm,BUY,3087.168,3080.719,-6.45,-64490.00000000069,0.01,2025-04-10 02:32:23,2025-04-10 02:35:58,3,,LOSS,Python Bot - BUY
1311698067,EURGBPm,SELL,0.8554200000000001,0.85582,-0.51,-3.9999999999995595,0.01,2025-04-10 02:35:57,2025-04-10 02:44:52,8,,LOSS,Python Bot - SEL
1311701422,AUDJPYm,BUY,89.949,90.208,1.76,2590.0000000000036,0.01,2025-04-10 02:40:23,2025-04-10 03:16:39,36,,WIN,Python Bot - BUY
1311701428,CADJPYm,BUY,104.142,103.98,-1.11,-1619.9999999999193,0.01,2025-04-10 02:40:24,2025-04-10 08:44:03,363,,LOSS,Python Bot - BUY
1311704536,XAUUSDm,BUY,3087.621,3098.146,10.53,105250.0000000009,0.01,2025-04-10 02:45:34,2025-04-10 03:01:02,15,,WIN,Python Bot - BUY
1311704559,EURGBPm,SELL,0.85555,0.85415,1.8,14.000000000000679,0.01,2025-04-10 02:45:36,2025-04-10 05:47:32,181,,WIN,Python Bot - SEL
1311705477,NZDUSDm,SELL,0.56313,0.56422,-1.09,-10.900000000000354,0.01,2025-04-10 02:47:48,2025-04-10 03:14:13,26,,LOSS,Python Bot - SEL
1311717096,USDCADm,SELL,1.4102100000000002,1.40753,1.9,26.800000000002377,0.01,2025-04-10 03:04:56,2025-04-10 05:48:22,163,,WIN,Python Bot - SEL
1311724091,EURCHFm,SELL,0.9350600000000001,0.93665,-1.8599999999999999,-15.899999999998693,0.01,2025-04-10 03:09:56,2025-04-10 06:00:57,171,,LOSS,Python Bot - SEL
1311735425,NZDUSDm,BUY,0.56472,0.56483,0.11,1.100000000000545,0.01,2025-04-10 03:19:58,2025-04-10 03:27:25,7,,WIN,Python Bot - BUY
1311738066,EURCADm,SELL,1.5451700000000002,1.54737,-1.56,-21.999999999997577,0.01,2025-04-10 03:24:58,2025-04-10 04:13:30,48,,LOSS,Python Bot - SEL
1311738094,USDJPYm,BUY,146.916,146.615,-2.05,-3009.999999999877,0.01,2025-04-10 03:25:00,2025-04-10 04:13:38,48,,LOSS,Python Bot - BUY
1311742364,AUDJPYm,SELL,90.173,90.345,-1.17,-1719.9999999999704,0.01,2025-04-10 03:34:59,2025-04-10 03:53:55,18,,LOSS,Python Bot - SEL
1311772122,AUDUSDm,BUY,0.61617,0.61759,1.42,14.199999999999768,0.01,2025-04-10 04:10:40,2025-04-10 04:15:31,4,,WIN,Python Bot - BUY
1311782814,AUDUSDm,SELL,0.6167,0.61838,-1.6800000000000002,-16.800000000000146,0.01,2025-04-10 04:20:41,2025-04-10 05:44:50,84,,LOSS,Python Bot - SEL
1311782821,USDJPYm,SELL,146.654,146.822,-1.1400000000000001,-1680.0000000000637,0.01,2025-04-10 04:20:43,2025-04-10 04:45:24,24,,LOSS,Python Bot - SEL
1311810319,AUDJPYm,BUY,90.593,90.958,2.49,3649.999999999949,0.01,2025-04-10 04:49:54,2025-04-10 06:51:23,121,,WIN,Python Bot - BUY
1311810330,NZDUSDm,BUY,0.5683600000000001,0.56965,1.29,12.899999999999023,0.01,2025-04-10 04:49:56,2025-04-10 06:29:49,99,,WIN,Python Bot - BUY
1311821110,AUDCADm,BUY,0.8697300000000001,0.87151,1.27,17.799999999998928,0.01,2025-04-10 05:00:45,2025-04-10 06:46:17,105,,WIN,Python Bot - BUY
1311837449,USDJPYm,SELL,146.687,146.892,-1.4,-2049.999999999841,0.01,2025-04-10 05:15:48,2025-04-10 07:08:00,112,,LOSS,Python Bot - SEL
1311845025,USDCHFm,BUY,0.8523700000000001,0.85303,0.77,6.599999999998829,0.01,2025-04-10 05:25:50,2025-04-10 06:07:10,41,,WIN,Python Bot - BUY
1311873880,BTCUSDm,BUY,81989.95,81758.39,-2.32,-2315599.9999999767,0.01,2025-04-10 05:50:51,2025-04-10 08:30:14,159,,LOSS,Python Bot - BUY
1311885396,AUDUSDm,BUY,0.61858,0.61798,-0.6,-6.000000000000449,0.01,2025-04-10 06:00:53,2025-04-10 07:37:56,97,,LOSS,Python Bot - BUY
1311912964,USDCADm,SELL,1.4068600000000002,1.40619,0.48,6.700000000001705,0.01,2025-04-10 06:20:55,2025-04-10 06:31:16,10,,WIN,Python Bot - SEL
1311926515,NZDUSDm,BUY,0.5697000000000001,0.5709,1.2,11.999999999998678,0.01,2025-04-10 06:30:58,2025-04-10 07:26:46,55,,WIN,Python Bot - BUY
1311994008,AUDCADm,BUY,0.8716,0.87035,-0.89,-12.500000000000844,0.01,2025-04-10 07:00:58,2025-04-10 07:34:34,33,,LOSS,Python Bot - BUY
1312042502,AUDJPYm,BUY,91.07600000000001,90.895,-1.23,-1810.000000000116,0.01,2025-04-10 07:26:02,2025-04-10 07:33:32,7,,LOSS,Python Bot - BUY
1312042569,USDCADm,SELL,1.4064800000000002,1.40737,-0.63,-8.899999999998354,0.01,2025-04-10 07:26:05,2025-04-10 07:37:20,11,,LOSS,Python Bot - SEL
1312070834,USDJPYm,BUY,146.918,146.709,-1.42,-2090.000000000032,0.01,2025-04-10 07:41:05,2025-04-10 08:27:07,46,,LOSS,Python Bot - BUY
1312081703,AUDCADm,BUY,0.8705100000000001,0.86848,-1.44,-20.30000000000087,0.01,2025-04-10 07:46:05,2025-04-10 08:21:17,35,,LOSS,Python Bot - BUY
1312082844,AUDUSDm,BUY,0.61863,0.61757,-1.06,-10.600000000000609,0.01,2025-04-10 07:46:30,2025-04-10 08:23:09,36,,LOSS,Python Bot - BUY
1312113078,AUDJPYm,BUY,91.056,90.914,-0.97,-1419.999999999959,0.01,2025-04-10 08:01:06,2025-04-10 08:07:28,6,,LOSS,Python Bot - BUY
1312129239,NZDUSDm,BUY,0.5697000000000001,0.56828,-1.42,-14.200000000000879,0.01,2025-04-10 08:06:51,2025-04-10 08:26:39,19,,LOSS,Python Bot - BUY
1312129296,USDCHFm,SELL,0.85638,0.8545,2.2,18.799999999999926,0.01,2025-04-10 08:06:52,2025-04-10 08:15:08,8,,WIN,Python Bot - SEL
