id,symbol,type,entry,exit_price,pnl,pips,volume,time,exit_time,duration_minutes,strategy,result,comment
4202345416,Volatility 50 Index,BUY,162.7382,162.9448,0.83,2065.9999999998035,4.0,2025-04-20 00:13:20,2025-04-20 00:16:38,3,,WIN,Bullishbreakouta
4202345429,Volatility 100 Index,SELL,1496.72,1501.55,-2.42,-48299.99999999927,0.5,2025-04-20 00:13:22,2025-04-20 00:24:16,10,,LOSS,Bearishbreakdown
4202345457,Crash 1000 Index,SELL,4891.419,4883.3,1.62,81189.99999999687,0.2,2025-04-20 00:13:24,2025-04-20 00:18:14,4,,WIN,Bearishbreakdown
4202345472,Boom 500 Index,SELL,4710.552,4721.096,-2.11,-105439.99999999869,0.2,2025-04-20 00:13:26,2025-04-20 00:20:53,7,,LOSS,Bearishbreakdown
4202345491,Boom 1000 Index,SELL,21062.602,20954.744,21.57,1078580.0000000019,0.2,2025-04-20 00:13:27,2025-04-20 02:56:28,163,,WIN,Bearishbreakdown
4202345502,Jump 10 Index,SELL,88525.66,88634.59,-5.45,-1089299.9999999302,0.05,2025-04-20 00:13:28,2025-04-20 00:41:41,28,,LOSS,Bearishbreakdown
4202345512,Jump 50 Index,SELL,38057.44,37331.01,36.32,7264300.000000003,0.05,2025-04-20 00:13:30,2025-04-20 00:55:48,42,,WIN,Bearishbreakdown
4202345530,Jump 100 Index,SELL,2259.77,2281.79,-1.1,-220199.99999999983,0.05,2025-04-20 00:13:32,2025-04-20 01:35:11,81,,LOSS,Bearishbreakdown
4202348694,Volatility 50 Index,BUY,162.6024,162.9708,1.47,3684.0000000000828,4.0,2025-04-20 00:19:42,2025-04-20 00:22:50,3,,WIN,Bullishbreakouta
4202348711,Volatility 100 Index,SELL,1491.94,1501.55,-4.8100000000000005,-96099.999999999,0.5,2025-04-20 00:19:44,2025-04-20 00:24:16,4,,LOSS,Bearishbreakdown
4202348716,Crash 1000 Index,SELL,4883.599,4880.454,0.63,31450.000000004366,0.2,2025-04-20 00:19:46,2025-04-20 00:37:33,17,,WIN,Bearishbreakdown
4202348742,Boom 500 Index,SELL,4712.8,4721.096,-1.6600000000000001,-82959.99999999367,0.2,2025-04-20 00:19:48,2025-04-20 00:20:53,1,,LOSS,Bearishbreakdown
4202348752,Boom 1000 Index,SELL,21060.985,20954.744,21.25,1062410.0000000182,0.2,2025-04-20 00:19:49,2025-04-20 02:56:28,156,,WIN,Bearishbreakdown
4202348753,Jump 10 Index,SELL,88526.11,88634.59,-5.42,-1084799.9999999593,0.05,2025-04-20 00:19:50,2025-04-20 00:41:41,21,,LOSS,Bearishbreakdown
4202348757,Jump 50 Index,SELL,37889.36,37331.01,27.92,5583499.999999985,0.05,2025-04-20 00:19:51,2025-04-20 00:55:48,35,,WIN,Bearishbreakdown
4202348763,Jump 100 Index,SELL,2253.98,2281.79,-1.3900000000000001,-278099.9999999995,0.05,2025-04-20 00:19:53,2025-04-20 01:35:11,75,,LOSS,Bearishbreakdown
4202351704,Volatility 50 Index,BUY,162.7836,162.9507,0.67,1671.000000000049,4.0,2025-04-20 00:24:42,2025-04-20 00:25:38,0,,WIN,Bullishbreakouta
4202351733,Volatility 100 Index,SELL,1499.16,1502.16,-1.5,-30000.0,0.5,2025-04-20 00:24:46,2025-04-20 00:42:24,17,,LOSS,Bearishbreakdown
4202351755,Crash 1000 Index,SELL,4885.079,4854.806,6.05,302730.0000000014,0.2,2025-04-20 00:24:48,2025-04-20 06:26:41,361,,WIN,Bearishbreakdown
4202351770,Jump 10 Index,SELL,88470.31,88634.59,-8.21,-1642799.9999999884,0.05,2025-04-20 00:24:51,2025-04-20 00:41:41,16,,LOSS,Bearishbreakdown
4202351784,Jump 50 Index,SELL,37821.5,37324.19,24.87,4973099.999999977,0.05,2025-04-20 00:24:53,2025-04-20 00:57:22,32,,WIN,Bearishbreakdown
4202351803,Jump 100 Index,SELL,2246.65,2281.79,-1.76,-351399.9999999987,0.05,2025-04-20 00:24:55,2025-04-20 01:35:11,70,,LOSS,Bearishbreakdown
4202353547,Volatility 50 Index,BUY,162.8718,163.0445,0.69,1726.9999999999186,4.0,2025-04-20 00:28:10,2025-04-20 00:29:06,0,,WIN,Bullishbreakouta
4202353570,Volatility 100 Index,SELL,1493.65,1502.16,-4.26,-85099.99999999991,0.5,2025-04-20 00:28:12,2025-04-20 00:42:24,14,,LOSS,Bearishbreakdown
4202353584,Crash 1000 Index,SELL,4886.058,4870.722,3.07,153360.0000000024,0.2,2025-04-20 00:28:14,2025-04-20 02:27:56,119,,WIN,Bearishbreakdown
4202353598,Jump 10 Index,SELL,88463.58,88634.59,-8.55,-1710099.9999999476,0.05,2025-04-20 00:28:17,2025-04-20 00:41:41,13,,LOSS,Bearishbreakdown
4202353607,Jump 50 Index,SELL,37844.16,37324.19,26.0,5199700.000000011,0.05,2025-04-20 00:28:19,2025-04-20 00:57:22,29,,WIN,Bearishbreakdown
4202353618,Jump 100 Index,SELL,2246.9,2281.79,-1.74,-348899.9999999987,0.05,2025-04-20 00:28:21,2025-04-20 01:35:11,66,,LOSS,Bearishbreakdown
4202357260,Volatility 50 Index,BUY,163.3695,163.4373,0.27,678.0000000000541,4.0,2025-04-20 00:34:32,2025-04-20 00:53:18,18,,WIN,Bullishbreakouta
4202357325,Volatility 100 Index,SELL,1494.1,1502.16,-4.03,-80600.00000000173,0.5,2025-04-20 00:34:34,2025-04-20 00:42:24,7,,LOSS,Bearishbreakdown
4202357355,Crash 1000 Index,SELL,4887.884,4870.722,3.43,171620.00000000262,0.2,2025-04-20 00:34:36,2025-04-20 02:27:56,113,,WIN,Bearishbreakdown
4202357377,Jump 10 Index,SELL,88541.06,88634.59,-4.68,-935299.9999999884,0.05,2025-04-20 00:34:38,2025-04-20 00:41:41,7,,LOSS,Bearishbreakdown
4202357400,Jump 50 Index,SELL,37801.28,37324.19,23.85,4770899.999999965,0.05,2025-04-20 00:34:39,2025-04-20 00:57:22,22,,WIN,Bearishbreakdown
4202357417,Jump 100 Index,SELL,2233.85,2281.79,-2.4,-479400.0000000005,0.05,2025-04-20 00:34:41,2025-04-20 01:35:11,60,,LOSS,Bearishbreakdown
4202359155,Volatility 50 Index,BUY,163.1993,162.55,-2.6,-6492.9999999998245,4.0,2025-04-20 00:37:22,2025-04-20 01:37:06,59,,LOSS,Bullishbreakouta
4202359179,Volatility 100 Index,SELL,1496.77,1502.16,-2.7,-53900.000000001004,0.5,2025-04-20 00:37:24,2025-04-20 00:42:24,5,,LOSS,Bearishbreakdown
4202359225,Crash 1000 Index,SELL,4888.716,4861.078,5.53,276379.9999999992,0.2,2025-04-20 00:37:26,2025-04-20 06:25:35,348,,WIN,Bearishbreakdown
4202359235,Boom 300 Index,BUY,1954.984,1951.716,-3.27,-32680.00000000029,1.0,2025-04-20 00:37:27,2025-04-20 01:06:13,28,,LOSS,BullishreversalI
4202359242,Jump 10 Index,SELL,88538.63,88634.59,-4.8,-959599.9999999185,0.05,2025-04-20 00:37:29,2025-04-20 00:41:41,4,,LOSS,Bearishbreakdown
4202359250,Jump 50 Index,SELL,37786.91,37324.19,23.14,4627200.000000011,0.05,2025-04-20 00:37:31,2025-04-20 00:57:22,19,,WIN,Bearishbreakdown
4202359325,Jump 100 Index,SELL,2229.8,2261.05,-1.56,-312500.0,0.05,2025-04-20 00:37:33,2025-04-20 01:27:01,49,,LOSS,Bearishbreakdown
4202360129,Volatility 100 Index,SELL,1497.92,1502.16,-2.12,-42400.00000000009,0.5,2025-04-20 00:39:06,2025-04-20 00:42:24,3,,LOSS,Bearishbreakdown
4202360169,Crash 1000 Index,SELL,4880.628,4854.806,5.16,258220.00000000116,0.2,2025-04-20 00:39:10,2025-04-20 06:26:41,347,,WIN,Bearishbreakdown
4202360193,Jump 10 Index,SELL,88576.85,88634.59,-2.89,-577399.9999999069,0.05,2025-04-20 00:39:13,2025-04-20 00:41:41,2,,LOSS,Bearishbreakdown
4202360206,Jump 50 Index,SELL,37813.45,37324.19,24.46,4892599.999999948,0.05,2025-04-20 00:39:15,2025-04-20 00:57:22,18,,WIN,Bearishbreakdown
4202360216,Jump 100 Index,SELL,2229.64,2258.68,-1.45,-290399.99999999965,0.05,2025-04-20 00:39:17,2025-04-20 01:26:53,47,,LOSS,Bearishbreakdown
4202360228,Range Break 100 Index,SELL,56255.1,56458.8,-10.19,-2037000.0000000438,0.05,2025-04-20 00:39:20,2025-04-20 05:33:12,293,,LOSS,Bearishbreakdown
4202362008,Crash 1000 Index,SELL,4881.522,4854.806,5.34,267160.0000000035,0.2,2025-04-20 00:42:16,2025-04-20 06:26:41,344,,WIN,Bearishbreakdown
4202362068,Jump 50 Index,SELL,37806.75,37324.19,24.13,4825599.999999977,0.05,2025-04-20 00:42:20,2025-04-20 00:57:22,15,,WIN,Bearishbreakdown
4202362095,Jump 100 Index,SELL,2233.29,2258.68,-1.27,-253899.99999999872,0.05,2025-04-20 00:42:22,2025-04-20 01:26:53,44,,LOSS,Bearishbreakdown
4202362136,Range Break 100 Index,SELL,56277.1,56458.8,-9.09,-1817000.0000000438,0.05,2025-04-20 00:42:24,2025-04-20 05:33:12,290,,LOSS,Bearishbreakdown
4202671706,Crash 300 Index,SELL,3404.178,3422.076,-8.95,-178980.0000000014,0.5,2025-04-20 09:52:24,2025-04-20 10:04:46,12,,LOSS,Bearishbreakdown
4202672871,Crash 500 Index,BUY,3294.979,3302.889,1.58,79100.00000000309,0.2,2025-04-20 09:54:01,2025-04-20 10:26:51,32,,WIN,Bullishbreakouta
4202672896,Boom 300 Index,SELL,1969.446,1926.865,42.58,425809.999999999,1.0,2025-04-20 09:54:04,2025-04-20 12:57:53,183,,WIN,Bearishbreakdown
4202672919,Boom 500 Index,BUY,4793.575,4799.178,1.12,56030.000000000655,0.2,2025-04-20 09:54:06,2025-04-20 10:06:47,12,,WIN,Bullishbreakouta
4202672959,Boom 1000 Index,SELL,21124.033,21123.644,0.08,3889.999999992142,0.2,2025-04-20 09:54:07,2025-04-20 16:13:31,379,,WIN,Bearishbreakdown
4202673033,Range Break 100 Index,BUY,56409.8,56214.1,-9.79,-1957000.0000000438,0.05,2025-04-20 09:54:10,2025-04-20 10:08:14,14,,LOSS,BullishreversalH
4202673071,Range Break 200 Index,BUY,80878.6,81137.3,12.94,2586999.999999971,0.05,2025-04-20 09:54:11,2025-04-20 18:14:24,500,,WIN,BullishreversalH
4202681271,Volatility 10 Index,BUY,6152.212,6148.589,-1.81,-36230.00000000502,0.5,2025-04-20 10:03:00,2025-04-20 10:58:24,55,,LOSS,BullishreversalH
4202682678,Crash 300 Index,BUY,3421.617,3407.575,-7.02,-140420.00000000373,0.5,2025-04-20 10:04:28,2025-04-20 10:06:11,1,,LOSS,
4202684485,Crash 300 Index,BUY,3409.212,3402.041,-3.59,-71709.99999999822,0.5,2025-04-20 10:06:35,2025-04-20 10:09:37,3,,LOSS,
4202684492,Crash 300 Index,BUY,3409.222,3402.041,-3.59,-71810.00000000041,0.5,2025-04-20 10:06:36,2025-04-20 10:09:37,3,,LOSS,
4202686968,Boom 500 Index,BUY,4804.545,4810.627,1.22,60820.00000000335,0.2,2025-04-20 10:09:27,2025-04-20 10:10:44,1,,WIN,Bullishbreakouta
4202691606,Crash 300 Index,SELL,3403.056,3357.006,23.03,460500.0000000018,0.5,2025-04-20 10:15:43,2025-04-20 14:09:10,233,,WIN,Bearishbreakdown
4202691638,Boom 500 Index,BUY,4808.012,4804.028,-0.8,-39839.99999999469,0.2,2025-04-20 10:15:46,2025-04-20 10:28:31,12,,LOSS,Bullishbreakouta
4202702649,Crash 500 Index,SELL,3297.219,3239.072,11.63,581469.9999999993,0.2,2025-04-20 10:28:28,2025-04-20 16:38:19,369,,WIN,Bearishbreakdown
4202708182,Boom 500 Index,BUY,4814.008,4818.663,0.93,46549.99999999745,0.2,2025-04-20 10:34:41,2025-04-20 10:39:15,4,,WIN,Bullishbreakouta
4202713922,Boom 500 Index,BUY,4818.186,4813.326,-0.97,-48599.999999996726,0.2,2025-04-20 10:40:55,2025-04-20 10:48:37,7,,LOSS,Bullishbreakouta
4202725879,Boom 500 Index,BUY,4811.045,4818.491,1.49,74459.99999999913,0.2,2025-04-20 10:53:18,2025-04-20 11:00:54,7,,WIN,Bullishbreakouta
4202731288,Volatility 10 Index,BUY,6147.928,6143.828,-2.05,-40999.99999999454,0.5,2025-04-20 10:59:30,2025-04-20 11:32:26,32,,LOSS,BullishreversalH
4202736051,Boom 500 Index,BUY,4819.895,4815.041,-0.97,-48540.00000000269,0.2,2025-04-20 11:05:45,2025-04-20 11:13:23,7,,LOSS,Bullishbreakouta
4202746198,Boom 500 Index,BUY,4812.679,4807.846,-0.97,-48330.000000005384,0.2,2025-04-20 11:18:08,2025-04-20 11:28:18,10,,LOSS,Bullishbreakouta
4202757346,Boom 500 Index,BUY,4806.987,4809.715,0.55,27280.000000000655,0.2,2025-04-20 11:30:33,2025-04-20 11:32:08,1,,WIN,Bullishbreakouta
4202763864,Volatility 10 Index,BUY,6142.595,6151.658,4.53,90630.00000000102,0.5,2025-04-20 11:36:46,2025-04-20 12:54:18,77,,WIN,BullishreversalH
4202764052,Boom 500 Index,BUY,4816.118,4811.249,-0.97,-48690.000000005966,0.2,2025-04-20 11:37:00,2025-04-20 11:44:33,7,,LOSS,Bullishbreakouta
4202775392,Boom 500 Index,BUY,4828.004,4823.005,-1.0,-49989.99999999796,0.2,2025-04-20 11:49:27,2025-04-20 11:57:11,7,,LOSS,Bullishbreakouta
4202786097,Boom 500 Index,BUY,4825.883,4828.519,0.53,26360.00000000422,0.2,2025-04-20 12:01:59,2025-04-20 12:08:13,6,,WIN,Bullishbreakouta
4202791806,Boom 500 Index,BUY,4828.499,4823.642,-0.97,-48569.99999999971,0.2,2025-04-20 12:08:51,2025-04-20 12:16:35,7,,LOSS,Bullishbreakouta
4202802475,Boom 500 Index,BUY,4821.028,4816.094,-0.99,-49340.000000001965,0.2,2025-04-20 12:21:27,2025-04-20 12:32:48,11,,LOSS,Bullishbreakouta
4202813528,Boom 500 Index,BUY,4815.7,4810.841,-0.97,-48589.99999999469,0.2,2025-04-20 12:34:11,2025-04-20 12:42:18,8,,LOSS,Bullishbreakouta
4202824473,Boom 500 Index,BUY,4808.591,4816.66,1.6099999999999999,80689.99999999505,0.2,2025-04-20 12:46:39,2025-04-20 12:47:40,1,,WIN,Bullishbreakouta
4202835083,Volatility 10 Index,BUY,6151.492,6148.596,-1.45,-28960.000000006403,0.5,2025-04-20 12:59:12,2025-04-20 13:18:42,19,,LOSS,BullishreversalH
4202835333,Boom 500 Index,BUY,4813.719,4807.747,-1.19,-59719.999999997526,0.2,2025-04-20 12:59:25,2025-04-20 13:08:36,9,,LOSS,Bullishbreakouta
4202846314,Boom 500 Index,BUY,4811.745,4806.907,-0.97,-48379.99999999738,0.2,2025-04-20 13:11:59,2025-04-20 13:19:40,7,,LOSS,Bullishbreakouta
4202846783,Volatility 50 Index,BUY,159.9651,159.9312,-0.14,-339.00000000016917,4.0,2025-04-20 13:12:36,2025-04-20 13:14:24,1,,LOSS,Bullishbreakouta
4202846907,Range Break 100 Index,SELL,55930.1,55961.8,-1.5899999999999999,-317000.00000004366,0.05,2025-04-20 13:12:42,2025-04-20 13:15:37,2,,LOSS,Bearishbreakdown
4202852295,Volatility 10 Index,BUY,6148.641,6146.728,-0.96,-19129.99999999556,0.5,2025-04-20 13:18:54,2025-04-20 13:55:48,36,,LOSS,Bullishbreakouta
4202852337,Volatility 50 Index,BUY,159.5612,159.5417,-0.08,-195.00000000022055,4.0,2025-04-20 13:18:58,2025-04-20 13:21:42,2,,LOSS,Bullishbreakouta
4202852440,Range Break 100 Index,SELL,55958.1,55933.8,1.22,242999.99999995634,0.05,2025-04-20 13:19:04,2025-04-20 13:30:21,11,,WIN,Bearishbreakdown
4202857867,Volatility 50 Index,BUY,159.6354,159.3937,-0.97,-2417.000000000087,4.0,2025-04-20 13:25:30,2025-04-20 13:26:42,1,,LOSS,Bullishbreakouta
4202863390,Volatility 50 Index,BUY,159.2878,159.191,-0.39,-968.0000000000177,4.0,2025-04-20 13:31:50,2025-04-20 13:34:56,3,,LOSS,Bullishbreakouta
4202863496,Range Break 100 Index,SELL,55930.1,55932.8,-0.14,-27000.000000043656,0.05,2025-04-20 13:31:54,2025-04-20 14:52:30,80,,LOSS,Bearishbreakdown
4202868522,Volatility 50 Index,BUY,159.2487,159.3282,0.32,794.9999999999591,4.0,2025-04-20 13:38:10,2025-04-20 13:41:54,3,,WIN,Bullishbreakouta
4202874140,Volatility 50 Index,BUY,159.2882,159.1813,-0.43,-1068.99999999996,4.0,2025-04-20 13:44:24,2025-04-20 13:46:46,2,,LOSS,Bullishbreakouta
4202880264,Volatility 50 Index,BUY,158.7719,158.9612,0.76,1893.000000000029,4.0,2025-04-20 13:50:38,2025-04-20 14:01:38,11,,WIN,Bullishbreakouta
4202886302,Volatility 10 Index,BUY,6145.946,6157.774,5.91,118280.0000000043,0.5,2025-04-20 13:56:50,2025-04-20 15:51:44,114,,WIN,Bullishbreakouta
4203064903,Crash 500 Index,SELL,3247.513,3243.531,0.8,39819.99999999971,0.2,2025-04-20 17:00:32,2025-04-20 17:02:16,1,,WIN,Bearishbreakdown
4203064938,Jump 50 Index,SELL,37590.04,37581.79,0.41,82500.0,0.05,2025-04-20 17:00:35,2025-04-20 17:19:11,18,,WIN,Bearishbreakdown
4203071009,Crash 500 Index,SELL,3245.051,3250.029,-1.0,-49780.000000000655,0.2,2025-04-20 17:06:48,2025-04-20 17:24:48,18,,LOSS,Bearishbreakdown
4203090190,Volatility 25 Index,SELL,2361.239,2366.257,-2.51,-50180.00000000029,0.5,2025-04-20 17:23:56,2025-04-20 17:40:06,16,,LOSS,Bearishbreakdown
4203090308,Jump 10 Index,BUY,88263.08,88211.0,-2.6,-520800.00000001746,0.05,2025-04-20 17:24:01,2025-04-20 18:03:37,39,,LOSS,BullishreversalH
4203110332,Volatility 25 Index,SELL,2365.023,2353.496,5.76,115270.00000000044,0.5,2025-04-20 17:42:38,2025-04-21 01:23:00,460,,WIN,Bearishbreakdown
4203116307,Volatility 10 Index,BUY,6155.424,6153.467,-0.98,-19570.000000003347,0.5,2025-04-20 17:49:08,2025-04-20 17:51:16,2,,LOSS,BullishreversalH
4203135225,Volatility 10 Index,BUY,6156.926,6158.274,0.67,13479.999999999563,0.5,2025-04-20 18:07:44,2025-04-20 18:27:48,20,,WIN,BullishreversalH
4203135334,Jump 10 Index,BUY,88218.51,88253.83,1.77,353200.00000006985,0.05,2025-04-20 18:07:48,2025-04-20 19:20:57,73,,WIN,BullishreversalH
4203162834,Volatility 10 Index,BUY,6159.892,6158.34,-0.78,-15519.999999996799,0.5,2025-04-20 18:32:26,2025-04-20 19:01:50,29,,LOSS,BullishreversalH
4203193605,Volatility 10 Index,BUY,6159.319,6158.139,-0.59,-11800.00000000291,0.5,2025-04-20 19:03:24,2025-04-20 19:38:48,35,,LOSS,BullishreversalH
4203209610,Crash 300 Index,SELL,3415.548,3460.265,-22.36,-447170.000000001,0.5,2025-04-20 19:19:37,2025-04-20 20:22:53,63,,LOSS,Bearishbreakdown
4203215651,Jump 10 Index,BUY,88156.72,88172.11,0.77,153899.99999999418,0.05,2025-04-20 19:25:56,2025-04-20 20:21:38,55,,WIN,BullishreversalH
4203273966,Jump 10 Index,BUY,88238.87,88186.02,-2.64,-528499.9999999127,0.05,2025-04-20 20:27:39,2025-04-20 21:06:08,38,,LOSS,BullishreversalH
4203285516,Crash 300 Index,SELL,3471.955,3516.465,-22.26,-445100.0000000022,0.5,2025-04-20 20:40:00,2025-04-20 22:57:02,137,,LOSS,Bearishbreakdown
4203313022,Jump 10 Index,BUY,88207.1,88164.66,-2.12,-424400.0000000233,0.05,2025-04-20 21:08:04,2025-04-20 21:20:59,12,,LOSS,BullishreversalH
4203330741,Jump 10 Index,BUY,88171.69,88117.5,-2.71,-541900.0000000233,0.05,2025-04-20 21:26:38,2025-04-20 21:34:21,7,,LOSS,BullishreversalH
4203340720,Jump 10 Index,BUY,88145.28,88157.63,0.62,123500.00000005821,0.05,2025-04-20 21:39:00,2025-04-20 22:40:21,61,,WIN,BullishreversalH
4203389099,Jump 10 Index,BUY,88156.72,88134.56,-1.11,-221600.00000003492,0.05,2025-04-20 22:40:38,2025-04-20 23:30:43,50,,LOSS,BullishreversalH
4203415844,Crash 300 Index,SELL,3511.069,3555.669,-22.3,-445999.99999999907,0.5,2025-04-20 23:15:37,2025-04-20 23:50:06,34,,LOSS,Bearishbreakdown
4203450667,Jump 10 Index,BUY,88174.84,88369.75,9.75,1949100.000000035,0.05,2025-04-21 00:01:15,2025-04-21 00:54:57,53,,WIN,BullishreversalH
4203487606,Jump 10 Index,BUY,88368.28,88378.51,0.51,102299.99999995925,0.05,2025-04-21 00:56:52,2025-04-21 02:15:51,78,,WIN,BullishreversalH
4203506621,Volatility 25 Index,SELL,2354.753,2348.992,2.88,57609.99999999967,0.5,2025-04-21 01:23:40,2025-04-21 02:54:14,90,,WIN,Bearishbreakdown
4203544433,Jump 10 Index,BUY,88393.0,88329.68,-3.17,-633200.0000000698,0.05,2025-04-21 02:19:08,2025-04-21 02:40:04,20,,LOSS,BullishreversalH
4203560500,Jump 10 Index,BUY,88297.58,88299.78,0.11,21999.999999970896,0.05,2025-04-21 02:43:46,2025-04-21 03:24:24,40,,WIN,BullishreversalH
4203567450,Volatility 25 Index,SELL,2348.214,2348.121,0.05,929.999999998472,0.5,2025-04-21 02:56:06,2025-04-21 03:28:20,32,,WIN,Bearishbreakdown
4203586227,Jump 10 Index,BUY,88319.82,88327.2,0.37,73799.99999990105,0.05,2025-04-21 03:26:57,2025-04-21 03:52:52,25,,WIN,BullishreversalH
4203589431,Volatility 25 Index,SELL,2351.431,2341.499,4.97,99320.00000000244,0.5,2025-04-21 03:33:08,2025-04-21 04:52:58,79,,WIN,Bearishbreakdown
4203601139,Jump 10 Index,BUY,88384.74,88563.66,8.95,1789199.9999999825,0.05,2025-04-21 03:57:49,2025-04-21 05:43:17,105,,WIN,BullishreversalH
4203631933,Volatility 25 Index,SELL,2341.973,2351.608,-4.82,-96350.00000000218,0.5,2025-04-21 04:53:16,2025-04-21 05:59:46,66,,LOSS,Bearishbreakdown
4203660233,Crash 300 Index,SELL,3407.163,3451.907,-22.37,-447440.0000000014,0.5,2025-04-21 05:38:25,2025-04-21 07:19:46,101,,LOSS,Bearishbreakdown
4203666285,Jump 10 Index,BUY,88508.5,88532.82,1.22,243200.00000006985,0.05,2025-04-21 05:48:42,2025-04-21 05:50:34,1,,WIN,BullishreversalH
4203670052,Jump 10 Index,BUY,88494.59,88431.91,-3.13,-626799.9999999302,0.05,2025-04-21 05:54:53,2025-04-21 06:14:28,19,,LOSS,BullishreversalH
4203673854,Volatility 25 Index,SELL,2352.051,2341.802,5.12,102489.99999999796,0.5,2025-04-21 06:01:02,2025-04-21 09:47:36,226,,WIN,Bearishbreakdown
4203688942,Jump 10 Index,BUY,88468.46,88532.05,3.18,635899.9999999651,0.05,2025-04-21 06:19:35,2025-04-21 06:47:44,28,,WIN,BullishreversalH
4203711270,Jump 10 Index,BUY,88507.27,88596.64,4.47,893699.9999999534,0.05,2025-04-21 06:50:24,2025-04-21 06:53:23,2,,WIN,BullishreversalH
4203716225,Jump 10 Index,BUY,88597.82,88610.01,0.61,121899.99999987776,0.05,2025-04-21 06:56:36,2025-04-21 06:59:08,2,,WIN,BullishreversalH
4203721195,Jump 10 Index,BUY,88587.08,88483.33,-5.19,-1037500.0,0.05,2025-04-21 07:02:47,2025-04-21 07:10:23,7,,LOSS,BullishreversalH
4203733043,Jump 10 Index,BUY,88497.0,88430.38,-3.33,-666199.9999999534,0.05,2025-04-21 07:15:08,2025-04-21 07:23:33,8,,LOSS,BullishreversalH
4203744804,Jump 10 Index,BUY,88484.56,88401.94,-4.13,-826199.9999999534,0.05,2025-04-21 07:27:29,2025-04-21 07:33:59,6,,LOSS,BullishreversalH
4203755101,Jump 10 Index,BUY,88373.4,88294.2,-3.96,-791999.9999999709,0.05,2025-04-21 07:39:49,2025-04-21 07:46:40,6,,LOSS,BullishreversalH
4203766297,Jump 10 Index,BUY,88222.73,88170.8,-2.6,-519299.99999993015,0.05,2025-04-21 07:52:11,2025-04-21 08:14:05,21,,LOSS,BullishreversalH
4203789902,Crash 300 Index,SELL,3457.212,3501.566,-22.18,-443539.99999999814,0.5,2025-04-21 08:18:57,2025-04-21 11:59:34,220,,LOSS,Bearishbreakdown
4203789944,Jump 10 Index,BUY,88177.99,88112.3,-3.2800000000000002,-656900.0000000233,0.05,2025-04-21 08:19:00,2025-04-21 08:43:31,24,,LOSS,BullishreversalH
4204010764,Volatility 25 Index,SELL,2363.26,2366.066,-1.4,-28059.999999995853,0.5,2025-04-21 11:31:56,2025-04-21 11:39:26,7,,LOSS,Bearishbreakdown
4204010852,Jump 10 Index,BUY,87825.64,87934.78,5.46,1091399.9999999942,0.05,2025-04-21 11:32:02,2025-04-21 12:01:56,29,,WIN,BullishreversalH
4204022970,Crash 500 Index,BUY,3213.183,3207.493,-1.1400000000000001,-56900.000000000546,0.2,2025-04-21 11:43:31,2025-04-21 11:47:41,4,,LOSS,BullishreversalH
4204023014,Boom 300 Index,BUY,1860.813,1857.457,-3.36,-33559.99999999994,1.0,2025-04-21 11:43:34,2025-04-21 12:01:58,18,,LOSS,Bullishbreakouta
4204029912,Crash 500 Index,BUY,3208.659,3205.825,-0.57,-28340.000000002874,0.2,2025-04-21 11:49:49,2025-04-21 12:00:39,10,,LOSS,BullishreversalH
4204042027,Volatility 50 Index,BUY,163.7658,164.0239,1.03,2580.9999999998468,4.0,2025-04-21 12:02:24,2025-04-21 12:10:30,8,,WIN,Bullishbreakouta
4204042073,Volatility 75 Index,BUY,131752.03,131264.35,-24.38,-4876799.99999993,0.05,2025-04-21 12:02:28,2025-04-21 12:05:52,3,,LOSS,BullishreversalH
4204042171,Boom 300 Index,SELL,1856.738,1807.147,49.59,495910.0000000012,1.0,2025-04-21 12:02:36,2025-04-21 14:12:37,130,,WIN,Bearishbreakdown
4204050629,Volatility 50 Index,BUY,164.078,164.1482,0.28,701.9999999999982,4.0,2025-04-21 12:11:06,2025-04-21 12:13:46,2,,WIN,Bullishbreakouta
4204059735,Volatility 50 Index,BUY,164.4345,164.2479,-0.75,-1866.0000000002697,4.0,2025-04-21 12:17:18,2025-04-21 12:17:52,0,,LOSS,Bullishbreakouta
4204068844,Volatility 50 Index,BUY,164.2341,164.1167,-0.47,-1174.000000000035,4.0,2025-04-21 12:23:28,2025-04-21 12:26:12,2,,LOSS,Bullishbreakouta
4204075963,Volatility 50 Index,BUY,164.2109,164.1046,-0.43,-1063.000000000045,4.0,2025-04-21 12:29:46,2025-04-21 12:31:00,1,,LOSS,Bullishbreakouta
4204155335,Volatility 50 Index,BUY,163.1509,163.2162,0.26,652.9999999997926,4.0,2025-04-21 13:31:22,2025-04-21 13:33:14,1,,WIN,Bullishbreakouta
4204164250,Volatility 50 Index,BUY,163.2406,163.2655,0.1,249.00000000002365,4.0,2025-04-21 13:37:38,2025-04-21 13:39:50,2,,WIN,Bullishbreakouta
4204172262,Volatility 50 Index,BUY,163.2118,163.3341,0.49,1222.9999999999563,4.0,2025-04-21 13:43:58,2025-04-21 13:46:32,2,,WIN,Bullishbreakouta
4204181699,Volatility 50 Index,BUY,163.3695,163.3123,-0.23,-571.9999999999459,4.0,2025-04-21 13:50:12,2025-04-21 13:51:12,1,,LOSS,Bullishbreakouta
4204190200,Volatility 50 Index,BUY,162.9069,163.262,1.42,3550.999999999931,4.0,2025-04-21 13:56:22,2025-04-21 14:04:16,7,,WIN,Bullishbreakouta
4204195107,Volatility 10 Index,BUY,6203.416,6204.364,0.47,9479.999999994106,0.5,2025-04-21 13:59:46,2025-04-21 14:04:00,4,,WIN,Bullishbreakouta
4204195150,Crash 500 Index,SELL,3194.769,3166.554,5.64,282149.9999999969,0.2,2025-04-21 13:59:48,2025-04-21 19:07:32,307,,WIN,Bearishbreakdown
4204195187,Boom 1000 Index,SELL,21097.058,21214.109,-23.41,-1170509.9999999949,0.2,2025-04-21 13:59:51,2025-04-21 14:35:23,35,,LOSS,Bearishbreakdown
4204197225,Jump 50 Index,SELL,36912.8,36630.84,14.1,2819600.0000000643,0.05,2025-04-21 14:00:56,2025-04-21 17:46:28,225,,WIN,Bearishbreakdown
4204217089,Boom 300 Index,SELL,1806.473,1741.341,65.13,651320.0000000006,1.0,2025-04-21 14:12:57,2025-04-21 16:37:46,144,,WIN,Bearishbreakdown
4204237202,Volatility 10 Index,BUY,6210.652,6206.864,-1.8900000000000001,-37880.00000000466,0.5,2025-04-21 14:26:50,2025-04-21 14:54:04,27,,LOSS,Signaltrade
4204237344,Step Index,BUY,8568.1,8558.3,-9.8,-98000.00000001091,0.1,2025-04-21 14:26:53,2025-04-21 16:03:23,96,,LOSS,Signaltrade
4204259413,Volatility 10 Index,BUY,6209.438,6208.418,-0.51,-10200.000000004366,0.5,2025-04-21 14:39:42,2025-04-21 15:41:18,61,,LOSS,
4204515919,Volatility 10 Index,BUY,6204.167,6204.416,0.12,2489.9999999979627,0.5,2025-04-21 17:54:26,2025-04-21 18:59:04,64,,WIN,Signaltrade
4204524031,Range Break 200 Index,BUY,81344.6,81197.3,-7.37,-1473000.000000029,0.05,2025-04-21 18:01:00,2025-04-21 21:00:00,179,,LOSS,Signaltrade
4204598231,Volatility 10 Index,BUY,6204.673,6227.202,11.26,225290.0000000045,0.5,2025-04-21 19:01:20,2025-04-21 23:17:18,255,,WIN,Signaltrade
4204847684,Boom 300 Index,SELL,1737.284,1680.701,56.58,565830.0000000008,1.0,2025-04-21 22:55:00,2025-04-22 01:09:23,134,,WIN,Bearishbreakdown
4204869442,Volatility 50 Index,BUY,160.3467,160.3075,-0.16,-391.99999999993906,4.0,2025-04-21 23:20:50,2025-04-21 23:22:22,1,,LOSS,BullishreversalI
4204869501,Crash 500 Index,SELL,3145.148,3144.993,0.03,1550.000000002001,0.2,2025-04-21 23:20:53,2025-04-22 05:14:02,353,,WIN,Bearishbreakdown
4204869539,Jump 50 Index,SELL,36539.99,36640.16,-5.01,-1001700.0000000553,0.05,2025-04-21 23:20:57,2025-04-21 23:44:44,23,,LOSS,Bearishbreakdown
4204869558,Step Index,SELL,8523.8,8506.5,17.3,172999.99999999272,0.1,2025-04-21 23:21:00,2025-04-22 05:51:35,390,,WIN,Bearishbreakdown
4204875747,Volatility 50 Index,BUY,160.2998,160.737,1.75,4371.9999999999,4.0,2025-04-21 23:27:40,2025-04-21 23:33:54,6,,WIN,BullishreversalI
4204880991,Volatility 50 Index,BUY,160.7462,160.9969,1.0,2507.0000000002324,4.0,2025-04-21 23:34:12,2025-04-21 23:35:34,1,,WIN,BullishreversalI
4204885018,Volatility 50 Index,BUY,160.9794,160.8544,-0.5,-1250.0,4.0,2025-04-21 23:40:52,2025-04-21 23:41:30,0,,LOSS,BullishreversalI
4204885780,Volatility 50 Index,BUY,160.9417,160.8402,-0.41,-1014.9999999998727,4.0,2025-04-21 23:42:02,2025-04-21 23:43:26,1,,LOSS,BullishreversalI
4204885854,Boom 1000 Index,SELL,21115.514,21173.802,-11.66,-582880.0000000047,0.2,2025-04-21 23:42:09,2025-04-22 02:24:16,162,,LOSS,Bearishbreakdown
4204890050,Volatility 50 Index,BUY,160.9385,161.0887,0.6,1501.999999999839,4.0,2025-04-21 23:48:40,2025-04-21 23:49:52,1,,WIN,BullishreversalI
4204890196,Jump 50 Index,SELL,36578.93,36102.21,23.84,4767200.000000011,0.05,2025-04-21 23:48:45,2025-04-22 03:44:27,235,,WIN,Bearishbreakdown
4204911438,Volatility 50 Index,BUY,160.9372,161.0583,0.48,1211.0000000001264,4.0,2025-04-22 00:21:24,2025-04-22 00:22:14,0,,WIN,BullishreversalI
4204915129,Volatility 50 Index,BUY,161.7085,161.5331,-0.7,-1753.9999999999623,4.0,2025-04-22 00:27:50,2025-04-22 00:30:08,2,,LOSS,BullishreversalI
4204964745,Volatility 50 Index,BUY,161.8979,161.8065,-0.37,-913.9999999999304,4.0,2025-04-22 01:46:48,2025-04-22 01:47:56,1,,LOSS,BullishreversalI
4205011037,Volatility 10 Index,BUY,6238.755,6232.765,-3.0,-59899.99999999782,0.5,2025-04-22 03:01:10,2025-04-22 04:28:56,87,,LOSS,Signaltrade
4205409703,Volatility 10 Index,BUY,6244.542,6250.407,2.93,58649.99999999782,0.5,2025-04-22 10:23:38,2025-04-22 12:56:54,153,,WIN,Signaltrade
4205513514,Step Index,SELL,8514.7,8530.7,-16.0,-160000.0,0.1,2025-04-22 11:53:29,2025-04-22 20:07:51,494,,LOSS,Signaltrade
4205655632,Range Break 200 Index,BUY,81321.6,81432.3,5.54,1106999.999999971,0.05,2025-04-22 13:48:19,2025-04-22 13:53:01,4,,WIN,Signaltrade
4205666504,Range Break 200 Index,BUY,81426.6,81432.3,0.29,56999.999999970896,0.05,2025-04-22 13:54:23,2025-04-22 13:55:03,0,,WIN,Signaltrade
4205675621,Range Break 200 Index,BUY,81426.6,81289.3,-6.87,-1373000.000000029,0.05,2025-04-22 14:00:25,2025-04-22 14:43:36,43,,LOSS,Signaltrade
4205751494,Range Break 200 Index,BUY,81302.6,81054.3,-12.42,-2483000.000000029,0.05,2025-04-22 14:48:31,2025-04-22 15:23:47,35,,LOSS,Signaltrade
4205805194,Range Break 200 Index,BUY,81059.6,80943.3,-5.82,-1163000.000000029,0.05,2025-04-22 15:24:36,2025-04-22 16:24:28,59,,LOSS,Signaltrade
4205888723,Range Break 200 Index,BUY,80948.6,80985.3,1.8399999999999999,366999.9999999709,0.05,2025-04-22 16:24:45,2025-04-22 17:03:30,38,,WIN,Signaltrade
4205952450,Boom 300 Index,BUY,1768.674,1767.985,-0.69,-6890.000000000782,1.0,2025-04-22 17:07:23,2025-04-22 18:06:52,59,,LOSS,Bullishbreakouta
4205952513,Boom 1000 Index,BUY,21241.019,21221.096,-3.98,-199229.99999998865,0.2,2025-04-22 17:07:26,2025-04-22 17:36:03,28,,LOSS,Bullishbreakouta
4205953901,XAUUSD,SELL,3417.41,3392.68,123.65,247300.00000000017,0.05,2025-04-22 17:08:31,2025-04-22 17:58:28,49,,WIN,Bearishbreakdown
4206014878,Boom 1000 Index,BUY,21203.994,21182.885,-21.11,-211090.00000000378,1.0,2025-04-22 17:50:50,2025-04-22 18:12:07,21,,LOSS,
4206029994,XAUUSD,SELL,3389.83,3399.7,-49.35,-98699.99999999891,0.05,2025-04-22 18:01:35,2025-04-22 18:16:12,14,,LOSS,Bearishbreakdown
4206030700,XAUUSD,BUY,3389.03,3388.62,-41.0,-4100.000000003092,1.0,2025-04-22 18:02:11,2025-04-22 18:02:33,0,,LOSS,
4206038964,Boom 300 Index,BUY,1767.229,1767.049,-0.18,-1800.0000000006366,1.0,2025-04-22 18:08:13,2025-04-22 18:48:06,39,,LOSS,Bullishbreakouta
4206061962,XAUUSD,SELL,3405.5,3396.28,46.1,92199.99999999799,0.05,2025-04-22 18:22:07,2025-04-22 19:12:34,50,,WIN,Bearishbreakdown
4206096363,Boom 300 Index,BUY,1767.415,1799.281,31.87,318659.9999999999,1.0,2025-04-22 18:48:12,2025-04-22 19:59:06,70,,WIN,Bullishbreakouta
4206114828,Boom 1000 Index,BUY,21147.408,21152.552,1.03,51440.00000000233,0.2,2025-04-22 19:01:09,2025-04-22 19:30:37,29,,WIN,Bullishbreakouta
4206130443,XAUUSD,SELL,3397.35,3382.92,72.15,144299.99999999837,0.05,2025-04-22 19:14:03,2025-04-22 20:00:21,46,,WIN,Bearishbreakdown
4206186970,Boom 1000 Index,BUY,21123.11,21099.145,-4.79,-239650.00000000146,0.2,2025-04-22 19:55:20,2025-04-22 20:19:00,23,,LOSS,Bullishbreakouta
4206203911,Boom 300 Index,BUY,1801.891,1835.612,33.72,337210.00000000006,1.0,2025-04-22 20:06:46,2025-04-22 22:25:00,138,,WIN,Bullishbreakouta
4206203956,XAUUSD,SELL,3385.2,3320.56,323.2,646399.9999999987,0.05,2025-04-22 20:06:48,2025-04-22 23:01:00,174,,WIN,Bearishbreakdown
4206221093,Boom 1000 Index,BUY,21099.36,21116.552,3.44,171919.99999999098,0.2,2025-04-22 20:20:15,2025-04-22 21:25:59,65,,WIN,Bullishbreakouta
4206305048,Boom 1000 Index,BUY,21111.945,21183.36,14.28,714150.0000000087,0.2,2025-04-22 21:30:42,2025-04-22 22:14:04,43,,WIN,Bullishbreakouta
4206384730,Boom 300 Index,BUY,1828.238,1828.193,-0.05,-450.0000000007276,1.0,2025-04-22 22:58:09,2025-04-23 00:04:52,66,,LOSS,Bullishbreakouta
4206406347,Boom 1000 Index,BUY,21152.158,21143.416,-1.75,-87419.9999999837,0.2,2025-04-22 23:13:50,2025-04-22 23:38:12,24,,LOSS,Bullishbreakouta
4206409783,XAUUSD,SELL,3325.74,3332.03,-31.45,-62900.000000004184,0.05,2025-04-22 23:17:13,2025-04-22 23:39:20,22,,LOSS,Bearishbreakdown
4206435094,Boom 1000 Index,SELL,21157.797,21171.58,-2.76,-137830.00000003085,0.2,2025-04-22 23:44:20,2025-04-23 00:08:33,24,,LOSS,Bearishbreakdown
4206449371,Crash 500 Index,BUY,3179.208,3180.052,0.17,8440.00000000051,0.2,2025-04-23 00:01:50,2025-04-23 00:07:07,5,,WIN,Bullishbreakouta
4206458707,Crash 500 Index,BUY,3183.101,3184.025,0.18,9239.999999999782,0.2,2025-04-23 00:14:28,2025-04-23 00:17:35,3,,WIN,Bullishbreakouta
4206458720,Crash 1000 Index,SELL,4998.088,4971.089,5.4,269989.99999999796,0.2,2025-04-23 00:14:32,2025-04-23 06:44:39,390,,WIN,Bearishbreakdown
4206458761,Step Index,SELL,8531.4,8531.2,0.2,1999.999999989086,0.1,2025-04-23 00:14:40,2025-04-23 02:25:28,130,,WIN,BearishreversalH
4206458786,Boom 1000 Index,SELL,21161.914,21208.785,-9.37,-468709.99999999185,0.2,2025-04-23 00:14:42,2025-04-23 00:29:35,14,,LOSS,Signaltrade
4206463173,Crash 500 Index,BUY,3185.787,3187.382,0.32,15950.000000002547,0.2,2025-04-23 00:21:16,2025-04-23 00:38:53,17,,WIN,Bullishbreakouta
4206473521,Boom 1000 Index,SELL,21198.772,21214.224,-3.09,-154519.99999997497,0.2,2025-04-23 00:35:43,2025-04-23 00:52:12,16,,LOSS,Signaltrade
4206477514,Crash 500 Index,BUY,3184.354,3175.343,-1.8,-90109.99999999968,0.2,2025-04-23 00:42:26,2025-04-23 00:46:20,3,,LOSS,Bullishbreakouta
4206484011,Volatility 10 Index,BUY,6277.244,6276.191,-0.53,-10529.999999998836,0.5,2025-04-23 00:52:38,2025-04-23 01:52:32,59,,LOSS,Bullishbreakouta
4206484220,Jump 50 Index,SELL,35674.43,35468.23,10.31,2061999.999999971,0.05,2025-04-23 00:52:56,2025-04-23 02:19:00,86,,WIN,Bearishbreakdown
4206484267,Boom 1000 Index,BUY,21213.185,21191.915,-4.25,-212700.00000000437,0.2,2025-04-23 00:53:00,2025-04-23 01:08:16,15,,LOSS,Signaltrade
4206497776,Boom 1000 Index,BUY,21185.761,21178.561,-1.44,-71999.9999999709,0.2,2025-04-23 01:14:31,2025-04-23 01:18:31,4,,LOSS,Bullishbreakouta
4206501363,Boom 1000 Index,BUY,21176.866,21153.066,-4.76,-238000.0000000291,0.2,2025-04-23 01:21:19,2025-04-23 01:38:34,17,,LOSS,Signaltrade
4206514052,Boom 1000 Index,BUY,21168.075,21146.877,-4.24,-211980.0000000032,0.2,2025-04-23 01:41:58,2025-04-23 01:56:53,14,,LOSS,Signaltrade
4206626270,Step Index,SELL,8515.4,8517.5,-2.1,-21000.000000003638,0.1,2025-04-23 04:17:18,2025-04-23 10:54:09,396,,LOSS,Signaltrade
4207000868,Crash 500 Index,SELL,3150.732,3150.213,0.1,5189.999999997781,0.2,2025-04-23 10:37:55,2025-04-23 11:24:07,46,,WIN,Signaltrade
4207021868,Step Index,SELL,8515.3,8478.3,37.0,370000.0,0.1,2025-04-23 10:55:59,2025-04-23 22:16:07,680,,WIN,Signaltrade
4207025880,Volatility 10 Index,BUY,6269.133,6267.712,-0.71,-14209.99999999367,0.5,2025-04-23 10:59:32,2025-04-23 11:36:26,36,,LOSS,Signaltrade
4207079951,Volatility 10 Index,BUY,6265.871,6260.703,-2.58,-51679.99999999665,0.5,2025-04-23 11:41:30,2025-04-23 12:10:58,29,,LOSS,Signaltrade
4207123351,Volatility 10 Index,BUY,6261.677,6278.822,8.57,171450.00000000437,0.5,2025-04-23 12:15:48,2025-04-23 14:38:52,143,,WIN,Signaltrade
4207205889,Range Break 200 Index,BUY,80973.6,80780.3,-9.67,-1933000.000000029,0.05,2025-04-23 13:14:29,2025-04-23 13:45:10,30,,LOSS,Signaltrade
4207916927,Crash 500 Index,SELL,3124.072,3123.887,0.04,1849.9999999994543,0.2,2025-04-23 21:49:25,2025-04-24 02:16:36,267,,WIN,Bearishbreakdown
4207917100,Boom 300 Index,BUY,1806.735,1824.645,17.91,179100.00000000081,1.0,2025-04-23 21:49:35,2025-04-23 23:17:15,87,,WIN,BullishreversalH
4207917145,XAUUSD,SELL,3288.5,3303.18,-73.4,-146799.99999999837,0.05,2025-04-23 21:49:37,2025-04-23 23:02:08,72,,LOSS,Bearishbreakdown
4207917171,Boom 1000 Index,SELL,20939.495,20909.068,6.09,304269.9999999968,0.2,2025-04-23 21:49:40,2025-04-23 22:15:16,25,,WIN,Bearishbreakdown
4207917227,Range Break 200 Index,BUY,81238.6,81246.3,0.39,76999.9999999709,0.05,2025-04-23 21:49:44,2025-04-23 21:52:06,2,,WIN,BullishreversalH
4207922686,Range Break 200 Index,BUY,81246.6,80902.3,-17.22,-3443000.000000029,0.05,2025-04-23 21:55:54,2025-04-23 22:56:51,60,,LOSS,BullishreversalH
4207936530,Crash 1000 Index,SELL,5019.438,5035.384,-3.19,-159459.99999999913,0.2,2025-04-23 22:14:25,2025-04-23 23:05:50,51,,LOSS,Bearishbreakdown
4207942000,Boom 1000 Index,SELL,20951.397,21035.753,-16.87,-843559.9999999977,0.2,2025-04-23 22:20:38,2025-04-23 22:40:52,20,,LOSS,Bearishbreakdown
4207942030,Step Index,SELL,8481.4,8472.2,9.2,91999.99999998909,0.1,2025-04-23 22:20:40,2025-04-24 03:20:14,299,,WIN,Bearishbreakdown
4207964267,Boom 1000 Index,SELL,21020.253,21052.986,-6.55,-327330.00000000175,0.2,2025-04-23 22:51:51,2025-04-23 22:57:28,5,,LOSS,Bearishbreakdown
4207975272,XAUUSD,SELL,3305.32,3324.59,-96.35,-192699.99999999983,0.05,2025-04-23 23:04:42,2025-04-24 01:20:01,135,,LOSS,Bearishbreakdown
4207982280,Crash 1000 Index,SELL,5036.657,5037.643,-0.2,-9859.999999998763,0.2,2025-04-23 23:11:13,2025-04-24 02:01:43,170,,LOSS,Bearishbreakdown
4207999193,Boom 1000 Index,SELL,21025.204,21055.722,-6.1,-305180.0000000003,0.2,2025-04-23 23:32:10,2025-04-24 00:04:56,32,,LOSS,Bearishbreakdown
4208011500,Jump 50 Index,SELL,34804.72,34801.56,0.16,31600.000000034925,0.05,2025-04-23 23:50:28,2025-04-24 02:11:43,141,,WIN,Bearishbreakdown
4208011516,Range Break 200 Index,SELL,80745.3,80882.6,-6.87,-1373000.000000029,0.05,2025-04-23 23:50:31,2025-04-24 04:20:35,270,,LOSS,Signaltrade
4208062711,Boom 300 Index,SELL,1813.49,1765.023,48.47,484670.000000001,1.0,2025-04-24 01:14:11,2025-04-24 02:32:49,78,,WIN,Bearishbreakdown
4208093602,Crash 1000 Index,BUY,5039.305,5034.381,-0.98,-49239.99999999978,0.2,2025-04-24 02:06:46,2025-04-24 02:08:43,1,,LOSS,Bullishbreakouta
4208097227,Crash 1000 Index,BUY,5035.875,5042.246,1.27,63710.000000000946,0.2,2025-04-24 02:12:56,2025-04-24 02:34:21,21,,WIN,Bullishbreakouta
4208102113,Jump 50 Index,SELL,34727.5,34779.15,-2.58,-516500.00000001455,0.05,2025-04-24 02:19:10,2025-04-24 02:20:05,0,,LOSS,Bearishbreakdown
4208104636,Jump 50 Index,SELL,34739.43,34767.76,-1.42,-283300.00000001746,0.05,2025-04-24 02:22:33,2025-04-24 02:27:01,4,,LOSS,Bearishbreakdown
4208104646,Crash 500 Index,SELL,3125.882,3122.519,0.67,33630.00000000284,0.2,2025-04-24 02:22:36,2025-04-24 04:01:58,99,,WIN,Signaltrade
4208104657,Boom 1000 Index,BUY,21017.719,20996.442,-4.26,-212770.00000001863,0.2,2025-04-24 02:22:37,2025-04-24 02:37:23,14,,LOSS,Signaltrade
4208112468,Jump 50 Index,SELL,34741.11,34765.89,-1.24,-247799.99999998836,0.05,2025-04-24 02:35:02,2025-04-24 02:45:59,10,,LOSS,Bearishbreakdown
4208135773,Boom 300 Index,BUY,1782.238,1777.2,-5.04,-50380.00000000011,1.0,2025-04-24 03:13:42,2025-04-24 03:33:40,19,,LOSS,Bullishbreakouta
4208149619,Boom 300 Index,BUY,1774.282,1792.339,18.06,180570.00000000017,1.0,2025-04-24 03:37:27,2025-04-24 04:34:31,57,,WIN,Bullishbreakouta
4208152830,Jump 50 Index,SELL,34863.22,34661.75,10.07,2014700.0000000116,0.05,2025-04-24 03:41:46,2025-04-24 04:34:31,52,,WIN,Bearishbreakdown
4208189297,Boom 300 Index,BUY,1789.374,1815.27,25.9,258959.9999999996,1.0,2025-04-24 04:37:57,2025-04-24 05:07:17,29,,WIN,Bullishbreakouta
4208189325,Jump 50 Index,SELL,34609.33,34797.69,-9.42,-1883600.0000000058,0.05,2025-04-24 04:38:00,2025-04-24 05:02:47,24,,LOSS,Bearishbreakdown
4208207919,Jump 50 Index,SELL,34782.14,34293.55,24.43,4885899.999999965,0.05,2025-04-24 05:08:36,2025-04-24 09:11:24,242,,WIN,Bearishbreakdown
4208215275,Boom 300 Index,BUY,1805.105,1792.129,-12.98,-129760.00000000114,1.0,2025-04-24 05:20:49,2025-04-24 05:46:16,25,,LOSS,Bullishbreakouta
4208235921,Boom 300 Index,BUY,1787.55,1812.319,24.77,247690.00000000006,1.0,2025-04-24 05:51:26,2025-04-24 06:50:40,59,,WIN,Bullishbreakouta
4208304531,Boom 300 Index,BUY,1804.755,1791.8,-12.96,-129550.00000000154,1.0,2025-04-24 07:04:50,2025-04-24 07:17:55,13,,LOSS,Bullishbreakouta
4208326259,Boom 300 Index,BUY,1787.268,1807.6,20.33,203319.9999999988,1.0,2025-04-24 07:23:11,2025-04-24 08:10:45,47,,WIN,Bullishbreakouta
4208394865,Boom 300 Index,BUY,1804.149,1791.212,-12.94,-129369.99999999898,1.0,2025-04-24 08:24:17,2025-04-24 08:38:06,13,,LOSS,Bullishbreakouta
4208414211,Boom 300 Index,BUY,1787.468,1811.448,23.98,239800.00000000017,1.0,2025-04-24 08:42:40,2025-04-24 09:00:27,17,,WIN,Bullishbreakouta
4208451910,Jump 50 Index,SELL,34317.97,34313.1,0.24,48700.00000002619,0.05,2025-04-24 09:13:16,2025-04-24 11:32:20,139,,WIN,Bearishbreakdown
4208505305,Boom 300 Index,BUY,1830.26,1817.368,-12.89,-128920.00000000052,1.0,2025-04-24 10:00:07,2025-04-24 10:14:43,14,,LOSS,Bullishbreakouta
4208588821,XAUUSD,BUY,3333.83,3332.15,-8.4,-16799.999999998363,0.05,2025-04-24 11:03:18,2025-04-24 11:14:23,11,,LOSS,BullishreversalI
4208588953,Boom 1000 Index,SELL,20961.435,20936.839,4.92,245960.00000001368,0.2,2025-04-24 11:03:23,2025-04-24 11:27:53,24,,WIN,Signaltrade
4208600338,Boom 300 Index,SELL,1848.956,1837.054,11.9,119019.99999999817,1.0,2025-04-24 11:13:57,2025-04-24 11:41:56,27,,WIN,Bearishbreakdown
4209024117,Volatility 10 Index,SELL,6255.462,6240.846,7.31,146160.00000000896,0.5,2025-04-24 16:17:32,2025-04-24 21:11:34,294,,WIN,Bearishbreakdown
4209024300,Step Index,BUY,8459.5,8476.0,16.5,165000.0,0.1,2025-04-24 16:17:37,2025-04-24 21:41:52,324,,WIN,BullishreversalI
4209034501,Crash 1000 Index,BUY,5045.392,5045.823,0.09,4310.000000004948,0.2,2025-04-24 16:25:14,2025-04-24 17:10:49,45,,WIN,BullishreversalH
4209034607,Boom 1000 Index,SELL,20792.124,20851.964,-11.97,-598400.0000000014,0.2,2025-04-24 16:25:17,2025-04-24 16:51:22,26,,LOSS,Bearishbreakdown
4209034663,Jump 50 Index,SELL,35273.36,35604.44,-16.55,-3310800.0000000177,0.05,2025-04-24 16:25:19,2025-04-24 22:52:11,386,,LOSS,Bearishbreakdown
4209034692,Jump 75 Index,SELL,19570.1,18749.76,41.02,8203400.000000002,0.05,2025-04-24 16:25:21,2025-04-24 20:03:03,217,,WIN,Bearishbreakdown
4209034759,Crash 500 Index,BUY,3147.643,3144.978,-0.53,-26649.999999999636,0.2,2025-04-24 16:25:24,2025-04-24 16:29:14,3,,LOSS,Signaltrade
4209042043,Crash 500 Index,BUY,3146.145,3153.703,1.51,75579.99999999993,0.2,2025-04-24 16:31:38,2025-04-24 17:09:17,37,,WIN,Signaltrade
4209084940,Boom 1000 Index,SELL,20836.129,20711.411,24.94,1247180.0000000075,0.2,2025-04-24 17:03:09,2025-04-24 23:49:19,406,,WIN,Bearishbreakdown
4209094262,Crash 500 Index,BUY,3154.078,3148.685,-1.08,-53930.00000000029,0.2,2025-04-24 17:09:30,2025-04-24 17:11:26,1,,LOSS,Signaltrade
4209103157,Crash 1000 Index,BUY,5047.544,5052.536,1.0,49920.00000000189,0.2,2025-04-24 17:15:40,2025-04-24 18:08:22,52,,WIN,BullishreversalH
4209103215,Crash 500 Index,BUY,3150.669,3147.124,-0.71,-35450.00000000073,0.2,2025-04-24 17:15:44,2025-04-24 17:17:23,1,,LOSS,Signaltrade
4209116146,Crash 500 Index,BUY,3150.133,3149.016,-0.22,-11169.999999997344,0.2,2025-04-24 17:24:41,2025-04-24 17:41:32,16,,LOSS,Signaltrade
4209141900,Crash 500 Index,BUY,3150.202,3150.984,0.16,7819.9999999969805,0.2,2025-04-24 17:44:03,2025-04-24 18:08:56,24,,WIN,Signaltrade
4209177515,Crash 1000 Index,BUY,5054.243,5044.206,-2.01,-100370.00000000262,0.2,2025-04-24 18:13:26,2025-04-24 18:16:46,3,,LOSS,BullishreversalH
4209178870,Crash 500 Index,BUY,3153.536,3150.499,-0.61,-30370.00000000262,0.2,2025-04-24 18:14:36,2025-04-24 18:22:47,8,,LOSS,Signaltrade
4209186802,Crash 1000 Index,BUY,5045.704,5039.263,-1.29,-64409.999999998035,0.2,2025-04-24 18:20:58,2025-04-24 18:25:51,4,,LOSS,BullishreversalH
4209194830,Crash 500 Index,BUY,3149.008,3152.477,0.69,34690.00000000051,0.2,2025-04-24 18:27:23,2025-04-24 18:58:33,31,,WIN,Signaltrade
4209229485,Crash 1000 Index,BUY,5022.31,5035.978,2.73,136679.99999999665,0.2,2025-04-24 18:59:02,2025-04-24 19:48:08,49,,WIN,BullishreversalH
4209229880,Crash 500 Index,BUY,3153.069,3152.325,-0.15,-7440.000000001419,0.2,2025-04-24 18:59:21,2025-04-24 20:05:07,65,,LOSS,Signaltrade
4209448650,Crash 500 Index,BUY,3168.352,3168.905,0.11,5530.000000003383,0.2,2025-04-24 22:07:03,2025-04-24 22:24:16,17,,WIN,Signaltrade
4209453687,Crash 1000 Index,BUY,5020.135,5021.706,0.31,15709.999999999127,0.2,2025-04-24 22:13:15,2025-04-24 22:43:53,30,,WIN,BullishreversalH
4209466187,Jump 75 Index,SELL,18280.76,18475.57,-9.74,-1948100.000000013,0.05,2025-04-24 22:28:14,2025-04-25 05:45:45,437,,LOSS,Bearishbreakdown
4209469012,Crash 500 Index,BUY,3167.365,3166.096,-0.25,-12689.99999999778,0.2,2025-04-24 22:31:06,2025-04-24 22:45:18,14,,LOSS,Signaltrade
4209481074,Crash 1000 Index,BUY,5022.566,5036.25,2.74,136840.00000000198,0.2,2025-04-24 22:45:59,2025-04-24 23:31:22,45,,WIN,BullishreversalH
4209484699,Crash 500 Index,BUY,3162.424,3158.596,-0.77,-38279.999999999745,0.2,2025-04-24 22:50:16,2025-04-24 22:51:19,1,,LOSS,Signaltrade
4209485058,Volatility 10 Index,SELL,6245.073,6234.1,5.49,109729.99999999956,0.5,2025-04-24 22:50:42,2025-04-25 01:14:38,143,,WIN,Bearishbreakdown
4209485147,Step Index,BUY,8472.2,8479.3,7.1,70999.99999998545,0.1,2025-04-24 22:50:48,2025-04-25 02:58:59,248,,WIN,BullishreversalH
4209502916,Boom 300 Index,SELL,1728.806,1742.802,-14.0,-139959.99999999866,1.0,2025-04-24 23:11:15,2025-04-24 23:34:16,23,,LOSS,Bearishbreakdown
4209503010,Crash 500 Index,BUY,3166.453,3163.117,-0.67,-33359.99999999785,0.2,2025-04-24 23:11:20,2025-04-24 23:12:23,1,,LOSS,Signaltrade
4209506840,Crash 500 Index,BUY,3165.288,3165.566,0.06,2779.9999999979264,0.2,2025-04-24 23:17:38,2025-04-24 23:29:41,12,,WIN,Signaltrade
4209518863,Crash 500 Index,BUY,3166.319,3161.378,-0.99,-49409.999999998035,0.2,2025-04-24 23:30:52,2025-04-24 23:34:43,3,,LOSS,Signaltrade
4209524865,Boom 300 Index,SELL,1739.438,1739.942,-0.5,-5039.999999999054,1.0,2025-04-24 23:37:15,2025-04-25 03:23:18,226,,LOSS,Bearishbreakdown
4209524905,Crash 500 Index,BUY,3162.675,3157.676,-1.0,-49990.00000000251,0.2,2025-04-24 23:37:20,2025-04-24 23:44:48,7,,LOSS,Signaltrade
4209532080,Crash 500 Index,BUY,3158.584,3161.934,0.67,33500.00000000364,0.2,2025-04-24 23:46:31,2025-04-25 00:05:08,18,,WIN,Signaltrade
4209532092,Crash 1000 Index,SELL,5030.422,5048.437,-3.6,-180150.00000000326,0.2,2025-04-24 23:46:33,2025-04-25 08:32:49,526,,LOSS,Signaltrade
4209538843,Boom 1000 Index,SELL,20700.675,20753.657,-10.6,-529819.9999999998,0.2,2025-04-24 23:56:14,2025-04-25 03:37:26,221,,LOSS,Bearishbreakdown
4209541267,XAUUSD,SELL,3366.92,3333.36,167.8,335599.9999999995,0.05,2025-04-24 23:59:53,2025-04-25 04:57:02,297,,WIN,BearishreversalH
4209541288,Range Break 200 Index,SELL,81073.3,80715.6,17.89,3576999.999999971,0.05,2025-04-24 23:59:57,2025-04-25 00:07:03,7,,WIN,BearishreversalH
4209546530,Crash 500 Index,SELL,3162.324,3154.225,1.62,80990.0000000016,0.2,2025-04-25 00:06:14,2025-04-25 00:12:32,6,,WIN,BearishreversalH
4209550214,Range Break 200 Index,SELL,80725.3,80720.6,0.24,46999.999999970896,0.05,2025-04-25 00:12:31,2025-04-25 00:35:06,22,,WIN,BearishreversalH
4209554007,Crash 500 Index,SELL,3152.996,3156.161,-0.63,-31649.999999999636,0.2,2025-04-25 00:18:41,2025-04-25 00:46:07,27,,LOSS,BearishreversalH
4209567963,Range Break 200 Index,SELL,80727.3,80720.6,0.34,66999.9999999709,0.05,2025-04-25 00:37:19,2025-04-25 00:59:28,22,,WIN,BearishreversalH
4209575765,Crash 500 Index,SELL,3157.262,3157.67,-0.08,-4079.9999999990177,0.2,2025-04-25 00:49:41,2025-04-25 00:49:56,0,,LOSS,BearishreversalH
4209579201,Crash 500 Index,SELL,3159.614,3157.648,0.39,19659.999999998945,0.2,2025-04-25 00:55:54,2025-04-25 00:56:26,0,,WIN,BearishreversalH
4209583064,Crash 500 Index,SELL,3158.291,3155.195,0.62,30960.000000000036,0.2,2025-04-25 01:02:06,2025-04-25 01:21:12,19,,WIN,BearishreversalH
4209583085,Range Break 200 Index,SELL,80718.3,81236.6,-25.92,-5183000.000000029,0.05,2025-04-25 01:02:10,2025-04-25 06:28:59,326,,LOSS,BearishreversalH
4209595293,Volatility 10 Index,SELL,6235.429,6235.056,0.19,3730.0000000050204,0.5,2025-04-25 01:20:44,2025-04-25 01:28:34,7,,WIN,BearishreversalH
4209598388,Crash 500 Index,SELL,3153.11,3156.279,-0.63,-31689.99999999869,0.2,2025-04-25 01:26:57,2025-04-25 01:35:43,8,,LOSS,BearishreversalH
4209601951,Volatility 10 Index,SELL,6233.503,6232.604,0.45,8989.999999994325,0.5,2025-04-25 01:33:10,2025-04-25 01:39:48,6,,WIN,BearishreversalH
4209606755,Crash 500 Index,SELL,3154.876,3158.053,-0.64,-31769.9999999968,0.2,2025-04-25 01:39:23,2025-04-25 03:19:42,100,,LOSS,BearishreversalH
4209610666,Volatility 10 Index,SELL,6233.236,6234.642,-0.7,-14059.99999999949,0.5,2025-04-25 01:45:36,2025-04-25 01:56:42,11,,LOSS,BearishreversalH
4210065464,Crash 1000 Index,BUY,5077.382,5059.313,-3.61,-180689.99999999505,0.2,2025-04-25 10:31:35,2025-04-25 10:40:42,9,,LOSS,Bullishbreakouta
4210065493,Boom 300 Index,SELL,1694.65,1714.419,-19.77,-197690.00000000006,1.0,2025-04-25 10:31:37,2025-04-25 10:47:30,15,,LOSS,Bearishbreakdown
4210065534,XAUUSD,SELL,3300.96,3301.37,-2.05,-4099.999999998545,0.05,2025-04-25 10:31:38,2025-04-25 11:20:42,49,,LOSS,BearishreversalS
4210065594,Boom 1000 Index,BUY,20847.655,20824.252,-4.68,-234029.99999998428,0.2,2025-04-25 10:31:40,2025-04-25 10:48:40,17,,LOSS,BullishreversalI
4210078919,Crash 1000 Index,BUY,5060.005,5051.217,-1.76,-87880.00000000466,0.2,2025-04-25 10:44:08,2025-04-25 10:56:41,12,,LOSS,Bullishbreakouta
4210085732,Boom 300 Index,SELL,1711.243,1682.671,28.57,285719.9999999989,1.0,2025-04-25 10:50:25,2025-04-25 11:58:30,68,,WIN,Bearishbreakdown
4210085784,Boom 1000 Index,BUY,20823.973,20803.012,-4.19,-209610.0000000297,0.2,2025-04-25 10:50:29,2025-04-25 11:05:44,15,,LOSS,BullishreversalI
4210100521,Crash 1000 Index,BUY,5053.395,5067.097,2.74,137019.99999999316,0.2,2025-04-25 11:02:53,2025-04-25 11:49:28,46,,WIN,Bullishbreakouta
4210107790,Boom 1000 Index,BUY,20800.874,20779.994,-4.18,-208800.0000000102,0.2,2025-04-25 11:09:09,2025-04-25 11:24:13,15,,LOSS,BullishreversalI
4210121832,XAUUSD,SELL,3302.05,3289.52,62.65,125300.00000000201,0.05,2025-04-25 11:21:40,2025-04-25 12:44:17,82,,WIN,BearishreversalS
4210128775,Boom 1000 Index,BUY,20777.306,20756.346,-4.19,-209599.99999999127,0.2,2025-04-25 11:27:57,2025-04-25 11:55:14,27,,LOSS,BullishreversalI
4210160152,Crash 1000 Index,BUY,5057.29,5055.825,-0.29,-14650.000000001455,0.2,2025-04-25 11:52:56,2025-04-25 12:24:44,31,,LOSS,Bullishbreakouta
4210166065,Boom 1000 Index,BUY,20752.977,20732.124,-4.17,-208529.99999999156,0.2,2025-04-25 11:59:14,2025-04-25 12:14:12,14,,LOSS,BullishreversalI
4210184499,Boom 1000 Index,BUY,20729.094,20708.308,-4.16,-207860.00000000058,0.2,2025-04-25 12:17:58,2025-04-25 12:33:09,15,,LOSS,BullishreversalI
4210191108,Range Break 200 Index,SELL,81248.3,81687.6,-21.97,-4393000.000000029,0.05,2025-04-25 12:24:15,2025-04-25 13:15:55,51,,LOSS,Bearishbreakdown
4210198822,Crash 1000 Index,BUY,5057.77,5052.31,-1.09,-54600.000000000364,0.2,2025-04-25 12:30:25,2025-04-25 12:40:13,9,,LOSS,Bullishbreakouta
4210206293,Boom 1000 Index,BUY,20706.119,20685.257,-4.17,-208619.99999997352,0.2,2025-04-25 12:36:45,2025-04-25 13:16:59,40,,LOSS,BullishreversalI
4210214790,Crash 1000 Index,BUY,5049.327,5046.449,-0.58,-28780.00000000611,0.2,2025-04-25 12:43:11,2025-04-25 13:02:29,19,,LOSS,Bullishbreakouta
4210222286,XAUUSD,SELL,3293.69,3292.11,7.9,15799.999999999272,0.05,2025-04-25 12:49:27,2025-04-25 12:50:15,0,,WIN,BearishreversalS
4210280363,Crash 500 Index,SELL,3129.719,3133.001,-0.66,-32820.00000000153,0.2,2025-04-25 13:33:37,2025-04-25 14:29:33,55,,LOSS,Bearishbreakdown
4210280417,Crash 1000 Index,SELL,5042.553,5051.499,-1.79,-89459.99999999913,0.2,2025-04-25 13:33:40,2025-04-25 14:56:12,82,,LOSS,Bearishbreakdown
4210280717,Boom 300 Index,SELL,1675.164,1622.779,52.39,523849.9999999999,1.0,2025-04-25 13:33:47,2025-04-26 02:03:03,749,,WIN,Bearishbreakdown
4210280751,XAUUSD,BUY,3293.44,3295.28,9.2,18400.000000001455,0.05,2025-04-25 13:33:48,2025-04-25 13:38:46,4,,WIN,BullishreversalI
4210280823,Jump 50 Index,BUY,35378.56,35344.41,-1.71,-341499.9999999418,0.05,2025-04-25 13:33:52,2025-04-25 13:36:13,2,,LOSS,BullishreversalH
4210289160,XAUUSD,BUY,3294.37,3294.96,2.95,5900.000000001455,0.05,2025-04-25 13:40:19,2025-04-25 13:54:20,14,,WIN,BullishreversalI
4210289201,Jump 50 Index,BUY,35364.17,35394.15,1.5,299800.000000032,0.05,2025-04-25 13:40:24,2025-04-25 13:46:38,6,,WIN,BullishreversalH
4210296752,Jump 50 Index,BUY,35403.71,35396.08,-0.38,-76299.9999999738,0.05,2025-04-25 13:46:39,2025-04-25 13:49:27,2,,LOSS,BullishreversalH
4210303554,Jump 50 Index,BUY,35384.21,35199.05,-9.26,-1851599.9999999623,0.05,2025-04-25 13:53:02,2025-04-25 14:00:30,7,,LOSS,BullishreversalH
4210310017,XAUUSD,BUY,3293.84,3289.46,-21.9,-43800.00000000109,0.05,2025-04-25 13:58:36,2025-04-25 14:00:10,1,,LOSS,BullishreversalI
4210334551,Jump 50 Index,BUY,35267.88,35231.95,-1.8,-359300.0000000029,0.05,2025-04-25 14:15:34,2025-04-25 14:17:12,1,,LOSS,BullishreversalH
4210342279,XAUUSD,BUY,3276.42,3274.32,-10.5,-20999.99999999909,0.05,2025-04-25 14:21:45,2025-04-25 14:24:05,2,,LOSS,BullishreversalI
4210342343,Jump 50 Index,BUY,35183.1,35162.32,-1.04,-207799.99999998836,0.05,2025-04-25 14:21:48,2025-04-25 14:22:34,0,,LOSS,BullishreversalH
4210350812,XAUUSD,BUY,3269.2,3270.45,6.25,12500.0,0.05,2025-04-25 14:28:00,2025-04-25 14:30:03,2,,WIN,BullishreversalI
4210350867,Jump 50 Index,BUY,35218.74,35216.68,-0.1,-20599.999999976717,0.05,2025-04-25 14:28:02,2025-04-25 14:28:48,0,,LOSS,BullishreversalH
4210360897,XAUUSD,BUY,3270.54,3268.04,-12.5,-25000.0,0.05,2025-04-25 14:34:14,2025-04-25 14:35:16,1,,LOSS,BullishreversalI
4210360915,Jump 50 Index,BUY,35256.17,35254.74,-0.07,-14300.00000000291,0.05,2025-04-25 14:34:16,2025-04-25 14:36:05,1,,LOSS,BullishreversalH
4210369974,Crash 500 Index,SELL,3130.522,3133.002,-0.5,-24800.000000000182,0.2,2025-04-25 14:40:30,2025-04-25 14:46:32,6,,LOSS,Bearishbreakdown
4210370111,XAUUSD,BUY,3270.74,3280.86,50.6,101200.00000000346,0.05,2025-04-25 14:40:35,2025-04-25 14:47:22,6,,WIN,BullishreversalI
4210370139,Jump 50 Index,BUY,35443.53,35409.34,-1.71,-341900.0000000233,0.05,2025-04-25 14:40:38,2025-04-25 14:43:03,2,,LOSS,BullishreversalH
4210382721,Jump 50 Index,BUY,35424.58,35374.72,-2.49,-498600.0000000058,0.05,2025-04-25 14:47:36,2025-04-25 14:48:00,0,,LOSS,BullishreversalH
4210391787,Jump 50 Index,BUY,35542.41,35521.27,-1.06,-211400.00000006694,0.05,2025-04-25 14:54:10,2025-04-25 14:55:11,1,,LOSS,BullishreversalH
4210394548,Crash 1000 Index,SELL,5051.337,5033.356,3.6,179810.00000000675,0.2,2025-04-25 14:56:30,2025-04-25 19:38:20,281,,WIN,Bearishbreakdown
4210401113,Jump 50 Index,BUY,35556.03,35527.74,-1.41,-282900.00000000873,0.05,2025-04-25 15:01:02,2025-04-25 15:02:19,1,,LOSS,BullishreversalH
4210410985,Crash 500 Index,SELL,3134.352,3091.562,8.56,427899.99999999965,0.2,2025-04-25 15:07:36,2025-04-25 18:40:13,212,,WIN,Bearishbreakdown
4210411117,XAUUSD,SELL,3281.18,3298.2,-85.1,-170199.99999999983,0.05,2025-04-25 15:07:43,2025-04-25 20:33:53,326,,LOSS,Bearishbreakdown
4210411272,Jump 50 Index,SELL,35698.34,35923.53,-11.26,-2251900.0000000233,0.05,2025-04-25 15:07:48,2025-04-25 15:42:52,35,,LOSS,Bearishbreakdown
4210411287,Jump 75 Index,SELL,18423.27,18521.88,-4.93,-986100.0000000058,0.05,2025-04-25 15:07:50,2025-04-25 18:14:58,187,,LOSS,BearishreversalS
4210411309,Step Index,BUY,8466.2,8457.6,-8.6,-86000.00000000364,0.1,2025-04-25 15:07:52,2025-04-25 15:41:00,33,,LOSS,Bullishbreakouta
4210479667,Step Index,BUY,8460.5,8457.6,-2.9,-28999.999999996362,0.1,2025-04-25 16:01:43,2025-04-25 16:08:16,6,,LOSS,Bullishbreakouta
4210542487,Step Index,BUY,8462.6,8459.6,-3.0,-30000.0,0.1,2025-04-25 16:49:34,2025-04-25 19:58:38,189,,LOSS,Bullishbreakouta
4210643707,Jump 75 Index,SELL,18515.98,18347.32,8.43,1686599.9999999986,0.05,2025-04-25 18:15:00,2025-04-25 19:00:09,45,,WIN,BearishreversalS
4210879135,Crash 500 Index,SELL,3070.755,3088.177,-3.48,-174220.00000000026,0.2,2025-04-25 21:54:32,2025-04-26 00:02:16,127,,LOSS,Bearishbreakdown
4210879410,Crash 1000 Index,BUY,5010.546,4996.625,-2.7800000000000002,-139210.00000000276,0.2,2025-04-25 21:54:44,2025-04-25 22:04:57,10,,LOSS,BullishreversalI
4210879445,Jump 75 Index,SELL,18749.52,18855.17,-5.28,-1056499.999999978,0.05,2025-04-25 21:54:49,2025-04-25 22:28:51,34,,LOSS,BearishreversalS
4210881714,Step Index,BUY,8459.3,8457.6,-1.7,-16999.999999989086,0.1,2025-04-25 21:57:03,2025-04-25 22:00:24,3,,LOSS,Bullishbreakouta
4210889815,Crash 1000 Index,BUY,4996.987,5004.853,1.5699999999999998,78659.99999999985,0.2,2025-04-25 22:05:27,2025-04-25 22:33:00,27,,WIN,BullishreversalI
4210917099,Crash 1000 Index,BUY,4997.68,5005.54,1.5699999999999998,78599.99999999673,0.2,2025-04-25 22:38:37,2025-04-25 23:10:21,31,,WIN,BullishreversalI
4210943817,Crash 1000 Index,BUY,4997.622,5005.48,1.5699999999999998,78579.99999999265,0.2,2025-04-25 23:16:19,2025-04-25 23:43:04,26,,WIN,BullishreversalI
4210950985,Step Index,BUY,8459.0,8457.6,-1.4,-13999.999999996362,0.1,2025-04-25 23:25:28,2025-04-25 23:27:06,1,,LOSS,Bullishbreakouta
4210963830,Crash 1000 Index,BUY,5005.749,5004.024,-0.35,-17249.999999994543,0.2,2025-04-25 23:43:07,2025-04-26 00:03:46,20,,LOSS,BullishreversalI
4210977269,Crash 500 Index,SELL,3087.94,3065.442,4.5,224980.00000000047,0.2,2025-04-26 00:02:22,2025-04-26 02:03:04,120,,WIN,Bearishbreakdown
4210980846,Crash 1000 Index,BUY,5005.179,5001.248,-0.79,-39310.00000000495,0.2,2025-04-26 00:06:40,2025-04-26 00:30:57,24,,LOSS,Signaltrade
4210990457,BTCUSD,SELL,94647.652,94809.648,-8.1,-1619959.9999999919,0.05,2025-04-26 00:21:21,2025-04-26 02:03:04,101,,LOSS,BearishreversalS
4210990479,Step Index,BUY,8457.2,8456.8,-0.4,-4000.000000014552,0.1,2025-04-26 00:21:24,2025-04-26 02:03:06,101,,LOSS,BullishreversalI
4210991107,Volatility 10 Index,BUY,6230.597,6229.163,-0.72,-14340.000000001965,0.5,2025-04-26 00:22:28,2025-04-26 01:03:32,41,,LOSS,BullishreversalI
4211003909,Crash 1000 Index,SELL,4993.877,4984.163,1.94,97140.00000000851,0.2,2025-04-26 00:43:26,2025-04-26 02:03:07,79,,WIN,Bearishbreakdown
4211456348,Volatility 10 Index,BUY,6242.13,6236.796,-2.67,-53339.99999999833,0.5,2025-04-26 11:49:06,2025-04-26 12:08:20,19,,LOSS,Signaltrade
4211506400,Volatility 10 Index,BUY,6238.777,6244.783,3.0,60060.00000000313,0.5,2025-04-26 12:42:22,2025-04-26 14:28:04,105,,WIN,Signaltrade
4211544686,BTCUSD,BUY,94287.648,94192.052,-4.78,-955960.0000000501,0.05,2025-04-26 13:24:17,2025-04-26 13:25:10,0,,LOSS,BullishreversalI
4211544719,Step Index,BUY,8453.7,8445.0,-8.7,-87000.00000000728,0.1,2025-04-26 13:24:21,2025-04-26 15:37:22,133,,LOSS,BullishreversalI
4211548018,Crash 500 Index,BUY,3074.546,3070.973,-0.71,-35729.999999998654,0.2,2025-04-26 13:28:01,2025-04-26 13:29:33,1,,LOSS,BullishreversalH
4211548162,Boom 1000 Index,SELL,20227.943,20316.198,-17.65,-882550.0000000102,0.2,2025-04-26 13:28:10,2025-04-26 14:49:11,81,,LOSS,Bearishbreakdown
4211553986,Crash 500 Index,BUY,3073.161,3070.649,-0.5,-25120.00000000171,0.2,2025-04-26 13:34:26,2025-04-26 13:37:13,2,,LOSS,BullishreversalH
4211559460,Crash 500 Index,BUY,3072.187,3072.475,0.06,2880.000000000109,0.2,2025-04-26 13:40:47,2025-04-26 13:53:03,12,,WIN,BullishreversalH
4211570854,Crash 500 Index,BUY,3072.794,3069.217,-0.72,-35769.99999999771,0.2,2025-04-26 13:53:07,2025-04-26 13:55:16,2,,LOSS,BullishreversalH
4211577000,Crash 500 Index,BUY,3071.042,3075.436,0.88,43940.00000000233,0.2,2025-04-26 13:59:35,2025-04-26 14:30:13,30,,WIN,BullishreversalH
4211637063,Crash 500 Index,BUY,3084.282,3080.525,-0.75,-37570.00000000062,0.2,2025-04-26 15:00:03,2025-04-26 15:01:04,1,,LOSS,BullishreversalH
4211643681,Crash 500 Index,BUY,3082.77,3083.549,0.16,7789.999999999964,0.2,2025-04-26 15:06:21,2025-04-26 15:09:10,2,,WIN,BullishreversalH
4211650169,Crash 500 Index,BUY,3085.407,3080.364,-1.01,-50430.0000000012,0.2,2025-04-26 15:13:13,2025-04-26 15:14:24,1,,LOSS,BullishreversalH
4211656863,Crash 500 Index,BUY,3082.396,3083.329,0.19,9329.999999999927,0.2,2025-04-26 15:18:53,2025-04-26 15:21:56,3,,WIN,BullishreversalH
4211663673,Crash 500 Index,BUY,3079.669,3083.044,0.68,33750.0,0.2,2025-04-26 15:25:11,2025-04-26 15:36:41,11,,WIN,BullishreversalH
4211678858,Crash 500 Index,BUY,3084.22,3085.027,0.16,8070.000000002437,0.2,2025-04-26 15:39:03,2025-04-26 15:42:05,3,,WIN,BullishreversalH
4211685747,Boom 1000 Index,SELL,20278.895,20150.787,25.62,1281080.0000000019,0.2,2025-04-26 15:44:47,2025-04-26 17:42:14,117,,WIN,Bearishbreakdown
4211687965,Crash 500 Index,BUY,3087.058,3081.454,-1.12,-56039.999999998145,0.2,2025-04-26 15:46:58,2025-04-26 15:50:07,3,,LOSS,BullishreversalH
4211694323,Crash 500 Index,BUY,3081.5,3083.045,0.31,15450.000000000728,0.2,2025-04-26 15:53:14,2025-04-26 15:58:09,4,,WIN,BullishreversalH
4211699796,Crash 500 Index,BUY,3083.914,3084.853,0.19,9389.999999998508,0.2,2025-04-26 15:59:40,2025-04-26 16:05:06,5,,WIN,BullishreversalH
4211706365,Crash 500 Index,BUY,3085.714,3086.646,0.19,9320.000000002437,0.2,2025-04-26 16:06:34,2025-04-26 16:09:42,3,,WIN,BullishreversalH
4211713193,Crash 500 Index,BUY,3088.298,3088.983,0.14,6850.000000004002,0.2,2025-04-26 16:13:13,2025-04-26 16:16:05,2,,WIN,BullishreversalH
4211720204,Crash 500 Index,BUY,3088.021,3084.262,-0.75,-37590.000000000146,0.2,2025-04-26 16:19:36,2025-04-26 16:20:33,0,,LOSS,BullishreversalH
4211727418,Crash 500 Index,BUY,3086.44,3087.229,0.16,7889.999999997599,0.2,2025-04-26 16:26:00,2025-04-26 16:28:52,2,,WIN,BullishreversalH
4211739690,Crash 500 Index,BUY,3091.031,3100.676,1.9300000000000002,96449.99999999983,0.2,2025-04-26 16:38:24,2025-04-26 17:21:09,42,,WIN,BullishreversalH
4211788214,Crash 500 Index,BUY,3098.704,3108.335,1.9300000000000002,96309.99999999857,0.2,2025-04-26 17:27:03,2025-04-26 18:02:25,35,,WIN,BullishreversalH
4211806860,Boom 1000 Index,SELL,20152.145,20188.753,-7.32,-366080.00000000175,0.2,2025-04-26 17:45:35,2025-04-26 18:03:13,17,,LOSS,Bearishbreakdown
4211825354,Crash 500 Index,BUY,3109.384,3118.976,1.92,95920.00000000099,0.2,2025-04-26 18:04:32,2025-04-26 18:48:25,43,,WIN,BullishreversalH
4211827709,Boom 1000 Index,SELL,20228.064,20295.213,-13.43,-671490.0000000126,0.2,2025-04-26 18:06:51,2025-04-26 23:22:15,315,,LOSS,Bearishbreakdown
4211866904,Boom 300 Index,SELL,1522.55,1552.003,-29.45,-294529.99999999977,1.0,2025-04-26 18:47:40,2025-04-27 03:36:25,528,,LOSS,Signaltrade
4211866966,BTCUSD,SELL,94301.452,94949.148,-32.38,-6476959.999999963,0.05,2025-04-26 18:47:43,2025-04-27 01:19:51,392,,LOSS,Signaltrade
4211866982,Jump 75 Index,BUY,19050.91,19038.58,-0.62,-123299.99999998108,0.05,2025-04-26 18:47:45,2025-04-26 18:48:23,0,,LOSS,Signaltrade
4211867016,Step Index,SELL,8439.6,8409.3,30.3,303000.00000001094,0.1,2025-04-26 18:47:48,2025-04-27 03:36:51,529,,WIN,Signaltrade
4211867039,Range Break 200 Index,BUY,82487.6,82004.3,-24.17,-4833000.000000029,0.05,2025-04-26 18:47:49,2025-04-26 22:45:20,237,,LOSS,Signaltrade
4211873167,Crash 500 Index,BUY,3121.442,3121.811,0.07,3690.000000001419,0.2,2025-04-26 18:54:11,2025-04-26 19:27:24,33,,WIN,Signaltrade
4211873215,Jump 75 Index,BUY,19040.38,19022.8,-0.88,-175800.00000001746,0.05,2025-04-26 18:54:15,2025-04-26 18:54:27,0,,LOSS,Signaltrade
4211879264,Jump 75 Index,BUY,19136.93,19115.35,-1.08,-215800.00000001746,0.05,2025-04-26 19:00:34,2025-04-26 19:00:56,0,,LOSS,Signaltrade
4211885144,Jump 75 Index,BUY,19114.27,19137.78,1.18,235099.999999984,0.05,2025-04-26 19:06:55,2025-04-26 19:08:27,1,,WIN,Signaltrade
4211887012,Jump 75 Index,BUY,19146.0,19136.04,-0.5,-99599.99999999127,0.05,2025-04-26 19:09:02,2025-04-26 19:09:52,0,,LOSS,
4211891691,Jump 75 Index,BUY,19060.73,19034.73,-1.3,-260000.0,0.05,2025-04-26 19:14:13,2025-04-26 19:14:55,0,,LOSS,Signaltrade
4211893026,Jump 75 Index,BUY,19032.24,18932.36,-4.99,-998800.0000000102,0.05,2025-04-26 19:15:19,2025-04-26 21:41:58,146,,LOSS,
4212025339,Volatility 10 Index,SELL,6253.016,6265.212,-6.1,-121960.00000000822,0.5,2025-04-26 21:41:28,2025-04-26 23:59:22,137,,LOSS,BearishreversalH
4212025802,Crash 500 Index,BUY,3148.605,3145.291,-0.66,-33139.99999999851,0.2,2025-04-26 21:41:57,2025-04-26 21:53:26,11,,LOSS,Signaltrade
4212026215,Jump 75 Index,BUY,18926.35,18929.6,0.16,32500.0,0.05,2025-04-26 21:42:24,2025-04-26 21:43:42,1,,WIN,Signaltrade
4212031176,Jump 75 Index,BUY,18870.67,18894.53,1.19,238600.00000000582,0.05,2025-04-26 21:48:49,2025-04-26 21:54:44,5,,WIN,Signaltrade
4212037318,Crash 500 Index,BUY,3146.306,3146.11,-0.04,-1959.9999999991269,0.2,2025-04-26 21:55:17,2025-04-26 22:27:49,32,,LOSS,Signaltrade
4212037408,Jump 75 Index,BUY,18902.16,18944.69,2.13,425299.99999998836,0.05,2025-04-26 21:55:21,2025-04-26 21:58:22,3,,WIN,Signaltrade
4212046384,Jump 75 Index,BUY,18934.38,18936.92,0.13,25399.99999997235,0.05,2025-04-26 22:04:49,2025-04-26 22:06:11,1,,WIN,Signaltrade
4212048559,Crash 1000 Index,SELL,4904.008,4862.935,8.21,410729.9999999941,0.2,2025-04-26 22:07:27,2025-04-27 03:36:51,329,,WIN,Signaltrade
4212048627,Jump 75 Index,SELL,18913.77,19048.26,-6.72,-1344899.9999999795,0.05,2025-04-26 22:07:32,2025-04-26 22:12:08,4,,LOSS,Signaltrade
4212052998,Jump 75 Index,BUY,19047.65,19024.7,-1.15,-229500.00000000728,0.05,2025-04-26 22:12:32,2025-04-26 22:12:58,0,,LOSS,Signaltrade
4212057989,Jump 75 Index,BUY,18985.96,18966.41,-0.98,-195499.99999999272,0.05,2025-04-26 22:18:54,2025-04-26 22:20:14,1,,LOSS,Signaltrade
4212063475,Jump 75 Index,BUY,18912.7,18924.03,0.57,113299.99999998108,0.05,2025-04-26 22:25:21,2025-04-26 22:26:54,1,,WIN,Signaltrade
4212067758,Crash 500 Index,BUY,3144.967,3142.177,-0.56,-27899.999999999636,0.2,2025-04-26 22:31:44,2025-04-26 22:33:34,1,,LOSS,Signaltrade
4212067827,Jump 75 Index,BUY,18906.81,18889.25,-0.88,-175600.0000000131,0.05,2025-04-26 22:31:52,2025-04-26 22:32:08,0,,LOSS,Signaltrade
4212073613,Crash 500 Index,BUY,3144.275,3149.441,1.03,51659.999999997126,0.2,2025-04-26 22:38:16,2025-04-26 23:07:58,29,,WIN,Signaltrade
4212073660,Jump 75 Index,BUY,18803.73,18830.47,1.34,267400.000000016,0.05,2025-04-26 22:38:20,2025-04-26 22:39:39,1,,WIN,Signaltrade
4212078151,Jump 75 Index,BUY,18817.88,18804.2,-0.68,-136800.0000000029,0.05,2025-04-26 22:44:44,2025-04-26 22:45:26,0,,LOSS,Signaltrade
4212079675,Jump 75 Index,SELL,18806.8,18730.98,3.79,758199.9999999971,0.05,2025-04-26 22:46:46,2025-04-27 03:36:51,290,,WIN,Signaltrade
4212085299,Range Break 200 Index,SELL,82009.3,81365.6,32.19,6436999.999999971,0.05,2025-04-26 22:54:47,2025-04-27 02:16:12,201,,WIN,Bearishbreakdown
4212085346,Jump 50 Index,BUY,37221.32,37202.33,-0.95,-189899.99999997963,0.05,2025-04-26 22:54:54,2025-04-26 22:55:33,0,,LOSS,Signaltrade
4212089765,Jump 50 Index,BUY,37168.85,37132.24,-1.83,-366100.0000000058,0.05,2025-04-26 23:01:22,2025-04-26 23:02:29,1,,LOSS,Signaltrade
4212094134,Jump 50 Index,BUY,37108.54,37106.44,-0.11,-20999.999999985448,0.05,2025-04-26 23:07:55,2025-04-26 23:09:44,1,,LOSS,Signaltrade
4212098990,Crash 500 Index,BUY,3152.228,3158.454,1.25,62260.00000000113,0.2,2025-04-26 23:14:19,2025-04-26 23:31:04,16,,WIN,BullishreversalI
4212099092,Jump 50 Index,BUY,37121.1,37087.86,-1.6600000000000001,-332399.9999999796,0.05,2025-04-26 23:14:29,2025-04-26 23:14:51,0,,LOSS,Signaltrade
4212103236,Jump 50 Index,BUY,37061.95,37021.8,-2.01,-401499.9999999418,0.05,2025-04-26 23:21:01,2025-04-26 23:21:35,0,,LOSS,Signaltrade
4212108115,Jump 50 Index,BUY,37115.75,37281.04,8.26,1652900.0000000088,0.05,2025-04-26 23:27:27,2025-04-26 23:29:33,2,,WIN,Signaltrade
4212112572,Crash 500 Index,BUY,3159.704,3165.937,1.25,62329.9999999972,0.2,2025-04-26 23:33:43,2025-04-26 23:50:44,17,,WIN,BullishreversalI
4212112646,Jump 50 Index,BUY,37260.03,37252.36,-0.38,-76699.99999998254,0.05,2025-04-26 23:33:53,2025-04-26 23:36:22,2,,LOSS,Signaltrade
4212115797,Jump 50 Index,BUY,37213.32,37223.26,0.5,99400.00000002328,0.05,2025-04-26 23:40:16,2025-04-26 23:43:02,2,,WIN,Signaltrade
4212119575,Boom 1000 Index,SELL,20263.542,20286.702,-4.63,-231599.99999999854,0.2,2025-04-26 23:46:35,2025-04-26 23:59:08,12,,LOSS,Bearishbreakdown
4212119607,Jump 50 Index,BUY,37303.04,37325.72,1.13,226800.0000000029,0.05,2025-04-26 23:46:41,2025-04-26 23:48:41,2,,WIN,Signaltrade
4212122684,Crash 500 Index,BUY,3167.075,3166.292,-0.16,-7829.999999999018,0.2,2025-04-26 23:52:57,2025-04-27 00:00:13,7,,LOSS,BullishreversalI
4212122772,Jump 50 Index,BUY,37306.64,37314.88,0.41,82399.99999997963,0.05,2025-04-26 23:53:05,2025-04-26 23:56:53,3,,WIN,Signaltrade
4212127101,Volatility 10 Index,BUY,6264.854,6270.372,2.76,55180.00000000029,0.5,2025-04-26 23:59:36,2025-04-27 01:07:40,68,,WIN,Signaltrade
4212127174,Jump 50 Index,BUY,37250.25,37213.82,-1.8199999999999998,-364300.0000000029,0.05,2025-04-26 23:59:40,2025-04-27 00:01:21,1,,LOSS,Signaltrade
4212131515,Crash 500 Index,BUY,3168.73,3161.06,-1.53,-76700.00000000073,0.2,2025-04-27 00:06:00,2025-04-27 00:12:35,6,,LOSS,BullishreversalI
4212131687,Jump 50 Index,BUY,37120.3,37151.38,1.55,310799.9999999447,0.05,2025-04-27 00:06:12,2025-04-27 00:09:57,3,,WIN,Signaltrade
4212135916,Crash 500 Index,BUY,3161.389,3160.84,-0.11,-5489.999999999782,0.2,2025-04-27 00:12:41,2025-04-27 00:20:51,8,,LOSS,BullishreversalI
4212136097,Jump 50 Index,BUY,37110.95,37092.15,-0.94,-187999.99999995634,0.05,2025-04-27 00:12:51,2025-04-27 00:14:38,1,,LOSS,Signaltrade
4212140784,Jump 50 Index,BUY,37050.66,37013.42,-1.8599999999999999,-372400.0000000524,0.05,2025-04-27 00:19:24,2025-04-27 00:20:53,1,,LOSS,Signaltrade
4212153699,Crash 500 Index,BUY,3155.673,3152.198,-0.7,-34749.99999999909,0.2,2025-04-27 00:41:54,2025-04-27 00:42:17,0,,LOSS,Signaltrade
4212160264,Crash 500 Index,BUY,3153.101,3150.964,-0.43,-21370.00000000171,0.2,2025-04-27 00:53:11,2025-04-27 00:57:42,4,,LOSS,Signaltrade
4212160293,Boom 1000 Index,SELL,20338.258,20269.707,13.71,685510.0000000312,0.2,2025-04-27 00:53:14,2025-04-27 03:36:51,163,,WIN,Signaltrade
4212164065,Crash 500 Index,BUY,3142.736,3141.72,-0.2,-10160.000000000764,0.2,2025-04-27 00:59:36,2025-04-27 01:16:21,16,,LOSS,Signaltrade
4212177527,BTCUSD,BUY,94877.748,94354.552,-26.16,-5231960.000000108,0.05,2025-04-27 01:23:08,2025-04-27 03:36:50,133,,LOSS,Signaltrade
4212179490,Crash 500 Index,BUY,3145.284,3127.434,-3.57,-178499.9999999991,0.2,2025-04-27 01:27:07,2025-04-27 03:30:49,123,,LOSS,BullishreversalH
4212179547,Volatility 10 Index,BUY,6268.975,6276.829,3.93,78539.9999999936,0.5,2025-04-27 01:27:14,2025-04-27 03:36:52,129,,WIN,Signaltrade
4212235553,Crash 500 Index,BUY,3129.409,3129.624,0.04,2149.9999999969077,0.2,2025-04-27 03:35:32,2025-04-27 03:36:51,1,,WIN,Signaltrade
4212238098,Volatility 10 Index,BUY,6281.612,6259.3,-11.16,-223119.99999999898,0.5,2025-04-27 03:41:52,2025-04-27 08:43:32,301,,LOSS,Signaltrade
4212238107,Crash 500 Index,BUY,3131.886,3171.448,7.91,395619.99999999895,0.2,2025-04-27 03:41:54,2025-04-27 08:43:32,301,,WIN,Signaltrade
4212238142,BTCUSD,SELL,94261.552,94025.448,11.81,2361039.999999921,0.05,2025-04-27 03:41:57,2025-04-27 08:43:31,301,,WIN,Signaltrade
4212418764,Volatility 10 Index,BUY,6258.504,6256.991,-0.76,-15129.9999999992,0.5,2025-04-27 08:46:26,2025-04-27 09:36:34,50,,LOSS,BullishreversalH
4212418884,Crash 1000 Index,SELL,4910.772,4912.452,-0.34,-16800.00000000291,0.2,2025-04-27 08:46:36,2025-04-27 09:36:34,49,,LOSS,Bearishbreakdown
4212444542,Crash 500 Index,BUY,3172.706,3170.109,-0.52,-25970.000000002074,0.2,2025-04-27 09:15:07,2025-04-27 09:36:34,21,,LOSS,Signaltrade
4212450314,Boom 300 Index,SELL,1545.36,1547.445,-2.09,-20850.000000000364,1.0,2025-04-27 09:22:46,2025-04-27 09:36:34,13,,LOSS,Signaltrade
4212450459,BTCUSD,SELL,94091.952,94157.748,-3.29,-657960.000000021,0.05,2025-04-27 09:22:54,2025-04-27 09:36:34,13,,LOSS,Signaltrade
4212450474,Jump 75 Index,BUY,19235.46,19172.11,-3.17,-633499.9999999854,0.05,2025-04-27 09:22:57,2025-04-27 09:36:34,13,,LOSS,Signaltrade
4212450554,Step Index,SELL,8410.0,8415.6,-5.6,-56000.00000000364,0.1,2025-04-27 09:23:00,2025-04-27 09:36:34,13,,LOSS,Signaltrade
4212463961,Volatility 10 Index,BUY,6256.965,6259.902,1.47,29369.99999999898,0.5,2025-04-27 09:37:06,2025-04-27 09:42:36,5,,WIN,BullishreversalH
4212464609,Crash 1000 Index,SELL,4912.532,4914.294,-0.35,-17619.999999997162,0.2,2025-04-27 09:37:50,2025-04-27 09:43:00,5,,LOSS,Bearishbreakdown
4212465266,Jump 75 Index,BUY,19184.6,19177.84,-0.34,-67599.999999984,0.05,2025-04-27 09:38:32,2025-04-27 09:42:36,4,,LOSS,BullishreversalH
4212465545,Boom 300 Index,SELL,1551.8,1553.074,-1.27,-12740.000000001146,1.0,2025-04-27 09:38:54,2025-04-27 09:42:36,3,,LOSS,Signaltrade
4212465741,BTCUSD,SELL,94072.352,94185.648,-5.66,-1132960.000000021,0.05,2025-04-27 09:39:07,2025-04-27 09:42:59,3,,LOSS,Signaltrade
4212466020,Step Index,SELL,8414.4,8414.0,0.4,3999.999999996362,0.1,2025-04-27 09:39:22,2025-04-27 09:43:00,3,,WIN,Signaltrade
4212469427,Volatility 10 Index,BUY,6259.219,6248.841,-5.19,-103779.99999999702,0.5,2025-04-27 09:43:30,2025-04-27 12:52:30,189,,LOSS,BullishreversalH
4212469606,Crash 500 Index,SELL,3169.471,3191.578,-4.42,-221069.9999999997,0.2,2025-04-27 09:43:40,2025-04-27 11:16:37,92,,LOSS,BearishreversalS
4212469883,Crash 1000 Index,SELL,4907.78,4918.423,-2.13,-106430.00000000029,0.2,2025-04-27 09:43:51,2025-04-27 11:54:27,130,,LOSS,Bearishbreakdown
4212470022,Boom 300 Index,SELL,1551.451,1529.157,22.29,222940.00000000096,1.0,2025-04-27 09:43:58,2025-04-27 10:47:27,63,,WIN,Signaltrade
4212470153,BTCUSD,SELL,94172.252,93962.248,10.5,2100039.9999998626,0.05,2025-04-27 09:44:05,2025-04-27 12:32:01,167,,WIN,Signaltrade
4212476415,Step Index,SELL,8412.2,8422.0,-9.8,-97999.99999999272,0.1,2025-04-27 09:50:22,2025-04-27 10:50:48,60,,LOSS,BearishreversalS
4212553458,Step Index,SELL,8421.6,8430.2,-8.6,-86000.00000000364,0.1,2025-04-27 11:15:12,2025-04-27 11:54:32,39,,LOSS,BearishreversalS
4212624513,BTCUSD,SELL,93968.852,93773.348,9.78,1955040.0000000081,0.05,2025-04-27 12:37:27,2025-04-27 13:25:21,47,,WIN,Signaltrade
4212649331,Crash 1000 Index,SELL,4914.562,4918.249,-0.74,-36869.99999999898,0.2,2025-04-27 13:02:45,2025-04-27 13:14:15,11,,LOSS,Bearishbreakdown
4212674433,BTCUSD,SELL,93761.752,93999.048,-11.86,-2372960.000000021,0.05,2025-04-27 13:28:15,2025-04-27 14:47:09,78,,LOSS,Signaltrade
4212680481,Volatility 10 Index,BUY,6250.345,6248.744,-0.8,-16010.000000005675,0.5,2025-04-27 13:34:28,2025-04-27 13:46:02,11,,LOSS,BullishreversalH
4212774771,Volatility 10 Index,SELL,6250.252,6246.673,1.79,35790.00000000633,0.5,2025-04-27 15:14:26,2025-04-27 15:37:30,23,,WIN,Signaltrade
4212774931,BTCUSD,SELL,93865.152,94101.748,-11.83,-2365960.0000000503,0.05,2025-04-27 15:14:32,2025-04-27 15:37:35,23,,LOSS,Signaltrade
4212778823,Crash 1000 Index,BUY,4925.409,4917.108,-1.6600000000000001,-83009.99999999476,0.2,2025-04-27 15:18:49,2025-04-27 15:37:32,18,,LOSS,BullishreversalH
4212779149,Boom 1000 Index,SELL,20191.105,20169.955,4.23,211499.99999997817,0.2,2025-04-27 15:18:59,2025-04-27 15:37:33,18,,WIN,BearishreversalE
4212779227,Jump 75 Index,BUY,18704.83,18668.06,-1.8399999999999999,-367700.00000000437,0.05,2025-04-27 15:19:03,2025-04-27 15:37:34,18,,LOSS,BullishreversalB
4212795798,Step Index,SELL,8440.6,8440.5,0.1,1000.000000003638,0.1,2025-04-27 15:37:34,2025-04-27 15:37:37,0,,WIN,BearishreversalS
4212795809,Volatility 10 Index,SELL,6246.659,6247.951,-0.65,-12920.00000000371,0.5,2025-04-27 15:37:36,2025-04-27 15:38:48,1,,LOSS,Signaltrade
4212795817,Crash 1000 Index,BUY,4917.383,4913.701,-0.74,-36819.99999999789,0.2,2025-04-27 15:37:37,2025-04-27 15:38:48,1,,LOSS,Signaltrade
4212795845,Jump 50 Index,SELL,36991.3,36949.94,2.07,413600.0000000058,0.05,2025-04-27 15:37:40,2025-04-27 15:38:48,1,,WIN,Signaltrade
4212795864,Step Index,BUY,8440.5,8440.8,0.3,2999.999999992724,0.1,2025-04-27 15:37:41,2025-04-27 15:38:48,1,,WIN,Signaltrade
4212797330,Crash 500 Index,SELL,3178.672,3181.49,-0.56,-28179.999999997563,0.2,2025-04-27 15:39:12,2025-04-27 16:46:07,66,,LOSS,BearishreversalB
4212797442,Jump 50 Index,SELL,36934.03,36883.95,2.5,500800.00000001746,0.05,2025-04-27 15:39:20,2025-04-27 15:57:36,18,,WIN,Bearishbreakdown
4212797481,Jump 75 Index,SELL,18667.69,18552.0,5.78,1156899.999999987,0.05,2025-04-27 15:39:27,2025-04-27 15:43:11,3,,WIN,BearishreversalB
4212797500,Range Break 200 Index,SELL,81804.3,81981.6,-8.87,-1773000.000000029,0.05,2025-04-27 15:39:29,2025-04-27 16:39:27,59,,LOSS,BearishreversalB
4212797537,Volatility 10 Index,SELL,6249.155,6249.848,-0.35,-6930.00000000211,0.5,2025-04-27 15:39:34,2025-04-27 16:46:08,66,,LOSS,Signaltrade
4212797567,Step Index,BUY,8441.5,8441.9,0.4,3999.999999996362,0.1,2025-04-27 15:39:37,2025-04-27 16:46:09,66,,WIN,Signaltrade
4212804035,Jump 75 Index,SELL,18548.44,18635.9,-4.37,-874600.0000000277,0.05,2025-04-27 15:45:57,2025-04-27 16:01:56,15,,LOSS,BearishreversalB
4212817209,Jump 50 Index,SELL,36881.19,37004.64,-6.17,-1234499.999999971,0.05,2025-04-27 15:58:43,2025-04-27 16:25:36,26,,LOSS,Bearishbreakdown
4212824908,Jump 75 Index,SELL,18659.96,18553.92,5.3,1060400.0000000088,0.05,2025-04-27 16:05:23,2025-04-27 16:29:38,24,,WIN,BearishreversalB
4212851434,Jump 50 Index,SELL,36936.15,36807.67,6.42,1284800.0000000321,0.05,2025-04-27 16:29:25,2025-04-27 16:46:10,16,,WIN,Bearishbreakdown
4212854364,Jump 75 Index,SELL,18554.3,18626.34,-3.6,-720400.0000000087,0.05,2025-04-27 16:32:35,2025-04-27 16:41:02,8,,LOSS,BearishreversalB
4212858264,Boom 300 Index,BUY,1638.804,1633.01,-5.79,-57940.00000000096,1.0,2025-04-27 16:37:34,2025-04-27 16:46:11,8,,LOSS,Signaltrade
4212863927,Jump 75 Index,BUY,18575.25,18550.83,-1.22,-244199.99999998254,0.05,2025-04-27 16:45:25,2025-04-27 16:46:12,0,,LOSS,BullishreversalM
4212863946,Range Break 200 Index,BUY,81968.6,81961.3,-0.37,-73000.0000000291,0.05,2025-04-27 16:45:28,2025-04-27 16:46:13,0,,LOSS,BullishreversalH
4212864574,Jump 50 Index,SELL,36798.25,36814.37,-0.81,-161200.0000000262,0.05,2025-04-27 16:46:13,2025-04-27 16:46:17,0,,LOSS,Bearishbreakdown
4212864624,Step Index,BUY,8442.1,8435.7,-6.4,-63999.99999999636,0.1,2025-04-27 16:46:17,2025-04-27 17:02:29,16,,LOSS,BullishreversalH
4212864652,Range Break 200 Index,BUY,81959.6,81948.3,-0.57,-113000.0000000291,0.05,2025-04-27 16:46:19,2025-04-27 16:48:12,1,,LOSS,BullishreversalH
4212865556,Volatility 10 Index,SELL,6251.344,6263.712,-6.18,-123680.00000000393,0.5,2025-04-27 16:47:22,2025-04-27 18:46:48,119,,LOSS,BearishreversalB
4212865613,Crash 500 Index,BUY,3178.36,3175.571,-0.56,-27890.000000002146,0.2,2025-04-27 16:47:24,2025-04-27 22:06:40,319,,LOSS,BullishreversalH
4212865632,Boom 300 Index,SELL,1641.18,1607.697,33.48,334830.00000000175,1.0,2025-04-27 16:47:26,2025-04-27 17:38:29,51,,WIN,Bearishbreakdown
4212865714,Jump 50 Index,SELL,36807.54,36810.86,-0.17,-33199.99999999709,0.05,2025-04-27 16:47:31,2025-04-27 16:47:40,0,,LOSS,Bearishbreakdown
4212866015,Jump 50 Index,SELL,36807.7,36991.6,-9.2,-1839000.0000000144,0.05,2025-04-27 16:47:55,2025-04-27 17:18:55,31,,LOSS,
4212871567,Range Break 200 Index,BUY,81920.6,81959.3,1.94,386999.9999999709,0.05,2025-04-27 16:53:58,2025-04-27 17:57:51,63,,WIN,BullishreversalH
4212878567,BTCUSD,SELL,93822.352,93986.933,-8.23,-1645810.0000000559,0.05,2025-04-27 17:00:29,2025-04-27 18:11:46,71,,LOSS,BearishreversalB
4212885692,Step Index,BUY,8435.0,8429.3,-5.7,-57000.000000007276,0.1,2025-04-27 17:06:54,2025-04-27 23:59:35,412,,LOSS,BullishreversalH
4213257019,Volatility 10 Index,BUY,6271.354,6265.757,-2.8,-55970.00000000662,0.5,2025-04-27 23:28:22,2025-04-27 23:59:36,31,,LOSS,BullishreversalH
4213257152,Boom 300 Index,BUY,1617.925,1608.723,-9.2,-92019.99999999999,1.0,2025-04-27 23:28:27,2025-04-27 23:59:35,31,,LOSS,BullishreversalB
4213257200,XAUUSD,BUY,3320.41,3310.49,-49.6,-99200.00000000073,0.05,2025-04-27 23:28:28,2025-04-27 23:59:34,31,,LOSS,BullishreversalH
4213257225,BTCUSD,BUY,93828.548,93662.853,-8.28,-1656949.9999999243,0.05,2025-04-27 23:28:29,2025-04-27 23:30:20,1,,LOSS,BullishreversalH
4213257255,Boom 1000 Index,SELL,20058.594,20061.373,-0.56,-27789.99999998632,0.2,2025-04-27 23:28:32,2025-04-27 23:51:03,22,,LOSS,Bearishbreakdown
4213257351,Range Break 200 Index,SELL,81917.3,81925.6,-0.42,-83000.0000000291,0.05,2025-04-27 23:28:37,2025-04-27 23:59:35,30,,LOSS,BearishreversalE
4213262749,BTCUSD,BUY,93812.848,93856.352,2.18,435040.00000000815,0.05,2025-04-27 23:34:57,2025-04-27 23:59:34,24,,WIN,BullishreversalH
4213276153,Boom 1000 Index,SELL,20058.239,20053.483,0.95,47560.00000001222,0.2,2025-04-27 23:54:05,2025-04-27 23:59:35,5,,WIN,Bearishbreakdown
4213307400,Jump 75 Index,SELL,17829.73,17498.91,16.54,3308199.999999997,0.05,2025-04-28 00:38:46,2025-04-28 01:45:52,67,,WIN,Bearishbreakdown
4213307415,Boom 300 Index,BUY,1599.154,1582.975,-16.18,-161790.00000000087,1.0,2025-04-28 00:38:49,2025-04-28 01:09:41,30,,LOSS,Signaltrade
4213307440,Boom 1000 Index,SELL,20028.352,20115.015,-17.33,-866630.0000000047,0.2,2025-04-28 00:38:51,2025-04-28 02:18:19,99,,LOSS,Signaltrade
4213312329,Step Index,SELL,8435.1,8424.1,110.0,110000.0,1.0,2025-04-28 00:47:35,2025-04-28 02:00:43,73,,WIN,
4213312339,Step Index,SELL,8435.0,8426.5,85.0,85000.0,1.0,2025-04-28 00:47:36,2025-04-28 01:54:03,66,,WIN,
4213324420,Volatility 10 Index,BUY,6258.195,6263.83,2.82,56350.00000000218,0.5,2025-04-28 01:06:36,2025-04-28 02:30:34,83,,WIN,BullishreversalB
4213324441,Crash 500 Index,SELL,3178.279,3178.298,-0.0,-189.99999999778083,0.2,2025-04-28 01:06:38,2025-04-28 03:01:09,114,,LOSS,BearishreversalB
4213324468,Jump 50 Index,BUY,36076.69,36471.77,19.75,3950799.9999999446,0.05,2025-04-28 01:06:42,2025-04-28 03:18:37,131,,WIN,BullishreversalB
4213324495,Range Break 200 Index,SELL,81944.3,81727.6,10.84,2166999.999999971,0.05,2025-04-28 01:06:44,2025-04-28 03:54:30,167,,WIN,BearishreversalB
4213324520,BTCUSD,SELL,93587.352,93564.548,1.1400000000000001,228040.00000003725,0.05,2025-04-28 01:06:46,2025-04-28 01:29:59,23,,WIN,Signaltrade
4213329652,Crash 1000 Index,SELL,4912.511,4925.629,-2.62,-131179.99999999482,0.2,2025-04-28 01:13:40,2025-04-28 02:05:52,52,,LOSS,BearishreversalB
4213329667,XAUUSD,SELL,3305.85,3314.74,-44.45,-88899.99999999872,0.05,2025-04-28 01:13:41,2025-04-28 01:50:21,36,,LOSS,BearishreversalS
4213337609,Boom 300 Index,BUY,1593.416,1581.528,-11.89,-118879.9999999992,1.0,2025-04-28 01:26:54,2025-04-28 01:47:44,20,,LOSS,BullishreversalB
4213345721,BTCUSD,SELL,93582.352,93279.948,15.12,3024039.9999999497,0.05,2025-04-28 01:39:18,2025-04-28 02:12:25,33,,WIN,Signaltrade
4213350503,Boom 300 Index,BUY,1581.824,1605.196,23.37,233719.99999999843,1.0,2025-04-28 01:47:54,2025-04-28 02:53:35,65,,WIN,BullishreversalB
4213350520,Jump 75 Index,SELL,17518.32,17288.2,11.51,2301199.9999999898,0.05,2025-04-28 01:47:56,2025-04-28 02:31:22,43,,WIN,Bearishbreakdown
4213361527,Step Index,SELL,8425.4,8431.5,-6.1,-61000.00000000364,0.1,2025-04-28 02:06:44,2025-04-28 03:04:51,58,,LOSS,BearishreversalB
4213380990,Jump 75 Index,SELL,17374.07,17563.31,-9.46,-1892400.000000016,0.05,2025-04-28 02:34:28,2025-04-28 03:22:16,47,,LOSS,Bearishbreakdown
4213397565,Boom 300 Index,BUY,1604.486,1589.468,-15.02,-150180.0000000003,1.0,2025-04-28 02:59:06,2025-04-28 04:29:54,90,,LOSS,BullishreversalB
4213402081,Crash 500 Index,SELL,3172.77,3159.588,2.64,131819.9999999979,0.2,2025-04-28 03:05:15,2025-04-28 03:27:34,22,,WIN,BearishreversalB
4213402113,Step Index,SELL,8431.4,8441.9,-10.5,-105000.0,0.1,2025-04-28 03:05:18,2025-04-28 04:48:07,102,,LOSS,BearishreversalB
4213412316,Jump 50 Index,SELL,36464.98,36697.38,-11.62,-2323999.999999942,0.05,2025-04-28 03:23:44,2025-04-28 04:17:31,53,,LOSS,Bearishbreakdown
4213412329,Jump 75 Index,SELL,17541.1,17329.61,10.57,2114899.9999999795,0.05,2025-04-28 03:23:46,2025-04-28 04:12:52,49,,WIN,Bearishbreakdown
4213415962,Crash 500 Index,SELL,3160.116,3164.364,-0.85,-42480.00000000047,0.2,2025-04-28 03:29:55,2025-04-28 03:49:00,19,,LOSS,BearishreversalB
4213428232,Crash 500 Index,SELL,3166.148,3166.675,-0.11,-5270.000000000437,0.2,2025-04-28 03:54:30,2025-04-28 03:55:08,0,,LOSS,BearishreversalB
4213431707,Crash 500 Index,SELL,3167.143,3158.394,1.75,87490.0000000025,0.2,2025-04-28 04:00:40,2025-04-28 04:48:38,47,,WIN,BearishreversalB
4213438051,Jump 75 Index,SELL,17320.56,17135.93,9.23,1846300.0000000102,0.05,2025-04-28 04:13:06,2025-04-28 07:24:37,191,,WIN,Bearishbreakdown
4213448900,Boom 300 Index,BUY,1588.573,1614.412,25.84,258389.99999999942,1.0,2025-04-28 04:31:34,2025-04-28 04:48:29,16,,WIN,BullishreversalB
4213459193,Crash 500 Index,SELL,3158.744,3169.027,-2.06,-102829.99999999901,0.2,2025-04-28 04:50:03,2025-04-28 05:20:37,30,,LOSS,BearishreversalB
4213459202,Boom 300 Index,BUY,1614.961,1599.438,-15.52,-155229.9999999991,1.0,2025-04-28 04:50:05,2025-04-28 06:02:17,72,,LOSS,BullishreversalB
4213459233,Step Index,SELL,8440.7,8441.9,-1.2,-11999.999999989086,0.1,2025-04-28 04:50:07,2025-04-28 06:09:37,79,,LOSS,BearishreversalB
4213477289,Crash 500 Index,SELL,3168.813,3185.563,-3.35,-167500.0,0.2,2025-04-28 05:20:52,2025-04-28 06:46:46,85,,LOSS,BearishreversalB
4213504338,Boom 300 Index,BUY,1599.14,1620.482,21.34,213419.99999999872,1.0,2025-04-28 06:03:04,2025-04-28 06:13:14,10,,WIN,BullishreversalB
4213512092,Boom 300 Index,BUY,1618.846,1603.338,-15.51,-155080.00000000038,1.0,2025-04-28 06:15:23,2025-04-28 07:57:05,101,,LOSS,BullishreversalB
4213512103,Step Index,SELL,8440.0,8441.7,-1.7,-17000.000000007276,0.1,2025-04-28 06:15:26,2025-04-28 06:29:31,14,,LOSS,BearishreversalB
4213526090,Range Break 200 Index,BUY,81892.6,81948.3,2.79,556999.9999999709,0.05,2025-04-28 06:33:54,2025-04-28 08:48:59,135,,WIN,BullishreversalB
4213557281,Crash 500 Index,SELL,3192.722,3203.015,-2.06,-102929.99999999665,0.2,2025-04-28 07:06:42,2025-04-28 08:08:56,62,,LOSS,BearishreversalB
4213572518,Jump 50 Index,SELL,36561.77,36317.15,12.23,2446199.9999999534,0.05,2025-04-28 07:23:08,2025-04-28 07:35:36,12,,WIN,Bearishbreakdown
4213589262,Jump 50 Index,SELL,36356.97,36089.81,13.36,2671600.000000035,0.05,2025-04-28 07:41:40,2025-04-28 08:07:11,25,,WIN,Bearishbreakdown
4213610070,Boom 300 Index,BUY,1605.12,1589.583,-15.54,-155369.99999999808,1.0,2025-04-28 08:03:14,2025-04-28 08:51:52,48,,LOSS,BullishreversalB
4213615270,Jump 50 Index,SELL,36087.84,35866.11,11.09,2217299.999999959,0.05,2025-04-28 08:07:22,2025-04-28 11:00:15,172,,WIN,Bearishbreakdown
4213617598,Crash 500 Index,SELL,3202.935,3213.226,-2.06,-102910.00000000167,0.2,2025-04-28 08:09:26,2025-04-28 11:44:33,215,,LOSS,BearishreversalB
4213660394,Range Break 200 Index,BUY,81954.6,82292.3,16.89,3376999.999999971,0.05,2025-04-28 08:50:37,2025-04-28 13:51:23,300,,WIN,BullishreversalB
4213662739,Boom 300 Index,BUY,1589.248,1581.543,-7.71,-77050.00000000154,1.0,2025-04-28 08:52:40,2025-04-28 10:38:44,106,,LOSS,BullishreversalB
4213780041,Boom 300 Index,BUY,1579.735,1564.214,-15.52,-155209.9999999996,1.0,2025-04-28 10:43:34,2025-04-28 11:52:04,68,,LOSS,BullishreversalB
4213793384,Volatility 10 Index,SELL,6239.468,6251.97,-6.25,-125020.00000000407,0.5,2025-04-28 10:57:20,2025-04-28 13:53:14,175,,LOSS,
4213795165,Step Index,BUY,8452.4,8445.5,-34.5,-68999.99999999636,0.5,2025-04-28 10:59:12,2025-04-28 13:38:57,159,,LOSS,
4214213763,Volatility 10 Index,SELL,6237.782,6244.332,-3.2800000000000002,-65500.00000000182,0.5,2025-04-28 16:23:10,2025-04-28 17:01:24,38,,LOSS,Signaltrade
4214213806,Range Break 200 Index,BUY,82290.6,82268.3,-1.12,-223000.0000000291,0.05,2025-04-28 16:23:13,2025-04-28 17:01:27,38,,LOSS,Signaltrade
4214611112,Crash 1000 Index,BUY,4934.678,4937.244,0.51,25659.999999998035,0.2,2025-04-28 22:12:22,2025-04-28 22:21:39,9,,WIN,Bullishbreakouta
4214611117,Boom 300 Index,BUY,1630.514,1626.658,-3.86,-38559.99999999994,1.0,2025-04-28 22:12:24,2025-04-28 22:16:23,3,,LOSS,BullishreversalB
4214611126,Step Index,BUY,8470.6,8462.8,-7.8,-78000.00000001091,0.1,2025-04-28 22:12:26,2025-04-28 23:08:14,55,,LOSS,Bullishbreakouta
4214616229,Boom 300 Index,BUY,1630.464,1626.671,-3.79,-37929.99999999892,1.0,2025-04-28 22:18:56,2025-04-28 22:38:44,19,,LOSS,BullishreversalB
4214621268,Crash 1000 Index,BUY,4936.201,4937.251,0.21,10500.000000001819,0.2,2025-04-28 22:25:08,2025-04-28 22:29:07,3,,WIN,Bullishbreakouta
4214625319,Crash 1000 Index,BUY,4938.208,4938.976,0.15,7680.000000000291,0.2,2025-04-28 22:31:16,2025-04-28 23:01:00,29,,WIN,Bullishbreakouta
4214633669,Boom 300 Index,BUY,1633.996,1626.655,-7.34,-73410.00000000122,1.0,2025-04-28 22:43:30,2025-04-28 22:53:13,9,,LOSS,BullishreversalB
4214640381,Boom 300 Index,BUY,1624.996,1615.3,-9.7,-96960.0000000014,1.0,2025-04-28 22:55:42,2025-04-28 23:06:49,11,,LOSS,BullishreversalB
4214644296,Crash 1000 Index,BUY,4939.45,4934.135,-1.06,-53149.999999996,0.2,2025-04-28 23:01:49,2025-04-28 23:08:32,6,,LOSS,Bullishbreakouta
4214648848,Volatility 10 Index,BUY,6246.58,6237.696,-4.44,-88840.00000000015,0.5,2025-04-28 23:07:46,2025-04-29 00:12:38,64,,LOSS,BullishreversalB
4214648871,Jump 50 Index,SELL,34490.06,34670.7,-9.03,-1806399.9999999942,0.05,2025-04-28 23:07:49,2025-04-29 00:08:06,60,,LOSS,Bearishbreakdown
4214650418,Step Index,BUY,8462.5,8461.6,-0.9,-8999.999999996362,0.1,2025-04-28 23:10:05,2025-04-29 00:51:36,101,,LOSS,
4214664087,Crash 1000 Index,BUY,4939.648,4926.313,-2.67,-133350.00000000035,0.2,2025-04-28 23:26:04,2025-04-28 23:46:26,20,,LOSS,BullishreversalM
4214664101,Boom 300 Index,BUY,1606.184,1601.796,-4.39,-43879.9999999992,1.0,2025-04-28 23:26:06,2025-04-28 23:32:21,6,,LOSS,BullishreversalH
4214672650,Boom 300 Index,BUY,1602.415,1597.986,-4.43,-44289.9999999986,1.0,2025-04-28 23:38:22,2025-04-28 23:42:50,4,,LOSS,BullishreversalH
4214676500,Boom 300 Index,BUY,1597.013,1592.624,-4.39,-43889.99999999897,1.0,2025-04-28 23:44:29,2025-04-28 23:50:38,6,,LOSS,BullishreversalH
4214683630,Boom 300 Index,BUY,1594.466,1590.047,-4.42,-44189.99999999869,1.0,2025-04-28 23:56:43,2025-04-29 00:01:50,5,,LOSS,BullishreversalH
4214687640,Boom 300 Index,BUY,1589.679,1598.662,8.98,89829.99999999948,1.0,2025-04-29 00:02:50,2025-04-29 00:08:20,5,,WIN,BullishreversalH
4214691669,Boom 300 Index,BUY,1598.566,1608.929,10.36,103630.00000000057,1.0,2025-04-29 00:08:57,2025-04-29 00:12:02,3,,WIN,BullishreversalH
4214691673,Jump 50 Index,SELL,34675.28,34813.04,-6.89,-1377600.0000000205,0.05,2025-04-29 00:08:59,2025-04-29 00:45:44,36,,LOSS,BearishreversalS
4214706441,Crash 500 Index,SELL,3203.907,3203.53,0.08,3769.999999999527,0.2,2025-04-29 00:29:33,2025-04-29 02:40:51,131,,WIN,Bearishbreakdown
4214760466,XAUUSD,BUY,3330.17,3327.91,-11.3,-22600.000000002183,0.05,2025-04-29 01:59:21,2025-04-29 02:00:05,0,,LOSS,BullishreversalH
4214760474,BTCUSD,SELL,94975.35,95294.75,-15.97,-3193999.999999942,0.05,2025-04-29 01:59:22,2025-04-29 02:11:15,11,,LOSS,BearishreversalB
4214762139,Boom 300 Index,BUY,1608.135,1599.093,-9.04,-90419.99999999916,1.0,2025-04-29 02:01:45,2025-04-29 02:21:52,20,,LOSS,BullishreversalM
4214762154,XAUUSD,BUY,3333.17,3327.91,-26.3,-52600.00000000218,0.05,2025-04-29 02:01:46,2025-04-29 02:03:40,1,,LOSS,BullishreversalH
4214762174,Jump 50 Index,SELL,34639.61,34722.77,-4.16,-831599.9999999622,0.05,2025-04-29 02:01:50,2025-04-29 02:05:42,3,,LOSS,Bearishbreakdown
4214763874,Step Index,BUY,8457.2,8449.8,-7.4,-74000.00000001455,0.1,2025-04-29 02:04:24,2025-04-29 05:48:02,223,,LOSS,Signaltrade
4214768770,Jump 50 Index,SELL,34765.97,34860.9,-4.75,-949300.0000000029,0.05,2025-04-29 02:12:20,2025-04-29 02:40:44,28,,LOSS,Bearishbreakdown
4214778787,Jump 75 Index,SELL,17352.19,17319.47,1.6400000000000001,327199.99999997526,0.05,2025-04-29 02:31:40,2025-04-29 02:40:41,9,,WIN,Bearishbreakdown
4214779812,Boom 300 Index,BUY,1594.082,1588.646,-5.44,-54360.00000000149,1.0,2025-04-29 02:33:46,2025-04-29 02:40:48,7,,LOSS,BullishreversalB
4214779833,Boom 1000 Index,BUY,20151.938,20162.695,2.15,107570.00000001426,0.2,2025-04-29 02:33:49,2025-04-29 02:40:38,6,,WIN,BullishreversalB
4214784119,Boom 300 Index,BUY,1588.653,1570.17,-18.48,-184829.99999999948,1.0,2025-04-29 02:41:12,2025-04-29 03:05:44,24,,LOSS,BullishreversalB
4214784129,Boom 1000 Index,BUY,20163.763,20190.891,5.43,271280.0000000061,0.2,2025-04-29 02:41:14,2025-04-29 02:52:19,11,,WIN,BullishreversalB
4214784134,Jump 75 Index,SELL,17295.87,17138.26,7.88,1576100.0000000058,0.05,2025-04-29 02:41:16,2025-04-29 03:07:01,25,,WIN,Bearishbreakdown
4214791268,Boom 1000 Index,BUY,20191.351,20222.025,6.13,306740.00000002707,0.2,2025-04-29 02:53:35,2025-04-29 03:00:33,6,,WIN,BullishreversalB
4214791598,Volatility 10 Index,BUY,6226.865,6235.305,4.22,84400.0000000051,0.5,2025-04-29 02:54:12,2025-04-29 05:09:38,135,,WIN,BullishreversalB
4214798965,Boom 1000 Index,BUY,20216.216,20184.089,-6.43,-321270.0000000041,0.2,2025-04-29 03:06:28,2025-04-29 03:31:08,24,,LOSS,BullishreversalB
4214802396,Jump 75 Index,SELL,17226.13,17030.22,9.8,1959099.9999999986,0.05,2025-04-29 03:12:38,2025-04-29 04:37:20,84,,WIN,Bearishbreakdown
4214806414,Boom 300 Index,BUY,1582.058,1563.597,-18.46,-184610.00000000012,1.0,2025-04-29 03:18:52,2025-04-29 03:48:45,29,,LOSS,BullishreversalB
4214817509,Boom 1000 Index,BUY,20181.322,20197.513,3.24,161909.99999998894,0.2,2025-04-29 03:37:12,2025-04-29 03:44:29,7,,WIN,BullishreversalB
4214823582,Boom 1000 Index,BUY,20193.245,20205.825,2.52,125800.00000001746,0.2,2025-04-29 03:49:24,2025-04-29 05:04:26,75,,WIN,BullishreversalB
4214856348,Jump 75 Index,SELL,17167.92,17069.58,4.92,983399.9999999651,0.05,2025-04-29 04:44:18,2025-04-29 05:12:38,28,,WIN,Bearishbreakdown
4214869320,Boom 1000 Index,BUY,20202.568,20224.563,4.4,219949.9999999898,0.2,2025-04-29 05:08:44,2025-04-29 05:21:16,12,,WIN,BullishreversalB
4214871838,Volatility 10 Index,BUY,6233.743,6235.346,0.8,16029.99999999156,0.5,2025-04-29 05:14:50,2025-04-29 05:17:52,3,,WIN,BullishreversalB
4214871845,Jump 75 Index,SELL,17095.35,17206.28,-5.55,-1109300.0000000028,0.05,2025-04-29 05:14:52,2025-04-29 06:11:30,56,,LOSS,Bearishbreakdown
4214874691,Volatility 10 Index,BUY,6235.14,6235.841,0.35,7010.000000000218,0.5,2025-04-29 05:20:58,2025-04-29 05:21:14,0,,WIN,BullishreversalB
4214877870,Volatility 10 Index,BUY,6237.284,6238.244,0.48,9600.000000000364,0.5,2025-04-29 05:27:06,2025-04-29 05:27:34,0,,WIN,BullishreversalB
4214877885,Boom 1000 Index,BUY,20219.709,20305.809,17.22,861000.0000000219,0.2,2025-04-29 05:27:08,2025-04-29 07:59:52,152,,WIN,BullishreversalB
4214881969,Volatility 10 Index,BUY,6233.145,6235.371,1.11,22259.99999999658,0.5,2025-04-29 05:33:14,2025-04-29 05:37:38,4,,WIN,BullishreversalB
4214885430,Volatility 10 Index,BUY,6236.605,6237.592,0.49,9870.0000000008,0.5,2025-04-29 05:39:22,2025-04-29 05:41:30,2,,WIN,BullishreversalB
4214888993,Volatility 10 Index,BUY,6239.517,6240.41,0.45,8930.000000000291,0.5,2025-04-29 05:45:30,2025-04-29 05:45:46,0,,WIN,BullishreversalB
4214895081,Volatility 10 Index,BUY,6242.611,6243.346,0.37,7349.999999996726,0.5,2025-04-29 05:51:38,2025-04-29 06:32:22,40,,WIN,BullishreversalB
4214895094,Step Index,BUY,8450.2,8460.9,10.7,106999.99999998909,0.1,2025-04-29 05:51:40,2025-04-29 08:23:57,152,,WIN,BullishreversalH
4214911881,Jump 75 Index,SELL,17190.89,17075.3,5.78,1155900.0000000014,0.05,2025-04-29 06:16:08,2025-04-29 06:24:04,7,,WIN,Bearishbreakdown
4214920428,Jump 75 Index,SELL,17083.39,17188.61,-5.26,-1052200.0000000116,0.05,2025-04-29 06:28:20,2025-04-29 06:29:01,0,,LOSS,Bearishbreakdown
4214925391,Volatility 10 Index,BUY,6242.427,6243.75,0.66,13230.000000003201,0.5,2025-04-29 06:34:26,2025-04-29 06:44:44,10,,WIN,BullishreversalB
4214925420,Jump 75 Index,SELL,17128.29,17247.14,-5.9399999999999995,-1188499.9999999856,0.05,2025-04-29 06:34:28,2025-04-29 06:59:38,25,,LOSS,Bearishbreakdown
4214934126,Volatility 10 Index,BUY,6245.016,6245.87,0.43,8540.000000002692,0.5,2025-04-29 06:46:42,2025-04-29 07:05:06,18,,WIN,BullishreversalB
4214947261,Jump 75 Index,SELL,17168.82,17276.98,-5.41,-1081599.9999999986,0.05,2025-04-29 07:05:04,2025-04-29 07:25:00,19,,LOSS,Bearishbreakdown
4214953164,Volatility 10 Index,BUY,6247.807,6248.562,0.38,7550.000000001091,0.5,2025-04-29 07:11:10,2025-04-29 07:34:40,23,,WIN,BullishreversalB
4214970464,Jump 75 Index,SELL,17265.58,17374.26,-5.43,-1086799.9999999665,0.05,2025-04-29 07:29:29,2025-04-29 10:38:44,189,,LOSS,Bearishbreakdown
4214976610,Volatility 10 Index,BUY,6247.866,6248.37,0.25,5039.999999999054,0.5,2025-04-29 07:35:36,2025-04-29 07:49:36,14,,WIN,BullishreversalB
4214995412,Volatility 10 Index,BUY,6248.919,6249.517,0.3,5979.999999999563,0.5,2025-04-29 07:53:56,2025-04-29 07:55:30,1,,WIN,BullishreversalB
4215001700,Volatility 10 Index,BUY,6251.178,6252.2,0.51,10219.999999999345,0.5,2025-04-29 08:00:04,2025-04-29 08:13:24,13,,WIN,BullishreversalB
4215001767,Boom 1000 Index,BUY,20307.403,20263.242,-8.83,-441610.0000000006,0.2,2025-04-29 08:00:06,2025-04-29 09:05:51,65,,LOSS,BullishreversalB
4215019406,Volatility 10 Index,BUY,6252.673,6253.594,0.46,9210.000000002765,0.5,2025-04-29 08:18:24,2025-04-29 08:24:16,5,,WIN,BullishreversalB
4215027075,Volatility 10 Index,BUY,6253.747,6266.803,6.53,130559.99999999585,0.5,2025-04-29 08:24:32,2025-04-29 11:52:34,208,,WIN,BullishreversalB
4215027183,Step Index,BUY,8461.0,8451.1,-9.9,-98999.99999999636,0.1,2025-04-29 08:24:34,2025-04-29 12:49:45,265,,LOSS,BullishreversalH
4215074421,Boom 1000 Index,BUY,20263.495,20219.395,-8.82,-440999.99999998545,0.2,2025-04-29 09:07:16,2025-04-29 13:44:25,277,,LOSS,BullishreversalB
4215129126,Boom 300 Index,BUY,1586.393,1614.771,28.38,283779.9999999993,1.0,2025-04-29 10:02:11,2025-04-29 12:34:48,152,,WIN,BullishreversalB
4215184963,Jump 75 Index,SELL,17338.78,17175.26,8.18,1635200.0000000044,0.05,2025-04-29 10:55:33,2025-04-29 11:55:14,59,,WIN,Bearishbreakdown
4215249416,Volatility 10 Index,BUY,6266.949,6279.918,6.48,129690.00000000051,0.5,2025-04-29 11:53:30,2025-04-29 13:39:06,105,,WIN,BullishreversalB
4215254524,Jump 75 Index,SELL,17156.31,17263.68,-5.37,-1073699.9999999898,0.05,2025-04-29 11:58:50,2025-04-29 12:45:49,46,,LOSS,Bearishbreakdown
4215312195,Boom 300 Index,SELL,1608.029,1622.995,-14.97,-149659.99999999895,1.0,2025-04-29 12:42:54,2025-04-29 15:18:29,155,,LOSS,Bearishbreakdown
4215312218,XAUUSD,SELL,3313.65,3309.86,18.95,37899.999999999636,0.05,2025-04-29 12:42:56,2025-04-29 13:14:10,31,,WIN,BearishreversalE
4215320942,Jump 75 Index,SELL,17232.74,17322.88,-4.51,-901399.9999999942,0.05,2025-04-29 12:49:12,2025-04-29 12:53:53,4,,LOSS,Bearishbreakdown
4215334456,Step Index,BUY,8448.5,8447.1,-1.4,-13999.999999996362,0.1,2025-04-29 12:59:53,2025-04-29 13:12:21,12,,LOSS,BullishreversalM
4215338151,Jump 75 Index,SELL,17331.27,17055.58,13.78,2756899.999999987,0.05,2025-04-29 13:02:08,2025-04-29 13:31:56,29,,WIN,Bearishbreakdown
4215376542,XAUUSD,SELL,3309.75,3315.43,-28.4,-56799.99999999836,0.05,2025-04-29 13:28:43,2025-04-29 14:07:34,38,,LOSS,BearishreversalE
4215376719,Step Index,BUY,8451.5,8450.8,-0.7,-7000.000000007276,0.1,2025-04-29 13:28:55,2025-04-29 15:53:26,144,,LOSS,BullishreversalM
4215385112,Jump 75 Index,SELL,17079.34,17213.16,-6.6899999999999995,-1338199.9999999972,0.05,2025-04-29 13:35:10,2025-04-29 14:18:22,43,,LOSS,Bearishbreakdown
4215386248,Jump 50 Index,BUY,34729.78,34831.66,5.09,1018800.0000000466,0.05,2025-04-29 13:36:10,2025-04-29 14:24:09,47,,WIN,BullishreversalM
4215386333,Range Break 200 Index,BUY,82543.6,82653.3,5.49,1096999.999999971,0.05,2025-04-29 13:36:13,2025-04-29 14:37:20,61,,WIN,BullishreversalB
4215401838,Boom 1000 Index,BUY,20231.917,20199.915,-6.4,-320020.0000000041,0.2,2025-04-29 13:48:10,2025-04-29 15:12:43,84,,LOSS,BullishreversalH
4215740554,Volatility 10 Index,BUY,6278.95,6268.917,-5.02,-100329.99999999447,0.5,2025-04-29 17:45:28,2025-04-29 19:27:20,101,,LOSS,Signaltrade
4215740592,Crash 500 Index,BUY,3207.936,3195.32,-2.52,-126159.99999999985,0.2,2025-04-29 17:45:32,2025-04-29 18:47:00,61,,LOSS,BullishreversalH
4215740611,Boom 1000 Index,SELL,20238.234,20189.394,9.77,488400.00000000146,0.2,2025-04-29 17:45:35,2025-04-29 18:51:37,66,,WIN,BearishreversalE
4215740622,Jump 50 Index,BUY,35392.33,35188.2,-10.21,-2041300.0000000466,0.05,2025-04-29 17:45:36,2025-04-29 19:02:09,76,,LOSS,BullishreversalB
4215740705,Jump 75 Index,SELL,17338.59,17278.13,3.02,604599.9999999913,0.05,2025-04-29 17:45:41,2025-04-29 18:04:26,18,,WIN,BearishreversalB
4215740715,Step Index,SELL,8461.5,8472.1,-10.6,-106000.00000000364,0.1,2025-04-29 17:45:43,2025-04-29 19:30:25,104,,LOSS,BearishreversalS
4215740732,Range Break 200 Index,BUY,82658.6,82833.3,8.74,1746999.999999971,0.05,2025-04-29 17:45:44,2025-04-29 17:59:26,13,,WIN,BullishreversalM
4215764628,Jump 75 Index,SELL,17282.23,17400.27,-5.9,-1180400.0000000088,0.05,2025-04-29 18:04:48,2025-04-29 18:27:57,23,,LOSS,BearishreversalB
4215764664,Range Break 200 Index,BUY,82809.6,82816.3,0.34,66999.9999999709,0.05,2025-04-29 18:04:50,2025-04-29 18:05:49,0,,WIN,BullishreversalM
4215771679,Range Break 200 Index,BUY,82802.6,82812.3,0.49,96999.9999999709,0.05,2025-04-29 18:10:59,2025-04-29 18:13:23,2,,WIN,BullishreversalM
4215779425,Range Break 200 Index,BUY,82801.6,82810.3,0.44,86999.9999999709,0.05,2025-04-29 18:17:12,2025-04-29 19:20:17,63,,WIN,BullishreversalM
4215797114,Jump 75 Index,SELL,17382.67,17281.82,5.04,1008499.9999999854,0.05,2025-04-29 18:29:33,2025-04-29 20:46:28,136,,WIN,BearishreversalB
4215822776,Crash 500 Index,BUY,3197.846,3195.292,-0.51,-25540.000000000873,0.2,2025-04-29 18:52:47,2025-04-29 19:10:04,17,,LOSS,BullishreversalH
4215824632,Boom 1000 Index,SELL,20193.01,20189.372,0.73,36379.999999990105,0.2,2025-04-29 18:54:06,2025-04-29 18:58:48,4,,WIN,BearishreversalE
4215837896,Jump 50 Index,BUY,35250.4,35188.76,-3.08,-616399.9999999942,0.05,2025-04-29 19:04:01,2025-04-29 19:10:07,6,,LOSS,BullishreversalB
4215840151,Boom 1000 Index,SELL,20178.724,20176.288,0.49,24359.999999978754,0.2,2025-04-29 19:06:23,2025-04-29 19:10:03,3,,WIN,BearishreversalE
4215886796,Crash 500 Index,BUY,3203.962,3207.225,0.65,32629.9999999992,0.2,2025-04-29 19:50:30,2025-04-29 20:26:39,36,,WIN,BullishreversalH
4215889638,Jump 50 Index,BUY,34724.37,35020.44,14.8,2960699.999999997,0.05,2025-04-29 19:53:03,2025-04-29 21:42:01,108,,WIN,BullishreversalB
4215891591,Step Index,SELL,8467.6,8472.3,-4.7,-46999.999999989086,0.1,2025-04-29 19:55:08,2025-04-29 20:49:17,54,,LOSS,BearishreversalS
4215898426,Boom 1000 Index,SELL,20161.212,20158.592,0.52,26199.999999989814,0.2,2025-04-29 20:01:21,2025-04-29 20:05:02,3,,WIN,BearishreversalE
4215898465,Range Break 200 Index,BUY,82830.6,83131.3,15.04,3006999.999999971,0.05,2025-04-29 20:01:23,2025-04-29 20:22:21,20,,WIN,BullishreversalM
4215905438,Boom 1000 Index,SELL,20153.723,20296.273,-28.51,-1425499.9999999928,0.2,2025-04-29 20:07:39,2025-04-30 00:45:05,277,,LOSS,BearishreversalE
4215927289,Crash 500 Index,BUY,3208.47,3216.202,1.55,77320.00000000425,0.2,2025-04-29 20:28:59,2025-04-29 23:18:27,169,,WIN,BullishreversalH
4215930303,Range Break 200 Index,BUY,83122.6,83358.3,11.79,2356999.999999971,0.05,2025-04-29 20:31:18,2025-04-29 21:41:08,69,,WIN,BullishreversalM
4215947399,Jump 75 Index,SELL,17258.7,17102.97,7.79,1557299.9999999956,0.05,2025-04-29 20:49:47,2025-04-29 21:04:45,14,,WIN,BearishreversalB
4216051621,Jump 75 Index,SELL,17351.3,17281.43,3.49,698699.9999999898,0.05,2025-04-29 22:51:33,2025-04-29 22:57:47,6,,WIN,BearishreversalB
4216051723,Step Index,BUY,8492.9,8499.2,6.3,63000.000000010914,0.1,2025-04-29 22:51:37,2025-04-30 00:27:52,96,,WIN,Bullishbreakouta
4216055011,Crash 1000 Index,BUY,4946.996,4933.936,-2.61,-130600.000000004,0.2,2025-04-29 22:55:53,2025-04-29 23:08:08,12,,LOSS,Signaltrade
4216055052,BTCUSD,SELL,94595.75,94296.35,14.97,2993999.999999942,0.05,2025-04-29 22:55:55,2025-04-29 23:11:15,15,,WIN,Signaltrade
4216055078,Volatility 10 Index,BUY,6242.69,6251.154,4.23,84640.00000000851,0.5,2025-04-29 22:56:00,2025-04-30 00:58:56,122,,WIN,BullishreversalM
4216055187,Jump 50 Index,BUY,34973.82,34602.09,-18.59,-3717300.000000032,0.05,2025-04-29 22:56:05,2025-04-30 00:50:04,113,,LOSS,BullishreversalB
4216060563,Jump 75 Index,BUY,17326.8,17495.27,8.42,1684700.0000000116,0.05,2025-04-29 23:02:21,2025-04-30 00:59:01,116,,WIN,Signaltrade
4216065936,Crash 1000 Index,BUY,4934.295,4960.805,5.3,265100.0000000022,0.2,2025-04-29 23:08:35,2025-04-30 03:46:26,277,,WIN,Signaltrade
4216071120,BTCUSD,SELL,94154.75,93841.179,15.68,3135709.9999999627,0.05,2025-04-29 23:14:52,2025-04-30 00:13:34,58,,WIN,Signaltrade
4216075785,Crash 500 Index,BUY,3212.091,3218.254,1.23,61630.00000000011,0.2,2025-04-29 23:21:10,2025-04-29 23:59:20,38,,WIN,BullishreversalH
4216105850,Crash 500 Index,BUY,3220.653,3221.589,0.19,9360.000000001492,0.2,2025-04-30 00:04:39,2025-04-30 00:07:46,3,,WIN,BullishreversalH
4216110600,Crash 500 Index,BUY,3223.141,3235.307,2.43,121659.99999999712,0.2,2025-04-30 00:10:53,2025-04-30 01:14:25,63,,WIN,BullishreversalH
4216114104,BTCUSD,SELL,93784.95,94029.85,-12.25,-2449000.0000000875,0.05,2025-04-30 00:17:04,2025-04-30 00:43:05,26,,LOSS,Signaltrade
4216128757,Step Index,SELL,8494.5,8497.6,-3.1,-31000.000000003638,0.1,2025-04-30 00:41:59,2025-04-30 01:16:32,34,,LOSS,BearishreversalI
4216132492,BTCUSD,SELL,94116.45,94358.45,-12.1,-2420000.0,0.05,2025-04-30 00:48:09,2025-04-30 01:11:20,23,,LOSS,Signaltrade
4216132496,Boom 1000 Index,BUY,20301.922,20349.727,9.56,478050.0000000029,0.2,2025-04-30 00:48:11,2025-04-30 02:15:37,87,,WIN,Signaltrade
4216135967,Jump 50 Index,BUY,34575.65,34320.05,-12.78,-2555999.9999999856,0.05,2025-04-30 00:54:27,2025-04-30 01:26:08,31,,LOSS,BullishreversalB
4216139308,Jump 75 Index,BUY,17498.15,17657.51,7.97,1593599.9999999695,0.05,2025-04-30 01:00:45,2025-04-30 01:49:09,48,,WIN,Signaltrade
4216139335,Volatility 10 Index,BUY,6251.177,6262.46,5.64,112830.00000000357,0.5,2025-04-30 01:00:48,2025-04-30 02:25:00,84,,WIN,BullishreversalM
4216147022,BTCUSD,SELL,94335.35,94861.75,-26.32,-5263999.999999942,0.05,2025-04-30 01:13:16,2025-04-30 04:46:25,213,,LOSS,Signaltrade
4216151336,Crash 500 Index,BUY,3237.58,3227.411,-2.03,-101689.99999999869,0.2,2025-04-30 01:19:31,2025-04-30 02:10:55,51,,LOSS,BullishreversalH
4216154448,Step Index,SELL,8495.6,8497.4,-1.8,-17999.999999992724,0.1,2025-04-30 01:25:48,2025-04-30 01:29:14,3,,LOSS,BearishreversalI
4216157522,Jump 50 Index,BUY,34272.62,34655.12,19.13,3825000.0,0.05,2025-04-30 01:32:06,2025-04-30 03:48:20,136,,WIN,BullishreversalB
4216166563,Jump 75 Index,BUY,17632.9,17790.7,7.89,1577999.9999999928,0.05,2025-04-30 01:50:46,2025-04-30 02:32:21,41,,WIN,Signaltrade
4216177298,Step Index,SELL,8495.3,8488.2,7.1,70999.99999998545,0.1,2025-04-30 02:09:29,2025-04-30 07:54:30,345,,WIN,BearishreversalI
4216180575,Boom 1000 Index,BUY,20351.427,20354.55,0.62,31229.999999995925,0.2,2025-04-30 02:15:43,2025-04-30 02:36:08,20,,WIN,Signaltrade
4216180593,Crash 500 Index,BUY,3229.635,3237.033,1.48,73979.99999999683,0.2,2025-04-30 02:15:46,2025-04-30 02:48:44,32,,WIN,BullishreversalH
4216186452,Volatility 10 Index,BUY,6260.375,6262.749,1.19,23739.999999997963,0.5,2025-04-30 02:28:12,2025-04-30 03:00:52,32,,WIN,BullishreversalM
4216193862,Boom 1000 Index,BUY,20372.11,20331.633,-8.1,-404769.9999999895,0.2,2025-04-30 02:40:48,2025-04-30 03:20:02,39,,LOSS,Signaltrade
4216199319,Crash 500 Index,BUY,3238.787,3230.544,-1.65,-82429.99999999939,0.2,2025-04-30 02:52:26,2025-04-30 03:51:01,58,,LOSS,BullishreversalH
4216206211,Volatility 10 Index,BUY,6263.334,6263.817,0.24,4830.000000001746,0.5,2025-04-30 03:05:00,2025-04-30 03:06:14,1,,WIN,BullishreversalM
4216209700,Volatility 10 Index,BUY,6262.869,6263.962,0.55,10930.000000007567,0.5,2025-04-30 03:11:16,2025-04-30 03:12:00,0,,WIN,BullishreversalM
4216212371,Volatility 10 Index,BUY,6265.361,6266.284,0.46,9229.999999997744,0.5,2025-04-30 03:17:32,2025-04-30 03:31:12,13,,WIN,BullishreversalM
4216215243,Boom 1000 Index,BUY,20329.034,20218.001,-22.21,-1110329.9999999944,0.2,2025-04-30 03:23:45,2025-04-30 08:59:27,335,,LOSS,Signaltrade
4216222746,Volatility 10 Index,BUY,6267.187,6268.091,0.45,9040.000000004511,0.5,2025-04-30 03:36:16,2025-04-30 03:36:32,0,,WIN,BullishreversalM
4216225799,Volatility 10 Index,BUY,6269.11,6269.711,0.3,6010.000000005675,0.5,2025-04-30 03:42:32,2025-04-30 04:04:14,21,,WIN,BullishreversalM
4216229520,Crash 1000 Index,BUY,4961.84,4947.676,-2.83,-141639.9999999976,0.2,2025-04-30 03:48:47,2025-04-30 07:48:00,239,,LOSS,Signaltrade
4216229591,Jump 50 Index,BUY,34666.84,34942.1,13.76,2752600.0000000205,0.05,2025-04-30 03:48:52,2025-04-30 05:21:44,92,,WIN,BullishreversalB
4216232708,Crash 500 Index,BUY,3229.604,3241.786,2.44,121820.00000000244,0.2,2025-04-30 03:55:03,2025-04-30 04:35:39,40,,WIN,BullishreversalH
4216239306,Volatility 10 Index,BUY,6267.635,6268.586,0.48,9510.000000000218,0.5,2025-04-30 04:07:30,2025-04-30 04:08:34,1,,WIN,BullishreversalM
4216242446,Volatility 10 Index,BUY,6271.128,6271.856,0.36,7280.000000000655,0.5,2025-04-30 04:13:44,2025-04-30 04:25:30,11,,WIN,BullishreversalM
4216253454,Volatility 10 Index,BUY,6272.862,6243.255,-14.8,-296069.9999999997,0.5,2025-04-30 04:26:14,2025-04-30 16:48:00,741,,LOSS,BullishreversalM
4216260024,Crash 500 Index,BUY,3241.747,3233.045,-1.74,-87019.9999999977,0.2,2025-04-30 04:38:42,2025-04-30 04:42:11,3,,LOSS,BullishreversalH
4216263352,Crash 500 Index,BUY,3234.309,3239.77,1.09,54609.99999999785,0.2,2025-04-30 04:44:56,2025-04-30 06:36:06,111,,WIN,BullishreversalH
4216283857,Jump 50 Index,BUY,34950.81,34605.57,-17.26,-3452399.9999999795,0.05,2025-04-30 05:22:14,2025-04-30 08:56:56,214,,LOSS,BullishreversalB
4216343516,Crash 500 Index,BUY,3240.271,3230.066,-2.04,-102050.00000000381,0.2,2025-04-30 06:36:38,2025-04-30 07:06:12,29,,LOSS,BullishreversalH
4216369863,Crash 500 Index,BUY,3230.91,3243.089,2.44,121790.00000000087,0.2,2025-04-30 07:07:36,2025-04-30 08:58:24,110,,WIN,BullishreversalH
4216397805,BTCUSD,SELL,94730.35,94859.65,-6.47,-1292999.9999998836,0.05,2025-04-30 07:38:39,2025-04-30 08:19:08,40,,LOSS,Signaltrade
4216409276,Crash 1000 Index,BUY,4948.822,4938.195,-2.13,-106270.00000000407,0.2,2025-04-30 07:51:08,2025-04-30 08:12:09,21,,LOSS,Signaltrade
4216885056,Crash 1000 Index,BUY,4976.935,4977.686,0.15,7509.999999992942,0.2,2025-04-30 14:27:34,2025-04-30 14:31:08,3,,WIN,Signaltrade
4216885214,Crash 500 Index,SELL,3228.349,3212.593,3.15,157560.00000000314,0.2,2025-04-30 14:27:38,2025-04-30 14:39:49,12,,WIN,BearishreversalB
4216885260,Boom 300 Index,BUY,1687.754,1661.315,-26.44,-264389.9999999985,1.0,2025-04-30 14:27:40,2025-04-30 16:48:00,140,,LOSS,BullishreversalB
4216885298,XAUUSD,SELL,3302.88,3309.77,-34.45,-68899.99999999872,0.05,2025-04-30 14:27:41,2025-04-30 14:35:24,7,,LOSS,Bearishbreakdown
4216894619,Crash 1000 Index,BUY,4978.782,4979.539,0.15,7569.999999996071,0.2,2025-04-30 14:33:50,2025-04-30 14:37:01,3,,WIN,Signaltrade
4216906353,Crash 1000 Index,BUY,4980.574,4993.861,2.66,132870.00000000262,0.2,2025-04-30 14:40:00,2025-04-30 15:47:48,67,,WIN,Signaltrade
4216906591,Crash 500 Index,SELL,3212.41,3208.955,0.69,34549.99999999927,0.2,2025-04-30 14:40:07,2025-04-30 15:57:12,77,,WIN,BearishreversalB
4216932783,XAUUSD,SELL,3307.36,3309.87,-12.55,-25099.999999997635,0.05,2025-04-30 14:58:37,2025-04-30 14:59:25,0,,LOSS,Bearishbreakdown
4216942894,XAUUSD,SELL,3304.25,3309.77,-27.6,-55199.99999999982,0.05,2025-04-30 15:04:52,2025-04-30 15:15:58,11,,LOSS,Bearishbreakdown
4216957945,XAUUSD,SELL,3308.61,3309.78,-5.85,-11700.000000000728,0.05,2025-04-30 15:17:16,2025-04-30 15:17:28,0,,LOSS,Bearishbreakdown
4216966578,XAUUSD,BUY,3312.69,3308.77,-19.6,-39200.00000000073,0.05,2025-04-30 15:23:54,2025-04-30 15:57:08,33,,LOSS,Signaltrade
4216966632,Boom 1000 Index,SELL,20142.937,20199.212,-11.26,-562749.9999999781,0.2,2025-04-30 15:23:57,2025-04-30 16:48:00,84,,LOSS,Signaltrade
4216966737,Jump 75 Index,SELL,17533.06,17410.62,6.12,1224400.0000000233,0.05,2025-04-30 15:24:01,2025-04-30 15:57:14,33,,WIN,Bearishbreakdown
4216966810,Range Break 200 Index,BUY,83500.6,83508.3,0.39,76999.9999999709,0.05,2025-04-30 15:24:04,2025-04-30 15:57:16,33,,WIN,BullishreversalB
4217003422,Crash 1000 Index,BUY,4994.597,4996.68,0.42,20830.000000005384,0.2,2025-04-30 15:49:18,2025-04-30 15:57:18,8,,WIN,Signaltrade
4217082315,Jump 50 Index,SELL,34181.15,34148.4,1.6400000000000001,327500.0,0.05,2025-04-30 16:45:55,2025-04-30 16:48:00,2,,WIN,Bearishbreakdown
4217082596,Step Index,SELL,8482.8,8482.2,0.6,5999.999999985448,0.1,2025-04-30 16:46:04,2025-04-30 16:48:00,1,,WIN,BearishreversalB
4217085108,Step Index,SELL,8482.1,8482.0,0.1,1000.000000003638,0.1,2025-04-30 16:48:03,2025-04-30 19:47:42,179,,WIN,BearishreversalB
4217089980,XAUUSD,BUY,3306.19,3303.14,-15.25,-30500.00000000182,0.05,2025-04-30 16:52:22,2025-04-30 16:55:53,3,,LOSS,BullishreversalH
4217090077,BTCUSD,SELL,93943.85,93774.65,8.46,1692000.0000001164,0.05,2025-04-30 16:52:31,2025-04-30 17:10:36,18,,WIN,BearishreversalB
4217090180,Jump 50 Index,SELL,34140.8,34185.67,-2.24,-448699.99999995343,0.05,2025-04-30 16:52:37,2025-04-30 16:57:28,4,,LOSS,BearishreversalE
4217090370,Range Break 200 Index,BUY,83525.6,83247.3,-13.92,-2783000.000000029,0.05,2025-04-30 16:52:45,2025-04-30 18:30:33,97,,LOSS,BullishreversalB
4217099997,XAUUSD,SELL,3308.71,3312.17,-17.3,-34600.000000000364,0.05,2025-04-30 17:00:36,2025-04-30 17:07:00,6,,LOSS,BearishreversalS
4217100257,Jump 50 Index,BUY,34191.94,34339.32,7.37,1473799.999999974,0.05,2025-04-30 17:00:43,2025-04-30 17:09:55,9,,WIN,BullishreversalB
4217100304,Jump 75 Index,SELL,17597.15,17687.08,-4.5,-899300.0000000029,0.05,2025-04-30 17:00:47,2025-04-30 17:03:31,2,,LOSS,BearishreversalS
4217102999,Boom 300 Index,BUY,1663.596,1657.8,-5.8,-57960.000000000495,1.0,2025-04-30 17:03:01,2025-04-30 17:09:20,6,,LOSS,Bullishbreakouta
4217130331,Volatility 10 Index,BUY,6242.347,6253.143,5.4,107960.00000000276,0.5,2025-04-30 17:28:28,2025-04-30 19:24:46,116,,WIN,BullishreversalB
4217130392,Crash 1000 Index,BUY,4996.961,4987.365,-1.92,-95960.00000000458,0.2,2025-04-30 17:28:33,2025-04-30 17:32:21,3,,LOSS,Bullishbreakouta
4217130510,Jump 50 Index,SELL,34203.37,34171.12,1.6099999999999999,322500.0,0.05,2025-04-30 17:28:43,2025-04-30 17:31:32,2,,WIN,Bearishbreakdown
4217130561,Jump 75 Index,BUY,17683.33,17641.15,-2.11,-421800.0000000029,0.05,2025-04-30 17:28:47,2025-04-30 17:30:57,2,,LOSS,BullishreversalM
4217161106,Crash 500 Index,SELL,3208.393,3224.538,-3.23,-161449.99999999983,0.2,2025-04-30 17:57:38,2025-04-30 19:55:55,118,,LOSS,BearishreversalB
4217161208,Crash 1000 Index,SELL,4984.084,4997.999,-2.7800000000000002,-139149.99999999965,0.2,2025-04-30 17:57:44,2025-04-30 20:16:27,138,,LOSS,BearishreversalB
4217161253,Boom 300 Index,BUY,1668.606,1691.17,22.56,225640.0000000008,1.0,2025-04-30 17:57:47,2025-04-30 18:21:05,23,,WIN,BullishreversalB
4217161297,XAUUSD,BUY,3311.66,3300.38,-56.4,-112799.99999999745,0.05,2025-04-30 17:57:49,2025-04-30 20:22:19,144,,LOSS,BullishreversalM
4217161375,BTCUSD,SELL,93844.15,94139.75,-14.78,-2956000.000000058,0.05,2025-04-30 17:57:51,2025-04-30 18:37:13,39,,LOSS,BearishreversalE
4217161446,Boom 1000 Index,SELL,20112.985,20049.724,12.65,632610.0000000224,0.2,2025-04-30 17:57:54,2025-04-30 19:30:19,92,,WIN,Bearishbreakdown
4217161521,Jump 75 Index,BUY,17867.29,17806.22,-3.05,-610699.9999999971,0.05,2025-04-30 17:58:00,2025-04-30 18:23:18,25,,LOSS,BullishreversalH
4217169400,Jump 50 Index,SELL,34389.22,34503.6,-5.72,-1143799.999999974,0.05,2025-04-30 18:05:10,2025-04-30 18:25:21,20,,LOSS,Bearishbreakdown
4217192322,Boom 300 Index,BUY,1689.541,1707.285,17.74,177440.00000000143,1.0,2025-04-30 18:25:06,2025-04-30 19:35:54,70,,WIN,BullishreversalB
4217348106,BTCUSD,SELL,94068.15,93909.85,7.92,1582999.9999998836,0.05,2025-04-30 20:05:13,2025-04-30 20:23:00,17,,WIN,BearishreversalS
4217368552,XAUUSD,SELL,3300.11,3286.71,67.0,134000.0000000009,0.05,2025-04-30 20:25:05,2025-04-30 21:38:04,72,,WIN,BearishreversalE
4217368595,BTCUSD,SELL,93790.65,93769.85,1.04,207999.99999988358,0.05,2025-04-30 20:25:08,2025-04-30 20:25:56,0,,WIN,BearishreversalS
4217373134,BTCUSD,SELL,93711.15,94171.75,-23.03,-4606000.000000058,0.05,2025-04-30 20:30:13,2025-04-30 20:56:10,25,,LOSS,BearishreversalS
4217383234,Jump 75 Index,BUY,17635.36,17622.96,-0.62,-124000.00000001455,0.05,2025-04-30 20:40:09,2025-04-30 20:40:24,0,,LOSS,BullishreversalM
4217393195,Jump 75 Index,BUY,17679.42,17618.48,-3.05,-609399.999999987,0.05,2025-04-30 20:50:10,2025-04-30 20:56:52,6,,LOSS,BullishreversalM
4217422122,Jump 75 Index,BUY,17640.76,17647.23,0.32,64700.00000001164,0.05,2025-04-30 21:15:09,2025-04-30 21:17:25,2,,WIN,BullishreversalM
4217426134,Jump 75 Index,SELL,17617.18,17662.7,-2.2800000000000002,-455200.00000000437,0.05,2025-04-30 21:20:09,2025-04-30 21:22:05,1,,LOSS,Bearishbreakdown
4217449423,Boom 300 Index,SELL,1700.031,1700.463,-0.43,-4320.000000000164,1.0,2025-04-30 21:40:04,2025-04-30 21:46:28,6,,LOSS,Bearishbreakdown
4217454287,Jump 75 Index,BUY,17573.44,17541.38,-1.6,-320599.9999999767,0.05,2025-04-30 21:45:09,2025-04-30 21:45:53,0,,LOSS,BullishreversalH
4217454375,Range Break 200 Index,SELL,83510.3,83304.6,10.29,2056999.999999971,0.05,2025-04-30 21:45:13,2025-05-01 01:07:06,201,,WIN,BearishreversalE
4217460673,Volatility 10 Index,BUY,6254.956,6247.987,-3.48,-69690.00000000051,0.5,2025-04-30 21:51:42,2025-05-01 00:32:44,161,,LOSS,BullishreversalM
4217460763,Crash 500 Index,SELL,3218.529,3202.158,3.27,163710.00000000093,0.2,2025-04-30 21:51:46,2025-04-30 23:22:50,91,,WIN,BearishreversalE
4217460848,Boom 300 Index,BUY,1697.915,1669.419,-28.5,-284959.99999999866,1.0,2025-04-30 21:51:51,2025-04-30 22:26:53,35,,LOSS,BullishreversalB
4217460902,XAUUSD,SELL,3286.86,3264.9,109.8,219600.00000000035,0.05,2025-04-30 21:51:53,2025-05-01 01:20:03,208,,WIN,BearishreversalE
4217460956,Boom 1000 Index,BUY,19982.096,19938.496,-8.72,-436000.0000000218,0.2,2025-04-30 21:51:57,2025-04-30 22:34:15,42,,LOSS,BullishreversalB
4217461045,Jump 75 Index,SELL,17518.65,17398.14,6.03,1205100.0000000205,0.05,2025-04-30 21:52:01,2025-04-30 23:06:22,74,,WIN,BearishreversalB
4217461077,Step Index,BUY,8483.6,8490.0,6.4,63999.99999999636,0.1,2025-04-30 21:52:04,2025-05-01 01:36:16,224,,WIN,BullishreversalH
4217556104,Crash 500 Index,SELL,3211.918,3206.485,1.09,54329.99999999993,0.2,2025-04-30 23:56:11,2025-05-01 05:32:45,336,,WIN,BearishreversalB
4217556231,Boom 1000 Index,SELL,19902.122,19973.163,-14.21,-710410.0000000107,0.2,2025-04-30 23:56:27,2025-05-01 00:28:56,32,,LOSS,Bearishbreakdown
4217577373,Jump 50 Index,SELL,35248.85,34916.92,16.6,3319300.000000003,0.05,2025-05-01 00:30:09,2025-05-01 00:34:37,4,,WIN,BearishreversalE
4217583352,Jump 50 Index,SELL,34951.08,34990.35,-1.96,-392699.999999968,0.05,2025-05-01 00:40:06,2025-05-01 00:42:03,1,,LOSS,BearishreversalE
4217586284,Jump 50 Index,SELL,34950.5,34984.78,-1.71,-342799.99999998836,0.05,2025-05-01 00:45:08,2025-05-01 00:46:59,1,,LOSS,BearishreversalE
4217592151,Jump 50 Index,SELL,34926.71,34959.64,-1.65,-329300.0000000029,0.05,2025-05-01 00:55:06,2025-05-01 00:55:42,0,,LOSS,BearishreversalE
4217592249,BTCUSD,BUY,94183.75,94494.55,15.54,3108000.000000029,0.05,2025-05-01 00:55:13,2025-05-01 02:08:56,73,,WIN,BullishreversalM
4217595737,Jump 50 Index,SELL,34947.56,34982.09,-1.73,-345299.99999998836,0.05,2025-05-01 01:00:09,2025-05-01 01:02:54,2,,LOSS,BearishreversalE
4217601932,Jump 50 Index,SELL,35057.26,34964.06,4.66,932000.0000000437,0.05,2025-05-01 01:10:07,2025-05-01 01:17:54,7,,WIN,BearishreversalE
4217604893,Range Break 200 Index,BUY,83322.6,83194.3,-6.42,-1283000.000000029,0.05,2025-05-01 01:15:30,2025-05-01 09:13:37,478,,LOSS,BullishreversalH
4217647915,BTCUSD,BUY,94546.05,94486.45,-2.98,-596000.0000000582,0.05,2025-05-01 02:10:07,2025-05-01 02:10:58,0,,LOSS,BullishreversalH
4217650754,BTCUSD,BUY,94508.15,94535.65,1.38,275000.0,0.05,2025-05-01 02:15:12,2025-05-01 02:16:08,0,,WIN,BullishreversalH
4217707632,Boom 300 Index,SELL,1661.513,1667.227,-5.71,-57140.00000000169,1.0,2025-05-01 03:50:08,2025-05-01 04:09:14,19,,LOSS,Bearishbreakdown
4217739249,Volatility 10 Index,BUY,6258.94,6254.439,-2.25,-45009.99999999294,0.5,2025-05-01 04:43:06,2025-05-01 05:38:08,55,,LOSS,BullishreversalM
4217739308,Crash 1000 Index,SELL,5033.885,5055.271,-4.28,-213859.9999999951,0.2,2025-05-01 04:43:12,2025-05-01 06:32:49,109,,LOSS,BearishreversalB
4217739330,Boom 300 Index,BUY,1672.412,1655.973,-16.44,-164390.0000000008,1.0,2025-05-01 04:43:15,2025-05-01 05:04:34,21,,LOSS,BullishreversalM
4217739359,XAUUSD,BUY,3232.89,3232.09,-4.0,-7999.9999999972715,0.05,2025-05-01 04:43:17,2025-05-01 06:36:23,113,,LOSS,BullishreversalM
4217739379,BTCUSD,BUY,94817.55,94764.372,-2.66,-531779.9999999988,0.05,2025-05-01 04:43:19,2025-05-01 06:03:23,80,,LOSS,BullishreversalB
4217739395,Boom 1000 Index,BUY,20001.107,20000.092,-0.2,-10149.99999999418,0.2,2025-05-01 04:43:22,2025-05-01 05:43:47,60,,LOSS,BullishreversalB
4217739413,Jump 50 Index,BUY,33897.09,33772.23,-6.24,-1248599.999999933,0.05,2025-05-01 04:43:24,2025-05-01 04:45:41,2,,LOSS,BullishreversalB
4217739425,Jump 75 Index,BUY,17127.29,17157.79,1.53,305000.0,0.05,2025-05-01 04:43:27,2025-05-01 04:45:56,2,,WIN,BullishreversalH
4217746744,Jump 75 Index,SELL,17204.65,17190.72,0.7,139300.0000000029,0.05,2025-05-01 04:55:12,2025-05-01 04:58:32,3,,WIN,BearishreversalE
4217753011,Boom 300 Index,SELL,1655.519,1657.494,-1.98,-19749.99999999909,1.0,2025-05-01 05:05:07,2025-05-01 05:09:43,4,,LOSS,BearishreversalE
4217758150,Boom 300 Index,SELL,1653.507,1658.542,-5.04,-50349.999999998545,1.0,2025-05-01 05:15:05,2025-05-01 05:27:06,12,,LOSS,BearishreversalE
4217771588,Crash 500 Index,BUY,3207.275,3206.044,-0.25,-12310.00000000222,0.2,2025-05-01 05:35:03,2025-05-01 05:44:19,9,,LOSS,BullishreversalM
4217778680,Crash 500 Index,BUY,3206.59,3201.656,-0.99,-49340.000000001965,0.2,2025-05-01 05:45:05,2025-05-01 06:00:58,15,,LOSS,BullishreversalM
4217792747,BTCUSD,BUY,94835.35,94814.054,-1.06,-212960.00000002095,0.05,2025-05-01 06:05:11,2025-05-01 06:19:39,14,,LOSS,BullishreversalH
4217804096,BTCUSD,BUY,94877.65,94976.75,4.96,991000.0000000582,0.05,2025-05-01 06:20:11,2025-05-01 06:36:29,16,,WIN,BullishreversalH
4217820188,BTCUSD,BUY,95017.25,95040.95,1.19,236999.9999999709,0.05,2025-05-01 06:40:13,2025-05-01 06:44:11,3,,WIN,BullishreversalH
4217827533,BTCUSD,BUY,95050.25,95076.75,1.33,265000.0,0.05,2025-05-01 06:50:12,2025-05-01 06:52:03,1,,WIN,BullishreversalH
4217847719,XAUUSD,SELL,3237.73,3237.74,-0.05,-99.99999999763531,0.05,2025-05-01 07:15:05,2025-05-01 07:17:50,2,,LOSS,BearishreversalS
4217856972,XAUUSD,SELL,3236.27,3238.77,-12.5,-25000.0,0.05,2025-05-01 07:25:04,2025-05-01 07:32:50,7,,LOSS,BearishreversalS
4217864972,XAUUSD,BUY,3239.73,3221.43,-91.5,-183000.0000000018,0.05,2025-05-01 07:35:06,2025-05-01 10:41:25,186,,LOSS,BullishreversalH
4217883933,Jump 50 Index,BUY,33395.69,33645.27,12.48,2495799.9999999446,0.05,2025-05-01 07:55:10,2025-05-01 07:59:41,4,,WIN,BullishreversalH
4217892301,Jump 50 Index,BUY,33623.42,33612.87,-0.53,-105499.99999995634,0.05,2025-05-01 08:05:07,2025-05-01 08:08:54,3,,LOSS,BullishreversalH
4217897479,Jump 50 Index,BUY,33621.82,33580.39,-2.07,-414300.0000000029,0.05,2025-05-01 08:10:17,2025-05-01 08:10:30,0,,LOSS,BullishreversalH
4217906771,Jump 50 Index,BUY,33666.73,33633.96,-1.6400000000000001,-327700.00000004075,0.05,2025-05-01 08:20:07,2025-05-01 08:21:01,0,,LOSS,BullishreversalH
4217916790,Jump 50 Index,BUY,33662.99,33597.58,-3.27,-654099.9999999622,0.05,2025-05-01 08:30:15,2025-05-01 08:33:17,3,,LOSS,BullishreversalH
4217926442,Jump 50 Index,BUY,33681.98,33633.44,-2.43,-485400.00000000873,0.05,2025-05-01 08:40:08,2025-05-01 08:41:37,1,,LOSS,BullishreversalH
4217936834,Jump 50 Index,SELL,33530.6,33496.6,1.7,340000.0,0.05,2025-05-01 08:50:09,2025-05-01 08:53:26,3,,WIN,BearishreversalS
4217946758,Jump 50 Index,SELL,33484.01,33512.87,-1.44,-288600.0000000058,0.05,2025-05-01 09:00:08,2025-05-01 09:01:20,1,,LOSS,BearishreversalS
4217958747,Jump 50 Index,SELL,33466.86,33447.35,0.98,195100.00000002037,0.05,2025-05-01 09:10:10,2025-05-01 09:11:39,1,,WIN,BearishreversalS
4217984469,Jump 50 Index,SELL,33509.43,33513.78,-0.22,-43499.99999998545,0.05,2025-05-01 09:35:08,2025-05-01 09:38:16,3,,LOSS,BearishreversalS
4217989011,Jump 50 Index,SELL,33523.4,33552.92,-1.48,-295199.999999968,0.05,2025-05-01 09:40:08,2025-05-01 09:41:54,1,,LOSS,Bearishbreakdown
4218032559,Jump 50 Index,SELL,33554.17,33556.73,-0.13,-25600.000000049477,0.05,2025-05-01 10:25:07,2025-05-01 10:28:46,3,,LOSS,Bearishbreakdown
4218044377,Jump 50 Index,SELL,33539.15,33646.41,-5.36,-1072600.0000000205,0.05,2025-05-01 10:35:08,2025-05-01 10:38:20,3,,LOSS,Bearishbreakdown
4218055276,XAUUSD,SELL,3222.69,3222.72,-0.15,-299.9999999974534,0.05,2025-05-01 10:45:05,2025-05-01 11:38:45,53,,LOSS,BearishreversalE
4218055390,Jump 50 Index,SELL,33555.11,33696.82,-7.09,-1417099.9999999912,0.05,2025-05-01 10:45:11,2025-05-01 10:49:34,4,,LOSS,Bearishbreakdown
4218570460,Volatility 10 Index,BUY,6288.134,6290.934,1.4,28000.00000000182,0.5,2025-05-01 17:25:46,2025-05-01 18:18:44,52,,WIN,BullishreversalH
4218570578,Crash 1000 Index,SELL,5014.042,5018.435,-0.88,-43930.00000000029,0.2,2025-05-01 17:25:51,2025-05-01 17:56:28,30,,LOSS,BearishreversalB
4218570646,XAUUSD,SELL,3210.74,3212.86,-10.6,-21200.000000003456,0.05,2025-05-01 17:25:55,2025-05-01 17:33:34,7,,LOSS,BearishreversalS
4218570710,Boom 1000 Index,SELL,19676.499,19704.45,-5.59,-279510.0000000093,0.2,2025-05-01 17:26:00,2025-05-01 17:28:18,2,,LOSS,Bearishbreakdown
4218570829,Jump 50 Index,SELL,33237.01,33250.71,-0.69,-136999.9999999709,0.05,2025-05-01 17:26:04,2025-05-01 17:27:33,1,,LOSS,BearishreversalS
4218570880,Jump 75 Index,SELL,17047.32,17065.47,-0.91,-181500.00000001455,0.05,2025-05-01 17:26:07,2025-05-01 17:26:41,0,,LOSS,Bearishbreakdown
4218571058,Step Index,SELL,8441.5,8440.4,1.1,11000.000000003638,0.1,2025-05-01 17:26:11,2025-05-01 17:45:16,19,,WIN,BearishreversalB
4218571090,Range Break 200 Index,SELL,82709.3,82835.6,-6.32,-1263000.000000029,0.05,2025-05-01 17:26:14,2025-05-01 17:41:24,15,,LOSS,BearishreversalB
4218571900,Crash 500 Index,SELL,3206.499,3207.14,-0.13,-6410.000000000764,0.2,2025-05-01 17:27:08,2025-05-01 17:42:05,14,,LOSS,BearishreversalB
4218572004,Boom 300 Index,BUY,1760.625,1760.585,-0.04,-399.9999999996362,1.0,2025-05-01 17:27:15,2025-05-01 17:47:19,20,,LOSS,BullishreversalB
4218572147,Jump 75 Index,SELL,17062.84,17066.64,-0.19,-37999.999999992724,0.05,2025-05-01 17:27:24,2025-05-01 17:35:33,8,,LOSS,BearishreversalB
4218576641,Jump 100 Index,SELL,2283.31,2284.9,-0.16,-15900.000000001455,0.1,2025-05-01 17:31:56,2025-05-01 17:34:28,2,,LOSS,
4218579833,XAUUSD,SELL,3210.98,3219.13,-40.75,-81500.0000000009,0.05,2025-05-01 17:35:12,2025-05-01 18:18:45,43,,LOSS,BearishreversalS
4218579945,Jump 50 Index,SELL,33302.74,33293.97,0.44,87699.99999996799,0.05,2025-05-01 17:35:22,2025-05-01 17:41:31,6,,WIN,BearishreversalE
4218591138,Jump 50 Index,SELL,33382.14,33393.19,-0.55,-110500.0000000291,0.05,2025-05-01 17:45:14,2025-05-01 17:47:28,2,,LOSS,BearishreversalB
4218591362,Jump 75 Index,SELL,17111.54,17117.62,-0.3,-60799.99999998108,0.05,2025-05-01 17:45:22,2025-05-01 17:49:41,4,,LOSS,BearishreversalE
4218591498,Step Index,SELL,8440.3,8443.7,-3.4,-34000.00000001455,0.1,2025-05-01 17:45:29,2025-05-01 18:18:47,33,,LOSS,BearishreversalB
4218591514,Range Break 200 Index,BUY,83347.6,83288.3,-2.9699999999999998,-593000.0000000291,0.05,2025-05-01 17:45:31,2025-05-01 18:18:50,33,,LOSS,BullishreversalB
4218597043,Boom 300 Index,BUY,1758.364,1757.67,-0.69,-6939.9999999996,1.0,2025-05-01 17:50:20,2025-05-01 17:59:26,9,,LOSS,BullishreversalB
4218597206,Jump 50 Index,SELL,33293.32,33314.61,-1.06,-212900.00000000873,0.05,2025-05-01 17:50:28,2025-05-01 17:52:10,1,,LOSS,BearishreversalB
4218597347,Crash 500 Index,SELL,3205.199,3212.208,-1.4,-70090.00000000015,0.2,2025-05-01 17:50:39,2025-05-01 18:18:53,28,,LOSS,BearishreversalB
4218597687,Jump 75 Index,SELL,17005.71,16969.61,1.81,360999.99999998545,0.05,2025-05-01 17:50:55,2025-05-01 17:56:31,5,,WIN,BearishreversalE
4218607962,Boom 300 Index,BUY,1757.404,1749.647,-7.76,-77570.00000000061,1.0,2025-05-01 18:00:13,2025-05-01 18:18:54,18,,LOSS,BullishreversalB
4218608393,Jump 50 Index,SELL,33310.81,33213.95,4.84,968600.0000000058,0.05,2025-05-01 18:00:31,2025-05-01 18:16:57,16,,WIN,BearishreversalB
4218608590,Jump 75 Index,SELL,16973.98,16987.77,-0.69,-137900.00000000873,0.05,2025-05-01 18:00:39,2025-05-01 18:06:14,5,,LOSS,BearishreversalE
4218620005,Jump 75 Index,SELL,17035.89,17040.37,-0.22,-44799.999999995634,0.05,2025-05-01 18:10:23,2025-05-01 18:11:50,1,,LOSS,BearishreversalB
4218623932,Crash 1000 Index,SELL,5010.69,5012.39,-0.34,-17000.000000007276,0.2,2025-05-01 18:14:16,2025-05-01 18:18:55,4,,LOSS,BearishreversalB
4218624076,BTCUSD,SELL,97007.336,97135.75,-6.42,-1284140.000000043,0.05,2025-05-01 18:14:22,2025-05-01 18:18:55,4,,LOSS,BearishreversalE
4218624130,Boom 1000 Index,SELL,19708.022,19704.488,0.71,35339.99999999651,0.2,2025-05-01 18:14:26,2025-05-01 18:18:57,4,,WIN,BearishreversalS
4218624234,Jump 75 Index,SELL,17049.75,17061.35,-0.58,-115999.99999998545,0.05,2025-05-01 18:14:32,2025-05-01 18:14:51,0,,LOSS,BearishreversalB
4218629017,XAUUSD,SELL,3219.65,3213.95,28.5,57000.00000000273,0.05,2025-05-01 18:18:55,2025-05-01 19:00:57,42,,WIN,BearishreversalS
4218629081,BTCUSD,SELL,97076.15,96812.55,13.18,2635999.9999999125,0.05,2025-05-01 18:18:59,2025-05-01 18:28:24,9,,WIN,BearishreversalE
4218629145,Boom 1000 Index,SELL,19702.505,19721.733,-3.85,-192279.99999999156,0.2,2025-05-01 18:19:03,2025-05-01 18:51:01,31,,LOSS,BearishreversalS
4218629183,Jump 50 Index,SELL,33174.4,33455.55,-14.06,-2811500.0000000144,0.05,2025-05-01 18:19:06,2025-05-01 18:34:07,15,,LOSS,BearishreversalE
4218629223,Jump 75 Index,SELL,17068.46,17075.22,-0.34,-67600.00000002037,0.05,2025-05-01 18:19:09,2025-05-01 18:20:25,1,,LOSS,BearishreversalB
4218629310,Range Break 200 Index,SELL,83284.3,83312.6,-1.42,-283000.0000000291,0.05,2025-05-01 18:19:14,2025-05-01 19:00:58,41,,LOSS,BearishreversalE
4218630229,Crash 500 Index,SELL,3212.401,3213.16,-0.15,-7590.0000000001455,0.2,2025-05-01 18:20:05,2025-05-01 18:41:06,21,,LOSS,BearishreversalB
4218631949,Crash 1000 Index,SELL,5012.996,4997.903,3.02,150929.9999999985,0.2,2025-05-01 18:21:45,2025-05-01 19:01:00,39,,WIN,BearishreversalB
4218632066,Jump 75 Index,SELL,17103.21,17141.39,-1.9100000000000001,-381800.0000000029,0.05,2025-05-01 18:21:54,2025-05-01 18:23:10,1,,LOSS,BearishreversalB
4218635740,Jump 75 Index,SELL,17174.7,17186.24,-0.58,-115400.00000000873,0.05,2025-05-01 18:26:01,2025-05-01 18:27:53,1,,LOSS,BearishreversalB
4218640498,Boom 300 Index,BUY,1756.437,1766.984,10.55,105470.00000000026,1.0,2025-05-01 18:30:11,2025-05-01 18:41:01,10,,WIN,BullishreversalB
4218640629,BTCUSD,SELL,96799.15,96778.15,1.05,210000.0,0.05,2025-05-01 18:30:18,2025-05-01 18:39:02,8,,WIN,BearishreversalE
4218640693,Jump 75 Index,SELL,17058.03,17059.96,-0.1,-19300.00000000291,0.05,2025-05-01 18:30:23,2025-05-01 18:33:45,3,,LOSS,BearishreversalB
4218645527,Step Index,SELL,8444.9,8441.6,3.3,32999.999999992724,0.1,2025-05-01 18:35:15,2025-05-01 19:01:02,25,,WIN,BearishreversalE
4218649456,Jump 50 Index,SELL,33528.09,33557.8,-1.49,-297100.000000064,0.05,2025-05-01 18:38:58,2025-05-01 18:47:46,8,,LOSS,BearishreversalE
4218649758,Jump 75 Index,SELL,17028.32,17031.23,-0.15,-29099.999999998545,0.05,2025-05-01 18:39:05,2025-05-01 18:40:42,1,,LOSS,BearishreversalB
4218650361,BTCUSD,SELL,96661.25,96639.85,1.07,213999.9999999418,0.05,2025-05-01 18:39:47,2025-05-01 18:41:48,2,,WIN,BearishreversalE
4218653434,Crash 500 Index,SELL,3213.423,3218.393,-0.99,-49700.00000000255,0.2,2025-05-01 18:42:32,2025-05-01 19:01:04,18,,LOSS,BearishreversalB
4218653500,Boom 300 Index,BUY,1766.02,1766.489,0.47,4690.000000000509,1.0,2025-05-01 18:42:36,2025-05-01 18:44:56,2,,WIN,BullishreversalB
4218653586,BTCUSD,SELL,96503.55,96574.65,-3.56,-710999.9999999127,0.05,2025-05-01 18:42:39,2025-05-01 18:45:13,2,,LOSS,BearishreversalE
4218653730,Jump 75 Index,SELL,17028.03,17192.55,-8.23,-1645200.0000000044,0.05,2025-05-01 18:42:47,2025-05-01 18:56:46,13,,LOSS,Bearishbreakdown
4218659064,Boom 300 Index,BUY,1764.13,1764.078,-0.05,-520.000000001346,1.0,2025-05-01 18:48:02,2025-05-01 18:56:25,8,,LOSS,BullishreversalB
4218659142,BTCUSD,SELL,96453.55,96632.35,-8.94,-1788000.000000029,0.05,2025-05-01 18:48:07,2025-05-01 18:50:25,2,,LOSS,BearishreversalE
4218659213,Jump 50 Index,SELL,33551.69,33513.54,1.9100000000000001,381500.00000001455,0.05,2025-05-01 18:48:12,2025-05-01 18:57:05,8,,WIN,BearishreversalE
4218670993,BTCUSD,BUY,96735.95,96725.55,-0.52,-103999.99999994179,0.05,2025-05-01 18:59:11,2025-05-01 19:01:04,1,,LOSS,Signaltrade
4218671049,Boom 1000 Index,SELL,19709.415,19708.948,0.09,4670.00000000553,0.2,2025-05-01 18:59:16,2025-05-01 19:01:07,1,,WIN,Signaltrade
4218673003,Jump 50 Index,SELL,33492.07,33598.54,-5.32,-1064700.0000000116,0.05,2025-05-01 19:01:05,2025-05-01 19:04:39,3,,LOSS,Signaltrade
4218673033,Step Index,SELL,8441.7,8458.7,-17.0,-170000.0,0.1,2025-05-01 19:01:07,2025-05-02 00:36:15,335,,LOSS,Signaltrade
4218674774,Volatility 10 Index,BUY,6286.3,6297.505,5.6,112049.99999999927,0.5,2025-05-01 19:03:06,2025-05-01 21:56:24,173,,WIN,BullishreversalH
4218674840,Crash 500 Index,SELL,3218.771,3213.215,1.11,55560.0000000004,0.2,2025-05-01 19:03:09,2025-05-01 19:25:21,22,,WIN,BearishreversalB
4218674888,Crash 1000 Index,SELL,4998.33,4998.337,-0.0,-70.00000000516593,0.2,2025-05-01 19:03:12,2025-05-02 00:39:28,336,,LOSS,BearishreversalB
4218674943,Boom 300 Index,BUY,1771.89,1772.346,0.46,4559.999999999036,1.0,2025-05-01 19:03:14,2025-05-01 19:08:31,5,,WIN,BullishreversalB
4218674980,XAUUSD,SELL,3213.41,3228.91,-77.5,-155000.0,0.05,2025-05-01 19:03:16,2025-05-01 20:43:29,100,,LOSS,BearishreversalE
4218675064,BTCUSD,BUY,96779.95,96441.171,-16.94,-3387789.9999999497,0.05,2025-05-01 19:03:18,2025-05-01 19:22:37,19,,LOSS,BullishreversalM
4218675100,Boom 1000 Index,BUY,19706.365,19653.227,-10.63,-531380.0000000265,0.2,2025-05-01 19:03:22,2025-05-01 20:17:23,74,,LOSS,BullishreversalH
4218675186,Jump 75 Index,BUY,17189.51,17172.56,-0.85,-169499.9999999709,0.05,2025-05-01 19:03:26,2025-05-01 19:04:01,0,,LOSS,BullishreversalB
4218675235,Range Break 200 Index,BUY,83320.6,83030.3,-14.52,-2903000.000000029,0.05,2025-05-01 19:03:30,2025-05-02 11:21:15,977,,LOSS,BullishreversalB
4218678422,Jump 50 Index,SELL,33573.36,33531.94,2.07,414199.99999998254,0.05,2025-05-01 19:06:23,2025-05-01 19:08:28,2,,WIN,BearishreversalB
4218678503,Jump 75 Index,BUY,17227.16,17219.36,-0.39,-77999.99999999272,0.05,2025-05-01 19:06:26,2025-05-01 19:11:28,5,,LOSS,BullishreversalB
4218681144,Jump 50 Index,SELL,33507.37,33431.42,3.8,759500.0000000437,0.05,2025-05-01 19:09:04,2025-05-01 19:16:46,7,,WIN,Signaltrade
4218682344,Boom 300 Index,BUY,1771.38,1796.235,24.86,248549.9999999979,1.0,2025-05-01 19:10:06,2025-05-01 21:41:00,150,,WIN,BullishreversalB
4218688326,Jump 75 Index,BUY,17256.19,17257.4,0.06,12100.000000027649,0.05,2025-05-01 19:15:06,2025-05-01 19:17:24,2,,WIN,BullishreversalB
4218772433,Jump 50 Index,SELL,33412.63,33500.9,-4.41,-882700.0000000407,0.05,2025-05-01 20:42:37,2025-05-01 21:01:53,19,,LOSS,Signaltrade
4218772698,Crash 500 Index,SELL,3217.201,3219.624,-0.48,-24229.999999997744,0.2,2025-05-01 20:42:51,2025-05-01 22:33:02,110,,LOSS,BearishreversalE
4218772919,Boom 1000 Index,SELL,19679.214,19705.061,-5.17,-258470.00000001572,0.2,2025-05-01 20:43:04,2025-05-01 20:55:12,12,,LOSS,Bearishbreakdown
4218773775,Jump 75 Index,BUY,17037.53,17201.41,8.19,1638800.0000000102,0.05,2025-05-01 20:43:41,2025-05-01 20:51:40,7,,WIN,BullishreversalB
4218777121,BTCUSD,BUY,96506.65,96452.05,-2.73,-545999.9999999127,0.05,2025-05-01 20:46:46,2025-05-01 20:56:16,9,,LOSS,Signaltrade
4218781326,Jump 75 Index,BUY,17209.23,17207.02,-0.11,-22099.99999999127,0.05,2025-05-01 20:51:47,2025-05-01 20:56:46,4,,LOSS,BullishreversalB
4218781393,XAUUSD,SELL,3228.0,3228.97,-4.85,-9699.999999998,0.05,2025-05-01 20:51:55,2025-05-01 20:56:00,4,,LOSS,BearishreversalE
4218786768,BTCUSD,BUY,96527.45,96315.068,-10.62,-2123819.9999999776,0.05,2025-05-01 20:57:06,2025-05-01 21:01:49,4,,LOSS,Signaltrade
4218786813,Jump 75 Index,SELL,17182.57,17197.17,-0.73,-145999.99999998545,0.05,2025-05-01 20:57:10,2025-05-01 20:58:09,0,,LOSS,Signaltrade
4218790449,XAUUSD,SELL,3228.33,3229.16,-4.15,-8299.999999999272,0.05,2025-05-01 21:00:59,2025-05-01 21:01:05,0,,LOSS,BearishreversalE
4218790903,Boom 1000 Index,BUY,19697.472,19729.399,6.39,319269.9999999968,0.2,2025-05-01 21:01:31,2025-05-01 21:15:58,14,,WIN,BullishreversalB
4218790917,Jump 75 Index,BUY,17223.31,17251.89,1.43,285799.9999999811,0.05,2025-05-01 21:01:33,2025-05-01 21:06:05,4,,WIN,BullishreversalM
4218790971,XAUUSD,BUY,3229.54,3233.4,19.3,38600.00000000127,0.05,2025-05-01 21:01:38,2025-05-01 21:17:14,15,,WIN,Signaltrade
4218800935,BTCUSD,SELL,96462.95,96445.95,0.85,170000.0,0.05,2025-05-01 21:10:04,2025-05-01 21:10:54,0,,WIN,BearishreversalS
4218801000,Jump 50 Index,SELL,33713.81,33746.67,-1.6400000000000001,-328600.0000000058,0.05,2025-05-01 21:10:07,2025-05-01 21:11:36,1,,LOSS,BearishreversalE
4218801048,Jump 75 Index,BUY,17277.1,17271.63,-0.27,-54699.99999997526,0.05,2025-05-01 21:10:09,2025-05-01 21:11:23,1,,LOSS,BullishreversalM
4218804215,Jump 75 Index,SELL,17266.85,17269.8,-0.15,-29500.000000007276,0.05,2025-05-01 21:13:03,2025-05-01 21:14:31,1,,LOSS,Signaltrade
4218806665,Step Index,SELL,8450.4,8445.5,4.9,48999.99999999636,0.1,2025-05-01 21:15:12,2025-05-01 21:30:53,15,,WIN,
4218807788,Jump 75 Index,SELL,17249.85,17159.98,4.49,898699.9999999898,0.05,2025-05-01 21:16:11,2025-05-01 21:23:12,7,,WIN,Signaltrade
4218809266,Jump 50 Index,SELL,33618.89,33482.73,6.8100000000000005,1361599.9999999623,0.05,2025-05-01 21:17:04,2025-05-01 21:21:17,4,,WIN,Signaltrade
4218811817,BTCUSD,BUY,96759.75,96531.355,-11.42,-2283950.000000041,0.05,2025-05-01 21:19:03,2025-05-01 21:32:27,13,,LOSS,Signaltrade
4218820974,Boom 1000 Index,BUY,19728.605,19751.369,4.55,227639.99999999214,0.2,2025-05-01 21:28:54,2025-05-01 21:40:07,11,,WIN,BullishreversalB
4218821007,Jump 50 Index,SELL,33375.7,33349.71,1.3,259899.99999997963,0.05,2025-05-01 21:28:56,2025-05-01 21:32:20,3,,WIN,Bearishbreakdown
4218821027,Jump 75 Index,BUY,17196.3,17158.38,-1.9,-379199.99999998254,0.05,2025-05-01 21:28:58,2025-05-01 21:30:22,1,,LOSS,BullishreversalM
4218822974,XAUUSD,BUY,3232.19,3236.27,20.4,40799.99999999927,0.05,2025-05-01 21:31:02,2025-05-01 21:52:05,21,,WIN,Signaltrade
4218824940,Jump 75 Index,SELL,17210.88,17228.64,-0.89,-177599.999999984,0.05,2025-05-01 21:33:05,2025-05-01 21:33:36,0,,LOSS,Signaltrade
4218826045,BTCUSD,BUY,96557.021,96484.35,-3.63,-726709.9999998754,0.05,2025-05-01 21:34:05,2025-05-01 21:44:44,10,,LOSS,Signaltrade
4218826732,Jump 50 Index,SELL,33356.72,33355.59,0.06,11300.000000046566,0.05,2025-05-01 21:35:06,2025-05-01 21:56:44,21,,WIN,Bearishbreakdown
4218826743,Jump 75 Index,BUY,17213.62,17200.03,-0.68,-135900.00000000146,0.05,2025-05-01 21:35:08,2025-05-01 21:36:51,1,,LOSS,BullishreversalM
4218830298,Jump 75 Index,SELL,17241.15,17253.73,-0.63,-125799.99999998108,0.05,2025-05-01 21:40:05,2025-05-01 21:41:00,0,,LOSS,BearishreversalS
4218836014,Boom 300 Index,SELL,1792.373,1792.969,-0.6,-5960.000000000036,1.0,2025-05-01 21:45:04,2025-05-01 21:55:29,10,,LOSS,BearishreversalE
4218840019,Jump 75 Index,SELL,17388.07,17305.57,4.13,825000.0,0.05,2025-05-01 21:50:05,2025-05-01 21:57:19,7,,WIN,BearishreversalS
4218844888,XAUUSD,BUY,3236.16,3235.32,-4.2,-8399.999999996908,0.05,2025-05-01 21:55:17,2025-05-01 23:09:59,74,,LOSS,BullishreversalM
4218854279,BTCUSD,BUY,96538.95,96596.804,2.89,578540.0000000664,0.05,2025-05-01 22:08:01,2025-05-01 22:45:58,37,,WIN,BullishreversalM
4218854396,Boom 300 Index,SELL,1795.578,1788.692,6.89,68859.99999999968,1.0,2025-05-01 22:08:11,2025-05-01 22:26:23,18,,WIN,BearishreversalE
4218854429,Jump 75 Index,SELL,17286.11,17375.11,-4.45,-890000.0,0.05,2025-05-01 22:08:14,2025-05-01 22:21:24,13,,LOSS,BearishreversalS
4218874295,Boom 1000 Index,SELL,19776.489,19769.753,1.35,67360.00000000786,0.2,2025-05-01 22:40:37,2025-05-01 22:47:48,7,,WIN,BearishreversalE
4218874544,Jump 50 Index,SELL,33426.83,33454.88,-1.4,-280499.99999995634,0.05,2025-05-01 22:41:01,2025-05-01 22:42:59,1,,LOSS,BearishreversalS
4218874656,Jump 75 Index,BUY,17384.55,17249.63,-6.75,-1349199.9999999825,0.05,2025-05-01 22:41:16,2025-05-01 22:50:19,9,,LOSS,BullishreversalB
4218887309,Jump 75 Index,BUY,17219.79,17147.86,-3.6,-719300.0000000029,0.05,2025-05-01 23:00:44,2025-05-01 23:06:43,5,,LOSS,BullishreversalB
4218889966,Boom 1000 Index,SELL,19766.221,19763.593,0.53,26280.00000000611,0.2,2025-05-01 23:03:36,2025-05-01 23:07:31,3,,WIN,BearishreversalE
4218894928,XAUUSD,BUY,3236.54,3236.45,-0.45,-900.0000000014552,0.05,2025-05-01 23:10:03,2025-05-01 23:30:08,20,,LOSS,BullishreversalM
4218894978,Boom 1000 Index,SELL,19758.634,19756.012,0.52,26219.99999999389,0.2,2025-05-01 23:10:08,2025-05-01 23:14:02,3,,WIN,BearishreversalE
4218895000,Jump 50 Index,SELL,33295.57,33323.25,-1.38,-276800.0000000029,0.05,2025-05-01 23:10:10,2025-05-01 23:11:13,1,,LOSS,BearishreversalS
4218898303,BTCUSD,BUY,96575.65,96388.15,-9.38,-1875000.0,0.05,2025-05-01 23:15:08,2025-05-01 23:34:27,19,,LOSS,BullishreversalH
4218901189,Jump 50 Index,SELL,33248.27,33233.77,0.73,145000.0,0.05,2025-05-01 23:20:03,2025-05-01 23:20:19,0,,WIN,BearishreversalS
4218907501,Jump 50 Index,SELL,33279.28,33299.13,-0.99,-198499.99999998545,0.05,2025-05-01 23:30:05,2025-05-01 23:31:39,1,,LOSS,BearishreversalS
4218910902,Jump 50 Index,SELL,33311.73,33339.07,-1.37,-273399.9999999651,0.05,2025-05-01 23:35:08,2025-05-01 23:49:07,13,,LOSS,BearishreversalS
4218954420,XAUUSD,BUY,3237.27,3237.12,-0.75,-1500.0000000009095,0.05,2025-05-02 00:55:04,2025-05-02 01:10:32,15,,LOSS,BullishreversalH
4218960490,Jump 50 Index,BUY,33323.94,33302.41,-1.08,-215299.99999998836,0.05,2025-05-02 01:05:05,2025-05-02 01:06:06,1,,LOSS,BullishreversalB
4218965756,XAUUSD,BUY,3238.95,3238.93,-0.1,-199.9999999998181,0.05,2025-05-02 01:15:04,2025-05-02 01:38:37,23,,LOSS,BullishreversalH
4218965770,Jump 50 Index,BUY,33329.8,33374.64,2.24,448399.9999999651,0.05,2025-05-02 01:15:06,2025-05-02 01:20:40,5,,WIN,BullishreversalB
4218971429,Jump 50 Index,BUY,33327.34,33300.2,-1.3599999999999999,-271399.9999999942,0.05,2025-05-02 01:25:06,2025-05-02 01:25:48,0,,LOSS,BullishreversalB
4218977068,Jump 50 Index,BUY,33378.07,33395.43,0.87,173600.00000000582,0.05,2025-05-02 01:35:06,2025-05-02 01:40:58,5,,WIN,BullishreversalB
4218977082,Jump 75 Index,SELL,17503.2,17505.12,-0.1,-19199.999999982538,0.05,2025-05-02 01:35:08,2025-05-02 01:36:19,1,,LOSS,BearishreversalS
4218979617,XAUUSD,BUY,3239.85,3239.43,-2.1,-4200.000000000728,0.05,2025-05-02 01:40:03,2025-05-02 01:41:27,1,,LOSS,BullishreversalH
4218984393,BTCUSD,SELL,96820.25,96946.457,-6.31,-1262069.9999999488,0.05,2025-05-02 01:50:05,2025-05-02 01:55:28,5,,LOSS,BearishreversalS
4218984418,Jump 50 Index,BUY,33506.32,33567.52,3.06,611999.9999999709,0.05,2025-05-02 01:50:07,2025-05-02 01:52:10,2,,WIN,BullishreversalB
4218992471,Jump 50 Index,BUY,33428.67,33420.52,-0.41,-81500.00000001455,0.05,2025-05-02 02:05:07,2025-05-02 02:08:42,3,,LOSS,BullishreversalH
4218995146,Jump 50 Index,SELL,33401.88,33431.42,-1.48,-295400.00000000873,0.05,2025-05-02 02:10:05,2025-05-02 02:10:41,0,,LOSS,Bearishbreakdown
4218997256,Jump 75 Index,SELL,17455.78,17445.2,0.53,105799.99999998108,0.05,2025-05-02 02:15:07,2025-05-02 02:16:16,1,,WIN,BearishreversalS
4218999500,Jump 50 Index,SELL,33317.89,33328.45,-0.53,-105599.99999997672,0.05,2025-05-02 02:20:03,2025-05-02 02:22:20,2,,LOSS,Bearishbreakdown
4219001750,Jump 50 Index,SELL,33323.73,33343.17,-0.97,-194399.99999995052,0.05,2025-05-02 02:25:05,2025-05-02 02:28:13,3,,LOSS,Bearishbreakdown
4219004191,Jump 50 Index,SELL,33277.57,33287.93,-0.52,-103600.00000000582,0.05,2025-05-02 02:30:04,2025-05-02 02:33:58,3,,LOSS,Bearishbreakdown
4219006920,BTCUSD,SELL,96846.934,96948.007,-5.05,-1010730.0000000396,0.05,2025-05-02 02:35:03,2025-05-02 02:36:15,1,,LOSS,BearishreversalS
4219106461,Boom 300 Index,SELL,1797.983,1799.095,-1.11,-11120.0000000008,1.0,2025-05-02 05:41:21,2025-05-02 06:48:47,67,,LOSS,Bearishbreakdown
4219106506,BTCUSD,BUY,96931.65,96782.25,-7.47,-1493999.9999999418,0.05,2025-05-02 05:41:22,2025-05-02 06:17:54,36,,LOSS,BullishreversalH
4219106519,Jump 50 Index,BUY,33447.64,33379.26,-3.42,-683799.9999999738,0.05,2025-05-02 05:41:24,2025-05-02 05:45:55,4,,LOSS,BullishreversalH
4219444743,BTCUSD,BUY,96864.95,96780.331,-4.23,-846189.999999915,0.05,2025-05-02 11:45:04,2025-05-02 11:48:17,3,,LOSS,BullishreversalH
4219449186,BTCUSD,BUY,96868.05,96780.594,-4.37,-874560.0000000559,0.05,2025-05-02 11:50:08,2025-05-02 11:50:41,0,,LOSS,BullishreversalH
4219471909,Boom 1000 Index,SELL,19688.602,19579.145,21.89,1094569.999999985,0.2,2025-05-02 12:11:35,2025-05-02 14:10:46,119,,WIN,Bearishbreakdown
4219485533,Crash 1000 Index,SELL,4968.12,4984.625,-3.3,-165050.0000000011,0.2,2025-05-02 12:25:05,2025-05-02 13:53:51,88,,LOSS,BearishreversalB
4219485651,XAUUSD,SELL,3264.07,3264.62,-2.75,-5499.9999999972715,0.05,2025-05-02 12:25:10,2025-05-02 13:07:30,42,,LOSS,BearishreversalS
4219485781,Range Break 200 Index,SELL,83037.3,83061.6,-1.22,-243000.0000000291,0.05,2025-05-02 12:25:18,2025-05-02 14:10:46,105,,LOSS,BearishreversalE
4219491289,Jump 75 Index,BUY,18061.24,18044.61,-0.83,-166300.0000000102,0.05,2025-05-02 12:29:24,2025-05-02 12:30:22,0,,LOSS,Signaltrade
4219491329,Step Index,BUY,8448.8,8446.7,-2.1,-20999.999999985448,0.1,2025-05-02 12:29:26,2025-05-02 12:30:43,1,,LOSS,Signaltrade
4219491408,Crash 500 Index,SELL,3248.173,3250.884,-0.54,-27110.0000000024,0.2,2025-05-02 12:29:28,2025-05-02 12:57:51,28,,LOSS,BearishreversalB
4219491479,Boom 300 Index,BUY,1906.221,1877.359,-28.86,-288620.0000000008,1.0,2025-05-02 12:29:32,2025-05-02 13:12:22,42,,LOSS,BullishreversalB
4219491556,BTCUSD,SELL,96858.15,96947.533,-4.47,-893830.0000000163,0.05,2025-05-02 12:29:35,2025-05-02 12:30:39,1,,LOSS,BearishreversalE
4219491592,Jump 50 Index,SELL,33901.14,33699.72,10.07,2014199.9999999825,0.05,2025-05-02 12:29:38,2025-05-02 12:35:00,5,,WIN,BearishreversalS
4219498449,Jump 50 Index,SELL,33685.41,33695.07,-0.48,-96599.99999996217,0.05,2025-05-02 12:35:09,2025-05-02 12:36:04,0,,LOSS,BearishreversalS
4219498518,Step Index,BUY,8448.1,8450.6,2.5,25000.0,0.1,2025-05-02 12:35:13,2025-05-02 14:10:46,95,,WIN,BullishreversalB
4219501995,Volatility 10 Index,SELL,6273.208,6269.208,2.0,40000.0,0.5,2025-05-02 12:38:06,2025-05-02 13:34:14,56,,WIN,Signaltrade
4219504543,BTCUSD,BUY,96929.95,96840.25,-4.49,-896999.9999999709,0.05,2025-05-02 12:40:18,2025-05-02 12:57:20,17,,LOSS,BullishreversalB
4219504698,Jump 50 Index,SELL,33705.12,33703.72,0.07,14000.000000014552,0.05,2025-05-02 12:40:27,2025-05-02 12:44:19,3,,WIN,BearishreversalS
4219507122,Jump 75 Index,SELL,17838.14,17732.42,5.29,1057200.0000000116,0.05,2025-05-02 12:42:30,2025-05-02 12:46:25,3,,WIN,BearishreversalB
4219516082,Jump 50 Index,SELL,33680.62,33823.88,-7.16,-1432599.9999999476,0.05,2025-05-02 12:50:06,2025-05-02 12:53:52,3,,LOSS,BearishreversalB
4219516131,Jump 75 Index,SELL,17832.19,17840.53,-0.42,-83400.00000000146,0.05,2025-05-02 12:50:10,2025-05-02 12:52:03,1,,LOSS,BearishreversalB
4219518596,Jump 75 Index,BUY,17834.95,17799.8,-1.76,-351500.00000001455,0.05,2025-05-02 12:52:04,2025-05-02 12:53:13,1,,LOSS,Signaltrade
4219526578,Crash 500 Index,BUY,3251.391,3247.977,-0.68,-34140.00000000215,0.2,2025-05-02 12:59:03,2025-05-02 13:00:11,1,,LOSS,Signaltrade
4219526624,Jump 75 Index,BUY,17803.34,17847.31,2.2,439700.00000001164,0.05,2025-05-02 12:59:07,2025-05-02 13:02:01,2,,WIN,Signaltrade
4219527904,Jump 50 Index,SELL,33851.41,34219.95,-18.43,-3685399.9999999357,0.05,2025-05-02 13:00:09,2025-05-02 13:17:42,17,,LOSS,BearishreversalB
4219532631,Crash 500 Index,BUY,3249.728,3247.05,-0.54,-26779.999999998836,0.2,2025-05-02 13:04:04,2025-05-02 13:09:40,5,,LOSS,Signaltrade
4219539592,XAUUSD,SELL,3262.53,3264.02,-7.45,-14899.999999997817,0.05,2025-05-02 13:10:04,2025-05-02 13:20:36,10,,LOSS,BearishreversalE
4219539667,Jump 75 Index,SELL,17766.84,17791.16,-1.22,-243199.9999999971,0.05,2025-05-02 13:10:08,2025-05-02 13:11:29,1,,LOSS,BearishreversalB
4219551235,Crash 500 Index,BUY,3240.674,3237.095,-0.72,-35790.00000000178,0.2,2025-05-02 13:20:03,2025-05-02 13:21:33,1,,LOSS,Signaltrade
4219555192,Crash 500 Index,BUY,3237.025,3233.971,-0.61,-30540.000000000873,0.2,2025-05-02 13:23:03,2025-05-02 13:36:35,13,,LOSS,Signaltrade
4219569648,XAUUSD,SELL,3252.58,3254.78,-11.0,-22000.00000000273,0.05,2025-05-02 13:30:02,2025-05-02 13:31:49,1,,LOSS,BearishreversalE
4219570380,BTCUSD,BUY,97007.383,96949.151,-2.91,-582320.0000000361,0.05,2025-05-02 13:30:09,2025-05-02 13:31:34,1,,LOSS,BullishreversalB
4219593442,XAUUSD,BUY,3255.53,3257.21,8.4,16799.999999998363,0.05,2025-05-02 13:39:02,2025-05-02 13:40:46,1,,WIN,Signaltrade
4219595920,BTCUSD,BUY,96911.05,96897.45,-0.68,-136000.0000000582,0.05,2025-05-02 13:40:10,2025-05-02 14:10:45,30,,LOSS,BullishreversalB
4219605705,XAUUSD,SELL,3255.59,3258.16,-12.85,-25699.99999999709,0.05,2025-05-02 13:45:00,2025-05-02 13:51:59,6,,LOSS,BearishreversalS
4219605885,Volatility 10 Index,SELL,6268.543,6264.409,2.07,41340.000000000146,0.5,2025-05-02 13:45:06,2025-05-02 14:10:46,25,,WIN,Signaltrade
4219646238,Crash 500 Index,SELL,3222.989,3223.437,-0.09,-4479.999999998654,0.2,2025-05-02 14:08:25,2025-05-02 14:10:46,2,,LOSS,Signaltrade
4219646268,Crash 1000 Index,SELL,4979.428,4980.393,-0.19,-9650.000000001455,0.2,2025-05-02 14:08:27,2025-05-02 14:10:46,2,,LOSS,Signaltrade
4219650061,Jump 50 Index,BUY,34733.36,34729.75,-0.18,-36100.00000000582,0.05,2025-05-02 14:11:04,2025-05-02 14:20:37,9,,LOSS,Signaltrade
4219653610,Step Index,BUY,8451.1,8449.1,-2.0,-20000.0,0.1,2025-05-02 14:13:09,2025-05-02 14:14:43,1,,LOSS,Signaltrade
4219654488,Jump 75 Index,BUY,17831.54,17854.29,1.1400000000000001,227500.0,0.05,2025-05-02 14:14:03,2025-05-02 14:16:13,2,,WIN,Signaltrade
4219655861,BTCUSD,BUY,96749.75,96874.55,6.24,1248000.000000029,0.05,2025-05-02 14:15:03,2025-05-02 14:29:54,14,,WIN,Signaltrade
4219655914,Boom 1000 Index,SELL,19572.302,19585.245,-2.59,-129429.99999999302,0.2,2025-05-02 14:15:07,2025-05-02 14:42:14,27,,LOSS,Bearishbreakdown
4219658447,XAUUSD,SELL,3244.82,3251.67,-34.25,-68499.9999999991,0.05,2025-05-02 14:17:01,2025-05-02 14:21:45,4,,LOSS,Signaltrade
4219660965,Crash 500 Index,SELL,3220.163,3220.169,-0.0,-59.99999999858119,0.2,2025-05-02 14:19:03,2025-05-02 14:42:47,23,,LOSS,Signaltrade
4219661026,Crash 1000 Index,SELL,4969.311,4978.19,-1.78,-88789.99999999905,0.2,2025-05-02 14:19:06,2025-05-02 14:47:27,28,,LOSS,Signaltrade
4219692692,XAUUSD,BUY,3254.85,3254.65,-1.0,-1999.999999998181,0.05,2025-05-02 14:39:00,2025-05-02 14:41:31,2,,LOSS,Signaltrade
4219693009,BTCUSD,BUY,96802.15,96800.549,-0.08,-16009.999999951106,0.05,2025-05-02 14:39:13,2025-05-02 14:46:09,6,,LOSS,Signaltrade
4219694100,Jump 75 Index,BUY,17896.55,17879.49,-0.85,-170599.99999997672,0.05,2025-05-02 14:40:03,2025-05-02 14:41:43,1,,LOSS,Signaltrade
4219694170,Step Index,SELL,8441.0,8440.3,0.7,7000.000000007276,0.1,2025-05-02 14:40:06,2025-05-02 14:47:29,7,,WIN,Signaltrade
4219696046,Jump 50 Index,BUY,34921.55,34929.36,0.39,78099.99999997672,0.05,2025-05-02 14:41:03,2025-05-02 14:46:11,5,,WIN,Signaltrade
4219697627,Jump 75 Index,BUY,17881.17,17918.81,1.88,376400.00000003056,0.05,2025-05-02 14:42:04,2025-05-02 14:47:30,5,,WIN,Signaltrade
4219699013,Boom 300 Index,BUY,1864.822,1864.323,-0.5,-4989.999999997963,1.0,2025-05-02 14:42:52,2025-05-02 14:47:23,4,,LOSS,Signaltrade
4219699088,Boom 1000 Index,SELL,19582.409,19578.804,0.72,36049.999999995634,0.2,2025-05-02 14:42:55,2025-05-02 14:47:31,4,,WIN,Signaltrade
4219699204,Volatility 10 Index,SELL,6264.886,6263.085,0.9,18010.000000003856,0.5,2025-05-02 14:42:58,2025-05-02 14:47:34,4,,WIN,BearishreversalS
4219699392,XAUUSD,SELL,3250.36,3251.99,-8.15,-16299.999999996544,0.05,2025-05-02 14:43:00,2025-05-02 14:44:46,1,,LOSS,BearishreversalE
4219699548,Range Break 200 Index,SELL,83059.3,83067.6,-0.42,-83000.0000000291,0.05,2025-05-02 14:43:06,2025-05-02 14:47:36,4,,LOSS,BearishreversalE
4219710075,Volatility 10 Index,SELL,6261.897,6262.216,-0.16,-3190.0000000041473,0.5,2025-05-02 14:50:10,2025-05-02 15:07:00,16,,LOSS,BearishreversalE
4219710195,Crash 1000 Index,SELL,4978.755,4985.302,-1.31,-65469.99999999571,0.2,2025-05-02 14:50:15,2025-05-02 15:11:23,21,,LOSS,BearishreversalB
4219710345,Boom 300 Index,BUY,1861.952,1864.096,2.14,21440.000000000055,1.0,2025-05-02 14:50:20,2025-05-02 14:54:41,4,,WIN,BullishreversalB
4219710424,XAUUSD,BUY,3249.52,3249.07,-2.25,-4499.999999998181,0.05,2025-05-02 14:50:25,2025-05-02 14:53:39,3,,LOSS,BullishreversalH
4219710487,BTCUSD,SELL,96807.15,96849.25,-2.11,-421000.0000000582,0.05,2025-05-02 14:50:28,2025-05-02 14:53:43,3,,LOSS,BearishreversalS
4219710608,Step Index,SELL,8437.7,8438.1,-0.4,-3999.999999996362,0.1,2025-05-02 14:50:33,2025-05-02 15:11:23,20,,LOSS,Bearishbreakdown
4219710660,Range Break 200 Index,SELL,83074.3,83076.6,-0.12,-23000.000000029104,0.05,2025-05-02 14:50:35,2025-05-02 15:11:23,20,,LOSS,BearishreversalE
4219713683,Crash 500 Index,SELL,3223.301,3227.041,-0.75,-37400.000000002365,0.2,2025-05-02 14:53:03,2025-05-02 15:11:23,18,,LOSS,Signaltrade
4219713726,Boom 1000 Index,SELL,19610.059,19667.125,-11.41,-570659.9999999889,0.2,2025-05-02 14:53:06,2025-05-02 14:53:11,0,,LOSS,Signaltrade
4219716814,Boom 300 Index,BUY,1864.251,1863.257,-0.99,-9939.999999999145,1.0,2025-05-02 14:55:01,2025-05-02 14:59:32,4,,LOSS,BullishreversalB
4219716951,Boom 1000 Index,BUY,19664.889,19674.452,1.9100000000000001,95630.00000001921,0.2,2025-05-02 14:55:05,2025-05-02 15:11:23,16,,WIN,BullishreversalB
4219717018,Jump 75 Index,SELL,17768.88,17766.73,0.11,21500.000000014552,0.05,2025-05-02 14:55:08,2025-05-02 14:56:31,1,,WIN,BearishreversalB
4219722696,Boom 300 Index,BUY,1863.107,1863.072,-0.04,-350.00000000081855,1.0,2025-05-02 15:00:06,2025-05-02 15:05:22,5,,LOSS,BullishreversalB
4219727333,Jump 50 Index,BUY,35009.57,34988.22,-1.07,-213499.99999998545,0.05,2025-05-02 15:03:03,2025-05-02 15:05:36,2,,LOSS,Signaltrade
4219730063,BTCUSD,BUY,96964.35,97044.55,4.01,801999.9999999709,0.05,2025-05-02 15:05:05,2025-05-02 15:08:49,3,,WIN,BullishreversalM
4219730114,Jump 75 Index,SELL,17917.57,17931.14,-0.68,-135699.9999999971,0.05,2025-05-02 15:05:09,2025-05-02 15:06:01,0,,LOSS,BearishreversalB
4219731518,Jump 50 Index,BUY,34997.11,34910.45,-4.33,-866600.0000000349,0.05,2025-05-02 15:06:03,2025-05-02 15:09:02,2,,LOSS,Signaltrade
4219737028,Jump 75 Index,BUY,17923.35,17921.79,-0.08,-15599.999999976717,0.05,2025-05-02 15:10:04,2025-05-02 15:11:23,1,,LOSS,Signaltrade
4219737087,Boom 300 Index,BUY,1859.038,1857.334,-1.7,-17039.99999999951,1.0,2025-05-02 15:10:09,2025-05-02 15:11:23,1,,LOSS,BullishreversalB
4219737123,BTCUSD,BUY,96971.45,96870.25,-5.06,-1011999.9999999709,0.05,2025-05-02 15:10:10,2025-05-02 15:11:23,1,,LOSS,BullishreversalM
4219737826,Volatility 10 Index,SELL,6264.086,6264.616,-0.27,-5299.999999997453,0.5,2025-05-02 15:11:00,2025-05-02 15:11:24,0,,LOSS,Signaltrade
4219737938,Jump 50 Index,SELL,34894.5,34894.13,0.02,3700.0000000261934,0.05,2025-05-02 15:11:08,2025-05-02 15:11:23,0,,WIN,BearishreversalE
4219738942,Boom 300 Index,BUY,1857.306,1857.302,-0.0,-40.00000000132786,1.0,2025-05-02 15:11:55,2025-05-02 15:19:08,7,,LOSS,BullishreversalB
4219739035,Boom 1000 Index,BUY,19675.733,19663.433,-2.46,-122999.99999999272,0.2,2025-05-02 15:11:58,2025-05-02 15:45:49,33,,LOSS,BullishreversalB
4219739154,Jump 50 Index,SELL,34901.01,34931.99,-1.55,-309799.99999995925,0.05,2025-05-02 15:12:00,2025-05-02 15:20:16,8,,LOSS,BearishreversalE
4219739216,Jump 75 Index,SELL,17906.72,18073.29,-8.33,-1665699.9999999972,0.05,2025-05-02 15:12:02,2025-05-02 15:20:25,8,,LOSS,BearishreversalB
4219739271,Step Index,SELL,8437.2,8432.2,5.0,50000.0,0.1,2025-05-02 15:12:04,2025-05-02 15:47:12,35,,WIN,Bearishbreakdown
4219739303,Range Break 200 Index,SELL,83069.3,83115.6,-2.32,-463000.0000000291,0.05,2025-05-02 15:12:06,2025-05-02 16:35:42,83,,LOSS,BearishreversalB
4219749107,Volatility 10 Index,SELL,6265.283,6266.083,-0.4,-7999.999999992724,0.5,2025-05-02 15:20:02,2025-05-02 16:32:14,72,,LOSS,BearishreversalE
4219749192,Boom 300 Index,BUY,1873.249,1873.222,-0.03,-270.00000000043656,1.0,2025-05-02 15:20:06,2025-05-02 15:29:26,9,,LOSS,BullishreversalB
4219762001,Boom 300 Index,BUY,1873.135,1873.09,-0.05,-450.0000000007276,1.0,2025-05-02 15:30:03,2025-05-02 15:33:38,3,,LOSS,BullishreversalB
4219762088,Jump 75 Index,SELL,18106.66,18118.72,-0.6,-120600.0000000131,0.05,2025-05-02 15:30:07,2025-05-02 15:30:48,0,,LOSS,BearishreversalB
4219772867,Jump 50 Index,SELL,35180.48,35217.96,-1.87,-374799.99999995925,0.05,2025-05-02 15:40:04,2025-05-02 15:42:12,2,,LOSS,BearishreversalE
4219784396,Jump 50 Index,SELL,35311.38,35053.56,12.89,2578199.999999997,0.05,2025-05-02 15:50:06,2025-05-02 16:13:19,23,,WIN,BearishreversalE
4220050108,Crash 500 Index,SELL,3224.22,3226.408,-0.44,-21880.00000000102,0.2,2025-05-02 19:30:11,2025-05-02 19:41:15,11,,LOSS,Bearishbreakdown
4220050925,Volatility 10 Index,BUY,6261.675,6256.913,-2.38,-47620.00000000626,0.5,2025-05-02 19:31:02,2025-05-02 19:40:40,9,,LOSS,BullishreversalB
4220050954,Crash 1000 Index,SELL,4975.236,4979.404,-0.83,-41680.00000000575,0.2,2025-05-02 19:31:05,2025-05-02 19:47:08,16,,LOSS,Bearishbreakdown
4220051010,Boom 300 Index,BUY,1903.684,1903.387,-0.3,-2970.0000000002547,1.0,2025-05-02 19:31:09,2025-05-02 19:35:52,4,,LOSS,BullishreversalB
4220051037,XAUUSD,SELL,3228.17,3227.49,3.4,6800.00000000291,0.05,2025-05-02 19:31:10,2025-05-02 19:31:56,0,,WIN,BearishreversalE
4220051060,BTCUSD,BUY,97394.65,97391.362,-0.16,-32880.00000000466,0.05,2025-05-02 19:31:12,2025-05-02 19:47:38,16,,LOSS,BullishreversalB
4220051118,Jump 75 Index,SELL,17496.08,17508.14,-0.6,-120599.99999997672,0.05,2025-05-02 19:31:19,2025-05-02 19:35:07,3,,LOSS,BearishreversalB
4220051151,Step Index,SELL,8422.9,8412.3,10.6,106000.00000000364,0.1,2025-05-02 19:31:21,2025-05-03 01:26:33,355,,WIN,BearishreversalB
4220051193,Range Break 200 Index,BUY,83074.6,83038.3,-1.8199999999999998,-363000.0000000291,0.05,2025-05-02 19:31:23,2025-05-02 21:14:01,102,,LOSS,BullishreversalB
4220059431,Boom 300 Index,BUY,1899.914,1899.037,-0.88,-8769.999999999527,1.0,2025-05-02 19:40:04,2025-05-02 19:42:05,2,,LOSS,BullishreversalB
4220059475,XAUUSD,SELL,3227.75,3227.86,-0.55,-1100.0000000012733,0.05,2025-05-02 19:40:05,2025-05-02 19:49:41,9,,LOSS,BearishreversalE
4220059512,Jump 50 Index,SELL,35082.18,35090.23,-0.4,-80500.0000000291,0.05,2025-05-02 19:40:09,2025-05-02 20:01:30,21,,LOSS,BearishreversalB
4220059549,Jump 75 Index,SELL,17567.92,17568.42,-0.03,-5000.0,0.05,2025-05-02 19:40:11,2025-05-02 19:42:29,2,,LOSS,BearishreversalB
4220066367,Volatility 10 Index,BUY,6260.114,6255.308,-2.4,-48059.99999999585,0.5,2025-05-02 19:45:44,2025-05-02 19:59:58,14,,LOSS,BullishreversalB
4220066437,Boom 300 Index,BUY,1895.588,1895.581,-0.01,-70.00000000061846,1.0,2025-05-02 19:45:48,2025-05-02 19:54:28,8,,LOSS,BullishreversalB
4220066500,Jump 75 Index,SELL,17578.33,17512.57,3.29,657600.0000000204,0.05,2025-05-02 19:45:51,2025-05-02 19:48:22,2,,WIN,BearishreversalB
4220071151,Crash 500 Index,SELL,3226.92,3229.231,-0.46,-23110.00000000149,0.2,2025-05-02 19:50:02,2025-05-02 20:04:09,14,,LOSS,BearishreversalB
4220076447,Boom 300 Index,BUY,1895.454,1877.442,-18.01,-180119.99999999945,1.0,2025-05-02 19:55:04,2025-05-02 20:21:50,26,,LOSS,BullishreversalB
4220076533,BTCUSD,SELL,97182.55,97005.25,8.87,1773000.000000029,0.05,2025-05-02 19:55:10,2025-05-02 20:09:08,13,,WIN,BearishreversalS
4220086739,Crash 500 Index,SELL,3229.254,3236.615,-1.47,-73609.99999999876,0.2,2025-05-02 20:05:02,2025-05-02 20:31:54,26,,LOSS,BearishreversalB
4220086804,Jump 50 Index,SELL,35078.0,35106.03,-1.4,-280299.99999998836,0.05,2025-05-02 20:05:05,2025-05-02 20:05:59,0,,LOSS,BearishreversalE
4220109529,Jump 50 Index,SELL,35314.37,35345.67,-1.5699999999999998,-312999.99999995634,0.05,2025-05-02 20:25:04,2025-05-02 20:28:00,2,,LOSS,BearishreversalE
4220120472,BTCUSD,BUY,96967.75,96836.25,-6.58,-1315000.0,0.05,2025-05-02 20:35:30,2025-05-02 20:37:08,1,,LOSS,BullishreversalH
4220151211,BTCUSD,BUY,96952.15,96854.05,-4.91,-980999.9999999127,0.05,2025-05-02 21:05:39,2025-05-02 21:21:21,15,,LOSS,BullishreversalH
4220252714,Boom 300 Index,SELL,1887.117,1892.5,-5.38,-53830.00000000038,1.0,2025-05-02 23:15:03,2025-05-02 23:17:46,2,,LOSS,Bearishbreakdown
4220255841,Boom 300 Index,SELL,1889.633,1896.609,-6.98,-69759.99999999885,1.0,2025-05-02 23:20:03,2025-05-02 23:24:33,4,,LOSS,Bearishbreakdown
4220259947,Boom 300 Index,SELL,1895.759,1898.756,-3.0,-29970.00000000071,1.0,2025-05-02 23:25:02,2025-05-02 23:38:36,13,,LOSS,Bearishbreakdown
4220275739,Boom 300 Index,SELL,1890.338,1900.573,-10.24,-102350.00000000128,1.0,2025-05-02 23:50:04,2025-05-02 23:50:11,0,,LOSS,Bearishbreakdown
4220299865,Volatility 10 Index,BUY,6260.855,6260.768,-0.04,-869.9999999953434,0.5,2025-05-03 00:30:32,2025-05-03 01:33:02,62,,LOSS,BullishreversalH
4220342399,Boom 300 Index,SELL,1877.666,1867.98,9.69,96859.99999999921,1.0,2025-05-03 02:00:03,2025-05-03 02:11:56,11,,WIN,Bearishbreakdown
4220349029,Boom 300 Index,SELL,1864.467,1864.457,0.01,99.99999999990905,1.0,2025-05-03 02:15:03,2025-05-03 02:27:05,12,,WIN,Bearishbreakdown
4220355004,Boom 300 Index,SELL,1861.201,1860.63,0.57,5709.999999999127,1.0,2025-05-03 02:30:03,2025-05-03 02:35:05,5,,WIN,Bearishbreakdown
4220359381,Boom 300 Index,SELL,1862.164,1865.821,-3.66,-36569.99999999926,1.0,2025-05-03 02:40:02,2025-05-03 02:41:04,1,,LOSS,Bearishbreakdown
4220361691,Boom 300 Index,SELL,1870.832,1861.708,9.12,91240.00000000023,1.0,2025-05-03 02:45:03,2025-05-03 03:05:00,19,,WIN,Bearishbreakdown
4220369927,Boom 300 Index,SELL,1861.191,1867.359,-6.17,-61679.99999999892,1.0,2025-05-03 03:05:03,2025-05-03 03:06:56,1,,LOSS,Bearishbreakdown
4220374263,Boom 300 Index,SELL,1879.192,1890.175,-10.98,-109829.99999999948,1.0,2025-05-03 03:15:02,2025-05-03 03:17:52,2,,LOSS,Bearishbreakdown
4220377585,Boom 300 Index,SELL,1883.056,1879.455,3.6,36010.00000000113,1.0,2025-05-03 03:25:03,2025-05-03 03:34:52,9,,WIN,Bearishbreakdown
4220381050,Boom 300 Index,SELL,1878.874,1888.8,-9.93,-99259.9999999993,1.0,2025-05-03 03:35:02,2025-05-03 03:39:51,4,,LOSS,Bearishbreakdown
4220384952,Boom 300 Index,SELL,1883.42,1896.319,-12.9,-128989.99999999886,1.0,2025-05-03 03:45:03,2025-05-03 03:51:31,6,,LOSS,Bearishbreakdown
4220395567,Boom 300 Index,SELL,1877.862,1894.633,-16.77,-167709.9999999996,1.0,2025-05-03 04:10:03,2025-05-03 04:11:20,1,,LOSS,Bearishbreakdown
4220424611,Jump 75 Index,SELL,17071.66,17056.66,0.75,150000.0,0.05,2025-05-03 05:05:04,2025-05-03 05:07:12,2,,WIN,Bearishbreakdown
4220452314,Crash 500 Index,SELL,3236.276,3236.29,-0.0,-140.0000000012369,0.2,2025-05-03 05:57:57,2025-05-03 06:10:56,12,,LOSS,BearishreversalB
4220452327,Crash 1000 Index,SELL,5030.59,5043.564,-2.59,-129740.0000000016,0.2,2025-05-03 05:57:59,2025-05-03 06:50:02,52,,LOSS,BearishreversalB
4220452419,Boom 1000 Index,BUY,19834.096,19806.169,-5.59,-279269.9999999968,0.2,2025-05-03 05:58:04,2025-05-03 06:20:11,22,,LOSS,BullishreversalB
4220452437,Jump 50 Index,BUY,34981.38,34961.42,-1.0,-199599.99999999127,0.05,2025-05-03 05:58:05,2025-05-03 06:00:36,2,,LOSS,BullishreversalB
4220452439,Jump 75 Index,SELL,16957.51,16975.44,-0.9,-179300.0000000029,0.05,2025-05-03 05:58:07,2025-05-03 05:59:51,1,,LOSS,BearishreversalE
4220452448,Step Index,SELL,8402.7,8413.1,-10.4,-103999.99999999636,0.1,2025-05-03 05:58:09,2025-05-03 06:50:05,51,,LOSS,BearishreversalB
4220452460,Range Break 200 Index,BUY,83348.6,83175.3,-8.67,-1733000.000000029,0.05,2025-05-03 05:58:10,2025-05-03 06:21:53,23,,LOSS,BullishreversalB
4220456842,Jump 50 Index,BUY,34966.51,34948.8,-0.89,-177099.99999999127,0.05,2025-05-03 06:05:04,2025-05-03 06:09:41,4,,LOSS,BullishreversalB
4220456845,Jump 75 Index,SELL,16937.63,16954.25,-0.83,-166199.9999999898,0.05,2025-05-03 06:05:06,2025-05-03 06:05:31,0,,LOSS,BearishreversalB
4220457974,Boom 300 Index,BUY,1876.505,1865.476,-11.03,-110289.99999999997,1.0,2025-05-03 06:06:55,2025-05-03 06:22:55,16,,LOSS,BullishreversalB
4220457994,BTCUSD,SELL,96401.15,96497.676,-4.83,-965260.0000001257,0.05,2025-05-03 06:06:58,2025-05-03 06:18:55,11,,LOSS,BearishreversalE
4220458031,Jump 75 Index,SELL,16970.21,16983.94,-0.69,-137299.99999999563,0.05,2025-05-03 06:07:01,2025-05-03 06:08:00,0,,LOSS,BearishreversalB
4220460888,Jump 50 Index,BUY,34962.47,35024.77,3.12,622999.9999999563,0.05,2025-05-03 06:12:05,2025-05-03 06:15:18,3,,WIN,BullishreversalB
4220460898,Jump 75 Index,SELL,16940.63,16947.5,-0.34,-68699.99999998981,0.05,2025-05-03 06:12:07,2025-05-03 06:12:59,0,,LOSS,BearishreversalB
4220461266,Jump 75 Index,SELL,16950.75,16896.83,2.7,539199.9999999825,0.05,2025-05-03 06:13:06,2025-05-03 06:15:04,1,,WIN,BearishreversalS
4220469952,Boom 300 Index,BUY,1874.999,1885.482,10.48,104829.99999999948,1.0,2025-05-03 06:28:04,2025-05-03 06:32:42,4,,WIN,BullishreversalB
4220473856,Boom 300 Index,BUY,1884.44,1884.429,-0.01,-109.99999999967258,1.0,2025-05-03 06:34:09,2025-05-03 06:38:21,4,,LOSS,BullishreversalB
4220483819,Volatility 10 Index,BUY,6253.665,6248.803,-2.43,-48620.0000000008,0.5,2025-05-03 06:50:02,2025-05-03 07:05:10,15,,LOSS,BullishreversalB
4220483894,Step Index,BUY,8413.1,8422.7,9.6,96000.00000000364,0.1,2025-05-03 06:50:09,2025-05-03 09:55:33,185,,WIN,BullishreversalB
4220483970,Range Break 200 Index,SELL,83203.3,82953.6,12.49,2496999.999999971,0.05,2025-05-03 06:50:11,2025-05-03 07:57:54,67,,WIN,BearishreversalB
4220484544,Jump 75 Index,BUY,16707.52,16649.91,-2.88,-576100.0000000058,0.05,2025-05-03 06:51:05,2025-05-03 06:55:38,4,,LOSS,BullishreversalM
4220486249,Jump 50 Index,BUY,35035.15,35036.09,0.05,9399.999999950523,0.05,2025-05-03 06:53:55,2025-05-03 06:59:27,5,,WIN,BullishreversalH
4220489377,BTCUSD,SELL,96339.55,96274.623,3.25,649269.9999999604,0.05,2025-05-03 06:59:06,2025-05-03 07:37:00,37,,WIN,BearishreversalE
4220490616,Jump 50 Index,BUY,35113.1,35019.02,-4.7,-940800.0000000175,0.05,2025-05-03 07:01:06,2025-05-03 07:04:51,3,,LOSS,BullishreversalH
4220504167,Boom 1000 Index,SELL,19745.337,19742.706,0.53,26310.000000012224,0.2,2025-05-03 07:22:03,2025-05-03 07:25:40,3,,WIN,Bearishbreakdown
4220513693,Jump 75 Index,SELL,16744.64,16761.37,-0.84,-167299.99999999563,0.05,2025-05-03 07:37:04,2025-05-03 07:37:15,0,,LOSS,Bearishbreakdown
4220529190,Range Break 200 Index,SELL,82951.3,82399.6,27.59,5516999.999999971,0.05,2025-05-03 07:58:04,2025-05-03 18:02:08,604,,WIN,Bearishbreakdown
4220530104,Jump 50 Index,SELL,34433.99,34458.07,-1.2,-240800.00000001746,0.05,2025-05-03 07:59:04,2025-05-03 08:02:42,3,,LOSS,Bearishbreakdown
4220534967,Jump 50 Index,SELL,34400.7,34483.9,-4.16,-832000.0000000437,0.05,2025-05-03 08:05:04,2025-05-03 08:09:33,4,,LOSS,Bearishbreakdown
4220546781,Jump 50 Index,SELL,34369.48,34369.14,0.02,3400.000000037835,0.05,2025-05-03 08:21:04,2025-05-03 08:25:05,4,,WIN,Bearishbreakdown
4220551525,Jump 50 Index,SELL,34333.71,34341.28,-0.38,-75699.99999999709,0.05,2025-05-03 08:27:02,2025-05-03 08:33:01,5,,LOSS,Bearishbreakdown
4220555035,Boom 1000 Index,SELL,19747.837,19745.192,0.53,26450.000000004366,0.2,2025-05-03 08:31:02,2025-05-03 08:35:00,3,,WIN,Bearishbreakdown
4220559534,Boom 1000 Index,SELL,19742.041,19739.394,0.53,26470.00000000844,0.2,2025-05-03 08:36:02,2025-05-03 08:40:07,4,,WIN,Bearishbreakdown
4220560354,Jump 75 Index,SELL,16784.56,16798.85,-0.71,-142899.99999997235,0.05,2025-05-03 08:37:04,2025-05-03 08:37:32,0,,LOSS,Bearishbreakdown
4220564904,Jump 75 Index,SELL,16965.08,16899.92,3.26,651600.0000000349,0.05,2025-05-03 08:43:03,2025-05-03 08:50:48,7,,WIN,Bearishbreakdown
4220571621,Jump 50 Index,SELL,34240.24,34185.23,2.75,550099.9999999476,0.05,2025-05-03 08:51:04,2025-05-03 08:55:04,4,,WIN,Bearishbreakdown
4220576135,Boom 1000 Index,SELL,19718.042,19715.402,0.53,26400.00000003056,0.2,2025-05-03 08:57:03,2025-05-03 09:00:50,3,,WIN,Bearishbreakdown
4220576178,Jump 50 Index,SELL,34114.01,34100.39,0.68,136200.0000000262,0.05,2025-05-03 08:57:06,2025-05-03 08:57:17,0,,WIN,Bearishbreakdown
4220577030,Jump 75 Index,SELL,16749.16,16753.29,-0.21,-41300.000000010186,0.05,2025-05-03 08:58:03,2025-05-03 08:59:42,1,,LOSS,Bearishbreakdown
4220581841,Jump 75 Index,SELL,16826.77,16844.26,-0.87,-174899.99999997963,0.05,2025-05-03 09:03:05,2025-05-03 09:03:52,0,,LOSS,Bearishbreakdown
4220584990,Jump 75 Index,SELL,16807.11,16795.35,0.59,117600.00000002037,0.05,2025-05-03 09:07:03,2025-05-03 09:09:48,2,,WIN,Bearishbreakdown
4220587316,Boom 1000 Index,SELL,19741.949,19739.342,0.52,26069.99999999971,0.2,2025-05-03 09:10:03,2025-05-03 09:13:46,3,,WIN,Bearishbreakdown
4220589330,Jump 75 Index,SELL,16803.29,16707.06,4.8100000000000005,962299.9999999956,0.05,2025-05-03 09:13:03,2025-05-03 09:15:09,2,,WIN,Bearishbreakdown
4220589901,Boom 1000 Index,SELL,19737.134,19734.507,0.53,26269.999999967695,0.2,2025-05-03 09:14:03,2025-05-03 09:19:48,5,,WIN,Bearishbreakdown
4220592673,Jump 75 Index,SELL,16712.33,16718.61,-0.31,-62799.99999998836,0.05,2025-05-03 09:17:02,2025-05-03 09:18:41,1,,LOSS,Bearishbreakdown
4220595615,Jump 75 Index,SELL,16704.88,16695.73,0.46,91500.00000001455,0.05,2025-05-03 09:20:03,2025-05-03 09:21:42,1,,WIN,BearishreversalB
4220600440,Jump 75 Index,SELL,16657.7,16650.94,0.34,67600.00000002037,0.05,2025-05-03 09:26:04,2025-05-03 09:26:43,0,,WIN,BearishreversalB
4220606320,Boom 1000 Index,SELL,19718.253,19751.306,-6.61,-330529.99999999884,0.2,2025-05-03 09:32:03,2025-05-03 09:33:09,1,,LOSS,Bearishbreakdown
4220606479,BTCUSD,SELL,96291.05,96310.9,-0.99,-198499.9999999127,0.05,2025-05-03 09:32:13,2025-05-03 10:19:52,47,,LOSS,BearishreversalB
4220609881,Jump 75 Index,SELL,16593.02,16625.86,-1.6400000000000001,-328400.00000000146,0.05,2025-05-03 09:36:05,2025-05-03 09:36:59,0,,LOSS,Bearishbreakdown
4220612890,Jump 50 Index,SELL,34187.13,34259.46,-3.62,-723300.0000000175,0.05,2025-05-03 09:39:08,2025-05-03 09:40:41,1,,LOSS,BearishreversalS
4220618552,Jump 50 Index,SELL,34472.98,34432.49,2.02,404900.0000000524,0.05,2025-05-03 09:45:03,2025-05-03 09:49:41,4,,WIN,BearishreversalS
4220623142,Boom 1000 Index,SELL,19746.518,19765.144,-3.73,-186260.00000000204,0.2,2025-05-03 09:50:04,2025-05-03 09:55:10,5,,LOSS,Bearishbreakdown
4220643624,Jump 50 Index,SELL,34424.84,34370.4,2.7199999999999998,544399.9999999505,0.05,2025-05-03 10:14:04,2025-05-03 10:16:06,2,,WIN,Bearishbreakdown
4220649952,Jump 50 Index,SELL,34314.31,34291.85,1.12,224599.99999999127,0.05,2025-05-03 10:20:02,2025-05-03 10:20:15,0,,WIN,Bearishbreakdown
4220673547,Jump 50 Index,SELL,34336.91,34369.66,-1.6400000000000001,-327500.0,0.05,2025-05-03 10:45:04,2025-05-03 10:46:44,1,,LOSS,Bearishbreakdown
4220679244,Jump 50 Index,SELL,34312.39,34372.7,-3.02,-603099.9999999767,0.05,2025-05-03 10:51:04,2025-05-03 10:52:33,1,,LOSS,Bearishbreakdown
4220680779,Jump 50 Index,SELL,34346.12,34371.67,-1.28,-255499.99999995634,0.05,2025-05-03 10:53:02,2025-05-03 10:53:30,0,,LOSS,Bearishbreakdown
4220687182,Boom 300 Index,SELL,1886.448,1878.432,8.02,80160.00000000076,1.0,2025-05-03 11:00:03,2025-05-03 11:08:36,8,,WIN,Bearishbreakdown
4220696489,Boom 300 Index,SELL,1877.584,1877.956,-0.37,-3719.9999999984357,1.0,2025-05-03 11:09:03,2025-05-03 11:14:03,5,,LOSS,Bearishbreakdown
4220706990,Boom 300 Index,SELL,1870.169,1876.289,-6.12,-61199.99999999891,1.0,2025-05-03 11:21:31,2025-05-03 11:25:38,4,,LOSS,Bearishbreakdown
4220719845,Jump 50 Index,BUY,34477.89,34568.56,4.53,906699.9999999825,0.05,2025-05-03 11:36:04,2025-05-03 11:43:13,7,,WIN,BullishreversalM
4220760996,Jump 50 Index,BUY,34517.11,34505.26,-0.59,-118499.99999998545,0.05,2025-05-03 12:20:41,2025-05-03 12:26:06,5,,LOSS,BullishreversalM
4220762663,Boom 1000 Index,SELL,19809.112,19804.148,0.99,49639.99999999942,0.2,2025-05-03 12:22:02,2025-05-03 12:27:48,5,,WIN,Bearishbreakdown
4220768377,Jump 50 Index,BUY,34469.66,34437.28,-1.62,-323800.00000004657,0.05,2025-05-03 12:28:11,2025-05-03 12:28:38,0,,LOSS,BullishreversalH
4220769095,Step Index,BUY,8419.0,8436.1,17.1,171000.00000000364,0.1,2025-05-03 12:29:04,2025-05-03 14:28:29,119,,WIN,BullishreversalM
4220805833,Jump 50 Index,SELL,34383.51,34379.29,0.21,42200.00000001164,0.05,2025-05-03 13:05:06,2025-05-03 13:08:34,3,,WIN,Bearishbreakdown
4220807476,Crash 1000 Index,BUY,5100.314,5096.67,-0.73,-36440.00000000233,0.2,2025-05-03 13:06:38,2025-05-03 13:19:48,13,,LOSS,Signaltrade
4220807567,Crash 500 Index,SELL,3223.85,3223.858,-0.0,-80.00000000265572,0.2,2025-05-03 13:06:43,2025-05-03 14:44:38,97,,LOSS,BearishreversalB
4220807716,BTCUSD,SELL,95805.85,96023.15,-10.87,-2172999.9999998836,0.05,2025-05-03 13:06:48,2025-05-03 13:20:46,13,,LOSS,BearishreversalE
4220807747,Jump 75 Index,SELL,16300.13,16224.56,3.7800000000000002,755699.9999999971,0.05,2025-05-03 13:06:51,2025-05-03 13:11:16,4,,WIN,BearishreversalE
4220808794,Volatility 10 Index,SELL,6244.98,6242.74,1.12,22399.999999997817,0.5,2025-05-03 13:08:04,2025-05-03 13:10:40,2,,WIN,Bearishbreakdown
4220811232,Boom 300 Index,SELL,1853.081,1845.576,7.51,75049.99999999882,1.0,2025-05-03 13:11:03,2025-05-03 13:19:39,8,,WIN,Signaltrade
4220812518,Jump 50 Index,SELL,34355.85,34618.67,-13.14,-2628199.999999997,0.05,2025-05-03 13:12:17,2025-05-03 13:16:10,3,,LOSS,Bearishbreakdown
4220812531,Jump 75 Index,SELL,16216.69,16253.74,-1.85,-370499.9999999927,0.05,2025-05-03 13:12:19,2025-05-03 13:13:22,1,,LOSS,BearishreversalE
4220812653,Volatility 10 Index,SELL,6242.516,6237.546,2.49,49699.99999999345,0.5,2025-05-03 13:12:26,2025-05-03 13:32:02,19,,WIN,Signaltrade
4220821346,Boom 1000 Index,BUY,19784.471,19774.576,-1.98,-98950.00000000437,0.2,2025-05-03 13:21:01,2025-05-03 13:40:26,19,,LOSS,Signaltrade
4220821446,Boom 300 Index,SELL,1843.843,1847.955,-4.11,-41119.99999999853,1.0,2025-05-03 13:21:05,2025-05-03 13:23:48,2,,LOSS,Bearishbreakdown
4220821514,BTCUSD,SELL,95974.05,96069.75,-4.79,-956999.9999999709,0.05,2025-05-03 13:21:07,2025-05-03 13:37:10,16,,LOSS,BearishreversalS
4220830033,Jump 50 Index,SELL,34766.68,34829.19,-3.13,-625100.0000000204,0.05,2025-05-03 13:30:09,2025-05-03 13:36:42,6,,LOSS,BearishreversalE
4220845690,Volatility 10 Index,SELL,6241.368,6241.564,-0.1,-1959.9999999991269,0.5,2025-05-03 13:45:06,2025-05-03 14:27:02,41,,LOSS,BearishreversalS
4220845968,Boom 1000 Index,BUY,19770.811,19751.334,-3.9,-194770.0000000259,0.2,2025-05-03 13:45:15,2025-05-03 14:13:38,28,,LOSS,BullishreversalB
4220861678,Jump 50 Index,SELL,34566.99,34543.17,1.19,238199.9999999971,0.05,2025-05-03 14:00:20,2025-05-03 14:02:45,2,,WIN,BearishreversalE
4220876123,Boom 1000 Index,BUY,19751.243,19739.631,-2.32,-116119.99999997352,0.2,2025-05-03 14:15:08,2025-05-03 14:23:22,8,,LOSS,BullishreversalB
4220876204,Jump 50 Index,SELL,34471.91,34490.79,-0.94,-188799.9999999738,0.05,2025-05-03 14:15:10,2025-05-03 14:16:26,1,,LOSS,BearishreversalE
4220882130,Crash 1000 Index,BUY,5103.638,5097.875,-1.15,-57629.9999999992,0.2,2025-05-03 14:21:56,2025-05-03 14:24:52,2,,LOSS,Signaltrade
4220882169,BTCUSD,SELL,96105.65,96361.75,-12.81,-2561000.000000058,0.05,2025-05-03 14:21:58,2025-05-03 15:05:23,43,,LOSS,Signaltrade
4220882263,Boom 300 Index,SELL,1850.608,1851.506,-0.9,-8980.000000001382,1.0,2025-05-03 14:22:05,2025-05-03 14:25:47,3,,LOSS,Bearishbreakdown
4220890537,Volatility 10 Index,SELL,6240.61,6234.347,3.13,62629.9999999992,0.5,2025-05-03 14:30:14,2025-05-03 17:31:48,181,,WIN,BearishreversalB
4220890634,Boom 300 Index,SELL,1846.755,1852.082,-5.33,-53269.999999999985,1.0,2025-05-03 14:30:19,2025-05-03 14:35:35,5,,LOSS,Bearishbreakdown
4220903573,Crash 500 Index,SELL,3223.708,3217.144,1.31,65640.00000000306,0.2,2025-05-03 14:45:04,2025-05-03 15:20:19,35,,WIN,Bearishbreakdown
4220903643,Boom 300 Index,SELL,1862.781,1842.819,19.96,199619.99999999988,1.0,2025-05-03 14:45:07,2025-05-03 15:13:07,28,,WIN,BearishreversalS
4220936484,Boom 300 Index,BUY,1840.831,1840.816,-0.02,-149.9999999987267,1.0,2025-05-03 15:15:11,2025-05-03 15:34:55,19,,LOSS,BullishreversalH
4220936528,Boom 1000 Index,BUY,19782.195,19766.352,-3.17,-158430.00000000757,0.2,2025-05-03 15:15:14,2025-05-03 15:53:07,37,,LOSS,BullishreversalB
4220938980,Jump 50 Index,BUY,34901.5,34780.32,-6.06,-1211800.0000000028,0.05,2025-05-03 15:17:30,2025-05-03 15:19:28,1,,LOSS,BullishreversalM
4220939052,Jump 75 Index,SELL,15749.07,15774.17,-1.26,-251000.00000000364,0.05,2025-05-03 15:17:33,2025-05-03 15:21:30,3,,LOSS,BearishreversalE
4220942459,Jump 50 Index,BUY,34828.41,34800.19,-1.41,-282200.00000001164,0.05,2025-05-03 15:21:05,2025-05-03 15:21:59,0,,LOSS,BullishreversalH
4220964006,Jump 50 Index,BUY,34557.73,34571.87,0.71,141399.99999999418,0.05,2025-05-03 15:42:05,2025-05-03 15:51:24,9,,WIN,BullishreversalM
4220965505,Crash 1000 Index,SELL,5113.295,5113.297,-0.0,-19.99999999497959,0.2,2025-05-03 15:43:30,2025-05-03 16:36:54,53,,LOSS,BearishreversalB
4220965525,Boom 300 Index,SELL,1832.269,1829.956,2.31,23130.00000000102,1.0,2025-05-03 15:43:33,2025-05-03 15:46:23,2,,WIN,Bearishbreakdown
4220970187,Boom 300 Index,SELL,1827.982,1821.992,5.99,59900.00000000009,1.0,2025-05-03 15:48:03,2025-05-03 15:55:22,7,,WIN,Bearishbreakdown
4220990196,Jump 50 Index,SELL,34701.66,34706.57,-0.25,-49099.999999962165,0.05,2025-05-03 16:06:05,2025-05-03 16:07:45,1,,LOSS,BearishreversalS
4221035879,Jump 50 Index,SELL,34433.47,34466.33,-1.6400000000000001,-328600.0000000058,0.05,2025-05-03 16:49:04,2025-05-03 16:49:51,0,,LOSS,BearishreversalE
4221037742,Boom 300 Index,SELL,1849.84,1840.453,9.39,93869.99999999943,1.0,2025-05-03 16:51:04,2025-05-03 17:02:39,11,,WIN,Bearishbreakdown
4221040188,Jump 50 Index,SELL,34398.4,34351.62,2.34,467799.99999998836,0.05,2025-05-03 16:54:05,2025-05-03 16:58:05,4,,WIN,BearishreversalE
4221041152,BTCUSD,BUY,96329.75,96259.687,-3.5,-700629.9999999464,0.05,2025-05-03 16:55:03,2025-05-03 17:05:18,10,,LOSS,BullishreversalM
4221048734,Boom 300 Index,SELL,1839.701,1841.235,-1.53,-15339.999999998781,1.0,2025-05-03 17:03:03,2025-05-03 17:04:23,1,,LOSS,Bearishbreakdown
4221069360,Boom 300 Index,SELL,1836.164,1843.054,-6.89,-68900.000000001,1.0,2025-05-03 17:21:04,2025-05-03 17:26:11,5,,LOSS,Bearishbreakdown
4221084449,Boom 300 Index,SELL,1846.474,1836.249,10.23,102249.9999999991,1.0,2025-05-03 17:35:04,2025-05-03 17:46:09,11,,WIN,Bearishbreakdown
4221085921,Jump 75 Index,SELL,16032.95,15994.34,1.9300000000000002,386100.0000000058,0.05,2025-05-03 17:36:07,2025-05-03 17:39:37,3,,WIN,BearishreversalS
4221093510,Jump 75 Index,SELL,16006.97,16019.38,-0.62,-124099.99999999854,0.05,2025-05-03 17:42:07,2025-05-03 17:43:30,1,,LOSS,BearishreversalS
4221100562,Boom 300 Index,SELL,1833.065,1822.043,11.02,110220.00000000162,1.0,2025-05-03 17:49:03,2025-05-03 18:01:53,12,,WIN,Bearishbreakdown
4221125135,Jump 75 Index,SELL,15951.53,15967.23,-0.79,-156999.9999999891,0.05,2025-05-03 18:12:06,2025-05-03 18:13:31,1,,LOSS,Bearishbreakdown
4221145187,Range Break 200 Index,SELL,82426.3,82447.6,-1.07,-213000.0000000291,0.05,2025-05-03 18:30:03,2025-05-04 03:15:36,525,,LOSS,Signaltrade
4221333057,Jump 75 Index,SELL,15877.64,15861.79,0.79,158499.99999998545,0.05,2025-05-03 21:51:14,2025-05-03 21:53:08,1,,WIN,BearishreversalS
4221333221,Jump 50 Index,SELL,33581.86,33543.26,1.9300000000000002,385999.99999998545,0.05,2025-05-03 21:51:25,2025-05-03 21:57:57,6,,WIN,BearishreversalE
4221333792,Boom 300 Index,BUY,1807.338,1807.315,-0.02,-229.9999999991087,1.0,2025-05-03 21:52:10,2025-05-03 22:28:33,36,,LOSS,BullishreversalB
4221339772,Jump 75 Index,SELL,15870.64,15936.79,-3.31,-661500.0000000146,0.05,2025-05-03 21:58:09,2025-05-03 21:58:11,0,,LOSS,BearishreversalS
4221370132,Step Index,BUY,8425.1,8424.4,-0.7,-7000.000000007276,0.1,2025-05-03 22:32:35,2025-05-04 00:25:28,112,,LOSS,BullishreversalB
4221372900,Jump 75 Index,BUY,15730.21,15738.79,0.43,85800.00000001746,0.05,2025-05-03 22:36:07,2025-05-03 22:37:46,1,,WIN,BullishreversalB
4221380824,Boom 300 Index,SELL,1802.533,1797.419,5.11,51139.99999999805,1.0,2025-05-03 22:47:04,2025-05-03 22:54:51,7,,WIN,Bearishbreakdown
4221392646,Boom 300 Index,SELL,1790.345,1787.654,2.69,26910.00000000031,1.0,2025-05-03 23:06:04,2025-05-03 23:17:05,11,,WIN,Bearishbreakdown
4221422574,Boom 300 Index,SELL,1777.133,1766.192,10.94,109410.0000000003,1.0,2025-05-03 23:50:03,2025-05-04 00:08:47,18,,WIN,Bearishbreakdown
4221439245,Jump 50 Index,SELL,33400.09,33408.94,-0.44,-88500.00000005821,0.05,2025-05-04 00:21:05,2025-05-04 00:22:40,1,,LOSS,Bearishbreakdown
4221442885,Jump 50 Index,SELL,33473.21,33393.3,4.0,799099.9999999622,0.05,2025-05-04 00:27:07,2025-05-04 00:28:19,1,,WIN,Bearishbreakdown
4221444636,Step Index,SELL,8424.5,8424.4,0.1,1000.000000003638,0.1,2025-05-04 00:30:09,2025-05-04 02:21:26,111,,WIN,BearishreversalE
4221489266,Volatility 10 Index,BUY,6249.799,6272.009,11.11,222100.00000000035,0.5,2025-05-04 01:50:18,2025-05-04 03:21:40,91,,WIN,BullishreversalB
4221489294,Crash 1000 Index,BUY,5171.348,5202.174,6.17,308260.00000000023,0.2,2025-05-04 01:50:23,2025-05-04 03:40:17,109,,WIN,BullishreversalM
4221489315,Boom 300 Index,BUY,1739.631,1712.195,-27.44,-274360.0000000015,1.0,2025-05-04 01:50:26,2025-05-04 02:29:38,39,,LOSS,BullishreversalB
4221489335,Jump 50 Index,BUY,33447.43,33440.26,-0.36,-71699.99999998254,0.05,2025-05-04 01:50:31,2025-05-04 02:06:37,16,,LOSS,BullishreversalH
4221489366,Jump 75 Index,SELL,15522.19,15528.49,-0.32,-62999.999999992724,0.05,2025-05-04 01:50:34,2025-05-04 01:51:48,1,,LOSS,BearishreversalE
4221490402,Jump 75 Index,SELL,15504.02,15364.97,6.95,1390500.000000011,0.05,2025-05-04 01:53:04,2025-05-04 02:02:16,9,,WIN,BearishreversalE
4221505601,Boom 1000 Index,SELL,19800.749,19828.96,-5.64,-282109.9999999933,0.2,2025-05-04 02:30:05,2025-05-04 02:56:25,26,,LOSS,BearishreversalE
4221505613,Jump 50 Index,SELL,32998.51,33008.56,-0.5,-100499.99999995634,0.05,2025-05-04 02:30:07,2025-05-04 02:37:34,7,,LOSS,Bearishbreakdown
4221505631,Jump 75 Index,SELL,15485.54,15485.08,0.02,4600.000000009459,0.05,2025-05-04 02:30:09,2025-05-04 02:38:30,8,,WIN,BearishreversalE
4221505636,Step Index,SELL,8423.6,8425.2,-1.6,-16000.000000003638,0.1,2025-05-04 02:30:10,2025-05-04 03:03:50,33,,LOSS,BearishreversalS
4221513939,Boom 300 Index,BUY,1726.139,1725.878,-0.26,-2609.9999999996726,1.0,2025-05-04 02:45:03,2025-05-04 02:47:02,1,,LOSS,BullishreversalB
4221513986,Jump 50 Index,BUY,33033.15,33032.75,-0.02,-4000.000000014552,0.05,2025-05-04 02:45:08,2025-05-04 02:48:44,3,,LOSS,BullishreversalB
4221513995,Jump 75 Index,SELL,15500.96,15516.26,-0.77,-153000.0000000109,0.05,2025-05-04 02:45:10,2025-05-04 02:46:57,1,,LOSS,BearishreversalE
4221520843,Boom 300 Index,BUY,1731.529,1760.243,28.71,287139.9999999994,1.0,2025-05-04 03:00:04,2025-05-04 03:28:02,27,,WIN,BullishreversalB
4221520889,Boom 1000 Index,SELL,19822.276,19842.358,-4.02,-200819.99999998516,0.2,2025-05-04 03:00:07,2025-05-04 03:12:00,11,,LOSS,BearishreversalE
4221520920,Jump 50 Index,BUY,33281.41,33278.04,-0.17,-33700.00000002619,0.05,2025-05-04 03:00:09,2025-05-04 03:05:59,5,,LOSS,BullishreversalB
4221520943,Jump 75 Index,SELL,15591.09,15585.38,0.29,57100.00000000946,0.05,2025-05-04 03:00:10,2025-05-04 03:03:45,3,,WIN,BearishreversalE
4221527993,Jump 50 Index,BUY,33372.89,33403.71,1.54,308199.9999999971,0.05,2025-05-04 03:15:07,2025-05-04 03:20:22,5,,WIN,BullishreversalB
4221528000,Jump 75 Index,SELL,15603.52,15606.36,-0.14,-28400.000000001455,0.05,2025-05-04 03:15:09,2025-05-04 03:16:19,1,,LOSS,BearishreversalE
4221533529,Boom 300 Index,BUY,1758.931,1737.162,-21.77,-217690.00000000006,1.0,2025-05-04 03:30:05,2025-05-04 03:58:13,28,,LOSS,BullishreversalH
4221533563,Jump 50 Index,BUY,33260.36,33221.32,-1.95,-390400.00000000873,0.05,2025-05-04 03:30:10,2025-05-04 03:38:40,8,,LOSS,BullishreversalB
4221533587,Jump 75 Index,SELL,15534.03,15535.06,-0.05,-10299.999999988358,0.05,2025-05-04 03:30:12,2025-05-04 03:32:18,2,,LOSS,BearishreversalE
4221539352,Boom 1000 Index,SELL,19833.276,19829.163,0.82,41130.00000001193,0.2,2025-05-04 03:45:04,2025-05-04 04:57:42,72,,WIN,BearishreversalE
4221539372,Jump 50 Index,BUY,33213.94,33199.81,-0.71,-141300.00000004657,0.05,2025-05-04 03:45:06,2025-05-04 03:51:29,6,,LOSS,BullishreversalB
4221613632,Jump 75 Index,BUY,15609.23,15605.87,-0.17,-33599.99999998763,0.05,2025-05-04 06:15:06,2025-05-04 06:17:57,2,,LOSS,BullishreversalM
4221622451,Jump 75 Index,BUY,15610.34,15654.17,2.19,438299.9999999993,0.05,2025-05-04 06:30:06,2025-05-04 06:34:30,4,,WIN,BullishreversalM
4221631978,Jump 75 Index,BUY,15522.56,15501.56,-1.05,-210000.0,0.05,2025-05-04 06:45:05,2025-05-04 06:45:31,0,,LOSS,BullishreversalM
4221641730,Jump 75 Index,BUY,15431.64,15409.07,-1.13,-225699.9999999971,0.05,2025-05-04 07:00:05,2025-05-04 07:01:04,0,,LOSS,BullishreversalM
4221651626,Jump 75 Index,BUY,15424.0,15407.04,-0.85,-169599.99999999127,0.05,2025-05-04 07:15:06,2025-05-04 07:18:59,3,,LOSS,BullishreversalM
4221661538,BTCUSD,SELL,95881.15,95962.25,-4.06,-811000.0000000582,0.05,2025-05-04 07:30:06,2025-05-04 07:47:44,17,,LOSS,Bearishbreakdown
4221661572,Jump 75 Index,BUY,15515.19,15500.81,-0.72,-143800.0000000102,0.05,2025-05-04 07:30:11,2025-05-04 07:30:58,0,,LOSS,BullishreversalM
4221672233,Jump 75 Index,BUY,15510.62,15500.43,-0.51,-101900.0000000051,0.05,2025-05-04 07:45:08,2025-05-04 07:45:33,0,,LOSS,BullishreversalM
4221682424,Jump 75 Index,BUY,15429.22,15412.54,-0.83,-166799.99999998472,0.05,2025-05-04 08:00:05,2025-05-04 08:00:59,0,,LOSS,BullishreversalM
4221682611,BTCUSD,SELL,95833.55,95993.532,-8.0,-1599820.000000036,0.05,2025-05-04 08:00:09,2025-05-04 08:13:23,13,,LOSS,Bearishbreakdown
4221706219,BTCUSD,SELL,95837.05,95900.95,-3.2,-638999.9999999418,0.05,2025-05-04 08:30:10,2025-05-04 09:00:14,30,,LOSS,Bearishbreakdown
4221753732,BTCUSD,SELL,95597.65,95598.921,-0.06,-12710.000000079162,0.05,2025-05-04 09:30:08,2025-05-04 09:36:57,6,,LOSS,Bearishbreakdown
4221768104,BTCUSD,SELL,95528.65,95529.95,-0.07,-13000.000000029104,0.05,2025-05-04 09:45:07,2025-05-04 10:32:58,47,,LOSS,Bearishbreakdown
4221782072,Jump 75 Index,BUY,15682.59,15655.58,-1.35,-270100.0000000022,0.05,2025-05-04 10:00:09,2025-05-04 10:00:34,0,,LOSS,BullishreversalH
4221796093,Jump 75 Index,BUY,15671.5,15653.79,-0.89,-177099.99999999127,0.05,2025-05-04 10:15:06,2025-05-04 10:15:25,0,,LOSS,BullishreversalH
4221822579,Jump 75 Index,BUY,15740.52,15722.37,-0.91,-181499.99999999636,0.05,2025-05-04 10:45:05,2025-05-04 10:45:27,0,,LOSS,BullishreversalH
4221834084,Jump 75 Index,BUY,15682.33,15662.19,-1.01,-201399.99999999418,0.05,2025-05-04 11:00:04,2025-05-04 11:00:23,0,,LOSS,BullishreversalH
4221848013,Jump 75 Index,BUY,15621.64,15600.62,-1.05,-210199.99999998618,0.05,2025-05-04 11:15:06,2025-05-04 11:16:23,1,,LOSS,BullishreversalH
4221849320,Range Break 200 Index,SELL,81962.3,82065.6,-5.17,-1033000.0000000291,0.05,2025-05-04 11:16:52,2025-05-04 14:24:52,188,,LOSS,Signaltrade
4221849361,Crash 500 Index,SELL,3195.006,3204.03,-1.8,-90240.00000000342,0.2,2025-05-04 11:16:55,2025-05-04 11:40:14,23,,LOSS,BearishreversalB
4221856350,Volatility 10 Index,BUY,6258.365,6253.583,-2.39,-47820.00000000153,0.5,2025-05-04 11:24:54,2025-05-04 12:18:08,53,,LOSS,BullishreversalH
4221856432,Crash 1000 Index,SELL,5218.452,5218.453,-0.0,-10.000000002037268,0.2,2025-05-04 11:24:58,2025-05-04 12:51:33,86,,LOSS,BearishreversalB
4221856506,BTCUSD,SELL,95341.25,95426.85,-4.28,-856000.0000000582,0.05,2025-05-04 11:25:02,2025-05-04 11:29:45,4,,LOSS,BearishreversalB
4221856569,Jump 75 Index,SELL,15529.97,15536.97,-0.35,-70000.0,0.05,2025-05-04 11:25:07,2025-05-04 11:27:01,1,,LOSS,BearishreversalB
4221860249,Jump 50 Index,SELL,33267.88,33138.08,6.49,1297999.9999999562,0.05,2025-05-04 11:29:06,2025-05-04 11:34:17,5,,WIN,Bearishbreakdown
4221860278,Jump 75 Index,SELL,15554.68,15580.52,-1.29,-258400.00000000146,0.05,2025-05-04 11:29:09,2025-05-04 11:29:28,0,,LOSS,BearishreversalB
4221864607,BTCUSD,SELL,95367.05,95509.75,-7.14,-1426999.999999971,0.05,2025-05-04 11:33:22,2025-05-04 11:46:49,13,,LOSS,BearishreversalE
4221865467,Jump 75 Index,BUY,15586.58,15571.85,-0.74,-147299.99999999563,0.05,2025-05-04 11:34:19,2025-05-04 11:35:23,1,,LOSS,BullishreversalB
4221867682,Boom 1000 Index,SELL,19675.512,19672.877,0.53,26349.999999983993,0.2,2025-05-04 11:36:54,2025-05-04 11:40:28,3,,WIN,Bearishbreakdown
4221867701,Jump 75 Index,BUY,15579.11,15565.37,-0.69,-137399.99999999782,0.05,2025-05-04 11:36:57,2025-05-04 11:39:16,2,,LOSS,BullishreversalH
4221867760,Boom 300 Index,BUY,1764.318,1780.715,16.4,163969.99999999936,1.0,2025-05-04 11:37:05,2025-05-04 12:05:13,28,,WIN,BullishreversalB
4221872800,Jump 50 Index,SELL,33120.8,33048.53,3.61,722700.0000000407,0.05,2025-05-04 11:43:07,2025-05-04 11:46:27,3,,WIN,BearishreversalE
4221878333,Jump 50 Index,SELL,33089.31,33107.77,-0.92,-184599.99999999127,0.05,2025-05-04 11:50:10,2025-05-04 11:52:11,2,,LOSS,BearishreversalS
4221879885,Crash 500 Index,BUY,3201.657,3204.822,0.63,31649.999999999636,0.2,2025-05-04 11:52:04,2025-05-04 12:25:26,33,,WIN,BullishreversalM
4221888407,Step Index,SELL,8420.4,8421.7,-1.3,-13000.000000010914,0.1,2025-05-04 12:01:06,2025-05-04 12:04:03,2,,LOSS,Bearishbreakdown
4221892035,Jump 50 Index,SELL,33118.5,33143.44,-1.25,-249400.00000002328,0.05,2025-05-04 12:05:06,2025-05-04 12:06:35,1,,LOSS,BearishreversalE
4221892246,Jump 75 Index,BUY,15633.94,15621.67,-0.61,-122700.00000000437,0.05,2025-05-04 12:05:25,2025-05-04 12:05:35,0,,LOSS,BullishreversalH
4221895635,Step Index,SELL,8420.0,8421.3,-1.3,-12999.999999992724,0.1,2025-05-04 12:10:06,2025-05-04 12:28:15,18,,LOSS,Bearishbreakdown
4221896650,Jump 75 Index,BUY,15642.42,15624.15,-0.91,-182700.00000000437,0.05,2025-05-04 12:11:05,2025-05-04 12:11:20,0,,LOSS,BullishreversalH
4221927694,Boom 1000 Index,SELL,19672.465,19669.869,0.52,25960.00000001368,0.2,2025-05-04 12:45:06,2025-05-04 12:52:16,7,,WIN,Bearishbreakdown
4221938056,Jump 75 Index,SELL,15607.36,15630.48,-1.16,-231199.9999999898,0.05,2025-05-04 12:56:15,2025-05-04 12:57:12,0,,LOSS,BearishreversalS
4221948057,Step Index,SELL,8423.7,8422.8,0.9,9000.000000014552,0.1,2025-05-04 13:06:05,2025-05-04 13:07:50,1,,WIN,Bearishbreakdown
4221952278,Step Index,SELL,8423.0,8425.8,-2.8,-27999.999999992724,0.1,2025-05-04 13:10:06,2025-05-04 13:14:14,4,,LOSS,Bearishbreakdown
4221962603,Step Index,SELL,8424.6,8426.1,-1.5,-15000.0,0.1,2025-05-04 13:21:06,2025-05-04 13:22:29,1,,LOSS,Bearishbreakdown
4221982953,Step Index,SELL,8422.1,8421.4,0.7,7000.000000007276,0.1,2025-05-04 13:42:05,2025-05-04 13:44:20,2,,WIN,Bearishbreakdown
4221984125,Crash 500 Index,SELL,3197.336,3210.813,-2.7,-134770.00000000317,0.2,2025-05-04 13:43:04,2025-05-04 14:41:38,58,,LOSS,BearishreversalB
4221985788,Jump 75 Index,SELL,15502.23,15514.33,-0.61,-121000.00000000364,0.05,2025-05-04 13:45:06,2025-05-04 13:46:38,1,,LOSS,Bearishbreakdown
4221992168,Jump 75 Index,SELL,15479.86,15487.71,-0.39,-78499.99999998545,0.05,2025-05-04 13:52:06,2025-05-04 13:53:24,1,,LOSS,Bearishbreakdown
4221996994,BTCUSD,SELL,95435.45,95569.75,-6.72,-1343000.000000029,0.05,2025-05-04 13:57:15,2025-05-04 14:04:53,7,,LOSS,BearishreversalE
4222007320,Jump 75 Index,SELL,15400.01,15479.89,-3.99,-798799.999999992,0.05,2025-05-04 14:09:06,2025-05-04 14:14:47,5,,LOSS,Bearishbreakdown
4222016609,Step Index,SELL,8419.0,8421.7,-2.7,-27000.000000007276,0.1,2025-05-04 14:19:12,2025-05-04 14:21:33,2,,LOSS,Bearishbreakdown
4222019920,BTCUSD,SELL,95274.95,95407.25,-6.62,-1323000.000000029,0.05,2025-05-04 14:23:08,2025-05-04 14:29:30,6,,LOSS,BearishreversalE
4222023457,Step Index,SELL,8418.7,8416.3,2.4,24000.000000014552,0.1,2025-05-04 14:27:05,2025-05-04 14:31:45,4,,WIN,Bearishbreakdown
4222025262,Range Break 200 Index,SELL,82059.3,82060.6,-0.07,-13000.000000029104,0.05,2025-05-04 14:29:06,2025-05-04 15:59:05,89,,LOSS,Signaltrade
4222025319,Jump 75 Index,SELL,15608.45,15616.42,-0.4,-79699.99999999345,0.05,2025-05-04 14:29:11,2025-05-04 14:29:56,0,,LOSS,BearishreversalS
4222028531,Jump 75 Index,SELL,15617.24,15633.03,-0.79,-157900.00000000873,0.05,2025-05-04 14:32:13,2025-05-04 14:32:29,0,,LOSS,BearishreversalE
4222028544,Step Index,SELL,8417.1,8416.3,0.8,8000.000000010914,0.1,2025-05-04 14:32:15,2025-05-04 14:35:37,3,,WIN,Bearishbreakdown
4222033266,Jump 75 Index,SELL,15602.64,15578.23,1.22,244099.99999999854,0.05,2025-05-04 14:38:08,2025-05-04 14:39:30,1,,WIN,BearishreversalE
4222033863,BTCUSD,SELL,95289.05,95327.85,-1.94,-388000.0000000291,0.05,2025-05-04 14:39:09,2025-05-04 14:50:20,11,,LOSS,BearishreversalE
4222043224,Crash 500 Index,SELL,3203.901,3208.904,-1.0,-50030.000000001564,0.2,2025-05-04 14:49:12,2025-05-04 15:05:14,16,,LOSS,Bearishbreakdown
4222048479,Jump 75 Index,BUY,15682.01,15712.31,1.52,302999.9999999927,0.05,2025-05-04 14:55:11,2025-05-04 14:56:41,1,,WIN,BullishreversalH
4222054061,Jump 75 Index,BUY,15696.53,15807.75,5.5600000000000005,1112199.9999999935,0.05,2025-05-04 15:01:23,2025-05-04 15:01:40,0,,WIN,BullishreversalH
4222092283,Jump 75 Index,SELL,15763.61,15772.51,-0.45,-88999.99999999636,0.05,2025-05-04 15:39:14,2025-05-04 15:40:33,1,,LOSS,BearishreversalS
4222092598,Step Index,SELL,8406.9,8415.7,-8.8,-88000.00000001091,0.1,2025-05-04 15:39:33,2025-05-04 16:17:15,37,,LOSS,BearishreversalE
4222112904,Range Break 200 Index,BUY,82062.6,82359.3,14.84,2966999.999999971,0.05,2025-05-04 16:00:21,2025-05-04 16:38:07,37,,WIN,BullishreversalH
4222116008,BTCUSD,BUY,95662.35,95500.75,-8.08,-1616000.0000000582,0.05,2025-05-04 16:03:25,2025-05-04 16:18:33,15,,LOSS,BullishreversalB
4222131809,Crash 500 Index,SELL,3222.389,3230.808,-1.6800000000000002,-84189.99999999869,0.2,2025-05-04 16:18:27,2025-05-04 16:46:43,28,,LOSS,BearishreversalB
4222131876,Crash 1000 Index,SELL,5165.394,5170.337,-0.99,-49430.00000000211,0.2,2025-05-04 16:18:30,2025-05-04 18:08:17,109,,LOSS,Bearishbreakdown
4222131991,Boom 1000 Index,BUY,19574.119,19544.291,-5.97,-298279.999999977,0.2,2025-05-04 16:18:36,2025-05-04 16:42:07,23,,LOSS,BullishreversalB
4222134083,Step Index,SELL,8414.0,8402.2,11.8,117999.99999999272,0.1,2025-05-04 16:20:46,2025-05-04 19:10:16,169,,WIN,BearishreversalS
4222155242,Volatility 10 Index,BUY,6261.913,6259.928,-0.99,-19849.999999996726,0.5,2025-05-04 16:43:44,2025-05-04 17:43:20,59,,LOSS,Signaltrade
4222155260,Boom 300 Index,SELL,1739.949,1742.463,-2.51,-25139.999999998963,1.0,2025-05-04 16:43:47,2025-05-04 16:45:01,1,,LOSS,Signaltrade
4222155288,BTCUSD,SELL,95420.75,95513.714,-4.65,-929640.0000000722,0.05,2025-05-04 16:43:49,2025-05-04 17:03:53,20,,LOSS,Signaltrade
4222155304,Boom 1000 Index,SELL,19542.384,19462.656,15.95,797279.9999999916,0.2,2025-05-04 16:43:51,2025-05-04 18:10:00,86,,WIN,Signaltrade
4222155311,Jump 50 Index,BUY,34032.0,34098.36,3.32,663600.0000000058,0.05,2025-05-04 16:43:52,2025-05-04 16:58:14,14,,WIN,Signaltrade
4222157640,Boom 300 Index,SELL,1741.167,1750.262,-9.1,-90950.00000000028,1.0,2025-05-04 16:46:01,2025-05-04 16:46:08,0,,LOSS,Signaltrade
4222158830,Crash 500 Index,BUY,3231.025,3227.271,-0.75,-37539.999999999054,0.2,2025-05-04 16:47:09,2025-05-04 17:05:45,18,,LOSS,Signaltrade
4222159176,Boom 300 Index,SELL,1748.565,1741.708,6.86,68569.99999999971,1.0,2025-05-04 16:47:27,2025-05-04 16:55:13,7,,WIN,Signaltrade
4222168461,Boom 300 Index,SELL,1740.483,1741.644,-1.16,-11610.000000000582,1.0,2025-05-04 16:56:02,2025-05-04 16:58:05,2,,LOSS,Signaltrade
4222172897,Boom 300 Index,SELL,1738.716,1739.241,-0.53,-5250.0000000009095,1.0,2025-05-04 17:00:48,2025-05-04 17:05:31,4,,LOSS,Signaltrade
4222173242,Jump 50 Index,BUY,33993.62,34015.03,1.07,214099.99999996217,0.05,2025-05-04 17:01:06,2025-05-04 17:06:51,5,,WIN,Signaltrade
4222176683,BTCUSD,SELL,95451.95,95531.15,-3.96,-791999.9999999709,0.05,2025-05-04 17:04:46,2025-05-04 17:24:13,19,,LOSS,Signaltrade
4222177630,Crash 500 Index,BUY,3227.673,3240.274,2.52,126010.00000000114,0.2,2025-05-04 17:06:01,2025-05-04 17:42:01,36,,WIN,Signaltrade
4222177646,Boom 300 Index,SELL,1738.436,1742.846,-4.41,-44100.000000000815,1.0,2025-05-04 17:06:03,2025-05-04 17:06:41,0,,LOSS,Signaltrade
4222178690,Boom 300 Index,SELL,1742.067,1735.205,6.86,68620.0000000008,1.0,2025-05-04 17:07:04,2025-05-04 17:15:10,8,,WIN,Signaltrade
4222178706,Jump 50 Index,BUY,34029.5,33947.91,-4.08,-815899.9999999651,0.05,2025-05-04 17:07:06,2025-05-04 17:10:49,3,,LOSS,Signaltrade
4222184447,Jump 50 Index,BUY,33902.14,33882.12,-1.0,-200199.999999968,0.05,2025-05-04 17:13:03,2025-05-04 17:14:40,1,,LOSS,Signaltrade
4222188270,Boom 300 Index,SELL,1733.39,1725.379,8.01,80110.00000000195,1.0,2025-05-04 17:16:34,2025-05-04 17:36:57,20,,WIN,Signaltrade
4222193097,Jump 50 Index,BUY,33915.63,33828.2,-4.37,-874300.0000000029,0.05,2025-05-04 17:21:10,2025-05-04 17:29:00,7,,LOSS,Signaltrade
4222197554,BTCUSD,SELL,95470.25,95470.45,-0.01,-1999.9999999708962,0.05,2025-05-04 17:25:12,2025-05-04 18:11:41,46,,LOSS,Signaltrade
4222202043,Jump 50 Index,BUY,33829.53,33899.65,3.51,701200.0000000262,0.05,2025-05-04 17:29:05,2025-05-04 17:40:32,11,,WIN,Signaltrade
4222213754,Boom 300 Index,SELL,1724.422,1720.59,3.83,38320.00000000108,1.0,2025-05-04 17:38:04,2025-05-04 17:44:56,6,,WIN,Signaltrade
4222220039,Crash 500 Index,BUY,3240.934,3236.315,-0.92,-46190.00000000142,0.2,2025-05-04 17:43:03,2025-05-04 17:49:27,6,,LOSS,Signaltrade
4222221866,Volatility 10 Index,SELL,6260.827,6265.989,-2.58,-51619.999999993524,0.5,2025-05-04 17:45:04,2025-05-04 17:58:44,13,,LOSS,Signaltrade
4222221925,Boom 300 Index,SELL,1719.979,1713.079,6.9,69000.0000000009,1.0,2025-05-04 17:45:06,2025-05-04 17:57:38,12,,WIN,Signaltrade
4222227592,Crash 500 Index,BUY,3236.845,3249.385,2.51,125400.00000000419,0.2,2025-05-04 17:50:03,2025-05-04 18:36:52,46,,WIN,Signaltrade
4222229771,Jump 50 Index,BUY,33957.34,33962.9,0.28,55600.00000004948,0.05,2025-05-04 17:52:07,2025-05-04 17:55:45,3,,WIN,Signaltrade
4222233743,Jump 50 Index,BUY,33948.7,33924.3,-1.22,-243999.9999999418,0.05,2025-05-04 17:56:03,2025-05-04 17:58:03,2,,LOSS,Signaltrade
4222235273,Boom 300 Index,SELL,1712.231,1705.297,6.93,69339.9999999997,1.0,2025-05-04 17:58:03,2025-05-04 18:06:18,8,,WIN,Signaltrade
4222235294,Jump 50 Index,BUY,33934.14,33908.22,-1.3,-259199.99999998254,0.05,2025-05-04 17:58:05,2025-05-04 18:01:20,3,,LOSS,Signaltrade
4222237321,Volatility 10 Index,BUY,6265.905,6259.918,-2.99,-59870.0000000008,0.5,2025-05-04 18:00:02,2025-05-04 18:28:42,28,,LOSS,Signaltrade
4222240238,Jump 50 Index,BUY,33915.77,33892.01,-1.19,-237599.9999999476,0.05,2025-05-04 18:02:03,2025-05-04 18:07:07,5,,LOSS,Signaltrade
4222246705,Crash 1000 Index,SELL,5170.408,5180.942,-2.11,-105339.99999999651,0.2,2025-05-04 18:09:03,2025-05-04 18:56:00,46,,LOSS,Signaltrade
4222246745,Boom 300 Index,SELL,1702.125,1705.99,-3.87,-38650.00000000009,1.0,2025-05-04 18:09:06,2025-05-04 18:11:54,2,,LOSS,Signaltrade
4222246828,Jump 50 Index,BUY,33852.47,33851.51,-0.05,-9599.999999991269,0.05,2025-05-04 18:09:12,2025-05-04 18:14:29,5,,LOSS,Signaltrade
4222247768,Boom 1000 Index,SELL,19460.394,19438.791,4.32,216029.99999999156,0.2,2025-05-04 18:10:21,2025-05-04 18:47:06,36,,WIN,Signaltrade
4222249688,BTCUSD,SELL,95370.75,95372.15,-0.07,-13999.999999941792,0.05,2025-05-04 18:12:35,2025-05-04 18:40:30,27,,LOSS,Signaltrade
4222250124,Boom 300 Index,SELL,1704.573,1697.637,6.9399999999999995,69360.00000000148,1.0,2025-05-04 18:13:05,2025-05-04 18:21:13,8,,WIN,Signaltrade
4222252066,Jump 50 Index,BUY,33873.75,34039.45,8.29,1656999.999999971,0.05,2025-05-04 18:15:02,2025-05-04 18:19:15,4,,WIN,Signaltrade
4222259915,Boom 300 Index,SELL,1695.641,1688.777,6.86,68640.00000000032,1.0,2025-05-04 18:23:03,2025-05-04 18:31:09,8,,WIN,Signaltrade
4222259979,Jump 50 Index,BUY,34026.0,33953.96,-3.6,-720400.0000000087,0.05,2025-05-04 18:23:07,2025-05-04 18:29:46,6,,LOSS,Signaltrade
4222267398,Volatility 10 Index,BUY,6259.471,6257.181,-1.15,-22899.999999999636,0.5,2025-05-04 18:29:24,2025-05-04 18:41:46,12,,LOSS,Signaltrade
4222268093,Jump 50 Index,BUY,33974.51,33951.58,-1.15,-229300.0000000029,0.05,2025-05-04 18:30:03,2025-05-04 18:35:39,5,,LOSS,Signaltrade
4222269938,Boom 300 Index,SELL,1695.394,1688.588,6.8100000000000005,68060.00000000041,1.0,2025-05-04 18:32:05,2025-05-04 18:41:25,9,,WIN,Signaltrade
4222273972,Jump 50 Index,BUY,33955.77,33749.63,-10.31,-2061399.9999999942,0.05,2025-05-04 18:36:07,2025-05-04 18:38:44,2,,LOSS,Signaltrade
4222275120,Crash 500 Index,BUY,3249.762,3244.386,-1.08,-53760.00000000204,0.2,2025-05-04 18:37:06,2025-05-04 18:42:29,5,,LOSS,Signaltrade
4222278513,Jump 50 Index,BUY,33699.13,33688.24,-0.54,-108899.99999999418,0.05,2025-05-04 18:40:07,2025-05-04 18:42:57,2,,LOSS,Signaltrade
4222280221,BTCUSD,SELL,95326.65,95548.443,-11.09,-2217930.000000051,0.05,2025-05-04 18:41:51,2025-05-04 20:33:27,111,,LOSS,Signaltrade
4222486316,Volatility 10 Index,BUY,6266.732,6263.704,-1.51,-30280.000000002474,0.5,2025-05-04 22:09:54,2025-05-04 22:15:26,5,,LOSS,Signaltrade
4222486335,Crash 500 Index,BUY,3250.14,3246.515,-0.73,-36250.0,0.2,2025-05-04 22:09:56,2025-05-04 22:15:31,5,,LOSS,Signaltrade
4222486345,Crash 1000 Index,SELL,5177.349,5180.456,-0.62,-31069.99999999971,0.2,2025-05-04 22:09:58,2025-05-04 23:07:45,57,,LOSS,Signaltrade
4222486453,Boom 300 Index,SELL,1714.659,1721.668,-7.01,-70089.99999999788,1.0,2025-05-04 22:10:00,2025-05-04 22:13:06,3,,LOSS,Signaltrade
4222486566,Boom 1000 Index,SELL,19356.706,19336.447,4.05,202589.99999998196,0.2,2025-05-04 22:10:08,2025-05-04 23:28:21,78,,WIN,Signaltrade
4222486901,Jump 50 Index,BUY,33593.48,33615.82,1.12,223399.99999996508,0.05,2025-05-04 22:10:33,2025-05-04 22:17:16,6,,WIN,Signaltrade
4222487000,Step Index,SELL,8404.8,8402.0,2.8,27999.999999992724,0.1,2025-05-04 22:10:44,2025-05-05 00:04:42,113,,WIN,Signaltrade
4222489821,BTCUSD,BUY,95635.65,95573.871,-3.09,-617789.9999999499,0.05,2025-05-04 22:13:56,2025-05-04 22:59:06,45,,LOSS,Signaltrade
4222489940,Boom 300 Index,SELL,1720.157,1723.934,-3.7800000000000002,-37770.00000000044,1.0,2025-05-04 22:14:04,2025-05-04 22:16:25,2,,LOSS,Signaltrade
4222491734,Volatility 10 Index,BUY,6264.416,6262.694,-0.86,-17219.999999997526,0.5,2025-05-04 22:16:04,2025-05-04 23:08:58,52,,LOSS,Signaltrade
4222492065,Crash 500 Index,BUY,3245.604,3238.313,-1.46,-72909.99999999712,0.2,2025-05-04 22:16:23,2025-05-04 22:21:45,5,,LOSS,Signaltrade
4222493677,Boom 300 Index,SELL,1732.379,1739.007,-6.63,-66280.00000000157,1.0,2025-05-04 22:18:12,2025-05-04 22:22:04,3,,LOSS,Signaltrade
4222498784,Crash 500 Index,BUY,3237.082,3235.28,-0.36,-18019.9999999968,0.2,2025-05-04 22:23:03,2025-05-04 22:31:34,8,,LOSS,Signaltrade
4222498854,Boom 300 Index,SELL,1737.557,1734.41,3.15,31469.999999999345,1.0,2025-05-04 22:23:06,2025-05-04 22:37:50,14,,WIN,Signaltrade
4222505991,Crash 500 Index,BUY,3235.763,3233.574,-0.44,-21889.99999999851,0.2,2025-05-04 22:32:02,2025-05-04 22:43:21,11,,LOSS,Signaltrade
4222506786,Jump 50 Index,BUY,33744.2,33739.8,-0.22,-43999.99999994179,0.05,2025-05-04 22:33:04,2025-05-04 22:39:06,6,,LOSS,Signaltrade
4222510333,Boom 300 Index,SELL,1733.801,1734.723,-0.92,-9220.000000000255,1.0,2025-05-04 22:38:02,2025-05-04 22:44:25,6,,LOSS,Signaltrade
4222512109,Jump 50 Index,BUY,33746.76,33714.88,-1.5899999999999999,-318800.00000004657,0.05,2025-05-04 22:40:03,2025-05-04 22:41:44,1,,LOSS,Signaltrade
4222513903,Jump 50 Index,BUY,33718.52,33665.8,-2.64,-527199.9999999389,0.05,2025-05-04 22:42:02,2025-05-04 22:54:49,12,,LOSS,Signaltrade
4222515601,Crash 500 Index,BUY,3234.13,3235.017,0.18,8869.999999997162,0.2,2025-05-04 22:44:01,2025-05-04 23:13:54,29,,WIN,Signaltrade
4222519567,Boom 300 Index,SELL,1740.409,1745.666,-5.26,-52569.99999999834,1.0,2025-05-04 22:49:03,2025-05-04 22:49:48,0,,LOSS,Signaltrade
4222521000,Boom 300 Index,SELL,1744.407,1750.984,-6.58,-65769.99999999999,1.0,2025-05-04 22:50:45,2025-05-04 22:52:46,2,,LOSS,Signaltrade
4222522515,Boom 300 Index,SELL,1750.247,1752.277,-2.03,-20299.999999999727,1.0,2025-05-04 22:53:04,2025-05-04 22:57:07,4,,LOSS,Signaltrade
4222524145,Jump 50 Index,BUY,33673.03,33628.86,-2.21,-441699.99999998254,0.05,2025-05-04 22:55:30,2025-05-04 22:56:01,0,,LOSS,BullishreversalH
4222524172,Range Break 200 Index,BUY,82358.6,82334.3,-1.22,-243000.0000000291,0.05,2025-05-04 22:55:32,2025-05-05 00:04:42,69,,LOSS,BullishreversalH
4222524547,Jump 50 Index,BUY,33635.93,33779.95,7.2,1440199.9999999679,0.05,2025-05-04 22:56:05,2025-05-04 23:23:24,27,,WIN,Signaltrade
4222526906,BTCUSD,BUY,95649.65,95432.85,-10.84,-2167999.9999998836,0.05,2025-05-04 23:00:03,2025-05-04 23:02:50,2,,LOSS,Signaltrade
4222529284,BTCUSD,BUY,95446.75,95206.65,-12.01,-2401000.000000058,0.05,2025-05-04 23:03:01,2025-05-04 23:03:52,0,,LOSS,Signaltrade
4222531205,BTCUSD,BUY,95076.423,95035.45,-2.05,-409729.9999999814,0.05,2025-05-04 23:05:06,2025-05-04 23:05:44,0,,LOSS,Signaltrade
4222532406,BTCUSD,BUY,95098.15,95170.814,3.63,726640.0000000431,0.05,2025-05-04 23:06:27,2025-05-04 23:09:01,2,,WIN,Signaltrade
4222533508,Crash 1000 Index,SELL,5180.264,5188.374,-1.62,-81099.99999999673,0.2,2025-05-04 23:08:01,2025-05-05 00:04:42,56,,LOSS,Signaltrade
4222533547,XAUUSD,SELL,3240.6,3241.55,-4.75,-9500.000000002728,0.05,2025-05-04 23:08:04,2025-05-04 23:17:07,9,,LOSS,Signaltrade
4222534491,Volatility 10 Index,BUY,6263.0,6268.778,2.89,57780.000000002474,0.5,2025-05-04 23:09:04,2025-05-05 00:04:42,55,,WIN,Signaltrade
4222536446,Boom 300 Index,BUY,1759.671,1763.592,3.92,39210.000000000495,1.0,2025-05-04 23:11:38,2025-05-04 23:13:53,2,,WIN,Signaltrade
4222537501,BTCUSD,SELL,95159.95,95228.999,-3.45,-690489.9999999907,0.05,2025-05-04 23:13:09,2025-05-04 23:16:46,3,,LOSS,BearishreversalS
4222538173,Crash 500 Index,BUY,3235.357,3232.652,-0.54,-27049.999999999272,0.2,2025-05-04 23:14:02,2025-05-04 23:27:41,13,,LOSS,Signaltrade
4222538923,Boom 300 Index,BUY,1763.072,1759.376,-3.7,-36959.99999999913,1.0,2025-05-04 23:15:03,2025-05-04 23:18:33,3,,LOSS,Signaltrade
4222541915,XAUUSD,SELL,3240.63,3243.16,-12.65,-25299.999999997453,0.05,2025-05-04 23:18:03,2025-05-04 23:40:26,22,,LOSS,Signaltrade
4222542588,Boom 300 Index,BUY,1759.362,1755.702,-3.66,-36600.000000000815,1.0,2025-05-04 23:19:03,2025-05-04 23:25:28,6,,LOSS,Signaltrade
4222545583,BTCUSD,BUY,95209.85,95139.952,-3.49,-698980.0000000105,0.05,2025-05-04 23:23:21,2025-05-04 23:29:06,5,,LOSS,Signaltrade
4222546083,Jump 50 Index,BUY,33773.84,33740.69,-1.6600000000000001,-331499.9999999418,0.05,2025-05-04 23:24:06,2025-05-04 23:25:35,1,,LOSS,Signaltrade
4222547955,Jump 50 Index,BUY,33729.35,33642.1,-4.36,-872500.0,0.05,2025-05-04 23:26:28,2025-05-04 23:31:55,5,,LOSS,Signaltrade
4222549365,Crash 500 Index,BUY,3233.075,3230.301,-0.55,-27739.999999998872,0.2,2025-05-04 23:28:03,2025-05-04 23:31:27,3,,LOSS,Signaltrade
4222549379,Boom 300 Index,BUY,1757.352,1761.524,4.17,41719.99999999798,1.0,2025-05-04 23:28:05,2025-05-04 23:30:57,2,,WIN,Signaltrade
4222550401,Boom 1000 Index,SELL,19333.536,19318.017,3.1,155190.00000000233,0.2,2025-05-04 23:29:05,2025-05-05 00:04:42,35,,WIN,Signaltrade
4222552665,Boom 300 Index,BUY,1761.829,1765.828,4.0,39990.00000000023,1.0,2025-05-04 23:31:06,2025-05-04 23:35:41,4,,WIN,Signaltrade
4222553363,Crash 500 Index,BUY,3230.806,3229.406,-0.28,-14000.00000000091,0.2,2025-05-04 23:32:03,2025-05-04 23:43:38,11,,LOSS,Signaltrade
4222553413,Jump 50 Index,BUY,33646.73,33621.95,-1.24,-247800.00000006112,0.05,2025-05-04 23:32:07,2025-05-04 23:33:27,1,,LOSS,Signaltrade
4222555820,Jump 50 Index,BUY,33642.34,33766.98,6.23,1246400.000000067,0.05,2025-05-04 23:35:05,2025-05-04 23:42:12,7,,WIN,Signaltrade
4222557944,Boom 300 Index,BUY,1763.88,1760.241,-3.64,-36390.00000000124,1.0,2025-05-04 23:38:06,2025-05-04 23:45:42,7,,LOSS,Signaltrade
4222562410,Crash 500 Index,BUY,3229.853,3231.335,0.3,14819.999999999709,0.2,2025-05-04 23:44:03,2025-05-05 00:04:42,20,,WIN,Signaltrade
4222562962,Jump 50 Index,BUY,33732.58,33682.01,-2.5300000000000002,-505699.9999999971,0.05,2025-05-04 23:44:30,2025-05-04 23:46:25,1,,LOSS,Signaltrade
4222564194,Boom 300 Index,BUY,1760.343,1760.342,-0.0,-9.999999999763531,1.0,2025-05-04 23:46:03,2025-05-04 23:49:16,3,,LOSS,Signaltrade
4222565329,Jump 50 Index,BUY,33714.01,33692.44,-1.08,-215699.9999999971,0.05,2025-05-04 23:47:06,2025-05-05 00:04:42,17,,LOSS,Signaltrade
4222576202,XAUUSD,SELL,3239.75,3241.69,-9.7,-19400.000000000546,0.05,2025-05-04 23:59:01,2025-05-05 00:04:41,5,,LOSS,Signaltrade
4222577233,BTCUSD,SELL,94874.25,94851.75,1.13,225000.0,0.05,2025-05-05 00:00:03,2025-05-05 00:04:41,4,,WIN,Signaltrade
4222581133,Volatility 10 Index,BUY,6268.247,6267.924,-0.16,-3230.0000000032014,0.5,2025-05-05 00:05:02,2025-05-05 01:10:38,65,,LOSS,Signaltrade
4222581160,Crash 1000 Index,SELL,5188.256,5188.267,-0.0,-109.99999999512511,0.2,2025-05-05 00:05:04,2025-05-05 02:08:53,123,,LOSS,Signaltrade
4222581181,XAUUSD,SELL,3241.56,3248.16,-33.0,-65999.9999999991,0.05,2025-05-05 00:05:04,2025-05-05 00:34:45,29,,LOSS,Signaltrade
4222581183,Boom 1000 Index,SELL,19315.644,19337.204,-4.31,-215600.0000000131,0.2,2025-05-05 00:05:06,2025-05-05 01:07:05,61,,LOSS,Signaltrade
4222581203,Jump 50 Index,BUY,33685.95,33614.64,-3.57,-713099.9999999767,0.05,2025-05-05 00:05:07,2025-05-05 00:14:08,9,,LOSS,Signaltrade
4222616423,Crash 500 Index,BUY,3235.036,3244.082,1.81,90459.99999999822,0.2,2025-05-05 00:54:45,2025-05-05 01:37:28,42,,WIN,Signaltrade
4222616450,XAUUSD,BUY,3252.36,3249.83,-12.65,-25300.000000002,0.05,2025-05-05 00:54:49,2025-05-05 00:55:15,0,,LOSS,Signaltrade
4222616463,Jump 50 Index,BUY,33809.36,33793.93,-0.77,-154300.0000000029,0.05,2025-05-05 00:54:51,2025-05-05 00:56:25,1,,LOSS,Signaltrade
4222616470,Step Index,SELL,8394.8,8393.1,1.7,16999.999999989086,0.1,2025-05-05 00:54:52,2025-05-05 05:38:53,284,,WIN,Signaltrade
4222616660,BTCUSD,SELL,94256.85,94312.85,-2.8,-560000.0,0.05,2025-05-05 00:55:01,2025-05-05 01:01:29,6,,LOSS,BearishreversalS
4222616824,Range Break 200 Index,SELL,82323.3,82005.6,15.89,3176999.999999971,0.05,2025-05-05 00:55:17,2025-05-05 03:30:54,155,,WIN,BearishreversalE
4222617337,XAUUSD,BUY,3250.32,3247.3,-15.1,-30199.999999999818,0.05,2025-05-05 00:56:02,2025-05-05 00:58:03,2,,LOSS,Signaltrade
4222617820,Jump 50 Index,BUY,33786.17,33788.06,0.09,18899.99999999418,0.05,2025-05-05 00:57:04,2025-05-05 00:59:09,2,,WIN,Signaltrade
4222618612,XAUUSD,BUY,3247.59,3245.1,-12.45,-24900.000000002365,0.05,2025-05-05 00:58:04,2025-05-05 01:02:38,4,,LOSS,Signaltrade
4222620087,Jump 50 Index,BUY,33804.15,33776.19,-1.4,-279599.99999999127,0.05,2025-05-05 01:00:07,2025-05-05 01:03:53,3,,LOSS,Signaltrade
4222622141,BTCUSD,SELL,94288.75,94291.693,-0.15,-29429.999999993015,0.05,2025-05-05 01:02:30,2025-05-05 01:06:04,3,,LOSS,Signaltrade
4222622179,Boom 300 Index,BUY,1759.637,1759.603,-0.03,-339.9999999987813,1.0,2025-05-05 01:02:36,2025-05-05 01:06:40,4,,LOSS,BullishreversalB
4222622246,XAUUSD,SELL,3245.15,3245.21,-0.3,-599.9999999994543,0.05,2025-05-05 01:02:40,2025-05-05 01:46:34,43,,LOSS,BearishreversalS
4222624519,Jump 50 Index,BUY,33819.52,33799.22,-1.02,-202999.99999995634,0.05,2025-05-05 01:06:05,2025-05-05 01:07:50,1,,LOSS,Signaltrade
4222624606,BTCUSD,SELL,94245.15,94468.75,-11.18,-2236000.000000058,0.05,2025-05-05 01:06:13,2025-05-05 01:13:04,6,,LOSS,Signaltrade
4222625047,Boom 300 Index,BUY,1759.719,1755.976,-3.74,-37429.99999999938,1.0,2025-05-05 01:07:04,2025-05-05 01:10:35,3,,LOSS,Signaltrade
4222625619,Boom 1000 Index,SELL,19334.156,19369.607,-7.09,-354510.0000000093,0.2,2025-05-05 01:08:06,2025-05-05 01:10:00,1,,LOSS,Signaltrade
4222625660,Jump 50 Index,BUY,33792.31,33761.47,-1.54,-308399.9999999651,0.05,2025-05-05 01:08:08,2025-05-05 01:11:38,3,,LOSS,Signaltrade
4222626624,Boom 1000 Index,SELL,19367.618,19288.92,15.74,786980.0000000033,0.2,2025-05-05 01:10:05,2025-05-05 02:28:47,78,,WIN,Signaltrade
4222627227,Volatility 10 Index,BUY,6268.057,6269.896,0.92,18389.999999999418,0.5,2025-05-05 01:11:04,2025-05-05 02:08:36,57,,WIN,Signaltrade
4222627279,Boom 300 Index,BUY,1755.986,1752.309,-3.68,-36770.000000001346,1.0,2025-05-05 01:11:06,2025-05-05 01:17:57,6,,LOSS,Signaltrade
4222629894,BTCUSD,SELL,94385.65,94548.85,-8.16,-1632000.0000001164,0.05,2025-05-05 01:15:25,2025-05-05 01:16:44,1,,LOSS,BearishreversalS
4222631734,BTCUSD,SELL,94422.65,94680.45,-12.89,-2578000.000000029,0.05,2025-05-05 01:18:39,2025-05-05 01:28:21,9,,LOSS,Signaltrade
4222634380,Boom 300 Index,BUY,1762.849,1762.812,-0.04,-370.0000000003456,1.0,2025-05-05 01:23:55,2025-05-05 01:32:33,8,,LOSS,Signaltrade
4222634520,Jump 50 Index,BUY,33761.15,33895.81,6.73,1346599.9999999623,0.05,2025-05-05 01:24:09,2025-05-05 01:25:48,1,,WIN,BullishreversalH
4222637060,BTCUSD,SELL,94618.15,94675.35,-2.86,-572000.0000001164,0.05,2025-05-05 01:29:12,2025-05-05 02:01:24,32,,LOSS,Signaltrade
4222644111,Crash 500 Index,BUY,3246.947,3244.448,-0.5,-24990.00000000251,0.2,2025-05-05 01:44:04,2025-05-05 01:59:29,15,,LOSS,Signaltrade
4222646161,Jump 50 Index,BUY,34138.47,34107.16,-1.5699999999999998,-313099.9999999767,0.05,2025-05-05 01:48:08,2025-05-05 01:49:34,1,,LOSS,Signaltrade
4222647406,Jump 50 Index,BUY,34159.87,34095.45,-3.22,-644200.0000000553,0.05,2025-05-05 01:50:07,2025-05-05 01:51:04,0,,LOSS,Signaltrade
4222654738,Crash 500 Index,BUY,3244.975,3243.498,-0.3,-14769.999999998618,0.2,2025-05-05 02:00:04,2025-05-05 02:41:10,41,,LOSS,Signaltrade
4222654792,XAUUSD,BUY,3247.38,3256.78,47.0,94000.0000000009,0.05,2025-05-05 02:00:07,2025-05-05 02:17:51,17,,WIN,Signaltrade
4222660278,Jump 50 Index,BUY,34112.81,34153.83,2.05,410200.00000004075,0.05,2025-05-05 02:07:05,2025-05-05 02:20:35,13,,WIN,Signaltrade
4222666859,BTCUSD,SELL,94423.45,94043.15,19.02,3803000.000000029,0.05,2025-05-05 02:16:19,2025-05-05 02:30:58,14,,WIN,Signaltrade
4222667193,Volatility 10 Index,BUY,6270.241,6270.339,0.05,979.9999999995634,0.5,2025-05-05 02:17:04,2025-05-05 03:42:40,85,,WIN,Signaltrade
4222668902,XAUUSD,BUY,3260.33,3267.57,36.2,72400.00000000236,0.05,2025-05-05 02:19:12,2025-05-05 02:35:35,16,,WIN,Signaltrade
4222670569,Jump 50 Index,BUY,34149.61,34126.72,-1.1400000000000001,-228899.99999999418,0.05,2025-05-05 02:21:04,2025-05-05 02:22:27,1,,LOSS,Signaltrade
4222673358,Jump 50 Index,BUY,34106.04,34078.9,-1.3599999999999999,-271399.9999999942,0.05,2025-05-05 02:25:04,2025-05-05 02:28:42,3,,LOSS,Signaltrade
4222678931,Jump 50 Index,BUY,34066.24,33989.4,-3.84,-768399.9999999651,0.05,2025-05-05 02:32:07,2025-05-05 02:42:47,10,,LOSS,Signaltrade
4222683550,BTCUSD,SELL,93980.25,93981.75,-0.08,-15000.0,0.05,2025-05-05 02:39:08,2025-05-05 02:44:12,5,,LOSS,Signaltrade
4222684957,XAUUSD,BUY,3264.07,3263.19,-4.4,-8800.000000001091,0.05,2025-05-05 02:42:01,2025-05-05 03:03:14,21,,LOSS,Signaltrade
4222685408,Crash 500 Index,BUY,3244.529,3241.268,-0.65,-32609.999999999673,0.2,2025-05-05 02:43:04,2025-05-05 03:17:26,34,,LOSS,Signaltrade
4222686565,Jump 50 Index,BUY,33991.07,33956.61,-1.72,-344599.99999999127,0.05,2025-05-05 02:45:04,2025-05-05 02:48:26,3,,LOSS,Signaltrade
4222687923,BTCUSD,SELL,93890.55,93943.914,-2.67,-533640.000000014,0.05,2025-05-05 02:48:03,2025-05-05 02:51:23,3,,LOSS,Signaltrade
4222689686,Jump 50 Index,BUY,33963.92,33945.25,-0.93,-186699.99999998254,0.05,2025-05-05 02:52:04,2025-05-05 02:57:10,5,,LOSS,Signaltrade
4222693957,Boom 1000 Index,SELL,19248.397,19239.523,1.77,88739.99999999796,0.2,2025-05-05 03:02:03,2025-05-05 03:58:13,56,,WIN,Signaltrade
4222700180,BTCUSD,SELL,93760.35,93984.75,-11.22,-2243999.999999942,0.05,2025-05-05 03:13:07,2025-05-05 03:14:13,1,,LOSS,Signaltrade
4222702759,Jump 50 Index,BUY,33846.38,33765.04,-4.07,-813399.9999999651,0.05,2025-05-05 03:17:04,2025-05-05 03:18:56,1,,LOSS,Signaltrade
4222705354,Jump 50 Index,BUY,33819.89,33744.59,-3.77,-753000.0000000291,0.05,2025-05-05 03:21:04,2025-05-05 03:30:45,9,,LOSS,Signaltrade
4222707188,Crash 500 Index,BUY,3244.137,3241.284,-0.57,-28530.000000000655,0.2,2025-05-05 03:24:03,2025-05-05 03:29:21,5,,LOSS,Signaltrade
4222707794,BTCUSD,SELL,94122.55,94346.75,-11.21,-2241999.999999971,0.05,2025-05-05 03:25:02,2025-05-05 03:31:30,6,,LOSS,Signaltrade
4222710717,Crash 500 Index,BUY,3240.214,3247.512,1.46,72980.0000000023,0.2,2025-05-05 03:30:03,2025-05-05 04:00:27,30,,WIN,Signaltrade
4222710788,XAUUSD,BUY,3266.27,3266.29,0.1,199.9999999998181,0.05,2025-05-05 03:30:04,2025-05-05 04:06:56,36,,WIN,Signaltrade
4222718210,BTCUSD,SELL,94248.05,94326.05,-3.9,-780000.0,0.05,2025-05-05 03:42:07,2025-05-05 03:47:30,5,,LOSS,Signaltrade
4222718733,Jump 50 Index,BUY,33657.35,33735.19,3.89,778400.0000000378,0.05,2025-05-05 03:43:06,2025-05-05 03:57:09,14,,WIN,Signaltrade
4222723106,BTCUSD,SELL,94258.25,94264.537,-0.31,-62869.99999996624,0.05,2025-05-05 03:50:16,2025-05-05 04:02:46,12,,LOSS,Signaltrade
4222724053,Volatility 10 Index,BUY,6268.977,6262.767,-3.11,-62100.000000000364,0.5,2025-05-05 03:52:04,2025-05-05 04:09:46,17,,LOSS,Signaltrade
4222727628,Jump 50 Index,SELL,33696.43,33744.27,-2.39,-478399.9999999651,0.05,2025-05-05 03:58:08,2025-05-05 03:59:01,0,,LOSS,Bearishbreakdown
4222729558,Crash 500 Index,BUY,3248.087,3245.69,-0.48,-23969.999999999345,0.2,2025-05-05 04:01:03,2025-05-05 04:04:56,3,,LOSS,Signaltrade
4222732272,Crash 500 Index,BUY,3246.046,3249.114,0.61,30680.00000000211,0.2,2025-05-05 04:05:03,2025-05-05 04:26:58,21,,WIN,Signaltrade
4222732787,BTCUSD,SELL,94120.15,94184.75,-3.23,-646000.0000000582,0.05,2025-05-05 04:06:06,2025-05-05 04:14:19,8,,LOSS,Signaltrade
4222737949,Volatility 10 Index,BUY,6261.03,6257.102,-1.96,-39279.999999998836,0.5,2025-05-05 04:14:04,2025-05-05 05:12:42,58,,LOSS,Signaltrade
4222758553,Boom 1000 Index,SELL,19265.705,19290.044,-4.87,-243389.99999999942,0.2,2025-05-05 04:52:05,2025-05-05 04:55:19,3,,LOSS,Bearishbreakdown
4222763600,Boom 300 Index,SELL,1747.942,1749.892,-1.95,-19500.000000000455,1.0,2025-05-05 05:01:06,2025-05-05 05:03:43,2,,LOSS,Bearishbreakdown
4222766992,Boom 300 Index,SELL,1746.49,1751.98,-5.49,-54900.00000000009,1.0,2025-05-05 05:07:04,2025-05-05 05:08:53,1,,LOSS,Bearishbreakdown
4222772545,Volatility 10 Index,BUY,6258.089,6259.859,0.89,17700.000000004366,0.5,2025-05-05 05:15:04,2025-05-05 05:20:32,5,,WIN,Bullishbreakouta
4222776259,Volatility 10 Index,BUY,6261.001,6261.855,0.43,8539.999999993597,0.5,2025-05-05 05:21:02,2025-05-05 05:32:46,11,,WIN,Bullishbreakouta
4222803762,Volatility 10 Index,BUY,6258.086,6256.849,-0.62,-12370.0000000008,0.5,2025-05-05 05:54:04,2025-05-05 05:55:46,1,,LOSS,Bullishbreakouta
4222807780,Volatility 10 Index,BUY,6260.362,6261.171,0.4,8090.0000000019645,0.5,2025-05-05 06:00:04,2025-05-05 06:02:12,2,,WIN,Bullishbreakouta
4222810996,Volatility 10 Index,BUY,6262.062,6263.044,0.49,9819.999999999709,0.5,2025-05-05 06:04:04,2025-05-05 06:08:16,4,,WIN,Bullishbreakouta
4222815004,Volatility 10 Index,BUY,6262.439,6261.108,-0.67,-13310.00000000131,0.5,2025-05-05 06:09:04,2025-05-05 06:10:04,1,,LOSS,Bullishbreakouta
4222824426,Volatility 10 Index,BUY,6258.464,6259.346,0.44,8819.999999996071,0.5,2025-05-05 06:21:04,2025-05-05 06:23:08,2,,WIN,Bullishbreakouta
4222828248,Volatility 10 Index,BUY,6258.964,6259.71,0.37,7460.000000000946,0.5,2025-05-05 06:27:04,2025-05-05 06:27:18,0,,WIN,Bullishbreakouta
4222828825,Jump 50 Index,SELL,33592.15,33598.12,-0.3,-59700.00000001164,0.05,2025-05-05 06:28:07,2025-05-05 06:33:01,4,,LOSS,BearishreversalS
4222834481,Jump 50 Index,SELL,33543.57,33514.86,1.44,287099.99999999127,0.05,2025-05-05 06:34:04,2025-05-05 06:36:47,2,,WIN,BearishreversalS
4222835700,Volatility 10 Index,BUY,6258.444,6260.172,0.86,17279.99999999156,0.5,2025-05-05 06:36:04,2025-05-05 06:37:30,1,,WIN,Bullishbreakouta
4222848070,Volatility 10 Index,BUY,6263.727,6265.828,1.05,21010.000000005675,0.5,2025-05-05 06:49:02,2025-05-05 06:52:44,3,,WIN,Bullishbreakouta
4222854533,Volatility 10 Index,BUY,6262.703,6264.547,0.92,18439.999999991414,0.5,2025-05-05 06:56:04,2025-05-05 06:57:46,1,,WIN,Bullishbreakouta
4222856487,Volatility 10 Index,BUY,6264.334,6262.149,-1.09,-21849.999999994907,0.5,2025-05-05 06:58:04,2025-05-05 06:59:44,1,,LOSS,Bullishbreakouta
4222860551,Volatility 10 Index,BUY,6263.921,6262.516,-0.7,-14050.000000006548,0.5,2025-05-05 07:02:04,2025-05-05 07:10:00,7,,LOSS,Bullishbreakouta
4222868582,Volatility 10 Index,BUY,6263.442,6262.578,-0.43,-8639.99999999578,0.5,2025-05-05 07:11:04,2025-05-05 07:11:56,0,,LOSS,Bullishbreakouta
4222872701,Volatility 10 Index,BUY,6263.027,6264.957,0.97,19300.00000000291,0.5,2025-05-05 07:15:04,2025-05-05 07:16:44,1,,WIN,Bullishbreakouta
4222895008,Volatility 10 Index,BUY,6258.351,6259.77,0.71,14190.000000007785,0.5,2025-05-05 07:40:02,2025-05-05 07:45:48,5,,WIN,Bullishbreakouta
4222929671,BTCUSD,SELL,94481.25,94579.75,-4.93,-985000.0,0.05,2025-05-05 08:17:10,2025-05-05 08:18:06,0,,LOSS,Bearishbreakdown
4222939165,BTCUSD,SELL,94445.05,94571.769,-6.34,-1267189.9999999732,0.05,2025-05-05 08:27:06,2025-05-05 08:30:41,3,,LOSS,Bearishbreakdown
4222942547,Volatility 10 Index,BUY,6257.151,6256.627,-0.26,-5239.999999994325,0.5,2025-05-05 08:31:04,2025-05-05 08:34:04,3,,LOSS,Bullishbreakouta
4223048926,Boom 1000 Index,SELL,19197.503,19194.871,0.53,26320.00000001426,0.2,2025-05-05 10:05:06,2025-05-05 10:09:00,3,,WIN,Bearishbreakdown
4223081641,Jump 50 Index,SELL,33573.99,33579.84,-0.29,-58499.99999998545,0.05,2025-05-05 10:30:35,2025-05-05 10:37:26,6,,LOSS,BearishreversalB
4223104240,Jump 50 Index,SELL,33581.16,33528.88,2.61,522800.0000000611,0.05,2025-05-05 10:52:06,2025-05-05 10:54:34,2,,WIN,BearishreversalS
4223171375,BTCUSD,SELL,94002.25,94086.622,-4.22,-843720.0000000303,0.05,2025-05-05 11:51:19,2025-05-05 11:54:08,2,,LOSS,Bearishbreakdown
4223176393,BTCUSD,SELL,94056.85,94161.65,-5.24,-1047999.9999998836,0.05,2025-05-05 11:55:14,2025-05-05 12:02:32,7,,LOSS,Bearishbreakdown
4223208827,Volatility 10 Index,SELL,6263.152,6258.784,2.18,43680.00000000393,0.5,2025-05-05 12:23:02,2025-05-05 12:35:08,12,,WIN,Signaltrade
4223208877,Crash 500 Index,BUY,3287.266,3300.519,2.65,132529.99999999703,0.2,2025-05-05 12:23:05,2025-05-05 13:17:16,54,,WIN,Signaltrade
4223208892,Crash 1000 Index,BUY,5203.64,5199.344,-0.86,-42960.000000002765,0.2,2025-05-05 12:23:06,2025-05-05 12:33:39,10,,LOSS,Signaltrade
4223208958,Range Break 200 Index,SELL,82107.3,82297.6,-9.52,-1903000.000000029,0.05,2025-05-05 12:23:08,2025-05-05 16:13:18,230,,LOSS,Signaltrade
4223209001,BTCUSD,SELL,94091.463,94093.658,-0.11,-21949.99999992433,0.05,2025-05-05 12:23:12,2025-05-05 12:54:31,31,,LOSS,Signaltrade
4223222007,Crash 1000 Index,BUY,5199.733,5201.593,0.37,18599.999999996726,0.2,2025-05-05 12:34:03,2025-05-05 13:02:30,28,,WIN,Signaltrade
4223224439,Step Index,BUY,8417.8,8433.4,15.6,156000.00000000364,0.1,2025-05-05 12:36:04,2025-05-05 17:04:36,268,,WIN,Signaltrade
4223227106,XAUUSD,BUY,3313.67,3311.41,-11.3,-22600.000000002183,0.05,2025-05-05 12:38:02,2025-05-05 12:46:21,8,,LOSS,Signaltrade
4223249722,Jump 50 Index,SELL,33314.82,33252.97,3.09,618499.9999999854,0.05,2025-05-05 12:59:25,2025-05-05 13:07:35,8,,WIN,Bearishbreakdown
4223260777,Jump 50 Index,SELL,33219.94,33219.68,0.01,2600.0000000203727,0.05,2025-05-05 13:08:07,2025-05-05 13:11:01,2,,WIN,Bearishbreakdown
4223267260,Jump 50 Index,SELL,33169.27,33202.82,-1.6800000000000002,-335500.0000000291,0.05,2025-05-05 13:13:15,2025-05-05 13:14:56,1,,LOSS,Bearishbreakdown
4223293821,BTCUSD,SELL,94184.842,94286.358,-5.08,-1015159.9999998871,0.05,2025-05-05 13:36:54,2025-05-05 13:37:27,0,,LOSS,Bearishbreakdown
4223318328,Jump 50 Index,SELL,33035.71,32997.79,1.9,379199.99999998254,0.05,2025-05-05 13:56:21,2025-05-05 13:58:16,1,,WIN,BearishreversalE
4223321397,Jump 50 Index,SELL,32962.4,32943.46,0.95,189400.00000002328,0.05,2025-05-05 13:58:43,2025-05-05 14:02:12,3,,WIN,BearishreversalE
4223331691,Jump 50 Index,SELL,32987.47,33008.55,-1.05,-210800.00000001746,0.05,2025-05-05 14:07:12,2025-05-05 14:10:35,3,,LOSS,Bearishbreakdown
4223465139,Crash 1000 Index,BUY,5196.762,5184.387,-2.48,-123750.0,0.2,2025-05-05 15:43:12,2025-05-05 15:44:24,1,,LOSS,Bullishbreakouta
4223519624,BTCUSD,SELL,93774.542,93862.858,-4.42,-883159.9999999162,0.05,2025-05-05 16:29:03,2025-05-05 16:41:12,12,,LOSS,Signaltrade
4223529873,XAUUSD,BUY,3316.61,3314.28,-11.65,-23299.999999999272,0.05,2025-05-05 16:39:02,2025-05-05 16:48:38,9,,LOSS,Signaltrade
4223534413,Range Break 200 Index,BUY,82270.6,82265.3,-0.27,-53000.000000029104,0.05,2025-05-05 16:44:03,2025-05-05 18:25:12,101,,LOSS,Signaltrade
4223542681,Boom 300 Index,BUY,1875.758,1867.835,-7.92,-79230.00000000001,1.0,2025-05-05 16:52:03,2025-05-05 17:00:04,8,,LOSS,Signaltrade
4223542727,BTCUSD,SELL,93596.942,93837.548,-12.03,-2406059.9999999977,0.05,2025-05-05 16:52:07,2025-05-05 17:01:42,9,,LOSS,Signaltrade
4223544606,XAUUSD,BUY,3314.27,3307.44,-34.15,-68299.99999999927,0.05,2025-05-05 16:54:02,2025-05-05 17:08:21,14,,LOSS,Signaltrade
4223545790,Crash 500 Index,BUY,3304.055,3301.507,-0.51,-25479.999999997744,0.2,2025-05-05 16:55:03,2025-05-05 16:58:04,3,,LOSS,Signaltrade
4223554871,Crash 500 Index,BUY,3297.403,3302.231,0.97,48280.00000000429,0.2,2025-05-05 17:02:16,2025-05-05 17:30:11,27,,WIN,Signaltrade
4223560281,Step Index,BUY,8434.2,8438.6,4.4,43999.99999999636,0.1,2025-05-05 17:07:04,2025-05-05 18:25:12,78,,WIN,Signaltrade
4223563822,XAUUSD,BUY,3306.33,3310.07,18.7,37400.000000002365,0.05,2025-05-05 17:09:01,2025-05-05 17:55:22,46,,WIN,Signaltrade
4223590633,Crash 500 Index,BUY,3302.89,3293.799,-1.8199999999999998,-90909.99999999895,0.2,2025-05-05 17:31:03,2025-05-05 17:38:34,7,,LOSS,Signaltrade
4223601231,Volatility 10 Index,BUY,6273.458,6267.225,-3.12,-62329.99999999265,0.5,2025-05-05 17:39:16,2025-05-05 17:59:10,19,,LOSS,Signaltrade
4223604053,Crash 500 Index,BUY,3295.476,3291.639,-0.77,-38369.99999999989,0.2,2025-05-05 17:42:03,2025-05-05 17:48:16,6,,LOSS,Signaltrade
4223613995,Crash 500 Index,BUY,3292.663,3293.387,0.14,7240.000000001601,0.2,2025-05-05 17:50:02,2025-05-05 18:11:32,21,,WIN,Signaltrade
4223628721,Volatility 10 Index,BUY,6267.461,6268.972,0.76,15109.999999995125,0.5,2025-05-05 18:01:04,2025-05-05 18:25:12,24,,WIN,Signaltrade
4223640611,Crash 500 Index,BUY,3293.903,3283.848,-2.01,-100549.99999999837,0.2,2025-05-05 18:12:04,2025-05-05 18:24:14,12,,LOSS,Signaltrade
4223641415,XAUUSD,BUY,3311.23,3313.39,10.8,21599.999999998545,0.05,2025-05-05 18:13:07,2025-05-05 18:25:11,12,,WIN,Signaltrade
4223647573,Boom 300 Index,BUY,1885.01,1877.771,-7.24,-72390.00000000032,1.0,2025-05-05 18:18:49,2025-05-05 18:25:12,6,,LOSS,Signaltrade
4223655024,Crash 500 Index,BUY,3284.609,3283.862,-0.15,-7469.999999998436,0.2,2025-05-05 18:25:29,2025-05-05 18:44:16,18,,LOSS,Signaltrade
4223655725,Step Index,BUY,8440.3,8438.9,-1.4,-13999.999999996362,0.1,2025-05-05 18:26:05,2025-05-05 19:25:13,59,,LOSS,Signaltrade
4223655806,BTCUSD,SELL,94268.942,94508.317,-11.97,-2393750.0,0.05,2025-05-05 18:26:08,2025-05-05 18:39:20,13,,LOSS,Signaltrade
4223658195,Volatility 10 Index,BUY,6270.608,6265.02,-2.79,-55879.99999999738,0.5,2025-05-05 18:28:10,2025-05-05 21:26:10,178,,LOSS,Signaltrade
4223671822,XAUUSD,SELL,3313.22,3315.8,-12.9,-25800.00000000382,0.05,2025-05-05 18:39:31,2025-05-05 18:50:53,11,,LOSS,Signaltrade
4223671871,BTCUSD,BUY,94618.158,94533.642,-4.23,-845159.9999998871,0.05,2025-05-05 18:39:34,2025-05-05 19:21:26,41,,LOSS,Signaltrade
4223675058,Jump 50 Index,BUY,33189.79,33161.6,-1.41,-281900.0000000233,0.05,2025-05-05 18:42:41,2025-05-05 18:46:14,3,,LOSS,Signaltrade
4223679803,Jump 50 Index,BUY,33213.42,33179.96,-1.67,-334599.99999999127,0.05,2025-05-05 18:47:05,2025-05-05 18:51:54,4,,LOSS,Signaltrade
4223686666,XAUUSD,BUY,3315.1,3314.68,-2.1,-4200.000000000728,0.05,2025-05-05 18:53:02,2025-05-05 19:03:11,10,,LOSS,Signaltrade
4223697624,Range Break 200 Index,BUY,82137.6,82139.3,0.09,16999.999999970896,0.05,2025-05-05 19:03:05,2025-05-06 01:14:29,371,,WIN,Signaltrade
4223700799,XAUUSD,BUY,3315.09,3328.47,66.9,133799.99999999654,0.05,2025-05-05 19:06:06,2025-05-05 20:20:34,74,,WIN,Signaltrade
4223705945,Boom 1000 Index,SELL,19173.423,19188.004,-2.92,-145810.0000000195,0.2,2025-05-05 19:10:34,2025-05-05 20:42:35,92,,LOSS,Signaltrade
4223706449,Boom 300 Index,SELL,1852.674,1860.92,-8.25,-82460.00000000095,1.0,2025-05-05 19:11:04,2025-05-05 19:15:51,4,,LOSS,Signaltrade
4223715809,Jump 50 Index,BUY,33264.17,33024.88,-11.96,-2392900.000000009,0.05,2025-05-05 19:19:20,2025-05-05 19:20:18,0,,LOSS,BullishreversalB
4223819268,EURJPY,SELL,162.723,162.708,0.52,150.0000000001478,0.05,2025-05-05 20:54:12,2025-05-05 20:55:58,1,,WIN,BearishreversalE
4223822088,GBPJPY,SELL,191.055,191.074,-0.66,-190.00000000005457,0.05,2025-05-05 20:57:09,2025-05-06 01:01:30,244,,LOSS,BearishreversalE
4223826310,XAUUSD,BUY,3331.28,3330.47,-4.05,-8100.000000004002,0.05,2025-05-05 21:00:44,2025-05-05 21:14:22,13,,LOSS,Signaltrade
4223827443,EURJPY,SELL,162.659,162.714,-1.9100000000000001,-550.0000000000682,0.05,2025-05-05 21:02:02,2025-05-05 21:18:08,16,,LOSS,Signaltrade
4223829930,USDJPY,SELL,143.698,143.759,-2.12,-609.9999999997863,0.05,2025-05-05 21:04:05,2025-05-05 21:15:39,11,,LOSS,Signaltrade
4223832848,Crash 1000 Index,SELL,5148.625,5148.628,-0.0,-29.999999997016857,0.2,2025-05-05 21:07:04,2025-05-05 22:04:53,57,,LOSS,Signaltrade
4223834558,BTCUSD,BUY,94228.558,94125.142,-5.17,-1034159.9999999744,0.05,2025-05-05 21:09:08,2025-05-05 21:11:07,1,,LOSS,Signaltrade
4223838676,CADJPY,SELL,104.031,104.079,-1.67,-479.9999999998761,0.05,2025-05-05 21:13:04,2025-05-05 22:23:33,70,,LOSS,Signaltrade
4223842675,Crash 500 Index,BUY,3299.442,3292.811,-1.33,-66309.99999999857,0.2,2025-05-05 21:16:02,2025-05-05 21:18:52,2,,LOSS,Signaltrade
4223846026,Crash 500 Index,BUY,3293.191,3288.208,-1.0,-49829.9999999972,0.2,2025-05-05 21:19:03,2025-05-05 21:34:09,15,,LOSS,Signaltrade
4223847754,XAUUSD,BUY,3330.02,3334.1,20.4,40799.99999999927,0.05,2025-05-05 21:21:03,2025-05-05 23:04:25,103,,WIN,Signaltrade
4223863284,BTCUSD,SELL,93848.042,93961.958,-5.7,-1139159.9999999744,0.05,2025-05-05 21:34:03,2025-05-05 21:37:56,3,,LOSS,Signaltrade
4223866647,Crash 500 Index,BUY,3289.594,3287.247,-0.47,-23470.000000002074,0.2,2025-05-05 21:37:02,2025-05-05 22:00:33,23,,LOSS,Signaltrade
4223867884,BTCUSD,SELL,93894.742,94129.822,-11.75,-2350800.0000000177,0.05,2025-05-05 21:38:02,2025-05-05 21:50:16,12,,LOSS,Signaltrade
4223871995,Volatility 10 Index,SELL,6261.799,6263.067,-0.63,-12680.000000000291,0.5,2025-05-05 21:42:24,2025-05-05 21:43:34,1,,LOSS,Signaltrade
4223888234,BTCUSD,SELL,94168.442,94257.058,-4.43,-886160.0000000908,0.05,2025-05-05 21:59:17,2025-05-05 22:01:40,2,,LOSS,Signaltrade
4223889698,Crash 500 Index,BUY,3287.773,3284.493,-0.66,-32800.000000002,0.2,2025-05-05 22:01:03,2025-05-05 22:07:30,6,,LOSS,Signaltrade
4223894528,Step Index,SELL,8439.2,8440.5,-1.3,-12999.999999992724,0.1,2025-05-05 22:07:04,2025-05-05 22:09:43,2,,LOSS,Signaltrade
4223897610,Volatility 10 Index,SELL,6258.613,6260.4,-0.89,-17869.999999993524,0.5,2025-05-05 22:10:12,2025-05-05 22:41:14,31,,LOSS,Signaltrade
4223899221,BTCUSD,SELL,94463.942,94562.242,-4.92,-983000.0000000291,0.05,2025-05-05 22:12:23,2025-05-05 22:13:45,1,,LOSS,Signaltrade
4223901162,BTCUSD,BUY,94584.358,94503.142,-4.06,-812159.999999858,0.05,2025-05-05 22:15:09,2025-05-05 22:30:57,15,,LOSS,Signaltrade
4223907400,Step Index,SELL,8438.7,8440.3,-1.6,-15999.999999985448,0.1,2025-05-05 22:23:05,2025-05-05 22:27:41,4,,LOSS,Signaltrade
4223912164,Crash 500 Index,BUY,3293.789,3306.736,2.59,129469.99999999662,0.2,2025-05-05 22:30:03,2025-05-05 23:03:16,33,,WIN,Signaltrade
4223913488,CADJPY,SELL,103.971,103.999,-0.97,-279.9999999999159,0.05,2025-05-05 22:31:37,2025-05-06 01:00:30,148,,LOSS,Signaltrade
4223913853,BTCUSD,BUY,94528.558,94292.096,-11.82,-2364619.9999999953,0.05,2025-05-05 22:32:13,2025-05-05 22:33:43,1,,LOSS,Signaltrade
4223919348,BTCUSD,BUY,94521.458,94693.737,8.61,1722789.99999995,0.05,2025-05-05 22:38:11,2025-05-05 23:03:48,25,,WIN,Signaltrade
4223924556,Volatility 10 Index,SELL,6262.874,6259.224,1.83,36499.99999999636,0.5,2025-05-05 22:44:16,2025-05-05 23:36:24,52,,WIN,Signaltrade
4223926602,Step Index,BUY,8444.5,8442.8,-1.7,-17000.000000007276,0.1,2025-05-05 22:47:05,2025-05-05 22:47:50,0,,LOSS,Signaltrade
4223934033,Step Index,BUY,8443.9,8446.9,3.0,30000.0,0.1,2025-05-05 22:57:09,2025-05-05 23:00:47,3,,WIN,Signaltrade
4223940105,Crash 500 Index,BUY,3307.369,3306.188,-0.24,-11810.0000000004,0.2,2025-05-05 23:04:03,2025-05-05 23:21:30,17,,LOSS,Signaltrade
4223940220,BTCUSD,BUY,94802.258,94799.142,-0.16,-31159.999999945285,0.05,2025-05-05 23:04:08,2025-05-05 23:23:06,18,,LOSS,Signaltrade
4223941045,XAUUSD,BUY,3333.81,3331.37,-12.2,-24400.000000000546,0.05,2025-05-05 23:05:02,2025-05-06 00:13:16,68,,LOSS,Signaltrade
4223945004,EURJPY,SELL,162.647,162.708,-2.12,-610.0000000000705,0.05,2025-05-05 23:09:04,2025-05-05 23:13:24,4,,LOSS,Signaltrade
4223957180,Crash 500 Index,BUY,3307.528,3304.921,-0.52,-26069.99999999971,0.2,2025-05-05 23:24:03,2025-05-05 23:48:34,24,,LOSS,Signaltrade
4223959506,Step Index,BUY,8454.5,8452.6,-1.9,-18999.999999996362,0.1,2025-05-05 23:28:05,2025-05-05 23:38:28,10,,LOSS,Signaltrade
4223960291,BTCUSD,BUY,94861.882,95033.244,8.57,1713620.0000000827,0.05,2025-05-05 23:29:03,2025-05-05 23:46:30,17,,WIN,Signaltrade
4223970241,Step Index,BUY,8452.2,8455.4,3.2,31999.999999989086,0.1,2025-05-05 23:42:04,2025-05-05 23:51:44,9,,WIN,Signaltrade
4223975476,Crash 500 Index,BUY,3305.445,3298.424,-1.4,-70210.00000000186,0.2,2025-05-05 23:49:03,2025-05-05 23:49:49,0,,LOSS,Signaltrade
4223975497,BTCUSD,BUY,95010.532,94964.442,-2.3,-460900.0000001106,0.05,2025-05-05 23:49:06,2025-05-06 00:04:24,15,,LOSS,Signaltrade
4223976462,Crash 500 Index,BUY,3299.025,3298.855,-0.03,-1700.0000000007276,0.2,2025-05-05 23:50:40,2025-05-06 00:04:46,14,,LOSS,Signaltrade
4223985307,Crash 500 Index,BUY,3299.284,3312.216,2.59,129319.99999999789,0.2,2025-05-06 00:05:07,2025-05-06 00:47:29,42,,WIN,Signaltrade
4223986594,BTCUSD,BUY,95028.858,94954.537,-3.7199999999999998,-743209.9999999627,0.05,2025-05-06 00:07:13,2025-05-06 00:25:24,18,,LOSS,Signaltrade
4223986678,Step Index,BUY,8456.9,8455.4,-1.5,-15000.0,0.1,2025-05-06 00:07:19,2025-05-06 00:08:24,1,,LOSS,Signaltrade
4223988430,Step Index,BUY,8458.0,8469.6,11.6,116000.00000000364,0.1,2025-05-06 00:10:06,2025-05-06 02:51:20,161,,WIN,Signaltrade
4223992697,Boom 300 Index,SELL,1801.149,1809.747,-8.6,-85980.00000000183,1.0,2025-05-06 00:18:06,2025-05-06 00:25:16,7,,LOSS,Signaltrade
4223992725,XAUUSD,BUY,3331.06,3330.63,-2.15,-4299.999999998363,0.05,2025-05-06 00:18:08,2025-05-06 00:57:07,38,,LOSS,Signaltrade
4223992734,USDJPY,SELL,143.657,143.608,1.71,490.00000000006594,0.05,2025-05-06 00:18:09,2025-05-06 00:21:47,3,,WIN,Signaltrade
4223992740,EURJPY,SELL,162.514,162.445,2.4,690.0000000001683,0.05,2025-05-06 00:18:10,2025-05-06 00:21:56,3,,WIN,Signaltrade
4223995849,EURJPY,SELL,162.465,162.518,-1.85,-529.9999999999727,0.05,2025-05-06 00:24:02,2025-05-06 00:25:35,1,,LOSS,Signaltrade
4223998459,EURJPY,SELL,162.514,162.567,-1.8399999999999999,-529.9999999999727,0.05,2025-05-06 00:29:01,2025-05-06 00:33:58,4,,LOSS,Signaltrade
4224002570,BTCUSD,BUY,94896.658,94671.842,-11.24,-2248159.999999916,0.05,2025-05-06 00:37:27,2025-05-06 00:51:57,14,,LOSS,Signaltrade
4224002617,Boom 1000 Index,BUY,19273.286,19211.372,-12.38,-619140.0000000068,0.2,2025-05-06 00:37:34,2025-05-06 01:42:01,64,,LOSS,Signaltrade
4224002966,USDJPY,SELL,143.609,143.659,-1.74,-499.99999999982947,0.05,2025-05-06 00:38:16,2025-05-06 00:48:03,9,,LOSS,Signaltrade
4224005755,Volatility 10 Index,SELL,6256.084,6258.249,-1.08,-21649.999999999636,0.5,2025-05-06 00:44:08,2025-05-06 00:46:08,2,,LOSS,Signaltrade
4224008242,Crash 500 Index,BUY,3312.91,3310.234,-0.54,-26759.99999999931,0.2,2025-05-06 00:48:35,2025-05-06 01:10:57,22,,LOSS,Signaltrade
4224010787,Volatility 10 Index,SELL,6255.141,6257.115,-0.99,-19740.0000000016,0.5,2025-05-06 00:53:56,2025-05-06 00:56:22,2,,LOSS,Signaltrade
4224011375,BTCUSD,BUY,94728.758,94505.042,-11.19,-2237160.0000000037,0.05,2025-05-06 00:55:13,2025-05-06 01:35:32,40,,LOSS,Signaltrade
4224013554,XAUUSD,BUY,3334.02,3326.89,-35.65,-71300.00000000109,0.05,2025-05-06 00:58:07,2025-05-06 01:21:14,23,,LOSS,Signaltrade
4224016364,USDJPY,SELL,143.707,143.757,-1.74,-500.0000000001137,0.05,2025-05-06 01:03:11,2025-05-06 01:03:57,0,,LOSS,Signaltrade
4224017664,Crash 1000 Index,BUY,5149.95,5153.109,0.63,31590.000000005602,0.2,2025-05-06 01:05:28,2025-05-06 01:49:31,44,,WIN,Signaltrade
4224020115,USDJPY,SELL,143.748,143.813,-2.26,-649.9999999999773,0.05,2025-05-06 01:09:48,2025-05-06 01:15:36,5,,LOSS,Signaltrade
4224020147,EURJPY,SELL,162.495,162.413,2.85,819.9999999999363,0.05,2025-05-06 01:09:53,2025-05-06 01:25:10,15,,WIN,Signaltrade
4224020160,AUDJPY,SELL,92.833,92.783,1.74,499.9999999999716,0.05,2025-05-06 01:09:54,2025-05-06 01:25:27,15,,WIN,Signaltrade
4224020282,GBPJPY,SELL,190.982,191.123,-4.9,-1409.9999999999113,0.05,2025-05-06 01:10:03,2025-05-06 02:51:19,101,,LOSS,Signaltrade
4224020927,Crash 500 Index,BUY,3310.617,3317.986,1.47,73689.99999999687,0.2,2025-05-06 01:11:11,2025-05-06 02:28:22,77,,WIN,Signaltrade
4224023364,Range Break 200 Index,SELL,82145.3,82166.6,-1.07,-213000.0000000291,0.05,2025-05-06 01:15:35,2025-05-06 02:51:20,95,,LOSS,Signaltrade
4224027928,XAUUSD,BUY,3325.89,3323.44,-12.25,-24499.99999999818,0.05,2025-05-06 01:22:17,2025-05-06 01:47:45,25,,LOSS,Signaltrade
4224030146,USDJPY,BUY,143.969,143.968,-0.03,-10.000000000047748,0.05,2025-05-06 01:25:29,2025-05-06 02:51:18,85,,LOSS,Signaltrade
4224031262,AUDJPY,SELL,92.799,92.845,-1.6,-459.9999999999227,0.05,2025-05-06 01:27:22,2025-05-06 01:27:45,0,,LOSS,Signaltrade
4224046166,Boom 300 Index,SELL,1795.835,1808.219,-12.38,-123840.00000000015,1.0,2025-05-06 01:55:08,2025-05-06 01:55:48,0,,LOSS,Bearishbreakdown
4224048598,Jump 50 Index,SELL,31804.79,31803.21,0.08,15800.000000017462,0.05,2025-05-06 01:59:07,2025-05-06 02:04:36,5,,WIN,BearishreversalE
4224072556,Boom 300 Index,SELL,1804.906,1810.181,-5.28,-52750.00000000091,1.0,2025-05-06 02:31:24,2025-05-06 02:34:15,2,,LOSS,Bearishbreakdown
4224087103,Volatility 10 Index,SELL,6253.769,6249.322,2.22,44470.000000001164,0.5,2025-05-06 02:51:24,2025-05-06 05:08:42,137,,WIN,BearishreversalE
4224087192,XAUUSD,BUY,3376.72,3376.22,-0.5,-5000.0,0.01,2025-05-06 02:51:29,2025-05-06 02:54:04,2,,LOSS,BullishreversalM
4224087203,BTCUSD,BUY,94399.858,94151.853,-2.48,-2480049.9999999013,0.01,2025-05-06 02:51:31,2025-05-06 03:07:15,15,,LOSS,BullishreversalM
4224110024,USDJPY,BUY,143.775,143.696,-0.55,-790.0000000000773,0.01,2025-05-06 03:29:06,2025-05-06 05:17:45,108,,LOSS,Bullishbreakouta
4224112118,BTCUSD,BUY,94131.758,94059.958,-0.72,-718000.0000000291,0.01,2025-05-06 03:32:18,2025-05-06 03:37:36,5,,LOSS,BullishreversalM
4224117287,Jump 50 Index,SELL,32224.02,32049.48,1.75,1745400.0000000088,0.01,2025-05-06 03:39:08,2025-05-06 03:41:13,2,,WIN,BearishreversalE
4224120641,XAUUSD,BUY,3369.16,3359.4,-9.76,-97599.99999999764,0.01,2025-05-06 03:43:56,2025-05-06 03:49:37,5,,LOSS,BullishreversalH
4224120650,Jump 50 Index,SELL,32012.97,32089.95,-0.77,-769799.9999999956,0.01,2025-05-06 03:44:00,2025-05-06 03:47:17,3,,LOSS,BearishreversalB
4224121639,BTCUSD,BUY,94157.058,94207.742,0.51,506839.9999999383,0.01,2025-05-06 03:45:13,2025-05-06 03:54:28,9,,WIN,BullishreversalM
4224160162,BTCUSD,BUY,94428.858,94277.416,-1.51,-1514419.9999999546,0.01,2025-05-06 04:38:05,2025-05-06 05:10:10,32,,LOSS,BullishreversalM
4224187723,Jump 50 Index,SELL,31952.83,32003.05,-0.5,-502199.99999997526,0.01,2025-05-06 05:26:07,2025-05-06 05:26:42,0,,LOSS,BearishreversalE
4224200304,Step Index,BUY,8472.0,8475.4,3.4,33999.99999999636,0.1,2025-05-06 05:42:06,2025-05-06 08:32:26,170,,WIN,BullishreversalM
4224210928,Volatility 10 Index,SELL,6257.859,6259.094,-0.62,-12349.999999996726,0.5,2025-05-06 05:52:04,2025-05-06 05:52:40,0,,LOSS,Bearishbreakdown
4224223653,Volatility 10 Index,SELL,6258.894,6260.386,-0.75,-14920.000000001892,0.5,2025-05-06 06:08:04,2025-05-06 06:13:16,5,,LOSS,Bearishbreakdown
4224260966,Jump 50 Index,SELL,31792.19,31890.65,-0.98,-984600.0000000277,0.01,2025-05-06 06:52:05,2025-05-06 06:53:29,1,,LOSS,Bearishbreakdown
4224269102,Jump 50 Index,SELL,31877.02,31896.5,-0.19,-194799.99999999563,0.01,2025-05-06 07:01:05,2025-05-06 07:02:09,1,,LOSS,BearishreversalS
4224271008,AUDJPY,SELL,92.757,92.481,1.9300000000000002,2760.0000000001046,0.01,2025-05-06 07:03:05,2025-05-06 09:12:08,129,,WIN,BearishreversalE
4224291918,BTCUSD,BUY,94406.458,94473.042,0.67,665840.0000000256,0.01,2025-05-06 07:28:14,2025-05-06 08:06:04,37,,WIN,BullishreversalB
4224298123,Jump 50 Index,SELL,32057.27,32090.74,-0.33,-334700.00000001164,0.01,2025-05-06 07:36:06,2025-05-06 07:37:09,1,,LOSS,BearishreversalE
4224302270,Jump 50 Index,SELL,32045.55,32071.75,-0.26,-262000.00000000728,0.01,2025-05-06 07:42:07,2025-05-06 07:43:15,1,,LOSS,BearishreversalE
4224426250,Jump 50 Index,BUY,32146.32,32108.22,-0.38,-380999.99999998545,0.01,2025-05-06 09:36:08,2025-05-06 09:37:30,1,,LOSS,BullishreversalH
4224432579,Jump 50 Index,BUY,32205.07,32194.25,-0.11,-108199.99999999709,0.01,2025-05-06 09:42:07,2025-05-06 09:44:04,1,,LOSS,BullishreversalH
4224493286,Volatility 10 Index,BUY,6274.827,6269.028,-2.9,-57989.99999999978,0.5,2025-05-06 10:44:58,2025-05-06 11:38:00,53,,LOSS,Bullishbreakouta
4224501721,AUDJPY,SELL,92.259,92.38,-0.84,-1209.9999999999511,0.01,2025-05-06 10:53:51,2025-05-06 10:55:07,1,,LOSS,BearishreversalE
4224516738,Boom 300 Index,BUY,1890.506,1885.369,-5.14,-51370.00000000171,1.0,2025-05-06 11:07:04,2025-05-06 11:12:07,5,,LOSS,BullishreversalB
4224517736,XAUUSD,BUY,3383.15,3380.29,-2.86,-28600.000000001273,0.01,2025-05-06 11:08:06,2025-05-06 11:21:11,13,,LOSS,BullishreversalH
4224522449,Boom 300 Index,BUY,1885.732,1898.45,12.72,127180.00000000074,1.0,2025-05-06 11:12:14,2025-05-06 11:15:54,3,,WIN,BullishreversalB
4224529475,Boom 300 Index,BUY,1907.374,1901.705,-5.67,-56690.00000000096,1.0,2025-05-06 11:18:28,2025-05-06 11:28:59,10,,LOSS,BullishreversalB
4224529688,Jump 50 Index,SELL,31970.5,32118.03,-1.48,-1475299.9999999884,0.01,2025-05-06 11:18:40,2025-05-06 11:33:24,14,,LOSS,BearishreversalE
4224532065,BTCUSD,SELL,94230.042,93974.858,2.55,2551840.000000084,0.01,2025-05-06 11:21:10,2025-05-06 12:01:29,40,,WIN,Signaltrade
4224533548,Crash 500 Index,BUY,3379.584,3377.053,-0.51,-25309.99999999949,0.2,2025-05-06 11:22:43,2025-05-06 11:49:10,26,,LOSS,Signaltrade
4224533589,Crash 1000 Index,BUY,5161.945,5152.528,-1.88,-94169.99999999462,0.2,2025-05-06 11:22:45,2025-05-06 11:24:33,1,,LOSS,Signaltrade
4224539944,Crash 1000 Index,BUY,5153.796,5151.042,-0.55,-27539.999999999054,0.2,2025-05-06 11:27:37,2025-05-06 12:18:03,50,,LOSS,Signaltrade
4224539982,XAUUSD,BUY,3379.75,3381.38,1.63,16300.000000001091,0.01,2025-05-06 11:27:40,2025-05-06 12:27:21,59,,WIN,Signaltrade
4224540313,Step Index,BUY,8475.4,8473.1,-2.3,-22999.999999992724,0.1,2025-05-06 11:28:04,2025-05-06 11:50:31,22,,LOSS,Signaltrade
4224545977,Range Break 200 Index,BUY,82412.6,82085.3,-3.27,-3273000.000000029,0.01,2025-05-06 11:33:22,2025-05-06 20:54:22,561,,LOSS,Signaltrade
4224554657,Volatility 10 Index,BUY,6271.221,6273.769,1.27,25480.00000000684,0.5,2025-05-06 11:42:12,2025-05-06 11:48:28,6,,WIN,Signaltrade
4224564399,Step Index,BUY,8473.7,8474.0,0.3,2999.999999992724,0.1,2025-05-06 11:51:33,2025-05-06 19:11:38,440,,WIN,Signaltrade
4224571237,Volatility 10 Index,BUY,6274.727,6277.68,1.48,29530.000000004293,0.5,2025-05-06 11:58:12,2025-05-06 12:05:36,7,,WIN,Signaltrade
4224571278,Crash 500 Index,BUY,3376.969,3374.937,-0.41,-20320.000000001528,0.2,2025-05-06 11:58:14,2025-05-06 12:09:06,10,,LOSS,Signaltrade
4224573499,GBPJPY,SELL,190.99,191.081,-0.64,-909.9999999997976,0.01,2025-05-06 12:00:12,2025-05-06 12:02:02,1,,LOSS,Signaltrade
4224574546,Boom 1000 Index,BUY,19633.873,19552.794,-16.22,-810789.999999979,0.2,2025-05-06 12:01:03,2025-05-06 13:23:29,82,,LOSS,Signaltrade
4224580784,BTCUSD,SELL,93964.842,94034.28,-0.69,-694379.9999999464,0.01,2025-05-06 12:07:10,2025-05-06 12:18:42,11,,LOSS,Signaltrade
4224582477,Volatility 10 Index,BUY,6275.736,6272.091,-1.8199999999999998,-36449.99999999527,0.5,2025-05-06 12:09:08,2025-05-06 12:19:36,10,,LOSS,Signaltrade
4224583236,GBPJPY,SELL,191.098,191.191,-0.65,-929.9999999998931,0.01,2025-05-06 12:10:03,2025-05-06 12:10:55,0,,LOSS,Signaltrade
4224584229,GBPJPY,SELL,191.162,191.057,0.73,1050.000000000182,0.01,2025-05-06 12:11:02,2025-05-06 12:26:18,15,,WIN,Signaltrade
4224585170,Crash 500 Index,BUY,3376.305,3389.074,2.55,127690.00000000233,0.2,2025-05-06 12:12:03,2025-05-06 12:44:57,32,,WIN,Signaltrade
4224593193,Crash 1000 Index,BUY,5151.6,5146.123,-1.1,-54770.00000000771,0.2,2025-05-06 12:19:03,2025-05-06 12:28:11,9,,LOSS,Signaltrade
4224593323,BTCUSD,SELL,93940.942,93942.224,-0.01,-12820.000000065193,0.01,2025-05-06 12:19:13,2025-05-06 12:37:32,18,,LOSS,Signaltrade
4224598158,Volatility 10 Index,BUY,6271.977,6276.823,2.42,48460.000000004584,0.5,2025-05-06 12:23:46,2025-05-06 12:49:34,25,,WIN,Signaltrade
4224598266,CADJPY,SELL,103.46,103.469,-0.06,-90.00000000000341,0.01,2025-05-06 12:23:50,2025-05-06 12:41:05,17,,LOSS,Signaltrade
4224603194,XAUUSD,BUY,3381.46,3379.19,-2.27,-22699.999999999818,0.01,2025-05-06 12:28:02,2025-05-06 12:33:04,5,,LOSS,Signaltrade
4224603640,Jump 50 Index,SELL,31967.2,31969.1,-0.02,-18999.999999978172,0.01,2025-05-06 12:28:24,2025-05-06 12:43:03,14,,LOSS,Signaltrade
4224605409,GBPJPY,BUY,191.055,190.944,-0.78,-1110.0000000001842,0.01,2025-05-06 12:30:01,2025-05-06 12:32:01,2,,LOSS,Signaltrade
4224610317,XAUUSD,BUY,3380.19,3377.92,-2.27,-22699.999999999818,0.01,2025-05-06 12:34:03,2025-05-06 12:35:04,1,,LOSS,Signaltrade
4224610349,GBPJPY,BUY,190.919,191.042,0.86,1229.9999999999045,0.01,2025-05-06 12:34:05,2025-05-06 12:43:25,9,,WIN,Signaltrade
4224614297,XAUUSD,BUY,3376.77,3376.82,0.05,500.000000001819,0.01,2025-05-06 12:37:00,2025-05-06 13:01:23,24,,WIN,Signaltrade
4224619229,CADJPY,SELL,103.434,103.43,0.03,39.99999999990678,0.01,2025-05-06 12:42:03,2025-05-06 14:21:01,98,,WIN,Signaltrade
4224622407,Crash 500 Index,BUY,3389.415,3387.701,-0.34,-17139.999999999418,0.2,2025-05-06 12:45:03,2025-05-06 12:58:00,12,,LOSS,Signaltrade
4224622506,EURJPY,SELL,161.887,161.799,0.62,879.9999999999386,0.01,2025-05-06 12:45:05,2025-05-06 12:50:15,5,,WIN,Signaltrade
4224623624,Jump 50 Index,SELL,31996.6,32028.01,-0.31,-314099.99999999854,0.01,2025-05-06 12:46:03,2025-05-06 12:49:25,3,,LOSS,Signaltrade
4224634000,Volatility 10 Index,BUY,6273.895,6272.12,-0.89,-17750.000000005457,0.5,2025-05-06 12:55:04,2025-05-06 13:34:04,39,,LOSS,Signaltrade
4224640507,Crash 500 Index,BUY,3388.678,3384.398,-0.86,-42799.99999999745,0.2,2025-05-06 13:00:02,2025-05-06 13:03:13,3,,LOSS,Signaltrade
4224645621,Crash 500 Index,BUY,3385.063,3376.964,-1.62,-80990.0000000016,0.2,2025-05-06 13:04:03,2025-05-06 13:05:34,1,,LOSS,Signaltrade
4224650326,EURJPY,SELL,161.762,161.832,-0.49,-699.9999999999318,0.01,2025-05-06 13:08:03,2025-05-06 13:17:13,9,,LOSS,Signaltrade
4224653643,Crash 500 Index,BUY,3379.443,3375.995,-0.69,-34480.0000000032,0.2,2025-05-06 13:11:03,2025-05-06 13:16:41,5,,LOSS,Signaltrade
4224653690,XAUUSD,BUY,3376.2,3374.24,-1.96,-19600.000000000364,0.01,2025-05-06 13:11:04,2025-05-06 13:15:43,4,,LOSS,Signaltrade
4224654594,AUDJPY,SELL,92.279,92.326,-0.33,-469.99999999997044,0.01,2025-05-06 13:12:03,2025-05-06 13:13:10,1,,LOSS,Signaltrade
4224655590,Jump 50 Index,SELL,31913.59,31784.6,1.29,1289900.000000016,0.01,2025-05-06 13:13:03,2025-05-06 13:18:39,5,,WIN,Signaltrade
4224659410,XAUUSD,SELL,3373.85,3376.24,-2.39,-23899.999999998727,0.01,2025-05-06 13:16:02,2025-05-06 13:20:00,3,,LOSS,Signaltrade
4224661242,Crash 500 Index,BUY,3376.474,3374.893,-0.32,-15810.00000000131,0.2,2025-05-06 13:17:04,2025-05-06 13:24:23,7,,LOSS,Signaltrade
4224663566,Jump 50 Index,SELL,31762.27,31760.7,0.02,15699.99999999709,0.01,2025-05-06 13:19:06,2025-05-06 13:22:04,2,,WIN,Bearishbreakdown
4224664503,EURJPY,SELL,161.751,161.772,-0.15,-209.99999999986585,0.01,2025-05-06 13:20:02,2025-05-06 14:21:23,61,,LOSS,Signaltrade
4224671420,Crash 500 Index,BUY,3373.073,3370.682,-0.48,-23910.000000000764,0.2,2025-05-06 13:26:05,2025-05-06 13:31:56,5,,LOSS,Signaltrade
4224685618,Volatility 10 Index,BUY,6271.948,6279.965,4.01,80169.99999999825,0.5,2025-05-06 13:37:06,2025-05-06 15:47:20,130,,WIN,Signaltrade
4224686578,XAUUSD,SELL,3385.84,3388.66,-2.82,-28199.99999999709,0.01,2025-05-06 13:38:02,2025-05-06 13:38:54,0,,LOSS,Signaltrade
4224688221,Jump 50 Index,SELL,31561.99,31573.91,-0.12,-119199.99999998254,0.01,2025-05-06 13:39:03,2025-05-06 13:47:14,8,,LOSS,Signaltrade
4224697162,XAUUSD,BUY,3389.52,3389.54,0.02,199.9999999998181,0.01,2025-05-06 13:45:02,2025-05-06 14:06:12,21,,WIN,Signaltrade
4224700860,Boom 300 Index,BUY,1936.703,1925.651,-11.05,-110519.99999999907,1.0,2025-05-06 13:47:20,2025-05-06 14:09:24,22,,LOSS,Signaltrade
4224703231,GBPJPY,BUY,190.992,190.914,-0.55,-780.0000000000296,0.01,2025-05-06 13:49:03,2025-05-06 13:53:13,4,,LOSS,Signaltrade
4224710328,GBPJPY,BUY,190.963,190.9,-0.44,-629.9999999998818,0.01,2025-05-06 13:55:02,2025-05-06 14:00:44,5,,LOSS,Signaltrade
4224724160,USDJPY,SELL,142.615,142.664,-0.34,-489.9999999997817,0.01,2025-05-06 14:04:08,2025-05-06 14:05:30,1,,LOSS,Signaltrade
4224727314,XAUUSD,BUY,3390.33,3390.36,0.03,300.0000000020009,0.01,2025-05-06 14:07:01,2025-05-06 14:39:16,32,,WIN,Signaltrade
4224734981,USDJPY,SELL,142.693,142.756,-0.44,-629.9999999998818,0.01,2025-05-06 14:13:02,2025-05-06 14:30:20,17,,LOSS,Signaltrade
4224748183,Jump 50 Index,SELL,31694.65,31730.5,-0.36,-358499.99999998545,0.01,2025-05-06 14:24:03,2025-05-06 14:24:47,0,,LOSS,Signaltrade
4224755342,CADJPY,SELL,103.441,103.503,-0.43,-619.9999999999761,0.01,2025-05-06 14:30:02,2025-05-06 14:30:19,0,,LOSS,Signaltrade
4224756802,Crash 500 Index,BUY,3383.747,3386.912,0.63,31649.999999999636,0.2,2025-05-06 14:31:02,2025-05-06 14:51:47,20,,WIN,Signaltrade
4224759812,Jump 50 Index,SELL,31712.82,31658.9,0.54,539199.9999999825,0.01,2025-05-06 14:33:03,2025-05-06 14:48:55,15,,WIN,Signaltrade
4224760982,Boom 1000 Index,SELL,19524.558,19515.483,1.8199999999999998,90750.00000000728,0.2,2025-05-06 14:34:04,2025-05-06 14:43:32,9,,WIN,Bearishbreakdown
4224785911,Jump 50 Index,SELL,31660.5,31663.14,-0.03,-26399.99999999418,0.01,2025-05-06 14:49:02,2025-05-06 14:54:28,5,,LOSS,Signaltrade
4224787526,EURJPY,SELL,161.698,161.808,-0.77,-1099.9999999998522,0.01,2025-05-06 14:50:02,2025-05-06 15:03:28,13,,LOSS,Signaltrade
4224791980,CADJPY,SELL,103.267,103.327,-0.42,-600.0000000000227,0.01,2025-05-06 14:53:02,2025-05-06 14:56:22,3,,LOSS,Signaltrade
4224793292,Crash 500 Index,BUY,3388.048,3380.774,-1.45,-72739.99999999886,0.2,2025-05-06 14:54:03,2025-05-06 15:06:07,12,,LOSS,Signaltrade
4224794715,Jump 50 Index,SELL,31659.4,31658.84,0.01,5600.000000013097,0.01,2025-05-06 14:55:03,2025-05-06 15:01:36,6,,WIN,Signaltrade
4224808521,AUDJPY,SELL,92.298,92.363,-0.46,-649.9999999999773,0.01,2025-05-06 15:05:03,2025-05-06 15:14:03,9,,LOSS,Signaltrade
4224811763,GBPJPY,SELL,190.769,190.856,-0.61,-869.9999999998909,0.01,2025-05-06 15:07:01,2025-05-06 15:15:40,8,,LOSS,Signaltrade
4224814685,EURJPY,SELL,161.738,162.047,-2.17,-3089.999999999975,0.01,2025-05-06 15:09:01,2025-05-06 15:32:52,23,,LOSS,Signaltrade
4224814845,Crash 500 Index,BUY,3382.317,3379.684,-0.53,-26329.99999999811,0.2,2025-05-06 15:09:08,2025-05-06 15:21:52,12,,LOSS,Signaltrade
4224826593,AUDJPY,BUY,92.391,92.456,0.46,649.9999999999773,0.01,2025-05-06 15:16:03,2025-05-06 15:20:00,3,,WIN,Signaltrade
4224827786,CADJPY,SELL,103.429,103.489,-0.42,-600.0000000000227,0.01,2025-05-06 15:17:02,2025-05-06 15:20:00,2,,LOSS,Signaltrade
4224832833,XAUUSD,BUY,3392.61,3390.14,-2.4699999999999998,-24700.000000002547,0.01,2025-05-06 15:21:01,2025-05-06 15:25:39,4,,LOSS,Signaltrade
4224834145,Crash 500 Index,BUY,3380.045,3378.253,-0.36,-17919.999999999163,0.2,2025-05-06 15:22:02,2025-05-06 15:28:23,6,,LOSS,Signaltrade
4224834192,AUDJPY,BUY,92.484,92.69,1.44,2060.000000000031,0.01,2025-05-06 15:22:03,2025-05-06 17:21:35,119,,WIN,Signaltrade
4224835412,GBPJPY,SELL,191.023,191.094,-0.5,-709.9999999999795,0.01,2025-05-06 15:23:02,2025-05-06 15:24:17,1,,LOSS,Signaltrade
4224841766,XAUUSD,BUY,3389.45,3381.97,-7.48,-74800.00000000017,0.01,2025-05-06 15:28:02,2025-05-06 15:33:16,5,,LOSS,Signaltrade
4224841807,Jump 50 Index,SELL,31575.72,31578.58,-0.03,-28600.00000000582,0.01,2025-05-06 15:28:04,2025-05-06 15:36:42,8,,LOSS,Signaltrade
4224841864,GBPJPY,SELL,191.097,191.163,-0.46,-660.000000000025,0.01,2025-05-06 15:28:05,2025-05-06 15:35:02,6,,LOSS,Signaltrade
4224843257,BTCUSD,BUY,94270.758,94270.142,-0.01,-6159.999999945285,0.01,2025-05-06 15:29:10,2025-05-06 15:36:58,7,,LOSS,Signaltrade
4224849098,EURJPY,BUY,162.034,162.107,0.51,730.000000000075,0.01,2025-05-06 15:33:02,2025-05-06 15:42:33,9,,WIN,Signaltrade
4224850356,USDJPY,SELL,142.668,142.734,-0.46,-660.000000000025,0.01,2025-05-06 15:34:03,2025-05-06 15:35:00,0,,LOSS,Signaltrade
4224852024,XAUUSD,SELL,3386.81,3388.96,-2.15,-21500.00000000091,0.01,2025-05-06 15:35:02,2025-05-06 15:39:16,4,,LOSS,Signaltrade
4224852051,GBPJPY,BUY,191.163,190.727,-3.05,-4360.000000000071,0.01,2025-05-06 15:35:03,2025-05-06 17:09:00,93,,LOSS,Signaltrade
4224868071,XAUUSD,SELL,3379.72,3382.06,-2.34,-23400.000000001455,0.01,2025-05-06 15:45:01,2025-05-06 15:45:34,0,,LOSS,Signaltrade
4224872442,Volatility 10 Index,BUY,6279.787,6277.597,-1.1,-21900.000000005093,0.5,2025-05-06 15:48:04,2025-05-06 16:39:04,51,,LOSS,Signaltrade
4224872481,Jump 50 Index,SELL,31615.83,31545.44,0.7,703900.0000000305,0.01,2025-05-06 15:48:06,2025-05-06 15:56:31,8,,WIN,Signaltrade
4224878727,Boom 300 Index,BUY,1992.075,1980.308,-11.77,-117670.00000000052,1.0,2025-05-06 15:53:03,2025-05-06 16:03:52,10,,LOSS,Signaltrade
4224879944,USDJPY,SELL,142.853,142.903,-0.35,-499.99999999982947,0.01,2025-05-06 15:54:03,2025-05-06 15:54:29,0,,LOSS,Signaltrade
4224883911,EURJPY,BUY,162.07,162.021,-0.34,-490.00000000006594,0.01,2025-05-06 15:57:01,2025-05-06 15:57:40,0,,LOSS,Signaltrade
4224886325,Jump 50 Index,SELL,31590.37,31606.1,-0.16,-157299.99999999563,0.01,2025-05-06 15:59:03,2025-05-06 16:02:47,3,,LOSS,Signaltrade
4224886411,Boom 1000 Index,SELL,19494.917,19481.627,2.66,132900.00000000873,0.2,2025-05-06 15:59:07,2025-05-06 16:21:14,22,,WIN,Bearishbreakdown
4224889145,BTCUSD,BUY,94153.558,94107.319,-0.46,-462390.00000001397,0.01,2025-05-06 16:01:03,2025-05-06 16:06:11,5,,LOSS,Signaltrade
4224894262,XAUUSD,BUY,3390.8,3396.16,5.36,53599.999999996726,0.01,2025-05-06 16:05:04,2025-05-06 16:38:37,33,,WIN,Signaltrade
4224894323,EURJPY,BUY,161.997,161.948,-0.34,-490.00000000006594,0.01,2025-05-06 16:05:07,2025-05-06 16:06:05,0,,LOSS,Signaltrade
4224908602,Crash 1000 Index,BUY,5140.495,5134.007,-1.3,-64880.00000000284,0.2,2025-05-06 16:15:05,2025-05-06 16:17:18,2,,LOSS,Signaltrade
4224911648,Jump 50 Index,SELL,31716.06,31741.18,-0.25,-251199.9999999898,0.01,2025-05-06 16:17:04,2025-05-06 16:20:28,3,,LOSS,Signaltrade
4224912941,Crash 1000 Index,BUY,5134.514,5137.809,0.66,32950.00000000073,0.2,2025-05-06 16:18:03,2025-05-06 16:54:08,36,,WIN,Signaltrade
4224915579,BTCUSD,BUY,94385.858,94385.242,-0.01,-6159.999999945285,0.01,2025-05-06 16:20:09,2025-05-06 16:32:22,12,,LOSS,Signaltrade
4224917709,EURJPY,BUY,162.065,162.012,-0.37,-529.9999999999727,0.01,2025-05-06 16:22:07,2025-05-06 16:43:43,21,,LOSS,Signaltrade
4224921739,Jump 50 Index,SELL,31735.88,31838.18,-1.02,-1022999.9999999928,0.01,2025-05-06 16:26:03,2025-05-06 16:26:16,0,,LOSS,Signaltrade
4224928551,Jump 50 Index,BUY,31807.62,31731.44,-0.76,-761800.0000000029,0.01,2025-05-06 16:33:03,2025-05-06 16:34:31,1,,LOSS,Signaltrade
4224928884,BTCUSD,BUY,94464.458,94586.942,1.22,1224839.9999999674,0.01,2025-05-06 16:33:14,2025-05-06 16:34:47,1,,WIN,Signaltrade
4224934287,BTCUSD,BUY,94701.958,94473.402,-2.29,-2285559.9999999683,0.01,2025-05-06 16:38:09,2025-05-06 16:46:16,8,,LOSS,Signaltrade
4224935483,XAUUSD,BUY,3396.42,3393.55,-2.87,-28699.99999999891,0.01,2025-05-06 16:39:02,2025-05-06 16:55:01,15,,LOSS,Signaltrade
4224945804,BTCUSD,BUY,94614.458,94379.37,-2.35,-2350880.0000000335,0.01,2025-05-06 16:47:09,2025-05-06 17:06:38,19,,LOSS,Signaltrade
4224948263,Volatility 10 Index,BUY,6281.064,6282.214,0.58,11499.999999996362,0.5,2025-05-06 16:49:04,2025-05-06 19:41:20,172,,WIN,Signaltrade
4224958465,Crash 1000 Index,BUY,5139.115,5149.961,2.17,108460.00000000458,0.2,2025-05-06 16:57:21,2025-05-06 17:54:38,57,,WIN,Signaltrade
4224958491,Jump 50 Index,SELL,31798.25,31638.91,1.5899999999999999,1593400.0000000014,0.01,2025-05-06 16:57:24,2025-05-06 17:01:41,4,,WIN,Signaltrade
4224959589,XAUUSD,BUY,3396.06,3395.63,-0.43,-4299.999999998363,0.01,2025-05-06 16:58:03,2025-05-06 17:15:15,17,,LOSS,Signaltrade
4224959645,EURJPY,BUY,161.982,161.93,-0.36,-519.999999999925,0.01,2025-05-06 16:58:05,2025-05-06 17:01:28,3,,LOSS,Signaltrade
4224966883,USDJPY,BUY,142.811,142.768,-0.3,-430.00000000006366,0.01,2025-05-06 17:05:02,2025-05-06 17:10:05,5,,LOSS,Signaltrade
4224971714,GBPJPY,SELL,190.713,190.848,-0.95,-1350.0000000001933,0.01,2025-05-06 17:09:05,2025-05-06 17:33:29,24,,LOSS,Signaltrade
4224982644,Boom 1000 Index,SELL,19439.342,19430.185,1.83,91569.99999999243,0.2,2025-05-06 17:18:07,2025-05-06 17:28:27,10,,WIN,Bearishbreakdown
4224984864,XAUUSD,BUY,3397.35,3403.62,6.27,62699.99999999982,0.01,2025-05-06 17:20:02,2025-05-06 17:41:24,21,,WIN,Signaltrade
4224984940,EURJPY,BUY,162.063,161.982,-0.57,-809.9999999998886,0.01,2025-05-06 17:20:04,2025-05-06 17:22:06,2,,LOSS,Signaltrade
4224992236,USDJPY,BUY,142.723,142.641,-0.57,-820.0000000002206,0.01,2025-05-06 17:26:02,2025-05-06 18:05:08,39,,LOSS,Signaltrade
4224996249,AUDJPY,BUY,92.677,92.65,-0.19,-270.00000000001023,0.01,2025-05-06 17:30:02,2025-05-06 17:44:39,14,,LOSS,Signaltrade
4225001271,GBPJPY,SELL,190.802,190.665,0.96,1370.0000000000045,0.01,2025-05-06 17:34:02,2025-05-06 17:47:33,13,,WIN,Signaltrade
4225009012,BTCUSD,BUY,94665.958,94450.142,-2.16,-2158159.999999916,0.01,2025-05-06 17:39:03,2025-05-06 17:44:20,5,,LOSS,Signaltrade
4225016578,EURJPY,BUY,162.005,161.958,-0.33,-469.99999999997044,0.01,2025-05-06 17:45:01,2025-05-06 17:46:20,1,,LOSS,Signaltrade
4225019524,BTCUSD,BUY,94427.558,94197.442,-2.3,-2301160.000000091,0.01,2025-05-06 17:47:02,2025-05-06 17:56:26,9,,LOSS,Signaltrade
4225019558,AUDJPY,BUY,92.663,92.454,-1.47,-2090.000000000032,0.01,2025-05-06 17:47:04,2025-05-06 18:45:25,58,,LOSS,Signaltrade
4225020970,GBPJPY,SELL,190.622,190.676,-0.38,-539.9999999997362,0.01,2025-05-06 17:48:02,2025-05-06 17:57:50,9,,LOSS,Signaltrade
4225022183,XAUUSD,BUY,3409.97,3408.09,-1.88,-18799.999999996544,0.01,2025-05-06 17:49:02,2025-05-06 17:57:26,8,,LOSS,Signaltrade
4225032790,XAUUSD,BUY,3407.0,3413.53,6.53,65300.000000002,0.01,2025-05-06 17:58:01,2025-05-06 20:03:19,125,,WIN,Signaltrade
4225034076,Crash 1000 Index,BUY,5151.603,5149.37,-0.45,-22330.000000001746,0.2,2025-05-06 17:59:03,2025-05-06 18:14:31,15,,LOSS,Signaltrade
4225036474,BTCUSD,BUY,94224.858,94220.291,-0.05,-45669.9999999546,0.01,2025-05-06 18:01:07,2025-05-06 18:04:55,3,,LOSS,Signaltrade
4225042233,EURJPY,BUY,162.047,161.998,-0.34,-490.00000000006594,0.01,2025-05-06 18:06:02,2025-05-06 18:06:52,0,,LOSS,Signaltrade
4225044649,GBPJPY,SELL,190.622,190.685,-0.44,-629.9999999998818,0.01,2025-05-06 18:08:01,2025-05-06 18:08:45,0,,LOSS,Signaltrade
4225044754,Jump 50 Index,BUY,31812.22,31792.29,-0.2,-199300.0000000029,0.01,2025-05-06 18:08:09,2025-05-06 18:10:00,1,,LOSS,Signaltrade
4225046022,BTCUSD,BUY,94444.858,94820.042,3.75,3751840.000000084,0.01,2025-05-06 18:09:05,2025-05-06 19:28:23,79,,WIN,Signaltrade
4225047144,Jump 50 Index,BUY,31800.95,31731.02,-0.7,-699300.0000000029,0.01,2025-05-06 18:10:02,2025-05-06 18:18:55,8,,LOSS,Signaltrade
4225114028,Crash 1000 Index,BUY,5153.754,5150.529,-0.65,-32249.999999994543,0.2,2025-05-06 19:09:33,2025-05-06 20:29:54,80,,LOSS,Signaltrade
4225115214,Jump 50 Index,BUY,31761.92,31718.65,-0.43,-432699.999999968,0.01,2025-05-06 19:10:27,2025-05-06 19:15:02,4,,LOSS,Signaltrade
4225115248,USDJPY,SELL,142.583,142.524,0.41,589.999999999975,0.01,2025-05-06 19:10:28,2025-05-06 19:36:27,25,,WIN,Signaltrade
4225116945,EURJPY,BUY,161.942,162.033,0.64,909.9999999997976,0.01,2025-05-06 19:12:01,2025-05-06 20:46:56,94,,WIN,Signaltrade
4225118930,CADJPY,SELL,103.459,103.503,-0.31,-439.9999999999693,0.01,2025-05-06 19:14:03,2025-05-06 20:52:26,98,,LOSS,Signaltrade
4225122160,Jump 50 Index,BUY,31713.7,31791.31,0.78,776100.0000000058,0.01,2025-05-06 19:16:25,2025-05-06 19:21:18,4,,WIN,Signaltrade
4225124076,Step Index,SELL,8475.0,8477.8,-2.8,-27999.999999992724,0.1,2025-05-06 19:18:04,2025-05-06 19:21:02,2,,LOSS,Signaltrade
4225126409,AUDJPY,BUY,92.552,92.429,-0.86,-1230.0000000000466,0.01,2025-05-06 19:20:15,2025-05-06 21:41:33,141,,LOSS,Signaltrade
4225131370,Jump 50 Index,BUY,31786.77,31705.9,-0.81,-808699.9999999898,0.01,2025-05-06 19:25:03,2025-05-06 19:32:37,7,,LOSS,Signaltrade
4225140518,BTCUSD,BUY,94852.658,94774.142,-0.79,-785159.9999998871,0.01,2025-05-06 19:34:11,2025-05-06 19:41:24,7,,LOSS,Signaltrade
4225147272,Boom 300 Index,SELL,1949.378,1950.489,-1.11,-11110.000000001037,1.0,2025-05-06 19:41:16,2025-05-06 19:43:16,2,,LOSS,Bearishbreakdown
4225149852,Volatility 10 Index,BUY,6283.129,6275.678,-3.73,-74510.00000000022,0.5,2025-05-06 19:43:30,2025-05-06 20:59:50,76,,LOSS,BullishreversalM
4225149930,Boom 300 Index,SELL,1949.787,1944.545,5.24,52419.99999999962,1.0,2025-05-06 19:43:34,2025-05-06 19:57:39,14,,WIN,Bearishbreakdown
4225151684,Crash 500 Index,SELL,3343.167,3348.635,-1.09,-54680.00000000302,0.2,2025-05-06 19:45:02,2025-05-06 19:57:23,12,,LOSS,Signaltrade
4225151786,GBPJPY,SELL,190.444,190.592,-1.04,-1480.0000000002456,0.01,2025-05-06 19:45:05,2025-05-06 20:02:29,17,,LOSS,Signaltrade
4225202882,Boom 300 Index,SELL,1955.355,1950.573,4.78,47819.99999999926,1.0,2025-05-06 20:38:09,2025-05-06 20:43:20,5,,WIN,Bearishbreakdown
4225203997,BTCUSD,BUY,95041.858,94808.542,-2.33,-2333159.999999916,0.01,2025-05-06 20:39:30,2025-05-06 21:01:52,22,,LOSS,Signaltrade
4225204493,USDJPY,SELL,142.394,142.465,-0.5,-709.9999999999795,0.01,2025-05-06 20:40:10,2025-05-06 21:10:47,30,,LOSS,Signaltrade
4225207535,Boom 300 Index,SELL,1949.407,1941.252,8.16,81549.99999999972,1.0,2025-05-06 20:44:04,2025-05-06 20:53:50,9,,WIN,Bearishbreakdown
4225213318,Crash 1000 Index,BUY,5148.478,5157.687,1.8399999999999999,92089.99999999833,0.2,2025-05-06 20:50:04,2025-05-06 21:41:34,51,,WIN,Signaltrade
4225224058,Step Index,BUY,8480.6,8475.6,-5.0,-50000.0,0.1,2025-05-06 21:00:06,2025-05-06 21:41:34,41,,LOSS,BullishreversalM
4225229097,BTCUSD,BUY,94925.258,94710.242,-2.15,-2150160.0000000326,0.01,2025-05-06 21:05:09,2025-05-06 21:28:53,23,,LOSS,Signaltrade
4225230496,Volatility 10 Index,SELL,6279.1,6279.785,-0.69,-6849.999999994907,1.0,2025-05-06 21:06:50,2025-05-06 21:41:34,34,,LOSS,Signaltrade
4225230602,XAUUSD,BUY,3424.22,3429.76,554.0,55400.000000004184,1.0,2025-05-06 21:06:52,2025-05-06 21:41:33,34,,WIN,Signaltrade
4225230935,Jump 50 Index,SELL,31598.31,31638.46,-40.15,-401499.9999999782,1.0,2025-05-06 21:07:06,2025-05-06 21:08:35,1,,LOSS,BearishreversalS
4225235097,Boom 300 Index,SELL,1939.218,1932.773,6.45,64450.00000000164,1.0,2025-05-06 21:12:10,2025-05-06 21:29:43,17,,WIN,Bearishbreakdown
4225237361,USDJPY,SELL,142.398,142.5,-71.58,-1020.0000000000387,1.0,2025-05-06 21:15:02,2025-05-06 21:31:34,16,,LOSS,Signaltrade
4225237446,CADJPY,SELL,103.425,103.369,39.33,559.9999999999739,1.0,2025-05-06 21:15:05,2025-05-06 21:41:33,26,,WIN,Signaltrade
4225250006,Range Break 200 Index,SELL,82186.3,82193.6,-7.3,-73000.0000000291,1.0,2025-05-06 21:30:05,2025-05-06 21:41:34,11,,LOSS,Signaltrade
4225271813,BTCUSD,BUY,94679.958,94589.542,-90.42,-904159.9999999744,1.0,2025-05-06 21:53:19,2025-05-06 21:55:33,2,,LOSS,Bullishbreakouta
4225278903,Volatility 10 Index,SELL,6274.734,6275.742,-1.01,-10079.999999998108,1.0,2025-05-06 22:01:04,2025-05-06 22:02:40,1,,LOSS,Bearishbreakdown
4225279003,Boom 300 Index,SELL,1919.767,1912.107,7.66,76600.00000000081,1.0,2025-05-06 22:01:11,2025-05-06 22:33:46,32,,WIN,Bearishbreakdown
4225280426,BTCUSD,BUY,94730.758,94623.142,-107.62,-1076159.9999999453,1.0,2025-05-06 22:03:16,2025-05-06 22:13:04,9,,LOSS,Bullishbreakouta
4225287831,Crash 1000 Index,BUY,5164.045,5186.589,22.54,225439.9999999987,1.0,2025-05-06 22:14:06,2025-05-06 23:30:29,76,,WIN,Signaltrade
4225287972,Range Break 200 Index,SELL,82183.3,82193.6,-10.3,-103000.0000000291,1.0,2025-05-06 22:14:22,2025-05-07 13:35:44,921,,LOSS,Signaltrade
4225288072,Boom 1000 Index,BUY,19420.58,19402.251,-18.33,-183290.00000001543,1.0,2025-05-06 22:14:34,2025-05-06 22:29:12,14,,LOSS,BullishreversalB
4225288092,Jump 50 Index,SELL,31905.29,31976.12,-70.83,-708299.9999999811,1.0,2025-05-06 22:14:39,2025-05-06 22:18:52,4,,LOSS,BearishreversalB
4225322478,Boom 300 Index,SELL,1924.308,1920.919,3.39,33889.99999999897,1.0,2025-05-06 23:04:10,2025-05-06 23:08:19,4,,WIN,Bearishbreakdown
4225328715,Boom 300 Index,SELL,1919.153,1930.97,-11.82,-118170.00000000007,1.0,2025-05-06 23:09:45,2025-05-06 23:41:18,31,,LOSS,Bearishbreakdown
4225330202,XAUUSD,BUY,3411.34,3404.22,-712.0,-71200.00000000346,1.0,2025-05-06 23:11:04,2025-05-06 23:17:31,6,,LOSS,Bullishbreakouta
4225858989,Crash 500 Index,SELL,3297.541,3302.888,-5.35,-53469.999999997526,1.0,2025-05-07 11:10:48,2025-05-07 12:06:25,55,,LOSS,Bearishbreakdown
4225914997,Boom 300 Index,BUY,1861.31,1881.167,19.86,198569.9999999997,1.0,2025-05-07 11:59:49,2025-05-07 12:02:17,2,,WIN,BullishreversalB
4225926228,Crash 500 Index,SELL,3302.732,3307.006,-4.27,-42739.99999999887,1.0,2025-05-07 12:10:06,2025-05-07 12:34:13,24,,LOSS,BearishreversalB
4225926256,Boom 300 Index,BUY,1886.735,1872.002,-14.73,-147329.99999999948,1.0,2025-05-07 12:10:09,2025-05-07 13:01:09,51,,LOSS,BullishreversalB
4225926337,BTCUSD,BUY,96977.658,96926.342,-51.32,-513159.9999999162,1.0,2025-05-07 12:10:12,2025-05-07 13:05:31,55,,LOSS,BullishreversalH
4225926389,Jump 50 Index,SELL,31187.92,31223.04,-35.12,-351200.0000000262,1.0,2025-05-07 12:10:15,2025-05-07 12:11:26,1,,LOSS,BearishreversalB
4225926444,Step Index,BUY,8448.5,8439.2,-93.0,-92999.99999999272,1.0,2025-05-07 12:10:17,2025-05-07 13:14:50,64,,LOSS,BullishreversalB
4225926502,GBPJPY,BUY,191.298,191.368,48.83,699.9999999999318,1.0,2025-05-07 12:10:20,2025-05-07 13:35:43,85,,WIN,BullishreversalH
4225926566,AUDJPY,BUY,92.817,92.789,-19.52,-279.9999999999159,1.0,2025-05-07 12:10:22,2025-05-07 13:08:42,58,,LOSS,BullishreversalH
4225929776,EURJPY,BUY,162.845,162.845,0.0,0.0,1.0,2025-05-07 12:13:09,2025-05-07 12:58:43,45,,BREAK EVEN,BullishreversalH
4225955146,Volatility 10 Index,SELL,6288.477,6280.958,7.52,75190.00000000233,1.0,2025-05-07 12:33:52,2025-05-07 13:35:44,61,,WIN,BearishreversalS
4225955569,XAUUSD,SELL,3384.55,3389.59,-504.0,-50399.999999999636,1.0,2025-05-07 12:34:01,2025-05-07 12:41:27,7,,LOSS,BearishreversalE
4225972501,Boom 1000 Index,SELL,19384.418,19373.546,10.87,108720.00000003027,1.0,2025-05-07 12:49:06,2025-05-07 12:59:59,10,,WIN,Bearishbreakdown
4225976894,CADJPY,BUY,103.961,103.86,-70.45,-1009.9999999999909,1.0,2025-05-07 12:52:09,2025-05-07 13:35:43,43,,LOSS,BullishreversalH
4225979131,Jump 50 Index,SELL,30838.37,30883.68,-45.31,-453100.0000000131,1.0,2025-05-07 12:54:08,2025-05-07 12:54:46,0,,LOSS,BearishreversalS
4225981383,USDJPY,BUY,143.384,143.339,-31.39,-449.99999999987494,1.0,2025-05-07 12:56:15,2025-05-07 13:35:43,39,,LOSS,BullishreversalH
4225983698,Crash 500 Index,SELL,3305.034,3305.596,-0.56,-5619.999999998981,1.0,2025-05-07 12:58:29,2025-05-07 13:35:44,37,,LOSS,BearishreversalB
4225987874,EURJPY,BUY,162.912,162.857,-38.36,-550.0000000000682,1.0,2025-05-07 13:02:08,2025-05-07 13:35:43,33,,LOSS,BullishreversalB
4226005133,BTCUSD,BUY,97017.158,96869.942,-147.22,-1472160.0000000035,1.0,2025-05-07 13:16:10,2025-05-07 13:28:26,12,,LOSS,BullishreversalM
4226029906,Crash 1000 Index,SELL,5124.167,5124.607,-0.44,-4399.999999995998,1.0,2025-05-07 13:35:01,2025-05-07 13:35:44,0,,LOSS,BearishreversalB
4226030021,BTCUSD,BUY,96903.658,96852.042,-51.62,-516159.9999999453,1.0,2025-05-07 13:35:06,2025-05-07 13:35:43,0,,LOSS,BullishreversalH
4226030124,Jump 50 Index,BUY,31162.91,31166.16,3.25,32500.0,1.0,2025-05-07 13:35:10,2025-05-07 13:35:44,0,,WIN,BullishreversalH
4226030166,Step Index,SELL,8437.2,8438.0,-8.0,-7999.999999992724,1.0,2025-05-07 13:35:12,2025-05-07 13:35:44,0,,LOSS,BearishreversalB
4226031078,Volatility 10 Index,SELL,6280.15,6283.772,-3.62,-36220.00000000298,1.0,2025-05-07 13:36:02,2025-05-07 14:13:34,37,,LOSS,BearishreversalB
4226031183,Crash 1000 Index,SELL,5124.43,5104.547,19.88,198830.00000000722,1.0,2025-05-07 13:36:05,2025-05-07 13:45:53,9,,WIN,BearishreversalB
4226031232,Boom 300 Index,SELL,1890.382,1901.941,-11.56,-115589.9999999997,1.0,2025-05-07 13:36:07,2025-05-07 13:52:39,16,,LOSS,Bearishbreakdown
4226031276,Boom 1000 Index,SELL,19330.041,19305.194,24.85,248470.00000001572,1.0,2025-05-07 13:36:10,2025-05-07 14:13:30,37,,WIN,Bearishbreakdown
4226031346,Step Index,SELL,8438.2,8438.5,-3.0,-2999.999999992724,1.0,2025-05-07 13:36:12,2025-05-07 14:13:33,37,,LOSS,BearishreversalB
4226031467,USDJPY,BUY,143.361,143.321,-27.91,-399.9999999999204,1.0,2025-05-07 13:36:13,2025-05-07 14:13:28,37,,LOSS,BullishreversalB
4226031495,GBPJPY,BUY,191.399,191.501,71.16,1020.0000000000387,1.0,2025-05-07 13:36:15,2025-05-07 14:13:32,37,,WIN,BullishreversalH
4226036601,XAUUSD,SELL,3387.14,3390.51,-337.0,-33700.000000003456,1.0,2025-05-07 13:40:05,2025-05-07 14:13:32,33,,LOSS,BearishreversalS
4226056285,AUDJPY,BUY,92.772,92.659,-78.84,-1129.9999999999955,1.0,2025-05-07 13:55:03,2025-05-07 14:01:47,6,,LOSS,BullishreversalM
4226056518,CADJPY,BUY,103.866,103.848,-12.56,-180.00000000000682,1.0,2025-05-07 13:55:12,2025-05-07 14:13:27,18,,LOSS,BullishreversalM
4226104163,Volatility 10 Index,SELL,6284.46,6290.348,-5.89,-58879.9999999992,1.0,2025-05-07 14:32:04,2025-05-07 15:06:26,34,,LOSS,BearishreversalB
4226105897,XAUUSD,SELL,3389.33,3389.29,4.0,399.9999999996362,1.0,2025-05-07 14:33:14,2025-05-07 16:03:05,89,,WIN,Pin-baratresista
4226105926,USDJPY,BUY,143.271,143.234,-25.83,-369.9999999997772,1.0,2025-05-07 14:33:17,2025-05-07 15:45:02,71,,LOSS,Pin-baratsupport
4226105947,EURJPY,BUY,162.744,162.729,-10.47,-149.99999999986358,1.0,2025-05-07 14:33:18,2025-05-07 16:17:14,103,,LOSS,Pin-baratsupport
4226105955,GBPJPY,BUY,191.467,191.46,-4.89,-70.00000000005002,1.0,2025-05-07 14:33:19,2025-05-07 15:55:26,82,,LOSS,Pin-baratsupport
4226121288,AUDJPY,BUY,92.662,92.611,-35.6,-510.0000000000193,1.0,2025-05-07 14:45:05,2025-05-07 14:46:03,0,,LOSS,Pin-baratsupport
4226121398,CADJPY,BUY,103.914,103.842,-50.27,-720.0000000000273,1.0,2025-05-07 14:45:07,2025-05-07 14:46:16,1,,LOSS,Pin-baratsupport
4226138686,Crash 500 Index,SELL,3320.011,3320.642,-0.63,-6309.999999998581,1.0,2025-05-07 14:57:19,2025-05-07 16:01:59,64,,LOSS,Signaltrade
4226138774,Crash 1000 Index,SELL,5124.314,5102.014,22.3,223000.0000000018,1.0,2025-05-07 14:57:22,2025-05-07 15:25:15,27,,WIN,Signaltrade
4226138820,Boom 1000 Index,SELL,19270.849,19315.667,-44.82,-448180.0000000294,1.0,2025-05-07 14:57:24,2025-05-07 15:23:19,25,,LOSS,Signaltrade
4226138833,Jump 50 Index,SELL,31352.62,31369.55,-16.93,-169300.0000000029,1.0,2025-05-07 14:57:25,2025-05-07 15:14:22,16,,LOSS,Signaltrade
4226138885,Boom 300 Index,SELL,1898.642,1916.765,-18.12,-181230.00000000047,1.0,2025-05-07 14:57:30,2025-05-07 15:11:28,13,,LOSS,BearishreversalS
4226139017,AUDJPY,BUY,92.707,92.467,-167.5,-2399.999999999949,1.0,2025-05-07 14:57:40,2025-05-07 18:52:27,234,,LOSS,BullishreversalH
4226139033,CADJPY,BUY,103.924,104.085,112.17,1609.9999999998715,1.0,2025-05-07 14:57:41,2025-05-07 17:14:42,137,,WIN,BullishreversalH
4226150415,Step Index,SELL,8441.5,8441.6,-1.0,-1000.000000003638,1.0,2025-05-07 15:05:53,2025-05-07 16:00:46,54,,LOSS,Signaltrade
4226150521,Range Break 200 Index,SELL,82150.3,82192.6,-42.3,-423000.0000000291,1.0,2025-05-07 15:05:57,2025-05-07 17:08:41,122,,LOSS,Signaltrade
4226162019,Volatility 10 Index,BUY,6294.135,6309.706,15.57,155709.99999999913,1.0,2025-05-07 15:15:06,2025-05-07 17:17:46,122,,WIN,BullishreversalB
4226203481,USDJPY,BUY,143.257,143.181,-53.08,-759.9999999999341,1.0,2025-05-07 15:45:03,2025-05-07 15:54:13,9,,LOSS,Pin-baratsupport
4226220778,BTCUSD,SELL,96859.542,96866.839,-7.3,-72970.00000005937,1.0,2025-05-07 16:00:05,2025-05-07 16:05:04,4,,LOSS,BearishreversalS
4226220908,USDJPY,BUY,143.299,143.292,-4.89,-70.00000000005002,1.0,2025-05-07 16:00:11,2025-05-07 18:52:19,172,,LOSS,Pin-baratsupport
4226220930,GBPJPY,BUY,191.542,190.98,-392.26,-5620.000000000118,1.0,2025-05-07 16:00:12,2025-05-07 19:01:26,181,,LOSS,Pin-baratsupport
4226236580,XAUUSD,SELL,3387.28,3387.24,4.0,400.0000000041837,1.0,2025-05-07 16:15:08,2025-05-07 16:36:39,21,,WIN,Pin-baratresista
4226236692,BTCUSD,SELL,96810.042,96982.505,-172.46,-1724630.0000000338,1.0,2025-05-07 16:15:14,2025-05-07 16:19:45,4,,LOSS,BearishreversalS
4226253039,EURJPY,BUY,162.661,162.681,13.95,200.00000000010232,1.0,2025-05-07 16:30:05,2025-05-07 18:10:53,100,,WIN,BullishreversalH
4226270244,XAUUSD,BUY,3385.49,3383.55,-194.0,-19399.999999996,1.0,2025-05-07 16:45:06,2025-05-07 16:52:59,7,,LOSS,Pin-baratsupport
4226287761,XAUUSD,BUY,3385.15,3383.14,-201.0,-20100.000000002183,1.0,2025-05-07 17:00:10,2025-05-07 17:14:20,14,,LOSS,Pin-baratsupport
4226301485,XAUUSD,BUY,3383.38,3383.18,-20.0,-2000.0000000027285,1.0,2025-05-07 17:15:06,2025-05-07 19:31:16,136,,LOSS,Pin-baratsupport
4226301531,CADJPY,BUY,104.125,103.907,-151.96,-2180.0000000000355,1.0,2025-05-07 17:15:11,2025-05-07 18:51:48,96,,LOSS,Hammeratsupportz
4226316711,Range Break 200 Index,SELL,82163.3,82102.6,60.7,606999.9999999709,1.0,2025-05-07 17:30:08,2025-05-07 23:06:29,336,,WIN,BearishreversalE
4226616421,XAUUSD,SELL,3364.73,3368.13,-340.0,-34000.00000000091,1.0,2025-05-07 21:58:21,2025-05-07 23:01:14,62,,LOSS,ShootingStaratre
4226616852,USDJPY,SELL,143.813,143.897,-58.38,-840.0000000000318,1.0,2025-05-07 21:58:38,2025-05-07 23:49:47,111,,LOSS,ShootingStaratre
4226617151,Crash 500 Index,SELL,3265.841,3266.916,-1.08,-10750.000000002728,1.0,2025-05-07 21:59:00,2025-05-07 22:33:57,34,,LOSS,Bearishbreakdown
4226621361,Boom 300 Index,BUY,1945.244,1948.419,3.18,31750.00000000182,1.0,2025-05-07 22:04:38,2025-05-07 23:03:38,59,,WIN,Bullishbreakouta
4226621853,Step Index,SELL,8444.2,8445.3,-11.0,-10999.999999985448,1.0,2025-05-07 22:05:18,2025-05-07 23:00:31,55,,LOSS,BearishreversalB
4226629802,BTCUSD,SELL,96744.842,96890.887,-146.05,-1460449.9999999825,1.0,2025-05-07 22:15:09,2025-05-07 22:25:01,9,,LOSS,BearishreversalS
4226629845,CADJPY,BUY,103.936,103.818,-82.09,-1180.000000000092,1.0,2025-05-07 22:15:13,2025-05-07 22:19:48,4,,LOSS,Pin-baratsupport
4226640385,CADJPY,BUY,103.924,103.906,-12.52,-180.00000000000682,1.0,2025-05-07 22:30:19,2025-05-08 00:31:48,121,,LOSS,Pin-baratsupport
4226660967,XAUUSD,SELL,3368.1,3372.03,-393.0,-39300.00000000291,1.0,2025-05-07 23:01:32,2025-05-07 23:04:09,2,,LOSS,ShootingStaratre
4226661010,EURJPY,SELL,162.595,162.766,-118.82,-1709.9999999999227,1.0,2025-05-07 23:01:37,2025-05-08 01:05:33,123,,LOSS,Pin-baratresista
4226668122,Volatility 10 Index,BUY,6289.021,6289.127,0.11,1060.0000000067666,1.0,2025-05-07 23:11:24,2025-05-07 23:51:24,40,,WIN,Signaltrade
4226668137,Crash 1000 Index,SELL,5122.511,5126.662,-4.15,-41509.9999999984,1.0,2025-05-07 23:11:26,2025-05-07 23:41:18,29,,LOSS,Signaltrade
4226668139,Boom 1000 Index,SELL,19174.054,19203.531,-29.48,-294769.9999999895,1.0,2025-05-07 23:11:28,2025-05-07 23:16:37,5,,LOSS,Signaltrade
4226668154,Step Index,SELL,8447.5,8449.9,-24.0,-23999.999999996362,1.0,2025-05-07 23:11:29,2025-05-08 01:35:37,144,,LOSS,Signaltrade
4226700063,Boom 1000 Index,SELL,19217.814,19206.931,10.88,108829.99999997992,1.0,2025-05-08 00:05:14,2025-05-08 00:49:26,44,,WIN,Signaltrade
4226705184,USDJPY,BUY,143.844,143.65,-135.05,-1939.999999999884,1.0,2025-05-08 00:15:07,2025-05-08 01:51:29,96,,LOSS,Signaltrade
4226720118,XAUUSD,SELL,3375.78,3377.47,-169.0,-16899.999999996,1.0,2025-05-08 00:45:01,2025-05-08 01:14:27,29,,LOSS,Signaltrade
4226747288,Volatility 10 Index,SELL,6272.689,6282.2,-9.51,-95109.99999999513,1.0,2025-05-08 01:36:42,2025-05-08 03:40:28,123,,LOSS,Signaltrade
4226747440,XAUUSD,SELL,3384.13,3384.17,-4.0,-399.9999999996362,1.0,2025-05-08 01:37:04,2025-05-08 01:45:37,8,,LOSS,Signaltrade
4226747577,Boom 1000 Index,SELL,19191.07,19199.068,-8.0,-79979.99999999593,1.0,2025-05-08 01:37:24,2025-05-08 02:44:32,67,,LOSS,Signaltrade
4227127293,Volatility 10 Index,SELL,6278.3,6279.652,-1.35,-13519.999999998618,1.0,2025-05-08 09:49:58,2025-05-08 10:09:30,19,,LOSS,Signaltrade
4227127410,Crash 1000 Index,SELL,5124.444,5123.102,1.34,13420.00000000553,1.0,2025-05-08 09:50:02,2025-05-08 10:09:29,19,,WIN,Signaltrade
4227127472,Step Index,BUY,8486.7,8486.3,-4.0,-4000.000000014552,1.0,2025-05-08 09:50:05,2025-05-08 10:09:29,19,,LOSS,Signaltrade
4227127517,USDJPY,BUY,144.784,144.785,0.69,10.000000000047748,1.0,2025-05-08 09:50:06,2025-05-08 10:09:28,19,,WIN,Signaltrade
4227127530,EURJPY,BUY,163.465,163.51,31.08,449.99999999987494,1.0,2025-05-08 09:50:07,2025-05-08 10:09:28,19,,WIN,Signaltrade
4227127546,CADJPY,BUY,104.439,104.419,-13.81,-199.9999999999602,1.0,2025-05-08 09:50:09,2025-05-08 10:09:28,19,,LOSS,Signaltrade
4227136142,Range Break 200 Index,BUY,82316.6,82307.3,-9.3,-93000.0000000291,1.0,2025-05-08 10:00:04,2025-05-08 10:09:29,9,,LOSS,Signaltrade
4227145329,AUDJPY,BUY,92.914,92.893,-14.5,-210.00000000000796,1.0,2025-05-08 10:08:45,2025-05-08 10:09:28,0,,LOSS,Signaltrade
4227168063,XAUUSD,SELL,3339.89,3340.04,-15.0,-1500.0000000009095,1.0,2025-05-08 10:31:13,2025-05-08 10:44:16,13,,LOSS,Signaltrade
4227168183,Step Index,SELL,8479.4,8484.5,-51.0,-51000.00000000364,1.0,2025-05-08 10:31:18,2025-05-08 10:52:03,20,,LOSS,Signaltrade
4227168223,Range Break 200 Index,SELL,82283.3,82292.6,-9.3,-93000.0000000291,1.0,2025-05-08 10:31:19,2025-05-08 11:14:48,43,,LOSS,Signaltrade
4227192761,AUDJPY,BUY,92.886,92.912,17.94,260.0000000001046,1.0,2025-05-08 10:55:07,2025-05-08 11:14:47,19,,WIN,Signaltrade
4227204276,BTCUSD,BUY,99768.358,99617.342,-151.02,-1510159.999999887,1.0,2025-05-08 11:04:49,2025-05-08 11:14:47,9,,LOSS,Signaltrade
4227204363,Crash 500 Index,SELL,3236.872,3237.188,-0.32,-3160.000000002583,1.0,2025-05-08 11:04:55,2025-05-08 11:14:25,9,,LOSS,BearishreversalB
4227204398,Crash 1000 Index,SELL,5112.906,5116.073,-3.17,-31670.00000000371,1.0,2025-05-08 11:04:57,2025-05-08 11:14:48,9,,LOSS,BearishreversalB
4227204457,Boom 300 Index,BUY,2038.926,2038.248,-0.68,-6779.999999998836,1.0,2025-05-08 11:05:00,2025-05-08 11:14:48,9,,LOSS,BullishreversalB
4227204623,Jump 50 Index,SELL,31577.52,31768.8,-191.28,-1912799.9999999884,1.0,2025-05-08 11:05:10,2025-05-08 11:09:46,4,,LOSS,Bearishbreakdown
4227204746,Step Index,BUY,8492.4,8490.4,-20.0,-20000.0,1.0,2025-05-08 11:05:16,2025-05-08 11:14:48,9,,LOSS,BullishreversalB
4227204783,USDJPY,SELL,144.849,144.981,-91.05,-1320.00000000005,1.0,2025-05-08 11:05:19,2025-05-08 11:12:39,7,,LOSS,BearishreversalS
4227216022,Jump 50 Index,BUY,31803.2,31768.04,-35.16,-351599.99999999854,1.0,2025-05-08 11:15:08,2025-05-08 11:18:45,3,,LOSS,Signaltrade
4227216132,Boom 300 Index,BUY,2038.265,2037.32,-0.95,-9450.000000001637,1.0,2025-05-08 11:15:13,2025-05-08 11:21:37,6,,LOSS,BullishreversalH
4227216233,Step Index,SELL,8489.8,8486.8,30.0,30000.0,1.0,2025-05-08 11:15:16,2025-05-08 13:58:00,162,,WIN,BearishreversalS
4227219084,Boom 1000 Index,SELL,19223.642,19257.271,-33.63,-336290.00000000815,1.0,2025-05-08 11:17:49,2025-05-08 11:29:38,11,,LOSS,BearishreversalE
4227346451,BTCUSD,SELL,99330.142,99354.058,-23.92,-239159.9999999744,1.0,2025-05-08 13:15:51,2025-05-08 13:48:23,32,,LOSS,BearishreversalE
4227396353,BTCUSD,SELL,99294.742,99354.845,-60.1,-601030.0000000279,1.0,2025-05-08 13:53:33,2025-05-08 14:01:41,8,,LOSS,
4227396362,BTCUSD,SELL,99294.742,99354.845,-60.1,-601030.0000000279,1.0,2025-05-08 13:53:35,2025-05-08 14:01:41,8,,LOSS,
4227404075,Crash 1000 Index,SELL,5137.89,5137.898,-0.01,-79.99999999810825,1.0,2025-05-08 14:00:02,2025-05-08 14:49:27,49,,LOSS,Signaltrade
4227404256,Step Index,BUY,8486.8,8486.7,-1.0,-999.9999999854481,1.0,2025-05-08 14:00:06,2025-05-08 17:33:29,213,,LOSS,BullishreversalB
4227529314,BTCUSD,BUY,99490.958,99487.674,-3.2800000000000002,-32839.99999999651,1.0,2025-05-08 15:30:03,2025-05-08 15:37:20,7,,LOSS,BullishreversalM
4227550619,XAUUSD,SELL,3360.78,3356.68,410.0,41000.00000000364,1.0,2025-05-08 15:45:37,2025-05-08 16:10:22,24,,WIN,BearishreversalS
4227550800,BTCUSD,BUY,99566.158,99490.218,-75.94,-759400.0000000233,1.0,2025-05-08 15:45:48,2025-05-08 15:48:09,2,,LOSS,BullishreversalM
4227569914,Range Break 200 Index,BUY,82314.6,82563.3,248.7,2486999.999999971,1.0,2025-05-08 16:00:52,2025-05-08 17:18:16,77,,WIN,BullishreversalH
4227585206,XAUUSD,SELL,3358.52,3344.8,1372.0,137199.999999998,1.0,2025-05-08 16:15:03,2025-05-08 16:26:48,11,,WIN,BearishreversalE
4227760830,Crash 500 Index,SELL,3241.492,3241.504,-0.01,-119.99999999716238,1.0,2025-05-08 18:37:23,2025-05-08 19:17:58,40,,LOSS,Signaltrade
4227760872,Boom 1000 Index,BUY,19282.418,19311.637,29.22,292189.9999999732,1.0,2025-05-08 18:37:27,2025-05-08 20:10:22,92,,WIN,Signaltrade
4227760912,Volatility 10 Index,BUY,6280.368,6274.727,-5.64,-56410.00000000531,1.0,2025-05-08 18:37:30,2025-05-08 19:15:12,37,,LOSS,BullishreversalH
4227864339,Crash 500 Index,SELL,3251.636,3252.967,-1.33,-13310.00000000131,1.0,2025-05-08 20:17:30,2025-05-08 20:32:09,14,,LOSS,Signaltrade
4227864364,Step Index,BUY,8496.8,8497.0,2.0,2000.000000007276,1.0,2025-05-08 20:17:32,2025-05-08 22:13:34,116,,WIN,Signaltrade
4227864416,Boom 300 Index,SELL,2005.934,2006.909,-0.98,-9750.000000001364,1.0,2025-05-08 20:17:38,2025-05-08 20:20:55,3,,LOSS,Bearishbreakdown
4227870198,Boom 300 Index,SELL,2004.825,2008.562,-3.74,-37369.99999999853,1.0,2025-05-08 20:22:22,2025-05-08 20:25:39,3,,LOSS,
4227876621,Boom 300 Index,SELL,2005.88,2024.835,-18.96,-189549.99999999927,1.0,2025-05-08 20:27:55,2025-05-08 20:46:21,18,,LOSS,
4227892956,XAUUSD,BUY,3302.85,3306.34,349.0,34900.000000002365,1.0,2025-05-08 20:45:02,2025-05-08 20:56:28,11,,WIN,BullishreversalM
4227908415,XAUUSD,BUY,3307.32,3305.36,-196.0,-19600.000000000364,1.0,2025-05-08 21:00:03,2025-05-08 21:03:10,3,,LOSS,BullishreversalM
4227970476,Range Break 200 Index,SELL,82737.3,82992.6,-255.3,-2553000.000000029,1.0,2025-05-08 22:17:40,2025-05-09 03:09:11,291,,LOSS,BearishreversalE
4227979446,Step Index,BUY,8495.0,8485.8,-92.0,-92000.00000000728,1.0,2025-05-08 22:30:04,2025-05-08 23:11:50,41,,LOSS,Signaltrade
4227990441,Crash 1000 Index,BUY,5140.46,5138.247,-2.21,-22129.99999999738,1.0,2025-05-08 22:45:05,2025-05-08 23:17:23,32,,LOSS,BullishreversalM
4228002413,XAUUSD,SELL,3307.95,3311.67,-372.0,-37200.00000000255,1.0,2025-05-08 23:02:19,2025-05-08 23:05:06,2,,LOSS,BearishreversalS
4228007822,Boom 300 Index,SELL,2001.523,1996.715,4.8100000000000005,48079.99999999993,1.0,2025-05-08 23:08:53,2025-05-08 23:15:45,6,,WIN,Bearishbreakdown
4228007897,Jump 50 Index,BUY,32551.42,32701.63,150.21,1502100.0000000277,1.0,2025-05-08 23:08:57,2025-05-08 23:18:26,9,,WIN,BullishreversalM
4228010518,Volatility 10 Index,BUY,6285.194,6285.155,-0.04,-390.0000000066939,1.0,2025-05-08 23:12:50,2025-05-09 00:29:04,76,,LOSS,Signaltrade
4228010602,Boom 1000 Index,SELL,19287.861,19301.617,-13.76,-137559.99999997584,1.0,2025-05-08 23:13:01,2025-05-08 23:32:43,19,,LOSS,BearishreversalS
4228011994,XAUUSD,BUY,3313.43,3320.48,705.0,70500.00000000182,1.0,2025-05-08 23:15:07,2025-05-09 00:01:06,45,,WIN,BullishreversalM
4228023185,Boom 300 Index,SELL,1998.781,1999.407,-0.63,-6259.9999999997635,1.0,2025-05-08 23:30:07,2025-05-08 23:36:43,6,,LOSS,Bearishbreakdown
4228095262,Volatility 10 Index,SELL,6270.071,6269.334,0.74,7370.0000000008,1.0,2025-05-09 01:37:34,2025-05-09 03:01:52,84,,WIN,Signaltrade
4228096549,Step Index,BUY,8477.7,8475.2,-25.0,-25000.0,1.0,2025-05-09 01:40:07,2025-05-09 03:38:34,118,,LOSS,Signaltrade
4228096682,Boom 300 Index,SELL,1991.041,1991.271,-0.23,-2300.000000000182,1.0,2025-05-09 01:40:19,2025-05-09 01:45:25,5,,LOSS,Bearishbreakdown
4228098844,Boom 1000 Index,BUY,19246.777,19207.254,-39.52,-395229.9999999741,1.0,2025-05-09 01:45:03,2025-05-09 02:24:24,39,,LOSS,Signaltrade
4228255575,Volatility 10 Index,BUY,6257.688,6255.372,-2.32,-23159.999999998035,1.0,2025-05-09 06:12:30,2025-05-09 06:13:16,0,,LOSS,Pin-baratsupport
4228448432,Boom 300 Index,SELL,1964.75,1969.67,-4.92,-49200.00000000073,1.0,2025-05-09 09:52:55,2025-05-09 09:54:27,1,,LOSS,BearishreversalE
4228448907,Step Index,SELL,8466.6,8475.6,-90.0,-90000.0,1.0,2025-05-09 09:53:34,2025-05-09 14:24:42,271,,LOSS,Signaltrade
4228449010,Boom 1000 Index,SELL,19139.587,19206.015,-66.43,-664279.9999999988,1.0,2025-05-09 09:53:43,2025-05-09 09:56:40,2,,LOSS,Bearishbreakdown
4228449052,Jump 50 Index,SELL,31578.63,31612.04,-33.41,-334099.99999999854,1.0,2025-05-09 09:53:47,2025-05-09 09:55:18,1,,LOSS,Bearishbreakdown
4228499345,Volatility 10 Index,BUY,6250.646,6263.149,12.5,125030.00000000611,1.0,2025-05-09 10:45:04,2025-05-09 12:46:56,121,,WIN,BullishreversalH
4228929908,Crash 500 Index,BUY,3303.145,3310.794,7.65,76489.99999999886,1.0,2025-05-09 17:02:29,2025-05-09 17:33:57,31,,WIN,BullishreversalM
4228933313,Crash 1000 Index,SELL,5147.8,5139.919,7.88,78810.00000000313,1.0,2025-05-09 17:05:36,2025-05-09 17:30:31,24,,WIN,Signaltrade
4228933350,Step Index,SELL,8481.0,8490.2,-92.0,-92000.00000000728,1.0,2025-05-09 17:05:38,2025-05-09 18:55:36,109,,LOSS,Signaltrade
4228933488,BTCUSD,SELL,102569.042,102593.258,-24.22,-242160.0000000035,1.0,2025-05-09 17:05:44,2025-05-09 17:10:09,4,,LOSS,BearishreversalB
4228939090,BTCUSD,SELL,102547.942,102639.876,-91.93,-919340.0000000838,1.0,2025-05-09 17:10:54,2025-05-09 17:54:29,43,,LOSS,BearishreversalB
4228997250,BTCUSD,SELL,102429.942,103080.558,-650.62,-6506160.000000091,1.0,2025-05-09 18:01:03,2025-05-09 19:07:29,66,,LOSS,
4229070459,Step Index,BUY,8491.1,8482.5,-86.0,-86000.00000000364,1.0,2025-05-09 19:07:53,2025-05-09 20:03:53,56,,LOSS,Signaltrade
4229070502,Volatility 10 Index,SELL,6302.325,6281.091,21.23,212339.9999999947,1.0,2025-05-09 19:07:58,2025-05-09 20:25:36,77,,WIN,BearishreversalB
4229092895,Jump 50 Index,BUY,31399.01,31403.11,4.1,41000.00000002183,1.0,2025-05-09 19:30:07,2025-05-09 19:34:39,4,,WIN,BullishreversalM
4229106970,Jump 50 Index,BUY,31482.47,31521.41,38.94,389399.9999999869,1.0,2025-05-09 19:45:06,2025-05-09 19:50:24,5,,WIN,BullishreversalM
4229336910,Crash 1000 Index,SELL,5109.629,5065.235,44.39,443940.0000000023,1.0,2025-05-10 00:14:14,2025-05-10 05:59:47,345,,WIN,Bearishbreakdown
4229337459,Volatility 10 Index,SELL,6269.254,6274.836,-5.58,-55820.00000000335,1.0,2025-05-10 00:15:04,2025-05-10 00:32:46,17,,LOSS,Signaltrade
4229345364,Step Index,BUY,8485.3,8490.2,49.0,49000.00000001455,1.0,2025-05-10 00:30:13,2025-05-10 02:37:54,127,,WIN,BullishreversalM
4229353795,Volatility 10 Index,SELL,6276.26,6265.009,11.25,112510.00000000204,1.0,2025-05-10 00:47:12,2025-05-10 04:52:30,245,,WIN,Signaltrade
4229366350,BTCUSD,BUY,102994.058,102927.442,-66.62,-666160.0000000908,1.0,2025-05-10 01:15:11,2025-05-10 01:20:09,4,,LOSS,BullishreversalH
4229366749,Range Break 200 Index,SELL,83768.3,83741.6,26.7,266999.9999999709,1.0,2025-05-10 01:15:53,2025-05-10 07:25:18,369,,WIN,BearishreversalS
4229460077,Step Index,SELL,8476.2,8481.7,-55.0,-55000.0,1.0,2025-05-10 04:45:04,2025-05-10 04:52:03,6,,LOSS,Signaltrade
4229479334,Volatility 10 Index,BUY,6263.267,6267.621,4.35,43540.00000000269,1.0,2025-05-10 05:25:58,2025-05-10 07:32:24,126,,WIN,BullishreversalH
4229613735,Jump 50 Index,SELL,31556.39,31587.31,-30.92,-309200.0000000189,1.0,2025-05-10 08:45:07,2025-05-10 08:49:59,4,,LOSS,BearishreversalE
4229625832,Jump 50 Index,SELL,31563.38,31584.77,-21.39,-213899.99999999418,1.0,2025-05-10 09:00:06,2025-05-10 09:04:26,4,,LOSS,BearishreversalE
4229741524,Boom 1000 Index,SELL,18916.825,18940.991,-24.17,-241660.00000001077,1.0,2025-05-10 11:27:23,2025-05-10 11:32:08,4,,LOSS,Bearishbreakdown
4229741544,Jump 50 Index,SELL,32029.04,32061.5,-32.46,-324599.99999999127,1.0,2025-05-10 11:27:25,2025-05-10 12:48:46,81,,LOSS,BearishreversalE
4229741644,Step Index,BUY,8488.5,8497.2,87.0,87000.00000000728,1.0,2025-05-10 11:27:35,2025-05-10 15:51:06,263,,WIN,BullishreversalH
4229758549,Crash 1000 Index,BUY,5068.297,5072.466,4.17,41690.000000007785,1.0,2025-05-10 11:48:01,2025-05-10 12:21:30,33,,WIN,BullishreversalM
4229798721,Boom 1000 Index,BUY,19028.116,19028.103,-0.01,-130.00000002648449,1.0,2025-05-10 12:35:21,2025-05-10 14:03:30,88,,LOSS,BullishreversalM
4230307612,Volatility 10 Index,SELL,6243.543,6248.124,-4.58,-45810.00000000131,1.0,2025-05-10 21:31:16,2025-05-10 21:36:22,5,,LOSS,Bearishbreakdown
4230307709,Boom 300 Index,SELL,2153.36,2146.117,7.24,72429.99999999939,1.0,2025-05-10 21:31:19,2025-05-10 21:41:13,9,,WIN,Bearishbreakdown
4230307800,Boom 1000 Index,BUY,19080.786,19079.881,-0.91,-9049.999999988358,1.0,2025-05-10 21:31:25,2025-05-10 22:05:32,34,,LOSS,BullishreversalB
4230307840,Range Break 200 Index,SELL,83442.3,83623.6,-181.3,-1813000.000000029,1.0,2025-05-10 21:31:27,2025-05-10 22:28:45,57,,LOSS,BearishreversalE
4230315495,BTCUSD,SELL,103170.142,103428.849,-258.71,-2587069.999999949,1.0,2025-05-10 21:42:16,2025-05-10 22:45:26,63,,LOSS,Signaltrade
4230439244,Jump 50 Index,BUY,32705.2,32844.77,139.57,1395699.9999999607,1.0,2025-05-11 00:56:31,2025-05-11 01:07:17,10,,WIN,BullishreversalB
4230454966,Crash 500 Index,SELL,3246.55,3231.362,15.19,151880.00000000102,1.0,2025-05-11 01:23:17,2025-05-11 03:18:36,115,,WIN,BearishreversalE
4230454995,Range Break 200 Index,BUY,83622.6,83701.3,78.7,786999.9999999709,1.0,2025-05-11 01:23:22,2025-05-11 02:19:51,56,,WIN,BullishreversalB
4230860536,Crash 1000 Index,SELL,5054.433,5063.557,-9.12,-91239.99999999796,1.0,2025-05-11 12:53:02,2025-05-11 16:19:13,206,,LOSS,Bearishbreakdown
4230860553,Jump 50 Index,SELL,32338.53,32471.12,-132.59,-1325900.0000000014,1.0,2025-05-11 12:53:06,2025-05-11 13:38:55,45,,LOSS,Bearishbreakdown
4231091951,Crash 500 Index,SELL,3183.356,3185.62,-2.26,-22639.99999999669,1.0,2025-05-11 17:13:54,2025-05-11 17:27:21,13,,LOSS,Bearishbreakdown
4231098722,Volatility 10 Index,BUY,6297.831,6292.233,-5.6,-55979.99999999956,1.0,2025-05-11 17:22:22,2025-05-11 18:27:14,64,,LOSS,BullishreversalB
4231098788,Jump 50 Index,BUY,32356.75,32339.43,-17.32,-173199.9999999971,1.0,2025-05-11 17:22:30,2025-05-11 17:25:34,3,,LOSS,BullishreversalH
4231098816,Step Index,BUY,8540.8,8563.3,225.0,225000.0,1.0,2025-05-11 17:22:32,2025-05-12 00:12:33,410,,WIN,BullishreversalB
4231440526,Jump 50 Index,SELL,32542.55,32553.76,-11.21,-112099.99999999127,1.0,2025-05-12 00:00:00,2025-05-12 00:05:33,5,,LOSS,Signaltrade
4231440881,Crash 500 Index,SELL,3166.783,3166.797,-0.01,-140.0000000012369,1.0,2025-05-12 00:00:09,2025-05-12 00:34:23,34,,LOSS,BearishreversalB
4231440946,Boom 1000 Index,SELL,19141.539,19163.779,-22.24,-222399.99999997963,1.0,2025-05-12 00:00:13,2025-05-12 00:03:47,3,,LOSS,Bearishbreakdown
4231441147,BTCUSD,SELL,103709.742,103890.658,-180.92,-1809159.9999999744,1.0,2025-05-12 00:00:22,2025-05-12 00:05:24,5,,LOSS,BearishreversalS
4231450223,Volatility 10 Index,BUY,6281.874,6277.434,-4.44,-44399.999999996,1.0,2025-05-12 00:15:02,2025-05-12 01:12:20,57,,LOSS,Signaltrade
4231471599,Crash 500 Index,SELL,3156.005,3148.718,7.29,72870.00000000262,1.0,2025-05-12 00:50:52,2025-05-12 01:27:14,36,,WIN,BearishreversalB
4231471621,BTCUSD,BUY,103893.058,103864.942,-28.12,-281160.0000000908,1.0,2025-05-12 00:50:54,2025-05-12 00:55:21,4,,LOSS,BullishreversalH
4231479772,Crash 1000 Index,SELL,5008.426,5009.879,-1.45,-14529.999999995198,1.0,2025-05-12 01:04:16,2025-05-12 01:45:50,41,,LOSS,BearishreversalB
4231479782,Step Index,BUY,8557.7,8556.8,-9.0,-9000.000000014552,1.0,2025-05-12 01:04:19,2025-05-12 02:26:40,82,,LOSS,BullishreversalH
4231515054,Crash 1000 Index,SELL,5008.129,5008.53,-0.4,-4009.9999999983993,1.0,2025-05-12 02:06:50,2025-05-12 02:40:35,33,,LOSS,BearishreversalB
4231515075,Boom 1000 Index,BUY,19147.538,19147.506,-0.03,-319.999999992433,1.0,2025-05-12 02:06:53,2025-05-12 02:52:34,45,,LOSS,BullishreversalB
4232001859,BTCUSD,BUY,104543.754,104437.146,-106.61,-1066080.0000000745,1.0,2025-05-12 12:03:46,2025-05-12 12:11:02,7,,LOSS,BullishreversalH
4232014433,BTCUSD,BUY,104472.754,104279.502,-193.25,-1932520.0000000768,1.0,2025-05-12 12:15:05,2025-05-12 12:21:08,6,,LOSS,BullishreversalH
4232230402,Crash 500 Index,SELL,3189.607,3191.1,-1.49,-14929.999999999382,1.0,2025-05-12 15:04:10,2025-05-12 15:19:21,15,,LOSS,BearishreversalB
4232230480,Jump 50 Index,SELL,32878.23,32910.15,-31.92,-319199.99999998254,1.0,2025-05-12 15:04:13,2025-05-12 15:08:18,4,,LOSS,BearishreversalS
4232251385,Crash 1000 Index,SELL,5009.924,5011.001,-1.08,-10770.000000002256,1.0,2025-05-12 15:18:13,2025-05-12 15:36:56,18,,LOSS,ConfluencePatter
4232258172,Crash 500 Index,SELL,3192.278,3194.332,-2.05,-20540.000000000873,1.0,2025-05-12 15:23:08,2025-05-12 15:38:24,15,,LOSS,ConfluencePatter
