id,symbol,type,entry,exit_price,pnl,pips,volume,time,exit_time,duration_minutes,strategy,result,comment
4202345416,Volatility 50 Index,BUY,162.7382,162.9448,0.83,2065.9999999998035,4.0,2025-04-20 00:13:20,2025-04-20 00:16:38,3,,WIN,Bullishbreakouta
4202345429,Volatility 100 Index,SELL,1496.72,1501.55,-2.42,-48299.99999999927,0.5,2025-04-20 00:13:22,2025-04-20 00:24:16,10,,LOSS,Bearishbreakdown
4202345457,Crash 1000 Index,SELL,4891.419,4883.3,1.62,81189.99999999687,0.2,2025-04-20 00:13:24,2025-04-20 00:18:14,4,,WIN,Bearishbreakdown
4202345472,Boom 500 Index,SELL,4710.552,4721.096,-2.11,-105439.99999999869,0.2,2025-04-20 00:13:26,2025-04-20 00:20:53,7,,LOSS,Bearishbreakdown
4202345491,Boom 1000 Index,SELL,21062.602,20954.744,21.57,1078580.0000000019,0.2,2025-04-20 00:13:27,2025-04-20 02:56:28,163,,WIN,Bearishbreakdown
4202345502,Jump 10 Index,SELL,88525.66,88634.59,-5.45,-1089299.9999999302,0.05,2025-04-20 00:13:28,2025-04-20 00:41:41,28,,LOSS,Bearishbreakdown
4202345512,Jump 50 Index,SELL,38057.44,37331.01,36.32,7264300.000000003,0.05,2025-04-20 00:13:30,2025-04-20 00:55:48,42,,WIN,Bearishbreakdown
4202345530,Jump 100 Index,SELL,2259.77,2281.79,-1.1,-220199.99999999983,0.05,2025-04-20 00:13:32,2025-04-20 01:35:11,81,,LOSS,Bearishbreakdown
4202348694,Volatility 50 Index,BUY,162.6024,162.9708,1.47,3684.0000000000828,4.0,2025-04-20 00:19:42,2025-04-20 00:22:50,3,,WIN,Bullishbreakouta
4202348711,Volatility 100 Index,SELL,1491.94,1501.55,-4.8100000000000005,-96099.999999999,0.5,2025-04-20 00:19:44,2025-04-20 00:24:16,4,,LOSS,Bearishbreakdown
4202348716,Crash 1000 Index,SELL,4883.599,4880.454,0.63,31450.000000004366,0.2,2025-04-20 00:19:46,2025-04-20 00:37:33,17,,WIN,Bearishbreakdown
4202348742,Boom 500 Index,SELL,4712.8,4721.096,-1.6600000000000001,-82959.99999999367,0.2,2025-04-20 00:19:48,2025-04-20 00:20:53,1,,LOSS,Bearishbreakdown
4202348752,Boom 1000 Index,SELL,21060.985,20954.744,21.25,1062410.0000000182,0.2,2025-04-20 00:19:49,2025-04-20 02:56:28,156,,WIN,Bearishbreakdown
4202348753,Jump 10 Index,SELL,88526.11,88634.59,-5.42,-1084799.9999999593,0.05,2025-04-20 00:19:50,2025-04-20 00:41:41,21,,LOSS,Bearishbreakdown
4202348757,Jump 50 Index,SELL,37889.36,37331.01,27.92,5583499.999999985,0.05,2025-04-20 00:19:51,2025-04-20 00:55:48,35,,WIN,Bearishbreakdown
4202348763,Jump 100 Index,SELL,2253.98,2281.79,-1.3900000000000001,-278099.9999999995,0.05,2025-04-20 00:19:53,2025-04-20 01:35:11,75,,LOSS,Bearishbreakdown
4202351704,Volatility 50 Index,BUY,162.7836,162.9507,0.67,1671.000000000049,4.0,2025-04-20 00:24:42,2025-04-20 00:25:38,0,,WIN,Bullishbreakouta
4202351733,Volatility 100 Index,SELL,1499.16,1502.16,-1.5,-30000.0,0.5,2025-04-20 00:24:46,2025-04-20 00:42:24,17,,LOSS,Bearishbreakdown
4202351755,Crash 1000 Index,SELL,4885.079,4854.806,6.05,302730.0000000014,0.2,2025-04-20 00:24:48,2025-04-20 06:26:41,361,,WIN,Bearishbreakdown
4202351770,Jump 10 Index,SELL,88470.31,88634.59,-8.21,-1642799.9999999884,0.05,2025-04-20 00:24:51,2025-04-20 00:41:41,16,,LOSS,Bearishbreakdown
4202351784,Jump 50 Index,SELL,37821.5,37324.19,24.87,4973099.999999977,0.05,2025-04-20 00:24:53,2025-04-20 00:57:22,32,,WIN,Bearishbreakdown
4202351803,Jump 100 Index,SELL,2246.65,2281.79,-1.76,-351399.9999999987,0.05,2025-04-20 00:24:55,2025-04-20 01:35:11,70,,LOSS,Bearishbreakdown
4202353547,Volatility 50 Index,BUY,162.8718,163.0445,0.69,1726.9999999999186,4.0,2025-04-20 00:28:10,2025-04-20 00:29:06,0,,WIN,Bullishbreakouta
4202353570,Volatility 100 Index,SELL,1493.65,1502.16,-4.26,-85099.99999999991,0.5,2025-04-20 00:28:12,2025-04-20 00:42:24,14,,LOSS,Bearishbreakdown
4202353584,Crash 1000 Index,SELL,4886.058,4870.722,3.07,153360.0000000024,0.2,2025-04-20 00:28:14,2025-04-20 02:27:56,119,,WIN,Bearishbreakdown
4202353598,Jump 10 Index,SELL,88463.58,88634.59,-8.55,-1710099.9999999476,0.05,2025-04-20 00:28:17,2025-04-20 00:41:41,13,,LOSS,Bearishbreakdown
4202353607,Jump 50 Index,SELL,37844.16,37324.19,26.0,5199700.000000011,0.05,2025-04-20 00:28:19,2025-04-20 00:57:22,29,,WIN,Bearishbreakdown
4202353618,Jump 100 Index,SELL,2246.9,2281.79,-1.74,-348899.9999999987,0.05,2025-04-20 00:28:21,2025-04-20 01:35:11,66,,LOSS,Bearishbreakdown
4202357260,Volatility 50 Index,BUY,163.3695,163.4373,0.27,678.0000000000541,4.0,2025-04-20 00:34:32,2025-04-20 00:53:18,18,,WIN,Bullishbreakouta
4202357325,Volatility 100 Index,SELL,1494.1,1502.16,-4.03,-80600.00000000173,0.5,2025-04-20 00:34:34,2025-04-20 00:42:24,7,,LOSS,Bearishbreakdown
4202357355,Crash 1000 Index,SELL,4887.884,4870.722,3.43,171620.00000000262,0.2,2025-04-20 00:34:36,2025-04-20 02:27:56,113,,WIN,Bearishbreakdown
4202357377,Jump 10 Index,SELL,88541.06,88634.59,-4.68,-935299.9999999884,0.05,2025-04-20 00:34:38,2025-04-20 00:41:41,7,,LOSS,Bearishbreakdown
4202357400,Jump 50 Index,SELL,37801.28,37324.19,23.85,4770899.999999965,0.05,2025-04-20 00:34:39,2025-04-20 00:57:22,22,,WIN,Bearishbreakdown
4202357417,Jump 100 Index,SELL,2233.85,2281.79,-2.4,-479400.0000000005,0.05,2025-04-20 00:34:41,2025-04-20 01:35:11,60,,LOSS,Bearishbreakdown
4202359155,Volatility 50 Index,BUY,163.1993,162.55,-2.6,-6492.9999999998245,4.0,2025-04-20 00:37:22,2025-04-20 01:37:06,59,,LOSS,Bullishbreakouta
4202359179,Volatility 100 Index,SELL,1496.77,1502.16,-2.7,-53900.000000001004,0.5,2025-04-20 00:37:24,2025-04-20 00:42:24,5,,LOSS,Bearishbreakdown
4202359225,Crash 1000 Index,SELL,4888.716,4861.078,5.53,276379.9999999992,0.2,2025-04-20 00:37:26,2025-04-20 06:25:35,348,,WIN,Bearishbreakdown
4202359235,Boom 300 Index,BUY,1954.984,1951.716,-3.27,-32680.00000000029,1.0,2025-04-20 00:37:27,2025-04-20 01:06:13,28,,LOSS,BullishreversalI
4202359242,Jump 10 Index,SELL,88538.63,88634.59,-4.8,-959599.9999999185,0.05,2025-04-20 00:37:29,2025-04-20 00:41:41,4,,LOSS,Bearishbreakdown
4202359250,Jump 50 Index,SELL,37786.91,37324.19,23.14,4627200.000000011,0.05,2025-04-20 00:37:31,2025-04-20 00:57:22,19,,WIN,Bearishbreakdown
4202359325,Jump 100 Index,SELL,2229.8,2261.05,-1.56,-312500.0,0.05,2025-04-20 00:37:33,2025-04-20 01:27:01,49,,LOSS,Bearishbreakdown
4202360129,Volatility 100 Index,SELL,1497.92,1502.16,-2.12,-42400.00000000009,0.5,2025-04-20 00:39:06,2025-04-20 00:42:24,3,,LOSS,Bearishbreakdown
4202360169,Crash 1000 Index,SELL,4880.628,4854.806,5.16,258220.00000000116,0.2,2025-04-20 00:39:10,2025-04-20 06:26:41,347,,WIN,Bearishbreakdown
4202360193,Jump 10 Index,SELL,88576.85,88634.59,-2.89,-577399.9999999069,0.05,2025-04-20 00:39:13,2025-04-20 00:41:41,2,,LOSS,Bearishbreakdown
4202360206,Jump 50 Index,SELL,37813.45,37324.19,24.46,4892599.999999948,0.05,2025-04-20 00:39:15,2025-04-20 00:57:22,18,,WIN,Bearishbreakdown
4202360216,Jump 100 Index,SELL,2229.64,2258.68,-1.45,-290399.99999999965,0.05,2025-04-20 00:39:17,2025-04-20 01:26:53,47,,LOSS,Bearishbreakdown
4202360228,Range Break 100 Index,SELL,56255.1,56458.8,-10.19,-2037000.0000000438,0.05,2025-04-20 00:39:20,2025-04-20 05:33:12,293,,LOSS,Bearishbreakdown
4202362008,Crash 1000 Index,SELL,4881.522,4854.806,5.34,267160.0000000035,0.2,2025-04-20 00:42:16,2025-04-20 06:26:41,344,,WIN,Bearishbreakdown
4202362068,Jump 50 Index,SELL,37806.75,37324.19,24.13,4825599.999999977,0.05,2025-04-20 00:42:20,2025-04-20 00:57:22,15,,WIN,Bearishbreakdown
4202362095,Jump 100 Index,SELL,2233.29,2258.68,-1.27,-253899.99999999872,0.05,2025-04-20 00:42:22,2025-04-20 01:26:53,44,,LOSS,Bearishbreakdown
4202362136,Range Break 100 Index,SELL,56277.1,56458.8,-9.09,-1817000.0000000438,0.05,2025-04-20 00:42:24,2025-04-20 05:33:12,290,,LOSS,Bearishbreakdown
4202671706,Crash 300 Index,SELL,3404.178,3422.076,-8.95,-178980.0000000014,0.5,2025-04-20 09:52:24,2025-04-20 10:04:46,12,,LOSS,Bearishbreakdown
4202672871,Crash 500 Index,BUY,3294.979,3302.889,1.58,79100.00000000309,0.2,2025-04-20 09:54:01,2025-04-20 10:26:51,32,,WIN,Bullishbreakouta
4202672896,Boom 300 Index,SELL,1969.446,1926.865,42.58,425809.999999999,1.0,2025-04-20 09:54:04,2025-04-20 12:57:53,183,,WIN,Bearishbreakdown
4202672919,Boom 500 Index,BUY,4793.575,4799.178,1.12,56030.000000000655,0.2,2025-04-20 09:54:06,2025-04-20 10:06:47,12,,WIN,Bullishbreakouta
4202672959,Boom 1000 Index,SELL,21124.033,21123.644,0.08,3889.999999992142,0.2,2025-04-20 09:54:07,2025-04-20 16:13:31,379,,WIN,Bearishbreakdown
4202673033,Range Break 100 Index,BUY,56409.8,56214.1,-9.79,-1957000.0000000438,0.05,2025-04-20 09:54:10,2025-04-20 10:08:14,14,,LOSS,BullishreversalH
4202673071,Range Break 200 Index,BUY,80878.6,81137.3,12.94,2586999.999999971,0.05,2025-04-20 09:54:11,2025-04-20 18:14:24,500,,WIN,BullishreversalH
4202681271,Volatility 10 Index,BUY,6152.212,6148.589,-1.81,-36230.00000000502,0.5,2025-04-20 10:03:00,2025-04-20 10:58:24,55,,LOSS,BullishreversalH
4202682678,Crash 300 Index,BUY,3421.617,3407.575,-7.02,-140420.00000000373,0.5,2025-04-20 10:04:28,2025-04-20 10:06:11,1,,LOSS,
4202684485,Crash 300 Index,BUY,3409.212,3402.041,-3.59,-71709.99999999822,0.5,2025-04-20 10:06:35,2025-04-20 10:09:37,3,,LOSS,
4202684492,Crash 300 Index,BUY,3409.222,3402.041,-3.59,-71810.00000000041,0.5,2025-04-20 10:06:36,2025-04-20 10:09:37,3,,LOSS,
4202686968,Boom 500 Index,BUY,4804.545,4810.627,1.22,60820.00000000335,0.2,2025-04-20 10:09:27,2025-04-20 10:10:44,1,,WIN,Bullishbreakouta
4202691606,Crash 300 Index,SELL,3403.056,3357.006,23.03,460500.0000000018,0.5,2025-04-20 10:15:43,2025-04-20 14:09:10,233,,WIN,Bearishbreakdown
4202691638,Boom 500 Index,BUY,4808.012,4804.028,-0.8,-39839.99999999469,0.2,2025-04-20 10:15:46,2025-04-20 10:28:31,12,,LOSS,Bullishbreakouta
4202702649,Crash 500 Index,SELL,3297.219,3239.072,11.63,581469.9999999993,0.2,2025-04-20 10:28:28,2025-04-20 16:38:19,369,,WIN,Bearishbreakdown
4202708182,Boom 500 Index,BUY,4814.008,4818.663,0.93,46549.99999999745,0.2,2025-04-20 10:34:41,2025-04-20 10:39:15,4,,WIN,Bullishbreakouta
4202713922,Boom 500 Index,BUY,4818.186,4813.326,-0.97,-48599.999999996726,0.2,2025-04-20 10:40:55,2025-04-20 10:48:37,7,,LOSS,Bullishbreakouta
4202725879,Boom 500 Index,BUY,4811.045,4818.491,1.49,74459.99999999913,0.2,2025-04-20 10:53:18,2025-04-20 11:00:54,7,,WIN,Bullishbreakouta
4202731288,Volatility 10 Index,BUY,6147.928,6143.828,-2.05,-40999.99999999454,0.5,2025-04-20 10:59:30,2025-04-20 11:32:26,32,,LOSS,BullishreversalH
4202736051,Boom 500 Index,BUY,4819.895,4815.041,-0.97,-48540.00000000269,0.2,2025-04-20 11:05:45,2025-04-20 11:13:23,7,,LOSS,Bullishbreakouta
4202746198,Boom 500 Index,BUY,4812.679,4807.846,-0.97,-48330.000000005384,0.2,2025-04-20 11:18:08,2025-04-20 11:28:18,10,,LOSS,Bullishbreakouta
4202757346,Boom 500 Index,BUY,4806.987,4809.715,0.55,27280.000000000655,0.2,2025-04-20 11:30:33,2025-04-20 11:32:08,1,,WIN,Bullishbreakouta
4202763864,Volatility 10 Index,BUY,6142.595,6151.658,4.53,90630.00000000102,0.5,2025-04-20 11:36:46,2025-04-20 12:54:18,77,,WIN,BullishreversalH
4202764052,Boom 500 Index,BUY,4816.118,4811.249,-0.97,-48690.000000005966,0.2,2025-04-20 11:37:00,2025-04-20 11:44:33,7,,LOSS,Bullishbreakouta
4202775392,Boom 500 Index,BUY,4828.004,4823.005,-1.0,-49989.99999999796,0.2,2025-04-20 11:49:27,2025-04-20 11:57:11,7,,LOSS,Bullishbreakouta
4202786097,Boom 500 Index,BUY,4825.883,4828.519,0.53,26360.00000000422,0.2,2025-04-20 12:01:59,2025-04-20 12:08:13,6,,WIN,Bullishbreakouta
4202791806,Boom 500 Index,BUY,4828.499,4823.642,-0.97,-48569.99999999971,0.2,2025-04-20 12:08:51,2025-04-20 12:16:35,7,,LOSS,Bullishbreakouta
4202802475,Boom 500 Index,BUY,4821.028,4816.094,-0.99,-49340.000000001965,0.2,2025-04-20 12:21:27,2025-04-20 12:32:48,11,,LOSS,Bullishbreakouta
4202813528,Boom 500 Index,BUY,4815.7,4810.841,-0.97,-48589.99999999469,0.2,2025-04-20 12:34:11,2025-04-20 12:42:18,8,,LOSS,Bullishbreakouta
4202824473,Boom 500 Index,BUY,4808.591,4816.66,1.6099999999999999,80689.99999999505,0.2,2025-04-20 12:46:39,2025-04-20 12:47:40,1,,WIN,Bullishbreakouta
4202835083,Volatility 10 Index,BUY,6151.492,6148.596,-1.45,-28960.000000006403,0.5,2025-04-20 12:59:12,2025-04-20 13:18:42,19,,LOSS,BullishreversalH
4202835333,Boom 500 Index,BUY,4813.719,4807.747,-1.19,-59719.999999997526,0.2,2025-04-20 12:59:25,2025-04-20 13:08:36,9,,LOSS,Bullishbreakouta
4202846314,Boom 500 Index,BUY,4811.745,4806.907,-0.97,-48379.99999999738,0.2,2025-04-20 13:11:59,2025-04-20 13:19:40,7,,LOSS,Bullishbreakouta
4202846783,Volatility 50 Index,BUY,159.9651,159.9312,-0.14,-339.00000000016917,4.0,2025-04-20 13:12:36,2025-04-20 13:14:24,1,,LOSS,Bullishbreakouta
4202846907,Range Break 100 Index,SELL,55930.1,55961.8,-1.5899999999999999,-317000.00000004366,0.05,2025-04-20 13:12:42,2025-04-20 13:15:37,2,,LOSS,Bearishbreakdown
4202852295,Volatility 10 Index,BUY,6148.641,6146.728,-0.96,-19129.99999999556,0.5,2025-04-20 13:18:54,2025-04-20 13:55:48,36,,LOSS,Bullishbreakouta
4202852337,Volatility 50 Index,BUY,159.5612,159.5417,-0.08,-195.00000000022055,4.0,2025-04-20 13:18:58,2025-04-20 13:21:42,2,,LOSS,Bullishbreakouta
4202852440,Range Break 100 Index,SELL,55958.1,55933.8,1.22,242999.99999995634,0.05,2025-04-20 13:19:04,2025-04-20 13:30:21,11,,WIN,Bearishbreakdown
4202857867,Volatility 50 Index,BUY,159.6354,159.3937,-0.97,-2417.000000000087,4.0,2025-04-20 13:25:30,2025-04-20 13:26:42,1,,LOSS,Bullishbreakouta
4202863390,Volatility 50 Index,BUY,159.2878,159.191,-0.39,-968.0000000000177,4.0,2025-04-20 13:31:50,2025-04-20 13:34:56,3,,LOSS,Bullishbreakouta
4202863496,Range Break 100 Index,SELL,55930.1,55932.8,-0.14,-27000.000000043656,0.05,2025-04-20 13:31:54,2025-04-20 14:52:30,80,,LOSS,Bearishbreakdown
4202868522,Volatility 50 Index,BUY,159.2487,159.3282,0.32,794.9999999999591,4.0,2025-04-20 13:38:10,2025-04-20 13:41:54,3,,WIN,Bullishbreakouta
4202874140,Volatility 50 Index,BUY,159.2882,159.1813,-0.43,-1068.99999999996,4.0,2025-04-20 13:44:24,2025-04-20 13:46:46,2,,LOSS,Bullishbreakouta
4202880264,Volatility 50 Index,BUY,158.7719,158.9612,0.76,1893.000000000029,4.0,2025-04-20 13:50:38,2025-04-20 14:01:38,11,,WIN,Bullishbreakouta
4202886302,Volatility 10 Index,BUY,6145.946,6157.774,5.91,118280.0000000043,0.5,2025-04-20 13:56:50,2025-04-20 15:51:44,114,,WIN,Bullishbreakouta
4203064903,Crash 500 Index,SELL,3247.513,3243.531,0.8,39819.99999999971,0.2,2025-04-20 17:00:32,2025-04-20 17:02:16,1,,WIN,Bearishbreakdown
4203064938,Jump 50 Index,SELL,37590.04,37581.79,0.41,82500.0,0.05,2025-04-20 17:00:35,2025-04-20 17:19:11,18,,WIN,Bearishbreakdown
4203071009,Crash 500 Index,SELL,3245.051,3250.029,-1.0,-49780.000000000655,0.2,2025-04-20 17:06:48,2025-04-20 17:24:48,18,,LOSS,Bearishbreakdown
4203090190,Volatility 25 Index,SELL,2361.239,2366.257,-2.51,-50180.00000000029,0.5,2025-04-20 17:23:56,2025-04-20 17:40:06,16,,LOSS,Bearishbreakdown
4203090308,Jump 10 Index,BUY,88263.08,88211.0,-2.6,-520800.00000001746,0.05,2025-04-20 17:24:01,2025-04-20 18:03:37,39,,LOSS,BullishreversalH
4203110332,Volatility 25 Index,SELL,2365.023,2353.496,5.76,115270.00000000044,0.5,2025-04-20 17:42:38,2025-04-21 01:23:00,460,,WIN,Bearishbreakdown
4203116307,Volatility 10 Index,BUY,6155.424,6153.467,-0.98,-19570.000000003347,0.5,2025-04-20 17:49:08,2025-04-20 17:51:16,2,,LOSS,BullishreversalH
4203135225,Volatility 10 Index,BUY,6156.926,6158.274,0.67,13479.999999999563,0.5,2025-04-20 18:07:44,2025-04-20 18:27:48,20,,WIN,BullishreversalH
4203135334,Jump 10 Index,BUY,88218.51,88253.83,1.77,353200.00000006985,0.05,2025-04-20 18:07:48,2025-04-20 19:20:57,73,,WIN,BullishreversalH
4203162834,Volatility 10 Index,BUY,6159.892,6158.34,-0.78,-15519.999999996799,0.5,2025-04-20 18:32:26,2025-04-20 19:01:50,29,,LOSS,BullishreversalH
4203193605,Volatility 10 Index,BUY,6159.319,6158.139,-0.59,-11800.00000000291,0.5,2025-04-20 19:03:24,2025-04-20 19:38:48,35,,LOSS,BullishreversalH
4203209610,Crash 300 Index,SELL,3415.548,3460.265,-22.36,-447170.000000001,0.5,2025-04-20 19:19:37,2025-04-20 20:22:53,63,,LOSS,Bearishbreakdown
4203215651,Jump 10 Index,BUY,88156.72,88172.11,0.77,153899.99999999418,0.05,2025-04-20 19:25:56,2025-04-20 20:21:38,55,,WIN,BullishreversalH
4203273966,Jump 10 Index,BUY,88238.87,88186.02,-2.64,-528499.9999999127,0.05,2025-04-20 20:27:39,2025-04-20 21:06:08,38,,LOSS,BullishreversalH
4203285516,Crash 300 Index,SELL,3471.955,3516.465,-22.26,-445100.0000000022,0.5,2025-04-20 20:40:00,2025-04-20 22:57:02,137,,LOSS,Bearishbreakdown
4203313022,Jump 10 Index,BUY,88207.1,88164.66,-2.12,-424400.0000000233,0.05,2025-04-20 21:08:04,2025-04-20 21:20:59,12,,LOSS,BullishreversalH
4203330741,Jump 10 Index,BUY,88171.69,88117.5,-2.71,-541900.0000000233,0.05,2025-04-20 21:26:38,2025-04-20 21:34:21,7,,LOSS,BullishreversalH
4203340720,Jump 10 Index,BUY,88145.28,88157.63,0.62,123500.00000005821,0.05,2025-04-20 21:39:00,2025-04-20 22:40:21,61,,WIN,BullishreversalH
4203389099,Jump 10 Index,BUY,88156.72,88134.56,-1.11,-221600.00000003492,0.05,2025-04-20 22:40:38,2025-04-20 23:30:43,50,,LOSS,BullishreversalH
4203415844,Crash 300 Index,SELL,3511.069,3555.669,-22.3,-445999.99999999907,0.5,2025-04-20 23:15:37,2025-04-20 23:50:06,34,,LOSS,Bearishbreakdown
4203450667,Jump 10 Index,BUY,88174.84,88369.75,9.75,1949100.000000035,0.05,2025-04-21 00:01:15,2025-04-21 00:54:57,53,,WIN,BullishreversalH
4203487606,Jump 10 Index,BUY,88368.28,88378.51,0.51,102299.99999995925,0.05,2025-04-21 00:56:52,2025-04-21 02:15:51,78,,WIN,BullishreversalH
4203506621,Volatility 25 Index,SELL,2354.753,2348.992,2.88,57609.99999999967,0.5,2025-04-21 01:23:40,2025-04-21 02:54:14,90,,WIN,Bearishbreakdown
4203544433,Jump 10 Index,BUY,88393.0,88329.68,-3.17,-633200.0000000698,0.05,2025-04-21 02:19:08,2025-04-21 02:40:04,20,,LOSS,BullishreversalH
4203560500,Jump 10 Index,BUY,88297.58,88299.78,0.11,21999.999999970896,0.05,2025-04-21 02:43:46,2025-04-21 03:24:24,40,,WIN,BullishreversalH
4203567450,Volatility 25 Index,SELL,2348.214,2348.121,0.05,929.999999998472,0.5,2025-04-21 02:56:06,2025-04-21 03:28:20,32,,WIN,Bearishbreakdown
4203586227,Jump 10 Index,BUY,88319.82,88327.2,0.37,73799.99999990105,0.05,2025-04-21 03:26:57,2025-04-21 03:52:52,25,,WIN,BullishreversalH
4203589431,Volatility 25 Index,SELL,2351.431,2341.499,4.97,99320.00000000244,0.5,2025-04-21 03:33:08,2025-04-21 04:52:58,79,,WIN,Bearishbreakdown
4203601139,Jump 10 Index,BUY,88384.74,88563.66,8.95,1789199.9999999825,0.05,2025-04-21 03:57:49,2025-04-21 05:43:17,105,,WIN,BullishreversalH
4203631933,Volatility 25 Index,SELL,2341.973,2351.608,-4.82,-96350.00000000218,0.5,2025-04-21 04:53:16,2025-04-21 05:59:46,66,,LOSS,Bearishbreakdown
4203660233,Crash 300 Index,SELL,3407.163,3451.907,-22.37,-447440.0000000014,0.5,2025-04-21 05:38:25,2025-04-21 07:19:46,101,,LOSS,Bearishbreakdown
4203666285,Jump 10 Index,BUY,88508.5,88532.82,1.22,243200.00000006985,0.05,2025-04-21 05:48:42,2025-04-21 05:50:34,1,,WIN,BullishreversalH
4203670052,Jump 10 Index,BUY,88494.59,88431.91,-3.13,-626799.9999999302,0.05,2025-04-21 05:54:53,2025-04-21 06:14:28,19,,LOSS,BullishreversalH
4203673854,Volatility 25 Index,SELL,2352.051,2341.802,5.12,102489.99999999796,0.5,2025-04-21 06:01:02,2025-04-21 09:47:36,226,,WIN,Bearishbreakdown
4203688942,Jump 10 Index,BUY,88468.46,88532.05,3.18,635899.9999999651,0.05,2025-04-21 06:19:35,2025-04-21 06:47:44,28,,WIN,BullishreversalH
4203711270,Jump 10 Index,BUY,88507.27,88596.64,4.47,893699.9999999534,0.05,2025-04-21 06:50:24,2025-04-21 06:53:23,2,,WIN,BullishreversalH
4203716225,Jump 10 Index,BUY,88597.82,88610.01,0.61,121899.99999987776,0.05,2025-04-21 06:56:36,2025-04-21 06:59:08,2,,WIN,BullishreversalH
4203721195,Jump 10 Index,BUY,88587.08,88483.33,-5.19,-1037500.0,0.05,2025-04-21 07:02:47,2025-04-21 07:10:23,7,,LOSS,BullishreversalH
4203733043,Jump 10 Index,BUY,88497.0,88430.38,-3.33,-666199.9999999534,0.05,2025-04-21 07:15:08,2025-04-21 07:23:33,8,,LOSS,BullishreversalH
4203744804,Jump 10 Index,BUY,88484.56,88401.94,-4.13,-826199.9999999534,0.05,2025-04-21 07:27:29,2025-04-21 07:33:59,6,,LOSS,BullishreversalH
4203755101,Jump 10 Index,BUY,88373.4,88294.2,-3.96,-791999.9999999709,0.05,2025-04-21 07:39:49,2025-04-21 07:46:40,6,,LOSS,BullishreversalH
4203766297,Jump 10 Index,BUY,88222.73,88170.8,-2.6,-519299.99999993015,0.05,2025-04-21 07:52:11,2025-04-21 08:14:05,21,,LOSS,BullishreversalH
4203789902,Crash 300 Index,SELL,3457.212,3501.566,-22.18,-443539.99999999814,0.5,2025-04-21 08:18:57,2025-04-21 11:59:34,220,,LOSS,Bearishbreakdown
4203789944,Jump 10 Index,BUY,88177.99,88112.3,-3.2800000000000002,-656900.0000000233,0.05,2025-04-21 08:19:00,2025-04-21 08:43:31,24,,LOSS,BullishreversalH
4204010764,Volatility 25 Index,SELL,2363.26,2366.066,-1.4,-28059.999999995853,0.5,2025-04-21 11:31:56,2025-04-21 11:39:26,7,,LOSS,Bearishbreakdown
4204010852,Jump 10 Index,BUY,87825.64,87934.78,5.46,1091399.9999999942,0.05,2025-04-21 11:32:02,2025-04-21 12:01:56,29,,WIN,BullishreversalH
4204022970,Crash 500 Index,BUY,3213.183,3207.493,-1.1400000000000001,-56900.000000000546,0.2,2025-04-21 11:43:31,2025-04-21 11:47:41,4,,LOSS,BullishreversalH
4204023014,Boom 300 Index,BUY,1860.813,1857.457,-3.36,-33559.99999999994,1.0,2025-04-21 11:43:34,2025-04-21 12:01:58,18,,LOSS,Bullishbreakouta
4204029912,Crash 500 Index,BUY,3208.659,3205.825,-0.57,-28340.000000002874,0.2,2025-04-21 11:49:49,2025-04-21 12:00:39,10,,LOSS,BullishreversalH
4204042027,Volatility 50 Index,BUY,163.7658,164.0239,1.03,2580.9999999998468,4.0,2025-04-21 12:02:24,2025-04-21 12:10:30,8,,WIN,Bullishbreakouta
4204042073,Volatility 75 Index,BUY,131752.03,131264.35,-24.38,-4876799.99999993,0.05,2025-04-21 12:02:28,2025-04-21 12:05:52,3,,LOSS,BullishreversalH
4204042171,Boom 300 Index,SELL,1856.738,1807.147,49.59,495910.0000000012,1.0,2025-04-21 12:02:36,2025-04-21 14:12:37,130,,WIN,Bearishbreakdown
4204050629,Volatility 50 Index,BUY,164.078,164.1482,0.28,701.9999999999982,4.0,2025-04-21 12:11:06,2025-04-21 12:13:46,2,,WIN,Bullishbreakouta
4204059735,Volatility 50 Index,BUY,164.4345,164.2479,-0.75,-1866.0000000002697,4.0,2025-04-21 12:17:18,2025-04-21 12:17:52,0,,LOSS,Bullishbreakouta
4204068844,Volatility 50 Index,BUY,164.2341,164.1167,-0.47,-1174.000000000035,4.0,2025-04-21 12:23:28,2025-04-21 12:26:12,2,,LOSS,Bullishbreakouta
4204075963,Volatility 50 Index,BUY,164.2109,164.1046,-0.43,-1063.000000000045,4.0,2025-04-21 12:29:46,2025-04-21 12:31:00,1,,LOSS,Bullishbreakouta
4204155335,Volatility 50 Index,BUY,163.1509,163.2162,0.26,652.9999999997926,4.0,2025-04-21 13:31:22,2025-04-21 13:33:14,1,,WIN,Bullishbreakouta
4204164250,Volatility 50 Index,BUY,163.2406,163.2655,0.1,249.00000000002365,4.0,2025-04-21 13:37:38,2025-04-21 13:39:50,2,,WIN,Bullishbreakouta
4204172262,Volatility 50 Index,BUY,163.2118,163.3341,0.49,1222.9999999999563,4.0,2025-04-21 13:43:58,2025-04-21 13:46:32,2,,WIN,Bullishbreakouta
4204181699,Volatility 50 Index,BUY,163.3695,163.3123,-0.23,-571.9999999999459,4.0,2025-04-21 13:50:12,2025-04-21 13:51:12,1,,LOSS,Bullishbreakouta
4204190200,Volatility 50 Index,BUY,162.9069,163.262,1.42,3550.999999999931,4.0,2025-04-21 13:56:22,2025-04-21 14:04:16,7,,WIN,Bullishbreakouta
4204195107,Volatility 10 Index,BUY,6203.416,6204.364,0.47,9479.999999994106,0.5,2025-04-21 13:59:46,2025-04-21 14:04:00,4,,WIN,Bullishbreakouta
4204195150,Crash 500 Index,SELL,3194.769,3166.554,5.64,282149.9999999969,0.2,2025-04-21 13:59:48,2025-04-21 19:07:32,307,,WIN,Bearishbreakdown
4204195187,Boom 1000 Index,SELL,21097.058,21214.109,-23.41,-1170509.9999999949,0.2,2025-04-21 13:59:51,2025-04-21 14:35:23,35,,LOSS,Bearishbreakdown
4204197225,Jump 50 Index,SELL,36912.8,36630.84,14.1,2819600.0000000643,0.05,2025-04-21 14:00:56,2025-04-21 17:46:28,225,,WIN,Bearishbreakdown
4204217089,Boom 300 Index,SELL,1806.473,1741.341,65.13,651320.0000000006,1.0,2025-04-21 14:12:57,2025-04-21 16:37:46,144,,WIN,Bearishbreakdown
4204237202,Volatility 10 Index,BUY,6210.652,6206.864,-1.8900000000000001,-37880.00000000466,0.5,2025-04-21 14:26:50,2025-04-21 14:54:04,27,,LOSS,Signaltrade
4204237344,Step Index,BUY,8568.1,8558.3,-9.8,-98000.00000001091,0.1,2025-04-21 14:26:53,2025-04-21 16:03:23,96,,LOSS,Signaltrade
4204259413,Volatility 10 Index,BUY,6209.438,6208.418,-0.51,-10200.000000004366,0.5,2025-04-21 14:39:42,2025-04-21 15:41:18,61,,LOSS,
4204515919,Volatility 10 Index,BUY,6204.167,6204.416,0.12,2489.9999999979627,0.5,2025-04-21 17:54:26,2025-04-21 18:59:04,64,,WIN,Signaltrade
4204524031,Range Break 200 Index,BUY,81344.6,81197.3,-7.37,-1473000.000000029,0.05,2025-04-21 18:01:00,2025-04-21 21:00:00,179,,LOSS,Signaltrade
4204598231,Volatility 10 Index,BUY,6204.673,6227.202,11.26,225290.0000000045,0.5,2025-04-21 19:01:20,2025-04-21 23:17:18,255,,WIN,Signaltrade
4204847684,Boom 300 Index,SELL,1737.284,1680.701,56.58,565830.0000000008,1.0,2025-04-21 22:55:00,2025-04-22 01:09:23,134,,WIN,Bearishbreakdown
4204869442,Volatility 50 Index,BUY,160.3467,160.3075,-0.16,-391.99999999993906,4.0,2025-04-21 23:20:50,2025-04-21 23:22:22,1,,LOSS,BullishreversalI
4204869501,Crash 500 Index,SELL,3145.148,3144.993,0.03,1550.000000002001,0.2,2025-04-21 23:20:53,2025-04-22 05:14:02,353,,WIN,Bearishbreakdown
4204869539,Jump 50 Index,SELL,36539.99,36640.16,-5.01,-1001700.0000000553,0.05,2025-04-21 23:20:57,2025-04-21 23:44:44,23,,LOSS,Bearishbreakdown
4204869558,Step Index,SELL,8523.8,8506.5,17.3,172999.99999999272,0.1,2025-04-21 23:21:00,2025-04-22 05:51:35,390,,WIN,Bearishbreakdown
4204875747,Volatility 50 Index,BUY,160.2998,160.737,1.75,4371.9999999999,4.0,2025-04-21 23:27:40,2025-04-21 23:33:54,6,,WIN,BullishreversalI
4204880991,Volatility 50 Index,BUY,160.7462,160.9969,1.0,2507.0000000002324,4.0,2025-04-21 23:34:12,2025-04-21 23:35:34,1,,WIN,BullishreversalI
4204885018,Volatility 50 Index,BUY,160.9794,160.8544,-0.5,-1250.0,4.0,2025-04-21 23:40:52,2025-04-21 23:41:30,0,,LOSS,BullishreversalI
4204885780,Volatility 50 Index,BUY,160.9417,160.8402,-0.41,-1014.9999999998727,4.0,2025-04-21 23:42:02,2025-04-21 23:43:26,1,,LOSS,BullishreversalI
4204885854,Boom 1000 Index,SELL,21115.514,21173.802,-11.66,-582880.0000000047,0.2,2025-04-21 23:42:09,2025-04-22 02:24:16,162,,LOSS,Bearishbreakdown
4204890050,Volatility 50 Index,BUY,160.9385,161.0887,0.6,1501.999999999839,4.0,2025-04-21 23:48:40,2025-04-21 23:49:52,1,,WIN,BullishreversalI
4204890196,Jump 50 Index,SELL,36578.93,36102.21,23.84,4767200.000000011,0.05,2025-04-21 23:48:45,2025-04-22 03:44:27,235,,WIN,Bearishbreakdown
4204911438,Volatility 50 Index,BUY,160.9372,161.0583,0.48,1211.0000000001264,4.0,2025-04-22 00:21:24,2025-04-22 00:22:14,0,,WIN,BullishreversalI
4204915129,Volatility 50 Index,BUY,161.7085,161.5331,-0.7,-1753.9999999999623,4.0,2025-04-22 00:27:50,2025-04-22 00:30:08,2,,LOSS,BullishreversalI
4204964745,Volatility 50 Index,BUY,161.8979,161.8065,-0.37,-913.9999999999304,4.0,2025-04-22 01:46:48,2025-04-22 01:47:56,1,,LOSS,BullishreversalI
4205011037,Volatility 10 Index,BUY,6238.755,6232.765,-3.0,-59899.99999999782,0.5,2025-04-22 03:01:10,2025-04-22 04:28:56,87,,LOSS,Signaltrade
4205409703,Volatility 10 Index,BUY,6244.542,6250.407,2.93,58649.99999999782,0.5,2025-04-22 10:23:38,2025-04-22 12:56:54,153,,WIN,Signaltrade
4205513514,Step Index,SELL,8514.7,8530.7,-16.0,-160000.0,0.1,2025-04-22 11:53:29,2025-04-22 20:07:51,494,,LOSS,Signaltrade
4205655632,Range Break 200 Index,BUY,81321.6,81432.3,5.54,1106999.999999971,0.05,2025-04-22 13:48:19,2025-04-22 13:53:01,4,,WIN,Signaltrade
4205666504,Range Break 200 Index,BUY,81426.6,81432.3,0.29,56999.999999970896,0.05,2025-04-22 13:54:23,2025-04-22 13:55:03,0,,WIN,Signaltrade
4205675621,Range Break 200 Index,BUY,81426.6,81289.3,-6.87,-1373000.000000029,0.05,2025-04-22 14:00:25,2025-04-22 14:43:36,43,,LOSS,Signaltrade
4205751494,Range Break 200 Index,BUY,81302.6,81054.3,-12.42,-2483000.000000029,0.05,2025-04-22 14:48:31,2025-04-22 15:23:47,35,,LOSS,Signaltrade
4205805194,Range Break 200 Index,BUY,81059.6,80943.3,-5.82,-1163000.000000029,0.05,2025-04-22 15:24:36,2025-04-22 16:24:28,59,,LOSS,Signaltrade
4205888723,Range Break 200 Index,BUY,80948.6,80985.3,1.8399999999999999,366999.9999999709,0.05,2025-04-22 16:24:45,2025-04-22 17:03:30,38,,WIN,Signaltrade
4205952450,Boom 300 Index,BUY,1768.674,1767.985,-0.69,-6890.000000000782,1.0,2025-04-22 17:07:23,2025-04-22 18:06:52,59,,LOSS,Bullishbreakouta
4205952513,Boom 1000 Index,BUY,21241.019,21221.096,-3.98,-199229.99999998865,0.2,2025-04-22 17:07:26,2025-04-22 17:36:03,28,,LOSS,Bullishbreakouta
4205953901,XAUUSD,SELL,3417.41,3392.68,123.65,247300.00000000017,0.05,2025-04-22 17:08:31,2025-04-22 17:58:28,49,,WIN,Bearishbreakdown
4206014878,Boom 1000 Index,BUY,21203.994,21182.885,-21.11,-211090.00000000378,1.0,2025-04-22 17:50:50,2025-04-22 18:12:07,21,,LOSS,
4206029994,XAUUSD,SELL,3389.83,3399.7,-49.35,-98699.99999999891,0.05,2025-04-22 18:01:35,2025-04-22 18:16:12,14,,LOSS,Bearishbreakdown
4206030700,XAUUSD,BUY,3389.03,3388.62,-41.0,-4100.000000003092,1.0,2025-04-22 18:02:11,2025-04-22 18:02:33,0,,LOSS,
4206038964,Boom 300 Index,BUY,1767.229,1767.049,-0.18,-1800.0000000006366,1.0,2025-04-22 18:08:13,2025-04-22 18:48:06,39,,LOSS,Bullishbreakouta
4206061962,XAUUSD,SELL,3405.5,3396.28,46.1,92199.99999999799,0.05,2025-04-22 18:22:07,2025-04-22 19:12:34,50,,WIN,Bearishbreakdown
4206096363,Boom 300 Index,BUY,1767.415,1799.281,31.87,318659.9999999999,1.0,2025-04-22 18:48:12,2025-04-22 19:59:06,70,,WIN,Bullishbreakouta
4206114828,Boom 1000 Index,BUY,21147.408,21152.552,1.03,51440.00000000233,0.2,2025-04-22 19:01:09,2025-04-22 19:30:37,29,,WIN,Bullishbreakouta
4206130443,XAUUSD,SELL,3397.35,3382.92,72.15,144299.99999999837,0.05,2025-04-22 19:14:03,2025-04-22 20:00:21,46,,WIN,Bearishbreakdown
4206186970,Boom 1000 Index,BUY,21123.11,21099.145,-4.79,-239650.00000000146,0.2,2025-04-22 19:55:20,2025-04-22 20:19:00,23,,LOSS,Bullishbreakouta
4206203911,Boom 300 Index,BUY,1801.891,1835.612,33.72,337210.00000000006,1.0,2025-04-22 20:06:46,2025-04-22 22:25:00,138,,WIN,Bullishbreakouta
4206203956,XAUUSD,SELL,3385.2,3320.56,323.2,646399.9999999987,0.05,2025-04-22 20:06:48,2025-04-22 23:01:00,174,,WIN,Bearishbreakdown
4206221093,Boom 1000 Index,BUY,21099.36,21116.552,3.44,171919.99999999098,0.2,2025-04-22 20:20:15,2025-04-22 21:25:59,65,,WIN,Bullishbreakouta
4206305048,Boom 1000 Index,BUY,21111.945,21183.36,14.28,714150.0000000087,0.2,2025-04-22 21:30:42,2025-04-22 22:14:04,43,,WIN,Bullishbreakouta
4206384730,Boom 300 Index,BUY,1828.238,1828.193,-0.05,-450.0000000007276,1.0,2025-04-22 22:58:09,2025-04-23 00:04:52,66,,LOSS,Bullishbreakouta
4206406347,Boom 1000 Index,BUY,21152.158,21143.416,-1.75,-87419.9999999837,0.2,2025-04-22 23:13:50,2025-04-22 23:38:12,24,,LOSS,Bullishbreakouta
4206409783,XAUUSD,SELL,3325.74,3332.03,-31.45,-62900.000000004184,0.05,2025-04-22 23:17:13,2025-04-22 23:39:20,22,,LOSS,Bearishbreakdown
4206435094,Boom 1000 Index,SELL,21157.797,21171.58,-2.76,-137830.00000003085,0.2,2025-04-22 23:44:20,2025-04-23 00:08:33,24,,LOSS,Bearishbreakdown
4206449371,Crash 500 Index,BUY,3179.208,3180.052,0.17,8440.00000000051,0.2,2025-04-23 00:01:50,2025-04-23 00:07:07,5,,WIN,Bullishbreakouta
4206458707,Crash 500 Index,BUY,3183.101,3184.025,0.18,9239.999999999782,0.2,2025-04-23 00:14:28,2025-04-23 00:17:35,3,,WIN,Bullishbreakouta
4206458720,Crash 1000 Index,SELL,4998.088,4971.089,5.4,269989.99999999796,0.2,2025-04-23 00:14:32,2025-04-23 06:44:39,390,,WIN,Bearishbreakdown
4206458761,Step Index,SELL,8531.4,8531.2,0.2,1999.999999989086,0.1,2025-04-23 00:14:40,2025-04-23 02:25:28,130,,WIN,BearishreversalH
4206458786,Boom 1000 Index,SELL,21161.914,21208.785,-9.37,-468709.99999999185,0.2,2025-04-23 00:14:42,2025-04-23 00:29:35,14,,LOSS,Signaltrade
4206463173,Crash 500 Index,BUY,3185.787,3187.382,0.32,15950.000000002547,0.2,2025-04-23 00:21:16,2025-04-23 00:38:53,17,,WIN,Bullishbreakouta
4206473521,Boom 1000 Index,SELL,21198.772,21214.224,-3.09,-154519.99999997497,0.2,2025-04-23 00:35:43,2025-04-23 00:52:12,16,,LOSS,Signaltrade
4206477514,Crash 500 Index,BUY,3184.354,3175.343,-1.8,-90109.99999999968,0.2,2025-04-23 00:42:26,2025-04-23 00:46:20,3,,LOSS,Bullishbreakouta
4206484011,Volatility 10 Index,BUY,6277.244,6276.191,-0.53,-10529.999999998836,0.5,2025-04-23 00:52:38,2025-04-23 01:52:32,59,,LOSS,Bullishbreakouta
4206484220,Jump 50 Index,SELL,35674.43,35468.23,10.31,2061999.999999971,0.05,2025-04-23 00:52:56,2025-04-23 02:19:00,86,,WIN,Bearishbreakdown
4206484267,Boom 1000 Index,BUY,21213.185,21191.915,-4.25,-212700.00000000437,0.2,2025-04-23 00:53:00,2025-04-23 01:08:16,15,,LOSS,Signaltrade
4206497776,Boom 1000 Index,BUY,21185.761,21178.561,-1.44,-71999.9999999709,0.2,2025-04-23 01:14:31,2025-04-23 01:18:31,4,,LOSS,Bullishbreakouta
4206501363,Boom 1000 Index,BUY,21176.866,21153.066,-4.76,-238000.0000000291,0.2,2025-04-23 01:21:19,2025-04-23 01:38:34,17,,LOSS,Signaltrade
4206514052,Boom 1000 Index,BUY,21168.075,21146.877,-4.24,-211980.0000000032,0.2,2025-04-23 01:41:58,2025-04-23 01:56:53,14,,LOSS,Signaltrade
4206626270,Step Index,SELL,8515.4,8517.5,-2.1,-21000.000000003638,0.1,2025-04-23 04:17:18,2025-04-23 10:54:09,396,,LOSS,Signaltrade
4207000868,Crash 500 Index,SELL,3150.732,3150.213,0.1,5189.999999997781,0.2,2025-04-23 10:37:55,2025-04-23 11:24:07,46,,WIN,Signaltrade
4207021868,Step Index,SELL,8515.3,8478.3,37.0,370000.0,0.1,2025-04-23 10:55:59,2025-04-23 22:16:07,680,,WIN,Signaltrade
4207025880,Volatility 10 Index,BUY,6269.133,6267.712,-0.71,-14209.99999999367,0.5,2025-04-23 10:59:32,2025-04-23 11:36:26,36,,LOSS,Signaltrade
4207079951,Volatility 10 Index,BUY,6265.871,6260.703,-2.58,-51679.99999999665,0.5,2025-04-23 11:41:30,2025-04-23 12:10:58,29,,LOSS,Signaltrade
4207123351,Volatility 10 Index,BUY,6261.677,6278.822,8.57,171450.00000000437,0.5,2025-04-23 12:15:48,2025-04-23 14:38:52,143,,WIN,Signaltrade
4207205889,Range Break 200 Index,BUY,80973.6,80780.3,-9.67,-1933000.000000029,0.05,2025-04-23 13:14:29,2025-04-23 13:45:10,30,,LOSS,Signaltrade
4207916927,Crash 500 Index,SELL,3124.072,3123.887,0.04,1849.9999999994543,0.2,2025-04-23 21:49:25,2025-04-24 02:16:36,267,,WIN,Bearishbreakdown
4207917100,Boom 300 Index,BUY,1806.735,1824.645,17.91,179100.00000000081,1.0,2025-04-23 21:49:35,2025-04-23 23:17:15,87,,WIN,BullishreversalH
4207917145,XAUUSD,SELL,3288.5,3303.18,-73.4,-146799.99999999837,0.05,2025-04-23 21:49:37,2025-04-23 23:02:08,72,,LOSS,Bearishbreakdown
4207917171,Boom 1000 Index,SELL,20939.495,20909.068,6.09,304269.9999999968,0.2,2025-04-23 21:49:40,2025-04-23 22:15:16,25,,WIN,Bearishbreakdown
4207917227,Range Break 200 Index,BUY,81238.6,81246.3,0.39,76999.9999999709,0.05,2025-04-23 21:49:44,2025-04-23 21:52:06,2,,WIN,BullishreversalH
4207922686,Range Break 200 Index,BUY,81246.6,80902.3,-17.22,-3443000.000000029,0.05,2025-04-23 21:55:54,2025-04-23 22:56:51,60,,LOSS,BullishreversalH
4207936530,Crash 1000 Index,SELL,5019.438,5035.384,-3.19,-159459.99999999913,0.2,2025-04-23 22:14:25,2025-04-23 23:05:50,51,,LOSS,Bearishbreakdown
4207942000,Boom 1000 Index,SELL,20951.397,21035.753,-16.87,-843559.9999999977,0.2,2025-04-23 22:20:38,2025-04-23 22:40:52,20,,LOSS,Bearishbreakdown
4207942030,Step Index,SELL,8481.4,8472.2,9.2,91999.99999998909,0.1,2025-04-23 22:20:40,2025-04-24 03:20:14,299,,WIN,Bearishbreakdown
4207964267,Boom 1000 Index,SELL,21020.253,21052.986,-6.55,-327330.00000000175,0.2,2025-04-23 22:51:51,2025-04-23 22:57:28,5,,LOSS,Bearishbreakdown
4207975272,XAUUSD,SELL,3305.32,3324.59,-96.35,-192699.99999999983,0.05,2025-04-23 23:04:42,2025-04-24 01:20:01,135,,LOSS,Bearishbreakdown
4207982280,Crash 1000 Index,SELL,5036.657,5037.643,-0.2,-9859.999999998763,0.2,2025-04-23 23:11:13,2025-04-24 02:01:43,170,,LOSS,Bearishbreakdown
4207999193,Boom 1000 Index,SELL,21025.204,21055.722,-6.1,-305180.0000000003,0.2,2025-04-23 23:32:10,2025-04-24 00:04:56,32,,LOSS,Bearishbreakdown
4208011500,Jump 50 Index,SELL,34804.72,34801.56,0.16,31600.000000034925,0.05,2025-04-23 23:50:28,2025-04-24 02:11:43,141,,WIN,Bearishbreakdown
4208011516,Range Break 200 Index,SELL,80745.3,80882.6,-6.87,-1373000.000000029,0.05,2025-04-23 23:50:31,2025-04-24 04:20:35,270,,LOSS,Signaltrade
4208062711,Boom 300 Index,SELL,1813.49,1765.023,48.47,484670.000000001,1.0,2025-04-24 01:14:11,2025-04-24 02:32:49,78,,WIN,Bearishbreakdown
4208093602,Crash 1000 Index,BUY,5039.305,5034.381,-0.98,-49239.99999999978,0.2,2025-04-24 02:06:46,2025-04-24 02:08:43,1,,LOSS,Bullishbreakouta
4208097227,Crash 1000 Index,BUY,5035.875,5042.246,1.27,63710.000000000946,0.2,2025-04-24 02:12:56,2025-04-24 02:34:21,21,,WIN,Bullishbreakouta
4208102113,Jump 50 Index,SELL,34727.5,34779.15,-2.58,-516500.00000001455,0.05,2025-04-24 02:19:10,2025-04-24 02:20:05,0,,LOSS,Bearishbreakdown
4208104636,Jump 50 Index,SELL,34739.43,34767.76,-1.42,-283300.00000001746,0.05,2025-04-24 02:22:33,2025-04-24 02:27:01,4,,LOSS,Bearishbreakdown
4208104646,Crash 500 Index,SELL,3125.882,3122.519,0.67,33630.00000000284,0.2,2025-04-24 02:22:36,2025-04-24 04:01:58,99,,WIN,Signaltrade
4208104657,Boom 1000 Index,BUY,21017.719,20996.442,-4.26,-212770.00000001863,0.2,2025-04-24 02:22:37,2025-04-24 02:37:23,14,,LOSS,Signaltrade
4208112468,Jump 50 Index,SELL,34741.11,34765.89,-1.24,-247799.99999998836,0.05,2025-04-24 02:35:02,2025-04-24 02:45:59,10,,LOSS,Bearishbreakdown
4208135773,Boom 300 Index,BUY,1782.238,1777.2,-5.04,-50380.00000000011,1.0,2025-04-24 03:13:42,2025-04-24 03:33:40,19,,LOSS,Bullishbreakouta
4208149619,Boom 300 Index,BUY,1774.282,1792.339,18.06,180570.00000000017,1.0,2025-04-24 03:37:27,2025-04-24 04:34:31,57,,WIN,Bullishbreakouta
4208152830,Jump 50 Index,SELL,34863.22,34661.75,10.07,2014700.0000000116,0.05,2025-04-24 03:41:46,2025-04-24 04:34:31,52,,WIN,Bearishbreakdown
4208189297,Boom 300 Index,BUY,1789.374,1815.27,25.9,258959.9999999996,1.0,2025-04-24 04:37:57,2025-04-24 05:07:17,29,,WIN,Bullishbreakouta
4208189325,Jump 50 Index,SELL,34609.33,34797.69,-9.42,-1883600.0000000058,0.05,2025-04-24 04:38:00,2025-04-24 05:02:47,24,,LOSS,Bearishbreakdown
4208207919,Jump 50 Index,SELL,34782.14,34293.55,24.43,4885899.999999965,0.05,2025-04-24 05:08:36,2025-04-24 09:11:24,242,,WIN,Bearishbreakdown
4208215275,Boom 300 Index,BUY,1805.105,1792.129,-12.98,-129760.00000000114,1.0,2025-04-24 05:20:49,2025-04-24 05:46:16,25,,LOSS,Bullishbreakouta
4208235921,Boom 300 Index,BUY,1787.55,1812.319,24.77,247690.00000000006,1.0,2025-04-24 05:51:26,2025-04-24 06:50:40,59,,WIN,Bullishbreakouta
4208304531,Boom 300 Index,BUY,1804.755,1791.8,-12.96,-129550.00000000154,1.0,2025-04-24 07:04:50,2025-04-24 07:17:55,13,,LOSS,Bullishbreakouta
4208326259,Boom 300 Index,BUY,1787.268,1807.6,20.33,203319.9999999988,1.0,2025-04-24 07:23:11,2025-04-24 08:10:45,47,,WIN,Bullishbreakouta
4208394865,Boom 300 Index,BUY,1804.149,1791.212,-12.94,-129369.99999999898,1.0,2025-04-24 08:24:17,2025-04-24 08:38:06,13,,LOSS,Bullishbreakouta
4208414211,Boom 300 Index,BUY,1787.468,1811.448,23.98,239800.00000000017,1.0,2025-04-24 08:42:40,2025-04-24 09:00:27,17,,WIN,Bullishbreakouta
4208451910,Jump 50 Index,SELL,34317.97,34313.1,0.24,48700.00000002619,0.05,2025-04-24 09:13:16,2025-04-24 11:32:20,139,,WIN,Bearishbreakdown
4208505305,Boom 300 Index,BUY,1830.26,1817.368,-12.89,-128920.00000000052,1.0,2025-04-24 10:00:07,2025-04-24 10:14:43,14,,LOSS,Bullishbreakouta
4208588821,XAUUSD,BUY,3333.83,3332.15,-8.4,-16799.999999998363,0.05,2025-04-24 11:03:18,2025-04-24 11:14:23,11,,LOSS,BullishreversalI
4208588953,Boom 1000 Index,SELL,20961.435,20936.839,4.92,245960.00000001368,0.2,2025-04-24 11:03:23,2025-04-24 11:27:53,24,,WIN,Signaltrade
4208600338,Boom 300 Index,SELL,1848.956,1837.054,11.9,119019.99999999817,1.0,2025-04-24 11:13:57,2025-04-24 11:41:56,27,,WIN,Bearishbreakdown
4209024117,Volatility 10 Index,SELL,6255.462,6240.846,7.31,146160.00000000896,0.5,2025-04-24 16:17:32,2025-04-24 21:11:34,294,,WIN,Bearishbreakdown
4209024300,Step Index,BUY,8459.5,8476.0,16.5,165000.0,0.1,2025-04-24 16:17:37,2025-04-24 21:41:52,324,,WIN,BullishreversalI
4209034501,Crash 1000 Index,BUY,5045.392,5045.823,0.09,4310.000000004948,0.2,2025-04-24 16:25:14,2025-04-24 17:10:49,45,,WIN,BullishreversalH
4209034607,Boom 1000 Index,SELL,20792.124,20851.964,-11.97,-598400.0000000014,0.2,2025-04-24 16:25:17,2025-04-24 16:51:22,26,,LOSS,Bearishbreakdown
4209034663,Jump 50 Index,SELL,35273.36,35604.44,-16.55,-3310800.0000000177,0.05,2025-04-24 16:25:19,2025-04-24 22:52:11,386,,LOSS,Bearishbreakdown
4209034692,Jump 75 Index,SELL,19570.1,18749.76,41.02,8203400.000000002,0.05,2025-04-24 16:25:21,2025-04-24 20:03:03,217,,WIN,Bearishbreakdown
4209034759,Crash 500 Index,BUY,3147.643,3144.978,-0.53,-26649.999999999636,0.2,2025-04-24 16:25:24,2025-04-24 16:29:14,3,,LOSS,Signaltrade
4209042043,Crash 500 Index,BUY,3146.145,3153.703,1.51,75579.99999999993,0.2,2025-04-24 16:31:38,2025-04-24 17:09:17,37,,WIN,Signaltrade
4209084940,Boom 1000 Index,SELL,20836.129,20711.411,24.94,1247180.0000000075,0.2,2025-04-24 17:03:09,2025-04-24 23:49:19,406,,WIN,Bearishbreakdown
4209094262,Crash 500 Index,BUY,3154.078,3148.685,-1.08,-53930.00000000029,0.2,2025-04-24 17:09:30,2025-04-24 17:11:26,1,,LOSS,Signaltrade
4209103157,Crash 1000 Index,BUY,5047.544,5052.536,1.0,49920.00000000189,0.2,2025-04-24 17:15:40,2025-04-24 18:08:22,52,,WIN,BullishreversalH
4209103215,Crash 500 Index,BUY,3150.669,3147.124,-0.71,-35450.00000000073,0.2,2025-04-24 17:15:44,2025-04-24 17:17:23,1,,LOSS,Signaltrade
4209116146,Crash 500 Index,BUY,3150.133,3149.016,-0.22,-11169.999999997344,0.2,2025-04-24 17:24:41,2025-04-24 17:41:32,16,,LOSS,Signaltrade
4209141900,Crash 500 Index,BUY,3150.202,3150.984,0.16,7819.9999999969805,0.2,2025-04-24 17:44:03,2025-04-24 18:08:56,24,,WIN,Signaltrade
4209177515,Crash 1000 Index,BUY,5054.243,5044.206,-2.01,-100370.00000000262,0.2,2025-04-24 18:13:26,2025-04-24 18:16:46,3,,LOSS,BullishreversalH
4209178870,Crash 500 Index,BUY,3153.536,3150.499,-0.61,-30370.00000000262,0.2,2025-04-24 18:14:36,2025-04-24 18:22:47,8,,LOSS,Signaltrade
4209186802,Crash 1000 Index,BUY,5045.704,5039.263,-1.29,-64409.999999998035,0.2,2025-04-24 18:20:58,2025-04-24 18:25:51,4,,LOSS,BullishreversalH
4209194830,Crash 500 Index,BUY,3149.008,3152.477,0.69,34690.00000000051,0.2,2025-04-24 18:27:23,2025-04-24 18:58:33,31,,WIN,Signaltrade
4209229485,Crash 1000 Index,BUY,5022.31,5035.978,2.73,136679.99999999665,0.2,2025-04-24 18:59:02,2025-04-24 19:48:08,49,,WIN,BullishreversalH
4209229880,Crash 500 Index,BUY,3153.069,3152.325,-0.15,-7440.000000001419,0.2,2025-04-24 18:59:21,2025-04-24 20:05:07,65,,LOSS,Signaltrade
4209448650,Crash 500 Index,BUY,3168.352,3168.905,0.11,5530.000000003383,0.2,2025-04-24 22:07:03,2025-04-24 22:24:16,17,,WIN,Signaltrade
4209453687,Crash 1000 Index,BUY,5020.135,5021.706,0.31,15709.999999999127,0.2,2025-04-24 22:13:15,2025-04-24 22:43:53,30,,WIN,BullishreversalH
4209466187,Jump 75 Index,SELL,18280.76,18475.57,-9.74,-1948100.000000013,0.05,2025-04-24 22:28:14,2025-04-25 05:45:45,437,,LOSS,Bearishbreakdown
4209469012,Crash 500 Index,BUY,3167.365,3166.096,-0.25,-12689.99999999778,0.2,2025-04-24 22:31:06,2025-04-24 22:45:18,14,,LOSS,Signaltrade
4209481074,Crash 1000 Index,BUY,5022.566,5036.25,2.74,136840.00000000198,0.2,2025-04-24 22:45:59,2025-04-24 23:31:22,45,,WIN,BullishreversalH
4209484699,Crash 500 Index,BUY,3162.424,3158.596,-0.77,-38279.999999999745,0.2,2025-04-24 22:50:16,2025-04-24 22:51:19,1,,LOSS,Signaltrade
4209485058,Volatility 10 Index,SELL,6245.073,6234.1,5.49,109729.99999999956,0.5,2025-04-24 22:50:42,2025-04-25 01:14:38,143,,WIN,Bearishbreakdown
4209485147,Step Index,BUY,8472.2,8479.3,7.1,70999.99999998545,0.1,2025-04-24 22:50:48,2025-04-25 02:58:59,248,,WIN,BullishreversalH
4209502916,Boom 300 Index,SELL,1728.806,1742.802,-14.0,-139959.99999999866,1.0,2025-04-24 23:11:15,2025-04-24 23:34:16,23,,LOSS,Bearishbreakdown
4209503010,Crash 500 Index,BUY,3166.453,3163.117,-0.67,-33359.99999999785,0.2,2025-04-24 23:11:20,2025-04-24 23:12:23,1,,LOSS,Signaltrade
4209506840,Crash 500 Index,BUY,3165.288,3165.566,0.06,2779.9999999979264,0.2,2025-04-24 23:17:38,2025-04-24 23:29:41,12,,WIN,Signaltrade
4209518863,Crash 500 Index,BUY,3166.319,3161.378,-0.99,-49409.999999998035,0.2,2025-04-24 23:30:52,2025-04-24 23:34:43,3,,LOSS,Signaltrade
4209524865,Boom 300 Index,SELL,1739.438,1739.942,-0.5,-5039.999999999054,1.0,2025-04-24 23:37:15,2025-04-25 03:23:18,226,,LOSS,Bearishbreakdown
4209524905,Crash 500 Index,BUY,3162.675,3157.676,-1.0,-49990.00000000251,0.2,2025-04-24 23:37:20,2025-04-24 23:44:48,7,,LOSS,Signaltrade
4209532080,Crash 500 Index,BUY,3158.584,3161.934,0.67,33500.00000000364,0.2,2025-04-24 23:46:31,2025-04-25 00:05:08,18,,WIN,Signaltrade
4209532092,Crash 1000 Index,SELL,5030.422,5048.437,-3.6,-180150.00000000326,0.2,2025-04-24 23:46:33,2025-04-25 08:32:49,526,,LOSS,Signaltrade
4209538843,Boom 1000 Index,SELL,20700.675,20753.657,-10.6,-529819.9999999998,0.2,2025-04-24 23:56:14,2025-04-25 03:37:26,221,,LOSS,Bearishbreakdown
4209541267,XAUUSD,SELL,3366.92,3333.36,167.8,335599.9999999995,0.05,2025-04-24 23:59:53,2025-04-25 04:57:02,297,,WIN,BearishreversalH
4209541288,Range Break 200 Index,SELL,81073.3,80715.6,17.89,3576999.999999971,0.05,2025-04-24 23:59:57,2025-04-25 00:07:03,7,,WIN,BearishreversalH
4209546530,Crash 500 Index,SELL,3162.324,3154.225,1.62,80990.0000000016,0.2,2025-04-25 00:06:14,2025-04-25 00:12:32,6,,WIN,BearishreversalH
4209550214,Range Break 200 Index,SELL,80725.3,80720.6,0.24,46999.999999970896,0.05,2025-04-25 00:12:31,2025-04-25 00:35:06,22,,WIN,BearishreversalH
4209554007,Crash 500 Index,SELL,3152.996,3156.161,-0.63,-31649.999999999636,0.2,2025-04-25 00:18:41,2025-04-25 00:46:07,27,,LOSS,BearishreversalH
4209567963,Range Break 200 Index,SELL,80727.3,80720.6,0.34,66999.9999999709,0.05,2025-04-25 00:37:19,2025-04-25 00:59:28,22,,WIN,BearishreversalH
4209575765,Crash 500 Index,SELL,3157.262,3157.67,-0.08,-4079.9999999990177,0.2,2025-04-25 00:49:41,2025-04-25 00:49:56,0,,LOSS,BearishreversalH
4209579201,Crash 500 Index,SELL,3159.614,3157.648,0.39,19659.999999998945,0.2,2025-04-25 00:55:54,2025-04-25 00:56:26,0,,WIN,BearishreversalH
4209583064,Crash 500 Index,SELL,3158.291,3155.195,0.62,30960.000000000036,0.2,2025-04-25 01:02:06,2025-04-25 01:21:12,19,,WIN,BearishreversalH
4209583085,Range Break 200 Index,SELL,80718.3,81236.6,-25.92,-5183000.000000029,0.05,2025-04-25 01:02:10,2025-04-25 06:28:59,326,,LOSS,BearishreversalH
4209595293,Volatility 10 Index,SELL,6235.429,6235.056,0.19,3730.0000000050204,0.5,2025-04-25 01:20:44,2025-04-25 01:28:34,7,,WIN,BearishreversalH
4209598388,Crash 500 Index,SELL,3153.11,3156.279,-0.63,-31689.99999999869,0.2,2025-04-25 01:26:57,2025-04-25 01:35:43,8,,LOSS,BearishreversalH
4209601951,Volatility 10 Index,SELL,6233.503,6232.604,0.45,8989.999999994325,0.5,2025-04-25 01:33:10,2025-04-25 01:39:48,6,,WIN,BearishreversalH
4209606755,Crash 500 Index,SELL,3154.876,3158.053,-0.64,-31769.9999999968,0.2,2025-04-25 01:39:23,2025-04-25 03:19:42,100,,LOSS,BearishreversalH
4209610666,Volatility 10 Index,SELL,6233.236,6234.642,-0.7,-14059.99999999949,0.5,2025-04-25 01:45:36,2025-04-25 01:56:42,11,,LOSS,BearishreversalH
4210065464,Crash 1000 Index,BUY,5077.382,5059.313,-3.61,-180689.99999999505,0.2,2025-04-25 10:31:35,2025-04-25 10:40:42,9,,LOSS,Bullishbreakouta
4210065493,Boom 300 Index,SELL,1694.65,1714.419,-19.77,-197690.00000000006,1.0,2025-04-25 10:31:37,2025-04-25 10:47:30,15,,LOSS,Bearishbreakdown
4210065534,XAUUSD,SELL,3300.96,3301.37,-2.05,-4099.999999998545,0.05,2025-04-25 10:31:38,2025-04-25 11:20:42,49,,LOSS,BearishreversalS
4210065594,Boom 1000 Index,BUY,20847.655,20824.252,-4.68,-234029.99999998428,0.2,2025-04-25 10:31:40,2025-04-25 10:48:40,17,,LOSS,BullishreversalI
4210078919,Crash 1000 Index,BUY,5060.005,5051.217,-1.76,-87880.00000000466,0.2,2025-04-25 10:44:08,2025-04-25 10:56:41,12,,LOSS,Bullishbreakouta
4210085732,Boom 300 Index,SELL,1711.243,1682.671,28.57,285719.9999999989,1.0,2025-04-25 10:50:25,2025-04-25 11:58:30,68,,WIN,Bearishbreakdown
4210085784,Boom 1000 Index,BUY,20823.973,20803.012,-4.19,-209610.0000000297,0.2,2025-04-25 10:50:29,2025-04-25 11:05:44,15,,LOSS,BullishreversalI
4210100521,Crash 1000 Index,BUY,5053.395,5067.097,2.74,137019.99999999316,0.2,2025-04-25 11:02:53,2025-04-25 11:49:28,46,,WIN,Bullishbreakouta
4210107790,Boom 1000 Index,BUY,20800.874,20779.994,-4.18,-208800.0000000102,0.2,2025-04-25 11:09:09,2025-04-25 11:24:13,15,,LOSS,BullishreversalI
4210121832,XAUUSD,SELL,3302.05,3289.52,62.65,125300.00000000201,0.05,2025-04-25 11:21:40,2025-04-25 12:44:17,82,,WIN,BearishreversalS
4210128775,Boom 1000 Index,BUY,20777.306,20756.346,-4.19,-209599.99999999127,0.2,2025-04-25 11:27:57,2025-04-25 11:55:14,27,,LOSS,BullishreversalI
4210160152,Crash 1000 Index,BUY,5057.29,5055.825,-0.29,-14650.000000001455,0.2,2025-04-25 11:52:56,2025-04-25 12:24:44,31,,LOSS,Bullishbreakouta
4210166065,Boom 1000 Index,BUY,20752.977,20732.124,-4.17,-208529.99999999156,0.2,2025-04-25 11:59:14,2025-04-25 12:14:12,14,,LOSS,BullishreversalI
4210184499,Boom 1000 Index,BUY,20729.094,20708.308,-4.16,-207860.00000000058,0.2,2025-04-25 12:17:58,2025-04-25 12:33:09,15,,LOSS,BullishreversalI
4210191108,Range Break 200 Index,SELL,81248.3,81687.6,-21.97,-4393000.000000029,0.05,2025-04-25 12:24:15,2025-04-25 13:15:55,51,,LOSS,Bearishbreakdown
4210198822,Crash 1000 Index,BUY,5057.77,5052.31,-1.09,-54600.000000000364,0.2,2025-04-25 12:30:25,2025-04-25 12:40:13,9,,LOSS,Bullishbreakouta
4210206293,Boom 1000 Index,BUY,20706.119,20685.257,-4.17,-208619.99999997352,0.2,2025-04-25 12:36:45,2025-04-25 13:16:59,40,,LOSS,BullishreversalI
4210214790,Crash 1000 Index,BUY,5049.327,5046.449,-0.58,-28780.00000000611,0.2,2025-04-25 12:43:11,2025-04-25 13:02:29,19,,LOSS,Bullishbreakouta
4210222286,XAUUSD,SELL,3293.69,3292.11,7.9,15799.999999999272,0.05,2025-04-25 12:49:27,2025-04-25 12:50:15,0,,WIN,BearishreversalS
4210280363,Crash 500 Index,SELL,3129.719,3133.001,-0.66,-32820.00000000153,0.2,2025-04-25 13:33:37,2025-04-25 14:29:33,55,,LOSS,Bearishbreakdown
4210280417,Crash 1000 Index,SELL,5042.553,5051.499,-1.79,-89459.99999999913,0.2,2025-04-25 13:33:40,2025-04-25 14:56:12,82,,LOSS,Bearishbreakdown
4210280717,Boom 300 Index,SELL,1675.164,1622.779,52.39,523849.9999999999,1.0,2025-04-25 13:33:47,2025-04-26 02:03:03,749,,WIN,Bearishbreakdown
4210280751,XAUUSD,BUY,3293.44,3295.28,9.2,18400.000000001455,0.05,2025-04-25 13:33:48,2025-04-25 13:38:46,4,,WIN,BullishreversalI
4210280823,Jump 50 Index,BUY,35378.56,35344.41,-1.71,-341499.9999999418,0.05,2025-04-25 13:33:52,2025-04-25 13:36:13,2,,LOSS,BullishreversalH
4210289160,XAUUSD,BUY,3294.37,3294.96,2.95,5900.000000001455,0.05,2025-04-25 13:40:19,2025-04-25 13:54:20,14,,WIN,BullishreversalI
4210289201,Jump 50 Index,BUY,35364.17,35394.15,1.5,299800.000000032,0.05,2025-04-25 13:40:24,2025-04-25 13:46:38,6,,WIN,BullishreversalH
4210296752,Jump 50 Index,BUY,35403.71,35396.08,-0.38,-76299.9999999738,0.05,2025-04-25 13:46:39,2025-04-25 13:49:27,2,,LOSS,BullishreversalH
4210303554,Jump 50 Index,BUY,35384.21,35199.05,-9.26,-1851599.9999999623,0.05,2025-04-25 13:53:02,2025-04-25 14:00:30,7,,LOSS,BullishreversalH
4210310017,XAUUSD,BUY,3293.84,3289.46,-21.9,-43800.00000000109,0.05,2025-04-25 13:58:36,2025-04-25 14:00:10,1,,LOSS,BullishreversalI
4210334551,Jump 50 Index,BUY,35267.88,35231.95,-1.8,-359300.0000000029,0.05,2025-04-25 14:15:34,2025-04-25 14:17:12,1,,LOSS,BullishreversalH
4210342279,XAUUSD,BUY,3276.42,3274.32,-10.5,-20999.99999999909,0.05,2025-04-25 14:21:45,2025-04-25 14:24:05,2,,LOSS,BullishreversalI
4210342343,Jump 50 Index,BUY,35183.1,35162.32,-1.04,-207799.99999998836,0.05,2025-04-25 14:21:48,2025-04-25 14:22:34,0,,LOSS,BullishreversalH
4210350812,XAUUSD,BUY,3269.2,3270.45,6.25,12500.0,0.05,2025-04-25 14:28:00,2025-04-25 14:30:03,2,,WIN,BullishreversalI
4210350867,Jump 50 Index,BUY,35218.74,35216.68,-0.1,-20599.999999976717,0.05,2025-04-25 14:28:02,2025-04-25 14:28:48,0,,LOSS,BullishreversalH
4210360897,XAUUSD,BUY,3270.54,3268.04,-12.5,-25000.0,0.05,2025-04-25 14:34:14,2025-04-25 14:35:16,1,,LOSS,BullishreversalI
4210360915,Jump 50 Index,BUY,35256.17,35254.74,-0.07,-14300.00000000291,0.05,2025-04-25 14:34:16,2025-04-25 14:36:05,1,,LOSS,BullishreversalH
4210369974,Crash 500 Index,SELL,3130.522,3133.002,-0.5,-24800.000000000182,0.2,2025-04-25 14:40:30,2025-04-25 14:46:32,6,,LOSS,Bearishbreakdown
4210370111,XAUUSD,BUY,3270.74,3280.86,50.6,101200.00000000346,0.05,2025-04-25 14:40:35,2025-04-25 14:47:22,6,,WIN,BullishreversalI
4210370139,Jump 50 Index,BUY,35443.53,35409.34,-1.71,-341900.0000000233,0.05,2025-04-25 14:40:38,2025-04-25 14:43:03,2,,LOSS,BullishreversalH
4210382721,Jump 50 Index,BUY,35424.58,35374.72,-2.49,-498600.0000000058,0.05,2025-04-25 14:47:36,2025-04-25 14:48:00,0,,LOSS,BullishreversalH
4210391787,Jump 50 Index,BUY,35542.41,35521.27,-1.06,-211400.00000006694,0.05,2025-04-25 14:54:10,2025-04-25 14:55:11,1,,LOSS,BullishreversalH
4210394548,Crash 1000 Index,SELL,5051.337,5033.356,3.6,179810.00000000675,0.2,2025-04-25 14:56:30,2025-04-25 19:38:20,281,,WIN,Bearishbreakdown
4210401113,Jump 50 Index,BUY,35556.03,35527.74,-1.41,-282900.00000000873,0.05,2025-04-25 15:01:02,2025-04-25 15:02:19,1,,LOSS,BullishreversalH
4210410985,Crash 500 Index,SELL,3134.352,3091.562,8.56,427899.99999999965,0.2,2025-04-25 15:07:36,2025-04-25 18:40:13,212,,WIN,Bearishbreakdown
4210411117,XAUUSD,SELL,3281.18,3298.2,-85.1,-170199.99999999983,0.05,2025-04-25 15:07:43,2025-04-25 20:33:53,326,,LOSS,Bearishbreakdown
4210411272,Jump 50 Index,SELL,35698.34,35923.53,-11.26,-2251900.0000000233,0.05,2025-04-25 15:07:48,2025-04-25 15:42:52,35,,LOSS,Bearishbreakdown
4210411287,Jump 75 Index,SELL,18423.27,18521.88,-4.93,-986100.0000000058,0.05,2025-04-25 15:07:50,2025-04-25 18:14:58,187,,LOSS,BearishreversalS
4210411309,Step Index,BUY,8466.2,8457.6,-8.6,-86000.00000000364,0.1,2025-04-25 15:07:52,2025-04-25 15:41:00,33,,LOSS,Bullishbreakouta
4210479667,Step Index,BUY,8460.5,8457.6,-2.9,-28999.999999996362,0.1,2025-04-25 16:01:43,2025-04-25 16:08:16,6,,LOSS,Bullishbreakouta
4210542487,Step Index,BUY,8462.6,8459.6,-3.0,-30000.0,0.1,2025-04-25 16:49:34,2025-04-25 19:58:38,189,,LOSS,Bullishbreakouta
4210643707,Jump 75 Index,SELL,18515.98,18347.32,8.43,1686599.9999999986,0.05,2025-04-25 18:15:00,2025-04-25 19:00:09,45,,WIN,BearishreversalS
4210879135,Crash 500 Index,SELL,3070.755,3088.177,-3.48,-174220.00000000026,0.2,2025-04-25 21:54:32,2025-04-26 00:02:16,127,,LOSS,Bearishbreakdown
4210879410,Crash 1000 Index,BUY,5010.546,4996.625,-2.7800000000000002,-139210.00000000276,0.2,2025-04-25 21:54:44,2025-04-25 22:04:57,10,,LOSS,BullishreversalI
4210879445,Jump 75 Index,SELL,18749.52,18855.17,-5.28,-1056499.999999978,0.05,2025-04-25 21:54:49,2025-04-25 22:28:51,34,,LOSS,BearishreversalS
4210881714,Step Index,BUY,8459.3,8457.6,-1.7,-16999.999999989086,0.1,2025-04-25 21:57:03,2025-04-25 22:00:24,3,,LOSS,Bullishbreakouta
4210889815,Crash 1000 Index,BUY,4996.987,5004.853,1.5699999999999998,78659.99999999985,0.2,2025-04-25 22:05:27,2025-04-25 22:33:00,27,,WIN,BullishreversalI
4210917099,Crash 1000 Index,BUY,4997.68,5005.54,1.5699999999999998,78599.99999999673,0.2,2025-04-25 22:38:37,2025-04-25 23:10:21,31,,WIN,BullishreversalI
4210943817,Crash 1000 Index,BUY,4997.622,5005.48,1.5699999999999998,78579.99999999265,0.2,2025-04-25 23:16:19,2025-04-25 23:43:04,26,,WIN,BullishreversalI
4210950985,Step Index,BUY,8459.0,8457.6,-1.4,-13999.999999996362,0.1,2025-04-25 23:25:28,2025-04-25 23:27:06,1,,LOSS,Bullishbreakouta
4210963830,Crash 1000 Index,BUY,5005.749,5004.024,-0.35,-17249.999999994543,0.2,2025-04-25 23:43:07,2025-04-26 00:03:46,20,,LOSS,BullishreversalI
4210977269,Crash 500 Index,SELL,3087.94,3065.442,4.5,224980.00000000047,0.2,2025-04-26 00:02:22,2025-04-26 02:03:04,120,,WIN,Bearishbreakdown
4210980846,Crash 1000 Index,BUY,5005.179,5001.248,-0.79,-39310.00000000495,0.2,2025-04-26 00:06:40,2025-04-26 00:30:57,24,,LOSS,Signaltrade
4210990457,BTCUSD,SELL,94647.652,94809.648,-8.1,-1619959.9999999919,0.05,2025-04-26 00:21:21,2025-04-26 02:03:04,101,,LOSS,BearishreversalS
4210990479,Step Index,BUY,8457.2,8456.8,-0.4,-4000.000000014552,0.1,2025-04-26 00:21:24,2025-04-26 02:03:06,101,,LOSS,BullishreversalI
4210991107,Volatility 10 Index,BUY,6230.597,6229.163,-0.72,-14340.000000001965,0.5,2025-04-26 00:22:28,2025-04-26 01:03:32,41,,LOSS,BullishreversalI
4211003909,Crash 1000 Index,SELL,4993.877,4984.163,1.94,97140.00000000851,0.2,2025-04-26 00:43:26,2025-04-26 02:03:07,79,,WIN,Bearishbreakdown
4211456348,Volatility 10 Index,BUY,6242.13,6236.796,-2.67,-53339.99999999833,0.5,2025-04-26 11:49:06,2025-04-26 12:08:20,19,,LOSS,Signaltrade
4211506400,Volatility 10 Index,BUY,6238.777,6244.783,3.0,60060.00000000313,0.5,2025-04-26 12:42:22,2025-04-26 14:28:04,105,,WIN,Signaltrade
4211544686,BTCUSD,BUY,94287.648,94192.052,-4.78,-955960.0000000501,0.05,2025-04-26 13:24:17,2025-04-26 13:25:10,0,,LOSS,BullishreversalI
4211544719,Step Index,BUY,8453.7,8445.0,-8.7,-87000.00000000728,0.1,2025-04-26 13:24:21,2025-04-26 15:37:22,133,,LOSS,BullishreversalI
4211548018,Crash 500 Index,BUY,3074.546,3070.973,-0.71,-35729.999999998654,0.2,2025-04-26 13:28:01,2025-04-26 13:29:33,1,,LOSS,BullishreversalH
4211548162,Boom 1000 Index,SELL,20227.943,20316.198,-17.65,-882550.0000000102,0.2,2025-04-26 13:28:10,2025-04-26 14:49:11,81,,LOSS,Bearishbreakdown
4211553986,Crash 500 Index,BUY,3073.161,3070.649,-0.5,-25120.00000000171,0.2,2025-04-26 13:34:26,2025-04-26 13:37:13,2,,LOSS,BullishreversalH
4211559460,Crash 500 Index,BUY,3072.187,3072.475,0.06,2880.000000000109,0.2,2025-04-26 13:40:47,2025-04-26 13:53:03,12,,WIN,BullishreversalH
4211570854,Crash 500 Index,BUY,3072.794,3069.217,-0.72,-35769.99999999771,0.2,2025-04-26 13:53:07,2025-04-26 13:55:16,2,,LOSS,BullishreversalH
4211577000,Crash 500 Index,BUY,3071.042,3075.436,0.88,43940.00000000233,0.2,2025-04-26 13:59:35,2025-04-26 14:30:13,30,,WIN,BullishreversalH
4211637063,Crash 500 Index,BUY,3084.282,3080.525,-0.75,-37570.00000000062,0.2,2025-04-26 15:00:03,2025-04-26 15:01:04,1,,LOSS,BullishreversalH
4211643681,Crash 500 Index,BUY,3082.77,3083.549,0.16,7789.999999999964,0.2,2025-04-26 15:06:21,2025-04-26 15:09:10,2,,WIN,BullishreversalH
4211650169,Crash 500 Index,BUY,3085.407,3080.364,-1.01,-50430.0000000012,0.2,2025-04-26 15:13:13,2025-04-26 15:14:24,1,,LOSS,BullishreversalH
4211656863,Crash 500 Index,BUY,3082.396,3083.329,0.19,9329.999999999927,0.2,2025-04-26 15:18:53,2025-04-26 15:21:56,3,,WIN,BullishreversalH
4211663673,Crash 500 Index,BUY,3079.669,3083.044,0.68,33750.0,0.2,2025-04-26 15:25:11,2025-04-26 15:36:41,11,,WIN,BullishreversalH
4211678858,Crash 500 Index,BUY,3084.22,3085.027,0.16,8070.000000002437,0.2,2025-04-26 15:39:03,2025-04-26 15:42:05,3,,WIN,BullishreversalH
4211685747,Boom 1000 Index,SELL,20278.895,20150.787,25.62,1281080.0000000019,0.2,2025-04-26 15:44:47,2025-04-26 17:42:14,117,,WIN,Bearishbreakdown
4211687965,Crash 500 Index,BUY,3087.058,3081.454,-1.12,-56039.999999998145,0.2,2025-04-26 15:46:58,2025-04-26 15:50:07,3,,LOSS,BullishreversalH
4211694323,Crash 500 Index,BUY,3081.5,3083.045,0.31,15450.000000000728,0.2,2025-04-26 15:53:14,2025-04-26 15:58:09,4,,WIN,BullishreversalH
4211699796,Crash 500 Index,BUY,3083.914,3084.853,0.19,9389.999999998508,0.2,2025-04-26 15:59:40,2025-04-26 16:05:06,5,,WIN,BullishreversalH
4211706365,Crash 500 Index,BUY,3085.714,3086.646,0.19,9320.000000002437,0.2,2025-04-26 16:06:34,2025-04-26 16:09:42,3,,WIN,BullishreversalH
4211713193,Crash 500 Index,BUY,3088.298,3088.983,0.14,6850.000000004002,0.2,2025-04-26 16:13:13,2025-04-26 16:16:05,2,,WIN,BullishreversalH
4211720204,Crash 500 Index,BUY,3088.021,3084.262,-0.75,-37590.000000000146,0.2,2025-04-26 16:19:36,2025-04-26 16:20:33,0,,LOSS,BullishreversalH
4211727418,Crash 500 Index,BUY,3086.44,3087.229,0.16,7889.999999997599,0.2,2025-04-26 16:26:00,2025-04-26 16:28:52,2,,WIN,BullishreversalH
4211739690,Crash 500 Index,BUY,3091.031,3100.676,1.9300000000000002,96449.99999999983,0.2,2025-04-26 16:38:24,2025-04-26 17:21:09,42,,WIN,BullishreversalH
4211788214,Crash 500 Index,BUY,3098.704,3108.335,1.9300000000000002,96309.99999999857,0.2,2025-04-26 17:27:03,2025-04-26 18:02:25,35,,WIN,BullishreversalH
4211806860,Boom 1000 Index,SELL,20152.145,20188.753,-7.32,-366080.00000000175,0.2,2025-04-26 17:45:35,2025-04-26 18:03:13,17,,LOSS,Bearishbreakdown
4211825354,Crash 500 Index,BUY,3109.384,3118.976,1.92,95920.00000000099,0.2,2025-04-26 18:04:32,2025-04-26 18:48:25,43,,WIN,BullishreversalH
4211827709,Boom 1000 Index,SELL,20228.064,20295.213,-13.43,-671490.0000000126,0.2,2025-04-26 18:06:51,2025-04-26 23:22:15,315,,LOSS,Bearishbreakdown
4211866904,Boom 300 Index,SELL,1522.55,1552.003,-29.45,-294529.99999999977,1.0,2025-04-26 18:47:40,2025-04-27 03:36:25,528,,LOSS,Signaltrade
4211866966,BTCUSD,SELL,94301.452,94949.148,-32.38,-6476959.999999963,0.05,2025-04-26 18:47:43,2025-04-27 01:19:51,392,,LOSS,Signaltrade
4211866982,Jump 75 Index,BUY,19050.91,19038.58,-0.62,-123299.99999998108,0.05,2025-04-26 18:47:45,2025-04-26 18:48:23,0,,LOSS,Signaltrade
4211867016,Step Index,SELL,8439.6,8409.3,30.3,303000.00000001094,0.1,2025-04-26 18:47:48,2025-04-27 03:36:51,529,,WIN,Signaltrade
4211867039,Range Break 200 Index,BUY,82487.6,82004.3,-24.17,-4833000.000000029,0.05,2025-04-26 18:47:49,2025-04-26 22:45:20,237,,LOSS,Signaltrade
4211873167,Crash 500 Index,BUY,3121.442,3121.811,0.07,3690.000000001419,0.2,2025-04-26 18:54:11,2025-04-26 19:27:24,33,,WIN,Signaltrade
4211873215,Jump 75 Index,BUY,19040.38,19022.8,-0.88,-175800.00000001746,0.05,2025-04-26 18:54:15,2025-04-26 18:54:27,0,,LOSS,Signaltrade
4211879264,Jump 75 Index,BUY,19136.93,19115.35,-1.08,-215800.00000001746,0.05,2025-04-26 19:00:34,2025-04-26 19:00:56,0,,LOSS,Signaltrade
4211885144,Jump 75 Index,BUY,19114.27,19137.78,1.18,235099.999999984,0.05,2025-04-26 19:06:55,2025-04-26 19:08:27,1,,WIN,Signaltrade
4211887012,Jump 75 Index,BUY,19146.0,19136.04,-0.5,-99599.99999999127,0.05,2025-04-26 19:09:02,2025-04-26 19:09:52,0,,LOSS,
4211891691,Jump 75 Index,BUY,19060.73,19034.73,-1.3,-260000.0,0.05,2025-04-26 19:14:13,2025-04-26 19:14:55,0,,LOSS,Signaltrade
4211893026,Jump 75 Index,BUY,19032.24,18932.36,-4.99,-998800.0000000102,0.05,2025-04-26 19:15:19,2025-04-26 21:41:58,146,,LOSS,
4212025339,Volatility 10 Index,SELL,6253.016,6265.212,-6.1,-121960.00000000822,0.5,2025-04-26 21:41:28,2025-04-26 23:59:22,137,,LOSS,BearishreversalH
4212025802,Crash 500 Index,BUY,3148.605,3145.291,-0.66,-33139.99999999851,0.2,2025-04-26 21:41:57,2025-04-26 21:53:26,11,,LOSS,Signaltrade
4212026215,Jump 75 Index,BUY,18926.35,18929.6,0.16,32500.0,0.05,2025-04-26 21:42:24,2025-04-26 21:43:42,1,,WIN,Signaltrade
4212031176,Jump 75 Index,BUY,18870.67,18894.53,1.19,238600.00000000582,0.05,2025-04-26 21:48:49,2025-04-26 21:54:44,5,,WIN,Signaltrade
4212037318,Crash 500 Index,BUY,3146.306,3146.11,-0.04,-1959.9999999991269,0.2,2025-04-26 21:55:17,2025-04-26 22:27:49,32,,LOSS,Signaltrade
4212037408,Jump 75 Index,BUY,18902.16,18944.69,2.13,425299.99999998836,0.05,2025-04-26 21:55:21,2025-04-26 21:58:22,3,,WIN,Signaltrade
4212046384,Jump 75 Index,BUY,18934.38,18936.92,0.13,25399.99999997235,0.05,2025-04-26 22:04:49,2025-04-26 22:06:11,1,,WIN,Signaltrade
4212048559,Crash 1000 Index,SELL,4904.008,4862.935,8.21,410729.9999999941,0.2,2025-04-26 22:07:27,2025-04-27 03:36:51,329,,WIN,Signaltrade
4212048627,Jump 75 Index,SELL,18913.77,19048.26,-6.72,-1344899.9999999795,0.05,2025-04-26 22:07:32,2025-04-26 22:12:08,4,,LOSS,Signaltrade
4212052998,Jump 75 Index,BUY,19047.65,19024.7,-1.15,-229500.00000000728,0.05,2025-04-26 22:12:32,2025-04-26 22:12:58,0,,LOSS,Signaltrade
4212057989,Jump 75 Index,BUY,18985.96,18966.41,-0.98,-195499.99999999272,0.05,2025-04-26 22:18:54,2025-04-26 22:20:14,1,,LOSS,Signaltrade
4212063475,Jump 75 Index,BUY,18912.7,18924.03,0.57,113299.99999998108,0.05,2025-04-26 22:25:21,2025-04-26 22:26:54,1,,WIN,Signaltrade
4212067758,Crash 500 Index,BUY,3144.967,3142.177,-0.56,-27899.999999999636,0.2,2025-04-26 22:31:44,2025-04-26 22:33:34,1,,LOSS,Signaltrade
4212067827,Jump 75 Index,BUY,18906.81,18889.25,-0.88,-175600.0000000131,0.05,2025-04-26 22:31:52,2025-04-26 22:32:08,0,,LOSS,Signaltrade
4212073613,Crash 500 Index,BUY,3144.275,3149.441,1.03,51659.999999997126,0.2,2025-04-26 22:38:16,2025-04-26 23:07:58,29,,WIN,Signaltrade
4212073660,Jump 75 Index,BUY,18803.73,18830.47,1.34,267400.000000016,0.05,2025-04-26 22:38:20,2025-04-26 22:39:39,1,,WIN,Signaltrade
4212078151,Jump 75 Index,BUY,18817.88,18804.2,-0.68,-136800.0000000029,0.05,2025-04-26 22:44:44,2025-04-26 22:45:26,0,,LOSS,Signaltrade
4212079675,Jump 75 Index,SELL,18806.8,18730.98,3.79,758199.9999999971,0.05,2025-04-26 22:46:46,2025-04-27 03:36:51,290,,WIN,Signaltrade
4212085299,Range Break 200 Index,SELL,82009.3,81365.6,32.19,6436999.999999971,0.05,2025-04-26 22:54:47,2025-04-27 02:16:12,201,,WIN,Bearishbreakdown
4212085346,Jump 50 Index,BUY,37221.32,37202.33,-0.95,-189899.99999997963,0.05,2025-04-26 22:54:54,2025-04-26 22:55:33,0,,LOSS,Signaltrade
4212089765,Jump 50 Index,BUY,37168.85,37132.24,-1.83,-366100.0000000058,0.05,2025-04-26 23:01:22,2025-04-26 23:02:29,1,,LOSS,Signaltrade
4212094134,Jump 50 Index,BUY,37108.54,37106.44,-0.11,-20999.999999985448,0.05,2025-04-26 23:07:55,2025-04-26 23:09:44,1,,LOSS,Signaltrade
4212098990,Crash 500 Index,BUY,3152.228,3158.454,1.25,62260.00000000113,0.2,2025-04-26 23:14:19,2025-04-26 23:31:04,16,,WIN,BullishreversalI
4212099092,Jump 50 Index,BUY,37121.1,37087.86,-1.6600000000000001,-332399.9999999796,0.05,2025-04-26 23:14:29,2025-04-26 23:14:51,0,,LOSS,Signaltrade
4212103236,Jump 50 Index,BUY,37061.95,37021.8,-2.01,-401499.9999999418,0.05,2025-04-26 23:21:01,2025-04-26 23:21:35,0,,LOSS,Signaltrade
4212108115,Jump 50 Index,BUY,37115.75,37281.04,8.26,1652900.0000000088,0.05,2025-04-26 23:27:27,2025-04-26 23:29:33,2,,WIN,Signaltrade
4212112572,Crash 500 Index,BUY,3159.704,3165.937,1.25,62329.9999999972,0.2,2025-04-26 23:33:43,2025-04-26 23:50:44,17,,WIN,BullishreversalI
4212112646,Jump 50 Index,BUY,37260.03,37252.36,-0.38,-76699.99999998254,0.05,2025-04-26 23:33:53,2025-04-26 23:36:22,2,,LOSS,Signaltrade
4212115797,Jump 50 Index,BUY,37213.32,37223.26,0.5,99400.00000002328,0.05,2025-04-26 23:40:16,2025-04-26 23:43:02,2,,WIN,Signaltrade
4212119575,Boom 1000 Index,SELL,20263.542,20286.702,-4.63,-231599.99999999854,0.2,2025-04-26 23:46:35,2025-04-26 23:59:08,12,,LOSS,Bearishbreakdown
4212119607,Jump 50 Index,BUY,37303.04,37325.72,1.13,226800.0000000029,0.05,2025-04-26 23:46:41,2025-04-26 23:48:41,2,,WIN,Signaltrade
4212122684,Crash 500 Index,BUY,3167.075,3166.292,-0.16,-7829.999999999018,0.2,2025-04-26 23:52:57,2025-04-27 00:00:13,7,,LOSS,BullishreversalI
4212122772,Jump 50 Index,BUY,37306.64,37314.88,0.41,82399.99999997963,0.05,2025-04-26 23:53:05,2025-04-26 23:56:53,3,,WIN,Signaltrade
4212127101,Volatility 10 Index,BUY,6264.854,6270.372,2.76,55180.00000000029,0.5,2025-04-26 23:59:36,2025-04-27 01:07:40,68,,WIN,Signaltrade
4212127174,Jump 50 Index,BUY,37250.25,37213.82,-1.8199999999999998,-364300.0000000029,0.05,2025-04-26 23:59:40,2025-04-27 00:01:21,1,,LOSS,Signaltrade
4212131515,Crash 500 Index,BUY,3168.73,3161.06,-1.53,-76700.00000000073,0.2,2025-04-27 00:06:00,2025-04-27 00:12:35,6,,LOSS,BullishreversalI
4212131687,Jump 50 Index,BUY,37120.3,37151.38,1.55,310799.9999999447,0.05,2025-04-27 00:06:12,2025-04-27 00:09:57,3,,WIN,Signaltrade
4212135916,Crash 500 Index,BUY,3161.389,3160.84,-0.11,-5489.999999999782,0.2,2025-04-27 00:12:41,2025-04-27 00:20:51,8,,LOSS,BullishreversalI
4212136097,Jump 50 Index,BUY,37110.95,37092.15,-0.94,-187999.99999995634,0.05,2025-04-27 00:12:51,2025-04-27 00:14:38,1,,LOSS,Signaltrade
4212140784,Jump 50 Index,BUY,37050.66,37013.42,-1.8599999999999999,-372400.0000000524,0.05,2025-04-27 00:19:24,2025-04-27 00:20:53,1,,LOSS,Signaltrade
4212153699,Crash 500 Index,BUY,3155.673,3152.198,-0.7,-34749.99999999909,0.2,2025-04-27 00:41:54,2025-04-27 00:42:17,0,,LOSS,Signaltrade
4212160264,Crash 500 Index,BUY,3153.101,3150.964,-0.43,-21370.00000000171,0.2,2025-04-27 00:53:11,2025-04-27 00:57:42,4,,LOSS,Signaltrade
4212160293,Boom 1000 Index,SELL,20338.258,20269.707,13.71,685510.0000000312,0.2,2025-04-27 00:53:14,2025-04-27 03:36:51,163,,WIN,Signaltrade
4212164065,Crash 500 Index,BUY,3142.736,3141.72,-0.2,-10160.000000000764,0.2,2025-04-27 00:59:36,2025-04-27 01:16:21,16,,LOSS,Signaltrade
4212177527,BTCUSD,BUY,94877.748,94354.552,-26.16,-5231960.000000108,0.05,2025-04-27 01:23:08,2025-04-27 03:36:50,133,,LOSS,Signaltrade
4212179490,Crash 500 Index,BUY,3145.284,3127.434,-3.57,-178499.9999999991,0.2,2025-04-27 01:27:07,2025-04-27 03:30:49,123,,LOSS,BullishreversalH
4212179547,Volatility 10 Index,BUY,6268.975,6276.829,3.93,78539.9999999936,0.5,2025-04-27 01:27:14,2025-04-27 03:36:52,129,,WIN,Signaltrade
4212235553,Crash 500 Index,BUY,3129.409,3129.624,0.04,2149.9999999969077,0.2,2025-04-27 03:35:32,2025-04-27 03:36:51,1,,WIN,Signaltrade
4212238098,Volatility 10 Index,BUY,6281.612,6259.3,-11.16,-223119.99999999898,0.5,2025-04-27 03:41:52,2025-04-27 08:43:32,301,,LOSS,Signaltrade
4212238107,Crash 500 Index,BUY,3131.886,3171.448,7.91,395619.99999999895,0.2,2025-04-27 03:41:54,2025-04-27 08:43:32,301,,WIN,Signaltrade
4212238142,BTCUSD,SELL,94261.552,94025.448,11.81,2361039.999999921,0.05,2025-04-27 03:41:57,2025-04-27 08:43:31,301,,WIN,Signaltrade
4212418764,Volatility 10 Index,BUY,6258.504,6256.991,-0.76,-15129.9999999992,0.5,2025-04-27 08:46:26,2025-04-27 09:36:34,50,,LOSS,BullishreversalH
4212418884,Crash 1000 Index,SELL,4910.772,4912.452,-0.34,-16800.00000000291,0.2,2025-04-27 08:46:36,2025-04-27 09:36:34,49,,LOSS,Bearishbreakdown
4212444542,Crash 500 Index,BUY,3172.706,3170.109,-0.52,-25970.000000002074,0.2,2025-04-27 09:15:07,2025-04-27 09:36:34,21,,LOSS,Signaltrade
4212450314,Boom 300 Index,SELL,1545.36,1547.445,-2.09,-20850.000000000364,1.0,2025-04-27 09:22:46,2025-04-27 09:36:34,13,,LOSS,Signaltrade
4212450459,BTCUSD,SELL,94091.952,94157.748,-3.29,-657960.000000021,0.05,2025-04-27 09:22:54,2025-04-27 09:36:34,13,,LOSS,Signaltrade
4212450474,Jump 75 Index,BUY,19235.46,19172.11,-3.17,-633499.9999999854,0.05,2025-04-27 09:22:57,2025-04-27 09:36:34,13,,LOSS,Signaltrade
4212450554,Step Index,SELL,8410.0,8415.6,-5.6,-56000.00000000364,0.1,2025-04-27 09:23:00,2025-04-27 09:36:34,13,,LOSS,Signaltrade
4212463961,Volatility 10 Index,BUY,6256.965,6259.902,1.47,29369.99999999898,0.5,2025-04-27 09:37:06,2025-04-27 09:42:36,5,,WIN,BullishreversalH
4212464609,Crash 1000 Index,SELL,4912.532,4914.294,-0.35,-17619.999999997162,0.2,2025-04-27 09:37:50,2025-04-27 09:43:00,5,,LOSS,Bearishbreakdown
4212465266,Jump 75 Index,BUY,19184.6,19177.84,-0.34,-67599.999999984,0.05,2025-04-27 09:38:32,2025-04-27 09:42:36,4,,LOSS,BullishreversalH
4212465545,Boom 300 Index,SELL,1551.8,1553.074,-1.27,-12740.000000001146,1.0,2025-04-27 09:38:54,2025-04-27 09:42:36,3,,LOSS,Signaltrade
4212465741,BTCUSD,SELL,94072.352,94185.648,-5.66,-1132960.000000021,0.05,2025-04-27 09:39:07,2025-04-27 09:42:59,3,,LOSS,Signaltrade
4212466020,Step Index,SELL,8414.4,8414.0,0.4,3999.999999996362,0.1,2025-04-27 09:39:22,2025-04-27 09:43:00,3,,WIN,Signaltrade
4212469427,Volatility 10 Index,BUY,6259.219,6248.841,-5.19,-103779.99999999702,0.5,2025-04-27 09:43:30,2025-04-27 12:52:30,189,,LOSS,BullishreversalH
4212469606,Crash 500 Index,SELL,3169.471,3191.578,-4.42,-221069.9999999997,0.2,2025-04-27 09:43:40,2025-04-27 11:16:37,92,,LOSS,BearishreversalS
4212469883,Crash 1000 Index,SELL,4907.78,4918.423,-2.13,-106430.00000000029,0.2,2025-04-27 09:43:51,2025-04-27 11:54:27,130,,LOSS,Bearishbreakdown
4212470022,Boom 300 Index,SELL,1551.451,1529.157,22.29,222940.00000000096,1.0,2025-04-27 09:43:58,2025-04-27 10:47:27,63,,WIN,Signaltrade
4212470153,BTCUSD,SELL,94172.252,93962.248,10.5,2100039.9999998626,0.05,2025-04-27 09:44:05,2025-04-27 12:32:01,167,,WIN,Signaltrade
4212476415,Step Index,SELL,8412.2,8422.0,-9.8,-97999.99999999272,0.1,2025-04-27 09:50:22,2025-04-27 10:50:48,60,,LOSS,BearishreversalS
4212553458,Step Index,SELL,8421.6,8430.2,-8.6,-86000.00000000364,0.1,2025-04-27 11:15:12,2025-04-27 11:54:32,39,,LOSS,BearishreversalS
4212624513,BTCUSD,SELL,93968.852,93773.348,9.78,1955040.0000000081,0.05,2025-04-27 12:37:27,2025-04-27 13:25:21,47,,WIN,Signaltrade
4212649331,Crash 1000 Index,SELL,4914.562,4918.249,-0.74,-36869.99999999898,0.2,2025-04-27 13:02:45,2025-04-27 13:14:15,11,,LOSS,Bearishbreakdown
4212674433,BTCUSD,SELL,93761.752,93999.048,-11.86,-2372960.000000021,0.05,2025-04-27 13:28:15,2025-04-27 14:47:09,78,,LOSS,Signaltrade
4212680481,Volatility 10 Index,BUY,6250.345,6248.744,-0.8,-16010.000000005675,0.5,2025-04-27 13:34:28,2025-04-27 13:46:02,11,,LOSS,BullishreversalH
4212774771,Volatility 10 Index,SELL,6250.252,6246.673,1.79,35790.00000000633,0.5,2025-04-27 15:14:26,2025-04-27 15:37:30,23,,WIN,Signaltrade
4212774931,BTCUSD,SELL,93865.152,94101.748,-11.83,-2365960.0000000503,0.05,2025-04-27 15:14:32,2025-04-27 15:37:35,23,,LOSS,Signaltrade
4212778823,Crash 1000 Index,BUY,4925.409,4917.108,-1.6600000000000001,-83009.99999999476,0.2,2025-04-27 15:18:49,2025-04-27 15:37:32,18,,LOSS,BullishreversalH
4212779149,Boom 1000 Index,SELL,20191.105,20169.955,4.23,211499.99999997817,0.2,2025-04-27 15:18:59,2025-04-27 15:37:33,18,,WIN,BearishreversalE
4212779227,Jump 75 Index,BUY,18704.83,18668.06,-1.8399999999999999,-367700.00000000437,0.05,2025-04-27 15:19:03,2025-04-27 15:37:34,18,,LOSS,BullishreversalB
4212795798,Step Index,SELL,8440.6,8440.5,0.1,1000.000000003638,0.1,2025-04-27 15:37:34,2025-04-27 15:37:37,0,,WIN,BearishreversalS
4212795809,Volatility 10 Index,SELL,6246.659,6247.951,-0.65,-12920.00000000371,0.5,2025-04-27 15:37:36,2025-04-27 15:38:48,1,,LOSS,Signaltrade
4212795817,Crash 1000 Index,BUY,4917.383,4913.701,-0.74,-36819.99999999789,0.2,2025-04-27 15:37:37,2025-04-27 15:38:48,1,,LOSS,Signaltrade
4212795845,Jump 50 Index,SELL,36991.3,36949.94,2.07,413600.0000000058,0.05,2025-04-27 15:37:40,2025-04-27 15:38:48,1,,WIN,Signaltrade
4212795864,Step Index,BUY,8440.5,8440.8,0.3,2999.999999992724,0.1,2025-04-27 15:37:41,2025-04-27 15:38:48,1,,WIN,Signaltrade
4212797330,Crash 500 Index,SELL,3178.672,3181.49,-0.56,-28179.999999997563,0.2,2025-04-27 15:39:12,2025-04-27 16:46:07,66,,LOSS,BearishreversalB
4212797442,Jump 50 Index,SELL,36934.03,36883.95,2.5,500800.00000001746,0.05,2025-04-27 15:39:20,2025-04-27 15:57:36,18,,WIN,Bearishbreakdown
4212797481,Jump 75 Index,SELL,18667.69,18552.0,5.78,1156899.999999987,0.05,2025-04-27 15:39:27,2025-04-27 15:43:11,3,,WIN,BearishreversalB
4212797500,Range Break 200 Index,SELL,81804.3,81981.6,-8.87,-1773000.000000029,0.05,2025-04-27 15:39:29,2025-04-27 16:39:27,59,,LOSS,BearishreversalB
4212797537,Volatility 10 Index,SELL,6249.155,6249.848,-0.35,-6930.00000000211,0.5,2025-04-27 15:39:34,2025-04-27 16:46:08,66,,LOSS,Signaltrade
4212797567,Step Index,BUY,8441.5,8441.9,0.4,3999.999999996362,0.1,2025-04-27 15:39:37,2025-04-27 16:46:09,66,,WIN,Signaltrade
4212804035,Jump 75 Index,SELL,18548.44,18635.9,-4.37,-874600.0000000277,0.05,2025-04-27 15:45:57,2025-04-27 16:01:56,15,,LOSS,BearishreversalB
4212817209,Jump 50 Index,SELL,36881.19,37004.64,-6.17,-1234499.999999971,0.05,2025-04-27 15:58:43,2025-04-27 16:25:36,26,,LOSS,Bearishbreakdown
4212824908,Jump 75 Index,SELL,18659.96,18553.92,5.3,1060400.0000000088,0.05,2025-04-27 16:05:23,2025-04-27 16:29:38,24,,WIN,BearishreversalB
4212851434,Jump 50 Index,SELL,36936.15,36807.67,6.42,1284800.0000000321,0.05,2025-04-27 16:29:25,2025-04-27 16:46:10,16,,WIN,Bearishbreakdown
4212854364,Jump 75 Index,SELL,18554.3,18626.34,-3.6,-720400.0000000087,0.05,2025-04-27 16:32:35,2025-04-27 16:41:02,8,,LOSS,BearishreversalB
4212858264,Boom 300 Index,BUY,1638.804,1633.01,-5.79,-57940.00000000096,1.0,2025-04-27 16:37:34,2025-04-27 16:46:11,8,,LOSS,Signaltrade
4212863927,Jump 75 Index,BUY,18575.25,18550.83,-1.22,-244199.99999998254,0.05,2025-04-27 16:45:25,2025-04-27 16:46:12,0,,LOSS,BullishreversalM
4212863946,Range Break 200 Index,BUY,81968.6,81961.3,-0.37,-73000.0000000291,0.05,2025-04-27 16:45:28,2025-04-27 16:46:13,0,,LOSS,BullishreversalH
4212864574,Jump 50 Index,SELL,36798.25,36814.37,-0.81,-161200.0000000262,0.05,2025-04-27 16:46:13,2025-04-27 16:46:17,0,,LOSS,Bearishbreakdown
4212864624,Step Index,BUY,8442.1,8435.7,-6.4,-63999.99999999636,0.1,2025-04-27 16:46:17,2025-04-27 17:02:29,16,,LOSS,BullishreversalH
4212864652,Range Break 200 Index,BUY,81959.6,81948.3,-0.57,-113000.0000000291,0.05,2025-04-27 16:46:19,2025-04-27 16:48:12,1,,LOSS,BullishreversalH
4212865556,Volatility 10 Index,SELL,6251.344,6263.712,-6.18,-123680.00000000393,0.5,2025-04-27 16:47:22,2025-04-27 18:46:48,119,,LOSS,BearishreversalB
4212865613,Crash 500 Index,BUY,3178.36,3175.571,-0.56,-27890.000000002146,0.2,2025-04-27 16:47:24,2025-04-27 22:06:40,319,,LOSS,BullishreversalH
4212865632,Boom 300 Index,SELL,1641.18,1607.697,33.48,334830.00000000175,1.0,2025-04-27 16:47:26,2025-04-27 17:38:29,51,,WIN,Bearishbreakdown
4212865714,Jump 50 Index,SELL,36807.54,36810.86,-0.17,-33199.99999999709,0.05,2025-04-27 16:47:31,2025-04-27 16:47:40,0,,LOSS,Bearishbreakdown
4212866015,Jump 50 Index,SELL,36807.7,36991.6,-9.2,-1839000.0000000144,0.05,2025-04-27 16:47:55,2025-04-27 17:18:55,31,,LOSS,
4212871567,Range Break 200 Index,BUY,81920.6,81959.3,1.94,386999.9999999709,0.05,2025-04-27 16:53:58,2025-04-27 17:57:51,63,,WIN,BullishreversalH
4212878567,BTCUSD,SELL,93822.352,93986.933,-8.23,-1645810.0000000559,0.05,2025-04-27 17:00:29,2025-04-27 18:11:46,71,,LOSS,BearishreversalB
4212885692,Step Index,BUY,8435.0,8429.3,-5.7,-57000.000000007276,0.1,2025-04-27 17:06:54,2025-04-27 23:59:35,412,,LOSS,BullishreversalH
4213257019,Volatility 10 Index,BUY,6271.354,6265.757,-2.8,-55970.00000000662,0.5,2025-04-27 23:28:22,2025-04-27 23:59:36,31,,LOSS,BullishreversalH
4213257152,Boom 300 Index,BUY,1617.925,1608.723,-9.2,-92019.99999999999,1.0,2025-04-27 23:28:27,2025-04-27 23:59:35,31,,LOSS,BullishreversalB
4213257200,XAUUSD,BUY,3320.41,3310.49,-49.6,-99200.00000000073,0.05,2025-04-27 23:28:28,2025-04-27 23:59:34,31,,LOSS,BullishreversalH
4213257225,BTCUSD,BUY,93828.548,93662.853,-8.28,-1656949.9999999243,0.05,2025-04-27 23:28:29,2025-04-27 23:30:20,1,,LOSS,BullishreversalH
4213257255,Boom 1000 Index,SELL,20058.594,20061.373,-0.56,-27789.99999998632,0.2,2025-04-27 23:28:32,2025-04-27 23:51:03,22,,LOSS,Bearishbreakdown
4213257351,Range Break 200 Index,SELL,81917.3,81925.6,-0.42,-83000.0000000291,0.05,2025-04-27 23:28:37,2025-04-27 23:59:35,30,,LOSS,BearishreversalE
4213262749,BTCUSD,BUY,93812.848,93856.352,2.18,435040.00000000815,0.05,2025-04-27 23:34:57,2025-04-27 23:59:34,24,,WIN,BullishreversalH
4213276153,Boom 1000 Index,SELL,20058.239,20053.483,0.95,47560.00000001222,0.2,2025-04-27 23:54:05,2025-04-27 23:59:35,5,,WIN,Bearishbreakdown
4213307400,Jump 75 Index,SELL,17829.73,17498.91,16.54,3308199.999999997,0.05,2025-04-28 00:38:46,2025-04-28 01:45:52,67,,WIN,Bearishbreakdown
4213307415,Boom 300 Index,BUY,1599.154,1582.975,-16.18,-161790.00000000087,1.0,2025-04-28 00:38:49,2025-04-28 01:09:41,30,,LOSS,Signaltrade
4213307440,Boom 1000 Index,SELL,20028.352,20115.015,-17.33,-866630.0000000047,0.2,2025-04-28 00:38:51,2025-04-28 02:18:19,99,,LOSS,Signaltrade
4213312329,Step Index,SELL,8435.1,8424.1,110.0,110000.0,1.0,2025-04-28 00:47:35,2025-04-28 02:00:43,73,,WIN,
4213312339,Step Index,SELL,8435.0,8426.5,85.0,85000.0,1.0,2025-04-28 00:47:36,2025-04-28 01:54:03,66,,WIN,
4213324420,Volatility 10 Index,BUY,6258.195,6263.83,2.82,56350.00000000218,0.5,2025-04-28 01:06:36,2025-04-28 02:30:34,83,,WIN,BullishreversalB
4213324441,Crash 500 Index,SELL,3178.279,3178.298,-0.0,-189.99999999778083,0.2,2025-04-28 01:06:38,2025-04-28 03:01:09,114,,LOSS,BearishreversalB
4213324468,Jump 50 Index,BUY,36076.69,36471.77,19.75,3950799.9999999446,0.05,2025-04-28 01:06:42,2025-04-28 03:18:37,131,,WIN,BullishreversalB
4213324495,Range Break 200 Index,SELL,81944.3,81727.6,10.84,2166999.999999971,0.05,2025-04-28 01:06:44,2025-04-28 03:54:30,167,,WIN,BearishreversalB
4213324520,BTCUSD,SELL,93587.352,93564.548,1.1400000000000001,228040.00000003725,0.05,2025-04-28 01:06:46,2025-04-28 01:29:59,23,,WIN,Signaltrade
4213329652,Crash 1000 Index,SELL,4912.511,4925.629,-2.62,-131179.99999999482,0.2,2025-04-28 01:13:40,2025-04-28 02:05:52,52,,LOSS,BearishreversalB
4213329667,XAUUSD,SELL,3305.85,3314.74,-44.45,-88899.99999999872,0.05,2025-04-28 01:13:41,2025-04-28 01:50:21,36,,LOSS,BearishreversalS
4213337609,Boom 300 Index,BUY,1593.416,1581.528,-11.89,-118879.9999999992,1.0,2025-04-28 01:26:54,2025-04-28 01:47:44,20,,LOSS,BullishreversalB
4213345721,BTCUSD,SELL,93582.352,93279.948,15.12,3024039.9999999497,0.05,2025-04-28 01:39:18,2025-04-28 02:12:25,33,,WIN,Signaltrade
4213350503,Boom 300 Index,BUY,1581.824,1605.196,23.37,233719.99999999843,1.0,2025-04-28 01:47:54,2025-04-28 02:53:35,65,,WIN,BullishreversalB
4213350520,Jump 75 Index,SELL,17518.32,17288.2,11.51,2301199.9999999898,0.05,2025-04-28 01:47:56,2025-04-28 02:31:22,43,,WIN,Bearishbreakdown
4213361527,Step Index,SELL,8425.4,8431.5,-6.1,-61000.00000000364,0.1,2025-04-28 02:06:44,2025-04-28 03:04:51,58,,LOSS,BearishreversalB
4213380990,Jump 75 Index,SELL,17374.07,17563.31,-9.46,-1892400.000000016,0.05,2025-04-28 02:34:28,2025-04-28 03:22:16,47,,LOSS,Bearishbreakdown
4213397565,Boom 300 Index,BUY,1604.486,1589.468,-15.02,-150180.0000000003,1.0,2025-04-28 02:59:06,2025-04-28 04:29:54,90,,LOSS,BullishreversalB
4213402081,Crash 500 Index,SELL,3172.77,3159.588,2.64,131819.9999999979,0.2,2025-04-28 03:05:15,2025-04-28 03:27:34,22,,WIN,BearishreversalB
4213402113,Step Index,SELL,8431.4,8441.9,-10.5,-105000.0,0.1,2025-04-28 03:05:18,2025-04-28 04:48:07,102,,LOSS,BearishreversalB
4213412316,Jump 50 Index,SELL,36464.98,36697.38,-11.62,-2323999.999999942,0.05,2025-04-28 03:23:44,2025-04-28 04:17:31,53,,LOSS,Bearishbreakdown
4213412329,Jump 75 Index,SELL,17541.1,17329.61,10.57,2114899.9999999795,0.05,2025-04-28 03:23:46,2025-04-28 04:12:52,49,,WIN,Bearishbreakdown
4213415962,Crash 500 Index,SELL,3160.116,3164.364,-0.85,-42480.00000000047,0.2,2025-04-28 03:29:55,2025-04-28 03:49:00,19,,LOSS,BearishreversalB
4213428232,Crash 500 Index,SELL,3166.148,3166.675,-0.11,-5270.000000000437,0.2,2025-04-28 03:54:30,2025-04-28 03:55:08,0,,LOSS,BearishreversalB
4213431707,Crash 500 Index,SELL,3167.143,3158.394,1.75,87490.0000000025,0.2,2025-04-28 04:00:40,2025-04-28 04:48:38,47,,WIN,BearishreversalB
4213438051,Jump 75 Index,SELL,17320.56,17135.93,9.23,1846300.0000000102,0.05,2025-04-28 04:13:06,2025-04-28 07:24:37,191,,WIN,Bearishbreakdown
4213448900,Boom 300 Index,BUY,1588.573,1614.412,25.84,258389.99999999942,1.0,2025-04-28 04:31:34,2025-04-28 04:48:29,16,,WIN,BullishreversalB
4213459193,Crash 500 Index,SELL,3158.744,3169.027,-2.06,-102829.99999999901,0.2,2025-04-28 04:50:03,2025-04-28 05:20:37,30,,LOSS,BearishreversalB
4213459202,Boom 300 Index,BUY,1614.961,1599.438,-15.52,-155229.9999999991,1.0,2025-04-28 04:50:05,2025-04-28 06:02:17,72,,LOSS,BullishreversalB
4213459233,Step Index,SELL,8440.7,8441.9,-1.2,-11999.999999989086,0.1,2025-04-28 04:50:07,2025-04-28 06:09:37,79,,LOSS,BearishreversalB
4213477289,Crash 500 Index,SELL,3168.813,3185.563,-3.35,-167500.0,0.2,2025-04-28 05:20:52,2025-04-28 06:46:46,85,,LOSS,BearishreversalB
4213504338,Boom 300 Index,BUY,1599.14,1620.482,21.34,213419.99999999872,1.0,2025-04-28 06:03:04,2025-04-28 06:13:14,10,,WIN,BullishreversalB
4213512092,Boom 300 Index,BUY,1618.846,1603.338,-15.51,-155080.00000000038,1.0,2025-04-28 06:15:23,2025-04-28 07:57:05,101,,LOSS,BullishreversalB
4213512103,Step Index,SELL,8440.0,8441.7,-1.7,-17000.000000007276,0.1,2025-04-28 06:15:26,2025-04-28 06:29:31,14,,LOSS,BearishreversalB
4213526090,Range Break 200 Index,BUY,81892.6,81948.3,2.79,556999.9999999709,0.05,2025-04-28 06:33:54,2025-04-28 08:48:59,135,,WIN,BullishreversalB
4213557281,Crash 500 Index,SELL,3192.722,3203.015,-2.06,-102929.99999999665,0.2,2025-04-28 07:06:42,2025-04-28 08:08:56,62,,LOSS,BearishreversalB
4213572518,Jump 50 Index,SELL,36561.77,36317.15,12.23,2446199.9999999534,0.05,2025-04-28 07:23:08,2025-04-28 07:35:36,12,,WIN,Bearishbreakdown
4213589262,Jump 50 Index,SELL,36356.97,36089.81,13.36,2671600.000000035,0.05,2025-04-28 07:41:40,2025-04-28 08:07:11,25,,WIN,Bearishbreakdown
4213610070,Boom 300 Index,BUY,1605.12,1589.583,-15.54,-155369.99999999808,1.0,2025-04-28 08:03:14,2025-04-28 08:51:52,48,,LOSS,BullishreversalB
4213615270,Jump 50 Index,SELL,36087.84,35866.11,11.09,2217299.999999959,0.05,2025-04-28 08:07:22,2025-04-28 11:00:15,172,,WIN,Bearishbreakdown
4213617598,Crash 500 Index,SELL,3202.935,3213.226,-2.06,-102910.00000000167,0.2,2025-04-28 08:09:26,2025-04-28 11:44:33,215,,LOSS,BearishreversalB
4213660394,Range Break 200 Index,BUY,81954.6,82292.3,16.89,3376999.999999971,0.05,2025-04-28 08:50:37,2025-04-28 13:51:23,300,,WIN,BullishreversalB
4213662739,Boom 300 Index,BUY,1589.248,1581.543,-7.71,-77050.00000000154,1.0,2025-04-28 08:52:40,2025-04-28 10:38:44,106,,LOSS,BullishreversalB
4213780041,Boom 300 Index,BUY,1579.735,1564.214,-15.52,-155209.9999999996,1.0,2025-04-28 10:43:34,2025-04-28 11:52:04,68,,LOSS,BullishreversalB
4213793384,Volatility 10 Index,SELL,6239.468,6251.97,-6.25,-125020.00000000407,0.5,2025-04-28 10:57:20,2025-04-28 13:53:14,175,,LOSS,
4213795165,Step Index,BUY,8452.4,8445.5,-34.5,-68999.99999999636,0.5,2025-04-28 10:59:12,2025-04-28 13:38:57,159,,LOSS,
4214213763,Volatility 10 Index,SELL,6237.782,6244.332,-3.2800000000000002,-65500.00000000182,0.5,2025-04-28 16:23:10,2025-04-28 17:01:24,38,,LOSS,Signaltrade
4214213806,Range Break 200 Index,BUY,82290.6,82268.3,-1.12,-223000.0000000291,0.05,2025-04-28 16:23:13,2025-04-28 17:01:27,38,,LOSS,Signaltrade
4214611112,Crash 1000 Index,BUY,4934.678,4937.244,0.51,25659.999999998035,0.2,2025-04-28 22:12:22,2025-04-28 22:21:39,9,,WIN,Bullishbreakouta
4214611117,Boom 300 Index,BUY,1630.514,1626.658,-3.86,-38559.99999999994,1.0,2025-04-28 22:12:24,2025-04-28 22:16:23,3,,LOSS,BullishreversalB
4214611126,Step Index,BUY,8470.6,8462.8,-7.8,-78000.00000001091,0.1,2025-04-28 22:12:26,2025-04-28 23:08:14,55,,LOSS,Bullishbreakouta
4214616229,Boom 300 Index,BUY,1630.464,1626.671,-3.79,-37929.99999999892,1.0,2025-04-28 22:18:56,2025-04-28 22:38:44,19,,LOSS,BullishreversalB
4214621268,Crash 1000 Index,BUY,4936.201,4937.251,0.21,10500.000000001819,0.2,2025-04-28 22:25:08,2025-04-28 22:29:07,3,,WIN,Bullishbreakouta
4214625319,Crash 1000 Index,BUY,4938.208,4938.976,0.15,7680.000000000291,0.2,2025-04-28 22:31:16,2025-04-28 23:01:00,29,,WIN,Bullishbreakouta
4214633669,Boom 300 Index,BUY,1633.996,1626.655,-7.34,-73410.00000000122,1.0,2025-04-28 22:43:30,2025-04-28 22:53:13,9,,LOSS,BullishreversalB
4214640381,Boom 300 Index,BUY,1624.996,1615.3,-9.7,-96960.0000000014,1.0,2025-04-28 22:55:42,2025-04-28 23:06:49,11,,LOSS,BullishreversalB
4214644296,Crash 1000 Index,BUY,4939.45,4934.135,-1.06,-53149.999999996,0.2,2025-04-28 23:01:49,2025-04-28 23:08:32,6,,LOSS,Bullishbreakouta
4214648848,Volatility 10 Index,BUY,6246.58,6237.696,-4.44,-88840.00000000015,0.5,2025-04-28 23:07:46,2025-04-29 00:12:38,64,,LOSS,BullishreversalB
4214648871,Jump 50 Index,SELL,34490.06,34670.7,-9.03,-1806399.9999999942,0.05,2025-04-28 23:07:49,2025-04-29 00:08:06,60,,LOSS,Bearishbreakdown
4214650418,Step Index,BUY,8462.5,8461.6,-0.9,-8999.999999996362,0.1,2025-04-28 23:10:05,2025-04-29 00:51:36,101,,LOSS,
4214664087,Crash 1000 Index,BUY,4939.648,4926.313,-2.67,-133350.00000000035,0.2,2025-04-28 23:26:04,2025-04-28 23:46:26,20,,LOSS,BullishreversalM
4214664101,Boom 300 Index,BUY,1606.184,1601.796,-4.39,-43879.9999999992,1.0,2025-04-28 23:26:06,2025-04-28 23:32:21,6,,LOSS,BullishreversalH
4214672650,Boom 300 Index,BUY,1602.415,1597.986,-4.43,-44289.9999999986,1.0,2025-04-28 23:38:22,2025-04-28 23:42:50,4,,LOSS,BullishreversalH
4214676500,Boom 300 Index,BUY,1597.013,1592.624,-4.39,-43889.99999999897,1.0,2025-04-28 23:44:29,2025-04-28 23:50:38,6,,LOSS,BullishreversalH
4214683630,Boom 300 Index,BUY,1594.466,1590.047,-4.42,-44189.99999999869,1.0,2025-04-28 23:56:43,2025-04-29 00:01:50,5,,LOSS,BullishreversalH
4214687640,Boom 300 Index,BUY,1589.679,1598.662,8.98,89829.99999999948,1.0,2025-04-29 00:02:50,2025-04-29 00:08:20,5,,WIN,BullishreversalH
4214691669,Boom 300 Index,BUY,1598.566,1608.929,10.36,103630.00000000057,1.0,2025-04-29 00:08:57,2025-04-29 00:12:02,3,,WIN,BullishreversalH
4214691673,Jump 50 Index,SELL,34675.28,34813.04,-6.89,-1377600.0000000205,0.05,2025-04-29 00:08:59,2025-04-29 00:45:44,36,,LOSS,BearishreversalS
4214706441,Crash 500 Index,SELL,3203.907,3203.53,0.08,3769.999999999527,0.2,2025-04-29 00:29:33,2025-04-29 02:40:51,131,,WIN,Bearishbreakdown
4214760466,XAUUSD,BUY,3330.17,3327.91,-11.3,-22600.000000002183,0.05,2025-04-29 01:59:21,2025-04-29 02:00:05,0,,LOSS,BullishreversalH
4214760474,BTCUSD,SELL,94975.35,95294.75,-15.97,-3193999.999999942,0.05,2025-04-29 01:59:22,2025-04-29 02:11:15,11,,LOSS,BearishreversalB
4214762139,Boom 300 Index,BUY,1608.135,1599.093,-9.04,-90419.99999999916,1.0,2025-04-29 02:01:45,2025-04-29 02:21:52,20,,LOSS,BullishreversalM
4214762154,XAUUSD,BUY,3333.17,3327.91,-26.3,-52600.00000000218,0.05,2025-04-29 02:01:46,2025-04-29 02:03:40,1,,LOSS,BullishreversalH
4214762174,Jump 50 Index,SELL,34639.61,34722.77,-4.16,-831599.9999999622,0.05,2025-04-29 02:01:50,2025-04-29 02:05:42,3,,LOSS,Bearishbreakdown
4214763874,Step Index,BUY,8457.2,8449.8,-7.4,-74000.00000001455,0.1,2025-04-29 02:04:24,2025-04-29 05:48:02,223,,LOSS,Signaltrade
4214768770,Jump 50 Index,SELL,34765.97,34860.9,-4.75,-949300.0000000029,0.05,2025-04-29 02:12:20,2025-04-29 02:40:44,28,,LOSS,Bearishbreakdown
4214778787,Jump 75 Index,SELL,17352.19,17319.47,1.6400000000000001,327199.99999997526,0.05,2025-04-29 02:31:40,2025-04-29 02:40:41,9,,WIN,Bearishbreakdown
4214779812,Boom 300 Index,BUY,1594.082,1588.646,-5.44,-54360.00000000149,1.0,2025-04-29 02:33:46,2025-04-29 02:40:48,7,,LOSS,BullishreversalB
4214779833,Boom 1000 Index,BUY,20151.938,20162.695,2.15,107570.00000001426,0.2,2025-04-29 02:33:49,2025-04-29 02:40:38,6,,WIN,BullishreversalB
4214784119,Boom 300 Index,BUY,1588.653,1570.17,-18.48,-184829.99999999948,1.0,2025-04-29 02:41:12,2025-04-29 03:05:44,24,,LOSS,BullishreversalB
4214784129,Boom 1000 Index,BUY,20163.763,20190.891,5.43,271280.0000000061,0.2,2025-04-29 02:41:14,2025-04-29 02:52:19,11,,WIN,BullishreversalB
4214784134,Jump 75 Index,SELL,17295.87,17138.26,7.88,1576100.0000000058,0.05,2025-04-29 02:41:16,2025-04-29 03:07:01,25,,WIN,Bearishbreakdown
4214791268,Boom 1000 Index,BUY,20191.351,20222.025,6.13,306740.00000002707,0.2,2025-04-29 02:53:35,2025-04-29 03:00:33,6,,WIN,BullishreversalB
4214791598,Volatility 10 Index,BUY,6226.865,6235.305,4.22,84400.0000000051,0.5,2025-04-29 02:54:12,2025-04-29 05:09:38,135,,WIN,BullishreversalB
4214798965,Boom 1000 Index,BUY,20216.216,20184.089,-6.43,-321270.0000000041,0.2,2025-04-29 03:06:28,2025-04-29 03:31:08,24,,LOSS,BullishreversalB
4214802396,Jump 75 Index,SELL,17226.13,17030.22,9.8,1959099.9999999986,0.05,2025-04-29 03:12:38,2025-04-29 04:37:20,84,,WIN,Bearishbreakdown
4214806414,Boom 300 Index,BUY,1582.058,1563.597,-18.46,-184610.00000000012,1.0,2025-04-29 03:18:52,2025-04-29 03:48:45,29,,LOSS,BullishreversalB
4214817509,Boom 1000 Index,BUY,20181.322,20197.513,3.24,161909.99999998894,0.2,2025-04-29 03:37:12,2025-04-29 03:44:29,7,,WIN,BullishreversalB
4214823582,Boom 1000 Index,BUY,20193.245,20205.825,2.52,125800.00000001746,0.2,2025-04-29 03:49:24,2025-04-29 05:04:26,75,,WIN,BullishreversalB
4214856348,Jump 75 Index,SELL,17167.92,17069.58,4.92,983399.9999999651,0.05,2025-04-29 04:44:18,2025-04-29 05:12:38,28,,WIN,Bearishbreakdown
4214869320,Boom 1000 Index,BUY,20202.568,20224.563,4.4,219949.9999999898,0.2,2025-04-29 05:08:44,2025-04-29 05:21:16,12,,WIN,BullishreversalB
4214871838,Volatility 10 Index,BUY,6233.743,6235.346,0.8,16029.99999999156,0.5,2025-04-29 05:14:50,2025-04-29 05:17:52,3,,WIN,BullishreversalB
4214871845,Jump 75 Index,SELL,17095.35,17206.28,-5.55,-1109300.0000000028,0.05,2025-04-29 05:14:52,2025-04-29 06:11:30,56,,LOSS,Bearishbreakdown
4214874691,Volatility 10 Index,BUY,6235.14,6235.841,0.35,7010.000000000218,0.5,2025-04-29 05:20:58,2025-04-29 05:21:14,0,,WIN,BullishreversalB
4214877870,Volatility 10 Index,BUY,6237.284,6238.244,0.48,9600.000000000364,0.5,2025-04-29 05:27:06,2025-04-29 05:27:34,0,,WIN,BullishreversalB
4214877885,Boom 1000 Index,BUY,20219.709,20305.809,17.22,861000.0000000219,0.2,2025-04-29 05:27:08,2025-04-29 07:59:52,152,,WIN,BullishreversalB
4214881969,Volatility 10 Index,BUY,6233.145,6235.371,1.11,22259.99999999658,0.5,2025-04-29 05:33:14,2025-04-29 05:37:38,4,,WIN,BullishreversalB
4214885430,Volatility 10 Index,BUY,6236.605,6237.592,0.49,9870.0000000008,0.5,2025-04-29 05:39:22,2025-04-29 05:41:30,2,,WIN,BullishreversalB
4214888993,Volatility 10 Index,BUY,6239.517,6240.41,0.45,8930.000000000291,0.5,2025-04-29 05:45:30,2025-04-29 05:45:46,0,,WIN,BullishreversalB
4214895081,Volatility 10 Index,BUY,6242.611,6243.346,0.37,7349.999999996726,0.5,2025-04-29 05:51:38,2025-04-29 06:32:22,40,,WIN,BullishreversalB
4214895094,Step Index,BUY,8450.2,8460.9,10.7,106999.99999998909,0.1,2025-04-29 05:51:40,2025-04-29 08:23:57,152,,WIN,BullishreversalH
4214911881,Jump 75 Index,SELL,17190.89,17075.3,5.78,1155900.0000000014,0.05,2025-04-29 06:16:08,2025-04-29 06:24:04,7,,WIN,Bearishbreakdown
4214920428,Jump 75 Index,SELL,17083.39,17188.61,-5.26,-1052200.0000000116,0.05,2025-04-29 06:28:20,2025-04-29 06:29:01,0,,LOSS,Bearishbreakdown
4214925391,Volatility 10 Index,BUY,6242.427,6243.75,0.66,13230.000000003201,0.5,2025-04-29 06:34:26,2025-04-29 06:44:44,10,,WIN,BullishreversalB
4214925420,Jump 75 Index,SELL,17128.29,17247.14,-5.9399999999999995,-1188499.9999999856,0.05,2025-04-29 06:34:28,2025-04-29 06:59:38,25,,LOSS,Bearishbreakdown
4214934126,Volatility 10 Index,BUY,6245.016,6245.87,0.43,8540.000000002692,0.5,2025-04-29 06:46:42,2025-04-29 07:05:06,18,,WIN,BullishreversalB
4214947261,Jump 75 Index,SELL,17168.82,17276.98,-5.41,-1081599.9999999986,0.05,2025-04-29 07:05:04,2025-04-29 07:25:00,19,,LOSS,Bearishbreakdown
4214953164,Volatility 10 Index,BUY,6247.807,6248.562,0.38,7550.000000001091,0.5,2025-04-29 07:11:10,2025-04-29 07:34:40,23,,WIN,BullishreversalB
4214970464,Jump 75 Index,SELL,17265.58,17374.26,-5.43,-1086799.9999999665,0.05,2025-04-29 07:29:29,2025-04-29 10:38:44,189,,LOSS,Bearishbreakdown
4214976610,Volatility 10 Index,BUY,6247.866,6248.37,0.25,5039.999999999054,0.5,2025-04-29 07:35:36,2025-04-29 07:49:36,14,,WIN,BullishreversalB
4214995412,Volatility 10 Index,BUY,6248.919,6249.517,0.3,5979.999999999563,0.5,2025-04-29 07:53:56,2025-04-29 07:55:30,1,,WIN,BullishreversalB
4215001700,Volatility 10 Index,BUY,6251.178,6252.2,0.51,10219.999999999345,0.5,2025-04-29 08:00:04,2025-04-29 08:13:24,13,,WIN,BullishreversalB
4215001767,Boom 1000 Index,BUY,20307.403,20263.242,-8.83,-441610.0000000006,0.2,2025-04-29 08:00:06,2025-04-29 09:05:51,65,,LOSS,BullishreversalB
4215019406,Volatility 10 Index,BUY,6252.673,6253.594,0.46,9210.000000002765,0.5,2025-04-29 08:18:24,2025-04-29 08:24:16,5,,WIN,BullishreversalB
4215027075,Volatility 10 Index,BUY,6253.747,6266.803,6.53,130559.99999999585,0.5,2025-04-29 08:24:32,2025-04-29 11:52:34,208,,WIN,BullishreversalB
4215027183,Step Index,BUY,8461.0,8451.1,-9.9,-98999.99999999636,0.1,2025-04-29 08:24:34,2025-04-29 12:49:45,265,,LOSS,BullishreversalH
4215074421,Boom 1000 Index,BUY,20263.495,20219.395,-8.82,-440999.99999998545,0.2,2025-04-29 09:07:16,2025-04-29 13:44:25,277,,LOSS,BullishreversalB
4215129126,Boom 300 Index,BUY,1586.393,1614.771,28.38,283779.9999999993,1.0,2025-04-29 10:02:11,2025-04-29 12:34:48,152,,WIN,BullishreversalB
4215184963,Jump 75 Index,SELL,17338.78,17175.26,8.18,1635200.0000000044,0.05,2025-04-29 10:55:33,2025-04-29 11:55:14,59,,WIN,Bearishbreakdown
4215249416,Volatility 10 Index,BUY,6266.949,6279.918,6.48,129690.00000000051,0.5,2025-04-29 11:53:30,2025-04-29 13:39:06,105,,WIN,BullishreversalB
4215254524,Jump 75 Index,SELL,17156.31,17263.68,-5.37,-1073699.9999999898,0.05,2025-04-29 11:58:50,2025-04-29 12:45:49,46,,LOSS,Bearishbreakdown
4215312195,Boom 300 Index,SELL,1608.029,1622.995,-14.97,-149659.99999999895,1.0,2025-04-29 12:42:54,2025-04-29 15:18:29,155,,LOSS,Bearishbreakdown
4215312218,XAUUSD,SELL,3313.65,3309.86,18.95,37899.999999999636,0.05,2025-04-29 12:42:56,2025-04-29 13:14:10,31,,WIN,BearishreversalE
4215320942,Jump 75 Index,SELL,17232.74,17322.88,-4.51,-901399.9999999942,0.05,2025-04-29 12:49:12,2025-04-29 12:53:53,4,,LOSS,Bearishbreakdown
4215334456,Step Index,BUY,8448.5,8447.1,-1.4,-13999.999999996362,0.1,2025-04-29 12:59:53,2025-04-29 13:12:21,12,,LOSS,BullishreversalM
4215338151,Jump 75 Index,SELL,17331.27,17055.58,13.78,2756899.999999987,0.05,2025-04-29 13:02:08,2025-04-29 13:31:56,29,,WIN,Bearishbreakdown
4215376542,XAUUSD,SELL,3309.75,3315.43,-28.4,-56799.99999999836,0.05,2025-04-29 13:28:43,2025-04-29 14:07:34,38,,LOSS,BearishreversalE
4215376719,Step Index,BUY,8451.5,8450.8,-0.7,-7000.000000007276,0.1,2025-04-29 13:28:55,2025-04-29 15:53:26,144,,LOSS,BullishreversalM
4215385112,Jump 75 Index,SELL,17079.34,17213.16,-6.6899999999999995,-1338199.9999999972,0.05,2025-04-29 13:35:10,2025-04-29 14:18:22,43,,LOSS,Bearishbreakdown
4215386248,Jump 50 Index,BUY,34729.78,34831.66,5.09,1018800.0000000466,0.05,2025-04-29 13:36:10,2025-04-29 14:24:09,47,,WIN,BullishreversalM
4215386333,Range Break 200 Index,BUY,82543.6,82653.3,5.49,1096999.999999971,0.05,2025-04-29 13:36:13,2025-04-29 14:37:20,61,,WIN,BullishreversalB
4215401838,Boom 1000 Index,BUY,20231.917,20199.915,-6.4,-320020.0000000041,0.2,2025-04-29 13:48:10,2025-04-29 15:12:43,84,,LOSS,BullishreversalH
4215740554,Volatility 10 Index,BUY,6278.95,6268.917,-5.02,-100329.99999999447,0.5,2025-04-29 17:45:28,2025-04-29 19:27:20,101,,LOSS,Signaltrade
4215740592,Crash 500 Index,BUY,3207.936,3195.32,-2.52,-126159.99999999985,0.2,2025-04-29 17:45:32,2025-04-29 18:47:00,61,,LOSS,BullishreversalH
4215740611,Boom 1000 Index,SELL,20238.234,20189.394,9.77,488400.00000000146,0.2,2025-04-29 17:45:35,2025-04-29 18:51:37,66,,WIN,BearishreversalE
4215740622,Jump 50 Index,BUY,35392.33,35188.2,-10.21,-2041300.0000000466,0.05,2025-04-29 17:45:36,2025-04-29 19:02:09,76,,LOSS,BullishreversalB
4215740705,Jump 75 Index,SELL,17338.59,17278.13,3.02,604599.9999999913,0.05,2025-04-29 17:45:41,2025-04-29 18:04:26,18,,WIN,BearishreversalB
4215740715,Step Index,SELL,8461.5,8472.1,-10.6,-106000.00000000364,0.1,2025-04-29 17:45:43,2025-04-29 19:30:25,104,,LOSS,BearishreversalS
4215740732,Range Break 200 Index,BUY,82658.6,82833.3,8.74,1746999.999999971,0.05,2025-04-29 17:45:44,2025-04-29 17:59:26,13,,WIN,BullishreversalM
4215764628,Jump 75 Index,SELL,17282.23,17400.27,-5.9,-1180400.0000000088,0.05,2025-04-29 18:04:48,2025-04-29 18:27:57,23,,LOSS,BearishreversalB
4215764664,Range Break 200 Index,BUY,82809.6,82816.3,0.34,66999.9999999709,0.05,2025-04-29 18:04:50,2025-04-29 18:05:49,0,,WIN,BullishreversalM
4215771679,Range Break 200 Index,BUY,82802.6,82812.3,0.49,96999.9999999709,0.05,2025-04-29 18:10:59,2025-04-29 18:13:23,2,,WIN,BullishreversalM
4215779425,Range Break 200 Index,BUY,82801.6,82810.3,0.44,86999.9999999709,0.05,2025-04-29 18:17:12,2025-04-29 19:20:17,63,,WIN,BullishreversalM
4215797114,Jump 75 Index,SELL,17382.67,17281.82,5.04,1008499.9999999854,0.05,2025-04-29 18:29:33,2025-04-29 20:46:28,136,,WIN,BearishreversalB
4215822776,Crash 500 Index,BUY,3197.846,3195.292,-0.51,-25540.000000000873,0.2,2025-04-29 18:52:47,2025-04-29 19:10:04,17,,LOSS,BullishreversalH
4215824632,Boom 1000 Index,SELL,20193.01,20189.372,0.73,36379.999999990105,0.2,2025-04-29 18:54:06,2025-04-29 18:58:48,4,,WIN,BearishreversalE
4215837896,Jump 50 Index,BUY,35250.4,35188.76,-3.08,-616399.9999999942,0.05,2025-04-29 19:04:01,2025-04-29 19:10:07,6,,LOSS,BullishreversalB
4215840151,Boom 1000 Index,SELL,20178.724,20176.288,0.49,24359.999999978754,0.2,2025-04-29 19:06:23,2025-04-29 19:10:03,3,,WIN,BearishreversalE
4215886796,Crash 500 Index,BUY,3203.962,3207.225,0.65,32629.9999999992,0.2,2025-04-29 19:50:30,2025-04-29 20:26:39,36,,WIN,BullishreversalH
4215889638,Jump 50 Index,BUY,34724.37,35020.44,14.8,2960699.999999997,0.05,2025-04-29 19:53:03,2025-04-29 21:42:01,108,,WIN,BullishreversalB
4215891591,Step Index,SELL,8467.6,8472.3,-4.7,-46999.999999989086,0.1,2025-04-29 19:55:08,2025-04-29 20:49:17,54,,LOSS,BearishreversalS
4215898426,Boom 1000 Index,SELL,20161.212,20158.592,0.52,26199.999999989814,0.2,2025-04-29 20:01:21,2025-04-29 20:05:02,3,,WIN,BearishreversalE
4215898465,Range Break 200 Index,BUY,82830.6,83131.3,15.04,3006999.999999971,0.05,2025-04-29 20:01:23,2025-04-29 20:22:21,20,,WIN,BullishreversalM
4215905438,Boom 1000 Index,SELL,20153.723,20296.273,-28.51,-1425499.9999999928,0.2,2025-04-29 20:07:39,2025-04-30 00:45:05,277,,LOSS,BearishreversalE
4215927289,Crash 500 Index,BUY,3208.47,3216.202,1.55,77320.00000000425,0.2,2025-04-29 20:28:59,2025-04-29 23:18:27,169,,WIN,BullishreversalH
4215930303,Range Break 200 Index,BUY,83122.6,83358.3,11.79,2356999.999999971,0.05,2025-04-29 20:31:18,2025-04-29 21:41:08,69,,WIN,BullishreversalM
4215947399,Jump 75 Index,SELL,17258.7,17102.97,7.79,1557299.9999999956,0.05,2025-04-29 20:49:47,2025-04-29 21:04:45,14,,WIN,BearishreversalB
4216051621,Jump 75 Index,SELL,17351.3,17281.43,3.49,698699.9999999898,0.05,2025-04-29 22:51:33,2025-04-29 22:57:47,6,,WIN,BearishreversalB
4216051723,Step Index,BUY,8492.9,8499.2,6.3,63000.000000010914,0.1,2025-04-29 22:51:37,2025-04-30 00:27:52,96,,WIN,Bullishbreakouta
4216055011,Crash 1000 Index,BUY,4946.996,4933.936,-2.61,-130600.000000004,0.2,2025-04-29 22:55:53,2025-04-29 23:08:08,12,,LOSS,Signaltrade
4216055052,BTCUSD,SELL,94595.75,94296.35,14.97,2993999.999999942,0.05,2025-04-29 22:55:55,2025-04-29 23:11:15,15,,WIN,Signaltrade
4216055078,Volatility 10 Index,BUY,6242.69,6251.154,4.23,84640.00000000851,0.5,2025-04-29 22:56:00,2025-04-30 00:58:56,122,,WIN,BullishreversalM
4216055187,Jump 50 Index,BUY,34973.82,34602.09,-18.59,-3717300.000000032,0.05,2025-04-29 22:56:05,2025-04-30 00:50:04,113,,LOSS,BullishreversalB
4216060563,Jump 75 Index,BUY,17326.8,17495.27,8.42,1684700.0000000116,0.05,2025-04-29 23:02:21,2025-04-30 00:59:01,116,,WIN,Signaltrade
4216065936,Crash 1000 Index,BUY,4934.295,4960.805,5.3,265100.0000000022,0.2,2025-04-29 23:08:35,2025-04-30 03:46:26,277,,WIN,Signaltrade
4216071120,BTCUSD,SELL,94154.75,93841.179,15.68,3135709.9999999627,0.05,2025-04-29 23:14:52,2025-04-30 00:13:34,58,,WIN,Signaltrade
4216075785,Crash 500 Index,BUY,3212.091,3218.254,1.23,61630.00000000011,0.2,2025-04-29 23:21:10,2025-04-29 23:59:20,38,,WIN,BullishreversalH
4216105850,Crash 500 Index,BUY,3220.653,3221.589,0.19,9360.000000001492,0.2,2025-04-30 00:04:39,2025-04-30 00:07:46,3,,WIN,BullishreversalH
4216110600,Crash 500 Index,BUY,3223.141,3235.307,2.43,121659.99999999712,0.2,2025-04-30 00:10:53,2025-04-30 01:14:25,63,,WIN,BullishreversalH
4216114104,BTCUSD,SELL,93784.95,94029.85,-12.25,-2449000.0000000875,0.05,2025-04-30 00:17:04,2025-04-30 00:43:05,26,,LOSS,Signaltrade
4216128757,Step Index,SELL,8494.5,8497.6,-3.1,-31000.000000003638,0.1,2025-04-30 00:41:59,2025-04-30 01:16:32,34,,LOSS,BearishreversalI
4216132492,BTCUSD,SELL,94116.45,94358.45,-12.1,-2420000.0,0.05,2025-04-30 00:48:09,2025-04-30 01:11:20,23,,LOSS,Signaltrade
4216132496,Boom 1000 Index,BUY,20301.922,20349.727,9.56,478050.0000000029,0.2,2025-04-30 00:48:11,2025-04-30 02:15:37,87,,WIN,Signaltrade
4216135967,Jump 50 Index,BUY,34575.65,34320.05,-12.78,-2555999.9999999856,0.05,2025-04-30 00:54:27,2025-04-30 01:26:08,31,,LOSS,BullishreversalB
4216139308,Jump 75 Index,BUY,17498.15,17657.51,7.97,1593599.9999999695,0.05,2025-04-30 01:00:45,2025-04-30 01:49:09,48,,WIN,Signaltrade
4216139335,Volatility 10 Index,BUY,6251.177,6262.46,5.64,112830.00000000357,0.5,2025-04-30 01:00:48,2025-04-30 02:25:00,84,,WIN,BullishreversalM
4216147022,BTCUSD,SELL,94335.35,94861.75,-26.32,-5263999.999999942,0.05,2025-04-30 01:13:16,2025-04-30 04:46:25,213,,LOSS,Signaltrade
4216151336,Crash 500 Index,BUY,3237.58,3227.411,-2.03,-101689.99999999869,0.2,2025-04-30 01:19:31,2025-04-30 02:10:55,51,,LOSS,BullishreversalH
4216154448,Step Index,SELL,8495.6,8497.4,-1.8,-17999.999999992724,0.1,2025-04-30 01:25:48,2025-04-30 01:29:14,3,,LOSS,BearishreversalI
4216157522,Jump 50 Index,BUY,34272.62,34655.12,19.13,3825000.0,0.05,2025-04-30 01:32:06,2025-04-30 03:48:20,136,,WIN,BullishreversalB
4216166563,Jump 75 Index,BUY,17632.9,17790.7,7.89,1577999.9999999928,0.05,2025-04-30 01:50:46,2025-04-30 02:32:21,41,,WIN,Signaltrade
4216177298,Step Index,SELL,8495.3,8488.2,7.1,70999.99999998545,0.1,2025-04-30 02:09:29,2025-04-30 07:54:30,345,,WIN,BearishreversalI
4216180575,Boom 1000 Index,BUY,20351.427,20354.55,0.62,31229.999999995925,0.2,2025-04-30 02:15:43,2025-04-30 02:36:08,20,,WIN,Signaltrade
4216180593,Crash 500 Index,BUY,3229.635,3237.033,1.48,73979.99999999683,0.2,2025-04-30 02:15:46,2025-04-30 02:48:44,32,,WIN,BullishreversalH
4216186452,Volatility 10 Index,BUY,6260.375,6262.749,1.19,23739.999999997963,0.5,2025-04-30 02:28:12,2025-04-30 03:00:52,32,,WIN,BullishreversalM
4216193862,Boom 1000 Index,BUY,20372.11,20331.633,-8.1,-404769.9999999895,0.2,2025-04-30 02:40:48,2025-04-30 03:20:02,39,,LOSS,Signaltrade
4216199319,Crash 500 Index,BUY,3238.787,3230.544,-1.65,-82429.99999999939,0.2,2025-04-30 02:52:26,2025-04-30 03:51:01,58,,LOSS,BullishreversalH
4216206211,Volatility 10 Index,BUY,6263.334,6263.817,0.24,4830.000000001746,0.5,2025-04-30 03:05:00,2025-04-30 03:06:14,1,,WIN,BullishreversalM
4216209700,Volatility 10 Index,BUY,6262.869,6263.962,0.55,10930.000000007567,0.5,2025-04-30 03:11:16,2025-04-30 03:12:00,0,,WIN,BullishreversalM
4216212371,Volatility 10 Index,BUY,6265.361,6266.284,0.46,9229.999999997744,0.5,2025-04-30 03:17:32,2025-04-30 03:31:12,13,,WIN,BullishreversalM
4216215243,Boom 1000 Index,BUY,20329.034,20218.001,-22.21,-1110329.9999999944,0.2,2025-04-30 03:23:45,2025-04-30 08:59:27,335,,LOSS,Signaltrade
4216222746,Volatility 10 Index,BUY,6267.187,6268.091,0.45,9040.000000004511,0.5,2025-04-30 03:36:16,2025-04-30 03:36:32,0,,WIN,BullishreversalM
4216225799,Volatility 10 Index,BUY,6269.11,6269.711,0.3,6010.000000005675,0.5,2025-04-30 03:42:32,2025-04-30 04:04:14,21,,WIN,BullishreversalM
4216229520,Crash 1000 Index,BUY,4961.84,4947.676,-2.83,-141639.9999999976,0.2,2025-04-30 03:48:47,2025-04-30 07:48:00,239,,LOSS,Signaltrade
4216229591,Jump 50 Index,BUY,34666.84,34942.1,13.76,2752600.0000000205,0.05,2025-04-30 03:48:52,2025-04-30 05:21:44,92,,WIN,BullishreversalB
4216232708,Crash 500 Index,BUY,3229.604,3241.786,2.44,121820.00000000244,0.2,2025-04-30 03:55:03,2025-04-30 04:35:39,40,,WIN,BullishreversalH
4216239306,Volatility 10 Index,BUY,6267.635,6268.586,0.48,9510.000000000218,0.5,2025-04-30 04:07:30,2025-04-30 04:08:34,1,,WIN,BullishreversalM
4216242446,Volatility 10 Index,BUY,6271.128,6271.856,0.36,7280.000000000655,0.5,2025-04-30 04:13:44,2025-04-30 04:25:30,11,,WIN,BullishreversalM
4216253454,Volatility 10 Index,BUY,6272.862,6243.255,-14.8,-296069.9999999997,0.5,2025-04-30 04:26:14,2025-04-30 16:48:00,741,,LOSS,BullishreversalM
4216260024,Crash 500 Index,BUY,3241.747,3233.045,-1.74,-87019.9999999977,0.2,2025-04-30 04:38:42,2025-04-30 04:42:11,3,,LOSS,BullishreversalH
4216263352,Crash 500 Index,BUY,3234.309,3239.77,1.09,54609.99999999785,0.2,2025-04-30 04:44:56,2025-04-30 06:36:06,111,,WIN,BullishreversalH
4216283857,Jump 50 Index,BUY,34950.81,34605.57,-17.26,-3452399.9999999795,0.05,2025-04-30 05:22:14,2025-04-30 08:56:56,214,,LOSS,BullishreversalB
4216343516,Crash 500 Index,BUY,3240.271,3230.066,-2.04,-102050.00000000381,0.2,2025-04-30 06:36:38,2025-04-30 07:06:12,29,,LOSS,BullishreversalH
4216369863,Crash 500 Index,BUY,3230.91,3243.089,2.44,121790.00000000087,0.2,2025-04-30 07:07:36,2025-04-30 08:58:24,110,,WIN,BullishreversalH
4216397805,BTCUSD,SELL,94730.35,94859.65,-6.47,-1292999.9999998836,0.05,2025-04-30 07:38:39,2025-04-30 08:19:08,40,,LOSS,Signaltrade
4216409276,Crash 1000 Index,BUY,4948.822,4938.195,-2.13,-106270.00000000407,0.2,2025-04-30 07:51:08,2025-04-30 08:12:09,21,,LOSS,Signaltrade
4216885056,Crash 1000 Index,BUY,4976.935,4977.686,0.15,7509.999999992942,0.2,2025-04-30 14:27:34,2025-04-30 14:31:08,3,,WIN,Signaltrade
4216885214,Crash 500 Index,SELL,3228.349,3212.593,3.15,157560.00000000314,0.2,2025-04-30 14:27:38,2025-04-30 14:39:49,12,,WIN,BearishreversalB
4216885260,Boom 300 Index,BUY,1687.754,1661.315,-26.44,-264389.9999999985,1.0,2025-04-30 14:27:40,2025-04-30 16:48:00,140,,LOSS,BullishreversalB
4216885298,XAUUSD,SELL,3302.88,3309.77,-34.45,-68899.99999999872,0.05,2025-04-30 14:27:41,2025-04-30 14:35:24,7,,LOSS,Bearishbreakdown
4216894619,Crash 1000 Index,BUY,4978.782,4979.539,0.15,7569.999999996071,0.2,2025-04-30 14:33:50,2025-04-30 14:37:01,3,,WIN,Signaltrade
4216906353,Crash 1000 Index,BUY,4980.574,4993.861,2.66,132870.00000000262,0.2,2025-04-30 14:40:00,2025-04-30 15:47:48,67,,WIN,Signaltrade
4216906591,Crash 500 Index,SELL,3212.41,3208.955,0.69,34549.99999999927,0.2,2025-04-30 14:40:07,2025-04-30 15:57:12,77,,WIN,BearishreversalB
4216932783,XAUUSD,SELL,3307.36,3309.87,-12.55,-25099.999999997635,0.05,2025-04-30 14:58:37,2025-04-30 14:59:25,0,,LOSS,Bearishbreakdown
4216942894,XAUUSD,SELL,3304.25,3309.77,-27.6,-55199.99999999982,0.05,2025-04-30 15:04:52,2025-04-30 15:15:58,11,,LOSS,Bearishbreakdown
4216957945,XAUUSD,SELL,3308.61,3309.78,-5.85,-11700.000000000728,0.05,2025-04-30 15:17:16,2025-04-30 15:17:28,0,,LOSS,Bearishbreakdown
4216966578,XAUUSD,BUY,3312.69,3308.77,-19.6,-39200.00000000073,0.05,2025-04-30 15:23:54,2025-04-30 15:57:08,33,,LOSS,Signaltrade
4216966632,Boom 1000 Index,SELL,20142.937,20199.212,-11.26,-562749.9999999781,0.2,2025-04-30 15:23:57,2025-04-30 16:48:00,84,,LOSS,Signaltrade
4216966737,Jump 75 Index,SELL,17533.06,17410.62,6.12,1224400.0000000233,0.05,2025-04-30 15:24:01,2025-04-30 15:57:14,33,,WIN,Bearishbreakdown
4216966810,Range Break 200 Index,BUY,83500.6,83508.3,0.39,76999.9999999709,0.05,2025-04-30 15:24:04,2025-04-30 15:57:16,33,,WIN,BullishreversalB
4217003422,Crash 1000 Index,BUY,4994.597,4996.68,0.42,20830.000000005384,0.2,2025-04-30 15:49:18,2025-04-30 15:57:18,8,,WIN,Signaltrade
4217082315,Jump 50 Index,SELL,34181.15,34148.4,1.6400000000000001,327500.0,0.05,2025-04-30 16:45:55,2025-04-30 16:48:00,2,,WIN,Bearishbreakdown
4217082596,Step Index,SELL,8482.8,8482.2,0.6,5999.999999985448,0.1,2025-04-30 16:46:04,2025-04-30 16:48:00,1,,WIN,BearishreversalB
4217085108,Step Index,SELL,8482.1,8482.0,0.1,1000.000000003638,0.1,2025-04-30 16:48:03,2025-04-30 19:47:42,179,,WIN,BearishreversalB
4217089980,XAUUSD,BUY,3306.19,3303.14,-15.25,-30500.00000000182,0.05,2025-04-30 16:52:22,2025-04-30 16:55:53,3,,LOSS,BullishreversalH
4217090077,BTCUSD,SELL,93943.85,93774.65,8.46,1692000.0000001164,0.05,2025-04-30 16:52:31,2025-04-30 17:10:36,18,,WIN,BearishreversalB
4217090180,Jump 50 Index,SELL,34140.8,34185.67,-2.24,-448699.99999995343,0.05,2025-04-30 16:52:37,2025-04-30 16:57:28,4,,LOSS,BearishreversalE
4217090370,Range Break 200 Index,BUY,83525.6,83247.3,-13.92,-2783000.000000029,0.05,2025-04-30 16:52:45,2025-04-30 18:30:33,97,,LOSS,BullishreversalB
4217099997,XAUUSD,SELL,3308.71,3312.17,-17.3,-34600.000000000364,0.05,2025-04-30 17:00:36,2025-04-30 17:07:00,6,,LOSS,BearishreversalS
4217100257,Jump 50 Index,BUY,34191.94,34339.32,7.37,1473799.999999974,0.05,2025-04-30 17:00:43,2025-04-30 17:09:55,9,,WIN,BullishreversalB
4217100304,Jump 75 Index,SELL,17597.15,17687.08,-4.5,-899300.0000000029,0.05,2025-04-30 17:00:47,2025-04-30 17:03:31,2,,LOSS,BearishreversalS
4217102999,Boom 300 Index,BUY,1663.596,1657.8,-5.8,-57960.000000000495,1.0,2025-04-30 17:03:01,2025-04-30 17:09:20,6,,LOSS,Bullishbreakouta
4217130331,Volatility 10 Index,BUY,6242.347,6253.143,5.4,107960.00000000276,0.5,2025-04-30 17:28:28,2025-04-30 19:24:46,116,,WIN,BullishreversalB
4217130392,Crash 1000 Index,BUY,4996.961,4987.365,-1.92,-95960.00000000458,0.2,2025-04-30 17:28:33,2025-04-30 17:32:21,3,,LOSS,Bullishbreakouta
4217130510,Jump 50 Index,SELL,34203.37,34171.12,1.6099999999999999,322500.0,0.05,2025-04-30 17:28:43,2025-04-30 17:31:32,2,,WIN,Bearishbreakdown
4217130561,Jump 75 Index,BUY,17683.33,17641.15,-2.11,-421800.0000000029,0.05,2025-04-30 17:28:47,2025-04-30 17:30:57,2,,LOSS,BullishreversalM
4217161106,Crash 500 Index,SELL,3208.393,3224.538,-3.23,-161449.99999999983,0.2,2025-04-30 17:57:38,2025-04-30 19:55:55,118,,LOSS,BearishreversalB
4217161208,Crash 1000 Index,SELL,4984.084,4997.999,-2.7800000000000002,-139149.99999999965,0.2,2025-04-30 17:57:44,2025-04-30 20:16:27,138,,LOSS,BearishreversalB
4217161253,Boom 300 Index,BUY,1668.606,1691.17,22.56,225640.0000000008,1.0,2025-04-30 17:57:47,2025-04-30 18:21:05,23,,WIN,BullishreversalB
4217161297,XAUUSD,BUY,3311.66,3300.38,-56.4,-112799.99999999745,0.05,2025-04-30 17:57:49,2025-04-30 20:22:19,144,,LOSS,BullishreversalM
4217161375,BTCUSD,SELL,93844.15,94139.75,-14.78,-2956000.000000058,0.05,2025-04-30 17:57:51,2025-04-30 18:37:13,39,,LOSS,BearishreversalE
4217161446,Boom 1000 Index,SELL,20112.985,20049.724,12.65,632610.0000000224,0.2,2025-04-30 17:57:54,2025-04-30 19:30:19,92,,WIN,Bearishbreakdown
4217161521,Jump 75 Index,BUY,17867.29,17806.22,-3.05,-610699.9999999971,0.05,2025-04-30 17:58:00,2025-04-30 18:23:18,25,,LOSS,BullishreversalH
4217169400,Jump 50 Index,SELL,34389.22,34503.6,-5.72,-1143799.999999974,0.05,2025-04-30 18:05:10,2025-04-30 18:25:21,20,,LOSS,Bearishbreakdown
4217192322,Boom 300 Index,BUY,1689.541,1707.285,17.74,177440.00000000143,1.0,2025-04-30 18:25:06,2025-04-30 19:35:54,70,,WIN,BullishreversalB
4217348106,BTCUSD,SELL,94068.15,93909.85,7.92,1582999.9999998836,0.05,2025-04-30 20:05:13,2025-04-30 20:23:00,17,,WIN,BearishreversalS
4217368552,XAUUSD,SELL,3300.11,3286.71,67.0,134000.0000000009,0.05,2025-04-30 20:25:05,2025-04-30 21:38:04,72,,WIN,BearishreversalE
4217368595,BTCUSD,SELL,93790.65,93769.85,1.04,207999.99999988358,0.05,2025-04-30 20:25:08,2025-04-30 20:25:56,0,,WIN,BearishreversalS
4217373134,BTCUSD,SELL,93711.15,94171.75,-23.03,-4606000.000000058,0.05,2025-04-30 20:30:13,2025-04-30 20:56:10,25,,LOSS,BearishreversalS
4217383234,Jump 75 Index,BUY,17635.36,17622.96,-0.62,-124000.00000001455,0.05,2025-04-30 20:40:09,2025-04-30 20:40:24,0,,LOSS,BullishreversalM
4217393195,Jump 75 Index,BUY,17679.42,17618.48,-3.05,-609399.999999987,0.05,2025-04-30 20:50:10,2025-04-30 20:56:52,6,,LOSS,BullishreversalM
4217422122,Jump 75 Index,BUY,17640.76,17647.23,0.32,64700.00000001164,0.05,2025-04-30 21:15:09,2025-04-30 21:17:25,2,,WIN,BullishreversalM
4217426134,Jump 75 Index,SELL,17617.18,17662.7,-2.2800000000000002,-455200.00000000437,0.05,2025-04-30 21:20:09,2025-04-30 21:22:05,1,,LOSS,Bearishbreakdown
4217449423,Boom 300 Index,SELL,1700.031,1700.463,-0.43,-4320.000000000164,1.0,2025-04-30 21:40:04,2025-04-30 21:46:28,6,,LOSS,Bearishbreakdown
4217454287,Jump 75 Index,BUY,17573.44,17541.38,-1.6,-320599.9999999767,0.05,2025-04-30 21:45:09,2025-04-30 21:45:53,0,,LOSS,BullishreversalH
4217454375,Range Break 200 Index,SELL,83510.3,83304.6,10.29,2056999.999999971,0.05,2025-04-30 21:45:13,2025-05-01 01:07:06,201,,WIN,BearishreversalE
4217460673,Volatility 10 Index,BUY,6254.956,6247.987,-3.48,-69690.00000000051,0.5,2025-04-30 21:51:42,2025-05-01 00:32:44,161,,LOSS,BullishreversalM
4217460763,Crash 500 Index,SELL,3218.529,3202.158,3.27,163710.00000000093,0.2,2025-04-30 21:51:46,2025-04-30 23:22:50,91,,WIN,BearishreversalE
4217460848,Boom 300 Index,BUY,1697.915,1669.419,-28.5,-284959.99999999866,1.0,2025-04-30 21:51:51,2025-04-30 22:26:53,35,,LOSS,BullishreversalB
4217460902,XAUUSD,SELL,3286.86,3264.9,109.8,219600.00000000035,0.05,2025-04-30 21:51:53,2025-05-01 01:20:03,208,,WIN,BearishreversalE
4217460956,Boom 1000 Index,BUY,19982.096,19938.496,-8.72,-436000.0000000218,0.2,2025-04-30 21:51:57,2025-04-30 22:34:15,42,,LOSS,BullishreversalB
4217461045,Jump 75 Index,SELL,17518.65,17398.14,6.03,1205100.0000000205,0.05,2025-04-30 21:52:01,2025-04-30 23:06:22,74,,WIN,BearishreversalB
4217461077,Step Index,BUY,8483.6,8490.0,6.4,63999.99999999636,0.1,2025-04-30 21:52:04,2025-05-01 01:36:16,224,,WIN,BullishreversalH
4217556231,Boom 1000 Index,SELL,19902.122,19973.163,-14.21,-710410.0000000107,0.2,2025-04-30 23:56:27,2025-05-01 00:28:56,32,,LOSS,Bearishbreakdown
4217577373,Jump 50 Index,SELL,35248.85,34916.92,16.6,3319300.000000003,0.05,2025-05-01 00:30:09,2025-05-01 00:34:37,4,,WIN,BearishreversalE
4217583352,Jump 50 Index,SELL,34951.08,34990.35,-1.96,-392699.999999968,0.05,2025-05-01 00:40:06,2025-05-01 00:42:03,1,,LOSS,BearishreversalE
4217586284,Jump 50 Index,SELL,34950.5,34984.78,-1.71,-342799.99999998836,0.05,2025-05-01 00:45:08,2025-05-01 00:46:59,1,,LOSS,BearishreversalE
4217592151,Jump 50 Index,SELL,34926.71,34959.64,-1.65,-329300.0000000029,0.05,2025-05-01 00:55:06,2025-05-01 00:55:42,0,,LOSS,BearishreversalE
4217592249,BTCUSD,BUY,94183.75,94494.55,15.54,3108000.000000029,0.05,2025-05-01 00:55:13,2025-05-01 02:08:56,73,,WIN,BullishreversalM
4217595737,Jump 50 Index,SELL,34947.56,34982.09,-1.73,-345299.99999998836,0.05,2025-05-01 01:00:09,2025-05-01 01:02:54,2,,LOSS,BearishreversalE
4217601932,Jump 50 Index,SELL,35057.26,34964.06,4.66,932000.0000000437,0.05,2025-05-01 01:10:07,2025-05-01 01:17:54,7,,WIN,BearishreversalE
4217647915,BTCUSD,BUY,94546.05,94486.45,-2.98,-596000.0000000582,0.05,2025-05-01 02:10:07,2025-05-01 02:10:58,0,,LOSS,BullishreversalH
4217650754,BTCUSD,BUY,94508.15,94535.65,1.38,275000.0,0.05,2025-05-01 02:15:12,2025-05-01 02:16:08,0,,WIN,BullishreversalH
